ts,vx,vy,vz,wx,wy,wz,gripper_btn,mode_btn
1779630030.214637,0.0,0.0,0.0,0.0,0.0,0.0,0,0
1779630030.245616,0.0,0.0,0.0,0.0,0.0,0.0,0,0
1779630030.276688,0.0,0.0,0.0,0.0,0.0,0.0,0,0
1779630030.307615,0.0,0.0,0.0,0.0,0.0,0.0,0,0
1779630030.338543,0.0,0.0,0.0,0.0,0.0,0.0,0,0
1779630030.369566,0.0,0.0,0.0,0.0,0.0,0.0,0,0
1779630030.400597,0.0,0.0,0.0,0.0,0.0,0.0,0,0
1779630030.431579,0.0,0.0,0.0,0.0,0.0,0.0,0,0
1779630030.462581,0.0,0.0,0.0,0.0,0.0,0.0,0,0
1779630030.493676,0.0,0.0,0.0,0.0,0.0,0.0,0,0
1779630030.524575,0.0,0.0,0.0,0.0,0.0,0.0,0,0
1779630030.555631,0.0,0.0,0.0,0.0,0.0,0.0,0,0
1779630030.586603,0.0,0.0,0.0,0.0,0.0,0.0,0,0
1779630030.617615,0.0,0.0,0.0,0.0,0.0,0.0,0,0
1779630030.648626,0.0,0.0,0.0,0.0,0.0,0.0,0,0
1779630030.679601,0.0,0.0,0.0,0.0,0.0,0.0,0,0
1779630030.710583,0.0,0.0,0.0,0.0,0.0,0.0,0,0
1779630030.741641,0.0,0.0,0.0,0.0,0.0,0.0,0,0
1779630030.772539,0.0,0.0,0.0,0.0,0.0,0.0,0,0
1779630030.803548,0.0,0.0,0.0,0.0,0.0,0.0,0,0
1779630030.834611,0.0,0.0,0.0,0.0,0.0,0.0,0,0
1779630030.865623,0.0,0.0,0.0,0.0,0.0,0.0,0,0
1779630030.896570,0.0,0.0,0.0,0.0,0.0,0.0,0,0
1779630030.927578,0.0,0.0,0.0,0.0,0.0,0.0,0,0
1779630030.958653,0.0,0.0,0.0,0.0,0.0,0.0,0,0
1779630030.989599,0.0,0.0,0.0,0.0,0.0,0.0,0,0
1779630031.020580,0.0,0.0,0.0,0.0,0.0,0.0,0,0
1779630031.051615,0.0,0.0,0.0,0.0,0.0,0.0,0,0
1779630031.082562,0.0,0.0,0.0,0.0,0.0,0.0,0,0
1779630031.114561,0.0,0.0,0.0,0.0,0.0,0.0,0,0
1779630031.145624,0.0,0.0,0.0,0.0,0.0,0.0,0,0
1779630031.176700,0.0,0.0,0.0,0.0,0.0,0.0,0,0
1779630031.207653,0.0,0.0,0.0,0.0,0.0,0.0,0,0
1779630031.238611,0.0,0.0,0.0,0.0,0.0,0.0,0,0
1779630031.269586,0.0,0.0,0.0,0.0,0.0,0.0,0,0
1779630031.300576,0.0,0.0,0.0,0.0,0.0,0.0,0,0
1779630031.331545,0.0,0.0,0.0,0.0,0.0,0.0,0,0
1779630031.362537,0.0,0.0,0.0,0.0,0.0,0.0,0,0
1779630031.393536,0.0,0.0,0.0,0.0,0.0,0.0,0,0
1779630031.424576,0.0,0.0,0.0,0.0,0.0,0.0,0,0
1779630031.455674,0.0,0.0,0.0,0.0,0.0,0.0,0,0
1779630031.486737,0.0,0.0,0.0,0.0,0.0,0.0,0,0
1779630031.517638,0.0,0.0,0.0,0.0,0.0,0.0,0,0
1779630031.548602,0.0,0.0,0.0,0.0,0.0,0.0,0,0
1779630031.579586,0.0,0.0,0.0,0.0,0.0,0.0,0,0
1779630031.610605,0.0,0.0,0.0,0.0,0.0,0.0,0,0
1779630031.641615,0.0,0.0,0.0,0.0,0.0,0.0,0,0
1779630031.672578,0.0,0.0,0.0,0.0,0.0,0.0,0,0
1779630031.703589,0.0,0.0,0.0,0.0,0.0,0.0,0,0
1779630031.734580,0.0,0.0,0.0,0.0,0.0,0.0,0,0
1779630031.765604,0.0,0.0,0.0,0.0,0.0,0.0,0,0
1779630031.796639,0.0,0.0,0.0,0.0,0.0,0.0,0,0
1779630031.827631,0.0,0.0,0.0,0.0,0.0,0.0,0,0
1779630031.858604,0.0,0.0,0.0,0.0,0.0,0.0,0,0
1779630031.889607,0.0,0.0,0.0,0.0,0.0,0.0,0,0
1779630031.920594,0.0,0.0,0.0,0.0,0.0,0.0,0,0
1779630031.951578,0.0,0.0,0.0,0.0,0.0,0.0,0,0
1779630031.982562,0.0,0.0,0.0,0.0,0.0,0.0,0,0
1779630032.013570,0.0,0.0,0.0,0.0,0.0,0.0,0,0
1779630032.044560,0.0,0.0,0.0,0.0,0.0,0.0,0,0
1779630032.075591,0.0,0.0,0.0,0.0,0.0,0.0,0,0
1779630032.106569,0.0,0.0,0.0,0.0,0.0,0.0,0,0
1779630032.137609,0.0,0.0,0.0,0.0,0.0,0.0,0,0
1779630032.168584,0.0,0.0,0.0,0.0,0.0,0.0,0,0
1779630032.199598,0.0,0.0,0.0,0.0,0.0,0.0,0,0
1779630032.230609,0.0,0.0,0.0,0.0,0.0,0.0,0,0
1779630032.261619,0.0,0.0,0.0,0.0,0.0,0.0,0,0
1779630032.292644,0.0,0.0,0.0,0.0,0.0,0.0,0,0
1779630032.323618,0.0,0.0,0.0,0.0,0.0,0.0,0,0
1779630032.354614,0.0,0.0,0.0,0.0,0.0,0.0,0,0
1779630032.385606,0.0,0.0,0.0,0.0,0.0,0.0,0,0
1779630032.416632,0.0,0.0,0.0,0.0,0.0,0.0,0,0
1779630032.447537,0.0,0.0,0.0,0.0,0.0,0.0,0,0
1779630032.478595,0.0,0.0,0.0,0.0,0.0,0.0,0,0
1779630032.509720,0.0,0.0,0.0,0.0,0.0,0.0,0,0
1779630032.540609,0.0,0.0,0.0,0.0,0.0,0.0,0,0
1779630032.571591,0.0,0.0,0.0,0.0,0.0,0.0,0,0
1779630032.602589,0.0,0.0,0.0,0.0,0.0,0.0,0,0
1779630032.633584,0.0,0.0,0.0,0.0,0.0,0.0,0,0
1779630032.664596,0.0,0.0,0.0,0.0,0.0,0.0,0,0
1779630032.695564,0.0,0.0,0.0,0.0,0.0,0.0,0,0
1779630032.726552,0.0,0.0,0.0,0.0,0.0,0.0,0,0
1779630032.757616,0.0,0.0,0.0,0.0,0.0,0.0,0,0
1779630032.788609,0.0,0.0,0.0,0.0,0.0,0.0,0,0
1779630032.819609,0.0,0.0,0.0,0.0,0.0,0.0,0,0
1779630032.850570,0.0,0.0,0.0,0.0,0.0,0.0,0,0
1779630032.881641,0.0,0.0,0.0,0.0,0.0,0.0,0,0
1779630032.912551,0.0,0.0,0.0,0.0,0.0,0.0,0,0
1779630032.943595,0.0,0.0,0.0,0.0,0.0,0.0,0,0
1779630032.974530,0.0,0.0,0.0,0.0,0.0,0.0,0,0
1779630033.005563,0.0,0.0,0.0,0.0,0.0,0.0,0,0
1779630033.036582,0.0,0.0,0.0,0.0,0.0,0.0,0,0
1779630033.067590,0.0,0.0,0.0,0.0,0.0,0.0,0,0
1779630033.098529,0.0,0.0,0.0,0.0,0.0,0.0,0,0
1779630033.129601,0.0,0.0,0.0,0.0,0.0,0.0,0,0
1779630033.160583,0.0,0.0,0.0,0.0,0.0,0.0,0,0
1779630033.191616,0.0,0.0,0.0,0.0,0.0,0.0,0,0
1779630033.222641,0.0,0.0,0.0,0.0,0.0,0.0,0,0
1779630033.253586,0.0,0.0,0.0,0.0,0.0,0.0,0,0
1779630033.284580,0.0,0.0,0.0,0.0,0.0,0.0,0,0
1779630033.315589,0.0,0.0,0.0,0.0,0.0,0.0,0,0
1779630033.346614,0.0,0.0,0.0,0.0,0.0,0.0,0,0
1779630033.377607,0.0,0.0,0.0,0.0,0.0,0.0,0,0
1779630033.408602,0.0,0.0,0.0,0.0,0.0,0.0,0,0
1779630033.439549,0.0,0.0,0.0,0.0,0.0,0.0,0,0
1779630033.470555,0.0,0.0,0.0,0.0,0.0,0.0,0,0
1779630033.501597,0.0,0.0,0.0,0.0,0.0,0.0,0,0
1779630033.532607,0.0,0.0,0.0,0.0,0.0,0.0,0,0
1779630033.563581,0.0,0.0,0.0,0.0,0.0,0.0,0,0
1779630033.594546,0.0,0.0,0.0,0.0,0.0,0.0,0,0
1779630033.625593,0.0,0.0,0.0,0.0,0.0,0.0,0,0
1779630033.656614,0.0,0.0,0.0,0.0,0.0,0.0,0,0
1779630033.687597,0.0,0.0,0.0,0.0,0.0,0.0,0,0
1779630033.718586,0.0,0.0,0.0,0.0,0.0,0.0,0,0
1779630033.749581,0.0,0.0,0.0,0.0,0.0,0.0,0,0
1779630033.780577,0.0,0.0,0.0,0.0,0.0,0.0,0,0
1779630033.811564,0.0,0.0,0.0,0.0,0.0,0.0,0,0
1779630033.842614,0.0,0.0,0.0,0.0,0.0,0.0,0,0
1779630033.873600,0.0,0.0,0.0,0.0,0.0,0.0,0,0
1779630033.904587,0.0,0.0,0.0,0.0,0.0,0.0,0,0
1779630033.935619,0.0,0.0,0.0,0.0,0.0,0.0,0,0
1779630033.966573,0.0,0.0,0.0,0.0,0.0,0.0,0,0
1779630033.997580,0.0,0.0,0.0,0.0,0.0,0.0,0,0
1779630034.028586,0.0,0.0,0.0,0.0,0.0,0.0,0,0
1779630034.059583,0.0,0.0,0.0,0.0,0.0,0.0,0,0
1779630034.090624,0.0,0.0,0.0,0.0,0.0,0.0,0,0
1779630034.121598,0.0,0.0,0.0,0.0,0.0,0.0,0,0
1779630034.152566,0.0,0.0,0.0,0.0,0.0,0.0,0,0
1779630034.183568,0.0,0.0,0.0,0.0,0.0,0.0,0,0
1779630034.214570,0.0,0.0,0.0,0.0,0.0,0.0,0,0
1779630034.245587,0.0,0.0,0.0,0.0,0.0,0.0,0,0
1779630034.276711,0.0,0.0,0.0,0.0,0.0,0.0,0,0
1779630034.307572,0.0,0.0,0.0,0.0,0.0,0.0,0,0
1779630034.338599,0.0,0.0,0.0,0.0,0.0,0.0,0,0
1779630034.369613,0.0,0.0,0.0,0.0,0.0,0.0,0,0
1779630034.400562,0.0,0.0,0.0,0.0,0.0,0.0,0,0
1779630034.431597,0.0,0.0,0.0,0.0,0.0,0.0,0,0
1779630034.462571,0.0,0.0,0.0,0.0,0.0,0.0,0,0
1779630034.493603,0.0,0.0,0.0,0.0,0.0,0.0,0,0
1779630034.524547,0.0,0.0,0.0,0.0,0.0,0.0,0,0
1779630034.555673,0.0,0.0,0.0,0.0,0.0,0.0,0,0
1779630034.586565,0.0,0.0,0.0,0.0,0.0,0.0,0,0
1779630034.617620,0.0,0.0,0.0,0.0,0.0,0.0,0,0
1779630034.648566,0.0,0.0,0.0,0.0,0.0,0.0,0,0
1779630034.679559,0.0,0.0,0.0,0.0,0.0,0.0,0,0
1779630034.710533,0.0,0.0,0.0,0.0,0.0,0.0,0,0
1779630034.741553,0.0,0.0,0.0,0.0,0.0,0.0,0,0
1779630034.772599,0.0,0.0,0.0,0.0,0.0,0.0,0,0
1779630034.803598,0.0,0.0,0.0,0.0,0.0,0.0,0,0
1779630034.834563,0.0,0.0,0.0,0.0,0.0,0.0,0,0
1779630034.865549,0.0,0.0,0.0,0.0,0.0,0.0,0,0
1779630034.896539,0.0,0.0,0.0,0.0,0.0,0.0,0,0
1779630034.927569,0.0,0.0,0.0,0.0,0.0,0.0,0,0
1779630034.958576,0.0,0.0,0.0,0.0,0.0,0.0,0,0
1779630034.989574,0.0,0.0,0.0,0.0,0.0,0.0,0,0
1779630035.020623,0.0,0.0,0.0,0.0,0.0,0.0,0,0
1779630035.051567,0.0,0.0,0.0,0.0,0.0,0.0,0,0
1779630035.082576,0.0,0.0,0.0,0.0,0.0,0.0,0,0
1779630035.113577,0.0,0.0,0.0,0.0,0.0,0.0,0,0
1779630035.144571,0.0,0.0,0.0,0.0,0.0,0.0,0,0
1779630035.175583,0.0,0.0,0.0,0.0,0.0,0.0,0,0
1779630035.206624,0.0,0.0,0.0,0.0,0.0,0.0,0,0
1779630035.237581,0.0,0.0,0.0,0.0,0.0,0.0,0,0
1779630035.268570,0.0,0.0,0.0,0.0,0.0,0.0,0,0
1779630035.299586,0.0,0.0,0.0,0.0,0.0,0.0,0,0
1779630035.330596,0.0,0.0,0.0,0.0,0.0,0.0,0,0
1779630035.361633,0.0,0.0,0.0,0.0,0.0,0.0,0,0
1779630035.392587,0.0,0.0,0.0,0.0,0.0,0.0,0,0
1779630035.423616,0.0,0.0,0.0,0.0,0.0,0.0,0,0
1779630035.454577,0.0,0.0,0.0,0.0,0.0,0.0,0,0
1779630035.485643,0.0,0.0,0.0,0.0,0.0,0.0,0,0
1779630035.516573,0.0,0.0,0.0,0.0,0.0,0.0,0,0
1779630035.547570,0.0,0.0,0.0,0.0,0.0,0.0,0,0
1779630035.578624,0.0,0.0,0.0,0.0,0.0,0.0,0,0
1779630035.609618,0.0,0.0,0.0,0.0,0.0,0.0,0,0
1779630035.640589,0.0,0.0,0.0,0.0,0.0,0.0,0,0
1779630035.671595,0.0,0.0,0.0,0.0,0.0,0.0,0,0
1779630035.702603,0.0,0.0,0.0,0.0,0.0,0.0,0,0
1779630035.733600,0.0,0.0,0.0,0.0,0.0,0.0,0,0
1779630035.764575,0.0,0.0,0.0,0.0,0.0,0.0,0,0
1779630035.795564,0.0,0.0,0.0,0.0,0.0,0.0,0,0
1779630035.826561,0.0,0.0,0.0,0.0,0.0,0.0,0,0
1779630035.857600,0.0,0.0,0.0,0.0,0.0,0.0,0,0
1779630035.888607,0.0,0.0,0.0,0.0,0.0,0.0,0,0
1779630035.919537,0.0,0.0,0.0,0.0,0.0,0.0,0,0
1779630035.950614,0.0,0.0,0.0,0.0,0.0,0.0,0,0
1779630035.981637,0.0,0.0,0.0,0.0,0.0,0.0,0,0
1779630036.012570,0.0,0.0,0.0,0.0,0.0,0.0,0,0
1779630036.043582,0.0,0.0,0.0,0.0,0.0,0.0,0,0
1779630036.074580,0.0,0.0,0.0,0.0,0.0,0.0,0,0
1779630036.105618,0.0,0.0,0.0,0.0,0.0,0.0,0,0
1779630036.136576,0.0,0.0,0.0,0.0,0.0,0.0,0,0
1779630036.167626,0.0,0.0,0.0,0.0,0.0,0.0,0,0
1779630036.198566,0.0,0.0,0.0,0.0,0.0,0.0,0,0
1779630036.229568,0.0,0.0,0.0,0.0,0.0,0.0,0,0
1779630036.260624,0.0,0.0,0.0,0.0,0.0,0.0,0,0
1779630036.291612,0.0,0.0,0.0,0.0,0.0,0.0,0,0
1779630036.322602,0.0,0.0,0.0,0.0,0.0,0.0,0,0
1779630036.353580,0.0,0.0,0.0,0.0,0.0,0.0,0,0
1779630036.384576,0.0,0.0,0.0,0.0,0.0,0.0,0,0
1779630036.415616,0.0,0.0,0.0,0.0,0.0,0.0,0,0
1779630036.446568,0.0,0.0,0.0,0.0,0.0,0.0,0,0
1779630036.477618,0.0,0.0,0.0,0.0,0.0,0.0,0,0
1779630036.508612,0.0,0.0,0.0,0.0,0.0,0.0,0,0
1779630036.539535,0.0,0.0,0.0,0.0,0.0,0.0,0,0
1779630036.570573,0.0,0.0,0.0,0.0,0.0,0.0,0,0
1779630036.601564,0.0,0.0,0.0,0.0,0.0,0.0,0,0
1779630036.632535,0.0,0.0,0.0,0.0,0.0,0.0,0,0
1779630036.663579,0.0,0.0,0.0,0.0,0.0,0.0,0,0
1779630036.694606,0.0,0.0,0.0,0.0,0.0,0.0,0,0
1779630036.725672,0.0,0.0,0.0,0.0,0.0,0.0,0,0
1779630036.756641,0.0,0.0,0.0,0.0,0.0,0.0,0,0
1779630036.787590,0.0,0.0,0.0,0.0,0.0,0.0,0,0
1779630036.818602,0.0,0.0,0.0,0.0,0.0,0.0,0,0
1779630036.849584,0.0,0.0,0.0,0.0,0.0,0.0,0,0
1779630036.880633,0.0,0.0,0.0,0.0,0.0,0.0,0,0
1779630036.911610,0.0,0.0,0.0,0.0,0.0,0.0,0,0
1779630036.942634,0.0,0.0,0.0,0.0,0.0,0.0,0,0
1779630036.973604,0.0,0.0,0.0,0.0,0.0,0.0,0,0
1779630037.004623,0.0,0.0,0.0,0.0,0.0,0.0,0,0
1779630037.035607,0.0,0.0,0.0,0.0,0.0,0.0,0,0
1779630037.066559,0.0,0.0,0.0,0.0,0.0,0.0,0,0
1779630037.097619,0.0,0.0,0.0,0.0,0.0,0.0,0,0
1779630037.128585,0.0,0.0,0.0,0.0,0.0,0.0,0,0
1779630037.159580,0.0,0.0,0.0,0.0,0.0,0.0,0,0
1779630037.190600,0.0,0.0,0.0,0.0,0.0,0.0,0,0
1779630037.221590,0.0,0.0,0.0,0.0,0.0,0.0,0,0
1779630037.252556,0.0,0.0,0.0,0.0,0.0,0.0,0,0
1779630037.283576,0.0,0.0,0.0,0.0,0.0,0.0,0,0
1779630037.314597,0.0,0.0,0.0,0.0,0.0,0.0,0,0
1779630037.345578,0.0,0.0,0.0,0.0,0.0,0.0,0,0
1779630037.376596,0.0,0.0,0.0,0.0,0.0,0.0,0,0
1779630037.407663,0.0,0.0,0.0,0.0,0.0,0.0,0,0
1779630037.438575,0.0,0.0,0.0,0.0,0.0,0.0,0,0
1779630037.469639,0.0,0.0,0.0,0.0,0.0,0.0,0,0
1779630037.500626,0.0,0.0,0.0,0.0,0.0,0.0,0,0
1779630037.531581,0.0,0.0,0.0,0.0,0.0,0.0,0,0
1779630037.562588,0.0,0.0,0.0,0.0,0.0,0.0,0,0
1779630037.593598,0.0,0.0,0.0,0.0,0.0,0.0,0,0
1779630037.624577,0.0,0.0,0.0,0.0,0.0,0.0,0,0
1779630037.655657,0.0,0.0,0.0,0.0,0.0,0.0,0,0
1779630037.686596,0.0,0.0,0.0,0.0,0.0,0.0,0,0
1779630037.717632,0.0,0.0,0.0,0.0,0.0,0.0,0,0
1779630037.748586,0.0,0.0,0.0,0.0,0.0,0.0,0,0
1779630037.779573,0.0,0.0,0.0,0.0,0.0,0.0,0,0
1779630037.810636,0.0,0.0,0.0,0.0,0.0,0.0,0,0
1779630037.841599,0.0,0.0,0.0,0.0,0.0,0.0,0,0
1779630037.872596,0.0,0.0,0.0,0.0,0.0,0.0,0,0
1779630037.903587,0.0,0.0,0.0,0.0,0.0,0.0,0,0
1779630037.934598,0.0,0.0,0.0,0.0,0.0,0.0,0,0
1779630037.965589,0.0,0.0,0.0,0.0,0.0,0.0,0,0
1779630037.996599,0.0,0.0,0.0,0.0,0.0,0.0,0,0
1779630038.027594,0.0,0.0,0.0,0.0,0.0,0.0,0,0
1779630038.058631,0.0,0.0,0.0,0.0,0.0,0.0,0,0
1779630038.089618,0.0,0.0,0.0,0.0,0.0,0.0,0,0
1779630038.120630,0.0,0.0,0.0,0.0,0.0,0.0,0,0
1779630038.151604,0.0,0.0,0.0,0.0,0.0,0.0,0,0
1779630038.182571,0.0,0.0,0.0,0.0,0.0,0.0,0,0
1779630038.213605,0.0,0.0,0.0,0.0,0.0,0.0,0,0
1779630038.244639,0.0,0.0,0.0,0.0,0.0,0.0,0,0
1779630038.275613,0.0,0.0,0.0,0.0,0.0,0.0,0,0
1779630038.306636,0.0,0.0,0.0,0.0,0.0,0.0,0,0
1779630038.337622,0.0,0.0,0.0,0.0,0.0,0.0,0,0
1779630038.368618,0.0,0.0,0.0,0.0,0.0,0.0,0,0
1779630038.399580,0.0,0.0,0.0,0.0,0.0,0.0,0,0
1779630038.430601,0.0,0.0,0.0,0.0,0.0,0.0,0,0
1779630038.461642,0.0,0.0,0.0,0.0,0.0,0.0,0,0
1779630038.492577,0.0,0.0,0.0,0.0,0.0,0.0,0,0
1779630038.523609,0.0,0.0,0.0,0.0,0.0,0.0,0,0
1779630038.554641,0.0,0.0,0.0,0.0,0.0,0.0,0,0
1779630038.585609,0.0,0.0,0.0,0.0,0.0,0.0,0,0
1779630038.616616,0.0,0.0,0.0,0.0,0.0,0.0,0,0
1779630038.647585,0.0,0.0,0.0,0.0,0.0,0.0,0,0
1779630038.678613,0.0,0.0,0.0,0.0,0.0,0.0,0,0
1779630038.709600,0.0,0.0,0.0,0.0,0.0,0.0,0,0
1779630038.740573,0.0,0.0,0.0,0.0,0.0,0.0,0,0
1779630038.771575,0.0,0.0,0.0,0.0,0.0,0.0,0,0
1779630038.802548,0.0,0.0,0.0,0.0,0.0,0.0,0,0
1779630038.833584,0.0,0.0,0.0,0.0,0.0,0.0,0,0
1779630038.864585,0.0,0.0,0.0,0.0,0.0,0.0,0,0
1779630038.895616,0.0,0.0,0.0,0.0,0.0,0.0,0,0
1779630038.926630,0.0,0.0,0.0,0.0,0.0,0.0,0,0
1779630038.957549,0.0,0.0,0.0,0.0,0.0,0.0,0,0
1779630038.988611,0.0,0.0,0.0,0.0,0.0,0.0,0,0
1779630039.019631,0.0,0.0,0.0,0.0,0.0,0.0,0,0
1779630039.050608,0.0,0.0,0.0,0.0,0.0,0.0,0,0
1779630039.081586,0.0,0.0,0.0,0.0,0.0,0.0,0,0
1779630039.112603,0.0,0.0,0.0,0.0,0.0,0.0,0,0
1779630039.143602,0.0,0.0,0.0,0.0,0.0,0.0,0,0
1779630039.174579,0.0,0.0,0.0,0.0,0.0,0.0,0,0
1779630039.205566,0.0,0.0,0.0,0.0,0.0,0.0,0,0
1779630039.236560,0.0,0.0,0.0,0.0,0.0,0.0,0,0
1779630039.267620,0.0,0.0,0.0,0.0,0.0,0.0,0,0
1779630039.298615,0.0,0.0,0.0,0.0,0.0,0.0,0,0
1779630039.329539,0.0,0.0,0.0,0.0,0.0,0.0,0,0
1779630039.360570,0.0,0.0,0.0,0.0,0.0,0.0,0,0
1779630039.391581,0.0,0.0,0.0,0.0,0.0,0.0,0,0
1779630039.422570,0.0,0.0,0.0,0.0,0.0,0.0,0,0
1779630039.453573,0.0,0.0,0.0,0.0,0.0,0.0,0,0
1779630039.484573,0.0,0.0,0.0,0.0,0.0,0.0,0,0
1779630039.515616,0.0,0.0,0.0,0.0,0.0,0.0,0,0
1779630039.546555,0.0,0.0,0.0,0.0,0.0,0.0,0,0
1779630039.577636,0.0,0.0,0.0,0.0,0.0,0.0,0,0
1779630039.608658,0.0,0.0,0.0,0.0,0.0,0.0,0,0
1779630039.639544,0.0,0.0,0.0,0.0,0.0,0.0,0,0
1779630039.670606,0.0,0.0,0.0,0.0,0.0,0.0,0,0
1779630039.701614,0.0,0.0,0.0,0.0,0.0,0.0,0,0
1779630039.732603,0.0,0.0,0.0,0.0,0.0,0.0,0,0
1779630039.763579,0.0,0.0,0.0,0.0,0.0,0.0,0,0
1779630039.794606,0.0,0.0,0.0,0.0,0.0,0.0,0,0
1779630039.825665,0.0,0.0,0.0,0.0,0.0,0.0,0,0
1779630039.856609,0.0,0.0,0.0,0.0,0.0,0.0,0,0
1779630039.887611,0.0,0.0,0.0,0.0,0.0,0.0,0,0
1779630039.918598,0.0,0.0,0.0,0.0,0.0,0.0,0,0
1779630039.949592,0.0,0.0,0.0,0.0,0.0,0.0,0,0
1779630039.980567,0.0,0.0,0.0,0.0,0.0,0.0,0,0
1779630040.011582,0.0,0.0,0.0,0.0,0.0,0.0,0,0
1779630040.042565,0.0,0.0,0.0,0.0,0.0,0.0,0,0
1779630040.073567,0.0,0.0,0.0,0.0,0.0,0.0,0,0
1779630040.104610,0.0,0.0,0.0,0.0,0.0,0.0,0,0
1779630040.135569,0.0,0.0,0.0,0.0,0.0,0.0,0,0
1779630040.166553,0.0,0.0,0.0,0.0,0.0,0.0,0,0
1779630040.197616,0.0,0.0,0.0,0.0,0.0,0.0,0,0
1779630040.228590,0.0,0.0,0.0,0.0,0.0,0.0,0,0
1779630040.259670,0.0,0.0,0.0,0.0,0.0,0.0,0,0
1779630040.290615,0.0,0.0,0.0,0.0,0.0,0.0,0,0
1779630040.321599,0.0,0.0,0.0,0.0,0.0,0.0,0,0
1779630040.352595,0.0,0.0,0.0,0.0,0.0,0.0,0,0
1779630040.383584,0.0,0.0,0.0,0.0,0.0,0.0,0,0
1779630040.414567,0.0,0.0,0.0,0.0,0.0,0.0,0,0
1779630040.445594,0.0,0.0,0.0,0.0,0.0,0.0,0,0
1779630040.476587,0.0,0.0,0.0,0.0,0.0,0.0,0,0
1779630040.507589,0.0,0.0,0.0,0.0,0.0,0.0,0,0
1779630040.538582,0.0,0.0,0.0,0.0,0.0,0.0,0,0
1779630040.569599,0.0,0.0,0.0,0.0,0.0,0.0,0,0
1779630040.600606,0.0,0.0,0.0,0.0,0.0,0.0,0,0
1779630040.631582,0.0,0.0,0.0,0.0,0.0,0.0,0,0
1779630040.662534,0.0,0.0,0.0,0.0,0.0,0.0,0,0
1779630040.693634,0.0,0.0,0.0,0.0,0.0,0.0,0,0
1779630040.724611,0.0,0.0,0.0,0.0,0.0,0.0,0,0
1779630040.755560,0.0,0.0,0.0,0.0,0.0,0.0,0,0
1779630040.786639,0.0,0.0,0.0,0.0,0.0,0.0,0,0
1779630040.817624,0.0,0.0,0.0,0.0,0.0,0.0,0,0
1779630040.850585,0.0,0.0,0.0,0.0,0.0,0.0,0,0
1779630040.881599,0.0,0.0,0.0,0.0,0.0,0.0,0,0
1779630040.912579,0.0,0.0,0.0,0.0,0.0,0.0,0,0
1779630040.943657,0.0,0.0,0.0,0.0,0.0,0.0,0,0
1779630040.974635,0.0,0.0,0.0,0.0,0.0,0.0,0,0
1779630041.005600,0.0,0.0,0.0,0.0,0.0,0.0,0,0
1779630041.036583,0.0,0.0,0.0,0.0,0.0,0.0,0,0
1779630041.067567,0.0,0.0,0.0,0.0,0.0,0.0,0,0
1779630041.098572,0.0,0.0,0.0,0.0,0.0,0.0,0,0
1779630041.129595,0.0,0.0,0.0,0.0,0.0,0.0,0,0
1779630041.160582,0.0,0.0,0.0,0.0,0.0,0.0,0,0
1779630041.191648,0.0,0.0,0.0,0.0,0.0,0.0,0,0
1779630041.222566,0.0,0.0,0.0,0.0,0.0,0.0,0,0
1779630041.253559,0.0,0.0,0.0,0.0,0.0,0.0,0,0
1779630041.284601,0.0,0.0,0.0,0.0,0.0,0.0,0,0
1779630041.315595,0.0,0.0,0.0,0.0,0.0,0.0,0,0
1779630041.346593,0.0,0.0,0.0,0.0,0.0,0.0,0,0
1779630041.377600,0.0,0.0,0.0,0.0,0.0,0.0,0,0
1779630041.408661,0.0,0.0,0.0,0.0,0.0,0.0,0,0
1779630041.439577,0.0,0.0,0.0,0.0,0.0,0.0,0,0
1779630041.470601,0.0,0.0,0.0,0.0,0.0,0.0,0,0
1779630041.501578,0.0,0.0,0.0,0.0,0.0,0.0,0,0
1779630041.532604,0.0,0.0,0.0,0.0,0.0,0.0,0,0
1779630041.563585,0.0,0.0,0.0,0.0,0.0,0.0,0,0
1779630041.594611,0.0,0.0,0.0,0.0,0.0,0.0,0,0
1779630041.625588,0.0,0.0,0.0,0.0,0.0,0.0,0,0
1779630041.656622,0.0,0.0,0.0,0.0,0.0,0.0,0,0
1779630041.687654,0.0,0.0,0.0,0.0,0.0,0.0,0,0
1779630041.718614,0.0,0.0,0.0,0.0,0.0,0.0,0,0
1779630041.749601,0.0,0.0,0.0,0.0,0.0,0.0,0,0
1779630041.780630,0.0,0.0,0.0,0.0,0.0,0.0,0,0
1779630041.811667,0.0,0.0,0.0,0.0,0.0,0.0,0,0
1779630041.842578,0.0,0.0,0.0,0.0,0.0,0.0,0,0
1779630041.873581,0.0,0.0,0.0,0.0,0.0,0.0,0,0
1779630041.904584,0.0,0.0,0.0,0.0,0.0,0.0,0,0
1779630041.935614,0.0,0.0,0.0,0.0,0.0,0.0,0,0
1779630041.966578,0.0,0.0,0.0,0.0,0.0,0.0,0,0
1779630041.997611,0.0,0.0,0.0,0.0,0.0,0.0,0,0
1779630042.028595,0.0,0.0,0.0,0.0,0.0,0.0,0,0
1779630042.059597,0.0,0.0,0.0,0.0,0.0,0.0,0,0
1779630042.090556,0.0,0.0,0.0,0.0,0.0,0.0,0,0
1779630042.121624,0.0,0.0,0.0,0.0,0.0,0.0,0,0
1779630042.152641,0.0,0.0,0.0,0.0,0.0,0.0,0,0
1779630042.183605,0.0,0.0,0.0,0.0,0.0,0.0,0,0
1779630042.214564,0.0,0.0,0.0,0.0,0.0,0.0,0,0
1779630042.245572,0.0,0.0,0.0,0.0,0.0,0.0,0,0
1779630042.276634,0.0,0.0,0.0,0.0,0.0,0.0,0,0
1779630042.307584,0.0,0.0,0.0,0.0,0.0,0.0,0,0
1779630042.338573,0.0,0.0,0.0,0.0,0.0,0.0,0,0
1779630042.369588,0.0,0.0,0.0,0.0,0.0,0.0,0,0
1779630042.400579,0.0,0.0,0.0,0.0,0.0,0.0,0,0
1779630042.431563,0.0,0.0,0.0,0.0,0.0,0.0,0,0
1779630042.462655,0.0,0.0,0.0,0.0,0.0,0.0,0,0
1779630042.493581,0.0,0.0,0.0,0.0,0.0,0.0,0,0
1779630042.524556,0.0,0.0,0.0,0.0,0.0,0.0,0,0
1779630042.555614,0.0,0.0,0.0,0.0,0.0,0.0,0,0
1779630042.586608,0.0,0.0,0.0,0.0,0.0,0.0,0,0
1779630042.617616,0.0,0.0,0.0,0.0,0.0,0.0,0,0
1779630042.648579,0.0,0.0,0.0,0.0,0.0,0.0,0,0
1779630042.679641,0.0,0.0,0.0,0.0,0.0,0.0,0,0
1779630042.710613,0.0,0.0,0.0,0.0,0.0,0.0,0,0
1779630042.741594,0.0,0.0,0.0,0.0,0.0,0.0,0,0
1779630042.772573,0.0,0.0,0.0,0.0,0.0,0.0,0,0
1779630042.803547,0.0,0.0,0.0,0.0,0.0,0.0,0,0
1779630042.834611,0.0,0.0,0.0,0.0,0.0,0.0,0,0
1779630042.865615,0.0,0.0,0.0,0.0,0.0,0.0,0,0
1779630042.896591,0.0,0.0,0.0,0.0,0.0,0.0,0,0
1779630042.927540,0.0,0.0,0.0,0.0,0.0,0.0,0,0
1779630042.958583,0.0,0.0,0.0,0.0,0.0,0.0,0,0
1779630042.989586,0.0,0.0,0.0,0.0,0.0,0.0,0,0
1779630043.020593,0.0,0.0,0.0,0.0,0.0,0.0,0,0
1779630043.051607,0.0,0.0,0.0,0.0,0.0,0.0,0,0
1779630043.082592,0.0,0.0,0.0,0.0,0.0,0.0,0,0
1779630043.113628,0.0,0.0,0.0,0.0,0.0,0.0,0,0
1779630043.144639,0.0,0.0,0.0,0.0,0.0,0.0,0,0
1779630043.175579,0.0,0.0,0.0,0.0,0.0,0.0,0,0
1779630043.206585,0.0,0.0,0.0,0.0,0.0,0.0,0,0
1779630043.237591,0.0,0.0,0.0,0.0,0.0,0.0,0,0
1779630043.268568,0.0,0.0,0.0,0.0,0.0,0.0,0,0
1779630043.299598,0.0,0.0,0.0,0.0,0.0,0.0,0,0
1779630043.330657,0.0,0.0,0.0,0.0,0.0,0.0,0,0
1779630043.361602,0.0,0.0,0.0,0.0,0.0,0.0,0,0
1779630043.392625,0.0,0.0,0.0,0.0,0.0,0.0,0,0
1779630043.423597,0.0,0.0,0.0,0.0,0.0,0.0,0,0
1779630043.454583,0.0,0.0,0.0,0.0,0.0,0.0,0,0
1779630043.485592,0.0,0.0,0.0,0.0,0.0,0.0,0,0
1779630043.516670,0.0,0.0,0.0,0.0,0.0,0.0,0,0
1779630043.547596,0.0,0.0,0.0,0.0,0.0,0.0,0,0
1779630043.578762,0.0,0.0,0.0,0.0,0.0,0.0,0,0
1779630043.609602,0.0,0.0,0.0,0.0,0.0,0.0,0,0
1779630043.640629,0.0,0.0,0.0,0.0,0.0,0.0,0,0
1779630043.671588,0.0,0.0,0.0,0.0,0.0,0.0,0,0
1779630043.702582,0.0,0.0,0.0,0.0,0.0,0.0,0,0
1779630043.733601,0.0,0.0,0.0,0.0,0.0,0.0,0,0
1779630043.764640,0.0,0.0,0.0,0.0,0.0,0.0,0,0
1779630043.795608,0.0,0.0,0.0,0.0,0.0,0.0,0,0
1779630043.826570,0.0,0.0,0.0,0.0,0.0,0.0,0,0
1779630043.857581,0.0,0.0,0.0,0.0,0.0,0.0,0,0
1779630043.888678,0.0,0.0,0.0,0.0,0.0,0.0,0,0
1779630043.919612,0.0,0.0,0.0,0.0,0.0,0.0,0,0
1779630043.950582,0.0,0.0,0.0,0.0,0.0,0.0,0,0
1779630043.981583,0.0,0.0,0.0,0.0,0.0,0.0,0,0
1779630044.013070,0.0,0.0,0.0,0.0,0.0,0.0,0,0
1779630044.043658,0.0,0.0,0.0,0.0,0.0,0.0,0,0
1779630044.074576,0.0,0.0,0.0,0.0,0.0,0.0,0,0
1779630044.105608,0.0,0.0,0.0,0.0,0.0,0.0,0,0
1779630044.136587,0.0,0.0,0.0,0.0,0.0,0.0,0,0
1779630044.167617,0.0,0.0,0.0,0.0,0.0,0.0,0,0
1779630044.198627,0.0,0.0,0.0,0.0,0.0,0.0,0,0
1779630044.229635,0.0,0.0,0.0,0.0,0.0,0.0,0,0
1779630044.260646,0.0,0.0,0.0,0.0,0.0,0.0,0,0
1779630044.291586,0.0,0.0,0.0,0.0,0.0,0.0,0,0
1779630044.322598,0.0,0.0,0.0,0.0,0.0,0.0,0,0
1779630044.353605,0.0,0.0,0.0,0.0,0.0,0.0,0,0
1779630044.384614,0.0,0.0,0.0,0.0,0.0,0.0,0,0
1779630044.415552,0.0,0.0,0.0,0.0,0.0,0.0,0,0
1779630044.446642,0.0,0.0,0.0,0.0,0.0,0.0,0,0
1779630044.477626,0.0,0.0,0.0,0.0,0.0,0.0,0,0
1779630044.508575,0.0,0.0,0.0,0.0,0.0,0.0,0,0
1779630044.539610,0.0,0.0,0.0,0.0,0.0,0.0,0,0
1779630044.570628,0.0,0.0,0.0,0.0,0.0,0.0,0,0
1779630044.601598,0.0,0.0,0.0,0.0,0.0,0.0,0,0
1779630044.632588,0.0,0.0,0.0,0.0,0.0,0.0,0,0
1779630044.663562,0.0,0.0,0.0,0.0,0.0,0.0,0,0
1779630044.694579,0.0,0.0,0.0,0.0,0.0,0.0,0,0
1779630044.725645,0.0,0.0,0.0,0.0,0.0,0.0,0,0
1779630044.756595,0.0,0.0,0.0,0.0,0.0,0.0,0,0
1779630044.787631,0.0,0.0,0.0,0.0,0.0,0.0,0,0
1779630044.818616,0.0,0.0,0.0,0.0,0.0,0.0,0,0
1779630044.849581,0.0,0.0,0.0,0.0,0.0,0.0,0,0
1779630044.880657,0.0,0.0,0.0,0.0,0.0,0.0,0,0
1779630044.911607,0.0,0.0,0.0,0.0,0.0,0.0,0,0
1779630044.942597,0.0,0.0,0.0,0.0,0.0,0.0,0,0
1779630044.973617,0.0,0.0,0.0,0.0,0.0,0.0,0,0
1779630045.004597,0.0,0.0,0.0,0.0,0.0,0.0,0,0
1779630045.035654,0.0,0.0,0.0,0.0,0.0,0.0,0,0
1779630045.066556,0.0,0.0,0.0,0.0,0.0,0.0,0,0
1779630045.097560,0.0,0.0,0.0,0.0,0.0,0.0,0,0
1779630045.128644,0.0,0.0,0.0,0.0,0.0,0.0,0,0
1779630045.159572,0.0,0.0,0.0,0.0,0.0,0.0,0,0
1779630045.190614,0.0,0.0,0.0,0.0,0.0,0.0,0,0
1779630045.221594,0.0,0.0,0.0,0.0,0.0,0.0,0,0
1779630045.252601,0.0,0.0,0.0,0.0,0.0,0.0,0,0
1779630045.283597,0.0,0.0,0.0,0.0,0.0,0.0,0,0
1779630045.314627,0.0,0.0,0.0,0.0,0.0,0.0,0,0
1779630045.345629,0.0,0.0,0.0,0.0,0.0,0.0,0,0
1779630045.376618,0.0,0.0,0.0,0.0,0.0,0.0,0,0
1779630045.407656,0.0,0.0,0.0,0.0,0.0,0.0,0,0
1779630045.438599,0.0,0.0,0.0,0.0,0.0,0.0,0,0
1779630045.469549,0.0,0.0,0.0,0.0,0.0,0.0,0,0
1779630045.500631,0.0,0.0,0.0,0.0,0.0,0.0,0,0
1779630045.531615,0.0,0.0,0.0,0.0,0.0,0.0,0,0
1779630045.562582,0.0,0.0,0.0,0.0,0.0,0.0,0,0
1779630045.593619,0.0,0.0,0.0,0.0,0.0,0.0,0,0
1779630045.624600,0.0,0.0,0.0,0.0,0.0,0.0,0,0
1779630045.655592,0.0,0.0,0.0,0.0,0.0,0.0,0,0
1779630045.686573,0.0,0.0,0.0,0.0,0.0,0.0,0,0
1779630045.717609,0.0,0.0,0.0,0.0,0.0,0.0,0,0
1779630045.748631,0.0,0.0,0.0,0.0,0.0,0.0,0,0
1779630045.779653,0.0,0.0,0.0,0.0,0.0,0.0,0,0
1779630045.810610,0.0,0.0,0.0,0.0,0.0,0.0,0,0
1779630045.841583,0.0,0.0,0.0,0.0,0.0,0.0,0,0
1779630045.872567,0.0,0.0,0.0,0.0,0.0,0.0,0,0
1779630045.903603,0.0,0.0,0.0,0.0,0.0,0.0,0,0
1779630045.934572,0.0,0.0,0.0,0.0,0.0,0.0,0,0
1779630045.965626,0.0,0.0,0.0,0.0,0.0,0.0,0,0
1779630045.996595,0.0,0.0,0.0,0.0,0.0,0.0,0,0
1779630046.027635,0.0,0.0,0.0,0.0,0.0,0.0,0,0
1779630046.058623,0.0,0.0,0.0,0.0,0.0,0.0,0,0
1779630046.089604,0.0,0.0,0.0,0.0,0.0,0.0,0,0
1779630046.120544,0.0,0.0,0.0,0.0,0.0,0.0,0,0
1779630046.151603,0.0,0.0,0.0,0.0,0.0,0.0,0,0
1779630046.182667,0.0,0.0,0.0,0.0,0.0,0.0,0,0
1779630046.213630,0.0,0.0,0.0,0.0,0.0,0.0,0,0
1779630046.244589,0.0,0.0,0.0,0.0,0.0,0.0,0,0
1779630046.275601,0.0,0.0,0.0,0.0,0.0,0.0,0,0
1779630046.306622,0.0,0.0,0.0,0.0,0.0,0.0,0,0
1779630046.337630,0.0,0.0,0.0,0.0,0.0,0.0,0,0
1779630046.368602,0.0,0.0,0.0,0.0,0.0,0.0,0,0
1779630046.399591,0.0,0.0,0.0,0.0,0.0,0.0,0,0
1779630046.430609,0.0,0.0,0.0,0.0,0.0,0.0,0,0
1779630046.461577,0.0,0.0,0.0,0.0,0.0,0.0,0,0
1779630046.492651,0.0,0.0,0.0,0.0,0.0,0.0,0,0
1779630046.523623,0.0,0.0,0.0,0.0,0.0,0.0,0,0
1779630046.554595,0.0,0.0,0.0,0.0,0.0,0.0,0,0
1779630046.585585,0.0,0.0,0.0,0.0,0.0,0.0,0,0
1779630046.616630,0.0,0.0,0.0,0.0,0.0,0.0,0,0
1779630046.647635,0.0,0.0,0.0,0.0,0.0,0.0,0,0
1779630046.678568,0.0,0.0,0.0,0.0,0.0,0.0,0,0
1779630046.709664,0.0,0.0,0.0,0.0,0.0,0.0,0,0
1779630046.740628,0.0,0.0,0.0,0.0,0.0,0.0,0,0
1779630046.771615,0.0,0.0,0.0,0.0,0.0,0.0,0,0
1779630046.802604,0.0,0.0,0.0,0.0,0.0,0.0,0,0
1779630046.833602,0.0,0.0,0.0,0.0,0.0,0.0,0,0
1779630046.864610,0.0,0.0,0.0,0.0,0.0,0.0,0,0
1779630046.895602,0.0,0.0,0.0,0.0,0.0,0.0,0,0
1779630046.926598,0.0,0.0,0.0,0.0,0.0,0.0,0,0
1779630046.957630,0.0,0.0,0.0,0.0,0.0,0.0,0,0
1779630046.988622,0.0,0.0,0.0,0.0,0.0,0.0,0,0
1779630047.019631,0.0,0.0,0.0,0.0,0.0,0.0,0,0
1779630047.050602,0.0,0.0,0.0,0.0,0.0,0.0,0,0
1779630047.081656,0.0,0.0,0.0,0.0,0.0,0.0,0,0
1779630047.112569,0.0,0.0,0.0,0.0,0.0,0.0,0,0
1779630047.143641,0.0,0.0,0.0,0.0,0.0,0.0,0,0
1779630047.174627,0.0,0.0,0.0,0.0,0.0,0.0,0,0
1779630047.205559,0.0,0.0,0.0,0.0,0.0,0.0,0,0
1779630047.236573,0.0,0.0,0.0,0.0,0.0,0.0,0,0
1779630047.267595,0.0,0.0,0.0,0.0,0.0,0.0,0,0
1779630047.298603,0.0,0.0,0.0,0.0,0.0,0.0,0,0
1779630047.329577,0.0,0.0,0.0,0.0,0.0,0.0,0,0
1779630047.360601,0.0,0.0,0.0,0.0,0.0,0.0,0,0
1779630047.391671,0.0,0.0,0.0,0.0,0.0,0.0,0,0
1779630047.422578,0.0,0.0,0.0,0.0,0.0,0.0,0,0
1779630047.453652,0.0,0.0,0.0,0.0,0.0,0.0,0,0
1779630047.484598,0.0,0.0,0.0,0.0,0.0,0.0,0,0
1779630047.515592,0.0,0.0,0.0,0.0,0.0,0.0,0,0
1779630047.546591,0.0,0.0,0.0,0.0,0.0,0.0,0,0
1779630047.577627,0.0,0.0,0.0,0.0,0.0,0.0,0,0
1779630047.608576,0.0,0.0,0.0,0.0,0.0,0.0,0,0
1779630047.639555,0.0,0.0,0.0,0.0,0.0,0.0,0,0
1779630047.670583,0.0,0.0,0.0,0.0,0.0,0.0,0,0
1779630047.701585,0.0,0.0,0.0,0.0,0.0,0.0,0,0
1779630047.732630,0.0,0.0,0.0,0.0,0.0,0.0,0,0
1779630047.763634,0.0,0.0,0.0,0.0,0.0,0.0,0,0
1779630047.794605,0.0,0.0,0.0,0.0,0.0,0.0,0,0
1779630047.825638,0.0,0.0,0.0,0.0,0.0,0.0,0,0
1779630047.856656,0.0,0.0,0.0,0.0,0.0,0.0,0,0
1779630047.887635,0.0,0.0,0.0,0.0,0.0,0.0,0,0
1779630047.918617,0.0,0.0,0.0,0.0,0.0,0.0,0,0
1779630047.949618,0.0,0.0,0.0,0.0,0.0,0.0,0,0
1779630047.980613,0.0,0.0,0.0,0.0,0.0,0.0,0,0
1779630048.011635,0.0,0.0,0.0,0.0,0.0,0.0,0,0
1779630048.042595,0.0,0.0,0.0,0.0,0.0,0.0,0,0
1779630048.073590,0.0,0.0,0.0,0.0,0.0,0.0,0,0
1779630048.104640,0.0,0.0,0.0,0.0,0.0,0.0,0,0
1779630048.135600,0.0,0.0,0.0,0.0,0.0,0.0,0,0
1779630048.166645,0.0,0.0,0.0,0.0,0.0,0.0,0,0
1779630048.197625,0.0,0.0,0.0,0.0,0.0,0.0,0,0
1779630048.228618,0.0,0.0,0.0,0.0,0.0,0.0,0,0
1779630048.259628,0.0,0.0,0.0,0.0,0.0,0.0,0,0
1779630048.290609,0.0,0.0,0.0,0.0,0.0,0.0,0,0
1779630048.321689,0.0,0.0,0.0,0.0,0.0,0.0,0,0
1779630048.352584,0.0,0.0,0.0,0.0,0.0,0.0,0,0
1779630048.383614,0.0,0.0,0.0,0.0,0.0,0.0,0,0
1779630048.414608,0.0,0.0,0.0,0.0,0.0,0.0,0,0
1779630048.445641,0.0,0.0,0.0,0.0,0.0,0.0,0,0
1779630048.476584,0.0,0.0,0.0,0.0,0.0,0.0,0,0
1779630048.507579,0.0,0.0,0.0,0.0,0.0,0.0,0,0
1779630048.538601,0.0,0.0,0.0,0.0,0.0,0.0,0,0
1779630048.569625,0.0,0.0,0.0,0.0,0.0,0.0,0,0
1779630048.600578,0.0,0.0,0.0,0.0,0.0,0.0,0,0
1779630048.631616,0.0,0.0,0.0,0.0,0.0,0.0,0,0
1779630048.662595,0.0,0.0,0.0,0.0,0.0,0.0,0,0
1779630048.693611,0.0,0.0,0.0,0.0,0.0,0.0,0,0
1779630048.724574,0.0,0.0,0.0,0.0,0.0,0.0,0,0
1779630048.755617,0.0,0.0,0.0,0.0,0.0,0.0,0,0
1779630048.786619,0.0,0.0,0.0,0.0,0.0,0.0,0,0
1779630048.817600,0.0,0.0,0.0,0.0,0.0,0.0,0,0
1779630048.848589,0.0,0.0,0.0,0.0,0.0,0.0,0,0
1779630048.879627,0.0,0.0,0.0,0.0,0.0,0.0,0,0
1779630048.910603,0.0,0.0,0.0,0.0,0.0,0.0,0,0
1779630048.941612,0.0,0.0,0.0,0.0,0.0,0.0,0,0
1779630048.972651,0.0,0.0,0.0,0.0,0.0,0.0,0,0
1779630049.003606,0.0,0.0,0.0,0.0,0.0,0.0,0,0
1779630049.034624,0.0,0.0,0.0,0.0,0.0,0.0,0,0
1779630049.065647,0.0,0.0,0.0,0.0,0.0,0.0,0,0
1779630049.096661,0.0,0.0,0.0,0.0,0.0,0.0,0,0
1779630049.127623,0.0,0.0,0.0,0.0,0.0,0.0,0,0
1779630049.158621,0.0,0.0,0.0,0.0,0.0,0.0,0,0
1779630049.189626,0.0,0.0,0.0,0.0,0.0,0.0,0,0
1779630049.220573,0.0,0.0,0.0,0.0,0.0,0.0,0,0
1779630049.251624,0.0,0.0,0.0,0.0,0.0,0.0,0,0
1779630049.282628,0.0,0.0,0.0,0.0,0.0,0.0,0,0
1779630049.313605,0.0,0.0,0.0,0.0,0.0,0.0,0,0
1779630049.344636,0.0,0.0,0.0,0.0,0.0,0.0,0,0
1779630049.375568,0.0,0.0,0.0,0.0,0.0,0.0,0,0
1779630049.406590,0.0,0.0,0.0,0.0,0.0,0.0,0,0
1779630049.437592,0.0,0.0,0.0,0.0,0.0,0.0,0,0
1779630049.468627,0.0,0.0,0.0,0.0,0.0,0.0,0,0
1779630049.499653,0.0,0.0,0.0,0.0,0.0,0.0,0,0
1779630049.530545,0.0,0.0,0.0,0.0,0.0,0.0,0,0
1779630049.561673,0.0,0.0,0.0,0.0,0.0,0.0,0,0
1779630049.592642,0.0,0.0,0.0,0.0,0.0,0.0,0,0
1779630049.623580,0.0,0.0,0.0,0.0,0.0,0.0,0,0
1779630049.654602,0.0,0.0,0.0,0.0,0.0,0.0,0,0
1779630049.685586,0.0,0.0,0.0,0.0,0.0,0.0,0,0
1779630049.716590,0.0,0.0,0.0,0.0,0.0,0.0,0,0
1779630049.747615,0.0,0.0,0.0,0.0,0.0,0.0,0,0
1779630049.778614,0.0,0.0,0.0,0.0,0.0,0.0,0,0
1779630049.809589,0.0,0.0,0.0,0.0,0.0,0.0,0,0
1779630049.840590,0.0,0.0,0.0,0.0,0.0,0.0,0,0
1779630049.871652,0.0,0.0,0.0,0.0,0.0,0.0,0,0
1779630049.902663,0.0,0.0,0.0,0.0,0.0,0.0,0,0
1779630049.933598,0.0,0.0,0.0,0.0,0.0,0.0,0,0
1779630049.964549,0.0,0.0,0.0,0.0,0.0,0.0,0,0
1779630049.995583,0.0,0.0,0.0,0.0,0.0,0.0,0,0
1779630050.026579,0.0,0.0,0.0,0.0,0.0,0.0,0,0
1779630050.057603,0.0,0.0,0.0,0.0,0.0,0.0,0,0
1779630050.088614,0.0,0.0,0.0,0.0,0.0,0.0,0,0
1779630050.119636,0.0,0.0,0.0,0.0,0.0,0.0,0,0
1779630050.150556,0.0,0.0,0.0,0.0,0.0,0.0,0,0
1779630050.181598,0.0,0.0,0.0,0.0,0.0,0.0,0,0
1779630050.212589,0.0,0.0,0.0,0.0,0.0,0.0,0,0
1779630050.243620,0.0,0.0,0.0,0.0,0.0,0.0,0,0
1779630050.274639,0.0,0.0,0.0,0.0,0.0,0.0,0,0
1779630050.305600,0.0,0.0,0.0,0.0,0.0,0.0,0,0
1779630050.336602,0.0,0.0,0.0,0.0,0.0,0.0,0,0
1779630050.367573,0.0,0.0,0.0,0.0,0.0,0.0,0,0
1779630050.398643,0.0,0.0,0.0,0.0,0.0,0.0,0,0
1779630050.429592,0.0,0.0,0.0,0.0,0.0,0.0,0,0
1779630050.460563,0.0,0.0,0.0,0.0,0.0,0.0,0,0
1779630050.491589,0.0,0.0,0.0,0.0,0.0,0.0,0,0
1779630050.522596,0.0,0.0,0.0,0.0,0.0,0.0,0,0
1779630050.553607,0.0,0.0,0.0,0.0,0.0,0.0,0,0
1779630050.584595,0.0,0.0,0.0,0.0,0.0,0.0,0,0
1779630050.615631,0.0,0.0,0.0,0.0,0.0,0.0,0,0
1779630050.646603,0.0,0.0,0.0,0.0,0.0,0.0,0,0
1779630050.677637,0.0,0.0,0.0,0.0,0.0,0.0,0,0
1779630050.708560,0.0,0.0,0.0,0.0,0.0,0.0,0,0
1779630050.739554,0.0,0.0,0.0,0.0,0.0,0.0,0,0
1779630050.770580,0.0,0.0,0.0,0.0,0.0,0.0,0,0
1779630050.801625,0.0,0.0,0.0,0.0,0.0,0.0,0,0
1779630050.832616,0.0,0.0,0.0,0.0,0.0,0.0,0,0
1779630050.863588,0.0,0.0,0.0,0.0,0.0,0.0,0,0
1779630050.894630,0.0,0.0,0.0,0.0,0.0,0.0,0,0
1779630050.925587,0.0,0.0,0.0,0.0,0.0,0.0,0,0
1779630050.956638,0.0,0.0,0.0,0.0,0.0,0.0,0,0
1779630050.987575,0.0,0.0,0.0,0.0,0.0,0.0,0,0
1779630051.018625,0.0,0.0,0.0,0.0,0.0,0.0,0,0
1779630051.049577,0.0,0.0,0.0,0.0,0.0,0.0,0,0
1779630051.080555,0.0,0.0,0.0,0.0,0.0,0.0,0,0
1779630051.111615,0.0,0.0,0.0,0.0,0.0,0.0,0,0
1779630051.142624,0.0,0.0,0.0,0.0,0.0,0.0,0,0
1779630051.173593,0.0,0.0,0.0,0.0,0.0,0.0,0,0
1779630051.204601,0.0,0.0,0.0,0.0,0.0,0.0,0,0
1779630051.235615,0.0,0.0,0.0,0.0,0.0,0.0,0,0
1779630051.266642,0.0,0.0,0.0,0.0,0.0,0.0,0,0
1779630051.297590,0.0,0.0,0.0,0.0,0.0,0.0,0,0
1779630051.328660,0.0,0.0,0.0,0.0,0.0,0.0,0,0
1779630051.359599,0.0,0.0,0.0,0.0,0.0,0.0,0,0
1779630051.390602,0.0,0.0,0.0,0.0,0.0,0.0,0,0
1779630051.421602,0.0,0.0,0.0,0.0,0.0,0.0,0,0
1779630051.452595,0.0,0.0,0.0,0.0,0.0,0.0,0,0
1779630051.483600,0.0,0.0,0.0,0.0,0.0,0.0,0,0
1779630051.514562,0.0,0.0,0.0,0.0,0.0,0.0,0,0
1779630051.545608,0.0,0.0,0.0,0.0,0.0,0.0,0,0
1779630051.576584,0.0,0.0,0.0,0.0,0.0,0.0,0,0
1779630051.607627,0.0,0.0,0.0,0.0,0.0,0.0,0,0
1779630051.638642,0.0,0.0,0.0,0.0,0.0,0.0,0,0
1779630051.669634,0.0,0.0,0.0,0.0,0.0,0.0,0,0
1779630051.700635,0.0,0.0,0.0,0.0,0.0,0.0,0,0
1779630051.731645,0.0,0.0,0.0,0.0,0.0,0.0,0,0
1779630051.762628,0.0,0.0,0.0,0.0,0.0,0.0,0,0
1779630051.793562,0.0,0.0,0.0,0.0,0.0,0.0,0,0
1779630051.824608,0.0,0.0,0.0,0.0,0.0,0.0,0,0
1779630051.855604,0.0,0.0,0.0,0.0,0.0,0.0,0,0
1779630051.886657,0.0,0.0,0.0,0.0,0.0,0.0,0,0
1779630051.917624,0.0,0.0,0.0,0.0,0.0,0.0,0,0
1779630051.948611,0.0,0.0,0.0,0.0,0.0,0.0,0,0
1779630051.979657,0.0,0.0,0.0,0.0,0.0,0.0,0,0
1779630052.010579,0.0,0.0,0.0,0.0,0.0,0.0,0,0
1779630052.041608,0.0,0.0,0.0,0.0,0.0,0.0,0,0
1779630052.072604,0.0,0.0,0.0,0.0,0.0,0.0,0,0
1779630052.103622,0.0,0.0,0.0,0.0,0.0,0.0,0,0
1779630052.134622,0.0,0.0,0.0,0.0,0.0,0.0,0,0
1779630052.165661,0.0,0.0,0.0,0.0,0.0,0.0,0,0
1779630052.196596,0.0,0.0,0.0,0.0,0.0,0.0,0,0
1779630052.227572,0.0,0.0,0.0,0.0,0.0,0.0,0,0
1779630052.258578,0.0,0.0,0.0,0.0,0.0,0.0,0,0
1779630052.289621,0.0,0.0,0.0,0.0,0.0,0.0,0,0
1779630052.320628,0.0,0.0,0.0,0.0,0.0,0.0,0,0
1779630052.351594,0.0,0.0,0.0,0.0,0.0,0.0,0,0
1779630052.382663,0.0,0.0,0.0,0.0,0.0,0.0,0,0
1779630052.413599,0.0,0.0,0.0,0.0,0.0,0.0,0,0
1779630052.444553,0.0,0.0,0.0,0.0,0.0,0.0,0,0
1779630052.475591,0.0,0.0,0.0,0.0,0.0,0.0,0,0
1779630052.506587,0.0,0.0,0.0,0.0,0.0,0.0,0,0
1779630052.537604,0.0,0.0,0.0,0.0,0.0,0.0,0,0
1779630052.568605,0.0,0.0,0.0,0.0,0.0,0.0,0,0
1779630052.599649,0.0,0.0,0.0,0.0,0.0,0.0,0,0
1779630052.630625,0.0,0.0,0.0,0.0,0.0,0.0,0,0
1779630052.661609,0.0,0.0,0.0,0.0,0.0,0.0,0,0
1779630052.692584,0.0,0.0,0.0,0.0,0.0,0.0,0,0
1779630052.723588,0.0,0.0,0.0,0.0,0.0,0.0,0,0
1779630052.754614,0.0,0.0,0.0,0.0,0.0,0.0,0,0
1779630052.785620,0.0,0.0,0.0,0.0,0.0,0.0,0,0
1779630052.816640,0.0,0.0,0.0,0.0,0.0,0.0,0,0
1779630052.847622,0.0,0.0,0.0,0.0,0.0,0.0,0,0
1779630052.878622,0.0,0.0,0.0,0.0,0.0,0.0,0,0
1779630052.909595,0.0,0.0,0.0,0.0,0.0,0.0,0,0
1779630052.940605,0.0,0.0,0.0,0.0,0.0,0.0,0,0
1779630052.971632,0.0,0.0,0.0,0.0,0.0,0.0,0,0
1779630053.002622,0.0,0.0,0.0,0.0,0.0,0.0,0,0
1779630053.033600,0.0,0.0,0.0,0.0,0.0,0.0,0,0
1779630053.064609,0.0,0.0,0.0,0.0,0.0,0.0,0,0
1779630053.095645,0.0,0.0,0.0,0.0,0.0,0.0,0,0
1779630053.126596,0.0,0.0,0.0,0.0,0.0,0.0,0,0
1779630053.157573,0.0,0.0,0.0,0.0,0.0,0.0,0,0
1779630053.188652,0.0,0.0,0.0,0.0,0.0,0.0,0,0
1779630053.219594,0.0,0.0,0.0,0.0,0.0,0.0,0,0
1779630053.250579,0.0,0.0,0.0,0.0,0.0,0.0,0,0
1779630053.281644,0.0,0.0,0.0,0.0,0.0,0.0,0,0
1779630053.312618,0.0,0.0,0.0,0.0,0.0,0.0,0,0
1779630053.343578,0.0,0.0,0.0,0.0,0.0,0.0,0,0
1779630053.374644,0.0,0.0,0.0,0.0,0.0,0.0,0,0
1779630053.405618,0.0,0.0,0.0,0.0,0.0,0.0,0,0
1779630053.436627,0.0,0.0,0.0,0.0,0.0,0.0,0,0
1779630053.467572,0.0,0.0,0.0,0.0,0.0,0.0,0,0
1779630053.498614,0.0,0.0,0.0,0.0,0.0,0.0,0,0
1779630053.529586,0.0,0.0,0.0,0.0,0.0,0.0,0,0
1779630053.560560,0.0,0.0,0.0,0.0,0.0,0.0,0,0
1779630053.591611,0.0,0.0,0.0,0.0,0.0,0.0,0,0
1779630053.622603,0.0,0.0,0.0,0.0,0.0,0.0,0,0
1779630053.653624,0.0,0.0,0.0,0.0,0.0,0.0,0,0
1779630053.684623,0.0,0.0,0.0,0.0,0.0,0.0,0,0
1779630053.715621,0.0,0.0,0.0,0.0,0.0,0.0,0,0
1779630053.746617,0.0,0.0,0.0,0.0,0.0,0.0,0,0
1779630053.777580,0.0,0.0,0.0,0.0,0.0,0.0,0,0
1779630053.808600,0.0,0.0,0.0,0.0,0.0,0.0,0,0
1779630053.839661,0.0,0.0,0.0,0.0,0.0,0.0,0,0
1779630053.870608,0.0,0.0,0.0,0.0,0.0,0.0,0,0
1779630053.901644,0.0,0.0,0.0,0.0,0.0,0.0,0,0
1779630053.932629,0.0,0.0,0.0,0.0,0.0,0.0,0,0
1779630053.963578,0.0,0.0,0.0,0.0,0.0,0.0,0,0
1779630053.994546,0.0,0.0,0.0,0.0,0.0,0.0,0,0
1779630054.025585,0.0,0.0,0.0,0.0,0.0,0.0,0,0
1779630054.056636,0.0,0.0,0.0,0.0,0.0,0.0,0,0
1779630054.087590,0.0,0.0,0.0,0.0,0.0,0.0,0,0
1779630054.118605,0.0,0.0,0.0,0.0,0.0,0.0,0,0
1779630054.149622,0.0,0.0,0.0,0.0,0.0,0.0,0,0
1779630054.180613,0.0,0.0,0.0,0.0,0.0,0.0,0,0
1779630054.211613,0.0,0.0,0.0,0.0,0.0,0.0,0,0
1779630054.242621,0.0,0.0,0.0,0.0,0.0,0.0,0,0
1779630054.273589,0.0,0.0,0.0,0.0,0.0,0.0,0,0
1779630054.304596,0.0,0.0,0.0,0.0,0.0,0.0,0,0
1779630054.335634,0.0,0.0,0.0,0.0,0.0,0.0,0,0
1779630054.366630,0.0,0.0,0.0,0.0,0.0,0.0,0,0
1779630054.397580,0.0,0.0,0.0,0.0,0.0,0.0,0,0
1779630054.428636,0.0,0.0,0.0,0.0,0.0,0.0,0,0
1779630054.459565,0.0,0.0,0.0,0.0,0.0,0.0,0,0
1779630054.490619,0.0,0.0,0.0,0.0,0.0,0.0,0,0
1779630054.521616,0.0,0.0,0.0,0.0,0.0,0.0,0,0
1779630054.552569,0.0,0.0,0.0,0.0,0.0,0.0,0,0
1779630054.583593,0.0,0.0,0.0,0.0,0.0,0.0,0,0
1779630054.614646,0.0,0.0,0.0,0.0,0.0,0.0,0,0
1779630054.645577,0.0,0.0,0.0,0.0,0.0,0.0,0,0
1779630054.676586,0.0,0.0,0.0,0.0,0.0,0.0,0,0
1779630054.707587,0.0,0.0,0.0,0.0,0.0,0.0,0,0
1779630054.738598,0.0,0.0,0.0,0.0,0.0,0.0,0,0
1779630054.771605,0.0,0.0,0.0,0.0,0.0,0.0,0,0
1779630054.802644,0.0,0.0,0.0,0.0,0.0,0.0,0,0
1779630054.833548,0.0,0.0,0.0,0.0,0.0,0.0,0,0
1779630054.864597,0.0,0.0,0.0,0.0,0.0,0.0,0,0
1779630054.895629,0.0,0.0,0.0,0.0,0.0,0.0,0,0
1779630054.926655,0.0,0.0,0.0,0.0,0.0,0.0,0,0
1779630054.957656,0.0,0.0,0.0,0.0,0.0,0.0,0,0
1779630054.988651,0.0,0.0,0.0,0.0,0.0,0.0,0,0
1779630055.019597,0.0,0.0,0.0,0.0,0.0,0.0,0,0
1779630055.050608,0.0,0.0,0.0,0.0,0.0,0.0,0,0
1779630055.081630,0.0,0.0,0.0,0.0,0.0,0.0,0,0
1779630055.112611,0.0,0.0,0.0,0.0,0.0,0.0,0,0
1779630055.143634,0.0,0.0,0.0,0.0,0.0,0.0,0,0
1779630055.174615,0.0,0.0,0.0,0.0,0.0,0.0,0,0
1779630055.205603,0.0,0.0,0.0,0.0,0.0,0.0,0,0
1779630055.236587,0.0,0.0,0.0,0.0,0.0,0.0,0,0
1779630055.267613,0.0,0.0,0.0,0.0,0.0,0.0,0,0
1779630055.298613,0.0,0.0,0.0,0.0,0.0,0.0,0,0
1779630055.329605,0.0,0.0,0.0,0.0,0.0,0.0,0,0
1779630055.360632,0.0,0.0,0.0,0.0,0.0,0.0,0,0
1779630055.391609,0.0,0.0,0.0,0.0,0.0,0.0,0,0
1779630055.422665,0.0,0.0,0.0,0.0,0.0,0.0,0,0
1779630055.453669,0.0,0.0,0.0,0.0,0.0,0.0,0,0
1779630055.484618,0.0,0.0,0.0,0.0,0.0,0.0,0,0
1779630055.515647,0.0,0.0,0.0,0.0,0.0,0.0,0,0
1779630055.546581,0.0,0.0,0.0,0.0,0.0,0.0,0,0
1779630055.577599,0.0,0.0,0.0,0.0,0.0,0.0,0,0
1779630055.608623,0.0,0.0,0.0,0.0,0.0,0.0,0,0
1779630055.639588,0.0,0.0,0.0,0.0,0.0,0.0,0,0
1779630055.670645,0.0,0.0,0.0,0.0,0.0,0.0,0,0
1779630055.701607,0.0,0.0,0.0,0.0,0.0,0.0,0,0
1779630055.732590,0.0,0.0,0.0,0.0,0.0,0.0,0,0
1779630055.763640,0.0,0.0,0.0,0.0,0.0,0.0,0,0
1779630055.794652,0.0,0.0,0.0,0.0,0.0,0.0,0,0
1779630055.825597,0.0,0.0,0.0,0.0,0.0,0.0,0,0
1779630055.856625,0.0,0.0,0.0,0.0,0.0,0.0,0,0
1779630055.887595,0.0,0.0,0.0,0.0,0.0,0.0,0,0
1779630055.918603,0.0,0.0,0.0,0.0,0.0,0.0,0,0
1779630055.949575,0.0,0.0,0.0,0.0,0.0,0.0,0,0
1779630055.980612,0.0,0.0,0.0,0.0,0.0,0.0,0,0
1779630056.011623,0.0,0.0,0.0,0.0,0.0,0.0,0,0
1779630056.042639,0.0,0.0,0.0,0.0,0.0,0.0,0,0
1779630056.073602,0.0,0.0,0.0,0.0,0.0,0.0,0,0
1779630056.104583,0.0,0.0,0.0,0.0,0.0,0.0,0,0
1779630056.135662,0.0,0.0,0.0,0.0,0.0,0.0,0,0
1779630056.166605,0.0,0.0,0.0,0.0,0.0,0.0,0,0
1779630056.197632,0.0,0.0,0.0,0.0,0.0,0.0,0,0
1779630056.228616,0.0,0.0,0.0,0.0,0.0,0.0,0,0
1779630056.259575,0.0,0.0,0.0,0.0,0.0,0.0,0,0
1779630056.290663,0.0,0.0,0.0,0.0,0.0,0.0,0,0
1779630056.321615,0.0,0.0,0.0,0.0,0.0,0.0,0,0
1779630056.352603,0.0,0.0,0.0,0.0,0.0,0.0,0,0
1779630056.383576,0.0,0.0,0.0,0.0,0.0,0.0,0,0
1779630056.414600,0.0,0.0,0.0,0.0,0.0,0.0,0,0
1779630056.445653,0.0,0.0,0.0,0.0,0.0,0.0,0,0
1779630056.476585,0.0,0.0,0.0,0.0,0.0,0.0,0,0
1779630056.507613,0.0,0.0,0.0,0.0,0.0,0.0,0,0
1779630056.538630,0.0,0.0,0.0,0.0,0.0,0.0,0,0
1779630056.569544,0.0,0.0,0.0,0.0,0.0,0.0,0,0
1779630056.600599,0.0,0.0,0.0,0.0,0.0,0.0,0,0
1779630056.631627,0.0,0.0,0.0,0.0,0.0,0.0,0,0
1779630056.662605,0.0,0.0,0.0,0.0,0.0,0.0,0,0
1779630056.693560,0.0,0.0,0.0,0.0,0.0,0.0,0,0
1779630056.724601,0.0,0.0,0.0,0.0,0.0,0.0,0,0
1779630056.755572,0.0,0.0,0.0,0.0,0.0,0.0,0,0
1779630056.786627,0.0,0.0,0.0,0.0,0.0,0.0,0,0
1779630056.817549,0.0,0.0,0.0,0.0,0.0,0.0,0,0
1779630056.848597,0.0,0.0,0.0,0.0,0.0,0.0,0,0
1779630056.879628,0.0,0.0,0.0,0.0,0.0,0.0,0,0
1779630056.910613,0.0,0.0,0.0,0.0,0.0,0.0,0,0
1779630056.941616,0.0,0.0,0.0,0.0,0.0,0.0,0,0
1779630056.972600,0.0,0.0,0.0,0.0,0.0,0.0,0,0
1779630057.003617,0.0,0.0,0.0,0.0,0.0,0.0,0,0
1779630057.034606,0.0,0.0,0.0,0.0,0.0,0.0,0,0
1779630057.065597,0.0,0.0,0.0,0.0,0.0,0.0,0,0
1779630057.096635,0.0,0.0,0.0,0.0,0.0,0.0,0,0
1779630057.127613,0.0,0.0,0.0,0.0,0.0,0.0,0,0
1779630057.158597,0.0,0.0,0.0,0.0,0.0,0.0,0,0
1779630057.189644,0.0,0.0,0.0,0.0,0.0,0.0,0,0
1779630057.220595,0.0,0.0,0.0,0.0,0.0,0.0,0,0
1779630057.251620,0.0,0.0,0.0,0.0,0.0,0.0,0,0
1779630057.282644,0.0,0.0,0.0,0.0,0.0,0.0,0,0
1779630057.313590,0.0,0.0,0.0,0.0,0.0,0.0,0,0
1779630057.344589,0.0,0.0,0.0,0.0,0.0,0.0,0,0
1779630057.375563,0.0,0.0,0.0,0.0,0.0,0.0,0,0
1779630057.406649,0.0,0.0,0.0,0.0,0.0,0.0,0,0
1779630057.437556,0.0,0.0,0.0,0.0,0.0,0.0,0,0
1779630057.468566,0.0,0.0,0.0,0.0,0.0,0.0,0,0
1779630057.499620,0.0,0.0,0.0,0.0,0.0,0.0,0,0
1779630057.530648,0.0,0.0,0.0,0.0,0.0,0.0,0,0
1779630057.561599,0.0,0.0,0.0,0.0,0.0,0.0,0,0
1779630057.592612,0.0,0.0,0.0,0.0,0.0,0.0,0,0
1779630057.623631,0.0,0.0,0.0,0.0,0.0,0.0,0,0
1779630057.654681,0.0,0.0,0.0,0.0,0.0,0.0,0,0
1779630057.685626,0.0,0.0,0.0,0.0,0.0,0.0,0,0
1779630057.716592,0.0,0.0,0.0,0.0,0.0,0.0,0,0
1779630057.747663,0.0,0.0,0.0,0.0,0.0,0.0,0,0
1779630057.778658,0.0,0.0,0.0,0.0,0.0,0.0,0,0
1779630057.809669,0.0,0.0,0.0,0.0,0.0,0.0,0,0
1779630057.840598,0.0,0.0,0.0,0.0,0.0,0.0,0,0
1779630057.871583,0.0,0.0,0.0,0.0,0.0,0.0,0,0
1779630057.902602,0.0,0.0,0.0,0.0,0.0,0.0,0,0
1779630057.933582,0.0,0.0,0.0,0.0,0.0,0.0,0,0
1779630057.964611,0.0,0.0,0.0,0.0,0.0,0.0,0,0
1779630057.995578,0.0,0.0,0.0,0.0,0.0,0.0,0,0
1779630058.026554,0.0,0.0,0.0,0.0,0.0,0.0,0,0
1779630058.057610,0.0,0.0,0.0,0.0,0.0,0.0,0,0
1779630058.088613,0.0,0.0,0.0,0.0,0.0,0.0,0,0
1779630058.119641,0.0,0.0,0.0,0.0,0.0,0.0,0,0
1779630058.150638,0.0,0.0,0.0,0.0,0.0,0.0,0,0
1779630058.181625,0.0,0.0,0.0,0.0,0.0,0.0,0,0
1779630058.212609,0.0,0.0,0.0,0.0,0.0,0.0,0,0
1779630058.243645,0.0,0.0,0.0,0.0,0.0,0.0,0,0
1779630058.274623,0.0,0.0,0.0,0.0,0.0,0.0,0,0
1779630058.305611,0.0,0.0,0.0,0.0,0.0,0.0,0,0
1779630058.336563,0.0,0.0,0.0,0.0,0.0,0.0,0,0
1779630058.367606,0.0,0.0,0.0,0.0,0.0,0.0,0,0
1779630058.398631,0.0,0.0,0.0,0.0,0.0,0.0,0,0
1779630058.429635,0.0,0.0,0.0,0.0,0.0,0.0,0,0
1779630058.460639,0.0,0.0,0.0,0.0,0.0,0.0,0,0
1779630058.491684,0.0,0.0,0.0,0.0,0.0,0.0,0,0
1779630058.522623,0.0,0.0,0.0,0.0,0.0,0.0,0,0
1779630058.553621,0.0,0.0,0.0,0.0,0.0,0.0,0,0
1779630058.584610,0.0,0.0,0.0,0.0,0.0,0.0,0,0
1779630058.615577,0.0,0.0,0.0,0.0,0.0,0.0,0,0
1779630058.646651,0.0,0.0,0.0,0.0,0.0,0.0,0,0
1779630058.677657,0.0,0.0,0.0,0.0,0.0,0.0,0,0
1779630058.708588,0.0,0.0,0.0,0.0,0.0,0.0,0,0
1779630058.739601,0.0,0.0,0.0,0.0,0.0,0.0,0,0
1779630058.770639,0.0,0.0,0.0,0.0,0.0,0.0,0,0
1779630058.801615,0.0,0.0,0.0,0.0,0.0,0.0,0,0
1779630058.832598,0.0,0.0,0.0,0.0,0.0,0.0,0,0
1779630058.863613,0.0,0.0,0.0,0.0,0.0,0.0,0,0
1779630058.894587,0.0,0.0,0.0,0.0,0.0,0.0,0,0
1779630058.925706,0.0,0.0,0.0,0.0,0.0,0.0,0,0
1779630058.956616,0.0,0.0,0.0,0.0,0.0,0.0,0,0
1779630058.987617,0.0,0.0,0.0,0.0,0.0,0.0,0,0
1779630059.018622,0.0,0.0,0.0,0.0,0.0,0.0,0,0
1779630059.049647,0.0,0.0,0.0,0.0,0.0,0.0,0,0
1779630059.080629,0.0,0.0,0.0,0.0,0.0,0.0,0,0
1779630059.111655,0.0,0.0,0.0,0.0,0.0,0.0,0,0
1779630059.142622,0.0,0.0,0.0,0.0,0.0,0.0,0,0
1779630059.173586,0.0,0.0,0.0,0.0,0.0,0.0,0,0
1779630059.204594,0.0,0.0,0.0,0.0,0.0,0.0,0,0
1779630059.235620,0.0,0.0,0.0,0.0,0.0,0.0,0,0
1779630059.266640,0.0,0.0,0.0,0.0,0.0,0.0,0,0
1779630059.297631,0.0,0.0,0.0,0.0,0.0,0.0,0,0
1779630059.328619,0.0,0.0,0.0,0.0,0.0,0.0,0,0
1779630059.359611,0.0,0.0,0.0,0.0,0.0,0.0,0,0
1779630059.390629,0.0,0.0,0.0,0.0,0.0,0.0,0,0
1779630059.421629,0.0,0.0,0.0,0.0,0.0,0.0,0,0
1779630059.452654,0.0,0.0,0.0,0.0,0.0,0.0,0,0
1779630059.483640,0.0,0.0,0.0,0.0,0.0,0.0,0,0
1779630059.514632,0.0,0.0,0.0,0.0,0.0,0.0,0,0
1779630059.545580,0.0,0.0,0.0,0.0,0.0,0.0,0,0
1779630059.576601,0.0,0.0,0.0,0.0,0.0,0.0,0,0
1779630059.607650,0.0,0.0,0.0,0.0,0.0,0.0,0,0
1779630059.638605,0.0,0.0,0.0,0.0,0.0,0.0,0,0
1779630059.669606,0.0,0.0,0.0,0.0,0.0,0.0,0,0
1779630059.700619,0.0,0.0,0.0,0.0,0.0,0.0,0,0
1779630059.731558,0.0,0.0,0.0,0.0,0.0,0.0,0,0
1779630059.762621,0.0,0.0,0.0,0.0,0.0,0.0,0,0
1779630059.793614,0.0,0.0,0.0,0.0,0.0,0.0,0,0
1779630059.824605,0.0,0.0,0.0,0.0,0.0,0.0,0,0
1779630059.855607,0.0,0.0,0.0,0.0,0.0,0.0,0,0
1779630059.886647,0.0,0.0,0.0,0.0,0.0,0.0,0,0
1779630059.917595,0.0,0.0,0.0,0.0,0.0,0.0,0,0
1779630059.948628,0.0,0.0,0.0,0.0,0.0,0.0,0,0
1779630059.979604,0.0,0.0,0.0,0.0,0.0,0.0,0,0
1779630060.010557,0.0,0.0,0.0,0.0,0.0,0.0,0,0
1779630060.041564,0.0,0.0,0.0,0.0,0.0,0.0,0,0
1779630060.072592,0.0,0.0,0.0,0.0,0.0,0.0,0,0
1779630060.103566,0.0,0.0,0.0,0.0,0.0,0.0,0,0
1779630060.134567,0.0,0.0,0.0,0.0,0.0,0.0,0,0
1779630060.165603,0.0,0.0,0.0,0.0,0.0,0.0,0,0
1779630060.196610,0.0,0.0,0.0,0.0,0.0,0.0,0,0
1779630060.227584,0.0,0.0,0.0,0.0,0.0,0.0,0,0
1779630060.258653,0.0,0.0,0.0,0.0,0.0,0.0,0,0
1779630060.289651,0.0,0.0,0.0,0.0,0.0,0.0,0,0
1779630060.320619,0.0,0.0,0.0,0.0,0.0,0.0,0,0
1779630060.351617,0.0,0.0,0.0,0.0,0.0,0.0,0,0
1779630060.382609,0.0,0.0,0.0,0.0,0.0,0.0,0,0
1779630060.413629,0.0,0.0,0.0,0.0,0.0,0.0,0,0
1779630060.444643,0.0,0.0,0.0,0.0,0.0,0.0,0,0
1779630060.475700,0.0,0.0,0.0,0.0,0.0,0.0,0,0
1779630060.506628,0.0,0.0,0.0,0.0,0.0,0.0,0,0
1779630060.537628,0.0,0.0,0.0,0.0,0.0,0.0,0,0
1779630060.568646,0.0,0.0,0.0,0.0,0.0,0.0,0,0
1779630060.599625,0.0,0.0,0.0,0.0,0.0,0.0,0,0
1779630060.630599,0.0,0.0,0.0,0.0,0.0,0.0,0,0
1779630060.661668,0.0,0.0,0.0,0.0,0.0,0.0,0,0
1779630060.692634,0.0,0.0,0.0,0.0,0.0,0.0,0,0
1779630060.723663,0.0,0.0,0.0,0.0,0.0,0.0,0,0
1779630060.754630,0.0,0.0,0.0,0.0,0.0,0.0,0,0
1779630060.785641,0.0,0.0,0.0,0.0,0.0,0.0,0,0
1779630060.816644,0.0,0.0,0.0,0.0,0.0,0.0,0,0
1779630060.847630,0.0,0.0,0.0,0.0,0.0,0.0,0,0
1779630060.878616,0.0,0.0,0.0,0.0,0.0,0.0,0,0
1779630060.909607,0.0,0.0,0.0,0.0,0.0,0.0,0,0
1779630060.940595,0.0,0.0,0.0,0.0,0.0,0.0,0,0
1779630060.971585,0.0,0.0,0.0,0.0,0.0,0.0,0,0
1779630061.002604,0.0,0.0,0.0,0.0,0.0,0.0,0,0
1779630061.033605,0.0,0.0,0.0,0.0,0.0,0.0,0,0
1779630061.064613,0.0,0.0,0.0,0.0,0.0,0.0,0,0
1779630061.095613,0.0,0.0,0.0,0.0,0.0,0.0,0,0
1779630061.126656,0.0,0.0,0.0,0.0,0.0,0.0,0,0
1779630061.157604,0.0,0.0,0.0,0.0,0.0,0.0,0,0
1779630061.188617,0.0,0.0,0.0,0.0,0.0,0.0,0,0
1779630061.219596,0.0,0.0,0.0,0.0,0.0,0.0,0,0
1779630061.250652,0.0,0.0,0.0,0.0,0.0,0.0,0,0
1779630061.281606,0.0,0.0,0.0,0.0,0.0,0.0,0,0
1779630061.312668,0.0,0.0,0.0,0.0,0.0,0.0,0,0
1779630061.343599,0.0,0.0,0.0,0.0,0.0,0.0,0,0
1779630061.374589,0.0,0.0,0.0,0.0,0.0,0.0,0,0
1779630061.405606,0.0,0.0,0.0,0.0,0.0,0.0,0,0
1779630061.436599,0.0,0.0,0.0,0.0,0.0,0.0,0,0
1779630061.467626,0.0,0.0,0.0,0.0,0.0,0.0,0,0
1779630061.498640,0.0,0.0,0.0,0.0,0.0,0.0,0,0
1779630061.529630,0.0,0.0,0.0,0.0,0.0,0.0,0,0
1779630061.560622,0.0,0.0,0.0,0.0,0.0,0.0,0,0
1779630061.591625,0.0,0.0,0.0,0.0,0.0,0.0,0,0
1779630061.622674,0.0,0.0,0.0,0.0,0.0,0.0,0,0
1779630061.653581,0.0,0.0,0.0,0.0,0.0,0.0,0,0
1779630061.684591,0.0,0.0,0.0,0.0,0.0,0.0,0,0
1779630061.715613,0.0,0.0,0.0,0.0,0.0,0.0,0,0
1779630061.746655,0.0,0.0,0.0,0.0,0.0,0.0,0,0
1779630061.777666,0.0,0.0,0.0,0.0,0.0,0.0,0,0
1779630061.808604,0.0,0.0,0.0,0.0,0.0,0.0,0,0
1779630061.839616,0.0,0.0,0.0,0.0,0.0,0.0,0,0
1779630061.870608,0.0,0.0,0.0,0.0,0.0,0.0,0,0
1779630061.901571,0.0,0.0,0.0,0.0,0.0,0.0,0,0
1779630061.932687,0.0,0.0,0.0,0.0,0.0,0.0,0,0
1779630061.963567,0.0,0.0,0.0,0.0,0.0,0.0,0,0
1779630061.994620,0.0,0.0,0.0,0.0,0.0,0.0,0,0
1779630062.025625,0.0,0.0,0.0,0.0,0.0,0.0,0,0
1779630062.056650,0.0,0.0,0.0,0.0,0.0,0.0,0,0
1779630062.087680,0.0,0.0,0.0,0.0,0.0,0.0,0,0
1779630062.118624,0.0,0.0,0.0,0.0,0.0,0.0,0,0
1779630062.149628,0.0,0.0,0.0,0.0,0.0,0.0,0,0
1779630062.180587,0.0,0.0,0.0,0.0,0.0,0.0,0,0
1779630062.211607,0.0,0.0,0.0,0.0,0.0,0.0,0,0
1779630062.242595,0.0,0.0,0.0,0.0,0.0,0.0,0,0
1779630062.273619,0.0,0.0,0.0,0.0,0.0,0.0,0,0
1779630062.304617,0.0,0.0,0.0,0.0,0.0,0.0,0,0
1779630062.335602,0.0,0.0,0.0,0.0,0.0,0.0,0,0
1779630062.366604,0.0,0.0,0.0,0.0,0.0,0.0,0,0
1779630062.397622,0.0,0.0,0.0,0.0,0.0,0.0,0,0
1779630062.428607,0.0,0.0,0.0,0.0,0.0,0.0,0,0
1779630062.459626,0.0,0.0,0.0,0.0,0.0,0.0,0,0
1779630062.490624,0.0,0.0,0.0,0.0,0.0,0.0,0,0
1779630062.521621,0.0,0.0,0.0,0.0,0.0,0.0,0,0
1779630062.552563,0.0,0.0,0.0,0.0,0.0,0.0,0,0
1779630062.583602,0.0,0.0,0.0,0.0,0.0,0.0,0,0
1779630062.614629,0.0,0.0,0.0,0.0,0.0,0.0,0,0
1779630062.645663,0.0,0.0,0.0,0.0,0.0,0.0,0,0
1779630062.676623,0.0,0.0,0.0,0.0,0.0,0.0,0,0
1779630062.707611,0.0,0.0,0.0,0.0,0.0,0.0,0,0
1779630062.738637,0.0,0.0,0.0,0.0,0.0,0.0,0,0
1779630062.769631,0.0,0.0,0.0,0.0,0.0,0.0,0,0
1779630062.800632,0.0,0.0,0.0,0.0,0.0,0.0,0,0
1779630062.831616,0.0,0.0,0.0,0.0,0.0,0.0,0,0
1779630062.862588,0.0,0.0,0.0,0.0,0.0,0.0,0,0
1779630062.893625,0.0,0.0,0.0,0.0,0.0,0.0,0,0
1779630062.924595,0.0,0.0,0.0,0.0,0.0,0.0,0,0
1779630062.955617,0.0,0.0,0.0,0.0,0.0,0.0,0,0
1779630062.986616,0.0,0.0,0.0,0.0,0.0,0.0,0,0
1779630063.017615,0.0,0.0,0.0,0.0,0.0,0.0,0,0
1779630063.048598,0.0,0.0,0.0,0.0,0.0,0.0,0,0
1779630063.079667,0.0,0.0,0.0,0.0,0.0,0.0,0,0
1779630063.110598,0.0,0.0,0.0,0.0,0.0,0.0,0,0
1779630063.141616,0.0,0.0,0.0,0.0,0.0,0.0,0,0
1779630063.172617,0.0,0.0,0.0,0.0,0.0,0.0,0,0
1779630063.203594,0.0,0.0,0.0,0.0,0.0,0.0,0,0
1779630063.234623,0.0,0.0,0.0,0.0,0.0,0.0,0,0
1779630063.265642,0.0,0.0,0.0,0.0,0.0,0.0,0,0
1779630063.296656,0.0,0.0,0.0,0.0,0.0,0.0,0,0
1779630063.327646,0.0,0.0,0.0,0.0,0.0,0.0,0,0
1779630063.358645,0.0,0.0,0.0,0.0,0.0,0.0,0,0
1779630063.389675,0.0,0.0,0.0,0.0,0.0,0.0,0,0
1779630063.420653,0.0,0.0,0.0,0.0,0.0,0.0,0,0
1779630063.451632,0.0,0.0,0.0,0.0,0.0,0.0,0,0
1779630063.482633,0.0,0.0,0.0,0.0,0.0,0.0,0,0
1779630063.513610,0.0,0.0,0.0,0.0,0.0,0.0,0,0
1779630063.544578,0.0,0.0,0.0,0.0,0.0,0.0,0,0
1779630063.575588,0.0,0.0,0.0,0.0,0.0,0.0,0,0
1779630063.606615,0.0,0.0,0.0,0.0,0.0,0.0,0,0
1779630063.637626,0.0,0.0,0.0,0.0,0.0,0.0,0,0
1779630063.668618,0.0,0.0,0.0,0.0,0.0,0.0,0,0
1779630063.699590,0.0,0.0,0.0,0.0,0.0,0.0,0,0
1779630063.730653,0.0,0.0,0.0,0.0,0.0,0.0,0,0
1779630063.761595,0.0,0.0,0.0,0.0,0.0,0.0,0,0
1779630063.792582,0.0,0.0,0.0,0.0,0.0,0.0,0,0
1779630063.823599,0.0,0.0,0.0,0.0,0.0,0.0,0,0
1779630063.854616,0.0,0.0,0.0,0.0,0.0,0.0,0,0
1779630063.885613,0.0,0.0,0.0,0.0,0.0,0.0,0,0
1779630063.916608,0.0,0.0,0.0,0.0,0.0,0.0,0,0
1779630063.947658,0.0,0.0,0.0,0.0,0.0,0.0,0,0
1779630063.978617,0.0,0.0,0.0,0.0,0.0,0.0,0,0
1779630064.009602,0.0,0.0,0.0,0.0,0.0,0.0,0,0
1779630064.040593,0.0,0.0,0.0,0.0,0.0,0.0,0,0
1779630064.071600,0.0,0.0,0.0,0.0,0.0,0.0,0,0
1779630064.102592,0.0,0.0,0.0,0.0,0.0,0.0,0,0
1779630064.133610,0.0,0.0,0.0,0.0,0.0,0.0,0,0
1779630064.164622,0.0,0.0,0.0,0.0,0.0,0.0,0,0
1779630064.195703,0.0,0.0,0.0,0.0,0.0,0.0,0,0
1779630064.226642,0.0,0.0,0.0,0.0,0.0,0.0,0,0
1779630064.257613,0.0,0.0,0.0,0.0,0.0,0.0,0,0
1779630064.288595,0.0,0.0,0.0,0.0,0.0,0.0,0,0
1779630064.319654,0.0,0.0,0.0,0.0,0.0,0.0,0,0
1779630064.350587,0.0,0.0,0.0,0.0,0.0,0.0,0,0
1779630064.381608,0.0,0.0,0.0,0.0,0.0,0.0,0,0
1779630064.412634,0.0,0.0,0.0,0.0,0.0,0.0,0,0
1779630064.443609,0.0,0.0,0.0,0.0,0.0,0.0,0,0
1779630064.474614,0.0,0.0,0.0,0.0,0.0,0.0,0,0
1779630064.505599,0.0,0.0,0.0,0.0,0.0,0.0,0,0
1779630064.536575,0.0,0.0,0.0,0.0,0.0,0.0,0,0
1779630064.567651,0.0,0.0,0.0,0.0,0.0,0.0,0,0
1779630064.598649,0.0,0.0,0.0,0.0,0.0,0.0,0,0
1779630064.629628,0.0,0.0,0.0,0.0,0.0,0.0,0,0
1779630064.660611,0.0,0.0,0.0,0.0,0.0,0.0,0,0
1779630064.691659,0.0,0.0,0.0,0.0,0.0,0.0,0,0
1779630064.722628,0.0,0.0,0.0,0.0,0.0,0.0,0,0
1779630064.753664,0.0,0.0,0.0,0.0,0.0,0.0,0,0
1779630064.784614,0.0,0.0,0.0,0.0,0.0,0.0,0,0
1779630064.815641,0.0,0.0,0.0,0.0,0.0,0.0,0,0
1779630064.846640,0.0,0.0,0.0,0.0,0.0,0.0,0,0
1779630064.877643,0.0,0.0,0.0,0.0,0.0,0.0,0,0
1779630064.908631,0.0,0.0,0.0,0.0,0.0,0.0,0,0
1779630064.939593,0.0,0.0,0.0,0.0,0.0,0.0,0,0
1779630064.970588,0.0,0.0,0.0,0.0,0.0,0.0,0,0
1779630065.001585,0.0,0.0,0.0,0.0,0.0,0.0,0,0
1779630065.032605,0.0,0.0,0.0,0.0,0.0,0.0,0,0
1779630065.063610,0.0,0.0,0.0,0.0,0.0,0.0,0,0
1779630065.094632,0.0,0.0,0.0,0.0,0.0,0.0,0,0
1779630065.125624,0.0,0.0,0.0,0.0,0.0,0.0,0,0
1779630065.156622,0.0,0.0,0.0,0.0,0.0,0.0,0,0
1779630065.187563,0.0,0.0,0.0,0.0,0.0,0.0,0,0
1779630065.218633,0.0,0.0,0.0,0.0,0.0,0.0,0,0
1779630065.249616,0.0,0.0,0.0,0.0,0.0,0.0,0,0
1779630065.280642,0.0,0.0,0.0,0.0,0.0,0.0,0,0
1779630065.311647,0.0,0.0,0.0,0.0,0.0,0.0,0,0
1779630065.342604,0.0,0.0,0.0,0.0,0.0,0.0,0,0
1779630065.373579,0.0,0.0,0.0,0.0,0.0,0.0,0,0
1779630065.404592,0.0,0.0,0.0,0.0,0.0,0.0,0,0
1779630065.435604,0.0,0.0,0.0,0.0,0.0,0.0,0,0
1779630065.466688,0.0,0.0,0.0,0.0,0.0,0.0,0,0
1779630065.497695,0.0,0.0,0.0,0.0,0.0,0.0,0,0
1779630065.528642,0.0,0.0,0.0,0.0,0.0,0.0,0,0
1779630065.559598,0.0,0.0,0.0,0.0,0.0,0.0,0,0
1779630065.590558,0.0,0.0,0.0,0.0,0.0,0.0,0,0
1779630065.621574,0.0,0.0,0.0,0.0,0.0,0.0,0,0
1779630065.652572,0.0,0.0,0.0,0.0,0.0,0.0,0,0
1779630065.683591,0.0,0.0,0.0,0.0,0.0,0.0,0,0
1779630065.714673,0.0,0.0,0.0,0.0,0.0,0.0,0,0
1779630065.745664,0.0,0.0,0.0,0.0,0.0,0.0,0,0
1779630065.776597,0.0,0.0,0.0,0.0,0.0,0.0,0,0
1779630065.807599,0.0,0.0,0.0,0.0,0.0,0.0,0,0
1779630065.838631,0.0,0.0,0.0,0.0,0.0,0.0,0,0
1779630065.869601,0.0,0.0,0.0,0.0,0.0,0.0,0,0
1779630065.900622,0.0,0.0,0.0,0.0,0.0,0.0,0,0
1779630065.931675,0.0,0.0,0.0,0.0,0.0,0.0,0,0
1779630065.962613,0.0,0.0,0.0,0.0,0.0,0.0,0,0
1779630065.993568,0.0,0.0,0.0,0.0,0.0,0.0,0,0
1779630066.024618,0.0,0.0,0.0,0.0,0.0,0.0,0,0
1779630066.055609,0.0,0.0,0.0,0.0,0.0,0.0,0,0
1779630066.086632,0.0,0.0,0.0,0.0,0.0,0.0,0,0
1779630066.117600,0.0,0.0,0.0,0.0,0.0,0.0,0,0
1779630066.148699,0.0,0.0,0.0,0.0,0.0,0.0,0,0
1779630066.179667,0.0,0.0,0.0,0.0,0.0,0.0,0,0
1779630066.211618,0.0,0.0,0.0,0.0,0.0,0.0,0,0
1779630066.242598,0.0,0.0,0.0,0.0,0.0,0.0,0,0
1779630066.273664,0.0,0.0,0.0,0.0,0.0,0.0,0,0
1779630066.304615,0.0,0.0,0.0,0.0,0.0,0.0,0,0
1779630066.335624,0.0,0.0,0.0,0.0,0.0,0.0,0,0
1779630066.366688,0.0,0.0,0.0,0.0,0.0,0.0,0,0
1779630066.397653,0.0,0.0,0.0,0.0,0.0,0.0,0,0
1779630066.428656,0.0,0.0,0.0,0.0,0.0,0.0,0,0
1779630066.459661,0.0,0.0,0.0,0.0,0.0,0.0,0,0
1779630066.490619,0.0,0.0,0.0,0.0,0.0,0.0,0,0
1779630066.521641,0.0,0.0,0.0,0.0,0.0,0.0,0,0
1779630066.552628,0.0,0.0,0.0,0.0,0.0,0.0,0,0
1779630066.583625,0.0,0.0,0.0,0.0,0.0,0.0,0,0
1779630066.614661,0.0,0.0,0.0,0.0,0.0,0.0,0,0
1779630066.645657,0.0,0.0,0.0,0.0,0.0,0.0,0,0
1779630066.676582,0.0,0.0,0.0,0.0,0.0,0.0,0,0
1779630066.707618,0.0,0.0,0.0,0.0,0.0,0.0,0,0
1779630066.738613,0.0,0.0,0.0,0.0,0.0,0.0,0,0
1779630066.769621,0.0,0.0,0.0,0.0,0.0,0.0,0,0
1779630066.800581,0.0,0.0,0.0,0.0,0.0,0.0,0,0
1779630066.831593,0.0,0.0,0.0,0.0,0.0,0.0,0,0
1779630066.862595,0.0,0.0,0.0,0.0,0.0,0.0,0,0
1779630066.893662,0.0,0.0,0.0,0.0,0.0,0.0,0,0
1779630066.924634,0.0,0.0,0.0,0.0,0.0,0.0,0,0
1779630066.955602,0.0,0.0,0.0,0.0,0.0,0.0,0,0
1779630066.986608,0.0,0.0,0.0,0.0,0.0,0.0,0,0
1779630067.017640,0.0,0.0,0.0,0.0,0.0,0.0,0,0
1779630067.048627,0.0,0.0,0.0,0.0,0.0,0.0,0,0
1779630067.079633,0.0,0.0,0.0,0.0,0.0,0.0,0,0
1779630067.110629,0.0,0.0,0.0,0.0,0.0,0.0,0,0
1779630067.141607,0.0,0.0,0.0,0.0,0.0,0.0,0,0
1779630067.172627,0.0,0.0,0.0,0.0,0.0,0.0,0,0
1779630067.203938,0.0,0.0,0.0,0.0,0.0,0.0,0,0
1779630067.234712,0.0,0.0,0.0,0.0,0.0,0.0,0,0
1779630067.265602,0.0,0.0,0.0,0.0,0.0,0.0,0,0
1779630067.296610,0.0,0.0,0.0,0.0,0.0,0.0,0,0
1779630067.327652,0.0,0.0,0.0,0.0,0.0,0.0,0,0
1779630067.358596,0.0,0.0,0.0,0.0,0.0,0.0,0,0
1779630067.389601,0.0,0.0,0.0,0.0,0.0,0.0,0,0
1779630067.420633,0.0,0.0,0.0,0.0,0.0,0.0,0,0
1779630067.451712,0.0,0.0,0.0,0.0,0.0,0.0,0,0
1779630067.482690,0.0,0.0,0.0,0.0,0.0,0.0,0,0
1779630067.513575,0.0,0.0,0.0,0.0,0.0,0.0,0,0
1779630067.544581,0.0,0.0,0.0,0.0,0.0,0.0,0,0
1779630067.575666,0.0,0.0,0.0,0.0,0.0,0.0,0,0
1779630067.606566,0.0,0.0,0.0,0.0,0.0,0.0,0,0
1779630067.637652,0.0,0.0,0.0,0.0,0.0,0.0,0,0
1779630067.668601,0.0,0.0,0.0,0.0,0.0,0.0,0,0
1779630067.699613,0.0,0.0,0.0,0.0,0.0,0.0,0,0
1779630067.730627,0.0,0.0,0.0,0.0,0.0,0.0,0,0
1779630067.761620,0.0,0.0,0.0,0.0,0.0,0.0,0,0
1779630067.792622,0.0,0.0,0.0,0.0,0.0,0.0,0,0
1779630067.823621,0.0,0.0,0.0,0.0,0.0,0.0,0,0
1779630067.854676,0.0,0.0,0.0,0.0,0.0,0.0,0,0
1779630067.885631,0.0,0.0,0.0,0.0,0.0,0.0,0,0
1779630067.916642,0.0,0.0,0.0,0.0,0.0,0.0,0,0
1779630067.947618,0.0,0.0,0.0,0.0,0.0,0.0,0,0
1779630067.978600,0.0,0.0,0.0,0.0,0.0,0.0,0,0
1779630068.009602,0.0,0.0,0.0,0.0,0.0,0.0,0,0
1779630068.040592,0.0,0.0,0.0,0.0,0.0,0.0,0,0
1779630068.071654,0.0,0.0,0.0,0.0,0.0,0.0,0,0
1779630068.102659,0.0,0.0,0.0,0.0,0.0,0.0,0,0
1779630068.133680,0.0,0.0,0.0,0.0,0.0,0.0,0,0
1779630068.164577,0.0,0.0,0.0,0.0,0.0,0.0,0,0
1779630068.195608,0.0,0.0,0.0,0.0,0.0,0.0,0,0
1779630068.226635,0.0,0.0,0.0,0.0,0.0,0.0,0,0
1779630068.257661,0.0,0.0,0.0,0.0,0.0,0.0,0,0
1779630068.288627,0.0,0.0,0.0,0.0,0.0,0.0,0,0
1779630068.319623,0.0,0.0,0.0,0.0,0.0,0.0,0,0
1779630068.350615,0.0,0.0,0.0,0.0,0.0,0.0,0,0
1779630068.381685,0.0,0.0,0.0,0.0,0.0,0.0,0,0
1779630068.412649,0.0,0.0,0.0,0.0,0.0,0.0,0,0
1779630068.443609,0.0,0.0,0.0,0.0,0.0,0.0,0,0
1779630068.474649,0.0,0.0,0.0,0.0,0.0,0.0,0,0
1779630068.505597,0.0,0.0,0.0,0.0,0.0,0.0,0,0
1779630068.536609,0.0,0.0,0.0,0.0,0.0,0.0,0,0
1779630068.567668,0.0,0.0,0.0,0.0,0.0,0.0,0,0
1779630068.598635,0.0,0.0,0.0,0.0,0.0,0.0,0,0
1779630068.629665,0.0,0.0,0.0,0.0,0.0,0.0,0,0
1779630068.660664,0.0,0.0,0.0,0.0,0.0,0.0,0,0
1779630068.691617,0.0,0.0,0.0,0.0,0.0,0.0,0,0
1779630068.722670,0.0,0.0,0.0,0.0,0.0,0.0,0,0
1779630068.753611,0.0,0.0,0.0,0.0,0.0,0.0,0,0
1779630068.784647,0.0,0.0,0.0,0.0,0.0,0.0,0,0
1779630068.815602,0.0,0.0,0.0,0.0,0.0,0.0,0,0
1779630068.846644,0.0,0.0,0.0,0.0,0.0,0.0,0,0
1779630068.877572,0.0,0.0,0.0,0.0,0.0,0.0,0,0
1779630068.908593,0.0,0.0,0.0,0.0,0.0,0.0,0,0
1779630068.939605,0.0,0.0,0.0,0.0,0.0,0.0,0,0
1779630068.970624,0.0,0.0,0.0,0.0,0.0,0.0,0,0
1779630069.001672,0.0,0.0,0.0,0.0,0.0,0.0,0,0
1779630069.032675,0.0,0.0,0.0,0.0,0.0,0.0,0,0
1779630069.063631,0.0,0.0,0.0,0.0,0.0,0.0,0,0
1779630069.094610,0.0,0.0,0.0,0.0,0.0,0.0,0,0
1779630069.125594,0.0,0.0,0.0,0.0,0.0,0.0,0,0
1779630069.156640,0.0,0.0,0.0,0.0,0.0,0.0,0,0
1779630069.187622,0.0,0.0,0.0,0.0,0.0,0.0,0,0
1779630069.218640,0.0,0.0,0.0,0.0,0.0,0.0,0,0
1779630069.249610,0.0,0.0,0.0,0.0,0.0,0.0,0,0
1779630069.280627,0.0,0.0,0.0,0.0,0.0,0.0,0,0
1779630069.311607,0.0,0.0,0.0,0.0,0.0,0.0,0,0
1779630069.342596,0.0,0.0,0.0,0.0,0.0,0.0,0,0
1779630069.373648,0.0,0.0,0.0,0.0,0.0,0.0,0,0
1779630069.404623,0.0,0.0,0.0,0.0,0.0,0.0,0,0
1779630069.435646,0.0,0.0,0.0,0.0,0.0,0.0,0,0
1779630069.466680,0.0,0.0,0.0,0.0,0.0,0.0,0,0
1779630069.497621,0.0,0.0,0.0,0.0,0.0,0.0,0,0
1779630069.528645,0.0,0.0,0.0,0.0,0.0,0.0,0,0
1779630069.559712,0.0,0.0,0.0,0.0,0.0,0.0,0,0
1779630069.590643,0.0,0.0,0.0,0.0,0.0,0.0,0,0
1779630069.621647,0.0,0.0,0.0,0.0,0.0,0.0,0,0
1779630069.652681,0.0,0.0,0.0,0.0,0.0,0.0,0,0
1779630069.683619,0.0,0.0,0.0,0.0,0.0,0.0,0,0
1779630069.714614,0.0,0.0,0.0,0.0,0.0,0.0,0,0
1779630069.745624,0.0,0.0,0.0,0.0,0.0,0.0,0,0
1779630069.776622,0.0,0.0,0.0,0.0,0.0,0.0,0,0
1779630069.807632,0.0,0.0,0.0,0.0,0.0,0.0,0,0
1779630069.838628,0.0,0.0,0.0,0.0,0.0,0.0,0,0
1779630069.869625,0.0,0.0,0.0,0.0,0.0,0.0,0,0
1779630069.900601,0.0,0.0,0.0,0.0,0.0,0.0,0,0
1779630069.931620,0.0,0.0,0.0,0.0,0.0,0.0,0,0
1779630069.962638,0.0,0.0,0.0,0.0,0.0,0.0,0,0
1779630069.993634,0.0,0.0,0.0,0.0,0.0,0.0,0,0
1779630070.024667,0.0,0.0,0.0,0.0,0.0,0.0,0,0
1779630070.055663,0.0,0.0,0.0,0.0,0.0,0.0,0,0
1779630070.086668,0.0,0.0,0.0,0.0,0.0,0.0,0,0
1779630070.117656,0.0,0.0,0.0,0.0,0.0,0.0,0,0
1779630070.148673,0.0,0.0,0.0,0.0,0.0,0.0,0,0
1779630070.179680,0.0,0.0,0.0,0.0,0.0,0.0,0,0
1779630070.210607,0.0,0.0,0.0,0.0,0.0,0.0,0,0
1779630070.241608,0.0,0.0,0.0,0.0,0.0,0.0,0,0
1779630070.272618,0.0,0.0,0.0,0.0,0.0,0.0,0,0
1779630070.303689,0.0,0.0,0.0,0.0,0.0,0.0,0,0
1779630070.334632,0.0,0.0,0.0,0.0,0.0,0.0,0,0
1779630070.365587,0.0,0.0,0.0,0.0,0.0,0.0,0,0
1779630070.396608,0.0,0.0,0.0,0.0,0.0,0.0,0,0
1779630070.427610,0.0,0.0,0.0,0.0,0.0,0.0,0,0
1779630070.458638,0.0,0.0,0.0,0.0,0.0,0.0,0,0
1779630070.489615,0.0,0.0,0.0,0.0,0.0,0.0,0,0
1779630070.520635,0.0,0.0,0.0,0.0,0.0,0.0,0,0
1779630070.551614,0.0,0.0,0.0,0.0,0.0,0.0,0,0
1779630070.582640,0.0,0.0,0.0,0.0,0.0,0.0,0,0
1779630070.613580,0.0,0.0,0.0,0.0,0.0,0.0,0,0
1779630070.644613,0.0,0.0,0.0,0.0,0.0,0.0,0,0
1779630070.661613,-0.0078125,-0.013671875,0.00390625,0.03125,0.037109375,0.0,0,0
1779630070.677653,-0.0078125,-0.013671875,0.03515625,0.03125,0.037109375,0.0,0,0
1779630070.693644,-0.0078125,-0.013671875,0.068359375,0.03125,0.037109375,0.0,0,0
1779630070.709649,-0.0078125,-0.013671875,0.09765625,0.03125,0.037109375,0.0,0,0
1779630070.725620,-0.0078125,-0.013671875,0.140625,0.03125,0.037109375,0.0,0,0
1779630070.733675,-0.0078125,-0.013671875,0.140625,0.03125,0.037109375,0.015625,0,0
1779630070.741625,0.009765625,-0.013671875,0.224609375,0.03125,0.037109375,0.015625,0,0
1779630070.749642,0.009765625,-0.013671875,0.224609375,0.03125,0.037109375,0.033203125,0,0
1779630070.757655,0.029296875,-0.013671875,0.314453125,0.03125,0.037109375,0.033203125,0,0
1779630070.765593,0.029296875,-0.013671875,0.314453125,0.01171875,0.037109375,0.037109375,0,0
1779630070.773597,0.03515625,-0.0234375,0.37890625,0.01171875,0.037109375,0.037109375,0,0
1779630070.781622,0.03515625,-0.0234375,0.37890625,0.060546875,0.037109375,0.02734375,0,0
1779630070.789647,0.0234375,-0.0390625,0.390625,0.060546875,0.037109375,0.02734375,0,0
1779630070.797580,0.0234375,-0.0390625,0.390625,0.08203125,0.037109375,0.017578125,0,0
1779630070.805621,0.005859375,-0.044921875,0.3984375,0.08203125,0.037109375,0.017578125,0,0
1779630070.813581,0.005859375,-0.044921875,0.3984375,0.0859375,0.037109375,0.005859375,0,0
1779630070.821594,0.005859375,-0.037109375,0.412109375,0.0859375,0.037109375,0.005859375,0,0
1779630070.829651,0.005859375,-0.037109375,0.412109375,0.072265625,0.037109375,0.005859375,0,0
1779630070.837676,0.005859375,-0.0234375,0.4296875,0.072265625,0.037109375,0.005859375,0,0
1779630070.845644,0.005859375,-0.0234375,0.4296875,0.046875,0.037109375,0.005859375,0,0
1779630070.853630,0.005859375,-0.017578125,0.462890625,0.046875,0.037109375,0.005859375,0,0
1779630070.861602,0.005859375,-0.017578125,0.462890625,0.0234375,0.037109375,0.005859375,0,0
1779630070.869649,0.005859375,-0.01953125,0.498046875,0.0234375,0.037109375,0.005859375,0,0
1779630070.877633,0.005859375,-0.01953125,0.498046875,0.017578125,0.037109375,0.0,0,0
1779630070.885688,0.0,-0.015625,0.52734375,0.017578125,0.037109375,0.0,0,0
1779630070.893613,0.0,-0.015625,0.52734375,0.0078125,0.037109375,0.0,0,0
1779630070.901637,0.00390625,-0.00390625,0.5390625,0.0078125,0.037109375,0.0,0,0
1779630070.917617,0.00390625,-0.00390625,0.54296875,0.0078125,0.037109375,0.0,0,0
1779630070.933666,0.00390625,-0.00390625,0.546875,0.0078125,0.037109375,0.0,0,0
1779630070.949646,0.00390625,-0.00390625,0.556640625,0.0078125,0.037109375,0.0,0,0
1779630070.965679,0.00390625,-0.00390625,0.572265625,0.0078125,0.037109375,0.0,0,0
1779630070.981645,0.00390625,-0.00390625,0.591796875,0.0078125,0.037109375,0.0,0,0
1779630070.989635,0.00390625,-0.00390625,0.591796875,0.0078125,0.037109375,0.005859375,0,0
1779630070.997614,0.00390625,-0.00390625,0.60546875,0.0078125,0.037109375,0.005859375,0,0
1779630071.005624,0.00390625,-0.00390625,0.60546875,0.0078125,0.037109375,0.015625,0,0
1779630071.013643,0.013671875,-0.00390625,0.615234375,0.0078125,0.037109375,0.015625,0,0
1779630071.021579,0.013671875,-0.00390625,0.615234375,0.0078125,0.037109375,0.01953125,0,0
1779630071.029659,0.01953125,-0.00390625,0.623046875,0.0078125,0.037109375,0.01953125,0,0
1779630071.037645,0.01953125,-0.00390625,0.623046875,0.0078125,0.037109375,0.025390625,0,0
1779630071.045607,0.015625,-0.00390625,0.62890625,0.0078125,0.037109375,0.025390625,0,0
1779630071.053607,0.015625,-0.00390625,0.62890625,0.0078125,0.037109375,0.0390625,0,0
1779630071.061628,0.01171875,-0.00390625,0.640625,0.0078125,0.037109375,0.0390625,0,0
1779630071.069618,0.01171875,-0.00390625,0.640625,0.0078125,0.037109375,0.05859375,0,0
1779630071.077625,0.01171875,-0.00390625,0.65234375,0.0078125,0.037109375,0.05859375,0,0
1779630071.085712,0.01171875,-0.00390625,0.65234375,0.0078125,0.037109375,0.0859375,0,0
1779630071.093659,0.015625,-0.00390625,0.65234375,0.0078125,0.037109375,0.0859375,0,0
1779630071.101639,0.015625,-0.00390625,0.65234375,0.0078125,0.037109375,0.11328125,0,0
1779630071.109635,0.029296875,-0.00390625,0.6484375,0.0078125,0.037109375,0.11328125,0,0
1779630071.117645,0.029296875,-0.00390625,0.6484375,0.0078125,0.037109375,0.134765625,0,0
1779630071.125624,0.0390625,-0.00390625,0.64453125,0.0078125,0.037109375,0.134765625,0,0
1779630071.133629,0.0390625,-0.00390625,0.64453125,0.0078125,0.037109375,0.150390625,0,0
1779630071.141648,0.046875,-0.00390625,0.638671875,0.0078125,0.037109375,0.150390625,0,0
1779630071.149643,0.046875,-0.00390625,0.638671875,0.0078125,0.037109375,0.173828125,0,0
1779630071.157675,0.052734375,-0.00390625,0.6484375,0.0078125,0.037109375,0.173828125,0,0
1779630071.165613,0.052734375,-0.00390625,0.6484375,0.0078125,0.037109375,0.19921875,0,0
1779630071.173664,0.05859375,-0.00390625,0.658203125,0.0078125,0.037109375,0.19921875,0,0
1779630071.181601,0.05859375,-0.00390625,0.658203125,0.0078125,0.037109375,0.232421875,0,0
1779630071.189645,0.05859375,-0.00390625,0.66015625,0.0078125,0.037109375,0.232421875,0,0
1779630071.197598,0.05859375,-0.00390625,0.66015625,0.0,0.037109375,0.267578125,0,0
1779630071.205609,0.05859375,-0.00390625,0.65625,0.0,0.037109375,0.267578125,0,0
1779630071.213567,0.05859375,-0.00390625,0.65625,0.013671875,0.0,0.310546875,0,0
1779630071.221588,0.046875,-0.00390625,0.630859375,0.013671875,0.0,0.310546875,0,0
1779630071.229637,0.046875,-0.00390625,0.630859375,0.015625,0.00390625,0.357421875,0,0
1779630071.237619,0.05078125,-0.00390625,0.61328125,0.015625,0.00390625,0.357421875,0,0
1779630071.245694,0.05078125,-0.00390625,0.61328125,0.005859375,0.01171875,0.404296875,0,0
1779630071.253598,0.064453125,-0.00390625,0.599609375,0.005859375,0.01171875,0.404296875,0,0
1779630071.261626,0.064453125,-0.00390625,0.599609375,0.005859375,0.0234375,0.443359375,0,0
1779630071.269650,0.08203125,-0.00390625,0.58984375,0.005859375,0.0234375,0.443359375,0,0
1779630071.277658,0.08203125,-0.00390625,0.58984375,0.017578125,0.03515625,0.4765625,0,0
1779630071.285656,0.09375,-0.00390625,0.564453125,0.017578125,0.03515625,0.4765625,0,0
1779630071.293636,0.09375,-0.00390625,0.564453125,0.025390625,0.05078125,0.513671875,0,0
1779630071.301648,0.09765625,-0.00390625,0.546875,0.025390625,0.05078125,0.513671875,0,0
1779630071.309628,0.09765625,-0.00390625,0.546875,0.037109375,0.060546875,0.544921875,0,0
1779630071.317613,0.087890625,-0.00390625,0.521484375,0.037109375,0.060546875,0.544921875,0,0
1779630071.325655,0.087890625,-0.00390625,0.521484375,0.048828125,0.0703125,0.58203125,0,0
1779630071.333606,0.05859375,-0.00390625,0.48828125,0.048828125,0.0703125,0.58203125,0,0
1779630071.341609,0.05859375,-0.00390625,0.48828125,0.0390625,0.06640625,0.619140625,0,0
1779630071.349634,0.046875,-0.00390625,0.466796875,0.0390625,0.06640625,0.619140625,0,0
1779630071.357603,0.046875,-0.00390625,0.466796875,0.03515625,0.064453125,0.640625,0,0
1779630071.365634,0.044921875,-0.00390625,0.451171875,0.03515625,0.064453125,0.640625,0,0
1779630071.373620,0.044921875,-0.00390625,0.451171875,0.0390625,0.060546875,0.65234375,0,0
1779630071.381612,0.041015625,-0.00390625,0.443359375,0.0390625,0.060546875,0.65234375,0,0
1779630071.389616,0.041015625,-0.00390625,0.443359375,0.0390625,0.052734375,0.658203125,0,0
1779630071.397640,0.037109375,-0.00390625,0.4375,0.0390625,0.052734375,0.658203125,0,0
1779630071.405665,0.037109375,-0.00390625,0.4375,0.0390625,0.046875,0.662109375,0,0
1779630071.413643,0.03515625,-0.00390625,0.43359375,0.0390625,0.046875,0.662109375,0,0
1779630071.421609,0.03515625,-0.00390625,0.43359375,0.033203125,0.041015625,0.6640625,0,0
1779630071.429648,0.029296875,-0.00390625,0.42578125,0.033203125,0.041015625,0.6640625,0,0
1779630071.437677,0.029296875,-0.00390625,0.42578125,0.029296875,0.03125,0.669921875,0,0
1779630071.445648,0.025390625,-0.00390625,0.419921875,0.029296875,0.03125,0.669921875,0,0
1779630071.453656,0.025390625,-0.00390625,0.419921875,0.02734375,0.0234375,0.673828125,0,0
1779630071.461640,0.01953125,-0.00390625,0.41015625,0.02734375,0.0234375,0.673828125,0,0
1779630071.469630,0.01953125,-0.00390625,0.41015625,0.025390625,0.013671875,0.677734375,0,0
1779630071.477644,0.017578125,-0.00390625,0.41015625,0.025390625,0.013671875,0.677734375,0,0
1779630071.485632,0.017578125,-0.00390625,0.41015625,0.025390625,0.013671875,0.6796875,0,0
1779630071.493653,0.013671875,-0.00390625,0.404296875,0.025390625,0.013671875,0.6796875,0,0
1779630071.501616,0.013671875,-0.00390625,0.404296875,0.025390625,0.005859375,0.68359375,0,0
1779630071.509604,0.013671875,-0.00390625,0.40234375,0.025390625,0.005859375,0.68359375,0,0
1779630071.517639,0.013671875,-0.00390625,0.40234375,0.02734375,0.00390625,0.68359375,0,0
1779630071.525622,0.009765625,-0.00390625,0.396484375,0.02734375,0.00390625,0.68359375,0,0
1779630071.533586,0.009765625,-0.00390625,0.396484375,0.025390625,0.00390625,0.68359375,0,0
1779630071.541622,0.009765625,-0.00390625,0.396484375,0.025390625,0.00390625,0.68359375,0,0
1779630071.549600,0.009765625,-0.00390625,0.396484375,0.025390625,0.00390625,0.68359375,0,0
1779630071.557592,0.0078125,-0.00390625,0.39453125,0.025390625,0.00390625,0.68359375,0,0
1779630071.565610,0.0078125,-0.00390625,0.39453125,0.02734375,0.00390625,0.68359375,0,0
1779630071.573623,0.005859375,-0.00390625,0.392578125,0.02734375,0.00390625,0.68359375,0,0
1779630071.581629,0.005859375,-0.00390625,0.392578125,0.02734375,0.00390625,0.68359375,0,0
1779630071.589664,0.005859375,-0.00390625,0.388671875,0.02734375,0.00390625,0.68359375,0,0
1779630071.597635,0.005859375,-0.00390625,0.388671875,0.02734375,0.00390625,0.68359375,0,0
1779630071.605613,0.005859375,-0.00390625,0.384765625,0.02734375,0.00390625,0.68359375,0,0
1779630071.613618,0.005859375,-0.00390625,0.384765625,0.02734375,0.00390625,0.68359375,0,0
1779630071.621640,0.00390625,-0.00390625,0.380859375,0.02734375,0.00390625,0.68359375,0,0
1779630071.629627,0.00390625,-0.00390625,0.380859375,0.02734375,0.00390625,0.68359375,0,0
1779630071.637637,0.0,-0.00390625,0.37890625,0.02734375,0.00390625,0.68359375,0,0
1779630071.645659,0.0,-0.00390625,0.37890625,0.025390625,0.00390625,0.68359375,0,0
1779630071.653644,0.0,-0.00390625,0.376953125,0.025390625,0.00390625,0.68359375,0,0
1779630071.661581,0.0,-0.00390625,0.376953125,0.025390625,0.00390625,0.68359375,0,0
1779630071.669666,0.0,-0.00390625,0.376953125,0.025390625,0.00390625,0.68359375,0,0
1779630071.677619,0.0,-0.00390625,0.376953125,0.025390625,0.00390625,0.68359375,0,0
1779630071.685694,0.0,-0.00390625,0.376953125,0.025390625,0.00390625,0.68359375,0,0
1779630071.693650,0.0,-0.00390625,0.376953125,0.025390625,0.00390625,0.68359375,0,0
1779630071.701614,0.0,-0.00390625,0.375,0.025390625,0.00390625,0.68359375,0,0
1779630071.709658,0.0,-0.00390625,0.375,0.025390625,0.00390625,0.68359375,0,0
1779630071.717642,0.0,-0.00390625,0.373046875,0.025390625,0.00390625,0.68359375,0,0
1779630071.725674,0.0,-0.00390625,0.373046875,0.025390625,0.00390625,0.68359375,0,0
1779630071.733668,0.0,-0.00390625,0.373046875,0.025390625,0.00390625,0.68359375,0,0
1779630071.741646,0.0,-0.00390625,0.373046875,0.025390625,0.00390625,0.68359375,0,0
1779630071.749647,0.0,-0.00390625,0.373046875,0.025390625,0.00390625,0.68359375,0,0
1779630071.757621,0.0,-0.00390625,0.373046875,0.025390625,0.00390625,0.68359375,0,0
1779630071.765624,0.0,-0.00390625,0.373046875,0.025390625,0.00390625,0.68359375,0,0
1779630071.773603,0.0,-0.00390625,0.373046875,0.025390625,0.00390625,0.68359375,0,0
1779630071.781595,0.0,-0.00390625,0.36328125,0.025390625,0.00390625,0.68359375,0,0
1779630071.789631,0.0,-0.00390625,0.36328125,0.01953125,0.00390625,0.68359375,0,0
1779630071.797604,0.0,-0.00390625,0.3515625,0.01953125,0.00390625,0.68359375,0,0
1779630071.805604,0.0,-0.00390625,0.3515625,0.009765625,0.00390625,0.68359375,0,0
1779630071.813609,0.0,-0.00390625,0.34375,0.009765625,0.00390625,0.68359375,0,0
1779630071.821624,0.0,-0.00390625,0.34375,0.00390625,0.00390625,0.68359375,0,0
1779630071.829665,0.0,-0.00390625,0.33984375,0.00390625,0.00390625,0.68359375,0,0
1779630071.837650,0.0,-0.00390625,0.33984375,0.00390625,0.00390625,0.68359375,0,0
1779630071.845613,0.0,-0.00390625,0.337890625,0.00390625,0.00390625,0.68359375,0,0
1779630071.853606,0.0,-0.00390625,0.337890625,0.00390625,0.00390625,0.68359375,0,0
1779630071.861565,0.0,-0.00390625,0.33203125,0.00390625,0.00390625,0.68359375,0,0
1779630071.869637,0.0,-0.00390625,0.33203125,0.00390625,0.00390625,0.68359375,0,0
1779630071.877628,0.0,-0.00390625,0.328125,0.00390625,0.00390625,0.68359375,0,0
1779630071.885628,0.0,-0.00390625,0.328125,0.00390625,0.00390625,0.68359375,0,0
1779630071.893651,0.0,-0.00390625,0.32421875,0.00390625,0.00390625,0.68359375,0,0
1779630071.901649,0.0,-0.00390625,0.32421875,0.00390625,0.00390625,0.68359375,0,0
1779630071.909636,0.0,-0.00390625,0.32421875,0.00390625,0.00390625,0.68359375,0,0
1779630071.917651,0.0,-0.00390625,0.32421875,0.00390625,0.00390625,0.68359375,0,0
1779630071.925637,0.0,-0.00390625,0.3203125,0.00390625,0.00390625,0.68359375,0,0
1779630071.933612,0.0,-0.00390625,0.3203125,0.00390625,0.00390625,0.68359375,0,0
1779630071.941631,0.0,-0.00390625,0.318359375,0.00390625,0.00390625,0.68359375,0,0
1779630071.949614,0.0,-0.00390625,0.318359375,0.00390625,0.00390625,0.68359375,0,0
1779630071.957594,0.0,-0.00390625,0.318359375,0.00390625,0.00390625,0.68359375,0,0
1779630071.965649,0.0,-0.00390625,0.318359375,0.00390625,0.00390625,0.68359375,0,0
1779630071.973644,0.0,-0.00390625,0.31640625,0.00390625,0.00390625,0.68359375,0,0
1779630071.981636,0.0,-0.00390625,0.31640625,0.00390625,0.00390625,0.68359375,0,0
1779630071.989695,0.0,-0.00390625,0.31640625,0.00390625,0.00390625,0.68359375,0,0
1779630071.997586,0.0,-0.00390625,0.31640625,0.00390625,0.00390625,0.68359375,0,0
1779630072.005670,0.0,-0.00390625,0.31640625,0.00390625,0.00390625,0.68359375,0,0
1779630072.013636,0.0,-0.00390625,0.31640625,0.00390625,0.00390625,0.68359375,0,0
1779630072.021644,0.0,-0.00390625,0.31640625,0.00390625,0.00390625,0.68359375,0,0
1779630072.029660,0.0,-0.00390625,0.31640625,0.00390625,0.00390625,0.68359375,0,0
1779630072.037664,0.0,-0.00390625,0.30859375,0.00390625,0.00390625,0.68359375,0,0
1779630072.045639,0.0,-0.00390625,0.30859375,0.00390625,0.00390625,0.68359375,0,0
1779630072.053634,0.0,-0.00390625,0.302734375,0.00390625,0.00390625,0.68359375,0,0
1779630072.061630,0.0,-0.00390625,0.302734375,0.00390625,0.00390625,0.68359375,0,0
1779630072.069665,0.0,-0.00390625,0.302734375,0.00390625,0.00390625,0.68359375,0,0
1779630072.077641,0.0,-0.00390625,0.302734375,0.00390625,0.00390625,0.68359375,0,0
1779630072.085691,0.0,-0.00390625,0.30078125,0.00390625,0.00390625,0.68359375,0,0
1779630072.093677,0.0,-0.00390625,0.30078125,0.00390625,0.00390625,0.68359375,0,0
1779630072.101694,0.0,-0.00390625,0.30078125,0.00390625,0.00390625,0.68359375,0,0
1779630072.109594,0.0,-0.00390625,0.30078125,0.00390625,0.00390625,0.68359375,0,0
1779630072.117637,0.0,-0.00390625,0.30078125,0.00390625,0.00390625,0.68359375,0,0
1779630072.125671,0.0,-0.00390625,0.30078125,0.00390625,0.00390625,0.68359375,0,0
1779630072.133657,0.0,-0.00390625,0.30078125,0.00390625,0.00390625,0.68359375,0,0
1779630072.141636,0.0,-0.00390625,0.30078125,0.00390625,0.00390625,0.68359375,0,0
1779630072.149665,0.0,-0.00390625,0.30078125,0.00390625,0.00390625,0.68359375,0,0
1779630072.157627,0.0,-0.00390625,0.30078125,0.00390625,0.00390625,0.68359375,0,0
1779630072.165636,0.0,-0.00390625,0.30078125,0.00390625,0.00390625,0.68359375,0,0
1779630072.173603,0.0,-0.00390625,0.30078125,0.00390625,0.00390625,0.68359375,0,0
1779630072.181649,0.0,-0.00390625,0.30078125,0.00390625,0.00390625,0.68359375,0,0
1779630072.189623,0.0,-0.00390625,0.30078125,0.00390625,0.00390625,0.68359375,0,0
1779630072.197637,0.0,-0.00390625,0.30078125,0.00390625,0.00390625,0.68359375,0,0
1779630072.205659,0.0,-0.00390625,0.30078125,0.00390625,0.00390625,0.68359375,0,0
1779630072.213591,0.0,-0.00390625,0.298828125,0.00390625,0.00390625,0.68359375,0,0
1779630072.221616,0.0,-0.00390625,0.298828125,0.00390625,0.00390625,0.68359375,0,0
1779630072.229627,0.0,-0.00390625,0.298828125,0.00390625,0.00390625,0.68359375,0,0
1779630072.237658,0.0,-0.00390625,0.298828125,0.00390625,0.00390625,0.68359375,0,0
1779630072.245672,0.0,-0.00390625,0.298828125,0.00390625,0.00390625,0.68359375,0,0
1779630072.253709,0.0,-0.00390625,0.298828125,0.00390625,0.00390625,0.68359375,0,0
1779630072.261621,0.0,-0.00390625,0.298828125,0.00390625,0.00390625,0.68359375,0,0
1779630072.269665,0.0,-0.00390625,0.298828125,0.00390625,0.00390625,0.68359375,0,0
1779630072.277652,0.0,-0.00390625,0.298828125,0.00390625,0.00390625,0.68359375,0,0
1779630072.285612,0.0,-0.00390625,0.298828125,0.00390625,0.00390625,0.68359375,0,0
1779630072.293630,0.0,-0.00390625,0.298828125,0.00390625,0.00390625,0.68359375,0,0
1779630072.301591,0.0,-0.00390625,0.298828125,0.00390625,0.00390625,0.68359375,0,0
1779630072.309627,0.0,-0.00390625,0.298828125,0.00390625,0.00390625,0.68359375,0,0
1779630072.317621,0.0,-0.00390625,0.298828125,0.00390625,0.00390625,0.68359375,0,0
1779630072.325576,0.0,-0.00390625,0.298828125,0.00390625,0.00390625,0.68359375,0,0
1779630072.333575,0.0,-0.00390625,0.298828125,0.00390625,0.00390625,0.68359375,0,0
1779630072.341593,0.0,-0.00390625,0.298828125,0.00390625,0.00390625,0.68359375,0,0
1779630072.349576,0.0,-0.00390625,0.298828125,0.00390625,0.00390625,0.68359375,0,0
1779630072.357625,0.0,-0.00390625,0.298828125,0.00390625,0.00390625,0.68359375,0,0
1779630072.365592,0.0,-0.00390625,0.298828125,0.00390625,0.00390625,0.68359375,0,0
1779630072.373605,0.0,-0.00390625,0.296875,0.00390625,0.00390625,0.68359375,0,0
1779630072.381637,0.0,-0.00390625,0.296875,0.00390625,0.00390625,0.68359375,0,0
1779630072.389671,0.0,-0.00390625,0.296875,0.00390625,0.00390625,0.68359375,0,0
1779630072.397639,0.0,-0.00390625,0.296875,0.00390625,0.00390625,0.68359375,0,0
1779630072.405651,0.0,-0.00390625,0.296875,0.00390625,0.00390625,0.68359375,0,0
1779630072.413616,0.0,-0.00390625,0.296875,0.00390625,0.00390625,0.68359375,0,0
1779630072.421654,0.0,-0.00390625,0.255859375,0.00390625,0.00390625,0.68359375,0,0
1779630072.429649,0.0,-0.00390625,0.255859375,0.00390625,0.00390625,0.68359375,0,0
1779630072.437673,0.0,-0.00390625,0.251953125,0.00390625,0.00390625,0.68359375,0,0
1779630072.445623,0.0,-0.00390625,0.251953125,0.00390625,0.00390625,0.68359375,0,0
1779630072.453586,0.0,-0.00390625,0.25,0.00390625,0.00390625,0.68359375,0,0
1779630072.461654,0.0,-0.00390625,0.25,0.00390625,0.00390625,0.68359375,0,0
1779630072.469613,0.0,-0.00390625,0.25,0.00390625,0.00390625,0.68359375,0,0
1779630072.477635,0.0,-0.00390625,0.25,0.00390625,0.00390625,0.68359375,0,0
1779630072.485651,0.0,-0.00390625,0.25,0.00390625,0.00390625,0.68359375,0,0
1779630072.493633,0.0,-0.00390625,0.25,0.00390625,0.00390625,0.68359375,0,0
1779630072.501613,0.0,-0.00390625,0.25,0.00390625,0.00390625,0.68359375,0,0
1779630072.509655,0.0,-0.00390625,0.25,0.00390625,0.00390625,0.68359375,0,0
1779630072.517624,0.0,-0.00390625,0.25,0.00390625,0.00390625,0.68359375,0,0
1779630072.525697,0.0,-0.00390625,0.25,0.00390625,0.00390625,0.68359375,0,0
1779630072.533654,0.0,-0.00390625,0.248046875,0.00390625,0.00390625,0.68359375,0,0
1779630072.541585,0.0,-0.00390625,0.248046875,0.00390625,0.00390625,0.68359375,0,0
1779630072.549578,0.0,-0.00390625,0.248046875,0.00390625,0.00390625,0.68359375,0,0
1779630072.557625,0.0,-0.00390625,0.248046875,0.00390625,0.00390625,0.68359375,0,0
1779630072.565640,0.0,-0.00390625,0.248046875,0.00390625,0.00390625,0.68359375,0,0
1779630072.573599,0.0,-0.00390625,0.248046875,0.00390625,0.00390625,0.68359375,0,0
1779630072.581563,0.0,-0.00390625,0.248046875,0.00390625,0.00390625,0.68359375,0,0
1779630072.589645,0.0,-0.00390625,0.248046875,0.00390625,0.00390625,0.68359375,0,0
1779630072.597630,0.0,-0.00390625,0.248046875,0.00390625,0.00390625,0.68359375,0,0
1779630072.605658,0.0,-0.00390625,0.248046875,0.00390625,0.00390625,0.68359375,0,0
1779630072.613643,0.0,-0.00390625,0.248046875,0.00390625,0.00390625,0.68359375,0,0
1779630072.621628,0.0,-0.00390625,0.248046875,0.00390625,0.00390625,0.68359375,0,0
1779630072.629633,0.0,-0.00390625,0.244140625,0.00390625,0.00390625,0.68359375,0,0
1779630072.637653,0.0,-0.00390625,0.244140625,0.00390625,0.00390625,0.68359375,0,0
1779630072.645626,0.0,-0.00390625,0.1953125,0.00390625,0.00390625,0.68359375,0,0
1779630072.653629,0.0,-0.00390625,0.1953125,0.00390625,0.00390625,0.68359375,0,0
1779630072.661651,0.0,-0.00390625,0.162109375,0.00390625,0.00390625,0.68359375,0,0
1779630072.669633,0.0,-0.00390625,0.162109375,0.00390625,0.00390625,0.68359375,0,0
1779630072.677643,0.0,-0.00390625,0.130859375,0.00390625,0.00390625,0.68359375,0,0
1779630072.685646,0.0,-0.00390625,0.130859375,0.00390625,0.00390625,0.68359375,0,0
1779630072.693617,0.0,-0.00390625,0.095703125,0.00390625,0.00390625,0.68359375,0,0
1779630072.701612,0.0,-0.00390625,0.095703125,0.00390625,0.00390625,0.68359375,0,0
1779630072.709629,0.0,-0.00390625,0.0625,0.00390625,0.00390625,0.68359375,0,0
1779630072.717645,0.0,-0.00390625,0.0625,0.00390625,0.00390625,0.68359375,0,0
1779630072.725627,0.033203125,-0.00390625,0.0234375,0.00390625,0.00390625,0.68359375,0,0
1779630072.733615,0.033203125,-0.00390625,0.0234375,0.013671875,0.00390625,0.68359375,0,0
1779630072.741603,0.0625,0.0234375,0.015625,0.013671875,0.00390625,0.68359375,0,0
1779630072.749675,0.0625,0.0234375,0.015625,0.0078125,0.00390625,0.68359375,0,0
1779630072.757616,0.064453125,0.005859375,0.005859375,0.0078125,0.00390625,0.68359375,0,0
1779630072.765641,0.064453125,0.005859375,0.005859375,0.0078125,0.00390625,0.611328125,0,0
1779630072.773625,0.064453125,0.005859375,0.005859375,0.0078125,0.00390625,0.611328125,0,0
1779630072.781615,0.064453125,0.005859375,0.005859375,0.0078125,0.00390625,0.505859375,0,0
1779630072.789601,0.056640625,0.005859375,0.005859375,0.0078125,0.00390625,0.505859375,0,0
1779630072.797633,0.056640625,0.005859375,0.005859375,0.0078125,0.00390625,0.4140625,0,0
1779630072.805682,0.060546875,0.005859375,0.005859375,0.0078125,0.00390625,0.4140625,0,0
1779630072.813648,0.060546875,0.005859375,0.005859375,0.005859375,0.00390625,0.333984375,0,0
1779630072.821660,0.04296875,0.005859375,0.005859375,0.005859375,0.00390625,0.333984375,0,0
1779630072.829646,0.04296875,0.005859375,0.005859375,0.005859375,0.0,0.283203125,0,0
1779630072.837640,0.04296875,0.005859375,0.005859375,0.005859375,0.0,0.283203125,0,0
1779630072.845662,0.04296875,0.005859375,0.005859375,0.005859375,0.0,0.259765625,0,0
1779630072.853681,-0.06640625,0.0390625,0.005859375,0.005859375,0.0,0.259765625,0,0
1779630072.861620,-0.06640625,0.0390625,0.005859375,-0.017578125,-0.0859375,0.099609375,0,0
1779630072.869669,0.05859375,0.0390625,0.005859375,-0.017578125,-0.0859375,0.099609375,0,0
1779630072.877618,0.05859375,0.0390625,0.005859375,0.015625,0.08203125,0.099609375,0,0
1779630072.907634,0.0,0.0,0.0,0.0,0.0,0.0,0,0
1779630072.917651,0.02734375,0.0390625,0.005859375,0.015625,0.08203125,0.099609375,0,0
1779630072.925601,0.02734375,0.0390625,0.005859375,0.015625,0.052734375,0.099609375,0,0
1779630072.933645,-0.029296875,0.0390625,0.005859375,0.015625,0.052734375,0.099609375,0,0
1779630072.941672,-0.029296875,0.0390625,0.005859375,0.015625,-0.04296875,0.099609375,0,0
1779630072.965684,-0.029296875,0.0390625,-0.00390625,0.015625,-0.04296875,0.099609375,0,0
1779630072.973653,-0.029296875,0.0390625,-0.00390625,0.02734375,-0.04296875,0.099609375,0,0
1779630072.989648,-0.029296875,0.0390625,-0.00390625,0.060546875,-0.04296875,0.099609375,0,0
1779630073.005698,-0.029296875,0.0390625,-0.00390625,0.060546875,-0.04296875,-0.109375,0,0
1779630073.013681,-0.029296875,0.0390625,0.0,0.060546875,-0.04296875,-0.109375,0,0
1779630073.021703,-0.029296875,0.0390625,0.0,0.0625,0.009765625,-0.220703125,0,0
1779630073.029668,-0.029296875,0.0390625,0.05859375,0.0625,0.009765625,-0.220703125,0,0
1779630073.037683,-0.029296875,0.0390625,0.05859375,0.09375,0.03515625,-0.419921875,0,0
1779630073.045700,-0.029296875,0.0390625,0.08984375,0.09375,0.03515625,-0.419921875,0,0
1779630073.053729,-0.029296875,0.0390625,0.08984375,0.125,0.015625,-0.630859375,0,0
1779630073.061636,-0.029296875,0.0390625,0.095703125,0.125,0.015625,-0.630859375,0,0
1779630073.069644,-0.029296875,0.0390625,0.095703125,0.111328125,0.015625,-0.68359375,0,0
1779630073.077657,-0.029296875,0.0390625,0.09375,0.111328125,0.015625,-0.68359375,0,0
1779630073.085641,-0.029296875,0.0390625,0.09375,0.103515625,0.015625,-0.68359375,0,0
1779630073.093764,-0.029296875,0.0390625,0.09375,0.103515625,0.015625,-0.68359375,0,0
1779630073.101657,-0.029296875,0.0390625,0.09375,0.1015625,0.015625,-0.68359375,0,0
1779630073.109609,-0.029296875,0.0390625,0.091796875,0.1015625,0.015625,-0.68359375,0,0
1779630073.117594,-0.029296875,0.0390625,0.091796875,0.1015625,0.015625,-0.68359375,0,0
1779630073.125626,-0.029296875,0.0390625,0.091796875,0.1015625,0.015625,-0.68359375,0,0
1779630073.133641,-0.029296875,0.0390625,0.091796875,0.1015625,0.015625,-0.68359375,0,0
1779630073.141622,-0.029296875,0.0390625,0.091796875,0.1015625,0.015625,-0.68359375,0,0
1779630073.149641,-0.029296875,0.0390625,0.091796875,0.1015625,0.015625,-0.68359375,0,0
1779630073.157579,-0.029296875,0.0390625,0.091796875,0.1015625,0.015625,-0.68359375,0,0
1779630073.165660,-0.029296875,0.0390625,0.091796875,0.1015625,0.015625,-0.68359375,0,0
1779630073.173669,-0.029296875,0.0390625,0.09375,0.1015625,0.015625,-0.68359375,0,0
1779630073.181624,-0.029296875,0.0390625,0.09375,0.091796875,0.015625,-0.68359375,0,0
1779630073.189672,-0.029296875,0.0390625,0.09765625,0.091796875,0.015625,-0.68359375,0,0
1779630073.197650,-0.029296875,0.0390625,0.09765625,0.083984375,0.015625,-0.68359375,0,0
1779630073.205633,-0.029296875,0.0390625,0.099609375,0.083984375,0.015625,-0.68359375,0,0
1779630073.213640,-0.029296875,0.0390625,0.099609375,0.072265625,0.015625,-0.68359375,0,0
1779630073.221665,-0.029296875,0.0390625,0.103515625,0.072265625,0.015625,-0.68359375,0,0
1779630073.229618,-0.029296875,0.0390625,0.103515625,0.064453125,0.015625,-0.68359375,0,0
1779630073.237619,-0.029296875,0.0390625,0.103515625,0.064453125,0.015625,-0.68359375,0,0
1779630073.245589,-0.029296875,0.0390625,0.103515625,0.064453125,0.015625,-0.68359375,0,0
1779630073.253636,-0.029296875,0.0390625,0.103515625,0.064453125,0.015625,-0.68359375,0,0
1779630073.261660,-0.029296875,0.0390625,0.103515625,0.064453125,0.015625,-0.68359375,0,0
1779630073.269668,-0.029296875,0.0390625,0.103515625,0.064453125,0.015625,-0.68359375,0,0
1779630073.277658,-0.029296875,0.0390625,0.103515625,0.064453125,0.015625,-0.68359375,0,0
1779630073.285603,-0.029296875,0.0390625,0.103515625,0.064453125,0.015625,-0.68359375,0,0
1779630073.293675,-0.029296875,0.0390625,0.103515625,0.064453125,0.015625,-0.68359375,0,0
1779630073.301650,-0.029296875,0.0390625,0.103515625,0.064453125,0.015625,-0.68359375,0,0
1779630073.309627,-0.029296875,0.0390625,0.103515625,0.064453125,0.015625,-0.68359375,0,0
1779630073.317606,-0.029296875,0.0390625,0.103515625,0.064453125,0.015625,-0.68359375,0,0
1779630073.325647,-0.029296875,0.0390625,0.103515625,0.064453125,0.015625,-0.68359375,0,0
1779630073.333606,-0.029296875,0.0390625,0.103515625,0.064453125,0.015625,-0.68359375,0,0
1779630073.341674,-0.029296875,0.0390625,0.103515625,0.064453125,0.015625,-0.68359375,0,0
1779630073.349689,-0.029296875,0.0390625,0.103515625,0.064453125,0.015625,-0.68359375,0,0
1779630073.357660,-0.029296875,0.0390625,0.103515625,0.064453125,0.015625,-0.68359375,0,0
1779630073.365691,-0.029296875,0.0390625,0.103515625,0.064453125,0.015625,-0.68359375,0,0
1779630073.373649,-0.029296875,0.0390625,0.103515625,0.0625,0.015625,-0.68359375,0,0
1779630073.381658,-0.029296875,0.0390625,0.103515625,0.0625,0.015625,-0.68359375,0,0
1779630073.389655,-0.029296875,0.0390625,0.103515625,0.064453125,0.015625,-0.68359375,0,0
1779630073.397686,-0.029296875,0.0390625,0.107421875,0.064453125,0.015625,-0.68359375,0,0
1779630073.405690,-0.029296875,0.0390625,0.107421875,0.060546875,0.015625,-0.68359375,0,0
1779630073.413645,-0.029296875,0.0390625,0.107421875,0.060546875,0.015625,-0.68359375,0,0
1779630073.421683,-0.029296875,0.0390625,0.107421875,0.0625,0.015625,-0.68359375,0,0
1779630073.429653,-0.029296875,0.0390625,0.107421875,0.0625,0.015625,-0.68359375,0,0
1779630073.437651,-0.029296875,0.0390625,0.107421875,0.0625,0.015625,-0.68359375,0,0
1779630073.445678,-0.029296875,0.0390625,0.107421875,0.0625,0.015625,-0.68359375,0,0
1779630073.453653,-0.029296875,0.0390625,0.107421875,0.0625,0.015625,-0.68359375,0,0
1779630073.461644,-0.029296875,0.0390625,0.12890625,0.0625,0.015625,-0.68359375,0,0
1779630073.469662,-0.029296875,0.0390625,0.12890625,0.041015625,0.015625,-0.68359375,0,0
1779630073.477670,-0.029296875,0.0390625,0.1328125,0.041015625,0.015625,-0.68359375,0,0
1779630073.485612,-0.029296875,0.0390625,0.1328125,0.0390625,0.015625,-0.68359375,0,0
1779630073.493622,-0.029296875,0.0390625,0.1328125,0.0390625,0.015625,-0.68359375,0,0
1779630073.501663,-0.029296875,0.0390625,0.1328125,0.037109375,0.015625,-0.68359375,0,0
1779630073.509681,-0.029296875,0.0390625,0.134765625,0.037109375,0.015625,-0.68359375,0,0
1779630073.517670,-0.029296875,0.0390625,0.134765625,0.037109375,0.015625,-0.68359375,0,0
1779630073.525676,-0.029296875,0.0390625,0.134765625,0.037109375,0.015625,-0.68359375,0,0
1779630073.533669,-0.029296875,0.0390625,0.134765625,0.037109375,0.015625,-0.68359375,0,0
1779630073.541634,-0.029296875,0.0390625,0.13671875,0.037109375,0.015625,-0.68359375,0,0
1779630073.549655,-0.029296875,0.0390625,0.13671875,0.0390625,0.015625,-0.68359375,0,0
1779630073.557655,-0.029296875,0.0390625,0.138671875,0.0390625,0.015625,-0.68359375,0,0
1779630073.565663,-0.029296875,0.0390625,0.138671875,0.0390625,0.015625,-0.68359375,0,0
1779630073.573673,-0.029296875,0.0390625,0.142578125,0.0390625,0.015625,-0.68359375,0,0
1779630073.581654,-0.029296875,0.0390625,0.142578125,0.041015625,0.015625,-0.68359375,0,0
1779630073.589625,-0.029296875,0.0390625,0.146484375,0.041015625,0.015625,-0.68359375,0,0
1779630073.597579,-0.029296875,0.0390625,0.146484375,0.0390625,0.015625,-0.68359375,0,0
1779630073.605648,-0.029296875,0.0390625,0.15625,0.0390625,0.015625,-0.68359375,0,0
1779630073.613605,-0.029296875,0.0390625,0.15625,0.037109375,0.015625,-0.68359375,0,0
1779630073.621623,-0.029296875,0.0390625,0.16796875,0.037109375,0.015625,-0.68359375,0,0
1779630073.629574,-0.029296875,0.0390625,0.16796875,0.03515625,0.015625,-0.68359375,0,0
1779630073.637646,-0.029296875,0.0390625,0.173828125,0.03515625,0.015625,-0.68359375,0,0
1779630073.645678,-0.029296875,0.0390625,0.173828125,0.033203125,0.015625,-0.68359375,0,0
1779630073.653681,-0.029296875,0.0390625,0.17578125,0.033203125,0.015625,-0.68359375,0,0
1779630073.661610,-0.029296875,0.0390625,0.17578125,0.033203125,0.015625,-0.68359375,0,0
1779630073.669600,-0.029296875,0.0390625,0.185546875,0.033203125,0.015625,-0.68359375,0,0
1779630073.677623,-0.029296875,0.0390625,0.185546875,0.033203125,0.015625,-0.68359375,0,0
1779630073.685638,-0.029296875,0.0390625,0.197265625,0.033203125,0.015625,-0.68359375,0,0
1779630073.693620,-0.029296875,0.0390625,0.197265625,0.02734375,0.015625,-0.68359375,0,0
1779630073.701645,-0.029296875,0.0390625,0.205078125,0.02734375,0.015625,-0.68359375,0,0
1779630073.709617,-0.029296875,0.0390625,0.205078125,0.02734375,0.015625,-0.68359375,0,0
1779630073.717648,-0.029296875,0.0390625,0.2109375,0.02734375,0.015625,-0.68359375,0,0
1779630073.725604,-0.029296875,0.0390625,0.2109375,0.01953125,0.015625,-0.681640625,0,0
1779630073.733624,-0.029296875,0.0390625,0.212890625,0.01953125,0.015625,-0.681640625,0,0
1779630073.741571,-0.029296875,0.0390625,0.212890625,0.017578125,0.015625,-0.677734375,0,0
1779630073.749594,-0.029296875,0.0390625,0.21484375,0.017578125,0.015625,-0.677734375,0,0
1779630073.757664,-0.029296875,0.0390625,0.21484375,0.01171875,0.015625,-0.67578125,0,0
1779630073.765630,-0.029296875,0.0390625,0.220703125,0.01171875,0.015625,-0.67578125,0,0
1779630073.773619,-0.029296875,0.0390625,0.220703125,0.01171875,0.015625,-0.669921875,0,0
1779630073.781627,-0.029296875,0.0390625,0.22265625,0.01171875,0.015625,-0.669921875,0,0
1779630073.789587,-0.029296875,0.0390625,0.22265625,0.009765625,0.015625,-0.6640625,0,0
1779630073.797655,-0.029296875,0.0390625,0.22265625,0.009765625,0.015625,-0.6640625,0,0
1779630073.805612,-0.029296875,0.0390625,0.22265625,0.0078125,0.015625,-0.6640625,0,0
1779630073.813640,-0.029296875,0.0390625,0.22265625,0.0078125,0.015625,-0.6640625,0,0
1779630073.821657,-0.029296875,0.0390625,0.22265625,0.0078125,0.015625,-0.6640625,0,0
1779630073.829674,-0.029296875,0.0390625,0.220703125,0.0078125,0.015625,-0.6640625,0,0
1779630073.837667,-0.029296875,0.0390625,0.220703125,0.0078125,0.015625,-0.6640625,0,0
1779630073.845671,-0.029296875,0.0390625,0.220703125,0.0078125,0.015625,-0.6640625,0,0
1779630073.853603,-0.029296875,0.0390625,0.220703125,0.0078125,0.015625,-0.6640625,0,0
1779630073.861603,-0.029296875,0.0390625,0.220703125,0.0078125,0.015625,-0.6640625,0,0
1779630073.869603,-0.029296875,0.0390625,0.220703125,0.0078125,0.015625,-0.6640625,0,0
1779630073.877607,-0.029296875,0.0390625,0.22265625,0.0078125,0.015625,-0.6640625,0,0
1779630073.885585,-0.029296875,0.0390625,0.22265625,0.0078125,0.015625,-0.666015625,0,0
1779630073.893641,-0.029296875,0.0390625,0.22265625,0.0078125,0.015625,-0.666015625,0,0
1779630073.901603,-0.029296875,0.0390625,0.22265625,0.0078125,0.015625,-0.666015625,0,0
1779630073.909653,-0.029296875,0.0390625,0.2265625,0.0078125,0.015625,-0.666015625,0,0
1779630073.917697,-0.029296875,0.0390625,0.2265625,0.009765625,0.015625,-0.666015625,0,0
1779630073.925650,-0.029296875,0.0390625,0.2265625,0.009765625,0.015625,-0.666015625,0,0
1779630073.933646,-0.029296875,0.0390625,0.2265625,0.009765625,0.015625,-0.666015625,0,0
1779630073.941615,-0.029296875,0.0390625,0.2265625,0.009765625,0.015625,-0.666015625,0,0
1779630073.949642,-0.029296875,0.0390625,0.2265625,0.009765625,0.015625,-0.666015625,0,0
1779630073.957629,-0.029296875,0.0390625,0.2265625,0.009765625,0.015625,-0.666015625,0,0
1779630073.965614,-0.029296875,0.0390625,0.2265625,0.009765625,0.015625,-0.666015625,0,0
1779630073.973633,-0.029296875,0.0390625,0.228515625,0.009765625,0.015625,-0.666015625,0,0
1779630073.981626,-0.029296875,0.0390625,0.228515625,0.009765625,0.015625,-0.66796875,0,0
1779630073.989626,-0.029296875,0.0390625,0.228515625,0.009765625,0.015625,-0.66796875,0,0
1779630073.997636,-0.029296875,0.0390625,0.228515625,0.009765625,0.015625,-0.66796875,0,0
1779630074.005630,-0.029296875,0.0390625,0.228515625,0.009765625,0.015625,-0.66796875,0,0
1779630074.013636,-0.029296875,0.0390625,0.228515625,0.009765625,0.015625,-0.66796875,0,0
1779630074.021669,-0.029296875,0.0390625,0.228515625,0.009765625,0.015625,-0.66796875,0,0
1779630074.029663,-0.029296875,0.0390625,0.228515625,0.009765625,0.015625,-0.66796875,0,0
1779630074.037652,-0.029296875,0.0390625,0.228515625,0.009765625,0.015625,-0.66796875,0,0
1779630074.045670,-0.029296875,0.0390625,0.228515625,0.01171875,0.015625,-0.66796875,0,0
1779630074.053634,-0.029296875,0.0390625,0.224609375,0.01171875,0.015625,-0.66796875,0,0
1779630074.061646,-0.029296875,0.0390625,0.224609375,0.009765625,0.015625,-0.669921875,0,0
1779630074.069629,-0.029296875,0.0390625,0.224609375,0.009765625,0.015625,-0.669921875,0,0
1779630074.077626,-0.029296875,0.0390625,0.224609375,0.01171875,0.015625,-0.673828125,0,0
1779630074.085600,-0.029296875,0.0390625,0.22265625,0.01171875,0.015625,-0.673828125,0,0
1779630074.093661,-0.029296875,0.0390625,0.22265625,0.015625,0.015625,-0.673828125,0,0
1779630074.101633,-0.029296875,0.0390625,0.22265625,0.015625,0.015625,-0.673828125,0,0
1779630074.109623,-0.029296875,0.0390625,0.22265625,0.015625,0.015625,-0.673828125,0,0
1779630074.117632,-0.029296875,0.0390625,0.22265625,0.015625,0.015625,-0.673828125,0,0
1779630074.125644,-0.029296875,0.0390625,0.22265625,0.015625,0.015625,-0.67578125,0,0
1779630074.133641,-0.029296875,0.0390625,0.2109375,0.015625,0.015625,-0.67578125,0,0
1779630074.141651,-0.029296875,0.0390625,0.2109375,0.01953125,0.015625,-0.68359375,0,0
1779630074.149608,-0.029296875,0.0390625,0.201171875,0.01953125,0.015625,-0.68359375,0,0
1779630074.157645,-0.029296875,0.0390625,0.201171875,0.0234375,0.015625,-0.68359375,0,0
1779630074.165652,-0.029296875,0.0390625,0.193359375,0.0234375,0.015625,-0.68359375,0,0
1779630074.173599,-0.029296875,0.0390625,0.193359375,0.0234375,0.015625,-0.68359375,0,0
1779630074.181726,-0.029296875,0.0390625,0.189453125,0.0234375,0.015625,-0.68359375,0,0
1779630074.189651,-0.029296875,0.0390625,0.189453125,0.0234375,0.015625,-0.68359375,0,0
1779630074.197619,-0.029296875,0.0390625,0.189453125,0.0234375,0.015625,-0.68359375,0,0
1779630074.205637,-0.029296875,0.0390625,0.189453125,0.0234375,0.015625,-0.68359375,0,0
1779630074.213623,-0.029296875,0.0390625,0.189453125,0.0234375,0.015625,-0.68359375,0,0
1779630074.221624,-0.029296875,0.0390625,0.189453125,0.021484375,0.015625,-0.68359375,0,0
1779630074.229633,-0.029296875,0.0390625,0.189453125,0.021484375,0.015625,-0.68359375,0,0
1779630074.237639,-0.029296875,0.0390625,0.189453125,0.021484375,0.015625,-0.68359375,0,0
1779630074.245613,-0.029296875,0.0390625,0.1875,0.021484375,0.015625,-0.68359375,0,0
1779630074.253646,-0.029296875,0.0390625,0.1875,0.021484375,0.015625,-0.68359375,0,0
1779630074.261688,-0.029296875,0.0390625,0.1796875,0.021484375,0.015625,-0.68359375,0,0
1779630074.269632,-0.029296875,0.0390625,0.1796875,0.017578125,0.015625,-0.68359375,0,0
1779630074.277625,-0.029296875,0.0390625,0.17578125,0.017578125,0.015625,-0.68359375,0,0
1779630074.285605,-0.029296875,0.0390625,0.17578125,0.017578125,0.015625,-0.68359375,0,0
1779630074.293605,-0.029296875,0.0390625,0.17578125,0.017578125,0.015625,-0.68359375,0,0
1779630074.301630,-0.029296875,0.0390625,0.17578125,0.017578125,0.015625,-0.68359375,0,0
1779630074.309607,-0.029296875,0.0390625,0.17578125,0.017578125,0.015625,-0.68359375,0,0
1779630074.317647,-0.029296875,0.0390625,0.17578125,0.015625,0.015625,-0.68359375,0,0
1779630074.325591,-0.029296875,0.0390625,0.171875,0.015625,0.015625,-0.68359375,0,0
1779630074.333652,-0.029296875,0.0390625,0.171875,0.013671875,0.015625,-0.68359375,0,0
1779630074.341649,-0.029296875,0.0390625,0.169921875,0.013671875,0.015625,-0.68359375,0,0
1779630074.349641,-0.029296875,0.0390625,0.169921875,0.009765625,0.015625,-0.68359375,0,0
1779630074.357576,-0.029296875,0.0390625,0.16796875,0.009765625,0.015625,-0.68359375,0,0
1779630074.365640,-0.029296875,0.0390625,0.16796875,0.0078125,0.015625,-0.68359375,0,0
1779630074.373685,-0.029296875,0.0390625,0.166015625,0.0078125,0.015625,-0.68359375,0,0
1779630074.381634,-0.029296875,0.0390625,0.166015625,0.0078125,0.015625,-0.68359375,0,0
1779630074.389637,-0.029296875,0.0390625,0.1640625,0.0078125,0.015625,-0.68359375,0,0
1779630074.397627,-0.029296875,0.0390625,0.1640625,0.0078125,0.015625,-0.68359375,0,0
1779630074.405624,-0.029296875,0.0390625,0.16015625,0.0078125,0.015625,-0.68359375,0,0
1779630074.413620,-0.029296875,0.0390625,0.16015625,0.00390625,0.015625,-0.68359375,0,0
1779630074.421628,-0.029296875,0.0390625,0.154296875,0.00390625,0.015625,-0.68359375,0,0
1779630074.429690,-0.029296875,0.0390625,0.154296875,0.0,0.015625,-0.68359375,0,0
1779630074.437647,-0.029296875,0.0390625,0.146484375,0.0,0.015625,-0.68359375,0,0
1779630074.445624,-0.029296875,0.0390625,0.146484375,0.0,0.015625,-0.68359375,0,0
1779630074.453646,-0.029296875,0.0,0.142578125,0.0,0.015625,-0.68359375,0,0
1779630074.461699,-0.029296875,0.0,0.142578125,0.0,0.015625,-0.68359375,0,0
1779630074.469652,-0.029296875,0.0,0.138671875,0.0,0.015625,-0.68359375,0,0
1779630074.477670,-0.029296875,0.0,0.138671875,0.0,0.015625,-0.68359375,0,0
1779630074.485639,-0.029296875,-0.00390625,0.130859375,0.0,0.015625,-0.68359375,0,0
1779630074.493631,-0.029296875,-0.00390625,0.130859375,0.0,0.015625,-0.68359375,0,0
1779630074.501606,-0.029296875,-0.005859375,0.12890625,0.0,0.015625,-0.68359375,0,0
1779630074.509704,-0.029296875,-0.005859375,0.12890625,0.0,0.015625,-0.68359375,0,0
1779630074.517696,-0.029296875,-0.0078125,0.125,0.0,0.015625,-0.68359375,0,0
1779630074.525759,-0.029296875,-0.0078125,0.125,0.0,0.015625,-0.68359375,0,0
1779630074.533659,-0.029296875,-0.0078125,0.125,0.0,0.015625,-0.68359375,0,0
1779630074.541611,-0.029296875,-0.0078125,0.125,0.0,0.015625,-0.68359375,0,0
1779630074.549594,-0.029296875,-0.0078125,0.125,0.0,0.015625,-0.68359375,0,0
1779630074.557598,-0.029296875,-0.0078125,0.125,0.0,0.015625,-0.68359375,0,0
1779630074.565619,-0.029296875,-0.0078125,0.125,0.0,0.015625,-0.68359375,0,0
1779630074.573646,-0.029296875,-0.0078125,0.125,0.0,0.015625,-0.68359375,0,0
1779630074.581599,-0.029296875,-0.0078125,0.123046875,0.0,0.015625,-0.68359375,0,0
1779630074.589681,-0.029296875,-0.0078125,0.123046875,0.0,0.015625,-0.68359375,0,0
1779630074.597669,-0.029296875,-0.0078125,0.123046875,0.0,0.015625,-0.68359375,0,0
1779630074.605675,-0.029296875,-0.0078125,0.123046875,0.0,0.015625,-0.68359375,0,0
1779630074.613631,-0.029296875,-0.0078125,0.123046875,0.0,0.015625,-0.68359375,0,0
1779630074.621645,-0.029296875,-0.0078125,0.123046875,0.0,0.015625,-0.68359375,0,0
1779630074.629625,-0.029296875,-0.0078125,0.12109375,0.0,0.015625,-0.68359375,0,0
1779630074.637621,-0.029296875,-0.0078125,0.12109375,0.0,0.015625,-0.68359375,0,0
1779630074.645625,-0.029296875,-0.0078125,0.12109375,0.0,0.015625,-0.68359375,0,0
1779630074.653640,-0.029296875,-0.0078125,0.12109375,0.0,0.015625,-0.68359375,0,0
1779630074.661666,-0.029296875,-0.0078125,0.12109375,0.0,0.015625,-0.68359375,0,0
1779630074.669626,-0.029296875,-0.0078125,0.12109375,0.0,0.015625,-0.68359375,0,0
1779630074.677616,-0.029296875,-0.0078125,0.12109375,0.0,0.015625,-0.68359375,0,0
1779630074.685618,-0.029296875,-0.0078125,0.12109375,0.0,0.015625,-0.68359375,0,0
1779630074.693622,-0.029296875,-0.0078125,0.12109375,0.0,0.015625,-0.68359375,0,0
1779630074.701626,-0.029296875,-0.0078125,0.12109375,0.0,0.015625,-0.68359375,0,0
1779630074.709620,-0.029296875,-0.0078125,0.12109375,0.0,0.015625,-0.68359375,0,0
1779630074.717636,-0.029296875,-0.0078125,0.12109375,0.0,0.015625,-0.68359375,0,0
1779630074.725627,-0.029296875,-0.0078125,0.12109375,0.0,0.015625,-0.68359375,0,0
1779630074.733651,-0.029296875,-0.0078125,0.12109375,0.0,0.015625,-0.68359375,0,0
1779630074.741655,-0.029296875,-0.0078125,0.12109375,0.0,0.015625,-0.68359375,0,0
1779630074.749696,-0.029296875,-0.0078125,0.12109375,0.0,0.015625,-0.68359375,0,0
1779630074.757605,-0.029296875,-0.0078125,0.123046875,0.0,0.015625,-0.68359375,0,0
1779630074.765642,-0.029296875,-0.0078125,0.123046875,0.0,0.015625,-0.68359375,0,0
1779630074.773632,-0.029296875,-0.0078125,0.123046875,0.0,0.015625,-0.68359375,0,0
1779630074.781652,-0.029296875,-0.0078125,0.123046875,0.0,0.015625,-0.68359375,0,0
1779630074.789673,-0.029296875,-0.0078125,0.123046875,0.0,0.015625,-0.68359375,0,0
1779630074.797637,-0.029296875,-0.0078125,0.123046875,0.0,0.015625,-0.68359375,0,0
1779630074.805610,-0.029296875,-0.0078125,0.123046875,0.0,0.015625,-0.68359375,0,0
1779630074.813631,-0.029296875,-0.0078125,0.123046875,0.0,0.015625,-0.68359375,0,0
1779630074.821633,-0.029296875,-0.0078125,0.123046875,0.0,0.015625,-0.68359375,0,0
1779630074.829639,-0.029296875,-0.0078125,0.123046875,0.0,0.015625,-0.68359375,0,0
1779630074.837627,-0.029296875,-0.0078125,0.123046875,0.0,0.015625,-0.68359375,0,0
1779630074.845626,-0.029296875,-0.0078125,0.123046875,0.0,0.015625,-0.68359375,0,0
1779630074.853648,-0.029296875,-0.0078125,0.123046875,0.0,0.015625,-0.68359375,0,0
1779630074.861653,-0.029296875,-0.0078125,0.123046875,0.0,0.015625,-0.68359375,0,0
1779630074.869624,-0.029296875,-0.0078125,0.119140625,0.0,0.015625,-0.68359375,0,0
1779630074.877639,-0.029296875,-0.0078125,0.119140625,0.0,0.015625,-0.68359375,0,0
1779630074.885639,-0.029296875,-0.0078125,0.11328125,0.0,0.015625,-0.68359375,0,0
1779630074.893593,-0.029296875,-0.0078125,0.11328125,0.0,0.015625,-0.68359375,0,0
1779630074.901615,-0.029296875,-0.0078125,0.111328125,0.0,0.015625,-0.68359375,0,0
1779630074.909617,-0.029296875,-0.0078125,0.111328125,0.0,0.015625,-0.68359375,0,0
1779630074.917626,-0.029296875,-0.0078125,0.111328125,0.0,0.015625,-0.68359375,0,0
1779630074.925617,-0.029296875,-0.0078125,0.111328125,0.0,0.015625,-0.68359375,0,0
1779630074.933620,-0.029296875,-0.0078125,0.150390625,0.0,0.015625,-0.68359375,0,0
1779630074.941658,-0.029296875,-0.0078125,0.150390625,0.0,0.015625,-0.68359375,0,0
1779630074.949638,-0.029296875,0.00390625,0.181640625,0.0,0.015625,-0.68359375,0,0
1779630074.957657,-0.029296875,0.00390625,0.181640625,0.0,0.015625,-0.640625,0,0
1779630074.965625,-0.029296875,0.068359375,0.224609375,0.0,0.015625,-0.640625,0,0
1779630074.973655,-0.029296875,0.068359375,0.224609375,0.0,0.015625,-0.568359375,0,0
1779630074.981633,-0.005859375,0.09375,0.302734375,0.0,0.015625,-0.568359375,0,0
1779630074.989628,-0.005859375,0.09375,0.302734375,0.0,0.015625,-0.5078125,0,0
1779630074.997643,-0.005859375,0.09765625,0.388671875,0.0,0.015625,-0.5078125,0,0
1779630075.005672,-0.005859375,0.09765625,0.388671875,-0.013671875,0.015625,-0.474609375,0,0
1779630075.013631,-0.005859375,0.095703125,0.48828125,-0.013671875,0.015625,-0.474609375,0,0
1779630075.021601,-0.005859375,0.095703125,0.48828125,-0.037109375,0.015625,-0.443359375,0,0
1779630075.029623,-0.005859375,0.076171875,0.578125,-0.037109375,0.015625,-0.443359375,0,0
1779630075.037624,-0.005859375,0.076171875,0.578125,-0.076171875,0.015625,-0.427734375,0,0
1779630075.045655,-0.005859375,0.072265625,0.6171875,-0.076171875,0.015625,-0.427734375,0,0
1779630075.053682,-0.005859375,0.072265625,0.6171875,-0.1015625,0.015625,-0.431640625,0,0
1779630075.061632,-0.005859375,0.078125,0.623046875,-0.1015625,0.015625,-0.431640625,0,0
1779630075.069651,-0.005859375,0.078125,0.623046875,-0.091796875,0.015625,-0.435546875,0,0
1779630075.077646,-0.005859375,0.08984375,0.646484375,-0.091796875,0.015625,-0.435546875,0,0
1779630075.085647,-0.005859375,0.08984375,0.646484375,-0.064453125,0.015625,-0.44140625,0,0
1779630075.093652,-0.005859375,0.103515625,0.673828125,-0.064453125,0.015625,-0.44140625,0,0
1779630075.101636,-0.005859375,0.103515625,0.673828125,-0.041015625,0.015625,-0.4375,0,0
1779630075.109647,-0.005859375,0.087890625,0.68359375,-0.041015625,0.015625,-0.4375,0,0
1779630075.117669,-0.005859375,0.087890625,0.68359375,-0.04296875,0.015625,-0.427734375,0,0
1779630075.125659,-0.005859375,0.0859375,0.68359375,-0.04296875,0.015625,-0.427734375,0,0
1779630075.133627,-0.005859375,0.0859375,0.68359375,-0.0546875,0.015625,-0.427734375,0,0
1779630075.141659,-0.005859375,0.0859375,0.68359375,-0.0546875,0.015625,-0.427734375,0,0
1779630075.149580,-0.005859375,0.0859375,0.68359375,-0.064453125,0.015625,-0.423828125,0,0
1779630075.157593,-0.005859375,0.080078125,0.68359375,-0.064453125,0.015625,-0.423828125,0,0
1779630075.165616,-0.005859375,0.080078125,0.68359375,-0.080078125,0.015625,-0.400390625,0,0
1779630075.173637,-0.005859375,0.068359375,0.67578125,-0.080078125,0.015625,-0.400390625,0,0
1779630075.181602,-0.005859375,0.068359375,0.67578125,-0.111328125,0.015625,-0.369140625,0,0
1779630075.189649,-0.005859375,0.052734375,0.65625,-0.111328125,0.015625,-0.369140625,0,0
1779630075.197663,-0.005859375,0.052734375,0.65625,-0.146484375,0.015625,-0.341796875,0,0
1779630075.205681,-0.005859375,0.017578125,0.623046875,-0.146484375,0.015625,-0.341796875,0,0
1779630075.213612,-0.005859375,0.017578125,0.623046875,-0.1796875,0.015625,-0.33203125,0,0
1779630075.221643,-0.005859375,0.017578125,0.591796875,-0.1796875,0.015625,-0.33203125,0,0
1779630075.229649,-0.005859375,0.017578125,0.591796875,-0.19921875,0.015625,-0.33203125,0,0
1779630075.237639,-0.005859375,0.017578125,0.560546875,-0.19921875,0.015625,-0.33203125,0,0
1779630075.245659,-0.005859375,0.017578125,0.560546875,-0.20703125,0.015625,-0.33984375,0,0
1779630075.253652,0.005859375,-0.048828125,0.52734375,-0.20703125,0.015625,-0.33984375,0,0
1779630075.261640,0.005859375,-0.048828125,0.52734375,-0.201171875,0.015625,-0.345703125,0,0
1779630075.269622,0.03125,-0.166015625,0.486328125,-0.201171875,0.015625,-0.345703125,0,0
1779630075.277631,0.03125,-0.166015625,0.486328125,-0.171875,0.0078125,-0.34765625,0,0
1779630075.285651,0.04296875,-0.23046875,0.470703125,-0.171875,0.0078125,-0.34765625,0,0
1779630075.293643,0.04296875,-0.23046875,0.470703125,-0.1484375,0.025390625,-0.341796875,0,0
1779630075.301663,0.03515625,-0.265625,0.4765625,-0.1484375,0.025390625,-0.341796875,0,0
1779630075.309627,0.03515625,-0.265625,0.4765625,-0.1328125,0.01171875,-0.310546875,0,0
1779630075.317641,0.02734375,-0.30078125,0.470703125,-0.1328125,0.01171875,-0.310546875,0,0
1779630075.325658,0.02734375,-0.30078125,0.470703125,-0.125,0.01171875,-0.279296875,0,0
1779630075.333646,0.017578125,-0.333984375,0.443359375,-0.125,0.01171875,-0.279296875,0,0
1779630075.341652,0.017578125,-0.333984375,0.443359375,-0.115234375,0.01171875,-0.251953125,0,0
1779630075.349630,0.015625,-0.361328125,0.4296875,-0.115234375,0.01171875,-0.251953125,0,0
1779630075.357680,0.015625,-0.361328125,0.4296875,-0.10546875,0.01171875,-0.23046875,0,0
1779630075.365642,0.01171875,-0.3828125,0.419921875,-0.10546875,0.01171875,-0.23046875,0,0
1779630075.373667,0.01171875,-0.3828125,0.419921875,-0.09375,-0.00390625,-0.21484375,0,0
1779630075.381620,0.009765625,-0.40234375,0.412109375,-0.09375,-0.00390625,-0.21484375,0,0
1779630075.389684,0.009765625,-0.40234375,0.412109375,-0.08203125,-0.015625,-0.203125,0,0
1779630075.397627,0.005859375,-0.412109375,0.404296875,-0.08203125,-0.015625,-0.203125,0,0
1779630075.405656,0.005859375,-0.412109375,0.404296875,-0.072265625,-0.029296875,-0.197265625,0,0
1779630075.413638,0.00390625,-0.421875,0.396484375,-0.072265625,-0.029296875,-0.197265625,0,0
1779630075.421642,0.00390625,-0.421875,0.396484375,-0.064453125,-0.0390625,-0.19140625,0,0
1779630075.429635,0.00390625,-0.435546875,0.39453125,-0.064453125,-0.0390625,-0.19140625,0,0
1779630075.437634,0.00390625,-0.435546875,0.39453125,-0.052734375,-0.041015625,-0.18359375,0,0
1779630075.445664,0.00390625,-0.44921875,0.396484375,-0.052734375,-0.041015625,-0.18359375,0,0
1779630075.453633,0.00390625,-0.44921875,0.396484375,-0.03515625,-0.04296875,-0.17578125,0,0
1779630075.461639,0.00390625,-0.458984375,0.396484375,-0.03515625,-0.04296875,-0.17578125,0,0
1779630075.469650,0.00390625,-0.458984375,0.396484375,-0.021484375,-0.04296875,-0.16796875,0,0
1779630075.477609,0.00390625,-0.466796875,0.396484375,-0.021484375,-0.04296875,-0.16796875,0,0
1779630075.485957,0.00390625,-0.466796875,0.396484375,-0.01171875,-0.0390625,-0.166015625,0,0
1779630075.493623,0.00390625,-0.466796875,0.390625,-0.01171875,-0.0390625,-0.166015625,0,0
1779630075.501662,0.00390625,-0.466796875,0.390625,-0.00390625,-0.037109375,-0.16796875,0,0
1779630075.509643,0.00390625,-0.462890625,0.384765625,-0.00390625,-0.037109375,-0.16796875,0,0
1779630075.517679,0.00390625,-0.462890625,0.384765625,-0.00390625,-0.033203125,-0.177734375,0,0
1779630075.525663,0.00390625,-0.4609375,0.380859375,-0.00390625,-0.033203125,-0.177734375,0,0
1779630075.533648,0.00390625,-0.4609375,0.380859375,-0.00390625,-0.03125,-0.181640625,0,0
1779630075.541646,0.00390625,-0.455078125,0.380859375,-0.00390625,-0.03125,-0.181640625,0,0
1779630075.549601,0.00390625,-0.455078125,0.380859375,-0.00390625,-0.02734375,-0.1875,0,0
1779630075.557643,0.00390625,-0.447265625,0.37890625,-0.00390625,-0.02734375,-0.1875,0,0
1779630075.565607,0.00390625,-0.447265625,0.37890625,-0.00390625,-0.025390625,-0.193359375,0,0
1779630075.573657,0.00390625,-0.443359375,0.373046875,-0.00390625,-0.025390625,-0.193359375,0,0
1779630075.581630,0.00390625,-0.443359375,0.373046875,-0.00390625,-0.0234375,-0.197265625,0,0
1779630075.589651,0.00390625,-0.4375,0.369140625,-0.00390625,-0.0234375,-0.197265625,0,0
1779630075.597640,0.00390625,-0.4375,0.369140625,-0.00390625,-0.021484375,-0.203125,0,0
1779630075.605637,0.00390625,-0.43359375,0.36328125,-0.00390625,-0.021484375,-0.203125,0,0
1779630075.613667,0.00390625,-0.43359375,0.36328125,-0.00390625,-0.0234375,-0.20703125,0,0
1779630075.621659,0.00390625,-0.43359375,0.359375,-0.00390625,-0.0234375,-0.20703125,0,0
1779630075.629709,0.00390625,-0.43359375,0.359375,-0.00390625,-0.025390625,-0.2109375,0,0
1779630075.637699,0.00390625,-0.435546875,0.359375,-0.00390625,-0.025390625,-0.2109375,0,0
1779630075.645643,0.00390625,-0.435546875,0.359375,-0.00390625,-0.025390625,-0.212890625,0,0
1779630075.653682,0.00390625,-0.4375,0.36328125,-0.00390625,-0.025390625,-0.212890625,0,0
1779630075.661701,0.00390625,-0.4375,0.36328125,-0.00390625,-0.0234375,-0.212890625,0,0
1779630075.669659,0.00390625,-0.439453125,0.36328125,-0.00390625,-0.0234375,-0.212890625,0,0
1779630075.677622,0.00390625,-0.439453125,0.36328125,-0.00390625,-0.01953125,-0.2109375,0,0
1779630075.685626,0.00390625,-0.44140625,0.36328125,-0.00390625,-0.01953125,-0.2109375,0,0
1779630075.693617,0.00390625,-0.44140625,0.36328125,-0.00390625,-0.0234375,-0.2109375,0,0
1779630075.701674,0.00390625,-0.44140625,0.353515625,-0.00390625,-0.0234375,-0.2109375,0,0
1779630075.709645,0.00390625,-0.44140625,0.353515625,-0.00390625,-0.029296875,-0.2109375,0,0
1779630075.717590,0.00390625,-0.44140625,0.34765625,-0.00390625,-0.029296875,-0.2109375,0,0
1779630075.725648,0.00390625,-0.44140625,0.34765625,-0.00390625,-0.03125,-0.2109375,0,0
1779630075.733612,0.00390625,-0.443359375,0.34765625,-0.00390625,-0.03125,-0.2109375,0,0
1779630075.741616,0.00390625,-0.443359375,0.34765625,-0.00390625,-0.03125,-0.2109375,0,0
1779630075.749586,0.00390625,-0.4453125,0.3515625,-0.00390625,-0.03125,-0.2109375,0,0
1779630075.757706,0.00390625,-0.4453125,0.3515625,-0.00390625,-0.02734375,-0.208984375,0,0
1779630075.765668,0.00390625,-0.44921875,0.34765625,-0.00390625,-0.02734375,-0.208984375,0,0
1779630075.773638,0.00390625,-0.44921875,0.34765625,-0.00390625,-0.025390625,-0.208984375,0,0
1779630075.781641,0.00390625,-0.44921875,0.34375,-0.00390625,-0.025390625,-0.208984375,0,0
1779630075.789654,0.00390625,-0.44921875,0.34375,-0.00390625,-0.0234375,-0.208984375,0,0
1779630075.797677,0.00390625,-0.44921875,0.3359375,-0.00390625,-0.0234375,-0.208984375,0,0
1779630075.805656,0.00390625,-0.44921875,0.3359375,-0.00390625,-0.025390625,-0.208984375,0,0
1779630075.813651,0.00390625,-0.451171875,0.328125,-0.00390625,-0.025390625,-0.208984375,0,0
1779630075.821710,0.00390625,-0.451171875,0.328125,-0.00390625,-0.029296875,-0.208984375,0,0
1779630075.829653,0.00390625,-0.451171875,0.3203125,-0.00390625,-0.029296875,-0.208984375,0,0
1779630075.837633,0.00390625,-0.451171875,0.3203125,-0.00390625,-0.03515625,-0.2109375,0,0
1779630075.845654,0.00390625,-0.44921875,0.314453125,-0.00390625,-0.03515625,-0.2109375,0,0
1779630075.853606,0.00390625,-0.44921875,0.314453125,-0.00390625,-0.0390625,-0.21484375,0,0
1779630075.861665,0.00390625,-0.443359375,0.30859375,-0.00390625,-0.0390625,-0.21484375,0,0
1779630075.869651,0.00390625,-0.443359375,0.30859375,-0.00390625,-0.037109375,-0.220703125,0,0
1779630075.877660,0.00390625,-0.435546875,0.3046875,-0.00390625,-0.037109375,-0.220703125,0,0
1779630075.885647,0.00390625,-0.435546875,0.3046875,-0.00390625,-0.037109375,-0.228515625,0,0
1779630075.893595,0.00390625,-0.43359375,0.298828125,-0.00390625,-0.037109375,-0.228515625,0,0
1779630075.901577,0.00390625,-0.43359375,0.298828125,-0.00390625,-0.037109375,-0.232421875,0,0
1779630075.909587,0.00390625,-0.43359375,0.298828125,-0.00390625,-0.037109375,-0.232421875,0,0
1779630075.917658,0.00390625,-0.43359375,0.298828125,-0.00390625,-0.037109375,-0.232421875,0,0
1779630075.925646,0.00390625,-0.4375,0.298828125,-0.00390625,-0.037109375,-0.232421875,0,0
1779630075.933619,0.00390625,-0.4375,0.298828125,-0.00390625,-0.037109375,-0.228515625,0,0
1779630075.941632,0.00390625,-0.4375,0.302734375,-0.00390625,-0.037109375,-0.228515625,0,0
1779630075.949663,0.00390625,-0.4375,0.302734375,-0.00390625,-0.029296875,-0.228515625,0,0
1779630075.957703,0.00390625,-0.43359375,0.310546875,-0.00390625,-0.029296875,-0.228515625,0,0
1779630075.965601,0.00390625,-0.43359375,0.310546875,-0.00390625,-0.017578125,-0.228515625,0,0
1779630075.973637,0.00390625,-0.419921875,0.310546875,-0.00390625,-0.017578125,-0.228515625,0,0
1779630075.981647,0.00390625,-0.419921875,0.310546875,-0.00390625,-0.017578125,-0.240234375,0,0
1779630075.989688,0.00390625,-0.400390625,0.31640625,-0.00390625,-0.017578125,-0.240234375,0,0
1779630075.997628,0.00390625,-0.400390625,0.31640625,-0.00390625,-0.009765625,-0.259765625,0,0
1779630076.005645,0.00390625,-0.376953125,0.34765625,-0.00390625,-0.009765625,-0.259765625,0,0
1779630076.013647,0.00390625,-0.376953125,0.34765625,-0.00390625,-0.009765625,-0.287109375,0,0
1779630076.021676,0.00390625,-0.341796875,0.392578125,-0.00390625,-0.009765625,-0.287109375,0,0
1779630076.029655,0.00390625,-0.341796875,0.392578125,-0.00390625,-0.009765625,-0.32421875,0,0
1779630076.037625,0.005859375,-0.287109375,0.439453125,-0.00390625,-0.009765625,-0.32421875,0,0
1779630076.045660,0.005859375,-0.287109375,0.439453125,-0.00390625,-0.009765625,-0.36328125,0,0
1779630076.053570,0.0234375,-0.162109375,0.482421875,-0.00390625,-0.009765625,-0.36328125,0,0
1779630076.061638,0.0234375,-0.162109375,0.482421875,-0.00390625,-0.009765625,-0.38671875,0,0
1779630076.069606,0.048828125,-0.01953125,0.521484375,-0.00390625,-0.009765625,-0.38671875,0,0
1779630076.077615,0.048828125,-0.01953125,0.521484375,-0.00390625,0.0,-0.40234375,0,0
1779630076.085633,0.076171875,-0.01953125,0.552734375,-0.00390625,0.0,-0.40234375,0,0
1779630076.093694,0.076171875,-0.01953125,0.552734375,-0.00390625,0.0,-0.4140625,0,0
1779630076.101696,0.099609375,0.123046875,0.5859375,-0.00390625,0.0,-0.4140625,0,0
1779630076.109647,0.099609375,0.123046875,0.5859375,-0.021484375,0.0,-0.416015625,0,0
1779630076.117649,0.091796875,0.201171875,0.611328125,-0.021484375,0.0,-0.416015625,0,0
1779630076.125668,0.091796875,0.201171875,0.611328125,-0.029296875,-0.009765625,-0.41015625,0,0
1779630076.133633,0.052734375,0.234375,0.6171875,-0.029296875,-0.009765625,-0.41015625,0,0
1779630076.141697,0.052734375,0.234375,0.6171875,-0.013671875,-0.03515625,-0.40625,0,0
1779630076.149632,0.009765625,0.267578125,0.619140625,-0.013671875,-0.03515625,-0.40625,0,0
1779630076.157711,0.009765625,0.267578125,0.619140625,-0.013671875,-0.0703125,-0.40234375,0,0
1779630076.165631,0.009765625,0.298828125,0.623046875,-0.013671875,-0.0703125,-0.40234375,0,0
1779630076.173617,0.009765625,0.298828125,0.623046875,-0.013671875,-0.091796875,-0.38671875,0,0
1779630076.181626,0.009765625,0.32421875,0.623046875,-0.013671875,-0.091796875,-0.38671875,0,0
1779630076.189651,0.009765625,0.32421875,0.623046875,-0.013671875,-0.091796875,-0.365234375,0,0
1779630076.197655,0.009765625,0.3515625,0.626953125,-0.013671875,-0.091796875,-0.365234375,0,0
1779630076.205637,0.009765625,0.3515625,0.626953125,-0.013671875,-0.08203125,-0.337890625,0,0
1779630076.213647,0.013671875,0.376953125,0.630859375,-0.013671875,-0.08203125,-0.337890625,0,0
1779630076.221620,0.013671875,0.376953125,0.630859375,-0.013671875,-0.06640625,-0.310546875,0,0
1779630076.229661,0.017578125,0.392578125,0.6328125,-0.013671875,-0.06640625,-0.310546875,0,0
1779630076.237652,0.017578125,0.392578125,0.6328125,-0.013671875,-0.0625,-0.30078125,0,0
1779630076.245590,0.017578125,0.400390625,0.6328125,-0.013671875,-0.0625,-0.30078125,0,0
1779630076.253629,0.017578125,0.400390625,0.6328125,-0.013671875,-0.072265625,-0.296875,0,0
1779630076.261653,0.017578125,0.4140625,0.634765625,-0.013671875,-0.072265625,-0.296875,0,0
1779630076.269660,0.017578125,0.4140625,0.634765625,-0.013671875,-0.072265625,-0.287109375,0,0
1779630076.277653,0.02734375,0.431640625,0.638671875,-0.013671875,-0.072265625,-0.287109375,0,0
1779630076.285657,0.02734375,0.431640625,0.638671875,-0.013671875,-0.05859375,-0.263671875,0,0
1779630076.293622,0.046875,0.453125,0.638671875,-0.013671875,-0.05859375,-0.263671875,0,0
1779630076.301647,0.046875,0.453125,0.638671875,0.0,-0.03515625,-0.23828125,0,0
1779630076.309600,0.064453125,0.474609375,0.640625,0.0,-0.03515625,-0.23828125,0,0
1779630076.317639,0.064453125,0.474609375,0.640625,-0.01171875,-0.0234375,-0.216796875,0,0
1779630076.325666,0.0859375,0.4921875,0.64453125,-0.01171875,-0.0234375,-0.216796875,0,0
1779630076.333669,0.0859375,0.4921875,0.64453125,-0.017578125,-0.005859375,-0.19140625,0,0
1779630076.341632,0.09765625,0.5,0.6484375,-0.017578125,-0.005859375,-0.19140625,0,0
1779630076.349626,0.09765625,0.5,0.6484375,-0.025390625,-0.005859375,-0.181640625,0,0
1779630076.357631,0.111328125,0.505859375,0.65234375,-0.025390625,-0.005859375,-0.181640625,0,0
1779630076.365638,0.111328125,0.505859375,0.65234375,-0.029296875,-0.005859375,-0.169921875,0,0
1779630076.373652,0.126953125,0.5078125,0.65625,-0.029296875,-0.005859375,-0.169921875,0,0
1779630076.381664,0.126953125,0.5078125,0.65625,-0.029296875,-0.005859375,-0.162109375,0,0
1779630076.389594,0.146484375,0.513671875,0.66015625,-0.029296875,-0.005859375,-0.162109375,0,0
1779630076.397650,0.146484375,0.513671875,0.66015625,-0.033203125,-0.005859375,-0.15234375,0,0
1779630076.405624,0.166015625,0.521484375,0.662109375,-0.033203125,-0.005859375,-0.15234375,0,0
1779630076.413612,0.166015625,0.521484375,0.662109375,-0.0390625,-0.005859375,-0.13671875,0,0
1779630076.421611,0.1796875,0.52734375,0.666015625,-0.0390625,-0.005859375,-0.13671875,0,0
1779630076.429626,0.1796875,0.52734375,0.666015625,-0.037109375,-0.005859375,-0.125,0,0
1779630076.437612,0.201171875,0.529296875,0.671875,-0.037109375,-0.005859375,-0.125,0,0
1779630076.445624,0.201171875,0.529296875,0.671875,-0.037109375,-0.005859375,-0.11328125,0,0
1779630076.453584,0.224609375,0.529296875,0.6796875,-0.037109375,-0.005859375,-0.11328125,0,0
1779630076.461676,0.224609375,0.529296875,0.6796875,-0.037109375,0.00390625,-0.103515625,0,0
1779630076.469632,0.244140625,0.52734375,0.681640625,-0.037109375,0.00390625,-0.103515625,0,0
1779630076.477597,0.244140625,0.52734375,0.681640625,-0.037109375,0.01953125,-0.09375,0,0
1779630076.485610,0.26171875,0.521484375,0.68359375,-0.037109375,0.01953125,-0.09375,0,0
1779630076.493644,0.26171875,0.521484375,0.68359375,-0.041015625,0.03125,-0.08984375,0,0
1779630076.501621,0.271484375,0.51953125,0.68359375,-0.041015625,0.03125,-0.08984375,0,0
1779630076.509654,0.271484375,0.51953125,0.68359375,-0.041015625,0.03515625,-0.087890625,0,0
1779630076.517666,0.27734375,0.51953125,0.68359375,-0.041015625,0.03515625,-0.087890625,0,0
1779630076.525642,0.27734375,0.51953125,0.68359375,-0.04296875,0.04296875,-0.083984375,0,0
1779630076.533625,0.2890625,0.51953125,0.681640625,-0.04296875,0.04296875,-0.083984375,0,0
1779630076.541653,0.2890625,0.51953125,0.681640625,-0.04296875,0.056640625,-0.07421875,0,0
1779630076.549637,0.30078125,0.51953125,0.6796875,-0.04296875,0.056640625,-0.07421875,0,0
1779630076.557694,0.30078125,0.51953125,0.6796875,-0.046875,0.06640625,-0.068359375,0,0
1779630076.565633,0.306640625,0.51171875,0.67578125,-0.046875,0.06640625,-0.068359375,0,0
1779630076.573647,0.306640625,0.51171875,0.67578125,-0.044921875,0.068359375,-0.068359375,0,0
1779630076.581648,0.30859375,0.5078125,0.673828125,-0.044921875,0.068359375,-0.068359375,0,0
1779630076.589616,0.30859375,0.5078125,0.673828125,-0.046875,0.064453125,-0.07421875,0,0
1779630076.597675,0.310546875,0.501953125,0.673828125,-0.046875,0.064453125,-0.07421875,0,0
1779630076.605724,0.310546875,0.501953125,0.673828125,-0.044921875,0.060546875,-0.078125,0,0
1779630076.613658,0.310546875,0.498046875,0.673828125,-0.044921875,0.060546875,-0.078125,0,0
1779630076.621618,0.310546875,0.498046875,0.673828125,-0.044921875,0.060546875,-0.08203125,0,0
1779630076.629669,0.3125,0.494140625,0.671875,-0.044921875,0.060546875,-0.08203125,0,0
1779630076.637660,0.3125,0.494140625,0.671875,-0.044921875,0.060546875,-0.0859375,0,0
1779630076.645661,0.318359375,0.484375,0.671875,-0.044921875,0.060546875,-0.0859375,0,0
1779630076.653601,0.318359375,0.484375,0.671875,-0.041015625,0.0625,-0.087890625,0,0
1779630076.661622,0.322265625,0.482421875,0.671875,-0.041015625,0.0625,-0.087890625,0,0
1779630076.669669,0.322265625,0.482421875,0.671875,-0.041015625,0.064453125,-0.08984375,0,0
1779630076.677657,0.32421875,0.482421875,0.671875,-0.041015625,0.064453125,-0.08984375,0,0
1779630076.685676,0.32421875,0.482421875,0.671875,-0.041015625,0.06640625,-0.087890625,0,0
1779630076.693615,0.326171875,0.482421875,0.669921875,-0.041015625,0.06640625,-0.087890625,0,0
1779630076.701596,0.326171875,0.482421875,0.669921875,-0.041015625,0.0703125,-0.0859375,0,0
1779630076.709615,0.326171875,0.482421875,0.669921875,-0.041015625,0.0703125,-0.0859375,0,0
1779630076.717590,0.326171875,0.482421875,0.669921875,-0.041015625,0.072265625,-0.0859375,0,0
1779630076.725576,0.32421875,0.482421875,0.669921875,-0.041015625,0.072265625,-0.0859375,0,0
1779630076.733570,0.32421875,0.482421875,0.669921875,-0.041015625,0.068359375,-0.087890625,0,0
1779630076.741631,0.322265625,0.48046875,0.669921875,-0.041015625,0.068359375,-0.087890625,0,0
1779630076.749591,0.322265625,0.48046875,0.669921875,-0.041015625,0.064453125,-0.091796875,0,0
1779630076.757638,0.322265625,0.48046875,0.671875,-0.041015625,0.064453125,-0.091796875,0,0
1779630076.765585,0.322265625,0.48046875,0.671875,-0.041015625,0.064453125,-0.091796875,0,0
1779630076.773580,0.3203125,0.478515625,0.671875,-0.041015625,0.064453125,-0.091796875,0,0
1779630076.781573,0.3203125,0.478515625,0.671875,-0.04296875,0.06640625,-0.091796875,0,0
1779630076.789578,0.3203125,0.478515625,0.671875,-0.04296875,0.06640625,-0.091796875,0,0
1779630076.797653,0.3203125,0.478515625,0.671875,-0.044921875,0.068359375,-0.091796875,0,0
1779630076.805617,0.3203125,0.478515625,0.671875,-0.044921875,0.068359375,-0.091796875,0,0
1779630076.813633,0.3203125,0.478515625,0.671875,-0.044921875,0.068359375,-0.08984375,0,0
1779630076.821647,0.3203125,0.478515625,0.671875,-0.044921875,0.068359375,-0.08984375,0,0
1779630076.829611,0.3203125,0.478515625,0.671875,-0.044921875,0.068359375,-0.08984375,0,0
1779630076.837663,0.3203125,0.478515625,0.671875,-0.044921875,0.068359375,-0.08984375,0,0
1779630076.845665,0.3203125,0.478515625,0.671875,-0.044921875,0.068359375,-0.08984375,0,0
1779630076.853607,0.322265625,0.478515625,0.671875,-0.044921875,0.068359375,-0.08984375,0,0
1779630076.861601,0.322265625,0.478515625,0.671875,-0.044921875,0.068359375,-0.08984375,0,0
1779630076.869661,0.32421875,0.482421875,0.66796875,-0.044921875,0.068359375,-0.08984375,0,0
1779630076.877648,0.32421875,0.482421875,0.66796875,-0.044921875,0.072265625,-0.0859375,0,0
1779630076.885633,0.326171875,0.484375,0.666015625,-0.044921875,0.072265625,-0.0859375,0,0
1779630076.893625,0.326171875,0.484375,0.666015625,-0.044921875,0.076171875,-0.080078125,0,0
1779630076.901649,0.33203125,0.48828125,0.666015625,-0.044921875,0.076171875,-0.080078125,0,0
1779630076.909622,0.33203125,0.48828125,0.666015625,-0.05078125,0.0859375,-0.0703125,0,0
1779630076.917670,0.3359375,0.4921875,0.669921875,-0.05078125,0.0859375,-0.0703125,0,0
1779630076.925680,0.3359375,0.4921875,0.669921875,-0.056640625,0.091796875,-0.0625,0,0
1779630076.933683,0.341796875,0.494140625,0.669921875,-0.056640625,0.091796875,-0.0625,0,0
1779630076.941597,0.341796875,0.494140625,0.669921875,-0.060546875,0.09765625,-0.056640625,0,0
1779630076.949666,0.345703125,0.494140625,0.669921875,-0.060546875,0.09765625,-0.056640625,0,0
1779630076.957625,0.345703125,0.494140625,0.669921875,-0.060546875,0.1015625,-0.0546875,0,0
1779630076.965608,0.345703125,0.49609375,0.669921875,-0.060546875,0.1015625,-0.0546875,0,0
1779630076.973645,0.345703125,0.49609375,0.669921875,-0.0625,0.103515625,-0.05078125,0,0
1779630076.981668,0.349609375,0.50390625,0.669921875,-0.0625,0.103515625,-0.05078125,0,0
1779630076.989631,0.349609375,0.50390625,0.669921875,-0.068359375,0.11328125,-0.041015625,0,0
1779630076.997611,0.349609375,0.509765625,0.669921875,-0.068359375,0.11328125,-0.041015625,0,0
1779630077.005641,0.349609375,0.509765625,0.669921875,-0.07421875,0.1171875,-0.033203125,0,0
1779630077.013630,0.34765625,0.51171875,0.666015625,-0.07421875,0.1171875,-0.033203125,0,0
1779630077.021613,0.34765625,0.51171875,0.666015625,-0.076171875,0.12109375,-0.02734375,0,0
1779630077.029615,0.34375,0.517578125,0.658203125,-0.076171875,0.12109375,-0.02734375,0,0
1779630077.037608,0.34375,0.517578125,0.658203125,-0.078125,0.123046875,-0.025390625,0,0
1779630077.045639,0.34375,0.521484375,0.65234375,-0.078125,0.123046875,-0.025390625,0,0
1779630077.053652,0.34375,0.521484375,0.65234375,-0.08203125,0.126953125,-0.01953125,0,0
1779630077.061672,0.34375,0.5234375,0.64453125,-0.08203125,0.126953125,-0.01953125,0,0
1779630077.069589,0.34375,0.5234375,0.64453125,-0.0859375,0.12890625,-0.015625,0,0
1779630077.077588,0.34375,0.5234375,0.640625,-0.0859375,0.12890625,-0.015625,0,0
1779630077.085643,0.34375,0.5234375,0.640625,-0.0859375,0.130859375,-0.01171875,0,0
1779630077.093664,0.34375,0.52734375,0.6328125,-0.0859375,0.130859375,-0.01171875,0,0
1779630077.101641,0.34375,0.52734375,0.6328125,-0.08984375,0.134765625,-0.0078125,0,0
1779630077.109627,0.34765625,0.529296875,0.626953125,-0.08984375,0.134765625,-0.0078125,0,0
1779630077.117622,0.34765625,0.529296875,0.626953125,-0.09375,0.138671875,0.0,0,0
1779630077.125682,0.353515625,0.533203125,0.615234375,-0.09375,0.138671875,0.0,0,0
1779630077.133681,0.353515625,0.533203125,0.615234375,-0.10546875,0.146484375,0.0,0,0
1779630077.141701,0.36328125,0.533203125,0.607421875,-0.10546875,0.146484375,0.0,0,0
1779630077.149632,0.36328125,0.533203125,0.607421875,-0.109375,0.15234375,0.0,0,0
1779630077.157608,0.369140625,0.533203125,0.599609375,-0.109375,0.15234375,0.0,0,0
1779630077.165653,0.369140625,0.533203125,0.599609375,-0.111328125,0.158203125,0.0,0,0
1779630077.173624,0.37109375,0.533203125,0.599609375,-0.111328125,0.158203125,0.0,0,0
1779630077.181629,0.37109375,0.533203125,0.599609375,-0.111328125,0.158203125,0.0,0,0
1779630077.189629,0.373046875,0.53515625,0.599609375,-0.111328125,0.158203125,0.0,0,0
1779630077.197596,0.373046875,0.53515625,0.599609375,-0.111328125,0.158203125,0.0,0,0
1779630077.205616,0.373046875,0.53515625,0.59765625,-0.111328125,0.158203125,0.0,0,0
1779630077.213678,0.373046875,0.53515625,0.59765625,-0.111328125,0.158203125,0.0,0,0
1779630077.221613,0.373046875,0.53515625,0.59765625,-0.111328125,0.158203125,0.0,0,0
1779630077.229600,0.373046875,0.53515625,0.59765625,-0.111328125,0.158203125,0.0,0,0
1779630077.237660,0.373046875,0.53515625,0.595703125,-0.111328125,0.158203125,0.0,0,0
1779630077.245653,0.373046875,0.53515625,0.595703125,-0.111328125,0.16015625,0.0,0,0
1779630077.253630,0.373046875,0.53515625,0.59375,-0.111328125,0.16015625,0.0,0,0
1779630077.261646,0.373046875,0.53515625,0.59375,-0.11328125,0.16015625,0.0,0,0
1779630077.269633,0.373046875,0.53515625,0.59375,-0.11328125,0.16015625,0.0,0,0
1779630077.277638,0.373046875,0.53515625,0.59375,-0.11328125,0.16015625,0.0,0,0
1779630077.285661,0.373046875,0.53515625,0.59375,-0.11328125,0.16015625,0.0,0,0
1779630077.293641,0.373046875,0.53515625,0.59375,-0.11328125,0.16015625,0.0,0,0
1779630077.301620,0.375,0.53515625,0.59375,-0.11328125,0.16015625,0.0,0,0
1779630077.309628,0.375,0.53515625,0.59375,-0.111328125,0.16015625,0.0,0,0
1779630077.317617,0.375,0.537109375,0.591796875,-0.111328125,0.16015625,0.0,0,0
1779630077.325644,0.375,0.537109375,0.591796875,-0.111328125,0.158203125,0.0,0,0
1779630077.333630,0.376953125,0.537109375,0.587890625,-0.111328125,0.158203125,0.0,0,0
1779630077.341658,0.376953125,0.537109375,0.587890625,-0.109375,0.158203125,0.0,0,0
1779630077.349597,0.3828125,0.537109375,0.58203125,-0.109375,0.158203125,0.0,0,0
1779630077.357651,0.3828125,0.537109375,0.58203125,-0.107421875,0.162109375,0.0,0,0
1779630077.365633,0.38671875,0.53515625,0.576171875,-0.107421875,0.162109375,0.0,0,0
1779630077.373646,0.38671875,0.53515625,0.576171875,-0.107421875,0.16015625,0.0,0,0
1779630077.381649,0.3984375,0.533203125,0.568359375,-0.107421875,0.16015625,0.0,0,0
1779630077.389624,0.3984375,0.533203125,0.568359375,-0.107421875,0.166015625,0.0,0,0
1779630077.397631,0.404296875,0.53125,0.5625,-0.107421875,0.166015625,0.0,0,0
1779630077.405633,0.404296875,0.53125,0.5625,-0.10546875,0.16796875,0.0,0,0
1779630077.413656,0.41015625,0.52734375,0.556640625,-0.10546875,0.16796875,0.0,0,0
1779630077.421623,0.41015625,0.52734375,0.556640625,-0.103515625,0.16796875,0.0,0,0
1779630077.429631,0.4140625,0.52734375,0.556640625,-0.103515625,0.16796875,0.0,0,0
1779630077.437621,0.4140625,0.52734375,0.556640625,-0.103515625,0.16796875,0.0,0,0
1779630077.445620,0.416015625,0.52734375,0.5546875,-0.103515625,0.16796875,0.0,0,0
1779630077.453644,0.416015625,0.52734375,0.5546875,-0.103515625,0.16796875,0.0,0,0
1779630077.461651,0.41796875,0.52734375,0.552734375,-0.103515625,0.16796875,0.0,0,0
1779630077.469604,0.41796875,0.52734375,0.552734375,-0.1015625,0.16796875,0.0,0,0
1779630077.477654,0.421875,0.52734375,0.55078125,-0.1015625,0.16796875,0.0,0,0
1779630077.485654,0.421875,0.52734375,0.55078125,-0.095703125,0.169921875,0.0,0,0
1779630077.493661,0.42578125,0.525390625,0.548828125,-0.095703125,0.169921875,0.0,0,0
1779630077.501718,0.42578125,0.525390625,0.548828125,-0.09375,0.171875,0.0,0,0
1779630077.509713,0.435546875,0.525390625,0.546875,-0.09375,0.171875,0.0,0,0
1779630077.517634,0.435546875,0.525390625,0.546875,-0.091796875,0.173828125,0.0,0,0
1779630077.525628,0.44140625,0.5234375,0.54296875,-0.091796875,0.173828125,0.0,0,0
1779630077.533644,0.44140625,0.5234375,0.54296875,-0.08984375,0.177734375,0.0,0,0
1779630077.541616,0.4453125,0.5234375,0.541015625,-0.08984375,0.177734375,0.0,0,0
1779630077.549627,0.4453125,0.5234375,0.541015625,-0.08984375,0.177734375,0.0,0,0
1779630077.557623,0.4453125,0.521484375,0.541015625,-0.08984375,0.177734375,0.0,0,0
1779630077.565638,0.4453125,0.521484375,0.541015625,-0.087890625,0.177734375,0.0,0,0
1779630077.573566,0.4453125,0.521484375,0.541015625,-0.087890625,0.177734375,0.0,0,0
1779630077.581686,0.4453125,0.521484375,0.541015625,-0.087890625,0.177734375,0.0,0,0
1779630077.589674,0.4453125,0.521484375,0.541015625,-0.087890625,0.177734375,0.0,0,0
1779630077.597714,0.4453125,0.521484375,0.541015625,-0.087890625,0.177734375,0.0,0,0
1779630077.605646,0.4453125,0.521484375,0.5390625,-0.087890625,0.177734375,0.0,0,0
1779630077.613625,0.4453125,0.521484375,0.5390625,-0.087890625,0.177734375,0.0,0,0
1779630077.621632,0.4453125,0.521484375,0.5390625,-0.087890625,0.177734375,0.0,0,0
1779630077.629661,0.4453125,0.521484375,0.5390625,-0.087890625,0.177734375,0.0,0,0
1779630077.637653,0.44921875,0.51953125,0.537109375,-0.087890625,0.177734375,0.0,0,0
1779630077.645682,0.44921875,0.51953125,0.537109375,-0.087890625,0.1796875,0.0,0,0
1779630077.653625,0.455078125,0.517578125,0.53515625,-0.087890625,0.1796875,0.0,0,0
1779630077.661636,0.455078125,0.517578125,0.53515625,-0.087890625,0.18359375,0.0,0,0
1779630077.669633,0.458984375,0.513671875,0.533203125,-0.087890625,0.18359375,0.0,0,0
1779630077.677627,0.458984375,0.513671875,0.533203125,-0.083984375,0.18359375,0.0,0,0
1779630077.685609,0.4609375,0.513671875,0.533203125,-0.083984375,0.18359375,0.0,0,0
1779630077.693644,0.4609375,0.513671875,0.533203125,-0.08203125,0.185546875,0.0,0,0
1779630077.701596,0.4609375,0.513671875,0.53125,-0.08203125,0.185546875,0.0,0,0
1779630077.709584,0.4609375,0.513671875,0.53125,-0.08203125,0.1875,0.0,0,0
1779630077.717566,0.4609375,0.513671875,0.529296875,-0.08203125,0.1875,0.0,0,0
1779630077.725602,0.4609375,0.513671875,0.529296875,-0.08203125,0.1875,0.0,0,0
1779630077.733585,0.4609375,0.513671875,0.529296875,-0.08203125,0.1875,0.0,0,0
1779630077.741584,0.4609375,0.513671875,0.529296875,-0.08203125,0.1875,0.0,0,0
1779630077.749602,0.458984375,0.513671875,0.529296875,-0.08203125,0.1875,0.0,0,0
1779630077.757625,0.458984375,0.513671875,0.529296875,-0.08203125,0.1875,0.0,0,0
1779630077.765596,0.458984375,0.513671875,0.529296875,-0.08203125,0.1875,0.0,0,0
1779630077.773688,0.458984375,0.513671875,0.529296875,-0.08203125,0.1875,0.0,0,0
1779630077.781646,0.458984375,0.513671875,0.529296875,-0.08203125,0.1875,0.0,0,0
1779630077.789594,0.458984375,0.513671875,0.529296875,-0.083984375,0.1875,0.0,0,0
1779630077.797646,0.458984375,0.513671875,0.52734375,-0.083984375,0.1875,0.0,0,0
1779630077.805653,0.458984375,0.513671875,0.52734375,-0.083984375,0.1875,0.0,0,0
1779630077.813670,0.458984375,0.513671875,0.52734375,-0.083984375,0.1875,0.0,0,0
1779630077.821594,0.458984375,0.513671875,0.52734375,-0.083984375,0.189453125,0.0,0,0
1779630077.829592,0.458984375,0.513671875,0.52734375,-0.083984375,0.189453125,0.0,0,0
1779630077.837584,0.458984375,0.513671875,0.52734375,-0.083984375,0.189453125,0.0,0,0
1779630077.845575,0.458984375,0.513671875,0.52734375,-0.083984375,0.189453125,0.0,0,0
1779630077.853619,0.458984375,0.513671875,0.52734375,-0.083984375,0.189453125,0.0,0,0
1779630077.861690,0.458984375,0.513671875,0.52734375,-0.083984375,0.189453125,0.0,0,0
1779630077.869626,0.458984375,0.513671875,0.52734375,-0.083984375,0.189453125,0.0,0,0
1779630077.877643,0.458984375,0.513671875,0.52734375,-0.083984375,0.189453125,0.0,0,0
1779630077.885618,0.458984375,0.513671875,0.52734375,-0.083984375,0.189453125,0.0,0,0
1779630077.893594,0.458984375,0.513671875,0.52734375,-0.083984375,0.189453125,0.0,0,0
1779630077.901670,0.458984375,0.513671875,0.52734375,-0.083984375,0.189453125,0.0,0,0
1779630077.909614,0.458984375,0.513671875,0.52734375,-0.083984375,0.189453125,0.0,0,0
1779630077.917592,0.458984375,0.513671875,0.52734375,-0.083984375,0.189453125,0.0,0,0
1779630077.925583,0.458984375,0.513671875,0.52734375,-0.083984375,0.189453125,0.0,0,0
1779630077.933628,0.458984375,0.513671875,0.52734375,-0.083984375,0.189453125,0.0,0,0
1779630077.941596,0.45703125,0.513671875,0.52734375,-0.083984375,0.189453125,0.0,0,0
1779630077.949646,0.45703125,0.513671875,0.52734375,-0.083984375,0.189453125,0.0,0,0
1779630077.957669,0.455078125,0.513671875,0.525390625,-0.083984375,0.189453125,0.0,0,0
1779630077.965613,0.455078125,0.513671875,0.525390625,-0.083984375,0.19140625,0.0,0,0
1779630077.973613,0.455078125,0.513671875,0.525390625,-0.083984375,0.19140625,0.0,0,0
1779630077.981614,0.455078125,0.513671875,0.525390625,-0.0859375,0.19140625,0.0,0,0
1779630077.989630,0.455078125,0.513671875,0.525390625,-0.0859375,0.19140625,0.0,0,0
1779630077.997616,0.455078125,0.513671875,0.525390625,-0.0859375,0.19140625,0.0,0,0
1779630078.005599,0.455078125,0.513671875,0.5234375,-0.0859375,0.19140625,0.0,0,0
1779630078.013611,0.455078125,0.513671875,0.5234375,-0.0859375,0.19140625,0.0,0,0
1779630078.021602,0.455078125,0.513671875,0.5234375,-0.0859375,0.19140625,0.0,0,0
1779630078.029608,0.455078125,0.513671875,0.5234375,-0.0859375,0.193359375,0.0,0,0
1779630078.037619,0.453125,0.513671875,0.5234375,-0.0859375,0.193359375,0.0,0,0
1779630078.045609,0.453125,0.513671875,0.5234375,-0.0859375,0.19140625,0.0,0,0
1779630078.053619,0.451171875,0.513671875,0.5234375,-0.0859375,0.19140625,0.0,0,0
1779630078.061677,0.451171875,0.513671875,0.5234375,-0.087890625,0.19140625,0.0,0,0
1779630078.069676,0.44921875,0.513671875,0.521484375,-0.087890625,0.19140625,0.0,0,0
1779630078.077643,0.44921875,0.513671875,0.521484375,-0.08984375,0.19140625,0.0,0,0
1779630078.085606,0.44921875,0.513671875,0.521484375,-0.08984375,0.19140625,0.0,0,0
1779630078.093638,0.44921875,0.513671875,0.521484375,-0.08984375,0.19140625,0.0,0,0
1779630078.101636,0.44921875,0.513671875,0.521484375,-0.08984375,0.19140625,0.0,0,0
1779630078.109627,0.44921875,0.513671875,0.521484375,-0.08984375,0.19140625,0.0,0,0
1779630078.117629,0.44921875,0.513671875,0.521484375,-0.08984375,0.19140625,0.0,0,0
1779630078.125601,0.44921875,0.513671875,0.521484375,-0.08984375,0.19140625,0.0,0,0
1779630078.133611,0.44921875,0.513671875,0.521484375,-0.08984375,0.19140625,0.0,0,0
1779630078.141623,0.44921875,0.513671875,0.521484375,-0.08984375,0.19140625,0.0,0,0
1779630078.149641,0.44921875,0.513671875,0.521484375,-0.08984375,0.19140625,0.0,0,0
1779630078.157635,0.44921875,0.513671875,0.521484375,-0.091796875,0.19140625,0.0,0,0
1779630078.165647,0.447265625,0.513671875,0.51953125,-0.091796875,0.19140625,0.0,0,0
1779630078.173662,0.447265625,0.513671875,0.51953125,-0.08984375,0.19140625,0.0,0,0
1779630078.181625,0.447265625,0.513671875,0.517578125,-0.08984375,0.19140625,0.0,0,0
1779630078.189632,0.447265625,0.513671875,0.517578125,-0.091796875,0.19140625,0.0,0,0
1779630078.197724,0.447265625,0.513671875,0.517578125,-0.091796875,0.19140625,0.0,0,0
1779630078.205618,0.447265625,0.513671875,0.517578125,-0.091796875,0.193359375,0.0,0,0
1779630078.213624,0.447265625,0.513671875,0.517578125,-0.091796875,0.193359375,0.0,0,0
1779630078.221657,0.447265625,0.513671875,0.517578125,-0.091796875,0.193359375,0.0,0,0
1779630078.229632,0.4453125,0.51171875,0.515625,-0.091796875,0.193359375,0.0,0,0
1779630078.237631,0.4453125,0.51171875,0.515625,-0.091796875,0.193359375,0.0,0,0
1779630078.245599,0.4453125,0.509765625,0.509765625,-0.091796875,0.193359375,0.0,0,0
1779630078.253682,0.4453125,0.509765625,0.509765625,-0.09765625,0.1953125,0.0,0,0
1779630078.261637,0.443359375,0.5078125,0.505859375,-0.09765625,0.1953125,0.0,0,0
1779630078.269637,0.443359375,0.5078125,0.505859375,-0.1015625,0.1953125,0.0,0,0
1779630078.277707,0.443359375,0.50390625,0.50390625,-0.1015625,0.1953125,0.0,0,0
1779630078.285591,0.443359375,0.50390625,0.50390625,-0.1015625,0.1953125,0.0,0,0
1779630078.293679,0.443359375,0.50390625,0.50390625,-0.1015625,0.1953125,0.0,0,0
1779630078.301644,0.443359375,0.50390625,0.50390625,-0.1015625,0.1953125,0.0,0,0
1779630078.309681,0.443359375,0.50390625,0.501953125,-0.1015625,0.1953125,0.0,0,0
1779630078.317663,0.443359375,0.50390625,0.501953125,-0.1015625,0.1953125,0.0,0,0
1779630078.325657,0.443359375,0.501953125,0.5,-0.1015625,0.1953125,0.0,0,0
1779630078.333672,0.443359375,0.501953125,0.5,-0.103515625,0.1953125,0.0,0,0
1779630078.341640,0.443359375,0.50390625,0.498046875,-0.103515625,0.1953125,0.0,0,0
1779630078.349643,0.443359375,0.50390625,0.498046875,-0.10546875,0.197265625,0.0,0,0
1779630078.357648,0.443359375,0.501953125,0.498046875,-0.10546875,0.197265625,0.0,0,0
1779630078.365687,0.443359375,0.501953125,0.498046875,-0.10546875,0.197265625,0.0,0,0
1779630078.373630,0.44140625,0.501953125,0.494140625,-0.10546875,0.197265625,0.0,0,0
1779630078.381615,0.44140625,0.501953125,0.494140625,-0.10546875,0.197265625,0.0,0,0
1779630078.389621,0.44140625,0.501953125,0.494140625,-0.10546875,0.197265625,0.0,0,0
1779630078.397686,0.44140625,0.501953125,0.494140625,-0.10546875,0.197265625,0.0,0,0
1779630078.405666,0.44140625,0.5,0.494140625,-0.10546875,0.197265625,0.0,0,0
1779630078.413627,0.44140625,0.5,0.494140625,-0.10546875,0.197265625,0.0,0,0
1779630078.421608,0.44140625,0.5,0.494140625,-0.10546875,0.197265625,0.0,0,0
1779630078.429623,0.44140625,0.5,0.494140625,-0.10546875,0.197265625,0.0,0,0
1779630078.437606,0.44140625,0.5,0.494140625,-0.10546875,0.197265625,0.0,0,0
1779630078.445657,0.44140625,0.5,0.494140625,-0.10546875,0.197265625,0.0,0,0
1779630078.453648,0.443359375,0.49609375,0.486328125,-0.10546875,0.197265625,0.0,0,0
1779630078.461676,0.443359375,0.49609375,0.486328125,-0.109375,0.201171875,0.0,0,0
1779630078.469674,0.443359375,0.494140625,0.484375,-0.109375,0.201171875,0.0,0,0
1779630078.477628,0.443359375,0.494140625,0.484375,-0.111328125,0.201171875,0.0,0,0
1779630078.485603,0.443359375,0.4921875,0.482421875,-0.111328125,0.201171875,0.0,0,0
1779630078.493623,0.443359375,0.4921875,0.482421875,-0.111328125,0.201171875,0.0,0,0
1779630078.501631,0.44140625,0.4921875,0.482421875,-0.111328125,0.201171875,0.0,0,0
1779630078.509691,0.44140625,0.4921875,0.482421875,-0.111328125,0.19921875,0.0,0,0
1779630078.517627,0.439453125,0.4921875,0.482421875,-0.111328125,0.19921875,0.0,0,0
1779630078.525720,0.439453125,0.4921875,0.482421875,-0.111328125,0.19921875,0.0,0,0
1779630078.533630,0.439453125,0.4921875,0.48046875,-0.111328125,0.19921875,0.0,0,0
1779630078.541607,0.439453125,0.4921875,0.48046875,-0.11328125,0.201171875,0.0,0,0
1779630078.549622,0.439453125,0.490234375,0.478515625,-0.11328125,0.201171875,0.0,0,0
1779630078.557613,0.439453125,0.490234375,0.478515625,-0.11328125,0.201171875,0.0,0,0
1779630078.565653,0.439453125,0.48828125,0.47265625,-0.11328125,0.201171875,0.0,0,0
1779630078.573627,0.439453125,0.48828125,0.47265625,-0.119140625,0.201171875,0.0,0,0
1779630078.581647,0.4375,0.478515625,0.4609375,-0.119140625,0.201171875,0.0,0,0
1779630078.589617,0.4375,0.478515625,0.4609375,-0.126953125,0.201171875,0.0,0,0
1779630078.597630,0.4375,0.47265625,0.447265625,-0.126953125,0.201171875,0.0,0,0
1779630078.605613,0.4375,0.47265625,0.447265625,-0.138671875,0.203125,0.0,0,0
1779630078.613608,0.431640625,0.462890625,0.431640625,-0.138671875,0.203125,0.0,0,0
1779630078.621610,0.431640625,0.462890625,0.431640625,-0.150390625,0.19921875,0.0,0,0
1779630078.629642,0.431640625,0.447265625,0.37890625,-0.150390625,0.19921875,0.0,0,0
1779630078.637677,0.431640625,0.447265625,0.37890625,-0.171875,0.19140625,0.0,0,0
1779630078.645662,0.42578125,0.43359375,0.314453125,-0.171875,0.19140625,0.0,0,0
1779630078.653640,0.42578125,0.43359375,0.314453125,-0.1875,0.1796875,0.0,0,0
1779630078.661666,0.42578125,0.40625,0.224609375,-0.1875,0.1796875,0.0,0,0
1779630078.669644,0.42578125,0.40625,0.224609375,-0.203125,0.1640625,0.021484375,0,0
1779630078.677609,0.412109375,0.35546875,0.181640625,-0.203125,0.1640625,0.021484375,0,0
1779630078.685633,0.412109375,0.35546875,0.181640625,-0.224609375,0.15625,0.037109375,0,0
1779630078.693665,0.349609375,0.251953125,0.134765625,-0.224609375,0.15625,0.037109375,0,0
1779630078.701621,0.349609375,0.251953125,0.134765625,-0.2265625,0.13671875,0.01953125,0,0
1779630078.709635,0.28125,0.134765625,0.091796875,-0.2265625,0.13671875,0.01953125,0,0
1779630078.717613,0.28125,0.134765625,0.091796875,-0.1796875,0.12890625,0.01953125,0,0
1779630078.725640,0.17578125,0.01171875,0.068359375,-0.1796875,0.12890625,0.01953125,0,0
1779630078.733631,0.17578125,0.01171875,0.068359375,-0.08203125,0.103515625,0.01953125,0,0
1779630078.741637,0.17578125,0.01171875,0.0078125,-0.08203125,0.103515625,0.01953125,0,0
1779630078.749600,0.17578125,0.01171875,0.0078125,-0.03125,0.103515625,0.033203125,0,0
1779630078.779626,0.0,0.0,0.0,0.0,0.0,0.0,0,0
1779630078.810586,0.0,0.0,0.0,0.0,0.0,0.0,0,0
1779630078.841663,0.0,0.0,0.0,0.0,0.0,0.0,0,0
1779630078.872643,0.0,0.0,0.0,0.0,0.0,0.0,0,0
1779630078.903655,0.0,0.0,0.0,0.0,0.0,0.0,0,0
1779630078.934646,0.0,0.0,0.0,0.0,0.0,0.0,0,0
1779630078.965634,0.0,0.0,0.0,0.0,0.0,0.0,0,0
1779630078.996620,0.0,0.0,0.0,0.0,0.0,0.0,0,0
1779630079.027636,0.0,0.0,0.0,0.0,0.0,0.0,0,0
1779630079.058648,0.0,0.0,0.0,0.0,0.0,0.0,0,0
1779630079.089654,0.0,0.0,0.0,0.0,0.0,0.0,0,0
1779630079.120676,0.0,0.0,0.0,0.0,0.0,0.0,0,0
1779630079.151634,0.0,0.0,0.0,0.0,0.0,0.0,0,0
1779630079.182609,0.0,0.0,0.0,0.0,0.0,0.0,0,0
1779630079.213644,0.0,0.0,0.0,0.0,0.0,0.0,0,0
1779630079.244649,0.0,0.0,0.0,0.0,0.0,0.0,0,0
1779630079.275615,0.0,0.0,0.0,0.0,0.0,0.0,0,0
1779630079.306598,0.0,0.0,0.0,0.0,0.0,0.0,0,0
1779630079.337667,0.0,0.0,0.0,0.0,0.0,0.0,0,0
1779630079.368603,0.0,0.0,0.0,0.0,0.0,0.0,0,0
1779630079.399606,0.0,0.0,0.0,0.0,0.0,0.0,0,0
1779630079.430634,0.0,0.0,0.0,0.0,0.0,0.0,0,0
1779630079.461683,0.0,0.0,0.0,0.0,0.0,0.0,0,0
1779630079.492626,0.0,0.0,0.0,0.0,0.0,0.0,0,0
1779630079.523642,0.0,0.0,0.0,0.0,0.0,0.0,0,0
1779630079.554648,0.0,0.0,0.0,0.0,0.0,0.0,0,0
1779630079.585678,0.0,0.0,0.0,0.0,0.0,0.0,0,0
1779630079.617625,0.0,0.0,0.0,0.0,0.0,0.0,0,0
1779630079.648624,0.0,0.0,0.0,0.0,0.0,0.0,0,0
1779630079.679591,0.0,0.0,0.0,0.0,0.0,0.0,0,0
1779630079.710655,0.0,0.0,0.0,0.0,0.0,0.0,0,0
1779630079.741586,0.0,0.0,0.0,0.0,0.0,0.0,0,0
1779630079.772584,0.0,0.0,0.0,0.0,0.0,0.0,0,0
1779630079.803668,0.0,0.0,0.0,0.0,0.0,0.0,0,0
1779630079.834697,0.0,0.0,0.0,0.0,0.0,0.0,0,0
1779630079.865608,0.0,0.0,0.0,0.0,0.0,0.0,0,0
1779630079.896581,0.0,0.0,0.0,0.0,0.0,0.0,0,0
1779630079.927621,0.0,0.0,0.0,0.0,0.0,0.0,0,0
1779630079.958650,0.0,0.0,0.0,0.0,0.0,0.0,0,0
1779630079.989616,0.0,0.0,0.0,0.0,0.0,0.0,0,0
1779630080.020640,0.0,0.0,0.0,0.0,0.0,0.0,0,0
1779630080.051682,0.0,0.0,0.0,0.0,0.0,0.0,0,0
1779630080.082610,0.0,0.0,0.0,0.0,0.0,0.0,0,0
1779630080.113607,0.0,0.0,0.0,0.0,0.0,0.0,0,0
1779630080.144671,0.0,0.0,0.0,0.0,0.0,0.0,0,0
1779630080.175634,0.0,0.0,0.0,0.0,0.0,0.0,0,0
1779630080.206604,0.0,0.0,0.0,0.0,0.0,0.0,0,0
1779630080.237664,0.0,0.0,0.0,0.0,0.0,0.0,0,0
1779630080.268623,0.0,0.0,0.0,0.0,0.0,0.0,0,0
1779630080.299611,0.0,0.0,0.0,0.0,0.0,0.0,0,0
1779630080.330632,0.0,0.0,0.0,0.0,0.0,0.0,0,0
1779630080.361621,0.0,0.0,0.0,0.0,0.0,0.0,0,0
1779630080.392617,0.0,0.0,0.0,0.0,0.0,0.0,0,0
1779630080.423636,0.0,0.0,0.0,0.0,0.0,0.0,0,0
1779630080.454625,0.0,0.0,0.0,0.0,0.0,0.0,0,0
1779630080.485607,0.0,0.0,0.0,0.0,0.0,0.0,0,0
1779630080.516567,0.0,0.0,0.0,0.0,0.0,0.0,0,0
1779630080.547634,0.0,0.0,0.0,0.0,0.0,0.0,0,0
1779630080.578681,0.0,0.0,0.0,0.0,0.0,0.0,0,0
1779630080.609604,0.0,0.0,0.0,0.0,0.0,0.0,0,0
1779630080.640610,0.0,0.0,0.0,0.0,0.0,0.0,0,0
1779630080.671637,0.0,0.0,0.0,0.0,0.0,0.0,0,0
1779630080.702621,0.0,0.0,0.0,0.0,0.0,0.0,0,0
1779630080.733583,0.0,0.0,0.0,0.0,0.0,0.0,0,0
1779630080.764582,0.0,0.0,0.0,0.0,0.0,0.0,0,0
1779630080.795631,0.0,0.0,0.0,0.0,0.0,0.0,0,0
1779630080.826699,0.0,0.0,0.0,0.0,0.0,0.0,0,0
1779630080.857644,0.0,0.0,0.0,0.0,0.0,0.0,0,0
1779630080.888658,0.0,0.0,0.0,0.0,0.0,0.0,0,0
1779630080.919668,0.0,0.0,0.0,0.0,0.0,0.0,0,0
1779630080.950646,0.0,0.0,0.0,0.0,0.0,0.0,0,0
1779630080.981640,0.0,0.0,0.0,0.0,0.0,0.0,0,0
1779630081.012607,0.0,0.0,0.0,0.0,0.0,0.0,0,0
1779630081.043664,0.0,0.0,0.0,0.0,0.0,0.0,0,0
1779630081.074615,0.0,0.0,0.0,0.0,0.0,0.0,0,0
1779630081.105609,0.0,0.0,0.0,0.0,0.0,0.0,0,0
1779630081.136594,0.0,0.0,0.0,0.0,0.0,0.0,0,0
1779630081.167653,0.0,0.0,0.0,0.0,0.0,0.0,0,0
1779630081.198678,0.0,0.0,0.0,0.0,0.0,0.0,0,0
1779630081.229676,0.0,0.0,0.0,0.0,0.0,0.0,0,0
1779630081.260657,0.0,0.0,0.0,0.0,0.0,0.0,0,0
1779630081.291636,0.0,0.0,0.0,0.0,0.0,0.0,0,0
1779630081.322638,0.0,0.0,0.0,0.0,0.0,0.0,0,0
1779630081.353635,0.0,0.0,0.0,0.0,0.0,0.0,0,0
1779630081.387691,0.0,0.0,0.0,0.0,0.0,0.0,0,0
1779630081.418630,0.0,0.0,0.0,0.0,0.0,0.0,0,0
1779630081.449625,0.0,0.0,0.0,0.0,0.0,0.0,0,0
1779630081.480639,0.0,0.0,0.0,0.0,0.0,0.0,0,0
1779630081.511609,0.0,0.0,0.0,0.0,0.0,0.0,0,0
1779630081.542619,0.0,0.0,0.0,0.0,0.0,0.0,0,0
1779630081.573658,0.0,0.0,0.0,0.0,0.0,0.0,0,0
1779630081.604639,0.0,0.0,0.0,0.0,0.0,0.0,0,0
1779630081.635638,0.0,0.0,0.0,0.0,0.0,0.0,0,0
1779630081.666612,0.0,0.0,0.0,0.0,0.0,0.0,0,0
1779630081.697624,0.0,0.0,0.0,0.0,0.0,0.0,0,0
1779630081.728682,0.0,0.0,0.0,0.0,0.0,0.0,0,0
1779630081.759647,0.0,0.0,0.0,0.0,0.0,0.0,0,0
1779630081.790652,0.0,0.0,0.0,0.0,0.0,0.0,0,0
1779630081.821575,0.0,0.0,0.0,0.0,0.0,0.0,0,0
1779630081.852634,0.0,0.0,0.0,0.0,0.0,0.0,0,0
1779630081.883628,0.0,0.0,0.0,0.0,0.0,0.0,0,0
1779630081.914606,0.0,0.0,0.0,0.0,0.0,0.0,0,0
1779630081.945619,0.0,0.0,0.0,0.0,0.0,0.0,0,0
1779630081.976626,0.0,0.0,0.0,0.0,0.0,0.0,0,0
1779630082.007611,0.0,0.0,0.0,0.0,0.0,0.0,0,0
1779630082.038652,0.0,0.0,0.0,0.0,0.0,0.0,0,0
1779630082.069646,0.0,0.0,0.0,0.0,0.0,0.0,0,0
1779630082.100644,0.0,0.0,0.0,0.0,0.0,0.0,0,0
1779630082.131656,0.0,0.0,0.0,0.0,0.0,0.0,0,0
1779630082.162622,0.0,0.0,0.0,0.0,0.0,0.0,0,0
1779630082.193752,0.0,0.0,0.0,0.0,0.0,0.0,0,0
1779630082.224645,0.0,0.0,0.0,0.0,0.0,0.0,0,0
1779630082.255625,0.0,0.0,0.0,0.0,0.0,0.0,0,0
1779630082.286634,0.0,0.0,0.0,0.0,0.0,0.0,0,0
1779630082.317625,0.0,0.0,0.0,0.0,0.0,0.0,0,0
1779630082.348679,0.0,0.0,0.0,0.0,0.0,0.0,0,0
1779630082.379620,0.0,0.0,0.0,0.0,0.0,0.0,0,0
1779630082.410708,0.0,0.0,0.0,0.0,0.0,0.0,0,0
1779630082.441671,0.0,0.0,0.0,0.0,0.0,0.0,0,0
1779630082.472632,0.0,0.0,0.0,0.0,0.0,0.0,0,0
1779630082.503580,0.0,0.0,0.0,0.0,0.0,0.0,0,0
1779630082.534676,0.0,0.0,0.0,0.0,0.0,0.0,0,0
1779630082.565673,0.0,0.0,0.0,0.0,0.0,0.0,0,0
1779630082.596624,0.0,0.0,0.0,0.0,0.0,0.0,0,0
1779630082.627618,0.0,0.0,0.0,0.0,0.0,0.0,0,0
1779630082.658626,0.0,0.0,0.0,0.0,0.0,0.0,0,0
1779630082.689623,0.0,0.0,0.0,0.0,0.0,0.0,0,0
1779630082.720659,0.0,0.0,0.0,0.0,0.0,0.0,0,0
1779630082.751621,0.0,0.0,0.0,0.0,0.0,0.0,0,0
1779630082.782632,0.0,0.0,0.0,0.0,0.0,0.0,0,0
1779630082.813639,0.0,0.0,0.0,0.0,0.0,0.0,0,0
1779630082.844661,0.0,0.0,0.0,0.0,0.0,0.0,0,0
1779630082.875661,0.0,0.0,0.0,0.0,0.0,0.0,0,0
1779630082.906619,0.0,0.0,0.0,0.0,0.0,0.0,0,0
1779630082.937656,0.0,0.0,0.0,0.0,0.0,0.0,0,0
1779630082.968630,0.0,0.0,0.0,0.0,0.0,0.0,0,0
1779630082.999656,0.0,0.0,0.0,0.0,0.0,0.0,0,0
1779630083.030679,0.0,0.0,0.0,0.0,0.0,0.0,0,0
1779630083.061697,0.0,0.0,0.0,0.0,0.0,0.0,0,0
1779630083.092651,0.0,0.0,0.0,0.0,0.0,0.0,0,0
1779630083.123629,0.0,0.0,0.0,0.0,0.0,0.0,0,0
1779630083.154663,0.0,0.0,0.0,0.0,0.0,0.0,0,0
1779630083.185648,0.0,0.0,0.0,0.0,0.0,0.0,0,0
1779630083.216602,0.0,0.0,0.0,0.0,0.0,0.0,0,0
1779630083.247651,0.0,0.0,0.0,0.0,0.0,0.0,0,0
1779630083.278656,0.0,0.0,0.0,0.0,0.0,0.0,0,0
1779630083.309578,0.0,0.0,0.0,0.0,0.0,0.0,0,0
1779630083.340642,0.0,0.0,0.0,0.0,0.0,0.0,0,0
1779630083.371663,0.0,0.0,0.0,0.0,0.0,0.0,0,0
1779630083.402606,0.0,0.0,0.0,0.0,0.0,0.0,0,0
1779630083.433589,0.0,0.0,0.0,0.0,0.0,0.0,0,0
1779630083.464630,0.0,0.0,0.0,0.0,0.0,0.0,0,0
1779630083.495669,0.0,0.0,0.0,0.0,0.0,0.0,0,0
1779630083.526642,0.0,0.0,0.0,0.0,0.0,0.0,0,0
1779630083.557581,0.0,0.0,0.0,0.0,0.0,0.0,0,0
1779630083.588609,0.0,0.0,0.0,0.0,0.0,0.0,0,0
1779630083.619618,0.0,0.0,0.0,0.0,0.0,0.0,0,0
1779630083.650705,0.0,0.0,0.0,0.0,0.0,0.0,0,0
1779630083.681592,0.0,0.0,0.0,0.0,0.0,0.0,0,0
1779630083.712645,0.0,0.0,0.0,0.0,0.0,0.0,0,0
1779630083.743662,0.0,0.0,0.0,0.0,0.0,0.0,0,0
1779630083.774635,0.0,0.0,0.0,0.0,0.0,0.0,0,0
1779630083.805605,0.0,0.0,0.0,0.0,0.0,0.0,0,0
1779630083.836610,0.0,0.0,0.0,0.0,0.0,0.0,0,0
1779630083.867641,0.0,0.0,0.0,0.0,0.0,0.0,0,0
1779630083.898616,0.0,0.0,0.0,0.0,0.0,0.0,0,0
1779630083.929663,0.0,0.0,0.0,0.0,0.0,0.0,0,0
1779630083.960666,0.0,0.0,0.0,0.0,0.0,0.0,0,0
1779630083.991629,0.0,0.0,0.0,0.0,0.0,0.0,0,0
1779630084.022703,0.0,0.0,0.0,0.0,0.0,0.0,0,0
1779630084.053661,0.0,0.0,0.0,0.0,0.0,0.0,0,0
1779630084.084706,0.0,0.0,0.0,0.0,0.0,0.0,0,0
1779630084.115680,0.0,0.0,0.0,0.0,0.0,0.0,0,0
1779630084.146714,0.0,0.0,0.0,0.0,0.0,0.0,0,0
1779630084.177622,0.0,0.0,0.0,0.0,0.0,0.0,0,0
1779630084.208635,0.0,0.0,0.0,0.0,0.0,0.0,0,0
1779630084.239639,0.0,0.0,0.0,0.0,0.0,0.0,0,0
1779630084.270669,0.0,0.0,0.0,0.0,0.0,0.0,0,0
1779630084.301671,0.0,0.0,0.0,0.0,0.0,0.0,0,0
1779630084.332656,0.0,0.0,0.0,0.0,0.0,0.0,0,0
1779630084.363596,0.0,0.0,0.0,0.0,0.0,0.0,0,0
1779630084.394660,0.0,0.0,0.0,0.0,0.0,0.0,0,0
1779630084.425614,0.0,0.0,0.0,0.0,0.0,0.0,0,0
1779630084.456679,0.0,0.0,0.0,0.0,0.0,0.0,0,0
1779630084.487628,0.0,0.0,0.0,0.0,0.0,0.0,0,0
1779630084.518673,0.0,0.0,0.0,0.0,0.0,0.0,0,0
1779630084.549603,0.0,0.0,0.0,0.0,0.0,0.0,0,0
1779630084.580623,0.0,0.0,0.0,0.0,0.0,0.0,0,0
1779630084.611577,0.0,0.0,0.0,0.0,0.0,0.0,0,0
1779630084.642604,0.0,0.0,0.0,0.0,0.0,0.0,0,0
1779630084.673605,0.0,0.0,0.0,0.0,0.0,0.0,0,0
1779630084.704678,0.0,0.0,0.0,0.0,0.0,0.0,0,0
1779630084.735609,0.0,0.0,0.0,0.0,0.0,0.0,0,0
1779630084.766644,0.0,0.0,0.0,0.0,0.0,0.0,0,0
1779630084.797628,0.0,0.0,0.0,0.0,0.0,0.0,0,0
1779630084.828628,0.0,0.0,0.0,0.0,0.0,0.0,0,0
1779630084.859615,0.0,0.0,0.0,0.0,0.0,0.0,0,0
1779630084.890653,0.0,0.0,0.0,0.0,0.0,0.0,0,0
1779630084.921661,0.0,0.0,0.0,0.0,0.0,0.0,0,0
1779630084.952608,0.0,0.0,0.0,0.0,0.0,0.0,0,0
1779630084.983622,0.0,0.0,0.0,0.0,0.0,0.0,0,0
1779630085.014661,0.0,0.0,0.0,0.0,0.0,0.0,0,0
1779630085.045628,0.0,0.0,0.0,0.0,0.0,0.0,0,0
1779630085.076632,0.0,0.0,0.0,0.0,0.0,0.0,0,0
1779630085.107627,0.0,0.0,0.0,0.0,0.0,0.0,0,0
1779630085.138609,0.0,0.0,0.0,0.0,0.0,0.0,0,0
1779630085.169876,0.0,0.0,0.0,0.0,0.0,0.0,0,0
1779630085.200683,0.0,0.0,0.0,0.0,0.0,0.0,0,0
1779630085.231699,0.0,0.0,0.0,0.0,0.0,0.0,0,0
1779630085.262647,0.0,0.0,0.0,0.0,0.0,0.0,0,0
1779630085.293685,0.0,0.0,0.0,0.0,0.0,0.0,0,0
1779630085.324640,0.0,0.0,0.0,0.0,0.0,0.0,0,0
1779630085.355649,0.0,0.0,0.0,0.0,0.0,0.0,0,0
1779630085.386647,0.0,0.0,0.0,0.0,0.0,0.0,0,0
1779630085.417626,0.0,0.0,0.0,0.0,0.0,0.0,0,0
1779630085.448616,0.0,0.0,0.0,0.0,0.0,0.0,0,0
1779630085.479649,0.0,0.0,0.0,0.0,0.0,0.0,0,0
1779630085.510695,0.0,0.0,0.0,0.0,0.0,0.0,0,0
1779630085.541646,0.0,0.0,0.0,0.0,0.0,0.0,0,0
1779630085.572606,0.0,0.0,0.0,0.0,0.0,0.0,0,0
1779630085.603634,0.0,0.0,0.0,0.0,0.0,0.0,0,0
1779630085.634621,0.0,0.0,0.0,0.0,0.0,0.0,0,0
1779630085.665683,0.0,0.0,0.0,0.0,0.0,0.0,0,0
1779630085.696654,0.0,0.0,0.0,0.0,0.0,0.0,0,0
1779630085.727651,0.0,0.0,0.0,0.0,0.0,0.0,0,0
1779630085.758574,0.0,0.0,0.0,0.0,0.0,0.0,0,0
1779630085.789625,0.0,0.0,0.0,0.0,0.0,0.0,0,0
1779630085.820647,0.0,0.0,0.0,0.0,0.0,0.0,0,0
1779630085.851614,0.0,0.0,0.0,0.0,0.0,0.0,0,0
1779630085.882633,0.0,0.0,0.0,0.0,0.0,0.0,0,0
1779630085.913599,0.0,0.0,0.0,0.0,0.0,0.0,0,0
1779630085.944625,0.0,0.0,0.0,0.0,0.0,0.0,0,0
1779630085.975626,0.0,0.0,0.0,0.0,0.0,0.0,0,0
1779630086.006663,0.0,0.0,0.0,0.0,0.0,0.0,0,0
1779630086.037670,0.0,0.0,0.0,0.0,0.0,0.0,0,0
1779630086.068662,0.0,0.0,0.0,0.0,0.0,0.0,0,0
1779630086.099661,0.0,0.0,0.0,0.0,0.0,0.0,0,0
1779630086.130684,0.0,0.0,0.0,0.0,0.0,0.0,0,0
1779630086.161620,0.0,0.0,0.0,0.0,0.0,0.0,0,0
1779630086.192635,0.0,0.0,0.0,0.0,0.0,0.0,0,0
1779630086.223638,0.0,0.0,0.0,0.0,0.0,0.0,0,0
1779630086.254616,0.0,0.0,0.0,0.0,0.0,0.0,0,0
1779630086.285654,0.0,0.0,0.0,0.0,0.0,0.0,0,0
1779630086.316653,0.0,0.0,0.0,0.0,0.0,0.0,0,0
1779630086.347611,0.0,0.0,0.0,0.0,0.0,0.0,0,0
1779630086.378685,0.0,0.0,0.0,0.0,0.0,0.0,0,0
1779630086.409647,0.0,0.0,0.0,0.0,0.0,0.0,0,0
1779630086.440619,0.0,0.0,0.0,0.0,0.0,0.0,0,0
1779630086.471585,0.0,0.0,0.0,0.0,0.0,0.0,0,0
1779630086.502583,0.0,0.0,0.0,0.0,0.0,0.0,0,0
1779630086.533674,0.0,0.0,0.0,0.0,0.0,0.0,0,0
1779630086.564691,0.0,0.0,0.0,0.0,0.0,0.0,0,0
1779630086.595682,0.0,0.0,0.0,0.0,0.0,0.0,0,0
1779630086.626604,0.0,0.0,0.0,0.0,0.0,0.0,0,0
1779630086.657619,0.0,0.0,0.0,0.0,0.0,0.0,0,0
1779630086.688667,0.0,0.0,0.0,0.0,0.0,0.0,0,0
1779630086.719657,0.0,0.0,0.0,0.0,0.0,0.0,0,0
1779630086.750681,0.0,0.0,0.0,0.0,0.0,0.0,0,0
1779630086.781626,0.0,0.0,0.0,0.0,0.0,0.0,0,0
1779630086.812684,0.0,0.0,0.0,0.0,0.0,0.0,0,0
1779630086.843672,0.0,0.0,0.0,0.0,0.0,0.0,0,0
1779630086.874634,0.0,0.0,0.0,0.0,0.0,0.0,0,0
1779630086.905602,0.0,0.0,0.0,0.0,0.0,0.0,0,0
1779630086.936633,0.0,0.0,0.0,0.0,0.0,0.0,0,0
1779630086.967603,0.0,0.0,0.0,0.0,0.0,0.0,0,0
1779630086.998607,0.0,0.0,0.0,0.0,0.0,0.0,0,0
1779630087.029650,0.0,0.0,0.0,0.0,0.0,0.0,0,0
1779630087.060672,0.0,0.0,0.0,0.0,0.0,0.0,0,0
1779630087.091705,0.0,0.0,0.0,0.0,0.0,0.0,0,0
1779630087.122677,0.0,0.0,0.0,0.0,0.0,0.0,0,0
1779630087.153688,0.0,0.0,0.0,0.0,0.0,0.0,0,0
1779630087.184680,0.0,0.0,0.0,0.0,0.0,0.0,0,0
1779630087.215695,0.0,0.0,0.0,0.0,0.0,0.0,0,0
1779630087.246628,0.0,0.0,0.0,0.0,0.0,0.0,0,0
1779630087.277615,0.0,0.0,0.0,0.0,0.0,0.0,0,0
1779630087.308656,0.0,0.0,0.0,0.0,0.0,0.0,0,0
1779630087.339628,0.0,0.0,0.0,0.0,0.0,0.0,0,0
1779630087.370661,0.0,0.0,0.0,0.0,0.0,0.0,0,0
1779630087.401601,0.0,0.0,0.0,0.0,0.0,0.0,0,0
1779630087.432669,0.0,0.0,0.0,0.0,0.0,0.0,0,0
1779630087.463657,0.0,0.0,0.0,0.0,0.0,0.0,0,0
1779630087.494648,0.0,0.0,0.0,0.0,0.0,0.0,0,0
1779630087.525632,0.0,0.0,0.0,0.0,0.0,0.0,0,0
1779630087.556664,0.0,0.0,0.0,0.0,0.0,0.0,0,0
1779630087.587661,0.0,0.0,0.0,0.0,0.0,0.0,0,0
1779630087.618662,0.0,0.0,0.0,0.0,0.0,0.0,0,0
1779630087.649664,0.0,0.0,0.0,0.0,0.0,0.0,0,0
1779630087.680698,0.0,0.0,0.0,0.0,0.0,0.0,0,0
1779630087.711634,0.0,0.0,0.0,0.0,0.0,0.0,0,0
1779630087.742591,0.0,0.0,0.0,0.0,0.0,0.0,0,0
1779630087.773650,0.0,0.0,0.0,0.0,0.0,0.0,0,0
1779630087.804722,0.0,0.0,0.0,0.0,0.0,0.0,0,0
1779630087.835692,0.0,0.0,0.0,0.0,0.0,0.0,0,0
1779630087.866700,0.0,0.0,0.0,0.0,0.0,0.0,0,0
1779630087.897621,0.0,0.0,0.0,0.0,0.0,0.0,0,0
1779630087.928655,0.0,0.0,0.0,0.0,0.0,0.0,0,0
1779630087.959720,0.0,0.0,0.0,0.0,0.0,0.0,0,0
1779630087.990668,0.0,0.0,0.0,0.0,0.0,0.0,0,0
1779630088.021656,0.0,0.0,0.0,0.0,0.0,0.0,0,0
1779630088.052661,0.0,0.0,0.0,0.0,0.0,0.0,0,0
1779630088.083603,0.0,0.0,0.0,0.0,0.0,0.0,0,0
1779630088.114679,0.0,0.0,0.0,0.0,0.0,0.0,0,0
1779630088.145622,0.0,0.0,0.0,0.0,0.0,0.0,0,0
1779630088.176636,0.0,0.0,0.0,0.0,0.0,0.0,0,0
1779630088.207604,0.0,0.0,0.0,0.0,0.0,0.0,0,0
1779630088.238625,0.0,0.0,0.0,0.0,0.0,0.0,0,0
1779630088.269631,0.0,0.0,0.0,0.0,0.0,0.0,0,0
1779630088.300698,0.0,0.0,0.0,0.0,0.0,0.0,0,0
1779630088.331620,0.0,0.0,0.0,0.0,0.0,0.0,0,0
1779630088.362659,0.0,0.0,0.0,0.0,0.0,0.0,0,0
1779630088.393668,0.0,0.0,0.0,0.0,0.0,0.0,0,0
1779630088.424628,0.0,0.0,0.0,0.0,0.0,0.0,0,0
1779630088.455645,0.0,0.0,0.0,0.0,0.0,0.0,0,0
1779630088.486628,0.0,0.0,0.0,0.0,0.0,0.0,0,0
1779630088.517618,0.0,0.0,0.0,0.0,0.0,0.0,0,0
1779630088.548654,0.0,0.0,0.0,0.0,0.0,0.0,0,0
1779630088.579678,0.0,0.0,0.0,0.0,0.0,0.0,0,0
1779630088.610632,0.0,0.0,0.0,0.0,0.0,0.0,0,0
1779630088.641622,0.0,0.0,0.0,0.0,0.0,0.0,0,0
1779630088.672616,0.0,0.0,0.0,0.0,0.0,0.0,0,0
1779630088.703709,0.0,0.0,0.0,0.0,0.0,0.0,0,0
1779630088.734645,0.0,0.0,0.0,0.0,0.0,0.0,0,0
1779630088.765665,0.0,0.0,0.0,0.0,0.0,0.0,0,0
1779630088.796659,0.0,0.0,0.0,0.0,0.0,0.0,0,0
1779630088.827627,0.0,0.0,0.0,0.0,0.0,0.0,0,0
1779630088.858575,0.0,0.0,0.0,0.0,0.0,0.0,0,0
1779630088.889663,0.0,0.0,0.0,0.0,0.0,0.0,0,0
1779630088.920682,0.0,0.0,0.0,0.0,0.0,0.0,0,0
1779630088.951633,0.0,0.0,0.0,0.0,0.0,0.0,0,0
1779630088.982637,0.0,0.0,0.0,0.0,0.0,0.0,0,0
1779630089.013622,0.0,0.0,0.0,0.0,0.0,0.0,0,0
1779630089.044615,0.0,0.0,0.0,0.0,0.0,0.0,0,0
1779630089.075610,0.0,0.0,0.0,0.0,0.0,0.0,0,0
1779630089.106633,0.0,0.0,0.0,0.0,0.0,0.0,0,0
1779630089.137653,0.0,0.0,0.0,0.0,0.0,0.0,0,0
1779630089.168669,0.0,0.0,0.0,0.0,0.0,0.0,0,0
1779630089.199632,0.0,0.0,0.0,0.0,0.0,0.0,0,0
1779630089.230638,0.0,0.0,0.0,0.0,0.0,0.0,0,0
1779630089.261623,0.0,0.0,0.0,0.0,0.0,0.0,0,0
1779630089.292642,0.0,0.0,0.0,0.0,0.0,0.0,0,0
1779630089.323636,0.0,0.0,0.0,0.0,0.0,0.0,0,0
1779630089.354651,0.0,0.0,0.0,0.0,0.0,0.0,0,0
1779630089.385694,0.0,0.0,0.0,0.0,0.0,0.0,0,0
1779630089.416604,0.0,0.0,0.0,0.0,0.0,0.0,0,0
1779630089.447656,0.0,0.0,0.0,0.0,0.0,0.0,0,0
1779630089.478639,0.0,0.0,0.0,0.0,0.0,0.0,0,0
1779630089.509637,0.0,0.0,0.0,0.0,0.0,0.0,0,0
1779630089.540629,0.0,0.0,0.0,0.0,0.0,0.0,0,0
1779630089.571667,0.0,0.0,0.0,0.0,0.0,0.0,0,0
1779630089.602695,0.0,0.0,0.0,0.0,0.0,0.0,0,0
1779630089.633689,0.0,0.0,0.0,0.0,0.0,0.0,0,0
1779630089.664704,0.0,0.0,0.0,0.0,0.0,0.0,0,0
1779630089.695649,0.0,0.0,0.0,0.0,0.0,0.0,0,0
1779630089.726655,0.0,0.0,0.0,0.0,0.0,0.0,0,0
1779630089.757680,0.0,0.0,0.0,0.0,0.0,0.0,0,0
1779630089.788664,0.0,0.0,0.0,0.0,0.0,0.0,0,0
1779630089.819621,0.0,0.0,0.0,0.0,0.0,0.0,0,0
1779630089.850647,0.0,0.0,0.0,0.0,0.0,0.0,0,0
1779630089.881666,0.0,0.0,0.0,0.0,0.0,0.0,0,0
1779630089.912678,0.0,0.0,0.0,0.0,0.0,0.0,0,0
1779630089.943636,0.0,0.0,0.0,0.0,0.0,0.0,0,0
1779630089.974662,0.0,0.0,0.0,0.0,0.0,0.0,0,0
1779630090.005663,0.0,0.0,0.0,0.0,0.0,0.0,0,0
1779630090.036638,0.0,0.0,0.0,0.0,0.0,0.0,0,0
1779630090.067605,0.0,0.0,0.0,0.0,0.0,0.0,0,0
1779630090.098617,0.0,0.0,0.0,0.0,0.0,0.0,0,0
1779630090.129622,0.0,0.0,0.0,0.0,0.0,0.0,0,0
1779630090.160622,0.0,0.0,0.0,0.0,0.0,0.0,0,0
1779630090.191661,0.0,0.0,0.0,0.0,0.0,0.0,0,0
1779630090.222639,0.0,0.0,0.0,0.0,0.0,0.0,0,0
1779630090.253684,0.0,0.0,0.0,0.0,0.0,0.0,0,0
1779630090.284678,0.0,0.0,0.0,0.0,0.0,0.0,0,0
1779630090.315632,0.0,0.0,0.0,0.0,0.0,0.0,0,0
1779630090.346665,0.0,0.0,0.0,0.0,0.0,0.0,0,0
1779630090.377678,0.0,0.0,0.0,0.0,0.0,0.0,0,0
1779630090.408685,0.0,0.0,0.0,0.0,0.0,0.0,0,0
1779630090.439635,0.0,0.0,0.0,0.0,0.0,0.0,0,0
1779630090.470623,0.0,0.0,0.0,0.0,0.0,0.0,0,0
1779630090.501679,0.0,0.0,0.0,0.0,0.0,0.0,0,0
1779630090.532681,0.0,0.0,0.0,0.0,0.0,0.0,0,0
1779630090.563651,0.0,0.0,0.0,0.0,0.0,0.0,0,0
1779630090.594676,0.0,0.0,0.0,0.0,0.0,0.0,0,0
1779630090.625629,0.0,0.0,0.0,0.0,0.0,0.0,0,0
1779630090.656667,0.0,0.0,0.0,0.0,0.0,0.0,0,0
1779630090.687613,0.0,0.0,0.0,0.0,0.0,0.0,0,0
1779630090.718611,0.0,0.0,0.0,0.0,0.0,0.0,0,0
1779630090.749666,0.0,0.0,0.0,0.0,0.0,0.0,0,0
1779630090.780678,0.0,0.0,0.0,0.0,0.0,0.0,0,0
1779630090.811628,0.0,0.0,0.0,0.0,0.0,0.0,0,0
1779630090.842673,0.0,0.0,0.0,0.0,0.0,0.0,0,0
1779630090.873655,0.0,0.0,0.0,0.0,0.0,0.0,0,0
1779630090.904630,0.0,0.0,0.0,0.0,0.0,0.0,0,0
1779630090.935621,0.0,0.0,0.0,0.0,0.0,0.0,0,0
1779630090.966645,0.0,0.0,0.0,0.0,0.0,0.0,0,0
1779630090.997683,0.0,0.0,0.0,0.0,0.0,0.0,0,0
1779630091.028699,0.0,0.0,0.0,0.0,0.0,0.0,0,0
1779630091.059606,0.0,0.0,0.0,0.0,0.0,0.0,0,0
1779630091.090610,0.0,0.0,0.0,0.0,0.0,0.0,0,0
1779630091.121642,0.0,0.0,0.0,0.0,0.0,0.0,0,0
1779630091.152586,0.0,0.0,0.0,0.0,0.0,0.0,0,0
1779630091.183659,0.0,0.0,0.0,0.0,0.0,0.0,0,0
1779630091.214684,0.0,0.0,0.0,0.0,0.0,0.0,0,0
1779630091.245651,0.0,0.0,0.0,0.0,0.0,0.0,0,0
1779630091.276701,0.0,0.0,0.0,0.0,0.0,0.0,0,0
1779630091.307622,0.0,0.0,0.0,0.0,0.0,0.0,0,0
1779630091.338687,0.0,0.0,0.0,0.0,0.0,0.0,0,0
1779630091.369670,0.0,0.0,0.0,0.0,0.0,0.0,0,0
1779630091.400640,0.0,0.0,0.0,0.0,0.0,0.0,0,0
1779630091.431681,0.0,0.0,0.0,0.0,0.0,0.0,0,0
1779630091.462682,0.0,0.0,0.0,0.0,0.0,0.0,0,0
1779630091.493625,0.0,0.0,0.0,0.0,0.0,0.0,0,0
1779630091.524583,0.0,0.0,0.0,0.0,0.0,0.0,0,0
1779630091.555667,0.0,0.0,0.0,0.0,0.0,0.0,0,0
1779630091.586637,0.0,0.0,0.0,0.0,0.0,0.0,0,0
1779630091.617623,0.0,0.0,0.0,0.0,0.0,0.0,0,0
1779630091.648607,0.0,0.0,0.0,0.0,0.0,0.0,0,0
1779630091.679663,0.0,0.0,0.0,0.0,0.0,0.0,0,0
1779630091.710610,0.0,0.0,0.0,0.0,0.0,0.0,0,0
1779630091.741627,0.0,0.0,0.0,0.0,0.0,0.0,0,0
1779630091.772636,0.0,0.0,0.0,0.0,0.0,0.0,0,0
1779630091.803678,0.0,0.0,0.0,0.0,0.0,0.0,0,0
1779630091.834635,0.0,0.0,0.0,0.0,0.0,0.0,0,0
1779630091.865712,0.0,0.0,0.0,0.0,0.0,0.0,0,0
1779630091.896617,0.0,0.0,0.0,0.0,0.0,0.0,0,0
1779630091.927650,0.0,0.0,0.0,0.0,0.0,0.0,0,0
1779630091.958665,0.0,0.0,0.0,0.0,0.0,0.0,0,0
1779630091.989609,0.0,0.0,0.0,0.0,0.0,0.0,0,0
1779630092.020670,0.0,0.0,0.0,0.0,0.0,0.0,0,0
1779630092.051647,0.0,0.0,0.0,0.0,0.0,0.0,0,0
1779630092.082644,0.0,0.0,0.0,0.0,0.0,0.0,0,0
1779630092.113627,0.0,0.0,0.0,0.0,0.0,0.0,0,0
1779630092.144634,0.0,0.0,0.0,0.0,0.0,0.0,0,0
1779630092.175654,0.0,0.0,0.0,0.0,0.0,0.0,0,0
1779630092.206686,0.0,0.0,0.0,0.0,0.0,0.0,0,0
1779630092.237647,0.0,0.0,0.0,0.0,0.0,0.0,0,0
1779630092.268639,0.0,0.0,0.0,0.0,0.0,0.0,0,0
1779630092.299663,0.0,0.0,0.0,0.0,0.0,0.0,0,0
1779630092.330681,0.0,0.0,0.0,0.0,0.0,0.0,0,0
1779630092.361686,0.0,0.0,0.0,0.0,0.0,0.0,0,0
1779630092.392672,0.0,0.0,0.0,0.0,0.0,0.0,0,0
1779630092.423681,0.0,0.0,0.0,0.0,0.0,0.0,0,0
1779630092.454652,0.0,0.0,0.0,0.0,0.0,0.0,0,0
1779630092.485634,0.0,0.0,0.0,0.0,0.0,0.0,0,0
1779630092.516640,0.0,0.0,0.0,0.0,0.0,0.0,0,0
1779630092.547618,0.0,0.0,0.0,0.0,0.0,0.0,0,0
1779630092.578634,0.0,0.0,0.0,0.0,0.0,0.0,0,0
1779630092.609634,0.0,0.0,0.0,0.0,0.0,0.0,0,0
1779630092.640639,0.0,0.0,0.0,0.0,0.0,0.0,0,0
1779630092.671679,0.0,0.0,0.0,0.0,0.0,0.0,0,0
1779630092.702618,0.0,0.0,0.0,0.0,0.0,0.0,0,0
1779630092.733677,0.0,0.0,0.0,0.0,0.0,0.0,0,0
1779630092.764670,0.0,0.0,0.0,0.0,0.0,0.0,0,0
1779630092.795646,0.0,0.0,0.0,0.0,0.0,0.0,0,0
1779630092.826661,0.0,0.0,0.0,0.0,0.0,0.0,0,0
1779630092.857668,0.0,0.0,0.0,0.0,0.0,0.0,0,0
1779630092.888725,0.0,0.0,0.0,0.0,0.0,0.0,0,0
1779630092.919699,0.0,0.0,0.0,0.0,0.0,0.0,0,0
1779630092.950639,0.0,0.0,0.0,0.0,0.0,0.0,0,0
1779630092.981640,0.0,0.0,0.0,0.0,0.0,0.0,0,0
1779630093.012651,0.0,0.0,0.0,0.0,0.0,0.0,0,0
1779630093.043658,0.0,0.0,0.0,0.0,0.0,0.0,0,0
1779630093.074681,0.0,0.0,0.0,0.0,0.0,0.0,0,0
1779630093.105628,0.0,0.0,0.0,0.0,0.0,0.0,0,0
1779630093.136633,0.0,0.0,0.0,0.0,0.0,0.0,0,0
1779630093.167596,0.0,0.0,0.0,0.0,0.0,0.0,0,0
1779630093.198670,0.0,0.0,0.0,0.0,0.0,0.0,0,0
1779630093.229659,0.0,0.0,0.0,0.0,0.0,0.0,0,0
1779630093.260666,0.0,0.0,0.0,0.0,0.0,0.0,0,0
1779630093.291647,0.0,0.0,0.0,0.0,0.0,0.0,0,0
1779630093.322715,0.0,0.0,0.0,0.0,0.0,0.0,0,0
1779630093.353673,0.0,0.0,0.0,0.0,0.0,0.0,0,0
1779630093.384623,0.0,0.0,0.0,0.0,0.0,0.0,0,0
1779630093.415645,0.0,0.0,0.0,0.0,0.0,0.0,0,0
1779630093.446632,0.0,0.0,0.0,0.0,0.0,0.0,0,0
1779630093.477685,0.0,0.0,0.0,0.0,0.0,0.0,0,0
1779630093.508672,0.0,0.0,0.0,0.0,0.0,0.0,0,0
1779630093.539676,0.0,0.0,0.0,0.0,0.0,0.0,0,0
1779630093.570596,0.0,0.0,0.0,0.0,0.0,0.0,0,0
1779630093.601645,0.0,0.0,0.0,0.0,0.0,0.0,0,0
1779630093.632661,0.0,0.0,0.0,0.0,0.0,0.0,0,0
1779630093.663623,0.0,0.0,0.0,0.0,0.0,0.0,0,0
1779630093.694650,0.0,0.0,0.0,0.0,0.0,0.0,0,0
1779630093.725667,0.0,0.0,0.0,0.0,0.0,0.0,0,0
1779630093.756685,0.0,0.0,0.0,0.0,0.0,0.0,0,0
1779630093.787671,0.0,0.0,0.0,0.0,0.0,0.0,0,0
1779630093.818649,0.0,0.0,0.0,0.0,0.0,0.0,0,0
1779630093.849686,0.0,0.0,0.0,0.0,0.0,0.0,0,0
1779630093.880633,0.0,0.0,0.0,0.0,0.0,0.0,0,0
1779630093.911648,0.0,0.0,0.0,0.0,0.0,0.0,0,0
1779630093.942719,0.0,0.0,0.0,0.0,0.0,0.0,0,0
1779630093.973662,0.0,0.0,0.0,0.0,0.0,0.0,0,0
1779630094.004709,0.0,0.0,0.0,0.0,0.0,0.0,0,0
1779630094.035682,0.0,0.0,0.0,0.0,0.0,0.0,0,0
1779630094.066640,0.0,0.0,0.0,0.0,0.0,0.0,0,0
1779630094.097678,0.0,0.0,0.0,0.0,0.0,0.0,0,0
1779630094.128677,0.0,0.0,0.0,0.0,0.0,0.0,0,0
1779630094.159646,0.0,0.0,0.0,0.0,0.0,0.0,0,0
1779630094.190618,0.0,0.0,0.0,0.0,0.0,0.0,0,0
1779630094.221703,0.0,0.0,0.0,0.0,0.0,0.0,0,0
1779630094.252680,0.0,0.0,0.0,0.0,0.0,0.0,0,0
1779630094.283681,0.0,0.0,0.0,0.0,0.0,0.0,0,0
1779630094.314618,0.0,0.0,0.0,0.0,0.0,0.0,0,0
1779630094.345678,0.0,0.0,0.0,0.0,0.0,0.0,0,0
1779630094.376647,0.0,0.0,0.0,0.0,0.0,0.0,0,0
1779630094.407645,0.0,0.0,0.0,0.0,0.0,0.0,0,0
1779630094.438635,0.0,0.0,0.0,0.0,0.0,0.0,0,0
1779630094.469634,0.0,0.0,0.0,0.0,0.0,0.0,0,0
1779630094.500653,0.0,0.0,0.0,0.0,0.0,0.0,0,0
1779630094.531623,0.0,0.0,0.0,0.0,0.0,0.0,0,0
1779630094.562626,0.0,0.0,0.0,0.0,0.0,0.0,0,0
1779630094.593616,0.0,0.0,0.0,0.0,0.0,0.0,0,0
1779630094.624682,0.0,0.0,0.0,0.0,0.0,0.0,0,0
1779630094.655648,0.0,0.0,0.0,0.0,0.0,0.0,0,0
1779630094.686657,0.0,0.0,0.0,0.0,0.0,0.0,0,0
1779630094.717625,0.0,0.0,0.0,0.0,0.0,0.0,0,0
1779630094.748660,0.0,0.0,0.0,0.0,0.0,0.0,0,0
1779630094.779629,0.0,0.0,0.0,0.0,0.0,0.0,0,0
1779630094.810647,0.0,0.0,0.0,0.0,0.0,0.0,0,0
1779630094.841669,0.0,0.0,0.0,0.0,0.0,0.0,0,0
1779630094.873753,0.0,0.0,0.0,0.0,0.0,0.0,0,0
1779630094.903656,0.0,0.0,0.0,0.0,0.0,0.0,0,0
1779630094.934618,0.0,0.0,0.0,0.0,0.0,0.0,0,0
1779630094.965675,0.0,0.0,0.0,0.0,0.0,0.0,0,0
1779630094.996637,0.0,0.0,0.0,0.0,0.0,0.0,0,0
1779630095.027621,0.0,0.0,0.0,0.0,0.0,0.0,0,0
1779630095.058681,0.0,0.0,0.0,0.0,0.0,0.0,0,0
1779630095.089689,0.0,0.0,0.0,0.0,0.0,0.0,0,0
1779630095.120652,0.0,0.0,0.0,0.0,0.0,0.0,0,0
1779630095.151605,0.0,0.0,0.0,0.0,0.0,0.0,0,0
1779630095.182686,0.0,0.0,0.0,0.0,0.0,0.0,0,0
1779630095.213747,0.0,0.0,0.0,0.0,0.0,0.0,0,0
1779630095.244683,0.0,0.0,0.0,0.0,0.0,0.0,0,0
1779630095.275694,0.0,0.0,0.0,0.0,0.0,0.0,0,0
1779630095.306697,0.0,0.0,0.0,0.0,0.0,0.0,0,0
1779630095.337678,0.0,0.0,0.0,0.0,0.0,0.0,0,0
1779630095.368664,0.0,0.0,0.0,0.0,0.0,0.0,0,0
1779630095.399655,0.0,0.0,0.0,0.0,0.0,0.0,0,0
1779630095.430674,0.0,0.0,0.0,0.0,0.0,0.0,0,0
1779630095.461617,0.0,0.0,0.0,0.0,0.0,0.0,0,0
1779630095.492683,0.0,0.0,0.0,0.0,0.0,0.0,0,0
1779630095.523634,0.0,0.0,0.0,0.0,0.0,0.0,0,0
1779630095.554663,0.0,0.0,0.0,0.0,0.0,0.0,0,0
1779630095.585653,0.0,0.0,0.0,0.0,0.0,0.0,0,0
1779630095.616650,0.0,0.0,0.0,0.0,0.0,0.0,0,0
1779630095.647641,0.0,0.0,0.0,0.0,0.0,0.0,0,0
1779630095.678629,0.0,0.0,0.0,0.0,0.0,0.0,0,0
1779630095.709646,0.0,0.0,0.0,0.0,0.0,0.0,0,0
1779630095.740636,0.0,0.0,0.0,0.0,0.0,0.0,0,0
1779630095.771669,0.0,0.0,0.0,0.0,0.0,0.0,0,0
1779630095.802631,0.0,0.0,0.0,0.0,0.0,0.0,0,0
1779630095.833645,0.0,0.0,0.0,0.0,0.0,0.0,0,0
1779630095.864593,0.0,0.0,0.0,0.0,0.0,0.0,0,0
1779630095.895663,0.0,0.0,0.0,0.0,0.0,0.0,0,0
1779630095.926648,0.0,0.0,0.0,0.0,0.0,0.0,0,0
1779630095.957654,0.0,0.0,0.0,0.0,0.0,0.0,0,0
1779630095.988663,0.0,0.0,0.0,0.0,0.0,0.0,0,0
1779630096.019664,0.0,0.0,0.0,0.0,0.0,0.0,0,0
1779630096.050680,0.0,0.0,0.0,0.0,0.0,0.0,0,0
1779630096.081633,0.0,0.0,0.0,0.0,0.0,0.0,0,0
1779630096.112711,0.0,0.0,0.0,0.0,0.0,0.0,0,0
1779630096.143675,0.0,0.0,0.0,0.0,0.0,0.0,0,0
1779630096.174682,0.0,0.0,0.0,0.0,0.0,0.0,0,0
1779630096.205665,0.0,0.0,0.0,0.0,0.0,0.0,0,0
1779630096.236652,0.0,0.0,0.0,0.0,0.0,0.0,0,0
1779630096.267671,0.0,0.0,0.0,0.0,0.0,0.0,0,0
1779630096.298647,0.0,0.0,0.0,0.0,0.0,0.0,0,0
1779630096.329660,0.0,0.0,0.0,0.0,0.0,0.0,0,0
1779630096.360667,0.0,0.0,0.0,0.0,0.0,0.0,0,0
1779630096.391701,0.0,0.0,0.0,0.0,0.0,0.0,0,0
1779630096.422660,0.0,0.0,0.0,0.0,0.0,0.0,0,0
1779630096.453694,0.0,0.0,0.0,0.0,0.0,0.0,0,0
1779630096.484678,0.0,0.0,0.0,0.0,0.0,0.0,0,0
1779630096.515627,0.0,0.0,0.0,0.0,0.0,0.0,0,0
1779630096.546660,0.0,0.0,0.0,0.0,0.0,0.0,0,0
1779630096.577688,0.0,0.0,0.0,0.0,0.0,0.0,0,0
1779630096.608719,0.0,0.0,0.0,0.0,0.0,0.0,0,0
1779630096.639620,0.0,0.0,0.0,0.0,0.0,0.0,0,0
1779630096.670698,0.0,0.0,0.0,0.0,0.0,0.0,0,0
1779630096.701672,0.0,0.0,0.0,0.0,0.0,0.0,0,0
1779630096.732643,0.0,0.0,0.0,0.0,0.0,0.0,0,0
1779630096.763673,0.0,0.0,0.0,0.0,0.0,0.0,0,0
1779630096.794648,0.0,0.0,0.0,0.0,0.0,0.0,0,0
1779630096.825772,0.0,0.0,0.0,0.0,0.0,0.0,0,0
1779630096.856646,0.0,0.0,0.0,0.0,0.0,0.0,0,0
1779630096.887626,0.0,0.0,0.0,0.0,0.0,0.0,0,0
1779630096.918635,0.0,0.0,0.0,0.0,0.0,0.0,0,0
1779630096.949690,0.0,0.0,0.0,0.0,0.0,0.0,0,0
1779630096.980681,0.0,0.0,0.0,0.0,0.0,0.0,0,0
1779630097.011642,0.0,0.0,0.0,0.0,0.0,0.0,0,0
1779630097.042680,0.0,0.0,0.0,0.0,0.0,0.0,0,0
1779630097.073680,0.0,0.0,0.0,0.0,0.0,0.0,0,0
1779630097.104656,0.0,0.0,0.0,0.0,0.0,0.0,0,0
1779630097.135637,0.0,0.0,0.0,0.0,0.0,0.0,0,0
1779630097.166601,0.0,0.0,0.0,0.0,0.0,0.0,0,0
1779630097.197682,0.0,0.0,0.0,0.0,0.0,0.0,0,0
1779630097.228693,0.0,0.0,0.0,0.0,0.0,0.0,0,0
1779630097.259700,0.0,0.0,0.0,0.0,0.0,0.0,0,0
1779630097.290696,0.0,0.0,0.0,0.0,0.0,0.0,0,0
1779630097.321654,0.0,0.0,0.0,0.0,0.0,0.0,0,0
1779630097.352695,0.0,0.0,0.0,0.0,0.0,0.0,0,0
1779630097.383671,0.0,0.0,0.0,0.0,0.0,0.0,0,0
1779630097.414645,0.0,0.0,0.0,0.0,0.0,0.0,0,0
1779630097.445655,0.0,0.0,0.0,0.0,0.0,0.0,0,0
1779630097.476640,0.0,0.0,0.0,0.0,0.0,0.0,0,0
1779630097.507629,0.0,0.0,0.0,0.0,0.0,0.0,0,0
1779630097.538625,0.0,0.0,0.0,0.0,0.0,0.0,0,0
1779630097.569639,0.0,0.0,0.0,0.0,0.0,0.0,0,0
1779630097.600637,0.0,0.0,0.0,0.0,0.0,0.0,0,0
1779630097.631673,0.0,0.0,0.0,0.0,0.0,0.0,0,0
1779630097.662595,0.0,0.0,0.0,0.0,0.0,0.0,0,0
1779630097.693686,0.0,0.0,0.0,0.0,0.0,0.0,0,0
1779630097.724651,0.0,0.0,0.0,0.0,0.0,0.0,0,0
1779630097.755610,0.0,0.0,0.0,0.0,0.0,0.0,0,0
1779630097.786645,0.0,0.0,0.0,0.0,0.0,0.0,0,0
1779630097.817669,0.0,0.0,0.0,0.0,0.0,0.0,0,0
1779630097.848608,0.0,0.0,0.0,0.0,0.0,0.0,0,0
1779630097.879631,0.0,0.0,0.0,0.0,0.0,0.0,0,0
1779630097.910690,0.0,0.0,0.0,0.0,0.0,0.0,0,0
1779630097.941671,0.0,0.0,0.0,0.0,0.0,0.0,0,0
1779630097.972734,0.0,0.0,0.0,0.0,0.0,0.0,0,0
1779630098.003657,0.0,0.0,0.0,0.0,0.0,0.0,0,0
1779630098.034688,0.0,0.0,0.0,0.0,0.0,0.0,0,0
1779630098.065647,0.0,0.0,0.0,0.0,0.0,0.0,0,0
1779630098.096601,0.0,0.0,0.0,0.0,0.0,0.0,0,0
1779630098.127654,0.0,0.0,0.0,0.0,0.0,0.0,0,0
1779630098.158674,0.0,0.0,0.0,0.0,0.0,0.0,0,0
1779630098.189658,0.0,0.0,0.0,0.0,0.0,0.0,0,0
1779630098.220714,0.0,0.0,0.0,0.0,0.0,0.0,0,0
1779630098.251697,0.0,0.0,0.0,0.0,0.0,0.0,0,0
1779630098.282609,0.0,0.0,0.0,0.0,0.0,0.0,0,0
1779630098.313679,0.0,0.0,0.0,0.0,0.0,0.0,0,0
1779630098.344646,0.0,0.0,0.0,0.0,0.0,0.0,0,0
1779630098.375678,0.0,0.0,0.0,0.0,0.0,0.0,0,0
1779630098.406670,0.0,0.0,0.0,0.0,0.0,0.0,0,0
1779630098.437704,0.0,0.0,0.0,0.0,0.0,0.0,0,0
1779630098.468644,0.0,0.0,0.0,0.0,0.0,0.0,0,0
1779630098.499674,0.0,0.0,0.0,0.0,0.0,0.0,0,0
1779630098.530597,0.0,0.0,0.0,0.0,0.0,0.0,0,0
1779630098.561646,0.0,0.0,0.0,0.0,0.0,0.0,0,0
1779630098.592685,0.0,0.0,0.0,0.0,0.0,0.0,0,0
1779630098.623640,0.0,0.0,0.0,0.0,0.0,0.0,0,0
1779630098.654638,0.0,0.0,0.0,0.0,0.0,0.0,0,0
1779630098.685669,0.0,0.0,0.0,0.0,0.0,0.0,0,0
1779630098.716652,0.0,0.0,0.0,0.0,0.0,0.0,0,0
1779630098.747633,0.0,0.0,0.0,0.0,0.0,0.0,0,0
1779630098.778661,0.0,0.0,0.0,0.0,0.0,0.0,0,0
1779630098.809727,0.0,0.0,0.0,0.0,0.0,0.0,0,0
1779630098.840631,0.0,0.0,0.0,0.0,0.0,0.0,0,0
1779630098.871628,0.0,0.0,0.0,0.0,0.0,0.0,0,0
1779630098.902665,0.0,0.0,0.0,0.0,0.0,0.0,0,0
1779630098.933669,0.0,0.0,0.0,0.0,0.0,0.0,0,0
1779630098.964682,0.0,0.0,0.0,0.0,0.0,0.0,0,0
1779630098.995636,0.0,0.0,0.0,0.0,0.0,0.0,0,0
1779630099.026706,0.0,0.0,0.0,0.0,0.0,0.0,0,0
1779630099.057676,0.0,0.0,0.0,0.0,0.0,0.0,0,0
1779630099.088647,0.0,0.0,0.0,0.0,0.0,0.0,0,0
1779630099.119675,0.0,0.0,0.0,0.0,0.0,0.0,0,0
1779630099.150641,0.0,0.0,0.0,0.0,0.0,0.0,0,0
1779630099.181642,0.0,0.0,0.0,0.0,0.0,0.0,0,0
1779630099.212707,0.0,0.0,0.0,0.0,0.0,0.0,0,0
1779630099.243653,0.0,0.0,0.0,0.0,0.0,0.0,0,0
1779630099.274639,0.0,0.0,0.0,0.0,0.0,0.0,0,0
1779630099.305688,0.0,0.0,0.0,0.0,0.0,0.0,0,0
1779630099.336629,0.0,0.0,0.0,0.0,0.0,0.0,0,0
1779630099.367685,0.0,0.0,0.0,0.0,0.0,0.0,0,0
1779630099.398658,0.0,0.0,0.0,0.0,0.0,0.0,0,0
1779630099.429636,0.0,0.0,0.0,0.0,0.0,0.0,0,0
1779630099.460632,0.0,0.0,0.0,0.0,0.0,0.0,0,0
1779630099.491640,0.0,0.0,0.0,0.0,0.0,0.0,0,0
1779630099.522702,0.0,0.0,0.0,0.0,0.0,0.0,0,0
1779630099.553597,0.0,0.0,0.0,0.0,0.0,0.0,0,0
1779630099.584646,0.0,0.0,0.0,0.0,0.0,0.0,0,0
1779630099.615651,0.0,0.0,0.0,0.0,0.0,0.0,0,0
1779630099.646630,0.0,0.0,0.0,0.0,0.0,0.0,0,0
1779630099.677632,0.0,0.0,0.0,0.0,0.0,0.0,0,0
1779630099.708637,0.0,0.0,0.0,0.0,0.0,0.0,0,0
1779630099.739875,0.0,0.0,0.0,0.0,0.0,0.0,0,0
1779630099.770673,0.0,0.0,0.0,0.0,0.0,0.0,0,0
1779630099.801672,0.0,0.0,0.0,0.0,0.0,0.0,0,0
1779630099.832676,0.0,0.0,0.0,0.0,0.0,0.0,0,0
1779630099.863608,0.0,0.0,0.0,0.0,0.0,0.0,0,0
1779630099.894680,0.0,0.0,0.0,0.0,0.0,0.0,0,0
1779630099.925687,0.0,0.0,0.0,0.0,0.0,0.0,0,0
1779630099.956694,0.0,0.0,0.0,0.0,0.0,0.0,0,0
1779630099.987685,0.0,0.0,0.0,0.0,0.0,0.0,0,0
1779630100.018660,0.0,0.0,0.0,0.0,0.0,0.0,0,0
1779630100.049675,0.0,0.0,0.0,0.0,0.0,0.0,0,0
1779630100.080645,0.0,0.0,0.0,0.0,0.0,0.0,0,0
1779630100.111603,0.0,0.0,0.0,0.0,0.0,0.0,0,0
1779630100.142633,0.0,0.0,0.0,0.0,0.0,0.0,0,0
1779630100.173638,0.0,0.0,0.0,0.0,0.0,0.0,0,0
1779630100.204651,0.0,0.0,0.0,0.0,0.0,0.0,0,0
1779630100.235680,0.0,0.0,0.0,0.0,0.0,0.0,0,0
1779630100.266691,0.0,0.0,0.0,0.0,0.0,0.0,0,0
1779630100.297637,0.0,0.0,0.0,0.0,0.0,0.0,0,0
1779630100.328642,0.0,0.0,0.0,0.0,0.0,0.0,0,0
1779630100.359807,0.0,0.0,0.0,0.0,0.0,0.0,0,0
1779630100.390655,0.0,0.0,0.0,0.0,0.0,0.0,0,0
1779630100.421694,0.0,0.0,0.0,0.0,0.0,0.0,0,0
1779630100.452630,0.0,0.0,0.0,0.0,0.0,0.0,0,0
1779630100.483642,0.0,0.0,0.0,0.0,0.0,0.0,0,0
1779630100.514646,0.0,0.0,0.0,0.0,0.0,0.0,0,0
1779630100.545689,0.0,0.0,0.0,0.0,0.0,0.0,0,0
1779630100.576694,0.0,0.0,0.0,0.0,0.0,0.0,0,0
1779630100.607643,0.0,0.0,0.0,0.0,0.0,0.0,0,0
1779630100.638583,0.0,0.0,0.0,0.0,0.0,0.0,0,0
1779630100.669621,0.0,0.0,0.0,0.0,0.0,0.0,0,0
1779630100.700669,0.0,0.0,0.0,0.0,0.0,0.0,0,0
1779630100.731683,0.0,0.0,0.0,0.0,0.0,0.0,0,0
1779630100.762608,0.0,0.0,0.0,0.0,0.0,0.0,0,0
1779630100.793612,0.0,0.0,0.0,0.0,0.0,0.0,0,0
1779630100.824625,0.0,0.0,0.0,0.0,0.0,0.0,0,0
1779630100.855643,0.0,0.0,0.0,0.0,0.0,0.0,0,0
1779630100.886667,0.0,0.0,0.0,0.0,0.0,0.0,0,0
1779630100.917653,0.0,0.0,0.0,0.0,0.0,0.0,0,0
1779630100.925649,0.0,0.01171875,0.0078125,-0.03125,0.103515625,0.033203125,0,0
1779630100.941661,-0.0078125,0.01171875,0.0078125,-0.03125,0.103515625,0.033203125,0,0
1779630100.957639,-0.009765625,-0.0234375,0.0078125,-0.03125,0.103515625,0.033203125,0,0
1779630100.981656,-0.009765625,-0.0234375,0.0078125,0.021484375,0.103515625,0.033203125,0,0
1779630101.005681,-0.009765625,-0.0234375,0.06640625,0.021484375,0.103515625,0.033203125,0,0
1779630101.013686,-0.009765625,-0.0234375,0.06640625,0.005859375,0.103515625,0.033203125,0,0
1779630101.021633,-0.009765625,-0.0234375,0.14453125,0.005859375,0.103515625,0.033203125,0,0
1779630101.029690,-0.009765625,-0.0234375,0.14453125,0.037109375,0.03515625,0.033203125,0,0
1779630101.037692,-0.009765625,-0.0234375,0.240234375,0.037109375,0.03515625,0.033203125,0,0
1779630101.045662,-0.009765625,-0.0234375,0.240234375,0.0625,0.08203125,0.033203125,0,0
1779630101.053640,-0.009765625,-0.0234375,0.302734375,0.0625,0.08203125,0.033203125,0,0
1779630101.061640,-0.009765625,-0.0234375,0.302734375,0.05078125,0.111328125,0.033203125,0,0
1779630101.069615,0.0078125,-0.0234375,0.33984375,0.05078125,0.111328125,0.033203125,0,0
1779630101.077702,0.0078125,-0.0234375,0.33984375,0.005859375,0.130859375,0.033203125,0,0
1779630101.085707,0.0078125,-0.0234375,0.38671875,0.005859375,0.130859375,0.033203125,0,0
1779630101.093658,0.0078125,-0.0234375,0.38671875,0.005859375,0.142578125,0.033203125,0,0
1779630101.101696,0.0078125,-0.0234375,0.41796875,0.005859375,0.142578125,0.033203125,0,0
1779630101.109641,0.0078125,-0.0234375,0.41796875,0.005859375,0.142578125,0.033203125,0,0
1779630101.117612,0.0078125,-0.0234375,0.44921875,0.005859375,0.142578125,0.033203125,0,0
1779630101.125679,0.0078125,-0.0234375,0.44921875,0.005859375,0.142578125,0.033203125,0,0
1779630101.133646,0.0078125,-0.0234375,0.470703125,0.005859375,0.142578125,0.033203125,0,0
1779630101.141636,0.0078125,-0.0234375,0.470703125,0.005859375,0.14453125,0.033203125,0,0
1779630101.149624,0.0078125,-0.0234375,0.49609375,0.005859375,0.14453125,0.033203125,0,0
1779630101.157630,0.0078125,-0.0234375,0.49609375,0.005859375,0.1484375,0.033203125,0,0
1779630101.165646,0.017578125,-0.0234375,0.525390625,0.005859375,0.1484375,0.033203125,0,0
1779630101.173658,0.017578125,-0.0234375,0.525390625,0.005859375,0.142578125,-0.025390625,0,0
1779630101.181672,0.033203125,-0.0234375,0.54296875,0.005859375,0.142578125,-0.025390625,0,0
1779630101.189624,0.033203125,-0.0234375,0.54296875,0.005859375,0.115234375,-0.138671875,0,0
1779630101.197640,0.04296875,-0.0234375,0.560546875,0.005859375,0.115234375,-0.138671875,0,0
1779630101.205662,0.04296875,-0.0234375,0.560546875,0.0,0.1015625,-0.220703125,0,0
1779630101.213674,0.033203125,-0.0234375,0.564453125,0.0,0.1015625,-0.220703125,0,0
1779630101.221663,0.033203125,-0.0234375,0.564453125,0.015625,0.078125,-0.31640625,0,0
1779630101.229633,0.033203125,-0.0234375,0.544921875,0.015625,0.078125,-0.31640625,0,0
1779630101.237628,0.033203125,-0.0234375,0.544921875,0.015625,0.037109375,-0.392578125,0,0
1779630101.245681,0.033203125,0.01171875,0.5078125,0.015625,0.037109375,-0.392578125,0,0
1779630101.253685,0.033203125,0.01171875,0.5078125,0.009765625,0.037109375,-0.455078125,0,0
1779630101.261628,-0.005859375,0.015625,0.470703125,0.009765625,0.037109375,-0.455078125,0,0
1779630101.269634,-0.005859375,0.015625,0.470703125,0.005859375,0.037109375,-0.521484375,0,0
1779630101.277654,-0.01171875,0.01171875,0.4453125,0.005859375,0.037109375,-0.521484375,0,0
1779630101.285623,-0.01171875,0.01171875,0.4453125,0.005859375,0.037109375,-0.578125,0,0
1779630101.293743,-0.01171875,0.0,0.435546875,0.005859375,0.037109375,-0.578125,0,0
1779630101.301677,-0.01171875,0.0,0.435546875,0.005859375,-0.00390625,-0.60546875,0,0
1779630101.309684,-0.01171875,0.0,0.412109375,0.005859375,-0.00390625,-0.60546875,0,0
1779630101.317658,-0.01171875,0.0,0.412109375,0.005859375,-0.00390625,-0.63671875,0,0
1779630101.325644,-0.01171875,0.0,0.384765625,0.005859375,-0.00390625,-0.63671875,0,0
1779630101.333721,-0.01171875,0.0,0.384765625,0.005859375,-0.00390625,-0.658203125,0,0
1779630101.341680,-0.01171875,0.0,0.369140625,0.005859375,-0.00390625,-0.658203125,0,0
1779630101.349721,-0.01171875,0.0,0.369140625,0.005859375,-0.00390625,-0.669921875,0,0
1779630101.357682,-0.01171875,0.0,0.369140625,0.005859375,-0.00390625,-0.669921875,0,0
1779630101.365674,-0.01171875,0.0,0.369140625,0.005859375,-0.00390625,-0.669921875,0,0
1779630101.373677,-0.01171875,0.0,0.3671875,0.005859375,-0.00390625,-0.669921875,0,0
1779630101.381666,-0.01171875,0.0,0.3671875,0.005859375,-0.00390625,-0.669921875,0,0
1779630101.389650,-0.01171875,0.0,0.365234375,0.005859375,-0.00390625,-0.669921875,0,0
1779630101.397664,-0.01171875,0.0,0.365234375,0.005859375,-0.00390625,-0.669921875,0,0
1779630101.405652,-0.01171875,0.0,0.361328125,0.005859375,-0.00390625,-0.669921875,0,0
1779630101.413648,-0.01171875,0.0,0.361328125,0.005859375,-0.00390625,-0.671875,0,0
1779630101.421627,-0.01171875,0.0,0.357421875,0.005859375,-0.00390625,-0.671875,0,0
1779630101.429662,-0.01171875,0.0,0.357421875,0.005859375,-0.00390625,-0.673828125,0,0
1779630101.437645,-0.01171875,0.0,0.357421875,0.005859375,-0.00390625,-0.673828125,0,0
1779630101.445693,-0.01171875,0.0,0.357421875,0.005859375,-0.00390625,-0.673828125,0,0
1779630101.453664,-0.01171875,0.0,0.35546875,0.005859375,-0.00390625,-0.673828125,0,0
1779630101.461691,-0.01171875,0.0,0.35546875,0.005859375,-0.00390625,-0.673828125,0,0
1779630101.469658,-0.01171875,0.0,0.35546875,0.005859375,-0.00390625,-0.673828125,0,0
1779630101.477656,-0.01171875,0.0,0.35546875,0.005859375,-0.00390625,-0.673828125,0,0
1779630101.485640,-0.01171875,0.0,0.35546875,0.005859375,-0.00390625,-0.673828125,0,0
1779630101.493681,-0.01171875,0.0,0.35546875,0.005859375,-0.00390625,-0.673828125,0,0
1779630101.501669,-0.01171875,0.0,0.35546875,0.005859375,-0.00390625,-0.673828125,0,0
1779630101.509644,-0.01171875,0.0,0.35546875,0.005859375,-0.00390625,-0.673828125,0,0
1779630101.517640,-0.01171875,0.0,0.353515625,0.005859375,-0.00390625,-0.673828125,0,0
1779630101.525677,-0.01171875,0.0,0.353515625,0.005859375,-0.00390625,-0.67578125,0,0
1779630101.533650,-0.01171875,0.0,0.353515625,0.005859375,-0.00390625,-0.67578125,0,0
1779630101.541662,-0.01171875,0.0,0.353515625,0.005859375,-0.00390625,-0.67578125,0,0
1779630101.549606,-0.01171875,0.0,0.35546875,0.005859375,-0.00390625,-0.67578125,0,0
1779630101.557598,-0.01171875,0.0,0.35546875,0.005859375,-0.00390625,-0.67578125,0,0
1779630101.565637,-0.01171875,0.0,0.361328125,0.005859375,-0.00390625,-0.67578125,0,0
1779630101.573663,-0.01171875,0.0,0.361328125,0.005859375,-0.00390625,-0.67578125,0,0
1779630101.581668,-0.01171875,0.0,0.36328125,0.005859375,-0.00390625,-0.67578125,0,0
1779630101.589656,-0.01171875,0.0,0.36328125,0.005859375,-0.00390625,-0.67578125,0,0
1779630101.597668,-0.01171875,0.0,0.36328125,0.005859375,-0.00390625,-0.67578125,0,0
1779630101.605682,-0.01171875,0.0,0.36328125,0.005859375,-0.00390625,-0.67578125,0,0
1779630101.613695,-0.01171875,0.0,0.36328125,0.005859375,-0.00390625,-0.67578125,0,0
1779630101.621668,-0.01171875,0.0,0.36328125,0.005859375,-0.00390625,-0.67578125,0,0
1779630101.629665,-0.01171875,0.0,0.36328125,0.005859375,-0.00390625,-0.67578125,0,0
1779630101.637682,-0.01171875,0.0,0.36328125,0.005859375,-0.00390625,-0.67578125,0,0
1779630101.645623,-0.01171875,0.0,0.36328125,0.005859375,-0.00390625,-0.67578125,0,0
1779630101.653643,-0.01171875,0.0,0.36328125,0.005859375,-0.00390625,-0.67578125,0,0
1779630101.661720,-0.01171875,0.0,0.36328125,0.005859375,-0.00390625,-0.67578125,0,0
1779630101.669669,-0.01171875,0.0,0.36328125,0.005859375,-0.00390625,-0.67578125,0,0
1779630101.677682,-0.01171875,0.0,0.36328125,0.005859375,-0.00390625,-0.67578125,0,0
1779630101.685657,-0.01171875,0.0,0.36328125,0.005859375,-0.00390625,-0.67578125,0,0
1779630101.693695,-0.01171875,0.0,0.361328125,0.005859375,-0.00390625,-0.67578125,0,0
1779630101.701653,-0.01171875,0.0,0.361328125,0.005859375,-0.00390625,-0.67578125,0,0
1779630101.709641,-0.01171875,0.0,0.361328125,0.005859375,-0.00390625,-0.67578125,0,0
1779630101.717637,-0.01171875,0.0,0.361328125,0.005859375,-0.00390625,-0.67578125,0,0
1779630101.725650,-0.01171875,0.0,0.361328125,0.005859375,-0.00390625,-0.67578125,0,0
1779630101.733696,-0.01171875,0.0,0.361328125,0.005859375,-0.00390625,-0.67578125,0,0
1779630101.741665,-0.01171875,0.0,0.361328125,0.005859375,-0.00390625,-0.67578125,0,0
1779630101.749690,-0.01171875,0.0,0.361328125,0.005859375,-0.00390625,-0.67578125,0,0
1779630101.757659,-0.01171875,0.0,0.361328125,0.005859375,-0.00390625,-0.67578125,0,0
1779630101.765669,-0.01171875,0.0,0.361328125,0.005859375,-0.00390625,-0.677734375,0,0
1779630101.773698,-0.01171875,0.0,0.359375,0.005859375,-0.00390625,-0.677734375,0,0
1779630101.781680,-0.01171875,0.0,0.359375,0.005859375,-0.00390625,-0.677734375,0,0
1779630101.789642,-0.01171875,0.0,0.359375,0.005859375,-0.00390625,-0.677734375,0,0
1779630101.797668,-0.01171875,0.0,0.359375,0.005859375,-0.00390625,-0.677734375,0,0
1779630101.805676,-0.01171875,0.0,0.359375,0.005859375,-0.00390625,-0.677734375,0,0
1779630101.813712,-0.01171875,0.0,0.359375,0.005859375,-0.00390625,-0.677734375,0,0
1779630101.821640,-0.01171875,0.0,0.353515625,0.005859375,-0.00390625,-0.677734375,0,0
1779630101.829636,-0.01171875,0.0,0.353515625,0.005859375,-0.00390625,-0.677734375,0,0
1779630101.837672,-0.01171875,0.0,0.345703125,0.005859375,-0.00390625,-0.677734375,0,0
1779630101.845649,-0.01171875,0.0,0.345703125,0.013671875,-0.00390625,-0.677734375,0,0
1779630101.853625,-0.01171875,0.0,0.341796875,0.013671875,-0.00390625,-0.677734375,0,0
1779630101.861710,-0.01171875,0.0,0.341796875,0.021484375,-0.00390625,-0.67578125,0,0
1779630101.869733,-0.01171875,0.0,0.33984375,0.021484375,-0.00390625,-0.67578125,0,0
1779630101.877698,-0.01171875,0.0,0.33984375,0.025390625,-0.00390625,-0.67578125,0,0
1779630101.885690,-0.01171875,0.0,0.3359375,0.025390625,-0.00390625,-0.67578125,0,0
1779630101.893656,-0.01171875,0.0,0.3359375,0.03125,-0.00390625,-0.67578125,0,0
1779630101.901689,-0.01171875,0.0,0.328125,0.03125,-0.00390625,-0.67578125,0,0
1779630101.909623,-0.01171875,0.0,0.328125,0.04296875,-0.00390625,-0.67578125,0,0
1779630101.917690,-0.01171875,0.0,0.32421875,0.04296875,-0.00390625,-0.67578125,0,0
1779630101.925655,-0.01171875,0.0,0.32421875,0.05078125,-0.00390625,-0.67578125,0,0
1779630101.933681,0.0,0.0,0.322265625,0.05078125,-0.00390625,-0.67578125,0,0
1779630101.941680,0.0,0.0,0.322265625,0.056640625,-0.00390625,-0.67578125,0,0
1779630101.949679,-0.00390625,0.0,0.318359375,0.056640625,-0.00390625,-0.67578125,0,0
1779630101.957645,-0.00390625,0.0,0.318359375,0.05859375,-0.00390625,-0.67578125,0,0
1779630101.965628,-0.00390625,0.0,0.318359375,0.05859375,-0.00390625,-0.67578125,0,0
1779630101.973646,-0.00390625,0.0,0.318359375,0.0625,-0.00390625,-0.673828125,0,0
1779630101.981719,-0.005859375,0.0,0.31640625,0.0625,-0.00390625,-0.673828125,0,0
1779630101.989631,-0.005859375,0.0,0.31640625,0.06640625,-0.00390625,-0.673828125,0,0
1779630101.997634,-0.005859375,0.0,0.31640625,0.06640625,-0.00390625,-0.673828125,0,0
1779630102.005635,-0.005859375,0.0,0.31640625,0.06640625,-0.00390625,-0.673828125,0,0
1779630102.013720,-0.005859375,0.0,0.314453125,0.06640625,-0.00390625,-0.673828125,0,0
1779630102.021660,-0.005859375,0.0,0.314453125,0.06640625,-0.00390625,-0.673828125,0,0
1779630102.029690,-0.005859375,0.0,0.314453125,0.06640625,-0.00390625,-0.673828125,0,0
1779630102.037729,-0.005859375,0.0,0.314453125,0.06640625,-0.00390625,-0.673828125,0,0
1779630102.045684,-0.005859375,0.0,0.310546875,0.06640625,-0.00390625,-0.673828125,0,0
1779630102.053679,-0.005859375,0.0,0.310546875,0.072265625,-0.00390625,-0.671875,0,0
1779630102.061661,-0.0078125,0.0,0.3046875,0.072265625,-0.00390625,-0.671875,0,0
1779630102.069654,-0.0078125,0.0,0.3046875,0.08203125,-0.00390625,-0.671875,0,0
1779630102.077693,-0.0078125,0.0,0.298828125,0.08203125,-0.00390625,-0.671875,0,0
1779630102.085717,-0.0078125,0.0,0.298828125,0.0859375,-0.00390625,-0.671875,0,0
1779630102.093731,-0.0078125,0.0,0.294921875,0.0859375,-0.00390625,-0.671875,0,0
1779630102.101647,-0.0078125,0.0,0.294921875,0.087890625,-0.00390625,-0.669921875,0,0
1779630102.109632,-0.0078125,0.0,0.291015625,0.087890625,-0.00390625,-0.669921875,0,0
1779630102.117652,-0.0078125,0.0,0.291015625,0.087890625,-0.00390625,-0.669921875,0,0
1779630102.125685,-0.0078125,0.0,0.291015625,0.087890625,-0.00390625,-0.669921875,0,0
1779630102.133691,-0.0078125,0.0,0.291015625,0.087890625,-0.00390625,-0.669921875,0,0
1779630102.141677,-0.0078125,0.0,0.291015625,0.087890625,-0.00390625,-0.669921875,0,0
1779630102.149654,-0.0078125,0.0,0.291015625,0.087890625,-0.00390625,-0.669921875,0,0
1779630102.157690,-0.0078125,0.0,0.291015625,0.087890625,-0.00390625,-0.669921875,0,0
1779630102.165693,-0.0078125,0.0,0.291015625,0.087890625,-0.00390625,-0.669921875,0,0
1779630102.173635,-0.0078125,0.0,0.291015625,0.087890625,-0.00390625,-0.669921875,0,0
1779630102.181699,-0.0078125,0.0,0.291015625,0.08984375,-0.00390625,-0.669921875,0,0
1779630102.189660,-0.0078125,0.0,0.291015625,0.08984375,-0.00390625,-0.669921875,0,0
1779630102.197649,-0.0078125,0.0,0.291015625,0.08984375,-0.00390625,-0.669921875,0,0
1779630102.205692,-0.0078125,0.0,0.283203125,0.08984375,-0.00390625,-0.669921875,0,0
1779630102.213622,-0.0078125,0.0,0.283203125,0.103515625,-0.00390625,-0.666015625,0,0
1779630102.221608,-0.0078125,0.0,0.279296875,0.103515625,-0.00390625,-0.666015625,0,0
1779630102.229672,-0.0078125,0.0,0.279296875,0.109375,-0.00390625,-0.6640625,0,0
1779630102.237676,-0.005859375,0.0,0.275390625,0.109375,-0.00390625,-0.6640625,0,0
1779630102.245720,-0.005859375,0.0,0.275390625,0.111328125,-0.00390625,-0.6640625,0,0
1779630102.253625,-0.005859375,0.0,0.271484375,0.111328125,-0.00390625,-0.6640625,0,0
1779630102.261665,-0.005859375,0.0,0.271484375,0.115234375,-0.00390625,-0.662109375,0,0
1779630102.269627,-0.005859375,0.0,0.26953125,0.115234375,-0.00390625,-0.662109375,0,0
1779630102.277632,-0.005859375,0.0,0.26953125,0.12109375,-0.00390625,-0.662109375,0,0
1779630102.285653,-0.00390625,0.0,0.267578125,0.12109375,-0.00390625,-0.662109375,0,0
1779630102.293656,-0.00390625,0.0,0.267578125,0.123046875,-0.00390625,-0.662109375,0,0
1779630102.301661,-0.00390625,0.0,0.265625,0.123046875,-0.00390625,-0.662109375,0,0
1779630102.309623,-0.00390625,0.0,0.265625,0.123046875,-0.00390625,-0.662109375,0,0
1779630102.317606,-0.00390625,0.0,0.265625,0.123046875,-0.00390625,-0.662109375,0,0
1779630102.325627,-0.00390625,0.0,0.265625,0.123046875,-0.00390625,-0.662109375,0,0
1779630102.333665,-0.00390625,0.0,0.263671875,0.123046875,-0.00390625,-0.662109375,0,0
1779630102.341647,-0.00390625,0.0,0.263671875,0.123046875,-0.00390625,-0.662109375,0,0
1779630102.349674,-0.005859375,0.0,0.2578125,0.123046875,-0.00390625,-0.662109375,0,0
1779630102.357665,-0.005859375,0.0,0.2578125,0.134765625,-0.00390625,-0.66015625,0,0
1779630102.365653,-0.005859375,0.0,0.251953125,0.134765625,-0.00390625,-0.66015625,0,0
1779630102.373670,-0.005859375,0.0,0.251953125,0.146484375,-0.00390625,-0.658203125,0,0
1779630102.381652,-0.005859375,0.0,0.244140625,0.146484375,-0.00390625,-0.658203125,0,0
1779630102.389662,-0.005859375,0.0,0.244140625,0.158203125,-0.00390625,-0.65625,0,0
1779630102.397686,-0.0078125,0.0,0.23828125,0.158203125,-0.00390625,-0.65625,0,0
1779630102.405655,-0.0078125,0.0,0.23828125,0.169921875,-0.00390625,-0.65234375,0,0
1779630102.413623,-0.0078125,0.0,0.234375,0.169921875,-0.00390625,-0.65234375,0,0
1779630102.421656,-0.0078125,0.0,0.234375,0.173828125,-0.00390625,-0.65234375,0,0
1779630102.429633,-0.0078125,0.0,0.234375,0.173828125,-0.00390625,-0.65234375,0,0
1779630102.437649,-0.0078125,0.0,0.234375,0.177734375,-0.00390625,-0.650390625,0,0
1779630102.445669,-0.0078125,0.0,0.232421875,0.177734375,-0.00390625,-0.650390625,0,0
1779630102.453646,-0.0078125,0.0,0.232421875,0.1796875,-0.00390625,-0.650390625,0,0
1779630102.461649,-0.0078125,0.0,0.23046875,0.1796875,-0.00390625,-0.650390625,0,0
1779630102.469640,-0.0078125,0.0,0.23046875,0.181640625,-0.00390625,-0.650390625,0,0
1779630102.477639,-0.0078125,0.0,0.23046875,0.181640625,-0.00390625,-0.650390625,0,0
1779630102.485608,-0.0078125,0.0,0.23046875,0.181640625,-0.00390625,-0.650390625,0,0
1779630102.493672,-0.0078125,0.0,0.23046875,0.181640625,-0.00390625,-0.650390625,0,0
1779630102.501658,-0.0078125,0.0,0.23046875,0.181640625,-0.00390625,-0.650390625,0,0
1779630102.509677,-0.0078125,0.0,0.224609375,0.181640625,-0.00390625,-0.650390625,0,0
1779630102.517676,-0.0078125,0.0,0.224609375,0.19140625,-0.00390625,-0.650390625,0,0
1779630102.525655,-0.0078125,0.0,0.21484375,0.19140625,-0.00390625,-0.650390625,0,0
1779630102.533705,-0.0078125,0.0,0.21484375,0.201171875,-0.00390625,-0.650390625,0,0
1779630102.541663,-0.005859375,0.0,0.2109375,0.201171875,-0.00390625,-0.650390625,0,0
1779630102.549669,-0.005859375,0.0,0.2109375,0.203125,-0.00390625,-0.650390625,0,0
1779630102.557664,-0.005859375,0.0,0.208984375,0.203125,-0.00390625,-0.650390625,0,0
1779630102.565686,-0.005859375,0.0,0.208984375,0.203125,-0.00390625,-0.650390625,0,0
1779630102.573692,-0.005859375,0.0,0.20703125,0.203125,-0.00390625,-0.650390625,0,0
1779630102.581644,-0.005859375,0.0,0.20703125,0.205078125,-0.00390625,-0.650390625,0,0
1779630102.589655,-0.005859375,0.0,0.205078125,0.205078125,-0.00390625,-0.650390625,0,0
1779630102.597663,-0.005859375,0.0,0.205078125,0.20703125,-0.00390625,-0.650390625,0,0
1779630102.605663,-0.005859375,0.0,0.205078125,0.20703125,-0.00390625,-0.650390625,0,0
1779630102.613664,-0.005859375,0.0,0.205078125,0.20703125,-0.00390625,-0.650390625,0,0
1779630102.621692,-0.005859375,0.0,0.201171875,0.20703125,-0.00390625,-0.650390625,0,0
1779630102.629708,-0.005859375,0.0,0.201171875,0.208984375,-0.00390625,-0.650390625,0,0
1779630102.637659,-0.00390625,0.0,0.19921875,0.208984375,-0.00390625,-0.650390625,0,0
1779630102.645646,-0.00390625,0.0,0.19921875,0.208984375,-0.00390625,-0.650390625,0,0
1779630102.653666,-0.00390625,0.0,0.19921875,0.208984375,-0.00390625,-0.650390625,0,0
1779630102.661679,-0.00390625,0.0,0.19921875,0.208984375,-0.00390625,-0.650390625,0,0
1779630102.669675,-0.00390625,0.0,0.197265625,0.208984375,-0.00390625,-0.650390625,0,0
1779630102.677715,-0.00390625,0.0,0.197265625,0.208984375,-0.00390625,-0.650390625,0,0
1779630102.685720,-0.00390625,0.0,0.197265625,0.208984375,-0.00390625,-0.650390625,0,0
1779630102.693651,-0.00390625,0.0,0.197265625,0.208984375,-0.00390625,-0.650390625,0,0
1779630102.701680,-0.00390625,0.0,0.1953125,0.208984375,-0.00390625,-0.650390625,0,0
1779630102.709674,-0.00390625,0.0,0.1953125,0.2109375,-0.00390625,-0.650390625,0,0
1779630102.717717,-0.00390625,0.0,0.193359375,0.2109375,-0.00390625,-0.650390625,0,0
1779630102.725634,-0.00390625,0.0,0.193359375,0.2109375,-0.00390625,-0.65234375,0,0
1779630102.733728,-0.00390625,0.0,0.193359375,0.2109375,-0.00390625,-0.65234375,0,0
1779630102.741699,-0.00390625,0.0,0.193359375,0.2109375,-0.00390625,-0.65234375,0,0
1779630102.749682,-0.00390625,0.0,0.189453125,0.2109375,-0.00390625,-0.65234375,0,0
1779630102.757675,-0.00390625,0.0,0.189453125,0.212890625,-0.00390625,-0.65234375,0,0
1779630102.765714,-0.00390625,0.0,0.189453125,0.212890625,-0.00390625,-0.65234375,0,0
1779630102.773690,-0.00390625,0.0,0.189453125,0.208984375,-0.00390625,-0.654296875,0,0
1779630102.781642,-0.00390625,0.0,0.1875,0.208984375,-0.00390625,-0.654296875,0,0
1779630102.789637,-0.00390625,0.0,0.1875,0.208984375,-0.00390625,-0.654296875,0,0
1779630102.797693,-0.00390625,0.0,0.1875,0.208984375,-0.00390625,-0.654296875,0,0
1779630102.805670,-0.00390625,0.0,0.1875,0.2109375,-0.00390625,-0.654296875,0,0
1779630102.813722,-0.005859375,0.0,0.185546875,0.2109375,-0.00390625,-0.654296875,0,0
1779630102.821589,-0.005859375,0.0,0.185546875,0.2109375,-0.00390625,-0.65625,0,0
1779630102.829682,-0.005859375,0.0,0.18359375,0.2109375,-0.00390625,-0.65625,0,0
1779630102.837718,-0.005859375,0.0,0.18359375,0.2109375,-0.00390625,-0.65625,0,0
1779630102.845651,-0.005859375,0.0,0.18359375,0.2109375,-0.00390625,-0.65625,0,0
1779630102.853652,-0.005859375,0.0,0.18359375,0.2109375,-0.00390625,-0.65625,0,0
1779630102.861659,-0.005859375,0.0,0.18359375,0.2109375,-0.00390625,-0.65625,0,0
1779630102.869651,-0.005859375,0.0,0.18359375,0.2109375,-0.00390625,-0.658203125,0,0
1779630102.877635,-0.00390625,0.0,0.1796875,0.2109375,-0.00390625,-0.658203125,0,0
1779630102.885630,-0.00390625,0.0,0.1796875,0.208984375,-0.00390625,-0.658203125,0,0
1779630102.893638,-0.00390625,0.0,0.177734375,0.208984375,-0.00390625,-0.658203125,0,0
1779630102.901608,-0.00390625,0.0,0.177734375,0.208984375,-0.00390625,-0.66015625,0,0
1779630102.909695,-0.00390625,0.0,0.17578125,0.208984375,-0.00390625,-0.66015625,0,0
1779630102.917629,-0.00390625,0.0,0.17578125,0.208984375,-0.00390625,-0.66015625,0,0
1779630102.925666,-0.00390625,0.0,0.173828125,0.208984375,-0.00390625,-0.66015625,0,0
1779630102.933666,-0.00390625,0.0,0.173828125,0.20703125,-0.00390625,-0.66015625,0,0
1779630102.941634,-0.00390625,0.0,0.171875,0.20703125,-0.00390625,-0.66015625,0,0
1779630102.949631,-0.00390625,0.0,0.171875,0.20703125,-0.00390625,-0.66015625,0,0
1779630102.957649,0.0,0.0,0.169921875,0.20703125,-0.00390625,-0.66015625,0,0
1779630102.965674,0.0,0.0,0.169921875,0.20703125,-0.00390625,-0.662109375,0,0
1779630102.973690,0.0,0.0,0.16015625,0.20703125,-0.00390625,-0.662109375,0,0
1779630102.981675,0.0,0.0,0.16015625,0.19921875,-0.00390625,-0.666015625,0,0
1779630102.989635,0.0,0.0,0.15625,0.19921875,-0.00390625,-0.666015625,0,0
1779630102.997650,0.0,0.0,0.15625,0.1953125,-0.00390625,-0.669921875,0,0
1779630103.005676,0.0,0.0,0.154296875,0.1953125,-0.00390625,-0.669921875,0,0
1779630103.013706,0.0,0.0,0.154296875,0.1953125,-0.00390625,-0.669921875,0,0
1779630103.021687,0.0,0.0,0.15234375,0.1953125,-0.00390625,-0.669921875,0,0
1779630103.029657,0.0,0.0,0.15234375,0.193359375,-0.00390625,-0.669921875,0,0
1779630103.037677,0.0,0.0,0.15234375,0.193359375,-0.00390625,-0.669921875,0,0
1779630103.045654,0.0,0.0,0.15234375,0.193359375,-0.00390625,-0.669921875,0,0
1779630103.053661,0.0,0.0,0.15234375,0.193359375,-0.00390625,-0.669921875,0,0
1779630103.061654,0.0,0.0,0.15234375,0.1953125,-0.00390625,-0.669921875,0,0
1779630103.069689,0.0,0.0,0.15234375,0.1953125,-0.00390625,-0.669921875,0,0
1779630103.077685,0.0,0.0,0.15234375,0.1953125,-0.00390625,-0.669921875,0,0
1779630103.085636,0.0,0.0,0.15234375,0.1953125,-0.00390625,-0.669921875,0,0
1779630103.093650,0.0,0.0,0.15234375,0.1953125,-0.00390625,-0.669921875,0,0
1779630103.101658,0.0,0.0,0.15234375,0.1953125,-0.00390625,-0.669921875,0,0
1779630103.109694,0.0,0.0,0.15234375,0.197265625,-0.00390625,-0.669921875,0,0
1779630103.117637,0.0,0.0,0.150390625,0.197265625,-0.00390625,-0.669921875,0,0
1779630103.125630,0.0,0.0,0.150390625,0.197265625,-0.00390625,-0.669921875,0,0
1779630103.133668,0.0,0.0,0.150390625,0.197265625,-0.00390625,-0.669921875,0,0
1779630103.141682,0.0,0.0,0.150390625,0.197265625,-0.00390625,-0.669921875,0,0
1779630103.149698,0.0,0.0,0.150390625,0.197265625,-0.00390625,-0.669921875,0,0
1779630103.157615,0.0,0.0,0.150390625,0.197265625,-0.00390625,-0.669921875,0,0
1779630103.165722,0.0,0.0,0.150390625,0.197265625,-0.00390625,-0.669921875,0,0
1779630103.173682,0.0,0.0,0.150390625,0.1953125,-0.00390625,-0.669921875,0,0
1779630103.181711,0.0,0.0,0.138671875,0.1953125,-0.00390625,-0.669921875,0,0
1779630103.189699,0.0,0.0,0.138671875,0.1875,-0.00390625,-0.669921875,0,0
1779630103.197664,0.0,0.0,0.11328125,0.1875,-0.00390625,-0.669921875,0,0
1779630103.205683,0.0,0.0,0.11328125,0.177734375,0.00390625,-0.67578125,0,0
1779630103.213727,0.0,0.0,0.08984375,0.177734375,0.00390625,-0.67578125,0,0
1779630103.221646,0.0,0.0,0.08984375,0.169921875,0.005859375,-0.6796875,0,0
1779630103.229686,0.0,0.0,0.0625,0.169921875,0.005859375,-0.6796875,0,0
1779630103.237700,0.0,0.0,0.0625,0.158203125,0.009765625,-0.68359375,0,0
1779630103.245714,0.0,0.0,0.046875,0.158203125,0.009765625,-0.68359375,0,0
1779630103.253714,0.0,0.0,0.046875,0.1484375,0.01953125,-0.68359375,0,0
1779630103.261740,0.0,0.0,0.03125,0.1484375,0.01953125,-0.68359375,0,0
1779630103.269706,0.0,0.0,0.03125,0.142578125,0.025390625,-0.68359375,0,0
1779630103.277694,0.0,0.0,0.02734375,0.142578125,0.025390625,-0.68359375,0,0
1779630103.285696,0.0,0.0,0.02734375,0.138671875,0.033203125,-0.68359375,0,0
1779630103.293690,0.0,0.0,0.01953125,0.138671875,0.033203125,-0.68359375,0,0
1779630103.301673,0.0,0.0,0.01953125,0.130859375,0.037109375,-0.68359375,0,0
1779630103.309627,0.0,0.0,0.0078125,0.130859375,0.037109375,-0.68359375,0,0
1779630103.317651,0.0,0.0,0.0078125,0.1171875,0.04296875,-0.68359375,0,0
1779630103.333699,0.0,0.0,0.0078125,0.099609375,0.048828125,-0.68359375,0,0
1779630103.341662,0.0,-0.0078125,0.0078125,0.099609375,0.048828125,-0.68359375,0,0
1779630103.349683,0.0,-0.0078125,0.0078125,0.087890625,0.0546875,-0.68359375,0,0
1779630103.357648,0.0,-0.01171875,0.0078125,0.087890625,0.0546875,-0.68359375,0,0
1779630103.365670,0.0,-0.01171875,0.0078125,0.076171875,0.056640625,-0.68359375,0,0
1779630103.373664,0.0,-0.017578125,0.0078125,0.076171875,0.056640625,-0.68359375,0,0
1779630103.381709,0.0,-0.017578125,0.0078125,0.06640625,0.0625,-0.68359375,0,0
1779630103.389699,0.0,-0.033203125,0.0078125,0.06640625,0.0625,-0.68359375,0,0
1779630103.397717,0.0,-0.033203125,0.0078125,0.05078125,0.072265625,-0.68359375,0,0
1779630103.405712,0.0,-0.05078125,0.0078125,0.05078125,0.072265625,-0.68359375,0,0
1779630103.413672,0.0,-0.05078125,0.0078125,0.02734375,0.083984375,-0.68359375,0,0
1779630103.421650,0.0,-0.064453125,0.0078125,0.02734375,0.083984375,-0.68359375,0,0
1779630103.429674,0.0,-0.064453125,0.0078125,0.017578125,0.09375,-0.68359375,0,0
1779630103.437670,0.0,-0.072265625,0.0078125,0.017578125,0.09375,-0.68359375,0,0
1779630103.445683,0.0,-0.072265625,0.0078125,0.005859375,0.09765625,-0.68359375,0,0
1779630103.453621,0.0,-0.080078125,0.0078125,0.005859375,0.09765625,-0.68359375,0,0
1779630103.461764,0.0,-0.080078125,0.0078125,0.005859375,0.103515625,-0.68359375,0,0
1779630103.469677,0.0,-0.091796875,0.0078125,0.005859375,0.103515625,-0.68359375,0,0
1779630103.477643,0.0,-0.091796875,0.0078125,0.005859375,0.109375,-0.6796875,0,0
1779630103.485649,0.0,-0.107421875,0.0078125,0.005859375,0.109375,-0.6796875,0,0
1779630103.493695,0.0,-0.107421875,0.0078125,0.005859375,0.11328125,-0.66015625,0,0
1779630103.501656,0.0,-0.123046875,0.0078125,0.005859375,0.11328125,-0.66015625,0,0
1779630103.509702,0.0,-0.123046875,0.0078125,0.005859375,0.1171875,-0.64453125,0,0
1779630103.517658,0.0,-0.130859375,0.0078125,0.005859375,0.1171875,-0.64453125,0,0
1779630103.525690,0.0,-0.130859375,0.0078125,0.005859375,0.12109375,-0.634765625,0,0
1779630103.533661,0.0,-0.134765625,0.0078125,0.005859375,0.12109375,-0.634765625,0,0
1779630103.541645,0.0,-0.134765625,0.0078125,0.005859375,0.12109375,-0.6328125,0,0
1779630103.549668,0.0,-0.134765625,0.0078125,0.005859375,0.12109375,-0.6328125,0,0
1779630103.557659,0.0,-0.134765625,0.0078125,0.005859375,0.123046875,-0.6328125,0,0
1779630103.565704,0.0,-0.130859375,0.0078125,0.005859375,0.123046875,-0.6328125,0,0
1779630103.573707,0.0,-0.130859375,0.0078125,0.005859375,0.125,-0.634765625,0,0
1779630103.581633,0.0,-0.126953125,0.0078125,0.005859375,0.125,-0.634765625,0,0
1779630103.589678,0.0,-0.126953125,0.0078125,0.005859375,0.125,-0.638671875,0,0
1779630103.597666,0.0,-0.12109375,0.0078125,0.005859375,0.125,-0.638671875,0,0
1779630103.605644,0.0,-0.12109375,0.0078125,0.005859375,0.125,-0.646484375,0,0
1779630103.613656,0.0,-0.115234375,0.0078125,0.005859375,0.125,-0.646484375,0,0
1779630103.621704,0.0,-0.115234375,0.0078125,0.005859375,0.125,-0.65625,0,0
1779630103.629680,0.0,-0.103515625,0.0078125,0.005859375,0.125,-0.65625,0,0
1779630103.637676,0.0,-0.103515625,0.0078125,0.005859375,0.126953125,-0.669921875,0,0
1779630103.645647,0.0,-0.095703125,0.0078125,0.005859375,0.126953125,-0.669921875,0,0
1779630103.653659,0.0,-0.095703125,0.0078125,0.005859375,0.12890625,-0.677734375,0,0
1779630103.661676,0.0,-0.09375,0.0078125,0.005859375,0.12890625,-0.677734375,0,0
1779630103.669657,0.0,-0.09375,0.0078125,0.005859375,0.125,-0.681640625,0,0
1779630103.677716,0.0,-0.091796875,0.0078125,0.005859375,0.125,-0.681640625,0,0
1779630103.685691,0.0,-0.091796875,0.0078125,0.005859375,0.123046875,-0.68359375,0,0
1779630103.693683,0.0,-0.091796875,0.0078125,0.005859375,0.123046875,-0.68359375,0,0
1779630103.701713,0.0,-0.091796875,0.0078125,0.005859375,0.123046875,-0.68359375,0,0
1779630103.709631,0.0,-0.091796875,0.0078125,0.005859375,0.123046875,-0.68359375,0,0
1779630103.717698,0.0,-0.091796875,0.0078125,0.005859375,0.123046875,-0.68359375,0,0
1779630103.725622,0.0,-0.09375,0.0078125,0.005859375,0.123046875,-0.68359375,0,0
1779630103.733658,0.0,-0.09375,0.0078125,0.005859375,0.125,-0.68359375,0,0
1779630103.741698,0.0,-0.095703125,0.0078125,0.005859375,0.125,-0.68359375,0,0
1779630103.749662,0.0,-0.095703125,0.0078125,0.00390625,0.130859375,-0.677734375,0,0
1779630103.757705,0.0,-0.1015625,0.0078125,0.00390625,0.130859375,-0.677734375,0,0
1779630103.765699,0.0,-0.1015625,0.0078125,0.00390625,0.134765625,-0.669921875,0,0
1779630103.773614,0.0,-0.111328125,0.0078125,0.00390625,0.134765625,-0.669921875,0,0
1779630103.781616,0.0,-0.111328125,0.0078125,0.005859375,0.13671875,-0.65625,0,0
1779630103.789684,0.0,-0.123046875,0.0078125,0.005859375,0.13671875,-0.65625,0,0
1779630103.797622,0.0,-0.123046875,0.0078125,0.013671875,0.14453125,-0.640625,0,0
1779630103.805664,0.0,-0.126953125,0.0078125,0.013671875,0.14453125,-0.640625,0,0
1779630103.813640,0.0,-0.126953125,0.0078125,0.015625,0.146484375,-0.6328125,0,0
1779630103.821684,0.0,-0.126953125,0.0078125,0.015625,0.146484375,-0.6328125,0,0
1779630103.829709,0.0,-0.126953125,0.0078125,0.021484375,0.15234375,-0.630859375,0,0
1779630103.837710,0.0,-0.126953125,0.0078125,0.021484375,0.15234375,-0.630859375,0,0
1779630103.845675,0.0,-0.126953125,0.0078125,0.017578125,0.15234375,-0.630859375,0,0
1779630103.853663,0.0,-0.126953125,0.0078125,0.017578125,0.15234375,-0.630859375,0,0
1779630103.861691,0.0,-0.126953125,0.0078125,0.005859375,0.15234375,-0.638671875,0,0
1779630103.869660,0.0,-0.111328125,0.025390625,0.005859375,0.15234375,-0.638671875,0,0
1779630103.877678,0.0,-0.111328125,0.025390625,0.005859375,0.15234375,-0.65625,0,0
1779630103.885669,0.0,-0.103515625,0.0390625,0.005859375,0.15234375,-0.65625,0,0
1779630103.893679,0.0,-0.103515625,0.0390625,0.005859375,0.154296875,-0.662109375,0,0
1779630103.901644,0.0,-0.103515625,0.044921875,0.005859375,0.154296875,-0.662109375,0,0
1779630103.909645,0.0,-0.103515625,0.044921875,0.005859375,0.154296875,-0.6640625,0,0
1779630103.917742,0.0,-0.10546875,0.056640625,0.005859375,0.154296875,-0.6640625,0,0
1779630103.925681,0.0,-0.10546875,0.056640625,0.005859375,0.15234375,-0.6640625,0,0
1779630103.933665,0.0,-0.10546875,0.0625,0.005859375,0.15234375,-0.6640625,0,0
1779630103.941625,0.0,-0.10546875,0.0625,0.005859375,0.15234375,-0.6640625,0,0
1779630103.949688,0.0,-0.10546875,0.064453125,0.005859375,0.15234375,-0.6640625,0,0
1779630103.957621,0.0,-0.10546875,0.064453125,0.005859375,0.15234375,-0.6640625,0,0
1779630103.965615,0.0,-0.10546875,0.064453125,0.005859375,0.15234375,-0.6640625,0,0
1779630103.973624,0.0,-0.10546875,0.064453125,0.005859375,0.1484375,-0.6640625,0,0
1779630103.981669,0.0,-0.10546875,0.068359375,0.005859375,0.1484375,-0.6640625,0,0
1779630103.989617,0.0,-0.10546875,0.068359375,0.005859375,0.1484375,-0.662109375,0,0
1779630103.997696,0.0,-0.107421875,0.080078125,0.005859375,0.1484375,-0.662109375,0,0
1779630104.005734,0.0,-0.107421875,0.080078125,0.005859375,0.1484375,-0.65625,0,0
1779630104.013627,0.0,-0.11328125,0.09375,0.005859375,0.1484375,-0.65625,0,0
1779630104.021704,0.0,-0.11328125,0.09375,0.005859375,0.15234375,-0.642578125,0,0
1779630104.029648,0.005859375,-0.126953125,0.091796875,0.005859375,0.15234375,-0.642578125,0,0
1779630104.037673,0.005859375,-0.126953125,0.091796875,0.005859375,0.154296875,-0.615234375,0,0
1779630104.045680,0.029296875,-0.146484375,0.087890625,0.005859375,0.154296875,-0.615234375,0,0
1779630104.053672,0.029296875,-0.146484375,0.087890625,0.005859375,0.150390625,-0.587890625,0,0
1779630104.061688,0.05078125,-0.17578125,0.08203125,0.005859375,0.150390625,-0.587890625,0,0
1779630104.069655,0.05078125,-0.17578125,0.08203125,0.005859375,0.14453125,-0.55078125,0,0
1779630104.077686,0.07421875,-0.203125,0.07421875,0.005859375,0.14453125,-0.55078125,0,0
1779630104.085710,0.07421875,-0.203125,0.07421875,0.005859375,0.13671875,-0.513671875,0,0
1779630104.093708,0.087890625,-0.21875,0.0703125,0.005859375,0.13671875,-0.513671875,0,0
1779630104.101685,0.087890625,-0.21875,0.0703125,0.005859375,0.130859375,-0.486328125,0,0
1779630104.109635,0.115234375,-0.26171875,0.0625,0.005859375,0.130859375,-0.486328125,0,0
1779630104.117694,0.115234375,-0.26171875,0.0625,0.005859375,0.12109375,-0.427734375,0,0
1779630104.125637,0.142578125,-0.318359375,0.0546875,0.005859375,0.12109375,-0.427734375,0,0
1779630104.133642,0.142578125,-0.318359375,0.0546875,0.005859375,0.1171875,-0.345703125,0,0
1779630104.141647,0.15625,-0.359375,0.056640625,0.005859375,0.1171875,-0.345703125,0,0
1779630104.149672,0.15625,-0.359375,0.056640625,0.025390625,0.123046875,-0.28125,0,0
1779630104.157665,0.171875,-0.380859375,0.044921875,0.025390625,0.123046875,-0.28125,0,0
1779630104.165661,0.171875,-0.380859375,0.044921875,0.060546875,0.123046875,-0.236328125,0,0
1779630104.173662,0.181640625,-0.388671875,0.03125,0.060546875,0.123046875,-0.236328125,0,0
1779630104.181665,0.181640625,-0.388671875,0.03125,0.10546875,0.126953125,-0.20703125,0,0
1779630104.189640,0.1796875,-0.373046875,0.021484375,0.10546875,0.126953125,-0.20703125,0,0
1779630104.197651,0.1796875,-0.373046875,0.021484375,0.1640625,0.14453125,-0.197265625,0,0
1779630104.205706,0.17578125,-0.357421875,0.015625,0.1640625,0.14453125,-0.197265625,0,0
1779630104.213597,0.17578125,-0.357421875,0.015625,0.21484375,0.162109375,-0.185546875,0,0
1779630104.221683,0.177734375,-0.3359375,0.03515625,0.21484375,0.162109375,-0.185546875,0,0
1779630104.229657,0.177734375,-0.3359375,0.03515625,0.255859375,0.177734375,-0.1796875,0,0
1779630104.237702,0.21484375,-0.263671875,0.08203125,0.255859375,0.177734375,-0.1796875,0,0
1779630104.245649,0.21484375,-0.263671875,0.08203125,0.28515625,0.17578125,-0.21875,0,0
1779630104.253664,0.28515625,-0.1015625,0.154296875,0.28515625,0.17578125,-0.21875,0,0
1779630104.261649,0.28515625,-0.1015625,0.154296875,0.2734375,0.173828125,-0.314453125,0,0
1779630104.269660,0.287109375,-0.1015625,0.197265625,0.2734375,0.173828125,-0.314453125,0,0
1779630104.277754,0.287109375,-0.1015625,0.197265625,0.240234375,0.181640625,-0.3828125,0,0
1779630104.285651,0.19140625,0.087890625,0.20703125,0.240234375,0.181640625,-0.3828125,0,0
1779630104.293643,0.19140625,0.087890625,0.20703125,0.24609375,0.173828125,-0.41796875,0,0
1779630104.301684,0.0546875,0.125,0.193359375,0.24609375,0.173828125,-0.41796875,0,0
1779630104.309644,0.0546875,0.125,0.193359375,0.25,0.12109375,-0.4375,0,0
1779630104.317656,0.0546875,0.150390625,0.197265625,0.25,0.12109375,-0.4375,0,0
1779630104.325696,0.0546875,0.150390625,0.197265625,0.26171875,0.041015625,-0.4375,0,0
1779630104.333740,0.0546875,0.173828125,0.22265625,0.26171875,0.041015625,-0.4375,0,0
1779630104.341715,0.0546875,0.173828125,0.22265625,0.23046875,0.041015625,-0.4296875,0,0
1779630104.349624,0.0546875,0.19921875,0.236328125,0.23046875,0.041015625,-0.4296875,0,0
1779630104.357628,0.0546875,0.19921875,0.236328125,0.203125,0.041015625,-0.4140625,0,0
1779630104.365648,0.0546875,0.22265625,0.2421875,0.203125,0.041015625,-0.4140625,0,0
1779630104.373677,0.0546875,0.22265625,0.2421875,0.1875,0.041015625,-0.39453125,0,0
1779630104.381709,-0.009765625,0.25,0.251953125,0.1875,0.041015625,-0.39453125,0,0
1779630104.389705,-0.009765625,0.25,0.251953125,0.162109375,0.041015625,-0.373046875,0,0
1779630104.397678,-0.01171875,0.26953125,0.259765625,0.162109375,0.041015625,-0.373046875,0,0
1779630104.405613,-0.01171875,0.26953125,0.259765625,0.14453125,0.041015625,-0.361328125,0,0
1779630104.413658,-0.01171875,0.275390625,0.263671875,0.14453125,0.041015625,-0.361328125,0,0
1779630104.421692,-0.01171875,0.275390625,0.263671875,0.138671875,0.041015625,-0.359375,0,0
1779630104.429642,-0.01171875,0.27734375,0.267578125,0.138671875,0.041015625,-0.359375,0,0
1779630104.437637,-0.01171875,0.27734375,0.267578125,0.134765625,0.041015625,-0.359375,0,0
1779630104.445675,-0.01171875,0.28125,0.267578125,0.134765625,0.041015625,-0.359375,0,0
1779630104.453640,-0.01171875,0.28125,0.267578125,0.12890625,0.041015625,-0.357421875,0,0
1779630104.461707,-0.01171875,0.287109375,0.26953125,0.12890625,0.041015625,-0.357421875,0,0
1779630104.469670,-0.01171875,0.287109375,0.26953125,0.123046875,0.041015625,-0.3515625,0,0
1779630104.477653,-0.01171875,0.294921875,0.2734375,0.123046875,0.041015625,-0.3515625,0,0
1779630104.485697,-0.01171875,0.294921875,0.2734375,0.1171875,0.041015625,-0.345703125,0,0
1779630104.493637,-0.01171875,0.30078125,0.27734375,0.1171875,0.041015625,-0.345703125,0,0
1779630104.501671,-0.01171875,0.30078125,0.27734375,0.115234375,0.041015625,-0.341796875,0,0
1779630104.509654,-0.01171875,0.306640625,0.279296875,0.115234375,0.041015625,-0.341796875,0,0
1779630104.517690,-0.01171875,0.306640625,0.279296875,0.111328125,0.041015625,-0.337890625,0,0
1779630104.525641,-0.01171875,0.3125,0.283203125,0.111328125,0.041015625,-0.337890625,0,0
1779630104.533678,-0.01171875,0.3125,0.283203125,0.10546875,0.041015625,-0.3359375,0,0
1779630104.541686,-0.009765625,0.31640625,0.287109375,0.10546875,0.041015625,-0.3359375,0,0
1779630104.549686,-0.009765625,0.31640625,0.287109375,0.103515625,0.041015625,-0.33203125,0,0
1779630104.557676,-0.009765625,0.32421875,0.29296875,0.103515625,0.041015625,-0.33203125,0,0
1779630104.565655,-0.009765625,0.32421875,0.29296875,0.1015625,0.041015625,-0.32421875,0,0
1779630104.573665,-0.009765625,0.337890625,0.30078125,0.1015625,0.041015625,-0.32421875,0,0
1779630104.581647,-0.009765625,0.337890625,0.30078125,0.095703125,0.041015625,-0.310546875,0,0
1779630104.589686,-0.009765625,0.349609375,0.310546875,0.095703125,0.041015625,-0.310546875,0,0
1779630104.597821,-0.009765625,0.349609375,0.310546875,0.087890625,0.041015625,-0.296875,0,0
1779630104.605650,-0.009765625,0.361328125,0.31640625,0.087890625,0.041015625,-0.296875,0,0
1779630104.613731,-0.009765625,0.361328125,0.31640625,0.080078125,0.041015625,-0.287109375,0,0
1779630104.621655,-0.009765625,0.365234375,0.318359375,0.080078125,0.041015625,-0.287109375,0,0
1779630104.629698,-0.009765625,0.365234375,0.318359375,0.078125,0.041015625,-0.283203125,0,0
1779630104.637634,-0.0078125,0.3671875,0.322265625,0.078125,0.041015625,-0.283203125,0,0
1779630104.645671,-0.0078125,0.3671875,0.322265625,0.078125,0.041015625,-0.28125,0,0
1779630104.653678,-0.005859375,0.37109375,0.328125,0.078125,0.041015625,-0.28125,0,0
1779630104.661705,-0.005859375,0.37109375,0.328125,0.078125,0.041015625,-0.279296875,0,0
1779630104.669720,-0.00390625,0.373046875,0.33984375,0.078125,0.041015625,-0.279296875,0,0
1779630104.677695,-0.00390625,0.373046875,0.33984375,0.080078125,0.041015625,-0.275390625,0,0
1779630104.685719,-0.00390625,0.375,0.345703125,0.080078125,0.041015625,-0.275390625,0,0
1779630104.693681,-0.00390625,0.375,0.345703125,0.08203125,0.041015625,-0.26953125,0,0
1779630104.701637,0.0,0.37890625,0.353515625,0.08203125,0.041015625,-0.26953125,0,0
1779630104.709640,0.0,0.37890625,0.353515625,0.083984375,0.041015625,-0.26171875,0,0
1779630104.717644,0.0,0.3828125,0.357421875,0.083984375,0.041015625,-0.26171875,0,0
1779630104.725720,0.0,0.3828125,0.357421875,0.08203125,0.041015625,-0.2578125,0,0
1779630104.733739,0.0,0.384765625,0.357421875,0.08203125,0.041015625,-0.2578125,0,0
1779630104.741669,0.0,0.384765625,0.357421875,0.08203125,0.041015625,-0.255859375,0,0
1779630104.749997,0.0,0.384765625,0.357421875,0.08203125,0.041015625,-0.255859375,0,0
1779630104.757693,0.0,0.384765625,0.357421875,0.08203125,0.041015625,-0.255859375,0,0
1779630104.765667,0.0,0.384765625,0.359375,0.08203125,0.041015625,-0.255859375,0,0
1779630104.773672,0.0,0.384765625,0.359375,0.08203125,0.041015625,-0.255859375,0,0
1779630104.781714,0.0,0.388671875,0.365234375,0.08203125,0.041015625,-0.255859375,0,0
1779630104.789654,0.0,0.388671875,0.365234375,0.078125,0.041015625,-0.248046875,0,0
1779630104.797737,0.0,0.396484375,0.37109375,0.078125,0.041015625,-0.248046875,0,0
1779630104.805659,0.0,0.396484375,0.37109375,0.0703125,0.041015625,-0.244140625,0,0
1779630104.813688,0.0,0.396484375,0.375,0.0703125,0.041015625,-0.244140625,0,0
1779630104.821653,0.0,0.396484375,0.375,0.0703125,0.041015625,-0.240234375,0,0
1779630104.829682,0.0,0.3984375,0.375,0.0703125,0.041015625,-0.240234375,0,0
1779630104.837727,0.0,0.3984375,0.375,0.0703125,0.041015625,-0.240234375,0,0
1779630104.845688,0.0,0.3984375,0.375,0.0703125,0.041015625,-0.240234375,0,0
1779630104.853687,0.0,0.3984375,0.375,0.0703125,0.041015625,-0.240234375,0,0
1779630104.861652,0.0,0.400390625,0.376953125,0.0703125,0.041015625,-0.240234375,0,0
1779630104.869661,0.0,0.400390625,0.376953125,0.0703125,0.041015625,-0.23828125,0,0
1779630104.877705,0.0,0.400390625,0.376953125,0.0703125,0.041015625,-0.23828125,0,0
1779630104.885721,0.0,0.400390625,0.376953125,0.0703125,0.041015625,-0.23828125,0,0
1779630104.893678,0.0,0.400390625,0.37890625,0.0703125,0.041015625,-0.23828125,0,0
1779630104.901698,0.0,0.400390625,0.37890625,0.0703125,0.041015625,-0.23828125,0,0
1779630104.909664,0.0,0.40234375,0.384765625,0.0703125,0.041015625,-0.23828125,0,0
1779630104.917661,0.0,0.40234375,0.384765625,0.068359375,0.041015625,-0.236328125,0,0
1779630104.925725,0.0,0.404296875,0.390625,0.068359375,0.041015625,-0.236328125,0,0
1779630104.933650,0.0,0.404296875,0.390625,0.0703125,0.041015625,-0.232421875,0,0
1779630104.941655,0.0,0.40625,0.390625,0.0703125,0.041015625,-0.232421875,0,0
1779630104.949703,0.0,0.40625,0.390625,0.0703125,0.041015625,-0.23046875,0,0
1779630104.957652,0.0,0.40625,0.392578125,0.0703125,0.041015625,-0.23046875,0,0
1779630104.965725,0.0,0.40625,0.392578125,0.0703125,0.041015625,-0.23046875,0,0
1779630104.973700,0.0,0.40625,0.392578125,0.0703125,0.041015625,-0.23046875,0,0
1779630104.981753,0.0,0.40625,0.392578125,0.0703125,0.041015625,-0.23046875,0,0
1779630104.989680,0.0,0.408203125,0.392578125,0.0703125,0.041015625,-0.23046875,0,0
1779630104.997673,0.0,0.408203125,0.392578125,0.068359375,0.041015625,-0.23046875,0,0
1779630105.005656,0.0,0.408203125,0.392578125,0.068359375,0.041015625,-0.23046875,0,0
1779630105.013648,0.0,0.408203125,0.392578125,0.068359375,0.041015625,-0.23046875,0,0
1779630105.021670,0.0,0.408203125,0.39453125,0.068359375,0.041015625,-0.23046875,0,0
1779630105.029655,0.0,0.408203125,0.39453125,0.068359375,0.041015625,-0.23046875,0,0
1779630105.037643,0.0,0.408203125,0.39453125,0.068359375,0.041015625,-0.23046875,0,0
1779630105.045684,0.0,0.408203125,0.39453125,0.068359375,0.041015625,-0.23046875,0,0
1779630105.053673,0.0,0.408203125,0.39453125,0.068359375,0.041015625,-0.23046875,0,0
1779630105.061626,0.0,0.408203125,0.39453125,0.068359375,0.041015625,-0.23046875,0,0
1779630105.069656,0.0,0.408203125,0.396484375,0.068359375,0.041015625,-0.23046875,0,0
1779630105.077688,0.0,0.408203125,0.396484375,0.068359375,0.041015625,-0.23046875,0,0
1779630105.085647,0.0,0.408203125,0.396484375,0.068359375,0.041015625,-0.23046875,0,0
1779630105.093688,0.0,0.408203125,0.396484375,0.068359375,0.041015625,-0.23046875,0,0
1779630105.101674,0.0,0.408203125,0.396484375,0.068359375,0.041015625,-0.23046875,0,0
1779630105.109697,0.0,0.408203125,0.396484375,0.068359375,0.041015625,-0.23046875,0,0
1779630105.117688,0.0,0.40625,0.396484375,0.068359375,0.041015625,-0.23046875,0,0
1779630105.125675,0.0,0.40625,0.396484375,0.068359375,0.041015625,-0.23046875,0,0
1779630105.133668,0.0,0.40625,0.396484375,0.068359375,0.041015625,-0.23046875,0,0
1779630105.141682,0.0,0.40625,0.396484375,0.068359375,0.041015625,-0.232421875,0,0
1779630105.149713,0.0,0.40625,0.396484375,0.068359375,0.041015625,-0.232421875,0,0
1779630105.157648,0.0,0.40625,0.396484375,0.068359375,0.041015625,-0.232421875,0,0
1779630105.165649,0.0,0.40625,0.396484375,0.068359375,0.041015625,-0.232421875,0,0
1779630105.173681,0.0,0.40625,0.396484375,0.068359375,0.041015625,-0.232421875,0,0
1779630105.181643,0.0,0.40625,0.396484375,0.068359375,0.041015625,-0.232421875,0,0
1779630105.189670,0.0,0.40625,0.396484375,0.068359375,0.041015625,-0.232421875,0,0
1779630105.197698,0.0,0.40625,0.396484375,0.068359375,0.041015625,-0.232421875,0,0
1779630105.205688,0.0,0.40625,0.396484375,0.068359375,0.041015625,-0.232421875,0,0
1779630105.213680,0.0,0.40625,0.396484375,0.068359375,0.041015625,-0.232421875,0,0
1779630105.221693,0.0,0.40625,0.396484375,0.068359375,0.041015625,-0.232421875,0,0
1779630105.229644,0.0,0.40625,0.396484375,0.068359375,0.041015625,-0.232421875,0,0
1779630105.237656,0.0,0.40625,0.396484375,0.068359375,0.041015625,-0.232421875,0,0
1779630105.245707,0.0,0.40625,0.396484375,0.068359375,0.041015625,-0.232421875,0,0
1779630105.253660,0.0,0.40625,0.396484375,0.068359375,0.041015625,-0.232421875,0,0
1779630105.261643,0.0,0.40625,0.396484375,0.068359375,0.041015625,-0.232421875,0,0
1779630105.269688,0.0,0.40625,0.396484375,0.068359375,0.041015625,-0.232421875,0,0
1779630105.277686,0.0,0.40625,0.3984375,0.068359375,0.041015625,-0.232421875,0,0
1779630105.285675,0.0,0.40625,0.3984375,0.068359375,0.041015625,-0.232421875,0,0
1779630105.293661,0.0,0.40625,0.3984375,0.068359375,0.041015625,-0.232421875,0,0
1779630105.301707,0.0,0.40625,0.3984375,0.068359375,0.041015625,-0.232421875,0,0
1779630105.309672,0.0,0.40625,0.396484375,0.068359375,0.041015625,-0.232421875,0,0
1779630105.317681,0.0,0.40625,0.396484375,0.068359375,0.041015625,-0.232421875,0,0
1779630105.325637,0.0,0.40625,0.396484375,0.068359375,0.041015625,-0.232421875,0,0
1779630105.333657,0.0,0.40625,0.396484375,0.068359375,0.041015625,-0.232421875,0,0
1779630105.341634,0.0,0.40625,0.396484375,0.068359375,0.041015625,-0.232421875,0,0
1779630105.349677,0.0,0.40625,0.396484375,0.068359375,0.041015625,-0.232421875,0,0
1779630105.357634,0.0,0.40625,0.396484375,0.068359375,0.041015625,-0.232421875,0,0
1779630105.365621,0.0,0.40625,0.396484375,0.068359375,0.041015625,-0.232421875,0,0
1779630105.373664,0.0,0.40625,0.396484375,0.068359375,0.041015625,-0.232421875,0,0
1779630105.381714,0.0,0.40625,0.396484375,0.0703125,0.041015625,-0.232421875,0,0
1779630105.389627,0.0,0.40625,0.396484375,0.0703125,0.041015625,-0.232421875,0,0
1779630105.397673,0.0,0.40625,0.396484375,0.0703125,0.041015625,-0.232421875,0,0
1779630105.405707,0.0,0.40625,0.396484375,0.0703125,0.041015625,-0.232421875,0,0
1779630105.413693,0.0,0.40625,0.396484375,0.0703125,0.041015625,-0.232421875,0,0
1779630105.421669,0.0,0.40625,0.396484375,0.0703125,0.041015625,-0.232421875,0,0
1779630105.429620,0.0,0.40625,0.396484375,0.0703125,0.041015625,-0.23046875,0,0
1779630105.437624,0.0,0.412109375,0.40234375,0.0703125,0.041015625,-0.23046875,0,0
1779630105.445690,0.0,0.412109375,0.40234375,0.06640625,0.041015625,-0.22265625,0,0
1779630105.453690,0.0,0.416015625,0.40625,0.06640625,0.041015625,-0.22265625,0,0
1779630105.461707,0.0,0.416015625,0.40625,0.064453125,0.041015625,-0.21875,0,0
1779630105.469715,0.0,0.416015625,0.408203125,0.064453125,0.041015625,-0.21875,0,0
1779630105.477690,0.0,0.416015625,0.408203125,0.064453125,0.041015625,-0.216796875,0,0
1779630105.485675,0.0,0.416015625,0.408203125,0.064453125,0.041015625,-0.216796875,0,0
1779630105.493642,0.0,0.416015625,0.408203125,0.064453125,0.041015625,-0.21484375,0,0
1779630105.501678,0.0,0.41796875,0.41015625,0.064453125,0.041015625,-0.21484375,0,0
1779630105.509717,0.0,0.41796875,0.41015625,0.064453125,0.041015625,-0.212890625,0,0
1779630105.517711,0.0,0.421875,0.412109375,0.064453125,0.041015625,-0.212890625,0,0
1779630105.525708,0.0,0.421875,0.412109375,0.064453125,0.041015625,-0.208984375,0,0
1779630105.533689,0.0,0.421875,0.412109375,0.064453125,0.041015625,-0.208984375,0,0
1779630105.541677,0.0,0.421875,0.412109375,0.0625,0.041015625,-0.208984375,0,0
1779630105.549695,0.0,0.421875,0.412109375,0.0625,0.041015625,-0.208984375,0,0
1779630105.557667,0.0,0.421875,0.412109375,0.0625,0.041015625,-0.208984375,0,0
1779630105.565686,0.0,0.421875,0.4140625,0.0625,0.041015625,-0.208984375,0,0
1779630105.573627,0.0,0.421875,0.4140625,0.0625,0.041015625,-0.208984375,0,0
1779630105.581627,0.0,0.421875,0.4140625,0.0625,0.041015625,-0.208984375,0,0
1779630105.589655,0.0,0.421875,0.4140625,0.0625,0.041015625,-0.208984375,0,0
1779630105.597698,0.0,0.421875,0.4140625,0.0625,0.041015625,-0.208984375,0,0
1779630105.605643,0.0,0.421875,0.4140625,0.0625,0.041015625,-0.208984375,0,0
1779630105.613665,0.0,0.423828125,0.412109375,0.0625,0.041015625,-0.208984375,0,0
1779630105.621684,0.0,0.423828125,0.412109375,0.060546875,0.041015625,-0.20703125,0,0
1779630105.629713,0.0,0.423828125,0.412109375,0.060546875,0.041015625,-0.20703125,0,0
1779630105.637695,0.0,0.423828125,0.412109375,0.060546875,0.041015625,-0.20703125,0,0
1779630105.645713,0.0,0.423828125,0.412109375,0.060546875,0.041015625,-0.20703125,0,0
1779630105.653644,0.0,0.423828125,0.412109375,0.060546875,0.041015625,-0.205078125,0,0
1779630105.661663,0.0,0.423828125,0.41015625,0.060546875,0.041015625,-0.205078125,0,0
1779630105.669702,0.0,0.423828125,0.41015625,0.05859375,0.041015625,-0.203125,0,0
1779630105.677696,0.0,0.42578125,0.41015625,0.05859375,0.041015625,-0.203125,0,0
1779630105.685664,0.0,0.42578125,0.41015625,0.05859375,0.041015625,-0.203125,0,0
1779630105.693696,0.0,0.42578125,0.41015625,0.05859375,0.041015625,-0.203125,0,0
1779630105.701666,0.0,0.42578125,0.41015625,0.056640625,0.041015625,-0.203125,0,0
1779630105.709642,0.0,0.42578125,0.41015625,0.056640625,0.041015625,-0.203125,0,0
1779630105.717673,0.0,0.42578125,0.41015625,0.056640625,0.041015625,-0.203125,0,0
1779630105.725658,0.0,0.42578125,0.41015625,0.056640625,0.041015625,-0.203125,0,0
1779630105.733694,0.0,0.42578125,0.41015625,0.056640625,0.041015625,-0.203125,0,0
1779630105.741662,0.0,0.42578125,0.41015625,0.056640625,0.041015625,-0.203125,0,0
1779630105.749695,0.0,0.42578125,0.41015625,0.05859375,0.041015625,-0.203125,0,0
1779630105.757659,0.0,0.42578125,0.41015625,0.05859375,0.041015625,-0.203125,0,0
1779630105.765713,0.0,0.42578125,0.41015625,0.05859375,0.041015625,-0.203125,0,0
1779630105.773696,0.0,0.423828125,0.412109375,0.05859375,0.041015625,-0.203125,0,0
1779630105.781696,0.0,0.423828125,0.412109375,0.060546875,0.041015625,-0.20703125,0,0
1779630105.789680,0.0,0.421875,0.4140625,0.060546875,0.041015625,-0.20703125,0,0
1779630105.797670,0.0,0.421875,0.4140625,0.060546875,0.041015625,-0.2109375,0,0
1779630105.805652,0.0,0.41015625,0.4140625,0.060546875,0.041015625,-0.2109375,0,0
1779630105.813687,0.0,0.41015625,0.4140625,0.064453125,0.041015625,-0.22265625,0,0
1779630105.821670,0.0,0.380859375,0.408203125,0.064453125,0.041015625,-0.22265625,0,0
1779630105.829687,0.0,0.380859375,0.408203125,0.072265625,0.041015625,-0.248046875,0,0
1779630105.837676,-0.01171875,0.349609375,0.40234375,0.072265625,0.041015625,-0.248046875,0,0
1779630105.845649,-0.01171875,0.349609375,0.40234375,0.080078125,-0.00390625,-0.279296875,0,0
1779630105.853664,-0.01953125,0.318359375,0.40234375,0.080078125,-0.00390625,-0.279296875,0,0
1779630105.861685,-0.01953125,0.318359375,0.40234375,0.087890625,-0.015625,-0.30859375,0,0
1779630105.869704,-0.025390625,0.28515625,0.3984375,0.087890625,-0.015625,-0.30859375,0,0
1779630105.877670,-0.025390625,0.28515625,0.3984375,0.08984375,-0.0234375,-0.34375,0,0
1779630105.885694,-0.029296875,0.255859375,0.3984375,0.08984375,-0.0234375,-0.34375,0,0
1779630105.893707,-0.029296875,0.255859375,0.3984375,0.091796875,-0.03515625,-0.375,0,0
1779630105.901672,-0.03125,0.23046875,0.39453125,0.091796875,-0.03515625,-0.375,0,0
1779630105.909644,-0.03125,0.23046875,0.39453125,0.091796875,-0.041015625,-0.404296875,0,0
1779630105.917695,-0.03515625,0.203125,0.390625,0.091796875,-0.041015625,-0.404296875,0,0
1779630105.925635,-0.03515625,0.203125,0.390625,0.09375,-0.04296875,-0.43359375,0,0
1779630105.933628,-0.03515625,0.17578125,0.384765625,0.09375,-0.04296875,-0.43359375,0,0
1779630105.941816,-0.03515625,0.17578125,0.384765625,0.091796875,-0.0390625,-0.458984375,0,0
1779630105.949715,-0.037109375,0.1484375,0.376953125,0.091796875,-0.0390625,-0.458984375,0,0
1779630105.957714,-0.037109375,0.1484375,0.376953125,0.087890625,-0.033203125,-0.484375,0,0
1779630105.965691,-0.037109375,0.123046875,0.373046875,0.087890625,-0.033203125,-0.484375,0,0
1779630105.973662,-0.037109375,0.123046875,0.373046875,0.0859375,-0.02734375,-0.505859375,0,0
1779630105.981628,-0.037109375,0.099609375,0.365234375,0.0859375,-0.02734375,-0.505859375,0,0
1779630105.989614,-0.037109375,0.099609375,0.365234375,0.083984375,-0.021484375,-0.52734375,0,0
1779630105.997603,-0.03515625,0.060546875,0.35546875,0.083984375,-0.021484375,-0.52734375,0,0
1779630106.005630,-0.03515625,0.060546875,0.35546875,0.080078125,-0.009765625,-0.560546875,0,0
1779630106.013658,-0.033203125,0.029296875,0.34375,0.080078125,-0.009765625,-0.560546875,0,0
1779630106.021654,-0.033203125,0.029296875,0.34375,0.072265625,-0.009765625,-0.587890625,0,0
1779630106.029700,-0.025390625,0.029296875,0.330078125,0.072265625,-0.009765625,-0.587890625,0,0
1779630106.037694,-0.025390625,0.029296875,0.330078125,0.06640625,-0.009765625,-0.615234375,0,0
1779630106.045639,-0.01953125,0.029296875,0.3203125,0.06640625,-0.009765625,-0.615234375,0,0
1779630106.053640,-0.01953125,0.029296875,0.3203125,0.064453125,-0.009765625,-0.634765625,0,0
1779630106.061675,-0.017578125,0.029296875,0.3125,0.064453125,-0.009765625,-0.634765625,0,0
1779630106.069658,-0.017578125,0.029296875,0.3125,0.060546875,-0.009765625,-0.642578125,0,0
1779630106.077611,-0.013671875,0.029296875,0.306640625,0.060546875,-0.009765625,-0.642578125,0,0
1779630106.085677,-0.013671875,0.029296875,0.306640625,0.05859375,-0.009765625,-0.65234375,0,0
1779630106.093616,-0.0078125,0.029296875,0.296875,0.05859375,-0.009765625,-0.65234375,0,0
1779630106.101732,-0.0078125,0.029296875,0.296875,0.0546875,-0.009765625,-0.666015625,0,0
1779630106.109664,-0.0078125,0.029296875,0.28125,0.0546875,-0.009765625,-0.666015625,0,0
1779630106.117670,-0.0078125,0.029296875,0.28125,0.05078125,-0.009765625,-0.681640625,0,0
1779630106.125675,-0.0078125,-0.013671875,0.26953125,0.05078125,-0.009765625,-0.681640625,0,0
1779630106.133658,-0.0078125,-0.013671875,0.26953125,0.046875,-0.009765625,-0.68359375,0,0
1779630106.141651,-0.0078125,-0.015625,0.26953125,0.046875,-0.009765625,-0.68359375,0,0
1779630106.149704,-0.0078125,-0.015625,0.26953125,0.046875,-0.009765625,-0.68359375,0,0
1779630106.157636,-0.0078125,-0.015625,0.26953125,0.046875,-0.009765625,-0.68359375,0,0
1779630106.165692,-0.0078125,-0.015625,0.26953125,0.046875,-0.009765625,-0.68359375,0,0
1779630106.173674,-0.0078125,-0.015625,0.26953125,0.046875,-0.009765625,-0.68359375,0,0
1779630106.181671,-0.0078125,-0.015625,0.26953125,0.046875,-0.009765625,-0.68359375,0,0
1779630106.189656,-0.0078125,-0.015625,0.267578125,0.046875,-0.009765625,-0.68359375,0,0
1779630106.197696,-0.0078125,-0.015625,0.267578125,0.046875,-0.009765625,-0.68359375,0,0
1779630106.205664,-0.0078125,-0.015625,0.267578125,0.046875,-0.009765625,-0.68359375,0,0
1779630106.213661,-0.0078125,-0.015625,0.267578125,0.046875,-0.009765625,-0.68359375,0,0
1779630106.221641,-0.0078125,-0.015625,0.267578125,0.046875,-0.009765625,-0.68359375,0,0
1779630106.229645,-0.0078125,-0.015625,0.267578125,0.046875,-0.009765625,-0.68359375,0,0
1779630106.237671,-0.0078125,-0.017578125,0.2578125,0.046875,-0.009765625,-0.68359375,0,0
1779630106.245673,-0.0078125,-0.017578125,0.2578125,0.033203125,-0.009765625,-0.68359375,0,0
1779630106.253684,-0.0078125,-0.01953125,0.248046875,0.033203125,-0.009765625,-0.68359375,0,0
1779630106.261662,-0.0078125,-0.01953125,0.248046875,0.02734375,-0.009765625,-0.68359375,0,0
1779630106.269718,-0.0078125,-0.021484375,0.248046875,0.02734375,-0.009765625,-0.68359375,0,0
1779630106.277678,-0.0078125,-0.021484375,0.248046875,0.025390625,-0.009765625,-0.68359375,0,0
1779630106.285685,-0.0078125,-0.021484375,0.248046875,0.025390625,-0.009765625,-0.68359375,0,0
1779630106.293662,-0.0078125,-0.021484375,0.248046875,0.025390625,-0.009765625,-0.68359375,0,0
1779630106.301692,-0.0078125,-0.021484375,0.248046875,0.025390625,-0.009765625,-0.68359375,0,0
1779630106.309691,-0.0078125,-0.021484375,0.248046875,0.0234375,-0.009765625,-0.68359375,0,0
1779630106.317702,-0.0078125,-0.021484375,0.248046875,0.0234375,-0.009765625,-0.68359375,0,0
1779630106.325685,-0.0078125,-0.021484375,0.248046875,0.0234375,-0.009765625,-0.68359375,0,0
1779630106.333684,-0.0078125,-0.021484375,0.248046875,0.0234375,-0.009765625,-0.68359375,0,0
1779630106.341696,-0.0078125,-0.021484375,0.248046875,0.021484375,-0.009765625,-0.68359375,0,0
1779630106.349723,-0.0078125,-0.021484375,0.248046875,0.021484375,-0.009765625,-0.68359375,0,0
1779630106.357663,-0.0078125,-0.021484375,0.248046875,0.0234375,-0.009765625,-0.68359375,0,0
1779630106.365670,-0.0078125,-0.021484375,0.248046875,0.0234375,-0.009765625,-0.68359375,0,0
1779630106.373652,-0.0078125,-0.021484375,0.248046875,0.0234375,-0.009765625,-0.68359375,0,0
1779630106.381661,-0.0078125,-0.021484375,0.24609375,0.0234375,-0.009765625,-0.68359375,0,0
1779630106.389680,-0.0078125,-0.021484375,0.24609375,0.0234375,-0.009765625,-0.68359375,0,0
1779630106.397666,-0.0078125,-0.021484375,0.24609375,0.0234375,-0.009765625,-0.68359375,0,0
1779630106.405705,-0.0078125,-0.021484375,0.24609375,0.0234375,-0.009765625,-0.68359375,0,0
1779630106.413695,-0.0078125,-0.021484375,0.24609375,0.0234375,-0.009765625,-0.68359375,0,0
1779630106.421687,-0.0078125,-0.021484375,0.24609375,0.0234375,-0.009765625,-0.68359375,0,0
1779630106.429656,-0.0078125,-0.021484375,0.24609375,0.0234375,-0.009765625,-0.68359375,0,0
1779630106.437648,-0.0078125,-0.021484375,0.24609375,0.0234375,-0.009765625,-0.68359375,0,0
1779630106.445682,-0.0078125,-0.021484375,0.24609375,0.0234375,-0.009765625,-0.68359375,0,0
1779630106.453668,-0.0078125,-0.021484375,0.24609375,0.021484375,-0.009765625,-0.68359375,0,0
1779630106.461673,-0.0078125,-0.021484375,0.24609375,0.021484375,-0.009765625,-0.68359375,0,0
1779630106.469707,-0.0078125,-0.021484375,0.24609375,0.0234375,-0.009765625,-0.68359375,0,0
1779630106.477674,-0.0078125,-0.021484375,0.24609375,0.0234375,-0.009765625,-0.68359375,0,0
1779630106.485667,-0.0078125,-0.021484375,0.24609375,0.0234375,-0.009765625,-0.68359375,0,0
1779630106.493678,-0.0078125,-0.021484375,0.248046875,0.0234375,-0.009765625,-0.68359375,0,0
1779630106.501678,-0.0078125,-0.021484375,0.248046875,0.0234375,-0.009765625,-0.68359375,0,0
1779630106.509645,-0.0078125,-0.021484375,0.25,0.0234375,-0.009765625,-0.68359375,0,0
1779630106.517638,-0.0078125,-0.021484375,0.25,0.0234375,-0.009765625,-0.68359375,0,0
1779630106.525651,-0.0078125,-0.01953125,0.251953125,0.0234375,-0.009765625,-0.68359375,0,0
1779630106.533681,-0.0078125,-0.01953125,0.251953125,0.021484375,-0.009765625,-0.68359375,0,0
1779630106.541682,-0.0078125,-0.009765625,0.25390625,0.021484375,-0.009765625,-0.68359375,0,0
1779630106.549676,-0.0078125,-0.009765625,0.25390625,0.01953125,-0.009765625,-0.68359375,0,0
1779630106.557676,-0.0078125,-0.009765625,0.263671875,0.01953125,-0.009765625,-0.68359375,0,0
1779630106.565669,-0.0078125,-0.009765625,0.263671875,0.01171875,-0.009765625,-0.6640625,0,0
1779630106.573678,-0.0078125,-0.009765625,0.275390625,0.01171875,-0.009765625,-0.6640625,0,0
1779630106.581685,-0.0078125,-0.009765625,0.275390625,0.01171875,-0.009765625,-0.6328125,0,0
1779630106.589664,-0.021484375,0.048828125,0.291015625,0.01171875,-0.009765625,-0.6328125,0,0
1779630106.597691,-0.021484375,0.048828125,0.291015625,0.015625,-0.009765625,-0.591796875,0,0
1779630106.605656,-0.029296875,0.099609375,0.30859375,0.015625,-0.009765625,-0.591796875,0,0
1779630106.613640,-0.029296875,0.099609375,0.30859375,0.015625,-0.00390625,-0.5546875,0,0
1779630106.621703,-0.03515625,0.140625,0.328125,0.015625,-0.00390625,-0.5546875,0,0
1779630106.629658,-0.03515625,0.140625,0.328125,0.013671875,-0.025390625,-0.5234375,0,0
1779630106.637694,-0.037109375,0.16015625,0.33984375,0.013671875,-0.025390625,-0.5234375,0,0
1779630106.645663,-0.037109375,0.16015625,0.33984375,0.013671875,-0.033203125,-0.5078125,0,0
1779630106.653651,-0.037109375,0.17578125,0.349609375,0.013671875,-0.033203125,-0.5078125,0,0
1779630106.661687,-0.037109375,0.17578125,0.349609375,0.013671875,-0.041015625,-0.494140625,0,0
1779630106.669671,-0.037109375,0.19140625,0.359375,0.013671875,-0.041015625,-0.494140625,0,0
1779630106.677658,-0.037109375,0.19140625,0.359375,0.013671875,-0.044921875,-0.48046875,0,0
1779630106.685625,-0.0390625,0.216796875,0.375,0.013671875,-0.044921875,-0.48046875,0,0
1779630106.693608,-0.0390625,0.216796875,0.375,0.015625,-0.052734375,-0.458984375,0,0
1779630106.701678,-0.04296875,0.234375,0.3828125,0.015625,-0.052734375,-0.458984375,0,0
1779630106.709641,-0.04296875,0.234375,0.3828125,0.017578125,-0.052734375,-0.43359375,0,0
1779630106.717733,-0.046875,0.26171875,0.39453125,0.017578125,-0.052734375,-0.43359375,0,0
1779630106.725654,-0.046875,0.26171875,0.39453125,0.009765625,-0.05078125,-0.40234375,0,0
1779630106.733713,-0.048828125,0.283203125,0.400390625,0.009765625,-0.05078125,-0.40234375,0,0
1779630106.741672,-0.048828125,0.283203125,0.400390625,0.00390625,-0.048828125,-0.37890625,0,0
1779630106.749763,-0.05078125,0.29296875,0.40625,0.00390625,-0.048828125,-0.37890625,0,0
1779630106.757755,-0.05078125,0.29296875,0.40625,0.00390625,-0.044921875,-0.36328125,0,0
1779630106.765722,-0.052734375,0.30078125,0.41015625,0.00390625,-0.044921875,-0.36328125,0,0
1779630106.773710,-0.052734375,0.30078125,0.41015625,0.00390625,-0.041015625,-0.353515625,0,0
1779630106.781663,-0.0546875,0.306640625,0.4140625,0.00390625,-0.041015625,-0.353515625,0,0
1779630106.789639,-0.0546875,0.306640625,0.4140625,0.00390625,-0.037109375,-0.345703125,0,0
1779630106.797655,-0.056640625,0.310546875,0.41796875,0.00390625,-0.037109375,-0.345703125,0,0
1779630106.805662,-0.056640625,0.310546875,0.41796875,0.00390625,-0.037109375,-0.33984375,0,0
1779630106.813657,-0.056640625,0.3125,0.421875,0.00390625,-0.037109375,-0.33984375,0,0
1779630106.821651,-0.056640625,0.3125,0.421875,0.00390625,-0.033203125,-0.333984375,0,0
1779630106.829651,-0.056640625,0.31640625,0.423828125,0.00390625,-0.033203125,-0.333984375,0,0
1779630106.837648,-0.056640625,0.31640625,0.423828125,0.00390625,-0.033203125,-0.330078125,0,0
1779630106.845672,-0.0546875,0.318359375,0.4296875,0.00390625,-0.033203125,-0.330078125,0,0
1779630106.853664,-0.0546875,0.318359375,0.4296875,0.00390625,-0.033203125,-0.330078125,0,0
1779630106.861635,-0.0546875,0.318359375,0.431640625,0.00390625,-0.033203125,-0.330078125,0,0
1779630106.869654,-0.0546875,0.318359375,0.431640625,0.00390625,-0.037109375,-0.330078125,0,0
1779630106.877678,-0.052734375,0.3203125,0.43359375,0.00390625,-0.037109375,-0.330078125,0,0
1779630106.885653,-0.052734375,0.3203125,0.43359375,0.00390625,-0.041015625,-0.33203125,0,0
1779630106.893643,-0.046875,0.3203125,0.439453125,0.00390625,-0.041015625,-0.33203125,0,0
1779630106.901695,-0.046875,0.3203125,0.439453125,0.00390625,-0.046875,-0.3359375,0,0
1779630106.909677,-0.044921875,0.3203125,0.443359375,0.00390625,-0.046875,-0.3359375,0,0
1779630106.917682,-0.044921875,0.3203125,0.443359375,0.00390625,-0.052734375,-0.3359375,0,0
1779630106.925776,-0.044921875,0.322265625,0.447265625,0.00390625,-0.052734375,-0.3359375,0,0
1779630106.933658,-0.044921875,0.322265625,0.447265625,0.00390625,-0.05859375,-0.337890625,0,0
1779630106.941705,-0.04296875,0.322265625,0.44921875,0.00390625,-0.05859375,-0.337890625,0,0
1779630106.949687,-0.04296875,0.322265625,0.44921875,0.00390625,-0.060546875,-0.33984375,0,0
1779630106.957723,-0.041015625,0.322265625,0.453125,0.00390625,-0.060546875,-0.33984375,0,0
1779630106.965718,-0.041015625,0.322265625,0.453125,0.00390625,-0.06640625,-0.34375,0,0
1779630106.973668,-0.033203125,0.322265625,0.458984375,0.00390625,-0.06640625,-0.34375,0,0
1779630106.981706,-0.033203125,0.322265625,0.458984375,0.00390625,-0.07421875,-0.34765625,0,0
1779630106.989709,-0.03125,0.322265625,0.466796875,0.00390625,-0.07421875,-0.34765625,0,0
1779630106.997683,-0.03125,0.322265625,0.466796875,0.00390625,-0.083984375,-0.3515625,0,0
1779630107.005672,-0.03125,0.322265625,0.46875,0.00390625,-0.083984375,-0.3515625,0,0
1779630107.013657,-0.03125,0.322265625,0.46875,0.00390625,-0.08984375,-0.353515625,0,0
1779630107.021693,-0.03125,0.3203125,0.47265625,0.00390625,-0.08984375,-0.353515625,0,0
1779630107.029648,-0.03125,0.3203125,0.47265625,0.00390625,-0.08984375,-0.353515625,0,0
1779630107.037662,-0.03125,0.3203125,0.47265625,0.00390625,-0.08984375,-0.353515625,0,0
1779630107.045678,-0.03125,0.3203125,0.47265625,0.00390625,-0.08984375,-0.353515625,0,0
1779630107.053671,-0.03125,0.3203125,0.474609375,0.00390625,-0.08984375,-0.353515625,0,0
1779630107.061667,-0.03125,0.3203125,0.474609375,0.00390625,-0.08984375,-0.353515625,0,0
1779630107.069667,-0.03125,0.3203125,0.474609375,0.00390625,-0.08984375,-0.353515625,0,0
1779630107.077664,-0.03125,0.3203125,0.474609375,0.00390625,-0.08984375,-0.353515625,0,0
1779630107.085675,-0.03125,0.3203125,0.4765625,0.00390625,-0.08984375,-0.353515625,0,0
1779630107.093701,-0.03125,0.3203125,0.4765625,0.00390625,-0.09375,-0.35546875,0,0
1779630107.101700,-0.03125,0.318359375,0.4765625,0.00390625,-0.09375,-0.35546875,0,0
1779630107.109657,-0.03125,0.318359375,0.4765625,0.0,-0.09375,-0.35546875,0,0
1779630107.117682,-0.03125,0.31640625,0.478515625,0.0,-0.09375,-0.35546875,0,0
1779630107.125687,-0.03125,0.31640625,0.478515625,0.005859375,-0.09375,-0.35546875,0,0
1779630107.133710,-0.03125,0.31640625,0.478515625,0.005859375,-0.09375,-0.35546875,0,0
1779630107.141725,-0.03125,0.31640625,0.478515625,0.005859375,-0.09375,-0.35546875,0,0
1779630107.149690,-0.03125,0.31640625,0.48046875,0.005859375,-0.09375,-0.35546875,0,0
1779630107.157640,-0.03125,0.31640625,0.48046875,0.005859375,-0.095703125,-0.35546875,0,0
1779630107.165672,-0.029296875,0.31640625,0.48046875,0.005859375,-0.095703125,-0.35546875,0,0
1779630107.173666,-0.029296875,0.31640625,0.48046875,0.0078125,-0.095703125,-0.35546875,0,0
1779630107.181668,-0.029296875,0.31640625,0.48046875,0.0078125,-0.095703125,-0.35546875,0,0
1779630107.189660,-0.029296875,0.31640625,0.48046875,0.0078125,-0.095703125,-0.35546875,0,0
1779630107.197665,-0.029296875,0.31640625,0.48046875,0.0078125,-0.095703125,-0.35546875,0,0
1779630107.205689,-0.029296875,0.31640625,0.48046875,0.0078125,-0.095703125,-0.35546875,0,0
1779630107.213648,-0.029296875,0.314453125,0.482421875,0.0078125,-0.095703125,-0.35546875,0,0
1779630107.221718,-0.029296875,0.314453125,0.482421875,0.01171875,-0.095703125,-0.35546875,0,0
1779630107.229597,-0.029296875,0.3125,0.482421875,0.01171875,-0.095703125,-0.35546875,0,0
1779630107.237665,-0.029296875,0.3125,0.482421875,0.015625,-0.09375,-0.35546875,0,0
1779630107.245679,-0.029296875,0.306640625,0.48046875,0.015625,-0.09375,-0.35546875,0,0
1779630107.253675,-0.029296875,0.306640625,0.48046875,0.0234375,-0.09375,-0.357421875,0,0
1779630107.261703,-0.029296875,0.30078125,0.4765625,0.0234375,-0.09375,-0.357421875,0,0
1779630107.269702,-0.029296875,0.30078125,0.4765625,0.033203125,-0.091796875,-0.361328125,0,0
1779630107.277684,-0.02734375,0.29296875,0.462890625,0.033203125,-0.091796875,-0.361328125,0,0
1779630107.285722,-0.02734375,0.29296875,0.462890625,0.046875,-0.083984375,-0.36328125,0,0
1779630107.293907,-0.025390625,0.28515625,0.44140625,0.046875,-0.083984375,-0.36328125,0,0
1779630107.301662,-0.025390625,0.28515625,0.44140625,0.06640625,-0.072265625,-0.3671875,0,0
1779630107.309696,-0.0234375,0.27734375,0.416015625,0.06640625,-0.072265625,-0.3671875,0,0
1779630107.317658,-0.0234375,0.27734375,0.416015625,0.083984375,-0.056640625,-0.369140625,0,0
1779630107.325660,-0.021484375,0.267578125,0.390625,0.083984375,-0.056640625,-0.369140625,0,0
1779630107.333697,-0.021484375,0.267578125,0.390625,0.10546875,-0.041015625,-0.375,0,0
1779630107.341671,-0.017578125,0.26171875,0.375,0.10546875,-0.041015625,-0.375,0,0
1779630107.349684,-0.017578125,0.26171875,0.375,0.115234375,-0.029296875,-0.376953125,0,0
1779630107.357654,-0.015625,0.2578125,0.361328125,0.115234375,-0.029296875,-0.376953125,0,0
1779630107.365713,-0.015625,0.2578125,0.361328125,0.126953125,-0.017578125,-0.37890625,0,0
1779630107.373618,-0.013671875,0.25390625,0.3515625,0.126953125,-0.017578125,-0.37890625,0,0
1779630107.381658,-0.013671875,0.25390625,0.3515625,0.134765625,-0.013671875,-0.380859375,0,0
1779630107.389651,-0.013671875,0.25,0.3359375,0.134765625,-0.013671875,-0.380859375,0,0
1779630107.397698,-0.013671875,0.25,0.3359375,0.138671875,-0.005859375,-0.384765625,0,0
1779630107.405648,-0.01171875,0.24609375,0.33203125,0.138671875,-0.005859375,-0.384765625,0,0
1779630107.413651,-0.01171875,0.24609375,0.33203125,0.140625,-0.005859375,-0.388671875,0,0
1779630107.421681,-0.009765625,0.23828125,0.32421875,0.140625,-0.005859375,-0.388671875,0,0
1779630107.429706,-0.009765625,0.23828125,0.32421875,0.14453125,-0.005859375,-0.396484375,0,0
1779630107.437693,-0.0078125,0.234375,0.31640625,0.14453125,-0.005859375,-0.396484375,0,0
1779630107.445630,-0.0078125,0.234375,0.31640625,0.14453125,-0.005859375,-0.40234375,0,0
1779630107.453683,-0.009765625,0.23046875,0.3125,0.14453125,-0.005859375,-0.40234375,0,0
1779630107.461673,-0.009765625,0.23046875,0.3125,0.14453125,-0.005859375,-0.408203125,0,0
1779630107.469679,-0.01171875,0.224609375,0.310546875,0.14453125,-0.005859375,-0.408203125,0,0
1779630107.477694,-0.01171875,0.224609375,0.310546875,0.146484375,-0.005859375,-0.41015625,0,0
1779630107.485684,-0.01171875,0.224609375,0.30859375,0.146484375,-0.005859375,-0.41015625,0,0
1779630107.493667,-0.01171875,0.224609375,0.30859375,0.146484375,-0.005859375,-0.412109375,0,0
1779630107.501677,-0.01171875,0.21875,0.3046875,0.146484375,-0.005859375,-0.412109375,0,0
1779630107.509619,-0.01171875,0.21875,0.3046875,0.1484375,-0.005859375,-0.41796875,0,0
1779630107.517636,-0.01171875,0.216796875,0.3046875,0.1484375,-0.005859375,-0.41796875,0,0
1779630107.525647,-0.01171875,0.216796875,0.3046875,0.1484375,-0.005859375,-0.41796875,0,0
1779630107.533709,-0.01171875,0.216796875,0.302734375,0.1484375,-0.005859375,-0.41796875,0,0
1779630107.541684,-0.01171875,0.216796875,0.302734375,0.1484375,-0.005859375,-0.419921875,0,0
1779630107.549697,-0.01171875,0.21484375,0.302734375,0.1484375,-0.005859375,-0.419921875,0,0
1779630107.557703,-0.01171875,0.21484375,0.302734375,0.150390625,-0.005859375,-0.419921875,0,0
1779630107.565710,-0.01171875,0.21484375,0.302734375,0.150390625,-0.005859375,-0.419921875,0,0
1779630107.573696,-0.01171875,0.21484375,0.302734375,0.150390625,-0.005859375,-0.421875,0,0
1779630107.581672,-0.01171875,0.2109375,0.30078125,0.150390625,-0.005859375,-0.421875,0,0
1779630107.589699,-0.01171875,0.2109375,0.30078125,0.15234375,-0.005859375,-0.423828125,0,0
1779630107.597703,-0.01171875,0.2109375,0.298828125,0.15234375,-0.005859375,-0.423828125,0,0
1779630107.605697,-0.01171875,0.2109375,0.298828125,0.15234375,-0.005859375,-0.42578125,0,0
1779630107.613659,-0.013671875,0.208984375,0.298828125,0.15234375,-0.005859375,-0.42578125,0,0
1779630107.621735,-0.013671875,0.208984375,0.298828125,0.15234375,-0.005859375,-0.42578125,0,0
1779630107.629703,-0.013671875,0.208984375,0.298828125,0.15234375,-0.005859375,-0.42578125,0,0
1779630107.637723,-0.013671875,0.208984375,0.298828125,0.15234375,-0.005859375,-0.427734375,0,0
1779630107.645675,-0.013671875,0.203125,0.296875,0.15234375,-0.005859375,-0.427734375,0,0
1779630107.653659,-0.013671875,0.203125,0.296875,0.15234375,-0.005859375,-0.431640625,0,0
1779630107.661710,-0.015625,0.203125,0.294921875,0.15234375,-0.005859375,-0.431640625,0,0
1779630107.669688,-0.015625,0.203125,0.294921875,0.15234375,-0.005859375,-0.43359375,0,0
1779630107.677633,-0.015625,0.201171875,0.29296875,0.15234375,-0.005859375,-0.43359375,0,0
1779630107.685709,-0.015625,0.201171875,0.29296875,0.15234375,-0.005859375,-0.4375,0,0
1779630107.693736,-0.015625,0.197265625,0.291015625,0.15234375,-0.005859375,-0.4375,0,0
1779630107.701659,-0.015625,0.197265625,0.291015625,0.1484375,-0.005859375,-0.44140625,0,0
1779630107.709679,-0.01171875,0.19140625,0.26953125,0.1484375,-0.005859375,-0.44140625,0,0
1779630107.717662,-0.01171875,0.19140625,0.26953125,0.1484375,-0.005859375,-0.453125,0,0
1779630107.725663,-0.00390625,0.181640625,0.23046875,0.1484375,-0.005859375,-0.453125,0,0
1779630107.733650,-0.00390625,0.181640625,0.23046875,0.15234375,-0.005859375,-0.470703125,0,0
1779630107.741726,-0.00390625,0.166015625,0.181640625,0.15234375,-0.005859375,-0.470703125,0,0
1779630107.749654,-0.00390625,0.166015625,0.181640625,0.166015625,-0.005859375,-0.4921875,0,0
1779630107.757658,-0.00390625,0.146484375,0.142578125,0.166015625,-0.005859375,-0.4921875,0,0
1779630107.765683,-0.00390625,0.146484375,0.142578125,0.181640625,-0.005859375,-0.513671875,0,0
1779630107.773622,-0.00390625,0.130859375,0.11328125,0.181640625,-0.005859375,-0.513671875,0,0
1779630107.781641,-0.00390625,0.130859375,0.11328125,0.189453125,-0.005859375,-0.53125,0,0
1779630107.789623,-0.00390625,0.123046875,0.09765625,0.189453125,-0.005859375,-0.53125,0,0
1779630107.797647,-0.00390625,0.123046875,0.09765625,0.193359375,-0.005859375,-0.5390625,0,0
1779630107.805696,-0.00390625,0.12109375,0.080078125,0.193359375,-0.005859375,-0.5390625,0,0
1779630107.813675,-0.00390625,0.12109375,0.080078125,0.185546875,-0.005859375,-0.546875,0,0
1779630107.821694,-0.00390625,0.1171875,0.06640625,0.185546875,-0.005859375,-0.546875,0,0
1779630107.829650,-0.00390625,0.1171875,0.06640625,0.181640625,0.00390625,-0.55078125,0,0
1779630107.837662,-0.00390625,0.11328125,0.056640625,0.181640625,0.00390625,-0.55078125,0,0
1779630107.845646,-0.00390625,0.11328125,0.056640625,0.177734375,0.009765625,-0.556640625,0,0
1779630107.853691,-0.00390625,0.107421875,0.044921875,0.177734375,0.009765625,-0.556640625,0,0
1779630107.861689,-0.00390625,0.107421875,0.044921875,0.177734375,0.015625,-0.55859375,0,0
1779630107.869726,-0.00390625,0.099609375,0.03125,0.177734375,0.015625,-0.55859375,0,0
1779630107.877661,-0.00390625,0.099609375,0.03125,0.177734375,0.025390625,-0.56640625,0,0
1779630107.885714,-0.00390625,0.08984375,0.0234375,0.177734375,0.025390625,-0.56640625,0,0
1779630107.893691,-0.00390625,0.08984375,0.0234375,0.177734375,0.02734375,-0.57421875,0,0
1779630107.901664,-0.00390625,0.083984375,0.015625,0.177734375,0.02734375,-0.57421875,0,0
1779630107.909651,-0.00390625,0.083984375,0.015625,0.177734375,0.029296875,-0.580078125,0,0
1779630107.917665,-0.00390625,0.080078125,0.013671875,0.177734375,0.029296875,-0.580078125,0,0
1779630107.925739,-0.00390625,0.080078125,0.013671875,0.181640625,0.03515625,-0.583984375,0,0
1779630107.933633,-0.00390625,0.076171875,0.0078125,0.181640625,0.03515625,-0.583984375,0,0
1779630107.941665,-0.00390625,0.076171875,0.0078125,0.1796875,0.03515625,-0.5859375,0,0
1779630107.949681,-0.00390625,0.068359375,0.005859375,0.1796875,0.03515625,-0.5859375,0,0
1779630107.957691,-0.00390625,0.068359375,0.005859375,0.1796875,0.0390625,-0.591796875,0,0
1779630107.965740,-0.00390625,0.056640625,0.0,0.1796875,0.0390625,-0.591796875,0,0
1779630107.973726,-0.00390625,0.056640625,0.0,0.1796875,0.0390625,-0.6015625,0,0
1779630107.981683,-0.00390625,0.04296875,0.0,0.1796875,0.0390625,-0.6015625,0,0
1779630107.989654,-0.00390625,0.04296875,0.0,0.173828125,0.041015625,-0.611328125,0,0
1779630107.997678,-0.00390625,0.02734375,0.0,0.173828125,0.041015625,-0.611328125,0,0
1779630108.005693,-0.00390625,0.02734375,0.0,0.15625,0.041015625,-0.625,0,0
1779630108.013678,-0.00390625,0.005859375,0.0,0.15625,0.041015625,-0.625,0,0
1779630108.021658,-0.00390625,0.005859375,0.0,0.142578125,0.04296875,-0.638671875,0,0
1779630108.037706,-0.00390625,0.005859375,0.0,0.119140625,0.048828125,-0.658203125,0,0
1779630108.053671,-0.00390625,0.005859375,0.0,0.091796875,0.0546875,-0.681640625,0,0
1779630108.061639,-0.00390625,0.0,0.0,0.091796875,0.0546875,-0.681640625,0,0
1779630108.069681,-0.00390625,0.0,0.0,0.0703125,0.052734375,-0.68359375,0,0
1779630108.077702,-0.00390625,-0.013671875,0.0,0.0703125,0.052734375,-0.68359375,0,0
1779630108.085715,-0.00390625,-0.013671875,0.0,0.046875,0.052734375,-0.68359375,0,0
1779630108.093726,-0.00390625,-0.0234375,0.0,0.046875,0.052734375,-0.68359375,0,0
1779630108.101710,-0.00390625,-0.0234375,0.0,0.025390625,0.048828125,-0.68359375,0,0
1779630108.109686,-0.00390625,-0.02734375,0.0,0.025390625,0.048828125,-0.68359375,0,0
1779630108.117677,-0.00390625,-0.02734375,0.0,0.009765625,0.0390625,-0.68359375,0,0
1779630108.125652,-0.00390625,-0.03125,0.0,0.009765625,0.0390625,-0.68359375,0,0
1779630108.133678,-0.00390625,-0.03125,0.0,0.009765625,0.037109375,-0.68359375,0,0
1779630108.141624,-0.00390625,-0.033203125,0.0,0.009765625,0.037109375,-0.68359375,0,0
1779630108.149643,-0.00390625,-0.033203125,0.0,0.009765625,0.033203125,-0.68359375,0,0
1779630108.157650,-0.00390625,-0.033203125,0.0,0.009765625,0.033203125,-0.68359375,0,0
1779630108.165648,-0.00390625,-0.033203125,0.0,0.009765625,0.033203125,-0.68359375,0,0
1779630108.173639,-0.00390625,-0.033203125,0.0,0.009765625,0.033203125,-0.68359375,0,0
1779630108.181649,-0.00390625,-0.033203125,0.0,0.009765625,0.03125,-0.68359375,0,0
1779630108.189663,-0.00390625,-0.03515625,0.0,0.009765625,0.03125,-0.68359375,0,0
1779630108.197655,-0.00390625,-0.03515625,0.0,0.009765625,0.03125,-0.68359375,0,0
1779630108.205667,-0.00390625,-0.03515625,0.0,0.009765625,0.03125,-0.68359375,0,0
1779630108.213615,-0.00390625,-0.03515625,0.0,0.009765625,0.03125,-0.68359375,0,0
1779630108.221688,-0.00390625,-0.03515625,0.0,0.009765625,0.03125,-0.68359375,0,0
1779630108.229658,-0.00390625,-0.03515625,0.0,0.009765625,0.03125,-0.68359375,0,0
1779630108.237664,-0.00390625,-0.03515625,0.0,0.009765625,0.03125,-0.68359375,0,0
1779630108.245698,-0.00390625,-0.03515625,0.0,0.009765625,0.03125,-0.68359375,0,0
1779630108.253664,-0.00390625,-0.03515625,0.0,0.009765625,0.03125,-0.68359375,0,0
1779630108.261677,-0.00390625,-0.03515625,0.0,0.009765625,0.03125,-0.68359375,0,0
1779630108.269678,-0.00390625,-0.03515625,0.0,0.009765625,0.03125,-0.68359375,0,0
1779630108.277657,-0.00390625,-0.03515625,0.0,0.009765625,0.029296875,-0.68359375,0,0
1779630108.285658,-0.00390625,-0.03515625,0.0,0.009765625,0.029296875,-0.68359375,0,0
1779630108.293621,-0.00390625,-0.03515625,0.0,0.009765625,0.029296875,-0.68359375,0,0
1779630108.301676,-0.00390625,-0.03125,0.0,0.009765625,0.029296875,-0.68359375,0,0
1779630108.309639,-0.00390625,-0.03125,0.0,0.009765625,0.02734375,-0.68359375,0,0
1779630108.317613,-0.00390625,-0.029296875,0.0,0.009765625,0.02734375,-0.68359375,0,0
1779630108.325609,-0.00390625,-0.029296875,0.0,0.005859375,0.029296875,-0.68359375,0,0
1779630108.333690,-0.00390625,-0.029296875,0.0,0.005859375,0.029296875,-0.68359375,0,0
1779630108.341666,-0.00390625,-0.029296875,0.0,0.009765625,0.029296875,-0.68359375,0,0
1779630108.349643,-0.00390625,-0.02734375,0.0,0.009765625,0.029296875,-0.68359375,0,0
1779630108.357665,-0.00390625,-0.02734375,0.0,0.009765625,0.03515625,-0.68359375,0,0
1779630108.365643,-0.00390625,-0.02734375,0.0,0.009765625,0.03515625,-0.68359375,0,0
1779630108.373655,-0.00390625,-0.02734375,0.0,0.01171875,0.03515625,-0.68359375,0,0
1779630108.381660,-0.00390625,-0.02734375,0.0,0.01171875,0.03515625,-0.68359375,0,0
1779630108.389681,-0.00390625,-0.02734375,0.0,0.015625,0.037109375,-0.68359375,0,0
1779630108.397644,-0.00390625,-0.02734375,0.0,0.015625,0.037109375,-0.68359375,0,0
1779630108.405675,-0.00390625,-0.02734375,0.0,0.01953125,0.037109375,-0.68359375,0,0
1779630108.413655,-0.00390625,-0.025390625,0.0,0.01953125,0.037109375,-0.68359375,0,0
1779630108.421689,-0.00390625,-0.025390625,0.0,0.021484375,0.0390625,-0.68359375,0,0
1779630108.429618,-0.00390625,-0.029296875,0.0,0.021484375,0.0390625,-0.68359375,0,0
1779630108.437656,-0.00390625,-0.029296875,0.0,0.01953125,0.0390625,-0.68359375,0,0
1779630108.445714,-0.00390625,-0.029296875,0.0,0.01953125,0.0390625,-0.68359375,0,0
1779630108.453691,-0.00390625,-0.029296875,0.0,0.015625,0.0390625,-0.68359375,0,0
1779630108.461681,-0.00390625,-0.02734375,0.0,0.015625,0.0390625,-0.68359375,0,0
1779630108.469654,-0.00390625,-0.02734375,0.0,0.017578125,0.0390625,-0.68359375,0,0
1779630108.477663,-0.00390625,-0.021484375,0.0,0.017578125,0.0390625,-0.68359375,0,0
1779630108.485726,-0.00390625,-0.021484375,0.0,0.03125,0.04296875,-0.68359375,0,0
1779630108.493716,-0.00390625,-0.015625,0.0,0.03125,0.04296875,-0.68359375,0,0
1779630108.501681,-0.00390625,-0.015625,0.0,0.044921875,0.044921875,-0.68359375,0,0
1779630108.509628,-0.00390625,-0.0078125,0.0,0.044921875,0.044921875,-0.68359375,0,0
1779630108.517676,-0.00390625,-0.0078125,0.0,0.06640625,0.05078125,-0.68359375,0,0
1779630108.533633,-0.00390625,-0.0078125,0.0,0.0859375,0.052734375,-0.68359375,0,0
1779630108.541614,-0.00390625,-0.0078125,0.03125,0.0859375,0.052734375,-0.68359375,0,0
1779630108.549618,-0.00390625,-0.0078125,0.03125,0.09375,0.046875,-0.68359375,0,0
1779630108.557695,-0.00390625,-0.0078125,0.08203125,0.09375,0.046875,-0.68359375,0,0
1779630108.565683,-0.00390625,-0.0078125,0.08203125,0.1171875,0.03125,-0.68359375,0,0
1779630108.573677,-0.00390625,-0.0078125,0.140625,0.1171875,0.03125,-0.68359375,0,0
1779630108.581659,-0.00390625,-0.0078125,0.140625,0.12890625,0.009765625,-0.65625,0,0
1779630108.589636,-0.00390625,-0.0078125,0.1796875,0.12890625,0.009765625,-0.65625,0,0
1779630108.597657,-0.00390625,-0.0078125,0.1796875,0.140625,0.009765625,-0.623046875,0,0
1779630108.605638,-0.005859375,0.03125,0.205078125,0.140625,0.009765625,-0.623046875,0,0
1779630108.613612,-0.005859375,0.03125,0.205078125,0.1484375,0.009765625,-0.583984375,0,0
1779630108.621626,-0.009765625,0.0703125,0.220703125,0.1484375,0.009765625,-0.583984375,0,0
1779630108.629644,-0.009765625,0.0703125,0.220703125,0.15625,0.009765625,-0.55078125,0,0
1779630108.637643,-0.009765625,0.103515625,0.224609375,0.15625,0.009765625,-0.55078125,0,0
1779630108.645646,-0.009765625,0.103515625,0.224609375,0.158203125,0.009765625,-0.5234375,0,0
1779630108.653613,-0.005859375,0.126953125,0.224609375,0.158203125,0.009765625,-0.5234375,0,0
1779630108.661651,-0.005859375,0.126953125,0.224609375,0.1640625,0.009765625,-0.501953125,0,0
1779630108.669681,-0.0078125,0.154296875,0.224609375,0.1640625,0.009765625,-0.501953125,0,0
1779630108.677651,-0.0078125,0.154296875,0.224609375,0.1640625,0.009765625,-0.478515625,0,0
1779630108.685704,-0.005859375,0.1796875,0.224609375,0.1640625,0.009765625,-0.478515625,0,0
1779630108.693639,-0.005859375,0.1796875,0.224609375,0.1640625,0.009765625,-0.458984375,0,0
1779630108.701684,-0.005859375,0.1953125,0.2265625,0.1640625,0.009765625,-0.458984375,0,0
1779630108.709641,-0.005859375,0.1953125,0.2265625,0.16015625,0.009765625,-0.4453125,0,0
1779630108.717635,-0.005859375,0.203125,0.2265625,0.16015625,0.009765625,-0.4453125,0,0
1779630108.725622,-0.005859375,0.203125,0.2265625,0.158203125,0.009765625,-0.439453125,0,0
1779630108.733684,-0.005859375,0.21484375,0.23046875,0.158203125,0.009765625,-0.439453125,0,0
1779630108.741682,-0.005859375,0.21484375,0.23046875,0.154296875,0.009765625,-0.427734375,0,0
1779630108.749721,-0.00390625,0.232421875,0.234375,0.154296875,0.009765625,-0.427734375,0,0
1779630108.757685,-0.00390625,0.232421875,0.234375,0.142578125,0.009765625,-0.416015625,0,0
1779630108.765642,-0.00390625,0.2421875,0.23828125,0.142578125,0.009765625,-0.416015625,0,0
1779630108.773693,-0.00390625,0.2421875,0.23828125,0.140625,0.009765625,-0.408203125,0,0
1779630108.781602,0.0,0.244140625,0.23828125,0.140625,0.009765625,-0.408203125,0,0
1779630108.789646,0.0,0.244140625,0.23828125,0.140625,0.009765625,-0.40625,0,0
1779630108.797638,0.0,0.24609375,0.23828125,0.140625,0.009765625,-0.40625,0,0
1779630108.805655,0.0,0.24609375,0.23828125,0.138671875,0.009765625,-0.404296875,0,0
1779630108.813656,0.0,0.248046875,0.23828125,0.138671875,0.009765625,-0.404296875,0,0
1779630108.821663,0.0,0.248046875,0.23828125,0.138671875,0.009765625,-0.40234375,0,0
1779630108.829667,0.0,0.251953125,0.240234375,0.138671875,0.009765625,-0.40234375,0,0
1779630108.837645,0.0,0.251953125,0.240234375,0.13671875,0.009765625,-0.3984375,0,0
1779630108.845649,0.0,0.255859375,0.240234375,0.13671875,0.009765625,-0.3984375,0,0
1779630108.853657,0.0,0.255859375,0.240234375,0.13671875,0.009765625,-0.39453125,0,0
1779630108.861638,0.0,0.2578125,0.240234375,0.13671875,0.009765625,-0.39453125,0,0
1779630108.869664,0.0,0.2578125,0.240234375,0.13671875,0.009765625,-0.39453125,0,0
1779630108.877658,0.0,0.2578125,0.240234375,0.13671875,0.009765625,-0.39453125,0,0
1779630108.885684,0.0,0.2578125,0.240234375,0.13671875,0.009765625,-0.392578125,0,0
1779630108.893682,0.0,0.267578125,0.24609375,0.13671875,0.009765625,-0.392578125,0,0
1779630108.901732,0.0,0.267578125,0.24609375,0.1328125,0.009765625,-0.384765625,0,0
1779630108.909660,0.0,0.2734375,0.248046875,0.1328125,0.009765625,-0.384765625,0,0
1779630108.917729,0.0,0.2734375,0.248046875,0.130859375,0.009765625,-0.37890625,0,0
1779630108.925687,0.0,0.283203125,0.251953125,0.130859375,0.009765625,-0.37890625,0,0
1779630108.933703,0.0,0.283203125,0.251953125,0.12890625,0.009765625,-0.369140625,0,0
1779630108.941692,0.0,0.287109375,0.251953125,0.12890625,0.009765625,-0.369140625,0,0
1779630108.949694,0.0,0.287109375,0.251953125,0.126953125,0.009765625,-0.365234375,0,0
1779630108.957669,0.0,0.2890625,0.251953125,0.126953125,0.009765625,-0.365234375,0,0
1779630108.965707,0.0,0.2890625,0.251953125,0.125,0.009765625,-0.36328125,0,0
1779630108.973707,0.0,0.291015625,0.25390625,0.125,0.009765625,-0.36328125,0,0
1779630108.981719,0.0,0.291015625,0.25390625,0.126953125,0.009765625,-0.359375,0,0
1779630108.989653,0.0,0.294921875,0.2578125,0.126953125,0.009765625,-0.359375,0,0
1779630108.997699,0.0,0.294921875,0.2578125,0.126953125,0.009765625,-0.35546875,0,0
1779630109.005675,0.0,0.298828125,0.26171875,0.126953125,0.009765625,-0.35546875,0,0
1779630109.013684,0.0,0.298828125,0.26171875,0.123046875,0.009765625,-0.3515625,0,0
1779630109.021713,0.0,0.3046875,0.265625,0.123046875,0.009765625,-0.3515625,0,0
1779630109.029622,0.0,0.3046875,0.265625,0.123046875,0.009765625,-0.345703125,0,0
1779630109.037609,0.0,0.3125,0.267578125,0.123046875,0.009765625,-0.345703125,0,0
1779630109.045602,0.0,0.3125,0.267578125,0.12109375,0.009765625,-0.33984375,0,0
1779630109.053675,0.0,0.318359375,0.267578125,0.12109375,0.009765625,-0.33984375,0,0
1779630109.061672,0.0,0.318359375,0.267578125,0.119140625,0.009765625,-0.33203125,0,0
1779630109.069624,0.0,0.326171875,0.26953125,0.119140625,0.009765625,-0.33203125,0,0
1779630109.077679,0.0,0.326171875,0.26953125,0.119140625,0.009765625,-0.32421875,0,0
1779630109.085615,0.0,0.33203125,0.26953125,0.119140625,0.009765625,-0.32421875,0,0
1779630109.093718,0.0,0.33203125,0.26953125,0.115234375,0.009765625,-0.3203125,0,0
1779630109.101675,0.0,0.33203125,0.271484375,0.115234375,0.009765625,-0.3203125,0,0
1779630109.109727,0.0,0.33203125,0.271484375,0.1171875,0.009765625,-0.318359375,0,0
1779630109.117706,0.0,0.333984375,0.271484375,0.1171875,0.009765625,-0.318359375,0,0
1779630109.125664,0.0,0.333984375,0.271484375,0.1171875,0.009765625,-0.31640625,0,0
1779630109.133731,0.0,0.3359375,0.271484375,0.1171875,0.009765625,-0.31640625,0,0
1779630109.141741,0.0,0.3359375,0.271484375,0.1171875,0.009765625,-0.31640625,0,0
1779630109.149702,0.0,0.337890625,0.271484375,0.1171875,0.009765625,-0.31640625,0,0
1779630109.157730,0.0,0.337890625,0.271484375,0.115234375,0.009765625,-0.314453125,0,0
1779630109.165684,0.0,0.345703125,0.271484375,0.115234375,0.009765625,-0.314453125,0,0
1779630109.173657,0.0,0.345703125,0.271484375,0.11328125,0.009765625,-0.3046875,0,0
1779630109.181635,0.0,0.35546875,0.271484375,0.11328125,0.009765625,-0.3046875,0,0
1779630109.189664,0.0,0.35546875,0.271484375,0.111328125,0.009765625,-0.296875,0,0
1779630109.197654,0.0,0.365234375,0.271484375,0.111328125,0.009765625,-0.296875,0,0
1779630109.205646,0.0,0.365234375,0.271484375,0.107421875,0.009765625,-0.2890625,0,0
1779630109.221642,0.0,0.37109375,0.271484375,0.107421875,0.009765625,-0.2890625,0,0
1779630109.229655,0.0,0.37109375,0.271484375,0.10546875,0.009765625,-0.283203125,0,0
1779630109.237691,0.0,0.37109375,0.271484375,0.10546875,0.009765625,-0.283203125,0,0
1779630109.245651,0.0,0.37109375,0.271484375,0.10546875,0.009765625,-0.283203125,0,0
1779630109.253724,0.0,0.365234375,0.271484375,0.10546875,0.009765625,-0.283203125,0,0
1779630109.261662,0.0,0.365234375,0.271484375,0.109375,0.009765625,-0.287109375,0,0
1779630109.269663,0.0,0.357421875,0.2734375,0.109375,0.009765625,-0.287109375,0,0
1779630109.277666,0.0,0.357421875,0.2734375,0.109375,0.009765625,-0.294921875,0,0
1779630109.285675,0.0,0.353515625,0.2734375,0.109375,0.009765625,-0.294921875,0,0
1779630109.293679,0.0,0.353515625,0.2734375,0.109375,0.009765625,-0.298828125,0,0
1779630109.301672,0.0,0.353515625,0.27734375,0.109375,0.009765625,-0.298828125,0,0
1779630109.309686,0.0,0.353515625,0.27734375,0.109375,0.009765625,-0.298828125,0,0
1779630109.317714,0.0,0.37109375,0.263671875,0.109375,0.009765625,-0.298828125,0,0
1779630109.325734,0.0,0.37109375,0.263671875,0.095703125,0.009765625,-0.29296875,0,0
1779630109.333700,0.0,0.416015625,0.197265625,0.095703125,0.009765625,-0.29296875,0,0
1779630109.341679,0.0,0.416015625,0.197265625,0.0390625,0.01953125,-0.275390625,0,0
1779630109.349668,0.0546875,0.427734375,0.115234375,0.0390625,0.01953125,-0.275390625,0,0
1779630109.357699,0.0546875,0.427734375,0.115234375,0.0390625,0.0859375,-0.23828125,0,0
1779630109.365723,0.107421875,0.390625,0.083984375,0.0390625,0.0859375,-0.23828125,0,0
1779630109.373669,0.107421875,0.390625,0.083984375,-0.029296875,0.134765625,-0.19921875,0,0
1779630109.381676,0.166015625,0.3125,0.072265625,-0.029296875,0.134765625,-0.19921875,0,0
1779630109.389705,0.166015625,0.3125,0.072265625,-0.0859375,0.169921875,-0.177734375,0,0
1779630109.397701,0.17578125,0.2265625,0.072265625,-0.0859375,0.169921875,-0.177734375,0,0
1779630109.405650,0.17578125,0.2265625,0.072265625,-0.08984375,0.1796875,-0.15625,0,0
1779630109.413648,0.15234375,0.095703125,0.0546875,-0.08984375,0.1796875,-0.15625,0,0
1779630109.421703,0.15234375,0.095703125,0.0546875,-0.052734375,0.154296875,-0.123046875,0,0
1779630109.437689,0.15234375,0.095703125,0.0546875,-0.119140625,0.068359375,-0.123046875,0,0
1779630109.453691,0.15234375,0.095703125,0.0546875,-0.109375,0.021484375,-0.123046875,0,0
1779630109.469703,0.15234375,0.095703125,0.0546875,-0.078125,0.021484375,-0.123046875,0,0
1779630109.485686,0.15234375,0.095703125,0.0546875,-0.00390625,0.021484375,-0.123046875,0,0
1779630109.515647,0.0,0.0,0.0,0.0,0.0,0.0,0,0
1779630109.546672,0.0,0.0,0.0,0.0,0.0,0.0,0,0
1779630109.577698,0.0,0.0,0.0,0.0,0.0,0.0,0,0
1779630109.608702,0.0,0.0,0.0,0.0,0.0,0.0,0,0
1779630109.639605,0.0,0.0,0.0,0.0,0.0,0.0,0,0
1779630109.670599,0.0,0.0,0.0,0.0,0.0,0.0,0,0
1779630109.701656,0.0,0.0,0.0,0.0,0.0,0.0,0,0
1779630109.732683,0.0,0.0,0.0,0.0,0.0,0.0,0,0
1779630109.763678,0.0,0.0,0.0,0.0,0.0,0.0,0,0
1779630109.794628,0.0,0.0,0.0,0.0,0.0,0.0,0,0
1779630109.825654,0.0,0.0,0.0,0.0,0.0,0.0,0,0
1779630109.856683,0.0,0.0,0.0,0.0,0.0,0.0,0,0
1779630109.887666,0.0,0.0,0.0,0.0,0.0,0.0,0,0
1779630109.918732,0.0,0.0,0.0,0.0,0.0,0.0,0,0
1779630109.949698,0.0,0.0,0.0,0.0,0.0,0.0,0,0
1779630109.980686,0.0,0.0,0.0,0.0,0.0,0.0,0,0
1779630110.011667,0.0,0.0,0.0,0.0,0.0,0.0,0,0
1779630110.042691,0.0,0.0,0.0,0.0,0.0,0.0,0,0
1779630110.073677,0.0,0.0,0.0,0.0,0.0,0.0,0,0
1779630110.105279,0.0,0.0,0.0,0.0,0.0,0.0,0,0
1779630110.135812,0.0,0.0,0.0,0.0,0.0,0.0,0,0
1779630110.166722,0.0,0.0,0.0,0.0,0.0,0.0,0,0
1779630110.197666,0.0,0.0,0.0,0.0,0.0,0.0,0,0
1779630110.228704,0.0,0.0,0.0,0.0,0.0,0.0,0,0
1779630110.259737,0.0,0.0,0.0,0.0,0.0,0.0,0,0
1779630110.290647,0.0,0.0,0.0,0.0,0.0,0.0,0,0
1779630110.321685,0.0,0.0,0.0,0.0,0.0,0.0,0,0
1779630110.352692,0.0,0.0,0.0,0.0,0.0,0.0,0,0
1779630110.383642,0.0,0.0,0.0,0.0,0.0,0.0,0,0
1779630110.414654,0.0,0.0,0.0,0.0,0.0,0.0,0,0
1779630110.445641,0.0,0.0,0.0,0.0,0.0,0.0,0,0
1779630110.476673,0.0,0.0,0.0,0.0,0.0,0.0,0,0
1779630110.507656,0.0,0.0,0.0,0.0,0.0,0.0,0,0
1779630110.538614,0.0,0.0,0.0,0.0,0.0,0.0,0,0
1779630110.569664,0.0,0.0,0.0,0.0,0.0,0.0,0,0
1779630110.600632,0.0,0.0,0.0,0.0,0.0,0.0,0,0
1779630110.631669,0.0,0.0,0.0,0.0,0.0,0.0,0,0
1779630110.662636,0.0,0.0,0.0,0.0,0.0,0.0,0,0
1779630110.693676,0.0,0.0,0.0,0.0,0.0,0.0,0,0
1779630110.724694,0.0,0.0,0.0,0.0,0.0,0.0,0,0
1779630110.755659,0.0,0.0,0.0,0.0,0.0,0.0,0,0
1779630110.786612,0.0,0.0,0.0,0.0,0.0,0.0,0,0
1779630110.817707,0.0,0.0,0.0,0.0,0.0,0.0,0,0
1779630110.848691,0.0,0.0,0.0,0.0,0.0,0.0,0,0
1779630110.879668,0.0,0.0,0.0,0.0,0.0,0.0,0,0
1779630110.910707,0.0,0.0,0.0,0.0,0.0,0.0,0,0
1779630110.941657,0.0,0.0,0.0,0.0,0.0,0.0,0,0
1779630110.972661,0.0,0.0,0.0,0.0,0.0,0.0,0,0
1779630111.003692,0.0,0.0,0.0,0.0,0.0,0.0,0,0
1779630111.034686,0.0,0.0,0.0,0.0,0.0,0.0,0,0
1779630111.065652,0.0,0.0,0.0,0.0,0.0,0.0,0,0
1779630111.096659,0.0,0.0,0.0,0.0,0.0,0.0,0,0
1779630111.127664,0.0,0.0,0.0,0.0,0.0,0.0,0,0
1779630111.158706,0.0,0.0,0.0,0.0,0.0,0.0,0,0
1779630111.189648,0.0,0.0,0.0,0.0,0.0,0.0,0,0
1779630111.220668,0.0,0.0,0.0,0.0,0.0,0.0,0,0
1779630111.251678,0.0,0.0,0.0,0.0,0.0,0.0,0,0
1779630111.282708,0.0,0.0,0.0,0.0,0.0,0.0,0,0
1779630111.313656,0.0,0.0,0.0,0.0,0.0,0.0,0,0
1779630111.344626,0.0,0.0,0.0,0.0,0.0,0.0,0,0
1779630111.375659,0.0,0.0,0.0,0.0,0.0,0.0,0,0
1779630111.406628,0.0,0.0,0.0,0.0,0.0,0.0,0,0
1779630111.437662,0.0,0.0,0.0,0.0,0.0,0.0,0,0
1779630111.468675,0.0,0.0,0.0,0.0,0.0,0.0,0,0
1779630111.499677,0.0,0.0,0.0,0.0,0.0,0.0,0,0
1779630111.530636,0.0,0.0,0.0,0.0,0.0,0.0,0,0
1779630111.561637,0.0,0.0,0.0,0.0,0.0,0.0,0,0
1779630111.592685,0.0,0.0,0.0,0.0,0.0,0.0,0,0
1779630111.623711,0.0,0.0,0.0,0.0,0.0,0.0,0,0
1779630111.654734,0.0,0.0,0.0,0.0,0.0,0.0,0,0
1779630111.685683,0.0,0.0,0.0,0.0,0.0,0.0,0,0
1779630111.716663,0.0,0.0,0.0,0.0,0.0,0.0,0,0
1779630111.747663,0.0,0.0,0.0,0.0,0.0,0.0,0,0
1779630111.778683,0.0,0.0,0.0,0.0,0.0,0.0,0,0
1779630111.809659,0.0,0.0,0.0,0.0,0.0,0.0,0,0
1779630111.840648,0.0,0.0,0.0,0.0,0.0,0.0,0,0
1779630111.871699,0.0,0.0,0.0,0.0,0.0,0.0,0,0
1779630111.902690,0.0,0.0,0.0,0.0,0.0,0.0,0,0
1779630111.933654,0.0,0.0,0.0,0.0,0.0,0.0,0,0
1779630111.964688,0.0,0.0,0.0,0.0,0.0,0.0,0,0
1779630111.995625,0.0,0.0,0.0,0.0,0.0,0.0,0,0
1779630112.026678,0.0,0.0,0.0,0.0,0.0,0.0,0,0
1779630112.057666,0.0,0.0,0.0,0.0,0.0,0.0,0,0
1779630112.088679,0.0,0.0,0.0,0.0,0.0,0.0,0,0
1779630112.119646,0.0,0.0,0.0,0.0,0.0,0.0,0,0
1779630112.150661,0.0,0.0,0.0,0.0,0.0,0.0,0,0
1779630112.181636,0.0,0.0,0.0,0.0,0.0,0.0,0,0
1779630112.212642,0.0,0.0,0.0,0.0,0.0,0.0,0,0
1779630112.243660,0.0,0.0,0.0,0.0,0.0,0.0,0,0
1779630112.274683,0.0,0.0,0.0,0.0,0.0,0.0,0,0
1779630112.305687,0.0,0.0,0.0,0.0,0.0,0.0,0,0
1779630112.336715,0.0,0.0,0.0,0.0,0.0,0.0,0,0
1779630112.367644,0.0,0.0,0.0,0.0,0.0,0.0,0,0
1779630112.398667,0.0,0.0,0.0,0.0,0.0,0.0,0,0
1779630112.429693,0.0,0.0,0.0,0.0,0.0,0.0,0,0
1779630112.460689,0.0,0.0,0.0,0.0,0.0,0.0,0,0
1779630112.491675,0.0,0.0,0.0,0.0,0.0,0.0,0,0
1779630112.522681,0.0,0.0,0.0,0.0,0.0,0.0,0,0
1779630112.553642,0.0,0.0,0.0,0.0,0.0,0.0,0,0
1779630112.584672,0.0,0.0,0.0,0.0,0.0,0.0,0,0
1779630112.615683,0.0,0.0,0.0,0.0,0.0,0.0,0,0
1779630112.646647,0.0,0.0,0.0,0.0,0.0,0.0,0,0
1779630112.677683,0.0,0.0,0.0,0.0,0.0,0.0,0,0
1779630112.708694,0.0,0.0,0.0,0.0,0.0,0.0,0,0
1779630112.739646,0.0,0.0,0.0,0.0,0.0,0.0,0,0
1779630112.770674,0.0,0.0,0.0,0.0,0.0,0.0,0,0
1779630112.801644,0.0,0.0,0.0,0.0,0.0,0.0,0,0
1779630112.832700,0.0,0.0,0.0,0.0,0.0,0.0,0,0
1779630112.863697,0.0,0.0,0.0,0.0,0.0,0.0,0,0
1779630112.894688,0.0,0.0,0.0,0.0,0.0,0.0,0,0
1779630112.925665,0.0,0.0,0.0,0.0,0.0,0.0,0,0
1779630112.956692,0.0,0.0,0.0,0.0,0.0,0.0,0,0
1779630112.987669,0.0,0.0,0.0,0.0,0.0,0.0,0,0
1779630113.018709,0.0,0.0,0.0,0.0,0.0,0.0,0,0
1779630113.049676,0.0,0.0,0.0,0.0,0.0,0.0,0,0
1779630113.080650,0.0,0.0,0.0,0.0,0.0,0.0,0,0
1779630113.111710,0.0,0.0,0.0,0.0,0.0,0.0,0,0
1779630113.142689,0.0,0.0,0.0,0.0,0.0,0.0,0,0
1779630113.173650,0.0,0.0,0.0,0.0,0.0,0.0,0,0
1779630113.204654,0.0,0.0,0.0,0.0,0.0,0.0,0,0
1779630113.235683,0.0,0.0,0.0,0.0,0.0,0.0,0,0
1779630113.266652,0.0,0.0,0.0,0.0,0.0,0.0,0,0
1779630113.297706,0.0,0.0,0.0,0.0,0.0,0.0,0,0
1779630113.328652,0.0,0.0,0.0,0.0,0.0,0.0,0,0
1779630113.359738,0.0,0.0,0.0,0.0,0.0,0.0,0,0
1779630113.390664,0.0,0.0,0.0,0.0,0.0,0.0,0,0
1779630113.421677,0.0,0.0,0.0,0.0,0.0,0.0,0,0
1779630113.452609,0.0,0.0,0.0,0.0,0.0,0.0,0,0
1779630113.483640,0.0,0.0,0.0,0.0,0.0,0.0,0,0
1779630113.514685,0.0,0.0,0.0,0.0,0.0,0.0,0,0
1779630113.545687,0.0,0.0,0.0,0.0,0.0,0.0,0,0
1779630113.576631,0.0,0.0,0.0,0.0,0.0,0.0,0,0
1779630113.607666,0.0,0.0,0.0,0.0,0.0,0.0,0,0
1779630113.638733,0.0,0.0,0.0,0.0,0.0,0.0,0,0
1779630113.669694,0.0,0.0,0.0,0.0,0.0,0.0,0,0
1779630113.700661,0.0,0.0,0.0,0.0,0.0,0.0,0,0
1779630113.731634,0.0,0.0,0.0,0.0,0.0,0.0,0,0
1779630113.762666,0.0,0.0,0.0,0.0,0.0,0.0,0,0
1779630113.793673,0.0,0.0,0.0,0.0,0.0,0.0,0,0
1779630113.824649,0.0,0.0,0.0,0.0,0.0,0.0,0,0
1779630113.855677,0.0,0.0,0.0,0.0,0.0,0.0,0,0
1779630113.886696,0.0,0.0,0.0,0.0,0.0,0.0,0,0
1779630113.917667,0.0,0.0,0.0,0.0,0.0,0.0,0,0
1779630113.948672,0.0,0.0,0.0,0.0,0.0,0.0,0,0
1779630113.979647,0.0,0.0,0.0,0.0,0.0,0.0,0,0
1779630114.010712,0.0,0.0,0.0,0.0,0.0,0.0,0,0
1779630114.041659,0.0,0.0,0.0,0.0,0.0,0.0,0,0
1779630114.072707,0.0,0.0,0.0,0.0,0.0,0.0,0,0
1779630114.103703,0.0,0.0,0.0,0.0,0.0,0.0,0,0
1779630114.134664,0.0,0.0,0.0,0.0,0.0,0.0,0,0
1779630114.165619,0.0,0.0,0.0,0.0,0.0,0.0,0,0
1779630114.196631,0.0,0.0,0.0,0.0,0.0,0.0,0,0
1779630114.227670,0.0,0.0,0.0,0.0,0.0,0.0,0,0
1779630114.258674,0.0,0.0,0.0,0.0,0.0,0.0,0,0
1779630114.289709,0.0,0.0,0.0,0.0,0.0,0.0,0,0
1779630114.320647,0.0,0.0,0.0,0.0,0.0,0.0,0,0
1779630114.351673,0.0,0.0,0.0,0.0,0.0,0.0,0,0
1779630114.382665,0.0,0.0,0.0,0.0,0.0,0.0,0,0
1779630114.413648,0.0,0.0,0.0,0.0,0.0,0.0,0,0
1779630114.444710,0.0,0.0,0.0,0.0,0.0,0.0,0,0
1779630114.475699,0.0,0.0,0.0,0.0,0.0,0.0,0,0
1779630114.506654,0.0,0.0,0.0,0.0,0.0,0.0,0,0
1779630114.537703,0.0,0.0,0.0,0.0,0.0,0.0,0,0
1779630114.568658,0.0,0.0,0.0,0.0,0.0,0.0,0,0
1779630114.599655,0.0,0.0,0.0,0.0,0.0,0.0,0,0
1779630114.630662,0.0,0.0,0.0,0.0,0.0,0.0,0,0
1779630114.661736,0.0,0.0,0.0,0.0,0.0,0.0,0,0
1779630114.692691,0.0,0.0,0.0,0.0,0.0,0.0,0,0
1779630114.723663,0.0,0.0,0.0,0.0,0.0,0.0,0,0
1779630114.754688,0.0,0.0,0.0,0.0,0.0,0.0,0,0
1779630114.785704,0.0,0.0,0.0,0.0,0.0,0.0,0,0
1779630114.816712,0.0,0.0,0.0,0.0,0.0,0.0,0,0
1779630114.847682,0.0,0.0,0.0,0.0,0.0,0.0,0,0
1779630114.878697,0.0,0.0,0.0,0.0,0.0,0.0,0,0
1779630114.909650,0.0,0.0,0.0,0.0,0.0,0.0,0,0
1779630114.940639,0.0,0.0,0.0,0.0,0.0,0.0,0,0
1779630114.971675,0.0,0.0,0.0,0.0,0.0,0.0,0,0
1779630115.002670,0.0,0.0,0.0,0.0,0.0,0.0,0,0
1779630115.033643,0.0,0.0,0.0,0.0,0.0,0.0,0,0
1779630115.064607,0.0,0.0,0.0,0.0,0.0,0.0,0,0
1779630115.095650,0.0,0.0,0.0,0.0,0.0,0.0,0,0
1779630115.126684,0.0,0.0,0.0,0.0,0.0,0.0,0,0
1779630115.157640,0.0,0.0,0.0,0.0,0.0,0.0,0,0
1779630115.188633,0.0,0.0,0.0,0.0,0.0,0.0,0,0
1779630115.219649,0.0,0.0,0.0,0.0,0.0,0.0,0,0
1779630115.250693,0.0,0.0,0.0,0.0,0.0,0.0,0,0
1779630115.253671,0.0234375,0.095703125,0.0546875,-0.00390625,0.021484375,-0.123046875,0,0
1779630115.261649,0.0234375,0.095703125,0.0546875,0.01171875,0.021484375,-0.123046875,0,0
1779630115.269686,0.150390625,0.095703125,0.04296875,0.01171875,0.021484375,-0.123046875,0,0
1779630115.277667,0.150390625,0.095703125,0.04296875,0.11328125,0.048828125,-0.123046875,0,0
1779630115.285718,0.203125,0.095703125,0.07421875,0.11328125,0.048828125,-0.123046875,0,0
1779630115.293705,0.203125,0.095703125,0.07421875,0.142578125,0.072265625,-0.123046875,0,0
1779630115.301671,0.259765625,0.095703125,0.080078125,0.142578125,0.072265625,-0.123046875,0,0
1779630115.309680,0.259765625,0.095703125,0.080078125,0.13671875,0.091796875,-0.123046875,0,0
1779630115.317685,0.287109375,0.05078125,0.060546875,0.13671875,0.091796875,-0.123046875,0,0
1779630115.325679,0.287109375,0.05078125,0.060546875,0.1171875,0.087890625,-0.123046875,0,0
1779630115.333672,0.32421875,0.109375,0.072265625,0.1171875,0.087890625,-0.123046875,0,0
1779630115.341661,0.32421875,0.109375,0.072265625,0.107421875,0.087890625,-0.123046875,0,0
1779630115.349653,0.373046875,0.16015625,0.107421875,0.107421875,0.087890625,-0.123046875,0,0
1779630115.357718,0.373046875,0.16015625,0.107421875,0.111328125,0.107421875,-0.123046875,0,0
1779630115.365722,0.421875,0.19921875,0.134765625,0.111328125,0.107421875,-0.123046875,0,0
1779630115.373678,0.421875,0.19921875,0.134765625,0.10546875,0.134765625,-0.123046875,0,0
1779630115.381677,0.453125,0.22265625,0.142578125,0.10546875,0.134765625,-0.123046875,0,0
1779630115.389699,0.453125,0.22265625,0.142578125,0.09375,0.150390625,-0.123046875,0,0
1779630115.397683,0.482421875,0.24609375,0.154296875,0.09375,0.150390625,-0.123046875,0,0
1779630115.405707,0.482421875,0.24609375,0.154296875,0.08203125,0.169921875,-0.123046875,0,0
1779630115.413698,0.5078125,0.2734375,0.169921875,0.08203125,0.169921875,-0.123046875,0,0
1779630115.421717,0.5078125,0.2734375,0.169921875,0.07421875,0.189453125,-0.123046875,0,0
1779630115.429692,0.517578125,0.298828125,0.177734375,0.07421875,0.189453125,-0.123046875,0,0
1779630115.437665,0.517578125,0.298828125,0.177734375,0.064453125,0.197265625,-0.123046875,0,0
1779630115.445671,0.53125,0.31640625,0.177734375,0.064453125,0.197265625,-0.123046875,0,0
1779630115.453663,0.53125,0.31640625,0.177734375,0.060546875,0.205078125,-0.123046875,0,0
1779630115.461669,0.544921875,0.330078125,0.181640625,0.060546875,0.205078125,-0.123046875,0,0
1779630115.469625,0.544921875,0.330078125,0.181640625,0.052734375,0.208984375,0.00390625,0,0
1779630115.477637,0.564453125,0.341796875,0.185546875,0.052734375,0.208984375,0.00390625,0,0
1779630115.485634,0.564453125,0.341796875,0.185546875,0.044921875,0.220703125,0.0078125,0,0
1779630115.493656,0.578125,0.35546875,0.193359375,0.044921875,0.220703125,0.0078125,0,0
1779630115.501665,0.578125,0.35546875,0.193359375,0.03515625,0.228515625,0.0078125,0,0
1779630115.509668,0.591796875,0.365234375,0.203125,0.03515625,0.228515625,0.0078125,0,0
1779630115.517642,0.591796875,0.365234375,0.203125,0.02734375,0.240234375,0.00390625,0,0
1779630115.525671,0.60546875,0.369140625,0.212890625,0.02734375,0.240234375,0.00390625,0,0
1779630115.533692,0.60546875,0.369140625,0.212890625,0.0234375,0.25,0.00390625,0,0
1779630115.541679,0.6171875,0.375,0.21875,0.0234375,0.25,0.00390625,0,0
1779630115.549683,0.6171875,0.375,0.21875,0.01953125,0.26171875,0.00390625,0,0
1779630115.557704,0.62109375,0.375,0.21875,0.01953125,0.26171875,0.00390625,0,0
1779630115.565678,0.62109375,0.375,0.21875,0.01953125,0.263671875,0.00390625,0,0
1779630115.573696,0.625,0.376953125,0.220703125,0.01953125,0.263671875,0.00390625,0,0
1779630115.581629,0.625,0.376953125,0.220703125,0.015625,0.265625,0.00390625,0,0
1779630115.589621,0.625,0.376953125,0.220703125,0.015625,0.265625,0.00390625,0,0
1779630115.597669,0.625,0.376953125,0.220703125,0.01171875,0.265625,0.00390625,0,0
1779630115.605689,0.625,0.376953125,0.220703125,0.01171875,0.265625,0.00390625,0,0
1779630115.613671,0.625,0.376953125,0.220703125,0.009765625,0.265625,0.00390625,0,0
1779630115.621700,0.626953125,0.376953125,0.220703125,0.009765625,0.265625,0.00390625,0,0
1779630115.629722,0.626953125,0.376953125,0.220703125,0.009765625,0.265625,0.00390625,0,0
1779630115.637641,0.626953125,0.376953125,0.220703125,0.009765625,0.265625,0.00390625,0,0
1779630115.645646,0.626953125,0.376953125,0.220703125,0.009765625,0.267578125,0.00390625,0,0
1779630115.653718,0.625,0.376953125,0.220703125,0.009765625,0.267578125,0.00390625,0,0
1779630115.661712,0.625,0.376953125,0.220703125,0.009765625,0.267578125,0.00390625,0,0
1779630115.669671,0.625,0.376953125,0.22265625,0.009765625,0.267578125,0.00390625,0,0
1779630115.677685,0.625,0.376953125,0.22265625,0.005859375,0.271484375,0.00390625,0,0
1779630115.685678,0.62109375,0.375,0.224609375,0.005859375,0.271484375,0.00390625,0,0
1779630115.693641,0.62109375,0.375,0.224609375,0.005859375,0.271484375,0.00390625,0,0
1779630115.701742,0.62109375,0.375,0.224609375,0.005859375,0.271484375,0.00390625,0,0
1779630115.709689,0.62109375,0.375,0.224609375,0.0,0.2734375,0.00390625,0,0
1779630115.717698,0.619140625,0.375,0.224609375,0.0,0.2734375,0.00390625,0,0
1779630115.725673,0.619140625,0.375,0.224609375,0.0,0.2734375,0.00390625,0,0
1779630115.733721,0.619140625,0.375,0.224609375,0.0,0.2734375,0.00390625,0,0
1779630115.741680,0.619140625,0.375,0.224609375,0.0,0.2734375,0.00390625,0,0
1779630115.749711,0.6171875,0.373046875,0.22265625,0.0,0.2734375,0.00390625,0,0
1779630115.757695,0.6171875,0.373046875,0.22265625,0.0,0.2734375,0.00390625,0,0
1779630115.765683,0.6171875,0.373046875,0.22265625,0.0,0.2734375,0.00390625,0,0
1779630115.773679,0.6171875,0.373046875,0.22265625,0.0,0.2734375,0.00390625,0,0
1779630115.781680,0.6171875,0.373046875,0.224609375,0.0,0.2734375,0.00390625,0,0
1779630115.789695,0.6171875,0.373046875,0.224609375,0.0,0.275390625,0.00390625,0,0
1779630115.797678,0.6171875,0.3671875,0.2265625,0.0,0.275390625,0.00390625,0,0
1779630115.805720,0.6171875,0.3671875,0.2265625,0.0,0.27734375,0.00390625,0,0
1779630115.813692,0.615234375,0.3671875,0.2265625,0.0,0.27734375,0.00390625,0,0
1779630115.821694,0.615234375,0.3671875,0.2265625,0.0,0.27734375,0.00390625,0,0
1779630115.829701,0.61328125,0.365234375,0.228515625,0.0,0.27734375,0.00390625,0,0
1779630115.837684,0.61328125,0.365234375,0.228515625,0.0,0.27734375,0.00390625,0,0
1779630115.845692,0.61328125,0.36328125,0.23046875,0.0,0.27734375,0.00390625,0,0
1779630115.853649,0.61328125,0.36328125,0.23046875,0.0,0.279296875,0.00390625,0,0
1779630115.861691,0.609375,0.36328125,0.234375,0.0,0.279296875,0.00390625,0,0
1779630115.869688,0.609375,0.36328125,0.234375,0.0,0.283203125,0.00390625,0,0
1779630115.877693,0.607421875,0.36328125,0.236328125,0.0,0.283203125,0.00390625,0,0
1779630115.885681,0.607421875,0.36328125,0.236328125,0.0,0.287109375,0.00390625,0,0
1779630115.893683,0.607421875,0.36328125,0.23828125,0.0,0.287109375,0.00390625,0,0
1779630115.901687,0.607421875,0.36328125,0.23828125,0.0,0.287109375,0.00390625,0,0
1779630115.909676,0.607421875,0.361328125,0.23828125,0.0,0.287109375,0.00390625,0,0
1779630115.917722,0.607421875,0.361328125,0.23828125,0.0,0.287109375,0.00390625,0,0
1779630115.925725,0.607421875,0.361328125,0.23828125,0.0,0.287109375,0.00390625,0,0
1779630115.933709,0.607421875,0.361328125,0.23828125,0.0,0.287109375,0.00390625,0,0
1779630115.941685,0.607421875,0.361328125,0.23828125,0.0,0.287109375,0.00390625,0,0
1779630115.949684,0.607421875,0.361328125,0.23828125,0.0,0.287109375,0.00390625,0,0
1779630115.957680,0.607421875,0.361328125,0.23828125,0.0,0.287109375,0.00390625,0,0
1779630115.965676,0.607421875,0.361328125,0.23828125,0.0,0.287109375,0.00390625,0,0
1779630115.973691,0.603515625,0.36328125,0.24609375,0.0,0.287109375,0.00390625,0,0
1779630115.981688,0.603515625,0.36328125,0.24609375,0.0,0.287109375,0.00390625,0,0
1779630115.989666,0.6015625,0.36328125,0.251953125,0.0,0.287109375,0.00390625,0,0
1779630115.997681,0.6015625,0.36328125,0.251953125,0.0,0.291015625,0.00390625,0,0
1779630116.005730,0.59765625,0.36328125,0.255859375,0.0,0.291015625,0.00390625,0,0
1779630116.013703,0.59765625,0.36328125,0.255859375,0.0,0.29296875,0.00390625,0,0
1779630116.021692,0.591796875,0.361328125,0.255859375,0.0,0.29296875,0.00390625,0,0
1779630116.029750,0.591796875,0.361328125,0.255859375,0.0,0.296875,0.00390625,0,0
1779630116.037689,0.58984375,0.357421875,0.2578125,0.0,0.296875,0.00390625,0,0
1779630116.045675,0.58984375,0.357421875,0.2578125,0.0,0.30078125,0.00390625,0,0
1779630116.053691,0.583984375,0.353515625,0.255859375,0.0,0.30078125,0.00390625,0,0
1779630116.061721,0.583984375,0.353515625,0.255859375,0.0,0.3046875,0.00390625,0,0
1779630116.069695,0.578125,0.34765625,0.255859375,0.0,0.3046875,0.00390625,0,0
1779630116.077723,0.578125,0.34765625,0.255859375,0.0,0.310546875,0.00390625,0,0
1779630116.085695,0.568359375,0.33984375,0.23828125,0.0,0.310546875,0.00390625,0,0
1779630116.093690,0.568359375,0.33984375,0.23828125,0.0,0.310546875,0.00390625,0,0
1779630116.101640,0.5390625,0.314453125,0.197265625,0.0,0.310546875,0.00390625,0,0
1779630116.109637,0.5390625,0.314453125,0.197265625,0.0,0.294921875,0.00390625,0,0
1779630116.117681,0.482421875,0.271484375,0.1328125,0.0,0.294921875,0.00390625,0,0
1779630116.125724,0.482421875,0.271484375,0.1328125,0.0,0.2578125,0.00390625,0,0
1779630116.133700,0.4140625,0.224609375,0.076171875,0.0,0.2578125,0.00390625,0,0
1779630116.141714,0.4140625,0.224609375,0.076171875,0.0,0.21875,0.009765625,0,0
1779630116.149676,0.3359375,0.162109375,0.044921875,0.0,0.21875,0.009765625,0,0
1779630116.157696,0.3359375,0.162109375,0.044921875,-0.029296875,0.193359375,0.013671875,0,0
1779630116.165686,0.25,0.103515625,0.021484375,-0.029296875,0.193359375,0.013671875,0,0
1779630116.173701,0.25,0.103515625,0.021484375,-0.06640625,0.1640625,0.013671875,0,0
1779630116.181687,0.166015625,0.0546875,0.021484375,-0.06640625,0.1640625,0.013671875,0,0
1779630116.189683,0.166015625,0.0546875,0.021484375,-0.0859375,0.11328125,0.013671875,0,0
1779630116.197671,0.0859375,0.01953125,0.021484375,-0.0859375,0.11328125,0.013671875,0,0
1779630116.205738,0.0859375,0.01953125,0.021484375,-0.09375,0.0546875,0.013671875,0,0
1779630116.213659,0.05859375,0.01171875,0.021484375,-0.09375,0.0546875,0.013671875,0,0
1779630116.221636,0.05859375,0.01171875,0.021484375,-0.08984375,0.02734375,0.013671875,0,0
1779630116.229698,0.025390625,0.009765625,0.021484375,-0.08984375,0.02734375,0.013671875,0,0
1779630116.237648,0.025390625,0.009765625,0.021484375,-0.037109375,0.02734375,0.013671875,0,0
1779630116.245638,0.0703125,0.009765625,0.021484375,-0.037109375,0.02734375,0.013671875,0,0
1779630116.253611,0.0703125,0.009765625,0.021484375,-0.044921875,0.021484375,0.013671875,0,0
1779630116.261653,0.10546875,0.009765625,0.021484375,-0.044921875,0.021484375,0.013671875,0,0
1779630116.269659,0.10546875,0.009765625,0.021484375,-0.0078125,0.03125,0.01171875,0,0
1779630116.277711,0.154296875,0.009765625,0.021484375,-0.0078125,0.03125,0.01171875,0,0
1779630116.285664,0.154296875,0.009765625,0.021484375,-0.0078125,0.046875,0.01953125,0,0
1779630116.293696,0.205078125,0.009765625,0.021484375,-0.0078125,0.046875,0.01953125,0,0
1779630116.301662,0.205078125,0.009765625,0.021484375,-0.0078125,0.072265625,0.01171875,0,0
1779630116.309639,0.244140625,0.0234375,0.0234375,-0.0078125,0.072265625,0.01171875,0,0
1779630116.317662,0.244140625,0.0234375,0.0234375,-0.0078125,0.1015625,0.01171875,0,0
1779630116.325716,0.26171875,0.0625,0.044921875,-0.0078125,0.1015625,0.01171875,0,0
1779630116.333655,0.26171875,0.0625,0.044921875,-0.0078125,0.11328125,0.01171875,0,0
1779630116.341680,0.267578125,0.0859375,0.0546875,-0.0078125,0.11328125,0.01171875,0,0
1779630116.349676,0.267578125,0.0859375,0.0546875,-0.0078125,0.12109375,0.01171875,0,0
1779630116.357685,0.26953125,0.09765625,0.06640625,-0.0078125,0.12109375,0.01171875,0,0
1779630116.365683,0.26953125,0.09765625,0.06640625,-0.0078125,0.125,0.01171875,0,0
1779630116.373687,0.271484375,0.09765625,0.068359375,-0.0078125,0.125,0.01171875,0,0
1779630116.381670,0.271484375,0.09765625,0.068359375,-0.0078125,0.12890625,0.01171875,0,0
1779630116.389682,0.26953125,0.091796875,0.060546875,-0.0078125,0.12890625,0.01171875,0,0
1779630116.397658,0.26953125,0.091796875,0.060546875,-0.0078125,0.12890625,0.01171875,0,0
1779630116.405677,0.26171875,0.08203125,0.0546875,-0.0078125,0.12890625,0.01171875,0,0
1779630116.413651,0.26171875,0.08203125,0.0546875,-0.0078125,0.125,0.01171875,0,0
1779630116.421724,0.24609375,0.05859375,0.03515625,-0.0078125,0.125,0.01171875,0,0
1779630116.429642,0.24609375,0.05859375,0.03515625,-0.0078125,0.109375,0.01171875,0,0
1779630116.437729,0.224609375,0.029296875,0.013671875,-0.0078125,0.109375,0.01171875,0,0
1779630116.445760,0.224609375,0.029296875,0.013671875,-0.0078125,0.09765625,0.01171875,0,0
1779630116.453724,0.19921875,0.0078125,0.013671875,-0.0078125,0.09765625,0.01171875,0,0
1779630116.461660,0.19921875,0.0078125,0.013671875,-0.0078125,0.078125,0.01171875,0,0
1779630116.469678,0.171875,0.0078125,0.013671875,-0.0078125,0.078125,0.01171875,0,0
1779630116.477681,0.171875,0.0078125,0.013671875,-0.0078125,0.060546875,0.01171875,0,0
1779630116.485680,0.150390625,0.0078125,0.013671875,-0.0078125,0.060546875,0.01171875,0,0
1779630116.493674,0.150390625,0.0078125,0.013671875,-0.0078125,0.05078125,0.01171875,0,0
1779630116.501621,0.1484375,0.0078125,0.013671875,-0.0078125,0.05078125,0.01171875,0,0
1779630116.509673,0.1484375,0.0078125,0.013671875,-0.0078125,0.052734375,0.01171875,0,0
1779630116.517712,0.158203125,0.0078125,0.013671875,-0.0078125,0.052734375,0.01171875,0,0
1779630116.525671,0.158203125,0.0078125,0.013671875,0.01171875,0.05859375,0.01171875,0,0
1779630116.533675,0.158203125,0.0078125,0.013671875,0.01171875,0.05859375,0.01171875,0,0
1779630116.541641,0.158203125,0.0078125,0.013671875,0.02734375,0.05859375,0.01171875,0,0
1779630116.549662,0.154296875,-0.00390625,0.013671875,0.02734375,0.05859375,0.01171875,0,0
1779630116.557664,0.154296875,-0.00390625,0.013671875,0.044921875,0.052734375,0.01171875,0,0
1779630116.565659,0.1484375,-0.01171875,0.013671875,0.044921875,0.052734375,0.01171875,0,0
1779630116.573697,0.1484375,-0.01171875,0.013671875,0.052734375,0.046875,0.01171875,0,0
1779630116.581721,0.1484375,-0.015625,0.013671875,0.052734375,0.046875,0.01171875,0,0
1779630116.589699,0.1484375,-0.015625,0.013671875,0.0546875,0.046875,0.01171875,0,0
1779630116.597730,0.14453125,-0.01953125,0.013671875,0.0546875,0.046875,0.01171875,0,0
1779630116.605675,0.14453125,-0.01953125,0.013671875,0.0625,0.046875,0.01171875,0,0
1779630116.613660,0.130859375,-0.021484375,0.013671875,0.0625,0.046875,0.01171875,0,0
1779630116.621648,0.130859375,-0.021484375,0.013671875,0.05859375,0.046875,0.01171875,0,0
1779630116.629712,0.115234375,-0.013671875,0.013671875,0.05859375,0.046875,0.01171875,0,0
1779630116.637720,0.115234375,-0.013671875,0.013671875,0.046875,0.037109375,0.01171875,0,0
1779630116.645674,0.0859375,-0.0078125,0.013671875,0.046875,0.037109375,0.01171875,0,0
1779630116.653714,0.0859375,-0.0078125,0.013671875,0.041015625,0.021484375,0.01171875,0,0
1779630116.661696,0.056640625,-0.0078125,0.0078125,0.041015625,0.021484375,0.01171875,0,0
1779630116.669692,0.056640625,-0.0078125,0.0078125,0.0390625,0.01171875,0.01171875,0,0
1779630116.685707,0.056640625,-0.0078125,0.0078125,0.02734375,0.01171875,0.01171875,0,0
1779630116.715655,0.0,0.0,0.0,0.0,0.0,0.0,0,0
1779630116.746727,0.0,0.0,0.0,0.0,0.0,0.0,0,0
1779630116.777660,0.0,0.0,0.0,0.0,0.0,0.0,0,0
1779630116.808665,0.0,0.0,0.0,0.0,0.0,0.0,0,0
1779630116.839678,0.0,0.0,0.0,0.0,0.0,0.0,0,0
1779630116.870683,0.0,0.0,0.0,0.0,0.0,0.0,0,0
1779630116.901698,0.0,0.0,0.0,0.0,0.0,0.0,0,0
1779630116.932644,0.0,0.0,0.0,0.0,0.0,0.0,0,0
1779630116.963644,0.0,0.0,0.0,0.0,0.0,0.0,0,0
1779630116.994737,0.0,0.0,0.0,0.0,0.0,0.0,0,0
1779630117.025645,0.0,0.0,0.0,0.0,0.0,0.0,0,0
1779630117.056662,0.0,0.0,0.0,0.0,0.0,0.0,0,0
1779630117.087663,0.0,0.0,0.0,0.0,0.0,0.0,0,0
1779630117.118690,0.0,0.0,0.0,0.0,0.0,0.0,0,0
1779630117.149667,0.0,0.0,0.0,0.0,0.0,0.0,0,0
1779630117.180662,0.0,0.0,0.0,0.0,0.0,0.0,0,0
1779630117.211688,0.0,0.0,0.0,0.0,0.0,0.0,0,0
1779630117.242736,0.0,0.0,0.0,0.0,0.0,0.0,0,0
1779630117.273670,0.0,0.0,0.0,0.0,0.0,0.0,0,0
1779630117.304708,0.0,0.0,0.0,0.0,0.0,0.0,0,0
1779630117.335693,0.0,0.0,0.0,0.0,0.0,0.0,0,0
1779630117.366655,0.0,0.0,0.0,0.0,0.0,0.0,0,0
1779630117.397624,0.0,0.0,0.0,0.0,0.0,0.0,0,0
1779630117.428748,0.0,0.0,0.0,0.0,0.0,0.0,0,0
1779630117.459660,0.0,0.0,0.0,0.0,0.0,0.0,0,0
1779630117.490633,0.0,0.0,0.0,0.0,0.0,0.0,0,0
1779630117.521694,0.0,0.0,0.0,0.0,0.0,0.0,0,0
1779630117.552740,0.0,0.0,0.0,0.0,0.0,0.0,0,0
1779630117.583706,0.0,0.0,0.0,0.0,0.0,0.0,0,0
1779630117.614680,0.0,0.0,0.0,0.0,0.0,0.0,0,0
1779630117.645748,0.0,0.0,0.0,0.0,0.0,0.0,0,0
1779630117.676684,0.0,0.0,0.0,0.0,0.0,0.0,0,0
1779630117.707650,0.0,0.0,0.0,0.0,0.0,0.0,0,0
1779630117.738666,0.0,0.0,0.0,0.0,0.0,0.0,0,0
1779630117.769719,0.0,0.0,0.0,0.0,0.0,0.0,0,0
1779630117.800661,0.0,0.0,0.0,0.0,0.0,0.0,0,0
1779630117.831706,0.0,0.0,0.0,0.0,0.0,0.0,0,0
1779630117.862656,0.0,0.0,0.0,0.0,0.0,0.0,0,0
1779630117.893672,0.0,0.0,0.0,0.0,0.0,0.0,0,0
1779630117.924708,0.0,0.0,0.0,0.0,0.0,0.0,0,0
1779630117.955688,0.0,0.0,0.0,0.0,0.0,0.0,0,0
1779630117.986684,0.0,0.0,0.0,0.0,0.0,0.0,0,0
1779630118.017684,0.0,0.0,0.0,0.0,0.0,0.0,0,0
1779630118.048677,0.0,0.0,0.0,0.0,0.0,0.0,0,0
1779630118.079681,0.0,0.0,0.0,0.0,0.0,0.0,0,0
1779630118.110676,0.0,0.0,0.0,0.0,0.0,0.0,0,0
1779630118.141671,0.0,0.0,0.0,0.0,0.0,0.0,0,0
1779630118.172689,0.0,0.0,0.0,0.0,0.0,0.0,0,0
1779630118.203706,0.0,0.0,0.0,0.0,0.0,0.0,0,0
1779630118.234696,0.0,0.0,0.0,0.0,0.0,0.0,0,0
1779630118.265631,0.0,0.0,0.0,0.0,0.0,0.0,0,0
1779630118.296621,0.0,0.0,0.0,0.0,0.0,0.0,0,0
1779630118.327691,0.0,0.0,0.0,0.0,0.0,0.0,0,0
1779630118.358695,0.0,0.0,0.0,0.0,0.0,0.0,0,0
1779630118.389657,0.0,0.0,0.0,0.0,0.0,0.0,0,0
1779630118.420674,0.0,0.0,0.0,0.0,0.0,0.0,0,0
1779630118.451664,0.0,0.0,0.0,0.0,0.0,0.0,0,0
1779630118.482645,0.0,0.0,0.0,0.0,0.0,0.0,0,0
1779630118.513657,0.0,0.0,0.0,0.0,0.0,0.0,0,0
1779630118.544672,0.0,0.0,0.0,0.0,0.0,0.0,0,0
1779630118.575686,0.0,0.0,0.0,0.0,0.0,0.0,0,0
1779630118.606681,0.0,0.0,0.0,0.0,0.0,0.0,0,0
1779630118.637708,0.0,0.0,0.0,0.0,0.0,0.0,0,0
1779630118.668641,0.0,0.0,0.0,0.0,0.0,0.0,0,0
1779630118.699708,0.0,0.0,0.0,0.0,0.0,0.0,0,0
1779630118.730653,0.0,0.0,0.0,0.0,0.0,0.0,0,0
1779630118.761647,0.0,0.0,0.0,0.0,0.0,0.0,0,0
1779630118.792679,0.0,0.0,0.0,0.0,0.0,0.0,0,0
1779630118.823614,0.0,0.0,0.0,0.0,0.0,0.0,0,0
1779630118.854678,0.0,0.0,0.0,0.0,0.0,0.0,0,0
1779630118.885643,0.0,0.0,0.0,0.0,0.0,0.0,0,0
1779630118.916690,0.0,0.0,0.0,0.0,0.0,0.0,0,0
1779630118.947711,0.0,0.0,0.0,0.0,0.0,0.0,0,0
1779630118.978673,0.0,0.0,0.0,0.0,0.0,0.0,0,0
1779630119.009673,0.0,0.0,0.0,0.0,0.0,0.0,0,0
1779630119.040703,0.0,0.0,0.0,0.0,0.0,0.0,0,0
1779630119.071691,0.0,0.0,0.0,0.0,0.0,0.0,0,0
1779630119.102683,0.0,0.0,0.0,0.0,0.0,0.0,0,0
1779630119.133693,0.0,0.0,0.0,0.0,0.0,0.0,0,0
1779630119.164689,0.0,0.0,0.0,0.0,0.0,0.0,0,0
1779630119.195697,0.0,0.0,0.0,0.0,0.0,0.0,0,0
1779630119.226648,0.0,0.0,0.0,0.0,0.0,0.0,0,0
1779630119.257712,0.0,0.0,0.0,0.0,0.0,0.0,0,0
1779630119.288704,0.0,0.0,0.0,0.0,0.0,0.0,0,0
1779630119.319664,0.0,0.0,0.0,0.0,0.0,0.0,0,0
1779630119.350676,0.0,0.0,0.0,0.0,0.0,0.0,0,0
1779630119.381737,0.0,0.0,0.0,0.0,0.0,0.0,0,0
1779630119.412703,0.0,0.0,0.0,0.0,0.0,0.0,0,0
1779630119.443741,0.0,0.0,0.0,0.0,0.0,0.0,0,0
1779630119.474670,0.0,0.0,0.0,0.0,0.0,0.0,0,0
1779630119.505664,0.0,0.0,0.0,0.0,0.0,0.0,0,0
1779630119.536661,0.0,0.0,0.0,0.0,0.0,0.0,0,0
1779630119.567672,0.0,0.0,0.0,0.0,0.0,0.0,0,0
1779630119.598680,0.0,0.0,0.0,0.0,0.0,0.0,0,0
1779630119.629695,0.0,0.0,0.0,0.0,0.0,0.0,0,0
1779630119.660653,0.0,0.0,0.0,0.0,0.0,0.0,0,0
1779630119.691674,0.0,0.0,0.0,0.0,0.0,0.0,0,0
1779630119.722691,0.0,0.0,0.0,0.0,0.0,0.0,0,0
1779630119.753648,0.0,0.0,0.0,0.0,0.0,0.0,0,0
1779630119.784711,0.0,0.0,0.0,0.0,0.0,0.0,0,0
1779630119.815686,0.0,0.0,0.0,0.0,0.0,0.0,0,0
1779630119.846689,0.0,0.0,0.0,0.0,0.0,0.0,0,0
1779630119.877667,0.0,0.0,0.0,0.0,0.0,0.0,0,0
1779630119.908629,0.0,0.0,0.0,0.0,0.0,0.0,0,0
1779630119.939650,0.0,0.0,0.0,0.0,0.0,0.0,0,0
1779630119.970649,0.0,0.0,0.0,0.0,0.0,0.0,0,0
1779630120.001717,0.0,0.0,0.0,0.0,0.0,0.0,0,0
1779630120.032699,0.0,0.0,0.0,0.0,0.0,0.0,0,0
1779630120.063724,0.0,0.0,0.0,0.0,0.0,0.0,0,0
1779630120.094695,0.0,0.0,0.0,0.0,0.0,0.0,0,0
1779630120.125727,0.0,0.0,0.0,0.0,0.0,0.0,0,0
1779630120.156705,0.0,0.0,0.0,0.0,0.0,0.0,0,0
1779630120.187689,0.0,0.0,0.0,0.0,0.0,0.0,0,0
1779630120.218628,0.0,0.0,0.0,0.0,0.0,0.0,0,0
1779630120.249657,0.0,0.0,0.0,0.0,0.0,0.0,0,0
1779630120.280671,0.0,0.0,0.0,0.0,0.0,0.0,0,0
1779630120.311739,0.0,0.0,0.0,0.0,0.0,0.0,0,0
1779630120.342718,0.0,0.0,0.0,0.0,0.0,0.0,0,0
1779630120.373696,0.0,0.0,0.0,0.0,0.0,0.0,0,0
1779630120.404707,0.0,0.0,0.0,0.0,0.0,0.0,0,0
1779630120.435702,0.0,0.0,0.0,0.0,0.0,0.0,0,0
1779630120.466697,0.0,0.0,0.0,0.0,0.0,0.0,0,0
1779630120.497638,0.0,0.0,0.0,0.0,0.0,0.0,0,0
1779630120.528677,0.0,0.0,0.0,0.0,0.0,0.0,0,0
1779630120.559703,0.0,0.0,0.0,0.0,0.0,0.0,0,0
1779630120.590732,0.0,0.0,0.0,0.0,0.0,0.0,0,0
1779630120.621721,0.0,0.0,0.0,0.0,0.0,0.0,0,0
1779630120.652674,0.0,0.0,0.0,0.0,0.0,0.0,0,0
1779630120.683679,0.0,0.0,0.0,0.0,0.0,0.0,0,0
1779630120.714704,0.0,0.0,0.0,0.0,0.0,0.0,0,0
1779630120.745717,0.0,0.0,0.0,0.0,0.0,0.0,0,0
1779630120.776735,0.0,0.0,0.0,0.0,0.0,0.0,0,0
1779630120.807706,0.0,0.0,0.0,0.0,0.0,0.0,0,0
1779630120.838647,0.0,0.0,0.0,0.0,0.0,0.0,0,0
1779630120.869687,0.0,0.0,0.0,0.0,0.0,0.0,0,0
1779630120.900662,0.0,0.0,0.0,0.0,0.0,0.0,0,0
1779630120.931668,0.0,0.0,0.0,0.0,0.0,0.0,0,0
1779630120.962670,0.0,0.0,0.0,0.0,0.0,0.0,0,0
1779630120.993667,0.0,0.0,0.0,0.0,0.0,0.0,0,0
1779630121.024704,0.0,0.0,0.0,0.0,0.0,0.0,0,0
1779630121.055659,0.0,0.0,0.0,0.0,0.0,0.0,0,0
1779630121.086734,0.0,0.0,0.0,0.0,0.0,0.0,0,0
1779630121.117668,0.0,0.0,0.0,0.0,0.0,0.0,0,0
1779630121.148653,0.0,0.0,0.0,0.0,0.0,0.0,0,0
1779630121.179663,0.0,0.0,0.0,0.0,0.0,0.0,0,0
1779630121.210672,0.0,0.0,0.0,0.0,0.0,0.0,0,0
1779630121.241674,0.0,0.0,0.0,0.0,0.0,0.0,0,0
1779630121.272697,0.0,0.0,0.0,0.0,0.0,0.0,0,0
1779630121.303663,0.0,0.0,0.0,0.0,0.0,0.0,0,0
1779630121.334713,0.0,0.0,0.0,0.0,0.0,0.0,0,0
1779630121.365714,0.0,0.0,0.0,0.0,0.0,0.0,0,0
1779630121.396722,0.0,0.0,0.0,0.0,0.0,0.0,0,0
1779630121.427673,0.0,0.0,0.0,0.0,0.0,0.0,0,0
1779630121.458651,0.0,0.0,0.0,0.0,0.0,0.0,0,0
1779630121.489731,0.0,0.0,0.0,0.0,0.0,0.0,0,0
1779630121.520664,0.0,0.0,0.0,0.0,0.0,0.0,0,0
1779630121.551668,0.0,0.0,0.0,0.0,0.0,0.0,0,0
1779630121.582688,0.0,0.0,0.0,0.0,0.0,0.0,0,0
1779630121.613912,0.0,0.0,0.0,0.0,0.0,0.0,0,0
1779630121.644704,0.0,0.0,0.0,0.0,0.0,0.0,0,0
1779630121.675702,0.0,0.0,0.0,0.0,0.0,0.0,0,0
1779630121.706685,0.0,0.0,0.0,0.0,0.0,0.0,0,0
1779630121.737722,0.0,0.0,0.0,0.0,0.0,0.0,0,0
1779630121.768657,0.0,0.0,0.0,0.0,0.0,0.0,0,0
1779630121.799711,0.0,0.0,0.0,0.0,0.0,0.0,0,0
1779630121.830689,0.0,0.0,0.0,0.0,0.0,0.0,0,0
1779630121.861707,0.0,0.0,0.0,0.0,0.0,0.0,0,0
1779630121.892687,0.0,0.0,0.0,0.0,0.0,0.0,0,0
1779630121.923701,0.0,0.0,0.0,0.0,0.0,0.0,0,0
1779630121.954616,0.0,0.0,0.0,0.0,0.0,0.0,0,0
1779630121.985692,0.0,0.0,0.0,0.0,0.0,0.0,0,0
1779630122.016686,0.0,0.0,0.0,0.0,0.0,0.0,0,0
1779630122.047726,0.0,0.0,0.0,0.0,0.0,0.0,0,0
1779630122.078675,0.0,0.0,0.0,0.0,0.0,0.0,0,0
1779630122.109703,0.0,0.0,0.0,0.0,0.0,0.0,0,0
1779630122.140650,0.0,0.0,0.0,0.0,0.0,0.0,0,0
1779630122.171667,0.0,0.0,0.0,0.0,0.0,0.0,0,0
1779630122.202659,0.0,0.0,0.0,0.0,0.0,0.0,0,0
1779630122.233644,0.0,0.0,0.0,0.0,0.0,0.0,0,0
1779630122.264680,0.0,0.0,0.0,0.0,0.0,0.0,0,0
1779630122.295690,0.0,0.0,0.0,0.0,0.0,0.0,0,0
1779630122.326660,0.0,0.0,0.0,0.0,0.0,0.0,0,0
1779630122.357694,0.0,0.0,0.0,0.0,0.0,0.0,0,0
1779630122.388733,0.0,0.0,0.0,0.0,0.0,0.0,0,0
1779630122.419686,0.0,0.0,0.0,0.0,0.0,0.0,0,0
1779630122.450695,0.0,0.0,0.0,0.0,0.0,0.0,0,0
1779630122.481603,0.0,0.0,0.0,0.0,0.0,0.0,0,0
1779630122.512696,0.0,0.0,0.0,0.0,0.0,0.0,0,0
1779630122.543680,0.0,0.0,0.0,0.0,0.0,0.0,0,0
1779630122.574681,0.0,0.0,0.0,0.0,0.0,0.0,0,0
1779630122.605693,0.0,0.0,0.0,0.0,0.0,0.0,0,0
1779630122.636608,0.0,0.0,0.0,0.0,0.0,0.0,0,0
1779630122.667682,0.0,0.0,0.0,0.0,0.0,0.0,0,0
1779630122.698686,0.0,0.0,0.0,0.0,0.0,0.0,0,0
1779630122.729720,0.0,0.0,0.0,0.0,0.0,0.0,0,0
1779630122.760665,0.0,0.0,0.0,0.0,0.0,0.0,0,0
1779630122.791647,0.0,0.0,0.0,0.0,0.0,0.0,0,0
1779630122.822693,0.0,0.0,0.0,0.0,0.0,0.0,0,0
1779630122.853617,0.0,0.0,0.0,0.0,0.0,0.0,0,0
1779630122.884684,0.0,0.0,0.0,0.0,0.0,0.0,0,0
1779630122.915679,0.0,0.0,0.0,0.0,0.0,0.0,0,0
1779630122.946713,0.0,0.0,0.0,0.0,0.0,0.0,0,0
1779630122.977708,0.0,0.0,0.0,0.0,0.0,0.0,0,0
1779630123.008630,0.0,0.0,0.0,0.0,0.0,0.0,0,0
1779630123.039660,0.0,0.0,0.0,0.0,0.0,0.0,0,0
1779630123.070677,0.0,0.0,0.0,0.0,0.0,0.0,0,0
1779630123.101709,0.0,0.0,0.0,0.0,0.0,0.0,0,0
1779630123.132768,0.0,0.0,0.0,0.0,0.0,0.0,0,0
1779630123.163708,0.0,0.0,0.0,0.0,0.0,0.0,0,0
1779630123.194651,0.0,0.0,0.0,0.0,0.0,0.0,0,0
1779630123.225665,0.0,0.0,0.0,0.0,0.0,0.0,0,0
1779630123.256671,0.0,0.0,0.0,0.0,0.0,0.0,0,0
1779630123.287683,0.0,0.0,0.0,0.0,0.0,0.0,0,0
1779630123.318656,0.0,0.0,0.0,0.0,0.0,0.0,0,0
1779630123.349653,0.0,0.0,0.0,0.0,0.0,0.0,0,0
1779630123.380659,0.0,0.0,0.0,0.0,0.0,0.0,0,0
1779630123.411661,0.0,0.0,0.0,0.0,0.0,0.0,0,0
1779630123.442651,0.0,0.0,0.0,0.0,0.0,0.0,0,0
1779630123.473674,0.0,0.0,0.0,0.0,0.0,0.0,0,0
1779630123.504662,0.0,0.0,0.0,0.0,0.0,0.0,0,0
1779630123.535658,0.0,0.0,0.0,0.0,0.0,0.0,0,0
1779630123.566725,0.0,0.0,0.0,0.0,0.0,0.0,0,0
1779630123.597717,0.0,0.0,0.0,0.0,0.0,0.0,0,0
1779630123.628707,0.0,0.0,0.0,0.0,0.0,0.0,0,0
1779630123.659704,0.0,0.0,0.0,0.0,0.0,0.0,0,0
1779630123.690691,0.0,0.0,0.0,0.0,0.0,0.0,0,0
1779630123.721707,0.0,0.0,0.0,0.0,0.0,0.0,0,0
1779630123.752683,0.0,0.0,0.0,0.0,0.0,0.0,0,0
1779630123.783681,0.0,0.0,0.0,0.0,0.0,0.0,0,0
1779630123.814661,0.0,0.0,0.0,0.0,0.0,0.0,0,0
1779630123.845670,0.0,0.0,0.0,0.0,0.0,0.0,0,0
1779630123.876686,0.0,0.0,0.0,0.0,0.0,0.0,0,0
1779630123.907661,0.0,0.0,0.0,0.0,0.0,0.0,0,0
1779630123.938644,0.0,0.0,0.0,0.0,0.0,0.0,0,0
1779630123.969698,0.0,0.0,0.0,0.0,0.0,0.0,0,0
1779630124.000719,0.0,0.0,0.0,0.0,0.0,0.0,0,0
1779630124.031713,0.0,0.0,0.0,0.0,0.0,0.0,0,0
1779630124.062665,0.0,0.0,0.0,0.0,0.0,0.0,0,0
1779630124.093716,0.0,0.0,0.0,0.0,0.0,0.0,0,0
1779630124.124700,0.0,0.0,0.0,0.0,0.0,0.0,0,1
1779630124.155705,0.0,0.0,0.0,0.0,0.0,0.0,0,1
1779630124.186674,0.0,0.0,0.0,0.0,0.0,0.0,0,0
1779630124.217700,0.0,0.0,0.0,0.0,0.0,0.0,0,0
1779630124.248681,0.0,0.0,0.0,0.0,0.0,0.0,0,0
1779630124.279658,0.0,0.0,0.0,0.0,0.0,0.0,0,0
1779630124.310650,0.0,0.0,0.0,0.0,0.0,0.0,0,0
1779630124.341671,0.0,0.0,0.0,0.0,0.0,0.0,0,0
1779630124.372661,0.0,0.0,0.0,0.0,0.0,0.0,0,0
1779630124.403712,0.0,0.0,0.0,0.0,0.0,0.0,0,0
1779630124.434706,0.0,0.0,0.0,0.0,0.0,0.0,0,0
1779630124.465730,0.0,0.0,0.0,0.0,0.0,0.0,0,0
1779630124.496728,0.0,0.0,0.0,0.0,0.0,0.0,0,0
1779630124.525634,0.056640625,-0.0078125,0.00390625,0.02734375,0.01171875,0.01171875,0,0
1779630124.541733,0.056640625,-0.0078125,0.015625,0.02734375,0.01171875,0.01171875,0,0
1779630124.557709,0.056640625,-0.0078125,0.03125,0.02734375,0.01171875,0.01171875,0,0
1779630124.573663,0.056640625,-0.0078125,0.03515625,0.02734375,0.01171875,0.01171875,0,0
1779630124.589746,0.056640625,-0.0078125,0.048828125,0.02734375,0.01171875,0.01171875,0,0
1779630124.605660,0.056640625,-0.0078125,0.07421875,0.02734375,0.01171875,0.01171875,0,0
1779630124.621724,0.056640625,-0.0078125,0.140625,0.02734375,0.01171875,0.01171875,0,0
1779630124.637707,0.056640625,-0.0078125,0.25390625,0.02734375,0.01171875,0.01171875,0,0
1779630124.645724,0.056640625,-0.0078125,0.25390625,0.033203125,0.01171875,-0.009765625,0,0
1779630124.653711,0.056640625,-0.0078125,0.296875,0.033203125,0.01171875,-0.009765625,0,0
1779630124.661749,0.056640625,-0.0078125,0.296875,0.06640625,0.01171875,-0.025390625,0,0
1779630124.669673,0.056640625,-0.0078125,0.310546875,0.06640625,0.01171875,-0.025390625,0,0
1779630124.677703,0.056640625,-0.0078125,0.310546875,0.078125,0.01171875,-0.0390625,0,0
1779630124.685683,0.056640625,-0.0078125,0.3046875,0.078125,0.01171875,-0.0390625,0,0
1779630124.693692,0.056640625,-0.0078125,0.3046875,0.07421875,0.01171875,-0.046875,0,0
1779630124.701663,0.056640625,-0.0078125,0.32421875,0.07421875,0.01171875,-0.046875,0,0
1779630124.709685,0.056640625,-0.0078125,0.32421875,0.07421875,0.01171875,-0.03125,0,0
1779630124.717688,0.056640625,-0.0078125,0.359375,0.07421875,0.01171875,-0.03125,0,0
1779630124.725683,0.056640625,-0.0078125,0.359375,0.064453125,0.01171875,-0.015625,0,0
1779630124.733697,0.0078125,-0.0078125,0.376953125,0.064453125,0.01171875,-0.015625,0,0
1779630124.741685,0.0078125,-0.0078125,0.376953125,0.0546875,0.01171875,-0.005859375,0,0
1779630124.749693,0.025390625,-0.0078125,0.3984375,0.0546875,0.01171875,-0.005859375,0,0
1779630124.757702,0.025390625,-0.0078125,0.3984375,0.04296875,0.01171875,0.0,0,0
1779630124.765669,0.041015625,-0.0078125,0.408203125,0.04296875,0.01171875,0.0,0,0
1779630124.773715,0.041015625,-0.0078125,0.408203125,0.0390625,0.01171875,-0.0078125,0,0
1779630124.781712,0.052734375,-0.0078125,0.404296875,0.0390625,0.01171875,-0.0078125,0,0
1779630124.789712,0.052734375,-0.0078125,0.404296875,0.02734375,0.00390625,-0.017578125,0,0
1779630124.797701,0.05078125,-0.0078125,0.38671875,0.02734375,0.00390625,-0.017578125,0,0
1779630124.805713,0.05078125,-0.0078125,0.38671875,0.017578125,0.0,-0.033203125,0,0
1779630124.813716,0.046875,-0.0078125,0.369140625,0.017578125,0.0,-0.033203125,0,0
1779630124.821651,0.046875,-0.0078125,0.369140625,0.00390625,0.0,-0.052734375,0,0
1779630124.829643,0.05078125,-0.0078125,0.359375,0.00390625,0.0,-0.052734375,0,0
1779630124.837675,0.05078125,-0.0078125,0.359375,0.00390625,0.0,-0.076171875,0,0
1779630124.845723,0.06640625,-0.0078125,0.353515625,0.00390625,0.0,-0.076171875,0,0
1779630124.853752,0.06640625,-0.0078125,0.353515625,0.00390625,0.0,-0.1015625,0,0
1779630124.861693,0.080078125,-0.009765625,0.34375,0.00390625,0.0,-0.1015625,0,0
1779630124.869695,0.080078125,-0.009765625,0.34375,0.00390625,0.005859375,-0.138671875,0,0
1779630124.877709,0.08984375,-0.01171875,0.328125,0.00390625,0.005859375,-0.138671875,0,0
1779630124.885689,0.08984375,-0.01171875,0.328125,0.00390625,0.005859375,-0.189453125,0,0
1779630124.893696,0.103515625,-0.037109375,0.306640625,0.00390625,0.005859375,-0.189453125,0,0
1779630124.901700,0.103515625,-0.037109375,0.306640625,0.00390625,0.005859375,-0.259765625,0,0
1779630124.909629,0.126953125,-0.060546875,0.291015625,0.00390625,0.005859375,-0.259765625,0,0
1779630124.917692,0.126953125,-0.060546875,0.291015625,0.0078125,0.005859375,-0.337890625,0,0
1779630124.925663,0.130859375,-0.072265625,0.271484375,0.0078125,0.005859375,-0.337890625,0,0
1779630124.933697,0.130859375,-0.072265625,0.271484375,0.015625,0.005859375,-0.41015625,0,0
1779630124.941643,0.126953125,-0.07421875,0.24609375,0.015625,0.005859375,-0.41015625,0,0
1779630124.949677,0.126953125,-0.07421875,0.24609375,0.015625,0.005859375,-0.44921875,0,0
1779630124.957643,0.115234375,-0.072265625,0.21875,0.015625,0.005859375,-0.44921875,0,0
1779630124.965694,0.115234375,-0.072265625,0.21875,0.0,0.005859375,-0.482421875,0,0
1779630124.974279,0.091796875,-0.072265625,0.193359375,0.0,0.005859375,-0.482421875,0,0
1779630124.981663,0.091796875,-0.072265625,0.193359375,0.0,0.005859375,-0.529296875,0,0
1779630124.989654,0.05859375,-0.033203125,0.16796875,0.0,0.005859375,-0.529296875,0,0
1779630124.997684,0.05859375,-0.033203125,0.16796875,0.009765625,0.005859375,-0.5859375,0,0
1779630125.005691,0.0390625,-0.033203125,0.15625,0.009765625,0.005859375,-0.5859375,0,0
1779630125.013742,0.0390625,-0.033203125,0.15625,0.0234375,0.005859375,-0.62109375,0,0
1779630125.021694,0.03125,-0.033203125,0.15234375,0.0234375,0.005859375,-0.62109375,0,0
1779630125.029735,0.03125,-0.033203125,0.15234375,0.033203125,0.005859375,-0.62890625,0,0
1779630125.037678,0.033203125,-0.033203125,0.1484375,0.033203125,0.005859375,-0.62890625,0,0
1779630125.045680,0.033203125,-0.033203125,0.1484375,0.046875,0.005859375,-0.619140625,0,0
1779630125.053659,0.0390625,-0.017578125,0.1484375,0.046875,0.005859375,-0.619140625,0,0
1779630125.061679,0.0390625,-0.017578125,0.1484375,0.078125,0.005859375,-0.578125,0,0
1779630125.069670,0.046875,-0.06640625,0.150390625,0.078125,0.005859375,-0.578125,0,0
1779630125.077686,0.046875,-0.06640625,0.150390625,0.09375,0.005859375,-0.529296875,0,0
1779630125.085745,0.0703125,-0.072265625,0.15625,0.09375,0.005859375,-0.529296875,0,0
1779630125.093732,0.0703125,-0.072265625,0.15625,0.095703125,0.005859375,-0.498046875,0,0
1779630125.101723,0.05859375,-0.068359375,0.15234375,0.095703125,0.005859375,-0.498046875,0,0
1779630125.109715,0.05859375,-0.068359375,0.15234375,0.099609375,0.005859375,-0.505859375,0,0
1779630125.117670,0.033203125,-0.05859375,0.14453125,0.099609375,0.005859375,-0.505859375,0,0
1779630125.125685,0.033203125,-0.05859375,0.14453125,0.1015625,0.005859375,-0.537109375,0,0
1779630125.133681,0.013671875,-0.037109375,0.140625,0.1015625,0.005859375,-0.537109375,0,0
1779630125.141683,0.013671875,-0.037109375,0.140625,0.09375,0.005859375,-0.57421875,0,0
1779630125.149689,0.00390625,-0.01953125,0.14453125,0.09375,0.005859375,-0.57421875,0,0
1779630125.157671,0.00390625,-0.01953125,0.14453125,0.080078125,0.005859375,-0.599609375,0,0
1779630125.165733,0.0,-0.01953125,0.138671875,0.080078125,0.005859375,-0.599609375,0,0
1779630125.173685,0.0,-0.01953125,0.138671875,0.060546875,0.005859375,-0.625,0,0
1779630125.181724,0.0078125,-0.01953125,0.1328125,0.060546875,0.005859375,-0.625,0,0
1779630125.189679,0.0078125,-0.01953125,0.1328125,0.041015625,0.005859375,-0.646484375,0,0
1779630125.197716,0.0078125,-0.01953125,0.142578125,0.041015625,0.005859375,-0.646484375,0,0
1779630125.205679,0.0078125,-0.01953125,0.142578125,0.03515625,0.005859375,-0.658203125,0,0
1779630125.213652,0.0078125,-0.01953125,0.15234375,0.03515625,0.005859375,-0.658203125,0,0
1779630125.221664,0.0078125,-0.01953125,0.15234375,0.052734375,0.005859375,-0.66796875,0,0
1779630125.229723,0.0078125,-0.01953125,0.1484375,0.052734375,0.005859375,-0.66796875,0,0
1779630125.237696,0.0078125,-0.01953125,0.1484375,0.080078125,0.005859375,-0.681640625,0,0
1779630125.245703,0.0078125,-0.01953125,0.1484375,0.080078125,0.005859375,-0.681640625,0,0
1779630125.253700,0.0078125,-0.01953125,0.1484375,0.08203125,0.005859375,-0.681640625,0,0
1779630125.261706,0.0078125,-0.01953125,0.1484375,0.08203125,0.005859375,-0.681640625,0,0
1779630125.269698,0.0078125,-0.01953125,0.1484375,0.08203125,0.005859375,-0.68359375,0,0
1779630125.277639,0.0078125,-0.01953125,0.1484375,0.08203125,0.005859375,-0.68359375,0,0
1779630125.285717,0.0078125,-0.01953125,0.1484375,0.08203125,0.005859375,-0.68359375,0,0
1779630125.293701,0.0078125,-0.01953125,0.1484375,0.08203125,0.005859375,-0.68359375,0,0
1779630125.301721,0.0078125,-0.01953125,0.1484375,0.08203125,0.005859375,-0.68359375,0,0
1779630125.309639,0.0078125,-0.01953125,0.14453125,0.08203125,0.005859375,-0.68359375,0,0
1779630125.317652,0.0078125,-0.01953125,0.14453125,0.0859375,0.005859375,-0.68359375,0,0
1779630125.325697,0.0078125,-0.01953125,0.138671875,0.0859375,0.005859375,-0.68359375,0,0
1779630125.334402,0.0078125,-0.01953125,0.138671875,0.0859375,0.005859375,-0.68359375,0,0
1779630125.341630,0.0078125,-0.01953125,0.119140625,0.0859375,0.005859375,-0.68359375,0,0
1779630125.349715,0.0078125,-0.01953125,0.119140625,0.07421875,0.005859375,-0.68359375,0,0
1779630125.357678,0.0078125,-0.01953125,0.107421875,0.07421875,0.005859375,-0.68359375,0,0
1779630125.365700,0.0078125,-0.01953125,0.107421875,0.056640625,0.005859375,-0.68359375,0,0
1779630125.373690,0.0078125,-0.01953125,0.091796875,0.056640625,0.005859375,-0.68359375,0,0
1779630125.381714,0.0078125,-0.01953125,0.091796875,0.06640625,0.005859375,-0.68359375,0,0
1779630125.389666,0.0078125,-0.01953125,0.08984375,0.06640625,0.005859375,-0.68359375,0,0
1779630125.397772,0.0078125,-0.01953125,0.08984375,0.072265625,0.005859375,-0.68359375,0,0
1779630125.405688,0.0078125,-0.01953125,0.083984375,0.072265625,0.005859375,-0.68359375,0,0
1779630125.413728,0.0078125,-0.01953125,0.083984375,0.078125,0.005859375,-0.68359375,0,0
1779630125.421691,0.0078125,-0.01953125,0.078125,0.078125,0.005859375,-0.68359375,0,0
1779630125.429731,0.0078125,-0.01953125,0.078125,0.0859375,0.005859375,-0.68359375,0,0
1779630125.437689,0.0078125,-0.01953125,0.07421875,0.0859375,0.005859375,-0.68359375,0,0
1779630125.445710,0.0078125,-0.01953125,0.07421875,0.083984375,0.005859375,-0.6796875,0,0
1779630125.453682,0.0078125,-0.01953125,0.068359375,0.083984375,0.005859375,-0.6796875,0,0
1779630125.461695,0.0078125,-0.01953125,0.068359375,0.07421875,0.005859375,-0.671875,0,0
1779630125.469753,0.0078125,-0.01953125,0.0703125,0.07421875,0.005859375,-0.671875,0,0
1779630125.477710,0.0078125,-0.01953125,0.0703125,0.05859375,0.005859375,-0.66015625,0,0
1779630125.485710,0.037109375,-0.01953125,0.0703125,0.05859375,0.005859375,-0.66015625,0,0
1779630125.493640,0.037109375,-0.01953125,0.0703125,0.04296875,0.005859375,-0.640625,0,0
1779630125.501717,0.107421875,-0.01953125,0.064453125,0.04296875,0.005859375,-0.640625,0,0
1779630125.509742,0.107421875,-0.01953125,0.064453125,0.025390625,0.005859375,-0.6015625,0,0
1779630125.517667,0.16796875,-0.005859375,0.06640625,0.025390625,0.005859375,-0.6015625,0,0
1779630125.525770,0.16796875,-0.005859375,0.06640625,0.01953125,0.005859375,-0.55859375,0,0
1779630125.533750,0.203125,-0.005859375,0.0703125,0.01953125,0.005859375,-0.55859375,0,0
1779630125.541698,0.203125,-0.005859375,0.0703125,0.01171875,0.005859375,-0.5390625,0,0
1779630125.549702,0.21484375,-0.013671875,0.080078125,0.01171875,0.005859375,-0.5390625,0,0
1779630125.557690,0.21484375,-0.013671875,0.080078125,0.00390625,0.005859375,-0.529296875,0,0
1779630125.565727,0.216796875,-0.017578125,0.095703125,0.00390625,0.005859375,-0.529296875,0,0
1779630125.573733,0.216796875,-0.017578125,0.095703125,0.00390625,0.005859375,-0.529296875,0,0
1779630125.581715,0.220703125,-0.01953125,0.119140625,0.00390625,0.005859375,-0.529296875,0,0
1779630125.589703,0.220703125,-0.01953125,0.119140625,0.00390625,0.01953125,-0.529296875,0,0
1779630125.597761,0.224609375,-0.0234375,0.134765625,0.00390625,0.01953125,-0.529296875,0,0
1779630125.605659,0.224609375,-0.0234375,0.134765625,0.00390625,0.03515625,-0.525390625,0,0
1779630125.613705,0.244140625,-0.0234375,0.138671875,0.00390625,0.03515625,-0.525390625,0,0
1779630125.621681,0.244140625,-0.0234375,0.138671875,0.00390625,0.04296875,-0.505859375,0,0
1779630125.629698,0.259765625,-0.021484375,0.146484375,0.00390625,0.04296875,-0.505859375,0,0
1779630125.637641,0.259765625,-0.021484375,0.146484375,0.00390625,0.046875,-0.48828125,0,0
1779630125.645714,0.275390625,-0.01171875,0.169921875,0.00390625,0.046875,-0.48828125,0,0
1779630125.653718,0.275390625,-0.01171875,0.169921875,0.009765625,0.048828125,-0.46875,0,0
1779630125.661717,0.26953125,-0.01171875,0.193359375,0.009765625,0.048828125,-0.46875,0,0
1779630125.669678,0.26953125,-0.01171875,0.193359375,0.01171875,0.0546875,-0.466796875,0,0
1779630125.677672,0.24609375,-0.01171875,0.21875,0.01171875,0.0546875,-0.466796875,0,0
1779630125.685669,0.24609375,-0.01171875,0.21875,0.01171875,0.056640625,-0.478515625,0,0
1779630125.693698,0.228515625,-0.01171875,0.23828125,0.01171875,0.056640625,-0.478515625,0,0
1779630125.701635,0.228515625,-0.01171875,0.23828125,0.009765625,0.05859375,-0.48828125,0,0
1779630125.709703,0.216796875,-0.01171875,0.244140625,0.009765625,0.05859375,-0.48828125,0,0
1779630125.717632,0.216796875,-0.01171875,0.244140625,0.009765625,0.05859375,-0.494140625,0,0
1779630125.725636,0.216796875,-0.01171875,0.248046875,0.009765625,0.05859375,-0.494140625,0,0
1779630125.733645,0.216796875,-0.01171875,0.248046875,0.0078125,0.05859375,-0.494140625,0,0
1779630125.741724,0.220703125,-0.01171875,0.25,0.0078125,0.05859375,-0.494140625,0,0
1779630125.749696,0.220703125,-0.01171875,0.25,0.0078125,0.05859375,-0.486328125,0,0
1779630125.757691,0.228515625,-0.01171875,0.259765625,0.0078125,0.05859375,-0.486328125,0,0
1779630125.765735,0.228515625,-0.01171875,0.259765625,0.0078125,0.05859375,-0.478515625,0,0
1779630125.773688,0.22265625,-0.01171875,0.271484375,0.0078125,0.05859375,-0.478515625,0,0
1779630125.781680,0.22265625,-0.01171875,0.271484375,0.0078125,0.056640625,-0.482421875,0,0
1779630125.789693,0.216796875,-0.01171875,0.275390625,0.0078125,0.056640625,-0.482421875,0,0
1779630125.797742,0.216796875,-0.01171875,0.275390625,0.0078125,0.056640625,-0.484375,0,0
1779630125.805711,0.212890625,-0.01171875,0.275390625,0.0078125,0.056640625,-0.484375,0,0
1779630125.813682,0.212890625,-0.01171875,0.275390625,0.0078125,0.05859375,-0.48828125,0,0
1779630125.821671,0.203125,-0.01171875,0.275390625,0.0078125,0.05859375,-0.48828125,0,0
1779630125.829688,0.203125,-0.01171875,0.275390625,0.0078125,0.05859375,-0.5,0,0
1779630125.837674,0.189453125,-0.01171875,0.271484375,0.0078125,0.05859375,-0.5,0,0
1779630125.845663,0.189453125,-0.01171875,0.271484375,0.0078125,0.05859375,-0.513671875,0,0
1779630125.853716,0.1796875,-0.01171875,0.271484375,0.0078125,0.05859375,-0.513671875,0,0
1779630125.861705,0.1796875,-0.01171875,0.271484375,0.0078125,0.060546875,-0.529296875,0,0
1779630125.869652,0.154296875,-0.01171875,0.275390625,0.0078125,0.060546875,-0.529296875,0,0
1779630125.877668,0.154296875,-0.01171875,0.275390625,0.0,0.0625,-0.544921875,0,0
1779630125.885674,0.12890625,-0.01171875,0.275390625,0.0,0.0625,-0.544921875,0,0
1779630125.893693,0.12890625,-0.01171875,0.275390625,0.009765625,0.0625,-0.55859375,0,0
1779630125.901704,0.1015625,-0.01171875,0.275390625,0.009765625,0.0625,-0.55859375,0,0
1779630125.909662,0.1015625,-0.01171875,0.275390625,0.025390625,0.0625,-0.576171875,0,0
1779630125.917676,0.083984375,-0.01171875,0.271484375,0.025390625,0.0625,-0.576171875,0,0
1779630125.925684,0.083984375,-0.01171875,0.271484375,0.03125,0.060546875,-0.5859375,0,0
1779630125.933707,0.072265625,-0.01171875,0.26953125,0.03125,0.060546875,-0.5859375,0,0
1779630125.941650,0.072265625,-0.01171875,0.26953125,0.037109375,0.05859375,-0.591796875,0,0
1779630125.949652,0.0625,-0.01171875,0.265625,0.037109375,0.05859375,-0.591796875,0,0
1779630125.957695,0.0625,-0.01171875,0.265625,0.041015625,0.05859375,-0.59765625,0,0
1779630125.965733,0.056640625,-0.01171875,0.26171875,0.041015625,0.05859375,-0.59765625,0,0
1779630125.973680,0.056640625,-0.01171875,0.26171875,0.041015625,0.05859375,-0.6015625,0,0
1779630125.981663,0.048828125,-0.01171875,0.259765625,0.041015625,0.05859375,-0.6015625,0,0
1779630125.989711,0.048828125,-0.01171875,0.259765625,0.041015625,0.05859375,-0.607421875,0,0
1779630125.997720,0.037109375,-0.01171875,0.255859375,0.041015625,0.05859375,-0.607421875,0,0
1779630126.005678,0.037109375,-0.01171875,0.255859375,0.046875,0.0546875,-0.615234375,0,0
1779630126.013674,0.01171875,-0.01171875,0.2421875,0.046875,0.0546875,-0.615234375,0,0
1779630126.021705,0.01171875,-0.01171875,0.2421875,0.0546875,0.046875,-0.62890625,0,0
1779630126.029655,0.01171875,-0.01171875,0.228515625,0.0546875,0.046875,-0.62890625,0,0
1779630126.037678,0.01171875,-0.01171875,0.228515625,0.068359375,0.0390625,-0.642578125,0,0
1779630126.045692,0.01171875,-0.01171875,0.220703125,0.068359375,0.0390625,-0.642578125,0,0
1779630126.053650,0.01171875,-0.01171875,0.220703125,0.0703125,0.037109375,-0.650390625,0,0
1779630126.061631,0.01171875,-0.01171875,0.212890625,0.0703125,0.037109375,-0.650390625,0,0
1779630126.069685,0.01171875,-0.01171875,0.212890625,0.07421875,0.03515625,-0.654296875,0,0
1779630126.077714,0.01171875,0.0,0.203125,0.07421875,0.03515625,-0.654296875,0,0
1779630126.085699,0.01171875,0.0,0.203125,0.080078125,0.033203125,-0.654296875,0,0
1779630126.093680,0.01171875,0.0,0.18359375,0.080078125,0.033203125,-0.654296875,0,0
1779630126.101678,0.01171875,0.0,0.18359375,0.08984375,0.037109375,-0.658203125,0,0
1779630126.109682,0.01171875,0.0,0.166015625,0.08984375,0.037109375,-0.658203125,0,0
1779630126.117677,0.01171875,0.0,0.166015625,0.095703125,0.037109375,-0.662109375,0,0
1779630126.125656,0.01171875,0.0,0.1484375,0.095703125,0.037109375,-0.662109375,0,0
1779630126.133687,0.01171875,0.0,0.1484375,0.1015625,0.037109375,-0.666015625,0,0
1779630126.141654,0.01171875,0.0,0.13671875,0.1015625,0.037109375,-0.666015625,0,0
1779630126.149674,0.01171875,0.0,0.13671875,0.10546875,0.037109375,-0.669921875,0,0
1779630126.157675,0.01171875,0.0,0.13671875,0.10546875,0.037109375,-0.669921875,0,0
1779630126.165758,0.01171875,0.0,0.13671875,0.107421875,0.03515625,-0.669921875,0,0
1779630126.173727,0.01171875,0.0,0.13671875,0.107421875,0.03515625,-0.669921875,0,0
1779630126.181674,0.01171875,0.0,0.13671875,0.107421875,0.03515625,-0.669921875,0,0
1779630126.189707,0.01171875,0.0,0.13671875,0.107421875,0.03515625,-0.669921875,0,0
1779630126.197704,0.01171875,0.0,0.13671875,0.109375,0.03125,-0.669921875,0,0
1779630126.205678,0.01171875,0.0,0.13671875,0.109375,0.03125,-0.669921875,0,0
1779630126.213648,0.01171875,0.0,0.13671875,0.10546875,0.021484375,-0.671875,0,0
1779630126.221647,0.01171875,0.0,0.138671875,0.10546875,0.021484375,-0.671875,0,0
1779630126.229663,0.01171875,0.0,0.138671875,0.103515625,0.013671875,-0.673828125,0,0
1779630126.237671,0.01171875,0.0,0.140625,0.103515625,0.013671875,-0.673828125,0,0
1779630126.245659,0.01171875,0.0,0.140625,0.103515625,0.009765625,-0.673828125,0,0
1779630126.253712,0.01171875,0.0,0.140625,0.103515625,0.009765625,-0.673828125,0,0
1779630126.261694,0.01171875,0.0,0.140625,0.103515625,0.005859375,-0.67578125,0,0
1779630126.269702,0.01171875,0.0,0.142578125,0.103515625,0.005859375,-0.67578125,0,0
1779630126.277694,0.01171875,0.0,0.142578125,0.1015625,0.0,-0.67578125,0,0
1779630126.285728,0.01171875,0.0,0.14453125,0.1015625,0.0,-0.67578125,0,0
1779630126.293649,0.01171875,0.0,0.14453125,0.1015625,0.0,-0.67578125,0,0
1779630126.301699,0.01171875,0.0,0.14453125,0.1015625,0.0,-0.67578125,0,0
1779630126.309750,0.01171875,0.0,0.14453125,0.1015625,0.0,-0.669921875,0,0
1779630126.317700,0.01171875,0.0,0.13671875,0.1015625,0.0,-0.669921875,0,0
1779630126.325728,0.01171875,0.0,0.13671875,0.095703125,0.0,-0.658203125,0,0
1779630126.333682,0.01171875,0.0,0.1328125,0.095703125,0.0,-0.658203125,0,0
1779630126.341677,0.01171875,0.0,0.1328125,0.09375,0.0,-0.650390625,0,0
1779630126.349636,0.01171875,0.0,0.126953125,0.09375,0.0,-0.650390625,0,0
1779630126.357656,0.01171875,0.0,0.126953125,0.08984375,0.0,-0.646484375,0,0
1779630126.365735,0.01171875,0.0,0.11328125,0.08984375,0.0,-0.646484375,0,0
1779630126.373694,0.01171875,0.0,0.11328125,0.07421875,0.0,-0.642578125,0,0
1779630126.381681,0.01171875,0.013671875,0.087890625,0.07421875,0.0,-0.642578125,0,0
1779630126.389710,0.01171875,0.013671875,0.087890625,0.0546875,0.0,-0.634765625,0,0
1779630126.397707,0.01171875,0.0390625,0.068359375,0.0546875,0.0,-0.634765625,0,0
1779630126.405629,0.01171875,0.0390625,0.068359375,0.0390625,0.0,-0.623046875,0,0
1779630126.413639,0.01171875,0.06640625,0.052734375,0.0390625,0.0,-0.623046875,0,0
1779630126.421699,0.01171875,0.06640625,0.052734375,0.017578125,0.0,-0.61328125,0,0
1779630126.429665,0.01171875,0.0703125,0.044921875,0.017578125,0.0,-0.61328125,0,0
1779630126.437673,0.01171875,0.0703125,0.044921875,0.009765625,0.0,-0.61328125,0,0
1779630126.445673,0.01171875,0.0703125,0.04296875,0.009765625,0.0,-0.61328125,0,0
1779630126.453704,0.01171875,0.0703125,0.04296875,0.005859375,0.0,-0.61328125,0,0
1779630126.461670,0.01171875,0.0703125,0.041015625,0.005859375,0.0,-0.61328125,0,0
1779630126.469667,0.01171875,0.0703125,0.041015625,0.00390625,0.0,-0.61328125,0,0
1779630126.477670,0.01171875,0.072265625,0.0390625,0.00390625,0.0,-0.61328125,0,0
1779630126.485748,0.01171875,0.072265625,0.0390625,0.00390625,0.0,-0.61328125,0,0
1779630126.493701,0.01171875,0.072265625,0.0390625,0.00390625,0.0,-0.61328125,0,0
1779630126.501717,0.01171875,0.072265625,0.0390625,0.0,0.0,-0.61328125,0,0
1779630126.509721,0.01171875,0.0703125,0.0390625,0.0,0.0,-0.61328125,0,0
1779630126.517709,0.01171875,0.0703125,0.0390625,0.005859375,0.0,-0.61328125,0,0
1779630126.525670,0.01171875,0.0703125,0.037109375,0.005859375,0.0,-0.61328125,0,0
1779630126.533701,0.01171875,0.0703125,0.037109375,0.005859375,0.0,-0.615234375,0,0
1779630126.541728,0.01171875,0.0703125,0.037109375,0.005859375,0.0,-0.615234375,0,0
1779630126.549659,0.01171875,0.0703125,0.037109375,0.005859375,0.0,-0.615234375,0,0
1779630126.557661,0.01171875,0.0703125,0.037109375,0.005859375,0.0,-0.615234375,0,0
1779630126.565687,0.01171875,0.0703125,0.037109375,0.005859375,0.0,-0.615234375,0,0
1779630126.573681,0.01171875,0.0703125,0.037109375,0.005859375,0.0,-0.615234375,0,0
1779630126.581653,0.01171875,0.0703125,0.037109375,0.005859375,0.0,-0.615234375,0,0
1779630126.589670,0.01171875,0.068359375,0.037109375,0.005859375,0.0,-0.615234375,0,0
1779630126.597688,0.01171875,0.068359375,0.037109375,0.0078125,0.0,-0.6171875,0,0
1779630126.605672,0.01171875,0.068359375,0.0390625,0.0078125,0.0,-0.6171875,0,0
1779630126.613669,0.01171875,0.068359375,0.0390625,0.0078125,0.0,-0.6171875,0,0
1779630126.621671,0.01171875,0.0703125,0.041015625,0.0078125,0.0,-0.6171875,0,0
1779630126.629663,0.01171875,0.0703125,0.041015625,0.005859375,0.0,-0.6171875,0,0
1779630126.637706,0.01171875,0.0703125,0.037109375,0.005859375,0.0,-0.6171875,0,0
1779630126.645658,0.01171875,0.0703125,0.037109375,0.005859375,0.0,-0.6171875,0,0
1779630126.653704,0.01171875,0.072265625,0.037109375,0.005859375,0.0,-0.6171875,0,0
1779630126.661701,0.01171875,0.072265625,0.037109375,0.00390625,0.0,-0.61328125,0,0
1779630126.669704,0.01171875,0.080078125,0.03125,0.00390625,0.0,-0.61328125,0,0
1779630126.677695,0.01171875,0.080078125,0.03125,0.00390625,0.0,-0.609375,0,0
1779630126.685692,0.01171875,0.087890625,0.025390625,0.00390625,0.0,-0.609375,0,0
1779630126.693701,0.01171875,0.087890625,0.025390625,0.00390625,0.0,-0.60546875,0,0
1779630126.701697,0.01171875,0.08984375,0.01953125,0.00390625,0.0,-0.60546875,0,0
1779630126.709660,0.01171875,0.08984375,0.01953125,0.0,0.0,-0.60546875,0,0
1779630126.717680,0.01171875,0.09375,0.013671875,0.0,0.0,-0.60546875,0,0
1779630126.725682,0.01171875,0.09375,0.013671875,0.0,0.0,-0.603515625,0,0
1779630126.733870,0.01171875,0.1015625,0.005859375,0.0,0.0,-0.603515625,0,0
1779630126.741665,0.01171875,0.1015625,0.005859375,0.0,0.0,-0.603515625,0,0
1779630126.749721,0.01171875,0.10546875,0.005859375,0.0,0.0,-0.603515625,0,0
1779630126.757694,0.01171875,0.10546875,0.005859375,0.0,0.0,-0.6015625,0,0
1779630126.765739,0.01171875,0.119140625,0.005859375,0.0,0.0,-0.6015625,0,0
1779630126.773733,0.01171875,0.119140625,0.005859375,0.0,0.0,-0.595703125,0,0
1779630126.781783,0.01171875,0.130859375,0.005859375,0.0,0.0,-0.595703125,0,0
1779630126.789703,0.01171875,0.130859375,0.005859375,0.0,0.0,-0.591796875,0,0
1779630126.797716,0.01171875,0.138671875,0.005859375,0.0,0.0,-0.591796875,0,0
1779630126.805710,0.01171875,0.138671875,0.005859375,0.0,0.0,-0.58984375,0,0
1779630126.813686,0.01171875,0.138671875,0.005859375,0.0,0.0,-0.58984375,0,0
1779630126.821721,0.01171875,0.138671875,0.005859375,0.0,0.0,-0.58984375,0,0
1779630126.829741,0.01171875,0.138671875,0.005859375,0.0,0.0,-0.58984375,0,0
1779630126.837737,0.01171875,0.138671875,0.005859375,0.0,0.0,-0.587890625,0,0
1779630126.845734,0.01171875,0.1484375,0.005859375,0.0,0.0,-0.587890625,0,0
1779630126.853667,0.01171875,0.1484375,0.005859375,0.0,0.0,-0.5859375,0,0
1779630126.861709,0.01171875,0.1640625,0.005859375,0.0,0.0,-0.5859375,0,0
1779630126.869689,0.01171875,0.1640625,0.005859375,0.0,0.0,-0.576171875,0,0
1779630126.877719,0.01171875,0.17578125,0.005859375,0.0,0.0,-0.576171875,0,0
1779630126.885679,0.01171875,0.17578125,0.005859375,0.0,0.0,-0.572265625,0,0
1779630126.893699,0.01171875,0.18359375,0.005859375,0.0,0.0,-0.572265625,0,0
1779630126.901727,0.01171875,0.18359375,0.005859375,0.0,0.0,-0.56640625,0,0
1779630126.909695,0.01171875,0.19921875,0.0,0.0,0.0,-0.56640625,0,0
1779630126.917742,0.01171875,0.19921875,0.0,0.0,0.0,-0.55859375,0,0
1779630126.925655,0.01171875,0.21484375,-0.009765625,0.0,0.0,-0.55859375,0,0
1779630126.933752,0.01171875,0.21484375,-0.009765625,0.0,0.0,-0.55078125,0,0
1779630126.941664,0.01171875,0.2265625,-0.017578125,0.0,0.0,-0.55078125,0,0
1779630126.949645,0.01171875,0.2265625,-0.017578125,0.0,0.0,-0.54296875,0,0
1779630126.957705,0.01171875,0.232421875,-0.01953125,0.0,0.0,-0.54296875,0,0
1779630126.965669,0.01171875,0.232421875,-0.01953125,0.0,0.0,-0.5390625,0,0
1779630126.973672,0.01171875,0.234375,-0.01953125,0.0,0.0,-0.5390625,0,0
1779630126.981698,0.01171875,0.234375,-0.01953125,0.0,0.0,-0.537109375,0,0
1779630126.989689,0.01171875,0.236328125,-0.01953125,0.0,0.0,-0.537109375,0,0
1779630126.997694,0.01171875,0.236328125,-0.01953125,0.0,0.0,-0.537109375,0,0
1779630127.005703,0.01171875,0.25,-0.01953125,0.0,0.0,-0.537109375,0,0
1779630127.013681,0.01171875,0.25,-0.01953125,0.0,0.0,-0.529296875,0,0
1779630127.021724,0.01171875,0.25390625,-0.01953125,0.0,0.0,-0.529296875,0,0
1779630127.029691,0.01171875,0.25390625,-0.01953125,0.0,0.0,-0.5234375,0,0
1779630127.037709,0.01171875,0.263671875,-0.021484375,0.0,0.0,-0.5234375,0,0
1779630127.045706,0.01171875,0.263671875,-0.021484375,0.0,0.0,-0.515625,0,0
1779630127.053692,0.01171875,0.26953125,-0.0234375,0.0,0.0,-0.515625,0,0
1779630127.061724,0.01171875,0.26953125,-0.0234375,0.0,0.0,-0.513671875,0,0
1779630127.069700,0.01171875,0.27734375,-0.0234375,0.0,0.0,-0.513671875,0,0
1779630127.077719,0.01171875,0.27734375,-0.0234375,0.0,0.0,-0.5078125,0,0
1779630127.085735,0.01171875,0.28125,-0.017578125,0.0,0.0,-0.5078125,0,0
1779630127.093686,0.01171875,0.28125,-0.017578125,0.0,0.0,-0.50390625,0,0
1779630127.101711,0.01171875,0.28125,-0.015625,0.0,0.0,-0.50390625,0,0
1779630127.109687,0.01171875,0.28125,-0.015625,0.0,0.0,-0.50390625,0,0
1779630127.117683,0.01171875,0.28125,-0.015625,0.0,0.0,-0.50390625,0,0
1779630127.125698,0.01171875,0.28125,-0.015625,0.0,0.0,-0.50390625,0,0
1779630127.133739,0.01171875,0.28125,-0.015625,0.0,0.0,-0.50390625,0,0
1779630127.141714,0.01171875,0.28125,-0.015625,0.0,0.0,-0.50390625,0,0
1779630127.149709,0.01171875,0.279296875,-0.01953125,0.0,0.0,-0.50390625,0,0
1779630127.157759,0.01171875,0.279296875,-0.01953125,0.0,0.0,-0.50390625,0,0
1779630127.165706,0.01171875,0.279296875,-0.021484375,0.0,0.0,-0.50390625,0,0
1779630127.173710,0.01171875,0.279296875,-0.021484375,0.0,0.0,-0.50390625,0,0
1779630127.181707,0.01171875,0.279296875,-0.021484375,0.0,0.0,-0.50390625,0,0
1779630127.189677,0.01171875,0.279296875,-0.021484375,0.0,0.0,-0.505859375,0,0
1779630127.197713,0.01171875,0.27734375,-0.021484375,0.0,0.0,-0.505859375,0,0
1779630127.205714,0.01171875,0.27734375,-0.021484375,0.0,0.0,-0.5078125,0,0
1779630127.213686,0.01171875,0.26953125,-0.021484375,0.0,0.0,-0.5078125,0,0
1779630127.221656,0.01171875,0.26953125,-0.021484375,0.0,0.0,-0.513671875,0,0
1779630127.229643,0.01171875,0.2578125,-0.017578125,0.0,0.0,-0.513671875,0,0
1779630127.237713,0.01171875,0.2578125,-0.017578125,0.0,0.0,-0.51953125,0,0
1779630127.245717,0.01171875,0.24609375,-0.013671875,0.0,0.0,-0.51953125,0,0
1779630127.253731,0.01171875,0.24609375,-0.013671875,0.0,0.0,-0.52734375,0,0
1779630127.261703,0.01171875,0.236328125,-0.009765625,0.0,0.0,-0.52734375,0,0
1779630127.269751,0.01171875,0.236328125,-0.009765625,0.0,0.0,-0.533203125,0,0
1779630127.277672,0.01171875,0.2265625,-0.0078125,0.0,0.0,-0.533203125,0,0
1779630127.285668,0.01171875,0.2265625,-0.0078125,0.0,0.0,-0.5390625,0,0
1779630127.293672,0.01171875,0.216796875,-0.00390625,0.0,0.0,-0.5390625,0,0
1779630127.301690,0.01171875,0.216796875,-0.00390625,0.0,0.0,-0.54296875,0,0
1779630127.309703,0.01171875,0.21484375,-0.00390625,0.0,0.0,-0.54296875,0,0
1779630127.317732,0.01171875,0.21484375,-0.00390625,0.0,0.0,-0.544921875,0,0
1779630127.325669,0.01171875,0.212890625,0.0,0.0,0.0,-0.544921875,0,0
1779630127.333688,0.01171875,0.212890625,0.0,0.0,0.0,-0.546875,0,0
1779630127.341704,0.01171875,0.2109375,0.0,0.0,0.0,-0.546875,0,0
1779630127.349726,0.01171875,0.2109375,0.0,0.0,0.0,-0.548828125,0,0
1779630127.357684,0.01171875,0.205078125,0.0,0.0,0.0,-0.548828125,0,0
1779630127.365671,0.01171875,0.205078125,0.0,0.0,0.0,-0.55078125,0,0
1779630127.373667,0.01171875,0.197265625,0.0,0.0,0.0,-0.55078125,0,0
1779630127.381641,0.01171875,0.197265625,0.0,0.0,0.0,-0.5546875,0,0
1779630127.389676,0.01171875,0.189453125,0.0,0.0,0.0,-0.5546875,0,0
1779630127.397654,0.01171875,0.189453125,0.0,0.0,0.0,-0.55859375,0,0
1779630127.405691,0.01171875,0.1796875,0.0,0.0,0.0,-0.55859375,0,0
1779630127.413661,0.01171875,0.1796875,0.0,0.0,0.0,-0.564453125,0,0
1779630127.421703,0.01171875,0.177734375,0.0,0.0,0.0,-0.564453125,0,0
1779630127.429688,0.01171875,0.177734375,0.0,0.0,0.0,-0.564453125,0,0
1779630127.437701,0.01171875,0.171875,0.0,0.0,0.0,-0.564453125,0,0
1779630127.445648,0.01171875,0.171875,0.0,0.0,0.0,-0.5703125,0,0
1779630127.453669,0.01171875,0.1640625,0.0,0.0,0.0,-0.5703125,0,0
1779630127.461670,0.01171875,0.1640625,0.0,0.0,0.0,-0.57421875,0,0
1779630127.469679,0.01171875,0.162109375,0.0,0.0,0.0,-0.57421875,0,0
1779630127.477671,0.01171875,0.162109375,0.0,0.0,0.0,-0.57421875,0,0
1779630127.485714,0.01171875,0.16015625,0.0,0.0,0.0,-0.57421875,0,0
1779630127.493712,0.01171875,0.16015625,0.0,0.0,0.0,-0.57421875,0,0
1779630127.501662,0.01171875,0.16015625,0.0,0.0,0.0,-0.57421875,0,0
1779630127.509690,0.01171875,0.16015625,0.0,0.0,0.0,-0.57421875,0,0
1779630127.517694,0.01171875,0.158203125,0.0,0.0,0.0,-0.57421875,0,0
1779630127.525663,0.01171875,0.158203125,0.0,0.0,0.0,-0.576171875,0,0
1779630127.533711,0.01171875,0.15234375,0.0,0.0,0.0,-0.576171875,0,0
1779630127.541696,0.01171875,0.15234375,0.0,0.005859375,0.0,-0.578125,0,0
1779630127.549682,0.01171875,0.15234375,0.0,0.005859375,0.0,-0.578125,0,0
1779630127.557701,0.01171875,0.15234375,0.0,0.005859375,0.0,-0.578125,0,0
1779630127.565684,0.01171875,0.150390625,0.0,0.005859375,0.0,-0.578125,0,0
1779630127.573663,0.01171875,0.150390625,0.0,0.0078125,0.0,-0.578125,0,0
1779630127.581725,0.01171875,0.150390625,0.0,0.0078125,0.0,-0.578125,0,0
1779630127.589706,0.01171875,0.150390625,0.0,0.013671875,0.0,-0.576171875,0,0
1779630127.597653,0.01171875,0.158203125,0.0,0.013671875,0.0,-0.576171875,0,0
1779630127.605663,0.01171875,0.158203125,0.0,0.017578125,0.0,-0.5703125,0,0
1779630127.613672,0.01171875,0.1640625,0.0,0.017578125,0.0,-0.5703125,0,0
1779630127.621633,0.01171875,0.1640625,0.0,0.015625,0.0,-0.56640625,0,0
1779630127.629656,0.01171875,0.1640625,0.0,0.015625,0.0,-0.56640625,0,0
1779630127.637659,0.01171875,0.1640625,0.0,0.017578125,0.0,-0.564453125,0,0
1779630127.645684,0.01171875,0.16796875,0.0,0.017578125,0.0,-0.564453125,0,0
1779630127.653641,0.01171875,0.16796875,0.0,0.01953125,0.0,-0.5625,0,0
1779630127.661692,0.01171875,0.169921875,0.0,0.01953125,0.0,-0.5625,0,0
1779630127.669679,0.01171875,0.169921875,0.0,0.025390625,0.0,-0.560546875,0,0
1779630127.677705,0.01171875,0.169921875,0.0,0.025390625,0.0,-0.560546875,0,0
1779630127.685705,0.01171875,0.169921875,0.0,0.029296875,0.0,-0.55859375,0,0
1779630127.693717,0.01171875,0.173828125,0.0,0.029296875,0.0,-0.55859375,0,0
1779630127.701698,0.01171875,0.173828125,0.0,0.033203125,0.0,-0.556640625,0,0
1779630127.709703,0.01171875,0.17578125,0.0,0.033203125,0.0,-0.556640625,0,0
1779630127.717728,0.01171875,0.17578125,0.0,0.0390625,0.0,-0.552734375,0,0
1779630127.725693,0.01171875,0.1796875,0.0,0.0390625,0.0,-0.552734375,0,0
1779630127.733751,0.01171875,0.1796875,0.0,0.04296875,0.0,-0.55078125,0,0
1779630127.741667,0.01171875,0.1796875,0.0,0.04296875,0.0,-0.55078125,0,0
1779630127.749737,0.01171875,0.1796875,0.0,0.046875,0.0,-0.548828125,0,0
1779630127.757731,0.01171875,0.1875,0.0,0.046875,0.0,-0.548828125,0,0
1779630127.765698,0.01171875,0.1875,0.0,0.044921875,0.0,-0.54296875,0,0
1779630127.773696,0.01171875,0.19921875,0.0,0.044921875,0.0,-0.54296875,0,0
1779630127.781785,0.01171875,0.19921875,0.0,0.04296875,0.0,-0.533203125,0,0
1779630127.789659,0.01171875,0.2265625,0.0,0.04296875,0.0,-0.533203125,0,0
1779630127.797740,0.01171875,0.2265625,0.0,0.033203125,0.0,-0.509765625,0,0
1779630127.805729,0.01171875,0.25390625,0.0,0.033203125,0.0,-0.509765625,0,0
1779630127.813730,0.01171875,0.25390625,0.0,0.025390625,0.0,-0.46484375,0,0
1779630127.821738,0.01171875,0.2265625,0.0,0.025390625,0.0,-0.46484375,0,0
1779630127.829667,0.01171875,0.2265625,0.0,0.0234375,0.0,-0.40625,0,0
1779630127.837670,0.01171875,0.20703125,0.0,0.0234375,0.0,-0.40625,0,0
1779630127.845710,0.01171875,0.20703125,0.0,0.017578125,0.0,-0.37109375,0,0
1779630127.853645,0.01171875,0.18359375,0.0,0.017578125,0.0,-0.37109375,0,0
1779630127.861668,0.01171875,0.18359375,0.0,0.0078125,0.0,-0.33203125,0,0
1779630127.869635,0.01171875,0.140625,0.0,0.0078125,0.0,-0.33203125,0,0
1779630127.877627,0.01171875,0.140625,0.0,0.00390625,0.0,-0.29296875,0,0
1779630127.885702,0.0078125,0.0859375,0.0,0.00390625,0.0,-0.29296875,0,0
1779630127.893639,0.0078125,0.0859375,0.0,0.0078125,0.0078125,-0.2421875,0,0
1779630127.901714,0.021484375,0.03125,0.0,0.0078125,0.0078125,-0.2421875,0,0
1779630127.909720,0.021484375,0.03125,0.0,0.01953125,0.01171875,-0.19921875,0,0
1779630127.917725,0.04296875,0.03125,0.0,0.01953125,0.01171875,-0.19921875,0,0
1779630127.925724,0.04296875,0.03125,0.0,0.017578125,0.017578125,-0.162109375,0,0
1779630127.933703,0.046875,0.03125,0.0,0.017578125,0.017578125,-0.162109375,0,0
1779630127.941674,0.046875,0.03125,0.0,0.00390625,0.013671875,-0.126953125,0,0
1779630127.949639,0.044921875,0.03125,0.0,0.00390625,0.013671875,-0.126953125,0,0
1779630127.957661,0.044921875,0.03125,0.0,0.00390625,0.005859375,-0.091796875,0,0
1779630127.965722,0.0390625,0.03125,0.0,0.00390625,0.005859375,-0.091796875,0,0
1779630127.973685,0.0390625,0.03125,0.0,0.00390625,0.005859375,-0.056640625,0,0
1779630127.981679,0.0390625,0.03125,0.0,0.00390625,0.005859375,-0.056640625,0,0
1779630127.989679,0.0390625,0.03125,0.0,0.00390625,0.005859375,-0.0234375,0,0
1779630127.997686,0.03125,-0.00390625,0.0,0.00390625,0.005859375,-0.0234375,0,0
1779630128.005701,0.03125,-0.00390625,0.0,0.00390625,0.0,-0.0234375,0,0
1779630128.013678,0.01171875,-0.01171875,0.0,0.00390625,0.0,-0.0234375,0,0
1779630128.043663,0.0,0.0,0.0,0.0,0.0,0.0,0,0
1779630128.074653,0.0,0.0,0.0,0.0,0.0,0.0,0,0
1779630128.105629,0.0,0.0,0.0,0.0,0.0,0.0,0,0
1779630128.136678,0.0,0.0,0.0,0.0,0.0,0.0,0,0
1779630128.167670,0.0,0.0,0.0,0.0,0.0,0.0,0,0
1779630128.198688,0.0,0.0,0.0,0.0,0.0,0.0,0,0
1779630128.229649,0.0,0.0,0.0,0.0,0.0,0.0,0,0
1779630128.260700,0.0,0.0,0.0,0.0,0.0,0.0,0,0
1779630128.291711,0.0,0.0,0.0,0.0,0.0,0.0,0,0
1779630128.322731,0.0,0.0,0.0,0.0,0.0,0.0,0,0
1779630128.341669,0.01171875,-0.01171875,0.0,0.0,0.0,-0.0234375,0,0
1779630128.371677,0.0,0.0,0.0,0.0,0.0,0.0,0,0
1779630128.402706,0.0,0.0,0.0,0.0,0.0,0.0,0,0
1779630128.413733,0.01171875,0.0,0.0,0.0,0.0,-0.0234375,0,0
1779630128.429705,0.01171875,0.01171875,0.0,0.0,0.0,-0.0234375,0,0
1779630128.445666,0.01171875,0.021484375,0.0,0.0,0.0,-0.0234375,0,0
1779630128.461722,0.01171875,0.025390625,0.0,0.0,0.0,-0.0234375,0,0
1779630128.477748,0.01171875,0.0234375,0.0,0.0,0.0,-0.0234375,0,0
1779630128.493731,-0.00390625,0.017578125,0.0,0.0,0.0,-0.0234375,0,0
1779630128.501731,-0.00390625,0.017578125,0.0,0.0,0.0,-0.0078125,0,0
1779630128.509717,-0.021484375,0.03515625,0.0,0.0,0.0,-0.0078125,0,0
1779630128.517687,-0.021484375,0.03515625,0.0,0.0,0.0,-0.01953125,0,0
1779630128.525708,-0.025390625,0.041015625,0.0,0.0,0.0,-0.01953125,0,0
1779630128.533690,-0.025390625,0.041015625,0.0,0.0,0.0,-0.03515625,0,0
1779630128.541719,-0.04296875,0.05078125,0.0,0.0,0.0,-0.03515625,0,0
1779630128.549716,-0.04296875,0.05078125,0.0,0.0,0.0,-0.046875,0,0
1779630128.557699,-0.087890625,0.052734375,-0.017578125,0.0,0.0,-0.046875,0,0
1779630128.565679,-0.087890625,0.052734375,-0.017578125,0.0,-0.041015625,-0.044921875,0,0
1779630128.573658,-0.09765625,0.06640625,-0.048828125,0.0,-0.041015625,-0.044921875,0,0
1779630128.581650,-0.09765625,0.06640625,-0.048828125,-0.00390625,-0.046875,-0.046875,0,0
1779630128.589676,-0.099609375,0.068359375,-0.0859375,-0.00390625,-0.046875,-0.046875,0,0
1779630128.597688,-0.099609375,0.068359375,-0.0859375,-0.017578125,-0.060546875,-0.046875,0,0
1779630128.605710,-0.095703125,0.078125,-0.1171875,-0.017578125,-0.060546875,-0.046875,0,0
1779630128.613709,-0.095703125,0.078125,-0.1171875,-0.02734375,-0.064453125,-0.052734375,0,0
1779630128.621652,-0.09765625,0.08984375,-0.146484375,-0.02734375,-0.064453125,-0.052734375,0,0
1779630128.629617,-0.09765625,0.08984375,-0.146484375,-0.029296875,-0.080078125,-0.064453125,0,0
1779630128.637717,-0.109375,0.11328125,-0.16796875,-0.029296875,-0.080078125,-0.064453125,0,0
1779630128.645738,-0.109375,0.11328125,-0.16796875,-0.04296875,-0.09375,-0.083984375,0,0
1779630128.653727,-0.109375,0.1484375,-0.205078125,-0.04296875,-0.09375,-0.083984375,0,0
1779630128.661739,-0.109375,0.1484375,-0.205078125,-0.056640625,-0.10546875,-0.103515625,0,0
1779630128.669684,-0.119140625,0.17578125,-0.255859375,-0.056640625,-0.10546875,-0.103515625,0,0
1779630128.677679,-0.119140625,0.17578125,-0.255859375,-0.05859375,-0.119140625,-0.119140625,0,0
1779630128.685733,-0.1328125,0.181640625,-0.291015625,-0.05859375,-0.119140625,-0.119140625,0,0
1779630128.693717,-0.1328125,0.181640625,-0.291015625,-0.056640625,-0.134765625,-0.125,0,0
1779630128.701661,-0.140625,0.18359375,-0.310546875,-0.056640625,-0.134765625,-0.125,0,0
1779630128.709635,-0.140625,0.18359375,-0.310546875,-0.05078125,-0.142578125,-0.125,0,0
1779630128.717683,-0.140625,0.177734375,-0.322265625,-0.05078125,-0.142578125,-0.125,0,0
1779630128.725703,-0.140625,0.177734375,-0.322265625,-0.037109375,-0.14453125,-0.126953125,0,0
1779630128.733685,-0.125,0.169921875,-0.3203125,-0.037109375,-0.14453125,-0.126953125,0,0
1779630128.741713,-0.125,0.169921875,-0.3203125,-0.021484375,-0.125,-0.12890625,0,0
1779630128.749710,-0.103515625,0.169921875,-0.3125,-0.021484375,-0.125,-0.12890625,0,0
1779630128.757675,-0.103515625,0.169921875,-0.3125,-0.005859375,-0.1015625,-0.130859375,0,0
1779630128.765744,-0.08203125,0.16015625,-0.296875,-0.005859375,-0.1015625,-0.130859375,0,0
1779630128.773737,-0.08203125,0.16015625,-0.296875,-0.005859375,-0.080078125,-0.130859375,0,0
1779630128.781731,-0.060546875,0.15625,-0.27734375,-0.005859375,-0.080078125,-0.130859375,0,0
1779630128.789733,-0.060546875,0.15625,-0.27734375,-0.005859375,-0.05859375,-0.1328125,0,0
1779630128.797656,-0.05078125,0.158203125,-0.279296875,-0.005859375,-0.05859375,-0.1328125,0,0
1779630128.805635,-0.05078125,0.158203125,-0.279296875,-0.005859375,-0.048828125,-0.134765625,0,0
1779630128.813724,-0.05078125,0.158203125,-0.283203125,-0.005859375,-0.048828125,-0.134765625,0,0
1779630128.821663,-0.05078125,0.158203125,-0.283203125,-0.005859375,-0.048828125,-0.134765625,0,0
1779630128.829650,-0.052734375,0.154296875,-0.28515625,-0.005859375,-0.048828125,-0.134765625,0,0
1779630128.837700,-0.052734375,0.154296875,-0.28515625,-0.005859375,-0.05078125,-0.1328125,0,0
1779630128.845661,-0.048828125,0.138671875,-0.279296875,-0.005859375,-0.05078125,-0.1328125,0,0
1779630128.853683,-0.048828125,0.138671875,-0.279296875,-0.005859375,-0.048828125,-0.130859375,0,0
1779630128.861708,-0.041015625,0.1328125,-0.27734375,-0.005859375,-0.048828125,-0.130859375,0,0
1779630128.869644,-0.041015625,0.1328125,-0.27734375,-0.005859375,-0.041015625,-0.126953125,0,0
1779630128.877693,-0.02734375,0.12109375,-0.2734375,-0.005859375,-0.041015625,-0.126953125,0,0
1779630128.885692,-0.02734375,0.12109375,-0.2734375,-0.005859375,-0.029296875,-0.12109375,0,0
1779630128.893671,-0.013671875,0.11328125,-0.26171875,-0.005859375,-0.029296875,-0.12109375,0,0
1779630128.901648,-0.013671875,0.11328125,-0.26171875,-0.005859375,-0.017578125,-0.1171875,0,0
1779630128.909674,-0.00390625,0.109375,-0.25390625,-0.005859375,-0.017578125,-0.1171875,0,0
1779630128.917671,-0.00390625,0.109375,-0.25390625,-0.005859375,-0.005859375,-0.11328125,0,0
1779630128.925685,-0.00390625,0.09765625,-0.234375,-0.005859375,-0.005859375,-0.11328125,0,0
1779630128.933701,-0.00390625,0.09765625,-0.234375,-0.005859375,-0.005859375,-0.107421875,0,0
1779630128.941670,-0.00390625,0.09375,-0.228515625,-0.005859375,-0.005859375,-0.107421875,0,0
1779630128.949727,-0.00390625,0.09375,-0.228515625,-0.005859375,-0.005859375,-0.103515625,0,0
1779630128.957665,-0.00390625,0.08203125,-0.21484375,-0.005859375,-0.005859375,-0.103515625,0,0
1779630128.965679,-0.00390625,0.08203125,-0.21484375,-0.005859375,-0.005859375,-0.09765625,0,0
1779630128.973691,-0.00390625,0.064453125,-0.189453125,-0.005859375,-0.005859375,-0.09765625,0,0
1779630128.981659,-0.00390625,0.064453125,-0.189453125,-0.005859375,-0.005859375,-0.087890625,0,0
1779630128.989676,-0.00390625,0.041015625,-0.138671875,-0.005859375,-0.005859375,-0.087890625,0,0
1779630128.997709,-0.00390625,0.041015625,-0.138671875,-0.005859375,-0.005859375,-0.0703125,0,0
1779630129.005723,-0.00390625,0.041015625,-0.078125,-0.005859375,-0.005859375,-0.0703125,0,0
1779630129.013710,-0.00390625,0.041015625,-0.078125,0.01171875,-0.005859375,-0.046875,0,0
1779630129.021675,-0.00390625,0.041015625,-0.029296875,0.01171875,-0.005859375,-0.046875,0,0
1779630129.029701,-0.00390625,0.041015625,-0.029296875,0.00390625,-0.005859375,-0.0234375,0,0
1779630129.037702,-0.00390625,0.041015625,-0.01171875,0.00390625,-0.005859375,-0.0234375,0,0
1779630129.045681,-0.00390625,0.041015625,-0.01171875,0.00390625,-0.005859375,-0.0078125,0,0
1779630129.061716,-0.00390625,0.041015625,-0.01171875,0.00390625,-0.005859375,-0.00390625,0,0
1779630129.091724,0.0,0.0,0.0,0.0,0.0,0.0,0,0
1779630129.122709,0.0,0.0,0.0,0.0,0.0,0.0,0,0
1779630129.153690,0.0,0.0,0.0,0.0,0.0,0.0,0,0
1779630129.184631,0.0,0.0,0.0,0.0,0.0,0.0,0,0
1779630129.215642,0.0,0.0,0.0,0.0,0.0,0.0,0,0
1779630129.246625,0.0,0.0,0.0,0.0,0.0,0.0,0,0
1779630129.277682,0.0,0.0,0.0,0.0,0.0,0.0,0,0
1779630129.308686,0.0,0.0,0.0,0.0,0.0,0.0,0,0
1779630129.333741,-0.00390625,0.041015625,-0.01171875,0.00390625,-0.005859375,-0.00390625,0,0
1779630129.349734,-0.00390625,0.041015625,-0.01171875,0.01171875,-0.005859375,-0.00390625,0,0
1779630129.357722,-0.00390625,0.0,-0.01171875,0.01171875,-0.005859375,-0.00390625,0,0
1779630129.365663,-0.00390625,0.0,-0.01171875,0.021484375,-0.005859375,-0.00390625,0,0
1779630129.373702,-0.00390625,-0.013671875,-0.01171875,0.021484375,-0.005859375,-0.00390625,0,0
1779630129.381691,-0.00390625,-0.013671875,-0.01171875,0.029296875,-0.005859375,-0.00390625,0,0
1779630129.389701,-0.00390625,-0.013671875,-0.01171875,0.029296875,-0.005859375,-0.00390625,0,0
1779630129.397675,-0.00390625,-0.013671875,-0.01171875,0.029296875,-0.005859375,-0.00390625,0,0
1779630129.405694,-0.00390625,-0.013671875,-0.01171875,0.029296875,-0.005859375,-0.00390625,0,0
1779630129.413725,-0.00390625,-0.013671875,-0.01171875,0.0390625,-0.005859375,-0.00390625,0,0
1779630129.421654,-0.00390625,-0.015625,-0.01171875,0.0390625,-0.005859375,-0.00390625,0,0
1779630129.429657,-0.00390625,-0.015625,-0.01171875,0.044921875,-0.005859375,-0.00390625,0,0
1779630129.437683,-0.00390625,-0.01953125,-0.01171875,0.044921875,-0.005859375,-0.00390625,0,0
1779630129.445631,-0.00390625,-0.01953125,-0.01171875,0.0546875,-0.005859375,-0.00390625,0,0
1779630129.453646,-0.00390625,-0.01953125,-0.01171875,0.0546875,-0.005859375,-0.00390625,0,0
1779630129.461617,-0.00390625,-0.01953125,-0.01171875,0.056640625,-0.005859375,-0.00390625,0,0
1779630129.469691,-0.00390625,-0.021484375,-0.01171875,0.056640625,-0.005859375,-0.00390625,0,0
1779630129.477688,-0.00390625,-0.021484375,-0.01171875,0.0546875,-0.005859375,-0.00390625,0,0
1779630129.485684,-0.00390625,-0.025390625,-0.01171875,0.0546875,-0.005859375,-0.00390625,0,0
1779630129.493676,-0.00390625,-0.025390625,-0.01171875,0.060546875,-0.005859375,-0.00390625,0,0
1779630129.501873,-0.00390625,-0.0234375,-0.01171875,0.060546875,-0.005859375,-0.00390625,0,0
1779630129.509723,-0.00390625,-0.0234375,-0.01171875,0.060546875,-0.005859375,-0.00390625,0,0
1779630129.517699,-0.00390625,-0.013671875,-0.01171875,0.060546875,-0.005859375,-0.00390625,0,0
1779630129.525674,-0.00390625,-0.013671875,-0.01171875,0.064453125,-0.005859375,-0.00390625,0,0
1779630129.533715,-0.00390625,0.0,-0.01171875,0.064453125,-0.005859375,-0.00390625,0,0
1779630129.541639,-0.00390625,0.0,-0.01171875,0.0703125,-0.005859375,-0.00390625,0,0
1779630129.549726,-0.00390625,0.0,-0.01171875,0.0703125,-0.005859375,-0.00390625,0,0
1779630129.557733,-0.00390625,0.0,-0.01171875,0.076171875,-0.005859375,-0.00390625,0,0
1779630129.565697,-0.01171875,0.0,-0.01171875,0.076171875,-0.005859375,-0.00390625,0,0
1779630129.573657,-0.01171875,0.0,-0.01171875,0.083984375,0.0,-0.00390625,0,0
1779630129.581699,-0.01953125,0.0,-0.01171875,0.083984375,0.0,-0.00390625,0,0
1779630129.589713,-0.01953125,0.0,-0.01171875,0.0859375,-0.0078125,-0.00390625,0,0
1779630129.597629,-0.01953125,0.0,-0.01171875,0.0859375,-0.0078125,-0.00390625,0,0
1779630129.605630,-0.01953125,0.0,-0.01171875,0.08984375,-0.0078125,-0.00390625,0,0
1779630129.613640,-0.02734375,0.0,-0.01171875,0.08984375,-0.0078125,-0.00390625,0,0
1779630129.621675,-0.02734375,0.0,-0.01171875,0.1171875,-0.013671875,-0.00390625,0,0
1779630129.629686,-0.033203125,0.0,-0.01171875,0.1171875,-0.013671875,-0.00390625,0,0
1779630129.637665,-0.033203125,0.0,-0.01171875,0.126953125,-0.01953125,-0.00390625,0,0
1779630129.645669,-0.041015625,0.0,-0.01171875,0.126953125,-0.01953125,-0.00390625,0,0
1779630129.653712,-0.041015625,0.0,-0.01171875,0.13671875,-0.025390625,-0.00390625,0,0
1779630129.661686,-0.04296875,0.0,-0.01171875,0.13671875,-0.025390625,-0.00390625,0,0
1779630129.669707,-0.04296875,0.0,-0.01171875,0.1328125,-0.02734375,-0.00390625,0,0
1779630129.677693,-0.044921875,0.0,-0.01171875,0.1328125,-0.02734375,-0.00390625,0,0
1779630129.685711,-0.044921875,0.0,-0.01171875,0.115234375,-0.029296875,-0.00390625,0,0
1779630129.693696,-0.05078125,0.0,-0.01171875,0.115234375,-0.029296875,-0.00390625,0,0
1779630129.701713,-0.05078125,0.0,-0.01171875,0.07421875,-0.02734375,-0.00390625,0,0
1779630129.709654,-0.052734375,0.0,-0.01171875,0.07421875,-0.02734375,-0.00390625,0,0
1779630129.717657,-0.052734375,0.0,-0.01171875,0.01953125,-0.025390625,-0.00390625,0,0
1779630129.725697,-0.041015625,0.0,-0.01171875,0.01953125,-0.025390625,-0.00390625,0,0
1779630129.733724,-0.041015625,0.0,-0.01171875,0.01953125,-0.01171875,-0.00390625,0,0
1779630129.741669,-0.025390625,0.0,-0.01171875,0.01953125,-0.01171875,-0.00390625,0,0
1779630129.749664,-0.025390625,0.0,-0.01171875,0.01953125,0.0,-0.00390625,0,0
1779630129.757687,-0.021484375,0.0,-0.01171875,0.01953125,0.0,-0.00390625,0,0
1779630129.773751,-0.01953125,0.0,-0.01171875,0.01953125,0.0,-0.00390625,0,0
1779630129.789685,-0.017578125,0.0,-0.01171875,0.01953125,0.0,-0.00390625,0,0
1779630129.819700,0.0,0.0,0.0,0.0,0.0,0.0,0,0
1779630129.850698,0.0,0.0,0.0,0.0,0.0,0.0,0,0
1779630129.881687,0.0,0.0,0.0,0.0,0.0,0.0,0,0
1779630129.912803,0.0,0.0,0.0,0.0,0.0,0.0,0,0
1779630129.943666,0.0,0.0,0.0,0.0,0.0,0.0,0,0
1779630129.974682,0.0,0.0,0.0,0.0,0.0,0.0,0,0
1779630130.005721,0.0,0.0,0.0,0.0,0.0,0.0,0,0
1779630130.036711,0.0,0.0,0.0,0.0,0.0,0.0,0,0
1779630130.053705,-0.017578125,0.0,-0.0078125,0.01953125,0.0,-0.00390625,0,0
1779630130.083738,0.0,0.0,0.0,0.0,0.0,0.0,0,0
1779630130.085730,0.017578125,0.0,-0.0078125,0.01953125,0.0,-0.00390625,0,0
1779630130.093789,0.017578125,0.0,-0.0078125,0.01953125,0.01171875,-0.00390625,0,0
1779630130.101722,0.04296875,0.0,-0.0078125,0.01953125,0.01171875,-0.00390625,0,0
1779630130.109735,0.04296875,0.0,-0.0078125,0.01953125,0.046875,-0.00390625,0,0
1779630130.117658,0.056640625,0.0,-0.0078125,0.01953125,0.046875,-0.00390625,0,0
1779630130.125663,0.056640625,0.0,-0.0078125,0.0078125,0.1015625,-0.025390625,0,0
1779630130.133705,0.05078125,0.0,-0.0078125,0.0078125,0.1015625,-0.025390625,0,0
1779630130.141662,0.05078125,0.0,-0.0078125,0.00390625,0.15234375,-0.0625,0,0
1779630130.149716,0.041015625,0.0,-0.0078125,0.00390625,0.15234375,-0.0625,0,0
1779630130.157689,0.041015625,0.0,-0.0078125,0.015625,0.193359375,-0.087890625,0,0
1779630130.165664,0.041015625,0.0,-0.0078125,0.015625,0.193359375,-0.087890625,0,0
1779630130.173681,0.041015625,0.0,-0.0078125,0.0390625,0.23828125,-0.1328125,0,0
1779630130.181684,0.05078125,0.005859375,-0.0078125,0.0390625,0.23828125,-0.1328125,0,0
1779630130.189685,0.05078125,0.005859375,-0.0078125,0.0859375,0.2890625,-0.169921875,0,0
1779630130.197693,0.072265625,0.005859375,-0.0078125,0.0859375,0.2890625,-0.169921875,0,0
1779630130.205687,0.072265625,0.005859375,-0.0078125,0.14453125,0.34375,-0.177734375,0,0
1779630130.213748,0.1171875,0.005859375,-0.0078125,0.14453125,0.34375,-0.177734375,0,0
1779630130.221742,0.1171875,0.005859375,-0.0078125,0.21484375,0.419921875,-0.201171875,0,0
1779630130.229721,0.169921875,0.005859375,-0.0078125,0.21484375,0.419921875,-0.201171875,0,0
1779630130.237720,0.169921875,0.005859375,-0.0078125,0.279296875,0.482421875,-0.2421875,0,0
1779630130.245672,0.173828125,-0.033203125,-0.0078125,0.279296875,0.482421875,-0.2421875,0,0
1779630130.253734,0.173828125,-0.033203125,-0.0078125,0.3515625,0.5390625,-0.267578125,0,0
1779630130.261703,0.171875,-0.041015625,-0.0078125,0.3515625,0.5390625,-0.267578125,0,0
1779630130.269664,0.171875,-0.041015625,-0.0078125,0.37109375,0.548828125,-0.25,0,0
1779630130.277678,0.16796875,-0.03515625,-0.0078125,0.37109375,0.548828125,-0.25,0,0
1779630130.285724,0.16796875,-0.03515625,-0.0078125,0.390625,0.5625,-0.240234375,0,0
1779630130.293714,0.16796875,-0.017578125,-0.0234375,0.390625,0.5625,-0.240234375,0,0
1779630130.301683,0.16796875,-0.017578125,-0.0234375,0.412109375,0.572265625,-0.23828125,0,0
1779630130.309713,0.16015625,-0.017578125,-0.0390625,0.412109375,0.572265625,-0.23828125,0,0
1779630130.317687,0.16015625,-0.017578125,-0.0390625,0.431640625,0.580078125,-0.24609375,0,0
1779630130.325689,0.146484375,-0.017578125,-0.052734375,0.431640625,0.580078125,-0.24609375,0,0
1779630130.333656,0.146484375,-0.017578125,-0.052734375,0.447265625,0.58203125,-0.259765625,0,0
1779630130.341680,0.126953125,-0.017578125,-0.05859375,0.447265625,0.58203125,-0.259765625,0,0
1779630130.349704,0.126953125,-0.017578125,-0.05859375,0.48046875,0.580078125,-0.271484375,0,0
1779630130.357689,0.11328125,-0.017578125,-0.048828125,0.48046875,0.580078125,-0.271484375,0,0
1779630130.365688,0.11328125,-0.017578125,-0.048828125,0.51171875,0.576171875,-0.275390625,0,0
1779630130.373621,0.10546875,-0.017578125,-0.0390625,0.51171875,0.576171875,-0.275390625,0,0
1779630130.381709,0.10546875,-0.017578125,-0.0390625,0.529296875,0.57421875,-0.275390625,0,0
1779630130.389676,0.10546875,-0.017578125,-0.029296875,0.529296875,0.57421875,-0.275390625,0,0
1779630130.397673,0.10546875,-0.017578125,-0.029296875,0.537109375,0.5703125,-0.275390625,0,0
1779630130.405694,0.109375,-0.017578125,-0.025390625,0.537109375,0.5703125,-0.275390625,0,0
1779630130.413644,0.109375,-0.017578125,-0.025390625,0.537109375,0.5703125,-0.271484375,0,0
1779630130.421689,0.138671875,-0.017578125,-0.0078125,0.537109375,0.5703125,-0.271484375,0,0
1779630130.429693,0.138671875,-0.017578125,-0.0078125,0.521484375,0.564453125,-0.25390625,0,0
1779630130.437655,0.177734375,0.0,-0.0078125,0.521484375,0.564453125,-0.25390625,0,0
1779630130.445664,0.177734375,0.0,-0.0078125,0.490234375,0.546875,-0.232421875,0,0
1779630130.453692,0.21484375,-0.037109375,-0.0078125,0.490234375,0.546875,-0.232421875,0,0
1779630130.461685,0.21484375,-0.037109375,-0.0078125,0.439453125,0.51171875,-0.19921875,0,0
1779630130.469676,0.189453125,-0.064453125,-0.0078125,0.439453125,0.51171875,-0.19921875,0,0
1779630130.477666,0.189453125,-0.064453125,-0.0078125,0.36328125,0.40625,-0.15234375,0,0
1779630130.485676,0.14453125,-0.064453125,-0.0078125,0.36328125,0.40625,-0.15234375,0,0
1779630130.493672,0.14453125,-0.064453125,-0.0078125,0.275390625,0.2890625,-0.103515625,0,0
1779630130.501744,0.099609375,-0.033203125,-0.0078125,0.275390625,0.2890625,-0.103515625,0,0
1779630130.509682,0.099609375,-0.033203125,-0.0078125,0.189453125,0.171875,-0.052734375,0,0
1779630130.517723,0.02734375,-0.01953125,-0.0078125,0.189453125,0.171875,-0.052734375,0,0
1779630130.525734,0.02734375,-0.01953125,-0.0078125,0.109375,0.048828125,-0.025390625,0,0
1779630130.541673,0.02734375,-0.01953125,-0.0078125,0.01953125,0.048828125,-0.015625,0,0
1779630130.571650,0.0,0.0,0.0,0.0,0.0,0.0,0,0
1779630130.602721,0.0,0.0,0.0,0.0,0.0,0.0,0,0
1779630130.633686,0.0,0.0,0.0,0.0,0.0,0.0,0,0
1779630130.637642,0.02734375,-0.01953125,-0.0078125,0.01953125,0.048828125,-0.015625,0,0
1779630130.653784,-0.00390625,-0.0234375,-0.009765625,0.01953125,0.048828125,-0.015625,0,0
1779630130.661738,-0.00390625,-0.0234375,-0.009765625,0.01953125,-0.015625,-0.015625,0,0
1779630130.669662,-0.017578125,-0.017578125,-0.017578125,0.01953125,-0.015625,-0.015625,0,0
1779630130.677698,-0.017578125,-0.017578125,-0.017578125,0.01953125,-0.05078125,-0.015625,0,0
1779630130.685711,-0.0625,-0.0234375,-0.068359375,0.01953125,-0.05078125,-0.015625,0,0
1779630130.693706,-0.0625,-0.0234375,-0.068359375,-0.03515625,-0.126953125,-0.015625,0,0
1779630130.701673,-0.099609375,-0.03515625,-0.09375,-0.03515625,-0.126953125,-0.015625,0,0
1779630130.709631,-0.099609375,-0.03515625,-0.09375,-0.16015625,-0.201171875,-0.015625,0,0
1779630130.717688,-0.107421875,-0.044921875,-0.103515625,-0.16015625,-0.201171875,-0.015625,0,0
1779630130.725706,-0.107421875,-0.044921875,-0.103515625,-0.251953125,-0.296875,-0.015625,0,0
1779630130.741686,-0.123046875,-0.060546875,-0.09375,-0.251953125,-0.296875,-0.015625,0,0
1779630130.749736,-0.123046875,-0.060546875,-0.09375,-0.318359375,-0.40625,-0.015625,0,0
1779630130.757691,-0.158203125,-0.056640625,-0.083984375,-0.318359375,-0.40625,-0.015625,0,0
1779630130.765628,-0.158203125,-0.056640625,-0.083984375,-0.361328125,-0.48828125,-0.015625,0,0
1779630130.773727,-0.216796875,-0.041015625,-0.1171875,-0.361328125,-0.48828125,-0.015625,0,0
1779630130.781680,-0.216796875,-0.041015625,-0.1171875,-0.3984375,-0.5703125,-0.015625,0,0
1779630130.789740,-0.2734375,-0.029296875,-0.107421875,-0.3984375,-0.5703125,-0.015625,0,0
1779630130.797661,-0.2734375,-0.029296875,-0.107421875,-0.41796875,-0.615234375,-0.015625,0,0
1779630130.805734,-0.2890625,-0.021484375,-0.083984375,-0.41796875,-0.615234375,-0.015625,0,0
1779630130.813694,-0.2890625,-0.021484375,-0.083984375,-0.427734375,-0.62890625,-0.015625,0,0
1779630130.821725,-0.283203125,-0.021484375,-0.072265625,-0.427734375,-0.62890625,-0.015625,0,0
1779630130.829729,-0.283203125,-0.021484375,-0.072265625,-0.431640625,-0.638671875,-0.015625,0,0
1779630130.837668,-0.267578125,-0.02734375,-0.06640625,-0.431640625,-0.638671875,-0.015625,0,0
1779630130.845708,-0.267578125,-0.02734375,-0.06640625,-0.43359375,-0.638671875,-0.015625,0,0
1779630130.853670,-0.25390625,-0.033203125,-0.0625,-0.43359375,-0.638671875,-0.015625,0,0
1779630130.861664,-0.25390625,-0.033203125,-0.0625,-0.44140625,-0.634765625,-0.015625,0,0
1779630130.869691,-0.240234375,-0.046875,-0.05859375,-0.44140625,-0.634765625,-0.015625,0,0
1779630130.877677,-0.240234375,-0.046875,-0.05859375,-0.4453125,-0.6328125,-0.015625,0,0
1779630130.885657,-0.23046875,-0.05078125,-0.0546875,-0.4453125,-0.6328125,-0.015625,0,0
1779630130.893710,-0.23046875,-0.05078125,-0.0546875,-0.4453125,-0.630859375,-0.0078125,0,0
1779630130.901677,-0.220703125,-0.052734375,-0.052734375,-0.4453125,-0.630859375,-0.0078125,0,0
1779630130.909729,-0.220703125,-0.052734375,-0.052734375,-0.4453125,-0.634765625,-0.015625,0,0
1779630130.917708,-0.216796875,-0.0546875,-0.052734375,-0.4453125,-0.634765625,-0.015625,0,0
1779630130.925722,-0.216796875,-0.0546875,-0.052734375,-0.44140625,-0.634765625,-0.017578125,0,0
1779630130.933713,-0.21484375,-0.056640625,-0.05859375,-0.44140625,-0.634765625,-0.017578125,0,0
1779630130.941677,-0.21484375,-0.056640625,-0.05859375,-0.4296875,-0.63671875,-0.0234375,0,0
1779630130.949720,-0.208984375,-0.06640625,-0.078125,-0.4296875,-0.63671875,-0.0234375,0,0
1779630130.957709,-0.208984375,-0.06640625,-0.078125,-0.390625,-0.64453125,-0.0390625,0,0
1779630130.965672,-0.1953125,-0.08984375,-0.095703125,-0.390625,-0.64453125,-0.0390625,0,0
1779630130.973670,-0.1953125,-0.08984375,-0.095703125,-0.330078125,-0.6484375,-0.064453125,0,0
1779630130.981677,-0.181640625,-0.111328125,-0.09765625,-0.330078125,-0.6484375,-0.064453125,0,0
1779630130.989680,-0.181640625,-0.111328125,-0.09765625,-0.26953125,-0.6484375,-0.091796875,0,0
1779630130.997680,-0.181640625,-0.1328125,-0.09375,-0.26953125,-0.6484375,-0.091796875,0,0
1779630131.005687,-0.181640625,-0.1328125,-0.09375,-0.185546875,-0.6484375,-0.12109375,0,0
1779630131.013694,-0.185546875,-0.150390625,-0.091796875,-0.185546875,-0.6484375,-0.12109375,0,0
1779630131.021739,-0.185546875,-0.150390625,-0.091796875,-0.10546875,-0.640625,-0.13671875,0,0
1779630131.029702,-0.185546875,-0.162109375,-0.09375,-0.10546875,-0.640625,-0.13671875,0,0
1779630131.037675,-0.185546875,-0.162109375,-0.09375,-0.05078125,-0.623046875,-0.140625,0,0
1779630131.045667,-0.17578125,-0.15625,-0.09765625,-0.05078125,-0.623046875,-0.140625,0,0
1779630131.053697,-0.17578125,-0.15625,-0.09765625,-0.033203125,-0.599609375,-0.140625,0,0
1779630131.061683,-0.166015625,-0.15234375,-0.095703125,-0.033203125,-0.599609375,-0.140625,0,0
1779630131.069722,-0.166015625,-0.15234375,-0.095703125,-0.0234375,-0.572265625,-0.1328125,0,0
1779630131.077742,-0.154296875,-0.1484375,-0.09765625,-0.0234375,-0.572265625,-0.1328125,0,0
1779630131.085757,-0.154296875,-0.1484375,-0.09765625,-0.02734375,-0.54296875,-0.123046875,0,0
1779630131.093701,-0.15234375,-0.146484375,-0.095703125,-0.02734375,-0.54296875,-0.123046875,0,0
1779630131.101720,-0.15234375,-0.146484375,-0.095703125,-0.029296875,-0.53125,-0.1171875,0,0
1779630131.109676,-0.1484375,-0.15234375,-0.10546875,-0.029296875,-0.53125,-0.1171875,0,0
1779630131.117676,-0.1484375,-0.15234375,-0.10546875,-0.029296875,-0.5234375,-0.111328125,0,0
1779630131.125749,-0.146484375,-0.16796875,-0.123046875,-0.029296875,-0.5234375,-0.111328125,0,0
1779630131.133688,-0.146484375,-0.16796875,-0.123046875,-0.029296875,-0.533203125,-0.10546875,0,0
1779630131.141744,-0.146484375,-0.166015625,-0.140625,-0.029296875,-0.533203125,-0.10546875,0,0
1779630131.149736,-0.146484375,-0.166015625,-0.140625,-0.044921875,-0.5390625,-0.103515625,0,0
1779630131.157680,-0.150390625,-0.16015625,-0.169921875,-0.044921875,-0.5390625,-0.103515625,0,0
1779630131.165699,-0.150390625,-0.16015625,-0.169921875,-0.06640625,-0.55078125,-0.1015625,0,0
1779630131.173767,-0.16015625,-0.158203125,-0.193359375,-0.06640625,-0.55078125,-0.1015625,0,0
1779630131.181686,-0.16015625,-0.158203125,-0.193359375,-0.091796875,-0.5703125,-0.1015625,0,0
1779630131.189748,-0.16015625,-0.15625,-0.205078125,-0.091796875,-0.5703125,-0.1015625,0,0
1779630131.197677,-0.16015625,-0.15625,-0.205078125,-0.111328125,-0.580078125,-0.10546875,0,0
1779630131.205703,-0.15625,-0.1484375,-0.208984375,-0.111328125,-0.580078125,-0.10546875,0,0
1779630131.213686,-0.15625,-0.1484375,-0.208984375,-0.126953125,-0.58984375,-0.111328125,0,0
1779630131.221731,-0.162109375,-0.1484375,-0.216796875,-0.126953125,-0.58984375,-0.111328125,0,0
1779630131.229706,-0.162109375,-0.1484375,-0.216796875,-0.140625,-0.59375,-0.109375,0,0
1779630131.237785,-0.166015625,-0.15625,-0.216796875,-0.140625,-0.59375,-0.109375,0,0
1779630131.245677,-0.166015625,-0.15625,-0.216796875,-0.154296875,-0.59765625,-0.109375,0,0
1779630131.253702,-0.166015625,-0.1640625,-0.220703125,-0.154296875,-0.59765625,-0.109375,0,0
1779630131.261666,-0.166015625,-0.1640625,-0.220703125,-0.16015625,-0.595703125,-0.107421875,0,0
1779630131.269692,-0.166015625,-0.1640625,-0.224609375,-0.16015625,-0.595703125,-0.107421875,0,0
1779630131.277713,-0.166015625,-0.1640625,-0.224609375,-0.16796875,-0.595703125,-0.10546875,0,0
1779630131.285710,-0.16796875,-0.1640625,-0.228515625,-0.16796875,-0.595703125,-0.10546875,0,0
1779630131.293787,-0.16796875,-0.1640625,-0.228515625,-0.169921875,-0.591796875,-0.103515625,0,0
1779630131.301717,-0.16796875,-0.1640625,-0.23046875,-0.169921875,-0.591796875,-0.103515625,0,0
1779630131.309780,-0.16796875,-0.1640625,-0.23046875,-0.169921875,-0.591796875,-0.1015625,0,0
1779630131.317676,-0.173828125,-0.16015625,-0.240234375,-0.169921875,-0.591796875,-0.1015625,0,0
1779630131.325776,-0.173828125,-0.16015625,-0.240234375,-0.171875,-0.5859375,-0.099609375,0,0
1779630131.333641,-0.17578125,-0.158203125,-0.25390625,-0.171875,-0.5859375,-0.099609375,0,0
1779630131.341704,-0.17578125,-0.158203125,-0.25390625,-0.16796875,-0.576171875,-0.095703125,0,0
1779630131.349720,-0.169921875,-0.154296875,-0.27734375,-0.16796875,-0.576171875,-0.095703125,0,0
1779630131.357688,-0.169921875,-0.154296875,-0.27734375,-0.154296875,-0.560546875,-0.091796875,0,0
1779630131.365685,-0.162109375,-0.154296875,-0.287109375,-0.154296875,-0.560546875,-0.091796875,0,0
1779630131.373673,-0.162109375,-0.154296875,-0.287109375,-0.150390625,-0.548828125,-0.087890625,0,0
1779630131.381686,-0.16015625,-0.1484375,-0.306640625,-0.150390625,-0.548828125,-0.087890625,0,0
1779630131.389719,-0.16015625,-0.1484375,-0.306640625,-0.14453125,-0.533203125,-0.08203125,0,0
1779630131.397686,-0.177734375,-0.1328125,-0.326171875,-0.14453125,-0.533203125,-0.08203125,0,0
1779630131.405730,-0.177734375,-0.1328125,-0.326171875,-0.1328125,-0.525390625,-0.078125,0,0
1779630131.413654,-0.193359375,-0.134765625,-0.3359375,-0.1328125,-0.525390625,-0.078125,0,0
1779630131.421661,-0.193359375,-0.134765625,-0.3359375,-0.099609375,-0.521484375,-0.076171875,0,0
1779630131.429703,-0.201171875,-0.134765625,-0.34765625,-0.099609375,-0.521484375,-0.076171875,0,0
1779630131.437719,-0.201171875,-0.134765625,-0.34765625,-0.095703125,-0.51953125,-0.07421875,0,0
1779630131.445672,-0.205078125,-0.140625,-0.357421875,-0.095703125,-0.51953125,-0.07421875,0,0
1779630131.453695,-0.205078125,-0.140625,-0.357421875,-0.0859375,-0.51171875,-0.068359375,0,0
1779630131.461673,-0.1953125,-0.154296875,-0.365234375,-0.0859375,-0.51171875,-0.068359375,0,0
1779630131.469701,-0.1953125,-0.154296875,-0.365234375,-0.0703125,-0.5078125,-0.064453125,0,0
1779630131.477658,-0.19140625,-0.158203125,-0.37890625,-0.0703125,-0.5078125,-0.064453125,0,0
1779630131.485703,-0.19140625,-0.158203125,-0.37890625,-0.048828125,-0.5,-0.064453125,0,0
1779630131.493710,-0.203125,-0.150390625,-0.3984375,-0.048828125,-0.5,-0.064453125,0,0
1779630131.501723,-0.203125,-0.150390625,-0.3984375,-0.029296875,-0.490234375,-0.072265625,0,0
1779630131.509677,-0.21875,-0.140625,-0.416015625,-0.029296875,-0.490234375,-0.072265625,0,0
1779630131.517716,-0.21875,-0.140625,-0.416015625,-0.005859375,-0.482421875,-0.078125,0,0
1779630131.525724,-0.236328125,-0.13671875,-0.431640625,-0.005859375,-0.482421875,-0.078125,0,0
1779630131.533664,-0.236328125,-0.13671875,-0.431640625,-0.005859375,-0.46875,-0.08984375,0,0
1779630131.541673,-0.25,-0.140625,-0.443359375,-0.005859375,-0.46875,-0.08984375,0,0
1779630131.549713,-0.25,-0.140625,-0.443359375,-0.005859375,-0.45703125,-0.1015625,0,0
1779630131.557690,-0.26171875,-0.14453125,-0.451171875,-0.005859375,-0.45703125,-0.1015625,0,0
1779630131.565680,-0.26171875,-0.14453125,-0.451171875,-0.005859375,-0.451171875,-0.109375,0,0
1779630131.573678,-0.267578125,-0.146484375,-0.458984375,-0.005859375,-0.451171875,-0.109375,0,0
1779630131.581638,-0.267578125,-0.146484375,-0.458984375,-0.005859375,-0.443359375,-0.119140625,0,0
1779630131.589711,-0.283203125,-0.140625,-0.466796875,-0.005859375,-0.443359375,-0.119140625,0,0
1779630131.597664,-0.283203125,-0.140625,-0.466796875,-0.005859375,-0.43359375,-0.1328125,0,0
1779630131.605656,-0.3046875,-0.130859375,-0.470703125,-0.005859375,-0.43359375,-0.1328125,0,0
1779630131.613705,-0.3046875,-0.130859375,-0.470703125,-0.005859375,-0.427734375,-0.138671875,0,0
1779630131.621737,-0.3203125,-0.119140625,-0.4765625,-0.005859375,-0.427734375,-0.138671875,0,0
1779630131.629670,-0.3203125,-0.119140625,-0.4765625,-0.005859375,-0.41796875,-0.142578125,0,0
1779630131.637718,-0.33203125,-0.107421875,-0.48046875,-0.005859375,-0.41796875,-0.142578125,0,0
1779630131.645675,-0.33203125,-0.107421875,-0.48046875,-0.005859375,-0.41015625,-0.14453125,0,0
1779630131.653722,-0.357421875,-0.09375,-0.48046875,-0.005859375,-0.41015625,-0.14453125,0,0
1779630131.661677,-0.357421875,-0.09375,-0.48046875,-0.005859375,-0.41015625,-0.1484375,0,0
1779630131.669657,-0.37890625,-0.0859375,-0.478515625,-0.005859375,-0.41015625,-0.1484375,0,0
1779630131.677682,-0.37890625,-0.0859375,-0.478515625,-0.005859375,-0.4140625,-0.146484375,0,0
1779630131.685683,-0.384765625,-0.0859375,-0.474609375,-0.005859375,-0.4140625,-0.146484375,0,0
1779630131.693661,-0.384765625,-0.0859375,-0.474609375,-0.005859375,-0.41796875,-0.14453125,0,0
1779630131.701670,-0.3359375,-0.0703125,-0.4453125,-0.005859375,-0.41796875,-0.14453125,0,0
1779630131.709729,-0.3359375,-0.0703125,-0.4453125,-0.005859375,-0.40625,-0.146484375,0,0
1779630131.717746,-0.298828125,-0.0625,-0.33203125,-0.005859375,-0.40625,-0.146484375,0,0
1779630131.725719,-0.298828125,-0.0625,-0.33203125,0.013671875,-0.349609375,-0.146484375,0,0
1779630131.733669,-0.208984375,-0.046875,-0.1484375,0.013671875,-0.349609375,-0.146484375,0,0
1779630131.741673,-0.208984375,-0.046875,-0.1484375,0.052734375,-0.236328125,-0.13671875,0,0
1779630131.749723,-0.130859375,-0.046875,-0.025390625,0.052734375,-0.236328125,-0.13671875,0,0
1779630131.757697,-0.130859375,-0.046875,-0.025390625,0.080078125,-0.134765625,-0.123046875,0,0
1779630131.765687,-0.06640625,-0.033203125,-0.025390625,0.080078125,-0.134765625,-0.123046875,0,0
1779630131.773682,-0.06640625,-0.033203125,-0.025390625,0.0703125,-0.056640625,-0.111328125,0,0
1779630131.781704,-0.017578125,-0.01171875,-0.025390625,0.0703125,-0.056640625,-0.111328125,0,0
1779630131.789705,-0.017578125,-0.01171875,-0.025390625,0.041015625,-0.00390625,-0.107421875,0,0
1779630131.805728,-0.017578125,-0.01171875,-0.025390625,-0.0234375,-0.00390625,-0.04296875,0,0
1779630131.813736,-0.017578125,-0.03515625,-0.025390625,-0.0234375,-0.00390625,-0.04296875,0,0
1779630131.821697,-0.017578125,-0.03515625,-0.025390625,-0.0234375,-0.00390625,-0.017578125,0,0
1779630131.851659,0.0,0.0,0.0,0.0,0.0,0.0,0,0
1779630131.882663,0.0,0.0,0.0,0.0,0.0,0.0,0,0
1779630131.913658,0.0,0.0,0.0,0.0,0.0,0.0,0,0
1779630131.944698,0.0,0.0,0.0,0.0,0.0,0.0,0,0
1779630131.975691,0.0,0.0,0.0,0.0,0.0,0.0,0,0
1779630132.006646,0.0,0.0,0.0,0.0,0.0,0.0,0,0
1779630132.037636,0.0,0.0,0.0,0.0,0.0,0.0,0,0
1779630132.068660,0.0,0.0,0.0,0.0,0.0,0.0,0,0
1779630132.099662,0.0,0.0,0.0,0.0,0.0,0.0,0,0
1779630132.130646,0.0,0.0,0.0,0.0,0.0,0.0,0,0
1779630132.161703,0.0,0.0,0.0,0.0,0.0,0.0,0,0
1779630132.192672,0.0,0.0,0.0,0.0,0.0,0.0,0,0
1779630132.223682,0.0,0.0,0.0,0.0,0.0,0.0,0,0
1779630132.254729,0.0,0.0,0.0,0.0,0.0,0.0,0,0
1779630132.285690,0.0,0.0,0.0,0.0,0.0,0.0,0,0
1779630132.316673,0.0,0.0,0.0,0.0,0.0,0.0,0,0
1779630132.347662,0.0,0.0,0.0,0.0,0.0,0.0,0,0
1779630132.378688,0.0,0.0,0.0,0.0,0.0,0.0,0,0
1779630132.409717,0.0,0.0,0.0,0.0,0.0,0.0,0,0
1779630132.440697,0.0,0.0,0.0,0.0,0.0,0.0,0,0
1779630132.471722,0.0,0.0,0.0,0.0,0.0,0.0,0,0
1779630132.502721,0.0,0.0,0.0,0.0,0.0,0.0,0,0
1779630132.533679,0.0,0.0,0.0,0.0,0.0,0.0,0,0
1779630132.564740,0.0,0.0,0.0,0.0,0.0,0.0,0,0
1779630132.595727,0.0,0.0,0.0,0.0,0.0,0.0,0,0
1779630132.626721,0.0,0.0,0.0,0.0,0.0,0.0,0,0
1779630132.657726,0.0,0.0,0.0,0.0,0.0,0.0,0,0
1779630132.688690,0.0,0.0,0.0,0.0,0.0,0.0,0,0
1779630132.719658,0.0,0.0,0.0,0.0,0.0,0.0,0,0
1779630132.750658,0.0,0.0,0.0,0.0,0.0,0.0,0,0
1779630132.781656,0.0,0.0,0.0,0.0,0.0,0.0,0,0
1779630132.805734,-0.017578125,-0.03515625,0.0,-0.0234375,-0.00390625,-0.017578125,0,0
1779630132.821679,-0.017578125,-0.03515625,-0.005859375,-0.0234375,-0.00390625,-0.017578125,0,0
1779630132.837729,-0.017578125,-0.03515625,-0.009765625,-0.0234375,-0.00390625,-0.017578125,0,0
1779630132.853756,-0.017578125,-0.03515625,-0.009765625,-0.0234375,-0.00390625,-0.017578125,0,0
1779630132.869678,-0.017578125,-0.03515625,-0.025390625,-0.0234375,-0.00390625,-0.017578125,0,0
1779630132.885690,-0.017578125,-0.03515625,-0.0703125,-0.0234375,-0.00390625,-0.017578125,0,0
1779630132.901703,0.00390625,-0.03515625,-0.109375,-0.0234375,-0.00390625,-0.017578125,0,0
1779630132.917747,0.0078125,-0.03515625,-0.150390625,-0.0234375,-0.00390625,-0.017578125,0,0
1779630132.933703,0.0078125,0.0,-0.205078125,-0.0234375,-0.00390625,-0.017578125,0,0
1779630132.949712,0.0078125,-0.01171875,-0.283203125,-0.0234375,-0.00390625,-0.017578125,0,0
1779630132.965709,0.0078125,-0.037109375,-0.35546875,-0.0234375,-0.00390625,-0.017578125,0,0
1779630132.973666,0.0078125,-0.037109375,-0.35546875,-0.0078125,-0.00390625,-0.017578125,0,0
1779630132.981722,0.009765625,-0.060546875,-0.44140625,-0.0078125,-0.00390625,-0.017578125,0,0
1779630132.989757,0.009765625,-0.060546875,-0.44140625,-0.017578125,-0.00390625,-0.017578125,0,0
1779630132.997732,0.025390625,-0.0546875,-0.509765625,-0.017578125,-0.00390625,-0.017578125,0,0
1779630133.005721,0.025390625,-0.0546875,-0.509765625,-0.05078125,-0.00390625,-0.017578125,0,0
1779630133.013661,0.015625,-0.0390625,-0.5703125,-0.05078125,-0.00390625,-0.017578125,0,0
1779630133.021683,0.015625,-0.0390625,-0.5703125,-0.091796875,-0.00390625,-0.017578125,0,0
1779630133.029699,0.0078125,-0.02734375,-0.595703125,-0.091796875,-0.00390625,-0.017578125,0,0
1779630133.037682,0.0078125,-0.02734375,-0.595703125,-0.123046875,-0.00390625,-0.017578125,0,0
1779630133.045701,0.00390625,-0.03125,-0.5859375,-0.123046875,-0.00390625,-0.017578125,0,0
1779630133.053736,0.00390625,-0.03125,-0.5859375,-0.126953125,-0.00390625,-0.017578125,0,0
1779630133.061757,0.01171875,-0.029296875,-0.560546875,-0.126953125,-0.00390625,-0.017578125,0,0
1779630133.069723,0.01171875,-0.029296875,-0.560546875,-0.130859375,-0.00390625,-0.017578125,0,0
1779630133.077697,0.015625,-0.025390625,-0.546875,-0.130859375,-0.00390625,-0.017578125,0,0
1779630133.085641,0.015625,-0.025390625,-0.546875,-0.14453125,-0.00390625,-0.017578125,0,0
1779630133.093799,0.017578125,-0.009765625,-0.53515625,-0.14453125,-0.00390625,-0.017578125,0,0
1779630133.101741,0.017578125,-0.009765625,-0.53515625,-0.158203125,-0.00390625,-0.017578125,0,0
1779630133.109730,0.021484375,-0.009765625,-0.521484375,-0.158203125,-0.00390625,-0.017578125,0,0
1779630133.117661,0.021484375,-0.009765625,-0.521484375,-0.169921875,-0.00390625,-0.017578125,0,0
1779630133.125663,0.021484375,-0.009765625,-0.505859375,-0.169921875,-0.00390625,-0.017578125,0,0
1779630133.133664,0.021484375,-0.009765625,-0.505859375,-0.177734375,-0.00390625,-0.017578125,0,0
1779630133.141657,0.021484375,-0.009765625,-0.4921875,-0.177734375,-0.00390625,-0.017578125,0,0
1779630133.149704,0.021484375,-0.009765625,-0.4921875,-0.177734375,-0.00390625,-0.017578125,0,0
1779630133.157681,0.021484375,-0.009765625,-0.466796875,-0.177734375,-0.00390625,-0.017578125,0,0
1779630133.165662,0.021484375,-0.009765625,-0.466796875,-0.171875,0.0,-0.017578125,0,0
1779630133.173695,0.0234375,-0.009765625,-0.439453125,-0.171875,0.0,-0.017578125,0,0
1779630133.181678,0.0234375,-0.009765625,-0.439453125,-0.16796875,0.0078125,-0.017578125,0,0
1779630133.189729,0.03125,0.0,-0.40625,-0.16796875,0.0078125,-0.017578125,0,0
1779630133.197728,0.03125,0.0,-0.40625,-0.15625,0.0234375,-0.017578125,0,0
1779630133.205676,0.041015625,0.0,-0.37890625,-0.15625,0.0234375,-0.017578125,0,0
1779630133.213743,0.041015625,0.0,-0.37890625,-0.150390625,0.03125,-0.017578125,0,0
1779630133.221756,0.05078125,0.0,-0.3515625,-0.150390625,0.03125,-0.017578125,0,0
1779630133.229701,0.05078125,0.0,-0.3515625,-0.15625,0.0390625,-0.017578125,0,0
1779630133.237700,0.056640625,0.0,-0.34375,-0.15625,0.0390625,-0.017578125,0,0
1779630133.245733,0.056640625,0.0,-0.34375,-0.162109375,0.04296875,-0.017578125,0,0
1779630133.253732,0.052734375,0.0,-0.34375,-0.162109375,0.04296875,-0.017578125,0,0
1779630133.261709,0.052734375,0.0,-0.34375,-0.1640625,0.044921875,-0.017578125,0,0
1779630133.269721,0.041015625,0.0,-0.337890625,-0.1640625,0.044921875,-0.017578125,0,0
1779630133.277649,0.041015625,0.0,-0.337890625,-0.162109375,0.037109375,-0.017578125,0,0
1779630133.285739,0.03515625,0.0,-0.330078125,-0.162109375,0.037109375,-0.017578125,0,0
1779630133.293720,0.03515625,0.0,-0.330078125,-0.158203125,0.03515625,-0.017578125,0,0
1779630133.301768,0.033203125,0.0,-0.32421875,-0.158203125,0.03515625,-0.017578125,0,0
1779630133.309689,0.033203125,0.0,-0.32421875,-0.15625,0.03125,-0.017578125,0,0
1779630133.317703,0.033203125,0.0,-0.32421875,-0.15625,0.03125,-0.017578125,0,0
1779630133.325713,0.033203125,0.0,-0.32421875,-0.15625,0.03125,-0.017578125,0,0
1779630133.333691,0.029296875,0.0,-0.328125,-0.15625,0.03125,-0.017578125,0,0
1779630133.341662,0.029296875,0.0,-0.328125,-0.15625,0.02734375,-0.017578125,0,0
1779630133.349668,0.021484375,0.0,-0.328125,-0.15625,0.02734375,-0.017578125,0,0
1779630133.357708,0.021484375,0.0,-0.328125,-0.166015625,0.021484375,-0.017578125,0,0
1779630133.365690,0.013671875,0.0,-0.322265625,-0.166015625,0.021484375,-0.017578125,0,0
1779630133.373715,0.013671875,0.0,-0.322265625,-0.169921875,0.015625,-0.017578125,0,0
1779630133.381721,0.01171875,0.0,-0.30078125,-0.169921875,0.015625,-0.017578125,0,0
1779630133.389688,0.01171875,0.0,-0.30078125,-0.169921875,0.01171875,-0.017578125,0,0
1779630133.397706,0.01953125,0.0,-0.25,-0.169921875,0.01171875,-0.017578125,0,0
1779630133.405681,0.01953125,0.0,-0.25,-0.142578125,0.01953125,-0.017578125,0,0
1779630133.413710,0.03515625,0.0,-0.142578125,-0.142578125,0.01953125,-0.017578125,0,0
1779630133.421687,0.03515625,0.0,-0.142578125,-0.0859375,0.060546875,-0.017578125,0,0
1779630133.429681,0.048828125,0.0,-0.029296875,-0.0859375,0.060546875,-0.017578125,0,0
1779630133.437692,0.048828125,0.0,-0.029296875,-0.01171875,0.08203125,-0.017578125,0,0
1779630133.445732,0.01953125,0.0,-0.017578125,-0.01171875,0.08203125,-0.017578125,0,0
1779630133.453676,0.01953125,0.0,-0.017578125,-0.015625,0.052734375,-0.017578125,0,0
1779630133.461684,0.01953125,0.0,-0.00390625,-0.015625,0.052734375,-0.017578125,0,0
1779630133.469706,0.01953125,0.0,-0.00390625,-0.01953125,0.052734375,-0.017578125,0,0
1779630133.485687,0.01953125,0.0,-0.00390625,-0.01171875,0.052734375,-0.017578125,0,0
1779630133.515677,0.0,0.0,0.0,0.0,0.0,0.0,0,0
1779630133.546679,0.0,0.0,0.0,0.0,0.0,0.0,0,0
1779630133.577684,0.0,0.0,0.0,0.0,0.0,0.0,0,0
1779630133.608701,0.0,0.0,0.0,0.0,0.0,0.0,0,0
1779630133.639679,0.0,0.0,0.0,0.0,0.0,0.0,0,0
1779630133.670664,0.0,0.0,0.0,0.0,0.0,0.0,0,0
1779630133.701670,0.0,0.0,0.0,0.0,0.0,0.0,0,0
1779630133.732693,0.0,0.0,0.0,0.0,0.0,0.0,0,0
1779630133.763700,0.0,0.0,0.0,0.0,0.0,0.0,0,0
1779630133.794663,0.0,0.0,0.0,0.0,0.0,0.0,0,0
1779630133.825701,0.0,0.0,0.0,0.0,0.0,0.0,0,0
1779630133.856815,0.0,0.0,0.0,0.0,0.0,0.0,0,0
1779630133.887671,0.0,0.0,0.0,0.0,0.0,0.0,0,0
1779630133.918748,0.0,0.0,0.0,0.0,0.0,0.0,0,0
1779630133.949678,0.0,0.0,0.0,0.0,0.0,0.0,0,0
1779630133.980671,0.0,0.0,0.0,0.0,0.0,0.0,0,0
1779630134.011741,0.0,0.0,0.0,0.0,0.0,0.0,0,0
1779630134.042700,0.0,0.0,0.0,0.0,0.0,0.0,1,0
1779630134.073712,0.0,0.0,0.0,0.0,0.0,0.0,1,0
1779630134.104646,0.0,0.0,0.0,0.0,0.0,0.0,1,0
1779630134.135661,0.0,0.0,0.0,0.0,0.0,0.0,1,0
1779630134.166688,0.0,0.0,0.0,0.0,0.0,0.0,0,0
1779630134.197718,0.0,0.0,0.0,0.0,0.0,0.0,0,0
1779630134.228719,0.0,0.0,0.0,0.0,0.0,0.0,0,0
1779630134.259699,0.0,0.0,0.0,0.0,0.0,0.0,0,0
1779630134.290674,0.0,0.0,0.0,0.0,0.0,0.0,0,0
1779630134.321723,0.0,0.0,0.0,0.0,0.0,0.0,0,0
1779630134.352650,0.0,0.0,0.0,0.0,0.0,0.0,0,0
1779630134.383715,0.0,0.0,0.0,0.0,0.0,0.0,0,0
1779630134.414683,0.0,0.0,0.0,0.0,0.0,0.0,0,0
1779630134.445721,0.0,0.0,0.0,0.0,0.0,0.0,0,0
1779630134.476670,0.0,0.0,0.0,0.0,0.0,0.0,0,0
1779630134.507727,0.0,0.0,0.0,0.0,0.0,0.0,0,0
1779630134.538745,0.0,0.0,0.0,0.0,0.0,0.0,0,0
1779630134.569711,0.0,0.0,0.0,0.0,0.0,0.0,0,0
1779630134.600687,0.0,0.0,0.0,0.0,0.0,0.0,0,0
1779630134.631687,0.0,0.0,0.0,0.0,0.0,0.0,0,0
1779630134.662688,0.0,0.0,0.0,0.0,0.0,0.0,0,0
1779630134.693706,0.0,0.0,0.0,0.0,0.0,0.0,0,0
1779630134.724665,0.0,0.0,0.0,0.0,0.0,0.0,0,0
1779630134.755655,0.0,0.0,0.0,0.0,0.0,0.0,0,0
1779630134.786679,0.0,0.0,0.0,0.0,0.0,0.0,0,0
1779630134.817670,0.0,0.0,0.0,0.0,0.0,0.0,0,0
1779630134.848669,0.0,0.0,0.0,0.0,0.0,0.0,0,0
1779630134.879748,0.0,0.0,0.0,0.0,0.0,0.0,0,0
1779630134.910686,0.0,0.0,0.0,0.0,0.0,0.0,0,0
1779630134.941702,0.0,0.0,0.0,0.0,0.0,0.0,0,0
1779630134.972706,0.0,0.0,0.0,0.0,0.0,0.0,0,0
1779630135.003702,0.0,0.0,0.0,0.0,0.0,0.0,0,0
1779630135.034698,0.0,0.0,0.0,0.0,0.0,0.0,0,0
1779630135.065677,0.0,0.0,0.0,0.0,0.0,0.0,0,0
1779630135.096717,0.0,0.0,0.0,0.0,0.0,0.0,0,0
1779630135.127727,0.0,0.0,0.0,0.0,0.0,0.0,0,0
1779630135.158765,0.0,0.0,0.0,0.0,0.0,0.0,0,0
1779630135.189725,0.0,0.0,0.0,0.0,0.0,0.0,0,0
1779630135.220649,0.0,0.0,0.0,0.0,0.0,0.0,0,0
1779630135.251760,0.0,0.0,0.0,0.0,0.0,0.0,0,0
1779630135.282702,0.0,0.0,0.0,0.0,0.0,0.0,0,0
1779630135.313701,0.0,0.0,0.0,0.0,0.0,0.0,0,0
1779630135.344699,0.0,0.0,0.0,0.0,0.0,0.0,0,0
1779630135.375694,0.0,0.0,0.0,0.0,0.0,0.0,0,0
1779630135.406684,0.0,0.0,0.0,0.0,0.0,0.0,0,0
1779630135.437682,0.0,0.0,0.0,0.0,0.0,0.0,0,0
1779630135.468715,0.0,0.0,0.0,0.0,0.0,0.0,0,0
1779630135.501154,0.0,0.0,0.0,0.0,0.0,0.0,0,0
1779630135.530695,0.0,0.0,0.0,0.0,0.0,0.0,0,0
1779630135.561710,0.0,0.0,0.0,0.0,0.0,0.0,0,0
1779630135.592716,0.0,0.0,0.0,0.0,0.0,0.0,0,0
1779630135.623668,0.0,0.0,0.0,0.0,0.0,0.0,0,0
1779630135.654670,0.0,0.0,0.0,0.0,0.0,0.0,0,0
1779630135.685701,0.0,0.0,0.0,0.0,0.0,0.0,0,0
1779630135.716692,0.0,0.0,0.0,0.0,0.0,0.0,0,0
1779630135.747719,0.0,0.0,0.0,0.0,0.0,0.0,0,0
1779630135.778740,0.0,0.0,0.0,0.0,0.0,0.0,0,0
1779630135.809732,0.0,0.0,0.0,0.0,0.0,0.0,0,0
1779630135.840662,0.0,0.0,0.0,0.0,0.0,0.0,0,0
1779630135.871695,0.0,0.0,0.0,0.0,0.0,0.0,0,0
1779630135.902701,0.0,0.0,0.0,0.0,0.0,0.0,0,0
1779630135.933727,0.0,0.0,0.0,0.0,0.0,0.0,0,0
1779630135.964675,0.0,0.0,0.0,0.0,0.0,0.0,0,0
1779630135.995708,0.0,0.0,0.0,0.0,0.0,0.0,0,0
1779630136.026783,0.0,0.0,0.0,0.0,0.0,0.0,0,0
1779630136.057694,0.0,0.0,0.0,0.0,0.0,0.0,0,0
1779630136.088679,0.0,0.0,0.0,0.0,0.0,0.0,0,0
1779630136.119676,0.0,0.0,0.0,0.0,0.0,0.0,0,0
1779630136.150663,0.0,0.0,0.0,0.0,0.0,0.0,0,0
1779630136.181677,0.0,0.0,0.0,0.0,0.0,0.0,0,0
1779630136.212695,0.0,0.0,0.0,0.0,0.0,0.0,0,0
1779630136.243701,0.0,0.0,0.0,0.0,0.0,0.0,0,0
1779630136.274710,0.0,0.0,0.0,0.0,0.0,0.0,0,0
1779630136.305690,0.0,0.0,0.0,0.0,0.0,0.0,0,0
1779630136.336679,0.0,0.0,0.0,0.0,0.0,0.0,0,0
1779630136.367702,0.0,0.0,0.0,0.0,0.0,0.0,0,0
1779630136.398709,0.0,0.0,0.0,0.0,0.0,0.0,0,0
1779630136.429719,0.0,0.0,0.0,0.0,0.0,0.0,0,0
1779630136.460742,0.0,0.0,0.0,0.0,0.0,0.0,0,0
1779630136.491704,0.0,0.0,0.0,0.0,0.0,0.0,0,0
1779630136.522749,0.0,0.0,0.0,0.0,0.0,0.0,0,0
1779630136.553663,0.0,0.0,0.0,0.0,0.0,0.0,0,0
1779630136.584695,0.0,0.0,0.0,0.0,0.0,0.0,0,0
1779630136.615755,0.0,0.0,0.0,0.0,0.0,0.0,0,0
1779630136.646682,0.0,0.0,0.0,0.0,0.0,0.0,0,0
1779630136.677714,0.0,0.0,0.0,0.0,0.0,0.0,0,0
1779630136.708697,0.0,0.0,0.0,0.0,0.0,0.0,0,0
1779630136.739704,0.0,0.0,0.0,0.0,0.0,0.0,0,0
1779630136.770682,0.0,0.0,0.0,0.0,0.0,0.0,0,0
1779630136.801716,0.0,0.0,0.0,0.0,0.0,0.0,0,0
1779630136.832730,0.0,0.0,0.0,0.0,0.0,0.0,0,0
1779630136.863737,0.0,0.0,0.0,0.0,0.0,0.0,0,0
1779630136.894732,0.0,0.0,0.0,0.0,0.0,0.0,0,0
1779630136.925640,0.0,0.0,0.0,0.0,0.0,0.0,0,0
1779630136.956731,0.0,0.0,0.0,0.0,0.0,0.0,0,0
1779630136.987724,0.0,0.0,0.0,0.0,0.0,0.0,0,0
1779630137.018672,0.0,0.0,0.0,0.0,0.0,0.0,0,0
1779630137.049694,0.0,0.0,0.0,0.0,0.0,0.0,0,0
1779630137.080700,0.0,0.0,0.0,0.0,0.0,0.0,0,0
1779630137.111708,0.0,0.0,0.0,0.0,0.0,0.0,0,0
1779630137.142710,0.0,0.0,0.0,0.0,0.0,0.0,0,0
1779630137.173710,0.0,0.0,0.0,0.0,0.0,0.0,0,0
1779630137.204701,0.0,0.0,0.0,0.0,0.0,0.0,0,0
1779630137.235677,0.0,0.0,0.0,0.0,0.0,0.0,0,0
1779630137.266742,0.0,0.0,0.0,0.0,0.0,0.0,0,0
1779630137.297722,0.0,0.0,0.0,0.0,0.0,0.0,0,0
1779630137.328685,0.0,0.0,0.0,0.0,0.0,0.0,0,0
1779630137.359717,0.0,0.0,0.0,0.0,0.0,0.0,0,0
1779630137.390727,0.0,0.0,0.0,0.0,0.0,0.0,0,0
1779630137.421688,0.0,0.0,0.0,0.0,0.0,0.0,0,0
1779630137.452700,0.0,0.0,0.0,0.0,0.0,0.0,0,0
1779630137.483732,0.0,0.0,0.0,0.0,0.0,0.0,0,0
1779630137.514686,0.0,0.0,0.0,0.0,0.0,0.0,0,0
1779630137.545721,0.0,0.0,0.0,0.0,0.0,0.0,0,0
1779630137.576712,0.0,0.0,0.0,0.0,0.0,0.0,0,0
1779630137.607727,0.0,0.0,0.0,0.0,0.0,0.0,0,0
1779630137.638717,0.0,0.0,0.0,0.0,0.0,0.0,0,0
1779630137.669682,0.0,0.0,0.0,0.0,0.0,0.0,0,0
1779630137.700743,0.0,0.0,0.0,0.0,0.0,0.0,0,0
1779630137.731741,0.0,0.0,0.0,0.0,0.0,0.0,0,0
1779630137.762665,0.0,0.0,0.0,0.0,0.0,0.0,0,0
1779630137.793712,0.0,0.0,0.0,0.0,0.0,0.0,0,0
1779630137.824679,0.0,0.0,0.0,0.0,0.0,0.0,0,0
1779630137.855648,0.0,0.0,0.0,0.0,0.0,0.0,0,0
1779630137.886689,0.0,0.0,0.0,0.0,0.0,0.0,0,0
1779630137.917668,0.0,0.0,0.0,0.0,0.0,0.0,0,0
1779630137.948691,0.0,0.0,0.0,0.0,0.0,0.0,0,0
1779630137.979740,0.0,0.0,0.0,0.0,0.0,0.0,0,0
1779630138.010710,0.0,0.0,0.0,0.0,0.0,0.0,0,0
1779630138.041701,0.0,0.0,0.0,0.0,0.0,0.0,0,0
1779630138.072756,0.0,0.0,0.0,0.0,0.0,0.0,0,0
1779630138.103702,0.0,0.0,0.0,0.0,0.0,0.0,0,0
1779630138.134687,0.0,0.0,0.0,0.0,0.0,0.0,0,0
1779630138.165675,0.0,0.0,0.0,0.0,0.0,0.0,0,0
1779630138.196697,0.0,0.0,0.0,0.0,0.0,0.0,0,0
1779630138.227747,0.0,0.0,0.0,0.0,0.0,0.0,0,0
1779630138.258755,0.0,0.0,0.0,0.0,0.0,0.0,0,0
1779630138.285716,0.01953125,0.0,-0.00390625,0.005859375,0.052734375,-0.017578125,0,0
1779630138.301686,0.01953125,0.0,-0.00390625,0.03515625,0.052734375,-0.017578125,0,0
1779630138.309742,-0.029296875,0.0,0.05078125,0.03515625,0.052734375,-0.017578125,0,0
1779630138.317730,-0.029296875,0.0,0.05078125,0.046875,0.052734375,-0.017578125,0,0
1779630138.325734,-0.0546875,0.0,0.1015625,0.046875,0.052734375,-0.017578125,0,0
1779630138.333729,-0.0546875,0.0,0.1015625,0.04296875,0.052734375,-0.017578125,0,0
1779630138.341768,-0.04296875,0.0,0.181640625,0.04296875,0.052734375,-0.017578125,0,0
1779630138.349700,-0.04296875,0.0,0.181640625,0.04296875,0.052734375,-0.017578125,0,0
1779630138.357692,-0.04296875,0.0,0.30078125,0.04296875,0.052734375,-0.017578125,0,0
1779630138.365722,-0.04296875,0.0,0.30078125,0.03515625,0.052734375,-0.017578125,0,0
1779630138.373702,-0.04296875,-0.041015625,0.38671875,0.03515625,0.052734375,-0.017578125,0,0
1779630138.381747,-0.04296875,-0.041015625,0.38671875,0.0234375,0.0,-0.0078125,0,0
1779630138.389701,-0.04296875,-0.068359375,0.416015625,0.0234375,0.0,-0.0078125,0,0
1779630138.397742,-0.04296875,-0.068359375,0.416015625,0.0234375,0.013671875,-0.009765625,0,0
1779630138.405713,-0.04296875,-0.06640625,0.423828125,0.0234375,0.013671875,-0.009765625,0,0
1779630138.413692,-0.04296875,-0.06640625,0.423828125,0.0234375,0.0234375,-0.0078125,0,0
1779630138.421679,-0.04296875,-0.03515625,0.447265625,0.0234375,0.0234375,-0.0078125,0,0
1779630138.429773,-0.04296875,-0.03515625,0.447265625,0.0234375,0.03515625,-0.0078125,0,0
1779630138.437716,-0.04296875,-0.0234375,0.484375,0.0234375,0.03515625,-0.0078125,0,0
1779630138.445707,-0.04296875,-0.0234375,0.484375,0.0234375,0.04296875,-0.0078125,0,0
1779630138.453731,-0.04296875,-0.03125,0.5625,0.0234375,0.04296875,-0.0078125,0,0
1779630138.461718,-0.04296875,-0.03125,0.5625,0.0234375,0.04296875,-0.0078125,0,0
1779630138.469704,-0.04296875,-0.041015625,0.64453125,0.0234375,0.04296875,-0.0078125,0,0
1779630138.477705,-0.04296875,-0.041015625,0.64453125,0.0234375,0.046875,-0.0078125,0,0
1779630138.485705,-0.04296875,-0.044921875,0.6640625,0.0234375,0.046875,-0.0078125,0,0
1779630138.493721,-0.04296875,-0.044921875,0.6640625,0.0234375,0.048828125,-0.0078125,0,0
1779630138.501677,-0.04296875,-0.033203125,0.65625,0.0234375,0.048828125,-0.0078125,0,0
1779630138.509862,-0.04296875,-0.033203125,0.65625,0.0234375,0.04296875,-0.0078125,0,0
1779630138.517708,-0.04296875,-0.017578125,0.642578125,0.0234375,0.04296875,-0.0078125,0,0
1779630138.525666,-0.04296875,-0.017578125,0.642578125,0.0234375,0.037109375,-0.0078125,0,0
1779630138.533708,-0.04296875,-0.005859375,0.654296875,0.0234375,0.037109375,-0.0078125,0,0
1779630138.541710,-0.04296875,-0.005859375,0.654296875,-0.009765625,0.037109375,-0.0078125,0,0
1779630138.549756,-0.04296875,-0.005859375,0.68359375,-0.009765625,0.037109375,-0.0078125,0,0
1779630138.557673,-0.04296875,-0.005859375,0.68359375,-0.0234375,0.041015625,-0.0078125,0,0
1779630138.565754,-0.04296875,-0.005859375,0.68359375,-0.0234375,0.041015625,-0.0078125,0,0
1779630138.573669,-0.04296875,-0.005859375,0.68359375,-0.029296875,0.04296875,-0.0078125,0,0
1779630138.581712,-0.04296875,-0.005859375,0.68359375,-0.029296875,0.04296875,-0.0078125,0,0
1779630138.589680,-0.04296875,-0.005859375,0.68359375,-0.03125,0.041015625,-0.0078125,0,0
1779630138.597752,0.0,-0.005859375,0.68359375,-0.03125,0.041015625,-0.0078125,0,0
1779630138.605713,0.0,-0.005859375,0.68359375,-0.025390625,0.03515625,-0.0078125,0,0
1779630138.613750,-0.005859375,-0.005859375,0.68359375,-0.025390625,0.03515625,-0.0078125,0,0
1779630138.621730,-0.005859375,-0.005859375,0.68359375,-0.021484375,0.03125,-0.0078125,0,0
1779630138.629711,-0.005859375,-0.005859375,0.68359375,-0.021484375,0.03125,-0.0078125,0,0
1779630138.637649,-0.005859375,-0.005859375,0.68359375,-0.021484375,0.033203125,-0.0078125,0,0
1779630138.645685,-0.005859375,-0.005859375,0.68359375,-0.021484375,0.033203125,-0.0078125,0,0
1779630138.653694,-0.005859375,-0.005859375,0.68359375,-0.021484375,0.04296875,-0.0078125,0,0
1779630138.661726,-0.005859375,0.0,0.68359375,-0.021484375,0.04296875,-0.0078125,0,0
1779630138.669685,-0.005859375,0.0,0.68359375,-0.021484375,0.048828125,-0.0078125,0,0
1779630138.677723,-0.005859375,-0.005859375,0.68359375,-0.021484375,0.048828125,-0.0078125,0,0
1779630138.685691,-0.005859375,-0.005859375,0.68359375,-0.021484375,0.048828125,-0.0078125,0,0
1779630138.693734,-0.005859375,-0.005859375,0.68359375,-0.021484375,0.048828125,-0.0078125,0,0
1779630138.701724,-0.005859375,-0.005859375,0.68359375,-0.021484375,0.046875,-0.0078125,0,0
1779630138.709703,-0.005859375,-0.005859375,0.68359375,-0.021484375,0.046875,-0.0078125,0,0
1779630138.717701,-0.005859375,-0.005859375,0.68359375,-0.01953125,0.046875,-0.0078125,0,0
1779630138.725705,-0.005859375,-0.005859375,0.68359375,-0.01953125,0.046875,-0.0078125,0,0
1779630138.733727,-0.005859375,-0.005859375,0.68359375,-0.0078125,0.04296875,-0.0078125,0,0
1779630138.741732,-0.005859375,-0.005859375,0.68359375,-0.0078125,0.04296875,-0.0078125,0,0
1779630138.749696,-0.005859375,-0.005859375,0.68359375,-0.0078125,0.03515625,-0.0078125,0,0
1779630138.757705,-0.005859375,-0.005859375,0.68359375,-0.0078125,0.03515625,-0.0078125,0,0
1779630138.765735,-0.005859375,-0.005859375,0.68359375,-0.0078125,0.02734375,-0.0078125,0,0
1779630138.773643,-0.005859375,-0.01171875,0.68359375,-0.0078125,0.02734375,-0.0078125,0,0
1779630138.781730,-0.005859375,-0.01171875,0.68359375,-0.0078125,0.0234375,-0.0078125,0,0
1779630138.789728,-0.005859375,-0.021484375,0.68359375,-0.0078125,0.0234375,-0.0078125,0,0
1779630138.797724,-0.005859375,-0.021484375,0.68359375,-0.0078125,0.0234375,-0.0078125,0,0
1779630138.805754,-0.005859375,-0.02734375,0.68359375,-0.0078125,0.0234375,-0.0078125,0,0
1779630138.813720,-0.005859375,-0.02734375,0.68359375,-0.0078125,0.029296875,-0.0078125,0,0
1779630138.821724,-0.005859375,-0.029296875,0.68359375,-0.0078125,0.029296875,-0.0078125,0,0
1779630138.829725,-0.005859375,-0.029296875,0.68359375,0.015625,0.03125,-0.0078125,0,0
1779630138.837751,-0.005859375,-0.029296875,0.68359375,0.015625,0.03125,-0.0078125,0,0
1779630138.845726,-0.005859375,-0.029296875,0.68359375,0.021484375,0.03515625,-0.0078125,0,0
1779630138.853702,-0.005859375,-0.025390625,0.68359375,0.021484375,0.03515625,-0.0078125,0,0
1779630138.861700,-0.005859375,-0.025390625,0.68359375,0.0234375,0.03515625,-0.0078125,0,0
1779630138.869632,-0.005859375,-0.013671875,0.68359375,0.0234375,0.03515625,-0.0078125,0,0
1779630138.877731,-0.005859375,-0.013671875,0.68359375,0.02734375,0.03515625,-0.0078125,0,0
1779630138.885737,-0.005859375,-0.013671875,0.68359375,0.02734375,0.03515625,-0.0078125,0,0
1779630138.893738,-0.005859375,-0.013671875,0.68359375,0.033203125,0.03125,-0.0078125,0,0
1779630138.901686,-0.0078125,-0.013671875,0.68359375,0.033203125,0.03125,-0.0078125,0,0
1779630138.909756,-0.0078125,-0.013671875,0.68359375,0.04296875,0.02734375,-0.0078125,0,0
1779630138.917708,-0.0078125,-0.013671875,0.68359375,0.04296875,0.02734375,-0.0078125,0,0
1779630138.925711,-0.0078125,-0.013671875,0.68359375,0.05859375,0.0234375,-0.0078125,0,0
1779630138.933745,-0.0078125,-0.013671875,0.68359375,0.05859375,0.0234375,-0.0078125,0,0
1779630138.941708,-0.0078125,-0.013671875,0.68359375,0.080078125,0.0234375,-0.0078125,0,0
1779630138.949690,-0.0078125,-0.013671875,0.68359375,0.080078125,0.0234375,-0.0078125,0,0
1779630138.957675,-0.0078125,-0.013671875,0.68359375,0.091796875,0.0234375,-0.0078125,0,0
1779630138.965702,-0.0078125,-0.013671875,0.68359375,0.091796875,0.0234375,-0.0078125,0,0
1779630138.973780,-0.0078125,-0.013671875,0.68359375,0.09765625,0.02734375,-0.0078125,0,0
1779630138.981713,-0.0078125,-0.013671875,0.68359375,0.09765625,0.02734375,-0.0078125,0,0
1779630138.989707,-0.0078125,-0.013671875,0.68359375,0.107421875,0.03125,-0.0078125,0,0
1779630138.997702,-0.0078125,-0.013671875,0.68359375,0.107421875,0.03125,-0.0078125,0,0
1779630139.005753,-0.0078125,-0.013671875,0.68359375,0.1171875,0.03125,-0.0078125,0,0
1779630139.013664,-0.0078125,-0.013671875,0.68359375,0.1171875,0.03125,-0.0078125,0,0
1779630139.021741,-0.0078125,-0.013671875,0.68359375,0.107421875,0.033203125,-0.0078125,0,0
1779630139.029675,0.0,-0.013671875,0.68359375,0.107421875,0.033203125,-0.0078125,0,0
1779630139.037696,0.0,-0.013671875,0.68359375,0.08984375,0.03125,-0.0078125,0,0
1779630139.045676,-0.0078125,-0.013671875,0.68359375,0.08984375,0.03125,-0.0078125,0,0
1779630139.053661,-0.0078125,-0.013671875,0.68359375,0.076171875,0.03125,-0.0078125,0,0
1779630139.061698,0.0,-0.013671875,0.68359375,0.076171875,0.03125,-0.0078125,0,0
1779630139.069688,0.0,-0.013671875,0.68359375,0.076171875,0.02734375,-0.0078125,0,0
1779630139.077747,0.0,-0.013671875,0.68359375,0.076171875,0.02734375,-0.0078125,0,0
1779630139.085673,0.0,-0.013671875,0.68359375,0.078125,0.02734375,-0.0078125,0,0
1779630139.093788,0.0,-0.013671875,0.68359375,0.078125,0.02734375,-0.0078125,0,0
1779630139.101714,0.0,-0.013671875,0.68359375,0.08203125,0.025390625,-0.0078125,0,0
1779630139.109670,0.0,-0.013671875,0.68359375,0.08203125,0.025390625,-0.0078125,0,0
1779630139.117690,0.0,-0.013671875,0.68359375,0.087890625,0.01953125,-0.0078125,0,0
1779630139.125691,0.0,-0.013671875,0.68359375,0.087890625,0.01953125,-0.0078125,0,0
1779630139.133718,0.0,-0.013671875,0.68359375,0.1015625,0.015625,-0.0078125,0,0
1779630139.141652,0.0,-0.013671875,0.68359375,0.1015625,0.015625,-0.0078125,0,0
1779630139.149670,0.0,-0.013671875,0.68359375,0.12890625,0.01171875,-0.00390625,0,0
1779630139.157671,0.0,-0.0078125,0.681640625,0.12890625,0.01171875,-0.00390625,0,0
1779630139.165677,0.0,-0.0078125,0.681640625,0.150390625,0.01171875,-0.009765625,0,0
1779630139.173699,0.0,-0.025390625,0.65625,0.150390625,0.01171875,-0.009765625,0,0
1779630139.181724,0.0,-0.025390625,0.65625,0.166015625,0.01171875,-0.017578125,0,0
1779630139.189691,0.0,-0.044921875,0.615234375,0.166015625,0.01171875,-0.017578125,0,0
1779630139.197728,0.0,-0.044921875,0.615234375,0.1796875,0.0078125,-0.0234375,0,0
1779630139.205702,0.0,-0.0625,0.5625,0.1796875,0.0078125,-0.0234375,0,0
1779630139.213738,0.0,-0.0625,0.5625,0.19140625,0.00390625,-0.029296875,0,0
1779630139.221728,0.0,-0.078125,0.5,0.19140625,0.00390625,-0.029296875,0,0
1779630139.229713,0.0,-0.078125,0.5,0.19921875,0.0,-0.037109375,0,0
1779630139.237698,0.0,-0.08203125,0.44140625,0.19921875,0.0,-0.037109375,0,0
1779630139.245724,0.0,-0.08203125,0.44140625,0.19140625,0.0,-0.037109375,0,0
1779630139.253674,0.0,-0.080078125,0.369140625,0.19140625,0.0,-0.037109375,0,0
1779630139.261715,0.0,-0.080078125,0.369140625,0.171875,0.0,-0.02734375,0,0
1779630139.277792,-0.01171875,-0.064453125,0.28125,0.171875,0.0,-0.02734375,0,1
1779630139.285693,-0.01171875,-0.064453125,0.28125,0.14453125,0.0,-0.021484375,0,1
1779630139.293752,-0.01953125,-0.05859375,0.24609375,0.14453125,0.0,-0.021484375,0,1
1779630139.301701,-0.01953125,-0.05859375,0.24609375,0.134765625,0.0,-0.0234375,0,1
1779630139.309706,-0.03125,-0.060546875,0.203125,0.134765625,0.0,-0.0234375,0,1
1779630139.317698,-0.03125,-0.060546875,0.203125,0.1328125,0.0,-0.021484375,0,1
1779630139.325711,-0.041015625,-0.07421875,0.162109375,0.1328125,0.0,-0.021484375,0,1
1779630139.333691,-0.041015625,-0.07421875,0.162109375,0.1328125,0.0,-0.01171875,0,1
1779630139.341856,-0.041015625,-0.0859375,0.123046875,0.1328125,0.0,-0.01171875,0,1
1779630139.349741,-0.041015625,-0.0859375,0.123046875,0.134765625,0.0,-0.01171875,0,1
1779630139.357714,-0.03125,-0.083984375,0.08203125,0.134765625,0.0,-0.01171875,0,1
1779630139.365712,-0.03125,-0.083984375,0.08203125,0.123046875,0.0,-0.01171875,0,1
1779630139.373695,-0.009765625,-0.0625,0.052734375,0.123046875,0.0,-0.01171875,0,1
1779630139.381772,-0.009765625,-0.0625,0.052734375,0.103515625,0.0,-0.01171875,0,1
1779630139.389753,-0.009765625,-0.029296875,0.02734375,0.103515625,0.0,-0.01171875,0,1
1779630139.397764,-0.009765625,-0.029296875,0.02734375,0.07421875,0.0,-0.01171875,0,1
1779630139.413731,-0.009765625,-0.029296875,0.005859375,0.07421875,0.0,-0.01171875,0,0
1779630139.421716,-0.009765625,-0.029296875,0.005859375,0.05078125,0.0,-0.01171875,0,0
1779630139.451668,0.0,0.0,0.0,0.0,0.0,0.0,0,0
1779630139.482710,0.0,0.0,0.0,0.0,0.0,0.0,0,0
1779630139.513693,0.0,0.0,0.0,0.0,0.0,0.0,0,0
1779630139.544699,0.0,0.0,0.0,0.0,0.0,0.0,0,0
1779630139.575708,0.0,0.0,0.0,0.0,0.0,0.0,0,0
1779630139.606699,0.0,0.0,0.0,0.0,0.0,0.0,0,0
1779630139.637744,0.0,0.0,0.0,0.0,0.0,0.0,0,0
1779630139.668661,0.0,0.0,0.0,0.0,0.0,0.0,0,0
1779630139.699710,0.0,0.0,0.0,0.0,0.0,0.0,0,0
1779630139.730682,0.0,0.0,0.0,0.0,0.0,0.0,0,0
1779630139.761701,0.0,0.0,0.0,0.0,0.0,0.0,0,0
1779630139.792727,0.0,0.0,0.0,0.0,0.0,0.0,0,0
1779630139.823685,0.0,0.0,0.0,0.0,0.0,0.0,0,0
1779630139.854709,0.0,0.0,0.0,0.0,0.0,0.0,0,0
1779630139.885723,0.0,0.0,0.0,0.0,0.0,0.0,0,0
1779630139.916754,0.0,0.0,0.0,0.0,0.0,0.0,0,0
1779630139.947705,0.0,0.0,0.0,0.0,0.0,0.0,0,0
1779630139.978676,0.0,0.0,0.0,0.0,0.0,0.0,0,0
1779630140.009692,0.0,0.0,0.0,0.0,0.0,0.0,0,0
1779630140.040662,0.0,0.0,0.0,0.0,0.0,0.0,0,0
1779630140.071689,0.0,0.0,0.0,0.0,0.0,0.0,0,0
1779630140.102687,0.0,0.0,0.0,0.0,0.0,0.0,0,0
1779630140.133727,0.0,0.0,0.0,0.0,0.0,0.0,0,0
1779630140.164736,0.0,0.0,0.0,0.0,0.0,0.0,0,0
1779630140.195712,0.0,0.0,0.0,0.0,0.0,0.0,0,0
1779630140.226665,0.0,0.0,0.0,0.0,0.0,0.0,0,0
1779630140.257716,0.0,0.0,0.0,0.0,0.0,0.0,0,0
1779630140.288700,0.0,0.0,0.0,0.0,0.0,0.0,0,0
1779630140.319757,0.0,0.0,0.0,0.0,0.0,0.0,0,0
1779630140.350644,0.0,0.0,0.0,0.0,0.0,0.0,0,0
1779630140.381699,0.0,0.0,0.0,0.0,0.0,0.0,0,0
1779630140.412690,0.0,0.0,0.0,0.0,0.0,0.0,0,0
1779630140.443726,0.0,0.0,0.0,0.0,0.0,0.0,0,0
1779630140.474683,0.0,0.0,0.0,0.0,0.0,0.0,0,0
1779630140.505707,0.0,0.0,0.0,0.0,0.0,0.0,0,0
1779630140.536695,0.0,0.0,0.0,0.0,0.0,0.0,0,0
1779630140.567697,0.0,0.0,0.0,0.0,0.0,0.0,0,0
1779630140.598727,0.0,0.0,0.0,0.0,0.0,0.0,0,0
1779630140.629694,0.0,0.0,0.0,0.0,0.0,0.0,0,0
1779630140.660748,0.0,0.0,0.0,0.0,0.0,0.0,0,0
1779630140.691680,0.0,0.0,0.0,0.0,0.0,0.0,0,0
1779630140.722715,0.0,0.0,0.0,0.0,0.0,0.0,0,0
1779630140.753739,0.0,0.0,0.0,0.0,0.0,0.0,0,0
1779630140.784665,0.0,0.0,0.0,0.0,0.0,0.0,0,0
1779630140.815704,0.0,0.0,0.0,0.0,0.0,0.0,0,0
1779630140.846681,0.0,0.0,0.0,0.0,0.0,0.0,0,0
1779630140.877732,0.0,0.0,0.0,0.0,0.0,0.0,0,0
1779630140.908697,0.0,0.0,0.0,0.0,0.0,0.0,0,0
1779630140.939756,0.0,0.0,0.0,0.0,0.0,0.0,0,0
1779630140.970693,0.0,0.0,0.0,0.0,0.0,0.0,0,0
1779630141.001721,0.0,0.0,0.0,0.0,0.0,0.0,0,0
1779630141.032672,0.0,0.0,0.0,0.0,0.0,0.0,0,0
1779630141.063691,0.0,0.0,0.0,0.0,0.0,0.0,0,0
1779630141.094722,0.0,0.0,0.0,0.0,0.0,0.0,0,0
1779630141.125649,0.0,0.0,0.0,0.0,0.0,0.0,0,0
1779630141.156717,0.0,0.0,0.0,0.0,0.0,0.0,0,0
1779630141.187737,0.0,0.0,0.0,0.0,0.0,0.0,0,0
1779630141.218758,0.0,0.0,0.0,0.0,0.0,0.0,0,0
1779630141.249726,0.0,0.0,0.0,0.0,0.0,0.0,0,0
1779630141.280695,0.0,0.0,0.0,0.0,0.0,0.0,0,0
1779630141.311744,0.0,0.0,0.0,0.0,0.0,0.0,0,0
1779630141.342679,0.0,0.0,0.0,0.0,0.0,0.0,0,0
1779630141.373697,0.0,0.0,0.0,0.0,0.0,0.0,0,0
1779630141.404662,0.0,0.0,0.0,0.0,0.0,0.0,0,0
1779630141.435700,0.0,0.0,0.0,0.0,0.0,0.0,0,0
1779630141.466672,0.0,0.0,0.0,0.0,0.0,0.0,0,0
1779630141.497739,0.0,0.0,0.0,0.0,0.0,0.0,0,0
1779630141.528730,0.0,0.0,0.0,0.0,0.0,0.0,0,0
1779630141.559737,0.0,0.0,0.0,0.0,0.0,0.0,0,0
1779630141.590713,0.0,0.0,0.0,0.0,0.0,0.0,0,0
1779630141.621688,0.0,0.0,0.0,0.0,0.0,0.0,0,0
1779630141.652751,0.0,0.0,0.0,0.0,0.0,0.0,0,0
1779630141.683736,0.0,0.0,0.0,0.0,0.0,0.0,0,0
1779630141.714667,0.0,0.0,0.0,0.0,0.0,0.0,0,0
1779630141.745683,0.0,0.0,0.0,0.0,0.0,0.0,0,0
1779630141.776706,0.0,0.0,0.0,0.0,0.0,0.0,0,0
1779630141.807660,0.0,0.0,0.0,0.0,0.0,0.0,0,0
1779630141.838715,0.0,0.0,0.0,0.0,0.0,0.0,0,0
1779630141.869715,0.0,0.0,0.0,0.0,0.0,0.0,0,0
1779630141.900716,0.0,0.0,0.0,0.0,0.0,0.0,0,0
1779630141.931708,0.0,0.0,0.0,0.0,0.0,0.0,0,0
1779630141.962661,0.0,0.0,0.0,0.0,0.0,0.0,0,0
1779630141.993669,0.0,0.0,0.0,0.0,0.0,0.0,0,0
1779630142.024681,0.0,0.0,0.0,0.0,0.0,0.0,0,0
1779630142.055675,0.0,0.0,0.0,0.0,0.0,0.0,0,0
1779630142.086759,0.0,0.0,0.0,0.0,0.0,0.0,0,0
1779630142.117723,0.0,0.0,0.0,0.0,0.0,0.0,0,0
1779630142.148760,0.0,0.0,0.0,0.0,0.0,0.0,0,0
1779630142.179713,0.0,0.0,0.0,0.0,0.0,0.0,0,0
1779630142.210923,0.0,0.0,0.0,0.0,0.0,0.0,0,0
1779630142.241702,0.0,0.0,0.0,0.0,0.0,0.0,0,0
1779630142.272666,0.0,0.0,0.0,0.0,0.0,0.0,0,0
1779630142.303718,0.0,0.0,0.0,0.0,0.0,0.0,0,0
1779630142.334695,0.0,0.0,0.0,0.0,0.0,0.0,0,0
1779630142.365736,0.0,0.0,0.0,0.0,0.0,0.0,0,0
1779630142.396698,0.0,0.0,0.0,0.0,0.0,0.0,0,0
1779630142.427657,0.0,0.0,0.0,0.0,0.0,0.0,0,0
1779630142.458715,0.0,0.0,0.0,0.0,0.0,0.0,0,0
1779630142.489724,0.0,0.0,0.0,0.0,0.0,0.0,0,0
1779630142.520641,0.0,0.0,0.0,0.0,0.0,0.0,0,0
1779630142.551681,0.0,0.0,0.0,0.0,0.0,0.0,0,0
1779630142.582678,0.0,0.0,0.0,0.0,0.0,0.0,0,0
1779630142.613713,0.0,0.0,0.0,0.0,0.0,0.0,0,0
1779630142.644741,0.0,0.0,0.0,0.0,0.0,0.0,0,0
1779630142.675695,0.0,0.0,0.0,0.0,0.0,0.0,0,0
1779630142.706729,0.0,0.0,0.0,0.0,0.0,0.0,0,0
1779630142.737661,0.0,0.0,0.0,0.0,0.0,0.0,0,0
1779630142.768696,0.0,0.0,0.0,0.0,0.0,0.0,0,0
1779630142.799756,0.0,0.0,0.0,0.0,0.0,0.0,0,0
1779630142.830702,0.0,0.0,0.0,0.0,0.0,0.0,0,0
1779630142.861743,0.0,0.0,0.0,0.0,0.0,0.0,0,0
1779630142.892670,0.0,0.0,0.0,0.0,0.0,0.0,0,0
1779630142.923676,0.0,0.0,0.0,0.0,0.0,0.0,0,0
1779630142.954701,0.0,0.0,0.0,0.0,0.0,0.0,0,0
1779630142.985725,0.0,0.0,0.0,0.0,0.0,0.0,0,0
1779630143.016623,0.0,0.0,0.0,0.0,0.0,0.0,0,0
1779630143.047695,0.0,0.0,0.0,0.0,0.0,0.0,0,0
1779630143.078685,0.0,0.0,0.0,0.0,0.0,0.0,0,0
1779630143.109719,0.0,0.0,0.0,0.0,0.0,0.0,0,0
1779630143.140673,0.0,0.0,0.0,0.0,0.0,0.0,0,0
1779630143.171695,0.0,0.0,0.0,0.0,0.0,0.0,0,0
1779630143.202705,0.0,0.0,0.0,0.0,0.0,0.0,0,0
1779630143.233713,0.0,0.0,0.0,0.0,0.0,0.0,0,0
1779630143.264683,0.0,0.0,0.0,0.0,0.0,0.0,0,0
1779630143.295736,0.0,0.0,0.0,0.0,0.0,0.0,0,0
1779630143.326730,0.0,0.0,0.0,0.0,0.0,0.0,0,0
1779630143.357744,0.0,0.0,0.0,0.0,0.0,0.0,0,0
1779630143.388633,0.0,0.0,0.0,0.0,0.0,0.0,0,0
1779630143.419685,0.0,0.0,0.0,0.0,0.0,0.0,0,0
1779630143.450679,0.0,0.0,0.0,0.0,0.0,0.0,0,0
1779630143.481682,0.0,0.0,0.0,0.0,0.0,0.0,0,0
1779630143.512736,0.0,0.0,0.0,0.0,0.0,0.0,0,0
1779630143.543748,0.0,0.0,0.0,0.0,0.0,0.0,0,0
1779630143.574721,0.0,0.0,0.0,0.0,0.0,0.0,0,0
1779630143.605725,0.0,0.0,0.0,0.0,0.0,0.0,0,0
1779630143.636711,0.0,0.0,0.0,0.0,0.0,0.0,0,0
1779630143.667678,0.0,0.0,0.0,0.0,0.0,0.0,0,0
1779630143.698728,0.0,0.0,0.0,0.0,0.0,0.0,0,0
1779630143.729694,0.0,0.0,0.0,0.0,0.0,0.0,0,0
1779630143.760651,0.0,0.0,0.0,0.0,0.0,0.0,0,0
1779630143.791666,0.0,0.0,0.0,0.0,0.0,0.0,0,0
1779630143.822674,0.0,0.0,0.0,0.0,0.0,0.0,0,0
1779630143.853722,0.0,0.0,0.0,0.0,0.0,0.0,0,0
1779630143.884683,0.0,0.0,0.0,0.0,0.0,0.0,0,0
1779630143.915720,0.0,0.0,0.0,0.0,0.0,0.0,0,0
1779630143.946766,0.0,0.0,0.0,0.0,0.0,0.0,0,0
1779630143.977747,0.0,0.0,0.0,0.0,0.0,0.0,0,0
1779630144.008693,0.0,0.0,0.0,0.0,0.0,0.0,0,0
1779630144.039913,0.0,0.0,0.0,0.0,0.0,0.0,0,0
1779630144.070689,0.0,0.0,0.0,0.0,0.0,0.0,0,0
1779630144.101734,0.0,0.0,0.0,0.0,0.0,0.0,0,0
1779630144.132719,0.0,0.0,0.0,0.0,0.0,0.0,0,0
1779630144.163680,0.0,0.0,0.0,0.0,0.0,0.0,0,0
1779630144.194700,0.0,0.0,0.0,0.0,0.0,0.0,0,0
1779630144.225673,0.0,0.0,0.0,0.0,0.0,0.0,0,0
1779630144.256721,0.0,0.0,0.0,0.0,0.0,0.0,0,0
1779630144.287656,0.0,0.0,0.0,0.0,0.0,0.0,0,0
1779630144.318637,0.0,0.0,0.0,0.0,0.0,0.0,0,0
1779630144.349692,0.0,0.0,0.0,0.0,0.0,0.0,0,0
1779630144.380710,0.0,0.0,0.0,0.0,0.0,0.0,0,0
1779630144.411692,0.0,0.0,0.0,0.0,0.0,0.0,0,0
1779630144.442708,0.0,0.0,0.0,0.0,0.0,0.0,0,0
1779630144.473695,0.0,0.0,0.0,0.0,0.0,0.0,0,0
1779630144.504722,0.0,0.0,0.0,0.0,0.0,0.0,0,0
1779630144.535687,0.0,0.0,0.0,0.0,0.0,0.0,0,0
1779630144.566664,0.0,0.0,0.0,0.0,0.0,0.0,0,0
1779630144.597665,0.0,0.0,0.0,0.0,0.0,0.0,0,0
1779630144.628699,0.0,0.0,0.0,0.0,0.0,0.0,0,0
1779630144.659700,0.0,0.0,0.0,0.0,0.0,0.0,0,0
1779630144.690724,0.0,0.0,0.0,0.0,0.0,0.0,0,0
1779630144.721735,0.0,0.0,0.0,0.0,0.0,0.0,0,0
1779630144.752686,0.0,0.0,0.0,0.0,0.0,0.0,0,0
1779630144.783731,0.0,0.0,0.0,0.0,0.0,0.0,0,0
1779630144.814663,0.0,0.0,0.0,0.0,0.0,0.0,0,0
1779630144.845682,0.0,0.0,0.0,0.0,0.0,0.0,0,0
1779630144.876687,0.0,0.0,0.0,0.0,0.0,0.0,0,0
1779630144.907705,0.0,0.0,0.0,0.0,0.0,0.0,0,0
1779630144.938700,0.0,0.0,0.0,0.0,0.0,0.0,0,0
1779630144.969860,0.0,0.0,0.0,0.0,0.0,0.0,0,0
1779630145.000694,0.0,0.0,0.0,0.0,0.0,0.0,0,0
1779630145.031712,0.0,0.0,0.0,0.0,0.0,0.0,0,0
1779630145.062694,0.0,0.0,0.0,0.0,0.0,0.0,0,0
1779630145.093732,0.0,0.0,0.0,0.0,0.0,0.0,0,0
1779630145.124720,0.0,0.0,0.0,0.0,0.0,0.0,0,0
1779630145.155721,0.0,0.0,0.0,0.0,0.0,0.0,0,0
1779630145.186682,0.0,0.0,0.0,0.0,0.0,0.0,0,0
1779630145.217688,0.0,0.0,0.0,0.0,0.0,0.0,0,0
1779630145.248714,0.0,0.0,0.0,0.0,0.0,0.0,0,0
1779630145.279711,0.0,0.0,0.0,0.0,0.0,0.0,0,0
1779630145.310690,0.0,0.0,0.0,0.0,0.0,0.0,0,0
1779630145.342096,0.0,0.0,0.0,0.0,0.0,0.0,0,0
1779630145.374527,0.0,0.0,0.0,0.0,0.0,0.0,0,0
1779630145.403710,0.0,0.0,0.0,0.0,0.0,0.0,0,0
1779630145.434721,0.0,0.0,0.0,0.0,0.0,0.0,0,0
1779630145.465747,0.0,0.0,0.0,0.0,0.0,0.0,0,0
1779630145.496711,0.0,0.0,0.0,0.0,0.0,0.0,0,0
1779630145.527716,0.0,0.0,0.0,0.0,0.0,0.0,0,0
1779630145.558729,0.0,0.0,0.0,0.0,0.0,0.0,0,0
1779630145.589721,0.0,0.0,0.0,0.0,0.0,0.0,0,0
1779630145.620762,0.0,0.0,0.0,0.0,0.0,0.0,0,0
1779630145.651689,0.0,0.0,0.0,0.0,0.0,0.0,0,0
1779630145.682711,0.0,0.0,0.0,0.0,0.0,0.0,0,0
1779630145.713770,0.0,0.0,0.0,0.0,0.0,0.0,0,0
1779630145.744657,0.0,0.0,0.0,0.0,0.0,0.0,0,0
1779630145.775735,0.0,0.0,0.0,0.0,0.0,0.0,0,0
1779630145.806770,0.0,0.0,0.0,0.0,0.0,0.0,0,0
1779630145.837708,0.0,0.0,0.0,0.0,0.0,0.0,0,0
1779630145.868722,0.0,0.0,0.0,0.0,0.0,0.0,0,0
1779630145.899776,0.0,0.0,0.0,0.0,0.0,0.0,0,0
1779630145.930789,0.0,0.0,0.0,0.0,0.0,0.0,0,0
1779630145.961730,0.0,0.0,0.0,0.0,0.0,0.0,0,0
1779630145.992766,0.0,0.0,0.0,0.0,0.0,0.0,0,0
1779630146.023680,0.0,0.0,0.0,0.0,0.0,0.0,0,0
1779630146.054728,0.0,0.0,0.0,0.0,0.0,0.0,0,0
1779630146.085717,0.0,0.0,0.0,0.0,0.0,0.0,0,0
1779630146.116739,0.0,0.0,0.0,0.0,0.0,0.0,0,0
1779630146.147720,0.0,0.0,0.0,0.0,0.0,0.0,0,0
1779630146.178722,0.0,0.0,0.0,0.0,0.0,0.0,0,0
1779630146.209699,0.0,0.0,0.0,0.0,0.0,0.0,0,0
1779630146.240711,0.0,0.0,0.0,0.0,0.0,0.0,0,0
1779630146.271719,0.0,0.0,0.0,0.0,0.0,0.0,0,0
1779630146.302744,0.0,0.0,0.0,0.0,0.0,0.0,0,0
1779630146.333705,0.0,0.0,0.0,0.0,0.0,0.0,0,0
1779630146.364690,0.0,0.0,0.0,0.0,0.0,0.0,0,0
1779630146.395729,0.0,0.0,0.0,0.0,0.0,0.0,0,0
1779630146.426704,0.0,0.0,0.0,0.0,0.0,0.0,0,0
1779630146.457723,0.0,0.0,0.0,0.0,0.0,0.0,0,0
1779630146.488671,0.0,0.0,0.0,0.0,0.0,0.0,0,0
1779630146.519711,0.0,0.0,0.0,0.0,0.0,0.0,0,0
1779630146.550740,0.0,0.0,0.0,0.0,0.0,0.0,0,0
1779630146.581757,0.0,0.0,0.0,0.0,0.0,0.0,0,0
1779630146.612706,0.0,0.0,0.0,0.0,0.0,0.0,0,0
1779630146.643719,0.0,0.0,0.0,0.0,0.0,0.0,0,0
1779630146.674712,0.0,0.0,0.0,0.0,0.0,0.0,0,0
1779630146.705728,0.0,0.0,0.0,0.0,0.0,0.0,0,0
1779630146.736782,0.0,0.0,0.0,0.0,0.0,0.0,0,0
1779630146.767713,0.0,0.0,0.0,0.0,0.0,0.0,0,0
1779630146.798712,0.0,0.0,0.0,0.0,0.0,0.0,0,0
1779630146.829684,0.0,0.0,0.0,0.0,0.0,0.0,0,0
1779630146.860704,0.0,0.0,0.0,0.0,0.0,0.0,0,0
1779630146.891708,0.0,0.0,0.0,0.0,0.0,0.0,0,0
1779630146.922703,0.0,0.0,0.0,0.0,0.0,0.0,0,0
1779630146.953746,0.0,0.0,0.0,0.0,0.0,0.0,0,0
1779630146.984721,0.0,0.0,0.0,0.0,0.0,0.0,0,0
1779630147.015721,0.0,0.0,0.0,0.0,0.0,0.0,0,0
1779630147.046690,0.0,0.0,0.0,0.0,0.0,0.0,0,0
1779630147.077662,0.0,0.0,0.0,0.0,0.0,0.0,0,0
1779630147.108705,0.0,0.0,0.0,0.0,0.0,0.0,0,0
1779630147.139706,0.0,0.0,0.0,0.0,0.0,0.0,0,0
1779630147.170697,0.0,0.0,0.0,0.0,0.0,0.0,0,0
1779630147.201733,0.0,0.0,0.0,0.0,0.0,0.0,0,0
1779630147.232745,0.0,0.0,0.0,0.0,0.0,0.0,0,0
1779630147.263733,0.0,0.0,0.0,0.0,0.0,0.0,0,0
1779630147.294690,0.0,0.0,0.0,0.0,0.0,0.0,0,0
1779630147.325734,0.0,0.0,0.0,0.0,0.0,0.0,0,0
1779630147.356683,0.0,0.0,0.0,0.0,0.0,0.0,0,0
1779630147.387743,0.0,0.0,0.0,0.0,0.0,0.0,0,0
1779630147.418723,0.0,0.0,0.0,0.0,0.0,0.0,0,0
1779630147.449741,0.0,0.0,0.0,0.0,0.0,0.0,0,0
1779630147.480711,0.0,0.0,0.0,0.0,0.0,0.0,0,0
1779630147.511681,0.0,0.0,0.0,0.0,0.0,0.0,0,0
1779630147.542726,0.0,0.0,0.0,0.0,0.0,0.0,0,0
1779630147.573704,0.0,0.0,0.0,0.0,0.0,0.0,0,0
1779630147.604659,0.0,0.0,0.0,0.0,0.0,0.0,0,0
1779630147.635688,0.0,0.0,0.0,0.0,0.0,0.0,0,0
1779630147.666678,0.0,0.0,0.0,0.0,0.0,0.0,0,0
1779630147.697715,0.0,0.0,0.0,0.0,0.0,0.0,0,0
1779630147.728689,0.0,0.0,0.0,0.0,0.0,0.0,0,0
1779630147.759684,0.0,0.0,0.0,0.0,0.0,0.0,0,0
1779630147.790689,0.0,0.0,0.0,0.0,0.0,0.0,0,0
1779630147.821720,0.0,0.0,0.0,0.0,0.0,0.0,0,0
1779630147.852715,0.0,0.0,0.0,0.0,0.0,0.0,0,0
1779630147.883729,0.0,0.0,0.0,0.0,0.0,0.0,0,0
1779630147.914713,0.0,0.0,0.0,0.0,0.0,0.0,0,0
1779630147.945700,0.0,0.0,0.0,0.0,0.0,0.0,0,0
1779630147.976712,0.0,0.0,0.0,0.0,0.0,0.0,0,0
1779630148.007769,0.0,0.0,0.0,0.0,0.0,0.0,0,0
1779630148.038700,0.0,0.0,0.0,0.0,0.0,0.0,0,0
1779630148.069693,0.0,0.0,0.0,0.0,0.0,0.0,0,0
1779630148.100703,0.0,0.0,0.0,0.0,0.0,0.0,0,0
1779630148.131694,0.0,0.0,0.0,0.0,0.0,0.0,0,0
1779630148.162676,0.0,0.0,0.0,0.0,0.0,0.0,0,0
1779630148.193697,0.0,0.0,0.0,0.0,0.0,0.0,0,0
1779630148.224741,0.0,0.0,0.0,0.0,0.0,0.0,0,0
1779630148.255746,0.0,0.0,0.0,0.0,0.0,0.0,0,0
1779630148.286720,0.0,0.0,0.0,0.0,0.0,0.0,0,0
1779630148.317775,0.0,0.0,0.0,0.0,0.0,0.0,0,0
1779630148.348705,0.0,0.0,0.0,0.0,0.0,0.0,0,0
1779630148.379765,0.0,0.0,0.0,0.0,0.0,0.0,0,0
1779630148.410703,0.0,0.0,0.0,0.0,0.0,0.0,0,0
1779630148.441683,0.0,0.0,0.0,0.0,0.0,0.0,0,0
1779630148.472723,0.0,0.0,0.0,0.0,0.0,0.0,0,0
1779630148.503679,0.0,0.0,0.0,0.0,0.0,0.0,0,0
1779630148.534720,0.0,0.0,0.0,0.0,0.0,0.0,0,0
1779630148.565739,0.0,0.0,0.0,0.0,0.0,0.0,0,0
1779630148.596724,0.0,0.0,0.0,0.0,0.0,0.0,0,0
1779630148.627705,0.0,0.0,0.0,0.0,0.0,0.0,0,0
1779630148.658722,0.0,0.0,0.0,0.0,0.0,0.0,0,0
1779630148.689696,0.0,0.0,0.0,0.0,0.0,0.0,0,0
1779630148.720730,0.0,0.0,0.0,0.0,0.0,0.0,0,0
1779630148.751724,0.0,0.0,0.0,0.0,0.0,0.0,0,0
1779630148.782736,0.0,0.0,0.0,0.0,0.0,0.0,0,0
1779630148.813760,0.0,0.0,0.0,0.0,0.0,0.0,0,0
1779630148.844774,0.0,0.0,0.0,0.0,0.0,0.0,0,0
1779630148.875716,0.0,0.0,0.0,0.0,0.0,0.0,0,0
1779630148.906778,0.0,0.0,0.0,0.0,0.0,0.0,0,0
1779630148.937711,0.0,0.0,0.0,0.0,0.0,0.0,0,0
1779630148.968697,0.0,0.0,0.0,0.0,0.0,0.0,0,0
1779630148.999690,0.0,0.0,0.0,0.0,0.0,0.0,0,0
1779630149.030755,0.0,0.0,0.0,0.0,0.0,0.0,0,0
1779630149.061706,0.0,0.0,0.0,0.0,0.0,0.0,0,0
1779630149.092751,0.0,0.0,0.0,0.0,0.0,0.0,0,0
1779630149.123678,0.0,0.0,0.0,0.0,0.0,0.0,0,0
1779630149.154671,0.0,0.0,0.0,0.0,0.0,0.0,0,0
1779630149.185711,0.0,0.0,0.0,0.0,0.0,0.0,0,0
1779630149.216687,0.0,0.0,0.0,0.0,0.0,0.0,0,0
1779630149.247689,0.0,0.0,0.0,0.0,0.0,0.0,0,0
1779630149.278692,0.0,0.0,0.0,0.0,0.0,0.0,0,0
1779630149.309722,0.0,0.0,0.0,0.0,0.0,0.0,0,0
1779630149.340730,0.0,0.0,0.0,0.0,0.0,0.0,0,0
1779630149.371784,0.0,0.0,0.0,0.0,0.0,0.0,0,0
1779630149.402807,0.0,0.0,0.0,0.0,0.0,0.0,0,0
1779630149.433734,0.0,0.0,0.0,0.0,0.0,0.0,0,0
1779630149.464702,0.0,0.0,0.0,0.0,0.0,0.0,0,0
1779630149.495721,0.0,0.0,0.0,0.0,0.0,0.0,0,0
1779630149.526755,0.0,0.0,0.0,0.0,0.0,0.0,0,0
1779630149.557727,0.0,0.0,0.0,0.0,0.0,0.0,0,0
1779630149.588728,0.0,0.0,0.0,0.0,0.0,0.0,0,0
1779630149.619733,0.0,0.0,0.0,0.0,0.0,0.0,0,0
1779630149.650742,0.0,0.0,0.0,0.0,0.0,0.0,0,0
1779630149.681717,0.0,0.0,0.0,0.0,0.0,0.0,0,0
1779630149.712720,0.0,0.0,0.0,0.0,0.0,0.0,0,0
1779630149.743723,0.0,0.0,0.0,0.0,0.0,0.0,0,0
1779630149.774677,0.0,0.0,0.0,0.0,0.0,0.0,0,0
1779630149.805696,0.0,0.0,0.0,0.0,0.0,0.0,0,0
1779630149.836728,0.0,0.0,0.0,0.0,0.0,0.0,0,0
1779630149.867722,0.0,0.0,0.0,0.0,0.0,0.0,0,0
1779630149.898741,0.0,0.0,0.0,0.0,0.0,0.0,0,0
1779630149.929754,0.0,0.0,0.0,0.0,0.0,0.0,0,0
1779630149.960728,0.0,0.0,0.0,0.0,0.0,0.0,0,0
1779630149.991699,0.0,0.0,0.0,0.0,0.0,0.0,0,0
1779630150.022692,0.0,0.0,0.0,0.0,0.0,0.0,0,0
1779630150.053714,0.0,0.0,0.0,0.0,0.0,0.0,0,0
1779630150.084706,0.0,0.0,0.0,0.0,0.0,0.0,0,0
1779630150.115727,0.0,0.0,0.0,0.0,0.0,0.0,0,0
1779630150.146705,0.0,0.0,0.0,0.0,0.0,0.0,0,0
1779630150.177706,0.0,0.0,0.0,0.0,0.0,0.0,0,0
1779630150.208696,0.0,0.0,0.0,0.0,0.0,0.0,0,0
1779630150.239638,0.0,0.0,0.0,0.0,0.0,0.0,0,0
1779630150.270721,0.0,0.0,0.0,0.0,0.0,0.0,0,0
1779630150.301683,0.0,0.0,0.0,0.0,0.0,0.0,0,0
1779630150.332705,0.0,0.0,0.0,0.0,0.0,0.0,0,0
1779630150.363751,0.0,0.0,0.0,0.0,0.0,0.0,0,0
1779630150.394771,0.0,0.0,0.0,0.0,0.0,0.0,0,0
1779630150.425693,0.0,0.0,0.0,0.0,0.0,0.0,0,0
1779630150.456749,0.0,0.0,0.0,0.0,0.0,0.0,0,0
1779630150.487722,0.0,0.0,0.0,0.0,0.0,0.0,0,0
1779630150.518746,0.0,0.0,0.0,0.0,0.0,0.0,0,0
1779630150.549672,0.0,0.0,0.0,0.0,0.0,0.0,0,0
1779630150.580678,0.0,0.0,0.0,0.0,0.0,0.0,0,0
1779630150.611708,0.0,0.0,0.0,0.0,0.0,0.0,0,0
1779630150.642684,0.0,0.0,0.0,0.0,0.0,0.0,0,0
1779630150.673675,0.0,0.0,0.0,0.0,0.0,0.0,0,0
1779630150.704696,0.0,0.0,0.0,0.0,0.0,0.0,0,0
1779630150.735713,0.0,0.0,0.0,0.0,0.0,0.0,0,0
1779630150.766671,0.0,0.0,0.0,0.0,0.0,0.0,0,0
1779630150.797672,0.0,0.0,0.0,0.0,0.0,0.0,0,0
1779630150.828779,0.0,0.0,0.0,0.0,0.0,0.0,0,0
1779630150.859740,0.0,0.0,0.0,0.0,0.0,0.0,0,0
1779630150.890766,0.0,0.0,0.0,0.0,0.0,0.0,0,0
1779630150.921722,0.0,0.0,0.0,0.0,0.0,0.0,0,0
1779630150.952741,0.0,0.0,0.0,0.0,0.0,0.0,0,0
1779630150.983729,0.0,0.0,0.0,0.0,0.0,0.0,0,0
1779630151.014740,0.0,0.0,0.0,0.0,0.0,0.0,0,0
1779630151.045718,0.0,0.0,0.0,0.0,0.0,0.0,0,0
1779630151.076724,0.0,0.0,0.0,0.0,0.0,0.0,0,0
1779630151.107705,0.0,0.0,0.0,0.0,0.0,0.0,0,0
1779630151.138735,0.0,0.0,0.0,0.0,0.0,0.0,0,0
1779630151.169731,0.0,0.0,0.0,0.0,0.0,0.0,0,0
1779630151.200689,0.0,0.0,0.0,0.0,0.0,0.0,0,0
1779630151.231705,0.0,0.0,0.0,0.0,0.0,0.0,0,0
1779630151.262716,0.0,0.0,0.0,0.0,0.0,0.0,0,0
1779630151.293663,0.0,0.0,0.0,0.0,0.0,0.0,0,0
1779630151.324699,0.0,0.0,0.0,0.0,0.0,0.0,0,0
1779630151.355741,0.0,0.0,0.0,0.0,0.0,0.0,0,0
1779630151.386699,0.0,0.0,0.0,0.0,0.0,0.0,0,0
1779630151.417707,0.0,0.0,0.0,0.0,0.0,0.0,0,0
1779630151.448667,0.0,0.0,0.0,0.0,0.0,0.0,0,0
1779630151.479681,0.0,0.0,0.0,0.0,0.0,0.0,0,0
1779630151.510704,0.0,0.0,0.0,0.0,0.0,0.0,0,0
1779630151.541675,0.0,0.0,0.0,0.0,0.0,0.0,0,0
1779630151.572700,0.0,0.0,0.0,0.0,0.0,0.0,0,0
1779630151.603776,0.0,0.0,0.0,0.0,0.0,0.0,0,0
1779630151.634691,0.0,0.0,0.0,0.0,0.0,0.0,0,0
1779630151.665677,0.0,0.0,0.0,0.0,0.0,0.0,0,0
1779630151.696684,0.0,0.0,0.0,0.0,0.0,0.0,0,0
1779630151.727707,0.0,0.0,0.0,0.0,0.0,0.0,0,0
1779630151.758702,0.0,0.0,0.0,0.0,0.0,0.0,0,0
1779630151.789761,0.0,0.0,0.0,0.0,0.0,0.0,0,0
1779630151.820704,0.0,0.0,0.0,0.0,0.0,0.0,0,0
1779630151.851762,0.0,0.0,0.0,0.0,0.0,0.0,0,0
1779630151.882723,0.0,0.0,0.0,0.0,0.0,0.0,0,0
1779630151.913687,0.0,0.0,0.0,0.0,0.0,0.0,0,0
1779630151.944714,0.0,0.0,0.0,0.0,0.0,0.0,0,0
1779630151.975705,0.0,0.0,0.0,0.0,0.0,0.0,0,0
1779630152.006722,0.0,0.0,0.0,0.0,0.0,0.0,0,0
1779630152.037674,0.0,0.0,0.0,0.0,0.0,0.0,0,0
1779630152.068715,0.0,0.0,0.0,0.0,0.0,0.0,0,0
1779630152.099722,0.0,0.0,0.0,0.0,0.0,0.0,0,0
1779630152.130740,0.0,0.0,0.0,0.0,0.0,0.0,0,0
1779630152.161725,0.0,0.0,0.0,0.0,0.0,0.0,0,0
1779630152.192718,0.0,0.0,0.0,0.0,0.0,0.0,0,0
1779630152.223704,0.0,0.0,0.0,0.0,0.0,0.0,0,0
1779630152.254771,0.0,0.0,0.0,0.0,0.0,0.0,0,0
1779630152.285753,0.0,0.0,0.0,0.0,0.0,0.0,0,0
1779630152.316760,0.0,0.0,0.0,0.0,0.0,0.0,0,0
1779630152.347677,0.0,0.0,0.0,0.0,0.0,0.0,0,0
1779630152.378693,0.0,0.0,0.0,0.0,0.0,0.0,0,0
1779630152.409725,0.0,0.0,0.0,0.0,0.0,0.0,0,0
1779630152.440683,0.0,0.0,0.0,0.0,0.0,0.0,0,0
1779630152.471780,0.0,0.0,0.0,0.0,0.0,0.0,0,0
1779630152.502708,0.0,0.0,0.0,0.0,0.0,0.0,0,0
1779630152.533726,0.0,0.0,0.0,0.0,0.0,0.0,0,0
1779630152.564685,0.0,0.0,0.0,0.0,0.0,0.0,0,0
1779630152.595685,0.0,0.0,0.0,0.0,0.0,0.0,0,0
1779630152.626683,0.0,0.0,0.0,0.0,0.0,0.0,0,0
1779630152.657689,0.0,0.0,0.0,0.0,0.0,0.0,0,0
1779630152.688788,0.0,0.0,0.0,0.0,0.0,0.0,0,0
1779630152.719720,0.0,0.0,0.0,0.0,0.0,0.0,0,0
1779630152.750661,0.0,0.0,0.0,0.0,0.0,0.0,0,0
1779630152.781714,0.0,0.0,0.0,0.0,0.0,0.0,0,0
1779630152.812688,0.0,0.0,0.0,0.0,0.0,0.0,0,0
1779630152.843678,0.0,0.0,0.0,0.0,0.0,0.0,0,0
1779630152.874726,0.0,0.0,0.0,0.0,0.0,0.0,0,0
1779630152.905697,0.0,0.0,0.0,0.0,0.0,0.0,0,0
1779630152.936725,0.0,0.0,0.0,0.0,0.0,0.0,0,0
1779630152.967699,0.0,0.0,0.0,0.0,0.0,0.0,0,0
1779630152.998767,0.0,0.0,0.0,0.0,0.0,0.0,0,0
1779630153.029728,0.0,0.0,0.0,0.0,0.0,0.0,0,0
1779630153.060778,0.0,0.0,0.0,0.0,0.0,0.0,0,0
1779630153.091737,0.0,0.0,0.0,0.0,0.0,0.0,0,0
1779630153.122744,0.0,0.0,0.0,0.0,0.0,0.0,0,0
1779630153.153692,0.0,0.0,0.0,0.0,0.0,0.0,0,0
1779630153.184719,0.0,0.0,0.0,0.0,0.0,0.0,0,0
1779630153.215707,0.0,0.0,0.0,0.0,0.0,0.0,0,0
1779630153.246687,0.0,0.0,0.0,0.0,0.0,0.0,0,0
1779630153.277682,0.0,0.0,0.0,0.0,0.0,0.0,0,0
1779630153.308694,0.0,0.0,0.0,0.0,0.0,0.0,0,0
1779630153.339685,0.0,0.0,0.0,0.0,0.0,0.0,0,0
1779630153.370688,0.0,0.0,0.0,0.0,0.0,0.0,0,0
1779630153.401709,0.0,0.0,0.0,0.0,0.0,0.0,0,0
1779630153.432712,0.0,0.0,0.0,0.0,0.0,0.0,0,0
1779630153.463736,0.0,0.0,0.0,0.0,0.0,0.0,0,0
1779630153.494688,0.0,0.0,0.0,0.0,0.0,0.0,0,0
1779630153.525714,0.0,0.0,0.0,0.0,0.0,0.0,0,0
1779630153.556690,0.0,0.0,0.0,0.0,0.0,0.0,0,0
1779630153.587688,0.0,0.0,0.0,0.0,0.0,0.0,0,0
1779630153.618715,0.0,0.0,0.0,0.0,0.0,0.0,0,0
1779630153.649700,0.0,0.0,0.0,0.0,0.0,0.0,0,0
1779630153.680715,0.0,0.0,0.0,0.0,0.0,0.0,0,0
1779630153.711726,0.0,0.0,0.0,0.0,0.0,0.0,0,0
1779630153.742743,0.0,0.0,0.0,0.0,0.0,0.0,0,0
1779630153.773726,0.0,0.0,0.0,0.0,0.0,0.0,0,0
1779630153.804742,0.0,0.0,0.0,0.0,0.0,0.0,0,0
1779630153.835742,0.0,0.0,0.0,0.0,0.0,0.0,0,0
1779630153.866693,0.0,0.0,0.0,0.0,0.0,0.0,0,0
1779630153.897713,0.0,0.0,0.0,0.0,0.0,0.0,0,0
1779630153.928746,0.0,0.0,0.0,0.0,0.0,0.0,0,0
1779630153.959780,0.0,0.0,0.0,0.0,0.0,0.0,0,0
1779630153.990704,0.0,0.0,0.0,0.0,0.0,0.0,0,0
1779630154.021749,0.0,0.0,0.0,0.0,0.0,0.0,0,0
1779630154.052712,0.0,0.0,0.0,0.0,0.0,0.0,0,0
1779630154.083735,0.0,0.0,0.0,0.0,0.0,0.0,0,0
1779630154.115710,0.0,0.0,0.0,0.0,0.0,0.0,0,0
1779630154.146672,0.0,0.0,0.0,0.0,0.0,0.0,0,0
1779630154.177663,0.0,0.0,0.0,0.0,0.0,0.0,0,0
1779630154.208721,0.0,0.0,0.0,0.0,0.0,0.0,0,0
1779630154.239720,0.0,0.0,0.0,0.0,0.0,0.0,0,0
1779630154.270776,0.0,0.0,0.0,0.0,0.0,0.0,0,0
1779630154.301675,0.0,0.0,0.0,0.0,0.0,0.0,0,0
1779630154.332685,0.0,0.0,0.0,0.0,0.0,0.0,0,0
1779630154.363711,0.0,0.0,0.0,0.0,0.0,0.0,0,0
1779630154.394739,0.0,0.0,0.0,0.0,0.0,0.0,0,0
1779630154.425748,0.0,0.0,0.0,0.0,0.0,0.0,0,0
1779630154.456712,0.0,0.0,0.0,0.0,0.0,0.0,0,0
1779630154.487732,0.0,0.0,0.0,0.0,0.0,0.0,0,0
1779630154.518697,0.0,0.0,0.0,0.0,0.0,0.0,0,0
1779630154.549749,0.0,0.0,0.0,0.0,0.0,0.0,0,0
1779630154.580712,0.0,0.0,0.0,0.0,0.0,0.0,0,0
1779630154.611727,0.0,0.0,0.0,0.0,0.0,0.0,0,0
1779630154.642667,0.0,0.0,0.0,0.0,0.0,0.0,0,0
1779630154.673682,0.0,0.0,0.0,0.0,0.0,0.0,0,0
1779630154.704760,0.0,0.0,0.0,0.0,0.0,0.0,0,0
1779630154.735722,0.0,0.0,0.0,0.0,0.0,0.0,0,0
1779630154.766690,0.0,0.0,0.0,0.0,0.0,0.0,0,0
1779630154.797760,0.0,0.0,0.0,0.0,0.0,0.0,0,0
1779630154.828741,0.0,0.0,0.0,0.0,0.0,0.0,0,0
1779630154.859771,0.0,0.0,0.0,0.0,0.0,0.0,0,0
1779630154.890781,0.0,0.0,0.0,0.0,0.0,0.0,0,0
1779630154.921708,0.0,0.0,0.0,0.0,0.0,0.0,0,0
1779630154.952722,0.0,0.0,0.0,0.0,0.0,0.0,0,0
1779630154.983710,0.0,0.0,0.0,0.0,0.0,0.0,0,0
1779630155.014708,0.0,0.0,0.0,0.0,0.0,0.0,0,0
1779630155.045671,0.0,0.0,0.0,0.0,0.0,0.0,0,0
1779630155.076681,0.0,0.0,0.0,0.0,0.0,0.0,0,0
1779630155.107683,0.0,0.0,0.0,0.0,0.0,0.0,0,0
1779630155.138679,0.0,0.0,0.0,0.0,0.0,0.0,0,0
1779630155.169716,0.0,0.0,0.0,0.0,0.0,0.0,0,0
1779630155.200708,0.0,0.0,0.0,0.0,0.0,0.0,0,0
1779630155.231704,0.0,0.0,0.0,0.0,0.0,0.0,0,0
1779630155.262766,0.0,0.0,0.0,0.0,0.0,0.0,0,0
1779630155.293741,0.0,0.0,0.0,0.0,0.0,0.0,0,0
1779630155.324741,0.0,0.0,0.0,0.0,0.0,0.0,0,0
1779630155.355731,0.0,0.0,0.0,0.0,0.0,0.0,0,0
1779630155.386852,0.0,0.0,0.0,0.0,0.0,0.0,0,0
1779630155.417682,0.0,0.0,0.0,0.0,0.0,0.0,0,0
1779630155.448755,0.0,0.0,0.0,0.0,0.0,0.0,0,0
1779630155.479659,0.0,0.0,0.0,0.0,0.0,0.0,0,0
1779630155.510710,0.0,0.0,0.0,0.0,0.0,0.0,0,0
1779630155.541681,0.0,0.0,0.0,0.0,0.0,0.0,0,0
1779630155.572726,0.0,0.0,0.0,0.0,0.0,0.0,0,0
1779630155.603678,0.0,0.0,0.0,0.0,0.0,0.0,0,0
1779630155.634658,0.0,0.0,0.0,0.0,0.0,0.0,0,0
1779630155.665690,0.0,0.0,0.0,0.0,0.0,0.0,0,0
1779630155.696783,0.0,0.0,0.0,0.0,0.0,0.0,0,0
1779630155.727708,0.0,0.0,0.0,0.0,0.0,0.0,0,0
1779630155.758761,0.0,0.0,0.0,0.0,0.0,0.0,0,0
1779630155.789731,0.0,0.0,0.0,0.0,0.0,0.0,0,0
1779630155.820698,0.0,0.0,0.0,0.0,0.0,0.0,0,0
1779630155.851697,0.0,0.0,0.0,0.0,0.0,0.0,0,0
1779630155.882687,0.0,0.0,0.0,0.0,0.0,0.0,0,0
1779630155.913733,0.0,0.0,0.0,0.0,0.0,0.0,0,0
1779630155.944715,0.0,0.0,0.0,0.0,0.0,0.0,0,0
1779630155.975714,0.0,0.0,0.0,0.0,0.0,0.0,0,0
1779630156.006706,0.0,0.0,0.0,0.0,0.0,0.0,0,0
1779630156.037713,0.0,0.0,0.0,0.0,0.0,0.0,0,0
1779630156.068694,0.0,0.0,0.0,0.0,0.0,0.0,0,0
1779630156.099712,0.0,0.0,0.0,0.0,0.0,0.0,0,0
1779630156.130697,0.0,0.0,0.0,0.0,0.0,0.0,0,0
1779630156.161718,0.0,0.0,0.0,0.0,0.0,0.0,0,0
1779630156.192723,0.0,0.0,0.0,0.0,0.0,0.0,0,0
1779630156.223769,0.0,0.0,0.0,0.0,0.0,0.0,0,0
1779630156.254693,0.0,0.0,0.0,0.0,0.0,0.0,0,0
1779630156.285745,0.0,0.0,0.0,0.0,0.0,0.0,0,0
1779630156.316746,0.0,0.0,0.0,0.0,0.0,0.0,0,0
1779630156.347707,0.0,0.0,0.0,0.0,0.0,0.0,0,0
1779630156.378716,0.0,0.0,0.0,0.0,0.0,0.0,0,0
1779630156.409720,0.0,0.0,0.0,0.0,0.0,0.0,0,0
1779630156.440726,0.0,0.0,0.0,0.0,0.0,0.0,0,0
1779630156.471707,0.0,0.0,0.0,0.0,0.0,0.0,0,0
1779630156.502655,0.0,0.0,0.0,0.0,0.0,0.0,0,0
1779630156.533760,0.0,0.0,0.0,0.0,0.0,0.0,0,0
1779630156.564748,0.0,0.0,0.0,0.0,0.0,0.0,0,0
1779630156.595722,0.0,0.0,0.0,0.0,0.0,0.0,0,0
1779630156.626721,0.0,0.0,0.0,0.0,0.0,0.0,0,0
1779630156.657699,0.0,0.0,0.0,0.0,0.0,0.0,0,0
1779630156.688694,0.0,0.0,0.0,0.0,0.0,0.0,0,0
1779630156.719710,0.0,0.0,0.0,0.0,0.0,0.0,0,0
1779630156.750810,0.0,0.0,0.0,0.0,0.0,0.0,0,0
1779630156.781694,0.0,0.0,0.0,0.0,0.0,0.0,0,0
1779630156.812660,0.0,0.0,0.0,0.0,0.0,0.0,0,0
1779630156.843670,0.0,0.0,0.0,0.0,0.0,0.0,0,0
1779630156.874704,0.0,0.0,0.0,0.0,0.0,0.0,0,0
1779630156.905686,0.0,0.0,0.0,0.0,0.0,0.0,0,0
1779630156.936698,0.0,0.0,0.0,0.0,0.0,0.0,0,0
1779630156.967704,0.0,0.0,0.0,0.0,0.0,0.0,0,0
1779630156.998748,0.0,0.0,0.0,0.0,0.0,0.0,0,0
1779630157.029684,0.0,0.0,0.0,0.0,0.0,0.0,0,0
1779630157.060694,0.0,0.0,0.0,0.0,0.0,0.0,0,0
1779630157.091692,0.0,0.0,0.0,0.0,0.0,0.0,0,0
1779630157.122686,0.0,0.0,0.0,0.0,0.0,0.0,0,0
1779630157.153731,0.0,0.0,0.0,0.0,0.0,0.0,0,0
1779630157.184714,0.0,0.0,0.0,0.0,0.0,0.0,0,0
1779630157.215726,0.0,0.0,0.0,0.0,0.0,0.0,0,0
1779630157.246768,0.0,0.0,0.0,0.0,0.0,0.0,0,0
1779630157.277745,0.0,0.0,0.0,0.0,0.0,0.0,0,0
1779630157.308701,0.0,0.0,0.0,0.0,0.0,0.0,0,0
1779630157.339734,0.0,0.0,0.0,0.0,0.0,0.0,0,0
1779630157.370749,0.0,0.0,0.0,0.0,0.0,0.0,0,0
1779630157.401739,0.0,0.0,0.0,0.0,0.0,0.0,0,0
1779630157.432686,0.0,0.0,0.0,0.0,0.0,0.0,0,0
1779630157.463713,0.0,0.0,0.0,0.0,0.0,0.0,0,0
1779630157.494711,0.0,0.0,0.0,0.0,0.0,0.0,0,0
1779630157.525785,0.0,0.0,0.0,0.0,0.0,0.0,0,0
1779630157.556706,0.0,0.0,0.0,0.0,0.0,0.0,0,0
1779630157.587747,0.0,0.0,0.0,0.0,0.0,0.0,0,0
1779630157.618705,0.0,0.0,0.0,0.0,0.0,0.0,0,0
1779630157.649779,0.0,0.0,0.0,0.0,0.0,0.0,0,0
1779630157.680730,0.0,0.0,0.0,0.0,0.0,0.0,0,0
1779630157.711748,0.0,0.0,0.0,0.0,0.0,0.0,0,0
1779630157.742728,0.0,0.0,0.0,0.0,0.0,0.0,0,0
1779630157.773786,0.0,0.0,0.0,0.0,0.0,0.0,0,0
1779630157.804741,0.0,0.0,0.0,0.0,0.0,0.0,0,0
1779630157.835697,0.0,0.0,0.0,0.0,0.0,0.0,0,0
1779630157.866707,0.0,0.0,0.0,0.0,0.0,0.0,0,0
1779630157.897725,0.0,0.0,0.0,0.0,0.0,0.0,0,0
1779630157.928712,0.0,0.0,0.0,0.0,0.0,0.0,0,0
1779630157.959771,0.0,0.0,0.0,0.0,0.0,0.0,0,0
1779630157.990756,0.0,0.0,0.0,0.0,0.0,0.0,0,0
1779630158.021674,0.0,0.0,0.0,0.0,0.0,0.0,0,0
1779630158.052694,0.0,0.0,0.0,0.0,0.0,0.0,0,0
1779630158.083744,0.0,0.0,0.0,0.0,0.0,0.0,0,0
1779630158.114742,0.0,0.0,0.0,0.0,0.0,0.0,0,0
1779630158.145730,0.0,0.0,0.0,0.0,0.0,0.0,0,0
1779630158.176668,0.0,0.0,0.0,0.0,0.0,0.0,0,0
1779630158.207700,0.0,0.0,0.0,0.0,0.0,0.0,0,0
1779630158.238662,0.0,0.0,0.0,0.0,0.0,0.0,0,0
1779630158.269754,0.0,0.0,0.0,0.0,0.0,0.0,0,0
1779630158.300718,0.0,0.0,0.0,0.0,0.0,0.0,0,0
1779630158.331725,0.0,0.0,0.0,0.0,0.0,0.0,0,0
1779630158.362710,0.0,0.0,0.0,0.0,0.0,0.0,0,0
1779630158.393742,0.0,0.0,0.0,0.0,0.0,0.0,0,0
1779630158.424735,0.0,0.0,0.0,0.0,0.0,0.0,0,0
1779630158.455767,0.0,0.0,0.0,0.0,0.0,0.0,0,0
1779630158.486707,0.0,0.0,0.0,0.0,0.0,0.0,0,0
1779630158.517687,0.0,0.0,0.0,0.0,0.0,0.0,0,0
1779630158.548721,0.0,0.0,0.0,0.0,0.0,0.0,0,0
1779630158.579716,0.0,0.0,0.0,0.0,0.0,0.0,0,0
1779630158.610752,0.0,0.0,0.0,0.0,0.0,0.0,0,0
1779630158.641712,0.0,0.0,0.0,0.0,0.0,0.0,0,0
1779630158.672720,0.0,0.0,0.0,0.0,0.0,0.0,0,0
1779630158.703706,0.0,0.0,0.0,0.0,0.0,0.0,0,0
1779630158.734726,0.0,0.0,0.0,0.0,0.0,0.0,0,0
1779630158.765742,0.0,0.0,0.0,0.0,0.0,0.0,0,0
1779630158.796775,0.0,0.0,0.0,0.0,0.0,0.0,0,0
1779630158.827680,0.0,0.0,0.0,0.0,0.0,0.0,0,0
1779630158.858720,0.0,0.0,0.0,0.0,0.0,0.0,0,0
1779630158.889736,0.0,0.0,0.0,0.0,0.0,0.0,0,0
1779630158.920725,0.0,0.0,0.0,0.0,0.0,0.0,0,0
1779630158.951793,0.0,0.0,0.0,0.0,0.0,0.0,0,0
1779630158.982777,0.0,0.0,0.0,0.0,0.0,0.0,0,0
1779630159.013758,0.0,0.0,0.0,0.0,0.0,0.0,0,0
1779630159.044729,0.0,0.0,0.0,0.0,0.0,0.0,0,0
1779630159.075741,0.0,0.0,0.0,0.0,0.0,0.0,0,0
1779630159.106735,0.0,0.0,0.0,0.0,0.0,0.0,0,0
1779630159.137728,0.0,0.0,0.0,0.0,0.0,0.0,0,0
1779630159.168761,0.0,0.0,0.0,0.0,0.0,0.0,0,0
1779630159.199703,0.0,0.0,0.0,0.0,0.0,0.0,0,0
1779630159.230748,0.0,0.0,0.0,0.0,0.0,0.0,0,0
1779630159.261747,0.0,0.0,0.0,0.0,0.0,0.0,0,0
1779630159.292706,0.0,0.0,0.0,0.0,0.0,0.0,0,0
1779630159.323723,0.0,0.0,0.0,0.0,0.0,0.0,0,0
1779630159.354718,0.0,0.0,0.0,0.0,0.0,0.0,0,0
1779630159.385749,0.0,0.0,0.0,0.0,0.0,0.0,0,0
1779630159.416720,0.0,0.0,0.0,0.0,0.0,0.0,0,0
1779630159.447757,0.0,0.0,0.0,0.0,0.0,0.0,0,0
1779630159.478736,0.0,0.0,0.0,0.0,0.0,0.0,0,0
1779630159.509718,0.0,0.0,0.0,0.0,0.0,0.0,0,0
1779630159.540699,0.0,0.0,0.0,0.0,0.0,0.0,0,0
1779630159.571721,0.0,0.0,0.0,0.0,0.0,0.0,0,0
1779630159.602755,0.0,0.0,0.0,0.0,0.0,0.0,0,0
1779630159.633753,0.0,0.0,0.0,0.0,0.0,0.0,0,0
1779630159.664760,0.0,0.0,0.0,0.0,0.0,0.0,0,0
1779630159.695728,0.0,0.0,0.0,0.0,0.0,0.0,0,0
1779630159.726727,0.0,0.0,0.0,0.0,0.0,0.0,0,0
1779630159.757705,0.0,0.0,0.0,0.0,0.0,0.0,0,0
1779630159.788739,0.0,0.0,0.0,0.0,0.0,0.0,0,0
1779630159.819718,0.0,0.0,0.0,0.0,0.0,0.0,0,0
1779630159.850720,0.0,0.0,0.0,0.0,0.0,0.0,0,0
1779630159.881688,0.0,0.0,0.0,0.0,0.0,0.0,0,0
1779630159.912661,0.0,0.0,0.0,0.0,0.0,0.0,0,0
1779630159.943686,0.0,0.0,0.0,0.0,0.0,0.0,0,0
1779630159.974797,0.0,0.0,0.0,0.0,0.0,0.0,0,0
1779630160.005687,0.0,0.0,0.0,0.0,0.0,0.0,0,0
1779630160.036694,0.0,0.0,0.0,0.0,0.0,0.0,0,0
1779630160.067705,0.0,0.0,0.0,0.0,0.0,0.0,0,0
1779630160.098763,0.0,0.0,0.0,0.0,0.0,0.0,0,0
1779630160.129736,0.0,0.0,0.0,0.0,0.0,0.0,0,0
1779630160.160707,0.0,0.0,0.0,0.0,0.0,0.0,0,0
1779630160.191706,0.0,0.0,0.0,0.0,0.0,0.0,0,0
1779630160.222733,0.0,0.0,0.0,0.0,0.0,0.0,0,0
1779630160.253700,0.0,0.0,0.0,0.0,0.0,0.0,0,0
1779630160.284716,0.0,0.0,0.0,0.0,0.0,0.0,0,0
1779630160.315704,0.0,0.0,0.0,0.0,0.0,0.0,0,0
1779630160.346721,0.0,0.0,0.0,0.0,0.0,0.0,0,0
1779630160.377698,0.0,0.0,0.0,0.0,0.0,0.0,0,0
1779630160.408668,0.0,0.0,0.0,0.0,0.0,0.0,0,0
1779630160.439745,0.0,0.0,0.0,0.0,0.0,0.0,0,0
1779630160.470737,0.0,0.0,0.0,0.0,0.0,0.0,0,0
1779630160.501712,0.0,0.0,0.0,0.0,0.0,0.0,0,0
1779630160.532703,0.0,0.0,0.0,0.0,0.0,0.0,0,0
1779630160.563747,0.0,0.0,0.0,0.0,0.0,0.0,0,0
1779630160.594754,0.0,0.0,0.0,0.0,0.0,0.0,0,0
1779630160.625722,0.0,0.0,0.0,0.0,0.0,0.0,0,0
1779630160.656737,0.0,0.0,0.0,0.0,0.0,0.0,0,0
1779630160.687731,0.0,0.0,0.0,0.0,0.0,0.0,0,0
1779630160.718733,0.0,0.0,0.0,0.0,0.0,0.0,0,0
1779630160.749723,0.0,0.0,0.0,0.0,0.0,0.0,0,0
1779630160.780699,0.0,0.0,0.0,0.0,0.0,0.0,0,0
1779630160.811777,0.0,0.0,0.0,0.0,0.0,0.0,0,0
1779630160.842666,0.0,0.0,0.0,0.0,0.0,0.0,0,0
1779630160.873682,0.0,0.0,0.0,0.0,0.0,0.0,0,0
1779630160.904706,0.0,0.0,0.0,0.0,0.0,0.0,0,0
1779630160.935732,0.0,0.0,0.0,0.0,0.0,0.0,0,0
1779630160.966718,0.0,0.0,0.0,0.0,0.0,0.0,0,0
1779630160.997739,0.0,0.0,0.0,0.0,0.0,0.0,0,0
1779630161.028696,0.0,0.0,0.0,0.0,0.0,0.0,0,0
1779630161.059693,0.0,0.0,0.0,0.0,0.0,0.0,0,0
1779630161.090716,0.0,0.0,0.0,0.0,0.0,0.0,0,0
1779630161.121744,0.0,0.0,0.0,0.0,0.0,0.0,0,0
1779630161.152727,0.0,0.0,0.0,0.0,0.0,0.0,0,0
1779630161.183741,0.0,0.0,0.0,0.0,0.0,0.0,0,0
1779630161.214742,0.0,0.0,0.0,0.0,0.0,0.0,0,0
1779630161.245676,0.0,0.0,0.0,0.0,0.0,0.0,0,0
1779630161.276725,0.0,0.0,0.0,0.0,0.0,0.0,0,0
1779630161.307746,0.0,0.0,0.0,0.0,0.0,0.0,0,0
1779630161.338726,0.0,0.0,0.0,0.0,0.0,0.0,0,0
1779630161.369704,0.0,0.0,0.0,0.0,0.0,0.0,0,0
1779630161.400681,0.0,0.0,0.0,0.0,0.0,0.0,0,0
1779630161.431708,0.0,0.0,0.0,0.0,0.0,0.0,0,0
1779630161.462778,0.0,0.0,0.0,0.0,0.0,0.0,0,0
1779630161.493737,0.0,0.0,0.0,0.0,0.0,0.0,0,0
1779630161.524707,0.0,0.0,0.0,0.0,0.0,0.0,0,0
1779630161.555689,0.0,0.0,0.0,0.0,0.0,0.0,0,0
1779630161.586737,0.0,0.0,0.0,0.0,0.0,0.0,0,0
1779630161.618406,0.0,0.0,0.0,0.0,0.0,0.0,0,0
1779630161.648784,0.0,0.0,0.0,0.0,0.0,0.0,0,0
1779630161.679744,0.0,0.0,0.0,0.0,0.0,0.0,0,0
1779630161.710763,0.0,0.0,0.0,0.0,0.0,0.0,0,0
1779630161.741708,0.0,0.0,0.0,0.0,0.0,0.0,0,0
1779630161.772715,0.0,0.0,0.0,0.0,0.0,0.0,0,0
1779630161.803733,0.0,0.0,0.0,0.0,0.0,0.0,0,0
1779630161.834749,0.0,0.0,0.0,0.0,0.0,0.0,0,0
1779630161.865762,0.0,0.0,0.0,0.0,0.0,0.0,0,0
1779630161.896721,0.0,0.0,0.0,0.0,0.0,0.0,0,0
1779630161.927733,0.0,0.0,0.0,0.0,0.0,0.0,0,0
1779630161.958692,0.0,0.0,0.0,0.0,0.0,0.0,0,0
1779630161.989769,0.0,0.0,0.0,0.0,0.0,0.0,0,0
1779630162.020756,0.0,0.0,0.0,0.0,0.0,0.0,0,0
1779630162.051734,0.0,0.0,0.0,0.0,0.0,0.0,0,0
1779630162.082742,0.0,0.0,0.0,0.0,0.0,0.0,0,0
1779630162.113761,0.0,0.0,0.0,0.0,0.0,0.0,0,0
1779630162.144714,0.0,0.0,0.0,0.0,0.0,0.0,0,0
1779630162.175676,0.0,0.0,0.0,0.0,0.0,0.0,0,0
1779630162.206718,0.0,0.0,0.0,0.0,0.0,0.0,0,0
1779630162.237692,0.0,0.0,0.0,0.0,0.0,0.0,0,0
1779630162.268718,0.0,0.0,0.0,0.0,0.0,0.0,0,0
1779630162.299718,0.0,0.0,0.0,0.0,0.0,0.0,0,0
1779630162.330745,0.0,0.0,0.0,0.0,0.0,0.0,0,0
1779630162.361725,0.0,0.0,0.0,0.0,0.0,0.0,0,0
1779630162.392725,0.0,0.0,0.0,0.0,0.0,0.0,0,0
1779630162.423729,0.0,0.0,0.0,0.0,0.0,0.0,0,0
1779630162.454744,0.0,0.0,0.0,0.0,0.0,0.0,0,0
1779630162.485687,0.0,0.0,0.0,0.0,0.0,0.0,0,0
1779630162.516726,0.0,0.0,0.0,0.0,0.0,0.0,0,0
1779630162.547702,0.0,0.0,0.0,0.0,0.0,0.0,0,0
1779630162.578735,0.0,0.0,0.0,0.0,0.0,0.0,0,0
1779630162.609646,0.0,0.0,0.0,0.0,0.0,0.0,0,0
1779630162.640752,0.0,0.0,0.0,0.0,0.0,0.0,0,0
1779630162.671729,0.0,0.0,0.0,0.0,0.0,0.0,0,0
1779630162.702729,0.0,0.0,0.0,0.0,0.0,0.0,0,0
1779630162.733779,0.0,0.0,0.0,0.0,0.0,0.0,0,0
1779630162.764761,0.0,0.0,0.0,0.0,0.0,0.0,0,0
1779630162.795708,0.0,0.0,0.0,0.0,0.0,0.0,0,0
1779630162.826710,0.0,0.0,0.0,0.0,0.0,0.0,0,0
1779630162.857725,0.0,0.0,0.0,0.0,0.0,0.0,0,0
1779630162.888720,0.0,0.0,0.0,0.0,0.0,0.0,0,0
1779630162.919724,0.0,0.0,0.0,0.0,0.0,0.0,0,0
1779630162.950706,0.0,0.0,0.0,0.0,0.0,0.0,0,0
1779630162.981700,0.0,0.0,0.0,0.0,0.0,0.0,0,0
1779630163.012719,0.0,0.0,0.0,0.0,0.0,0.0,0,0
1779630163.043711,0.0,0.0,0.0,0.0,0.0,0.0,0,0
1779630163.074721,0.0,0.0,0.0,0.0,0.0,0.0,0,0
1779630163.105692,0.0,0.0,0.0,0.0,0.0,0.0,0,0
1779630163.136675,0.0,0.0,0.0,0.0,0.0,0.0,0,0
1779630163.167713,0.0,0.0,0.0,0.0,0.0,0.0,0,0
1779630163.198742,0.0,0.0,0.0,0.0,0.0,0.0,0,0
1779630163.229759,0.0,0.0,0.0,0.0,0.0,0.0,0,0
1779630163.260705,0.0,0.0,0.0,0.0,0.0,0.0,0,0
1779630163.291749,0.0,0.0,0.0,0.0,0.0,0.0,0,0
1779630163.322706,0.0,0.0,0.0,0.0,0.0,0.0,0,0
1779630163.353733,0.0,0.0,0.0,0.0,0.0,0.0,0,0
1779630163.384865,0.0,0.0,0.0,0.0,0.0,0.0,0,0
1779630163.415672,0.0,0.0,0.0,0.0,0.0,0.0,0,0
1779630163.446697,0.0,0.0,0.0,0.0,0.0,0.0,0,0
1779630163.477722,0.0,0.0,0.0,0.0,0.0,0.0,0,0
1779630163.508751,0.0,0.0,0.0,0.0,0.0,0.0,0,0
1779630163.539719,0.0,0.0,0.0,0.0,0.0,0.0,0,0
1779630163.570698,0.0,0.0,0.0,0.0,0.0,0.0,0,0
1779630163.601703,0.0,0.0,0.0,0.0,0.0,0.0,0,0
1779630163.632752,0.0,0.0,0.0,0.0,0.0,0.0,0,0
1779630163.663733,0.0,0.0,0.0,0.0,0.0,0.0,0,0
1779630163.694708,0.0,0.0,0.0,0.0,0.0,0.0,0,0
1779630163.725742,0.0,0.0,0.0,0.0,0.0,0.0,0,0
1779630163.756702,0.0,0.0,0.0,0.0,0.0,0.0,0,0
1779630163.787721,0.0,0.0,0.0,0.0,0.0,0.0,0,0
1779630163.818710,0.0,0.0,0.0,0.0,0.0,0.0,0,0
1779630163.849736,0.0,0.0,0.0,0.0,0.0,0.0,0,0
1779630163.880765,0.0,0.0,0.0,0.0,0.0,0.0,0,0
1779630163.911726,0.0,0.0,0.0,0.0,0.0,0.0,0,0
1779630163.942683,0.0,0.0,0.0,0.0,0.0,0.0,0,0
1779630163.973698,0.0,0.0,0.0,0.0,0.0,0.0,0,0
1779630164.004749,0.0,0.0,0.0,0.0,0.0,0.0,0,0
1779630164.035699,0.0,0.0,0.0,0.0,0.0,0.0,0,0
1779630164.066727,0.0,0.0,0.0,0.0,0.0,0.0,0,0
1779630164.097729,0.0,0.0,0.0,0.0,0.0,0.0,0,0
1779630164.128741,0.0,0.0,0.0,0.0,0.0,0.0,0,0
1779630164.159728,0.0,0.0,0.0,0.0,0.0,0.0,0,0
1779630164.190738,0.0,0.0,0.0,0.0,0.0,0.0,0,0
1779630164.221742,0.0,0.0,0.0,0.0,0.0,0.0,0,0
1779630164.252735,0.0,0.0,0.0,0.0,0.0,0.0,0,0
1779630164.283710,0.0,0.0,0.0,0.0,0.0,0.0,0,0
1779630164.314721,0.0,0.0,0.0,0.0,0.0,0.0,0,0
1779630164.345701,0.0,0.0,0.0,0.0,0.0,0.0,0,0
1779630164.376730,0.0,0.0,0.0,0.0,0.0,0.0,0,0
1779630164.407738,0.0,0.0,0.0,0.0,0.0,0.0,0,0
1779630164.438717,0.0,0.0,0.0,0.0,0.0,0.0,0,0
1779630164.469708,0.0,0.0,0.0,0.0,0.0,0.0,0,0
1779630164.500707,0.0,0.0,0.0,0.0,0.0,0.0,0,0
1779630164.531764,0.0,0.0,0.0,0.0,0.0,0.0,0,0
1779630164.562740,0.0,0.0,0.0,0.0,0.0,0.0,0,0
1779630164.593735,0.0,0.0,0.0,0.0,0.0,0.0,0,0
1779630164.624732,0.0,0.0,0.0,0.0,0.0,0.0,0,0
1779630164.655745,0.0,0.0,0.0,0.0,0.0,0.0,0,0
1779630164.686732,0.0,0.0,0.0,0.0,0.0,0.0,0,0
1779630164.717738,0.0,0.0,0.0,0.0,0.0,0.0,0,0
1779630164.748717,0.0,0.0,0.0,0.0,0.0,0.0,0,0
1779630164.779801,0.0,0.0,0.0,0.0,0.0,0.0,0,0
1779630164.810726,0.0,0.0,0.0,0.0,0.0,0.0,0,0
1779630164.841710,0.0,0.0,0.0,0.0,0.0,0.0,0,0
1779630164.872720,0.0,0.0,0.0,0.0,0.0,0.0,0,0
1779630164.903731,0.0,0.0,0.0,0.0,0.0,0.0,0,0
1779630164.934734,0.0,0.0,0.0,0.0,0.0,0.0,0,0
1779630164.965735,0.0,0.0,0.0,0.0,0.0,0.0,0,0
1779630164.996790,0.0,0.0,0.0,0.0,0.0,0.0,0,0
1779630165.027716,0.0,0.0,0.0,0.0,0.0,0.0,0,0
1779630165.058738,0.0,0.0,0.0,0.0,0.0,0.0,0,0
1779630165.089719,0.0,0.0,0.0,0.0,0.0,0.0,0,0
1779630165.120780,0.0,0.0,0.0,0.0,0.0,0.0,0,0
1779630165.151799,0.0,0.0,0.0,0.0,0.0,0.0,0,0
1779630165.182902,0.0,0.0,0.0,0.0,0.0,0.0,0,0
1779630165.213777,0.0,0.0,0.0,0.0,0.0,0.0,0,0
1779630165.244716,0.0,0.0,0.0,0.0,0.0,0.0,0,0
1779630165.275664,0.0,0.0,0.0,0.0,0.0,0.0,0,0
1779630165.306736,0.0,0.0,0.0,0.0,0.0,0.0,0,0
1779630165.337753,0.0,0.0,0.0,0.0,0.0,0.0,0,0
1779630165.368729,0.0,0.0,0.0,0.0,0.0,0.0,0,0
1779630165.399731,0.0,0.0,0.0,0.0,0.0,0.0,0,0
1779630165.430738,0.0,0.0,0.0,0.0,0.0,0.0,0,0
1779630165.461739,0.0,0.0,0.0,0.0,0.0,0.0,0,0
1779630165.492693,0.0,0.0,0.0,0.0,0.0,0.0,0,0
1779630165.523753,0.0,0.0,0.0,0.0,0.0,0.0,0,0
1779630165.554714,0.0,0.0,0.0,0.0,0.0,0.0,0,0
1779630165.585790,0.0,0.0,0.0,0.0,0.0,0.0,0,0
1779630165.616748,0.0,0.0,0.0,0.0,0.0,0.0,0,0
1779630165.647773,0.0,0.0,0.0,0.0,0.0,0.0,0,0
1779630165.678721,0.0,0.0,0.0,0.0,0.0,0.0,0,0
1779630165.709679,0.0,0.0,0.0,0.0,0.0,0.0,0,0
1779630165.740791,0.0,0.0,0.0,0.0,0.0,0.0,0,0
1779630165.771706,0.0,0.0,0.0,0.0,0.0,0.0,0,0
1779630165.802741,0.0,0.0,0.0,0.0,0.0,0.0,0,0
1779630165.833797,0.0,0.0,0.0,0.0,0.0,0.0,0,0
1779630165.864714,0.0,0.0,0.0,0.0,0.0,0.0,0,0
1779630165.895664,0.0,0.0,0.0,0.0,0.0,0.0,0,0
1779630165.926747,0.0,0.0,0.0,0.0,0.0,0.0,0,0
1779630165.957695,0.0,0.0,0.0,0.0,0.0,0.0,0,0
1779630165.988758,0.0,0.0,0.0,0.0,0.0,0.0,0,0
1779630166.019758,0.0,0.0,0.0,0.0,0.0,0.0,0,0
1779630166.050699,0.0,0.0,0.0,0.0,0.0,0.0,0,0
1779630166.081738,0.0,0.0,0.0,0.0,0.0,0.0,0,0
1779630166.112696,0.0,0.0,0.0,0.0,0.0,0.0,0,0
1779630166.143687,0.0,0.0,0.0,0.0,0.0,0.0,0,0
1779630166.174777,0.0,0.0,0.0,0.0,0.0,0.0,0,0
1779630166.205699,0.0,0.0,0.0,0.0,0.0,0.0,0,0
1779630166.236744,0.0,0.0,0.0,0.0,0.0,0.0,0,0
1779630166.267725,0.0,0.0,0.0,0.0,0.0,0.0,0,0
1779630166.298728,0.0,0.0,0.0,0.0,0.0,0.0,0,0
1779630166.329733,0.0,0.0,0.0,0.0,0.0,0.0,0,0
1779630166.360714,0.0,0.0,0.0,0.0,0.0,0.0,0,0
1779630166.391732,0.0,0.0,0.0,0.0,0.0,0.0,0,0
1779630166.422736,0.0,0.0,0.0,0.0,0.0,0.0,0,0
1779630166.453748,0.0,0.0,0.0,0.0,0.0,0.0,0,0
1779630166.484705,0.0,0.0,0.0,0.0,0.0,0.0,0,0
1779630166.515715,0.0,0.0,0.0,0.0,0.0,0.0,0,0
1779630166.546762,0.0,0.0,0.0,0.0,0.0,0.0,0,0
1779630166.577766,0.0,0.0,0.0,0.0,0.0,0.0,0,0
1779630166.608753,0.0,0.0,0.0,0.0,0.0,0.0,0,0
1779630166.639734,0.0,0.0,0.0,0.0,0.0,0.0,0,0
1779630166.670792,0.0,0.0,0.0,0.0,0.0,0.0,0,0
1779630166.701742,0.0,0.0,0.0,0.0,0.0,0.0,0,0
1779630166.732758,0.0,0.0,0.0,0.0,0.0,0.0,0,0
1779630166.763737,0.0,0.0,0.0,0.0,0.0,0.0,0,0
1779630166.794768,0.0,0.0,0.0,0.0,0.0,0.0,0,0
1779630166.825745,0.0,0.0,0.0,0.0,0.0,0.0,0,0
1779630166.856789,0.0,0.0,0.0,0.0,0.0,0.0,0,0
1779630166.887772,0.0,0.0,0.0,0.0,0.0,0.0,0,0
1779630166.918744,0.0,0.0,0.0,0.0,0.0,0.0,0,0
1779630166.949701,0.0,0.0,0.0,0.0,0.0,0.0,0,0
1779630166.980769,0.0,0.0,0.0,0.0,0.0,0.0,0,0
1779630167.011732,0.0,0.0,0.0,0.0,0.0,0.0,0,0
1779630167.042765,0.0,0.0,0.0,0.0,0.0,0.0,0,0
1779630167.073730,0.0,0.0,0.0,0.0,0.0,0.0,0,0
1779630167.104708,0.0,0.0,0.0,0.0,0.0,0.0,0,0
1779630167.135758,0.0,0.0,0.0,0.0,0.0,0.0,0,0
1779630167.166797,0.0,0.0,0.0,0.0,0.0,0.0,0,0
1779630167.197746,0.0,0.0,0.0,0.0,0.0,0.0,0,0
1779630167.228766,0.0,0.0,0.0,0.0,0.0,0.0,0,0
1779630167.259733,0.0,0.0,0.0,0.0,0.0,0.0,0,0
1779630167.290759,0.0,0.0,0.0,0.0,0.0,0.0,0,0
1779630167.321757,0.0,0.0,0.0,0.0,0.0,0.0,0,0
1779630167.352746,0.0,0.0,0.0,0.0,0.0,0.0,0,0
1779630167.383763,0.0,0.0,0.0,0.0,0.0,0.0,0,0
1779630167.414721,0.0,0.0,0.0,0.0,0.0,0.0,0,0
1779630167.445687,0.0,0.0,0.0,0.0,0.0,0.0,0,0
1779630167.476691,0.0,0.0,0.0,0.0,0.0,0.0,0,0
1779630167.507811,0.0,0.0,0.0,0.0,0.0,0.0,0,0
1779630167.538716,0.0,0.0,0.0,0.0,0.0,0.0,0,0
1779630167.569792,0.0,0.0,0.0,0.0,0.0,0.0,0,0
1779630167.600735,0.0,0.0,0.0,0.0,0.0,0.0,0,0
1779630167.631764,0.0,0.0,0.0,0.0,0.0,0.0,0,0
1779630167.662718,0.0,0.0,0.0,0.0,0.0,0.0,0,0
1779630167.693733,0.0,0.0,0.0,0.0,0.0,0.0,0,0
1779630167.724742,0.0,0.0,0.0,0.0,0.0,0.0,0,0
1779630167.755744,0.0,0.0,0.0,0.0,0.0,0.0,0,0
1779630167.786747,0.0,0.0,0.0,0.0,0.0,0.0,0,0
1779630167.817760,0.0,0.0,0.0,0.0,0.0,0.0,0,0
1779630167.848805,0.0,0.0,0.0,0.0,0.0,0.0,0,0
1779630167.879740,0.0,0.0,0.0,0.0,0.0,0.0,0,0
1779630167.910734,0.0,0.0,0.0,0.0,0.0,0.0,0,0
1779630167.941730,0.0,0.0,0.0,0.0,0.0,0.0,0,0
1779630167.972730,0.0,0.0,0.0,0.0,0.0,0.0,0,0
1779630168.003721,0.0,0.0,0.0,0.0,0.0,0.0,0,0
1779630168.034709,0.0,0.0,0.0,0.0,0.0,0.0,0,0
1779630168.065734,0.0,0.0,0.0,0.0,0.0,0.0,0,0
1779630168.096711,0.0,0.0,0.0,0.0,0.0,0.0,0,0
1779630168.127757,0.0,0.0,0.0,0.0,0.0,0.0,0,0
1779630168.158750,0.0,0.0,0.0,0.0,0.0,0.0,0,0
1779630168.189750,0.0,0.0,0.0,0.0,0.0,0.0,0,0
1779630168.220685,0.0,0.0,0.0,0.0,0.0,0.0,0,0
1779630168.251737,0.0,0.0,0.0,0.0,0.0,0.0,0,0
1779630168.282803,0.0,0.0,0.0,0.0,0.0,0.0,0,0
1779630168.313763,0.0,0.0,0.0,0.0,0.0,0.0,0,0
1779630168.344669,0.0,0.0,0.0,0.0,0.0,0.0,0,0
1779630168.375741,0.0,0.0,0.0,0.0,0.0,0.0,0,0
1779630168.406742,0.0,0.0,0.0,0.0,0.0,0.0,0,0
1779630168.437689,0.0,0.0,0.0,0.0,0.0,0.0,0,0
1779630168.468706,0.0,0.0,0.0,0.0,0.0,0.0,0,0
1779630168.499663,0.0,0.0,0.0,0.0,0.0,0.0,0,0
1779630168.530710,0.0,0.0,0.0,0.0,0.0,0.0,0,0
1779630168.561709,0.0,0.0,0.0,0.0,0.0,0.0,0,0
1779630168.592756,0.0,0.0,0.0,0.0,0.0,0.0,0,0
1779630168.623744,0.0,0.0,0.0,0.0,0.0,0.0,0,0
1779630168.654777,0.0,0.0,0.0,0.0,0.0,0.0,0,0
1779630168.685787,0.0,0.0,0.0,0.0,0.0,0.0,0,0
1779630168.716772,0.0,0.0,0.0,0.0,0.0,0.0,0,0
1779630168.747734,0.0,0.0,0.0,0.0,0.0,0.0,0,0
1779630168.778680,0.0,0.0,0.0,0.0,0.0,0.0,0,0
1779630168.809739,0.0,0.0,0.0,0.0,0.0,0.0,0,0
1779630168.840765,0.0,0.0,0.0,0.0,0.0,0.0,0,0
1779630168.871760,0.0,0.0,0.0,0.0,0.0,0.0,0,0
1779630168.902744,0.0,0.0,0.0,0.0,0.0,0.0,0,0
1779630168.933740,0.0,0.0,0.0,0.0,0.0,0.0,0,0
1779630168.964750,0.0,0.0,0.0,0.0,0.0,0.0,0,0
1779630168.995740,0.0,0.0,0.0,0.0,0.0,0.0,0,0
1779630169.026753,0.0,0.0,0.0,0.0,0.0,0.0,0,0
1779630169.057737,0.0,0.0,0.0,0.0,0.0,0.0,0,0
1779630169.088759,0.0,0.0,0.0,0.0,0.0,0.0,0,0
1779630169.119765,0.0,0.0,0.0,0.0,0.0,0.0,0,0
1779630169.150755,0.0,0.0,0.0,0.0,0.0,0.0,0,0
1779630169.181739,0.0,0.0,0.0,0.0,0.0,0.0,0,0
1779630169.212705,0.0,0.0,0.0,0.0,0.0,0.0,0,0
1779630169.243756,0.0,0.0,0.0,0.0,0.0,0.0,0,0
1779630169.274713,0.0,0.0,0.0,0.0,0.0,0.0,0,0
1779630169.305782,0.0,0.0,0.0,0.0,0.0,0.0,0,0
1779630169.336783,0.0,0.0,0.0,0.0,0.0,0.0,0,0
1779630169.367770,0.0,0.0,0.0,0.0,0.0,0.0,0,0
1779630169.398756,0.0,0.0,0.0,0.0,0.0,0.0,0,0
1779630169.429710,0.0,0.0,0.0,0.0,0.0,0.0,0,0
1779630169.460779,0.0,0.0,0.0,0.0,0.0,0.0,0,0
1779630169.491749,0.0,0.0,0.0,0.0,0.0,0.0,0,0
1779630169.522779,0.0,0.0,0.0,0.0,0.0,0.0,0,0
1779630169.553718,0.0,0.0,0.0,0.0,0.0,0.0,0,0
1779630169.584745,0.0,0.0,0.0,0.0,0.0,0.0,0,0
1779630169.615682,0.0,0.0,0.0,0.0,0.0,0.0,0,0
1779630169.646711,0.0,0.0,0.0,0.0,0.0,0.0,0,0
1779630169.677762,0.0,0.0,0.0,0.0,0.0,0.0,0,0
1779630169.708694,0.0,0.0,0.0,0.0,0.0,0.0,0,0
1779630169.739637,0.0,0.0,0.0,0.0,0.0,0.0,0,0
1779630169.770726,0.0,0.0,0.0,0.0,0.0,0.0,0,0
1779630169.801694,0.0,0.0,0.0,0.0,0.0,0.0,0,0
1779630169.832719,0.0,0.0,0.0,0.0,0.0,0.0,0,0
1779630169.863740,0.0,0.0,0.0,0.0,0.0,0.0,0,0
1779630169.894768,0.0,0.0,0.0,0.0,0.0,0.0,0,0
1779630169.925757,0.0,0.0,0.0,0.0,0.0,0.0,0,0
1779630169.956739,0.0,0.0,0.0,0.0,0.0,0.0,0,0
1779630169.987706,0.0,0.0,0.0,0.0,0.0,0.0,0,0
1779630170.018833,0.0,0.0,0.0,0.0,0.0,0.0,0,0
1779630170.049758,0.0,0.0,0.0,0.0,0.0,0.0,0,0
1779630170.080763,0.0,0.0,0.0,0.0,0.0,0.0,0,0
1779630170.111792,0.0,0.0,0.0,0.0,0.0,0.0,0,0
1779630170.142707,0.0,0.0,0.0,0.0,0.0,0.0,0,0
1779630170.173728,0.0,0.0,0.0,0.0,0.0,0.0,0,0
1779630170.204739,0.0,0.0,0.0,0.0,0.0,0.0,0,0
1779630170.235755,0.0,0.0,0.0,0.0,0.0,0.0,0,0
1779630170.266713,0.0,0.0,0.0,0.0,0.0,0.0,0,0
1779630170.297712,0.0,0.0,0.0,0.0,0.0,0.0,0,0
1779630170.328849,0.0,0.0,0.0,0.0,0.0,0.0,0,0
1779630170.359752,0.0,0.0,0.0,0.0,0.0,0.0,0,0
1779630170.390716,0.0,0.0,0.0,0.0,0.0,0.0,0,0
1779630170.421728,0.0,0.0,0.0,0.0,0.0,0.0,0,0
1779630170.452709,0.0,0.0,0.0,0.0,0.0,0.0,0,0
1779630170.483749,0.0,0.0,0.0,0.0,0.0,0.0,0,0
1779630170.514724,0.0,0.0,0.0,0.0,0.0,0.0,0,0
1779630170.545735,0.0,0.0,0.0,0.0,0.0,0.0,0,0
1779630170.576751,0.0,0.0,0.0,0.0,0.0,0.0,0,0
1779630170.607701,0.0,0.0,0.0,0.0,0.0,0.0,0,0
1779630170.638770,0.0,0.0,0.0,0.0,0.0,0.0,0,0
1779630170.669791,0.0,0.0,0.0,0.0,0.0,0.0,0,0
1779630170.700730,0.0,0.0,0.0,0.0,0.0,0.0,0,0
1779630170.731722,0.0,0.0,0.0,0.0,0.0,0.0,0,0
1779630170.762705,0.0,0.0,0.0,0.0,0.0,0.0,0,0
1779630170.793738,0.0,0.0,0.0,0.0,0.0,0.0,0,0
1779630170.824727,0.0,0.0,0.0,0.0,0.0,0.0,0,0
1779630170.855710,0.0,0.0,0.0,0.0,0.0,0.0,0,0
1779630170.886714,0.0,0.0,0.0,0.0,0.0,0.0,0,0
1779630170.917721,0.0,0.0,0.0,0.0,0.0,0.0,0,0
1779630170.948725,0.0,0.0,0.0,0.0,0.0,0.0,0,0
1779630170.979738,0.0,0.0,0.0,0.0,0.0,0.0,0,0
1779630171.010723,0.0,0.0,0.0,0.0,0.0,0.0,0,0
1779630171.041705,0.0,0.0,0.0,0.0,0.0,0.0,0,0
1779630171.072703,0.0,0.0,0.0,0.0,0.0,0.0,0,0
1779630171.103778,0.0,0.0,0.0,0.0,0.0,0.0,0,0
1779630171.134728,0.0,0.0,0.0,0.0,0.0,0.0,0,0
1779630171.165758,0.0,0.0,0.0,0.0,0.0,0.0,0,0
1779630171.196741,0.0,0.0,0.0,0.0,0.0,0.0,0,0
1779630171.227742,0.0,0.0,0.0,0.0,0.0,0.0,0,0
1779630171.258744,0.0,0.0,0.0,0.0,0.0,0.0,0,0
1779630171.289704,0.0,0.0,0.0,0.0,0.0,0.0,0,0
1779630171.320784,0.0,0.0,0.0,0.0,0.0,0.0,0,0
1779630171.351726,0.0,0.0,0.0,0.0,0.0,0.0,0,0
1779630171.382775,0.0,0.0,0.0,0.0,0.0,0.0,0,0
1779630171.413744,0.0,0.0,0.0,0.0,0.0,0.0,0,0
1779630171.444703,0.0,0.0,0.0,0.0,0.0,0.0,0,0
1779630171.475736,0.0,0.0,0.0,0.0,0.0,0.0,0,0
1779630171.506759,0.0,0.0,0.0,0.0,0.0,0.0,0,0
1779630171.537759,0.0,0.0,0.0,0.0,0.0,0.0,0,0
1779630171.568714,0.0,0.0,0.0,0.0,0.0,0.0,0,0
1779630171.599782,0.0,0.0,0.0,0.0,0.0,0.0,0,0
1779630171.630723,0.0,0.0,0.0,0.0,0.0,0.0,0,0
1779630171.661752,0.0,0.0,0.0,0.0,0.0,0.0,0,0
1779630171.692773,0.0,0.0,0.0,0.0,0.0,0.0,0,0
1779630171.723728,0.0,0.0,0.0,0.0,0.0,0.0,0,0
1779630171.754683,0.0,0.0,0.0,0.0,0.0,0.0,0,0
1779630171.785785,0.0,0.0,0.0,0.0,0.0,0.0,0,0
1779630171.816744,0.0,0.0,0.0,0.0,0.0,0.0,0,0
1779630171.847699,0.0,0.0,0.0,0.0,0.0,0.0,0,0
1779630171.878708,0.0,0.0,0.0,0.0,0.0,0.0,0,0
1779630171.909725,0.0,0.0,0.0,0.0,0.0,0.0,0,0
1779630171.940690,0.0,0.0,0.0,0.0,0.0,0.0,0,0
1779630171.971711,0.0,0.0,0.0,0.0,0.0,0.0,0,0
1779630172.002704,0.0,0.0,0.0,0.0,0.0,0.0,0,0
1779630172.033722,0.0,0.0,0.0,0.0,0.0,0.0,0,0
1779630172.064716,0.0,0.0,0.0,0.0,0.0,0.0,0,0
1779630172.095679,0.0,0.0,0.0,0.0,0.0,0.0,0,0
1779630172.126742,0.0,0.0,0.0,0.0,0.0,0.0,0,0
1779630172.157723,0.0,0.0,0.0,0.0,0.0,0.0,0,0
1779630172.188762,0.0,0.0,0.0,0.0,0.0,0.0,0,0
1779630172.219778,0.0,0.0,0.0,0.0,0.0,0.0,0,0
1779630172.250713,0.0,0.0,0.0,0.0,0.0,0.0,0,0
1779630172.281740,0.0,0.0,0.0,0.0,0.0,0.0,0,0
1779630172.312716,0.0,0.0,0.0,0.0,0.0,0.0,0,0
1779630172.343708,0.0,0.0,0.0,0.0,0.0,0.0,0,0
1779630172.374745,0.0,0.0,0.0,0.0,0.0,0.0,0,0
1779630172.405737,0.0,0.0,0.0,0.0,0.0,0.0,0,0
1779630172.436778,0.0,0.0,0.0,0.0,0.0,0.0,0,0
1779630172.467704,0.0,0.0,0.0,0.0,0.0,0.0,0,0
1779630172.498698,0.0,0.0,0.0,0.0,0.0,0.0,0,0
1779630172.529755,0.0,0.0,0.0,0.0,0.0,0.0,0,0
1779630172.560718,0.0,0.0,0.0,0.0,0.0,0.0,0,0
1779630172.591763,0.0,0.0,0.0,0.0,0.0,0.0,0,0
1779630172.622750,0.0,0.0,0.0,0.0,0.0,0.0,0,0
1779630172.653732,0.0,0.0,0.0,0.0,0.0,0.0,0,0
1779630172.684704,0.0,0.0,0.0,0.0,0.0,0.0,0,0
1779630172.715754,0.0,0.0,0.0,0.0,0.0,0.0,0,0
1779630172.746750,0.0,0.0,0.0,0.0,0.0,0.0,0,0
1779630172.777739,0.0,0.0,0.0,0.0,0.0,0.0,0,0
1779630172.808753,0.0,0.0,0.0,0.0,0.0,0.0,0,0
1779630172.839754,0.0,0.0,0.0,0.0,0.0,0.0,0,0
1779630172.870703,0.0,0.0,0.0,0.0,0.0,0.0,0,0
1779630172.901748,0.0,0.0,0.0,0.0,0.0,0.0,0,0
1779630172.932788,0.0,0.0,0.0,0.0,0.0,0.0,0,0
1779630172.963731,0.0,0.0,0.0,0.0,0.0,0.0,0,0
1779630172.994733,0.0,0.0,0.0,0.0,0.0,0.0,0,0
1779630173.025743,0.0,0.0,0.0,0.0,0.0,0.0,0,0
1779630173.029733,-0.009765625,-0.029296875,-0.064453125,0.05078125,0.0,-0.01171875,0,0
1779630173.045759,-0.009765625,-0.029296875,-0.0078125,0.05078125,0.0,-0.01171875,0,0
1779630173.061681,-0.009765625,-0.029296875,-0.068359375,0.05078125,0.0,-0.01171875,0,0
1779630173.077733,-0.009765625,-0.029296875,-0.111328125,0.05078125,0.0,-0.01171875,0,0
1779630173.093727,-0.009765625,0.0,-0.140625,0.05078125,0.0,-0.01171875,0,0
1779630173.109767,-0.009765625,-0.00390625,-0.15625,0.05078125,0.0,-0.01171875,0,0
1779630173.125758,-0.009765625,-0.013671875,-0.177734375,0.05078125,0.0,-0.01171875,0,0
1779630173.141734,-0.009765625,-0.013671875,-0.1796875,0.05078125,0.0,-0.01171875,0,0
1779630173.157752,-0.009765625,-0.01171875,-0.1875,0.05078125,0.0,-0.01171875,0,0
1779630173.173707,-0.009765625,0.0,-0.208984375,0.05078125,0.0,-0.01171875,0,0
1779630173.189697,-0.009765625,0.0,-0.22265625,0.05078125,0.0,-0.01171875,0,0
1779630173.205746,-0.009765625,0.0,-0.244140625,0.05078125,0.0,-0.01171875,0,0
1779630173.221756,-0.009765625,-0.00390625,-0.25390625,0.05078125,0.0,-0.01171875,0,0
1779630173.237735,-0.009765625,-0.00390625,-0.255859375,0.05078125,0.0,-0.01171875,0,0
1779630173.253679,-0.009765625,0.0,-0.259765625,0.05078125,0.0,-0.01171875,0,0
1779630173.261751,-0.009765625,0.0,-0.259765625,-0.009765625,0.0,-0.01171875,0,0
1779630173.269692,-0.009765625,0.0,-0.275390625,-0.009765625,0.0,-0.01171875,0,0
1779630173.277761,-0.009765625,0.0,-0.275390625,-0.0234375,0.0,-0.01171875,0,0
1779630173.285785,-0.009765625,0.0,-0.271484375,-0.0234375,0.0,-0.01171875,0,0
1779630173.293747,-0.009765625,0.0,-0.271484375,-0.029296875,0.0,-0.01171875,0,0
1779630173.301750,-0.009765625,0.0,-0.263671875,-0.029296875,0.0,-0.01171875,0,0
1779630173.309707,-0.009765625,0.0,-0.263671875,-0.033203125,0.0,-0.01171875,0,0
1779630173.317767,-0.009765625,0.0,-0.26953125,-0.033203125,0.0,-0.01171875,0,0
1779630173.325690,-0.009765625,0.0,-0.26953125,-0.046875,0.0,-0.01171875,0,0
1779630173.333689,-0.009765625,0.0,-0.283203125,-0.046875,0.0,-0.01171875,0,0
1779630173.341731,-0.009765625,0.0,-0.283203125,-0.05078125,0.0,-0.01171875,0,0
1779630173.349742,-0.009765625,0.0,-0.283203125,-0.05078125,0.0,-0.01171875,0,0
1779630173.357766,-0.009765625,0.0,-0.283203125,-0.048828125,0.0,-0.01171875,0,0
1779630173.365742,-0.009765625,0.0,-0.2734375,-0.048828125,0.0,-0.01171875,0,0
1779630173.373680,-0.009765625,0.0,-0.2734375,-0.048828125,0.0,-0.01171875,0,0
1779630173.381723,-0.009765625,0.0,-0.267578125,-0.048828125,0.0,-0.01171875,0,0
1779630173.389744,-0.009765625,0.0,-0.267578125,-0.037109375,0.0,-0.01171875,0,0
1779630173.397736,-0.009765625,0.0,-0.26171875,-0.037109375,0.0,-0.01171875,0,0
1779630173.405740,-0.009765625,0.0,-0.26171875,-0.029296875,0.0,-0.01171875,0,0
1779630173.413711,-0.009765625,0.0,-0.265625,-0.029296875,0.0,-0.01171875,0,0
1779630173.421749,-0.009765625,0.0,-0.265625,-0.029296875,0.0,-0.01171875,0,0
1779630173.429705,-0.009765625,0.0,-0.275390625,-0.029296875,0.0,-0.01171875,0,0
1779630173.437724,-0.009765625,0.0,-0.275390625,-0.03515625,0.0,-0.01171875,0,0
1779630173.445707,-0.009765625,0.0,-0.27734375,-0.03515625,0.0,-0.01171875,0,0
1779630173.453752,-0.009765625,0.0,-0.27734375,-0.041015625,0.0,-0.01171875,0,0
1779630173.461754,-0.009765625,0.0,-0.296875,-0.041015625,0.0,-0.01171875,0,0
1779630173.469739,-0.009765625,0.0,-0.296875,-0.044921875,0.0,-0.01171875,0,0
1779630173.477724,-0.009765625,-0.009765625,-0.357421875,-0.044921875,0.0,-0.01171875,0,0
1779630173.485750,-0.009765625,-0.009765625,-0.357421875,-0.03125,0.0,-0.01171875,0,0
1779630173.493710,0.037109375,-0.0625,-0.40234375,-0.03125,0.0,-0.01171875,0,0
1779630173.509700,0.072265625,-0.08984375,-0.421875,-0.03125,0.0,-0.01171875,0,0
1779630173.517775,0.072265625,-0.08984375,-0.421875,-0.03125,0.0234375,-0.01171875,0,0
1779630173.525759,0.080078125,-0.083984375,-0.4375,-0.03125,0.0234375,-0.01171875,0,0
1779630173.533754,0.080078125,-0.083984375,-0.4375,-0.03125,0.03515625,-0.01171875,0,0
1779630173.541777,0.06640625,-0.060546875,-0.43359375,-0.03125,0.03515625,-0.01171875,0,0
1779630173.549726,0.06640625,-0.060546875,-0.43359375,-0.03125,0.03515625,-0.01171875,0,0
1779630173.557739,0.04296875,-0.04296875,-0.404296875,-0.03125,0.03515625,-0.01171875,0,0
1779630173.565764,0.04296875,-0.04296875,-0.404296875,-0.03125,0.017578125,-0.01171875,0,0
1779630173.573750,0.01953125,-0.0234375,-0.375,-0.03125,0.017578125,-0.01171875,0,0
1779630173.589756,0.01953125,-0.005859375,-0.35546875,-0.03125,0.017578125,-0.01171875,0,0
1779630173.597760,0.01953125,-0.005859375,-0.35546875,-0.025390625,0.017578125,-0.01171875,0,0
1779630173.605769,0.01953125,-0.005859375,-0.37890625,-0.025390625,0.017578125,-0.01171875,0,0
1779630173.613750,0.01953125,-0.005859375,-0.37890625,-0.041015625,0.017578125,-0.01171875,0,0
1779630173.621741,0.01953125,-0.009765625,-0.373046875,-0.041015625,0.017578125,-0.01171875,0,0
1779630173.629732,0.01953125,-0.009765625,-0.373046875,-0.03515625,0.017578125,-0.01171875,0,0
1779630173.637758,0.00390625,-0.025390625,-0.353515625,-0.03515625,0.017578125,-0.01171875,0,0
1779630173.645743,0.00390625,-0.025390625,-0.353515625,-0.01171875,0.017578125,-0.01171875,0,0
1779630173.653725,0.01953125,-0.021484375,-0.353515625,-0.01171875,0.017578125,-0.01171875,0,0
1779630173.661717,0.01953125,-0.021484375,-0.353515625,-0.01171875,0.017578125,-0.01171875,0,0
1779630173.669721,0.0234375,-0.01171875,-0.35546875,-0.01171875,0.017578125,-0.01171875,0,0
1779630173.677737,0.0234375,-0.01171875,-0.35546875,-0.021484375,0.005859375,-0.01171875,0,0
1779630173.685684,0.01953125,-0.01171875,-0.3046875,-0.021484375,0.005859375,-0.01171875,0,0
1779630173.693749,0.01953125,-0.01171875,-0.3046875,-0.025390625,0.013671875,-0.01171875,0,0
1779630173.701725,0.005859375,-0.00390625,-0.166015625,-0.025390625,0.013671875,-0.01171875,0,0
1779630173.717759,0.005859375,-0.025390625,-0.166015625,-0.025390625,0.013671875,-0.01171875,0,0
1779630173.741726,0.005859375,-0.025390625,-0.166015625,0.009765625,0.013671875,-0.01171875,0,0
1779630173.771763,0.0,0.0,0.0,0.0,0.0,0.0,0,0
1779630173.802717,0.0,0.0,0.0,0.0,0.0,0.0,0,0
1779630173.833774,0.0,0.0,0.0,0.0,0.0,0.0,0,0
1779630173.864767,0.0,0.0,0.0,0.0,0.0,0.0,0,0
1779630173.895750,0.0,0.0,0.0,0.0,0.0,0.0,0,0
1779630173.926749,0.0,0.0,0.0,0.0,0.0,0.0,0,0
1779630173.957783,0.0,0.0,0.0,0.0,0.0,0.0,0,0
1779630173.988721,0.0,0.0,0.0,0.0,0.0,0.0,0,0
1779630174.019692,0.0,0.0,0.0,0.0,0.0,0.0,0,0
1779630174.050712,0.0,0.0,0.0,0.0,0.0,0.0,0,0
1779630174.081703,0.0,0.0,0.0,0.0,0.0,0.0,0,0
1779630174.112687,0.0,0.0,0.0,0.0,0.0,0.0,0,0
1779630174.143691,0.0,0.0,0.0,0.0,0.0,0.0,0,0
1779630174.174685,0.0,0.0,0.0,0.0,0.0,0.0,0,0
1779630174.205699,0.0,0.0,0.0,0.0,0.0,0.0,0,0
1779630174.236766,0.0,0.0,0.0,0.0,0.0,0.0,0,0
1779630174.267750,0.0,0.0,0.0,0.0,0.0,0.0,0,0
1779630174.298696,0.0,0.0,0.0,0.0,0.0,0.0,0,0
1779630174.329710,0.0,0.0,0.0,0.0,0.0,0.0,0,0
1779630174.360724,0.0,0.0,0.0,0.0,0.0,0.0,0,0
1779630174.391768,0.0,0.0,0.0,0.0,0.0,0.0,0,0
1779630174.422796,0.0,0.0,0.0,0.0,0.0,0.0,0,0
1779630174.453777,0.0,0.0,0.0,0.0,0.0,0.0,0,0
1779630174.484756,0.0,0.0,0.0,0.0,0.0,0.0,0,0
1779630174.515730,0.0,0.0,0.0,0.0,0.0,0.0,0,0
1779630174.546764,0.0,0.0,0.0,0.0,0.0,0.0,0,0
1779630174.577691,0.0,0.0,0.0,0.0,0.0,0.0,0,0
1779630174.608758,0.0,0.0,0.0,0.0,0.0,0.0,0,0
1779630174.639707,0.0,0.0,0.0,0.0,0.0,0.0,0,0
1779630174.670728,0.0,0.0,0.0,0.0,0.0,0.0,0,0
1779630174.701732,0.0,0.0,0.0,0.0,0.0,0.0,0,0
1779630174.732766,0.0,0.0,0.0,0.0,0.0,0.0,0,0
1779630174.763735,0.0,0.0,0.0,0.0,0.0,0.0,0,0
1779630174.794711,0.0,0.0,0.0,0.0,0.0,0.0,0,0
1779630174.825717,0.0,0.0,0.0,0.0,0.0,0.0,0,0
1779630174.856743,0.0,0.0,0.0,0.0,0.0,0.0,0,0
1779630174.887728,0.0,0.0,0.0,0.0,0.0,0.0,0,0
1779630174.918705,0.0,0.0,0.0,0.0,0.0,0.0,0,0
1779630174.949781,0.0,0.0,0.0,0.0,0.0,0.0,0,0
1779630174.980687,0.0,0.0,0.0,0.0,0.0,0.0,0,0
1779630175.011753,0.0,0.0,0.0,0.0,0.0,0.0,0,0
1779630175.042736,0.0,0.0,0.0,0.0,0.0,0.0,0,0
1779630175.073757,0.0,0.0,0.0,0.0,0.0,0.0,0,0
1779630175.104739,0.0,0.0,0.0,0.0,0.0,0.0,0,0
1779630175.135822,0.0,0.0,0.0,0.0,0.0,0.0,0,0
1779630175.166755,0.0,0.0,0.0,0.0,0.0,0.0,0,0
1779630175.197745,0.0,0.0,0.0,0.0,0.0,0.0,0,0
1779630175.228749,0.0,0.0,0.0,0.0,0.0,0.0,0,0
1779630175.259749,0.0,0.0,0.0,0.0,0.0,0.0,0,0
1779630175.290766,0.0,0.0,0.0,0.0,0.0,0.0,0,0
1779630175.321700,0.0,0.0,0.0,0.0,0.0,0.0,0,0
1779630175.352704,0.0,0.0,0.0,0.0,0.0,0.0,0,0
1779630175.383747,0.0,0.0,0.0,0.0,0.0,0.0,0,0
1779630175.414723,0.0,0.0,0.0,0.0,0.0,0.0,0,0
1779630175.445720,0.0,0.0,0.0,0.0,0.0,0.0,0,0
1779630175.476763,0.0,0.0,0.0,0.0,0.0,0.0,0,0
1779630175.507723,0.0,0.0,0.0,0.0,0.0,0.0,0,0
1779630175.533730,0.0,-0.025390625,-0.166015625,0.009765625,0.013671875,-0.01171875,0,0
1779630175.549817,0.015625,-0.025390625,-0.166015625,0.009765625,0.013671875,-0.01171875,0,0
1779630175.565723,0.029296875,-0.025390625,-0.166015625,0.009765625,0.013671875,-0.01171875,0,0
1779630175.581727,0.041015625,-0.025390625,-0.166015625,0.009765625,0.013671875,-0.01171875,0,0
1779630175.597704,0.0546875,-0.025390625,-0.166015625,0.009765625,0.013671875,-0.01171875,0,0
1779630175.613718,0.060546875,-0.025390625,-0.166015625,0.009765625,0.013671875,-0.01171875,0,0
1779630175.629821,0.0703125,-0.025390625,-0.166015625,0.009765625,0.013671875,-0.01171875,0,0
1779630175.645751,0.08203125,-0.025390625,-0.166015625,0.009765625,0.013671875,-0.01171875,0,0
1779630175.661792,0.095703125,-0.0078125,-0.166015625,0.009765625,0.013671875,-0.01171875,0,0
1779630175.677760,0.111328125,-0.013671875,-0.166015625,0.009765625,0.013671875,-0.01171875,0,0
1779630175.693773,0.13671875,-0.01953125,-0.166015625,0.009765625,0.013671875,-0.01171875,0,0
1779630175.701771,0.13671875,-0.01953125,-0.166015625,0.009765625,0.013671875,-0.005859375,0,0
1779630175.709756,0.150390625,-0.01953125,-0.166015625,0.009765625,0.013671875,-0.005859375,0,0
1779630175.717762,0.150390625,-0.01953125,-0.166015625,0.009765625,0.013671875,-0.009765625,0,0
1779630175.725752,0.171875,-0.005859375,-0.166015625,0.009765625,0.013671875,-0.009765625,0,0
1779630175.733753,0.171875,-0.005859375,-0.166015625,0.009765625,0.013671875,-0.01171875,0,0
1779630175.741750,0.18359375,-0.005859375,-0.166015625,0.009765625,0.013671875,-0.01171875,0,0
1779630175.749724,0.18359375,-0.005859375,-0.166015625,0.009765625,0.013671875,-0.01171875,0,0
1779630175.757741,0.201171875,-0.005859375,-0.166015625,0.009765625,0.013671875,-0.01171875,0,0
1779630175.765703,0.201171875,-0.005859375,-0.166015625,0.009765625,0.013671875,-0.0078125,0,0
1779630175.773761,0.21484375,-0.005859375,-0.166015625,0.009765625,0.013671875,-0.0078125,0,0
1779630175.781715,0.21484375,-0.005859375,-0.166015625,0.009765625,0.013671875,-0.0078125,0,0
1779630175.789743,0.232421875,-0.005859375,-0.166015625,0.009765625,0.013671875,-0.0078125,0,0
1779630175.797762,0.232421875,-0.005859375,-0.166015625,0.009765625,0.013671875,-0.00390625,0,0
1779630175.805783,0.25,-0.005859375,-0.166015625,0.009765625,0.013671875,-0.00390625,0,0
1779630175.821752,0.26171875,0.0,-0.166015625,0.009765625,0.013671875,-0.00390625,0,0
1779630175.837779,0.27734375,-0.00390625,-0.166015625,0.009765625,0.013671875,-0.00390625,0,0
1779630175.853729,0.283203125,-0.009765625,-0.166015625,0.009765625,0.013671875,-0.00390625,0,0
1779630175.869745,0.28515625,-0.009765625,-0.166015625,0.009765625,0.013671875,-0.00390625,0,0
1779630175.885761,0.28125,-0.013671875,-0.166015625,0.009765625,0.013671875,-0.00390625,0,0
1779630175.901730,0.279296875,-0.015625,-0.166015625,0.009765625,0.013671875,-0.00390625,0,0
1779630175.917722,0.28125,-0.0234375,-0.166015625,0.009765625,0.013671875,-0.00390625,0,0
1779630175.933753,0.287109375,-0.029296875,-0.166015625,0.009765625,0.013671875,-0.00390625,0,0
1779630175.949740,0.29296875,-0.03125,-0.166015625,0.009765625,0.013671875,-0.00390625,0,0
1779630175.957820,0.29296875,-0.03125,-0.166015625,0.0,0.013671875,-0.00390625,0,0
1779630175.965693,0.29296875,-0.03125,-0.166015625,0.0,0.013671875,-0.00390625,0,0
1779630175.981752,0.28515625,-0.029296875,-0.166015625,0.0,0.013671875,-0.00390625,0,0
1779630175.997709,0.275390625,-0.02734375,-0.166015625,0.0,0.013671875,-0.00390625,0,0
1779630176.013725,0.26171875,-0.025390625,-0.166015625,0.0,0.013671875,-0.00390625,0,0
1779630176.029736,0.24609375,-0.021484375,-0.166015625,0.0,0.013671875,-0.00390625,0,0
1779630176.037710,0.24609375,-0.021484375,-0.166015625,0.0,0.013671875,-0.00390625,0,0
1779630176.045738,0.234375,-0.015625,-0.166015625,0.0,0.013671875,-0.00390625,0,0
1779630176.053720,0.234375,-0.015625,-0.166015625,0.00390625,0.013671875,-0.00390625,0,0
1779630176.061744,0.228515625,-0.01171875,-0.166015625,0.00390625,0.013671875,-0.00390625,0,0
1779630176.069725,0.228515625,-0.01171875,-0.166015625,0.0078125,0.013671875,-0.00390625,0,0
1779630176.077693,0.2265625,-0.01171875,-0.166015625,0.0078125,0.013671875,-0.00390625,0,0
1779630176.085711,0.2265625,-0.01171875,-0.166015625,0.00390625,0.013671875,-0.00390625,0,0
1779630176.093684,0.224609375,-0.01171875,-0.166015625,0.00390625,0.013671875,-0.00390625,0,0
1779630176.109782,0.22265625,-0.01171875,-0.166015625,0.00390625,0.013671875,-0.00390625,0,0
1779630176.125800,0.22265625,-0.0078125,-0.166015625,0.00390625,0.013671875,-0.00390625,0,0
1779630176.141723,0.21875,-0.005859375,-0.009765625,0.00390625,0.013671875,-0.00390625,0,0
1779630176.157834,0.21875,-0.005859375,-0.02734375,0.00390625,0.013671875,-0.00390625,0,0
1779630176.173731,0.21875,-0.005859375,-0.037109375,0.00390625,0.013671875,-0.00390625,0,0
1779630176.189709,0.216796875,-0.005859375,-0.046875,0.00390625,0.013671875,-0.00390625,0,0
1779630176.205733,0.216796875,-0.005859375,-0.060546875,0.00390625,0.013671875,-0.00390625,0,0
1779630176.221705,0.212890625,-0.0078125,-0.06640625,0.00390625,0.013671875,-0.00390625,0,0
1779630176.237781,0.212890625,-0.01171875,-0.06640625,0.00390625,0.013671875,-0.00390625,0,0
1779630176.253742,0.2109375,-0.009765625,-0.06640625,0.00390625,0.013671875,-0.00390625,0,0
1779630176.269757,0.203125,-0.009765625,-0.0625,0.00390625,0.013671875,-0.00390625,0,0
1779630176.285754,0.19140625,-0.009765625,-0.048828125,0.00390625,0.013671875,-0.00390625,0,0
1779630176.301759,0.181640625,-0.00390625,-0.0078125,0.00390625,0.013671875,-0.00390625,0,0
1779630176.317733,0.15625,-0.00390625,-0.0078125,0.00390625,0.013671875,-0.00390625,0,0
1779630176.325727,0.15625,-0.00390625,-0.0078125,0.017578125,0.013671875,-0.00390625,0,0
1779630176.333699,0.087890625,-0.00390625,-0.0078125,0.017578125,0.013671875,-0.00390625,0,0
1779630176.341681,0.087890625,-0.00390625,-0.0078125,0.009765625,0.013671875,-0.00390625,0,0
1779630176.371701,0.0,0.0,0.0,0.0,0.0,0.0,0,0
1779630176.402744,0.0,0.0,0.0,0.0,0.0,0.0,0,0
1779630176.433720,0.0,0.0,0.0,0.0,0.0,0.0,0,0
1779630176.464729,0.0,0.0,0.0,0.0,0.0,0.0,0,0
1779630176.495787,0.0,0.0,0.0,0.0,0.0,0.0,0,0
1779630176.526781,0.0,0.0,0.0,0.0,0.0,0.0,0,0
1779630176.557743,0.0,0.0,0.0,0.0,0.0,0.0,0,0
1779630176.588727,0.0,0.0,0.0,0.0,0.0,0.0,0,0
1779630176.619715,0.0,0.0,0.0,0.0,0.0,0.0,0,0
1779630176.650771,0.0,0.0,0.0,0.0,0.0,0.0,0,0
1779630176.681746,0.0,0.0,0.0,0.0,0.0,0.0,0,0
1779630176.712765,0.0,0.0,0.0,0.0,0.0,0.0,0,0
1779630176.743742,0.0,0.0,0.0,0.0,0.0,0.0,0,0
1779630176.774704,0.0,0.0,0.0,0.0,0.0,0.0,0,0
1779630176.805763,0.0,0.0,0.0,0.0,0.0,0.0,0,0
1779630176.836690,0.0,0.0,0.0,0.0,0.0,0.0,0,0
1779630176.867750,0.0,0.0,0.0,0.0,0.0,0.0,0,0
1779630176.900049,0.0,0.0,0.0,0.0,0.0,0.0,0,0
1779630176.929755,0.0,0.0,0.0,0.0,0.0,0.0,0,0
1779630176.960763,0.0,0.0,0.0,0.0,0.0,0.0,0,0
1779630176.991754,0.0,0.0,0.0,0.0,0.0,0.0,0,0
1779630177.022714,0.0,0.0,0.0,0.0,0.0,0.0,0,0
1779630177.053760,0.0,0.0,0.0,0.0,0.0,0.0,0,0
1779630177.084764,0.0,0.0,0.0,0.0,0.0,0.0,0,0
1779630177.115674,0.0,0.0,0.0,0.0,0.0,0.0,0,0
1779630177.146723,0.0,0.0,0.0,0.0,0.0,0.0,0,0
1779630177.177737,0.0,0.0,0.0,0.0,0.0,0.0,0,0
1779630177.208709,0.0,0.0,0.0,0.0,0.0,0.0,0,0
1779630177.239770,0.0,0.0,0.0,0.0,0.0,0.0,0,0
1779630177.270717,0.0,0.0,0.0,0.0,0.0,0.0,0,0
1779630177.301753,0.0,0.0,0.0,0.0,0.0,0.0,0,0
1779630177.332796,0.0,0.0,0.0,0.0,0.0,0.0,0,0
1779630177.363717,0.0,0.0,0.0,0.0,0.0,0.0,0,0
1779630177.394766,0.0,0.0,0.0,0.0,0.0,0.0,0,0
1779630177.425756,0.0,0.0,0.0,0.0,0.0,0.0,0,0
1779630177.456811,0.0,0.0,0.0,0.0,0.0,0.0,0,0
1779630177.487787,0.0,0.0,0.0,0.0,0.0,0.0,0,0
1779630177.518708,0.0,0.0,0.0,0.0,0.0,0.0,0,0
1779630177.549702,0.0,0.0,0.0,0.0,0.0,0.0,0,0
1779630177.580706,0.0,0.0,0.0,0.0,0.0,0.0,0,0
1779630177.611694,0.0,0.0,0.0,0.0,0.0,0.0,0,0
1779630177.642722,0.0,0.0,0.0,0.0,0.0,0.0,0,0
1779630177.673746,0.0,0.0,0.0,0.0,0.0,0.0,0,0
1779630177.704762,0.0,0.0,0.0,0.0,0.0,0.0,0,0
1779630177.735698,0.0,0.0,0.0,0.0,0.0,0.0,0,0
1779630177.766748,0.0,0.0,0.0,0.0,0.0,0.0,0,0
1779630177.797746,0.0,0.0,0.0,0.0,0.0,0.0,0,0
1779630177.828731,0.0,0.0,0.0,0.0,0.0,0.0,0,0
1779630177.859774,0.0,0.0,0.0,0.0,0.0,0.0,0,0
1779630177.890739,0.0,0.0,0.0,0.0,0.0,0.0,0,0
1779630177.921775,0.0,0.0,0.0,0.0,0.0,0.0,0,0
1779630177.952729,0.0,0.0,0.0,0.0,0.0,0.0,0,0
1779630177.983722,0.0,0.0,0.0,0.0,0.0,0.0,0,0
1779630178.014729,0.0,0.0,0.0,0.0,0.0,0.0,0,0
1779630178.045770,0.0,0.0,0.0,0.0,0.0,0.0,0,0
1779630178.076734,0.0,0.0,0.0,0.0,0.0,0.0,0,0
1779630178.107690,0.0,0.0,0.0,0.0,0.0,0.0,0,0
1779630178.138687,0.0,0.0,0.0,0.0,0.0,0.0,0,0
1779630178.169724,0.0,0.0,0.0,0.0,0.0,0.0,0,0
1779630178.200757,0.0,0.0,0.0,0.0,0.0,0.0,0,0
1779630178.231766,0.0,0.0,0.0,0.0,0.0,0.0,0,0
1779630178.262730,0.0,0.0,0.0,0.0,0.0,0.0,0,0
1779630178.293715,0.0,0.0,0.0,0.0,0.0,0.0,0,0
1779630178.324749,0.0,0.0,0.0,0.0,0.0,0.0,0,0
1779630178.355735,0.0,0.0,0.0,0.0,0.0,0.0,0,0
1779630178.386764,0.0,0.0,0.0,0.0,0.0,0.0,0,0
1779630178.417759,0.0,0.0,0.0,0.0,0.0,0.0,0,0
1779630178.448703,0.0,0.0,0.0,0.0,0.0,0.0,0,0
1779630178.479716,0.0,0.0,0.0,0.0,0.0,0.0,0,0
1779630178.510782,0.0,0.0,0.0,0.0,0.0,0.0,0,0
1779630178.541770,0.0,0.0,0.0,0.0,0.0,0.0,0,0
1779630178.572786,0.0,0.0,0.0,0.0,0.0,0.0,0,0
1779630178.603815,0.0,0.0,0.0,0.0,0.0,0.0,0,0
1779630178.634727,0.0,0.0,0.0,0.0,0.0,0.0,0,0
1779630178.665770,0.0,0.0,0.0,0.0,0.0,0.0,0,0
1779630178.696692,0.0,0.0,0.0,0.0,0.0,0.0,0,0
1779630178.727773,0.0,0.0,0.0,0.0,0.0,0.0,0,0
1779630178.758723,0.0,0.0,0.0,0.0,0.0,0.0,0,0
1779630178.789797,0.0,0.0,0.0,0.0,0.0,0.0,0,0
1779630178.820678,0.0,0.0,0.0,0.0,0.0,0.0,0,0
1779630178.851814,0.0,0.0,0.0,0.0,0.0,0.0,0,0
1779630178.882773,0.0,0.0,0.0,0.0,0.0,0.0,0,0
1779630178.913757,0.0,0.0,0.0,0.0,0.0,0.0,0,0
1779630178.944745,0.0,0.0,0.0,0.0,0.0,0.0,0,0
1779630178.975781,0.0,0.0,0.0,0.0,0.0,0.0,0,0
1779630179.006706,0.0,0.0,0.0,0.0,0.0,0.0,0,0
1779630179.037691,0.0,0.0,0.0,0.0,0.0,0.0,0,0
1779630179.068663,0.0,0.0,0.0,0.0,0.0,0.0,0,0
1779630179.099772,0.0,0.0,0.0,0.0,0.0,0.0,0,0
1779630179.130782,0.0,0.0,0.0,0.0,0.0,0.0,0,0
1779630179.161754,0.0,0.0,0.0,0.0,0.0,0.0,0,0
1779630179.192743,0.0,0.0,0.0,0.0,0.0,0.0,0,0
1779630179.223727,0.0,0.0,0.0,0.0,0.0,0.0,0,0
1779630179.254736,0.0,0.0,0.0,0.0,0.0,0.0,0,0
1779630179.285794,0.0,0.0,0.0,0.0,0.0,0.0,0,0
1779630179.316756,0.0,0.0,0.0,0.0,0.0,0.0,0,0
1779630179.347750,0.0,0.0,0.0,0.0,0.0,0.0,0,0
1779630179.378799,0.0,0.0,0.0,0.0,0.0,0.0,0,0
1779630179.409785,0.0,0.0,0.0,0.0,0.0,0.0,0,0
1779630179.440706,0.0,0.0,0.0,0.0,0.0,0.0,0,0
1779630179.471731,0.0,0.0,0.0,0.0,0.0,0.0,0,0
1779630179.502751,0.0,0.0,0.0,0.0,0.0,0.0,0,0
1779630179.533754,0.0,0.0,0.0,0.0,0.0,0.0,0,0
1779630179.564697,0.0,0.0,0.0,0.0,0.0,0.0,0,0
1779630179.595683,0.0,0.0,0.0,0.0,0.0,0.0,0,0
1779630179.626698,0.0,0.0,0.0,0.0,0.0,0.0,0,0
1779630179.657727,0.0,0.0,0.0,0.0,0.0,0.0,0,0
1779630179.688694,0.0,0.0,0.0,0.0,0.0,0.0,0,0
1779630179.719766,0.0,0.0,0.0,0.0,0.0,0.0,0,0
1779630179.750744,0.0,0.0,0.0,0.0,0.0,0.0,0,0
1779630179.781751,0.0,0.0,0.0,0.0,0.0,0.0,0,0
1779630179.812740,0.0,0.0,0.0,0.0,0.0,0.0,0,0
1779630179.843713,0.0,0.0,0.0,0.0,0.0,0.0,0,0
1779630179.874684,0.0,0.0,0.0,0.0,0.0,0.0,0,0
1779630179.905797,0.0,0.0,0.0,0.0,0.0,0.0,0,0
1779630179.936782,0.0,0.0,0.0,0.0,0.0,0.0,0,0
1779630179.967788,0.0,0.0,0.0,0.0,0.0,0.0,0,0
1779630179.998772,0.0,0.0,0.0,0.0,0.0,0.0,0,0
1779630180.029746,0.0,0.0,0.0,0.0,0.0,0.0,0,0
1779630180.060713,0.0,0.0,0.0,0.0,0.0,0.0,0,0
1779630180.091754,0.0,0.0,0.0,0.0,0.0,0.0,0,0
1779630180.122758,0.0,0.0,0.0,0.0,0.0,0.0,0,0
1779630180.153750,0.0,0.0,0.0,0.0,0.0,0.0,0,0
1779630180.184722,0.0,0.0,0.0,0.0,0.0,0.0,0,0
1779630180.215771,0.0,0.0,0.0,0.0,0.0,0.0,0,0
1779630180.246762,0.0,0.0,0.0,0.0,0.0,0.0,0,0
1779630180.277740,0.0,0.0,0.0,0.0,0.0,0.0,0,0
1779630180.308736,0.0,0.0,0.0,0.0,0.0,0.0,0,0
1779630180.339730,0.0,0.0,0.0,0.0,0.0,0.0,0,0
1779630180.370737,0.0,0.0,0.0,0.0,0.0,0.0,0,0
1779630180.401740,0.0,0.0,0.0,0.0,0.0,0.0,0,0
1779630180.432792,0.0,0.0,0.0,0.0,0.0,0.0,0,0
1779630180.463729,0.0,0.0,0.0,0.0,0.0,0.0,0,0
1779630180.494705,0.0,0.0,0.0,0.0,0.0,0.0,0,0
1779630180.525751,0.0,0.0,0.0,0.0,0.0,0.0,0,0
1779630180.556780,0.0,0.0,0.0,0.0,0.0,0.0,0,0
1779630180.587748,0.0,0.0,0.0,0.0,0.0,0.0,0,0
1779630180.618721,0.0,0.0,0.0,0.0,0.0,0.0,0,0
1779630180.649769,0.0,0.0,0.0,0.0,0.0,0.0,0,0
1779630180.680736,0.0,0.0,0.0,0.0,0.0,0.0,0,0
1779630180.711770,0.0,0.0,0.0,0.0,0.0,0.0,0,0
1779630180.742793,0.0,0.0,0.0,0.0,0.0,0.0,0,0
1779630180.773765,0.0,0.0,0.0,0.0,0.0,0.0,0,0
1779630180.804690,0.0,0.0,0.0,0.0,0.0,0.0,0,0
1779630180.835748,0.0,0.0,0.0,0.0,0.0,0.0,0,0
1779630180.866736,0.0,0.0,0.0,0.0,0.0,0.0,0,0
1779630180.897753,0.0,0.0,0.0,0.0,0.0,0.0,0,0
1779630180.928785,0.0,0.0,0.0,0.0,0.0,0.0,0,0
1779630180.959779,0.0,0.0,0.0,0.0,0.0,0.0,0,0
1779630180.990756,0.0,0.0,0.0,0.0,0.0,0.0,0,0
1779630181.021672,0.0,0.0,0.0,0.0,0.0,0.0,0,0
1779630181.052742,0.0,0.0,0.0,0.0,0.0,0.0,0,0
1779630181.083773,0.0,0.0,0.0,0.0,0.0,0.0,0,0
1779630181.114783,0.0,0.0,0.0,0.0,0.0,0.0,0,0
1779630181.145810,0.0,0.0,0.0,0.0,0.0,0.0,0,0
1779630181.176725,0.0,0.0,0.0,0.0,0.0,0.0,0,0
1779630181.207715,0.0,0.0,0.0,0.0,0.0,0.0,0,0
1779630181.238771,0.0,0.0,0.0,0.0,0.0,0.0,0,0
1779630181.269732,0.0,0.0,0.0,0.0,0.0,0.0,0,0
1779630181.300720,0.0,0.0,0.0,0.0,0.0,0.0,0,0
1779630181.331762,0.0,0.0,0.0,0.0,0.0,0.0,0,0
1779630181.362764,0.0,0.0,0.0,0.0,0.0,0.0,0,0
1779630181.393768,0.0,0.0,0.0,0.0,0.0,0.0,0,0
1779630181.424739,0.0,0.0,0.0,0.0,0.0,0.0,0,0
1779630181.455700,0.0,0.0,0.0,0.0,0.0,0.0,0,0
1779630181.486694,0.0,0.0,0.0,0.0,0.0,0.0,0,0
1779630181.517761,0.0,0.0,0.0,0.0,0.0,0.0,0,0
1779630181.548741,0.0,0.0,0.0,0.0,0.0,0.0,0,0
1779630181.579730,0.0,0.0,0.0,0.0,0.0,0.0,0,0
1779630181.610744,0.0,0.0,0.0,0.0,0.0,0.0,0,0
1779630181.641755,0.0,0.0,0.0,0.0,0.0,0.0,0,0
1779630181.672738,0.0,0.0,0.0,0.0,0.0,0.0,0,0
1779630181.703749,0.0,0.0,0.0,0.0,0.0,0.0,0,0
1779630181.734734,0.0,0.0,0.0,0.0,0.0,0.0,0,0
1779630181.765788,0.0,0.0,0.0,0.0,0.0,0.0,0,0
1779630181.796745,0.0,0.0,0.0,0.0,0.0,0.0,0,0
1779630181.827790,0.0,0.0,0.0,0.0,0.0,0.0,0,0
1779630181.858742,0.0,0.0,0.0,0.0,0.0,0.0,0,0
1779630181.889723,0.0,0.0,0.0,0.0,0.0,0.0,0,0
1779630181.920733,0.0,0.0,0.0,0.0,0.0,0.0,0,0
1779630181.951726,0.0,0.0,0.0,0.0,0.0,0.0,0,0
1779630181.982766,0.0,0.0,0.0,0.0,0.0,0.0,0,0
1779630182.013705,0.0,0.0,0.0,0.0,0.0,0.0,0,0
1779630182.044749,0.0,0.0,0.0,0.0,0.0,0.0,0,0
1779630182.075705,0.0,0.0,0.0,0.0,0.0,0.0,0,0
1779630182.106789,0.0,0.0,0.0,0.0,0.0,0.0,0,0
1779630182.137689,0.0,0.0,0.0,0.0,0.0,0.0,0,0
1779630182.168774,0.0,0.0,0.0,0.0,0.0,0.0,0,0
1779630182.199717,0.0,0.0,0.0,0.0,0.0,0.0,0,0
1779630182.230724,0.0,0.0,0.0,0.0,0.0,0.0,0,0
1779630182.261707,0.0,0.0,0.0,0.0,0.0,0.0,0,0
1779630182.292661,0.0,0.0,0.0,0.0,0.0,0.0,0,0
1779630182.323735,0.0,0.0,0.0,0.0,0.0,0.0,0,0
1779630182.354732,0.0,0.0,0.0,0.0,0.0,0.0,0,0
1779630182.385776,0.0,0.0,0.0,0.0,0.0,0.0,0,0
1779630182.416732,0.0,0.0,0.0,0.0,0.0,0.0,0,0
1779630182.447803,0.0,0.0,0.0,0.0,0.0,0.0,0,0
1779630182.478766,0.0,0.0,0.0,0.0,0.0,0.0,0,0
1779630182.509750,0.0,0.0,0.0,0.0,0.0,0.0,0,0
1779630182.540745,0.0,0.0,0.0,0.0,0.0,0.0,0,0
1779630182.571804,0.0,0.0,0.0,0.0,0.0,0.0,0,0
1779630182.602794,0.0,0.0,0.0,0.0,0.0,0.0,0,0
1779630182.633714,0.0,0.0,0.0,0.0,0.0,0.0,0,0
1779630182.664819,0.0,0.0,0.0,0.0,0.0,0.0,0,0
1779630182.695841,0.0,0.0,0.0,0.0,0.0,0.0,0,0
1779630182.726707,0.0,0.0,0.0,0.0,0.0,0.0,0,0
1779630182.757744,0.0,0.0,0.0,0.0,0.0,0.0,0,0
1779630182.788752,0.0,0.0,0.0,0.0,0.0,0.0,0,0
1779630182.819743,0.0,0.0,0.0,0.0,0.0,0.0,0,0
1779630182.850739,0.0,0.0,0.0,0.0,0.0,0.0,0,0
1779630182.881765,0.0,0.0,0.0,0.0,0.0,0.0,0,0
1779630182.912786,0.0,0.0,0.0,0.0,0.0,0.0,0,0
1779630182.943718,0.0,0.0,0.0,0.0,0.0,0.0,0,0
1779630182.974715,0.0,0.0,0.0,0.0,0.0,0.0,0,0
1779630183.005737,0.0,0.0,0.0,0.0,0.0,0.0,0,0
1779630183.036780,0.0,0.0,0.0,0.0,0.0,0.0,0,0
1779630183.067713,0.0,0.0,0.0,0.0,0.0,0.0,0,0
1779630183.098740,0.0,0.0,0.0,0.0,0.0,0.0,0,0
1779630183.129776,0.0,0.0,0.0,0.0,0.0,0.0,0,0
1779630183.160708,0.0,0.0,0.0,0.0,0.0,0.0,0,0
1779630183.191749,0.0,0.0,0.0,0.0,0.0,0.0,0,0
1779630183.222716,0.0,0.0,0.0,0.0,0.0,0.0,0,0
1779630183.253712,0.0,0.0,0.0,0.0,0.0,0.0,0,0
1779630183.284736,0.0,0.0,0.0,0.0,0.0,0.0,0,0
1779630183.315732,0.0,0.0,0.0,0.0,0.0,0.0,0,0
1779630183.346797,0.0,0.0,0.0,0.0,0.0,0.0,0,0
1779630183.377727,0.0,0.0,0.0,0.0,0.0,0.0,0,0
1779630183.408753,0.0,0.0,0.0,0.0,0.0,0.0,0,0
1779630183.439692,0.0,0.0,0.0,0.0,0.0,0.0,0,0
1779630183.470735,0.0,0.0,0.0,0.0,0.0,0.0,0,0
1779630183.501792,0.0,0.0,0.0,0.0,0.0,0.0,0,0
1779630183.532777,0.0,0.0,0.0,0.0,0.0,0.0,0,0
1779630183.563736,0.0,0.0,0.0,0.0,0.0,0.0,0,0
1779630183.594754,0.0,0.0,0.0,0.0,0.0,0.0,0,0
1779630183.625754,0.0,0.0,0.0,0.0,0.0,0.0,0,0
1779630183.656778,0.0,0.0,0.0,0.0,0.0,0.0,0,0
1779630183.687805,0.0,0.0,0.0,0.0,0.0,0.0,0,0
1779630183.718791,0.0,0.0,0.0,0.0,0.0,0.0,0,0
1779630183.749718,0.0,0.0,0.0,0.0,0.0,0.0,0,0
1779630183.780948,0.0,0.0,0.0,0.0,0.0,0.0,0,0
1779630183.811735,0.0,0.0,0.0,0.0,0.0,0.0,0,0
1779630183.842723,0.0,0.0,0.0,0.0,0.0,0.0,0,0
1779630183.873725,0.0,0.0,0.0,0.0,0.0,0.0,0,0
1779630183.904702,0.0,0.0,0.0,0.0,0.0,0.0,0,0
1779630183.935740,0.0,0.0,0.0,0.0,0.0,0.0,0,0
1779630183.966750,0.0,0.0,0.0,0.0,0.0,0.0,0,0
1779630183.997720,0.0,0.0,0.0,0.0,0.0,0.0,0,0
1779630184.028738,0.0,0.0,0.0,0.0,0.0,0.0,0,0
1779630184.059734,0.0,0.0,0.0,0.0,0.0,0.0,0,0
1779630184.090758,0.0,0.0,0.0,0.0,0.0,0.0,0,0
1779630184.121748,0.0,0.0,0.0,0.0,0.0,0.0,0,0
1779630184.152745,0.0,0.0,0.0,0.0,0.0,0.0,0,0
1779630184.183724,0.0,0.0,0.0,0.0,0.0,0.0,0,0
1779630184.214766,0.0,0.0,0.0,0.0,0.0,0.0,0,0
1779630184.245721,0.0,0.0,0.0,0.0,0.0,0.0,0,0
1779630184.276743,0.0,0.0,0.0,0.0,0.0,0.0,0,0
1779630184.307697,0.0,0.0,0.0,0.0,0.0,0.0,0,0
1779630184.338766,0.0,0.0,0.0,0.0,0.0,0.0,0,0
1779630184.369725,0.0,0.0,0.0,0.0,0.0,0.0,0,0
1779630184.400759,0.0,0.0,0.0,0.0,0.0,0.0,0,0
1779630184.431750,0.0,0.0,0.0,0.0,0.0,0.0,0,0
1779630184.462751,0.0,0.0,0.0,0.0,0.0,0.0,0,0
1779630184.493788,0.0,0.0,0.0,0.0,0.0,0.0,0,0
1779630184.524711,0.0,0.0,0.0,0.0,0.0,0.0,0,0
1779630184.555747,0.0,0.0,0.0,0.0,0.0,0.0,0,0
1779630184.586720,0.0,0.0,0.0,0.0,0.0,0.0,0,0
1779630184.617796,0.0,0.0,0.0,0.0,0.0,0.0,0,0
1779630184.648763,0.0,0.0,0.0,0.0,0.0,0.0,0,0
1779630184.679705,0.0,0.0,0.0,0.0,0.0,0.0,0,0
1779630184.710715,0.0,0.0,0.0,0.0,0.0,0.0,0,0
1779630184.741684,0.0,0.0,0.0,0.0,0.0,0.0,0,0
1779630184.772685,0.0,0.0,0.0,0.0,0.0,0.0,0,0
1779630184.803724,0.0,0.0,0.0,0.0,0.0,0.0,0,0
1779630184.834774,0.0,0.0,0.0,0.0,0.0,0.0,0,0
1779630184.865757,0.0,0.0,0.0,0.0,0.0,0.0,0,0
1779630184.896719,0.0,0.0,0.0,0.0,0.0,0.0,0,0
1779630184.927770,0.0,0.0,0.0,0.0,0.0,0.0,0,0
1779630184.958762,0.0,0.0,0.0,0.0,0.0,0.0,0,0
1779630184.989744,0.0,0.0,0.0,0.0,0.0,0.0,0,0
1779630185.020791,0.0,0.0,0.0,0.0,0.0,0.0,0,0
1779630185.051682,0.0,0.0,0.0,0.0,0.0,0.0,0,0
1779630185.082689,0.0,0.0,0.0,0.0,0.0,0.0,0,0
1779630185.113726,0.0,0.0,0.0,0.0,0.0,0.0,0,0
1779630185.144749,0.0,0.0,0.0,0.0,0.0,0.0,0,0
1779630185.175739,0.0,0.0,0.0,0.0,0.0,0.0,0,0
1779630185.206748,0.0,0.0,0.0,0.0,0.0,0.0,0,0
1779630185.237748,0.0,0.0,0.0,0.0,0.0,0.0,0,0
1779630185.268732,0.0,0.0,0.0,0.0,0.0,0.0,0,0
1779630185.299732,0.0,0.0,0.0,0.0,0.0,0.0,0,0
1779630185.330736,0.0,0.0,0.0,0.0,0.0,0.0,0,0
1779630185.361801,0.0,0.0,0.0,0.0,0.0,0.0,0,0
1779630185.392786,0.0,0.0,0.0,0.0,0.0,0.0,0,0
1779630185.423732,0.0,0.0,0.0,0.0,0.0,0.0,0,0
1779630185.454787,0.0,0.0,0.0,0.0,0.0,0.0,0,0
1779630185.485759,0.0,0.0,0.0,0.0,0.0,0.0,0,0
1779630185.516714,0.0,0.0,0.0,0.0,0.0,0.0,0,0
1779630185.547797,0.0,0.0,0.0,0.0,0.0,0.0,0,0
1779630185.578771,0.0,0.0,0.0,0.0,0.0,0.0,0,0
1779630185.609717,0.0,0.0,0.0,0.0,0.0,0.0,0,0
1779630185.640766,0.0,0.0,0.0,0.0,0.0,0.0,0,0
1779630185.671684,0.0,0.0,0.0,0.0,0.0,0.0,0,0
1779630185.702793,0.0,0.0,0.0,0.0,0.0,0.0,0,0
1779630185.733748,0.0,0.0,0.0,0.0,0.0,0.0,0,0
1779630185.764746,0.0,0.0,0.0,0.0,0.0,0.0,0,0
1779630185.795717,0.0,0.0,0.0,0.0,0.0,0.0,0,0
1779630185.826755,0.0,0.0,0.0,0.0,0.0,0.0,0,0
1779630185.857749,0.0,0.0,0.0,0.0,0.0,0.0,0,0
1779630185.888721,0.0,0.0,0.0,0.0,0.0,0.0,0,0
1779630185.919808,0.0,0.0,0.0,0.0,0.0,0.0,0,0
1779630185.950773,0.0,0.0,0.0,0.0,0.0,0.0,0,0
1779630185.981753,0.0,0.0,0.0,0.0,0.0,0.0,0,0
1779630186.012707,0.0,0.0,0.0,0.0,0.0,0.0,0,0
1779630186.043714,0.0,0.0,0.0,0.0,0.0,0.0,0,0
1779630186.074733,0.0,0.0,0.0,0.0,0.0,0.0,0,0
1779630186.105706,0.0,0.0,0.0,0.0,0.0,0.0,0,0
1779630186.136720,0.0,0.0,0.0,0.0,0.0,0.0,0,0
1779630186.167787,0.0,0.0,0.0,0.0,0.0,0.0,0,0
1779630186.198724,0.0,0.0,0.0,0.0,0.0,0.0,0,0
1779630186.229721,0.0,0.0,0.0,0.0,0.0,0.0,0,0
1779630186.260778,0.0,0.0,0.0,0.0,0.0,0.0,0,0
1779630186.291819,0.0,0.0,0.0,0.0,0.0,0.0,0,0
1779630186.322736,0.0,0.0,0.0,0.0,0.0,0.0,0,0
1779630186.353755,0.0,0.0,0.0,0.0,0.0,0.0,0,0
1779630186.384749,0.0,0.0,0.0,0.0,0.0,0.0,0,0
1779630186.415783,0.0,0.0,0.0,0.0,0.0,0.0,0,0
1779630186.446729,0.0,0.0,0.0,0.0,0.0,0.0,0,0
1779630186.477753,0.0,0.0,0.0,0.0,0.0,0.0,0,0
1779630186.508709,0.0,0.0,0.0,0.0,0.0,0.0,0,0
1779630186.539837,0.0,0.0,0.0,0.0,0.0,0.0,0,0
1779630186.570788,0.0,0.0,0.0,0.0,0.0,0.0,0,0
1779630186.601762,0.0,0.0,0.0,0.0,0.0,0.0,0,0
1779630186.632885,0.0,0.0,0.0,0.0,0.0,0.0,0,0
1779630186.663776,0.0,0.0,0.0,0.0,0.0,0.0,0,0
1779630186.694751,0.0,0.0,0.0,0.0,0.0,0.0,0,0
1779630186.725742,0.0,0.0,0.0,0.0,0.0,0.0,0,0
1779630186.756770,0.0,0.0,0.0,0.0,0.0,0.0,0,0
1779630186.787738,0.0,0.0,0.0,0.0,0.0,0.0,0,0
1779630186.818759,0.0,0.0,0.0,0.0,0.0,0.0,0,0
1779630186.849725,0.0,0.0,0.0,0.0,0.0,0.0,0,0
1779630186.880744,0.0,0.0,0.0,0.0,0.0,0.0,0,0
1779630186.911709,0.0,0.0,0.0,0.0,0.0,0.0,0,0
1779630186.942760,0.0,0.0,0.0,0.0,0.0,0.0,0,0
1779630186.973741,0.0,0.0,0.0,0.0,0.0,0.0,0,0
1779630187.004716,0.0,0.0,0.0,0.0,0.0,0.0,0,0
1779630187.035759,0.0,0.0,0.0,0.0,0.0,0.0,0,0
1779630187.066782,0.0,0.0,0.0,0.0,0.0,0.0,0,0
1779630187.097767,0.0,0.0,0.0,0.0,0.0,0.0,0,0
1779630187.128753,0.0,0.0,0.0,0.0,0.0,0.0,0,0
1779630187.159714,0.0,0.0,0.0,0.0,0.0,0.0,0,0
1779630187.190736,0.0,0.0,0.0,0.0,0.0,0.0,0,0
1779630187.221756,0.0,0.0,0.0,0.0,0.0,0.0,0,0
1779630187.252709,0.0,0.0,0.0,0.0,0.0,0.0,0,0
1779630187.283767,0.0,0.0,0.0,0.0,0.0,0.0,0,0
1779630187.314783,0.0,0.0,0.0,0.0,0.0,0.0,0,0
1779630187.345757,0.0,0.0,0.0,0.0,0.0,0.0,0,0
1779630187.376752,0.0,0.0,0.0,0.0,0.0,0.0,0,0
1779630187.407750,0.0,0.0,0.0,0.0,0.0,0.0,0,0
1779630187.438750,0.0,0.0,0.0,0.0,0.0,0.0,0,0
1779630187.469826,0.0,0.0,0.0,0.0,0.0,0.0,0,0
1779630187.500710,0.0,0.0,0.0,0.0,0.0,0.0,0,0
1779630187.531756,0.0,0.0,0.0,0.0,0.0,0.0,0,0
1779630187.562734,0.0,0.0,0.0,0.0,0.0,0.0,0,0
1779630187.593782,0.0,0.0,0.0,0.0,0.0,0.0,0,0
1779630187.624704,0.0,0.0,0.0,0.0,0.0,0.0,0,0
1779630187.655735,0.0,0.0,0.0,0.0,0.0,0.0,0,0
1779630187.686676,0.0,0.0,0.0,0.0,0.0,0.0,0,0
1779630187.717728,0.0,0.0,0.0,0.0,0.0,0.0,0,0
1779630187.748763,0.0,0.0,0.0,0.0,0.0,0.0,0,0
1779630187.779735,0.0,0.0,0.0,0.0,0.0,0.0,0,0
1779630187.810793,0.0,0.0,0.0,0.0,0.0,0.0,0,0
1779630187.841746,0.0,0.0,0.0,0.0,0.0,0.0,0,0
1779630187.872748,0.0,0.0,0.0,0.0,0.0,0.0,0,0
1779630187.903762,0.0,0.0,0.0,0.0,0.0,0.0,0,0
1779630187.934722,0.0,0.0,0.0,0.0,0.0,0.0,0,0
1779630187.965750,0.0,0.0,0.0,0.0,0.0,0.0,0,0
1779630187.996789,0.0,0.0,0.0,0.0,0.0,0.0,0,0
1779630188.027735,0.0,0.0,0.0,0.0,0.0,0.0,0,0
1779630188.058725,0.0,0.0,0.0,0.0,0.0,0.0,0,0
1779630188.089744,0.0,0.0,0.0,0.0,0.0,0.0,0,0
1779630188.120711,0.0,0.0,0.0,0.0,0.0,0.0,0,0
1779630188.151768,0.0,0.0,0.0,0.0,0.0,0.0,0,0
1779630188.182783,0.0,0.0,0.0,0.0,0.0,0.0,0,0
1779630188.213769,0.0,0.0,0.0,0.0,0.0,0.0,0,0
1779630188.244774,0.0,0.0,0.0,0.0,0.0,0.0,0,0
1779630188.275742,0.0,0.0,0.0,0.0,0.0,0.0,0,0
1779630188.306725,0.0,0.0,0.0,0.0,0.0,0.0,0,0
1779630188.337723,0.0,0.0,0.0,0.0,0.0,0.0,0,0
1779630188.368702,0.0,0.0,0.0,0.0,0.0,0.0,0,0
1779630188.399801,0.0,0.0,0.0,0.0,0.0,0.0,0,0
1779630188.430748,0.0,0.0,0.0,0.0,0.0,0.0,0,0
1779630188.461737,0.0,0.0,0.0,0.0,0.0,0.0,0,0
1779630188.492739,0.0,0.0,0.0,0.0,0.0,0.0,0,0
1779630188.523708,0.0,0.0,0.0,0.0,0.0,0.0,0,0
1779630188.554792,0.0,0.0,0.0,0.0,0.0,0.0,0,0
1779630188.585747,0.0,0.0,0.0,0.0,0.0,0.0,0,0
1779630188.616784,0.0,0.0,0.0,0.0,0.0,0.0,0,0
1779630188.647784,0.0,0.0,0.0,0.0,0.0,0.0,0,0
1779630188.678757,0.0,0.0,0.0,0.0,0.0,0.0,0,0
1779630188.709693,0.0,0.0,0.0,0.0,0.0,0.0,0,0
1779630188.740713,0.0,0.0,0.0,0.0,0.0,0.0,0,0
1779630188.771764,0.0,0.0,0.0,0.0,0.0,0.0,0,0
1779630188.802729,0.0,0.0,0.0,0.0,0.0,0.0,0,0
1779630188.833722,0.0,0.0,0.0,0.0,0.0,0.0,0,0
1779630188.864731,0.0,0.0,0.0,0.0,0.0,0.0,0,0
1779630188.895739,0.0,0.0,0.0,0.0,0.0,0.0,0,0
1779630188.926712,0.0,0.0,0.0,0.0,0.0,0.0,0,0
1779630188.957758,0.0,0.0,0.0,0.0,0.0,0.0,0,0
1779630188.988787,0.0,0.0,0.0,0.0,0.0,0.0,0,0
1779630189.019706,0.0,0.0,0.0,0.0,0.0,0.0,0,0
1779630189.050743,0.0,0.0,0.0,0.0,0.0,0.0,0,0
1779630189.081783,0.0,0.0,0.0,0.0,0.0,0.0,0,0
1779630189.112795,0.0,0.0,0.0,0.0,0.0,0.0,0,0
1779630189.143761,0.0,0.0,0.0,0.0,0.0,0.0,0,0
1779630189.174735,0.0,0.0,0.0,0.0,0.0,0.0,0,0
1779630189.205719,0.0,0.0,0.0,0.0,0.0,0.0,0,0
1779630189.236772,0.0,0.0,0.0,0.0,0.0,0.0,0,0
1779630189.267761,0.0,0.0,0.0,0.0,0.0,0.0,0,0
1779630189.298699,0.0,0.0,0.0,0.0,0.0,0.0,0,0
1779630189.329687,0.0,0.0,0.0,0.0,0.0,0.0,0,0
1779630189.360810,0.0,0.0,0.0,0.0,0.0,0.0,0,0
1779630189.391759,0.0,0.0,0.0,0.0,0.0,0.0,0,0
1779630189.422762,0.0,0.0,0.0,0.0,0.0,0.0,0,0
1779630189.453746,0.0,0.0,0.0,0.0,0.0,0.0,0,0
1779630189.484756,0.0,0.0,0.0,0.0,0.0,0.0,0,0
1779630189.515732,0.0,0.0,0.0,0.0,0.0,0.0,0,0
1779630189.546809,0.0,0.0,0.0,0.0,0.0,0.0,0,0
1779630189.577712,0.0,0.0,0.0,0.0,0.0,0.0,0,0
1779630189.608767,0.0,0.0,0.0,0.0,0.0,0.0,0,0
1779630189.639788,0.0,0.0,0.0,0.0,0.0,0.0,0,0
1779630189.670718,0.0,0.0,0.0,0.0,0.0,0.0,0,0
1779630189.701745,0.0,0.0,0.0,0.0,0.0,0.0,0,0
1779630189.732693,0.0,0.0,0.0,0.0,0.0,0.0,0,0
1779630189.763811,0.0,0.0,0.0,0.0,0.0,0.0,0,0
1779630189.794750,0.0,0.0,0.0,0.0,0.0,0.0,0,0
1779630189.825736,0.0,0.0,0.0,0.0,0.0,0.0,0,0
1779630189.856750,0.0,0.0,0.0,0.0,0.0,0.0,0,0
1779630189.887698,0.0,0.0,0.0,0.0,0.0,0.0,0,0
1779630189.918751,0.0,0.0,0.0,0.0,0.0,0.0,0,0
1779630189.949747,0.0,0.0,0.0,0.0,0.0,0.0,0,0
1779630189.980763,0.0,0.0,0.0,0.0,0.0,0.0,0,0
1779630190.011745,0.0,0.0,0.0,0.0,0.0,0.0,0,0
1779630190.042743,0.0,0.0,0.0,0.0,0.0,0.0,0,0
1779630190.073781,0.0,0.0,0.0,0.0,0.0,0.0,0,0
1779630190.104733,0.0,0.0,0.0,0.0,0.0,0.0,0,0
1779630190.135766,0.0,0.0,0.0,0.0,0.0,0.0,0,0
1779630190.166772,0.0,0.0,0.0,0.0,0.0,0.0,0,0
1779630190.197785,0.0,0.0,0.0,0.0,0.0,0.0,0,0
1779630190.228791,0.0,0.0,0.0,0.0,0.0,0.0,0,0
1779630190.259782,0.0,0.0,0.0,0.0,0.0,0.0,0,0
1779630190.290745,0.0,0.0,0.0,0.0,0.0,0.0,0,0
1779630190.321789,0.0,0.0,0.0,0.0,0.0,0.0,0,0
1779630190.352728,0.0,0.0,0.0,0.0,0.0,0.0,0,0
1779630190.383752,0.0,0.0,0.0,0.0,0.0,0.0,0,0
1779630190.414717,0.0,0.0,0.0,0.0,0.0,0.0,0,0
1779630190.445761,0.0,0.0,0.0,0.0,0.0,0.0,0,0
1779630190.476776,0.0,0.0,0.0,0.0,0.0,0.0,0,0
1779630190.507746,0.0,0.0,0.0,0.0,0.0,0.0,0,0
1779630190.538723,0.0,0.0,0.0,0.0,0.0,0.0,0,0
1779630190.569822,0.0,0.0,0.0,0.0,0.0,0.0,0,0
1779630190.600790,0.0,0.0,0.0,0.0,0.0,0.0,0,0
1779630190.631751,0.0,0.0,0.0,0.0,0.0,0.0,0,0
1779630190.662775,0.0,0.0,0.0,0.0,0.0,0.0,0,0
1779630190.693757,0.0,0.0,0.0,0.0,0.0,0.0,0,0
1779630190.724691,0.0,0.0,0.0,0.0,0.0,0.0,0,0
1779630190.755764,0.0,0.0,0.0,0.0,0.0,0.0,0,0
1779630190.786874,0.0,0.0,0.0,0.0,0.0,0.0,0,0
1779630190.817759,0.0,0.0,0.0,0.0,0.0,0.0,0,0
1779630190.848752,0.0,0.0,0.0,0.0,0.0,0.0,0,0
1779630190.879772,0.0,0.0,0.0,0.0,0.0,0.0,0,0
1779630190.910742,0.0,0.0,0.0,0.0,0.0,0.0,0,0
1779630190.941754,0.0,0.0,0.0,0.0,0.0,0.0,0,0
1779630190.972759,0.0,0.0,0.0,0.0,0.0,0.0,0,0
1779630191.003727,0.0,0.0,0.0,0.0,0.0,0.0,0,0
1779630191.034734,0.0,0.0,0.0,0.0,0.0,0.0,0,0
1779630191.065755,0.0,0.0,0.0,0.0,0.0,0.0,0,0
1779630191.096745,0.0,0.0,0.0,0.0,0.0,0.0,0,0
1779630191.127793,0.0,0.0,0.0,0.0,0.0,0.0,0,0
1779630191.158765,0.0,0.0,0.0,0.0,0.0,0.0,0,0
1779630191.189742,0.0,0.0,0.0,0.0,0.0,0.0,0,0
1779630191.220773,0.0,0.0,0.0,0.0,0.0,0.0,0,0
1779630191.251786,0.0,0.0,0.0,0.0,0.0,0.0,0,0
1779630191.282728,0.0,0.0,0.0,0.0,0.0,0.0,0,0
1779630191.313756,0.0,0.0,0.0,0.0,0.0,0.0,0,0
1779630191.344736,0.0,0.0,0.0,0.0,0.0,0.0,0,0
1779630191.375774,0.0,0.0,0.0,0.0,0.0,0.0,0,0
1779630191.406826,0.0,0.0,0.0,0.0,0.0,0.0,0,0
1779630191.437765,0.0,0.0,0.0,0.0,0.0,0.0,0,0
1779630191.468763,0.0,0.0,0.0,0.0,0.0,0.0,0,0
1779630191.499750,0.0,0.0,0.0,0.0,0.0,0.0,0,0
1779630191.530744,0.0,0.0,0.0,0.0,0.0,0.0,0,0
1779630191.561768,0.0,0.0,0.0,0.0,0.0,0.0,0,0
1779630191.592767,0.0,0.0,0.0,0.0,0.0,0.0,0,0
1779630191.623762,0.0,0.0,0.0,0.0,0.0,0.0,0,0
1779630191.654814,0.0,0.0,0.0,0.0,0.0,0.0,0,0
1779630191.685758,0.0,0.0,0.0,0.0,0.0,0.0,0,0
1779630191.716746,0.0,0.0,0.0,0.0,0.0,0.0,0,0
1779630191.747747,0.0,0.0,0.0,0.0,0.0,0.0,0,0
1779630191.778743,0.0,0.0,0.0,0.0,0.0,0.0,0,0
1779630191.809793,0.0,0.0,0.0,0.0,0.0,0.0,0,0
1779630191.840769,0.0,0.0,0.0,0.0,0.0,0.0,0,0
1779630191.871778,0.0,0.0,0.0,0.0,0.0,0.0,0,0
1779630191.902782,0.0,0.0,0.0,0.0,0.0,0.0,0,0
1779630191.933767,0.0,0.0,0.0,0.0,0.0,0.0,0,0
1779630191.964747,0.0,0.0,0.0,0.0,0.0,0.0,0,0
1779630191.995754,0.0,0.0,0.0,0.0,0.0,0.0,0,0
1779630192.026801,0.0,0.0,0.0,0.0,0.0,0.0,0,0
1779630192.057789,0.0,0.0,0.0,0.0,0.0,0.0,0,0
1779630192.088776,0.0,0.0,0.0,0.0,0.0,0.0,0,0
1779630192.119762,0.0,0.0,0.0,0.0,0.0,0.0,0,0
1779630192.150772,0.0,0.0,0.0,0.0,0.0,0.0,0,0
1779630192.181890,0.0,0.0,0.0,0.0,0.0,0.0,0,0
1779630192.212763,0.0,0.0,0.0,0.0,0.0,0.0,0,0
1779630192.243743,0.0,0.0,0.0,0.0,0.0,0.0,0,0
1779630192.274791,0.0,0.0,0.0,0.0,0.0,0.0,0,0
1779630192.305721,0.0,0.0,0.0,0.0,0.0,0.0,0,0
1779630192.336787,0.0,0.0,0.0,0.0,0.0,0.0,0,0
1779630192.367713,0.0,0.0,0.0,0.0,0.0,0.0,0,0
1779630192.398722,0.0,0.0,0.0,0.0,0.0,0.0,0,0
1779630192.429718,0.0,0.0,0.0,0.0,0.0,0.0,0,0
1779630192.460781,0.0,0.0,0.0,0.0,0.0,0.0,0,0
1779630192.461779,0.087890625,0.0,-0.0078125,0.009765625,0.013671875,-0.00390625,0,0
1779630192.477788,0.087890625,0.0234375,-0.0078125,0.009765625,0.013671875,-0.00390625,0,0
1779630192.493736,0.087890625,0.03125,-0.0078125,0.009765625,0.013671875,-0.00390625,0,0
1779630192.509718,0.087890625,0.052734375,-0.0078125,0.009765625,0.013671875,-0.00390625,0,0
1779630192.517776,0.087890625,0.052734375,-0.0078125,-0.017578125,0.013671875,-0.00390625,0,0
1779630192.525767,0.087890625,0.056640625,0.029296875,-0.017578125,0.013671875,-0.00390625,0,0
1779630192.533717,0.087890625,0.056640625,0.029296875,-0.04296875,0.013671875,-0.00390625,0,0
1779630192.541723,0.087890625,0.05078125,0.0703125,-0.04296875,0.013671875,-0.00390625,0,0
1779630192.549768,0.087890625,0.05078125,0.0703125,-0.05078125,0.013671875,-0.00390625,0,0
1779630192.557796,0.0078125,0.02734375,0.111328125,-0.05078125,0.013671875,-0.00390625,0,0
1779630192.565746,0.0078125,0.02734375,0.111328125,-0.0390625,0.013671875,-0.00390625,0,0
1779630192.573761,0.0078125,0.009765625,0.13671875,-0.0390625,0.013671875,-0.00390625,0,0
1779630192.581756,0.0078125,0.009765625,0.13671875,-0.021484375,0.0,-0.00390625,0,0
1779630192.589804,0.005859375,0.0078125,0.16015625,-0.021484375,0.0,-0.00390625,0,0
1779630192.597752,0.005859375,0.0078125,0.16015625,-0.021484375,0.00390625,-0.00390625,0,0
1779630192.605744,0.005859375,0.015625,0.1875,-0.021484375,0.00390625,-0.00390625,0,0
1779630192.613742,0.005859375,0.015625,0.1875,-0.021484375,0.00390625,-0.00390625,0,0
1779630192.621788,0.00390625,0.015625,0.23828125,-0.021484375,0.00390625,-0.00390625,0,0
1779630192.629739,0.00390625,0.015625,0.23828125,-0.015625,0.00390625,-0.00390625,0,0
1779630192.637797,0.01171875,0.015625,0.318359375,-0.015625,0.00390625,-0.00390625,0,0
1779630192.645774,0.01171875,0.015625,0.318359375,-0.015625,0.00390625,-0.00390625,0,0
1779630192.653743,0.01171875,0.015625,0.37109375,-0.015625,0.00390625,-0.00390625,0,0
1779630192.669722,0.0078125,0.015625,0.396484375,-0.015625,0.00390625,-0.00390625,0,0
1779630192.685680,0.0078125,0.015625,0.39453125,-0.015625,0.00390625,-0.00390625,0,0
1779630192.701741,0.0078125,0.015625,0.38671875,-0.015625,0.00390625,-0.00390625,0,0
1779630192.717767,0.0078125,0.015625,0.384765625,-0.015625,0.00390625,-0.00390625,0,0
1779630192.733720,0.0078125,0.015625,0.392578125,-0.015625,0.00390625,-0.00390625,0,0
1779630192.749745,0.0078125,0.015625,0.392578125,-0.015625,0.00390625,-0.00390625,0,0
1779630192.765766,0.0078125,0.015625,0.3828125,-0.015625,0.00390625,-0.00390625,0,0
1779630192.781715,0.0078125,0.015625,0.357421875,-0.015625,0.00390625,-0.00390625,0,0
1779630192.789755,0.0078125,0.015625,0.357421875,-0.00390625,0.00390625,-0.00390625,0,0
1779630192.797747,0.0078125,0.015625,0.30859375,-0.00390625,0.00390625,-0.00390625,0,0
1779630192.805746,0.0078125,0.015625,0.30859375,-0.013671875,0.00390625,-0.00390625,0,0
1779630192.813742,0.0078125,0.015625,0.2578125,-0.013671875,0.00390625,-0.00390625,0,0
1779630192.821778,0.0078125,0.015625,0.2578125,-0.029296875,0.00390625,-0.00390625,0,0
1779630192.829751,0.0078125,0.015625,0.16796875,-0.029296875,0.00390625,-0.00390625,0,0
1779630192.837719,0.0078125,0.015625,0.16796875,-0.017578125,0.00390625,-0.00390625,0,0
1779630192.845760,0.0078125,0.015625,0.08984375,-0.017578125,0.00390625,-0.00390625,0,0
1779630192.853707,0.0078125,0.015625,0.08984375,-0.017578125,0.00390625,-0.00390625,0,0
1779630192.861732,0.0078125,0.015625,0.029296875,-0.017578125,0.00390625,-0.00390625,0,0
1779630192.869721,0.0078125,0.015625,0.029296875,-0.03125,0.00390625,-0.00390625,0,0
1779630192.885736,0.0078125,0.015625,0.029296875,-0.033203125,0.00390625,-0.00390625,0,0
1779630192.893716,0.0078125,0.005859375,0.009765625,-0.033203125,0.00390625,-0.00390625,0,0
1779630192.901738,0.0078125,0.005859375,0.009765625,-0.060546875,0.00390625,-0.00390625,0,0
1779630192.909739,0.0078125,0.01171875,0.025390625,-0.060546875,0.00390625,-0.00390625,0,0
1779630192.917750,0.0078125,0.01171875,0.025390625,-0.0546875,0.00390625,-0.00390625,0,0
1779630192.925795,0.0078125,0.0078125,0.0234375,-0.0546875,0.00390625,-0.00390625,0,0
1779630192.933746,0.0078125,0.0078125,0.0234375,-0.033203125,0.005859375,-0.00390625,0,0
1779630192.949762,0.0078125,0.0078125,0.0234375,0.0,0.005859375,-0.00390625,0,0
1779630192.979716,0.0,0.0,0.0,0.0,0.0,0.0,0,0
1779630193.010688,0.0,0.0,0.0,0.0,0.0,0.0,0,0
1779630193.041753,0.0,0.0,0.0,0.0,0.0,0.0,0,0
1779630193.072775,0.0,0.0,0.0,0.0,0.0,0.0,0,0
1779630193.103707,0.0,0.0,0.0,0.0,0.0,0.0,0,0
1779630193.134749,0.0,0.0,0.0,0.0,0.0,0.0,0,0
1779630193.165735,0.0,0.0,0.0,0.0,0.0,0.0,0,0
1779630193.196732,0.0,0.0,0.0,0.0,0.0,0.0,0,0
1779630193.227852,0.0,0.0,0.0,0.0,0.0,0.0,0,0
1779630193.258780,0.0,0.0,0.0,0.0,0.0,0.0,0,0
1779630193.289776,0.0,0.0,0.0,0.0,0.0,0.0,0,0
1779630193.320774,0.0,0.0,0.0,0.0,0.0,0.0,0,0
1779630193.351740,0.0,0.0,0.0,0.0,0.0,0.0,0,0
1779630193.382753,0.0,0.0,0.0,0.0,0.0,0.0,0,0
1779630193.413740,0.0,0.0,0.0,0.0,0.0,0.0,0,0
1779630193.444753,0.0,0.0,0.0,0.0,0.0,0.0,0,0
1779630193.475792,0.0,0.0,0.0,0.0,0.0,0.0,0,0
1779630193.506734,0.0,0.0,0.0,0.0,0.0,0.0,0,0
1779630193.537793,0.0,0.0,0.0,0.0,0.0,0.0,0,0
1779630193.568746,0.0,0.0,0.0,0.0,0.0,0.0,0,0
1779630193.599778,0.0,0.0,0.0,0.0,0.0,0.0,0,0
1779630193.630774,0.0,0.0,0.0,0.0,0.0,0.0,0,0
1779630193.661765,0.0,0.0,0.0,0.0,0.0,0.0,0,0
1779630193.692738,0.0,0.0,0.0,0.0,0.0,0.0,0,0
1779630193.723785,0.0,0.0,0.0,0.0,0.0,0.0,0,0
1779630193.754807,0.0,0.0,0.0,0.0,0.0,0.0,0,0
1779630193.785758,0.0,0.0,0.0,0.0,0.0,0.0,0,0
1779630193.816752,0.0,0.0,0.0,0.0,0.0,0.0,0,0
1779630193.847717,0.0,0.0,0.0,0.0,0.0,0.0,0,0
1779630193.878750,0.0,0.0,0.0,0.0,0.0,0.0,0,0
1779630193.909743,0.0,0.0,0.0,0.0,0.0,0.0,0,0
1779630193.940785,0.0,0.0,0.0,0.0,0.0,0.0,0,0
1779630193.971773,0.0,0.0,0.0,0.0,0.0,0.0,0,0
1779630194.002798,0.0,0.0,0.0,0.0,0.0,0.0,0,0
1779630194.033732,0.0,0.0,0.0,0.0,0.0,0.0,0,0
1779630194.064751,0.0,0.0,0.0,0.0,0.0,0.0,0,0
1779630194.095742,0.0,0.0,0.0,0.0,0.0,0.0,0,0
1779630194.126761,0.0,0.0,0.0,0.0,0.0,0.0,0,0
1779630194.157735,0.0,0.0,0.0,0.0,0.0,0.0,0,0
1779630194.188763,0.0,0.0,0.0,0.0,0.0,0.0,0,0
1779630194.219782,0.0,0.0,0.0,0.0,0.0,0.0,0,0
1779630194.250745,0.0,0.0,0.0,0.0,0.0,0.0,0,0
1779630194.281748,0.0,0.0,0.0,0.0,0.0,0.0,0,0
1779630194.312724,0.0,0.0,0.0,0.0,0.0,0.0,0,0
1779630194.343722,0.0,0.0,0.0,0.0,0.0,0.0,0,0
1779630194.374722,0.0,0.0,0.0,0.0,0.0,0.0,0,0
1779630194.405734,0.0,0.0,0.0,0.0,0.0,0.0,0,0
1779630194.436794,0.0,0.0,0.0,0.0,0.0,0.0,0,0
1779630194.467760,0.0,0.0,0.0,0.0,0.0,0.0,0,0
1779630194.498719,0.0,0.0,0.0,0.0,0.0,0.0,0,0
1779630194.529766,0.0,0.0,0.0,0.0,0.0,0.0,0,0
1779630194.560728,0.0,0.0,0.0,0.0,0.0,0.0,0,0
1779630194.591789,0.0,0.0,0.0,0.0,0.0,0.0,0,0
1779630194.622833,0.0,0.0,0.0,0.0,0.0,0.0,0,0
1779630194.653740,0.0,0.0,0.0,0.0,0.0,0.0,0,0
1779630194.684725,0.0,0.0,0.0,0.0,0.0,0.0,0,0
1779630194.715714,0.0,0.0,0.0,0.0,0.0,0.0,0,0
1779630194.746734,0.0,0.0,0.0,0.0,0.0,0.0,0,0
1779630194.777760,0.0,0.0,0.0,0.0,0.0,0.0,0,0
1779630194.808807,0.0,0.0,0.0,0.0,0.0,0.0,0,0
1779630194.839797,0.0,0.0,0.0,0.0,0.0,0.0,0,0
1779630194.870733,0.0,0.0,0.0,0.0,0.0,0.0,0,0
1779630194.901754,0.0,0.0,0.0,0.0,0.0,0.0,0,0
1779630194.932743,0.0,0.0,0.0,0.0,0.0,0.0,0,0
1779630194.963771,0.0,0.0,0.0,0.0,0.0,0.0,0,0
1779630194.994769,0.0,0.0,0.0,0.0,0.0,0.0,0,0
1779630195.025773,0.0,0.0,0.0,0.0,0.0,0.0,0,0
1779630195.056832,0.0,0.0,0.0,0.0,0.0,0.0,0,0
1779630195.087769,0.0,0.0,0.0,0.0,0.0,0.0,0,0
1779630195.118802,0.0,0.0,0.0,0.0,0.0,0.0,0,0
1779630195.149756,0.0,0.0,0.0,0.0,0.0,0.0,0,0
1779630195.180726,0.0,0.0,0.0,0.0,0.0,0.0,0,0
1779630195.211773,0.0,0.0,0.0,0.0,0.0,0.0,0,0
1779630195.242776,0.0,0.0,0.0,0.0,0.0,0.0,0,0
1779630195.273715,0.0,0.0,0.0,0.0,0.0,0.0,0,0
1779630195.304767,0.0,0.0,0.0,0.0,0.0,0.0,0,0
1779630195.335745,0.0,0.0,0.0,0.0,0.0,0.0,0,0
1779630195.366773,0.0,0.0,0.0,0.0,0.0,0.0,0,0
1779630195.397796,0.0,0.0,0.0,0.0,0.0,0.0,0,0
1779630195.428728,0.0,0.0,0.0,0.0,0.0,0.0,0,0
1779630195.459732,0.0,0.0,0.0,0.0,0.0,0.0,0,0
1779630195.490733,0.0,0.0,0.0,0.0,0.0,0.0,0,0
1779630195.521774,0.0,0.0,0.0,0.0,0.0,0.0,0,0
1779630195.552742,0.0,0.0,0.0,0.0,0.0,0.0,0,0
1779630195.583710,0.0,0.0,0.0,0.0,0.0,0.0,0,0
1779630195.614767,0.0,0.0,0.0,0.0,0.0,0.0,0,0
1779630195.645748,0.0,0.0,0.0,0.0,0.0,0.0,0,0
1779630195.676762,0.0,0.0,0.0,0.0,0.0,0.0,0,0
1779630195.707740,0.0,0.0,0.0,0.0,0.0,0.0,0,0
1779630195.738716,0.0,0.0,0.0,0.0,0.0,0.0,0,0
1779630195.769786,0.0,0.0,0.0,0.0,0.0,0.0,0,0
1779630195.800750,0.0,0.0,0.0,0.0,0.0,0.0,0,0
1779630195.831746,0.0,0.0,0.0,0.0,0.0,0.0,0,0
1779630195.862777,0.0,0.0,0.0,0.0,0.0,0.0,0,0
1779630195.893700,0.0,0.0,0.0,0.0,0.0,0.0,0,0
1779630195.924780,0.0,0.0,0.0,0.0,0.0,0.0,0,0
1779630195.955740,0.0,0.0,0.0,0.0,0.0,0.0,0,0
1779630195.986722,0.0,0.0,0.0,0.0,0.0,0.0,0,0
1779630196.017749,0.0,0.0,0.0,0.0,0.0,0.0,0,0
1779630196.048737,0.0,0.0,0.0,0.0,0.0,0.0,0,0
1779630196.079760,0.0,0.0,0.0,0.0,0.0,0.0,0,0
1779630196.110714,0.0,0.0,0.0,0.0,0.0,0.0,0,0
1779630196.141792,0.0,0.0,0.0,0.0,0.0,0.0,0,0
1779630196.172746,0.0,0.0,0.0,0.0,0.0,0.0,0,0
1779630196.203769,0.0,0.0,0.0,0.0,0.0,0.0,0,0
1779630196.234729,0.0,0.0,0.0,0.0,0.0,0.0,0,0
1779630196.265788,0.0,0.0,0.0,0.0,0.0,0.0,0,0
1779630196.296719,0.0,0.0,0.0,0.0,0.0,0.0,0,0
1779630196.327743,0.0,0.0,0.0,0.0,0.0,0.0,0,0
1779630196.358718,0.0,0.0,0.0,0.0,0.0,0.0,0,0
1779630196.389729,0.0,0.0,0.0,0.0,0.0,0.0,0,0
1779630196.420717,0.0,0.0,0.0,0.0,0.0,0.0,0,0
1779630196.451731,0.0,0.0,0.0,0.0,0.0,0.0,0,0
1779630196.482717,0.0,0.0,0.0,0.0,0.0,0.0,0,0
1779630196.513725,0.0,0.0,0.0,0.0,0.0,0.0,0,0
1779630196.544778,0.0,0.0,0.0,0.0,0.0,0.0,0,0
1779630196.575785,0.0,0.0,0.0,0.0,0.0,0.0,0,0
1779630196.606797,0.0,0.0,0.0,0.0,0.0,0.0,0,0
1779630196.637705,0.0,0.0,0.0,0.0,0.0,0.0,0,0
1779630196.668734,0.0,0.0,0.0,0.0,0.0,0.0,0,0
1779630196.699723,0.0,0.0,0.0,0.0,0.0,0.0,0,0
1779630196.730755,0.0,0.0,0.0,0.0,0.0,0.0,0,0
1779630196.761775,0.0,0.0,0.0,0.0,0.0,0.0,0,0
1779630196.792742,0.0,0.0,0.0,0.0,0.0,0.0,0,0
1779630196.823734,0.0,0.0,0.0,0.0,0.0,0.0,0,0
1779630196.854719,0.0,0.0,0.0,0.0,0.0,0.0,0,0
1779630196.885763,0.0,0.0,0.0,0.0,0.0,0.0,0,0
1779630196.916768,0.0,0.0,0.0,0.0,0.0,0.0,0,0
1779630196.947830,0.0,0.0,0.0,0.0,0.0,0.0,0,0
1779630196.978724,0.0,0.0,0.0,0.0,0.0,0.0,0,0
1779630197.009763,0.0,0.0,0.0,0.0,0.0,0.0,0,0
1779630197.040695,0.0,0.0,0.0,0.0,0.0,0.0,0,0
1779630197.071748,0.0,0.0,0.0,0.0,0.0,0.0,0,0
1779630197.102807,0.0,0.0,0.0,0.0,0.0,0.0,0,0
1779630197.133784,0.0,0.0,0.0,0.0,0.0,0.0,0,0
1779630197.164772,0.0,0.0,0.0,0.0,0.0,0.0,0,0
1779630197.195783,0.0,0.0,0.0,0.0,0.0,0.0,0,0
1779630197.226770,0.0,0.0,0.0,0.0,0.0,0.0,0,0
1779630197.257762,0.0,0.0,0.0,0.0,0.0,0.0,0,0
1779630197.288768,0.0,0.0,0.0,0.0,0.0,0.0,0,0
1779630197.319722,0.0,0.0,0.0,0.0,0.0,0.0,0,0
1779630197.350680,0.0,0.0,0.0,0.0,0.0,0.0,0,0
1779630197.381719,0.0,0.0,0.0,0.0,0.0,0.0,0,0
1779630197.412770,0.0,0.0,0.0,0.0,0.0,0.0,0,0
1779630197.443761,0.0,0.0,0.0,0.0,0.0,0.0,0,0
1779630197.474754,0.0,0.0,0.0,0.0,0.0,0.0,0,0
1779630197.505754,0.0,0.0,0.0,0.0,0.0,0.0,0,0
1779630197.536700,0.0,0.0,0.0,0.0,0.0,0.0,0,0
1779630197.567717,0.0,0.0,0.0,0.0,0.0,0.0,0,0
1779630197.598722,0.0,0.0,0.0,0.0,0.0,0.0,0,0
1779630197.629775,0.0,0.0,0.0,0.0,0.0,0.0,0,0
1779630197.660758,0.0,0.0,0.0,0.0,0.0,0.0,0,0
1779630197.691817,0.0,0.0,0.0,0.0,0.0,0.0,0,0
1779630197.722795,0.0,0.0,0.0,0.0,0.0,0.0,0,0
1779630197.753765,0.0,0.0,0.0,0.0,0.0,0.0,0,0
1779630197.784722,0.0,0.0,0.0,0.0,0.0,0.0,0,0
1779630197.815779,0.0,0.0,0.0,0.0,0.0,0.0,0,0
1779630197.846766,0.0,0.0,0.0,0.0,0.0,0.0,0,0
1779630197.877779,0.0,0.0,0.0,0.0,0.0,0.0,0,0
1779630197.908796,0.0,0.0,0.0,0.0,0.0,0.0,0,0
1779630197.939727,0.0,0.0,0.0,0.0,0.0,0.0,0,0
1779630197.970748,0.0,0.0,0.0,0.0,0.0,0.0,0,0
1779630198.001760,0.0,0.0,0.0,0.0,0.0,0.0,0,0
1779630198.032734,0.0,0.0,0.0,0.0,0.0,0.0,0,0
1779630198.063765,0.0,0.0,0.0,0.0,0.0,0.0,0,0
1779630198.094811,0.0,0.0,0.0,0.0,0.0,0.0,0,0
1779630198.125776,0.0,0.0,0.0,0.0,0.0,0.0,0,0
1779630198.156790,0.0,0.0,0.0,0.0,0.0,0.0,0,0
1779630198.187738,0.0,0.0,0.0,0.0,0.0,0.0,0,0
1779630198.218721,0.0,0.0,0.0,0.0,0.0,0.0,0,0
1779630198.249744,0.0,0.0,0.0,0.0,0.0,0.0,0,0
1779630198.280771,0.0,0.0,0.0,0.0,0.0,0.0,0,0
1779630198.311789,0.0,0.0,0.0,0.0,0.0,0.0,0,0
1779630198.342696,0.0,0.0,0.0,0.0,0.0,0.0,0,0
1779630198.373750,0.0,0.0,0.0,0.0,0.0,0.0,0,0
1779630198.404785,0.0,0.0,0.0,0.0,0.0,0.0,0,0
1779630198.435752,0.0,0.0,0.0,0.0,0.0,0.0,0,0
1779630198.466801,0.0,0.0,0.0,0.0,0.0,0.0,0,0
1779630198.497762,0.0,0.0,0.0,0.0,0.0,0.0,0,0
1779630198.528767,0.0,0.0,0.0,0.0,0.0,0.0,0,0
1779630198.559785,0.0,0.0,0.0,0.0,0.0,0.0,0,0
