ts,vx,vy,vz,wx,wy,wz,gripper_btn,mode_btn
1779629190.289910,0.0,0.0,0.0,0.0,0.0,0.0,0,0
1779629190.320882,0.0,0.0,0.0,0.0,0.0,0.0,0,0
1779629190.351898,0.0,0.0,0.0,0.0,0.0,0.0,0,0
1779629190.382934,0.0,0.0,0.0,0.0,0.0,0.0,0,0
1779629190.413976,0.0,0.0,0.0,0.0,0.0,0.0,0,0
1779629190.444912,0.0,0.0,0.0,0.0,0.0,0.0,0,0
1779629190.475957,0.0,0.0,0.0,0.0,0.0,0.0,0,0
1779629190.506909,0.0,0.0,0.0,0.0,0.0,0.0,0,0
1779629190.537910,0.0,0.0,0.0,0.0,0.0,0.0,0,0
1779629190.568877,0.0,0.0,0.0,0.0,0.0,0.0,0,0
1779629190.599918,0.0,0.0,0.0,0.0,0.0,0.0,0,0
1779629190.630918,0.0,0.0,0.0,0.0,0.0,0.0,0,0
1779629190.661947,0.0,0.0,0.0,0.0,0.0,0.0,0,0
1779629190.692864,0.0,0.0,0.0,0.0,0.0,0.0,0,0
1779629190.723914,0.0,0.0,0.0,0.0,0.0,0.0,0,0
1779629190.754908,0.0,0.0,0.0,0.0,0.0,0.0,0,0
1779629190.785936,0.0,0.0,0.0,0.0,0.0,0.0,0,0
1779629190.816902,0.0,0.0,0.0,0.0,0.0,0.0,0,0
1779629190.847883,0.0,0.0,0.0,0.0,0.0,0.0,0,0
1779629190.878933,0.0,0.0,0.0,0.0,0.0,0.0,0,0
1779629190.909929,0.0,0.0,0.0,0.0,0.0,0.0,0,0
1779629190.940889,0.0,0.0,0.0,0.0,0.0,0.0,0,0
1779629190.971894,0.0,0.0,0.0,0.0,0.0,0.0,0,0
1779629191.002906,0.0,0.0,0.0,0.0,0.0,0.0,0,0
1779629191.033891,0.0,0.0,0.0,0.0,0.0,0.0,0,0
1779629191.064900,0.0,0.0,0.0,0.0,0.0,0.0,0,0
1779629191.095930,0.0,0.0,0.0,0.0,0.0,0.0,0,0
1779629191.126860,0.0,0.0,0.0,0.0,0.0,0.0,0,0
1779629191.157914,0.0,0.0,0.0,0.0,0.0,0.0,0,0
1779629191.188909,0.0,0.0,0.0,0.0,0.0,0.0,0,0
1779629191.219907,0.0,0.0,0.0,0.0,0.0,0.0,0,0
1779629191.250838,0.0,0.0,0.0,0.0,0.0,0.0,0,0
1779629191.281878,0.0,0.0,0.0,0.0,0.0,0.0,0,0
1779629191.312976,0.0,0.0,0.0,0.0,0.0,0.0,0,0
1779629191.343894,0.0,0.0,0.0,0.0,0.0,0.0,0,0
1779629191.374877,0.0,0.0,0.0,0.0,0.0,0.0,0,0
1779629191.405884,0.0,0.0,0.0,0.0,0.0,0.0,0,0
1779629191.436942,0.0,0.0,0.0,0.0,0.0,0.0,0,0
1779629191.467885,0.0,0.0,0.0,0.0,0.0,0.0,0,0
1779629191.498855,0.0,0.0,0.0,0.0,0.0,0.0,0,0
1779629191.529987,0.0,0.0,0.0,0.0,0.0,0.0,0,0
1779629191.560908,0.0,0.0,0.0,0.0,0.0,0.0,0,0
1779629191.592033,0.0,0.0,0.0,0.0,0.0,0.0,0,0
1779629191.622945,0.0,0.0,0.0,0.0,0.0,0.0,0,0
1779629191.653902,0.0,0.0,0.0,0.0,0.0,0.0,0,0
1779629191.684932,0.0,0.0,0.0,0.0,0.0,0.0,0,0
1779629191.715922,0.0,0.0,0.0,0.0,0.0,0.0,0,0
1779629191.746898,0.0,0.0,0.0,0.0,0.0,0.0,0,0
1779629191.777918,0.0,0.0,0.0,0.0,0.0,0.0,0,0
1779629191.808908,0.0,0.0,0.0,0.0,0.0,0.0,0,0
1779629191.839929,0.0,0.0,0.0,0.0,0.0,0.0,0,0
1779629191.870902,0.0,0.0,0.0,0.0,0.0,0.0,0,0
1779629191.901909,0.0,0.0,0.0,0.0,0.0,0.0,0,0
1779629191.932883,0.0,0.0,0.0,0.0,0.0,0.0,0,0
1779629191.963923,0.0,0.0,0.0,0.0,0.0,0.0,0,0
1779629191.994833,0.0,0.0,0.0,0.0,0.0,0.0,0,0
1779629192.025874,0.0,0.0,0.0,0.0,0.0,0.0,0,0
1779629192.056882,0.0,0.0,0.0,0.0,0.0,0.0,0,0
1779629192.087875,0.0,0.0,0.0,0.0,0.0,0.0,0,0
1779629192.118906,0.0,0.0,0.0,0.0,0.0,0.0,0,0
1779629192.149937,0.0,0.0,0.0,0.0,0.0,0.0,0,0
1779629192.180862,0.0,0.0,0.0,0.0,0.0,0.0,0,0
1779629192.211863,0.0,0.0,0.0,0.0,0.0,0.0,0,0
1779629192.242900,0.0,0.0,0.0,0.0,0.0,0.0,0,0
1779629192.273916,0.0,0.0,0.0,0.0,0.0,0.0,0,0
1779629192.304935,0.0,0.0,0.0,0.0,0.0,0.0,0,0
1779629192.335892,0.0,0.0,0.0,0.0,0.0,0.0,0,0
1779629192.366941,0.0,0.0,0.0,0.0,0.0,0.0,0,0
1779629192.397898,0.0,0.0,0.0,0.0,0.0,0.0,0,0
1779629192.428894,0.0,0.0,0.0,0.0,0.0,0.0,0,0
1779629192.459906,0.0,0.0,0.0,0.0,0.0,0.0,0,0
1779629192.490896,0.0,0.0,0.0,0.0,0.0,0.0,0,0
1779629192.521953,0.0,0.0,0.0,0.0,0.0,0.0,0,0
1779629192.552956,0.0,0.0,0.0,0.0,0.0,0.0,0,0
1779629192.583921,0.0,0.0,0.0,0.0,0.0,0.0,0,0
1779629192.614952,0.0,0.0,0.0,0.0,0.0,0.0,0,0
1779629192.645897,0.0,0.0,0.0,0.0,0.0,0.0,0,0
1779629192.676889,0.0,0.0,0.0,0.0,0.0,0.0,0,0
1779629192.707918,0.0,0.0,0.0,0.0,0.0,0.0,0,0
1779629192.738887,0.0,0.0,0.0,0.0,0.0,0.0,0,0
1779629192.769988,0.0,0.0,0.0,0.0,0.0,0.0,0,0
1779629192.800896,0.0,0.0,0.0,0.0,0.0,0.0,0,0
1779629192.831919,0.0,0.0,0.0,0.0,0.0,0.0,0,0
1779629192.862967,0.0,0.0,0.0,0.0,0.0,0.0,0,0
1779629192.893921,0.0,0.0,0.0,0.0,0.0,0.0,0,0
1779629192.924920,0.0,0.0,0.0,0.0,0.0,0.0,0,0
1779629192.955964,0.0,0.0,0.0,0.0,0.0,0.0,0,0
1779629192.986918,0.0,0.0,0.0,0.0,0.0,0.0,0,0
1779629193.017876,0.0,0.0,0.0,0.0,0.0,0.0,0,0
1779629193.048946,0.0,0.0,0.0,0.0,0.0,0.0,0,0
1779629193.079941,0.0,0.0,0.0,0.0,0.0,0.0,0,0
1779629193.110986,0.0,0.0,0.0,0.0,0.0,0.0,0,0
1779629193.141930,0.0,0.0,0.0,0.0,0.0,0.0,0,0
1779629193.172881,0.0,0.0,0.0,0.0,0.0,0.0,0,0
1779629193.203949,0.0,0.0,0.0,0.0,0.0,0.0,0,0
1779629193.234908,0.0,0.0,0.0,0.0,0.0,0.0,0,0
1779629193.265902,0.0,0.0,0.0,0.0,0.0,0.0,0,0
1779629193.296910,0.0,0.0,0.0,0.0,0.0,0.0,0,0
1779629193.327840,0.0,0.0,0.0,0.0,0.0,0.0,0,0
1779629193.358876,0.0,0.0,0.0,0.0,0.0,0.0,0,0
1779629193.389976,0.0,0.0,0.0,0.0,0.0,0.0,0,0
1779629193.420915,0.0,0.0,0.0,0.0,0.0,0.0,0,0
1779629193.451906,0.0,0.0,0.0,0.0,0.0,0.0,0,0
1779629193.482862,0.0,0.0,0.0,0.0,0.0,0.0,0,0
1779629193.513943,0.0,0.0,0.0,0.0,0.0,0.0,0,0
1779629193.544870,0.0,0.0,0.0,0.0,0.0,0.0,0,0
1779629193.575900,0.0,0.0,0.0,0.0,0.0,0.0,0,0
1779629193.606927,0.0,0.0,0.0,0.0,0.0,0.0,0,0
1779629193.637899,0.0,0.0,0.0,0.0,0.0,0.0,0,0
1779629193.668908,0.0,0.0,0.0,0.0,0.0,0.0,0,0
1779629193.699926,0.0,0.0,0.0,0.0,0.0,0.0,0,0
1779629193.730936,0.0,0.0,0.0,0.0,0.0,0.0,0,0
1779629193.761885,0.0,0.0,0.0,0.0,0.0,0.0,0,0
1779629193.792916,0.0,0.0,0.0,0.0,0.0,0.0,0,0
1779629193.823902,0.0,0.0,0.0,0.0,0.0,0.0,0,0
1779629193.854916,0.0,0.0,0.0,0.0,0.0,0.0,0,0
1779629193.885932,0.0,0.0,0.0,0.0,0.0,0.0,0,0
1779629193.916863,0.0,0.0,0.0,0.0,0.0,0.0,0,0
1779629193.947919,0.0,0.0,0.0,0.0,0.0,0.0,0,0
1779629193.978864,0.0,0.0,0.0,0.0,0.0,0.0,0,0
1779629194.009904,0.0,0.0,0.0,0.0,0.0,0.0,0,0
1779629194.040900,0.0,0.0,0.0,0.0,0.0,0.0,0,0
1779629194.071893,0.0,0.0,0.0,0.0,0.0,0.0,0,0
1779629194.102890,0.0,0.0,0.0,0.0,0.0,0.0,0,0
1779629194.133918,0.0,0.0,0.0,0.0,0.0,0.0,0,0
1779629194.164953,0.0,0.0,0.0,0.0,0.0,0.0,0,0
1779629194.195905,0.0,0.0,0.0,0.0,0.0,0.0,0,0
1779629194.226915,0.0,0.0,0.0,0.0,0.0,0.0,0,0
1779629194.257921,0.0,0.0,0.0,0.0,0.0,0.0,0,0
1779629194.288840,0.0,0.0,0.0,0.0,0.0,0.0,0,0
1779629194.319945,0.0,0.0,0.0,0.0,0.0,0.0,0,0
1779629194.350954,0.0,0.0,0.0,0.0,0.0,0.0,0,0
1779629194.381964,0.0,0.0,0.0,0.0,0.0,0.0,0,0
1779629194.412905,0.0,0.0,0.0,0.0,0.0,0.0,0,0
1779629194.443962,0.0,0.0,0.0,0.0,0.0,0.0,0,0
1779629194.474929,0.0,0.0,0.0,0.0,0.0,0.0,0,0
1779629194.505896,0.0,0.0,0.0,0.0,0.0,0.0,0,0
1779629194.536911,0.0,0.0,0.0,0.0,0.0,0.0,0,0
1779629194.567867,0.0,0.0,0.0,0.0,0.0,0.0,0,0
1779629194.598959,0.0,0.0,0.0,0.0,0.0,0.0,0,0
1779629194.629880,0.0,0.0,0.0,0.0,0.0,0.0,0,0
1779629194.660883,0.0,0.0,0.0,0.0,0.0,0.0,0,0
1779629194.691926,0.0,0.0,0.0,0.0,0.0,0.0,0,0
1779629194.722923,0.0,0.0,0.0,0.0,0.0,0.0,0,0
1779629194.753899,0.0,0.0,0.0,0.0,0.0,0.0,0,0
1779629194.784940,0.0,0.0,0.0,0.0,0.0,0.0,0,0
1779629194.815898,0.0,0.0,0.0,0.0,0.0,0.0,0,0
1779629194.846922,0.0,0.0,0.0,0.0,0.0,0.0,0,0
1779629194.877894,0.0,0.0,0.0,0.0,0.0,0.0,0,0
1779629194.908915,0.0,0.0,0.0,0.0,0.0,0.0,0,0
1779629194.939918,0.0,0.0,0.0,0.0,0.0,0.0,0,0
1779629194.970958,0.0,0.0,0.0,0.0,0.0,0.0,0,0
1779629195.001900,0.0,0.0,0.0,0.0,0.0,0.0,0,0
1779629195.033011,0.0,0.0,0.0,0.0,0.0,0.0,0,0
1779629195.063867,0.0,0.0,0.0,0.0,0.0,0.0,0,0
1779629195.094890,0.0,0.0,0.0,0.0,0.0,0.0,0,0
1779629195.125904,0.0,0.0,0.0,0.0,0.0,0.0,0,0
1779629195.156934,0.0,0.0,0.0,0.0,0.0,0.0,0,0
1779629195.187919,0.0,0.0,0.0,0.0,0.0,0.0,0,0
1779629195.218857,0.0,0.0,0.0,0.0,0.0,0.0,0,0
1779629195.249928,0.0,0.0,0.0,0.0,0.0,0.0,0,0
1779629195.280901,0.0,0.0,0.0,0.0,0.0,0.0,0,0
1779629195.311897,0.0,0.0,0.0,0.0,0.0,0.0,0,0
1779629195.342917,0.0,0.0,0.0,0.0,0.0,0.0,0,0
1779629195.373925,0.0,0.0,0.0,0.0,0.0,0.0,0,0
1779629195.404881,0.0,0.0,0.0,0.0,0.0,0.0,0,0
1779629195.435884,0.0,0.0,0.0,0.0,0.0,0.0,0,0
1779629195.466899,0.0,0.0,0.0,0.0,0.0,0.0,0,0
1779629195.497875,0.0,0.0,0.0,0.0,0.0,0.0,0,0
1779629195.528904,0.0,0.0,0.0,0.0,0.0,0.0,0,0
1779629195.559874,0.0,0.0,0.0,0.0,0.0,0.0,0,0
1779629195.590878,0.0,0.0,0.0,0.0,0.0,0.0,0,0
1779629195.621912,0.0,0.0,0.0,0.0,0.0,0.0,0,0
1779629195.652913,0.0,0.0,0.0,0.0,0.0,0.0,0,0
1779629195.683881,0.0,0.0,0.0,0.0,0.0,0.0,0,0
1779629195.714883,0.0,0.0,0.0,0.0,0.0,0.0,0,0
1779629195.745904,0.0,0.0,0.0,0.0,0.0,0.0,0,0
1779629195.776930,0.0,0.0,0.0,0.0,0.0,0.0,0,0
1779629195.807883,0.0,0.0,0.0,0.0,0.0,0.0,0,0
1779629195.838902,0.0,0.0,0.0,0.0,0.0,0.0,0,0
1779629195.869843,0.0,0.0,0.0,0.0,0.0,0.0,0,0
1779629195.900888,0.0,0.0,0.0,0.0,0.0,0.0,0,0
1779629195.931906,0.0,0.0,0.0,0.0,0.0,0.0,0,0
1779629195.962875,0.0,0.0,0.0,0.0,0.0,0.0,0,0
1779629195.993933,0.0,0.0,0.0,0.0,0.0,0.0,0,0
1779629196.024905,0.0,0.0,0.0,0.0,0.0,0.0,0,0
1779629196.055900,0.0,0.0,0.0,0.0,0.0,0.0,0,0
1779629196.086883,0.0,0.0,0.0,0.0,0.0,0.0,0,0
1779629196.117903,0.0,0.0,0.0,0.0,0.0,0.0,0,0
1779629196.148912,0.0,0.0,0.0,0.0,0.0,0.0,0,0
1779629196.179925,0.0,0.0,0.0,0.0,0.0,0.0,0,0
1779629196.210909,0.0,0.0,0.0,0.0,0.0,0.0,0,0
1779629196.241941,0.0,0.0,0.0,0.0,0.0,0.0,0,0
1779629196.272873,0.0,0.0,0.0,0.0,0.0,0.0,0,0
1779629196.303898,0.0,0.0,0.0,0.0,0.0,0.0,0,0
1779629196.334895,0.0,0.0,0.0,0.0,0.0,0.0,0,0
1779629196.365911,0.0,0.0,0.0,0.0,0.0,0.0,0,0
1779629196.396942,0.0,0.0,0.0,0.0,0.0,0.0,0,0
1779629196.427902,0.0,0.0,0.0,0.0,0.0,0.0,0,0
1779629196.458915,0.0,0.0,0.0,0.0,0.0,0.0,0,0
1779629196.489859,0.0,0.0,0.0,0.0,0.0,0.0,0,0
1779629196.520874,0.0,0.0,0.0,0.0,0.0,0.0,0,0
1779629196.551875,0.0,0.0,0.0,0.0,0.0,0.0,0,0
1779629196.582891,0.0,0.0,0.0,0.0,0.0,0.0,0,0
1779629196.613890,0.0,0.0,0.0,0.0,0.0,0.0,0,0
1779629196.644889,0.0,0.0,0.0,0.0,0.0,0.0,0,0
1779629196.675896,0.0,0.0,0.0,0.0,0.0,0.0,0,0
1779629196.706922,0.0,0.0,0.0,0.0,0.0,0.0,0,0
1779629196.737924,0.0,0.0,0.0,0.0,0.0,0.0,0,0
1779629196.769006,0.0,0.0,0.0,0.0,0.0,0.0,0,0
1779629196.799884,0.0,0.0,0.0,0.0,0.0,0.0,0,0
1779629196.830874,0.0,0.0,0.0,0.0,0.0,0.0,0,0
1779629196.861886,0.0,0.0,0.0,0.0,0.0,0.0,0,0
1779629196.892931,0.0,0.0,0.0,0.0,0.0,0.0,0,0
1779629196.923918,0.0,0.0,0.0,0.0,0.0,0.0,0,0
1779629196.954920,0.0,0.0,0.0,0.0,0.0,0.0,0,0
1779629196.985945,0.0,0.0,0.0,0.0,0.0,0.0,0,0
1779629197.016875,0.0,0.0,0.0,0.0,0.0,0.0,0,0
1779629197.047904,0.0,0.0,0.0,0.0,0.0,0.0,0,0
1779629197.078918,0.0,0.0,0.0,0.0,0.0,0.0,0,0
1779629197.109921,0.0,0.0,0.0,0.0,0.0,0.0,0,0
1779629197.140944,0.0,0.0,0.0,0.0,0.0,0.0,0,0
1779629197.171888,0.0,0.0,0.0,0.0,0.0,0.0,0,0
1779629197.202951,0.0,0.0,0.0,0.0,0.0,0.0,0,0
1779629197.233850,0.0,0.0,0.0,0.0,0.0,0.0,0,0
1779629197.264887,0.0,0.0,0.0,0.0,0.0,0.0,0,0
1779629197.295911,0.0,0.0,0.0,0.0,0.0,0.0,0,0
1779629197.326908,0.0,0.0,0.0,0.0,0.0,0.0,0,0
1779629197.357909,0.0,0.0,0.0,0.0,0.0,0.0,0,0
1779629197.388893,0.0,0.0,0.0,0.0,0.0,0.0,0,0
1779629197.419941,0.0,0.0,0.0,0.0,0.0,0.0,0,0
1779629197.450885,0.0,0.0,0.0,0.0,0.0,0.0,0,0
1779629197.481902,0.0,0.0,0.0,0.0,0.0,0.0,0,0
1779629197.512912,0.0,0.0,0.0,0.0,0.0,0.0,0,0
1779629197.543940,0.0,0.0,0.0,0.0,0.0,0.0,0,0
1779629197.574936,0.0,0.0,0.0,0.0,0.0,0.0,0,0
1779629197.605932,0.0,0.0,0.0,0.0,0.0,0.0,0,0
1779629197.636935,0.0,0.0,0.0,0.0,0.0,0.0,0,0
1779629197.667927,0.0,0.0,0.0,0.0,0.0,0.0,0,0
1779629197.699019,0.0,0.0,0.0,0.0,0.0,0.0,0,0
1779629197.729871,0.0,0.0,0.0,0.0,0.0,0.0,0,0
1779629197.760867,0.0,0.0,0.0,0.0,0.0,0.0,0,0
1779629197.791888,0.0,0.0,0.0,0.0,0.0,0.0,0,0
1779629197.822934,0.0,0.0,0.0,0.0,0.0,0.0,0,0
1779629197.853912,0.0,0.0,0.0,0.0,0.0,0.0,0,0
1779629197.884929,0.0,0.0,0.0,0.0,0.0,0.0,0,0
1779629197.915921,0.0,0.0,0.0,0.0,0.0,0.0,0,0
1779629197.946892,0.0,0.0,0.0,0.0,0.0,0.0,0,0
1779629197.977953,0.0,0.0,0.0,0.0,0.0,0.0,0,0
1779629198.008871,0.0,0.0,0.0,0.0,0.0,0.0,0,0
1779629198.039923,0.0,0.0,0.0,0.0,0.0,0.0,0,0
1779629198.070946,0.0,0.0,0.0,0.0,0.0,0.0,0,0
1779629198.101871,0.0,0.0,0.0,0.0,0.0,0.0,0,0
1779629198.132878,0.0,0.0,0.0,0.0,0.0,0.0,0,0
1779629198.164040,0.0,0.0,0.0,0.0,0.0,0.0,0,0
1779629198.194904,0.0,0.0,0.0,0.0,0.0,0.0,0,0
1779629198.225894,0.0,0.0,0.0,0.0,0.0,0.0,0,0
1779629198.256913,0.0,0.0,0.0,0.0,0.0,0.0,0,0
1779629198.287966,0.0,0.0,0.0,0.0,0.0,0.0,0,0
1779629198.318939,0.0,0.0,0.0,0.0,0.0,0.0,0,0
1779629198.349829,0.0,0.0,0.0,0.0,0.0,0.0,0,0
1779629198.380894,0.0,0.0,0.0,0.0,0.0,0.0,0,0
1779629198.411881,0.0,0.0,0.0,0.0,0.0,0.0,0,0
1779629198.442914,0.0,0.0,0.0,0.0,0.0,0.0,0,0
1779629198.473908,0.0,0.0,0.0,0.0,0.0,0.0,0,0
1779629198.504899,0.0,0.0,0.0,0.0,0.0,0.0,0,0
1779629198.536973,0.0,0.0,0.0,0.0,0.0,0.0,0,0
1779629198.567974,0.0,0.0,0.0,0.0,0.0,0.0,0,0
1779629198.598904,0.0,0.0,0.0,0.0,0.0,0.0,0,0
1779629198.629854,0.0,0.0,0.0,0.0,0.0,0.0,0,0
1779629198.660858,0.0,0.0,0.0,0.0,0.0,0.0,0,0
1779629198.691861,0.0,0.0,0.0,0.0,0.0,0.0,0,0
1779629198.722904,0.0,0.0,0.0,0.0,0.0,0.0,0,0
1779629198.753891,0.0,0.0,0.0,0.0,0.0,0.0,0,0
1779629198.784878,0.0,0.0,0.0,0.0,0.0,0.0,0,0
1779629198.815921,0.0,0.0,0.0,0.0,0.0,0.0,0,0
1779629198.846911,0.0,0.0,0.0,0.0,0.0,0.0,0,0
1779629198.877903,0.0,0.0,0.0,0.0,0.0,0.0,0,0
1779629198.908864,0.0,0.0,0.0,0.0,0.0,0.0,0,0
1779629198.939934,0.0,0.0,0.0,0.0,0.0,0.0,0,0
1779629198.970944,0.0,0.0,0.0,0.0,0.0,0.0,0,0
1779629199.001884,0.0,0.0,0.0,0.0,0.0,0.0,0,0
1779629199.032902,0.0,0.0,0.0,0.0,0.0,0.0,0,0
1779629199.063879,0.0,0.0,0.0,0.0,0.0,0.0,0,0
1779629199.094845,0.0,0.0,0.0,0.0,0.0,0.0,0,0
1779629199.125879,0.0,0.0,0.0,0.0,0.0,0.0,0,0
1779629199.156905,0.0,0.0,0.0,0.0,0.0,0.0,0,0
1779629199.187893,0.0,0.0,0.0,0.0,0.0,0.0,0,0
1779629199.218900,0.0,0.0,0.0,0.0,0.0,0.0,0,0
1779629199.249974,0.0,0.0,0.0,0.0,0.0,0.0,0,0
1779629199.280926,0.0,0.0,0.0,0.0,0.0,0.0,0,0
1779629199.311898,0.0,0.0,0.0,0.0,0.0,0.0,0,0
1779629199.342942,0.0,0.0,0.0,0.0,0.0,0.0,0,0
1779629199.373900,0.0,0.0,0.0,0.0,0.0,0.0,0,0
1779629199.404961,0.0,0.0,0.0,0.0,0.0,0.0,0,0
1779629199.435902,0.0,0.0,0.0,0.0,0.0,0.0,0,0
1779629199.466930,0.0,0.0,0.0,0.0,0.0,0.0,0,0
1779629199.497920,0.0,0.0,0.0,0.0,0.0,0.0,0,0
1779629199.528861,0.0,0.0,0.0,0.0,0.0,0.0,0,0
1779629199.559891,0.0,0.0,0.0,0.0,0.0,0.0,0,0
1779629199.590948,0.0,0.0,0.0,0.0,0.0,0.0,0,0
1779629199.621921,0.0,0.0,0.0,0.0,0.0,0.0,0,0
1779629199.652933,0.0,0.0,0.0,0.0,0.0,0.0,0,0
1779629199.683930,0.0,0.0,0.0,0.0,0.0,0.0,0,0
1779629199.714914,0.0,0.0,0.0,0.0,0.0,0.0,0,0
1779629199.745937,0.0,0.0,0.0,0.0,0.0,0.0,0,0
1779629199.776886,0.0,0.0,0.0,0.0,0.0,0.0,0,0
1779629199.807912,0.0,0.0,0.0,0.0,0.0,0.0,0,0
1779629199.838952,0.0,0.0,0.0,0.0,0.0,0.0,0,0
1779629199.869904,0.0,0.0,0.0,0.0,0.0,0.0,0,0
1779629199.900922,0.0,0.0,0.0,0.0,0.0,0.0,0,0
1779629199.931934,0.0,0.0,0.0,0.0,0.0,0.0,0,0
1779629199.962878,0.0,0.0,0.0,0.0,0.0,0.0,0,0
1779629199.993920,0.0,0.0,0.0,0.0,0.0,0.0,0,0
1779629200.024847,0.0,0.0,0.0,0.0,0.0,0.0,0,0
1779629200.055937,0.0,0.0,0.0,0.0,0.0,0.0,0,0
1779629200.086905,0.0,0.0,0.0,0.0,0.0,0.0,0,0
1779629200.117892,0.0,0.0,0.0,0.0,0.0,0.0,0,0
1779629200.148933,0.0,0.0,0.0,0.0,0.0,0.0,0,0
1779629200.179925,0.0,0.0,0.0,0.0,0.0,0.0,0,0
1779629200.210847,0.0,0.0,0.0,0.0,0.0,0.0,0,0
1779629200.241957,0.0,0.0,0.0,0.0,0.0,0.0,0,0
1779629200.272943,0.0,0.0,0.0,0.0,0.0,0.0,0,0
1779629200.303958,0.0,0.0,0.0,0.0,0.0,0.0,0,0
1779629200.334903,0.0,0.0,0.0,0.0,0.0,0.0,0,0
1779629200.365854,0.0,0.0,0.0,0.0,0.0,0.0,0,0
1779629200.396882,0.0,0.0,0.0,0.0,0.0,0.0,0,0
1779629200.427961,0.0,0.0,0.0,0.0,0.0,0.0,0,0
1779629200.458875,0.0,0.0,0.0,0.0,0.0,0.0,0,0
1779629200.489940,0.0,0.0,0.0,0.0,0.0,0.0,0,0
1779629200.520875,0.0,0.0,0.0,0.0,0.0,0.0,0,0
1779629200.551898,0.0,0.0,0.0,0.0,0.0,0.0,0,0
1779629200.582898,0.0,0.0,0.0,0.0,0.0,0.0,0,0
1779629200.613917,0.0,0.0,0.0,0.0,0.0,0.0,0,0
1779629200.644947,0.0,0.0,0.0,0.0,0.0,0.0,0,0
1779629200.675865,0.0,0.0,0.0,0.0,0.0,0.0,0,0
1779629200.706891,0.0,0.0,0.0,0.0,0.0,0.0,0,0
1779629200.737926,0.0,0.0,0.0,0.0,0.0,0.0,0,0
1779629200.768892,0.0,0.0,0.0,0.0,0.0,0.0,0,0
1779629200.799916,0.0,0.0,0.0,0.0,0.0,0.0,0,0
1779629200.830884,0.0,0.0,0.0,0.0,0.0,0.0,0,0
1779629200.861891,0.0,0.0,0.0,0.0,0.0,0.0,0,0
1779629200.892910,0.0,0.0,0.0,0.0,0.0,0.0,0,0
1779629200.923859,0.0,0.0,0.0,0.0,0.0,0.0,0,0
1779629200.954953,0.0,0.0,0.0,0.0,0.0,0.0,0,0
1779629200.985893,0.0,0.0,0.0,0.0,0.0,0.0,0,0
1779629201.016879,0.0,0.0,0.0,0.0,0.0,0.0,0,0
1779629201.047912,0.0,0.0,0.0,0.0,0.0,0.0,0,0
1779629201.078932,0.0,0.0,0.0,0.0,0.0,0.0,0,0
1779629201.109906,0.0,0.0,0.0,0.0,0.0,0.0,0,0
1779629201.140929,0.0,0.0,0.0,0.0,0.0,0.0,0,0
1779629201.171968,0.0,0.0,0.0,0.0,0.0,0.0,0,0
1779629201.202927,0.0,0.0,0.0,0.0,0.0,0.0,0,0
1779629201.233914,0.0,0.0,0.0,0.0,0.0,0.0,0,0
1779629201.264911,0.0,0.0,0.0,0.0,0.0,0.0,0,0
1779629201.295906,0.0,0.0,0.0,0.0,0.0,0.0,0,0
1779629201.326910,0.0,0.0,0.0,0.0,0.0,0.0,0,0
1779629201.357933,0.0,0.0,0.0,0.0,0.0,0.0,0,0
1779629201.388945,0.0,0.0,0.0,0.0,0.0,0.0,0,0
1779629201.419964,0.0,0.0,0.0,0.0,0.0,0.0,0,0
1779629201.450947,0.0,0.0,0.0,0.0,0.0,0.0,0,0
1779629201.481885,0.0,0.0,0.0,0.0,0.0,0.0,0,0
1779629201.512889,0.0,0.0,0.0,0.0,0.0,0.0,0,0
1779629201.543952,0.0,0.0,0.0,0.0,0.0,0.0,0,0
1779629201.574933,0.0,0.0,0.0,0.0,0.0,0.0,0,0
1779629201.605899,0.0,0.0,0.0,0.0,0.0,0.0,0,0
1779629201.636940,0.0,0.0,0.0,0.0,0.0,0.0,0,0
1779629201.667911,0.0,0.0,0.0,0.0,0.0,0.0,0,0
1779629201.698833,0.0,0.0,0.0,0.0,0.0,0.0,0,0
1779629201.729939,0.0,0.0,0.0,0.0,0.0,0.0,0,0
1779629201.760890,0.0,0.0,0.0,0.0,0.0,0.0,0,0
1779629201.791886,0.0,0.0,0.0,0.0,0.0,0.0,0,0
1779629201.822997,0.0,0.0,0.0,0.0,0.0,0.0,0,0
1779629201.853950,0.0,0.0,0.0,0.0,0.0,0.0,0,0
1779629201.884901,0.0,0.0,0.0,0.0,0.0,0.0,0,0
1779629201.915914,0.0,0.0,0.0,0.0,0.0,0.0,0,0
1779629201.946926,0.0,0.0,0.0,0.0,0.0,0.0,0,0
1779629201.977906,0.0,0.0,0.0,0.0,0.0,0.0,0,0
1779629202.008909,0.0,0.0,0.0,0.0,0.0,0.0,0,0
1779629202.039910,0.0,0.0,0.0,0.0,0.0,0.0,0,0
1779629202.070940,0.0,0.0,0.0,0.0,0.0,0.0,0,0
1779629202.101868,0.0,0.0,0.0,0.0,0.0,0.0,0,0
1779629202.132857,0.0,0.0,0.0,0.0,0.0,0.0,0,0
1779629202.163907,0.0,0.0,0.0,0.0,0.0,0.0,0,0
1779629202.194925,0.0,0.0,0.0,0.0,0.0,0.0,0,0
1779629202.225975,0.0,0.0,0.0,0.0,0.0,0.0,0,0
1779629202.256962,0.0,0.0,0.0,0.0,0.0,0.0,0,0
1779629202.287897,0.0,0.0,0.0,0.0,0.0,0.0,0,0
1779629202.318963,0.0,0.0,0.0,0.0,0.0,0.0,0,0
1779629202.349884,0.0,0.0,0.0,0.0,0.0,0.0,0,0
1779629202.380918,0.0,0.0,0.0,0.0,0.0,0.0,0,0
1779629202.411902,0.0,0.0,0.0,0.0,0.0,0.0,0,0
1779629202.442923,0.0,0.0,0.0,0.0,0.0,0.0,0,0
1779629202.473933,0.0,0.0,0.0,0.0,0.0,0.0,0,0
1779629202.504922,0.0,0.0,0.0,0.0,0.0,0.0,0,0
1779629202.535916,0.0,0.0,0.0,0.0,0.0,0.0,0,0
1779629202.568932,0.0,0.0,0.0,0.0,0.0,0.0,0,0
1779629202.599870,0.0,0.0,0.0,0.0,0.0,0.0,0,0
1779629202.630916,0.0,0.0,0.0,0.0,0.0,0.0,0,0
1779629202.662026,0.0,0.0,0.0,0.0,0.0,0.0,0,0
1779629202.692938,0.0,0.0,0.0,0.0,0.0,0.0,0,0
1779629202.723876,0.0,0.0,0.0,0.0,0.0,0.0,0,0
1779629202.754936,0.0,0.0,0.0,0.0,0.0,0.0,0,0
1779629202.785848,0.0,0.0,0.0,0.0,0.0,0.0,0,0
1779629202.816930,0.0,0.0,0.0,0.0,0.0,0.0,0,0
1779629202.847872,0.0,0.0,0.0,0.0,0.0,0.0,0,0
1779629202.878982,0.0,0.0,0.0,0.0,0.0,0.0,0,0
1779629202.909933,0.0,0.0,0.0,0.0,0.0,0.0,0,0
1779629202.940935,0.0,0.0,0.0,0.0,0.0,0.0,0,0
1779629202.971928,0.0,0.0,0.0,0.0,0.0,0.0,0,0
1779629203.002907,0.0,0.0,0.0,0.0,0.0,0.0,0,0
1779629203.033909,0.0,0.0,0.0,0.0,0.0,0.0,0,0
1779629203.064893,0.0,0.0,0.0,0.0,0.0,0.0,0,0
1779629203.095911,0.0,0.0,0.0,0.0,0.0,0.0,0,0
1779629203.126883,0.0,0.0,0.0,0.0,0.0,0.0,0,0
1779629203.157875,0.0,0.0,0.0,0.0,0.0,0.0,0,0
1779629203.188926,0.0,0.0,0.0,0.0,0.0,0.0,0,0
1779629203.219918,0.0,0.0,0.0,0.0,0.0,0.0,0,0
1779629203.250939,0.0,0.0,0.0,0.0,0.0,0.0,0,0
1779629203.281910,0.0,0.0,0.0,0.0,0.0,0.0,0,0
1779629203.312980,0.0,0.0,0.0,0.0,0.0,0.0,0,0
1779629203.343933,0.0,0.0,0.0,0.0,0.0,0.0,0,0
1779629203.374870,0.0,0.0,0.0,0.0,0.0,0.0,0,0
1779629203.405902,0.0,0.0,0.0,0.0,0.0,0.0,0,0
1779629203.436900,0.0,0.0,0.0,0.0,0.0,0.0,0,0
1779629203.467880,0.0,0.0,0.0,0.0,0.0,0.0,0,0
1779629203.498936,0.0,0.0,0.0,0.0,0.0,0.0,0,0
1779629203.529851,0.0,0.0,0.0,0.0,0.0,0.0,0,0
1779629203.560927,0.0,0.0,0.0,0.0,0.0,0.0,0,0
1779629203.591942,0.0,0.0,0.0,0.0,0.0,0.0,0,0
1779629203.622867,0.0,0.0,0.0,0.0,0.0,0.0,0,0
1779629203.653933,0.0,0.0,0.0,0.0,0.0,0.0,0,0
1779629203.684910,0.0,0.0,0.0,0.0,0.0,0.0,0,0
1779629203.715950,0.0,0.0,0.0,0.0,0.0,0.0,0,0
1779629203.746933,0.0,0.0,0.0,0.0,0.0,0.0,0,0
1779629203.777927,0.0,0.0,0.0,0.0,0.0,0.0,0,0
1779629203.808958,0.0,0.0,0.0,0.0,0.0,0.0,0,0
1779629203.839981,0.0,0.0,0.0,0.0,0.0,0.0,0,0
1779629203.870924,0.0,0.0,0.0,0.0,0.0,0.0,0,0
1779629203.901909,0.0,0.0,0.0,0.0,0.0,0.0,0,0
1779629203.932903,0.0,0.0,0.0,0.0,0.0,0.0,0,0
1779629203.963902,0.0,0.0,0.0,0.0,0.0,0.0,0,0
1779629203.994928,0.0,0.0,0.0,0.0,0.0,0.0,0,0
1779629204.025931,0.0,0.0,0.0,0.0,0.0,0.0,0,0
1779629204.056900,0.0,0.0,0.0,0.0,0.0,0.0,0,0
1779629204.087925,0.0,0.0,0.0,0.0,0.0,0.0,0,0
1779629204.118958,0.0,0.0,0.0,0.0,0.0,0.0,0,0
1779629204.149935,0.0,0.0,0.0,0.0,0.0,0.0,0,0
1779629204.180858,0.0,0.0,0.0,0.0,0.0,0.0,0,0
1779629204.211934,0.0,0.0,0.0,0.0,0.0,0.0,0,0
1779629204.242906,0.0,0.0,0.0,0.0,0.0,0.0,0,0
1779629204.273959,0.0,0.0,0.0,0.0,0.0,0.0,0,0
1779629204.304901,0.0,0.0,0.0,0.0,0.0,0.0,0,0
1779629204.335917,0.0,0.0,0.0,0.0,0.0,0.0,0,0
1779629204.366886,0.0,0.0,0.0,0.0,0.0,0.0,0,0
1779629204.397884,0.0,0.0,0.0,0.0,0.0,0.0,0,0
1779629204.428852,0.0,0.0,0.0,0.0,0.0,0.0,0,0
1779629204.459900,0.0,0.0,0.0,0.0,0.0,0.0,0,0
1779629204.490928,0.0,0.0,0.0,0.0,0.0,0.0,0,0
1779629204.521966,0.0,0.0,0.0,0.0,0.0,0.0,0,0
1779629204.552969,0.0,0.0,0.0,0.0,0.0,0.0,0,0
1779629204.583929,0.0,0.0,0.0,0.0,0.0,0.0,0,0
1779629204.614891,0.0,0.0,0.0,0.0,0.0,0.0,0,0
1779629204.645884,0.0,0.0,0.0,0.0,0.0,0.0,0,0
1779629204.676902,0.0,0.0,0.0,0.0,0.0,0.0,0,0
1779629204.707977,0.0,0.0,0.0,0.0,0.0,0.0,0,0
1779629204.738978,0.0,0.0,0.0,0.0,0.0,0.0,0,0
1779629204.769922,0.0,0.0,0.0,0.0,0.0,0.0,0,0
1779629204.800900,0.0,0.0,0.0,0.0,0.0,0.0,0,0
1779629204.831907,0.0,0.0,0.0,0.0,0.0,0.0,0,0
1779629204.862908,0.0,0.0,0.0,0.0,0.0,0.0,0,0
1779629204.893934,0.0,0.0,0.0,0.0,0.0,0.0,0,0
1779629204.924927,0.0,0.0,0.0,0.0,0.0,0.0,0,0
1779629204.955889,0.0,0.0,0.0,0.0,0.0,0.0,0,0
1779629204.986895,0.0,0.0,0.0,0.0,0.0,0.0,0,0
1779629205.017944,0.0,0.0,0.0,0.0,0.0,0.0,0,0
1779629205.048892,0.0,0.0,0.0,0.0,0.0,0.0,0,0
1779629205.079929,0.0,0.0,0.0,0.0,0.0,0.0,0,0
1779629205.111034,0.0,0.0,0.0,0.0,0.0,0.0,0,0
1779629205.141914,0.0,0.0,0.0,0.0,0.0,0.0,0,0
1779629205.172942,0.0,0.0,0.0,0.0,0.0,0.0,0,0
1779629205.203931,0.0,0.0,0.0,0.0,0.0,0.0,0,0
1779629205.234927,0.0,0.0,0.0,0.0,0.0,0.0,0,0
1779629205.265898,0.0,0.0,0.0,0.0,0.0,0.0,0,0
1779629205.296957,0.0,0.0,0.0,0.0,0.0,0.0,0,0
1779629205.327910,0.0,0.0,0.0,0.0,0.0,0.0,0,0
1779629205.358883,0.0,0.0,0.0,0.0,0.0,0.0,0,0
1779629205.389913,0.0,0.0,0.0,0.0,0.0,0.0,0,0
1779629205.420892,0.0,0.0,0.0,0.0,0.0,0.0,0,0
1779629205.451906,0.0,0.0,0.0,0.0,0.0,0.0,0,0
1779629205.482985,0.0,0.0,0.0,0.0,0.0,0.0,0,0
1779629205.513934,0.0,0.0,0.0,0.0,0.0,0.0,0,0
1779629205.544891,0.0,0.0,0.0,0.0,0.0,0.0,0,0
1779629205.575899,0.0,0.0,0.0,0.0,0.0,0.0,0,0
1779629205.606936,0.0,0.0,0.0,0.0,0.0,0.0,0,0
1779629205.637893,0.0,0.0,0.0,0.0,0.0,0.0,0,0
1779629205.668882,0.0,0.0,0.0,0.0,0.0,0.0,0,0
1779629205.699869,0.0,0.0,0.0,0.0,0.0,0.0,0,0
1779629205.730959,0.0,0.0,0.0,0.0,0.0,0.0,0,0
1779629205.761912,0.0,0.0,0.0,0.0,0.0,0.0,0,0
1779629205.792848,0.0,0.0,0.0,0.0,0.0,0.0,0,0
1779629205.823942,0.0,0.0,0.0,0.0,0.0,0.0,0,0
1779629205.854938,0.0,0.0,0.0,0.0,0.0,0.0,0,0
1779629205.885908,0.0,0.0,0.0,0.0,0.0,0.0,0,0
1779629205.916920,0.0,0.0,0.0,0.0,0.0,0.0,0,0
1779629205.947899,0.0,0.0,0.0,0.0,0.0,0.0,0,0
1779629205.978917,0.0,0.0,0.0,0.0,0.0,0.0,0,0
1779629206.009894,0.0,0.0,0.0,0.0,0.0,0.0,0,0
1779629206.040928,0.0,0.0,0.0,0.0,0.0,0.0,0,0
1779629206.071908,0.0,0.0,0.0,0.0,0.0,0.0,0,0
1779629206.102886,0.0,0.0,0.0,0.0,0.0,0.0,0,0
1779629206.133906,0.0,0.0,0.0,0.0,0.0,0.0,0,0
1779629206.164924,0.0,0.0,0.0,0.0,0.0,0.0,0,0
1779629206.195901,0.0,0.0,0.0,0.0,0.0,0.0,0,0
1779629206.226889,0.0,0.0,0.0,0.0,0.0,0.0,0,0
1779629206.257895,0.0,0.0,0.0,0.0,0.0,0.0,0,0
1779629206.288932,0.0,0.0,0.0,0.0,0.0,0.0,0,0
1779629206.319899,0.0,0.0,0.0,0.0,0.0,0.0,0,0
1779629206.350947,0.0,0.0,0.0,0.0,0.0,0.0,0,0
1779629206.382005,0.0,0.0,0.0,0.0,0.0,0.0,0,0
1779629206.412954,0.0,0.0,0.0,0.0,0.0,0.0,0,0
1779629206.443884,0.0,0.0,0.0,0.0,0.0,0.0,0,0
1779629206.474938,0.0,0.0,0.0,0.0,0.0,0.0,0,0
1779629206.505928,0.0,0.0,0.0,0.0,0.0,0.0,0,0
1779629206.536902,0.0,0.0,0.0,0.0,0.0,0.0,0,0
1779629206.567949,0.0,0.0,0.0,0.0,0.0,0.0,0,0
1779629206.598885,0.0,0.0,0.0,0.0,0.0,0.0,0,0
1779629206.629886,0.0,0.0,0.0,0.0,0.0,0.0,0,0
1779629206.660918,0.0,0.0,0.0,0.0,0.0,0.0,0,0
1779629206.691902,0.0,0.0,0.0,0.0,0.0,0.0,0,0
1779629206.722919,0.0,0.0,0.0,0.0,0.0,0.0,0,0
1779629206.753962,0.0,0.0,0.0,0.0,0.0,0.0,0,0
1779629206.784875,0.0,0.0,0.0,0.0,0.0,0.0,0,0
1779629206.815907,0.0,0.0,0.0,0.0,0.0,0.0,0,0
1779629206.846932,0.0,0.0,0.0,0.0,0.0,0.0,0,0
1779629206.877983,0.0,0.0,0.0,0.0,0.0,0.0,0,0
1779629206.908942,0.0,0.0,0.0,0.0,0.0,0.0,0,0
1779629206.939904,0.0,0.0,0.0,0.0,0.0,0.0,0,0
1779629206.970901,0.0,0.0,0.0,0.0,0.0,0.0,0,0
1779629207.001872,0.0,0.0,0.0,0.0,0.0,0.0,0,0
1779629207.032871,0.0,0.0,0.0,0.0,0.0,0.0,0,0
1779629207.063953,0.0,0.0,0.0,0.0,0.0,0.0,0,0
1779629207.094920,0.0,0.0,0.0,0.0,0.0,0.0,0,0
1779629207.125990,0.0,0.0,0.0,0.0,0.0,0.0,0,0
1779629207.156903,0.0,0.0,0.0,0.0,0.0,0.0,0,0
1779629207.187897,0.0,0.0,0.0,0.0,0.0,0.0,0,0
1779629207.218940,0.0,0.0,0.0,0.0,0.0,0.0,0,0
1779629207.249870,0.0,0.0,0.0,0.0,0.0,0.0,0,0
1779629207.280894,0.0,0.0,0.0,0.0,0.0,0.0,0,0
1779629207.311923,0.0,0.0,0.0,0.0,0.0,0.0,0,0
1779629207.342969,0.0,0.0,0.0,0.0,0.0,0.0,0,0
1779629207.373852,0.0,0.0,0.0,0.0,0.0,0.0,0,0
1779629207.404871,0.0,0.0,0.0,0.0,0.0,0.0,0,0
1779629207.435940,0.0,0.0,0.0,0.0,0.0,0.0,0,0
1779629207.466874,0.0,0.0,0.0,0.0,0.0,0.0,0,0
1779629207.497860,0.0,0.0,0.0,0.0,0.0,0.0,0,0
1779629207.528936,0.0,0.0,0.0,0.0,0.0,0.0,0,0
1779629207.559901,0.0,0.0,0.0,0.0,0.0,0.0,0,0
1779629207.590863,0.0,0.0,0.0,0.0,0.0,0.0,0,0
1779629207.621912,0.0,0.0,0.0,0.0,0.0,0.0,0,0
1779629207.652934,0.0,0.0,0.0,0.0,0.0,0.0,0,0
1779629207.683918,0.0,0.0,0.0,0.0,0.0,0.0,0,0
1779629207.714942,0.0,0.0,0.0,0.0,0.0,0.0,0,0
1779629207.745935,0.0,0.0,0.0,0.0,0.0,0.0,0,0
1779629207.776894,0.0,0.0,0.0,0.0,0.0,0.0,0,0
1779629207.807898,0.0,0.0,0.0,0.0,0.0,0.0,0,0
1779629207.838956,0.0,0.0,0.0,0.0,0.0,0.0,0,0
1779629207.869906,0.0,0.0,0.0,0.0,0.0,0.0,0,0
1779629207.900875,0.0,0.0,0.0,0.0,0.0,0.0,0,0
1779629207.931898,0.0,0.0,0.0,0.0,0.0,0.0,0,0
1779629207.962889,0.0,0.0,0.0,0.0,0.0,0.0,0,0
1779629207.993923,0.0,0.0,0.0,0.0,0.0,0.0,0,0
1779629208.024869,0.0,0.0,0.0,0.0,0.0,0.0,0,0
1779629208.055909,0.0,0.0,0.0,0.0,0.0,0.0,0,0
1779629208.086930,0.0,0.0,0.0,0.0,0.0,0.0,0,0
1779629208.117934,0.0,0.0,0.0,0.0,0.0,0.0,0,0
1779629208.148910,0.0,0.0,0.0,0.0,0.0,0.0,0,0
1779629208.179906,0.0,0.0,0.0,0.0,0.0,0.0,0,0
1779629208.210978,0.0,0.0,0.0,0.0,0.0,0.0,0,0
1779629208.242022,0.0,0.0,0.0,0.0,0.0,0.0,0,0
1779629208.272923,0.0,0.0,0.0,0.0,0.0,0.0,0,0
1779629208.303873,0.0,0.0,0.0,0.0,0.0,0.0,0,0
1779629208.334913,0.0,0.0,0.0,0.0,0.0,0.0,0,0
1779629208.365907,0.0,0.0,0.0,0.0,0.0,0.0,0,0
1779629208.396897,0.0,0.0,0.0,0.0,0.0,0.0,0,0
1779629208.427864,0.0,0.0,0.0,0.0,0.0,0.0,0,0
1779629208.458862,0.0,0.0,0.0,0.0,0.0,0.0,0,0
1779629208.489958,0.0,0.0,0.0,0.0,0.0,0.0,0,0
1779629208.520944,0.0,0.0,0.0,0.0,0.0,0.0,0,0
1779629208.551934,0.0,0.0,0.0,0.0,0.0,0.0,0,0
1779629208.582906,0.0,0.0,0.0,0.0,0.0,0.0,0,0
1779629208.613942,0.0,0.0,0.0,0.0,0.0,0.0,0,0
1779629208.644952,0.0,0.0,0.0,0.0,0.0,0.0,0,0
1779629208.675928,0.0,0.0,0.0,0.0,0.0,0.0,0,0
1779629208.706914,0.0,0.0,0.0,0.0,0.0,0.0,0,0
1779629208.737928,0.0,0.0,0.0,0.0,0.0,0.0,0,0
1779629208.768883,0.0,0.0,0.0,0.0,0.0,0.0,0,0
1779629208.799889,0.0,0.0,0.0,0.0,0.0,0.0,0,0
1779629208.830883,0.0,0.0,0.0,0.0,0.0,0.0,0,0
1779629208.861880,0.0,0.0,0.0,0.0,0.0,0.0,0,0
1779629208.892874,0.0,0.0,0.0,0.0,0.0,0.0,0,0
1779629208.923855,0.0,0.0,0.0,0.0,0.0,0.0,0,0
1779629208.954867,0.0,0.0,0.0,0.0,0.0,0.0,0,0
1779629208.985902,0.0,0.0,0.0,0.0,0.0,0.0,0,0
1779629209.016941,0.0,0.0,0.0,0.0,0.0,0.0,0,0
1779629209.047885,0.0,0.0,0.0,0.0,0.0,0.0,0,0
1779629209.078975,0.0,0.0,0.0,0.0,0.0,0.0,0,0
1779629209.109914,0.0,0.0,0.0,0.0,0.0,0.0,0,0
1779629209.140974,0.0,0.0,0.0,0.0,0.0,0.0,0,0
1779629209.171927,0.0,0.0,0.0,0.0,0.0,0.0,0,0
1779629209.202911,0.0,0.0,0.0,0.0,0.0,0.0,0,0
1779629209.233912,0.0,0.0,0.0,0.0,0.0,0.0,0,0
1779629209.265004,0.0,0.0,0.0,0.0,0.0,0.0,0,0
1779629209.295928,0.0,0.0,0.0,0.0,0.0,0.0,0,0
1779629209.326937,0.0,0.0,0.0,0.0,0.0,0.0,0,0
1779629209.357942,0.0,0.0,0.0,0.0,0.0,0.0,0,0
1779629209.388923,0.0,0.0,0.0,0.0,0.0,0.0,0,0
1779629209.419924,0.0,0.0,0.0,0.0,0.0,0.0,0,0
1779629209.450937,0.0,0.0,0.0,0.0,0.0,0.0,0,0
1779629209.481928,0.0,0.0,0.0,0.0,0.0,0.0,0,0
1779629209.512902,0.0,0.0,0.0,0.0,0.0,0.0,0,0
1779629209.543903,0.0,0.0,0.0,0.0,0.0,0.0,0,0
1779629209.574931,0.0,0.0,0.0,0.0,0.0,0.0,0,0
1779629209.605881,0.0,0.0,0.0,0.0,0.0,0.0,0,0
1779629209.636900,0.0,0.0,0.0,0.0,0.0,0.0,0,0
1779629209.667926,0.0,0.0,0.0,0.0,0.0,0.0,0,0
1779629209.698860,0.0,0.0,0.0,0.0,0.0,0.0,0,0
1779629209.729908,0.0,0.0,0.0,0.0,0.0,0.0,0,0
1779629209.760929,0.0,0.0,0.0,0.0,0.0,0.0,0,0
1779629209.791965,0.0,0.0,0.0,0.0,0.0,0.0,0,0
1779629209.822875,0.0,0.0,0.0,0.0,0.0,0.0,0,0
1779629209.853909,0.0,0.0,0.0,0.0,0.0,0.0,0,0
1779629209.884927,0.0,0.0,0.0,0.0,0.0,0.0,0,0
1779629209.915923,0.0,0.0,0.0,0.0,0.0,0.0,0,0
1779629209.946860,0.0,0.0,0.0,0.0,0.0,0.0,0,0
1779629209.977905,0.0,0.0,0.0,0.0,0.0,0.0,0,0
1779629210.008921,0.0,0.0,0.0,0.0,0.0,0.0,0,0
1779629210.039940,0.0,0.0,0.0,0.0,0.0,0.0,0,0
1779629210.070944,0.0,0.0,0.0,0.0,0.0,0.0,0,0
1779629210.101916,0.0,0.0,0.0,0.0,0.0,0.0,0,0
1779629210.132923,0.0,0.0,0.0,0.0,0.0,0.0,0,0
1779629210.163892,0.0,0.0,0.0,0.0,0.0,0.0,0,0
1779629210.194902,0.0,0.0,0.0,0.0,0.0,0.0,0,0
1779629210.225872,0.0,0.0,0.0,0.0,0.0,0.0,0,0
1779629210.256883,0.0,0.0,0.0,0.0,0.0,0.0,0,0
1779629210.287951,0.0,0.0,0.0,0.0,0.0,0.0,0,0
1779629210.318977,0.0,0.0,0.0,0.0,0.0,0.0,0,0
1779629210.349923,0.0,0.0,0.0,0.0,0.0,0.0,0,0
1779629210.380945,0.0,0.0,0.0,0.0,0.0,0.0,0,0
1779629210.411970,0.0,0.0,0.0,0.0,0.0,0.0,0,0
1779629210.442946,0.0,0.0,0.0,0.0,0.0,0.0,0,0
1779629210.473946,0.0,0.0,0.0,0.0,0.0,0.0,0,0
1779629210.504871,0.0,0.0,0.0,0.0,0.0,0.0,0,0
1779629210.535918,0.0,0.0,0.0,0.0,0.0,0.0,0,0
1779629210.566911,0.0,0.0,0.0,0.0,0.0,0.0,0,0
1779629210.597953,0.0,0.0,0.0,0.0,0.0,0.0,0,0
1779629210.628886,0.0,0.0,0.0,0.0,0.0,0.0,0,0
1779629210.659881,0.0,0.0,0.0,0.0,0.0,0.0,0,0
1779629210.690921,0.0,0.0,0.0,0.0,0.0,0.0,0,0
1779629210.721892,0.0,0.0,0.0,0.0,0.0,0.0,0,0
1779629210.752903,0.0,0.0,0.0,0.0,0.0,0.0,0,0
1779629210.783917,0.0,0.0,0.0,0.0,0.0,0.0,0,0
1779629210.814905,0.0,0.0,0.0,0.0,0.0,0.0,0,0
1779629210.845895,0.0,0.0,0.0,0.0,0.0,0.0,0,0
1779629210.876916,0.0,0.0,0.0,0.0,0.0,0.0,0,0
1779629210.907914,0.0,0.0,0.0,0.0,0.0,0.0,0,0
1779629210.938914,0.0,0.0,0.0,0.0,0.0,0.0,0,0
1779629210.969884,0.0,0.0,0.0,0.0,0.0,0.0,0,0
1779629211.000889,0.0,0.0,0.0,0.0,0.0,0.0,0,0
1779629211.031954,0.0,0.0,0.0,0.0,0.0,0.0,0,0
1779629211.062891,0.0,0.0,0.0,0.0,0.0,0.0,0,0
1779629211.093933,0.0,0.0,0.0,0.0,0.0,0.0,0,0
1779629211.124884,0.0,0.0,0.0,0.0,0.0,0.0,0,0
1779629211.155910,0.0,0.0,0.0,0.0,0.0,0.0,0,0
1779629211.186901,0.0,0.0,0.0,0.0,0.0,0.0,0,0
1779629211.217909,0.0,0.0,0.0,0.0,0.0,0.0,0,0
1779629211.248958,0.0,0.0,0.0,0.0,0.0,0.0,0,0
1779629211.279954,0.0,0.0,0.0,0.0,0.0,0.0,0,0
1779629211.310901,0.0,0.0,0.0,0.0,0.0,0.0,0,0
1779629211.341890,0.0,0.0,0.0,0.0,0.0,0.0,0,0
1779629211.372901,0.0,0.0,0.0,0.0,0.0,0.0,0,0
1779629211.403873,0.0,0.0,0.0,0.0,0.0,0.0,0,0
1779629211.434860,0.0,0.0,0.0,0.0,0.0,0.0,0,0
1779629211.465912,0.0,0.0,0.0,0.0,0.0,0.0,0,0
1779629211.496937,0.0,0.0,0.0,0.0,0.0,0.0,0,0
1779629211.527952,0.0,0.0,0.0,0.0,0.0,0.0,0,0
1779629211.558879,0.0,0.0,0.0,0.0,0.0,0.0,0,0
1779629211.589844,0.0,0.0,0.0,0.0,0.0,0.0,0,0
1779629211.620942,0.0,0.0,0.0,0.0,0.0,0.0,0,0
1779629211.651942,0.0,0.0,0.0,0.0,0.0,0.0,0,0
1779629211.682955,0.0,0.0,0.0,0.0,0.0,0.0,0,0
1779629211.713966,0.0,0.0,0.0,0.0,0.0,0.0,0,0
1779629211.744912,0.0,0.0,0.0,0.0,0.0,0.0,0,0
1779629211.775957,0.0,0.0,0.0,0.0,0.0,0.0,0,0
1779629211.806926,0.0,0.0,0.0,0.0,0.0,0.0,0,0
1779629211.837904,0.0,0.0,0.0,0.0,0.0,0.0,0,0
1779629211.868885,0.0,0.0,0.0,0.0,0.0,0.0,0,0
1779629211.899914,0.0,0.0,0.0,0.0,0.0,0.0,0,0
1779629211.930941,0.0,0.0,0.0,0.0,0.0,0.0,0,0
1779629211.961893,0.0,0.0,0.0,0.0,0.0,0.0,0,0
1779629211.992882,0.0,0.0,0.0,0.0,0.0,0.0,0,0
1779629212.023977,0.0,0.0,0.0,0.0,0.0,0.0,0,0
1779629212.054919,0.0,0.0,0.0,0.0,0.0,0.0,0,0
1779629212.085931,0.0,0.0,0.0,0.0,0.0,0.0,0,0
1779629212.116955,0.0,0.0,0.0,0.0,0.0,0.0,0,0
1779629212.147938,0.0,0.0,0.0,0.0,0.0,0.0,0,0
1779629212.178938,0.0,0.0,0.0,0.0,0.0,0.0,0,0
1779629212.209960,0.0,0.0,0.0,0.0,0.0,0.0,0,0
1779629212.240838,0.0,0.0,0.0,0.0,0.0,0.0,0,0
1779629212.271904,0.0,0.0,0.0,0.0,0.0,0.0,0,0
1779629212.302926,0.0,0.0,0.0,0.0,0.0,0.0,0,0
1779629212.333893,0.0,0.0,0.0,0.0,0.0,0.0,0,0
1779629212.364956,0.0,0.0,0.0,0.0,0.0,0.0,0,0
1779629212.395901,0.0,0.0,0.0,0.0,0.0,0.0,0,0
1779629212.426940,0.0,0.0,0.0,0.0,0.0,0.0,0,0
1779629212.457903,0.0,0.0,0.0,0.0,0.0,0.0,0,0
1779629212.488901,0.0,0.0,0.0,0.0,0.0,0.0,0,0
1779629212.519979,0.0,0.0,0.0,0.0,0.0,0.0,0,0
1779629212.550918,0.0,0.0,0.0,0.0,0.0,0.0,0,0
1779629212.581998,0.0,0.0,0.0,0.0,0.0,0.0,0,0
1779629212.612902,0.0,0.0,0.0,0.0,0.0,0.0,0,0
1779629212.643859,0.0,0.0,0.0,0.0,0.0,0.0,0,0
1779629212.674926,0.0,0.0,0.0,0.0,0.0,0.0,0,0
1779629212.705930,0.0,0.0,0.0,0.0,0.0,0.0,0,0
1779629212.736871,0.0,0.0,0.0,0.0,0.0,0.0,0,0
1779629212.767902,0.0,0.0,0.0,0.0,0.0,0.0,0,0
1779629212.798972,0.0,0.0,0.0,0.0,0.0,0.0,0,0
1779629212.829897,0.0,0.0,0.0,0.0,0.0,0.0,0,0
1779629212.860913,0.0,0.0,0.0,0.0,0.0,0.0,0,0
1779629212.891920,0.0,0.0,0.0,0.0,0.0,0.0,0,0
1779629212.922960,0.0,0.0,0.0,0.0,0.0,0.0,0,0
1779629212.953873,0.0,0.0,0.0,0.0,0.0,0.0,0,0
1779629212.984901,0.0,0.0,0.0,0.0,0.0,0.0,0,0
1779629213.015917,0.0,0.0,0.0,0.0,0.0,0.0,0,0
1779629213.046943,0.0,0.0,0.0,0.0,0.0,0.0,0,0
1779629213.077908,0.0,0.0,0.0,0.0,0.0,0.0,0,0
1779629213.108914,0.0,0.0,0.0,0.0,0.0,0.0,0,0
1779629213.139923,0.0,0.0,0.0,0.0,0.0,0.0,0,0
1779629213.170965,0.0,0.0,0.0,0.0,0.0,0.0,0,0
1779629213.201874,0.0,0.0,0.0,0.0,0.0,0.0,0,0
1779629213.232931,0.0,0.0,0.0,0.0,0.0,0.0,0,0
1779629213.263936,0.0,0.0,0.0,0.0,0.0,0.0,0,0
1779629213.294960,0.0,0.0,0.0,0.0,0.0,0.0,0,0
1779629213.325916,0.0,0.0,0.0,0.0,0.0,0.0,0,0
1779629213.356964,0.0,0.0,0.0,0.0,0.0,0.0,0,0
1779629213.387953,0.0,0.0,0.0,0.0,0.0,0.0,0,0
1779629213.418946,0.0,0.0,0.0,0.0,0.0,0.0,0,0
1779629213.449949,0.0,0.0,0.0,0.0,0.0,0.0,0,0
1779629213.480934,0.0,0.0,0.0,0.0,0.0,0.0,0,0
1779629213.511868,0.0,0.0,0.0,0.0,0.0,0.0,0,0
1779629213.542907,0.0,0.0,0.0,0.0,0.0,0.0,0,0
1779629213.573920,0.0,0.0,0.0,0.0,0.0,0.0,0,0
1779629213.604942,0.0,0.0,0.0,0.0,0.0,0.0,0,0
1779629213.635888,0.0,0.0,0.0,0.0,0.0,0.0,0,0
1779629213.666882,0.0,0.0,0.0,0.0,0.0,0.0,0,0
1779629213.697907,0.0,0.0,0.0,0.0,0.0,0.0,0,0
1779629213.728883,0.0,0.0,0.0,0.0,0.0,0.0,0,0
1779629213.759909,0.0,0.0,0.0,0.0,0.0,0.0,0,0
1779629213.790946,0.0,0.0,0.0,0.0,0.0,0.0,0,0
1779629213.821972,0.0,0.0,0.0,0.0,0.0,0.0,0,0
1779629213.852957,0.0,0.0,0.0,0.0,0.0,0.0,0,0
1779629213.883926,0.0,0.0,0.0,0.0,0.0,0.0,0,0
1779629213.914960,0.0,0.0,0.0,0.0,0.0,0.0,0,0
1779629213.945939,0.0,0.0,0.0,0.0,0.0,0.0,0,0
1779629213.976916,0.0,0.0,0.0,0.0,0.0,0.0,0,0
1779629214.007953,0.0,0.0,0.0,0.0,0.0,0.0,0,0
1779629214.038885,0.0,0.0,0.0,0.0,0.0,0.0,0,0
1779629214.069922,0.0,0.0,0.0,0.0,0.0,0.0,0,0
1779629214.100926,0.0,0.0,0.0,0.0,0.0,0.0,0,0
1779629214.131937,0.0,0.0,0.0,0.0,0.0,0.0,0,0
1779629214.162915,0.0,0.0,0.0,0.0,0.0,0.0,0,0
1779629214.193891,0.0,0.0,0.0,0.0,0.0,0.0,0,0
1779629214.224950,0.0,0.0,0.0,0.0,0.0,0.0,0,0
1779629214.255904,0.0,0.0,0.0,0.0,0.0,0.0,0,0
1779629214.286904,0.0,0.0,0.0,0.0,0.0,0.0,0,0
1779629214.317909,0.0,0.0,0.0,0.0,0.0,0.0,0,0
1779629214.348886,0.0,0.0,0.0,0.0,0.0,0.0,0,0
1779629214.379864,0.0,0.0,0.0,0.0,0.0,0.0,0,0
1779629214.410916,0.0,0.0,0.0,0.0,0.0,0.0,0,0
1779629214.441905,0.0,0.0,0.0,0.0,0.0,0.0,0,0
1779629214.472902,0.0,0.0,0.0,0.0,0.0,0.0,0,0
1779629214.503898,0.0,0.0,0.0,0.0,0.0,0.0,0,0
1779629214.534982,0.0,0.0,0.0,0.0,0.0,0.0,0,0
1779629214.565922,0.0,0.0,0.0,0.0,0.0,0.0,0,0
1779629214.596918,0.0,0.0,0.0,0.0,0.0,0.0,0,0
1779629214.627934,0.0,0.0,0.0,0.0,0.0,0.0,0,0
1779629214.658935,0.0,0.0,0.0,0.0,0.0,0.0,0,0
1779629214.689907,0.0,0.0,0.0,0.0,0.0,0.0,0,0
1779629214.720908,0.0,0.0,0.0,0.0,0.0,0.0,0,0
1779629214.751932,0.0,0.0,0.0,0.0,0.0,0.0,0,0
1779629214.782927,0.0,0.0,0.0,0.0,0.0,0.0,0,0
1779629214.813960,0.0,0.0,0.0,0.0,0.0,0.0,0,0
1779629214.844942,0.0,0.0,0.0,0.0,0.0,0.0,0,0
1779629214.875934,0.0,0.0,0.0,0.0,0.0,0.0,0,0
1779629214.906940,0.0,0.0,0.0,0.0,0.0,0.0,0,0
1779629214.937939,0.0,0.0,0.0,0.0,0.0,0.0,0,0
1779629214.968913,0.0,0.0,0.0,0.0,0.0,0.0,0,0
1779629214.999927,0.0,0.0,0.0,0.0,0.0,0.0,0,0
1779629215.030955,0.0,0.0,0.0,0.0,0.0,0.0,0,0
1779629215.061952,0.0,0.0,0.0,0.0,0.0,0.0,0,0
1779629215.092935,0.0,0.0,0.0,0.0,0.0,0.0,0,0
1779629215.123891,0.0,0.0,0.0,0.0,0.0,0.0,0,0
1779629215.154902,0.0,0.0,0.0,0.0,0.0,0.0,0,0
1779629215.185894,0.0,0.0,0.0,0.0,0.0,0.0,0,0
1779629215.216935,0.0,0.0,0.0,0.0,0.0,0.0,0,0
1779629215.247925,0.0,0.0,0.0,0.0,0.0,0.0,0,0
1779629215.278955,0.0,0.0,0.0,0.0,0.0,0.0,0,0
1779629215.309950,0.0,0.0,0.0,0.0,0.0,0.0,0,0
1779629215.340949,0.0,0.0,0.0,0.0,0.0,0.0,0,0
1779629215.371888,0.0,0.0,0.0,0.0,0.0,0.0,0,0
1779629215.402907,0.0,0.0,0.0,0.0,0.0,0.0,0,0
1779629215.433890,0.0,0.0,0.0,0.0,0.0,0.0,0,0
1779629215.464904,0.0,0.0,0.0,0.0,0.0,0.0,0,0
1779629215.495920,0.0,0.0,0.0,0.0,0.0,0.0,0,0
1779629215.526914,0.0,0.0,0.0,0.0,0.0,0.0,0,0
1779629215.557944,0.0,0.0,0.0,0.0,0.0,0.0,0,0
1779629215.588929,0.0,0.0,0.0,0.0,0.0,0.0,0,0
1779629215.619937,0.0,0.0,0.0,0.0,0.0,0.0,0,0
1779629215.650888,0.0,0.0,0.0,0.0,0.0,0.0,0,0
1779629215.681862,0.0,0.0,0.0,0.0,0.0,0.0,0,0
1779629215.712842,0.0,0.0,0.0,0.0,0.0,0.0,0,0
1779629215.743924,0.0,0.0,0.0,0.0,0.0,0.0,0,0
1779629215.774976,0.0,0.0,0.0,0.0,0.0,0.0,0,0
1779629215.805967,0.0,0.0,0.0,0.0,0.0,0.0,0,0
1779629215.836919,0.0,0.0,0.0,0.0,0.0,0.0,0,0
1779629215.867954,0.0,0.0,0.0,0.0,0.0,0.0,0,0
1779629215.898925,0.0,0.0,0.0,0.0,0.0,0.0,0,0
1779629215.929905,0.0,0.0,0.0,0.0,0.0,0.0,0,0
1779629215.960960,0.0,0.0,0.0,0.0,0.0,0.0,0,0
1779629215.991917,0.0,0.0,0.0,0.0,0.0,0.0,0,0
1779629216.022943,0.0,0.0,0.0,0.0,0.0,0.0,0,0
1779629216.053882,0.0,0.0,0.0,0.0,0.0,0.0,0,0
1779629216.084939,0.0,0.0,0.0,0.0,0.0,0.0,0,0
1779629216.115971,0.0,0.0,0.0,0.0,0.0,0.0,0,0
1779629216.146926,0.0,0.0,0.0,0.0,0.0,0.0,0,0
1779629216.177881,0.0,0.0,0.0,0.0,0.0,0.0,0,0
1779629216.208907,0.0,0.0,0.0,0.0,0.0,0.0,0,0
1779629216.239967,0.0,0.0,0.0,0.0,0.0,0.0,0,0
1779629216.270975,0.0,0.0,0.0,0.0,0.0,0.0,0,0
1779629216.301904,0.0,0.0,0.0,0.0,0.0,0.0,0,0
1779629216.332893,0.0,0.0,0.0,0.0,0.0,0.0,0,0
1779629216.363919,0.0,0.0,0.0,0.0,0.0,0.0,0,0
1779629216.394892,0.0,0.0,0.0,0.0,0.0,0.0,0,0
1779629216.425981,0.0,0.0,0.0,0.0,0.0,0.0,0,0
1779629216.456892,0.0,0.0,0.0,0.0,0.0,0.0,0,0
1779629216.487891,0.0,0.0,0.0,0.0,0.0,0.0,0,0
1779629216.518957,0.0,0.0,0.0,0.0,0.0,0.0,0,0
1779629216.549905,0.0,0.0,0.0,0.0,0.0,0.0,0,0
1779629216.580917,0.0,0.0,0.0,0.0,0.0,0.0,0,0
1779629216.611959,0.0,0.0,0.0,0.0,0.0,0.0,0,0
1779629216.642889,0.0,0.0,0.0,0.0,0.0,0.0,0,0
1779629216.673881,0.0,0.0,0.0,0.0,0.0,0.0,0,0
1779629216.704885,0.0,0.0,0.0,0.0,0.0,0.0,0,0
1779629216.735893,0.0,0.0,0.0,0.0,0.0,0.0,0,0
1779629216.766867,0.0,0.0,0.0,0.0,0.0,0.0,0,0
1779629216.797846,0.0,0.0,0.0,0.0,0.0,0.0,0,0
1779629216.828850,0.0,0.0,0.0,0.0,0.0,0.0,0,0
1779629216.859919,0.0,0.0,0.0,0.0,0.0,0.0,0,0
1779629216.890844,0.0,0.0,0.0,0.0,0.0,0.0,0,0
1779629216.921928,0.0,0.0,0.0,0.0,0.0,0.0,0,0
1779629216.952952,0.0,0.0,0.0,0.0,0.0,0.0,0,0
1779629216.983962,0.0,0.0,0.0,0.0,0.0,0.0,0,0
1779629217.014945,0.0,0.0,0.0,0.0,0.0,0.0,0,0
1779629217.045960,0.0,0.0,0.0,0.0,0.0,0.0,0,0
1779629217.076926,0.0,0.0,0.0,0.0,0.0,0.0,0,0
1779629217.107899,0.0,0.0,0.0,0.0,0.0,0.0,0,0
1779629217.138860,0.0,0.0,0.0,0.0,0.0,0.0,0,0
1779629217.169942,0.0,0.0,0.0,0.0,0.0,0.0,0,0
1779629217.200927,0.0,0.0,0.0,0.0,0.0,0.0,0,0
1779629217.231950,0.0,0.0,0.0,0.0,0.0,0.0,0,0
1779629217.262996,0.0,0.0,0.0,0.0,0.0,0.0,0,0
1779629217.293909,0.0,0.0,0.0,0.0,0.0,0.0,0,0
1779629217.324923,0.0,0.0,0.0,0.0,0.0,0.0,0,0
1779629217.355930,0.0,0.0,0.0,0.0,0.0,0.0,0,0
1779629217.386920,0.0,0.0,0.0,0.0,0.0,0.0,0,0
1779629217.417963,0.0,0.0,0.0,0.0,0.0,0.0,0,0
1779629217.448892,0.0,0.0,0.0,0.0,0.0,0.0,0,0
1779629217.479900,0.0,0.0,0.0,0.0,0.0,0.0,0,0
1779629217.510894,0.0,0.0,0.0,0.0,0.0,0.0,0,0
1779629217.541902,0.0,0.0,0.0,0.0,0.0,0.0,0,0
1779629217.572882,0.0,0.0,0.0,0.0,0.0,0.0,0,0
1779629217.603919,0.0,0.0,0.0,0.0,0.0,0.0,0,0
1779629217.634903,0.0,0.0,0.0,0.0,0.0,0.0,0,0
1779629217.665873,0.0,0.0,0.0,0.0,0.0,0.0,0,0
1779629217.696907,0.0,0.0,0.0,0.0,0.0,0.0,0,0
1779629217.727894,0.0,0.0,0.0,0.0,0.0,0.0,0,0
1779629217.758919,0.0,0.0,0.0,0.0,0.0,0.0,0,0
1779629217.789892,0.0,0.0,0.0,0.0,0.0,0.0,0,0
1779629217.820908,0.0,0.0,0.0,0.0,0.0,0.0,0,0
1779629217.851938,0.0,0.0,0.0,0.0,0.0,0.0,0,0
1779629217.882906,0.0,0.0,0.0,0.0,0.0,0.0,0,0
1779629217.913895,0.0,0.0,0.0,0.0,0.0,0.0,0,0
1779629217.945352,0.0,0.0,0.0,0.0,0.0,0.0,0,0
1779629217.975930,0.0,0.0,0.0,0.0,0.0,0.0,0,0
1779629218.006901,0.0,0.0,0.0,0.0,0.0,0.0,0,0
1779629218.037914,0.0,0.0,0.0,0.0,0.0,0.0,0,0
1779629218.068989,0.0,0.0,0.0,0.0,0.0,0.0,0,0
1779629218.099928,0.0,0.0,0.0,0.0,0.0,0.0,0,0
1779629218.130924,0.0,0.0,0.0,0.0,0.0,0.0,0,0
1779629218.161928,0.0,0.0,0.0,0.0,0.0,0.0,0,0
1779629218.192920,0.0,0.0,0.0,0.0,0.0,0.0,0,0
1779629218.223946,0.0,0.0,0.0,0.0,0.0,0.0,0,0
1779629218.254972,0.0,0.0,0.0,0.0,0.0,0.0,0,0
1779629218.285922,0.0,0.0,0.0,0.0,0.0,0.0,0,0
1779629218.316905,0.0,0.0,0.0,0.0,0.0,0.0,0,0
1779629218.347926,0.0,0.0,0.0,0.0,0.0,0.0,0,0
1779629218.378931,0.0,0.0,0.0,0.0,0.0,0.0,0,0
1779629218.409935,0.0,0.0,0.0,0.0,0.0,0.0,0,0
1779629218.440899,0.0,0.0,0.0,0.0,0.0,0.0,0,0
1779629218.471928,0.0,0.0,0.0,0.0,0.0,0.0,0,0
1779629218.502919,0.0,0.0,0.0,0.0,0.0,0.0,0,0
1779629218.533885,0.0,0.0,0.0,0.0,0.0,0.0,0,0
1779629218.564960,0.0,0.0,0.0,0.0,0.0,0.0,0,0
1779629218.595930,0.0,0.0,0.0,0.0,0.0,0.0,0,0
1779629218.626899,0.0,0.0,0.0,0.0,0.0,0.0,0,0
1779629218.657891,0.0,0.0,0.0,0.0,0.0,0.0,0,0
1779629218.688920,0.0,0.0,0.0,0.0,0.0,0.0,0,0
1779629218.719910,0.0,0.0,0.0,0.0,0.0,0.0,0,0
1779629218.750917,0.0,0.0,0.0,0.0,0.0,0.0,0,0
1779629218.781866,0.0,0.0,0.0,0.0,0.0,0.0,0,0
1779629218.812903,0.0,0.0,0.0,0.0,0.0,0.0,0,0
1779629218.843897,0.0,0.0,0.0,0.0,0.0,0.0,0,0
1779629218.874909,0.0,0.0,0.0,0.0,0.0,0.0,0,0
1779629218.905917,0.0,0.0,0.0,0.0,0.0,0.0,0,0
1779629218.936931,0.0,0.0,0.0,0.0,0.0,0.0,0,0
1779629218.967878,0.0,0.0,0.0,0.0,0.0,0.0,0,0
1779629218.998926,0.0,0.0,0.0,0.0,0.0,0.0,0,0
1779629219.029907,0.0,0.0,0.0,0.0,0.0,0.0,0,0
1779629219.060920,0.0,0.0,0.0,0.0,0.0,0.0,0,0
1779629219.091901,0.0,0.0,0.0,0.0,0.0,0.0,0,0
1779629219.122924,0.0,0.0,0.0,0.0,0.0,0.0,0,0
1779629219.153925,0.0,0.0,0.0,0.0,0.0,0.0,0,0
1779629219.184976,0.0,0.0,0.0,0.0,0.0,0.0,0,0
1779629219.215896,0.0,0.0,0.0,0.0,0.0,0.0,0,0
1779629219.246937,0.0,0.0,0.0,0.0,0.0,0.0,0,0
1779629219.277934,0.0,0.0,0.0,0.0,0.0,0.0,0,0
1779629219.308913,0.0,0.0,0.0,0.0,0.0,0.0,0,0
1779629219.339890,0.0,0.0,0.0,0.0,0.0,0.0,0,0
1779629219.370974,0.0,0.0,0.0,0.0,0.0,0.0,0,0
1779629219.401962,0.0,0.0,0.0,0.0,0.0,0.0,0,0
1779629219.432934,0.0,0.0,0.0,0.0,0.0,0.0,0,0
1779629219.463917,0.0,0.0,0.0,0.0,0.0,0.0,0,0
1779629219.494934,0.0,0.0,0.0,0.0,0.0,0.0,0,0
1779629219.525944,0.0,0.0,0.0,0.0,0.0,0.0,0,0
1779629219.556976,0.0,0.0,0.0,0.0,0.0,0.0,0,0
1779629219.587942,0.0,0.0,0.0,0.0,0.0,0.0,0,0
1779629219.618950,0.0,0.0,0.0,0.0,0.0,0.0,0,0
1779629219.649935,0.0,0.0,0.0,0.0,0.0,0.0,0,0
1779629219.680928,0.0,0.0,0.0,0.0,0.0,0.0,0,0
1779629219.711994,0.0,0.0,0.0,0.0,0.0,0.0,0,0
1779629219.742951,0.0,0.0,0.0,0.0,0.0,0.0,0,0
1779629219.773861,0.0,0.0,0.0,0.0,0.0,0.0,0,0
1779629219.804909,0.0,0.0,0.0,0.0,0.0,0.0,0,0
1779629219.835933,0.0,0.0,0.0,0.0,0.0,0.0,0,0
1779629219.866915,0.0,0.0,0.0,0.0,0.0,0.0,0,0
1779629219.897894,0.0,0.0,0.0,0.0,0.0,0.0,0,0
1779629219.928947,0.0,0.0,0.0,0.0,0.0,0.0,0,0
1779629219.959900,0.0,0.0,0.0,0.0,0.0,0.0,0,0
1779629219.990880,0.0,0.0,0.0,0.0,0.0,0.0,0,0
1779629220.021921,0.0,0.0,0.0,0.0,0.0,0.0,0,0
1779629220.052970,0.0,0.0,0.0,0.0,0.0,0.0,0,0
1779629220.083893,0.0,0.0,0.0,0.0,0.0,0.0,0,0
1779629220.114907,0.0,0.0,0.0,0.0,0.0,0.0,0,0
1779629220.145910,0.0,0.0,0.0,0.0,0.0,0.0,0,0
1779629220.176893,0.0,0.0,0.0,0.0,0.0,0.0,0,0
1779629220.207898,0.0,0.0,0.0,0.0,0.0,0.0,0,0
1779629220.238919,0.0,0.0,0.0,0.0,0.0,0.0,0,0
1779629220.269911,0.0,0.0,0.0,0.0,0.0,0.0,0,0
1779629220.300913,0.0,0.0,0.0,0.0,0.0,0.0,0,0
1779629220.331932,0.0,0.0,0.0,0.0,0.0,0.0,0,0
1779629220.362917,0.0,0.0,0.0,0.0,0.0,0.0,0,0
1779629220.393951,0.0,0.0,0.0,0.0,0.0,0.0,0,0
1779629220.424987,0.0,0.0,0.0,0.0,0.0,0.0,0,0
1779629220.455971,0.0,0.0,0.0,0.0,0.0,0.0,0,0
1779629220.486908,0.0,0.0,0.0,0.0,0.0,0.0,0,0
1779629220.517972,0.0,0.0,0.0,0.0,0.0,0.0,0,0
1779629220.548933,0.0,0.0,0.0,0.0,0.0,0.0,0,0
1779629220.579929,0.0,0.0,0.0,0.0,0.0,0.0,0,0
1779629220.610924,0.0,0.0,0.0,0.0,0.0,0.0,0,0
1779629220.641921,0.0,0.0,0.0,0.0,0.0,0.0,0,0
1779629220.672917,0.0,0.0,0.0,0.0,0.0,0.0,0,0
1779629220.703985,0.0,0.0,0.0,0.0,0.0,0.0,0,0
1779629220.734946,0.0,0.0,0.0,0.0,0.0,0.0,0,0
1779629220.765944,0.0,0.0,0.0,0.0,0.0,0.0,0,0
1779629220.796928,0.0,0.0,0.0,0.0,0.0,0.0,0,0
1779629220.827936,0.0,0.0,0.0,0.0,0.0,0.0,0,0
1779629220.858960,0.0,0.0,0.0,0.0,0.0,0.0,0,0
1779629220.889934,0.0,0.0,0.0,0.0,0.0,0.0,0,0
1779629220.920937,0.0,0.0,0.0,0.0,0.0,0.0,0,0
1779629220.951895,0.0,0.0,0.0,0.0,0.0,0.0,0,0
1779629220.982937,0.0,0.0,0.0,0.0,0.0,0.0,0,0
1779629221.013921,0.0,0.0,0.0,0.0,0.0,0.0,0,0
1779629221.044976,0.0,0.0,0.0,0.0,0.0,0.0,0,0
1779629221.075935,0.0,0.0,0.0,0.0,0.0,0.0,0,0
1779629221.106927,0.0,0.0,0.0,0.0,0.0,0.0,0,0
1779629221.137943,0.0,0.0,0.0,0.0,0.0,0.0,0,0
1779629221.168916,0.0,0.0,0.0,0.0,0.0,0.0,0,0
1779629221.199888,0.0,0.0,0.0,0.0,0.0,0.0,0,0
1779629221.230933,0.0,0.0,0.0,0.0,0.0,0.0,0,0
1779629221.261904,0.0,0.0,0.0,0.0,0.0,0.0,0,0
1779629221.292887,0.0,0.0,0.0,0.0,0.0,0.0,0,0
1779629221.323953,0.0,0.0,0.0,0.0,0.0,0.0,0,0
1779629221.354919,0.0,0.0,0.0,0.0,0.0,0.0,0,0
1779629221.385941,0.0,0.0,0.0,0.0,0.0,0.0,0,0
1779629221.416916,0.0,0.0,0.0,0.0,0.0,0.0,0,0
1779629221.447926,0.0,0.0,0.0,0.0,0.0,0.0,0,0
1779629221.478928,0.0,0.0,0.0,0.0,0.0,0.0,0,0
1779629221.509954,0.0,0.0,0.0,0.0,0.0,0.0,0,0
1779629221.540891,0.0,0.0,0.0,0.0,0.0,0.0,0,0
1779629221.571884,0.0,0.0,0.0,0.0,0.0,0.0,0,0
1779629221.602930,0.0,0.0,0.0,0.0,0.0,0.0,0,0
1779629221.633857,0.0,0.0,0.0,0.0,0.0,0.0,0,0
1779629221.664908,0.0,0.0,0.0,0.0,0.0,0.0,0,0
1779629221.695878,0.0,0.0,0.0,0.0,0.0,0.0,0,0
1779629221.726887,0.0,0.0,0.0,0.0,0.0,0.0,0,0
1779629221.757902,0.0,0.0,0.0,0.0,0.0,0.0,0,0
1779629221.788899,0.0,0.0,0.0,0.0,0.0,0.0,0,0
1779629221.819925,0.0,0.0,0.0,0.0,0.0,0.0,0,0
1779629221.850971,0.0,0.0,0.0,0.0,0.0,0.0,0,0
1779629221.881976,0.0,0.0,0.0,0.0,0.0,0.0,0,0
1779629221.912874,0.0,0.0,0.0,0.0,0.0,0.0,0,0
1779629221.943945,0.0,0.0,0.0,0.0,0.0,0.0,0,0
1779629221.974911,0.0,0.0,0.0,0.0,0.0,0.0,0,0
1779629222.005932,0.0,0.0,0.0,0.0,0.0,0.0,0,0
1779629222.036944,0.0,0.0,0.0,0.0,0.0,0.0,0,0
1779629222.067931,0.0,0.0,0.0,0.0,0.0,0.0,0,0
1779629222.098938,0.0,0.0,0.0,0.0,0.0,0.0,0,0
1779629222.129934,0.0,0.0,0.0,0.0,0.0,0.0,0,0
1779629222.160985,0.0,0.0,0.0,0.0,0.0,0.0,0,0
1779629222.191928,0.0,0.0,0.0,0.0,0.0,0.0,0,0
1779629222.222948,0.0,0.0,0.0,0.0,0.0,0.0,0,0
1779629222.253905,0.0,0.0,0.0,0.0,0.0,0.0,0,0
1779629222.284924,0.0,0.0,0.0,0.0,0.0,0.0,0,0
1779629222.315882,0.0,0.0,0.0,0.0,0.0,0.0,0,0
1779629222.346938,0.0,0.0,0.0,0.0,0.0,0.0,0,0
1779629222.377913,0.0,0.0,0.0,0.0,0.0,0.0,0,0
1779629222.408962,0.0,0.0,0.0,0.0,0.0,0.0,0,0
1779629222.439951,0.0,0.0,0.0,0.0,0.0,0.0,0,0
1779629222.470914,0.0,0.0,0.0,0.0,0.0,0.0,0,0
1779629222.501895,0.0,0.0,0.0,0.0,0.0,0.0,0,0
1779629222.532949,0.0,0.0,0.0,0.0,0.0,0.0,0,0
1779629222.563935,0.0,0.0,0.0,0.0,0.0,0.0,0,0
1779629222.594907,0.0,0.0,0.0,0.0,0.0,0.0,0,0
1779629222.625955,0.0,0.0,0.0,0.0,0.0,0.0,0,0
1779629222.656950,0.0,0.0,0.0,0.0,0.0,0.0,0,0
1779629222.687863,0.0,0.0,0.0,0.0,0.0,0.0,0,0
1779629222.718903,0.0,0.0,0.0,0.0,0.0,0.0,0,0
1779629222.749974,0.0,0.0,0.0,0.0,0.0,0.0,0,0
1779629222.780972,0.0,0.0,0.0,0.0,0.0,0.0,0,0
1779629222.811917,0.0,0.0,0.0,0.0,0.0,0.0,0,0
1779629222.842957,0.0,0.0,0.0,0.0,0.0,0.0,0,0
1779629222.873931,0.0,0.0,0.0,0.0,0.0,0.0,0,0
1779629222.904926,0.0,0.0,0.0,0.0,0.0,0.0,0,0
1779629222.935968,0.0,0.0,0.0,0.0,0.0,0.0,0,0
1779629222.966906,0.0,0.0,0.0,0.0,0.0,0.0,0,0
1779629222.997947,0.0,0.0,0.0,0.0,0.0,0.0,0,0
1779629223.028930,0.0,0.0,0.0,0.0,0.0,0.0,0,0
1779629223.059940,0.0,0.0,0.0,0.0,0.0,0.0,0,0
1779629223.090872,0.0,0.0,0.0,0.0,0.0,0.0,0,0
1779629223.121944,0.0,0.0,0.0,0.0,0.0,0.0,0,0
1779629223.152958,0.0,0.0,0.0,0.0,0.0,0.0,0,0
1779629223.183969,0.0,0.0,0.0,0.0,0.0,0.0,0,0
1779629223.214969,0.0,0.0,0.0,0.0,0.0,0.0,0,0
1779629223.246008,0.0,0.0,0.0,0.0,0.0,0.0,0,0
1779629223.276961,0.0,0.0,0.0,0.0,0.0,0.0,0,0
1779629223.307933,0.0,0.0,0.0,0.0,0.0,0.0,0,0
1779629223.338953,0.0,0.0,0.0,0.0,0.0,0.0,0,0
1779629223.369966,0.0,0.0,0.0,0.0,0.0,0.0,0,0
1779629223.400934,0.0,0.0,0.0,0.0,0.0,0.0,0,0
1779629223.431974,0.0,0.0,0.0,0.0,0.0,0.0,0,0
1779629223.462945,0.0,0.0,0.0,0.0,0.0,0.0,0,0
1779629223.493879,0.0,0.0,0.0,0.0,0.0,0.0,0,0
1779629223.525039,0.0,0.0,0.0,0.0,0.0,0.0,0,0
1779629223.555936,0.0,0.0,0.0,0.0,0.0,0.0,0,0
1779629223.586926,0.0,0.0,0.0,0.0,0.0,0.0,0,0
1779629223.617925,0.0,0.0,0.0,0.0,0.0,0.0,0,0
1779629223.648938,0.0,0.0,0.0,0.0,0.0,0.0,0,0
1779629223.679952,0.0,0.0,0.0,0.0,0.0,0.0,0,0
1779629223.710915,0.0,0.0,0.0,0.0,0.0,0.0,0,0
1779629223.741961,0.0,0.0,0.0,0.0,0.0,0.0,0,0
1779629223.772914,0.0,0.0,0.0,0.0,0.0,0.0,0,0
1779629223.803923,0.0,0.0,0.0,0.0,0.0,0.0,0,0
1779629223.834905,0.0,0.0,0.0,0.0,0.0,0.0,0,0
1779629223.865934,0.0,0.0,0.0,0.0,0.0,0.0,0,0
1779629223.896951,0.0,0.0,0.0,0.0,0.0,0.0,0,0
1779629223.927926,0.0,0.0,0.0,0.0,0.0,0.0,0,0
1779629223.958977,0.0,0.0,0.0,0.0,0.0,0.0,0,0
1779629223.989928,0.0,0.0,0.0,0.0,0.0,0.0,0,0
1779629224.020914,0.0,0.0,0.0,0.0,0.0,0.0,0,0
1779629224.051926,0.0,0.0,0.0,0.0,0.0,0.0,0,0
1779629224.082908,0.0,0.0,0.0,0.0,0.0,0.0,0,0
1779629224.113982,0.0,0.0,0.0,0.0,0.0,0.0,0,0
1779629224.144879,0.0,0.0,0.0,0.0,0.0,0.0,0,0
1779629224.175964,0.0,0.0,0.0,0.0,0.0,0.0,0,0
1779629224.206864,0.0,0.0,0.0,0.0,0.0,0.0,0,0
1779629224.237916,0.0,0.0,0.0,0.0,0.0,0.0,0,0
1779629224.268963,0.0,0.0,0.0,0.0,0.0,0.0,0,0
1779629224.299946,0.0,0.0,0.0,0.0,0.0,0.0,0,0
1779629224.330945,0.0,0.0,0.0,0.0,0.0,0.0,0,0
1779629224.361982,0.0,0.0,0.0,0.0,0.0,0.0,0,0
1779629224.392937,0.0,0.0,0.0,0.0,0.0,0.0,0,0
1779629224.423996,0.0,0.0,0.0,0.0,0.0,0.0,0,0
1779629224.454940,0.0,0.0,0.0,0.0,0.0,0.0,0,0
1779629224.485898,0.0,0.0,0.0,0.0,0.0,0.0,0,0
1779629224.516965,0.0,0.0,0.0,0.0,0.0,0.0,0,0
1779629224.547967,0.0,0.0,0.0,0.0,0.0,0.0,0,0
1779629224.578957,0.0,0.0,0.0,0.0,0.0,0.0,0,0
1779629224.609913,0.0,0.0,0.0,0.0,0.0,0.0,0,0
1779629224.640995,0.0,0.0,0.0,0.0,0.0,0.0,0,0
1779629224.671932,0.0,0.0,0.0,0.0,0.0,0.0,0,0
1779629224.702930,0.0,0.0,0.0,0.0,0.0,0.0,0,0
1779629224.733922,0.0,0.0,0.0,0.0,0.0,0.0,0,0
1779629224.764952,0.0,0.0,0.0,0.0,0.0,0.0,0,0
1779629224.795902,0.0,0.0,0.0,0.0,0.0,0.0,0,0
1779629224.826956,0.0,0.0,0.0,0.0,0.0,0.0,0,0
1779629224.857957,0.0,0.0,0.0,0.0,0.0,0.0,0,0
1779629224.888886,0.0,0.0,0.0,0.0,0.0,0.0,0,0
1779629224.919923,0.0,0.0,0.0,0.0,0.0,0.0,0,0
1779629224.950935,0.0,0.0,0.0,0.0,0.0,0.0,0,0
1779629224.981970,0.0,0.0,0.0,0.0,0.0,0.0,0,0
1779629225.012958,0.0,0.0,0.0,0.0,0.0,0.0,0,0
1779629225.043939,0.0,0.0,0.0,0.0,0.0,0.0,0,0
1779629225.074918,0.0,0.0,0.0,0.0,0.0,0.0,0,0
1779629225.105886,0.0,0.0,0.0,0.0,0.0,0.0,0,0
1779629225.136919,0.0,0.0,0.0,0.0,0.0,0.0,0,0
1779629225.167928,0.0,0.0,0.0,0.0,0.0,0.0,0,0
1779629225.198906,0.0,0.0,0.0,0.0,0.0,0.0,0,0
1779629225.229936,0.0,0.0,0.0,0.0,0.0,0.0,0,0
1779629225.260861,0.0,0.0,0.0,0.0,0.0,0.0,0,0
1779629225.291938,0.0,0.0,0.0,0.0,0.0,0.0,0,0
1779629225.322881,0.0,0.0,0.0,0.0,0.0,0.0,0,0
1779629225.353892,0.0,0.0,0.0,0.0,0.0,0.0,0,0
1779629225.384974,0.0,0.0,0.0,0.0,0.0,0.0,0,0
1779629225.415961,0.0,0.0,0.0,0.0,0.0,0.0,0,0
1779629225.446942,0.0,0.0,0.0,0.0,0.0,0.0,0,0
1779629225.477957,0.0,0.0,0.0,0.0,0.0,0.0,0,0
1779629225.508865,0.0,0.0,0.0,0.0,0.0,0.0,0,0
1779629225.539885,0.0,0.0,0.0,0.0,0.0,0.0,0,0
1779629225.570923,0.0,0.0,0.0,0.0,0.0,0.0,0,0
1779629225.601920,0.0,0.0,0.0,0.0,0.0,0.0,0,0
1779629225.632964,0.0,0.0,0.0,0.0,0.0,0.0,0,0
1779629225.663969,0.0,0.0,0.0,0.0,0.0,0.0,0,0
1779629225.694903,0.0,0.0,0.0,0.0,0.0,0.0,0,0
1779629225.725911,0.0,0.0,0.0,0.0,0.0,0.0,0,0
1779629225.756913,0.0,0.0,0.0,0.0,0.0,0.0,0,0
1779629225.787904,0.0,0.0,0.0,0.0,0.0,0.0,0,0
1779629225.818887,0.0,0.0,0.0,0.0,0.0,0.0,0,0
1779629225.849894,0.0,0.0,0.0,0.0,0.0,0.0,0,0
1779629225.880977,0.0,0.0,0.0,0.0,0.0,0.0,0,0
1779629225.911961,0.0,0.0,0.0,0.0,0.0,0.0,0,0
1779629225.942949,0.0,0.0,0.0,0.0,0.0,0.0,0,0
1779629225.973929,0.0,0.0,0.0,0.0,0.0,0.0,0,0
1779629226.004942,0.0,0.0,0.0,0.0,0.0,0.0,0,0
1779629226.035938,0.0,0.0,0.0,0.0,0.0,0.0,0,0
1779629226.066932,0.0,0.0,0.0,0.0,0.0,0.0,0,0
1779629226.097918,0.0,0.0,0.0,0.0,0.0,0.0,0,0
1779629226.128959,0.0,0.0,0.0,0.0,0.0,0.0,0,0
1779629226.159932,0.0,0.0,0.0,0.0,0.0,0.0,0,0
1779629226.190933,0.0,0.0,0.0,0.0,0.0,0.0,0,0
1779629226.221918,0.0,0.0,0.0,0.0,0.0,0.0,0,0
1779629226.252947,0.0,0.0,0.0,0.0,0.0,0.0,0,0
1779629226.283940,0.0,0.0,0.0,0.0,0.0,0.0,0,0
1779629226.314924,0.0,0.0,0.0,0.0,0.0,0.0,0,0
1779629226.345928,0.0,0.0,0.0,0.0,0.0,0.0,0,0
1779629226.376993,0.0,0.0,0.0,0.0,0.0,0.0,0,0
1779629226.407921,0.0,0.0,0.0,0.0,0.0,0.0,0,0
1779629226.438957,0.0,0.0,0.0,0.0,0.0,0.0,0,0
1779629226.470008,0.0,0.0,0.0,0.0,0.0,0.0,0,0
1779629226.500910,0.0,0.0,0.0,0.0,0.0,0.0,0,0
1779629226.531898,0.0,0.0,0.0,0.0,0.0,0.0,0,0
1779629226.562943,0.0,0.0,0.0,0.0,0.0,0.0,0,0
1779629226.593894,0.0,0.0,0.0,0.0,0.0,0.0,0,0
1779629226.624890,0.0,0.0,0.0,0.0,0.0,0.0,0,0
1779629226.655910,0.0,0.0,0.0,0.0,0.0,0.0,0,0
1779629226.686894,0.0,0.0,0.0,0.0,0.0,0.0,0,0
1779629226.717894,0.0,0.0,0.0,0.0,0.0,0.0,0,0
1779629226.748896,0.0,0.0,0.0,0.0,0.0,0.0,0,0
1779629226.779916,0.0,0.0,0.0,0.0,0.0,0.0,0,0
1779629226.810944,0.0,0.0,0.0,0.0,0.0,0.0,0,0
1779629226.841913,0.0,0.0,0.0,0.0,0.0,0.0,0,0
1779629226.872929,0.0,0.0,0.0,0.0,0.0,0.0,0,0
1779629226.903960,0.0,0.0,0.0,0.0,0.0,0.0,0,0
1779629226.934944,0.0,0.0,0.0,0.0,0.0,0.0,0,0
1779629226.965933,0.0,0.0,0.0,0.0,0.0,0.0,0,0
1779629226.996960,0.0,0.0,0.0,0.0,0.0,0.0,0,0
1779629227.027935,0.0,0.0,0.0,0.0,0.0,0.0,0,0
1779629227.058935,0.0,0.0,0.0,0.0,0.0,0.0,0,0
1779629227.089897,0.0,0.0,0.0,0.0,0.0,0.0,0,0
1779629227.120944,0.0,0.0,0.0,0.0,0.0,0.0,0,0
1779629227.151926,0.0,0.0,0.0,0.0,0.0,0.0,0,0
1779629227.182908,0.0,0.0,0.0,0.0,0.0,0.0,0,0
1779629227.213921,0.0,0.0,0.0,0.0,0.0,0.0,0,0
1779629227.244876,0.0,0.0,0.0,0.0,0.0,0.0,0,0
1779629227.275918,0.0,0.0,0.0,0.0,0.0,0.0,0,0
1779629227.306890,0.0,0.0,0.0,0.0,0.0,0.0,0,0
1779629227.337981,0.0,0.0,0.0,0.0,0.0,0.0,0,0
1779629227.369050,0.0,0.0,0.0,0.0,0.0,0.0,0,0
1779629227.399911,0.0,0.0,0.0,0.0,0.0,0.0,0,0
1779629227.430970,0.0,0.0,0.0,0.0,0.0,0.0,0,0
1779629227.461896,0.0,0.0,0.0,0.0,0.0,0.0,0,0
1779629227.492959,0.0,0.0,0.0,0.0,0.0,0.0,0,0
1779629227.523921,0.0,0.0,0.0,0.0,0.0,0.0,0,0
1779629227.554932,0.0,0.0,0.0,0.0,0.0,0.0,0,0
1779629227.585914,0.0,0.0,0.0,0.0,0.0,0.0,0,0
1779629227.616933,0.0,0.0,0.0,0.0,0.0,0.0,0,0
1779629227.647930,0.0,0.0,0.0,0.0,0.0,0.0,0,0
1779629227.678947,0.0,0.0,0.0,0.0,0.0,0.0,0,0
1779629227.709958,0.0,0.0,0.0,0.0,0.0,0.0,0,0
1779629227.740910,0.0,0.0,0.0,0.0,0.0,0.0,0,0
1779629227.771918,0.0,0.0,0.0,0.0,0.0,0.0,0,0
1779629227.802958,0.0,0.0,0.0,0.0,0.0,0.0,0,0
1779629227.833927,0.0,0.0,0.0,0.0,0.0,0.0,0,0
1779629227.864893,0.0,0.0,0.0,0.0,0.0,0.0,0,0
1779629227.895924,0.0,0.0,0.0,0.0,0.0,0.0,0,0
1779629227.926953,0.0,0.0,0.0,0.0,0.0,0.0,0,0
1779629227.957921,0.0,0.0,0.0,0.0,0.0,0.0,0,0
1779629227.988956,0.0,0.0,0.0,0.0,0.0,0.0,0,0
1779629228.019943,0.0,0.0,0.0,0.0,0.0,0.0,0,0
1779629228.050918,0.0,0.0,0.0,0.0,0.0,0.0,0,0
1779629228.081936,0.0,0.0,0.0,0.0,0.0,0.0,0,0
1779629228.112944,0.0,0.0,0.0,0.0,0.0,0.0,0,0
1779629228.143990,0.0,0.0,0.0,0.0,0.0,0.0,0,0
1779629228.174912,0.0,0.0,0.0,0.0,0.0,0.0,0,0
1779629228.205918,0.0,0.0,0.0,0.0,0.0,0.0,0,0
1779629228.236922,0.0,0.0,0.0,0.0,0.0,0.0,0,0
1779629228.267907,0.0,0.0,0.0,0.0,0.0,0.0,0,0
1779629228.298935,0.0,0.0,0.0,0.0,0.0,0.0,0,0
1779629228.329928,0.0,0.0,0.0,0.0,0.0,0.0,0,0
1779629228.360958,0.0,0.0,0.0,0.0,0.0,0.0,0,0
1779629228.391972,0.0,0.0,0.0,0.0,0.0,0.0,0,0
1779629228.422937,0.0,0.0,0.0,0.0,0.0,0.0,0,0
1779629228.453962,0.0,0.0,0.0,0.0,0.0,0.0,0,0
1779629228.484937,0.0,0.0,0.0,0.0,0.0,0.0,0,0
1779629228.515946,0.0,0.0,0.0,0.0,0.0,0.0,0,0
1779629228.546930,0.0,0.0,0.0,0.0,0.0,0.0,0,0
1779629228.577984,0.0,0.0,0.0,0.0,0.0,0.0,0,0
1779629228.608880,0.0,0.0,0.0,0.0,0.0,0.0,0,0
1779629228.639908,0.0,0.0,0.0,0.0,0.0,0.0,0,0
1779629228.670920,0.0,0.0,0.0,0.0,0.0,0.0,0,0
1779629228.701878,0.0,0.0,0.0,0.0,0.0,0.0,0,0
1779629228.732918,0.0,0.0,0.0,0.0,0.0,0.0,0,0
1779629228.763930,0.0,0.0,0.0,0.0,0.0,0.0,0,0
1779629228.794950,0.0,0.0,0.0,0.0,0.0,0.0,0,0
1779629228.826022,0.0,0.0,0.0,0.0,0.0,0.0,0,0
1779629228.856949,0.0,0.0,0.0,0.0,0.0,0.0,0,0
1779629228.887968,0.0,0.0,0.0,0.0,0.0,0.0,0,0
1779629228.918949,0.0,0.0,0.0,0.0,0.0,0.0,0,0
1779629228.949975,0.0,0.0,0.0,0.0,0.0,0.0,0,0
1779629228.980956,0.0,0.0,0.0,0.0,0.0,0.0,0,0
1779629229.011945,0.0,0.0,0.0,0.0,0.0,0.0,0,0
1779629229.043079,0.0,0.0,0.0,0.0,0.0,0.0,0,0
1779629229.073919,0.0,0.0,0.0,0.0,0.0,0.0,0,0
1779629229.104902,0.0,0.0,0.0,0.0,0.0,0.0,0,0
1779629229.136894,0.0,0.0,0.0,0.0,0.0,0.0,0,0
1779629229.167956,0.0,0.0,0.0,0.0,0.0,0.0,0,0
1779629229.198953,0.0,0.0,0.0,0.0,0.0,0.0,0,0
1779629229.229932,0.0,0.0,0.0,0.0,0.0,0.0,0,0
1779629229.260918,0.0,0.0,0.0,0.0,0.0,0.0,0,0
1779629229.291945,0.0,0.0,0.0,0.0,0.0,0.0,0,0
1779629229.322855,0.0,0.0,0.0,0.0,0.0,0.0,0,0
1779629229.353913,0.0,0.0,0.0,0.0,0.0,0.0,0,0
1779629229.384933,0.0,0.0,0.0,0.0,0.0,0.0,0,0
1779629229.415932,0.0,0.0,0.0,0.0,0.0,0.0,0,0
1779629229.446972,0.0,0.0,0.0,0.0,0.0,0.0,0,0
1779629229.478001,0.0,0.0,0.0,0.0,0.0,0.0,0,0
1779629229.509004,0.0,0.0,0.0,0.0,0.0,0.0,0,0
1779629229.539961,0.0,0.0,0.0,0.0,0.0,0.0,0,0
1779629229.570931,0.0,0.0,0.0,0.0,0.0,0.0,0,0
1779629229.601951,0.0,0.0,0.0,0.0,0.0,0.0,0,0
1779629229.632958,0.0,0.0,0.0,0.0,0.0,0.0,0,0
1779629229.663903,0.0,0.0,0.0,0.0,0.0,0.0,0,0
1779629229.694998,0.0,0.0,0.0,0.0,0.0,0.0,0,0
1779629229.725945,0.0,0.0,0.0,0.0,0.0,0.0,0,0
1779629229.756910,0.0,0.0,0.0,0.0,0.0,0.0,0,0
1779629229.787954,0.0,0.0,0.0,0.0,0.0,0.0,0,0
1779629229.818912,0.0,0.0,0.0,0.0,0.0,0.0,0,0
1779629229.849889,0.0,0.0,0.0,0.0,0.0,0.0,0,0
1779629229.880952,0.0,0.0,0.0,0.0,0.0,0.0,0,0
1779629229.911927,0.0,0.0,0.0,0.0,0.0,0.0,0,0
1779629229.942892,0.0,0.0,0.0,0.0,0.0,0.0,0,0
1779629229.973922,0.0,0.0,0.0,0.0,0.0,0.0,0,0
1779629230.004887,0.0,0.0,0.0,0.0,0.0,0.0,0,0
1779629230.035953,0.0,0.0,0.0,0.0,0.0,0.0,0,0
1779629230.066936,0.0,0.0,0.0,0.0,0.0,0.0,0,0
1779629230.097994,0.0,0.0,0.0,0.0,0.0,0.0,0,0
1779629230.128962,0.0,0.0,0.0,0.0,0.0,0.0,0,0
1779629230.159971,0.0,0.0,0.0,0.0,0.0,0.0,0,0
1779629230.190938,0.0,0.0,0.0,0.0,0.0,0.0,0,0
1779629230.221939,0.0,0.0,0.0,0.0,0.0,0.0,0,0
1779629230.230955,0.015625,-0.01171875,0.046875,-0.05078125,0.01953125,-0.005859375,0,0
1779629230.246982,0.015625,-0.01171875,0.046875,-0.05078125,0.01953125,-0.05859375,0,0
1779629230.254991,-0.017578125,-0.01171875,0.046875,-0.05078125,0.01953125,-0.05859375,0,0
1779629230.262974,-0.017578125,-0.01171875,0.046875,0.01953125,-0.015625,-0.14453125,0,0
1779629230.270865,-0.05859375,-0.01171875,0.046875,0.01953125,-0.015625,-0.14453125,0,0
1779629230.278920,-0.05859375,-0.01171875,0.046875,0.041015625,-0.044921875,-0.25,0,0
1779629230.286919,-0.1015625,0.02734375,0.046875,0.041015625,-0.044921875,-0.25,0,0
1779629230.294911,-0.1015625,0.02734375,0.046875,0.05859375,-0.064453125,-0.3359375,0,0
1779629230.302951,-0.138671875,0.05078125,0.046875,0.05859375,-0.064453125,-0.3359375,0,0
1779629230.310968,-0.138671875,0.05078125,0.046875,0.0859375,-0.08203125,-0.447265625,0,0
1779629230.318972,-0.08203125,0.06640625,0.046875,0.0859375,-0.08203125,-0.447265625,0,0
1779629230.326976,-0.08203125,0.06640625,0.046875,0.111328125,-0.078125,-0.537109375,0,0
1779629230.334965,-0.00390625,0.0703125,0.046875,0.111328125,-0.078125,-0.537109375,0,0
1779629230.342970,-0.00390625,0.0703125,0.046875,0.126953125,-0.078125,-0.607421875,0,0
1779629230.350905,-0.00390625,0.0234375,0.046875,0.126953125,-0.078125,-0.607421875,0,0
1779629230.358895,-0.00390625,0.0234375,0.046875,0.146484375,-0.05078125,-0.65234375,0,0
1779629230.374954,-0.00390625,0.0234375,0.046875,0.158203125,-0.0390625,-0.68359375,0,0
1779629230.390908,-0.00390625,0.0234375,0.046875,0.15625,-0.029296875,-0.68359375,0,0
1779629230.406933,-0.00390625,0.0234375,0.046875,0.1484375,-0.0234375,-0.68359375,0,0
1779629230.422942,-0.00390625,0.0234375,0.046875,0.14453125,-0.015625,-0.68359375,0,0
1779629230.438920,-0.00390625,0.0234375,0.046875,0.142578125,-0.015625,-0.68359375,0,0
1779629230.454925,-0.00390625,0.0234375,0.046875,0.140625,-0.01171875,-0.68359375,0,0
1779629230.470891,-0.00390625,0.0234375,0.046875,0.140625,-0.009765625,-0.68359375,0,0
1779629230.486944,-0.00390625,0.0234375,0.046875,0.140625,-0.0078125,-0.68359375,0,0
1779629230.502923,-0.00390625,0.0234375,0.046875,0.140625,-0.0078125,-0.68359375,0,0
1779629230.518919,-0.00390625,0.0234375,0.046875,0.140625,-0.0078125,-0.68359375,0,0
1779629230.534904,-0.00390625,0.0234375,0.046875,0.140625,-0.0078125,-0.68359375,0,0
1779629230.550907,-0.00390625,0.0234375,0.046875,0.140625,-0.005859375,-0.68359375,0,0
1779629230.566922,-0.00390625,0.0234375,0.046875,0.140625,0.0,-0.68359375,0,0
1779629230.583002,-0.00390625,0.0234375,0.046875,0.142578125,0.0,-0.68359375,0,0
1779629230.598942,-0.00390625,0.0234375,0.046875,0.146484375,0.0,-0.68359375,0,0
1779629230.614984,-0.00390625,0.0234375,0.046875,0.14453125,0.0,-0.68359375,0,0
1779629230.630971,-0.00390625,0.0234375,0.046875,0.146484375,0.0,-0.68359375,0,0
1779629230.646994,-0.00390625,0.0234375,0.046875,0.146484375,0.0,-0.68359375,0,0
1779629230.662952,-0.00390625,0.0234375,0.046875,0.146484375,0.0,-0.68359375,0,0
1779629230.679003,-0.00390625,0.0234375,0.046875,0.146484375,0.0,-0.68359375,0,0
1779629230.694970,-0.00390625,0.0234375,0.046875,0.146484375,0.0,-0.68359375,0,0
1779629230.710966,-0.00390625,0.0234375,0.046875,0.146484375,0.0,-0.68359375,0,0
1779629230.726946,-0.00390625,0.0234375,0.046875,0.1484375,0.0,-0.68359375,0,0
1779629230.742969,-0.00390625,0.0234375,0.046875,0.150390625,0.0,-0.68359375,0,0
1779629230.758930,-0.00390625,0.0234375,0.046875,0.150390625,0.0,-0.68359375,0,0
1779629230.774946,-0.00390625,0.0234375,0.046875,0.150390625,0.0,-0.68359375,0,0
1779629230.790911,-0.00390625,0.0234375,0.046875,0.15234375,0.0,-0.68359375,0,0
1779629230.806957,-0.00390625,0.0234375,0.046875,0.150390625,0.0,-0.68359375,0,0
1779629230.822942,-0.00390625,0.0234375,0.046875,0.150390625,0.0,-0.68359375,0,0
1779629230.838909,-0.00390625,0.0234375,0.046875,0.150390625,0.0,-0.68359375,0,0
1779629230.854917,-0.00390625,0.0234375,0.046875,0.150390625,0.0,-0.68359375,0,0
1779629230.870929,-0.00390625,0.0234375,0.046875,0.150390625,0.0,-0.68359375,0,0
1779629230.886903,-0.00390625,0.0234375,0.046875,0.15234375,0.0,-0.68359375,0,0
1779629230.902911,-0.00390625,0.0234375,0.046875,0.15234375,0.0,-0.68359375,0,0
1779629230.918902,-0.00390625,0.0234375,0.046875,0.15234375,0.0,-0.68359375,0,0
1779629230.934935,-0.00390625,0.0234375,0.046875,0.15234375,0.0,-0.68359375,0,0
1779629230.950933,-0.00390625,0.0234375,0.046875,0.15234375,0.0,-0.68359375,0,0
1779629230.966947,-0.00390625,0.0234375,0.046875,0.15234375,0.0,-0.68359375,0,0
1779629230.982945,-0.00390625,0.0234375,0.046875,0.15234375,0.0,-0.68359375,0,0
1779629230.998923,-0.00390625,0.0234375,0.046875,0.150390625,0.0,-0.68359375,0,0
1779629231.014933,-0.00390625,0.0234375,0.046875,0.15234375,0.0,-0.68359375,0,0
1779629231.030890,-0.00390625,0.0234375,0.046875,0.15234375,0.0,-0.68359375,0,0
1779629231.046927,-0.00390625,0.0234375,0.046875,0.15234375,0.0,-0.68359375,0,0
1779629231.062930,-0.00390625,0.0234375,0.046875,0.15234375,0.0,-0.68359375,0,0
1779629231.078989,-0.00390625,0.0234375,0.046875,0.15234375,0.0,-0.68359375,0,0
1779629231.094953,-0.00390625,0.0234375,0.046875,0.15234375,0.0,-0.68359375,0,0
1779629231.110945,-0.00390625,0.0234375,0.046875,0.150390625,0.0,-0.68359375,0,0
1779629231.126968,-0.00390625,0.0234375,0.046875,0.150390625,0.0,-0.68359375,0,0
1779629231.142911,-0.00390625,0.0234375,0.046875,0.150390625,0.0,-0.68359375,0,0
1779629231.158940,-0.00390625,0.0234375,0.046875,0.150390625,0.0,-0.68359375,0,0
1779629231.174991,-0.00390625,0.0234375,0.046875,0.15234375,0.0,-0.68359375,0,0
1779629231.190927,-0.00390625,0.0234375,0.046875,0.15234375,0.0,-0.68359375,0,0
1779629231.206957,-0.00390625,0.0234375,0.046875,0.15234375,0.0,-0.68359375,0,0
1779629231.222962,-0.00390625,0.0234375,0.046875,0.154296875,0.0,-0.68359375,0,0
1779629231.238940,-0.00390625,0.0234375,0.046875,0.15625,0.0,-0.68359375,0,0
1779629231.254890,-0.00390625,0.0234375,0.046875,0.15625,0.0,-0.68359375,0,0
1779629231.270914,-0.00390625,0.0234375,0.046875,0.15625,0.0,-0.68359375,0,0
1779629231.286956,-0.00390625,0.0234375,0.046875,0.16015625,0.0,-0.68359375,0,0
1779629231.302939,-0.00390625,0.0234375,0.046875,0.158203125,0.0,-0.68359375,0,0
1779629231.318951,-0.00390625,0.0234375,0.046875,0.158203125,0.0,-0.68359375,0,0
1779629231.334966,-0.00390625,0.0234375,0.046875,0.16015625,0.0,-0.68359375,0,0
1779629231.350944,-0.00390625,0.0234375,0.046875,0.1640625,0.0,-0.68359375,0,0
1779629231.366901,-0.00390625,0.0234375,0.046875,0.166015625,0.0,-0.68359375,0,0
1779629231.382976,-0.00390625,0.0234375,0.046875,0.16796875,0.0,-0.68359375,0,0
1779629231.398999,-0.00390625,0.0234375,0.046875,0.171875,0.0,-0.68359375,0,0
1779629231.414937,-0.00390625,0.0234375,0.046875,0.173828125,0.0,-0.68359375,0,0
1779629231.430934,-0.00390625,0.0234375,0.046875,0.171875,0.0,-0.68359375,0,0
1779629231.446924,-0.00390625,0.0234375,0.046875,0.171875,0.0,-0.68359375,0,0
1779629231.462921,-0.00390625,0.0234375,0.046875,0.171875,0.0,-0.68359375,0,0
1779629231.479039,-0.00390625,0.0234375,0.046875,0.171875,0.0,-0.68359375,0,0
1779629231.494910,-0.00390625,0.0234375,0.046875,0.171875,0.0,-0.68359375,0,0
1779629231.510948,-0.00390625,0.0234375,0.046875,0.171875,0.0,-0.68359375,0,0
1779629231.526936,-0.00390625,0.0234375,0.046875,0.17578125,0.0,-0.68359375,0,0
1779629231.542928,-0.00390625,0.0234375,0.046875,0.17578125,0.0,-0.68359375,0,0
1779629231.558950,-0.00390625,0.0234375,0.046875,0.17578125,0.0,-0.68359375,0,0
1779629231.574925,-0.00390625,0.0234375,0.046875,0.17578125,0.0,-0.68359375,0,0
1779629231.590874,-0.00390625,0.0234375,0.046875,0.17578125,0.0,-0.68359375,0,0
1779629231.606963,-0.00390625,0.0234375,0.046875,0.17578125,0.0,-0.68359375,0,0
1779629231.622937,-0.00390625,0.0234375,0.046875,0.177734375,0.0,-0.68359375,0,0
1779629231.638877,-0.00390625,0.0234375,0.046875,0.177734375,0.0,-0.68359375,0,0
1779629231.654895,-0.00390625,0.0234375,0.046875,0.177734375,0.0,-0.68359375,0,0
1779629231.670910,-0.00390625,0.0234375,0.046875,0.177734375,0.0,-0.68359375,0,0
1779629231.686948,-0.00390625,0.0234375,0.046875,0.177734375,0.0,-0.68359375,0,0
1779629231.702963,-0.00390625,0.0234375,0.046875,0.17578125,0.0,-0.68359375,0,0
1779629231.718904,-0.00390625,0.0234375,0.046875,0.17578125,0.0,-0.68359375,0,0
1779629231.734899,-0.00390625,0.0234375,0.046875,0.17578125,0.0,-0.68359375,0,0
1779629231.750917,-0.00390625,0.0234375,0.046875,0.17578125,0.0,-0.68359375,0,0
1779629231.766933,-0.00390625,0.0234375,0.046875,0.177734375,0.0,-0.68359375,0,0
1779629231.782921,-0.00390625,0.0234375,0.046875,0.17578125,0.0,-0.68359375,0,0
1779629231.798965,-0.00390625,0.0234375,0.046875,0.17578125,0.0,-0.68359375,0,0
1779629231.814962,-0.00390625,0.0234375,0.046875,0.17578125,0.0,-0.68359375,0,0
1779629231.830909,-0.00390625,0.0234375,0.046875,0.173828125,0.0,-0.68359375,0,0
1779629231.846963,-0.00390625,0.0234375,0.046875,0.173828125,0.0,-0.68359375,0,0
1779629231.862979,-0.00390625,0.0234375,0.046875,0.173828125,0.0,-0.68359375,0,0
1779629231.879034,-0.00390625,0.0234375,0.046875,0.173828125,0.0,-0.68359375,0,0
1779629231.894963,-0.00390625,0.0234375,0.046875,0.173828125,0.0,-0.68359375,0,0
1779629231.910993,-0.00390625,0.0234375,0.046875,0.173828125,0.0,-0.68359375,0,0
1779629231.926981,-0.00390625,0.0234375,0.046875,0.173828125,0.0,-0.68359375,0,0
1779629231.942977,-0.00390625,0.0234375,0.046875,0.171875,0.0,-0.68359375,0,0
1779629231.958930,-0.00390625,0.0234375,0.046875,0.171875,0.0,-0.68359375,0,0
1779629231.974873,-0.00390625,0.0234375,0.046875,0.171875,0.0,-0.68359375,0,0
1779629231.990946,-0.00390625,0.0234375,0.046875,0.171875,0.0,-0.68359375,0,0
1779629232.006979,-0.00390625,0.0234375,0.046875,0.171875,0.0,-0.68359375,0,0
1779629232.022960,-0.00390625,0.0234375,0.046875,0.171875,0.0,-0.68359375,0,0
1779629232.038919,-0.00390625,0.0234375,0.046875,0.173828125,0.0,-0.68359375,0,0
1779629232.054933,-0.00390625,0.0234375,0.046875,0.173828125,0.0,-0.68359375,0,0
1779629232.070929,-0.00390625,0.0234375,0.046875,0.173828125,0.0,-0.68359375,0,0
1779629232.086939,-0.00390625,0.0234375,0.046875,0.173828125,0.0,-0.68359375,0,0
1779629232.102977,-0.00390625,0.0234375,0.046875,0.173828125,0.0,-0.68359375,0,0
1779629232.118989,-0.00390625,0.0234375,0.046875,0.17578125,0.0,-0.68359375,0,0
1779629232.134946,-0.00390625,0.0234375,0.046875,0.17578125,0.0,-0.68359375,0,0
1779629232.150997,-0.00390625,0.0234375,0.046875,0.17578125,0.0,-0.68359375,0,0
1779629232.166957,-0.00390625,0.0234375,0.046875,0.17578125,0.0,-0.68359375,0,0
1779629232.182908,-0.00390625,0.0234375,0.046875,0.17578125,0.0,-0.68359375,0,0
1779629232.198973,-0.00390625,0.0234375,0.046875,0.17578125,0.0,-0.68359375,0,0
1779629232.214963,-0.00390625,0.0234375,0.046875,0.17578125,0.0,-0.68359375,0,0
1779629232.230909,-0.00390625,0.0234375,0.046875,0.177734375,0.0,-0.68359375,0,0
1779629232.246948,-0.00390625,0.0234375,0.046875,0.1796875,0.0,-0.68359375,0,0
1779629232.262901,-0.00390625,0.0234375,0.046875,0.181640625,0.0,-0.68359375,0,0
1779629232.278914,-0.00390625,0.0234375,0.046875,0.185546875,0.0,-0.68359375,0,0
1779629232.294940,-0.00390625,0.0234375,0.046875,0.1875,0.0,-0.68359375,0,0
1779629232.310933,-0.00390625,0.0234375,0.046875,0.189453125,0.0,-0.68359375,0,0
1779629232.326996,-0.00390625,0.0234375,0.046875,0.189453125,0.0,-0.68359375,0,0
1779629232.342943,-0.00390625,0.0234375,0.046875,0.189453125,0.0,-0.68359375,0,0
1779629232.358914,-0.00390625,0.0234375,0.046875,0.189453125,0.0,-0.68359375,0,0
1779629232.374897,-0.00390625,0.0234375,0.046875,0.189453125,0.0,-0.68359375,0,0
1779629232.390933,-0.00390625,0.0234375,0.046875,0.189453125,0.0,-0.68359375,0,0
1779629232.406935,-0.00390625,0.0234375,0.046875,0.189453125,0.0,-0.68359375,0,0
1779629232.422938,-0.00390625,0.0234375,0.046875,0.189453125,0.0,-0.68359375,0,0
1779629232.438923,-0.00390625,0.0234375,0.046875,0.189453125,0.0,-0.68359375,0,0
1779629232.454931,-0.00390625,0.0234375,0.046875,0.189453125,0.0,-0.68359375,0,0
1779629232.470942,-0.00390625,0.0234375,0.046875,0.189453125,0.0,-0.68359375,0,0
1779629232.486925,-0.00390625,0.0234375,0.046875,0.189453125,0.0,-0.68359375,0,0
1779629232.502890,-0.00390625,0.0234375,0.046875,0.189453125,0.0,-0.68359375,0,0
1779629232.518910,-0.00390625,0.0234375,0.046875,0.189453125,0.0,-0.68359375,0,0
1779629232.534907,-0.00390625,0.0234375,0.046875,0.189453125,0.0,-0.68359375,0,0
1779629232.550943,-0.00390625,0.0234375,0.046875,0.19140625,0.0,-0.68359375,0,0
1779629232.566957,-0.00390625,0.0234375,0.046875,0.189453125,0.0,-0.68359375,0,0
1779629232.582942,-0.00390625,0.0234375,0.046875,0.189453125,0.0,-0.68359375,0,0
1779629232.599020,-0.00390625,0.0234375,0.046875,0.189453125,0.0,-0.68359375,0,0
1779629232.614954,-0.00390625,0.0234375,0.046875,0.189453125,0.0,-0.68359375,0,0
1779629232.630945,-0.00390625,0.0234375,0.046875,0.189453125,0.0,-0.68359375,0,0
1779629232.646920,-0.00390625,0.0234375,0.046875,0.189453125,0.0,-0.68359375,0,0
1779629232.662894,-0.00390625,0.0234375,0.046875,0.189453125,0.0,-0.68359375,0,0
1779629232.678966,-0.00390625,0.0234375,0.046875,0.189453125,0.0,-0.68359375,0,0
1779629232.694961,-0.00390625,0.0234375,0.046875,0.189453125,0.0,-0.68359375,0,0
1779629232.710911,-0.00390625,0.0234375,0.046875,0.189453125,0.0,-0.68359375,0,0
1779629232.726878,-0.00390625,0.0234375,0.046875,0.189453125,0.0,-0.68359375,0,0
1779629232.742965,-0.00390625,0.0234375,0.046875,0.185546875,0.0,-0.68359375,0,0
1779629232.758935,-0.00390625,0.0234375,0.046875,0.185546875,0.0,-0.68359375,0,0
1779629232.774961,-0.00390625,0.0234375,0.046875,0.185546875,0.0,-0.68359375,0,0
1779629232.790932,-0.00390625,0.0234375,0.046875,0.185546875,0.0,-0.68359375,0,0
1779629232.806945,-0.00390625,0.0234375,0.046875,0.185546875,0.0,-0.68359375,0,0
1779629232.822939,-0.00390625,0.0234375,0.046875,0.185546875,0.0,-0.68359375,0,0
1779629232.839012,-0.00390625,0.0234375,0.046875,0.185546875,0.0,-0.68359375,0,0
1779629232.854923,-0.00390625,0.0234375,0.046875,0.185546875,0.0,-0.68359375,0,0
1779629232.870981,-0.00390625,0.0234375,0.046875,0.185546875,0.0,-0.68359375,0,0
1779629232.886949,-0.00390625,0.0234375,0.046875,0.185546875,0.0,-0.68359375,0,0
1779629232.902870,-0.00390625,0.0234375,0.046875,0.185546875,0.0,-0.68359375,0,0
1779629232.918917,-0.00390625,0.0234375,0.046875,0.185546875,0.0,-0.68359375,0,0
1779629232.934918,-0.00390625,0.0234375,0.046875,0.185546875,0.0,-0.68359375,0,0
1779629232.950933,-0.00390625,0.0234375,0.046875,0.18359375,0.0,-0.68359375,0,0
1779629232.966929,-0.00390625,0.0234375,0.046875,0.18359375,0.0,-0.68359375,0,0
1779629232.982972,-0.00390625,0.0234375,0.046875,0.18359375,0.0,-0.68359375,0,0
1779629232.998955,-0.00390625,0.0234375,0.046875,0.18359375,0.0,-0.68359375,0,0
1779629233.014923,-0.00390625,0.0234375,0.046875,0.18359375,0.0,-0.68359375,0,0
1779629233.030941,-0.00390625,0.0234375,0.046875,0.18359375,0.0,-0.68359375,0,0
1779629233.046988,-0.00390625,0.0234375,0.046875,0.18359375,0.0,-0.68359375,0,0
1779629233.062947,-0.00390625,0.0234375,0.046875,0.18359375,0.0,-0.68359375,0,0
1779629233.079009,-0.00390625,0.0234375,0.046875,0.18359375,0.0,-0.68359375,0,0
1779629233.094973,-0.00390625,0.0234375,0.046875,0.18359375,0.0,-0.68359375,0,0
1779629233.110932,-0.00390625,0.0234375,0.046875,0.18359375,0.0,-0.68359375,0,0
1779629233.126961,-0.00390625,0.0234375,0.046875,0.18359375,0.0,-0.68359375,0,0
1779629233.142921,-0.00390625,0.0234375,0.046875,0.18359375,0.0,-0.68359375,0,0
1779629233.158964,-0.00390625,0.0234375,0.046875,0.18359375,0.0,-0.68359375,0,0
1779629233.174946,-0.00390625,0.0234375,0.046875,0.18359375,0.0,-0.68359375,0,0
1779629233.190934,-0.00390625,0.0234375,0.046875,0.18359375,0.0,-0.68359375,0,0
1779629233.206934,-0.00390625,0.0234375,0.046875,0.18359375,0.0,-0.68359375,0,0
1779629233.222902,-0.00390625,0.0234375,0.046875,0.18359375,0.0,-0.68359375,0,0
1779629233.238950,-0.00390625,0.0234375,0.046875,0.18359375,0.0,-0.68359375,0,0
1779629233.254890,-0.00390625,0.0234375,0.046875,0.185546875,0.0,-0.68359375,0,0
1779629233.270909,-0.00390625,0.0234375,0.046875,0.185546875,0.0,-0.68359375,0,0
1779629233.286888,-0.00390625,0.0234375,0.046875,0.1875,0.0,-0.68359375,0,0
1779629233.302893,-0.00390625,0.0234375,0.046875,0.189453125,0.0,-0.68359375,0,0
1779629233.318942,-0.00390625,0.0234375,0.046875,0.189453125,0.0,-0.68359375,0,0
1779629233.334938,-0.00390625,0.0234375,0.046875,0.189453125,0.0,-0.68359375,0,0
1779629233.350895,-0.00390625,0.0234375,0.046875,0.19140625,0.0,-0.68359375,0,0
1779629233.366910,-0.00390625,0.0234375,0.046875,0.19140625,0.0,-0.68359375,0,0
1779629233.382942,-0.00390625,0.0234375,0.046875,0.19140625,0.0,-0.68359375,0,0
1779629233.398964,-0.00390625,0.0234375,0.046875,0.19140625,0.0,-0.68359375,0,0
1779629233.414920,-0.00390625,0.0234375,0.046875,0.19140625,0.0,-0.68359375,0,0
1779629233.430900,-0.00390625,0.0234375,0.046875,0.189453125,0.0,-0.68359375,0,0
1779629233.446913,-0.00390625,0.0234375,0.046875,0.19140625,0.0,-0.681640625,0,0
1779629233.462922,-0.00390625,0.0234375,0.046875,0.1875,0.005859375,-0.67578125,0,0
1779629233.470910,-0.00390625,0.0234375,0.03515625,0.1875,0.005859375,-0.67578125,0,0
1779629233.478915,-0.00390625,0.0234375,0.03515625,0.185546875,0.01171875,-0.671875,0,0
1779629233.486928,-0.00390625,0.0234375,0.0859375,0.185546875,0.01171875,-0.671875,0,0
1779629233.494864,-0.00390625,0.0234375,0.0859375,0.17578125,0.009765625,-0.66796875,0,0
1779629233.502928,-0.00390625,0.0234375,0.12890625,0.17578125,0.009765625,-0.66796875,0,0
1779629233.510930,-0.00390625,0.0234375,0.12890625,0.1640625,0.005859375,-0.6640625,0,0
1779629233.518933,-0.00390625,0.0234375,0.17578125,0.1640625,0.005859375,-0.6640625,0,0
1779629233.526885,-0.00390625,0.0234375,0.17578125,0.16015625,0.0,-0.66015625,0,0
1779629233.534911,-0.00390625,0.0234375,0.2109375,0.16015625,0.0,-0.66015625,0,0
1779629233.542926,-0.00390625,0.0234375,0.2109375,0.1640625,0.0,-0.65234375,0,0
1779629233.550899,-0.00390625,0.0234375,0.271484375,0.1640625,0.0,-0.65234375,0,0
1779629233.558926,-0.00390625,0.0234375,0.271484375,0.1640625,0.0,-0.63671875,0,0
1779629233.566927,-0.00390625,0.0234375,0.333984375,0.1640625,0.0,-0.63671875,0,0
1779629233.574867,-0.00390625,0.0234375,0.333984375,0.16796875,0.0,-0.615234375,0,0
1779629233.582904,-0.00390625,0.0234375,0.390625,0.16796875,0.0,-0.615234375,0,0
1779629233.590875,-0.00390625,0.0234375,0.390625,0.169921875,0.0,-0.59375,0,0
1779629233.598982,-0.00390625,0.0234375,0.431640625,0.169921875,0.0,-0.59375,0,0
1779629233.606922,-0.00390625,0.0234375,0.431640625,0.17578125,0.0,-0.578125,0,0
1779629233.614934,-0.013671875,0.0234375,0.46484375,0.17578125,0.0,-0.578125,0,0
1779629233.622915,-0.013671875,0.0234375,0.46484375,0.173828125,0.0,-0.560546875,0,0
1779629233.630894,-0.029296875,0.0234375,0.486328125,0.173828125,0.0,-0.560546875,0,0
1779629233.638930,-0.029296875,0.0234375,0.486328125,0.16796875,0.0,-0.552734375,0,0
1779629233.646917,-0.03515625,0.0234375,0.5,0.16796875,0.0,-0.552734375,0,0
1779629233.654896,-0.03515625,0.0234375,0.5,0.14453125,0.0,-0.55859375,0,0
1779629233.662922,-0.029296875,0.0234375,0.50390625,0.14453125,0.0,-0.55859375,0,0
1779629233.670922,-0.029296875,0.0234375,0.50390625,0.115234375,0.0,-0.576171875,0,0
1779629233.678921,-0.01171875,0.0234375,0.5,0.115234375,0.0,-0.576171875,0,0
1779629233.686931,-0.01171875,0.0234375,0.5,0.08984375,0.0,-0.595703125,0,0
1779629233.694862,0.0,0.0234375,0.498046875,0.08984375,0.0,-0.595703125,0,0
1779629233.702893,0.0,0.0234375,0.498046875,0.0703125,0.0,-0.607421875,0,0
1779629233.710908,0.0,0.0234375,0.5,0.0703125,0.0,-0.607421875,0,0
1779629233.718924,0.0,0.0234375,0.5,0.0546875,0.0,-0.61328125,0,0
1779629233.726891,0.0,0.0234375,0.4921875,0.0546875,0.0,-0.61328125,0,0
1779629233.734896,0.0,0.0234375,0.4921875,0.041015625,0.0,-0.62109375,0,0
1779629233.742914,0.0,0.0234375,0.47265625,0.041015625,0.0,-0.62109375,0,0
1779629233.750945,0.0,0.0234375,0.47265625,0.02734375,0.0,-0.640625,0,0
1779629233.758912,0.0,0.0234375,0.46875,0.02734375,0.0,-0.640625,0,0
1779629233.766960,0.0,0.0234375,0.46875,0.02734375,0.0,-0.64453125,0,0
1779629233.774916,0.0,0.0234375,0.46484375,0.02734375,0.0,-0.64453125,0,0
1779629233.782949,0.0,0.0234375,0.46484375,0.02734375,0.0,-0.646484375,0,0
1779629233.790923,0.0,0.0234375,0.4609375,0.02734375,0.0,-0.646484375,0,0
1779629233.799015,0.0,0.0234375,0.4609375,0.021484375,0.0,-0.6484375,0,0
1779629233.806884,0.0,0.0234375,0.458984375,0.021484375,0.0,-0.6484375,0,0
1779629233.814933,0.0,0.0234375,0.458984375,0.021484375,0.0,-0.650390625,0,0
1779629233.822922,0.0,0.0234375,0.453125,0.021484375,0.0,-0.650390625,0,0
1779629233.830917,0.0,0.0234375,0.453125,0.015625,0.0,-0.654296875,0,0
1779629233.838948,0.0,0.0234375,0.447265625,0.015625,0.0,-0.654296875,0,0
1779629233.846963,0.0,0.0234375,0.447265625,0.01171875,0.0,-0.65625,0,0
1779629233.854922,0.0,0.0234375,0.44140625,0.01171875,0.0,-0.65625,0,0
1779629233.862935,0.0,0.0234375,0.44140625,0.0078125,0.0,-0.66015625,0,0
1779629233.870937,0.0,0.0234375,0.435546875,0.0078125,0.0,-0.66015625,0,0
1779629233.878920,0.0,0.0234375,0.435546875,0.00390625,0.0,-0.66015625,0,0
1779629233.886901,0.0,0.0234375,0.43359375,0.00390625,0.0,-0.66015625,0,0
1779629233.894891,0.0,0.0234375,0.43359375,0.0,0.0,-0.662109375,0,0
1779629233.902906,0.0,0.0234375,0.431640625,0.0,0.0,-0.662109375,0,0
1779629233.910903,0.0,0.0234375,0.431640625,0.0,0.0,-0.662109375,0,0
1779629233.918885,0.0,0.0234375,0.42578125,0.0,0.0,-0.662109375,0,0
1779629233.926888,0.0,0.0234375,0.42578125,0.0,0.0,-0.6640625,0,0
1779629233.934964,0.0,0.0234375,0.41796875,0.0,0.0,-0.6640625,0,0
1779629233.942895,0.0,0.0234375,0.41796875,0.0,0.0,-0.666015625,0,0
1779629233.950916,0.0,0.0234375,0.404296875,0.0,0.0,-0.666015625,0,0
1779629233.958918,0.0,0.0234375,0.404296875,0.0,0.0,-0.66796875,0,0
1779629233.966937,0.0,0.0234375,0.38671875,0.0,0.0,-0.66796875,0,0
1779629233.974916,0.0,0.0234375,0.38671875,0.017578125,0.0,-0.669921875,0,0
1779629233.982882,0.0,0.0234375,0.3671875,0.017578125,0.0,-0.669921875,0,0
1779629233.990986,0.0,0.0234375,0.3671875,0.03125,0.0,-0.671875,0,0
1779629233.998934,0.0,0.0234375,0.357421875,0.03125,0.0,-0.671875,0,0
1779629234.006992,0.0,0.0234375,0.357421875,0.041015625,0.0,-0.671875,0,0
1779629234.014946,0.0,0.0234375,0.3515625,0.041015625,0.0,-0.671875,0,0
1779629234.022873,0.0,0.0234375,0.3515625,0.044921875,0.0,-0.671875,0,0
1779629234.030962,0.0,0.0234375,0.34765625,0.044921875,0.0,-0.671875,0,0
1779629234.038960,0.0,0.0234375,0.34765625,0.05078125,0.0,-0.671875,0,0
1779629234.046937,0.0,0.0234375,0.341796875,0.05078125,0.0,-0.671875,0,0
1779629234.054954,0.0,0.0234375,0.341796875,0.0546875,0.0,-0.671875,0,0
1779629234.062881,0.0,0.0234375,0.3359375,0.0546875,0.0,-0.671875,0,0
1779629234.071001,0.0,0.0234375,0.3359375,0.064453125,0.0,-0.671875,0,0
1779629234.078972,0.0,0.0234375,0.322265625,0.064453125,0.0,-0.671875,0,0
1779629234.086958,0.0,0.0234375,0.322265625,0.07421875,0.0,-0.671875,0,0
1779629234.094904,0.0,0.0234375,0.310546875,0.07421875,0.0,-0.671875,0,0
1779629234.102944,0.0,0.0234375,0.310546875,0.08203125,0.0,-0.671875,0,0
1779629234.110996,0.0,0.0234375,0.30078125,0.08203125,0.0,-0.671875,0,0
1779629234.118966,0.0,0.0234375,0.30078125,0.08984375,0.0,-0.671875,0,0
1779629234.126952,0.0,0.0234375,0.287109375,0.08984375,0.0,-0.671875,0,0
1779629234.134975,0.0,0.0234375,0.287109375,0.099609375,0.0,-0.671875,0,0
1779629234.142937,0.0,0.0234375,0.27734375,0.099609375,0.0,-0.671875,0,0
1779629234.150938,0.0,0.0234375,0.27734375,0.103515625,0.0,-0.671875,0,0
1779629234.158898,0.0,0.0234375,0.271484375,0.103515625,0.0,-0.671875,0,0
1779629234.166978,0.0,0.0234375,0.271484375,0.107421875,0.0,-0.671875,0,0
1779629234.174887,0.0,0.0234375,0.267578125,0.107421875,0.0,-0.671875,0,0
1779629234.182937,0.0,0.0234375,0.267578125,0.109375,0.0,-0.671875,0,0
1779629234.190888,0.0,0.0234375,0.267578125,0.109375,0.0,-0.671875,0,0
1779629234.198909,0.0,0.0234375,0.267578125,0.109375,0.0,-0.671875,0,0
1779629234.206955,0.0,0.0234375,0.265625,0.109375,0.0,-0.671875,0,0
1779629234.214977,0.0,0.0234375,0.265625,0.111328125,0.0,-0.671875,0,0
1779629234.222982,0.0,0.0234375,0.265625,0.111328125,0.0,-0.671875,0,0
1779629234.230982,0.0,0.0234375,0.265625,0.111328125,0.0,-0.671875,0,0
1779629234.238964,0.0,0.0234375,0.263671875,0.111328125,0.0,-0.671875,0,0
1779629234.246909,0.0,0.0234375,0.263671875,0.111328125,0.0,-0.673828125,0,0
1779629234.254943,0.0,0.0234375,0.263671875,0.111328125,0.0,-0.673828125,0,0
1779629234.262942,0.0,0.0234375,0.263671875,0.111328125,0.0,-0.673828125,0,0
1779629234.270969,0.0,0.0234375,0.263671875,0.111328125,0.0,-0.673828125,0,0
1779629234.278880,0.0,0.0234375,0.263671875,0.111328125,0.0,-0.673828125,0,0
1779629234.286966,0.0,0.0234375,0.263671875,0.111328125,0.0,-0.673828125,0,0
1779629234.294969,0.0,0.0234375,0.263671875,0.111328125,0.0,-0.673828125,0,0
1779629234.302901,0.0,0.0234375,0.26171875,0.111328125,0.0,-0.673828125,0,0
1779629234.310900,0.0,0.0234375,0.26171875,0.11328125,0.0,-0.673828125,0,0
1779629234.318942,0.0,0.0234375,0.26171875,0.11328125,0.0,-0.673828125,0,0
1779629234.326917,0.0,0.0234375,0.26171875,0.11328125,0.0,-0.673828125,0,0
1779629234.334883,0.0,0.0234375,0.26171875,0.11328125,0.0,-0.673828125,0,0
1779629234.342931,0.0,0.0234375,0.26171875,0.11328125,0.0,-0.673828125,0,0
1779629234.350937,0.0,0.0234375,0.26171875,0.11328125,0.0,-0.673828125,0,0
1779629234.358910,0.0,0.0234375,0.26171875,0.11328125,0.0,-0.673828125,0,0
1779629234.366964,0.0,0.0234375,0.26171875,0.11328125,0.0,-0.673828125,0,0
1779629234.374920,0.0,0.0234375,0.26171875,0.11328125,0.0,-0.673828125,0,0
1779629234.382936,0.0,0.0234375,0.26171875,0.11328125,0.0,-0.673828125,0,0
1779629234.390919,0.0,0.0234375,0.26171875,0.11328125,0.0,-0.673828125,0,0
1779629234.398962,0.0,0.0234375,0.26171875,0.11328125,0.0,-0.673828125,0,0
1779629234.406903,0.0,0.0234375,0.26171875,0.11328125,0.0,-0.673828125,0,0
1779629234.414930,0.0,0.0234375,0.26171875,0.11328125,0.0,-0.673828125,0,0
1779629234.422896,0.0,0.0234375,0.26171875,0.11328125,0.0,-0.673828125,0,0
1779629234.430938,0.0,0.0234375,0.26171875,0.11328125,0.0,-0.673828125,0,0
1779629234.438981,0.0,0.0234375,0.26171875,0.11328125,0.0,-0.673828125,0,0
1779629234.447004,0.0,0.0234375,0.263671875,0.11328125,0.0,-0.673828125,0,0
1779629234.454974,0.0,0.0234375,0.263671875,0.11328125,0.0,-0.673828125,0,0
1779629234.462890,0.0,0.0234375,0.263671875,0.11328125,0.0,-0.673828125,0,0
1779629234.470921,0.0,0.0234375,0.263671875,0.11328125,0.0,-0.673828125,0,0
1779629234.478916,0.0,0.0234375,0.263671875,0.11328125,0.0,-0.673828125,0,0
1779629234.486906,0.0,0.0234375,0.263671875,0.11328125,0.0,-0.673828125,0,0
1779629234.494898,0.0,0.0234375,0.263671875,0.11328125,0.0,-0.673828125,0,0
1779629234.502930,0.0,0.0234375,0.263671875,0.11328125,0.0,-0.673828125,0,0
1779629234.510931,0.0,0.0234375,0.263671875,0.11328125,0.0,-0.673828125,0,0
1779629234.518924,0.0,0.0234375,0.263671875,0.11328125,0.0,-0.673828125,0,0
1779629234.526930,0.0,0.0234375,0.263671875,0.11328125,0.0,-0.673828125,0,0
1779629234.534923,0.0,0.0234375,0.263671875,0.11328125,0.0,-0.673828125,0,0
1779629234.542901,0.0,0.0234375,0.263671875,0.11328125,0.0,-0.673828125,0,0
1779629234.550956,0.0,0.0234375,0.263671875,0.11328125,0.0,-0.673828125,0,0
1779629234.558959,0.0,0.0234375,0.263671875,0.11328125,0.0,-0.673828125,0,0
1779629234.566949,0.0,0.0234375,0.263671875,0.11328125,0.0,-0.673828125,0,0
1779629234.574924,0.0,0.0234375,0.26171875,0.11328125,0.0,-0.673828125,0,0
1779629234.582937,0.0,0.0234375,0.26171875,0.11328125,0.0,-0.673828125,0,0
1779629234.590935,0.0,0.0234375,0.26171875,0.11328125,0.0,-0.673828125,0,0
1779629234.598967,0.0,0.0234375,0.26171875,0.11328125,0.0,-0.673828125,0,0
1779629234.606949,0.0,0.0234375,0.26171875,0.11328125,0.0,-0.673828125,0,0
1779629234.614953,0.0,0.0234375,0.26171875,0.115234375,0.0,-0.673828125,0,0
1779629234.622976,0.0,0.0234375,0.263671875,0.115234375,0.0,-0.673828125,0,0
1779629234.630979,0.0,0.0234375,0.263671875,0.115234375,0.0,-0.673828125,0,0
1779629234.638939,0.0,0.0234375,0.263671875,0.115234375,0.0,-0.673828125,0,0
1779629234.646940,0.0,0.0234375,0.263671875,0.115234375,0.0,-0.673828125,0,0
1779629234.654871,0.0,0.0234375,0.263671875,0.115234375,0.0,-0.673828125,0,0
1779629234.662980,0.0,0.0234375,0.263671875,0.115234375,0.0,-0.673828125,0,0
1779629234.670925,0.0,0.0234375,0.263671875,0.115234375,0.0,-0.673828125,0,0
1779629234.678962,0.0,0.0234375,0.263671875,0.115234375,0.0,-0.673828125,0,0
1779629234.686954,0.0,0.0234375,0.263671875,0.115234375,0.0,-0.673828125,0,0
1779629234.694928,0.0,0.0234375,0.263671875,0.115234375,0.0,-0.673828125,0,0
1779629234.702943,0.0,0.0234375,0.263671875,0.115234375,0.0,-0.673828125,0,0
1779629234.710981,0.0,0.0234375,0.263671875,0.115234375,0.0,-0.673828125,0,0
1779629234.718953,0.0,0.0234375,0.263671875,0.115234375,0.0,-0.673828125,0,0
1779629234.726947,0.0,0.0234375,0.263671875,0.115234375,0.0,-0.673828125,0,0
1779629234.734960,0.0,0.0234375,0.263671875,0.115234375,0.0,-0.673828125,0,0
1779629234.742998,0.0,0.0234375,0.263671875,0.115234375,0.0,-0.673828125,0,0
1779629234.750949,0.0,0.0234375,0.263671875,0.115234375,0.0,-0.673828125,0,0
1779629234.758958,0.0,0.0234375,0.263671875,0.115234375,0.0,-0.673828125,0,0
1779629234.766961,0.0,0.0234375,0.265625,0.115234375,0.0,-0.673828125,0,0
1779629234.774929,0.0,0.0234375,0.265625,0.115234375,0.0,-0.673828125,0,0
1779629234.782960,0.0,0.0234375,0.265625,0.115234375,0.0,-0.673828125,0,0
1779629234.790910,0.0,0.0234375,0.265625,0.115234375,0.0,-0.673828125,0,0
1779629234.798988,0.0,0.0234375,0.265625,0.115234375,0.0,-0.673828125,0,0
1779629234.806937,0.0,0.0234375,0.265625,0.115234375,0.0,-0.673828125,0,0
1779629234.814981,0.0,0.0234375,0.265625,0.115234375,0.0,-0.673828125,0,0
1779629234.822966,0.0,0.0234375,0.265625,0.115234375,0.0,-0.671875,0,0
1779629234.830951,0.0,0.0234375,0.267578125,0.115234375,0.0,-0.671875,0,0
1779629234.838964,0.0,0.0234375,0.267578125,0.115234375,0.0,-0.671875,0,0
1779629234.846945,0.0,0.0234375,0.275390625,0.115234375,0.0,-0.671875,0,0
1779629234.854925,0.0,0.0234375,0.275390625,0.119140625,0.0,-0.66796875,0,0
1779629234.862888,-0.013671875,0.0234375,0.291015625,0.119140625,0.0,-0.66796875,0,0
1779629234.870952,-0.013671875,0.0234375,0.291015625,0.138671875,-0.009765625,-0.65625,0,0
1779629234.878893,-0.021484375,0.0234375,0.30859375,0.138671875,-0.009765625,-0.65625,0,0
1779629234.886866,-0.021484375,0.0234375,0.30859375,0.14453125,-0.025390625,-0.6484375,0,0
1779629234.894908,-0.03125,0.0234375,0.322265625,0.14453125,-0.025390625,-0.6484375,0,0
1779629234.902933,-0.03125,0.0234375,0.322265625,0.150390625,-0.044921875,-0.640625,0,0
1779629234.910874,-0.033203125,0.0234375,0.330078125,0.150390625,-0.044921875,-0.640625,0,0
1779629234.918950,-0.033203125,0.0234375,0.330078125,0.15625,-0.052734375,-0.63671875,0,0
1779629234.926931,-0.037109375,0.0234375,0.3359375,0.15625,-0.052734375,-0.63671875,0,0
1779629234.934887,-0.037109375,0.0234375,0.3359375,0.158203125,-0.05859375,-0.634765625,0,0
1779629234.942915,-0.048828125,0.0234375,0.349609375,0.158203125,-0.05859375,-0.634765625,0,0
1779629234.950923,-0.048828125,0.0234375,0.349609375,0.1640625,-0.068359375,-0.62890625,0,0
1779629234.958935,-0.06640625,0.0234375,0.376953125,0.1640625,-0.068359375,-0.62890625,0,0
1779629234.966942,-0.06640625,0.0234375,0.376953125,0.18359375,-0.08984375,-0.615234375,0,0
1779629234.974948,-0.080078125,0.0234375,0.388671875,0.18359375,-0.08984375,-0.615234375,0,0
1779629234.982966,-0.080078125,0.0234375,0.388671875,0.197265625,-0.095703125,-0.603515625,0,0
1779629234.990897,-0.09765625,0.0234375,0.404296875,0.197265625,-0.095703125,-0.603515625,0,0
1779629234.998889,-0.09765625,0.0234375,0.404296875,0.216796875,-0.099609375,-0.5859375,0,0
1779629235.006916,-0.115234375,0.0234375,0.4140625,0.216796875,-0.099609375,-0.5859375,0,0
1779629235.014912,-0.115234375,0.0234375,0.4140625,0.228515625,-0.09765625,-0.568359375,0,0
1779629235.022962,-0.1328125,0.0234375,0.41796875,0.228515625,-0.09765625,-0.568359375,0,0
1779629235.030964,-0.1328125,0.0234375,0.41796875,0.236328125,-0.09765625,-0.55078125,0,0
1779629235.038939,-0.142578125,0.0234375,0.419921875,0.236328125,-0.09765625,-0.55078125,0,0
1779629235.046997,-0.142578125,0.0234375,0.419921875,0.23828125,-0.09765625,-0.541015625,0,0
1779629235.054986,-0.1484375,0.0234375,0.423828125,0.23828125,-0.09765625,-0.541015625,0,0
1779629235.062961,-0.1484375,0.0234375,0.423828125,0.23828125,-0.099609375,-0.53515625,0,0
1779629235.070939,-0.15234375,0.0234375,0.423828125,0.23828125,-0.099609375,-0.53515625,0,0
1779629235.078978,-0.15234375,0.0234375,0.423828125,0.23828125,-0.1015625,-0.533203125,0,0
1779629235.087000,-0.162109375,0.0234375,0.423828125,0.23828125,-0.1015625,-0.533203125,0,0
1779629235.094959,-0.162109375,0.0234375,0.423828125,0.23828125,-0.1015625,-0.5234375,0,0
1779629235.102921,-0.173828125,0.0234375,0.423828125,0.23828125,-0.1015625,-0.5234375,0,0
1779629235.110959,-0.173828125,0.0234375,0.423828125,0.23828125,-0.1015625,-0.513671875,0,0
1779629235.118979,-0.177734375,0.0234375,0.427734375,0.23828125,-0.1015625,-0.513671875,0,0
1779629235.126970,-0.177734375,0.0234375,0.427734375,0.2421875,-0.1015625,-0.509765625,0,0
1779629235.134941,-0.181640625,0.0234375,0.4296875,0.2421875,-0.1015625,-0.509765625,0,0
1779629235.142963,-0.181640625,0.0234375,0.4296875,0.244140625,-0.1015625,-0.5078125,0,0
1779629235.150962,-0.1796875,0.0234375,0.4296875,0.244140625,-0.1015625,-0.5078125,0,0
1779629235.158921,-0.1796875,0.0234375,0.4296875,0.244140625,-0.1015625,-0.5078125,0,0
1779629235.166890,-0.1796875,0.0234375,0.427734375,0.244140625,-0.1015625,-0.5078125,0,0
1779629235.174888,-0.1796875,0.0234375,0.427734375,0.2421875,-0.1015625,-0.5078125,0,0
1779629235.182929,-0.185546875,0.0234375,0.421875,0.2421875,-0.1015625,-0.5078125,0,0
1779629235.190905,-0.185546875,0.0234375,0.421875,0.234375,-0.1015625,-0.505859375,0,0
1779629235.198924,-0.1875,0.0234375,0.412109375,0.234375,-0.1015625,-0.505859375,0,0
1779629235.206906,-0.1875,0.0234375,0.412109375,0.2265625,-0.095703125,-0.501953125,0,0
1779629235.214897,-0.189453125,0.0234375,0.404296875,0.2265625,-0.095703125,-0.501953125,0,0
1779629235.222978,-0.189453125,0.0234375,0.404296875,0.224609375,-0.08984375,-0.501953125,0,0
1779629235.230907,-0.189453125,0.0234375,0.40234375,0.224609375,-0.08984375,-0.501953125,0,0
1779629235.238875,-0.189453125,0.0234375,0.40234375,0.220703125,-0.087890625,-0.5,0,0
1779629235.246883,-0.19140625,0.0234375,0.400390625,0.220703125,-0.087890625,-0.5,0,0
1779629235.254978,-0.19140625,0.0234375,0.400390625,0.21875,-0.087890625,-0.5,0,0
1779629235.262913,-0.19140625,0.0234375,0.40234375,0.21875,-0.087890625,-0.5,0,0
1779629235.270970,-0.19140625,0.0234375,0.40234375,0.22265625,-0.083984375,-0.5,0,0
1779629235.278945,-0.19140625,0.0234375,0.404296875,0.22265625,-0.083984375,-0.5,0,0
1779629235.287006,-0.19140625,0.0234375,0.404296875,0.224609375,-0.083984375,-0.498046875,0,0
1779629235.294912,-0.19140625,0.0234375,0.404296875,0.224609375,-0.083984375,-0.498046875,0,0
1779629235.302958,-0.19140625,0.0234375,0.404296875,0.2265625,-0.08203125,-0.498046875,0,0
1779629235.310890,-0.193359375,0.0234375,0.404296875,0.2265625,-0.08203125,-0.498046875,0,0
1779629235.318968,-0.193359375,0.0234375,0.404296875,0.2265625,-0.08203125,-0.49609375,0,0
1779629235.326956,-0.1953125,0.0234375,0.40234375,0.2265625,-0.08203125,-0.49609375,0,0
1779629235.334930,-0.1953125,0.0234375,0.40234375,0.2265625,-0.08203125,-0.49609375,0,0
1779629235.342922,-0.1953125,0.0234375,0.404296875,0.2265625,-0.08203125,-0.49609375,0,0
1779629235.350954,-0.1953125,0.0234375,0.404296875,0.2265625,-0.08203125,-0.49609375,0,0
1779629235.358922,-0.193359375,0.0234375,0.40234375,0.2265625,-0.08203125,-0.49609375,0,0
1779629235.366951,-0.193359375,0.0234375,0.40234375,0.228515625,-0.080078125,-0.494140625,0,0
1779629235.374934,-0.197265625,0.0234375,0.40234375,0.228515625,-0.080078125,-0.494140625,0,0
1779629235.382974,-0.197265625,0.0234375,0.40234375,0.2265625,-0.080078125,-0.4921875,0,0
1779629235.390940,-0.205078125,0.0234375,0.400390625,0.2265625,-0.080078125,-0.4921875,0,0
1779629235.398912,-0.205078125,0.0234375,0.400390625,0.2265625,-0.080078125,-0.484375,0,0
1779629235.406899,-0.20703125,0.0234375,0.39453125,0.2265625,-0.080078125,-0.484375,0,0
1779629235.414908,-0.20703125,0.0234375,0.39453125,0.220703125,-0.072265625,-0.48046875,0,0
1779629235.422951,-0.203125,0.0234375,0.390625,0.220703125,-0.072265625,-0.48046875,0,0
1779629235.430940,-0.203125,0.0234375,0.390625,0.21875,-0.068359375,-0.48046875,0,0
1779629235.438900,-0.201171875,0.0234375,0.388671875,0.21875,-0.068359375,-0.48046875,0,0
1779629235.446952,-0.201171875,0.0234375,0.388671875,0.216796875,-0.06640625,-0.484375,0,0
1779629235.454947,-0.19921875,0.0234375,0.38671875,0.216796875,-0.06640625,-0.484375,0,0
1779629235.462942,-0.19921875,0.0234375,0.38671875,0.216796875,-0.0625,-0.484375,0,0
1779629235.470878,-0.19921875,0.0234375,0.3828125,0.216796875,-0.0625,-0.484375,0,0
1779629235.478966,-0.19921875,0.0234375,0.3828125,0.212890625,-0.060546875,-0.484375,0,0
1779629235.486902,-0.19921875,0.0234375,0.37890625,0.212890625,-0.060546875,-0.484375,0,0
1779629235.494930,-0.19921875,0.0234375,0.37890625,0.208984375,-0.060546875,-0.484375,0,0
1779629235.502987,-0.19921875,0.0234375,0.369140625,0.208984375,-0.060546875,-0.484375,0,0
1779629235.510907,-0.19921875,0.0234375,0.369140625,0.201171875,-0.056640625,-0.482421875,0,0
1779629235.518958,-0.205078125,0.0234375,0.365234375,0.201171875,-0.056640625,-0.482421875,0,0
1779629235.526908,-0.205078125,0.0234375,0.365234375,0.193359375,-0.056640625,-0.478515625,0,0
1779629235.534929,-0.212890625,0.0234375,0.36328125,0.193359375,-0.056640625,-0.478515625,0,0
1779629235.542966,-0.212890625,0.0234375,0.36328125,0.193359375,-0.05859375,-0.47265625,0,0
1779629235.550921,-0.216796875,0.0234375,0.36328125,0.193359375,-0.05859375,-0.47265625,0,0
1779629235.558951,-0.216796875,0.0234375,0.36328125,0.193359375,-0.060546875,-0.470703125,0,0
1779629235.566903,-0.21875,0.0234375,0.361328125,0.193359375,-0.060546875,-0.470703125,0,0
1779629235.574884,-0.21875,0.0234375,0.361328125,0.19140625,-0.060546875,-0.466796875,0,0
1779629235.582903,-0.21875,0.0234375,0.361328125,0.19140625,-0.060546875,-0.466796875,0,0
1779629235.590925,-0.21875,0.0234375,0.361328125,0.19140625,-0.060546875,-0.466796875,0,0
1779629235.598909,-0.21875,0.0234375,0.361328125,0.19140625,-0.060546875,-0.466796875,0,0
1779629235.606967,-0.21875,0.0234375,0.361328125,0.189453125,-0.060546875,-0.466796875,0,0
1779629235.614914,-0.21484375,0.0234375,0.357421875,0.189453125,-0.060546875,-0.466796875,0,0
1779629235.622931,-0.21484375,0.0234375,0.357421875,0.185546875,-0.05859375,-0.46875,0,0
1779629235.630984,-0.212890625,0.0234375,0.357421875,0.185546875,-0.05859375,-0.46875,0,0
1779629235.638899,-0.212890625,0.0234375,0.357421875,0.18359375,-0.05859375,-0.470703125,0,0
1779629235.647042,-0.212890625,0.0234375,0.35546875,0.18359375,-0.05859375,-0.470703125,0,0
1779629235.654924,-0.212890625,0.0234375,0.35546875,0.177734375,-0.05859375,-0.470703125,0,0
1779629235.662925,-0.21484375,0.0234375,0.3515625,0.177734375,-0.05859375,-0.470703125,0,0
1779629235.670931,-0.21484375,0.0234375,0.3515625,0.177734375,-0.05859375,-0.46875,0,0
1779629235.678949,-0.216796875,0.0234375,0.345703125,0.177734375,-0.05859375,-0.46875,0,0
1779629235.686976,-0.216796875,0.0234375,0.345703125,0.171875,-0.056640625,-0.46484375,0,0
1779629235.694964,-0.216796875,0.0234375,0.341796875,0.171875,-0.056640625,-0.46484375,0,0
1779629235.702879,-0.216796875,0.0234375,0.341796875,0.1640625,-0.0546875,-0.46484375,0,0
1779629235.710936,-0.2109375,0.0234375,0.3359375,0.1640625,-0.0546875,-0.46484375,0,0
1779629235.718988,-0.2109375,0.0234375,0.3359375,0.16015625,-0.05078125,-0.46875,0,0
1779629235.726971,-0.20703125,0.0234375,0.333984375,0.16015625,-0.05078125,-0.46875,0,0
1779629235.734917,-0.20703125,0.0234375,0.333984375,0.16015625,-0.05078125,-0.470703125,0,0
1779629235.742990,-0.205078125,0.0234375,0.330078125,0.16015625,-0.05078125,-0.470703125,0,0
1779629235.750983,-0.205078125,0.0234375,0.330078125,0.15625,-0.048828125,-0.47265625,0,0
1779629235.758929,-0.205078125,0.0234375,0.32421875,0.15625,-0.048828125,-0.47265625,0,0
1779629235.766979,-0.205078125,0.0234375,0.32421875,0.150390625,-0.048828125,-0.47265625,0,0
1779629235.774957,-0.208984375,0.0234375,0.31640625,0.150390625,-0.048828125,-0.47265625,0,0
1779629235.782937,-0.208984375,0.0234375,0.31640625,0.142578125,-0.044921875,-0.470703125,0,0
1779629235.790965,-0.208984375,0.0234375,0.314453125,0.142578125,-0.044921875,-0.470703125,0,0
1779629235.798941,-0.208984375,0.0234375,0.314453125,0.142578125,-0.041015625,-0.470703125,0,0
1779629235.806990,-0.20703125,0.0234375,0.310546875,0.142578125,-0.041015625,-0.470703125,0,0
1779629235.814971,-0.20703125,0.0234375,0.310546875,0.138671875,-0.041015625,-0.470703125,0,0
1779629235.822980,-0.20703125,0.0234375,0.30859375,0.138671875,-0.041015625,-0.470703125,0,0
1779629235.830930,-0.20703125,0.0234375,0.30859375,0.134765625,-0.0390625,-0.470703125,0,0
1779629235.838922,-0.20703125,0.0234375,0.30859375,0.134765625,-0.0390625,-0.470703125,0,0
1779629235.846884,-0.20703125,0.0234375,0.30859375,0.134765625,-0.0390625,-0.470703125,0,0
1779629235.854940,-0.203125,0.0234375,0.306640625,0.134765625,-0.0390625,-0.470703125,0,0
1779629235.862883,-0.203125,0.0234375,0.306640625,0.1328125,-0.037109375,-0.470703125,0,0
1779629235.870979,-0.189453125,0.0234375,0.30078125,0.1328125,-0.037109375,-0.470703125,0,0
1779629235.878927,-0.189453125,0.0234375,0.30078125,0.126953125,-0.025390625,-0.48046875,0,0
1779629235.886925,-0.15625,0.0234375,0.333984375,0.126953125,-0.025390625,-0.48046875,0,0
1779629235.894870,-0.15625,0.0234375,0.333984375,0.09765625,-0.0078125,-0.498046875,0,0
1779629235.902934,-0.125,0.0234375,0.359375,0.09765625,-0.0078125,-0.498046875,0,0
1779629235.910946,-0.125,0.0234375,0.359375,0.06640625,-0.0078125,-0.521484375,0,0
1779629235.918952,-0.107421875,0.0234375,0.369140625,0.06640625,-0.0078125,-0.521484375,0,0
1779629235.926947,-0.107421875,0.0234375,0.369140625,0.033203125,-0.0078125,-0.5390625,0,0
1779629235.934915,-0.09765625,-0.00390625,0.369140625,0.033203125,-0.0078125,-0.5390625,0,0
1779629235.942948,-0.09765625,-0.00390625,0.369140625,0.021484375,-0.0078125,-0.548828125,0,0
1779629235.950997,-0.0625,-0.03515625,0.36328125,0.021484375,-0.0078125,-0.548828125,0,0
1779629235.958928,-0.0625,-0.03515625,0.36328125,0.005859375,-0.0078125,-0.546875,0,0
1779629235.966922,-0.005859375,-0.056640625,0.359375,0.005859375,-0.0078125,-0.546875,0,0
1779629235.974940,-0.005859375,-0.056640625,0.359375,0.005859375,0.0,-0.53125,0,0
1779629235.982974,-0.005859375,-0.078125,0.359375,0.005859375,0.0,-0.53125,0,0
1779629235.990914,-0.005859375,-0.078125,0.359375,0.005859375,0.03515625,-0.513671875,0,0
1779629235.998917,0.095703125,-0.1015625,0.35546875,0.005859375,0.03515625,-0.513671875,0,0
1779629236.006903,0.095703125,-0.1015625,0.35546875,0.005859375,0.072265625,-0.50390625,0,0
1779629236.014954,0.208984375,-0.12109375,0.345703125,0.005859375,0.072265625,-0.50390625,0,0
1779629236.022906,0.208984375,-0.12109375,0.345703125,0.0,0.109375,-0.498046875,0,0
1779629236.030923,0.267578125,-0.12109375,0.34765625,0.0,0.109375,-0.498046875,0,0
1779629236.038948,0.267578125,-0.12109375,0.34765625,-0.021484375,0.126953125,-0.46875,0,0
1779629236.046970,0.296875,-0.150390625,0.337890625,-0.021484375,0.126953125,-0.46875,0,0
1779629236.054924,0.296875,-0.150390625,0.337890625,-0.01953125,0.138671875,-0.4375,0,0
1779629236.062911,0.314453125,-0.169921875,0.33203125,-0.01953125,0.138671875,-0.4375,0,0
1779629236.070919,0.314453125,-0.169921875,0.33203125,-0.01171875,0.146484375,-0.412109375,0,0
1779629236.078951,0.328125,-0.189453125,0.330078125,-0.01171875,0.146484375,-0.412109375,0,0
1779629236.086921,0.328125,-0.189453125,0.330078125,-0.005859375,0.15625,-0.390625,0,0
1779629236.094915,0.333984375,-0.1953125,0.33203125,-0.005859375,0.15625,-0.390625,0,0
1779629236.102931,0.333984375,-0.1953125,0.33203125,0.0,0.16015625,-0.380859375,0,0
1779629236.110942,0.33984375,-0.205078125,0.3359375,0.0,0.16015625,-0.380859375,0,0
1779629236.118977,0.33984375,-0.205078125,0.3359375,0.0,0.16796875,-0.3671875,0,0
1779629236.126952,0.34375,-0.216796875,0.345703125,0.0,0.16796875,-0.3671875,0,0
1779629236.134953,0.34375,-0.216796875,0.345703125,0.0,0.17578125,-0.357421875,0,0
1779629236.142991,0.34765625,-0.2265625,0.353515625,0.0,0.17578125,-0.357421875,0,0
1779629236.150952,0.34765625,-0.2265625,0.353515625,0.0,0.1796875,-0.34765625,0,0
1779629236.159017,0.3515625,-0.23828125,0.361328125,0.0,0.1796875,-0.34765625,0,0
1779629236.166949,0.3515625,-0.23828125,0.361328125,-0.005859375,0.1875,-0.337890625,0,0
1779629236.174984,0.35546875,-0.244140625,0.36328125,-0.005859375,0.1875,-0.337890625,0,0
1779629236.182945,0.35546875,-0.244140625,0.36328125,-0.00390625,0.189453125,-0.330078125,0,0
1779629236.190985,0.357421875,-0.248046875,0.365234375,-0.00390625,0.189453125,-0.330078125,0,0
1779629236.198932,0.357421875,-0.248046875,0.365234375,-0.00390625,0.189453125,-0.322265625,0,0
1779629236.206976,0.361328125,-0.25,0.3671875,-0.00390625,0.189453125,-0.322265625,0,0
1779629236.214917,0.361328125,-0.25,0.3671875,-0.00390625,0.1953125,-0.314453125,0,0
1779629236.222965,0.36328125,-0.25390625,0.373046875,-0.00390625,0.1953125,-0.314453125,0,0
1779629236.230972,0.36328125,-0.25390625,0.373046875,-0.00390625,0.197265625,-0.30859375,0,0
1779629236.238912,0.36328125,-0.255859375,0.373046875,-0.00390625,0.197265625,-0.30859375,0,0
1779629236.246967,0.36328125,-0.255859375,0.373046875,-0.00390625,0.19921875,-0.306640625,0,0
1779629236.254953,0.361328125,-0.2578125,0.375,-0.00390625,0.19921875,-0.306640625,0,0
1779629236.262960,0.361328125,-0.2578125,0.375,-0.00390625,0.19921875,-0.306640625,0,0
1779629236.270939,0.361328125,-0.2578125,0.375,-0.00390625,0.19921875,-0.306640625,0,0
1779629236.278940,0.361328125,-0.2578125,0.375,-0.00390625,0.201171875,-0.306640625,0,0
1779629236.286933,0.359375,-0.2578125,0.37890625,-0.00390625,0.201171875,-0.306640625,0,0
1779629236.294975,0.359375,-0.2578125,0.37890625,-0.00390625,0.205078125,-0.3046875,0,0
1779629236.302975,0.357421875,-0.259765625,0.388671875,-0.00390625,0.205078125,-0.3046875,0,0
1779629236.310903,0.357421875,-0.259765625,0.388671875,-0.00390625,0.2109375,-0.298828125,0,0
1779629236.318969,0.357421875,-0.259765625,0.390625,-0.00390625,0.2109375,-0.298828125,0,0
1779629236.326946,0.357421875,-0.259765625,0.390625,-0.00390625,0.2109375,-0.294921875,0,0
1779629236.334953,0.357421875,-0.259765625,0.390625,-0.00390625,0.2109375,-0.294921875,0,0
1779629236.343013,0.357421875,-0.259765625,0.390625,-0.00390625,0.2109375,-0.294921875,0,0
1779629236.350960,0.35546875,-0.259765625,0.390625,-0.00390625,0.2109375,-0.294921875,0,0
1779629236.358971,0.35546875,-0.259765625,0.390625,-0.00390625,0.21484375,-0.29296875,0,0
1779629236.366944,0.35546875,-0.2578125,0.388671875,-0.00390625,0.21484375,-0.29296875,0,0
1779629236.374981,0.35546875,-0.2578125,0.388671875,-0.00390625,0.21484375,-0.29296875,0,0
1779629236.382968,0.35546875,-0.255859375,0.388671875,-0.00390625,0.21484375,-0.29296875,0,0
1779629236.390915,0.35546875,-0.255859375,0.388671875,-0.00390625,0.21484375,-0.29296875,0,0
1779629236.398905,0.35546875,-0.255859375,0.388671875,-0.00390625,0.21484375,-0.29296875,0,0
1779629236.406974,0.35546875,-0.255859375,0.388671875,-0.00390625,0.21484375,-0.294921875,0,0
1779629236.415012,0.35546875,-0.255859375,0.388671875,-0.00390625,0.21484375,-0.294921875,0,0
1779629236.422910,0.35546875,-0.255859375,0.388671875,-0.00390625,0.212890625,-0.294921875,0,0
1779629236.430936,0.35546875,-0.255859375,0.38671875,-0.00390625,0.212890625,-0.294921875,0,0
1779629236.438939,0.35546875,-0.255859375,0.38671875,-0.00390625,0.2109375,-0.294921875,0,0
1779629236.446931,0.35546875,-0.255859375,0.38671875,-0.00390625,0.2109375,-0.294921875,0,0
1779629236.454970,0.35546875,-0.255859375,0.38671875,-0.00390625,0.2109375,-0.294921875,0,0
1779629236.462962,0.35546875,-0.255859375,0.38671875,-0.00390625,0.2109375,-0.294921875,0,0
1779629236.470971,0.35546875,-0.255859375,0.38671875,-0.00390625,0.2109375,-0.294921875,0,0
1779629236.478878,0.35546875,-0.25390625,0.38671875,-0.00390625,0.2109375,-0.294921875,0,0
1779629236.486947,0.35546875,-0.25390625,0.38671875,-0.00390625,0.2109375,-0.294921875,0,0
1779629236.494951,0.35546875,-0.25390625,0.38671875,-0.00390625,0.2109375,-0.294921875,0,0
1779629236.502947,0.35546875,-0.25390625,0.38671875,-0.00390625,0.2109375,-0.294921875,0,0
1779629236.510947,0.35546875,-0.25390625,0.38671875,-0.00390625,0.2109375,-0.294921875,0,0
1779629236.519014,0.35546875,-0.25390625,0.38671875,-0.00390625,0.2109375,-0.294921875,0,0
1779629236.526972,0.35546875,-0.25390625,0.38671875,-0.00390625,0.2109375,-0.294921875,0,0
1779629236.534915,0.35546875,-0.25390625,0.38671875,-0.00390625,0.2109375,-0.294921875,0,0
1779629236.542928,0.35546875,-0.25390625,0.38671875,-0.00390625,0.2109375,-0.294921875,0,0
1779629236.550952,0.35546875,-0.25390625,0.38671875,-0.00390625,0.2109375,-0.294921875,0,0
1779629236.558960,0.35546875,-0.255859375,0.388671875,-0.00390625,0.2109375,-0.294921875,0,0
1779629236.566928,0.35546875,-0.255859375,0.388671875,-0.00390625,0.2109375,-0.294921875,0,0
1779629236.574900,0.35546875,-0.2578125,0.388671875,-0.00390625,0.2109375,-0.294921875,0,0
1779629236.582926,0.35546875,-0.2578125,0.388671875,-0.00390625,0.21484375,-0.294921875,0,0
1779629236.590967,0.35546875,-0.2578125,0.390625,-0.00390625,0.21484375,-0.294921875,0,0
1779629236.598958,0.35546875,-0.2578125,0.390625,-0.00390625,0.212890625,-0.294921875,0,0
1779629236.606942,0.35546875,-0.259765625,0.390625,-0.00390625,0.212890625,-0.294921875,0,0
1779629236.614926,0.35546875,-0.259765625,0.390625,-0.00390625,0.212890625,-0.294921875,0,0
1779629236.622934,0.35546875,-0.259765625,0.390625,-0.00390625,0.212890625,-0.294921875,0,0
1779629236.630919,0.35546875,-0.259765625,0.390625,-0.00390625,0.212890625,-0.294921875,0,0
1779629236.638912,0.357421875,-0.2578125,0.390625,-0.00390625,0.212890625,-0.294921875,0,0
1779629236.646924,0.357421875,-0.2578125,0.390625,-0.00390625,0.212890625,-0.294921875,0,0
1779629236.654941,0.357421875,-0.255859375,0.390625,-0.00390625,0.212890625,-0.294921875,0,0
1779629236.662918,0.357421875,-0.255859375,0.390625,-0.00390625,0.2109375,-0.294921875,0,0
1779629236.671002,0.357421875,-0.25390625,0.38671875,-0.00390625,0.2109375,-0.294921875,0,0
1779629236.678902,0.357421875,-0.25390625,0.38671875,-0.00390625,0.2109375,-0.294921875,0,0
1779629236.686962,0.359375,-0.251953125,0.3828125,-0.00390625,0.2109375,-0.294921875,0,0
1779629236.694999,0.359375,-0.251953125,0.3828125,-0.00390625,0.2109375,-0.294921875,0,0
1779629236.702961,0.361328125,-0.24609375,0.380859375,-0.00390625,0.2109375,-0.294921875,0,0
1779629236.710926,0.361328125,-0.24609375,0.380859375,-0.00390625,0.208984375,-0.294921875,0,0
1779629236.719024,0.36328125,-0.24609375,0.376953125,-0.00390625,0.208984375,-0.294921875,0,0
1779629236.726951,0.36328125,-0.24609375,0.376953125,-0.00390625,0.208984375,-0.291015625,0,0
1779629236.734961,0.3671875,-0.248046875,0.373046875,-0.00390625,0.208984375,-0.291015625,0,0
1779629236.742908,0.3671875,-0.248046875,0.373046875,-0.00390625,0.20703125,-0.283203125,0,0
1779629236.750954,0.37109375,-0.248046875,0.365234375,-0.00390625,0.20703125,-0.283203125,0,0
1779629236.758958,0.37109375,-0.248046875,0.365234375,-0.00390625,0.203125,-0.275390625,0,0
1779629236.766926,0.376953125,-0.25,0.359375,-0.00390625,0.203125,-0.275390625,0,0
1779629236.774974,0.376953125,-0.25,0.359375,-0.00390625,0.205078125,-0.267578125,0,0
1779629236.782929,0.376953125,-0.255859375,0.353515625,-0.00390625,0.205078125,-0.267578125,0,0
1779629236.790974,0.376953125,-0.255859375,0.353515625,-0.00390625,0.20703125,-0.26171875,0,0
1779629236.798924,0.380859375,-0.26171875,0.345703125,-0.00390625,0.20703125,-0.26171875,0,0
1779629236.806904,0.380859375,-0.26171875,0.345703125,-0.00390625,0.2109375,-0.255859375,0,0
1779629236.814894,0.384765625,-0.267578125,0.3359375,-0.00390625,0.2109375,-0.255859375,0,0
1779629236.822917,0.384765625,-0.267578125,0.3359375,-0.00390625,0.2109375,-0.25,0,0
1779629236.830902,0.384765625,-0.26953125,0.328125,-0.00390625,0.2109375,-0.25,0,0
1779629236.838884,0.384765625,-0.26953125,0.328125,-0.00390625,0.2109375,-0.244140625,0,0
1779629236.847007,0.38671875,-0.26953125,0.32421875,-0.00390625,0.2109375,-0.244140625,0,0
1779629236.854980,0.38671875,-0.26953125,0.32421875,0.005859375,0.212890625,-0.244140625,0,0
1779629236.862962,0.38671875,-0.26953125,0.3203125,0.005859375,0.212890625,-0.244140625,0,0
1779629236.870933,0.38671875,-0.26953125,0.3203125,0.01171875,0.21484375,-0.244140625,0,0
1779629236.878950,0.38671875,-0.267578125,0.31640625,0.01171875,0.21484375,-0.244140625,0,0
1779629236.886927,0.38671875,-0.267578125,0.31640625,0.013671875,0.216796875,-0.244140625,0,0
1779629236.894940,0.38671875,-0.267578125,0.314453125,0.013671875,0.216796875,-0.244140625,0,0
1779629236.902921,0.38671875,-0.267578125,0.314453125,0.015625,0.216796875,-0.244140625,0,0
1779629236.910956,0.38671875,-0.26953125,0.314453125,0.015625,0.216796875,-0.244140625,0,0
1779629236.918921,0.38671875,-0.26953125,0.314453125,0.013671875,0.220703125,-0.240234375,0,0
1779629236.926939,0.38671875,-0.279296875,0.3046875,0.013671875,0.220703125,-0.240234375,0,0
1779629236.934875,0.38671875,-0.279296875,0.3046875,0.013671875,0.216796875,-0.234375,0,0
1779629236.942895,0.388671875,-0.28125,0.296875,0.013671875,0.216796875,-0.234375,0,0
1779629236.950938,0.388671875,-0.28125,0.296875,0.013671875,0.216796875,-0.23046875,0,0
1779629236.958928,0.390625,-0.283203125,0.29296875,0.013671875,0.216796875,-0.23046875,0,0
1779629236.966990,0.390625,-0.283203125,0.29296875,0.017578125,0.216796875,-0.228515625,0,0
1779629236.974910,0.39453125,-0.287109375,0.28515625,0.017578125,0.216796875,-0.228515625,0,0
1779629236.982945,0.39453125,-0.287109375,0.28515625,0.021484375,0.216796875,-0.224609375,0,0
1779629236.990912,0.39453125,-0.287109375,0.28125,0.021484375,0.216796875,-0.224609375,0,0
1779629236.998904,0.39453125,-0.287109375,0.28125,0.025390625,0.216796875,-0.224609375,0,0
1779629237.007074,0.39453125,-0.28515625,0.28125,0.025390625,0.216796875,-0.224609375,0,0
1779629237.014884,0.39453125,-0.28515625,0.28125,0.025390625,0.216796875,-0.224609375,0,0
1779629237.022953,0.39453125,-0.287109375,0.28125,0.025390625,0.216796875,-0.224609375,0,0
1779629237.030892,0.39453125,-0.287109375,0.28125,0.025390625,0.216796875,-0.224609375,0,0
1779629237.038990,0.39453125,-0.2890625,0.28125,0.025390625,0.216796875,-0.224609375,0,0
1779629237.047033,0.39453125,-0.2890625,0.28125,0.025390625,0.216796875,-0.224609375,0,0
1779629237.055010,0.39453125,-0.2890625,0.279296875,0.025390625,0.216796875,-0.224609375,0,0
1779629237.062932,0.39453125,-0.2890625,0.279296875,0.025390625,0.216796875,-0.224609375,0,0
1779629237.070941,0.39453125,-0.287109375,0.27734375,0.025390625,0.216796875,-0.224609375,0,0
1779629237.078923,0.39453125,-0.287109375,0.27734375,0.0234375,0.220703125,-0.224609375,0,0
1779629237.086921,0.39453125,-0.287109375,0.275390625,0.0234375,0.220703125,-0.224609375,0,0
1779629237.094938,0.39453125,-0.287109375,0.275390625,0.029296875,0.220703125,-0.224609375,0,0
1779629237.102886,0.39453125,-0.287109375,0.2734375,0.029296875,0.220703125,-0.224609375,0,0
1779629237.110879,0.39453125,-0.287109375,0.2734375,0.029296875,0.220703125,-0.22265625,0,0
1779629237.118925,0.39453125,-0.287109375,0.271484375,0.029296875,0.220703125,-0.22265625,0,0
1779629237.126884,0.39453125,-0.287109375,0.271484375,0.029296875,0.22265625,-0.22265625,0,0
1779629237.134876,0.39453125,-0.287109375,0.271484375,0.029296875,0.22265625,-0.22265625,0,0
1779629237.142893,0.39453125,-0.287109375,0.271484375,0.029296875,0.22265625,-0.22265625,0,0
1779629237.150879,0.39453125,-0.287109375,0.271484375,0.029296875,0.22265625,-0.22265625,0,0
1779629237.158901,0.39453125,-0.287109375,0.271484375,0.02734375,0.2265625,-0.22265625,0,0
1779629237.166916,0.39453125,-0.2890625,0.265625,0.02734375,0.2265625,-0.22265625,0,0
1779629237.174879,0.39453125,-0.2890625,0.265625,0.029296875,0.224609375,-0.21875,0,0
1779629237.182914,0.396484375,-0.29296875,0.259765625,0.029296875,0.224609375,-0.21875,0,0
1779629237.190899,0.396484375,-0.29296875,0.259765625,0.03515625,0.224609375,-0.216796875,0,0
1779629237.198948,0.396484375,-0.29296875,0.259765625,0.03515625,0.224609375,-0.216796875,0,0
1779629237.206909,0.396484375,-0.29296875,0.259765625,0.03515625,0.224609375,-0.216796875,0,0
1779629237.214937,0.396484375,-0.29296875,0.2578125,0.03515625,0.224609375,-0.216796875,0,0
1779629237.222886,0.396484375,-0.29296875,0.2578125,0.033203125,0.22265625,-0.216796875,0,0
1779629237.230938,0.396484375,-0.29296875,0.25390625,0.033203125,0.22265625,-0.216796875,0,0
1779629237.238874,0.396484375,-0.29296875,0.25390625,0.033203125,0.2265625,-0.21484375,0,0
1779629237.246955,0.3984375,-0.30078125,0.25,0.033203125,0.2265625,-0.21484375,0,0
1779629237.254926,0.3984375,-0.30078125,0.25,0.033203125,0.224609375,-0.2109375,0,0
1779629237.262908,0.3984375,-0.30078125,0.24609375,0.033203125,0.224609375,-0.2109375,0,0
1779629237.270927,0.3984375,-0.30078125,0.24609375,0.033203125,0.224609375,-0.208984375,0,0
1779629237.278952,0.3984375,-0.30078125,0.2421875,0.033203125,0.224609375,-0.208984375,0,0
1779629237.286961,0.3984375,-0.30078125,0.2421875,0.033203125,0.224609375,-0.208984375,0,0
1779629237.294940,0.400390625,-0.30078125,0.240234375,0.033203125,0.224609375,-0.208984375,0,0
1779629237.302961,0.400390625,-0.30078125,0.240234375,0.037109375,0.2265625,-0.208984375,0,0
1779629237.310953,0.40234375,-0.30078125,0.236328125,0.037109375,0.2265625,-0.208984375,0,0
1779629237.318971,0.40234375,-0.30078125,0.236328125,0.0390625,0.2265625,-0.205078125,0,0
1779629237.326947,0.404296875,-0.30859375,0.234375,0.0390625,0.2265625,-0.205078125,0,0
1779629237.334966,0.404296875,-0.30859375,0.234375,0.04296875,0.2265625,-0.201171875,0,0
1779629237.342971,0.404296875,-0.30859375,0.232421875,0.04296875,0.2265625,-0.201171875,0,0
1779629237.350991,0.404296875,-0.30859375,0.232421875,0.04296875,0.228515625,-0.19921875,0,0
1779629237.358961,0.404296875,-0.310546875,0.228515625,0.04296875,0.228515625,-0.19921875,0,0
1779629237.366987,0.404296875,-0.310546875,0.228515625,0.041015625,0.228515625,-0.197265625,0,0
1779629237.374945,0.40625,-0.314453125,0.22265625,0.041015625,0.228515625,-0.197265625,0,0
1779629237.382944,0.40625,-0.314453125,0.22265625,0.04296875,0.2265625,-0.193359375,0,0
1779629237.390933,0.40625,-0.314453125,0.216796875,0.04296875,0.2265625,-0.193359375,0,0
1779629237.398925,0.40625,-0.314453125,0.216796875,0.044921875,0.224609375,-0.19140625,0,0
1779629237.406899,0.40625,-0.314453125,0.212890625,0.044921875,0.224609375,-0.19140625,0,0
1779629237.414939,0.40625,-0.314453125,0.212890625,0.05078125,0.224609375,-0.19140625,0,0
1779629237.422939,0.408203125,-0.314453125,0.2109375,0.05078125,0.224609375,-0.19140625,0,0
1779629237.430931,0.408203125,-0.314453125,0.2109375,0.0546875,0.2265625,-0.19140625,0,0
1779629237.438926,0.41015625,-0.314453125,0.205078125,0.0546875,0.2265625,-0.19140625,0,0
1779629237.446932,0.41015625,-0.314453125,0.205078125,0.056640625,0.224609375,-0.189453125,0,0
1779629237.454904,0.412109375,-0.3203125,0.197265625,0.056640625,0.224609375,-0.189453125,0,0
1779629237.462894,0.412109375,-0.3203125,0.197265625,0.060546875,0.224609375,-0.18359375,0,0
1779629237.470880,0.412109375,-0.322265625,0.189453125,0.060546875,0.224609375,-0.18359375,0,0
1779629237.478933,0.412109375,-0.322265625,0.189453125,0.0625,0.224609375,-0.1796875,0,0
1779629237.486977,0.4140625,-0.322265625,0.189453125,0.0625,0.224609375,-0.1796875,0,0
1779629237.494944,0.4140625,-0.322265625,0.189453125,0.064453125,0.224609375,-0.1796875,0,0
1779629237.502940,0.4140625,-0.32421875,0.189453125,0.064453125,0.224609375,-0.1796875,0,0
1779629237.510898,0.4140625,-0.32421875,0.189453125,0.064453125,0.224609375,-0.1796875,0,0
1779629237.518969,0.4140625,-0.326171875,0.1875,0.064453125,0.224609375,-0.1796875,0,0
1779629237.526943,0.4140625,-0.326171875,0.1875,0.0625,0.224609375,-0.177734375,0,0
1779629237.534955,0.416015625,-0.330078125,0.185546875,0.0625,0.224609375,-0.177734375,0,0
1779629237.542911,0.416015625,-0.330078125,0.185546875,0.05859375,0.224609375,-0.173828125,0,0
1779629237.550956,0.416015625,-0.3359375,0.181640625,0.05859375,0.224609375,-0.173828125,0,0
1779629237.558932,0.416015625,-0.3359375,0.181640625,0.05859375,0.224609375,-0.169921875,0,0
1779629237.566907,0.416015625,-0.33984375,0.17578125,0.05859375,0.224609375,-0.169921875,0,0
1779629237.574979,0.416015625,-0.33984375,0.17578125,0.0625,0.2265625,-0.16796875,0,0
1779629237.582954,0.41796875,-0.337890625,0.166015625,0.0625,0.2265625,-0.16796875,0,0
1779629237.590974,0.41796875,-0.337890625,0.166015625,0.06640625,0.228515625,-0.166015625,0,0
1779629237.598908,0.41796875,-0.337890625,0.15625,0.06640625,0.228515625,-0.166015625,0,0
1779629237.606910,0.41796875,-0.337890625,0.15625,0.072265625,0.2265625,-0.16015625,0,0
1779629237.614935,0.421875,-0.341796875,0.150390625,0.072265625,0.2265625,-0.16015625,0,0
1779629237.622932,0.421875,-0.341796875,0.150390625,0.078125,0.228515625,-0.158203125,0,0
1779629237.630903,0.421875,-0.341796875,0.146484375,0.078125,0.228515625,-0.158203125,0,0
1779629237.638964,0.421875,-0.341796875,0.146484375,0.08203125,0.228515625,-0.15625,0,0
1779629237.646984,0.421875,-0.341796875,0.142578125,0.08203125,0.228515625,-0.15625,0,0
1779629237.654896,0.421875,-0.341796875,0.142578125,0.083984375,0.23046875,-0.154296875,0,0
1779629237.662864,0.423828125,-0.341796875,0.13671875,0.083984375,0.23046875,-0.154296875,0,0
1779629237.670951,0.423828125,-0.341796875,0.13671875,0.0859375,0.234375,-0.154296875,0,0
1779629237.678920,0.423828125,-0.33984375,0.130859375,0.0859375,0.234375,-0.154296875,0,0
1779629237.686881,0.423828125,-0.33984375,0.130859375,0.08984375,0.234375,-0.15234375,0,0
1779629237.694944,0.42578125,-0.33984375,0.125,0.08984375,0.234375,-0.15234375,0,0
1779629237.702977,0.42578125,-0.33984375,0.125,0.09765625,0.234375,-0.15234375,0,0
1779629237.710932,0.42578125,-0.337890625,0.12109375,0.09765625,0.234375,-0.15234375,0,0
1779629237.718900,0.42578125,-0.337890625,0.12109375,0.10546875,0.234375,-0.15234375,0,0
1779629237.726887,0.427734375,-0.3359375,0.119140625,0.10546875,0.234375,-0.15234375,0,0
1779629237.734929,0.427734375,-0.3359375,0.119140625,0.10546875,0.236328125,-0.150390625,0,0
1779629237.742924,0.427734375,-0.3359375,0.119140625,0.10546875,0.236328125,-0.150390625,0,0
1779629237.750946,0.427734375,-0.3359375,0.119140625,0.10546875,0.23828125,-0.150390625,0,0
1779629237.758952,0.42578125,-0.3359375,0.119140625,0.10546875,0.23828125,-0.150390625,0,0
1779629237.766867,0.42578125,-0.3359375,0.119140625,0.103515625,0.234375,-0.150390625,0,0
1779629237.774916,0.42578125,-0.3359375,0.119140625,0.103515625,0.234375,-0.150390625,0,0
1779629237.782936,0.42578125,-0.3359375,0.119140625,0.103515625,0.234375,-0.150390625,0,0
1779629237.790903,0.42578125,-0.3359375,0.119140625,0.103515625,0.234375,-0.150390625,0,0
1779629237.798895,0.42578125,-0.3359375,0.119140625,0.103515625,0.234375,-0.150390625,0,0
1779629237.806948,0.427734375,-0.333984375,0.119140625,0.103515625,0.234375,-0.150390625,0,0
1779629237.814943,0.427734375,-0.333984375,0.119140625,0.10546875,0.234375,-0.150390625,0,0
1779629237.822948,0.4296875,-0.333984375,0.119140625,0.10546875,0.234375,-0.150390625,0,0
1779629237.830958,0.4296875,-0.333984375,0.119140625,0.111328125,0.234375,-0.150390625,0,0
1779629237.839001,0.43359375,-0.330078125,0.12109375,0.111328125,0.234375,-0.150390625,0,0
1779629237.846946,0.43359375,-0.330078125,0.12109375,0.11328125,0.228515625,-0.150390625,0,0
1779629237.854913,0.4375,-0.328125,0.125,0.11328125,0.228515625,-0.150390625,0,0
1779629237.862949,0.4375,-0.328125,0.125,0.11328125,0.224609375,-0.150390625,0,0
1779629237.870965,0.44140625,-0.326171875,0.12890625,0.11328125,0.224609375,-0.150390625,0,0
1779629237.879015,0.44140625,-0.326171875,0.12890625,0.109375,0.224609375,-0.150390625,0,0
1779629237.886906,0.443359375,-0.330078125,0.140625,0.109375,0.224609375,-0.150390625,0,0
1779629237.894916,0.443359375,-0.330078125,0.140625,0.1015625,0.216796875,-0.150390625,0,0
1779629237.902924,0.443359375,-0.333984375,0.1484375,0.1015625,0.216796875,-0.150390625,0,0
1779629237.910903,0.443359375,-0.333984375,0.1484375,0.091796875,0.212890625,-0.150390625,0,0
1779629237.918992,0.443359375,-0.3359375,0.16015625,0.091796875,0.212890625,-0.150390625,0,0
1779629237.926941,0.443359375,-0.3359375,0.16015625,0.080078125,0.208984375,-0.150390625,0,0
1779629237.934934,0.44140625,-0.33984375,0.17578125,0.080078125,0.208984375,-0.150390625,0,0
1779629237.942883,0.44140625,-0.33984375,0.17578125,0.068359375,0.203125,-0.15234375,0,0
1779629237.950927,0.4296875,-0.333984375,0.232421875,0.068359375,0.203125,-0.15234375,0,0
1779629237.958910,0.4296875,-0.333984375,0.232421875,0.064453125,0.2109375,-0.15625,0,0
1779629237.966914,0.4296875,-0.333984375,0.244140625,0.064453125,0.2109375,-0.15625,0,0
1779629237.974878,0.4296875,-0.333984375,0.244140625,0.0546875,0.2109375,-0.15625,0,0
1779629237.982924,0.427734375,-0.337890625,0.25390625,0.0546875,0.2109375,-0.15625,0,0
1779629237.990903,0.427734375,-0.337890625,0.25390625,0.04296875,0.2109375,-0.15625,0,0
1779629237.998904,0.42578125,-0.345703125,0.263671875,0.04296875,0.2109375,-0.15625,0,0
1779629238.006900,0.42578125,-0.345703125,0.263671875,0.03125,0.208984375,-0.158203125,0,0
1779629238.014907,0.423828125,-0.349609375,0.267578125,0.03125,0.208984375,-0.158203125,0,0
1779629238.022902,0.423828125,-0.349609375,0.267578125,0.021484375,0.205078125,-0.158203125,0,0
1779629238.030859,0.423828125,-0.349609375,0.2734375,0.021484375,0.205078125,-0.158203125,0,0
1779629238.038965,0.423828125,-0.349609375,0.2734375,0.01953125,0.205078125,-0.158203125,0,0
1779629238.046913,0.423828125,-0.349609375,0.2734375,0.01953125,0.205078125,-0.158203125,0,0
1779629238.054911,0.423828125,-0.349609375,0.2734375,0.01953125,0.203125,-0.158203125,0,0
1779629238.062913,0.423828125,-0.349609375,0.2734375,0.01953125,0.203125,-0.158203125,0,0
1779629238.070889,0.423828125,-0.349609375,0.2734375,0.021484375,0.203125,-0.158203125,0,0
1779629238.078900,0.423828125,-0.349609375,0.2734375,0.021484375,0.203125,-0.158203125,0,0
1779629238.086921,0.423828125,-0.349609375,0.2734375,0.021484375,0.203125,-0.158203125,0,0
1779629238.094864,0.423828125,-0.34765625,0.26953125,0.021484375,0.203125,-0.158203125,0,0
1779629238.102902,0.423828125,-0.34765625,0.26953125,0.02734375,0.201171875,-0.158203125,0,0
1779629238.110904,0.427734375,-0.341796875,0.265625,0.02734375,0.201171875,-0.158203125,0,0
1779629238.118937,0.427734375,-0.341796875,0.265625,0.029296875,0.201171875,-0.158203125,0,0
1779629238.126918,0.427734375,-0.337890625,0.259765625,0.029296875,0.201171875,-0.158203125,0,0
1779629238.134923,0.427734375,-0.337890625,0.259765625,0.037109375,0.201171875,-0.158203125,0,0
1779629238.142882,0.4296875,-0.33203125,0.251953125,0.037109375,0.201171875,-0.158203125,0,0
1779629238.150916,0.4296875,-0.33203125,0.251953125,0.048828125,0.205078125,-0.158203125,0,0
1779629238.158921,0.431640625,-0.330078125,0.244140625,0.048828125,0.205078125,-0.158203125,0,0
1779629238.166951,0.431640625,-0.330078125,0.244140625,0.05859375,0.205078125,-0.158203125,0,0
1779629238.174955,0.43359375,-0.326171875,0.236328125,0.05859375,0.205078125,-0.158203125,0,0
1779629238.182973,0.43359375,-0.326171875,0.236328125,0.068359375,0.208984375,-0.158203125,0,0
1779629238.190938,0.43359375,-0.322265625,0.232421875,0.068359375,0.208984375,-0.158203125,0,0
1779629238.198934,0.43359375,-0.322265625,0.232421875,0.072265625,0.20703125,-0.158203125,0,0
1779629238.206914,0.43359375,-0.322265625,0.228515625,0.072265625,0.20703125,-0.158203125,0,0
1779629238.214955,0.43359375,-0.322265625,0.228515625,0.076171875,0.2109375,-0.158203125,0,0
1779629238.222957,0.43359375,-0.322265625,0.2265625,0.076171875,0.2109375,-0.158203125,0,0
1779629238.230943,0.43359375,-0.322265625,0.2265625,0.080078125,0.212890625,-0.158203125,0,0
1779629238.238918,0.4296875,-0.322265625,0.224609375,0.080078125,0.212890625,-0.158203125,0,0
1779629238.246893,0.4296875,-0.322265625,0.224609375,0.080078125,0.212890625,-0.158203125,0,0
1779629238.254894,0.4296875,-0.322265625,0.22265625,0.080078125,0.212890625,-0.158203125,0,0
1779629238.262955,0.4296875,-0.322265625,0.22265625,0.08203125,0.212890625,-0.158203125,0,0
1779629238.270945,0.4296875,-0.3203125,0.21875,0.08203125,0.212890625,-0.158203125,0,0
1779629238.278974,0.4296875,-0.3203125,0.21875,0.0859375,0.212890625,-0.158203125,0,0
1779629238.286867,0.431640625,-0.314453125,0.2109375,0.0859375,0.212890625,-0.158203125,0,0
1779629238.294889,0.431640625,-0.314453125,0.2109375,0.09375,0.212890625,-0.158203125,0,0
1779629238.302942,0.431640625,-0.3125,0.208984375,0.09375,0.212890625,-0.158203125,0,0
1779629238.310968,0.431640625,-0.3125,0.208984375,0.1015625,0.212890625,-0.158203125,0,0
1779629238.318975,0.431640625,-0.30859375,0.203125,0.1015625,0.212890625,-0.158203125,0,0
1779629238.326925,0.431640625,-0.30859375,0.203125,0.103515625,0.216796875,-0.158203125,0,0
1779629238.334940,0.431640625,-0.30859375,0.197265625,0.103515625,0.216796875,-0.158203125,0,0
1779629238.342947,0.431640625,-0.30859375,0.197265625,0.111328125,0.216796875,-0.158203125,0,0
1779629238.350953,0.431640625,-0.30859375,0.1953125,0.111328125,0.216796875,-0.158203125,0,0
1779629238.358981,0.431640625,-0.30859375,0.1953125,0.111328125,0.216796875,-0.158203125,0,0
1779629238.366926,0.431640625,-0.30859375,0.1953125,0.111328125,0.216796875,-0.158203125,0,0
1779629238.374978,0.431640625,-0.30859375,0.1953125,0.111328125,0.21875,-0.158203125,0,0
1779629238.382962,0.431640625,-0.310546875,0.1953125,0.111328125,0.21875,-0.158203125,0,0
1779629238.390919,0.431640625,-0.310546875,0.1953125,0.111328125,0.21875,-0.158203125,0,0
1779629238.398929,0.4296875,-0.3125,0.1953125,0.111328125,0.21875,-0.158203125,0,0
1779629238.407002,0.4296875,-0.3125,0.1953125,0.111328125,0.22265625,-0.158203125,0,0
1779629238.415641,0.4296875,-0.310546875,0.193359375,0.111328125,0.22265625,-0.158203125,0,0
1779629238.422948,0.4296875,-0.310546875,0.193359375,0.111328125,0.22265625,-0.158203125,0,0
1779629238.430944,0.4296875,-0.30859375,0.19140625,0.111328125,0.22265625,-0.158203125,0,0
1779629238.438977,0.4296875,-0.30859375,0.19140625,0.111328125,0.224609375,-0.158203125,0,0
1779629238.446915,0.4296875,-0.306640625,0.189453125,0.111328125,0.224609375,-0.158203125,0,0
1779629238.454951,0.4296875,-0.306640625,0.189453125,0.11328125,0.224609375,-0.158203125,0,0
1779629238.462914,0.4296875,-0.30859375,0.1875,0.11328125,0.224609375,-0.158203125,0,0
1779629238.470912,0.4296875,-0.30859375,0.1875,0.115234375,0.228515625,-0.158203125,0,0
1779629238.478910,0.4296875,-0.310546875,0.1875,0.115234375,0.228515625,-0.158203125,0,0
1779629238.486955,0.4296875,-0.310546875,0.1875,0.11328125,0.23046875,-0.158203125,0,0
1779629238.494883,0.427734375,-0.310546875,0.1875,0.11328125,0.23046875,-0.158203125,0,0
1779629238.502871,0.427734375,-0.310546875,0.1875,0.109375,0.23046875,-0.158203125,0,0
1779629238.510936,0.42578125,-0.310546875,0.1875,0.109375,0.23046875,-0.158203125,0,0
1779629238.518928,0.42578125,-0.310546875,0.1875,0.111328125,0.232421875,-0.158203125,0,0
1779629238.526956,0.42578125,-0.310546875,0.185546875,0.111328125,0.232421875,-0.158203125,0,0
1779629238.534939,0.42578125,-0.310546875,0.185546875,0.11328125,0.232421875,-0.158203125,0,0
1779629238.542960,0.42578125,-0.310546875,0.185546875,0.11328125,0.232421875,-0.158203125,0,0
1779629238.550945,0.42578125,-0.310546875,0.185546875,0.115234375,0.232421875,-0.158203125,0,0
1779629238.558973,0.42578125,-0.310546875,0.185546875,0.115234375,0.232421875,-0.158203125,0,0
1779629238.566973,0.42578125,-0.310546875,0.185546875,0.115234375,0.232421875,-0.158203125,0,0
1779629238.574935,0.42578125,-0.310546875,0.185546875,0.115234375,0.232421875,-0.158203125,0,0
1779629238.582975,0.42578125,-0.310546875,0.185546875,0.115234375,0.232421875,-0.158203125,0,0
1779629238.590993,0.42578125,-0.3125,0.185546875,0.115234375,0.232421875,-0.158203125,0,0
1779629238.598996,0.42578125,-0.3125,0.185546875,0.115234375,0.234375,-0.158203125,0,0
1779629238.606941,0.42578125,-0.3125,0.185546875,0.115234375,0.234375,-0.158203125,0,0
1779629238.614965,0.42578125,-0.3125,0.185546875,0.115234375,0.234375,-0.158203125,0,0
1779629238.622934,0.42578125,-0.310546875,0.181640625,0.115234375,0.234375,-0.158203125,0,0
1779629238.630917,0.42578125,-0.310546875,0.181640625,0.1171875,0.234375,-0.158203125,0,0
1779629238.638926,0.42578125,-0.30859375,0.181640625,0.1171875,0.234375,-0.158203125,0,0
1779629238.646961,0.42578125,-0.30859375,0.181640625,0.1171875,0.234375,-0.158203125,0,0
1779629238.654966,0.423828125,-0.30859375,0.1796875,0.1171875,0.234375,-0.158203125,0,0
1779629238.662935,0.423828125,-0.30859375,0.1796875,0.119140625,0.234375,-0.158203125,0,0
1779629238.670971,0.423828125,-0.30859375,0.1796875,0.119140625,0.234375,-0.158203125,0,0
1779629238.678997,0.423828125,-0.30859375,0.1796875,0.119140625,0.234375,-0.158203125,0,0
1779629238.686948,0.42578125,-0.30859375,0.1796875,0.119140625,0.234375,-0.158203125,0,0
1779629238.694929,0.42578125,-0.30859375,0.1796875,0.1171875,0.236328125,-0.158203125,0,0
1779629238.702923,0.423828125,-0.30859375,0.1796875,0.1171875,0.236328125,-0.158203125,0,0
1779629238.710966,0.423828125,-0.30859375,0.1796875,0.1171875,0.236328125,-0.158203125,0,0
1779629238.718957,0.423828125,-0.310546875,0.1796875,0.1171875,0.236328125,-0.158203125,0,0
1779629238.726936,0.423828125,-0.310546875,0.1796875,0.1171875,0.236328125,-0.158203125,0,0
1779629238.734927,0.421875,-0.310546875,0.1796875,0.1171875,0.236328125,-0.158203125,0,0
1779629238.742942,0.421875,-0.310546875,0.1796875,0.115234375,0.236328125,-0.158203125,0,0
1779629238.750969,0.421875,-0.310546875,0.181640625,0.115234375,0.236328125,-0.158203125,0,0
1779629238.758943,0.421875,-0.310546875,0.181640625,0.11328125,0.236328125,-0.158203125,0,0
1779629238.766949,0.421875,-0.3125,0.181640625,0.11328125,0.236328125,-0.158203125,0,0
1779629238.774974,0.421875,-0.3125,0.181640625,0.1171875,0.23828125,-0.158203125,0,0
1779629238.782915,0.421875,-0.3125,0.181640625,0.1171875,0.23828125,-0.158203125,0,0
1779629238.790964,0.421875,-0.3125,0.181640625,0.1171875,0.23828125,-0.158203125,0,0
1779629238.798920,0.421875,-0.3125,0.1796875,0.1171875,0.23828125,-0.158203125,0,0
1779629238.806924,0.421875,-0.3125,0.1796875,0.119140625,0.23828125,-0.158203125,0,0
1779629238.815034,0.421875,-0.3125,0.177734375,0.119140625,0.23828125,-0.158203125,0,0
1779629238.822997,0.421875,-0.3125,0.177734375,0.12109375,0.23828125,-0.158203125,0,0
1779629238.830949,0.421875,-0.3125,0.177734375,0.12109375,0.23828125,-0.158203125,0,0
1779629238.839055,0.421875,-0.3125,0.177734375,0.12109375,0.23828125,-0.158203125,0,0
1779629238.846960,0.421875,-0.3125,0.177734375,0.12109375,0.23828125,-0.158203125,0,0
1779629238.855016,0.421875,-0.3125,0.177734375,0.12109375,0.23828125,-0.158203125,0,0
1779629238.863030,0.421875,-0.310546875,0.177734375,0.12109375,0.23828125,-0.158203125,0,0
1779629238.870999,0.421875,-0.310546875,0.177734375,0.119140625,0.240234375,-0.15625,0,0
1779629238.878973,0.421875,-0.310546875,0.177734375,0.119140625,0.240234375,-0.15625,0,0
1779629238.886951,0.421875,-0.310546875,0.177734375,0.119140625,0.240234375,-0.15625,0,0
1779629238.894926,0.419921875,-0.310546875,0.17578125,0.119140625,0.240234375,-0.15625,0,0
1779629238.902955,0.419921875,-0.310546875,0.17578125,0.1171875,0.2421875,-0.15625,0,0
1779629238.910968,0.419921875,-0.310546875,0.17578125,0.1171875,0.2421875,-0.15625,0,0
1779629238.918943,0.419921875,-0.310546875,0.17578125,0.1171875,0.2421875,-0.15625,0,0
1779629238.926930,0.419921875,-0.310546875,0.17578125,0.1171875,0.2421875,-0.15625,0,0
1779629238.934918,0.419921875,-0.310546875,0.17578125,0.1171875,0.244140625,-0.15625,0,0
1779629238.942957,0.419921875,-0.310546875,0.17578125,0.1171875,0.244140625,-0.15625,0,0
1779629238.950932,0.419921875,-0.310546875,0.17578125,0.1171875,0.244140625,-0.15625,0,0
1779629238.958944,0.419921875,-0.310546875,0.17578125,0.1171875,0.244140625,-0.15625,0,0
1779629238.966952,0.419921875,-0.310546875,0.17578125,0.115234375,0.244140625,-0.15625,0,0
1779629238.974932,0.419921875,-0.310546875,0.173828125,0.115234375,0.244140625,-0.15625,0,0
1779629238.982923,0.419921875,-0.310546875,0.173828125,0.1171875,0.244140625,-0.154296875,0,0
1779629238.990943,0.419921875,-0.310546875,0.16796875,0.1171875,0.244140625,-0.154296875,0,0
1779629238.998935,0.419921875,-0.310546875,0.16796875,0.123046875,0.251953125,-0.15234375,0,0
1779629239.006923,0.419921875,-0.30859375,0.1640625,0.123046875,0.251953125,-0.15234375,0,0
1779629239.014931,0.419921875,-0.30859375,0.1640625,0.123046875,0.251953125,-0.150390625,0,0
1779629239.022946,0.421875,-0.306640625,0.1640625,0.123046875,0.251953125,-0.150390625,0,0
1779629239.030918,0.421875,-0.306640625,0.1640625,0.126953125,0.255859375,-0.150390625,0,0
1779629239.038950,0.421875,-0.3046875,0.162109375,0.126953125,0.255859375,-0.150390625,0,0
1779629239.046963,0.421875,-0.3046875,0.162109375,0.126953125,0.255859375,-0.1484375,0,0
1779629239.054961,0.421875,-0.306640625,0.158203125,0.126953125,0.255859375,-0.1484375,0,0
1779629239.062944,0.421875,-0.306640625,0.158203125,0.126953125,0.259765625,-0.146484375,0,0
1779629239.070940,0.419921875,-0.306640625,0.158203125,0.126953125,0.259765625,-0.146484375,0,0
1779629239.078936,0.419921875,-0.306640625,0.158203125,0.123046875,0.259765625,-0.146484375,0,0
1779629239.086914,0.41796875,-0.30859375,0.158203125,0.123046875,0.259765625,-0.146484375,0,0
1779629239.094953,0.41796875,-0.30859375,0.158203125,0.123046875,0.259765625,-0.146484375,0,0
1779629239.102988,0.41796875,-0.30859375,0.158203125,0.123046875,0.259765625,-0.146484375,0,0
1779629239.110937,0.41796875,-0.30859375,0.158203125,0.123046875,0.259765625,-0.1484375,0,0
1779629239.118962,0.41796875,-0.30859375,0.16015625,0.123046875,0.259765625,-0.1484375,0,0
1779629239.126982,0.41796875,-0.30859375,0.16015625,0.12109375,0.259765625,-0.1484375,0,0
1779629239.134917,0.41796875,-0.310546875,0.16015625,0.12109375,0.259765625,-0.1484375,0,0
1779629239.142956,0.41796875,-0.310546875,0.16015625,0.119140625,0.259765625,-0.1484375,0,0
1779629239.150959,0.41796875,-0.30859375,0.16015625,0.119140625,0.259765625,-0.1484375,0,0
1779629239.158945,0.41796875,-0.30859375,0.16015625,0.1171875,0.263671875,-0.146484375,0,0
1779629239.166942,0.421875,-0.306640625,0.15625,0.1171875,0.263671875,-0.146484375,0,0
1779629239.174959,0.421875,-0.306640625,0.15625,0.12109375,0.265625,-0.140625,0,0
1779629239.182956,0.42578125,-0.30078125,0.154296875,0.12109375,0.265625,-0.140625,0,0
1779629239.190923,0.42578125,-0.30078125,0.154296875,0.12109375,0.265625,-0.13671875,0,0
1779629239.198912,0.427734375,-0.30078125,0.150390625,0.12109375,0.265625,-0.13671875,0,0
1779629239.206880,0.427734375,-0.30078125,0.150390625,0.125,0.267578125,-0.134765625,0,0
1779629239.214924,0.4296875,-0.30078125,0.150390625,0.125,0.267578125,-0.134765625,0,0
1779629239.222935,0.4296875,-0.30078125,0.150390625,0.125,0.271484375,-0.1328125,0,0
1779629239.230895,0.4296875,-0.30078125,0.150390625,0.125,0.271484375,-0.1328125,0,0
1779629239.238942,0.4296875,-0.30078125,0.150390625,0.123046875,0.2734375,-0.1328125,0,0
1779629239.246921,0.4296875,-0.31640625,0.12890625,0.123046875,0.2734375,-0.1328125,0,0
1779629239.254993,0.4296875,-0.31640625,0.12890625,0.125,0.265625,-0.130859375,0,0
1779629239.263005,0.4296875,-0.31640625,0.12890625,0.125,0.265625,-0.130859375,0,0
1779629239.270963,0.4296875,-0.31640625,0.12890625,0.126953125,0.26171875,-0.130859375,0,0
1779629239.278918,0.4296875,-0.31640625,0.12890625,0.126953125,0.26171875,-0.130859375,0,0
1779629239.286895,0.4296875,-0.31640625,0.12890625,0.125,0.265625,-0.12890625,0,0
1779629239.294962,0.427734375,-0.318359375,0.130859375,0.125,0.265625,-0.12890625,0,0
1779629239.302963,0.427734375,-0.318359375,0.130859375,0.123046875,0.265625,-0.12890625,0,0
1779629239.310919,0.42578125,-0.3203125,0.130859375,0.123046875,0.265625,-0.12890625,0,0
1779629239.318954,0.42578125,-0.3203125,0.130859375,0.119140625,0.265625,-0.12890625,0,0
1779629239.326952,0.42578125,-0.3203125,0.130859375,0.119140625,0.265625,-0.12890625,0,0
1779629239.334916,0.42578125,-0.3203125,0.130859375,0.119140625,0.267578125,-0.12890625,0,0
1779629239.342945,0.423828125,-0.322265625,0.1328125,0.119140625,0.267578125,-0.12890625,0,0
1779629239.350902,0.423828125,-0.322265625,0.1328125,0.1171875,0.267578125,-0.12890625,0,0
1779629239.358905,0.423828125,-0.322265625,0.1328125,0.1171875,0.267578125,-0.12890625,0,0
1779629239.366900,0.423828125,-0.322265625,0.1328125,0.1171875,0.267578125,-0.12890625,0,0
1779629239.374987,0.423828125,-0.322265625,0.1328125,0.1171875,0.267578125,-0.12890625,0,0
1779629239.382925,0.423828125,-0.322265625,0.1328125,0.1171875,0.267578125,-0.12890625,0,0
1779629239.390987,0.41796875,-0.326171875,0.1328125,0.1171875,0.267578125,-0.12890625,0,0
1779629239.398897,0.41796875,-0.326171875,0.1328125,0.115234375,0.267578125,-0.130859375,0,0
1779629239.406911,0.416015625,-0.328125,0.1328125,0.115234375,0.267578125,-0.130859375,0,0
1779629239.414892,0.416015625,-0.328125,0.1328125,0.115234375,0.271484375,-0.1328125,0,0
1779629239.422925,0.416015625,-0.328125,0.130859375,0.115234375,0.271484375,-0.1328125,0,0
1779629239.430915,0.416015625,-0.328125,0.130859375,0.115234375,0.271484375,-0.1328125,0,0
1779629239.438936,0.416015625,-0.328125,0.126953125,0.115234375,0.271484375,-0.1328125,0,0
1779629239.446957,0.416015625,-0.328125,0.126953125,0.1171875,0.2734375,-0.1328125,0,0
1779629239.454936,0.416015625,-0.328125,0.126953125,0.1171875,0.2734375,-0.1328125,0,0
1779629239.462917,0.416015625,-0.328125,0.126953125,0.1171875,0.2734375,-0.1328125,0,0
1779629239.470958,0.416015625,-0.326171875,0.126953125,0.1171875,0.2734375,-0.1328125,0,0
1779629239.478944,0.416015625,-0.326171875,0.126953125,0.115234375,0.27734375,-0.130859375,0,0
1779629239.486954,0.416015625,-0.33203125,0.119140625,0.115234375,0.27734375,-0.130859375,0,0
1779629239.494942,0.416015625,-0.33203125,0.119140625,0.107421875,0.275390625,-0.12890625,0,0
1779629239.502908,0.41796875,-0.353515625,0.0859375,0.107421875,0.275390625,-0.12890625,0,0
1779629239.510913,0.41796875,-0.353515625,0.0859375,0.10546875,0.265625,-0.126953125,0,0
1779629239.518871,0.41796875,-0.353515625,0.083984375,0.10546875,0.265625,-0.126953125,0,0
1779629239.526936,0.41796875,-0.353515625,0.083984375,0.10546875,0.263671875,-0.126953125,0,0
1779629239.534940,0.41796875,-0.353515625,0.08203125,0.10546875,0.263671875,-0.126953125,0,0
1779629239.542957,0.41796875,-0.353515625,0.08203125,0.109375,0.2578125,-0.126953125,0,0
1779629239.550972,0.41796875,-0.353515625,0.08203125,0.109375,0.2578125,-0.126953125,0,0
1779629239.558952,0.41796875,-0.353515625,0.08203125,0.111328125,0.26171875,-0.126953125,0,0
1779629239.566903,0.416015625,-0.35546875,0.083984375,0.111328125,0.26171875,-0.126953125,0,0
1779629239.574952,0.416015625,-0.35546875,0.083984375,0.10546875,0.26171875,-0.12890625,0,0
1779629239.582936,0.416015625,-0.357421875,0.08984375,0.10546875,0.26171875,-0.12890625,0,0
1779629239.590969,0.416015625,-0.357421875,0.08984375,0.09765625,0.26171875,-0.12890625,0,0
1779629239.598947,0.416015625,-0.361328125,0.08984375,0.09765625,0.26171875,-0.12890625,0,0
1779629239.606918,0.416015625,-0.361328125,0.08984375,0.09765625,0.26171875,-0.12890625,0,0
1779629239.614947,0.4140625,-0.361328125,0.09375,0.09765625,0.26171875,-0.12890625,0,0
1779629239.622921,0.4140625,-0.361328125,0.09375,0.091796875,0.26171875,-0.12890625,0,0
1779629239.630905,0.4140625,-0.365234375,0.095703125,0.091796875,0.26171875,-0.12890625,0,0
1779629239.638933,0.4140625,-0.365234375,0.095703125,0.087890625,0.26171875,-0.12890625,0,0
1779629239.646903,0.412109375,-0.3671875,0.1015625,0.087890625,0.26171875,-0.12890625,0,0
1779629239.654892,0.412109375,-0.3671875,0.1015625,0.080078125,0.26171875,-0.12890625,0,0
1779629239.662969,0.412109375,-0.369140625,0.103515625,0.080078125,0.26171875,-0.12890625,0,0
1779629239.670923,0.412109375,-0.369140625,0.103515625,0.078125,0.263671875,-0.126953125,0,0
1779629239.678910,0.412109375,-0.37109375,0.111328125,0.078125,0.263671875,-0.126953125,0,0
1779629239.686915,0.412109375,-0.37109375,0.111328125,0.068359375,0.26171875,-0.126953125,0,0
1779629239.694929,0.412109375,-0.376953125,0.1171875,0.068359375,0.26171875,-0.126953125,0,0
1779629239.702906,0.412109375,-0.376953125,0.1171875,0.05859375,0.26171875,-0.125,0,0
1779629239.710946,0.41015625,-0.37890625,0.123046875,0.05859375,0.26171875,-0.125,0,0
1779629239.718933,0.41015625,-0.37890625,0.123046875,0.046875,0.26171875,-0.123046875,0,0
1779629239.726958,0.408203125,-0.384765625,0.1328125,0.046875,0.26171875,-0.123046875,0,0
1779629239.734903,0.408203125,-0.384765625,0.1328125,0.03515625,0.265625,-0.12109375,0,0
1779629239.742881,0.408203125,-0.38671875,0.140625,0.03515625,0.265625,-0.12109375,0,0
1779629239.750990,0.408203125,-0.38671875,0.140625,0.01953125,0.265625,-0.115234375,0,0
1779629239.758957,0.41015625,-0.388671875,0.150390625,0.01953125,0.265625,-0.115234375,0,0
1779629239.766933,0.41015625,-0.388671875,0.150390625,0.00390625,0.265625,-0.107421875,0,0
1779629239.775581,0.408203125,-0.392578125,0.158203125,0.00390625,0.265625,-0.107421875,0,0
1779629239.782914,0.408203125,-0.392578125,0.158203125,0.00390625,0.263671875,-0.1015625,0,0
1779629239.790968,0.408203125,-0.39453125,0.162109375,0.00390625,0.263671875,-0.1015625,0,0
1779629239.798944,0.408203125,-0.39453125,0.162109375,0.00390625,0.263671875,-0.099609375,0,0
1779629239.806953,0.408203125,-0.396484375,0.1640625,0.00390625,0.263671875,-0.099609375,0,0
1779629239.815017,0.408203125,-0.396484375,0.1640625,0.00390625,0.263671875,-0.09765625,0,0
1779629239.822943,0.408203125,-0.3984375,0.1640625,0.00390625,0.263671875,-0.09765625,0,0
1779629239.830940,0.408203125,-0.3984375,0.1640625,0.00390625,0.265625,-0.09765625,0,0
1779629239.838941,0.408203125,-0.3984375,0.1640625,0.00390625,0.265625,-0.09765625,0,0
1779629239.846961,0.408203125,-0.3984375,0.1640625,0.00390625,0.263671875,-0.095703125,0,0
1779629239.855004,0.408203125,-0.3984375,0.1640625,0.00390625,0.263671875,-0.095703125,0,0
1779629239.862930,0.408203125,-0.3984375,0.1640625,0.00390625,0.263671875,-0.095703125,0,0
1779629239.870961,0.404296875,-0.3984375,0.1640625,0.00390625,0.263671875,-0.095703125,0,0
1779629239.878908,0.404296875,-0.3984375,0.1640625,0.00390625,0.26171875,-0.09765625,0,0
1779629239.886965,0.404296875,-0.3984375,0.1640625,0.00390625,0.26171875,-0.09765625,0,0
1779629239.894934,0.404296875,-0.3984375,0.1640625,0.00390625,0.26171875,-0.09765625,0,0
1779629239.902927,0.404296875,-0.400390625,0.1640625,0.00390625,0.26171875,-0.09765625,0,0
1779629239.910914,0.404296875,-0.400390625,0.1640625,0.00390625,0.263671875,-0.099609375,0,0
1779629239.918895,0.404296875,-0.400390625,0.1640625,0.00390625,0.263671875,-0.099609375,0,0
1779629239.926974,0.404296875,-0.400390625,0.1640625,0.00390625,0.265625,-0.099609375,0,0
1779629239.934887,0.404296875,-0.400390625,0.1640625,0.00390625,0.265625,-0.099609375,0,0
1779629239.942904,0.404296875,-0.400390625,0.1640625,0.00390625,0.265625,-0.09765625,0,0
1779629239.951034,0.40625,-0.396484375,0.1640625,0.00390625,0.265625,-0.09765625,0,0
1779629239.959005,0.40625,-0.396484375,0.1640625,0.00390625,0.265625,-0.09765625,0,0
1779629239.966939,0.408203125,-0.396484375,0.1640625,0.00390625,0.265625,-0.09765625,0,0
1779629239.974925,0.408203125,-0.396484375,0.1640625,0.00390625,0.265625,-0.09375,0,0
1779629239.982925,0.408203125,-0.39453125,0.1640625,0.00390625,0.265625,-0.09375,0,0
1779629239.990898,0.408203125,-0.39453125,0.1640625,0.00390625,0.265625,-0.09375,0,0
1779629239.998874,0.408203125,-0.39453125,0.1640625,0.00390625,0.265625,-0.09375,0,0
1779629240.006934,0.408203125,-0.39453125,0.1640625,0.00390625,0.265625,-0.091796875,0,0
1779629240.014880,0.408203125,-0.39453125,0.166015625,0.00390625,0.265625,-0.091796875,0,0
1779629240.022955,0.408203125,-0.39453125,0.166015625,0.00390625,0.265625,-0.08984375,0,0
1779629240.030927,0.41015625,-0.39453125,0.166015625,0.00390625,0.265625,-0.08984375,0,0
1779629240.038954,0.41015625,-0.39453125,0.166015625,0.00390625,0.26953125,-0.08984375,0,0
1779629240.046907,0.41015625,-0.392578125,0.1640625,0.00390625,0.26953125,-0.08984375,0,0
1779629240.054982,0.41015625,-0.392578125,0.1640625,0.00390625,0.26953125,-0.087890625,0,0
1779629240.062980,0.41015625,-0.392578125,0.1640625,0.00390625,0.26953125,-0.087890625,0,0
1779629240.070940,0.41015625,-0.392578125,0.1640625,0.00390625,0.26953125,-0.087890625,0,0
1779629240.078950,0.40625,-0.396484375,0.162109375,0.00390625,0.26953125,-0.087890625,0,0
1779629240.086965,0.40625,-0.396484375,0.162109375,0.00390625,0.267578125,-0.08984375,0,0
1779629240.094908,0.40625,-0.396484375,0.162109375,0.00390625,0.267578125,-0.08984375,0,0
1779629240.102915,0.40625,-0.396484375,0.162109375,0.00390625,0.267578125,-0.08984375,0,0
1779629240.110908,0.40625,-0.39453125,0.162109375,0.00390625,0.267578125,-0.08984375,0,0
1779629240.118920,0.40625,-0.39453125,0.162109375,0.00390625,0.267578125,-0.08984375,0,0
1779629240.126915,0.408203125,-0.390625,0.16015625,0.00390625,0.267578125,-0.08984375,0,0
1779629240.134915,0.408203125,-0.390625,0.16015625,0.00390625,0.267578125,-0.087890625,0,0
1779629240.142910,0.41015625,-0.388671875,0.15625,0.00390625,0.267578125,-0.087890625,0,0
1779629240.150908,0.41015625,-0.388671875,0.15625,0.00390625,0.26953125,-0.0859375,0,0
1779629240.159022,0.41015625,-0.388671875,0.15625,0.00390625,0.26953125,-0.0859375,0,0
1779629240.166957,0.41015625,-0.388671875,0.15625,0.00390625,0.26953125,-0.0859375,0,0
1779629240.174923,0.408203125,-0.39453125,0.15625,0.00390625,0.26953125,-0.0859375,0,0
1779629240.182946,0.408203125,-0.39453125,0.15625,0.00390625,0.26953125,-0.091796875,0,0
1779629240.190968,0.40625,-0.396484375,0.15625,0.00390625,0.26953125,-0.091796875,0,0
1779629240.198920,0.40625,-0.396484375,0.15625,0.00390625,0.26953125,-0.09375,0,0
1779629240.206923,0.4140625,-0.412109375,0.109375,0.00390625,0.26953125,-0.09375,0,0
1779629240.214999,0.4140625,-0.412109375,0.109375,0.00390625,0.251953125,-0.09375,0,0
1779629240.222985,0.416015625,-0.4140625,0.11328125,0.00390625,0.251953125,-0.09375,0,0
1779629240.230917,0.416015625,-0.4140625,0.11328125,0.00390625,0.25,-0.09375,0,0
1779629240.238919,0.416015625,-0.416015625,0.115234375,0.00390625,0.25,-0.09375,0,0
1779629240.246902,0.416015625,-0.416015625,0.115234375,0.00390625,0.24609375,-0.09375,0,0
1779629240.254950,0.416015625,-0.41796875,0.1171875,0.00390625,0.24609375,-0.09375,0,0
1779629240.262942,0.416015625,-0.41796875,0.1171875,0.00390625,0.24609375,-0.091796875,0,0
1779629240.270936,0.41796875,-0.416015625,0.1171875,0.00390625,0.24609375,-0.091796875,0,0
1779629240.278923,0.41796875,-0.416015625,0.1171875,0.00390625,0.248046875,-0.08984375,0,0
1779629240.286995,0.41796875,-0.4140625,0.1171875,0.00390625,0.248046875,-0.08984375,0,0
1779629240.294909,0.41796875,-0.4140625,0.1171875,0.00390625,0.248046875,-0.087890625,0,0
1779629240.302957,0.41796875,-0.4140625,0.1171875,0.00390625,0.248046875,-0.087890625,0,0
1779629240.310960,0.41796875,-0.4140625,0.1171875,0.00390625,0.248046875,-0.087890625,0,0
1779629240.318929,0.41796875,-0.416015625,0.115234375,0.00390625,0.248046875,-0.087890625,0,0
1779629240.326936,0.41796875,-0.416015625,0.115234375,0.00390625,0.25,-0.087890625,0,0
1779629240.334975,0.419921875,-0.43359375,0.07421875,0.00390625,0.25,-0.087890625,0,0
1779629240.342877,0.419921875,-0.43359375,0.07421875,0.00390625,0.236328125,-0.08984375,0,0
1779629240.350982,0.419921875,-0.4375,0.072265625,0.00390625,0.236328125,-0.08984375,0,0
1779629240.358903,0.419921875,-0.4375,0.072265625,0.00390625,0.234375,-0.091796875,0,0
1779629240.366960,0.419921875,-0.4375,0.072265625,0.00390625,0.234375,-0.091796875,0,0
1779629240.374964,0.419921875,-0.4375,0.072265625,0.00390625,0.234375,-0.091796875,0,0
1779629240.382991,0.42578125,-0.43359375,0.07421875,0.00390625,0.234375,-0.091796875,0,0
1779629240.390979,0.42578125,-0.43359375,0.07421875,0.00390625,0.234375,-0.087890625,0,0
1779629240.398921,0.427734375,-0.4296875,0.07421875,0.00390625,0.234375,-0.087890625,0,0
1779629240.406960,0.427734375,-0.4296875,0.07421875,0.00390625,0.234375,-0.083984375,0,0
1779629240.414953,0.4296875,-0.4296875,0.07421875,0.00390625,0.234375,-0.083984375,0,0
1779629240.422959,0.4296875,-0.4296875,0.07421875,0.00390625,0.234375,-0.080078125,0,0
1779629240.430981,0.431640625,-0.423828125,0.07421875,0.00390625,0.234375,-0.080078125,0,0
1779629240.438955,0.431640625,-0.423828125,0.07421875,0.00390625,0.234375,-0.078125,0,0
1779629240.446953,0.431640625,-0.42578125,0.0703125,0.00390625,0.234375,-0.078125,0,0
1779629240.454970,0.431640625,-0.42578125,0.0703125,0.00390625,0.234375,-0.078125,0,0
1779629240.462970,0.4296875,-0.42578125,0.0703125,0.00390625,0.234375,-0.078125,0,0
1779629240.470934,0.4296875,-0.42578125,0.0703125,0.00390625,0.236328125,-0.080078125,0,0
1779629240.478921,0.427734375,-0.427734375,0.0703125,0.00390625,0.236328125,-0.080078125,0,0
1779629240.486931,0.427734375,-0.427734375,0.0703125,0.00390625,0.236328125,-0.08203125,0,0
1779629240.494964,0.42578125,-0.427734375,0.068359375,0.00390625,0.236328125,-0.08203125,0,0
1779629240.502901,0.42578125,-0.427734375,0.068359375,0.00390625,0.236328125,-0.08203125,0,0
1779629240.510897,0.42578125,-0.427734375,0.068359375,0.00390625,0.236328125,-0.08203125,0,0
1779629240.518955,0.42578125,-0.427734375,0.068359375,0.00390625,0.234375,-0.08203125,0,0
1779629240.526937,0.42578125,-0.4296875,0.0703125,0.00390625,0.234375,-0.08203125,0,0
1779629240.534907,0.42578125,-0.4296875,0.0703125,0.00390625,0.236328125,-0.083984375,0,0
1779629240.542927,0.42578125,-0.4296875,0.0703125,0.00390625,0.236328125,-0.083984375,0,0
1779629240.550969,0.42578125,-0.4296875,0.0703125,0.00390625,0.23828125,-0.083984375,0,0
1779629240.558903,0.427734375,-0.42578125,0.068359375,0.00390625,0.23828125,-0.083984375,0,0
1779629240.566897,0.427734375,-0.42578125,0.068359375,0.00390625,0.23828125,-0.080078125,0,0
1779629240.574892,0.4296875,-0.423828125,0.06640625,0.00390625,0.23828125,-0.080078125,0,0
1779629240.582957,0.4296875,-0.423828125,0.06640625,0.00390625,0.23828125,-0.078125,0,0
1779629240.590945,0.431640625,-0.421875,0.06640625,0.00390625,0.23828125,-0.078125,0,0
1779629240.598917,0.431640625,-0.421875,0.06640625,0.00390625,0.240234375,-0.07421875,0,0
1779629240.606933,0.431640625,-0.421875,0.064453125,0.00390625,0.240234375,-0.07421875,0,0
1779629240.615000,0.431640625,-0.421875,0.064453125,0.00390625,0.240234375,-0.07421875,0,0
1779629240.622947,0.4296875,-0.42578125,0.06640625,0.00390625,0.240234375,-0.07421875,0,0
1779629240.630926,0.4296875,-0.42578125,0.06640625,0.00390625,0.240234375,-0.07421875,0,0
1779629240.638997,0.4296875,-0.42578125,0.06640625,0.00390625,0.240234375,-0.07421875,0,0
1779629240.646938,0.4296875,-0.42578125,0.06640625,0.00390625,0.240234375,-0.07421875,0,0
1779629240.654950,0.4296875,-0.42578125,0.06640625,0.00390625,0.240234375,-0.07421875,0,0
1779629240.662962,0.4296875,-0.42578125,0.06640625,0.00390625,0.2421875,-0.07421875,0,0
1779629240.670956,0.4296875,-0.423828125,0.06640625,0.00390625,0.2421875,-0.07421875,0,0
1779629240.678965,0.4296875,-0.423828125,0.06640625,0.00390625,0.240234375,-0.072265625,0,0
1779629240.686933,0.431640625,-0.421875,0.06640625,0.00390625,0.240234375,-0.072265625,0,0
1779629240.694946,0.431640625,-0.421875,0.06640625,0.00390625,0.244140625,-0.0703125,0,0
1779629240.710972,0.4296875,-0.42578125,0.0625,0.00390625,0.244140625,-0.0703125,0,0
1779629240.718981,0.4296875,-0.42578125,0.0625,0.00390625,0.244140625,-0.072265625,0,0
1779629240.726934,0.4296875,-0.427734375,0.0625,0.00390625,0.244140625,-0.072265625,0,0
1779629240.734917,0.4296875,-0.427734375,0.0625,0.00390625,0.24609375,-0.07421875,0,0
1779629240.742949,0.4296875,-0.427734375,0.0625,0.00390625,0.24609375,-0.07421875,0,0
1779629240.750939,0.4296875,-0.427734375,0.0625,0.00390625,0.24609375,-0.07421875,0,0
1779629240.758980,0.431640625,-0.42578125,0.0625,0.00390625,0.24609375,-0.07421875,0,0
1779629240.766901,0.431640625,-0.42578125,0.0625,0.00390625,0.244140625,-0.072265625,0,0
1779629240.774965,0.431640625,-0.42578125,0.0625,0.00390625,0.244140625,-0.072265625,0,0
1779629240.782968,0.431640625,-0.42578125,0.0625,0.00390625,0.244140625,-0.072265625,0,0
1779629240.790931,0.427734375,-0.427734375,0.060546875,0.00390625,0.244140625,-0.072265625,0,0
1779629240.798923,0.427734375,-0.427734375,0.060546875,0.00390625,0.244140625,-0.076171875,0,0
1779629240.806921,0.42578125,-0.431640625,0.060546875,0.00390625,0.244140625,-0.076171875,0,0
1779629240.814949,0.42578125,-0.431640625,0.060546875,0.00390625,0.24609375,-0.078125,0,0
1779629240.822947,0.423828125,-0.431640625,0.0625,0.00390625,0.24609375,-0.078125,0,0
1779629240.830901,0.423828125,-0.431640625,0.0625,0.00390625,0.24609375,-0.078125,0,0
1779629240.838970,0.423828125,-0.431640625,0.064453125,0.00390625,0.24609375,-0.078125,0,0
1779629240.846905,0.423828125,-0.431640625,0.064453125,0.00390625,0.24609375,-0.078125,0,0
1779629240.854962,0.42578125,-0.427734375,0.064453125,0.00390625,0.24609375,-0.078125,0,0
1779629240.862929,0.42578125,-0.427734375,0.064453125,0.00390625,0.24609375,-0.078125,0,0
1779629240.870965,0.42578125,-0.427734375,0.060546875,0.00390625,0.24609375,-0.078125,0,0
1779629240.878916,0.42578125,-0.427734375,0.060546875,0.00390625,0.24609375,-0.076171875,0,0
1779629240.886930,0.427734375,-0.42578125,0.05859375,0.00390625,0.24609375,-0.076171875,0,0
1779629240.894953,0.427734375,-0.42578125,0.05859375,0.00390625,0.248046875,-0.076171875,0,0
1779629240.902928,0.4296875,-0.42578125,0.0546875,0.00390625,0.248046875,-0.076171875,0,0
1779629240.910962,0.4296875,-0.42578125,0.0546875,0.00390625,0.248046875,-0.07421875,0,0
1779629240.918952,0.4296875,-0.423828125,0.05078125,0.00390625,0.248046875,-0.07421875,0,0
1779629240.926946,0.4296875,-0.423828125,0.05078125,0.00390625,0.248046875,-0.076171875,0,0
1779629240.934946,0.4296875,-0.421875,0.048828125,0.00390625,0.248046875,-0.076171875,0,0
1779629240.942906,0.4296875,-0.421875,0.048828125,0.00390625,0.251953125,-0.076171875,0,0
1779629240.950960,0.427734375,-0.419921875,0.046875,0.00390625,0.251953125,-0.076171875,0,0
1779629240.958955,0.427734375,-0.419921875,0.046875,0.00390625,0.25,-0.078125,0,0
1779629240.966932,0.4296875,-0.416015625,0.046875,0.00390625,0.25,-0.078125,0,0
1779629240.974955,0.4296875,-0.416015625,0.046875,0.00390625,0.25,-0.078125,0,0
1779629240.982954,0.431640625,-0.41015625,0.044921875,0.00390625,0.25,-0.078125,0,0
1779629240.990939,0.431640625,-0.41015625,0.044921875,0.00390625,0.25,-0.076171875,0,0
1779629240.998947,0.43359375,-0.40625,0.041015625,0.00390625,0.25,-0.076171875,0,0
1779629241.006960,0.43359375,-0.40625,0.041015625,0.00390625,0.248046875,-0.076171875,0,0
1779629241.014945,0.44140625,-0.3984375,0.025390625,0.00390625,0.248046875,-0.076171875,0,0
1779629241.022923,0.44140625,-0.3984375,0.025390625,0.00390625,0.248046875,-0.078125,0,0
1779629241.030951,0.44140625,-0.3984375,0.0234375,0.00390625,0.248046875,-0.078125,0,0
1779629241.038965,0.44140625,-0.3984375,0.0234375,0.00390625,0.248046875,-0.078125,0,0
1779629241.046963,0.44140625,-0.39453125,0.021484375,0.00390625,0.248046875,-0.078125,0,0
1779629241.054927,0.44140625,-0.39453125,0.021484375,0.00390625,0.248046875,-0.078125,0,0
1779629241.062939,0.44140625,-0.39453125,0.021484375,0.00390625,0.248046875,-0.078125,0,0
1779629241.070936,0.44140625,-0.39453125,0.021484375,0.00390625,0.248046875,-0.078125,0,0
1779629241.078944,0.447265625,-0.380859375,0.009765625,0.00390625,0.248046875,-0.078125,0,0
1779629241.086944,0.447265625,-0.380859375,0.009765625,0.00390625,0.248046875,-0.078125,0,0
1779629241.094952,0.455078125,-0.3671875,0.0,0.00390625,0.248046875,-0.078125,0,0
1779629241.102958,0.455078125,-0.3671875,0.0,0.00390625,0.248046875,-0.083984375,0,0
1779629241.110943,0.458984375,-0.353515625,0.0,0.00390625,0.248046875,-0.083984375,0,0
1779629241.118931,0.458984375,-0.353515625,0.0,0.00390625,0.24609375,-0.08984375,0,0
1779629241.126967,0.462890625,-0.345703125,0.0,0.00390625,0.24609375,-0.08984375,0,0
1779629241.134945,0.462890625,-0.345703125,0.0,0.00390625,0.248046875,-0.08984375,0,0
1779629241.142985,0.462890625,-0.341796875,0.0,0.00390625,0.248046875,-0.08984375,0,0
1779629241.150948,0.462890625,-0.341796875,0.0,0.00390625,0.25,-0.08984375,0,0
1779629241.158953,0.462890625,-0.341796875,0.0,0.00390625,0.25,-0.08984375,0,0
1779629241.166939,0.462890625,-0.341796875,0.0,0.00390625,0.25,-0.08984375,0,0
1779629241.174908,0.462890625,-0.353515625,0.0,0.00390625,0.25,-0.08984375,0,0
1779629241.182974,0.462890625,-0.353515625,0.0,0.00390625,0.240234375,-0.083984375,0,0
1779629241.190944,0.44921875,-0.353515625,0.0,0.00390625,0.240234375,-0.083984375,0,0
1779629241.198883,0.44921875,-0.353515625,0.0,0.00390625,0.22265625,-0.076171875,0,0
1779629241.206926,0.431640625,-0.345703125,0.0,0.00390625,0.22265625,-0.076171875,0,0
1779629241.214967,0.431640625,-0.345703125,0.0,0.013671875,0.203125,-0.0703125,0,0
1779629241.222959,0.416015625,-0.328125,0.0,0.013671875,0.203125,-0.0703125,0,0
1779629241.230954,0.416015625,-0.328125,0.0,0.021484375,0.193359375,-0.072265625,0,0
1779629241.238948,0.40234375,-0.298828125,0.0,0.021484375,0.193359375,-0.072265625,0,0
1779629241.246947,0.40234375,-0.298828125,0.0,0.0390625,0.189453125,-0.083984375,0,0
1779629241.254915,0.375,-0.259765625,0.0,0.0390625,0.189453125,-0.083984375,0,0
1779629241.262959,0.375,-0.259765625,0.0,0.04296875,0.17578125,-0.091796875,0,0
1779629241.270997,0.33984375,-0.224609375,0.0,0.04296875,0.17578125,-0.091796875,0,0
1779629241.278913,0.33984375,-0.224609375,0.0,0.041015625,0.150390625,-0.091796875,0,0
1779629241.286921,0.3046875,-0.197265625,0.0,0.041015625,0.150390625,-0.091796875,0,0
1779629241.294902,0.3046875,-0.197265625,0.0,0.0390625,0.12890625,-0.07421875,0,0
1779629241.302930,0.27734375,-0.185546875,0.0,0.0390625,0.12890625,-0.07421875,0,0
1779629241.310944,0.27734375,-0.185546875,0.0,0.041015625,0.115234375,-0.044921875,0,0
1779629241.318911,0.265625,-0.177734375,0.0,0.041015625,0.115234375,-0.044921875,0,0
1779629241.326973,0.265625,-0.177734375,0.0,0.04296875,0.111328125,-0.017578125,0,0
1779629241.334969,0.251953125,-0.16015625,0.0,0.04296875,0.111328125,-0.017578125,0,0
1779629241.342962,0.251953125,-0.16015625,0.0,0.041015625,0.109375,-0.017578125,0,0
1779629241.350974,0.224609375,-0.125,0.0,0.041015625,0.109375,-0.017578125,0,0
1779629241.358967,0.224609375,-0.125,0.0,0.037109375,0.103515625,-0.017578125,0,0
1779629241.366936,0.041015625,-0.05078125,0.0,0.037109375,0.103515625,-0.017578125,0,0
1779629241.374958,0.041015625,-0.05078125,0.0,0.01953125,0.01953125,-0.05859375,0,0
1779629241.382933,0.05859375,-0.03125,0.0,0.01953125,0.01953125,-0.05859375,0,0
1779629241.390928,0.05859375,-0.03125,0.0,0.00390625,0.013671875,-0.037109375,0,0
1779629241.398970,0.041015625,-0.03125,0.0,0.00390625,0.013671875,-0.037109375,0,0
1779629241.406924,0.041015625,-0.03125,0.0,0.01171875,0.013671875,-0.052734375,0,0
1779629241.414915,0.046875,-0.03125,0.0,0.01171875,0.013671875,-0.052734375,0,0
1779629241.422922,0.046875,-0.03125,0.0,0.021484375,0.013671875,-0.05078125,0,0
1779629241.430979,0.04296875,-0.03125,0.0,0.021484375,0.013671875,-0.05078125,0,0
1779629241.438974,0.04296875,-0.03125,0.0,0.033203125,0.00390625,-0.046875,0,0
1779629241.446929,0.033203125,-0.03125,0.0,0.033203125,0.00390625,-0.046875,0,0
1779629241.454995,0.033203125,-0.03125,0.0,0.03125,0.00390625,-0.0390625,0,0
1779629241.484909,0.0,0.0,0.0,0.0,0.0,0.0,0,0
1779629241.515920,0.0,0.0,0.0,0.0,0.0,0.0,0,0
1779629241.546965,0.0,0.0,0.0,0.0,0.0,0.0,0,0
1779629241.577944,0.0,0.0,0.0,0.0,0.0,0.0,0,0
1779629241.608940,0.0,0.0,0.0,0.0,0.0,0.0,0,0
1779629241.639975,0.0,0.0,0.0,0.0,0.0,0.0,0,0
1779629241.670945,0.0,0.0,0.0,0.0,0.0,0.0,0,0
1779629241.686897,0.033203125,-0.00390625,0.0,0.03125,0.00390625,-0.0390625,0,0
1779629241.702940,0.033203125,-0.044921875,-0.02734375,0.03125,0.00390625,-0.0390625,0,0
1779629241.718929,0.033203125,-0.08203125,-0.083984375,0.03125,0.00390625,-0.0390625,0,0
1779629241.734913,-0.044921875,-0.142578125,-0.13671875,0.03125,0.00390625,-0.0390625,0,0
1779629241.750932,-0.083984375,-0.203125,-0.150390625,0.03125,0.00390625,-0.0390625,0,0
1779629241.758930,-0.083984375,-0.203125,-0.150390625,0.0078125,0.00390625,-0.0390625,0,0
1779629241.766940,-0.126953125,-0.2734375,-0.17578125,0.0078125,0.00390625,-0.0390625,0,0
1779629241.774927,-0.126953125,-0.2734375,-0.17578125,0.041015625,-0.005859375,0.0,0,0
1779629241.782934,-0.142578125,-0.322265625,-0.197265625,0.041015625,-0.005859375,0.0,0,0
1779629241.790956,-0.142578125,-0.322265625,-0.197265625,0.0546875,-0.013671875,0.0,0,0
1779629241.798884,-0.15234375,-0.359375,-0.203125,0.0546875,-0.013671875,0.0,0,0
1779629241.806913,-0.15234375,-0.359375,-0.203125,0.056640625,-0.013671875,0.0,0,0
1779629241.814988,-0.158203125,-0.38671875,-0.19921875,0.056640625,-0.013671875,0.0,0,0
1779629241.822933,-0.158203125,-0.38671875,-0.19921875,0.0625,-0.013671875,0.0,0,0
1779629241.830946,-0.158203125,-0.3984375,-0.197265625,0.0625,-0.013671875,0.0,0,0
1779629241.838992,-0.158203125,-0.3984375,-0.197265625,0.064453125,-0.009765625,0.0,0,0
1779629241.846938,-0.169921875,-0.40234375,-0.197265625,0.064453125,-0.009765625,0.0,0,0
1779629241.854875,-0.169921875,-0.40234375,-0.197265625,0.07421875,-0.01953125,0.0,0,0
1779629241.862922,-0.189453125,-0.412109375,-0.203125,0.07421875,-0.01953125,0.0,0,0
1779629241.870942,-0.189453125,-0.412109375,-0.203125,0.0859375,-0.03515625,0.0,0,0
1779629241.878940,-0.224609375,-0.4296875,-0.2109375,0.0859375,-0.03515625,0.0,0,0
1779629241.886946,-0.224609375,-0.4296875,-0.2109375,0.095703125,-0.056640625,0.0,0,0
1779629241.894902,-0.255859375,-0.439453125,-0.212890625,0.095703125,-0.056640625,0.0,0,0
1779629241.902902,-0.255859375,-0.439453125,-0.212890625,0.095703125,-0.072265625,0.0,0,0
1779629241.910961,-0.26953125,-0.44140625,-0.212890625,0.095703125,-0.072265625,0.0,0,0
1779629241.918954,-0.26953125,-0.44140625,-0.212890625,0.08984375,-0.080078125,0.0,0,0
1779629241.926969,-0.275390625,-0.443359375,-0.201171875,0.08984375,-0.080078125,0.0,0,0
1779629241.934978,-0.275390625,-0.443359375,-0.201171875,0.08984375,-0.080078125,0.0,0,0
1779629241.942962,-0.27734375,-0.443359375,-0.1953125,0.08984375,-0.080078125,0.0,0,0
1779629241.950977,-0.27734375,-0.443359375,-0.1953125,0.08984375,-0.07421875,0.0,0,0
1779629241.958924,-0.283203125,-0.447265625,-0.19921875,0.08984375,-0.07421875,0.0,0,0
1779629241.966922,-0.283203125,-0.447265625,-0.19921875,0.091796875,-0.078125,0.0,0,0
1779629241.974976,-0.291015625,-0.451171875,-0.201171875,0.091796875,-0.078125,0.0,0,0
1779629241.982953,-0.291015625,-0.451171875,-0.201171875,0.099609375,-0.08203125,0.0,0,0
1779629241.990976,-0.287109375,-0.443359375,-0.193359375,0.099609375,-0.08203125,0.0,0,0
1779629241.998984,-0.287109375,-0.443359375,-0.193359375,0.107421875,-0.080078125,0.0,0,0
1779629242.006986,-0.26171875,-0.421875,-0.177734375,0.107421875,-0.080078125,0.0,0,0
1779629242.014929,-0.26171875,-0.421875,-0.177734375,0.109375,-0.06640625,0.0,0,0
1779629242.022946,-0.2265625,-0.3984375,-0.16015625,0.109375,-0.06640625,0.0,0,0
1779629242.030909,-0.2265625,-0.3984375,-0.16015625,0.1015625,-0.044921875,0.0,0,0
1779629242.038898,-0.216796875,-0.388671875,-0.15234375,0.1015625,-0.044921875,0.0,0,0
1779629242.046968,-0.216796875,-0.388671875,-0.15234375,0.0859375,-0.033203125,0.0,0,0
1779629242.054928,-0.216796875,-0.376953125,-0.150390625,0.0859375,-0.033203125,0.0,0,0
1779629242.062923,-0.216796875,-0.376953125,-0.150390625,0.072265625,-0.033203125,0.0,0,0
1779629242.070920,-0.240234375,-0.3671875,-0.154296875,0.072265625,-0.033203125,0.0,0,0
1779629242.078922,-0.240234375,-0.3671875,-0.154296875,0.052734375,-0.04296875,0.0,0,0
1779629242.086984,-0.28125,-0.369140625,-0.169921875,0.052734375,-0.04296875,0.0,0,0
1779629242.094941,-0.28125,-0.369140625,-0.169921875,0.0390625,-0.0625,0.0,0,0
1779629242.102964,-0.345703125,-0.380859375,-0.197265625,0.0390625,-0.0625,0.0,0,0
1779629242.110873,-0.345703125,-0.380859375,-0.197265625,0.029296875,-0.095703125,0.0,0,0
1779629242.118950,-0.388671875,-0.404296875,-0.208984375,0.029296875,-0.095703125,0.0,0,0
1779629242.126969,-0.388671875,-0.404296875,-0.208984375,0.033203125,-0.1171875,0.0,0,0
1779629242.134946,-0.40234375,-0.41796875,-0.208984375,0.033203125,-0.1171875,0.0,0,0
1779629242.142938,-0.40234375,-0.41796875,-0.208984375,0.0390625,-0.123046875,0.0,0,0
1779629242.150943,-0.41796875,-0.416015625,-0.208984375,0.0390625,-0.123046875,0.0,0,0
1779629242.158931,-0.41796875,-0.416015625,-0.208984375,0.0390625,-0.125,0.0,0,0
1779629242.166928,-0.4609375,-0.41015625,-0.216796875,0.0390625,-0.125,0.0,0,0
1779629242.174930,-0.4609375,-0.41015625,-0.216796875,0.03515625,-0.14453125,0.0,0,0
1779629242.182951,-0.505859375,-0.408203125,-0.2265625,0.03515625,-0.14453125,0.0,0,0
1779629242.191012,-0.505859375,-0.408203125,-0.2265625,0.03515625,-0.166015625,0.0,0,0
1779629242.198960,-0.541015625,-0.41015625,-0.228515625,0.03515625,-0.166015625,0.0,0,0
1779629242.206946,-0.541015625,-0.41015625,-0.228515625,0.044921875,-0.181640625,0.0,0,0
1779629242.214982,-0.5546875,-0.412109375,-0.220703125,0.044921875,-0.181640625,0.0,0,0
1779629242.222955,-0.5546875,-0.412109375,-0.220703125,0.060546875,-0.1875,0.0,0,0
1779629242.230987,-0.556640625,-0.4140625,-0.216796875,0.060546875,-0.1875,0.0,0,0
1779629242.239023,-0.556640625,-0.4140625,-0.216796875,0.0703125,-0.189453125,-0.005859375,0,0
1779629242.246951,-0.556640625,-0.416015625,-0.21484375,0.0703125,-0.189453125,-0.005859375,0,0
1779629242.254979,-0.556640625,-0.416015625,-0.21484375,0.078125,-0.189453125,-0.005859375,0,0
1779629242.262947,-0.55859375,-0.412109375,-0.212890625,0.078125,-0.189453125,-0.005859375,0,0
1779629242.270931,-0.55859375,-0.412109375,-0.212890625,0.083984375,-0.189453125,-0.005859375,0,0
1779629242.278966,-0.5703125,-0.3984375,-0.2109375,0.083984375,-0.189453125,-0.005859375,0,0
1779629242.286908,-0.5703125,-0.3984375,-0.2109375,0.083984375,-0.197265625,-0.005859375,0,0
1779629242.294997,-0.576171875,-0.388671875,-0.208984375,0.083984375,-0.197265625,-0.005859375,0,0
1779629242.302935,-0.576171875,-0.388671875,-0.208984375,0.08203125,-0.201171875,-0.0078125,0,0
1779629242.310927,-0.576171875,-0.390625,-0.2109375,0.08203125,-0.201171875,-0.0078125,0,0
1779629242.318957,-0.576171875,-0.390625,-0.2109375,0.0859375,-0.201171875,-0.009765625,0,0
1779629242.326893,-0.572265625,-0.400390625,-0.2109375,0.0859375,-0.201171875,-0.009765625,0,0
1779629242.334863,-0.572265625,-0.400390625,-0.2109375,0.091796875,-0.201171875,-0.009765625,0,0
1779629242.342898,-0.56640625,-0.40234375,-0.212890625,0.091796875,-0.201171875,-0.009765625,0,0
1779629242.350947,-0.56640625,-0.40234375,-0.212890625,0.08984375,-0.19921875,-0.009765625,0,0
1779629242.358953,-0.5703125,-0.40234375,-0.216796875,0.08984375,-0.19921875,-0.009765625,0,0
1779629242.366869,-0.5703125,-0.40234375,-0.216796875,0.0859375,-0.19921875,-0.009765625,0,0
1779629242.374953,-0.583984375,-0.39453125,-0.23046875,0.0859375,-0.19921875,-0.009765625,0,0
1779629242.382928,-0.583984375,-0.39453125,-0.23046875,0.080078125,-0.2109375,-0.01171875,0,0
1779629242.390916,-0.591796875,-0.384765625,-0.234375,0.080078125,-0.2109375,-0.01171875,0,0
1779629242.398914,-0.591796875,-0.384765625,-0.234375,0.076171875,-0.21484375,-0.015625,0,0
1779629242.406959,-0.59375,-0.380859375,-0.234375,0.076171875,-0.21484375,-0.015625,0,0
1779629242.414881,-0.59375,-0.380859375,-0.234375,0.076171875,-0.216796875,-0.017578125,0,0
1779629242.422940,-0.59375,-0.3828125,-0.234375,0.076171875,-0.216796875,-0.017578125,0,0
1779629242.430948,-0.59375,-0.3828125,-0.234375,0.07421875,-0.21875,-0.015625,0,0
1779629242.438915,-0.591796875,-0.390625,-0.234375,0.07421875,-0.21875,-0.015625,0,0
1779629242.446952,-0.591796875,-0.390625,-0.234375,0.072265625,-0.21875,-0.01171875,0,0
1779629242.454930,-0.591796875,-0.3984375,-0.23828125,0.072265625,-0.21875,-0.01171875,0,0
1779629242.462892,-0.591796875,-0.3984375,-0.23828125,0.072265625,-0.21875,-0.0078125,0,0
1779629242.470971,-0.591796875,-0.3984375,-0.24609375,0.072265625,-0.21875,-0.0078125,0,0
1779629242.478910,-0.591796875,-0.3984375,-0.24609375,0.072265625,-0.21875,-0.0078125,0,0
1779629242.486865,-0.595703125,-0.396484375,-0.248046875,0.072265625,-0.21875,-0.0078125,0,0
1779629242.494908,-0.595703125,-0.396484375,-0.248046875,0.072265625,-0.220703125,-0.0078125,0,0
1779629242.502898,-0.595703125,-0.388671875,-0.248046875,0.072265625,-0.220703125,-0.0078125,0,0
1779629242.511048,-0.595703125,-0.388671875,-0.248046875,0.072265625,-0.21875,-0.015625,0,0
1779629242.518971,-0.595703125,-0.384765625,-0.24609375,0.072265625,-0.21875,-0.015625,0,0
1779629242.526950,-0.595703125,-0.384765625,-0.24609375,0.0703125,-0.216796875,-0.017578125,0,0
1779629242.534938,-0.59375,-0.38671875,-0.248046875,0.0703125,-0.216796875,-0.017578125,0,0
1779629242.542917,-0.59375,-0.38671875,-0.248046875,0.07421875,-0.212890625,-0.01953125,0,0
1779629242.550988,-0.5859375,-0.390625,-0.244140625,0.07421875,-0.212890625,-0.01953125,0,0
1779629242.558936,-0.5859375,-0.390625,-0.244140625,0.078125,-0.20703125,-0.021484375,0,0
1779629242.566969,-0.580078125,-0.400390625,-0.2421875,0.078125,-0.20703125,-0.021484375,0,0
1779629242.574973,-0.580078125,-0.400390625,-0.2421875,0.083984375,-0.203125,-0.0234375,0,0
1779629242.582932,-0.572265625,-0.40234375,-0.2421875,0.083984375,-0.203125,-0.0234375,0,0
1779629242.590942,-0.572265625,-0.40234375,-0.2421875,0.0859375,-0.203125,-0.025390625,0,0
1779629242.598913,-0.560546875,-0.40625,-0.23828125,0.0859375,-0.203125,-0.025390625,0,0
1779629242.606934,-0.560546875,-0.40625,-0.23828125,0.091796875,-0.201171875,-0.029296875,0,0
1779629242.614934,-0.51953125,-0.404296875,-0.2265625,0.091796875,-0.201171875,-0.029296875,0,0
1779629242.622989,-0.51953125,-0.404296875,-0.2265625,0.09375,-0.189453125,-0.03515625,0,0
1779629242.630946,-0.4375,-0.3671875,-0.197265625,0.09375,-0.189453125,-0.03515625,0,0
1779629242.638932,-0.4375,-0.3671875,-0.197265625,0.0859375,-0.158203125,-0.04296875,0,0
1779629242.646962,-0.34375,-0.328125,-0.154296875,0.0859375,-0.158203125,-0.04296875,0,0
1779629242.654990,-0.34375,-0.328125,-0.154296875,0.087890625,-0.1171875,-0.0546875,0,0
1779629242.662947,-0.296875,-0.298828125,-0.13671875,0.087890625,-0.1171875,-0.0546875,0,0
1779629242.670924,-0.296875,-0.298828125,-0.13671875,0.09375,-0.091796875,-0.060546875,0,0
1779629242.678961,-0.26953125,-0.271484375,-0.134765625,0.09375,-0.091796875,-0.060546875,0,0
1779629242.686949,-0.26953125,-0.271484375,-0.134765625,0.083984375,-0.07421875,-0.060546875,0,0
1779629242.694932,-0.220703125,-0.232421875,-0.1171875,0.083984375,-0.07421875,-0.060546875,0,0
1779629242.702915,-0.220703125,-0.232421875,-0.1171875,0.0703125,-0.052734375,-0.05859375,0,0
1779629242.710939,-0.1171875,-0.1484375,-0.064453125,0.0703125,-0.052734375,-0.05859375,0,0
1779629242.718946,-0.1171875,-0.1484375,-0.064453125,0.060546875,-0.009765625,-0.0703125,0,0
1779629242.726907,-0.1171875,-0.041015625,-0.064453125,0.060546875,-0.009765625,-0.0703125,0,0
1779629242.734905,-0.1171875,-0.041015625,-0.064453125,0.060546875,-0.009765625,-0.10546875,0,0
1779629242.742915,-0.1171875,-0.00390625,-0.064453125,0.060546875,-0.009765625,-0.10546875,0,0
1779629242.750934,-0.1171875,-0.00390625,-0.064453125,0.05859375,-0.009765625,-0.09765625,0,0
1779629242.766915,-0.1171875,-0.00390625,-0.064453125,0.052734375,-0.009765625,-0.07421875,0,0
1779629242.782936,-0.1171875,-0.00390625,-0.064453125,0.021484375,-0.009765625,-0.048828125,0,0
1779629242.812919,0.0,0.0,0.0,0.0,0.0,0.0,0,0
1779629242.843866,0.0,0.0,0.0,0.0,0.0,0.0,0,0
1779629242.874962,0.0,0.0,0.0,0.0,0.0,0.0,0,0
1779629242.878936,-0.1171875,-0.0078125,-0.064453125,0.021484375,-0.009765625,-0.048828125,0,0
1779629242.894939,-0.1171875,-0.029296875,-0.064453125,0.021484375,-0.009765625,-0.048828125,0,0
1779629242.910952,0.017578125,-0.0234375,-0.064453125,0.021484375,-0.009765625,-0.048828125,0,0
1779629242.926971,0.064453125,-0.015625,-0.064453125,0.021484375,-0.009765625,-0.048828125,0,0
1779629242.934932,0.064453125,-0.015625,-0.064453125,0.021484375,0.0,-0.048828125,0,0
1779629242.942892,0.140625,-0.01953125,-0.064453125,0.021484375,0.0,-0.048828125,0,0
1779629242.950949,0.140625,-0.01953125,-0.064453125,0.021484375,0.03515625,-0.021484375,0,0
1779629242.958890,0.2109375,-0.041015625,-0.064453125,0.021484375,0.03515625,-0.021484375,0,0
1779629242.966925,0.2109375,-0.041015625,-0.064453125,0.021484375,0.064453125,-0.060546875,0,0
1779629242.974956,0.26953125,-0.046875,-0.064453125,0.021484375,0.064453125,-0.060546875,0,0
1779629242.982971,0.26953125,-0.046875,-0.064453125,0.021484375,0.078125,-0.0859375,0,0
1779629242.990913,0.326171875,-0.04296875,-0.064453125,0.021484375,0.078125,-0.0859375,0,0
1779629242.998890,0.326171875,-0.04296875,-0.064453125,0.021484375,0.09375,-0.09765625,0,0
1779629243.006928,0.40234375,-0.029296875,-0.064453125,0.021484375,0.09375,-0.09765625,0,0
1779629243.014922,0.40234375,-0.029296875,-0.064453125,0.0,0.1171875,-0.12890625,0,0
1779629243.022922,0.494140625,-0.029296875,-0.064453125,0.0,0.1171875,-0.12890625,0,0
1779629243.030915,0.494140625,-0.029296875,-0.064453125,0.013671875,0.15625,-0.146484375,0,0
1779629243.038924,0.548828125,-0.029296875,-0.064453125,0.013671875,0.15625,-0.146484375,0,0
1779629243.046927,0.548828125,-0.029296875,-0.064453125,0.015625,0.1875,-0.150390625,0,0
1779629243.054918,0.5546875,-0.029296875,-0.064453125,0.015625,0.1875,-0.150390625,0,0
1779629243.062905,0.5546875,-0.029296875,-0.064453125,0.017578125,0.193359375,-0.146484375,0,0
1779629243.070966,0.5625,-0.029296875,-0.064453125,0.017578125,0.193359375,-0.146484375,0,0
1779629243.079010,0.5625,-0.029296875,-0.064453125,0.015625,0.197265625,-0.138671875,0,0
1779629243.086936,0.587890625,-0.029296875,-0.064453125,0.015625,0.197265625,-0.138671875,0,0
1779629243.094930,0.587890625,-0.029296875,-0.064453125,0.009765625,0.203125,-0.107421875,0,0
1779629243.102889,0.609375,-0.029296875,-0.064453125,0.009765625,0.203125,-0.107421875,0,0
1779629243.110953,0.609375,-0.029296875,-0.064453125,0.00390625,0.20703125,-0.078125,0,0
1779629243.118919,0.634765625,0.005859375,-0.064453125,0.00390625,0.20703125,-0.078125,0,0
1779629243.126993,0.634765625,0.005859375,-0.064453125,0.00390625,0.21484375,-0.04296875,0,0
1779629243.134922,0.646484375,0.0390625,-0.064453125,0.00390625,0.21484375,-0.04296875,0,0
1779629243.142904,0.646484375,0.0390625,-0.064453125,0.00390625,0.216796875,-0.021484375,0,0
1779629243.150912,0.64453125,0.083984375,0.013671875,0.00390625,0.216796875,-0.021484375,0,0
1779629243.158910,0.64453125,0.083984375,0.013671875,0.00390625,0.224609375,-0.01171875,0,0
1779629243.166916,0.640625,0.12109375,0.021484375,0.00390625,0.224609375,-0.01171875,0,0
1779629243.174931,0.640625,0.12109375,0.021484375,0.00390625,0.2265625,-0.00390625,0,0
1779629243.182905,0.650390625,0.150390625,0.025390625,0.00390625,0.2265625,-0.00390625,0,0
1779629243.190922,0.650390625,0.150390625,0.025390625,0.00390625,0.23046875,-0.00390625,0,0
1779629243.198873,0.677734375,0.1796875,0.03125,0.00390625,0.23046875,-0.00390625,0,0
1779629243.206943,0.677734375,0.1796875,0.03125,0.00390625,0.234375,-0.00390625,0,0
1779629243.214945,0.6796875,0.1875,0.03125,0.00390625,0.234375,-0.00390625,0,0
1779629243.222925,0.6796875,0.1875,0.03125,0.00390625,0.23828125,-0.00390625,0,0
1779629243.230978,0.6796875,0.189453125,0.029296875,0.00390625,0.23828125,-0.00390625,0,0
1779629243.238911,0.6796875,0.189453125,0.029296875,0.00390625,0.23828125,-0.00390625,0,0
1779629243.246915,0.6796875,0.205078125,0.03515625,0.00390625,0.23828125,-0.00390625,0,0
1779629243.254904,0.6796875,0.205078125,0.03515625,0.00390625,0.23828125,-0.00390625,0,0
1779629243.262911,0.67578125,0.22265625,0.046875,0.00390625,0.23828125,-0.00390625,0,0
1779629243.270885,0.67578125,0.22265625,0.046875,0.00390625,0.23828125,-0.00390625,0,0
1779629243.278917,0.67578125,0.23046875,0.048828125,0.00390625,0.23828125,-0.00390625,0,0
1779629243.286921,0.67578125,0.23046875,0.048828125,0.00390625,0.23828125,-0.00390625,0,0
1779629243.294942,0.67578125,0.232421875,0.05078125,0.00390625,0.23828125,-0.00390625,0,0
1779629243.302934,0.67578125,0.232421875,0.05078125,0.00390625,0.23828125,-0.00390625,0,0
1779629243.310927,0.67578125,0.234375,0.05078125,0.00390625,0.23828125,-0.00390625,0,0
1779629243.318915,0.67578125,0.234375,0.05078125,0.00390625,0.23828125,-0.00390625,0,0
1779629243.326923,0.67578125,0.236328125,0.05078125,0.00390625,0.23828125,-0.00390625,0,0
1779629243.334921,0.67578125,0.236328125,0.05078125,0.00390625,0.23828125,-0.00390625,0,0
1779629243.342881,0.67578125,0.23828125,0.05078125,0.00390625,0.23828125,-0.00390625,0,0
1779629243.350889,0.67578125,0.23828125,0.05078125,0.00390625,0.236328125,-0.00390625,0,0
1779629243.358971,0.673828125,0.251953125,0.05859375,0.00390625,0.236328125,-0.00390625,0,0
1779629243.366913,0.673828125,0.251953125,0.05859375,0.00390625,0.236328125,-0.00390625,0,0
1779629243.374950,0.673828125,0.263671875,0.068359375,0.00390625,0.236328125,-0.00390625,0,0
1779629243.382958,0.673828125,0.263671875,0.068359375,0.00390625,0.236328125,-0.00390625,0,0
1779629243.390980,0.673828125,0.267578125,0.072265625,0.00390625,0.236328125,-0.00390625,0,0
1779629243.399078,0.673828125,0.267578125,0.072265625,0.00390625,0.234375,-0.00390625,0,0
1779629243.406970,0.673828125,0.271484375,0.076171875,0.00390625,0.234375,-0.00390625,0,0
1779629243.414984,0.673828125,0.271484375,0.076171875,0.00390625,0.234375,-0.00390625,0,0
1779629243.422924,0.673828125,0.2734375,0.078125,0.00390625,0.234375,-0.00390625,0,0
1779629243.430963,0.673828125,0.2734375,0.078125,0.00390625,0.234375,-0.00390625,0,0
1779629243.438915,0.673828125,0.275390625,0.080078125,0.00390625,0.234375,-0.00390625,0,0
1779629243.446970,0.673828125,0.275390625,0.080078125,0.00390625,0.234375,-0.00390625,0,0
1779629243.454945,0.673828125,0.275390625,0.080078125,0.00390625,0.234375,-0.00390625,0,0
1779629243.462903,0.673828125,0.275390625,0.080078125,0.00390625,0.234375,-0.00390625,0,0
1779629243.470904,0.67578125,0.2734375,0.080078125,0.00390625,0.234375,-0.00390625,0,0
1779629243.478901,0.67578125,0.2734375,0.080078125,0.00390625,0.236328125,-0.00390625,0,0
1779629243.486948,0.67578125,0.27734375,0.0859375,0.00390625,0.236328125,-0.00390625,0,0
1779629243.494914,0.67578125,0.27734375,0.0859375,0.00390625,0.236328125,-0.00390625,0,0
1779629243.502899,0.67578125,0.283203125,0.08984375,0.00390625,0.236328125,-0.00390625,0,0
1779629243.510957,0.67578125,0.283203125,0.08984375,0.00390625,0.23828125,-0.00390625,0,0
1779629243.518903,0.673828125,0.287109375,0.09375,0.00390625,0.23828125,-0.00390625,0,0
1779629243.526949,0.673828125,0.287109375,0.09375,0.00390625,0.23828125,-0.00390625,0,0
1779629243.534882,0.673828125,0.2890625,0.09375,0.00390625,0.23828125,-0.00390625,0,0
1779629243.542981,0.673828125,0.2890625,0.09375,0.00390625,0.23828125,-0.00390625,0,0
1779629243.550977,0.673828125,0.2890625,0.09375,0.00390625,0.23828125,-0.00390625,0,0
1779629243.558954,0.673828125,0.2890625,0.09375,0.00390625,0.240234375,-0.00390625,0,0
1779629243.566936,0.671875,0.2890625,0.091796875,0.00390625,0.240234375,-0.00390625,0,0
1779629243.574959,0.671875,0.2890625,0.091796875,0.00390625,0.244140625,-0.00390625,0,0
1779629243.582947,0.669921875,0.2890625,0.091796875,0.00390625,0.244140625,-0.00390625,0,0
1779629243.590963,0.669921875,0.2890625,0.091796875,0.00390625,0.244140625,-0.00390625,0,0
1779629243.598936,0.66796875,0.2890625,0.08984375,0.00390625,0.244140625,-0.00390625,0,0
1779629243.606990,0.66796875,0.2890625,0.08984375,0.00390625,0.24609375,-0.00390625,0,0
1779629243.614922,0.6640625,0.291015625,0.08984375,0.00390625,0.24609375,-0.00390625,0,0
1779629243.622925,0.6640625,0.291015625,0.08984375,0.00390625,0.248046875,-0.00390625,0,0
1779629243.630962,0.6640625,0.291015625,0.08984375,0.00390625,0.248046875,-0.00390625,0,0
1779629243.638949,0.6640625,0.291015625,0.08984375,0.00390625,0.251953125,-0.00390625,0,0
1779629243.646930,0.662109375,0.29296875,0.08984375,0.00390625,0.251953125,-0.00390625,0,0
1779629243.654980,0.662109375,0.29296875,0.08984375,0.00390625,0.25,-0.00390625,0,0
1779629243.662987,0.662109375,0.29296875,0.08984375,0.00390625,0.25,-0.00390625,0,0
1779629243.670952,0.662109375,0.29296875,0.08984375,0.00390625,0.25,-0.00390625,0,0
1779629243.678926,0.662109375,0.29296875,0.08984375,0.00390625,0.25,-0.00390625,0,0
1779629243.686924,0.662109375,0.29296875,0.08984375,0.00390625,0.25,-0.00390625,0,0
1779629243.694930,0.662109375,0.29296875,0.08984375,0.00390625,0.25,-0.00390625,0,0
1779629243.702926,0.662109375,0.29296875,0.08984375,0.00390625,0.25,-0.00390625,0,0
1779629243.710930,0.662109375,0.29296875,0.08984375,0.00390625,0.25,-0.00390625,0,0
1779629243.718959,0.662109375,0.29296875,0.08984375,0.00390625,0.25,-0.00390625,0,0
1779629243.726910,0.662109375,0.29296875,0.091796875,0.00390625,0.25,-0.00390625,0,0
1779629243.734919,0.662109375,0.29296875,0.091796875,0.00390625,0.25,-0.00390625,0,0
1779629243.742951,0.662109375,0.29296875,0.091796875,0.00390625,0.25,-0.00390625,0,0
1779629243.750957,0.662109375,0.29296875,0.091796875,0.00390625,0.25,-0.00390625,0,0
1779629243.758949,0.662109375,0.29296875,0.091796875,0.00390625,0.25,-0.00390625,0,0
1779629243.766909,0.662109375,0.29296875,0.091796875,0.00390625,0.25,-0.00390625,0,0
1779629243.774904,0.662109375,0.29296875,0.091796875,0.00390625,0.25,-0.00390625,0,0
1779629243.782974,0.662109375,0.29296875,0.091796875,0.00390625,0.25,-0.00390625,0,0
1779629243.790952,0.662109375,0.29296875,0.091796875,0.00390625,0.25,-0.00390625,0,0
1779629243.798950,0.662109375,0.29296875,0.091796875,0.00390625,0.25,-0.00390625,0,0
1779629243.807045,0.662109375,0.29296875,0.08984375,0.00390625,0.25,-0.00390625,0,0
1779629243.814922,0.662109375,0.29296875,0.08984375,0.00390625,0.25,-0.00390625,0,0
1779629243.822925,0.66015625,0.294921875,0.08984375,0.00390625,0.25,-0.00390625,0,0
1779629243.830913,0.66015625,0.294921875,0.08984375,0.00390625,0.25,-0.00390625,0,0
1779629243.838951,0.662109375,0.294921875,0.08984375,0.00390625,0.25,-0.00390625,0,0
1779629243.846927,0.662109375,0.294921875,0.08984375,0.00390625,0.251953125,-0.00390625,0,0
1779629243.854944,0.662109375,0.294921875,0.08984375,0.00390625,0.251953125,-0.00390625,0,0
1779629243.862967,0.662109375,0.294921875,0.08984375,0.00390625,0.25,-0.00390625,0,0
1779629243.870951,0.662109375,0.294921875,0.091796875,0.00390625,0.25,-0.00390625,0,0
1779629243.878952,0.662109375,0.294921875,0.091796875,0.00390625,0.25,-0.00390625,0,0
1779629243.886918,0.662109375,0.294921875,0.091796875,0.00390625,0.25,-0.00390625,0,0
1779629243.894886,0.662109375,0.294921875,0.091796875,0.00390625,0.25,-0.00390625,0,0
1779629243.902932,0.6640625,0.296875,0.095703125,0.00390625,0.25,-0.00390625,0,0
1779629243.910914,0.6640625,0.296875,0.095703125,0.00390625,0.251953125,-0.00390625,0,0
1779629243.919003,0.6640625,0.30078125,0.1015625,0.00390625,0.251953125,-0.00390625,0,0
1779629243.926945,0.6640625,0.30078125,0.1015625,0.00390625,0.251953125,-0.00390625,0,0
1779629243.934895,0.6640625,0.3046875,0.107421875,0.00390625,0.251953125,-0.00390625,0,0
1779629243.942991,0.6640625,0.3046875,0.107421875,0.00390625,0.251953125,-0.00390625,0,0
1779629243.950971,0.6640625,0.3046875,0.111328125,0.00390625,0.251953125,-0.00390625,0,0
1779629243.958972,0.6640625,0.3046875,0.111328125,0.00390625,0.25390625,-0.00390625,0,0
1779629243.966901,0.6640625,0.306640625,0.111328125,0.00390625,0.25390625,-0.00390625,0,0
1779629243.974910,0.6640625,0.306640625,0.111328125,0.00390625,0.251953125,-0.00390625,0,0
1779629243.982946,0.6640625,0.306640625,0.111328125,0.00390625,0.251953125,-0.00390625,0,0
1779629243.990983,0.6640625,0.306640625,0.111328125,0.00390625,0.25390625,-0.00390625,0,0
1779629243.998997,0.6640625,0.30859375,0.111328125,0.00390625,0.25390625,-0.00390625,0,0
1779629244.006932,0.6640625,0.30859375,0.111328125,0.00390625,0.251953125,-0.00390625,0,0
1779629244.014999,0.6640625,0.30859375,0.11328125,0.00390625,0.251953125,-0.00390625,0,0
1779629244.022949,0.6640625,0.30859375,0.11328125,0.00390625,0.251953125,-0.00390625,0,0
1779629244.030962,0.666015625,0.310546875,0.115234375,0.00390625,0.251953125,-0.00390625,0,0
1779629244.038999,0.666015625,0.310546875,0.115234375,0.00390625,0.25390625,-0.00390625,0,0
1779629244.046994,0.666015625,0.310546875,0.115234375,0.00390625,0.25390625,-0.00390625,0,0
1779629244.054941,0.666015625,0.310546875,0.115234375,0.00390625,0.255859375,-0.00390625,0,0
1779629244.062995,0.666015625,0.3125,0.1171875,0.00390625,0.255859375,-0.00390625,0,0
1779629244.070990,0.666015625,0.3125,0.1171875,0.00390625,0.255859375,-0.00390625,0,0
1779629244.078975,0.666015625,0.3125,0.119140625,0.00390625,0.255859375,-0.00390625,0,0
1779629244.086988,0.666015625,0.3125,0.119140625,0.00390625,0.255859375,-0.00390625,0,0
1779629244.094908,0.66796875,0.314453125,0.123046875,0.00390625,0.255859375,-0.00390625,0,0
1779629244.102912,0.66796875,0.314453125,0.123046875,0.005859375,0.255859375,-0.00390625,0,0
1779629244.110931,0.66796875,0.314453125,0.125,0.005859375,0.255859375,-0.00390625,0,0
1779629244.118945,0.66796875,0.314453125,0.125,0.0078125,0.255859375,-0.00390625,0,0
1779629244.126958,0.66796875,0.314453125,0.125,0.0078125,0.255859375,-0.00390625,0,0
1779629244.134919,0.66796875,0.314453125,0.125,0.0078125,0.255859375,-0.00390625,0,0
1779629244.142956,0.66796875,0.31640625,0.126953125,0.0078125,0.255859375,-0.00390625,0,0
1779629244.150920,0.66796875,0.31640625,0.126953125,0.0078125,0.255859375,-0.00390625,0,0
1779629244.158955,0.66796875,0.31640625,0.12890625,0.0078125,0.255859375,-0.00390625,0,0
1779629244.166942,0.66796875,0.31640625,0.12890625,0.009765625,0.255859375,-0.00390625,0,0
1779629244.174936,0.66796875,0.318359375,0.130859375,0.009765625,0.255859375,-0.00390625,0,0
1779629244.182894,0.66796875,0.318359375,0.130859375,0.01171875,0.255859375,-0.00390625,0,0
1779629244.190995,0.66796875,0.3203125,0.130859375,0.01171875,0.255859375,-0.00390625,0,0
1779629244.198983,0.66796875,0.3203125,0.130859375,0.01171875,0.255859375,-0.00390625,0,0
1779629244.206992,0.66796875,0.3203125,0.130859375,0.01171875,0.255859375,-0.00390625,0,0
1779629244.214976,0.66796875,0.3203125,0.130859375,0.01171875,0.255859375,-0.00390625,0,0
1779629244.222946,0.66796875,0.3203125,0.1328125,0.01171875,0.255859375,-0.00390625,0,0
1779629244.230930,0.66796875,0.3203125,0.1328125,0.013671875,0.255859375,-0.00390625,0,0
1779629244.238963,0.66796875,0.3203125,0.1328125,0.013671875,0.255859375,-0.00390625,0,0
1779629244.246949,0.66796875,0.3203125,0.1328125,0.013671875,0.255859375,-0.00390625,0,0
1779629244.254985,0.66796875,0.322265625,0.13671875,0.013671875,0.255859375,-0.00390625,0,0
1779629244.262969,0.66796875,0.322265625,0.13671875,0.017578125,0.2578125,-0.00390625,0,0
1779629244.270941,0.669921875,0.326171875,0.140625,0.017578125,0.2578125,-0.00390625,0,0
1779629244.278980,0.669921875,0.326171875,0.140625,0.017578125,0.2578125,-0.00390625,0,0
1779629244.286921,0.669921875,0.326171875,0.142578125,0.017578125,0.2578125,-0.00390625,0,0
1779629244.294961,0.669921875,0.326171875,0.142578125,0.01953125,0.259765625,-0.00390625,0,0
1779629244.302948,0.669921875,0.326171875,0.140625,0.01953125,0.259765625,-0.00390625,0,0
1779629244.310948,0.669921875,0.326171875,0.140625,0.01953125,0.259765625,-0.00390625,0,0
1779629244.318955,0.669921875,0.328125,0.140625,0.01953125,0.259765625,-0.00390625,0,0
1779629244.326959,0.669921875,0.328125,0.140625,0.01953125,0.259765625,-0.00390625,0,0
1779629244.334939,0.669921875,0.328125,0.140625,0.01953125,0.259765625,-0.00390625,0,0
1779629244.342963,0.669921875,0.328125,0.140625,0.01953125,0.259765625,-0.00390625,0,0
1779629244.350947,0.669921875,0.328125,0.140625,0.01953125,0.259765625,-0.00390625,0,0
1779629244.358973,0.669921875,0.328125,0.140625,0.01953125,0.259765625,-0.00390625,0,0
1779629244.366999,0.669921875,0.328125,0.140625,0.01953125,0.259765625,-0.00390625,0,0
1779629244.374933,0.669921875,0.328125,0.140625,0.01953125,0.259765625,-0.00390625,0,0
1779629244.382920,0.669921875,0.328125,0.140625,0.01953125,0.259765625,-0.00390625,0,0
1779629244.390945,0.669921875,0.328125,0.140625,0.01953125,0.259765625,-0.00390625,0,0
1779629244.398927,0.669921875,0.328125,0.142578125,0.01953125,0.259765625,-0.00390625,0,0
1779629244.406944,0.669921875,0.328125,0.142578125,0.01953125,0.259765625,-0.00390625,0,0
1779629244.414985,0.669921875,0.328125,0.14453125,0.01953125,0.259765625,-0.00390625,0,0
1779629244.422925,0.669921875,0.328125,0.14453125,0.01953125,0.259765625,-0.00390625,0,0
1779629244.430917,0.669921875,0.328125,0.14453125,0.01953125,0.259765625,-0.00390625,0,0
1779629244.438875,0.669921875,0.328125,0.14453125,0.01953125,0.259765625,-0.00390625,0,0
1779629244.446947,0.669921875,0.328125,0.14453125,0.01953125,0.259765625,-0.00390625,0,0
1779629244.454960,0.669921875,0.328125,0.14453125,0.0234375,0.259765625,-0.00390625,0,0
1779629244.462948,0.669921875,0.328125,0.14453125,0.0234375,0.259765625,-0.00390625,0,0
1779629244.470939,0.669921875,0.328125,0.14453125,0.0234375,0.259765625,-0.00390625,0,0
1779629244.478942,0.66796875,0.328125,0.14453125,0.0234375,0.259765625,-0.00390625,0,0
1779629244.486961,0.66796875,0.328125,0.14453125,0.0234375,0.26171875,-0.00390625,0,0
1779629244.494971,0.66796875,0.328125,0.14453125,0.0234375,0.26171875,-0.00390625,0,0
1779629244.502927,0.66796875,0.328125,0.14453125,0.0234375,0.263671875,-0.00390625,0,0
1779629244.510948,0.66796875,0.330078125,0.14453125,0.0234375,0.263671875,-0.00390625,0,0
1779629244.518907,0.66796875,0.330078125,0.14453125,0.021484375,0.263671875,-0.00390625,0,0
1779629244.526978,0.66796875,0.330078125,0.14453125,0.021484375,0.263671875,-0.00390625,0,0
1779629244.534910,0.66796875,0.330078125,0.14453125,0.0234375,0.263671875,-0.00390625,0,0
1779629244.543024,0.66796875,0.330078125,0.14453125,0.0234375,0.263671875,-0.00390625,0,0
1779629244.550943,0.66796875,0.330078125,0.14453125,0.0234375,0.263671875,-0.00390625,0,0
1779629244.558938,0.66796875,0.330078125,0.14453125,0.0234375,0.263671875,-0.00390625,0,0
1779629244.566947,0.66796875,0.330078125,0.14453125,0.0234375,0.263671875,-0.00390625,0,0
1779629244.574941,0.66796875,0.330078125,0.146484375,0.0234375,0.263671875,-0.00390625,0,0
1779629244.582952,0.66796875,0.330078125,0.146484375,0.0234375,0.26171875,-0.00390625,0,0
1779629244.590915,0.66796875,0.330078125,0.146484375,0.0234375,0.26171875,-0.00390625,0,0
1779629244.598932,0.66796875,0.330078125,0.146484375,0.0234375,0.26171875,-0.00390625,0,0
1779629244.606949,0.66796875,0.330078125,0.146484375,0.0234375,0.26171875,-0.00390625,0,0
1779629244.614951,0.66796875,0.330078125,0.146484375,0.0234375,0.26171875,-0.00390625,0,0
1779629244.622978,0.66796875,0.330078125,0.146484375,0.0234375,0.26171875,-0.00390625,0,0
1779629244.630966,0.66796875,0.330078125,0.146484375,0.025390625,0.26171875,-0.00390625,0,0
1779629244.638976,0.66796875,0.330078125,0.146484375,0.025390625,0.26171875,-0.00390625,0,0
1779629244.646938,0.66796875,0.330078125,0.146484375,0.025390625,0.26171875,-0.00390625,0,0
1779629244.654937,0.66796875,0.330078125,0.146484375,0.025390625,0.26171875,-0.00390625,0,0
1779629244.662958,0.66796875,0.330078125,0.146484375,0.025390625,0.26171875,-0.00390625,0,0
1779629244.670947,0.66796875,0.330078125,0.146484375,0.025390625,0.26171875,-0.00390625,0,0
1779629244.678927,0.66796875,0.330078125,0.146484375,0.025390625,0.26171875,-0.00390625,0,0
1779629244.686867,0.66796875,0.330078125,0.146484375,0.025390625,0.26171875,-0.00390625,0,0
1779629244.694949,0.66796875,0.330078125,0.146484375,0.025390625,0.263671875,-0.00390625,0,0
1779629244.702979,0.66796875,0.330078125,0.146484375,0.025390625,0.263671875,-0.00390625,0,0
1779629244.710923,0.66796875,0.330078125,0.146484375,0.025390625,0.263671875,-0.00390625,0,0
1779629244.718885,0.66796875,0.330078125,0.146484375,0.025390625,0.263671875,-0.00390625,0,0
1779629244.726943,0.66796875,0.330078125,0.146484375,0.025390625,0.263671875,-0.00390625,0,0
1779629244.734928,0.66796875,0.330078125,0.146484375,0.025390625,0.263671875,-0.00390625,0,0
1779629244.742965,0.66796875,0.330078125,0.146484375,0.025390625,0.263671875,-0.00390625,0,0
1779629244.750983,0.66796875,0.330078125,0.146484375,0.025390625,0.263671875,-0.00390625,0,0
1779629244.761450,0.66796875,0.330078125,0.146484375,0.025390625,0.263671875,-0.00390625,0,0
1779629244.766941,0.66796875,0.330078125,0.146484375,0.025390625,0.263671875,-0.00390625,0,0
1779629244.775008,0.66796875,0.330078125,0.146484375,0.025390625,0.263671875,-0.00390625,0,0
1779629244.782950,0.66796875,0.330078125,0.146484375,0.025390625,0.263671875,-0.00390625,0,0
1779629244.790929,0.66796875,0.330078125,0.146484375,0.025390625,0.263671875,-0.00390625,0,0
1779629244.798950,0.66796875,0.330078125,0.146484375,0.025390625,0.263671875,-0.00390625,0,0
1779629244.806913,0.66796875,0.330078125,0.146484375,0.025390625,0.263671875,-0.00390625,0,0
1779629244.814974,0.66796875,0.330078125,0.146484375,0.025390625,0.263671875,-0.00390625,0,0
1779629244.822944,0.66796875,0.330078125,0.146484375,0.025390625,0.263671875,-0.00390625,0,0
1779629244.830936,0.66796875,0.33203125,0.146484375,0.025390625,0.263671875,-0.00390625,0,0
1779629244.838931,0.66796875,0.33203125,0.146484375,0.0234375,0.263671875,-0.00390625,0,0
1779629244.846902,0.66796875,0.330078125,0.146484375,0.0234375,0.263671875,-0.00390625,0,0
1779629244.854960,0.66796875,0.330078125,0.146484375,0.025390625,0.263671875,-0.00390625,0,0
1779629244.862954,0.66796875,0.330078125,0.146484375,0.025390625,0.263671875,-0.00390625,0,0
1779629244.870936,0.66796875,0.330078125,0.146484375,0.025390625,0.263671875,-0.00390625,0,0
1779629244.878995,0.66796875,0.330078125,0.146484375,0.025390625,0.263671875,-0.00390625,0,0
1779629244.886955,0.66796875,0.330078125,0.146484375,0.0234375,0.265625,-0.00390625,0,0
1779629244.894946,0.666015625,0.330078125,0.146484375,0.0234375,0.265625,-0.00390625,0,0
1779629244.902953,0.666015625,0.330078125,0.146484375,0.025390625,0.265625,-0.00390625,0,0
1779629244.910960,0.666015625,0.330078125,0.14453125,0.025390625,0.265625,-0.00390625,0,0
1779629244.918963,0.666015625,0.330078125,0.14453125,0.025390625,0.265625,-0.00390625,0,0
1779629244.926933,0.666015625,0.328125,0.14453125,0.025390625,0.265625,-0.00390625,0,0
1779629244.934934,0.666015625,0.328125,0.14453125,0.025390625,0.267578125,-0.00390625,0,0
1779629244.942942,0.666015625,0.328125,0.14453125,0.025390625,0.267578125,-0.00390625,0,0
1779629244.950931,0.666015625,0.328125,0.14453125,0.025390625,0.267578125,-0.00390625,0,0
1779629244.958987,0.666015625,0.328125,0.14453125,0.025390625,0.267578125,-0.00390625,0,0
1779629244.966933,0.666015625,0.328125,0.14453125,0.025390625,0.267578125,-0.00390625,0,0
1779629244.974937,0.666015625,0.328125,0.14453125,0.025390625,0.267578125,-0.00390625,0,0
1779629244.982972,0.666015625,0.328125,0.14453125,0.025390625,0.267578125,-0.00390625,0,0
1779629244.990987,0.666015625,0.328125,0.14453125,0.025390625,0.267578125,-0.00390625,0,0
1779629244.999018,0.666015625,0.328125,0.14453125,0.025390625,0.267578125,-0.00390625,0,0
1779629245.006964,0.666015625,0.328125,0.14453125,0.025390625,0.267578125,-0.00390625,0,0
1779629245.014945,0.666015625,0.328125,0.14453125,0.02734375,0.267578125,-0.00390625,0,0
1779629245.022900,0.6640625,0.328125,0.142578125,0.02734375,0.267578125,-0.00390625,0,0
1779629245.030940,0.6640625,0.328125,0.142578125,0.02734375,0.267578125,-0.00390625,0,0
1779629245.038951,0.662109375,0.328125,0.142578125,0.02734375,0.267578125,-0.00390625,0,0
1779629245.046964,0.662109375,0.328125,0.142578125,0.02734375,0.267578125,-0.00390625,0,0
1779629245.054949,0.662109375,0.328125,0.142578125,0.02734375,0.267578125,-0.00390625,0,0
1779629245.062943,0.662109375,0.328125,0.142578125,0.02734375,0.267578125,-0.00390625,0,0
1779629245.070965,0.662109375,0.328125,0.142578125,0.02734375,0.267578125,-0.00390625,0,0
1779629245.078978,0.662109375,0.328125,0.142578125,0.025390625,0.267578125,-0.00390625,0,0
1779629245.086990,0.662109375,0.328125,0.142578125,0.025390625,0.267578125,-0.00390625,0,0
1779629245.094907,0.662109375,0.328125,0.142578125,0.025390625,0.267578125,-0.00390625,0,0
1779629245.102974,0.662109375,0.328125,0.142578125,0.025390625,0.267578125,-0.00390625,0,0
1779629245.110964,0.662109375,0.328125,0.142578125,0.025390625,0.267578125,-0.00390625,0,0
1779629245.118917,0.66015625,0.328125,0.140625,0.025390625,0.267578125,-0.00390625,0,0
1779629245.126887,0.66015625,0.328125,0.140625,0.025390625,0.26953125,-0.00390625,0,0
1779629245.134942,0.66015625,0.328125,0.140625,0.025390625,0.26953125,-0.00390625,0,0
1779629245.142970,0.66015625,0.328125,0.140625,0.025390625,0.26953125,-0.00390625,0,0
1779629245.150973,0.66015625,0.328125,0.140625,0.025390625,0.26953125,-0.00390625,0,0
1779629245.158928,0.66015625,0.328125,0.140625,0.025390625,0.26953125,-0.00390625,0,0
1779629245.166864,0.66015625,0.328125,0.140625,0.025390625,0.26953125,-0.00390625,0,0
1779629245.174953,0.66015625,0.328125,0.140625,0.025390625,0.26953125,-0.00390625,0,0
1779629245.182956,0.66015625,0.328125,0.140625,0.025390625,0.26953125,-0.00390625,0,0
1779629245.190941,0.66015625,0.328125,0.140625,0.025390625,0.271484375,-0.00390625,0,0
1779629245.198919,0.66015625,0.328125,0.138671875,0.025390625,0.271484375,-0.00390625,0,0
1779629245.207013,0.66015625,0.328125,0.138671875,0.0234375,0.271484375,-0.00390625,0,0
1779629245.214886,0.66015625,0.328125,0.138671875,0.0234375,0.271484375,-0.00390625,0,0
1779629245.222967,0.66015625,0.328125,0.138671875,0.025390625,0.2734375,-0.00390625,0,0
1779629245.230956,0.66015625,0.328125,0.13671875,0.025390625,0.2734375,-0.00390625,0,0
1779629245.238991,0.66015625,0.328125,0.13671875,0.0234375,0.275390625,-0.00390625,0,0
1779629245.246993,0.658203125,0.328125,0.13671875,0.0234375,0.275390625,-0.00390625,0,0
1779629245.254961,0.658203125,0.328125,0.13671875,0.0234375,0.275390625,-0.00390625,0,0
1779629245.262977,0.65625,0.328125,0.13671875,0.0234375,0.275390625,-0.00390625,0,0
1779629245.270974,0.65625,0.328125,0.13671875,0.0234375,0.27734375,-0.00390625,0,0
1779629245.278919,0.65625,0.326171875,0.134765625,0.0234375,0.27734375,-0.00390625,0,0
1779629245.286933,0.65625,0.326171875,0.134765625,0.025390625,0.27734375,-0.00390625,0,0
1779629245.294946,0.654296875,0.326171875,0.134765625,0.025390625,0.27734375,-0.00390625,0,0
1779629245.302968,0.654296875,0.326171875,0.134765625,0.0234375,0.27734375,-0.00390625,0,0
1779629245.310970,0.654296875,0.326171875,0.1328125,0.0234375,0.27734375,-0.00390625,0,0
1779629245.319000,0.654296875,0.326171875,0.1328125,0.0234375,0.279296875,-0.00390625,0,0
1779629245.327003,0.650390625,0.326171875,0.1328125,0.0234375,0.279296875,-0.00390625,0,0
1779629245.334975,0.650390625,0.326171875,0.1328125,0.021484375,0.279296875,-0.00390625,0,0
1779629245.342955,0.650390625,0.32421875,0.130859375,0.021484375,0.279296875,-0.00390625,0,0
1779629245.350985,0.650390625,0.32421875,0.130859375,0.0234375,0.279296875,-0.00390625,0,0
1779629245.359010,0.6484375,0.32421875,0.130859375,0.0234375,0.279296875,-0.00390625,0,0
1779629245.366980,0.6484375,0.32421875,0.130859375,0.0234375,0.279296875,-0.00390625,0,0
1779629245.375009,0.6484375,0.32421875,0.12890625,0.0234375,0.279296875,-0.00390625,0,0
1779629245.382917,0.6484375,0.32421875,0.12890625,0.021484375,0.283203125,-0.00390625,0,0
1779629245.390969,0.6484375,0.32421875,0.12890625,0.021484375,0.283203125,-0.00390625,0,0
1779629245.398938,0.6484375,0.32421875,0.12890625,0.021484375,0.283203125,-0.00390625,0,0
1779629245.406940,0.6484375,0.32421875,0.12890625,0.021484375,0.283203125,-0.00390625,0,0
1779629245.414936,0.6484375,0.32421875,0.12890625,0.021484375,0.283203125,-0.00390625,0,0
1779629245.422982,0.646484375,0.32421875,0.126953125,0.021484375,0.283203125,-0.00390625,0,0
1779629245.430940,0.646484375,0.32421875,0.126953125,0.021484375,0.28515625,-0.00390625,0,0
1779629245.438943,0.646484375,0.3203125,0.123046875,0.021484375,0.28515625,-0.00390625,0,0
1779629245.446962,0.646484375,0.3203125,0.123046875,0.01953125,0.287109375,-0.00390625,0,0
1779629245.454911,0.64453125,0.318359375,0.119140625,0.01953125,0.287109375,-0.00390625,0,0
1779629245.462997,0.64453125,0.318359375,0.119140625,0.017578125,0.287109375,-0.00390625,0,0
1779629245.470923,0.64453125,0.318359375,0.119140625,0.017578125,0.287109375,-0.00390625,0,0
1779629245.478944,0.64453125,0.318359375,0.119140625,0.015625,0.287109375,-0.00390625,0,0
1779629245.486923,0.64453125,0.318359375,0.119140625,0.015625,0.287109375,-0.00390625,0,0
1779629245.494919,0.64453125,0.318359375,0.119140625,0.015625,0.287109375,-0.00390625,0,0
1779629245.502903,0.64453125,0.318359375,0.119140625,0.015625,0.287109375,-0.00390625,0,0
1779629245.510941,0.64453125,0.318359375,0.119140625,0.015625,0.287109375,-0.00390625,0,0
1779629245.518975,0.64453125,0.31640625,0.1171875,0.015625,0.287109375,-0.00390625,0,0
1779629245.526911,0.64453125,0.31640625,0.1171875,0.015625,0.287109375,-0.00390625,0,0
1779629245.534987,0.64453125,0.31640625,0.1171875,0.015625,0.287109375,-0.00390625,0,0
1779629245.543034,0.64453125,0.31640625,0.1171875,0.015625,0.287109375,-0.00390625,0,0
1779629245.550970,0.642578125,0.31640625,0.1171875,0.015625,0.287109375,-0.00390625,0,0
1779629245.558938,0.642578125,0.31640625,0.1171875,0.015625,0.287109375,-0.00390625,0,0
1779629245.566950,0.642578125,0.31640625,0.11328125,0.015625,0.287109375,-0.00390625,0,0
1779629245.574987,0.642578125,0.31640625,0.11328125,0.009765625,0.287109375,-0.00390625,0,0
1779629245.582940,0.642578125,0.314453125,0.10546875,0.009765625,0.287109375,-0.00390625,0,0
1779629245.590904,0.642578125,0.314453125,0.10546875,0.0078125,0.2890625,-0.00390625,0,0
1779629245.598949,0.642578125,0.310546875,0.103515625,0.0078125,0.2890625,-0.00390625,0,0
1779629245.606970,0.642578125,0.310546875,0.103515625,0.0078125,0.2890625,-0.00390625,0,0
1779629245.614961,0.642578125,0.310546875,0.103515625,0.0078125,0.2890625,-0.00390625,0,0
1779629245.622924,0.642578125,0.310546875,0.103515625,0.0078125,0.2890625,-0.00390625,0,0
1779629245.630937,0.642578125,0.310546875,0.103515625,0.0078125,0.2890625,-0.00390625,0,0
1779629245.639009,0.642578125,0.310546875,0.103515625,0.0078125,0.2890625,-0.00390625,0,0
1779629245.646975,0.640625,0.310546875,0.103515625,0.0078125,0.2890625,-0.00390625,0,0
1779629245.654974,0.640625,0.310546875,0.103515625,0.005859375,0.287109375,-0.00390625,0,0
1779629245.662940,0.640625,0.310546875,0.103515625,0.005859375,0.287109375,-0.00390625,0,0
1779629245.670966,0.640625,0.310546875,0.103515625,0.005859375,0.287109375,-0.00390625,0,0
1779629245.678970,0.640625,0.310546875,0.1015625,0.005859375,0.287109375,-0.00390625,0,0
1779629245.686988,0.640625,0.310546875,0.1015625,0.005859375,0.287109375,-0.00390625,0,0
1779629245.694902,0.640625,0.310546875,0.099609375,0.005859375,0.287109375,-0.00390625,0,0
1779629245.702934,0.640625,0.310546875,0.099609375,0.00390625,0.287109375,-0.00390625,0,0
1779629245.711008,0.640625,0.30859375,0.09765625,0.00390625,0.287109375,-0.00390625,0,0
1779629245.718983,0.640625,0.30859375,0.09765625,0.00390625,0.287109375,-0.00390625,0,0
1779629245.726964,0.640625,0.30859375,0.09765625,0.00390625,0.287109375,-0.00390625,0,0
1779629245.734907,0.640625,0.30859375,0.09765625,0.00390625,0.287109375,-0.00390625,0,0
1779629245.742946,0.640625,0.30859375,0.09765625,0.00390625,0.287109375,-0.00390625,0,0
1779629245.750934,0.640625,0.30859375,0.09765625,0.00390625,0.287109375,-0.00390625,0,0
1779629245.758912,0.640625,0.30859375,0.09765625,0.00390625,0.287109375,-0.00390625,0,0
1779629245.766904,0.640625,0.30859375,0.09765625,0.00390625,0.287109375,-0.00390625,0,0
1779629245.774940,0.638671875,0.3046875,0.09375,0.00390625,0.287109375,-0.00390625,0,0
1779629245.782897,0.638671875,0.3046875,0.09375,0.00390625,0.28515625,-0.00390625,0,0
1779629245.790978,0.638671875,0.3046875,0.091796875,0.00390625,0.28515625,-0.00390625,0,0
1779629245.798963,0.638671875,0.3046875,0.091796875,0.00390625,0.287109375,-0.00390625,0,0
1779629245.806920,0.638671875,0.302734375,0.087890625,0.00390625,0.287109375,-0.00390625,0,0
1779629245.814938,0.638671875,0.302734375,0.087890625,0.00390625,0.28515625,-0.00390625,0,0
1779629245.822943,0.638671875,0.294921875,0.076171875,0.00390625,0.28515625,-0.00390625,0,0
1779629245.830965,0.638671875,0.294921875,0.076171875,0.00390625,0.28515625,-0.00390625,0,0
1779629245.838940,0.638671875,0.29296875,0.07421875,0.00390625,0.28515625,-0.00390625,0,0
1779629245.846956,0.638671875,0.29296875,0.07421875,0.00390625,0.283203125,-0.00390625,0,0
1779629245.854960,0.638671875,0.29296875,0.072265625,0.00390625,0.283203125,-0.00390625,0,0
1779629245.862965,0.638671875,0.29296875,0.072265625,0.00390625,0.28515625,-0.00390625,0,0
1779629245.870959,0.63671875,0.2890625,0.068359375,0.00390625,0.28515625,-0.00390625,0,0
1779629245.878929,0.63671875,0.2890625,0.068359375,0.00390625,0.283203125,-0.00390625,0,0
1779629245.886873,0.63671875,0.287109375,0.064453125,0.00390625,0.283203125,-0.00390625,0,0
1779629245.894918,0.63671875,0.287109375,0.064453125,0.00390625,0.283203125,-0.00390625,0,0
1779629245.902900,0.63671875,0.283203125,0.0625,0.00390625,0.283203125,-0.00390625,0,0
1779629245.910934,0.63671875,0.283203125,0.0625,0.00390625,0.283203125,-0.00390625,0,0
1779629245.918923,0.63671875,0.283203125,0.0625,0.00390625,0.283203125,-0.00390625,0,0
1779629245.926955,0.63671875,0.283203125,0.0625,0.00390625,0.283203125,-0.00390625,0,0
1779629245.934894,0.63671875,0.283203125,0.0625,0.00390625,0.283203125,-0.00390625,0,0
1779629245.943010,0.63671875,0.283203125,0.0625,0.00390625,0.283203125,-0.00390625,0,0
1779629245.950942,0.634765625,0.283203125,0.060546875,0.00390625,0.283203125,-0.00390625,0,0
1779629245.958974,0.634765625,0.283203125,0.060546875,0.00390625,0.28515625,-0.00390625,0,0
1779629245.966926,0.6328125,0.28125,0.056640625,0.00390625,0.28515625,-0.00390625,0,0
1779629245.974904,0.6328125,0.28125,0.056640625,0.00390625,0.28515625,-0.00390625,0,0
1779629245.982968,0.62890625,0.275390625,0.05078125,0.00390625,0.28515625,-0.00390625,0,0
1779629245.990975,0.62890625,0.275390625,0.05078125,0.00390625,0.28125,-0.00390625,0,0
1779629245.998951,0.623046875,0.2734375,0.033203125,0.00390625,0.28125,-0.00390625,0,0
1779629246.006912,0.623046875,0.2734375,0.033203125,0.00390625,0.28125,-0.00390625,0,0
1779629246.014880,0.615234375,0.26171875,0.033203125,0.00390625,0.28125,-0.00390625,0,0
1779629246.022917,0.615234375,0.26171875,0.033203125,0.00390625,0.271484375,-0.00390625,0,0
1779629246.030999,0.603515625,0.25,0.033203125,0.00390625,0.271484375,-0.00390625,0,0
1779629246.038956,0.603515625,0.25,0.033203125,0.00390625,0.2578125,0.015625,0,0
1779629246.046971,0.595703125,0.248046875,0.033203125,0.00390625,0.2578125,0.015625,0,0
1779629246.054938,0.595703125,0.248046875,0.033203125,0.00390625,0.255859375,0.021484375,0,0
1779629246.062957,0.568359375,0.234375,0.033203125,0.00390625,0.255859375,0.021484375,0,0
1779629246.070945,0.568359375,0.234375,0.033203125,0.00390625,0.267578125,0.00390625,0,0
1779629246.078892,0.4765625,0.16015625,0.033203125,0.00390625,0.267578125,0.00390625,0,0
1779629246.086946,0.4765625,0.16015625,0.033203125,0.00390625,0.267578125,0.00390625,0,0
1779629246.094954,0.376953125,0.072265625,0.033203125,0.00390625,0.267578125,0.00390625,0,0
1779629246.102943,0.376953125,0.072265625,0.033203125,0.00390625,0.248046875,0.00390625,0,0
1779629246.110923,0.271484375,0.072265625,0.033203125,0.00390625,0.248046875,0.00390625,0,0
1779629246.118910,0.271484375,0.072265625,0.033203125,0.00390625,0.203125,0.00390625,0,0
1779629246.126908,0.177734375,0.072265625,0.033203125,0.00390625,0.203125,0.00390625,0,0
1779629246.134903,0.177734375,0.072265625,0.033203125,0.00390625,0.140625,0.00390625,0,0
1779629246.142992,0.107421875,0.072265625,0.033203125,0.00390625,0.140625,0.00390625,0,0
1779629246.150885,0.107421875,0.072265625,0.033203125,0.00390625,0.083984375,0.00390625,0,0
1779629246.158947,0.04296875,0.072265625,0.033203125,0.00390625,0.083984375,0.00390625,0,0
1779629246.166906,0.04296875,0.072265625,0.033203125,0.00390625,0.005859375,-0.01171875,0,0
1779629246.174915,0.03515625,0.072265625,0.033203125,0.00390625,0.005859375,-0.01171875,0,0
1779629246.182923,0.03515625,0.072265625,0.033203125,0.00390625,0.015625,-0.01171875,0,0
1779629246.212914,0.0,0.0,0.0,0.0,0.0,0.0,0,0
1779629246.243951,0.0,0.0,0.0,0.0,0.0,0.0,0,0
1779629246.274930,0.0,0.0,0.0,0.0,0.0,0.0,0,0
1779629246.305858,0.0,0.0,0.0,0.0,0.0,0.0,0,0
1779629246.336929,0.0,0.0,0.0,0.0,0.0,0.0,0,0
1779629246.367915,0.0,0.0,0.0,0.0,0.0,0.0,0,0
1779629246.398888,0.0,0.0,0.0,0.0,0.0,0.0,0,0
1779629246.429968,0.0,0.0,0.0,0.0,0.0,0.0,0,0
1779629246.460939,0.0,0.0,0.0,0.0,0.0,0.0,0,0
1779629246.491978,0.0,0.0,0.0,0.0,0.0,0.0,0,0
1779629246.522989,0.0,0.0,0.0,0.0,0.0,0.0,0,0
1779629246.553950,0.0,0.0,0.0,0.0,0.0,0.0,0,0
1779629246.584998,0.0,0.0,0.0,0.0,0.0,0.0,0,0
1779629246.615919,0.0,0.0,0.0,0.0,0.0,0.0,0,0
1779629246.646951,0.0,0.0,0.0,0.0,0.0,0.0,0,0
1779629246.677959,0.0,0.0,0.0,0.0,0.0,0.0,0,0
1779629246.708932,0.0,0.0,0.0,0.0,0.0,0.0,0,0
1779629246.739921,0.0,0.0,0.0,0.0,0.0,0.0,0,0
1779629246.770901,0.0,0.0,0.0,0.0,0.0,0.0,0,0
1779629246.801941,0.0,0.0,0.0,0.0,0.0,0.0,0,0
1779629246.832901,0.0,0.0,0.0,0.0,0.0,0.0,0,0
1779629246.863933,0.0,0.0,0.0,0.0,0.0,0.0,0,0
1779629246.894930,0.0,0.0,0.0,0.0,0.0,0.0,0,0
1779629246.926006,0.0,0.0,0.0,0.0,0.0,0.0,0,0
1779629246.957004,0.0,0.0,0.0,0.0,0.0,0.0,0,0
1779629246.987904,0.0,0.0,0.0,0.0,0.0,0.0,0,0
1779629247.018956,0.0,0.0,0.0,0.0,0.0,0.0,0,0
1779629247.049920,0.0,0.0,0.0,0.0,0.0,0.0,0,0
1779629247.080986,0.0,0.0,0.0,0.0,0.0,0.0,0,0
1779629247.111948,0.0,0.0,0.0,0.0,0.0,0.0,0,0
1779629247.142951,0.0,0.0,0.0,0.0,0.0,0.0,0,0
1779629247.173936,0.0,0.0,0.0,0.0,0.0,0.0,0,0
1779629247.204938,0.0,0.0,0.0,0.0,0.0,0.0,0,0
1779629247.235949,0.0,0.0,0.0,0.0,0.0,0.0,0,0
1779629247.266925,0.0,0.0,0.0,0.0,0.0,0.0,0,0
1779629247.297992,0.0,0.0,0.0,0.0,0.0,0.0,0,0
1779629247.328962,0.0,0.0,0.0,0.0,0.0,0.0,0,0
1779629247.359997,0.0,0.0,0.0,0.0,0.0,0.0,0,0
1779629247.390985,0.0,0.0,0.0,0.0,0.0,0.0,0,0
1779629247.421904,0.0,0.0,0.0,0.0,0.0,0.0,0,0
1779629247.452980,0.0,0.0,0.0,0.0,0.0,0.0,0,0
1779629247.483921,0.0,0.0,0.0,0.0,0.0,0.0,0,0
1779629247.514985,0.0,0.0,0.0,0.0,0.0,0.0,0,0
1779629247.545919,0.0,0.0,0.0,0.0,0.0,0.0,0,0
1779629247.576957,0.0,0.0,0.0,0.0,0.0,0.0,0,0
1779629247.607882,0.0,0.0,0.0,0.0,0.0,0.0,0,0
1779629247.638967,0.0,0.0,0.0,0.0,0.0,0.0,0,0
1779629247.669977,0.0,0.0,0.0,0.0,0.0,0.0,0,0
1779629247.700912,0.0,0.0,0.0,0.0,0.0,0.0,0,0
1779629247.731940,0.0,0.0,0.0,0.0,0.0,0.0,0,0
1779629247.750901,0.03515625,0.072265625,-0.037109375,0.00390625,0.015625,-0.01171875,0,0
1779629247.766925,-0.044921875,0.072265625,-0.099609375,0.00390625,0.015625,-0.01171875,0,0
1779629247.774914,-0.044921875,0.072265625,-0.099609375,0.00390625,-0.05859375,-0.01171875,0,0
1779629247.782951,-0.009765625,0.072265625,-0.18359375,0.00390625,-0.05859375,-0.01171875,0,0
1779629247.798918,-0.01171875,0.072265625,-0.23828125,0.00390625,-0.05859375,-0.01171875,0,0
1779629247.806916,-0.01171875,0.072265625,-0.23828125,0.0,-0.005859375,-0.01171875,0,0
1779629247.814985,-0.01171875,0.072265625,-0.3359375,0.0,-0.005859375,-0.01171875,0,0
1779629247.822916,-0.01171875,0.072265625,-0.3359375,-0.017578125,-0.005859375,-0.01171875,0,0
1779629247.830964,-0.01171875,0.072265625,-0.455078125,-0.017578125,-0.005859375,-0.01171875,0,0
1779629247.838927,-0.01171875,0.072265625,-0.455078125,-0.099609375,-0.005859375,-0.01171875,0,0
1779629247.846965,-0.01171875,0.072265625,-0.515625,-0.099609375,-0.005859375,-0.01171875,0,0
1779629247.854931,-0.01171875,0.072265625,-0.515625,-0.17578125,0.05078125,-0.01171875,0,0
1779629247.862926,0.025390625,0.072265625,-0.58203125,-0.17578125,0.05078125,-0.01171875,0,0
1779629247.870977,0.025390625,0.072265625,-0.58203125,-0.22265625,0.099609375,-0.01171875,0,0
1779629247.878945,0.046875,0.00390625,-0.640625,-0.22265625,0.099609375,-0.01171875,0,0
1779629247.887016,0.046875,0.00390625,-0.640625,-0.25390625,0.125,-0.01171875,0,0
1779629247.894952,0.046875,0.01953125,-0.65625,-0.25390625,0.125,-0.01171875,0,0
1779629247.902949,0.046875,0.01953125,-0.65625,-0.24609375,0.119140625,-0.01171875,0,0
1779629247.910957,0.0390625,0.025390625,-0.681640625,-0.24609375,0.119140625,-0.01171875,0,0
1779629247.918954,0.0390625,0.025390625,-0.681640625,-0.2265625,0.099609375,-0.01171875,0,0
1779629247.927013,0.013671875,0.025390625,-0.68359375,-0.2265625,0.099609375,-0.01171875,0,0
1779629247.934954,0.013671875,0.025390625,-0.68359375,-0.201171875,0.0625,-0.01171875,0,0
1779629247.942961,0.013671875,0.0234375,-0.68359375,-0.201171875,0.0625,-0.01171875,0,0
1779629247.950961,0.013671875,0.0234375,-0.68359375,-0.162109375,0.03515625,-0.01171875,0,0
1779629247.958900,0.013671875,0.0,-0.68359375,-0.162109375,0.03515625,-0.01171875,0,0
1779629247.966917,0.013671875,0.0,-0.68359375,-0.123046875,0.03515625,-0.01171875,0,0
1779629247.975922,0.01953125,0.0,-0.68359375,-0.123046875,0.03515625,-0.01171875,0,0
1779629247.982954,0.01953125,0.0,-0.68359375,-0.09765625,0.052734375,-0.01171875,0,0
1779629247.990938,0.04296875,0.0,-0.68359375,-0.09765625,0.052734375,-0.01171875,0,0
1779629247.998947,0.04296875,0.0,-0.68359375,-0.08203125,0.072265625,-0.01171875,0,0
1779629248.006935,0.0546875,0.0,-0.68359375,-0.08203125,0.072265625,-0.01171875,0,0
1779629248.014938,0.0546875,0.0,-0.68359375,-0.08203125,0.08203125,-0.01171875,0,0
1779629248.022930,0.0625,0.0,-0.68359375,-0.08203125,0.08203125,-0.01171875,0,0
1779629248.030930,0.0625,0.0,-0.68359375,-0.083984375,0.08203125,-0.01171875,0,0
1779629248.039005,0.068359375,0.0,-0.68359375,-0.083984375,0.08203125,-0.01171875,0,0
1779629248.046975,0.068359375,0.0,-0.68359375,-0.078125,0.080078125,-0.01171875,0,0
1779629248.054916,0.0703125,0.0078125,-0.68359375,-0.078125,0.080078125,-0.01171875,0,0
1779629248.062915,0.0703125,0.0078125,-0.68359375,-0.072265625,0.078125,-0.01171875,0,0
1779629248.070911,0.072265625,0.015625,-0.68359375,-0.072265625,0.078125,-0.01171875,0,0
1779629248.078978,0.072265625,0.015625,-0.68359375,-0.0625,0.072265625,-0.01171875,0,0
1779629248.086879,0.078125,0.0234375,-0.68359375,-0.0625,0.072265625,-0.01171875,0,0
1779629248.094913,0.078125,0.0234375,-0.68359375,-0.056640625,0.072265625,-0.01171875,0,0
1779629248.102918,0.078125,0.0234375,-0.68359375,-0.056640625,0.072265625,-0.01171875,0,0
1779629248.110977,0.078125,0.0234375,-0.68359375,-0.05078125,0.0703125,-0.01171875,0,0
1779629248.119037,0.08203125,0.025390625,-0.68359375,-0.05078125,0.0703125,-0.01171875,0,0
1779629248.126993,0.08203125,0.025390625,-0.68359375,-0.046875,0.0703125,-0.01171875,0,0
1779629248.134931,0.08203125,0.025390625,-0.68359375,-0.046875,0.0703125,-0.01171875,0,0
1779629248.142958,0.08203125,0.025390625,-0.68359375,-0.0390625,0.0703125,-0.01171875,0,0
1779629248.150959,0.0859375,0.021484375,-0.68359375,-0.0390625,0.0703125,-0.01171875,0,0
1779629248.158971,0.0859375,0.021484375,-0.68359375,-0.02734375,0.0703125,-0.01171875,0,0
1779629248.166936,0.0859375,0.01953125,-0.68359375,-0.02734375,0.0703125,-0.01171875,0,0
1779629248.174947,0.0859375,0.01953125,-0.68359375,-0.021484375,0.0703125,-0.01171875,0,0
1779629248.182959,0.087890625,0.015625,-0.68359375,-0.021484375,0.0703125,-0.01171875,0,0
1779629248.190928,0.087890625,0.015625,-0.68359375,-0.01953125,0.0703125,-0.01171875,0,0
1779629248.198920,0.087890625,0.015625,-0.68359375,-0.01953125,0.0703125,-0.01171875,0,0
1779629248.206909,0.087890625,0.015625,-0.68359375,-0.015625,0.0703125,-0.01171875,0,0
1779629248.214982,0.08984375,0.013671875,-0.68359375,-0.015625,0.0703125,-0.01171875,0,0
1779629248.222975,0.08984375,0.013671875,-0.68359375,-0.013671875,0.072265625,-0.01171875,0,0
1779629248.230976,0.08984375,0.015625,-0.68359375,-0.013671875,0.072265625,-0.01171875,0,0
1779629248.238948,0.08984375,0.015625,-0.68359375,-0.013671875,0.0703125,-0.01171875,0,0
1779629248.246912,0.091796875,0.017578125,-0.68359375,-0.013671875,0.0703125,-0.01171875,0,0
1779629248.254966,0.091796875,0.017578125,-0.68359375,-0.009765625,0.0703125,-0.01171875,0,0
1779629248.262996,0.091796875,0.01953125,-0.68359375,-0.009765625,0.0703125,-0.01171875,0,0
1779629248.270960,0.091796875,0.01953125,-0.68359375,-0.009765625,0.0703125,-0.01171875,0,0
1779629248.278973,0.091796875,0.01953125,-0.68359375,-0.009765625,0.0703125,-0.01171875,0,0
1779629248.286966,0.091796875,0.01953125,-0.68359375,-0.009765625,0.0703125,-0.01171875,0,0
1779629248.294997,0.091796875,0.021484375,-0.68359375,-0.009765625,0.0703125,-0.01171875,0,0
1779629248.302963,0.091796875,0.021484375,-0.68359375,-0.009765625,0.0703125,-0.01171875,0,0
1779629248.310958,0.09375,0.021484375,-0.68359375,-0.009765625,0.0703125,-0.01171875,0,0
1779629248.318927,0.09375,0.021484375,-0.68359375,-0.009765625,0.0703125,-0.01171875,0,0
1779629248.326926,0.09375,0.021484375,-0.68359375,-0.009765625,0.0703125,-0.01171875,0,0
1779629248.334917,0.09375,0.021484375,-0.68359375,-0.0078125,0.068359375,-0.01171875,0,0
1779629248.342984,0.09375,0.025390625,-0.68359375,-0.0078125,0.068359375,-0.01171875,0,0
1779629248.350926,0.09375,0.025390625,-0.68359375,-0.005859375,0.068359375,-0.01171875,0,0
1779629248.358963,0.09375,0.02734375,-0.68359375,-0.005859375,0.068359375,-0.01171875,0,0
1779629248.366918,0.09375,0.02734375,-0.68359375,-0.005859375,0.068359375,-0.01171875,0,0
1779629248.374943,0.09375,0.029296875,-0.68359375,-0.005859375,0.068359375,-0.01171875,0,0
1779629248.382914,0.09375,0.029296875,-0.68359375,0.0,0.06640625,-0.01171875,0,0
1779629248.390938,0.09375,0.02734375,-0.68359375,0.0,0.06640625,-0.01171875,0,0
1779629248.398918,0.09375,0.02734375,-0.68359375,0.0,0.06640625,-0.01171875,0,0
1779629248.406941,0.09375,0.025390625,-0.68359375,0.0,0.06640625,-0.01171875,0,0
1779629248.414960,0.09375,0.025390625,-0.68359375,0.0,0.06640625,-0.01171875,0,0
1779629248.422963,0.09765625,0.025390625,-0.68359375,0.0,0.06640625,-0.01171875,0,0
1779629248.430997,0.09765625,0.025390625,-0.68359375,0.0,0.06640625,-0.01171875,0,0
1779629248.438978,0.099609375,0.02734375,-0.68359375,0.0,0.06640625,-0.01171875,0,0
1779629248.446955,0.099609375,0.02734375,-0.68359375,0.0,0.0625,-0.01171875,0,0
1779629248.454951,0.1015625,0.02734375,-0.68359375,0.0,0.0625,-0.01171875,0,0
1779629248.462957,0.1015625,0.02734375,-0.68359375,0.0,0.05859375,-0.01171875,0,0
1779629248.470914,0.1015625,0.021484375,-0.68359375,0.0,0.05859375,-0.01171875,0,0
1779629248.478925,0.1015625,0.021484375,-0.68359375,0.0,0.052734375,-0.01171875,0,0
1779629248.486885,0.103515625,0.021484375,-0.68359375,0.0,0.052734375,-0.01171875,0,0
1779629248.494920,0.103515625,0.021484375,-0.68359375,0.0,0.052734375,-0.01171875,0,0
1779629248.502877,0.103515625,0.0234375,-0.68359375,0.0,0.052734375,-0.01171875,0,0
1779629248.510968,0.103515625,0.0234375,-0.68359375,0.0,0.046875,-0.01171875,0,0
1779629248.518955,0.109375,0.0234375,-0.68359375,0.0,0.046875,-0.01171875,0,0
1779629248.526943,0.109375,0.0234375,-0.68359375,0.0,0.046875,-0.01171875,0,0
1779629248.534905,0.109375,0.0234375,-0.68359375,0.0,0.046875,-0.01171875,0,0
1779629248.542960,0.109375,0.0234375,-0.68359375,0.0,0.04296875,-0.01171875,0,0
1779629248.550910,0.109375,0.0234375,-0.68359375,0.0,0.04296875,-0.01171875,0,0
1779629248.558892,0.109375,0.0234375,-0.68359375,0.0,0.041015625,-0.01171875,0,0
1779629248.566981,0.111328125,0.0234375,-0.68359375,0.0,0.041015625,-0.01171875,0,0
1779629248.574942,0.111328125,0.0234375,-0.68359375,0.0,0.041015625,-0.01171875,0,0
1779629248.582973,0.111328125,0.0234375,-0.68359375,0.0,0.041015625,-0.01171875,0,0
1779629248.590919,0.111328125,0.0234375,-0.68359375,0.0,0.04296875,-0.01171875,0,0
1779629248.598951,0.111328125,0.0234375,-0.68359375,0.0,0.04296875,-0.01171875,0,0
1779629248.606943,0.111328125,0.0234375,-0.68359375,0.0,0.041015625,-0.01171875,0,0
1779629248.614962,0.111328125,0.0234375,-0.68359375,0.0,0.041015625,-0.01171875,0,0
1779629248.622947,0.111328125,0.0234375,-0.68359375,0.0,0.0390625,-0.01171875,0,0
1779629248.630956,0.11328125,0.0234375,-0.68359375,0.0,0.0390625,-0.01171875,0,0
1779629248.638978,0.11328125,0.0234375,-0.68359375,0.0,0.037109375,-0.01171875,0,0
1779629248.646958,0.10546875,0.025390625,-0.68359375,0.0,0.037109375,-0.01171875,0,0
1779629248.654978,0.10546875,0.025390625,-0.68359375,0.0,0.029296875,-0.01171875,0,0
1779629248.662934,0.09375,0.02734375,-0.68359375,0.0,0.029296875,-0.01171875,0,0
1779629248.670955,0.09375,0.02734375,-0.68359375,0.0,0.017578125,-0.01171875,0,0
1779629248.678960,0.0859375,0.02734375,-0.68359375,0.0,0.017578125,-0.01171875,0,0
1779629248.686920,0.0859375,0.02734375,-0.68359375,0.0,0.017578125,-0.01171875,0,0
1779629248.694925,0.076171875,0.03515625,-0.68359375,0.0,0.017578125,-0.01171875,0,0
1779629248.702940,0.076171875,0.03515625,-0.68359375,0.0,0.01171875,-0.01171875,0,0
1779629248.710894,0.068359375,0.041015625,-0.68359375,0.0,0.01171875,-0.01171875,0,0
1779629248.718924,0.068359375,0.041015625,-0.68359375,0.0,0.009765625,-0.01171875,0,0
1779629248.726972,0.0625,0.046875,-0.68359375,0.0,0.009765625,-0.01171875,0,0
1779629248.734937,0.0625,0.046875,-0.68359375,-0.01171875,0.009765625,-0.01171875,0,0
1779629248.743001,0.060546875,0.046875,-0.68359375,-0.01171875,0.009765625,-0.01171875,0,0
1779629248.750925,0.060546875,0.046875,-0.68359375,-0.015625,0.01171875,-0.01171875,0,0
1779629248.758957,0.056640625,0.041015625,-0.68359375,-0.015625,0.01171875,-0.01171875,0,0
1779629248.766915,0.056640625,0.041015625,-0.68359375,-0.025390625,0.013671875,-0.01171875,0,0
1779629248.774849,0.0546875,0.03515625,-0.68359375,-0.025390625,0.013671875,-0.01171875,0,0
1779629248.782940,0.0546875,0.03515625,-0.68359375,-0.033203125,0.021484375,-0.01171875,0,0
1779629248.790957,0.0625,0.04296875,-0.68359375,-0.033203125,0.021484375,-0.01171875,0,0
1779629248.798944,0.0625,0.04296875,-0.68359375,-0.041015625,0.02734375,-0.01171875,0,0
1779629248.806931,0.06640625,0.046875,-0.68359375,-0.041015625,0.02734375,-0.01171875,0,0
1779629248.814955,0.06640625,0.046875,-0.68359375,-0.037109375,0.02734375,-0.01171875,0,0
1779629248.822984,0.068359375,0.046875,-0.68359375,-0.037109375,0.02734375,-0.01171875,0,0
1779629248.831002,0.068359375,0.046875,-0.68359375,-0.03515625,0.02734375,-0.01171875,0,0
1779629248.838947,0.0703125,0.048828125,-0.68359375,-0.03515625,0.02734375,-0.01171875,0,0
1779629248.846920,0.0703125,0.048828125,-0.68359375,-0.033203125,0.02734375,-0.01171875,0,0
1779629248.854962,0.0703125,0.048828125,-0.68359375,-0.033203125,0.02734375,-0.01171875,0,0
1779629248.862984,0.0703125,0.048828125,-0.68359375,-0.033203125,0.02734375,-0.01171875,0,0
1779629248.870957,0.06640625,0.044921875,-0.68359375,-0.033203125,0.02734375,-0.01171875,0,0
1779629248.878953,0.06640625,0.044921875,-0.68359375,-0.041015625,0.02734375,-0.01171875,0,0
1779629248.886949,0.064453125,0.041015625,-0.68359375,-0.041015625,0.02734375,-0.01171875,0,0
1779629248.894927,0.064453125,0.041015625,-0.68359375,-0.041015625,0.029296875,-0.01171875,0,0
1779629248.910949,0.064453125,0.0390625,-0.68359375,-0.041015625,0.029296875,-0.01171875,0,0
1779629248.918975,0.064453125,0.0390625,-0.68359375,-0.048828125,0.029296875,-0.01171875,0,0
1779629248.926969,0.064453125,0.0390625,-0.68359375,-0.048828125,0.029296875,-0.01171875,0,0
1779629248.934941,0.064453125,0.0390625,-0.68359375,-0.048828125,0.02734375,-0.01171875,0,0
1779629248.942973,0.060546875,0.046875,-0.68359375,-0.048828125,0.02734375,-0.01171875,0,0
1779629248.950975,0.060546875,0.046875,-0.68359375,-0.052734375,0.0234375,-0.01171875,0,0
1779629248.958969,0.05859375,0.052734375,-0.68359375,-0.052734375,0.0234375,-0.01171875,0,0
1779629248.966902,0.05859375,0.052734375,-0.68359375,-0.0546875,0.021484375,-0.01171875,0,0
1779629248.974935,0.056640625,0.052734375,-0.68359375,-0.0546875,0.021484375,-0.01171875,0,0
1779629248.982894,0.056640625,0.052734375,-0.68359375,-0.05859375,0.021484375,-0.01171875,0,0
1779629248.990926,0.05078125,0.05859375,-0.68359375,-0.05859375,0.021484375,-0.01171875,0,0
1779629248.998953,0.05078125,0.05859375,-0.68359375,-0.064453125,0.021484375,-0.01171875,0,0
1779629249.006919,0.046875,0.060546875,-0.68359375,-0.064453125,0.021484375,-0.01171875,0,0
1779629249.014928,0.046875,0.060546875,-0.68359375,-0.072265625,0.021484375,-0.01171875,0,0
1779629249.022928,0.04296875,0.060546875,-0.68359375,-0.072265625,0.021484375,-0.01171875,0,0
1779629249.030931,0.04296875,0.060546875,-0.68359375,-0.078125,0.021484375,-0.01171875,0,0
1779629249.038906,0.041015625,0.05859375,-0.68359375,-0.078125,0.021484375,-0.01171875,0,0
1779629249.046924,0.041015625,0.05859375,-0.68359375,-0.08203125,0.0234375,-0.01171875,0,0
1779629249.054903,0.033203125,0.0625,-0.68359375,-0.08203125,0.0234375,-0.01171875,0,0
1779629249.062986,0.033203125,0.0625,-0.68359375,-0.08984375,0.025390625,-0.01171875,0,0
1779629249.070948,0.029296875,0.060546875,-0.68359375,-0.08984375,0.025390625,-0.01171875,0,0
1779629249.078883,0.029296875,0.060546875,-0.68359375,-0.099609375,0.025390625,-0.01171875,0,0
1779629249.086950,0.01953125,0.0546875,-0.68359375,-0.099609375,0.025390625,-0.01171875,0,0
1779629249.094946,0.01953125,0.0546875,-0.68359375,-0.119140625,0.04296875,-0.01171875,0,0
1779629249.102924,0.013671875,0.05859375,-0.68359375,-0.119140625,0.04296875,-0.01171875,0,0
1779629249.110954,0.013671875,0.05859375,-0.68359375,-0.173828125,0.05859375,-0.01171875,0,0
1779629249.118932,0.03515625,0.03515625,-0.576171875,-0.173828125,0.05859375,-0.01171875,0,0
1779629249.126925,0.03515625,0.03515625,-0.576171875,-0.18359375,0.083984375,-0.01171875,0,0
1779629249.134906,0.080078125,0.03515625,-0.142578125,-0.18359375,0.083984375,-0.01171875,0,0
1779629249.142920,0.080078125,0.03515625,-0.142578125,-0.18359375,0.095703125,-0.01171875,0,0
1779629249.150966,0.08984375,0.03515625,0.0,-0.18359375,0.095703125,-0.01171875,0,0
1779629249.158985,0.08984375,0.03515625,0.0,-0.18359375,0.103515625,-0.01171875,0,0
1779629249.166953,-0.037109375,0.03515625,0.0,-0.18359375,0.103515625,-0.01171875,0,0
1779629249.174971,-0.037109375,0.03515625,0.0,-0.18359375,-0.08984375,-0.01171875,0,0
1779629249.182964,0.0390625,0.03515625,0.0,-0.18359375,-0.08984375,-0.01171875,0,0
1779629249.190934,0.0390625,0.03515625,0.0,-0.18359375,0.046875,-0.01171875,0,0
1779629249.220877,0.0,0.0,0.0,0.0,0.0,0.0,0,0
1779629249.230917,0.0078125,0.03515625,0.0,-0.18359375,0.046875,-0.01171875,0,0
1779629249.238861,0.0078125,0.03515625,0.0,-0.18359375,0.025390625,-0.01171875,0,0
1779629249.246965,-0.009765625,0.03515625,0.0,-0.18359375,0.025390625,-0.01171875,0,0
1779629249.254910,-0.009765625,0.03515625,0.0,-0.18359375,-0.029296875,-0.01171875,0,0
1779629249.262949,0.0,0.03515625,0.0,-0.18359375,-0.029296875,-0.01171875,0,0
1779629249.270924,0.0,0.03515625,0.0,-0.18359375,0.025390625,-0.01171875,0,0
1779629249.300894,0.0,0.0,0.0,0.0,0.0,0.0,0,0
1779629249.331949,0.0,0.0,0.0,0.0,0.0,0.0,0,0
1779629249.362933,0.0,0.0,0.0,0.0,0.0,0.0,0,0
1779629249.393992,0.0,0.0,0.0,0.0,0.0,0.0,0,0
1779629249.424967,0.0,0.0,0.0,0.0,0.0,0.0,0,0
1779629249.455929,0.0,0.0,0.0,0.0,0.0,0.0,0,0
1779629249.486909,0.0,0.0,0.0,0.0,0.0,0.0,0,0
1779629249.517883,0.0,0.0,0.0,0.0,0.0,0.0,0,0
1779629249.548916,0.0,0.0,0.0,0.0,0.0,0.0,0,0
1779629249.579947,0.0,0.0,0.0,0.0,0.0,0.0,0,0
1779629249.610963,0.0,0.0,0.0,0.0,0.0,0.0,0,0
1779629249.641950,0.0,0.0,0.0,0.0,0.0,0.0,0,0
1779629249.672897,0.0,0.0,0.0,0.0,0.0,0.0,0,0
1779629249.703980,0.0,0.0,0.0,0.0,0.0,0.0,0,0
1779629249.734919,0.0,0.0,0.0,0.0,0.0,0.0,0,0
1779629249.765911,0.0,0.0,0.0,0.0,0.0,0.0,0,0
1779629249.796953,0.0,0.0,0.0,0.0,0.0,0.0,0,0
1779629249.827885,0.0,0.0,0.0,0.0,0.0,0.0,0,0
1779629249.858944,0.0,0.0,0.0,0.0,0.0,0.0,0,0
1779629249.889939,0.0,0.0,0.0,0.0,0.0,0.0,0,0
1779629249.920923,0.0,0.0,0.0,0.0,0.0,0.0,0,0
1779629249.951937,0.0,0.0,0.0,0.0,0.0,0.0,0,0
1779629249.982987,0.0,0.0,0.0,0.0,0.0,0.0,0,0
1779629250.013947,0.0,0.0,0.0,0.0,0.0,0.0,0,0
1779629250.044948,0.0,0.0,0.0,0.0,0.0,0.0,0,0
1779629250.075961,0.0,0.0,0.0,0.0,0.0,0.0,0,0
1779629250.106920,0.0,0.0,0.0,0.0,0.0,0.0,0,0
1779629250.137942,0.0,0.0,0.0,0.0,0.0,0.0,0,0
1779629250.168919,0.0,0.0,0.0,0.0,0.0,0.0,0,0
1779629250.199930,0.0,0.0,0.0,0.0,0.0,0.0,0,0
1779629250.230942,0.0,0.0,0.0,0.0,0.0,0.0,0,0
1779629250.261945,0.0,0.0,0.0,0.0,0.0,0.0,0,0
1779629250.292994,0.0,0.0,0.0,0.0,0.0,0.0,0,0
1779629250.324013,0.0,0.0,0.0,0.0,0.0,0.0,0,0
1779629250.355028,0.0,0.0,0.0,0.0,0.0,0.0,0,0
1779629250.385998,0.0,0.0,0.0,0.0,0.0,0.0,0,0
1779629250.416959,0.0,0.0,0.0,0.0,0.0,0.0,0,0
1779629250.447918,0.0,0.0,0.0,0.0,0.0,0.0,0,0
1779629250.478976,0.0,0.0,0.0,0.0,0.0,0.0,0,0
1779629250.509915,0.0,0.0,0.0,0.0,0.0,0.0,0,0
1779629250.540925,0.0,0.0,0.0,0.0,0.0,0.0,0,0
1779629250.571982,0.0,0.0,0.0,0.0,0.0,0.0,0,0
1779629250.602951,0.0,0.0,0.0,0.0,0.0,0.0,0,0
1779629250.633925,0.0,0.0,0.0,0.0,0.0,0.0,0,0
1779629250.664972,0.0,0.0,0.0,0.0,0.0,0.0,0,0
1779629250.695966,0.0,0.0,0.0,0.0,0.0,0.0,0,0
1779629250.726910,0.0,0.0,0.0,0.0,0.0,0.0,0,0
1779629250.757920,0.0,0.0,0.0,0.0,0.0,0.0,0,0
1779629250.788947,0.0,0.0,0.0,0.0,0.0,0.0,0,0
1779629250.819990,0.0,0.0,0.0,0.0,0.0,0.0,0,0
1779629250.851018,0.0,0.0,0.0,0.0,0.0,0.0,0,0
1779629250.881943,0.0,0.0,0.0,0.0,0.0,0.0,0,0
1779629250.913007,0.0,0.0,0.0,0.0,0.0,0.0,0,0
1779629250.943993,0.0,0.0,0.0,0.0,0.0,0.0,0,0
1779629250.974970,0.0,0.0,0.0,0.0,0.0,0.0,0,0
1779629251.005944,0.0,0.0,0.0,0.0,0.0,0.0,0,0
1779629251.036956,0.0,0.0,0.0,0.0,0.0,0.0,0,0
1779629251.067967,0.0,0.0,0.0,0.0,0.0,0.0,0,0
1779629251.098968,0.0,0.0,0.0,0.0,0.0,0.0,0,0
1779629251.129941,0.0,0.0,0.0,0.0,0.0,0.0,0,0
1779629251.160945,0.0,0.0,0.0,0.0,0.0,0.0,0,0
1779629251.191937,0.0,0.0,0.0,0.0,0.0,0.0,0,0
1779629251.222959,0.0,0.0,0.0,0.0,0.0,0.0,0,0
1779629251.253938,0.0,0.0,0.0,0.0,0.0,0.0,0,0
1779629251.284930,0.0,0.0,0.0,0.0,0.0,0.0,0,0
1779629251.315943,0.0,0.0,0.0,0.0,0.0,0.0,0,0
1779629251.346954,0.0,0.0,0.0,0.0,0.0,0.0,0,0
1779629251.377915,0.0,0.0,0.0,0.0,0.0,0.0,0,0
1779629251.408967,0.0,0.0,0.0,0.0,0.0,0.0,0,0
1779629251.439949,0.0,0.0,0.0,0.0,0.0,0.0,0,0
1779629251.470897,0.0,0.0,0.0,0.0,0.0,0.0,0,0
1779629251.501975,0.0,0.0,0.0,0.0,0.0,0.0,0,0
1779629251.532911,0.0,0.0,0.0,0.0,0.0,0.0,0,0
1779629251.563915,0.0,0.0,0.0,0.0,0.0,0.0,0,0
1779629251.594913,0.0,0.0,0.0,0.0,0.0,0.0,0,0
1779629251.625974,0.0,0.0,0.0,0.0,0.0,0.0,0,0
1779629251.656976,0.0,0.0,0.0,0.0,0.0,0.0,0,0
1779629251.687949,0.0,0.0,0.0,0.0,0.0,0.0,0,0
1779629251.718971,0.0,0.0,0.0,0.0,0.0,0.0,0,0
1779629251.749952,0.0,0.0,0.0,0.0,0.0,0.0,0,0
1779629251.780942,0.0,0.0,0.0,0.0,0.0,0.0,0,0
1779629251.811941,0.0,0.0,0.0,0.0,0.0,0.0,0,0
1779629251.842942,0.0,0.0,0.0,0.0,0.0,0.0,0,0
1779629251.873944,0.0,0.0,0.0,0.0,0.0,0.0,0,0
1779629251.904981,0.0,0.0,0.0,0.0,0.0,0.0,0,0
1779629251.935925,0.0,0.0,0.0,0.0,0.0,0.0,0,0
1779629251.966909,0.0,0.0,0.0,0.0,0.0,0.0,0,0
1779629251.997893,0.0,0.0,0.0,0.0,0.0,0.0,0,0
1779629252.028970,0.0,0.0,0.0,0.0,0.0,0.0,0,0
1779629252.059957,0.0,0.0,0.0,0.0,0.0,0.0,0,0
1779629252.090980,0.0,0.0,0.0,0.0,0.0,0.0,0,0
1779629252.121951,0.0,0.0,0.0,0.0,0.0,0.0,0,0
1779629252.152911,0.0,0.0,0.0,0.0,0.0,0.0,0,0
1779629252.183912,0.0,0.0,0.0,0.0,0.0,0.0,0,0
1779629252.214962,0.0,0.0,0.0,0.0,0.0,0.0,0,0
1779629252.245974,0.0,0.0,0.0,0.0,0.0,0.0,0,0
1779629252.276942,0.0,0.0,0.0,0.0,0.0,0.0,0,0
1779629252.307986,0.0,0.0,0.0,0.0,0.0,0.0,0,0
1779629252.338987,0.0,0.0,0.0,0.0,0.0,0.0,0,0
1779629252.369970,0.0,0.0,0.0,0.0,0.0,0.0,0,0
1779629252.400962,0.0,0.0,0.0,0.0,0.0,0.0,0,0
1779629252.431942,0.0,0.0,0.0,0.0,0.0,0.0,0,0
1779629252.462945,0.0,0.0,0.0,0.0,0.0,0.0,0,0
1779629252.493941,0.0,0.0,0.0,0.0,0.0,0.0,0,0
1779629252.524947,0.0,0.0,0.0,0.0,0.0,0.0,0,0
1779629252.555902,0.0,0.0,0.0,0.0,0.0,0.0,0,0
1779629252.586926,0.0,0.0,0.0,0.0,0.0,0.0,0,0
1779629252.617925,0.0,0.0,0.0,0.0,0.0,0.0,0,0
1779629252.648940,0.0,0.0,0.0,0.0,0.0,0.0,0,0
1779629252.679893,0.0,0.0,0.0,0.0,0.0,0.0,0,0
1779629252.710958,0.0,0.0,0.0,0.0,0.0,0.0,0,0
1779629252.741928,0.0,0.0,0.0,0.0,0.0,0.0,0,0
1779629252.772959,0.0,0.0,0.0,0.0,0.0,0.0,0,0
1779629252.803981,0.0,0.0,0.0,0.0,0.0,0.0,0,0
1779629252.834954,0.0,0.0,0.0,0.0,0.0,0.0,0,0
1779629252.865956,0.0,0.0,0.0,0.0,0.0,0.0,0,0
1779629252.896918,0.0,0.0,0.0,0.0,0.0,0.0,0,0
1779629252.927877,0.0,0.0,0.0,0.0,0.0,0.0,0,0
1779629252.958945,0.0,0.0,0.0,0.0,0.0,0.0,0,0
1779629252.989984,0.0,0.0,0.0,0.0,0.0,0.0,0,0
1779629253.020954,0.0,0.0,0.0,0.0,0.0,0.0,0,0
1779629253.051935,0.0,0.0,0.0,0.0,0.0,0.0,0,0
1779629253.082931,0.0,0.0,0.0,0.0,0.0,0.0,0,0
1779629253.113941,0.0,0.0,0.0,0.0,0.0,0.0,0,0
1779629253.144966,0.0,0.0,0.0,0.0,0.0,0.0,0,0
1779629253.175906,0.0,0.0,0.0,0.0,0.0,0.0,0,0
1779629253.206903,0.0,0.0,0.0,0.0,0.0,0.0,0,0
1779629253.237947,0.0,0.0,0.0,0.0,0.0,0.0,0,0
1779629253.268914,0.0,0.0,0.0,0.0,0.0,0.0,0,0
1779629253.299934,0.0,0.0,0.0,0.0,0.0,0.0,0,0
1779629253.330917,0.0,0.0,0.0,0.0,0.0,0.0,0,0
1779629253.361995,0.0,0.0,0.0,0.0,0.0,0.0,0,0
1779629253.392938,0.0,0.0,0.0,0.0,0.0,0.0,0,0
1779629253.423945,0.0,0.0,0.0,0.0,0.0,0.0,0,0
1779629253.454973,0.0,0.0,0.0,0.0,0.0,0.0,0,0
1779629253.485940,0.0,0.0,0.0,0.0,0.0,0.0,0,0
1779629253.516988,0.0,0.0,0.0,0.0,0.0,0.0,0,0
1779629253.547920,0.0,0.0,0.0,0.0,0.0,0.0,0,0
1779629253.578958,0.0,0.0,0.0,0.0,0.0,0.0,0,0
1779629253.609948,0.0,0.0,0.0,0.0,0.0,0.0,0,0
1779629253.640936,0.0,0.0,0.0,0.0,0.0,0.0,0,0
1779629253.671975,0.0,0.0,0.0,0.0,0.0,0.0,0,0
1779629253.702942,0.0,0.0,0.0,0.0,0.0,0.0,0,0
1779629253.733924,0.0,0.0,0.0,0.0,0.0,0.0,0,0
1779629253.764936,0.0,0.0,0.0,0.0,0.0,0.0,0,0
1779629253.795915,0.0,0.0,0.0,0.0,0.0,0.0,0,0
1779629253.826975,0.0,0.0,0.0,0.0,0.0,0.0,0,0
1779629253.857889,0.0,0.0,0.0,0.0,0.0,0.0,0,0
1779629253.888940,0.0,0.0,0.0,0.0,0.0,0.0,0,0
1779629253.919913,0.0,0.0,0.0,0.0,0.0,0.0,0,0
1779629253.950949,0.0,0.0,0.0,0.0,0.0,0.0,0,0
1779629253.981943,0.0,0.0,0.0,0.0,0.0,0.0,0,0
1779629254.012983,0.0,0.0,0.0,0.0,0.0,0.0,0,0
1779629254.043998,0.0,0.0,0.0,0.0,0.0,0.0,0,0
1779629254.074989,0.0,0.0,0.0,0.0,0.0,0.0,0,0
1779629254.105977,0.0,0.0,0.0,0.0,0.0,0.0,0,0
1779629254.136940,0.0,0.0,0.0,0.0,0.0,0.0,0,0
1779629254.167969,0.0,0.0,0.0,0.0,0.0,0.0,0,0
1779629254.198993,0.0,0.0,0.0,0.0,0.0,0.0,0,0
1779629254.229895,0.0,0.0,0.0,0.0,0.0,0.0,0,0
1779629254.261003,0.0,0.0,0.0,0.0,0.0,0.0,0,0
1779629254.292303,0.0,0.0,0.0,0.0,0.0,0.0,0,0
1779629254.323006,0.0,0.0,0.0,0.0,0.0,0.0,0,0
1779629254.353947,0.0,0.0,0.0,0.0,0.0,0.0,0,0
1779629254.385002,0.0,0.0,0.0,0.0,0.0,0.0,0,0
1779629254.415960,0.0,0.0,0.0,0.0,0.0,0.0,0,0
1779629254.446990,0.0,0.0,0.0,0.0,0.0,0.0,0,0
1779629254.477912,0.0,0.0,0.0,0.0,0.0,0.0,0,0
1779629254.508990,0.0,0.0,0.0,0.0,0.0,0.0,0,0
1779629254.539956,0.0,0.0,0.0,0.0,0.0,0.0,0,0
1779629254.570947,0.0,0.0,0.0,0.0,0.0,0.0,0,0
1779629254.601901,0.0,0.0,0.0,0.0,0.0,0.0,0,0
1779629254.632935,0.0,0.0,0.0,0.0,0.0,0.0,0,0
1779629254.663945,0.0,0.0,0.0,0.0,0.0,0.0,0,0
1779629254.694950,0.0,0.0,0.0,0.0,0.0,0.0,0,0
1779629254.725915,0.0,0.0,0.0,0.0,0.0,0.0,0,0
1779629254.756961,0.0,0.0,0.0,0.0,0.0,0.0,0,0
1779629254.787951,0.0,0.0,0.0,0.0,0.0,0.0,0,0
1779629254.818961,0.0,0.0,0.0,0.0,0.0,0.0,0,0
1779629254.849892,0.0,0.0,0.0,0.0,0.0,0.0,0,0
1779629254.880975,0.0,0.0,0.0,0.0,0.0,0.0,0,0
1779629254.911868,0.0,0.0,0.0,0.0,0.0,0.0,0,0
1779629254.942922,0.0,0.0,0.0,0.0,0.0,0.0,0,0
1779629254.973924,0.0,0.0,0.0,0.0,0.0,0.0,0,0
1779629255.004937,0.0,0.0,0.0,0.0,0.0,0.0,0,0
1779629255.035979,0.0,0.0,0.0,0.0,0.0,0.0,0,0
1779629255.066953,0.0,0.0,0.0,0.0,0.0,0.0,0,0
1779629255.097970,0.0,0.0,0.0,0.0,0.0,0.0,0,0
1779629255.128960,0.0,0.0,0.0,0.0,0.0,0.0,0,0
1779629255.159994,0.0,0.0,0.0,0.0,0.0,0.0,0,0
1779629255.190916,0.0,0.0,0.0,0.0,0.0,0.0,0,0
1779629255.221968,0.0,0.0,0.0,0.0,0.0,0.0,0,0
1779629255.252958,0.0,0.0,0.0,0.0,0.0,0.0,0,0
1779629255.283978,0.0,0.0,0.0,0.0,0.0,0.0,0,0
1779629255.314919,0.0,0.0,0.0,0.0,0.0,0.0,0,0
1779629255.345952,0.0,0.0,0.0,0.0,0.0,0.0,0,0
1779629255.376900,0.0,0.0,0.0,0.0,0.0,0.0,0,0
1779629255.407918,0.0,0.0,0.0,0.0,0.0,0.0,0,0
1779629255.438946,0.0,0.0,0.0,0.0,0.0,0.0,0,0
1779629255.469941,0.0,0.0,0.0,0.0,0.0,0.0,0,0
1779629255.500951,0.0,0.0,0.0,0.0,0.0,0.0,0,0
1779629255.531973,0.0,0.0,0.0,0.0,0.0,0.0,0,0
1779629255.562904,0.0,0.0,0.0,0.0,0.0,0.0,0,0
1779629255.593869,0.0,0.0,0.0,0.0,0.0,0.0,0,0
1779629255.624883,0.0,0.0,0.0,0.0,0.0,0.0,0,0
1779629255.655895,0.0,0.0,0.0,0.0,0.0,0.0,0,0
1779629255.686925,0.0,0.0,0.0,0.0,0.0,0.0,0,0
1779629255.717978,0.0,0.0,0.0,0.0,0.0,0.0,0,0
1779629255.748926,0.0,0.0,0.0,0.0,0.0,0.0,0,0
1779629255.779961,0.0,0.0,0.0,0.0,0.0,0.0,0,0
1779629255.810901,0.0,0.0,0.0,0.0,0.0,0.0,0,0
1779629255.841936,0.0,0.0,0.0,0.0,0.0,0.0,0,0
1779629255.872895,0.0,0.0,0.0,0.0,0.0,0.0,0,0
1779629255.904020,0.0,0.0,0.0,0.0,0.0,0.0,0,0
1779629255.934959,0.0,0.0,0.0,0.0,0.0,0.0,0,0
1779629255.965917,0.0,0.0,0.0,0.0,0.0,0.0,0,0
1779629255.996969,0.0,0.0,0.0,0.0,0.0,0.0,0,0
1779629256.027929,0.0,0.0,0.0,0.0,0.0,0.0,0,0
1779629256.058978,0.0,0.0,0.0,0.0,0.0,0.0,0,0
1779629256.089967,0.0,0.0,0.0,0.0,0.0,0.0,0,0
1779629256.120966,0.0,0.0,0.0,0.0,0.0,0.0,0,0
1779629256.151991,0.0,0.0,0.0,0.0,0.0,0.0,0,0
1779629256.182929,0.0,0.0,0.0,0.0,0.0,0.0,0,0
1779629256.213989,0.0,0.0,0.0,0.0,0.0,0.0,0,0
1779629256.244983,0.0,0.0,0.0,0.0,0.0,0.0,0,0
1779629256.275961,0.0,0.0,0.0,0.0,0.0,0.0,0,0
1779629256.306988,0.0,0.0,0.0,0.0,0.0,0.0,0,0
1779629256.337985,0.0,0.0,0.0,0.0,0.0,0.0,0,0
1779629256.368954,0.0,0.0,0.0,0.0,0.0,0.0,0,0
1779629256.399960,0.0,0.0,0.0,0.0,0.0,0.0,0,0
1779629256.430939,0.0,0.0,0.0,0.0,0.0,0.0,0,0
1779629256.461926,0.0,0.0,0.0,0.0,0.0,0.0,0,0
1779629256.492946,0.0,0.0,0.0,0.0,0.0,0.0,0,0
1779629256.523955,0.0,0.0,0.0,0.0,0.0,0.0,0,0
1779629256.554930,0.0,0.0,0.0,0.0,0.0,0.0,0,0
1779629256.585925,0.0,0.0,0.0,0.0,0.0,0.0,0,0
1779629256.616912,0.0,0.0,0.0,0.0,0.0,0.0,0,0
1779629256.647946,0.0,0.0,0.0,0.0,0.0,0.0,0,0
1779629256.678940,0.0,0.0,0.0,0.0,0.0,0.0,0,0
1779629256.709996,0.0,0.0,0.0,0.0,0.0,0.0,0,0
1779629256.740950,0.0,0.0,0.0,0.0,0.0,0.0,0,0
1779629256.772010,0.0,0.0,0.0,0.0,0.0,0.0,0,0
1779629256.802931,0.0,0.0,0.0,0.0,0.0,0.0,0,0
1779629256.833931,0.0,0.0,0.0,0.0,0.0,0.0,0,0
1779629256.864970,0.0,0.0,0.0,0.0,0.0,0.0,0,0
1779629256.895962,0.0,0.0,0.0,0.0,0.0,0.0,0,0
1779629256.926950,0.0,0.0,0.0,0.0,0.0,0.0,0,0
1779629256.957940,0.0,0.0,0.0,0.0,0.0,0.0,0,0
1779629256.988957,0.0,0.0,0.0,0.0,0.0,0.0,0,0
1779629257.019958,0.0,0.0,0.0,0.0,0.0,0.0,0,0
1779629257.050936,0.0,0.0,0.0,0.0,0.0,0.0,0,0
1779629257.081882,0.0,0.0,0.0,0.0,0.0,0.0,0,0
1779629257.112906,0.0,0.0,0.0,0.0,0.0,0.0,0,0
1779629257.143891,0.0,0.0,0.0,0.0,0.0,0.0,0,0
1779629257.174900,0.0,0.0,0.0,0.0,0.0,0.0,0,0
1779629257.205965,0.0,0.0,0.0,0.0,0.0,0.0,0,0
1779629257.236942,0.0,0.0,0.0,0.0,0.0,0.0,0,0
1779629257.267936,0.0,0.0,0.0,0.0,0.0,0.0,0,0
1779629257.298950,0.0,0.0,0.0,0.0,0.0,0.0,0,0
1779629257.329922,0.0,0.0,0.0,0.0,0.0,0.0,0,0
1779629257.360995,0.0,0.0,0.0,0.0,0.0,0.0,0,0
1779629257.391948,0.0,0.0,0.0,0.0,0.0,0.0,0,0
1779629257.422962,0.0,0.0,0.0,0.0,0.0,0.0,0,0
1779629257.453923,0.0,0.0,0.0,0.0,0.0,0.0,0,0
1779629257.484956,0.0,0.0,0.0,0.0,0.0,0.0,0,0
1779629257.515911,0.0,0.0,0.0,0.0,0.0,0.0,0,0
1779629257.546915,0.0,0.0,0.0,0.0,0.0,0.0,0,0
1779629257.577964,0.0,0.0,0.0,0.0,0.0,0.0,0,0
1779629257.608940,0.0,0.0,0.0,0.0,0.0,0.0,0,0
1779629257.639944,0.0,0.0,0.0,0.0,0.0,0.0,0,0
1779629257.670923,0.0,0.0,0.0,0.0,0.0,0.0,0,0
1779629257.701944,0.0,0.0,0.0,0.0,0.0,0.0,0,0
1779629257.732914,0.0,0.0,0.0,0.0,0.0,0.0,0,0
1779629257.763976,0.0,0.0,0.0,0.0,0.0,0.0,0,0
1779629257.794987,0.0,0.0,0.0,0.0,0.0,0.0,0,0
1779629257.826000,0.0,0.0,0.0,0.0,0.0,0.0,0,0
1779629257.856887,0.0,0.0,0.0,0.0,0.0,0.0,0,0
1779629257.887927,0.0,0.0,0.0,0.0,0.0,0.0,0,0
1779629257.918921,0.0,0.0,0.0,0.0,0.0,0.0,0,0
1779629257.949919,0.0,0.0,0.0,0.0,0.0,0.0,0,0
1779629257.980895,0.0,0.0,0.0,0.0,0.0,0.0,0,0
1779629258.011943,0.0,0.0,0.0,0.0,0.0,0.0,0,0
1779629258.042914,0.0,0.0,0.0,0.0,0.0,0.0,0,0
1779629258.073966,0.0,0.0,0.0,0.0,0.0,0.0,0,0
1779629258.105003,0.0,0.0,0.0,0.0,0.0,0.0,0,0
1779629258.135977,0.0,0.0,0.0,0.0,0.0,0.0,0,0
1779629258.167003,0.0,0.0,0.0,0.0,0.0,0.0,0,0
1779629258.197955,0.0,0.0,0.0,0.0,0.0,0.0,0,0
1779629258.228969,0.0,0.0,0.0,0.0,0.0,0.0,0,0
1779629258.259924,0.0,0.0,0.0,0.0,0.0,0.0,0,0
1779629258.290932,0.0,0.0,0.0,0.0,0.0,0.0,0,0
1779629258.321943,0.0,0.0,0.0,0.0,0.0,0.0,0,0
1779629258.352946,0.0,0.0,0.0,0.0,0.0,0.0,0,0
1779629258.383921,0.0,0.0,0.0,0.0,0.0,0.0,0,0
1779629258.414943,0.0,0.0,0.0,0.0,0.0,0.0,0,0
1779629258.445944,0.0,0.0,0.0,0.0,0.0,0.0,0,0
1779629258.476953,0.0,0.0,0.0,0.0,0.0,0.0,0,0
1779629258.507880,0.0,0.0,0.0,0.0,0.0,0.0,0,0
1779629258.538967,0.0,0.0,0.0,0.0,0.0,0.0,0,0
1779629258.569890,0.0,0.0,0.0,0.0,0.0,0.0,0,0
1779629258.600934,0.0,0.0,0.0,0.0,0.0,0.0,0,0
1779629258.631902,0.0,0.0,0.0,0.0,0.0,0.0,0,0
1779629258.663003,0.0,0.0,0.0,0.0,0.0,0.0,0,0
1779629258.693970,0.0,0.0,0.0,0.0,0.0,0.0,0,0
1779629258.724910,0.0,0.0,0.0,0.0,0.0,0.0,0,0
1779629258.755965,0.0,0.0,0.0,0.0,0.0,0.0,0,0
1779629258.786933,0.0,0.0,0.0,0.0,0.0,0.0,0,0
1779629258.817909,0.0,0.0,0.0,0.0,0.0,0.0,0,0
1779629258.848955,0.0,0.0,0.0,0.0,0.0,0.0,0,0
1779629258.879933,0.0,0.0,0.0,0.0,0.0,0.0,0,0
1779629258.910931,0.0,0.0,0.0,0.0,0.0,0.0,0,0
1779629258.941984,0.0,0.0,0.0,0.0,0.0,0.0,0,0
1779629258.972873,0.0,0.0,0.0,0.0,0.0,0.0,0,0
1779629259.004000,0.0,0.0,0.0,0.0,0.0,0.0,0,0
1779629259.034960,0.0,0.0,0.0,0.0,0.0,0.0,0,0
1779629259.065948,0.0,0.0,0.0,0.0,0.0,0.0,0,0
1779629259.096932,0.0,0.0,0.0,0.0,0.0,0.0,0,0
1779629259.127993,0.0,0.0,0.0,0.0,0.0,0.0,0,0
1779629259.158975,0.0,0.0,0.0,0.0,0.0,0.0,0,0
1779629259.189948,0.0,0.0,0.0,0.0,0.0,0.0,0,0
1779629259.220995,0.0,0.0,0.0,0.0,0.0,0.0,0,0
1779629259.251904,0.0,0.0,0.0,0.0,0.0,0.0,0,0
1779629259.282916,0.0,0.0,0.0,0.0,0.0,0.0,0,0
1779629259.313931,0.0,0.0,0.0,0.0,0.0,0.0,0,0
1779629259.344912,0.0,0.0,0.0,0.0,0.0,0.0,0,0
1779629259.375986,0.0,0.0,0.0,0.0,0.0,0.0,0,0
1779629259.406960,0.0,0.0,0.0,0.0,0.0,0.0,0,0
1779629259.437935,0.0,0.0,0.0,0.0,0.0,0.0,0,0
1779629259.468931,0.0,0.0,0.0,0.0,0.0,0.0,0,0
1779629259.499876,0.0,0.0,0.0,0.0,0.0,0.0,0,0
1779629259.530928,0.0,0.0,0.0,0.0,0.0,0.0,0,0
1779629259.561901,0.0,0.0,0.0,0.0,0.0,0.0,0,0
1779629259.592962,0.0,0.0,0.0,0.0,0.0,0.0,0,0
1779629259.623972,0.0,0.0,0.0,0.0,0.0,0.0,0,0
1779629259.654967,0.0,0.0,0.0,0.0,0.0,0.0,0,0
1779629259.685970,0.0,0.0,0.0,0.0,0.0,0.0,0,0
1779629259.716938,0.0,0.0,0.0,0.0,0.0,0.0,0,0
1779629259.747901,0.0,0.0,0.0,0.0,0.0,0.0,0,0
1779629259.778941,0.0,0.0,0.0,0.0,0.0,0.0,0,0
1779629259.809898,0.0,0.0,0.0,0.0,0.0,0.0,0,0
1779629259.840914,0.0,0.0,0.0,0.0,0.0,0.0,0,0
1779629259.871926,0.0,0.0,0.0,0.0,0.0,0.0,0,0
1779629259.902939,0.0,0.0,0.0,0.0,0.0,0.0,0,0
1779629259.933943,0.0,0.0,0.0,0.0,0.0,0.0,0,0
1779629259.964977,0.0,0.0,0.0,0.0,0.0,0.0,0,0
1779629259.996004,0.0,0.0,0.0,0.0,0.0,0.0,0,0
1779629260.027005,0.0,0.0,0.0,0.0,0.0,0.0,0,0
1779629260.057938,0.0,0.0,0.0,0.0,0.0,0.0,0,0
1779629260.088934,0.0,0.0,0.0,0.0,0.0,0.0,0,0
1779629260.119995,0.0,0.0,0.0,0.0,0.0,0.0,0,0
1779629260.151030,0.0,0.0,0.0,0.0,0.0,0.0,0,0
1779629260.181975,0.0,0.0,0.0,0.0,0.0,0.0,0,0
1779629260.212994,0.0,0.0,0.0,0.0,0.0,0.0,0,0
1779629260.243991,0.0,0.0,0.0,0.0,0.0,0.0,0,0
1779629260.274926,0.0,0.0,0.0,0.0,0.0,0.0,0,0
1779629260.305987,0.0,0.0,0.0,0.0,0.0,0.0,0,0
1779629260.336957,0.0,0.0,0.0,0.0,0.0,0.0,0,0
1779629260.367949,0.0,0.0,0.0,0.0,0.0,0.0,0,0
1779629260.398922,0.0,0.0,0.0,0.0,0.0,0.0,0,0
1779629260.429969,0.0,0.0,0.0,0.0,0.0,0.0,0,0
1779629260.460953,0.0,0.0,0.0,0.0,0.0,0.0,0,0
1779629260.491967,0.0,0.0,0.0,0.0,0.0,0.0,0,0
1779629260.522969,0.0,0.0,0.0,0.0,0.0,0.0,0,0
1779629260.553917,0.0,0.0,0.0,0.0,0.0,0.0,0,0
1779629260.584887,0.0,0.0,0.0,0.0,0.0,0.0,0,0
1779629260.615885,0.0,0.0,0.0,0.0,0.0,0.0,0,0
1779629260.646992,0.0,0.0,0.0,0.0,0.0,0.0,0,0
1779629260.677956,0.0,0.0,0.0,0.0,0.0,0.0,0,0
1779629260.708953,0.0,0.0,0.0,0.0,0.0,0.0,0,0
1779629260.739942,0.0,0.0,0.0,0.0,0.0,0.0,0,0
1779629260.770889,0.0,0.0,0.0,0.0,0.0,0.0,0,0
1779629260.802006,0.0,0.0,0.0,0.0,0.0,0.0,0,0
1779629260.832921,0.0,0.0,0.0,0.0,0.0,0.0,0,0
1779629260.863929,0.0,0.0,0.0,0.0,0.0,0.0,0,0
1779629260.895009,0.0,0.0,0.0,0.0,0.0,0.0,0,0
1779629260.925972,0.0,0.0,0.0,0.0,0.0,0.0,0,0
1779629260.956929,0.0,0.0,0.0,0.0,0.0,0.0,0,0
1779629260.987915,0.0,0.0,0.0,0.0,0.0,0.0,0,0
1779629261.018932,0.0,0.0,0.0,0.0,0.0,0.0,0,0
1779629261.049949,0.0,0.0,0.0,0.0,0.0,0.0,0,0
1779629261.080903,0.0,0.0,0.0,0.0,0.0,0.0,0,0
1779629261.111910,0.0,0.0,0.0,0.0,0.0,0.0,0,0
1779629261.142930,0.0,0.0,0.0,0.0,0.0,0.0,0,0
1779629261.173989,0.0,0.0,0.0,0.0,0.0,0.0,0,0
1779629261.204998,0.0,0.0,0.0,0.0,0.0,0.0,0,0
1779629261.235997,0.0,0.0,0.0,0.0,0.0,0.0,0,0
1779629261.266951,0.0,0.0,0.0,0.0,0.0,0.0,0,0
1779629261.297905,0.0,0.0,0.0,0.0,0.0,0.0,0,0
1779629261.328948,0.0,0.0,0.0,0.0,0.0,0.0,0,0
1779629261.359977,0.0,0.0,0.0,0.0,0.0,0.0,0,0
1779629261.390959,0.0,0.0,0.0,0.0,0.0,0.0,0,0
1779629261.422008,0.0,0.0,0.0,0.0,0.0,0.0,0,0
1779629261.452911,0.0,0.0,0.0,0.0,0.0,0.0,0,0
1779629261.483915,0.0,0.0,0.0,0.0,0.0,0.0,0,0
1779629261.514971,0.0,0.0,0.0,0.0,0.0,0.0,0,0
1779629261.545931,0.0,0.0,0.0,0.0,0.0,0.0,0,0
1779629261.576945,0.0,0.0,0.0,0.0,0.0,0.0,0,0
1779629261.607960,0.0,0.0,0.0,0.0,0.0,0.0,0,0
1779629261.638968,0.0,0.0,0.0,0.0,0.0,0.0,0,0
1779629261.669984,0.0,0.0,0.0,0.0,0.0,0.0,0,0
1779629261.700969,0.0,0.0,0.0,0.0,0.0,0.0,0,0
1779629261.731916,0.0,0.0,0.0,0.0,0.0,0.0,0,0
1779629261.762979,0.0,0.0,0.0,0.0,0.0,0.0,0,0
1779629261.793995,0.0,0.0,0.0,0.0,0.0,0.0,0,0
1779629261.824960,0.0,0.0,0.0,0.0,0.0,0.0,0,0
1779629261.855974,0.0,0.0,0.0,0.0,0.0,0.0,0,0
1779629261.886954,0.0,0.0,0.0,0.0,0.0,0.0,0,0
1779629261.917950,0.0,0.0,0.0,0.0,0.0,0.0,0,0
1779629261.948958,0.0,0.0,0.0,0.0,0.0,0.0,0,0
1779629261.979969,0.0,0.0,0.0,0.0,0.0,0.0,0,0
1779629262.010952,0.0,0.0,0.0,0.0,0.0,0.0,0,0
1779629262.041958,0.0,0.0,0.0,0.0,0.0,0.0,0,0
1779629262.072965,0.0,0.0,0.0,0.0,0.0,0.0,0,0
1779629262.103993,0.0,0.0,0.0,0.0,0.0,0.0,0,0
1779629262.134930,0.0,0.0,0.0,0.0,0.0,0.0,0,0
1779629262.165923,0.0,0.0,0.0,0.0,0.0,0.0,0,0
1779629262.196955,0.0,0.0,0.0,0.0,0.0,0.0,0,0
1779629262.227938,0.0,0.0,0.0,0.0,0.0,0.0,0,0
1779629262.258971,0.0,0.0,0.0,0.0,0.0,0.0,0,0
1779629262.289979,0.0,0.0,0.0,0.0,0.0,0.0,0,0
1779629262.320939,0.0,0.0,0.0,0.0,0.0,0.0,0,0
1779629262.351937,0.0,0.0,0.0,0.0,0.0,0.0,0,0
1779629262.382910,0.0,0.0,0.0,0.0,0.0,0.0,0,0
1779629262.413955,0.0,0.0,0.0,0.0,0.0,0.0,0,0
1779629262.444955,0.0,0.0,0.0,0.0,0.0,0.0,0,0
1779629262.475934,0.0,0.0,0.0,0.0,0.0,0.0,0,0
1779629262.506972,0.0,0.0,0.0,0.0,0.0,0.0,0,0
1779629262.537904,0.0,0.0,0.0,0.0,0.0,0.0,0,0
1779629262.568938,0.0,0.0,0.0,0.0,0.0,0.0,0,0
1779629262.599957,0.0,0.0,0.0,0.0,0.0,0.0,0,0
1779629262.630997,0.0,0.0,0.0,0.0,0.0,0.0,0,0
1779629262.661956,0.0,0.0,0.0,0.0,0.0,0.0,0,0
1779629262.692926,0.0,0.0,0.0,0.0,0.0,0.0,0,0
1779629262.723974,0.0,0.0,0.0,0.0,0.0,0.0,0,0
1779629262.754887,0.0,0.0,0.0,0.0,0.0,0.0,0,0
1779629262.785942,0.0,0.0,0.0,0.0,0.0,0.0,0,0
1779629262.816946,0.0,0.0,0.0,0.0,0.0,0.0,0,0
1779629262.847929,0.0,0.0,0.0,0.0,0.0,0.0,0,0
1779629262.879002,0.0,0.0,0.0,0.0,0.0,0.0,0,0
1779629262.909912,0.0,0.0,0.0,0.0,0.0,0.0,0,0
1779629262.940941,0.0,0.0,0.0,0.0,0.0,0.0,0,0
1779629262.971944,0.0,0.0,0.0,0.0,0.0,0.0,0,0
1779629263.002948,0.0,0.0,0.0,0.0,0.0,0.0,0,0
1779629263.034003,0.0,0.0,0.0,0.0,0.0,0.0,0,0
1779629263.064925,0.0,0.0,0.0,0.0,0.0,0.0,0,0
1779629263.095891,0.0,0.0,0.0,0.0,0.0,0.0,0,0
1779629263.126905,0.0,0.0,0.0,0.0,0.0,0.0,0,0
1779629263.157973,0.0,0.0,0.0,0.0,0.0,0.0,0,0
1779629263.188980,0.0,0.0,0.0,0.0,0.0,0.0,0,0
1779629263.219987,0.0,0.0,0.0,0.0,0.0,0.0,0,0
1779629263.250984,0.0,0.0,0.0,0.0,0.0,0.0,0,0
1779629263.281909,0.0,0.0,0.0,0.0,0.0,0.0,0,0
1779629263.312982,0.0,0.0,0.0,0.0,0.0,0.0,0,0
1779629263.344030,0.0,0.0,0.0,0.0,0.0,0.0,0,0
1779629263.375015,0.0,0.0,0.0,0.0,0.0,0.0,0,0
1779629263.405951,0.0,0.0,0.0,0.0,0.0,0.0,0,0
1779629263.436919,0.0,0.0,0.0,0.0,0.0,0.0,0,0
1779629263.467932,0.0,0.0,0.0,0.0,0.0,0.0,0,0
1779629263.498945,0.0,0.0,0.0,0.0,0.0,0.0,0,0
1779629263.529935,0.0,0.0,0.0,0.0,0.0,0.0,0,0
1779629263.560936,0.0,0.0,0.0,0.0,0.0,0.0,0,0
1779629263.591959,0.0,0.0,0.0,0.0,0.0,0.0,0,0
1779629263.622975,0.0,0.0,0.0,0.0,0.0,0.0,0,0
1779629263.653996,0.0,0.0,0.0,0.0,0.0,0.0,0,0
1779629263.684975,0.0,0.0,0.0,0.0,0.0,0.0,0,0
1779629263.715970,0.0,0.0,0.0,0.0,0.0,0.0,0,0
1779629263.746965,0.0,0.0,0.0,0.0,0.0,0.0,0,0
1779629263.777940,0.0,0.0,0.0,0.0,0.0,0.0,0,0
1779629263.808974,0.0,0.0,0.0,0.0,0.0,0.0,0,0
1779629263.839974,0.0,0.0,0.0,0.0,0.0,0.0,0,0
1779629263.870984,0.0,0.0,0.0,0.0,0.0,0.0,0,0
1779629263.901942,0.0,0.0,0.0,0.0,0.0,0.0,0,0
1779629263.932938,0.0,0.0,0.0,0.0,0.0,0.0,0,0
1779629263.963969,0.0,0.0,0.0,0.0,0.0,0.0,0,0
1779629263.994976,0.0,0.0,0.0,0.0,0.0,0.0,0,0
1779629264.025957,0.0,0.0,0.0,0.0,0.0,0.0,0,0
1779629264.057006,0.0,0.0,0.0,0.0,0.0,0.0,0,0
1779629264.087967,0.0,0.0,0.0,0.0,0.0,0.0,0,0
1779629264.118913,0.0,0.0,0.0,0.0,0.0,0.0,0,0
1779629264.149965,0.0,0.0,0.0,0.0,0.0,0.0,0,0
1779629264.180949,0.0,0.0,0.0,0.0,0.0,0.0,0,0
1779629264.211932,0.0,0.0,0.0,0.0,0.0,0.0,0,0
1779629264.242900,0.0,0.0,0.0,0.0,0.0,0.0,0,0
1779629264.273981,0.0,0.0,0.0,0.0,0.0,0.0,0,0
1779629264.304933,0.0,0.0,0.0,0.0,0.0,0.0,0,0
1779629264.335910,0.0,0.0,0.0,0.0,0.0,0.0,0,0
1779629264.366905,0.0,0.0,0.0,0.0,0.0,0.0,0,0
1779629264.397913,0.0,0.0,0.0,0.0,0.0,0.0,0,0
1779629264.428920,0.0,0.0,0.0,0.0,0.0,0.0,0,0
1779629264.459889,0.0,0.0,0.0,0.0,0.0,0.0,0,0
1779629264.490954,0.0,0.0,0.0,0.0,0.0,0.0,0,0
1779629264.521936,0.0,0.0,0.0,0.0,0.0,0.0,0,0
1779629264.552982,0.0,0.0,0.0,0.0,0.0,0.0,0,0
1779629264.583987,0.0,0.0,0.0,0.0,0.0,0.0,0,0
1779629264.614910,0.0,0.0,0.0,0.0,0.0,0.0,0,0
1779629264.645958,0.0,0.0,0.0,0.0,0.0,0.0,0,0
1779629264.676975,0.0,0.0,0.0,0.0,0.0,0.0,0,0
1779629264.707956,0.0,0.0,0.0,0.0,0.0,0.0,0,0
1779629264.738997,0.0,0.0,0.0,0.0,0.0,0.0,0,0
1779629264.770007,0.0,0.0,0.0,0.0,0.0,0.0,0,0
1779629264.800926,0.0,0.0,0.0,0.0,0.0,0.0,0,0
1779629264.831944,0.0,0.0,0.0,0.0,0.0,0.0,0,0
1779629264.862971,0.0,0.0,0.0,0.0,0.0,0.0,0,0
1779629264.893981,0.0,0.0,0.0,0.0,0.0,0.0,0,0
1779629264.924955,0.0,0.0,0.0,0.0,0.0,0.0,0,0
1779629264.955931,0.0,0.0,0.0,0.0,0.0,0.0,0,0
1779629264.986926,0.0,0.0,0.0,0.0,0.0,0.0,0,0
1779629265.017949,0.0,0.0,0.0,0.0,0.0,0.0,0,0
1779629265.048983,0.0,0.0,0.0,0.0,0.0,0.0,0,0
1779629265.079921,0.0,0.0,0.0,0.0,0.0,0.0,0,0
1779629265.110947,0.0,0.0,0.0,0.0,0.0,0.0,0,0
1779629265.141968,0.0,0.0,0.0,0.0,0.0,0.0,0,0
1779629265.172920,0.0,0.0,0.0,0.0,0.0,0.0,0,0
1779629265.203905,0.0,0.0,0.0,0.0,0.0,0.0,0,0
1779629265.234881,0.0,0.0,0.0,0.0,0.0,0.0,0,0
1779629265.265881,0.0,0.0,0.0,0.0,0.0,0.0,0,0
1779629265.296969,0.0,0.0,0.0,0.0,0.0,0.0,0,0
1779629265.327913,0.0,0.0,0.0,0.0,0.0,0.0,0,0
1779629265.358951,0.0,0.0,0.0,0.0,0.0,0.0,0,0
1779629265.389972,0.0,0.0,0.0,0.0,0.0,0.0,0,0
1779629265.421007,0.0,0.0,0.0,0.0,0.0,0.0,0,0
1779629265.451964,0.0,0.0,0.0,0.0,0.0,0.0,0,0
1779629265.482979,0.0,0.0,0.0,0.0,0.0,0.0,0,0
1779629265.513970,0.0,0.0,0.0,0.0,0.0,0.0,0,0
1779629265.544968,0.0,0.0,0.0,0.0,0.0,0.0,0,0
1779629265.575990,0.0,0.0,0.0,0.0,0.0,0.0,0,0
1779629265.606977,0.0,0.0,0.0,0.0,0.0,0.0,0,0
1779629265.637966,0.0,0.0,0.0,0.0,0.0,0.0,0,0
1779629265.668977,0.0,0.0,0.0,0.0,0.0,0.0,0,0
1779629265.699937,0.0,0.0,0.0,0.0,0.0,0.0,0,0
1779629265.730935,0.0,0.0,0.0,0.0,0.0,0.0,0,0
1779629265.761957,0.0,0.0,0.0,0.0,0.0,0.0,0,0
1779629265.793002,0.0,0.0,0.0,0.0,0.0,0.0,0,0
1779629265.823957,0.0,0.0,0.0,0.0,0.0,0.0,0,0
1779629265.854961,0.0,0.0,0.0,0.0,0.0,0.0,0,0
1779629265.885924,0.0,0.0,0.0,0.0,0.0,0.0,0,0
1779629265.916907,0.0,0.0,0.0,0.0,0.0,0.0,0,0
1779629265.947930,0.0,0.0,0.0,0.0,0.0,0.0,0,0
1779629265.978927,0.0,0.0,0.0,0.0,0.0,0.0,0,0
1779629266.009923,0.0,0.0,0.0,0.0,0.0,0.0,0,0
1779629266.041001,0.0,0.0,0.0,0.0,0.0,0.0,0,0
1779629266.071952,0.0,0.0,0.0,0.0,0.0,0.0,0,0
1779629266.102957,0.0,0.0,0.0,0.0,0.0,0.0,0,0
1779629266.133939,0.0,0.0,0.0,0.0,0.0,0.0,0,0
1779629266.164999,0.0,0.0,0.0,0.0,0.0,0.0,0,0
1779629266.195973,0.0,0.0,0.0,0.0,0.0,0.0,0,0
1779629266.227019,0.0,0.0,0.0,0.0,0.0,0.0,0,0
1779629266.257962,0.0,0.0,0.0,0.0,0.0,0.0,0,0
1779629266.288979,0.0,0.0,0.0,0.0,0.0,0.0,0,0
1779629266.319927,0.0,0.0,0.0,0.0,0.0,0.0,0,0
1779629266.350911,0.0,0.0,0.0,0.0,0.0,0.0,0,0
1779629266.381956,0.0,0.0,0.0,0.0,0.0,0.0,0,0
1779629266.412918,0.0,0.0,0.0,0.0,0.0,0.0,0,0
1779629266.443985,0.0,0.0,0.0,0.0,0.0,0.0,0,0
1779629266.474957,0.0,0.0,0.0,0.0,0.0,0.0,0,0
1779629266.505981,0.0,0.0,0.0,0.0,0.0,0.0,0,0
1779629266.536917,0.0,0.0,0.0,0.0,0.0,0.0,0,0
1779629266.568012,0.0,0.0,0.0,0.0,0.0,0.0,0,0
1779629266.598952,0.0,0.0,0.0,0.0,0.0,0.0,0,0
1779629266.629971,0.0,0.0,0.0,0.0,0.0,0.0,0,0
1779629266.660969,0.0,0.0,0.0,0.0,0.0,0.0,0,0
1779629266.691937,0.0,0.0,0.0,0.0,0.0,0.0,0,0
1779629266.722987,0.0,0.0,0.0,0.0,0.0,0.0,0,0
1779629266.753967,0.0,0.0,0.0,0.0,0.0,0.0,0,0
1779629266.784928,0.0,0.0,0.0,0.0,0.0,0.0,0,0
1779629266.815936,0.0,0.0,0.0,0.0,0.0,0.0,0,0
1779629266.846927,0.0,0.0,0.0,0.0,0.0,0.0,0,0
1779629266.877953,0.0,0.0,0.0,0.0,0.0,0.0,0,0
1779629266.908924,0.0,0.0,0.0,0.0,0.0,0.0,0,0
1779629266.939915,0.0,0.0,0.0,0.0,0.0,0.0,0,0
1779629266.970997,0.0,0.0,0.0,0.0,0.0,0.0,0,0
1779629267.001923,0.0,0.0,0.0,0.0,0.0,0.0,0,0
1779629267.032921,0.0,0.0,0.0,0.0,0.0,0.0,0,0
1779629267.064007,0.0,0.0,0.0,0.0,0.0,0.0,0,0
1779629267.094901,0.0,0.0,0.0,0.0,0.0,0.0,0,0
1779629267.125926,0.0,0.0,0.0,0.0,0.0,0.0,0,0
1779629267.157022,0.0,0.0,0.0,0.0,0.0,0.0,0,0
1779629267.187983,0.0,0.0,0.0,0.0,0.0,0.0,0,0
1779629267.218934,0.0,0.0,0.0,0.0,0.0,0.0,0,0
1779629267.249975,0.0,0.0,0.0,0.0,0.0,0.0,0,0
1779629267.280990,0.0,0.0,0.0,0.0,0.0,0.0,0,0
1779629267.311984,0.0,0.0,0.0,0.0,0.0,0.0,0,0
1779629267.342935,0.0,0.0,0.0,0.0,0.0,0.0,0,0
1779629267.373948,0.0,0.0,0.0,0.0,0.0,0.0,0,0
1779629267.404989,0.0,0.0,0.0,0.0,0.0,0.0,0,0
1779629267.435910,0.0,0.0,0.0,0.0,0.0,0.0,0,0
1779629267.466943,0.0,0.0,0.0,0.0,0.0,0.0,0,0
1779629267.497977,0.0,0.0,0.0,0.0,0.0,0.0,0,0
1779629267.528974,0.0,0.0,0.0,0.0,0.0,0.0,0,0
1779629267.559961,0.0,0.0,0.0,0.0,0.0,0.0,0,0
1779629267.590971,0.0,0.0,0.0,0.0,0.0,0.0,0,0
1779629267.621966,0.0,0.0,0.0,0.0,0.0,0.0,0,0
1779629267.652961,0.0,0.0,0.0,0.0,0.0,0.0,0,0
1779629267.683913,0.0,0.0,0.0,0.0,0.0,0.0,0,0
1779629267.714908,0.0,0.0,0.0,0.0,0.0,0.0,0,0
1779629267.746005,0.0,0.0,0.0,0.0,0.0,0.0,0,0
1779629267.776925,0.0,0.0,0.0,0.0,0.0,0.0,0,0
1779629267.808013,0.0,0.0,0.0,0.0,0.0,0.0,0,0
1779629267.838894,0.0,0.0,0.0,0.0,0.0,0.0,0,0
1779629267.869947,0.0,0.0,0.0,0.0,0.0,0.0,0,0
1779629267.900943,0.0,0.0,0.0,0.0,0.0,0.0,0,0
1779629267.931910,0.0,0.0,0.0,0.0,0.0,0.0,0,0
1779629267.963002,0.0,0.0,0.0,0.0,0.0,0.0,0,0
1779629267.994019,0.0,0.0,0.0,0.0,0.0,0.0,0,0
1779629268.024940,0.0,0.0,0.0,0.0,0.0,0.0,0,0
1779629268.055985,0.0,0.0,0.0,0.0,0.0,0.0,0,0
1779629268.086970,0.0,0.0,0.0,0.0,0.0,0.0,0,0
1779629268.117972,0.0,0.0,0.0,0.0,0.0,0.0,0,0
1779629268.148979,0.0,0.0,0.0,0.0,0.0,0.0,0,0
1779629268.179969,0.0,0.0,0.0,0.0,0.0,0.0,0,0
1779629268.210982,0.0,0.0,0.0,0.0,0.0,0.0,0,0
1779629268.241958,0.0,0.0,0.0,0.0,0.0,0.0,0,0
1779629268.272938,0.0,0.0,0.0,0.0,0.0,0.0,0,0
1779629268.303988,0.0,0.0,0.0,0.0,0.0,0.0,0,0
1779629268.334924,0.0,0.0,0.0,0.0,0.0,0.0,0,0
1779629268.365964,0.0,0.0,0.0,0.0,0.0,0.0,0,0
1779629268.396910,0.0,0.0,0.0,0.0,0.0,0.0,0,0
1779629268.427910,0.0,0.0,0.0,0.0,0.0,0.0,0,0
1779629268.458948,0.0,0.0,0.0,0.0,0.0,0.0,0,0
1779629268.489897,0.0,0.0,0.0,0.0,0.0,0.0,0,0
1779629268.520930,0.0,0.0,0.0,0.0,0.0,0.0,0,0
1779629268.552001,0.0,0.0,0.0,0.0,0.0,0.0,0,0
1779629268.583002,0.0,0.0,0.0,0.0,0.0,0.0,0,0
1779629268.613984,0.0,0.0,0.0,0.0,0.0,0.0,0,0
1779629268.644937,0.0,0.0,0.0,0.0,0.0,0.0,0,0
1779629268.675965,0.0,0.0,0.0,0.0,0.0,0.0,0,0
1779629268.706962,0.0,0.0,0.0,0.0,0.0,0.0,0,0
1779629268.737982,0.0,0.0,0.0,0.0,0.0,0.0,0,0
1779629268.768964,0.0,0.0,0.0,0.0,0.0,0.0,0,0
1779629268.799960,0.0,0.0,0.0,0.0,0.0,0.0,0,0
1779629268.830935,0.0,0.0,0.0,0.0,0.0,0.0,0,0
1779629268.862005,0.0,0.0,0.0,0.0,0.0,0.0,0,0
1779629268.892952,0.0,0.0,0.0,0.0,0.0,0.0,0,0
1779629268.924003,0.0,0.0,0.0,0.0,0.0,0.0,0,0
1779629268.954959,0.0,0.0,0.0,0.0,0.0,0.0,0,0
1779629268.985957,0.0,0.0,0.0,0.0,0.0,0.0,0,0
1779629269.016968,0.0,0.0,0.0,0.0,0.0,0.0,0,0
1779629269.047936,0.0,0.0,0.0,0.0,0.0,0.0,0,0
1779629269.078996,0.0,0.0,0.0,0.0,0.0,0.0,0,0
1779629269.109936,0.0,0.0,0.0,0.0,0.0,0.0,0,0
1779629269.140895,0.0,0.0,0.0,0.0,0.0,0.0,0,0
1779629269.171964,0.0,0.0,0.0,0.0,0.0,0.0,0,0
1779629269.202936,0.0,0.0,0.0,0.0,0.0,0.0,0,0
1779629269.233903,0.0,0.0,0.0,0.0,0.0,0.0,0,0
1779629269.264938,0.0,0.0,0.0,0.0,0.0,0.0,0,0
1779629269.295964,0.0,0.0,0.0,0.0,0.0,0.0,0,0
1779629269.326940,0.0,0.0,0.0,0.0,0.0,0.0,0,0
1779629269.357967,0.0,0.0,0.0,0.0,0.0,0.0,0,0
1779629269.388959,0.0,0.0,0.0,0.0,0.0,0.0,0,0
1779629269.419981,0.0,0.0,0.0,0.0,0.0,0.0,0,0
1779629269.450969,0.0,0.0,0.0,0.0,0.0,0.0,0,0
1779629269.481979,0.0,0.0,0.0,0.0,0.0,0.0,0,0
1779629269.512955,0.0,0.0,0.0,0.0,0.0,0.0,0,0
1779629269.543975,0.0,0.0,0.0,0.0,0.0,0.0,0,0
1779629269.574980,0.0,0.0,0.0,0.0,0.0,0.0,0,0
1779629269.605957,0.0,0.0,0.0,0.0,0.0,0.0,0,0
1779629269.636933,0.0,0.0,0.0,0.0,0.0,0.0,0,0
1779629269.667946,0.0,0.0,0.0,0.0,0.0,0.0,0,0
1779629269.698928,0.0,0.0,0.0,0.0,0.0,0.0,0,0
1779629269.729995,0.0,0.0,0.0,0.0,0.0,0.0,0,0
1779629269.760934,0.0,0.0,0.0,0.0,0.0,0.0,0,0
1779629269.791976,0.0,0.0,0.0,0.0,0.0,0.0,0,0
1779629269.822899,0.0,0.0,0.0,0.0,0.0,0.0,0,0
1779629269.853974,0.0,0.0,0.0,0.0,0.0,0.0,0,0
1779629269.885000,0.0,0.0,0.0,0.0,0.0,0.0,0,0
1779629269.915971,0.0,0.0,0.0,0.0,0.0,0.0,0,0
1779629269.946963,0.0,0.0,0.0,0.0,0.0,0.0,0,0
1779629269.977944,0.0,0.0,0.0,0.0,0.0,0.0,0,0
1779629270.008928,0.0,0.0,0.0,0.0,0.0,0.0,0,0
1779629270.040000,0.0,0.0,0.0,0.0,0.0,0.0,0,0
1779629270.070983,0.0,0.0,0.0,0.0,0.0,0.0,0,0
1779629270.101904,0.0,0.0,0.0,0.0,0.0,0.0,0,0
1779629270.132917,0.0,0.0,0.0,0.0,0.0,0.0,0,0
1779629270.163941,0.0,0.0,0.0,0.0,0.0,0.0,0,0
1779629270.194948,0.0,0.0,0.0,0.0,0.0,0.0,0,0
1779629270.225985,0.0,0.0,0.0,0.0,0.0,0.0,0,0
1779629270.256948,0.0,0.0,0.0,0.0,0.0,0.0,0,0
1779629270.287943,0.0,0.0,0.0,0.0,0.0,0.0,0,0
1779629270.318992,0.0,0.0,0.0,0.0,0.0,0.0,0,0
1779629270.349947,0.0,0.0,0.0,0.0,0.0,0.0,0,0
1779629270.380993,0.0,0.0,0.0,0.0,0.0,0.0,0,0
1779629270.411982,0.0,0.0,0.0,0.0,0.0,0.0,0,0
1779629270.442906,0.0,0.0,0.0,0.0,0.0,0.0,0,0
1779629270.473988,0.0,0.0,0.0,0.0,0.0,0.0,0,0
1779629270.504974,0.0,0.0,0.0,0.0,0.0,0.0,0,0
1779629270.535986,0.0,0.0,0.0,0.0,0.0,0.0,0,0
1779629270.566938,0.0,0.0,0.0,0.0,0.0,0.0,0,0
1779629270.597976,0.0,0.0,0.0,0.0,0.0,0.0,0,0
1779629270.628937,0.0,0.0,0.0,0.0,0.0,0.0,0,0
1779629270.659937,0.0,0.0,0.0,0.0,0.0,0.0,0,0
1779629270.690958,0.0,0.0,0.0,0.0,0.0,0.0,0,0
1779629270.721963,0.0,0.0,0.0,0.0,0.0,0.0,0,0
1779629270.752965,0.0,0.0,0.0,0.0,0.0,0.0,0,0
1779629270.783942,0.0,0.0,0.0,0.0,0.0,0.0,0,0
1779629270.814940,0.0,0.0,0.0,0.0,0.0,0.0,0,0
1779629270.845994,0.0,0.0,0.0,0.0,0.0,0.0,0,0
1779629270.876956,0.0,0.0,0.0,0.0,0.0,0.0,0,0
1779629270.907940,0.0,0.0,0.0,0.0,0.0,0.0,0,0
1779629270.938973,0.0,0.0,0.0,0.0,0.0,0.0,0,0
1779629270.969987,0.0,0.0,0.0,0.0,0.0,0.0,0,0
1779629271.000960,0.0,0.0,0.0,0.0,0.0,0.0,0,0
1779629271.031950,0.0,0.0,0.0,0.0,0.0,0.0,0,0
1779629271.062939,0.0,0.0,0.0,0.0,0.0,0.0,0,0
1779629271.093936,0.0,0.0,0.0,0.0,0.0,0.0,0,0
1779629271.124951,0.0,0.0,0.0,0.0,0.0,0.0,0,0
1779629271.155947,0.0,0.0,0.0,0.0,0.0,0.0,0,0
1779629271.186950,0.0,0.0,0.0,0.0,0.0,0.0,0,0
1779629271.217937,0.0,0.0,0.0,0.0,0.0,0.0,0,0
1779629271.248976,0.0,0.0,0.0,0.0,0.0,0.0,0,0
1779629271.279942,0.0,0.0,0.0,0.0,0.0,0.0,0,0
1779629271.310934,0.0,0.0,0.0,0.0,0.0,0.0,0,0
1779629271.341939,0.0,0.0,0.0,0.0,0.0,0.0,0,0
1779629271.372999,0.0,0.0,0.0,0.0,0.0,0.0,0,0
1779629271.403937,0.0,0.0,0.0,0.0,0.0,0.0,0,0
1779629271.434923,0.0,0.0,0.0,0.0,0.0,0.0,0,0
1779629271.465990,0.0,0.0,0.0,0.0,0.0,0.0,0,0
1779629271.496986,0.0,0.0,0.0,0.0,0.0,0.0,0,0
1779629271.527940,0.0,0.0,0.0,0.0,0.0,0.0,0,0
1779629271.558979,0.0,0.0,0.0,0.0,0.0,0.0,0,0
1779629271.589903,0.0,0.0,0.0,0.0,0.0,0.0,0,0
1779629271.620925,0.0,0.0,0.0,0.0,0.0,0.0,0,0
1779629271.651981,0.0,0.0,0.0,0.0,0.0,0.0,0,0
1779629271.682953,0.0,0.0,0.0,0.0,0.0,0.0,0,0
1779629271.713989,0.0,0.0,0.0,0.0,0.0,0.0,0,0
1779629271.744936,0.0,0.0,0.0,0.0,0.0,0.0,0,0
1779629271.775932,0.0,0.0,0.0,0.0,0.0,0.0,0,0
1779629271.806994,0.0,0.0,0.0,0.0,0.0,0.0,0,0
1779629271.838001,0.0,0.0,0.0,0.0,0.0,0.0,0,0
1779629271.868954,0.0,0.0,0.0,0.0,0.0,0.0,0,0
1779629271.899993,0.0,0.0,0.0,0.0,0.0,0.0,0,0
1779629271.930928,0.0,0.0,0.0,0.0,0.0,0.0,0,0
1779629271.961955,0.0,0.0,0.0,0.0,0.0,0.0,0,0
1779629271.993003,0.0,0.0,0.0,0.0,0.0,0.0,0,0
1779629272.023921,0.0,0.0,0.0,0.0,0.0,0.0,0,0
1779629272.054945,0.0,0.0,0.0,0.0,0.0,0.0,0,0
1779629272.085921,0.0,0.0,0.0,0.0,0.0,0.0,0,0
1779629272.116927,0.0,0.0,0.0,0.0,0.0,0.0,0,0
1779629272.147954,0.0,0.0,0.0,0.0,0.0,0.0,0,0
1779629272.178921,0.0,0.0,0.0,0.0,0.0,0.0,0,0
1779629272.209950,0.0,0.0,0.0,0.0,0.0,0.0,0,0
1779629272.240983,0.0,0.0,0.0,0.0,0.0,0.0,0,0
1779629272.271992,0.0,0.0,0.0,0.0,0.0,0.0,0,0
1779629272.302956,0.0,0.0,0.0,0.0,0.0,0.0,0,0
1779629272.333937,0.0,0.0,0.0,0.0,0.0,0.0,0,0
1779629272.364965,0.0,0.0,0.0,0.0,0.0,0.0,0,0
1779629272.395927,0.0,0.0,0.0,0.0,0.0,0.0,0,0
1779629272.426967,0.0,0.0,0.0,0.0,0.0,0.0,0,0
1779629272.457988,0.0,0.0,0.0,0.0,0.0,0.0,0,0
1779629272.488960,0.0,0.0,0.0,0.0,0.0,0.0,0,0
1779629272.519897,0.0,0.0,0.0,0.0,0.0,0.0,0,0
1779629272.550959,0.0,0.0,0.0,0.0,0.0,0.0,0,0
1779629272.581981,0.0,0.0,0.0,0.0,0.0,0.0,0,0
1779629272.613018,0.0,0.0,0.0,0.0,0.0,0.0,0,0
1779629272.643972,0.0,0.0,0.0,0.0,0.0,0.0,0,0
1779629272.674974,0.0,0.0,0.0,0.0,0.0,0.0,0,0
1779629272.705967,0.0,0.0,0.0,0.0,0.0,0.0,0,0
1779629272.736965,0.0,0.0,0.0,0.0,0.0,0.0,0,0
1779629272.767954,0.0,0.0,0.0,0.0,0.0,0.0,0,0
1779629272.798945,0.0,0.0,0.0,0.0,0.0,0.0,0,0
1779629272.829953,0.0,0.0,0.0,0.0,0.0,0.0,0,0
1779629272.860915,0.0,0.0,0.0,0.0,0.0,0.0,0,0
1779629272.891972,0.0,0.0,0.0,0.0,0.0,0.0,0,0
1779629272.922959,0.0,0.0,0.0,0.0,0.0,0.0,0,0
1779629272.953941,0.0,0.0,0.0,0.0,0.0,0.0,0,0
1779629272.984983,0.0,0.0,0.0,0.0,0.0,0.0,0,0
1779629273.016198,0.0,0.0,0.0,0.0,0.0,0.0,0,0
1779629273.047006,0.0,0.0,0.0,0.0,0.0,0.0,0,0
1779629273.077958,0.0,0.0,0.0,0.0,0.0,0.0,0,0
1779629273.108966,0.0,0.0,0.0,0.0,0.0,0.0,0,0
1779629273.140022,0.0,0.0,0.0,0.0,0.0,0.0,0,0
1779629273.170975,0.0,0.0,0.0,0.0,0.0,0.0,0,0
1779629273.201954,0.0,0.0,0.0,0.0,0.0,0.0,0,0
1779629273.232960,0.0,0.0,0.0,0.0,0.0,0.0,0,0
1779629273.263972,0.0,0.0,0.0,0.0,0.0,0.0,0,0
1779629273.294955,0.0,0.0,0.0,0.0,0.0,0.0,0,0
1779629273.325960,0.0,0.0,0.0,0.0,0.0,0.0,0,0
1779629273.356980,0.0,0.0,0.0,0.0,0.0,0.0,0,0
1779629273.387956,0.0,0.0,0.0,0.0,0.0,0.0,0,0
1779629273.418897,0.0,0.0,0.0,0.0,0.0,0.0,0,0
1779629273.449929,0.0,0.0,0.0,0.0,0.0,0.0,0,0
1779629273.480920,0.0,0.0,0.0,0.0,0.0,0.0,0,0
1779629273.511926,0.0,0.0,0.0,0.0,0.0,0.0,0,0
1779629273.542972,0.0,0.0,0.0,0.0,0.0,0.0,0,0
1779629273.573949,0.0,0.0,0.0,0.0,0.0,0.0,0,0
1779629273.604941,0.0,0.0,0.0,0.0,0.0,0.0,0,0
1779629273.635954,0.0,0.0,0.0,0.0,0.0,0.0,0,0
1779629273.666965,0.0,0.0,0.0,0.0,0.0,0.0,0,0
1779629273.697937,0.0,0.0,0.0,0.0,0.0,0.0,0,0
1779629273.728944,0.0,0.0,0.0,0.0,0.0,0.0,0,0
1779629273.759933,0.0,0.0,0.0,0.0,0.0,0.0,0,0
1779629273.790947,0.0,0.0,0.0,0.0,0.0,0.0,0,0
1779629273.821899,0.0,0.0,0.0,0.0,0.0,0.0,0,0
1779629273.853001,0.0,0.0,0.0,0.0,0.0,0.0,0,0
1779629273.883971,0.0,0.0,0.0,0.0,0.0,0.0,0,0
1779629273.914992,0.0,0.0,0.0,0.0,0.0,0.0,0,0
1779629273.945996,0.0,0.0,0.0,0.0,0.0,0.0,0,0
1779629273.976956,0.0,0.0,0.0,0.0,0.0,0.0,0,0
1779629274.007939,0.0,0.0,0.0,0.0,0.0,0.0,0,0
1779629274.039000,0.0,0.0,0.0,0.0,0.0,0.0,0,0
1779629274.069958,0.0,0.0,0.0,0.0,0.0,0.0,0,0
1779629274.100969,0.0,0.0,0.0,0.0,0.0,0.0,0,0
1779629274.131996,0.0,0.0,0.0,0.0,0.0,0.0,0,0
1779629274.162886,0.0,0.0,0.0,0.0,0.0,0.0,0,0
1779629274.193950,0.0,0.0,0.0,0.0,0.0,0.0,0,0
1779629274.225008,0.0,0.0,0.0,0.0,0.0,0.0,0,0
1779629274.255960,0.0,0.0,0.0,0.0,0.0,0.0,0,0
1779629274.286923,0.0,0.0,0.0,0.0,0.0,0.0,0,0
1779629274.317959,0.0,0.0,0.0,0.0,0.0,0.0,0,0
1779629274.348975,0.0,0.0,0.0,0.0,0.0,0.0,0,0
1779629274.379970,0.0,0.0,0.0,0.0,0.0,0.0,0,0
1779629274.410971,0.0,0.0,0.0,0.0,0.0,0.0,0,0
1779629274.441969,0.0,0.0,0.0,0.0,0.0,0.0,0,0
1779629274.472935,0.0,0.0,0.0,0.0,0.0,0.0,0,0
1779629274.503970,0.0,0.0,0.0,0.0,0.0,0.0,0,0
1779629274.535000,0.0,0.0,0.0,0.0,0.0,0.0,0,0
1779629274.565974,0.0,0.0,0.0,0.0,0.0,0.0,0,0
1779629274.596951,0.0,0.0,0.0,0.0,0.0,0.0,0,0
1779629274.627968,0.0,0.0,0.0,0.0,0.0,0.0,0,0
1779629274.658971,0.0,0.0,0.0,0.0,0.0,0.0,0,0
1779629274.689954,0.0,0.0,0.0,0.0,0.0,0.0,0,0
1779629274.720948,0.0,0.0,0.0,0.0,0.0,0.0,0,0
1779629274.751916,0.0,0.0,0.0,0.0,0.0,0.0,0,0
1779629274.783012,0.0,0.0,0.0,0.0,0.0,0.0,0,0
1779629274.814936,0.0,0.0,0.0,0.0,0.0,0.0,0,0
1779629274.845903,0.0,0.0,0.0,0.0,0.0,0.0,0,0
1779629274.876924,0.0,0.0,0.0,0.0,0.0,0.0,0,0
1779629274.907928,0.0,0.0,0.0,0.0,0.0,0.0,0,0
1779629274.938940,0.0,0.0,0.0,0.0,0.0,0.0,0,0
1779629274.970005,0.0,0.0,0.0,0.0,0.0,0.0,0,0
1779629275.001001,0.0,0.0,0.0,0.0,0.0,0.0,0,0
1779629275.031945,0.0,0.0,0.0,0.0,0.0,0.0,0,0
1779629275.063001,0.0,0.0,0.0,0.0,0.0,0.0,0,0
1779629275.093926,0.0,0.0,0.0,0.0,0.0,0.0,0,0
1779629275.124961,0.0,0.0,0.0,0.0,0.0,0.0,0,0
1779629275.155948,0.0,0.0,0.0,0.0,0.0,0.0,0,0
1779629275.186948,0.0,0.0,0.0,0.0,0.0,0.0,0,0
1779629275.217984,0.0,0.0,0.0,0.0,0.0,0.0,0,0
1779629275.248933,0.0,0.0,0.0,0.0,0.0,0.0,0,0
1779629275.279938,0.0,0.0,0.0,0.0,0.0,0.0,0,0
1779629275.310976,0.0,0.0,0.0,0.0,0.0,0.0,0,0
1779629275.341939,0.0,0.0,0.0,0.0,0.0,0.0,0,0
1779629275.373011,0.0,0.0,0.0,0.0,0.0,0.0,0,0
1779629275.403926,0.0,0.0,0.0,0.0,0.0,0.0,0,0
1779629275.434923,0.0,0.0,0.0,0.0,0.0,0.0,0,0
1779629275.465916,0.0,0.0,0.0,0.0,0.0,0.0,0,0
1779629275.496923,0.0,0.0,0.0,0.0,0.0,0.0,0,0
1779629275.527933,0.0,0.0,0.0,0.0,0.0,0.0,0,0
1779629275.558944,0.0,0.0,0.0,0.0,0.0,0.0,0,0
1779629275.589880,0.0,0.0,0.0,0.0,0.0,0.0,0,0
1779629275.621013,0.0,0.0,0.0,0.0,0.0,0.0,0,0
1779629275.652007,0.0,0.0,0.0,0.0,0.0,0.0,0,0
1779629275.682968,0.0,0.0,0.0,0.0,0.0,0.0,0,0
1779629275.713982,0.0,0.0,0.0,0.0,0.0,0.0,0,0
1779629275.745008,0.0,0.0,0.0,0.0,0.0,0.0,0,0
1779629275.775932,0.0,0.0,0.0,0.0,0.0,0.0,0,0
1779629275.806995,0.0,0.0,0.0,0.0,0.0,0.0,0,0
1779629275.837968,0.0,0.0,0.0,0.0,0.0,0.0,0,0
1779629275.868973,0.0,0.0,0.0,0.0,0.0,0.0,0,0
1779629275.899980,0.0,0.0,0.0,0.0,0.0,0.0,0,0
1779629275.930966,0.0,0.0,0.0,0.0,0.0,0.0,0,0
1779629275.961988,0.0,0.0,0.0,0.0,0.0,0.0,0,0
1779629275.992995,0.0,0.0,0.0,0.0,0.0,0.0,0,0
1779629276.023962,0.0,0.0,0.0,0.0,0.0,0.0,0,0
1779629276.054986,0.0,0.0,0.0,0.0,0.0,0.0,0,0
1779629276.086019,0.0,0.0,0.0,0.0,0.0,0.0,0,0
1779629276.117069,0.0,0.0,0.0,0.0,0.0,0.0,0,0
1779629276.147963,0.0,0.0,0.0,0.0,0.0,0.0,0,0
1779629276.178967,0.0,0.0,0.0,0.0,0.0,0.0,0,0
1779629276.209945,0.0,0.0,0.0,0.0,0.0,0.0,0,0
1779629276.240952,0.0,0.0,0.0,0.0,0.0,0.0,0,0
1779629276.271935,0.0,0.0,0.0,0.0,0.0,0.0,0,0
1779629276.302940,0.0,0.0,0.0,0.0,0.0,0.0,0,0
1779629276.333990,0.0,0.0,0.0,0.0,0.0,0.0,0,0
1779629276.364990,0.0,0.0,0.0,0.0,0.0,0.0,0,0
1779629276.395984,0.0,0.0,0.0,0.0,0.0,0.0,0,0
1779629276.426958,0.0,0.0,0.0,0.0,0.0,0.0,0,0
1779629276.457952,0.0,0.0,0.0,0.0,0.0,0.0,0,0
1779629276.488940,0.0,0.0,0.0,0.0,0.0,0.0,0,0
1779629276.519931,0.0,0.0,0.0,0.0,0.0,0.0,0,0
1779629276.550994,0.0,0.0,0.0,0.0,0.0,0.0,0,0
1779629276.581925,0.0,0.0,0.0,0.0,0.0,0.0,0,0
1779629276.612939,0.0,0.0,0.0,0.0,0.0,0.0,0,0
1779629276.643951,0.0,0.0,0.0,0.0,0.0,0.0,0,0
1779629276.675002,0.0,0.0,0.0,0.0,0.0,0.0,0,0
1779629276.705914,0.0,0.0,0.0,0.0,0.0,0.0,0,0
1779629276.736953,0.0,0.0,0.0,0.0,0.0,0.0,0,0
1779629276.767965,0.0,0.0,0.0,0.0,0.0,0.0,0,0
1779629276.798968,0.0,0.0,0.0,0.0,0.0,0.0,0,0
1779629276.829991,0.0,0.0,0.0,0.0,0.0,0.0,0,0
1779629276.860946,0.0,0.0,0.0,0.0,0.0,0.0,0,0
1779629276.892034,0.0,0.0,0.0,0.0,0.0,0.0,0,0
1779629276.923029,0.0,0.0,0.0,0.0,0.0,0.0,0,0
1779629276.953991,0.0,0.0,0.0,0.0,0.0,0.0,0,0
1779629276.984964,0.0,0.0,0.0,0.0,0.0,0.0,0,0
1779629277.015903,0.0,0.0,0.0,0.0,0.0,0.0,0,0
1779629277.046921,0.0,0.0,0.0,0.0,0.0,0.0,0,0
1779629277.077933,0.0,0.0,0.0,0.0,0.0,0.0,0,0
1779629277.108969,0.0,0.0,0.0,0.0,0.0,0.0,0,0
1779629277.139994,0.0,0.0,0.0,0.0,0.0,0.0,0,0
1779629277.170977,0.0,0.0,0.0,0.0,0.0,0.0,0,0
1779629277.201933,0.0,0.0,0.0,0.0,0.0,0.0,0,0
1779629277.232894,0.0,0.0,0.0,0.0,0.0,0.0,0,0
1779629277.263951,0.0,0.0,0.0,0.0,0.0,0.0,0,0
1779629277.294948,0.0,0.0,0.0,0.0,0.0,0.0,0,0
1779629277.325951,0.0,0.0,0.0,0.0,0.0,0.0,0,0
1779629277.356941,0.0,0.0,0.0,0.0,0.0,0.0,0,0
1779629277.387955,0.0,0.0,0.0,0.0,0.0,0.0,0,0
1779629277.418999,0.0,0.0,0.0,0.0,0.0,0.0,0,0
1779629277.450021,0.0,0.0,0.0,0.0,0.0,0.0,0,0
1779629277.480946,0.0,0.0,0.0,0.0,0.0,0.0,0,0
1779629277.512031,0.0,0.0,0.0,0.0,0.0,0.0,0,0
1779629277.542939,0.0,0.0,0.0,0.0,0.0,0.0,0,0
1779629277.574001,0.0,0.0,0.0,0.0,0.0,0.0,0,0
1779629277.605007,0.0,0.0,0.0,0.0,0.0,0.0,0,0
1779629277.635963,0.0,0.0,0.0,0.0,0.0,0.0,0,0
1779629277.666950,0.0,0.0,0.0,0.0,0.0,0.0,0,0
1779629277.697984,0.0,0.0,0.0,0.0,0.0,0.0,0,0
1779629277.729002,0.0,0.0,0.0,0.0,0.0,0.0,0,0
1779629277.759985,0.0,0.0,0.0,0.0,0.0,0.0,0,0
1779629277.790938,0.0,0.0,0.0,0.0,0.0,0.0,0,0
1779629277.821925,0.0,0.0,0.0,0.0,0.0,0.0,0,0
1779629277.852973,0.0,0.0,0.0,0.0,0.0,0.0,0,0
1779629277.883998,0.0,0.0,0.0,0.0,0.0,0.0,0,0
1779629277.915016,0.0,0.0,0.0,0.0,0.0,0.0,0,0
1779629277.945968,0.0,0.0,0.0,0.0,0.0,0.0,0,0
1779629277.976981,0.0,0.0,0.0,0.0,0.0,0.0,0,0
1779629278.007956,0.0,0.0,0.0,0.0,0.0,0.0,0,0
1779629278.038950,0.0,0.0,0.0,0.0,0.0,0.0,0,0
1779629278.069954,0.0,0.0,0.0,0.0,0.0,0.0,0,0
1779629278.100949,0.0,0.0,0.0,0.0,0.0,0.0,0,0
1779629278.131962,0.0,0.0,0.0,0.0,0.0,0.0,0,0
1779629278.162927,0.0,0.0,0.0,0.0,0.0,0.0,0,0
1779629278.193979,0.0,0.0,0.0,0.0,0.0,0.0,0,0
1779629278.224938,0.0,0.0,0.0,0.0,0.0,0.0,0,0
1779629278.255919,0.0,0.0,0.0,0.0,0.0,0.0,0,0
1779629278.286943,0.0,0.0,0.0,0.0,0.0,0.0,0,0
1779629278.317999,0.0,0.0,0.0,0.0,0.0,0.0,0,0
1779629278.348974,0.0,0.0,0.0,0.0,0.0,0.0,0,0
1779629278.379950,0.0,0.0,0.0,0.0,0.0,0.0,0,0
1779629278.410998,0.0,0.0,0.0,0.0,0.0,0.0,0,0
1779629278.441959,0.0,0.0,0.0,0.0,0.0,0.0,0,0
1779629278.473009,0.0,0.0,0.0,0.0,0.0,0.0,0,0
1779629278.503951,0.0,0.0,0.0,0.0,0.0,0.0,0,0
1779629278.534966,0.0,0.0,0.0,0.0,0.0,0.0,0,0
1779629278.565985,0.0,0.0,0.0,0.0,0.0,0.0,0,0
1779629278.596975,0.0,0.0,0.0,0.0,0.0,0.0,0,0
1779629278.627969,0.0,0.0,0.0,0.0,0.0,0.0,0,0
1779629278.658984,0.0,0.0,0.0,0.0,0.0,0.0,0,0
1779629278.690009,0.0,0.0,0.0,0.0,0.0,0.0,0,0
1779629278.720975,0.0,0.0,0.0,0.0,0.0,0.0,0,0
1779629278.751945,0.0,0.0,0.0,0.0,0.0,0.0,0,0
1779629278.782962,0.0,0.0,0.0,0.0,0.0,0.0,0,0
1779629278.813961,0.0,0.0,0.0,0.0,0.0,0.0,0,0
1779629278.844925,0.0,0.0,0.0,0.0,0.0,0.0,0,0
1779629278.876480,0.0,0.0,0.0,0.0,0.0,0.0,0,0
1779629278.907001,0.0,0.0,0.0,0.0,0.0,0.0,0,0
1779629278.937927,0.0,0.0,0.0,0.0,0.0,0.0,0,0
1779629278.968942,0.0,0.0,0.0,0.0,0.0,0.0,0,0
1779629278.999978,0.0,0.0,0.0,0.0,0.0,0.0,0,0
1779629279.030969,0.0,0.0,0.0,0.0,0.0,0.0,0,0
1779629279.061950,0.0,0.0,0.0,0.0,0.0,0.0,0,0
1779629279.093015,0.0,0.0,0.0,0.0,0.0,0.0,0,0
1779629279.123967,0.0,0.0,0.0,0.0,0.0,0.0,0,0
1779629279.154919,0.0,0.0,0.0,0.0,0.0,0.0,0,0
1779629279.186011,0.0,0.0,0.0,0.0,0.0,0.0,0,0
1779629279.216890,0.0,0.0,0.0,0.0,0.0,0.0,0,0
1779629279.247952,0.0,0.0,0.0,0.0,0.0,0.0,0,0
1779629279.278925,0.0,0.0,0.0,0.0,0.0,0.0,0,0
1779629279.309954,0.0,0.0,0.0,0.0,0.0,0.0,0,0
1779629279.340909,0.0,0.0,0.0,0.0,0.0,0.0,0,0
1779629279.371978,0.0,0.0,0.0,0.0,0.0,0.0,0,0
1779629279.402977,0.0,0.0,0.0,0.0,0.0,0.0,0,0
1779629279.433960,0.0,0.0,0.0,0.0,0.0,0.0,0,0
1779629279.464937,0.0,0.0,0.0,0.0,0.0,0.0,0,0
1779629279.495953,0.0,0.0,0.0,0.0,0.0,0.0,0,0
1779629279.526968,0.0,0.0,0.0,0.0,0.0,0.0,0,0
1779629279.557971,0.0,0.0,0.0,0.0,0.0,0.0,0,0
1779629279.588961,0.0,0.0,0.0,0.0,0.0,0.0,0,0
1779629279.619896,0.0,0.0,0.0,0.0,0.0,0.0,0,0
1779629279.650919,0.0,0.0,0.0,0.0,0.0,0.0,0,0
1779629279.681926,0.0,0.0,0.0,0.0,0.0,0.0,0,0
1779629279.712892,0.0,0.0,0.0,0.0,0.0,0.0,0,0
1779629279.743945,0.0,0.0,0.0,0.0,0.0,0.0,0,0
1779629279.774948,0.0,0.0,0.0,0.0,0.0,0.0,0,0
1779629279.805927,0.0,0.0,0.0,0.0,0.0,0.0,0,0
1779629279.836962,0.0,0.0,0.0,0.0,0.0,0.0,0,0
1779629279.867909,0.0,0.0,0.0,0.0,0.0,0.0,0,0
1779629279.898977,0.0,0.0,0.0,0.0,0.0,0.0,0,0
1779629279.929999,0.0,0.0,0.0,0.0,0.0,0.0,0,0
1779629279.960984,0.0,0.0,0.0,0.0,0.0,0.0,0,0
1779629279.991944,0.0,0.0,0.0,0.0,0.0,0.0,0,0
1779629280.022989,0.0,0.0,0.0,0.0,0.0,0.0,0,0
1779629280.053995,0.0,0.0,0.0,0.0,0.0,0.0,0,0
1779629280.084973,0.0,0.0,0.0,0.0,0.0,0.0,0,0
1779629280.115952,0.0,0.0,0.0,0.0,0.0,0.0,0,0
1779629280.146945,0.0,0.0,0.0,0.0,0.0,0.0,0,0
1779629280.177953,0.0,0.0,0.0,0.0,0.0,0.0,0,0
1779629280.209008,0.0,0.0,0.0,0.0,0.0,0.0,0,0
1779629280.240023,0.0,0.0,0.0,0.0,0.0,0.0,0,0
1779629280.270967,0.0,0.0,0.0,0.0,0.0,0.0,0,0
1779629280.301944,0.0,0.0,0.0,0.0,0.0,0.0,0,0
1779629280.332952,0.0,0.0,0.0,0.0,0.0,0.0,0,0
1779629280.363999,0.0,0.0,0.0,0.0,0.0,0.0,0,0
1779629280.395037,0.0,0.0,0.0,0.0,0.0,0.0,0,0
1779629280.426013,0.0,0.0,0.0,0.0,0.0,0.0,0,0
1779629280.456959,0.0,0.0,0.0,0.0,0.0,0.0,0,0
1779629280.487990,0.0,0.0,0.0,0.0,0.0,0.0,0,0
1779629280.518949,0.0,0.0,0.0,0.0,0.0,0.0,0,0
1779629280.549926,0.0,0.0,0.0,0.0,0.0,0.0,0,0
1779629280.580972,0.0,0.0,0.0,0.0,0.0,0.0,0,0
1779629280.611943,0.0,0.0,0.0,0.0,0.0,0.0,0,0
1779629280.642967,0.0,0.0,0.0,0.0,0.0,0.0,0,0
1779629280.674043,0.0,0.0,0.0,0.0,0.0,0.0,0,0
1779629280.704924,0.0,0.0,0.0,0.0,0.0,0.0,0,0
1779629280.735980,0.0,0.0,0.0,0.0,0.0,0.0,0,0
1779629280.766924,0.0,0.0,0.0,0.0,0.0,0.0,0,0
1779629280.797913,0.0,0.0,0.0,0.0,0.0,0.0,0,0
1779629280.828923,0.0,0.0,0.0,0.0,0.0,0.0,0,0
1779629280.859908,0.0,0.0,0.0,0.0,0.0,0.0,0,0
1779629280.890952,0.0,0.0,0.0,0.0,0.0,0.0,0,0
1779629280.921987,0.0,0.0,0.0,0.0,0.0,0.0,0,0
1779629280.952967,0.0,0.0,0.0,0.0,0.0,0.0,0,0
1779629280.983953,0.0,0.0,0.0,0.0,0.0,0.0,0,0
1779629281.014939,0.0,0.0,0.0,0.0,0.0,0.0,0,0
1779629281.045931,0.0,0.0,0.0,0.0,0.0,0.0,0,0
1779629281.076976,0.0,0.0,0.0,0.0,0.0,0.0,0,0
1779629281.107966,0.0,0.0,0.0,0.0,0.0,0.0,0,0
1779629281.138975,0.0,0.0,0.0,0.0,0.0,0.0,0,0
1779629281.169975,0.0,0.0,0.0,0.0,0.0,0.0,0,0
1779629281.200976,0.0,0.0,0.0,0.0,0.0,0.0,0,0
1779629281.231979,0.0,0.0,0.0,0.0,0.0,0.0,0,0
1779629281.262899,0.0,0.0,0.0,0.0,0.0,0.0,0,0
1779629281.293935,0.0,0.0,0.0,0.0,0.0,0.0,0,0
1779629281.324959,0.0,0.0,0.0,0.0,0.0,0.0,0,0
1779629281.355982,0.0,0.0,0.0,0.0,0.0,0.0,0,0
1779629281.386968,0.0,0.0,0.0,0.0,0.0,0.0,0,0
1779629281.417941,0.0,0.0,0.0,0.0,0.0,0.0,0,0
1779629281.448949,0.0,0.0,0.0,0.0,0.0,0.0,0,0
1779629281.479977,0.0,0.0,0.0,0.0,0.0,0.0,0,0
1779629281.510896,0.0,0.0,0.0,0.0,0.0,0.0,0,0
1779629281.541972,0.0,0.0,0.0,0.0,0.0,0.0,0,0
1779629281.572947,0.0,0.0,0.0,0.0,0.0,0.0,0,0
1779629281.603995,0.0,0.0,0.0,0.0,0.0,0.0,0,0
1779629281.634898,0.0,0.0,0.0,0.0,0.0,0.0,0,0
1779629281.665979,0.0,0.0,0.0,0.0,0.0,0.0,0,0
1779629281.696970,0.0,0.0,0.0,0.0,0.0,0.0,0,0
1779629281.727984,0.0,0.0,0.0,0.0,0.0,0.0,0,0
1779629281.758936,0.0,0.0,0.0,0.0,0.0,0.0,0,0
1779629281.789979,0.0,0.0,0.0,0.0,0.0,0.0,0,0
1779629281.820930,0.0,0.0,0.0,0.0,0.0,0.0,0,0
1779629281.851945,0.0,0.0,0.0,0.0,0.0,0.0,0,0
1779629281.882996,0.0,0.0,0.0,0.0,0.0,0.0,0,0
1779629281.914001,0.0,0.0,0.0,0.0,0.0,0.0,0,0
1779629281.945014,0.0,0.0,0.0,0.0,0.0,0.0,0,0
1779629281.976021,0.0,0.0,0.0,0.0,0.0,0.0,0,0
1779629282.007006,0.0,0.0,0.0,0.0,0.0,0.0,0,0
1779629282.037949,0.0,0.0,0.0,0.0,0.0,0.0,0,0
1779629282.068987,0.0,0.0,0.0,0.0,0.0,0.0,0,0
1779629282.099977,0.0,0.0,0.0,0.0,0.0,0.0,0,0
1779629282.130938,0.0,0.0,0.0,0.0,0.0,0.0,0,0
1779629282.161945,0.0,0.0,0.0,0.0,0.0,0.0,0,0
1779629282.192943,0.0,0.0,0.0,0.0,0.0,0.0,0,0
1779629282.223947,0.0,0.0,0.0,0.0,0.0,0.0,0,0
1779629282.254979,0.0,0.0,0.0,0.0,0.0,0.0,0,0
1779629282.285957,0.0,0.0,0.0,0.0,0.0,0.0,0,0
1779629282.316924,0.0,0.0,0.0,0.0,0.0,0.0,0,0
1779629282.347935,0.0,0.0,0.0,0.0,0.0,0.0,0,0
1779629282.378951,0.0,0.0,0.0,0.0,0.0,0.0,0,0
1779629282.410000,0.0,0.0,0.0,0.0,0.0,0.0,0,0
1779629282.441007,0.0,0.0,0.0,0.0,0.0,0.0,0,0
1779629282.471971,0.0,0.0,0.0,0.0,0.0,0.0,0,0
1779629282.502958,0.0,0.0,0.0,0.0,0.0,0.0,0,0
1779629282.533963,0.0,0.0,0.0,0.0,0.0,0.0,0,0
1779629282.564979,0.0,0.0,0.0,0.0,0.0,0.0,0,0
1779629282.595927,0.0,0.0,0.0,0.0,0.0,0.0,0,0
1779629282.626975,0.0,0.0,0.0,0.0,0.0,0.0,0,0
1779629282.657991,0.0,0.0,0.0,0.0,0.0,0.0,0,0
1779629282.689000,0.0,0.0,0.0,0.0,0.0,0.0,0,0
1779629282.720005,0.0,0.0,0.0,0.0,0.0,0.0,0,0
1779629282.750949,0.0,0.0,0.0,0.0,0.0,0.0,0,0
1779629282.781968,0.0,0.0,0.0,0.0,0.0,0.0,0,0
1779629282.812949,0.0,0.0,0.0,0.0,0.0,0.0,0,0
1779629282.843964,0.0,0.0,0.0,0.0,0.0,0.0,0,0
1779629282.875047,0.0,0.0,0.0,0.0,0.0,0.0,0,0
1779629282.905943,0.0,0.0,0.0,0.0,0.0,0.0,0,0
1779629282.936938,0.0,0.0,0.0,0.0,0.0,0.0,0,0
1779629282.967941,0.0,0.0,0.0,0.0,0.0,0.0,0,0
1779629282.998928,0.0,0.0,0.0,0.0,0.0,0.0,0,0
1779629283.029958,0.0,0.0,0.0,0.0,0.0,0.0,0,0
1779629283.061051,0.0,0.0,0.0,0.0,0.0,0.0,0,0
1779629283.093025,0.0,0.0,0.0,0.0,0.0,0.0,0,0
1779629283.124035,0.0,0.0,0.0,0.0,0.0,0.0,0,0
1779629283.155014,0.0,0.0,0.0,0.0,0.0,0.0,0,0
1779629283.185981,0.0,0.0,0.0,0.0,0.0,0.0,0,0
1779629283.217046,0.0,0.0,0.0,0.0,0.0,0.0,0,0
1779629283.247961,0.0,0.0,0.0,0.0,0.0,0.0,0,0
1779629283.278947,0.0,0.0,0.0,0.0,0.0,0.0,0,0
1779629283.309982,0.0,0.0,0.0,0.0,0.0,0.0,0,0
1779629283.341026,0.0,0.0,0.0,0.0,0.0,0.0,0,0
1779629283.371977,0.0,0.0,0.0,0.0,0.0,0.0,0,0
1779629283.402997,0.0,0.0,0.0,0.0,0.0,0.0,0,0
1779629283.433991,0.0,0.0,0.0,0.0,0.0,0.0,0,0
1779629283.464962,0.0,0.0,0.0,0.0,0.0,0.0,0,0
1779629283.496032,0.0,0.0,0.0,0.0,0.0,0.0,0,0
1779629283.526966,0.0,0.0,0.0,0.0,0.0,0.0,0,0
1779629283.557956,0.0,0.0,0.0,0.0,0.0,0.0,0,0
1779629283.588958,0.0,0.0,0.0,0.0,0.0,0.0,0,0
1779629283.619922,0.0,0.0,0.0,0.0,0.0,0.0,0,0
1779629283.650997,0.0,0.0,0.0,0.0,0.0,0.0,0,0
1779629283.681983,0.0,0.0,0.0,0.0,0.0,0.0,0,0
1779629283.712983,0.0,0.0,0.0,0.0,0.0,0.0,0,0
1779629283.744002,0.0,0.0,0.0,0.0,0.0,0.0,0,0
1779629283.774965,0.0,0.0,0.0,0.0,0.0,0.0,0,0
1779629283.805928,0.0,0.0,0.0,0.0,0.0,0.0,0,0
1779629283.836989,0.0,0.0,0.0,0.0,0.0,0.0,0,0
1779629283.867931,0.0,0.0,0.0,0.0,0.0,0.0,0,0
1779629283.898949,0.0,0.0,0.0,0.0,0.0,0.0,0,0
1779629283.929971,0.0,0.0,0.0,0.0,0.0,0.0,0,0
1779629283.960959,0.0,0.0,0.0,0.0,0.0,0.0,0,0
1779629283.992038,0.0,0.0,0.0,0.0,0.0,0.0,0,0
1779629284.022947,0.0,0.0,0.0,0.0,0.0,0.0,0,0
1779629284.053922,0.0,0.0,0.0,0.0,0.0,0.0,0,0
1779629284.084978,0.0,0.0,0.0,0.0,0.0,0.0,0,0
1779629284.115953,0.0,0.0,0.0,0.0,0.0,0.0,0,0
1779629284.146980,0.0,0.0,0.0,0.0,0.0,0.0,0,0
1779629284.178004,0.0,0.0,0.0,0.0,0.0,0.0,0,0
1779629284.208961,0.0,0.0,0.0,0.0,0.0,0.0,0,0
1779629284.239920,0.0,0.0,0.0,0.0,0.0,0.0,0,0
1779629284.271005,0.0,0.0,0.0,0.0,0.0,0.0,0,0
1779629284.301956,0.0,0.0,0.0,0.0,0.0,0.0,0,0
1779629284.332979,0.0,0.0,0.0,0.0,0.0,0.0,0,0
1779629284.363958,0.0,0.0,0.0,0.0,0.0,0.0,0,0
1779629284.395023,0.0,0.0,0.0,0.0,0.0,0.0,0,0
1779629284.425972,0.0,0.0,0.0,0.0,0.0,0.0,0,0
1779629284.456945,0.0,0.0,0.0,0.0,0.0,0.0,0,0
1779629284.487991,0.0,0.0,0.0,0.0,0.0,0.0,0,0
1779629284.518945,0.0,0.0,0.0,0.0,0.0,0.0,0,0
1779629284.549954,0.0,0.0,0.0,0.0,0.0,0.0,0,0
1779629284.581003,0.0,0.0,0.0,0.0,0.0,0.0,0,0
1779629284.611993,0.0,0.0,0.0,0.0,0.0,0.0,0,0
1779629284.643008,0.0,0.0,0.0,0.0,0.0,0.0,0,0
1779629284.674024,0.0,0.0,0.0,0.0,0.0,0.0,0,0
1779629284.704959,0.0,0.0,0.0,0.0,0.0,0.0,0,0
1779629284.735987,0.0,0.0,0.0,0.0,0.0,0.0,0,0
1779629284.766972,0.0,0.0,0.0,0.0,0.0,0.0,0,0
1779629284.797946,0.0,0.0,0.0,0.0,0.0,0.0,0,0
1779629284.828950,0.0,0.0,0.0,0.0,0.0,0.0,0,0
1779629284.859992,0.0,0.0,0.0,0.0,0.0,0.0,0,0
1779629284.890950,0.0,0.0,0.0,0.0,0.0,0.0,0,0
1779629284.921994,0.0,0.0,0.0,0.0,0.0,0.0,0,0
1779629284.952926,0.0,0.0,0.0,0.0,0.0,0.0,0,0
1779629284.983958,0.0,0.0,0.0,0.0,0.0,0.0,0,0
1779629285.014956,0.0,0.0,0.0,0.0,0.0,0.0,0,0
1779629285.045975,0.0,0.0,0.0,0.0,0.0,0.0,0,0
1779629285.077075,0.0,0.0,0.0,0.0,0.0,0.0,0,0
1779629285.107944,0.0,0.0,0.0,0.0,0.0,0.0,0,0
1779629285.138968,0.0,0.0,0.0,0.0,0.0,0.0,0,0
1779629285.169983,0.0,0.0,0.0,0.0,0.0,0.0,0,0
1779629285.201001,0.0,0.0,0.0,0.0,0.0,0.0,0,0
1779629285.231981,0.0,0.0,0.0,0.0,0.0,0.0,0,0
1779629285.262992,0.0,0.0,0.0,0.0,0.0,0.0,0,0
1779629285.294001,0.0,0.0,0.0,0.0,0.0,0.0,0,0
1779629285.325036,0.0,0.0,0.0,0.0,0.0,0.0,0,0
1779629285.355985,0.0,0.0,0.0,0.0,0.0,0.0,0,0
1779629285.386951,0.0,0.0,0.0,0.0,0.0,0.0,0,0
1779629285.417966,0.0,0.0,0.0,0.0,0.0,0.0,0,0
1779629285.448975,0.0,0.0,0.0,0.0,0.0,0.0,0,0
1779629285.479952,0.0,0.0,0.0,0.0,0.0,0.0,0,0
1779629285.511071,0.0,0.0,0.0,0.0,0.0,0.0,0,0
1779629285.541956,0.0,0.0,0.0,0.0,0.0,0.0,0,0
1779629285.572988,0.0,0.0,0.0,0.0,0.0,0.0,0,0
1779629285.604016,0.0,0.0,0.0,0.0,0.0,0.0,0,0
1779629285.634993,0.0,0.0,0.0,0.0,0.0,0.0,0,0
1779629285.665973,0.0,0.0,0.0,0.0,0.0,0.0,0,0
1779629285.696965,0.0,0.0,0.0,0.0,0.0,0.0,0,0
1779629285.727972,0.0,0.0,0.0,0.0,0.0,0.0,0,0
1779629285.759071,0.0,0.0,0.0,0.0,0.0,0.0,0,0
1779629285.789974,0.0,0.0,0.0,0.0,0.0,0.0,0,0
1779629285.820935,0.0,0.0,0.0,0.0,0.0,0.0,0,0
1779629285.851955,0.0,0.0,0.0,0.0,0.0,0.0,0,0
1779629285.883012,0.0,0.0,0.0,0.0,0.0,0.0,0,0
1779629285.913940,0.0,0.0,0.0,0.0,0.0,0.0,0,0
1779629285.945024,0.0,0.0,0.0,0.0,0.0,0.0,0,0
1779629285.976048,0.0,0.0,0.0,0.0,0.0,0.0,0,0
1779629286.006985,0.0,0.0,0.0,0.0,0.0,0.0,0,0
1779629286.037966,0.0,0.0,0.0,0.0,0.0,0.0,0,0
1779629286.068925,0.0,0.0,0.0,0.0,0.0,0.0,0,0
1779629286.099944,0.0,0.0,0.0,0.0,0.0,0.0,0,0
1779629286.130950,0.0,0.0,0.0,0.0,0.0,0.0,0,0
1779629286.162017,0.0,0.0,0.0,0.0,0.0,0.0,0,0
1779629286.192991,0.0,0.0,0.0,0.0,0.0,0.0,0,0
1779629286.223995,0.0,0.0,0.0,0.0,0.0,0.0,0,0
1779629286.255036,0.0,0.0,0.0,0.0,0.0,0.0,0,0
1779629286.286045,0.0,0.0,0.0,0.0,0.0,0.0,0,0
1779629286.316933,0.0,0.0,0.0,0.0,0.0,0.0,0,0
1779629286.347986,0.0,0.0,0.0,0.0,0.0,0.0,0,0
1779629286.378920,0.0,0.0,0.0,0.0,0.0,0.0,0,0
1779629286.409981,0.0,0.0,0.0,0.0,0.0,0.0,0,0
1779629286.440972,0.0,0.0,0.0,0.0,0.0,0.0,0,0
1779629286.471956,0.0,0.0,0.0,0.0,0.0,0.0,0,0
1779629286.502981,0.0,0.0,0.0,0.0,0.0,0.0,0,0
1779629286.533977,0.0,0.0,0.0,0.0,0.0,0.0,0,0
1779629286.564984,0.0,0.0,0.0,0.0,0.0,0.0,0,0
1779629286.595978,0.0,0.0,0.0,0.0,0.0,0.0,0,0
1779629286.626997,0.0,0.0,0.0,0.0,0.0,0.0,0,0
1779629286.657994,0.0,0.0,0.0,0.0,0.0,0.0,0,0
1779629286.688975,0.0,0.0,0.0,0.0,0.0,0.0,0,0
1779629286.719981,0.0,0.0,0.0,0.0,0.0,0.0,0,0
1779629286.750960,0.0,0.0,0.0,0.0,0.0,0.0,0,0
1779629286.781968,0.0,0.0,0.0,0.0,0.0,0.0,0,0
1779629286.812949,0.0,0.0,0.0,0.0,0.0,0.0,0,0
1779629286.844059,0.0,0.0,0.0,0.0,0.0,0.0,0,0
1779629286.874940,0.0,0.0,0.0,0.0,0.0,0.0,0,0
1779629286.905949,0.0,0.0,0.0,0.0,0.0,0.0,0,0
1779629286.936971,0.0,0.0,0.0,0.0,0.0,0.0,0,0
1779629286.967956,0.0,0.0,0.0,0.0,0.0,0.0,0,0
1779629286.998962,0.0,0.0,0.0,0.0,0.0,0.0,0,0
1779629287.029967,0.0,0.0,0.0,0.0,0.0,0.0,0,0
1779629287.061004,0.0,0.0,0.0,0.0,0.0,0.0,0,0
1779629287.091971,0.0,0.0,0.0,0.0,0.0,0.0,0,0
1779629287.122988,0.0,0.0,0.0,0.0,0.0,0.0,0,0
1779629287.153980,0.0,0.0,0.0,0.0,0.0,0.0,0,0
1779629287.184975,0.0,0.0,0.0,0.0,0.0,0.0,0,0
1779629287.215980,0.0,0.0,0.0,0.0,0.0,0.0,0,0
1779629287.246995,0.0,0.0,0.0,0.0,0.0,0.0,0,0
1779629287.277977,0.0,0.0,0.0,0.0,0.0,0.0,0,0
1779629287.308951,0.0,0.0,0.0,0.0,0.0,0.0,0,0
1779629287.339949,0.0,0.0,0.0,0.0,0.0,0.0,0,0
1779629287.370970,0.0,0.0,0.0,0.0,0.0,0.0,0,0
1779629287.401943,0.0,0.0,0.0,0.0,0.0,0.0,0,0
1779629287.432915,0.0,0.0,0.0,0.0,0.0,0.0,0,0
1779629287.463946,0.0,0.0,0.0,0.0,0.0,0.0,0,0
1779629287.494971,0.0,0.0,0.0,0.0,0.0,0.0,0,0
1779629287.526037,0.0,0.0,0.0,0.0,0.0,0.0,0,0
1779629287.557017,0.0,0.0,0.0,0.0,0.0,0.0,0,0
1779629287.587952,0.0,0.0,0.0,0.0,0.0,0.0,0,0
1779629287.618992,0.0,0.0,0.0,0.0,0.0,0.0,0,0
1779629287.649981,0.0,0.0,0.0,0.0,0.0,0.0,0,0
1779629287.680977,0.0,0.0,0.0,0.0,0.0,0.0,0,0
1779629287.711962,0.0,0.0,0.0,0.0,0.0,0.0,0,0
1779629287.742982,0.0,0.0,0.0,0.0,0.0,0.0,0,0
1779629287.773948,0.0,0.0,0.0,0.0,0.0,0.0,0,0
1779629287.804961,0.0,0.0,0.0,0.0,0.0,0.0,0,0
1779629287.835995,0.0,0.0,0.0,0.0,0.0,0.0,0,0
1779629287.866996,0.0,0.0,0.0,0.0,0.0,0.0,0,0
1779629287.897980,0.0,0.0,0.0,0.0,0.0,0.0,0,0
1779629287.928962,0.0,0.0,0.0,0.0,0.0,0.0,0,0
1779629287.960004,0.0,0.0,0.0,0.0,0.0,0.0,0,0
1779629287.990999,0.0,0.0,0.0,0.0,0.0,0.0,0,0
1779629288.022254,0.0,0.0,0.0,0.0,0.0,0.0,0,0
1779629288.052977,0.0,0.0,0.0,0.0,0.0,0.0,0,0
1779629288.083899,0.0,0.0,0.0,0.0,0.0,0.0,0,0
1779629288.114983,0.0,0.0,0.0,0.0,0.0,0.0,0,0
1779629288.145973,0.0,0.0,0.0,0.0,0.0,0.0,0,0
1779629288.176922,0.0,0.0,0.0,0.0,0.0,0.0,0,0
1779629288.207953,0.0,0.0,0.0,0.0,0.0,0.0,0,0
1779629288.238999,0.0,0.0,0.0,0.0,0.0,0.0,0,0
1779629288.269979,0.0,0.0,0.0,0.0,0.0,0.0,0,0
1779629288.300966,0.0,0.0,0.0,0.0,0.0,0.0,0,0
1779629288.332001,0.0,0.0,0.0,0.0,0.0,0.0,0,0
1779629288.362959,0.0,0.0,0.0,0.0,0.0,0.0,0,0
1779629288.394029,0.0,0.0,0.0,0.0,0.0,0.0,0,0
1779629288.424989,0.0,0.0,0.0,0.0,0.0,0.0,0,0
1779629288.456008,0.0,0.0,0.0,0.0,0.0,0.0,0,0
1779629288.486972,0.0,0.0,0.0,0.0,0.0,0.0,0,0
1779629288.517989,0.0,0.0,0.0,0.0,0.0,0.0,0,0
1779629288.548970,0.0,0.0,0.0,0.0,0.0,0.0,0,0
1779629288.580019,0.0,0.0,0.0,0.0,0.0,0.0,0,0
1779629288.610998,0.0,0.0,0.0,0.0,0.0,0.0,0,0
1779629288.641964,0.0,0.0,0.0,0.0,0.0,0.0,0,0
1779629288.672991,0.0,0.0,0.0,0.0,0.0,0.0,0,0
1779629288.703949,0.0,0.0,0.0,0.0,0.0,0.0,0,0
1779629288.734977,0.0,0.0,0.0,0.0,0.0,0.0,0,0
1779629288.765916,0.0,0.0,0.0,0.0,0.0,0.0,0,0
1779629288.796988,0.0,0.0,0.0,0.0,0.0,0.0,0,0
1779629288.828009,0.0,0.0,0.0,0.0,0.0,0.0,0,0
1779629288.858963,0.0,0.0,0.0,0.0,0.0,0.0,0,0
1779629288.889996,0.0,0.0,0.0,0.0,0.0,0.0,0,0
1779629288.920960,0.0,0.0,0.0,0.0,0.0,0.0,0,0
1779629288.951938,0.0,0.0,0.0,0.0,0.0,0.0,0,0
1779629288.982948,0.0,0.0,0.0,0.0,0.0,0.0,0,0
1779629289.013963,0.0,0.0,0.0,0.0,0.0,0.0,0,0
1779629289.045036,0.0,0.0,0.0,0.0,0.0,0.0,0,0
1779629289.075946,0.0,0.0,0.0,0.0,0.0,0.0,0,0
1779629289.106958,0.0,0.0,0.0,0.0,0.0,0.0,0,0
1779629289.137979,0.0,0.0,0.0,0.0,0.0,0.0,0,0
1779629289.168949,0.0,0.0,0.0,0.0,0.0,0.0,0,0
1779629289.199935,0.0,0.0,0.0,0.0,0.0,0.0,0,0
1779629289.230925,0.0,0.0,0.0,0.0,0.0,0.0,0,0
1779629289.261953,0.0,0.0,0.0,0.0,0.0,0.0,0,0
1779629289.292984,0.0,0.0,0.0,0.0,0.0,0.0,0,0
1779629289.323947,0.0,0.0,0.0,0.0,0.0,0.0,0,0
1779629289.354993,0.0,0.0,0.0,0.0,0.0,0.0,0,0
1779629289.385954,0.0,0.0,0.0,0.0,0.0,0.0,0,0
1779629289.416989,0.0,0.0,0.0,0.0,0.0,0.0,0,0
1779629289.447943,0.0,0.0,0.0,0.0,0.0,0.0,0,0
1779629289.479007,0.0,0.0,0.0,0.0,0.0,0.0,0,0
1779629289.509971,0.0,0.0,0.0,0.0,0.0,0.0,0,0
1779629289.541050,0.0,0.0,0.0,0.0,0.0,0.0,0,0
1779629289.571935,0.0,0.0,0.0,0.0,0.0,0.0,0,0
1779629289.602988,0.0,0.0,0.0,0.0,0.0,0.0,0,0
1779629289.633933,0.0,0.0,0.0,0.0,0.0,0.0,0,0
1779629289.664931,0.0,0.0,0.0,0.0,0.0,0.0,0,0
1779629289.695926,0.0,0.0,0.0,0.0,0.0,0.0,0,0
1779629289.727027,0.0,0.0,0.0,0.0,0.0,0.0,0,0
1779629289.757967,0.0,0.0,0.0,0.0,0.0,0.0,0,0
1779629289.788983,0.0,0.0,0.0,0.0,0.0,0.0,0,0
1779629289.819983,0.0,0.0,0.0,0.0,0.0,0.0,0,0
1779629289.850963,0.0,0.0,0.0,0.0,0.0,0.0,0,0
1779629289.881980,0.0,0.0,0.0,0.0,0.0,0.0,0,0
1779629289.912987,0.0,0.0,0.0,0.0,0.0,0.0,0,0
1779629289.943969,0.0,0.0,0.0,0.0,0.0,0.0,0,0
1779629289.974975,0.0,0.0,0.0,0.0,0.0,0.0,0,0
1779629290.006005,0.0,0.0,0.0,0.0,0.0,0.0,0,0
1779629290.036956,0.0,0.0,0.0,0.0,0.0,0.0,0,0
1779629290.068008,0.0,0.0,0.0,0.0,0.0,0.0,0,0
1779629290.098979,0.0,0.0,0.0,0.0,0.0,0.0,0,0
1779629290.129969,0.0,0.0,0.0,0.0,0.0,0.0,0,0
1779629290.161006,0.0,0.0,0.0,0.0,0.0,0.0,0,0
1779629290.191964,0.0,0.0,0.0,0.0,0.0,0.0,0,0
1779629290.223000,0.0,0.0,0.0,0.0,0.0,0.0,0,0
1779629290.253989,0.0,0.0,0.0,0.0,0.0,0.0,0,0
1779629290.284976,0.0,0.0,0.0,0.0,0.0,0.0,0,0
1779629290.315891,0.0,0.0,0.0,0.0,0.0,0.0,0,0
1779629290.347030,0.0,0.0,0.0,0.0,0.0,0.0,0,0
1779629290.377949,0.0,0.0,0.0,0.0,0.0,0.0,0,0
1779629290.409018,0.0,0.0,0.0,0.0,0.0,0.0,0,0
1779629290.439986,0.0,0.0,0.0,0.0,0.0,0.0,0,0
1779629290.470992,0.0,0.0,0.0,0.0,0.0,0.0,0,0
1779629290.501972,0.0,0.0,0.0,0.0,0.0,0.0,0,0
1779629290.532985,0.0,0.0,0.0,0.0,0.0,0.0,0,0
1779629290.563980,0.0,0.0,0.0,0.0,0.0,0.0,0,0
1779629290.594953,0.0,0.0,0.0,0.0,0.0,0.0,0,0
1779629290.625941,0.0,0.0,0.0,0.0,0.0,0.0,0,0
1779629290.656996,0.0,0.0,0.0,0.0,0.0,0.0,0,0
1779629290.687934,0.0,0.0,0.0,0.0,0.0,0.0,0,0
1779629290.718975,0.0,0.0,0.0,0.0,0.0,0.0,0,0
1779629290.749993,0.0,0.0,0.0,0.0,0.0,0.0,0,0
1779629290.780990,0.0,0.0,0.0,0.0,0.0,0.0,0,0
1779629290.812011,0.0,0.0,0.0,0.0,0.0,0.0,0,0
1779629290.842970,0.0,0.0,0.0,0.0,0.0,0.0,0,0
1779629290.873967,0.0,0.0,0.0,0.0,0.0,0.0,0,0
1779629290.904964,0.0,0.0,0.0,0.0,0.0,0.0,0,0
1779629290.935970,0.0,0.0,0.0,0.0,0.0,0.0,0,0
1779629290.966934,0.0,0.0,0.0,0.0,0.0,0.0,0,0
1779629290.974960,0.0,0.03515625,0.0,0.0,0.025390625,-0.01171875,0,0
1779629290.982970,0.0,0.0,0.0,0.0,0.025390625,-0.01171875,0,0
1779629290.990949,0.0,0.0,0.0,0.0078125,0.025390625,-0.01171875,0,0
1779629290.999031,0.0,-0.009765625,0.0,0.0078125,0.025390625,-0.01171875,0,0
1779629291.007021,0.0,-0.009765625,0.0,0.01953125,0.025390625,-0.01171875,0,0
1779629291.014977,0.0,-0.01953125,0.0,0.01953125,0.025390625,-0.01171875,0,0
1779629291.023017,0.0,-0.01953125,0.0,0.03125,0.025390625,-0.01171875,0,0
1779629291.031040,0.0,-0.025390625,0.0,0.03125,0.025390625,-0.01171875,0,0
1779629291.039004,0.0,-0.025390625,0.0,0.041015625,0.025390625,-0.01171875,0,0
1779629291.046990,0.0,-0.025390625,0.0,0.041015625,0.025390625,-0.01171875,0,0
1779629291.054960,0.0,-0.025390625,0.0,0.044921875,0.025390625,-0.01171875,0,0
1779629291.062931,0.0,-0.021484375,0.0,0.044921875,0.025390625,-0.01171875,0,0
1779629291.070990,0.0,-0.021484375,0.0,0.041015625,0.025390625,-0.01171875,0,0
1779629291.079014,0.0,-0.01953125,0.0,0.041015625,0.025390625,-0.01171875,0,0
1779629291.087049,0.0,-0.01953125,0.0,0.03515625,0.025390625,-0.01171875,0,0
1779629291.094991,0.0,-0.017578125,0.0,0.03515625,0.025390625,-0.01171875,0,0
1779629291.103033,0.0,-0.017578125,0.0,0.03515625,0.025390625,-0.01171875,0,0
1779629291.110970,0.0,-0.017578125,0.0,0.03515625,0.025390625,-0.01171875,0,0
1779629291.118968,0.0,-0.017578125,0.0,0.03515625,0.025390625,-0.01171875,0,0
1779629291.127005,0.0,-0.013671875,0.0,0.03515625,0.025390625,-0.01171875,0,0
1779629291.134977,0.0,-0.013671875,0.0,0.029296875,0.025390625,-0.01171875,0,0
1779629291.143013,0.0,-0.0078125,0.0,0.029296875,0.025390625,-0.01171875,0,0
1779629291.151001,0.0,-0.0078125,0.0,0.01953125,0.025390625,-0.01171875,0,0
1779629291.158956,0.0,-0.00390625,0.0,0.01953125,0.025390625,-0.01171875,0,0
1779629291.166970,0.0,-0.00390625,0.0,0.01171875,0.025390625,-0.01171875,0,0
1779629291.183006,0.0,-0.00390625,0.0,0.009765625,0.025390625,-0.01171875,0,0
1779629291.199027,0.0,-0.00390625,0.0,0.01171875,0.025390625,-0.01171875,0,0
1779629291.214972,0.0,-0.00390625,0.0,0.01171875,0.025390625,-0.01171875,0,0
1779629291.231006,0.0,-0.00390625,0.0,0.013671875,0.025390625,-0.01171875,0,0
1779629291.246995,0.0,-0.00390625,0.0,0.013671875,0.025390625,-0.01171875,0,0
1779629291.254972,0.0,0.0,0.0,0.013671875,0.025390625,-0.01171875,0,0
1779629291.262988,0.0,0.0,0.0,0.013671875,0.025390625,-0.01171875,0,0
1779629291.270978,0.0,-0.00390625,0.0,0.013671875,0.025390625,-0.01171875,0,0
1779629291.279062,0.0,-0.00390625,0.0,0.01171875,0.025390625,-0.01171875,0,0
1779629291.286964,0.0,-0.00390625,0.0,0.01171875,0.025390625,-0.01171875,0,0
1779629291.294956,0.0,-0.00390625,0.0,0.009765625,0.025390625,-0.01171875,0,0
1779629291.302937,0.0,-0.00390625,0.0,0.009765625,0.025390625,-0.01171875,0,0
1779629291.310987,0.0,-0.00390625,0.0,0.0,0.0,-0.01171875,0,0
1779629291.318938,0.0,0.0,0.0,0.0,0.0,-0.01171875,0,0
1779629291.348977,0.0,0.0,0.0,0.0,0.0,0.0,0,0
1779629291.359013,0.0,0.0,0.0,0.0,-0.00390625,-0.01171875,0,0
1779629291.367021,0.0,0.0,0.0,0.0,-0.00390625,-0.01171875,0,0
1779629291.374925,0.0,0.0,0.0,0.0,-0.005859375,-0.01171875,0,0
1779629291.383033,0.0,-0.00390625,0.0,0.0,-0.005859375,-0.01171875,0,0
1779629291.390973,0.0,-0.00390625,0.0,0.0,-0.009765625,-0.01171875,0,0
1779629291.398921,0.0,-0.00390625,0.0,0.0,-0.009765625,-0.01171875,0,0
1779629291.406952,0.0,-0.00390625,0.0,0.0,-0.013671875,-0.01171875,0,0
1779629291.414970,0.0,-0.005859375,0.0,0.0,-0.013671875,-0.01171875,0,0
1779629291.422930,0.0,-0.005859375,0.0,0.0,-0.021484375,-0.01171875,0,0
1779629291.430961,0.0,-0.005859375,0.0,0.0,-0.021484375,-0.01171875,0,0
1779629291.439015,0.0,-0.005859375,0.0,0.0,-0.0234375,-0.01171875,0,0
1779629291.447016,0.0,-0.005859375,0.0,0.0,-0.0234375,-0.01171875,0,0
1779629291.455046,0.0,-0.005859375,0.0,0.0,-0.029296875,-0.01171875,0,0
1779629291.462955,0.0,-0.0078125,-0.01171875,0.0,-0.029296875,-0.01171875,0,0
1779629291.470951,0.0,-0.0078125,-0.01171875,0.0,-0.041015625,-0.01171875,0,0
1779629291.478996,0.0,-0.0078125,-0.033203125,0.0,-0.041015625,-0.01171875,0,0
1779629291.486916,0.0,-0.0078125,-0.033203125,0.0,-0.05859375,-0.01171875,0,0
1779629291.494936,0.0,-0.005859375,-0.060546875,0.0,-0.05859375,-0.01171875,0,0
1779629291.502999,0.0,-0.005859375,-0.060546875,0.0,-0.07421875,-0.01171875,0,0
1779629291.510997,0.0,-0.00390625,-0.091796875,0.0,-0.07421875,-0.01171875,0,0
1779629291.519015,0.0,-0.00390625,-0.091796875,0.0,-0.08984375,-0.01171875,0,0
1779629291.526987,0.0,0.0,-0.1171875,0.0,-0.08984375,-0.01171875,0,0
1779629291.534951,0.0,0.0,-0.1171875,0.0,-0.109375,-0.01171875,0,0
1779629291.542967,0.0,0.0,-0.134765625,0.0,-0.109375,-0.01171875,0,0
1779629291.551030,0.0,0.0,-0.134765625,0.0,-0.115234375,-0.01171875,0,0
1779629291.558984,0.0,0.0,-0.142578125,0.0,-0.115234375,-0.01171875,0,0
1779629291.566959,0.0,0.0,-0.142578125,0.0,-0.115234375,-0.01171875,0,0
1779629291.574955,0.0,0.0,-0.150390625,0.0,-0.115234375,-0.01171875,0,0
1779629291.582991,0.0,0.0,-0.150390625,0.0,-0.10546875,-0.01171875,0,0
1779629291.591001,0.0,0.0,-0.158203125,0.0,-0.10546875,-0.01171875,0,0
1779629291.598980,0.0,0.0,-0.158203125,0.0,-0.1015625,-0.01171875,0,0
1779629291.606932,0.0,0.0,-0.169921875,0.0,-0.1015625,-0.01171875,0,0
1779629291.614969,0.0,0.0,-0.169921875,0.0,-0.095703125,-0.01171875,0,0
1779629291.622961,0.0,-0.00390625,-0.1796875,0.0,-0.095703125,-0.01171875,0,0
1779629291.631036,0.0,-0.00390625,-0.1796875,0.0,-0.09375,-0.01171875,0,0
1779629291.638932,0.0,-0.005859375,-0.181640625,0.0,-0.09375,-0.01171875,0,0
1779629291.646916,0.0,-0.005859375,-0.181640625,0.0,-0.08984375,-0.01171875,0,0
1779629291.654950,0.0,-0.0078125,-0.1796875,0.0,-0.08984375,-0.01171875,0,0
1779629291.662956,0.0,-0.0078125,-0.1796875,0.0,-0.083984375,-0.01171875,0,0
1779629291.671017,0.0,-0.01171875,-0.173828125,0.0,-0.083984375,-0.01171875,0,0
1779629291.679019,0.0,-0.01171875,-0.173828125,0.0,-0.076171875,-0.01171875,0,0
1779629291.686997,0.0,-0.015625,-0.1640625,0.0,-0.076171875,-0.01171875,0,0
1779629291.694983,0.0,-0.015625,-0.1640625,0.0,-0.0625,-0.01171875,0,0
1779629291.702991,0.0,-0.015625,-0.1484375,0.0,-0.0625,-0.01171875,0,0
1779629291.710983,0.0,-0.015625,-0.1484375,0.0,-0.052734375,-0.01171875,0,0
1779629291.718993,0.0,-0.01171875,-0.1328125,0.0,-0.052734375,-0.01171875,0,0
1779629291.726945,0.0,-0.01171875,-0.1328125,0.0,-0.037109375,-0.01171875,0,0
1779629291.735023,0.0,-0.01171875,-0.111328125,0.0,-0.037109375,-0.01171875,0,0
1779629291.743028,0.0,-0.01171875,-0.111328125,0.0,-0.021484375,-0.01171875,0,0
1779629291.750993,0.0,-0.00390625,-0.072265625,0.0,-0.021484375,-0.01171875,0,0
1779629291.766997,0.0,-0.00390625,-0.0234375,0.0,-0.021484375,-0.01171875,0,0
1779629291.782982,0.0,0.0,-0.0234375,0.0,-0.021484375,-0.01171875,0,0
1779629291.798961,0.0,0.0,-0.0234375,0.0,-0.021484375,-0.01171875,0,0
1779629291.828967,0.0,0.0,0.0,0.0,0.0,0.0,0,0
1779629291.859976,0.0,0.0,0.0,0.0,0.0,0.0,0,0
1779629291.862921,0.0,0.0,-0.03515625,0.0,-0.021484375,-0.01171875,0,0
1779629291.878974,0.0,0.0,-0.08203125,0.0,-0.021484375,-0.01171875,0,0
1779629291.894999,0.0,-0.005859375,-0.1484375,0.0,-0.021484375,-0.01171875,0,0
1779629291.902992,0.0,-0.005859375,-0.1484375,0.00390625,-0.00390625,-0.01171875,0,0
1779629291.910933,0.0,-0.02734375,-0.201171875,0.00390625,-0.00390625,-0.01171875,0,0
1779629291.918946,0.0,-0.02734375,-0.201171875,0.00390625,-0.015625,-0.01171875,0,0
1779629291.926973,0.0,-0.037109375,-0.234375,0.00390625,-0.015625,-0.01171875,0,0
1779629291.934987,0.0,-0.037109375,-0.234375,0.0,-0.0234375,-0.01171875,0,0
1779629291.942990,0.0,-0.041015625,-0.2578125,0.0,-0.0234375,-0.01171875,0,0
1779629291.950944,0.0,-0.041015625,-0.2578125,0.0,-0.025390625,-0.01171875,0,0
1779629291.959032,0.0,-0.044921875,-0.279296875,0.0,-0.025390625,-0.01171875,0,0
1779629291.966954,0.0,-0.044921875,-0.279296875,0.0,-0.017578125,-0.01171875,0,0
1779629291.974973,0.0,-0.044921875,-0.326171875,0.0,-0.017578125,-0.01171875,0,0
1779629291.982959,0.0,-0.044921875,-0.326171875,0.0,-0.013671875,-0.01171875,0,0
1779629291.990980,0.0,-0.044921875,-0.375,0.0,-0.013671875,-0.01171875,0,0
1779629291.999004,0.0,-0.044921875,-0.375,0.015625,-0.0234375,-0.01171875,0,0
1779629292.006957,0.0,-0.05859375,-0.41796875,0.015625,-0.0234375,-0.01171875,0,0
1779629292.014998,0.0,-0.05859375,-0.41796875,0.033203125,-0.044921875,-0.01171875,0,0
1779629292.022910,0.0,-0.0703125,-0.44140625,0.033203125,-0.044921875,-0.01171875,0,0
1779629292.030977,0.0,-0.0703125,-0.44140625,0.04296875,-0.0625,-0.01171875,0,0
1779629292.038952,0.0,-0.078125,-0.451171875,0.04296875,-0.0625,-0.01171875,0,0
1779629292.046929,0.0,-0.078125,-0.451171875,0.052734375,-0.06640625,-0.01171875,0,0
1779629292.054974,0.0,-0.09765625,-0.455078125,0.052734375,-0.06640625,-0.01171875,0,0
1779629292.062965,0.0,-0.09765625,-0.455078125,0.0546875,-0.056640625,-0.01171875,0,0
1779629292.070936,0.0,-0.111328125,-0.4296875,0.0546875,-0.056640625,-0.01171875,0,0
1779629292.078930,0.0,-0.111328125,-0.4296875,0.041015625,-0.01953125,-0.01171875,0,0
1779629292.086924,0.0,-0.123046875,-0.376953125,0.041015625,-0.01953125,-0.01171875,0,0
1779629292.095001,0.0,-0.123046875,-0.376953125,0.01953125,-0.01953125,-0.01171875,0,0
1779629292.102935,0.0234375,-0.111328125,-0.333984375,0.01953125,-0.01953125,-0.01171875,0,0
1779629292.118934,0.0390625,-0.0859375,-0.337890625,0.01953125,-0.01953125,-0.01171875,0,0
1779629292.134968,0.0234375,-0.068359375,-0.359375,0.01953125,-0.01953125,-0.01171875,0,0
1779629292.151006,0.0234375,-0.0546875,-0.376953125,0.01953125,-0.01953125,-0.01171875,0,0
1779629292.166980,0.0234375,-0.0625,-0.41796875,0.01953125,-0.01953125,-0.01171875,0,0
1779629292.175041,0.0234375,-0.0625,-0.41796875,0.01953125,-0.029296875,-0.01171875,0,0
1779629292.183017,0.0234375,-0.080078125,-0.43359375,0.01953125,-0.029296875,-0.01171875,0,0
1779629292.190964,0.0234375,-0.080078125,-0.43359375,0.01953125,-0.037109375,-0.01171875,0,0
1779629292.199007,0.0234375,-0.103515625,-0.427734375,0.01953125,-0.037109375,-0.01171875,0,0
1779629292.207005,0.0234375,-0.103515625,-0.427734375,0.01953125,-0.02734375,-0.01171875,0,0
1779629292.214966,0.0234375,-0.111328125,-0.375,0.01953125,-0.02734375,-0.01171875,0,0
1779629292.230958,0.041015625,-0.103515625,-0.29296875,0.01953125,-0.02734375,-0.01171875,0,0
1779629292.246995,0.064453125,-0.099609375,-0.224609375,0.01953125,-0.02734375,-0.01171875,0,0
1779629292.254969,0.064453125,-0.099609375,-0.224609375,0.01953125,0.025390625,-0.01171875,0,0
1779629292.263002,0.068359375,-0.08984375,-0.189453125,0.01953125,0.025390625,-0.01171875,0,0
1779629292.270984,0.068359375,-0.08984375,-0.189453125,0.01953125,0.03515625,-0.01171875,0,0
1779629292.278982,0.04296875,-0.08203125,-0.173828125,0.01953125,0.03515625,-0.01171875,0,0
1779629292.286975,0.04296875,-0.08203125,-0.173828125,0.01953125,0.015625,-0.01171875,0,0
1779629292.295009,0.01953125,-0.07421875,-0.162109375,0.01953125,0.015625,-0.01171875,0,0
1779629292.310955,0.013671875,-0.072265625,-0.16015625,0.01953125,0.015625,-0.01171875,0,0
1779629292.326947,0.01171875,-0.09765625,-0.19921875,0.01953125,0.015625,-0.01171875,0,0
1779629292.342930,0.02734375,-0.1328125,-0.23828125,0.01953125,0.015625,-0.01171875,0,0
1779629292.358898,0.03515625,-0.15234375,-0.279296875,0.01953125,0.015625,-0.01171875,0,0
1779629292.374892,0.037109375,-0.158203125,-0.306640625,0.01953125,0.015625,-0.01171875,0,0
1779629292.382985,0.037109375,-0.158203125,-0.306640625,0.01953125,0.0,-0.01171875,0,0
1779629292.390953,0.0234375,-0.158203125,-0.33203125,0.01953125,0.0,-0.01171875,0,0
1779629292.406988,0.013671875,-0.158203125,-0.357421875,0.01953125,0.0,-0.01171875,0,0
1779629292.422975,0.009765625,-0.158203125,-0.376953125,0.01953125,0.0,-0.01171875,0,0
1779629292.438999,0.013671875,-0.15234375,-0.380859375,0.01953125,0.0,-0.01171875,0,0
1779629292.455025,0.009765625,-0.146484375,-0.388671875,0.01953125,0.0,-0.01171875,0,0
1779629292.470949,0.0,-0.140625,-0.388671875,0.01953125,0.0,-0.01171875,0,0
1779629292.486968,0.0,-0.134765625,-0.376953125,0.01953125,0.0,-0.01171875,0,0
1779629292.502950,0.0,-0.126953125,-0.345703125,0.01953125,0.0,-0.01171875,0,0
1779629292.519011,0.00390625,-0.109375,-0.298828125,0.01953125,0.0,-0.01171875,0,0
1779629292.534987,0.009765625,-0.09375,-0.2578125,0.01953125,0.0,-0.01171875,0,0
1779629292.551033,0.009765625,-0.0859375,-0.23828125,0.01953125,0.0,-0.01171875,0,0
1779629292.566958,0.009765625,-0.080078125,-0.22265625,0.01953125,0.0,-0.01171875,0,0
1779629292.582972,0.009765625,-0.07421875,-0.205078125,0.01953125,0.0,-0.01171875,0,0
1779629292.598964,0.005859375,-0.06640625,-0.185546875,0.01953125,0.0,-0.01171875,0,0
1779629292.614967,0.0,-0.060546875,-0.16796875,0.01953125,0.0,-0.01171875,0,0
1779629292.630966,0.0,-0.056640625,-0.150390625,0.01953125,0.0,-0.01171875,0,0
1779629292.647000,0.0,-0.052734375,-0.138671875,0.01953125,0.0,-0.01171875,0,0
1779629292.662971,0.0,-0.044921875,-0.111328125,0.01953125,0.0,-0.01171875,0,0
1779629292.678983,0.00390625,-0.033203125,-0.0703125,0.01953125,0.0,-0.01171875,0,0
1779629292.694956,0.0078125,-0.01953125,-0.0390625,0.01953125,0.0,-0.01171875,0,0
1779629292.710984,0.005859375,-0.013671875,-0.015625,0.01953125,0.0,-0.01171875,0,0
1779629292.726962,0.005859375,-0.0078125,-0.015625,0.01953125,0.0,-0.01171875,0,0
1779629292.756956,0.0,0.0,0.0,0.0,0.0,0.0,0,0
1779629292.787983,0.0,0.0,0.0,0.0,0.0,0.0,0,0
1779629292.818969,0.0,0.0,0.0,0.0,0.0,0.0,0,0
1779629292.849956,0.0,0.0,0.0,0.0,0.0,0.0,0,0
1779629292.880924,0.0,0.0,0.0,0.0,0.0,0.0,0,0
1779629292.911982,0.0,0.0,0.0,0.0,0.0,0.0,0,0
1779629292.942969,0.0,0.0,0.0,0.0,0.0,0.0,0,0
1779629292.973983,0.0,0.0,0.0,0.0,0.0,0.0,0,0
1779629293.004998,0.0,0.0,0.0,0.0,0.0,0.0,0,0
1779629293.035962,0.0,0.0,0.0,0.0,0.0,0.0,0,0
1779629293.066953,0.0,0.0,0.0,0.0,0.0,0.0,0,0
1779629293.097978,0.0,0.0,0.0,0.0,0.0,0.0,0,0
1779629293.129010,0.0,0.0,0.0,0.0,0.0,0.0,0,0
1779629293.160004,0.0,0.0,0.0,0.0,0.0,0.0,0,0
1779629293.190984,0.0,0.0,0.0,0.0,0.0,0.0,0,0
1779629293.221983,0.0,0.0,0.0,0.0,0.0,0.0,0,0
1779629293.252986,0.0,0.0,0.0,0.0,0.0,0.0,0,0
1779629293.283992,0.0,0.0,0.0,0.0,0.0,0.0,0,0
1779629293.314978,0.0,0.0,0.0,0.0,0.0,0.0,0,0
1779629293.345984,0.0,0.0,0.0,0.0,0.0,0.0,0,0
1779629293.377001,0.0,0.0,0.0,0.0,0.0,0.0,0,0
1779629293.399010,0.005859375,-0.0078125,-0.015625,0.005859375,0.0,-0.01171875,0,0
1779629293.414971,0.005859375,-0.0078125,-0.015625,0.0234375,0.0,-0.01171875,0,0
1779629293.430966,0.005859375,-0.0078125,-0.015625,0.048828125,0.0,-0.01171875,0,0
1779629293.447031,0.005859375,-0.0078125,-0.015625,0.095703125,0.0,-0.01171875,0,0
1779629293.462961,0.005859375,-0.0078125,-0.015625,0.162109375,0.0,-0.01171875,0,0
1779629293.478949,0.005859375,-0.0078125,-0.015625,0.248046875,-0.0078125,-0.01171875,0,0
1779629293.486962,0.005859375,-0.00390625,-0.015625,0.248046875,-0.0078125,-0.01171875,0,0
1779629293.494970,0.005859375,-0.00390625,-0.015625,0.3203125,-0.013671875,-0.01171875,0,0
1779629293.503037,0.005859375,-0.005859375,-0.015625,0.3203125,-0.013671875,-0.01171875,0,0
1779629293.511029,0.005859375,-0.005859375,-0.015625,0.357421875,-0.01953125,-0.01171875,0,0
1779629293.519032,0.005859375,-0.01953125,-0.015625,0.357421875,-0.01953125,-0.01171875,0,0
1779629293.527005,0.005859375,-0.01953125,-0.015625,0.3984375,-0.015625,-0.01171875,0,0
1779629293.534972,0.009765625,-0.029296875,-0.015625,0.3984375,-0.015625,-0.01171875,0,0
1779629293.542957,0.009765625,-0.029296875,-0.015625,0.42578125,0.0,-0.01171875,0,0
1779629293.550964,0.025390625,-0.03125,-0.015625,0.42578125,0.0,-0.01171875,0,0
1779629293.558970,0.025390625,-0.03125,-0.015625,0.443359375,0.0,-0.01171875,0,0
1779629293.566928,0.025390625,-0.04296875,-0.015625,0.443359375,0.0,-0.01171875,0,0
1779629293.574974,0.025390625,-0.04296875,-0.015625,0.4765625,0.0,-0.01171875,0,0
1779629293.582901,0.03125,-0.048828125,-0.015625,0.4765625,0.0,-0.01171875,0,0
1779629293.590948,0.03125,-0.048828125,-0.015625,0.5078125,0.0,-0.01171875,0,0
1779629293.598925,0.03125,-0.056640625,-0.015625,0.5078125,0.0,-0.01171875,0,0
1779629293.607026,0.03125,-0.056640625,-0.015625,0.54296875,0.0,-0.01171875,0,0
1779629293.615012,0.03125,-0.0625,-0.015625,0.54296875,0.0,-0.01171875,0,0
1779629293.622990,0.03125,-0.0625,-0.015625,0.572265625,0.0,-0.01171875,0,0
1779629293.630987,0.033203125,-0.06640625,-0.015625,0.572265625,0.0,-0.01171875,0,0
1779629293.638977,0.033203125,-0.06640625,-0.015625,0.599609375,0.0,-0.01171875,0,0
1779629293.646956,0.0390625,-0.0703125,-0.015625,0.599609375,0.0,-0.01171875,0,0
1779629293.654996,0.0390625,-0.0703125,-0.015625,0.615234375,0.0,-0.01171875,0,0
1779629293.662967,0.05078125,-0.072265625,-0.015625,0.615234375,0.0,-0.01171875,0,0
1779629293.670965,0.05078125,-0.072265625,-0.015625,0.630859375,0.0,-0.01171875,0,0
1779629293.678957,0.056640625,-0.080078125,-0.015625,0.630859375,0.0,-0.01171875,0,0
1779629293.686994,0.056640625,-0.080078125,-0.015625,0.646484375,0.0,-0.01171875,0,0
1779629293.695007,0.060546875,-0.08984375,-0.015625,0.646484375,0.0,-0.01171875,0,0
1779629293.702964,0.060546875,-0.08984375,-0.015625,0.673828125,0.0,-0.01171875,0,0
1779629293.710994,0.060546875,-0.09375,-0.015625,0.673828125,0.0,-0.01171875,0,0
1779629293.718969,0.060546875,-0.09375,-0.015625,0.68359375,0.0,-0.01171875,0,0
1779629293.726962,0.0625,-0.099609375,-0.015625,0.68359375,0.0,-0.01171875,0,0
1779629293.734952,0.0625,-0.099609375,-0.015625,0.68359375,0.0,-0.01171875,0,0
1779629293.742957,0.068359375,-0.103515625,-0.015625,0.68359375,0.0,-0.01171875,0,0
1779629293.750975,0.068359375,-0.103515625,-0.015625,0.68359375,0.0,-0.01171875,0,0
1779629293.758940,0.072265625,-0.107421875,-0.015625,0.68359375,0.0,-0.01171875,0,0
1779629293.767066,0.072265625,-0.107421875,-0.015625,0.68359375,0.0,-0.01171875,0,0
1779629293.774983,0.072265625,-0.107421875,-0.015625,0.68359375,0.0,-0.01171875,0,0
1779629293.783009,0.072265625,-0.107421875,-0.015625,0.68359375,0.0,-0.01171875,0,0
1779629293.790952,0.068359375,-0.10546875,-0.015625,0.68359375,0.0,-0.01171875,0,0
1779629293.799008,0.068359375,-0.10546875,-0.015625,0.68359375,0.0,-0.01171875,0,0
1779629293.806984,0.064453125,-0.10546875,-0.015625,0.68359375,0.0,-0.01171875,0,0
1779629293.815000,0.064453125,-0.10546875,-0.015625,0.68359375,0.0,-0.01171875,0,0
1779629293.823028,0.052734375,-0.10546875,-0.015625,0.68359375,0.0,-0.01171875,0,0
1779629293.830969,0.052734375,-0.10546875,-0.015625,0.68359375,-0.00390625,-0.01171875,0,0
1779629293.838964,0.048828125,-0.103515625,-0.015625,0.68359375,-0.00390625,-0.01171875,0,0
1779629293.846983,0.048828125,-0.103515625,-0.015625,0.68359375,-0.005859375,-0.01171875,0,0
1779629293.854941,0.046875,-0.099609375,-0.015625,0.68359375,-0.005859375,-0.01171875,0,0
1779629293.862989,0.046875,-0.099609375,-0.015625,0.68359375,-0.005859375,-0.01171875,0,0
1779629293.871013,0.041015625,-0.09765625,-0.015625,0.68359375,-0.005859375,-0.01171875,0,0
1779629293.879044,0.041015625,-0.09765625,-0.015625,0.68359375,-0.009765625,-0.01171875,0,0
1779629293.886938,0.041015625,-0.091796875,-0.015625,0.68359375,-0.009765625,-0.01171875,0,0
1779629293.894956,0.041015625,-0.091796875,-0.015625,0.68359375,-0.0078125,-0.01171875,0,0
1779629293.902908,0.041015625,-0.0859375,-0.015625,0.68359375,-0.0078125,-0.01171875,0,0
1779629293.910920,0.041015625,-0.0859375,-0.015625,0.68359375,-0.00390625,-0.01171875,0,0
1779629293.918951,0.041015625,-0.078125,-0.015625,0.68359375,-0.00390625,-0.01171875,0,0
1779629293.926942,0.041015625,-0.078125,-0.015625,0.68359375,-0.00390625,-0.01171875,0,0
1779629293.934935,0.03515625,-0.072265625,-0.015625,0.68359375,-0.00390625,-0.01171875,0,0
1779629293.942982,0.03515625,-0.072265625,-0.015625,0.68359375,-0.00390625,-0.01171875,0,0
1779629293.950942,0.03125,-0.0703125,-0.015625,0.68359375,-0.00390625,-0.01171875,0,0
1779629293.958952,0.03125,-0.0703125,-0.015625,0.68359375,0.0,-0.01171875,0,0
1779629293.966999,0.033203125,-0.0703125,-0.015625,0.68359375,0.0,-0.01171875,0,0
1779629293.975002,0.033203125,-0.0703125,-0.015625,0.654296875,0.0,-0.01171875,0,0
1779629293.982967,0.03125,-0.0703125,-0.015625,0.654296875,0.0,-0.01171875,0,0
1779629293.990920,0.03125,-0.0703125,-0.015625,0.5859375,0.0,-0.01171875,0,0
1779629293.998957,0.01171875,-0.0625,-0.015625,0.5859375,0.0,-0.01171875,0,0
1779629294.006938,0.01171875,-0.0625,-0.015625,0.484375,0.0,-0.01171875,0,0
1779629294.014968,0.01171875,-0.052734375,-0.015625,0.484375,0.0,-0.01171875,0,0
1779629294.022939,0.01171875,-0.052734375,-0.015625,0.400390625,0.0,-0.01171875,0,0
1779629294.031000,0.01171875,-0.05078125,-0.015625,0.400390625,0.0,-0.01171875,0,0
1779629294.038942,0.01171875,-0.05078125,-0.015625,0.27734375,0.0,-0.01171875,0,0
1779629294.046969,0.01171875,-0.044921875,-0.015625,0.27734375,0.0,-0.01171875,0,0
1779629294.054943,0.01171875,-0.044921875,-0.015625,0.15625,0.0,-0.01171875,0,0
1779629294.063038,0.01171875,-0.02734375,-0.015625,0.15625,0.0,-0.01171875,0,0
1779629294.070958,0.01171875,-0.02734375,-0.015625,0.048828125,0.0,-0.01171875,0,0
1779629294.078962,0.01171875,-0.005859375,-0.015625,0.048828125,0.0,-0.01171875,0,0
1779629294.094978,0.01171875,-0.005859375,-0.015625,0.048828125,0.0,-0.01171875,0,0
1779629294.102990,0.01171875,-0.005859375,-0.015625,0.0,0.0,-0.01171875,0,0
1779629294.111020,0.01171875,0.0,-0.015625,0.0,0.0,-0.01171875,0,0
1779629294.119025,0.01171875,0.0,-0.015625,0.021484375,0.0,-0.01171875,0,0
1779629294.134995,0.01171875,0.0,-0.015625,0.01953125,0.0,-0.01171875,0,0
1779629294.151005,0.01171875,0.0,-0.015625,0.015625,0.0,-0.01171875,0,0
1779629294.180953,0.0,0.0,0.0,0.0,0.0,0.0,0,0
1779629294.198959,0.01171875,0.0,-0.015625,0.00390625,0.0,-0.01171875,0,0
1779629294.214947,0.01171875,0.0,-0.015625,0.013671875,0.0,-0.01171875,0,0
1779629294.231008,0.01171875,0.0,-0.015625,0.01953125,0.0,-0.01171875,0,0
1779629294.246974,0.01171875,0.0,-0.015625,0.048828125,0.0,-0.01171875,0,0
1779629294.263000,0.01171875,0.0,-0.015625,0.091796875,0.0,-0.01171875,0,0
1779629294.278917,0.01171875,0.0,-0.015625,0.15234375,0.0,-0.01171875,0,0
1779629294.294981,0.01171875,0.0,-0.015625,0.23828125,-0.01171875,-0.01171875,0,0
1779629294.310973,0.01171875,0.0,-0.015625,0.302734375,-0.015625,-0.01171875,0,0
1779629294.326984,0.01171875,0.0,-0.015625,0.359375,-0.017578125,-0.01171875,0,0
1779629294.343014,0.01171875,0.0,-0.015625,0.400390625,-0.03125,-0.01171875,0,0
1779629294.358981,0.01171875,0.0,-0.015625,0.42578125,-0.0390625,-0.01171875,0,0
1779629294.366959,0.01171875,0.0,-0.00390625,0.42578125,-0.0390625,-0.01171875,0,0
1779629294.374952,0.01171875,0.0,-0.00390625,0.453125,-0.04296875,-0.01171875,0,0
1779629294.382967,0.01171875,0.0,-0.013671875,0.453125,-0.04296875,-0.01171875,0,0
1779629294.390911,0.01171875,0.0,-0.013671875,0.50390625,-0.056640625,-0.01171875,0,0
1779629294.398979,0.01171875,0.0,-0.013671875,0.50390625,-0.056640625,-0.01171875,0,0
1779629294.407027,0.01171875,0.0,-0.013671875,0.5625,-0.064453125,-0.01171875,0,0
1779629294.414949,0.01171875,0.0,-0.00390625,0.5625,-0.064453125,-0.01171875,0,0
1779629294.422970,0.01171875,0.0,-0.00390625,0.6171875,-0.06640625,-0.005859375,0,0
1779629294.431012,0.005859375,0.0,-0.009765625,0.6171875,-0.06640625,-0.005859375,0,0
1779629294.438961,0.005859375,0.0,-0.009765625,0.654296875,-0.0703125,-0.0078125,0,0
1779629294.446973,0.0078125,0.0,-0.01953125,0.654296875,-0.0703125,-0.0078125,0,0
1779629294.454963,0.0078125,0.0,-0.01953125,0.68359375,-0.07421875,-0.01171875,0,0
1779629294.462970,0.009765625,0.0,-0.0234375,0.68359375,-0.07421875,-0.01171875,0,0
1779629294.470964,0.009765625,0.0,-0.0234375,0.68359375,-0.076171875,-0.01953125,0,0
1779629294.478961,0.015625,-0.013671875,-0.0234375,0.68359375,-0.076171875,-0.01953125,0,0
1779629294.486929,0.015625,-0.013671875,-0.0234375,0.68359375,-0.07421875,-0.02734375,0,0
1779629294.494935,0.01953125,-0.01953125,-0.02734375,0.68359375,-0.07421875,-0.02734375,0,0
1779629294.502907,0.01953125,-0.01953125,-0.02734375,0.68359375,-0.06640625,-0.03515625,0,0
1779629294.510935,0.025390625,-0.01953125,-0.029296875,0.68359375,-0.06640625,-0.03515625,0,0
1779629294.518910,0.025390625,-0.01953125,-0.029296875,0.68359375,-0.05859375,-0.037109375,0,0
1779629294.526970,0.025390625,-0.01953125,-0.02734375,0.68359375,-0.05859375,-0.037109375,0,0
1779629294.534966,0.025390625,-0.01953125,-0.02734375,0.68359375,-0.0546875,-0.037109375,0,0
1779629294.542983,0.02734375,-0.013671875,-0.025390625,0.68359375,-0.0546875,-0.037109375,0,0
1779629294.551008,0.02734375,-0.013671875,-0.025390625,0.68359375,-0.048828125,-0.041015625,0,0
1779629294.559003,0.025390625,-0.005859375,-0.033203125,0.68359375,-0.048828125,-0.041015625,0,0
1779629294.566955,0.025390625,-0.005859375,-0.033203125,0.68359375,-0.046875,-0.041015625,0,0
1779629294.574979,0.01953125,0.0,-0.037109375,0.68359375,-0.046875,-0.041015625,0,0
1779629294.583006,0.01953125,0.0,-0.037109375,0.68359375,-0.04296875,-0.041015625,0,0
1779629294.591002,0.017578125,0.0,-0.044921875,0.68359375,-0.04296875,-0.041015625,0,0
1779629294.598974,0.017578125,0.0,-0.044921875,0.68359375,-0.0390625,-0.04296875,0,0
1779629294.607027,0.017578125,-0.00390625,-0.046875,0.68359375,-0.0390625,-0.04296875,0,0
1779629294.615024,0.017578125,-0.00390625,-0.046875,0.68359375,-0.029296875,-0.046875,0,0
1779629294.622960,0.015625,-0.00390625,-0.052734375,0.68359375,-0.029296875,-0.046875,0,0
1779629294.630942,0.015625,-0.00390625,-0.052734375,0.68359375,-0.025390625,-0.05078125,0,0
1779629294.638911,0.01171875,-0.00390625,-0.056640625,0.68359375,-0.025390625,-0.05078125,0,0
1779629294.646901,0.01171875,-0.00390625,-0.056640625,0.66796875,-0.017578125,-0.052734375,0,0
1779629294.654930,0.01171875,0.0,-0.0546875,0.66796875,-0.017578125,-0.052734375,0,0
1779629294.663001,0.01171875,0.0,-0.0546875,0.66796875,-0.017578125,-0.052734375,0,0
1779629294.670984,0.009765625,0.0,-0.0546875,0.66796875,-0.017578125,-0.052734375,0,0
1779629294.678970,0.009765625,0.0,-0.0546875,0.66796875,-0.017578125,-0.052734375,0,0
1779629294.686955,0.005859375,0.0,-0.0546875,0.66796875,-0.017578125,-0.052734375,0,0
1779629294.695004,0.005859375,0.0,-0.0546875,0.666015625,-0.01953125,-0.052734375,0,0
1779629294.702991,0.0,0.0,-0.056640625,0.666015625,-0.01953125,-0.052734375,0,0
1779629294.710959,0.0,0.0,-0.056640625,0.662109375,-0.021484375,-0.052734375,0,0
1779629294.718956,0.0,0.0,-0.05859375,0.662109375,-0.021484375,-0.052734375,0,0
1779629294.726992,0.0,0.0,-0.05859375,0.662109375,-0.02734375,-0.052734375,0,0
1779629294.735008,0.0,0.0,-0.05859375,0.662109375,-0.02734375,-0.052734375,0,0
1779629294.742993,0.0,0.0,-0.05859375,0.666015625,-0.03125,-0.052734375,0,0
1779629294.751018,0.0,0.0,-0.05859375,0.666015625,-0.03125,-0.052734375,0,0
1779629294.759042,0.0,0.0,-0.05859375,0.66796875,-0.033203125,-0.05078125,0,0
1779629294.766953,0.0,0.0,-0.0625,0.66796875,-0.033203125,-0.05078125,0,0
1779629294.774994,0.0,0.0,-0.0625,0.6640625,-0.03125,-0.048828125,0,0
1779629294.783366,0.0,0.0,-0.06640625,0.6640625,-0.03125,-0.048828125,0,0
1779629294.790991,0.0,0.0,-0.06640625,0.66796875,-0.03515625,-0.046875,0,0
1779629294.799012,0.0,0.0,-0.06640625,0.66796875,-0.03515625,-0.046875,0,0
1779629294.807034,0.0,0.0,-0.06640625,0.681640625,-0.0390625,-0.046875,0,0
1779629294.814992,0.0,0.0,-0.06640625,0.681640625,-0.0390625,-0.046875,0,0
1779629294.822989,0.0,0.0,-0.06640625,0.68359375,-0.046875,-0.044921875,0,0
1779629294.831042,0.0,0.0,-0.068359375,0.68359375,-0.046875,-0.044921875,0,0
1779629294.839031,0.0,0.0,-0.068359375,0.68359375,-0.046875,-0.044921875,0,0
1779629294.847019,0.0,-0.00390625,-0.068359375,0.68359375,-0.046875,-0.044921875,0,0
1779629294.855009,0.0,-0.00390625,-0.068359375,0.68359375,-0.046875,-0.044921875,0,0
1779629294.862976,0.0,-0.005859375,-0.068359375,0.68359375,-0.046875,-0.044921875,0,0
1779629294.870997,0.0,-0.005859375,-0.068359375,0.68359375,-0.046875,-0.044921875,0,0
1779629294.879001,0.0,-0.005859375,-0.06640625,0.68359375,-0.046875,-0.044921875,0,0
1779629294.886966,0.0,-0.005859375,-0.06640625,0.68359375,-0.046875,-0.044921875,0,0
1779629294.895020,0.0,-0.00390625,-0.048828125,0.68359375,-0.046875,-0.044921875,0,0
1779629294.902978,0.0,-0.00390625,-0.048828125,0.68359375,-0.04296875,-0.044921875,0,0
1779629294.910974,0.0,-0.005859375,-0.033203125,0.68359375,-0.04296875,-0.044921875,0,0
1779629294.918982,0.0,-0.005859375,-0.033203125,0.68359375,-0.044921875,-0.046875,0,0
1779629294.926996,0.0,-0.0078125,-0.017578125,0.68359375,-0.044921875,-0.046875,0,0
1779629294.934984,0.0,-0.0078125,-0.017578125,0.68359375,-0.044921875,-0.046875,0,0
1779629294.942973,0.0,-0.013671875,-0.01171875,0.68359375,-0.044921875,-0.046875,0,0
1779629294.950963,0.0,-0.013671875,-0.01171875,0.68359375,-0.04296875,-0.046875,0,0
1779629294.958950,0.0,-0.015625,-0.009765625,0.68359375,-0.04296875,-0.046875,0,0
1779629294.966971,0.0,-0.015625,-0.009765625,0.68359375,-0.04296875,-0.048828125,0,0
1779629294.974957,0.0,-0.01953125,-0.013671875,0.68359375,-0.04296875,-0.048828125,0,0
1779629294.982926,0.0,-0.01953125,-0.013671875,0.68359375,-0.041015625,-0.05078125,0,0
1779629294.990960,0.0,-0.02734375,-0.021484375,0.68359375,-0.041015625,-0.05078125,0,0
1779629294.998992,0.0,-0.02734375,-0.021484375,0.68359375,-0.037109375,-0.05078125,0,0
1779629295.007024,0.0,-0.037109375,-0.033203125,0.68359375,-0.037109375,-0.05078125,0,0
1779629295.014968,0.0,-0.037109375,-0.033203125,0.68359375,-0.033203125,-0.05078125,0,0
1779629295.022943,0.0,-0.0390625,-0.05859375,0.68359375,-0.033203125,-0.05078125,0,0
1779629295.030957,0.0,-0.0390625,-0.05859375,0.68359375,-0.025390625,-0.046875,0,0
1779629295.038962,0.0,-0.0390625,-0.080078125,0.68359375,-0.025390625,-0.046875,0,0
1779629295.046974,0.0,-0.0390625,-0.080078125,0.68359375,-0.021484375,-0.044921875,0,0
1779629295.055016,0.0,-0.0390625,-0.109375,0.68359375,-0.021484375,-0.044921875,0,0
1779629295.062982,0.0,-0.0390625,-0.109375,0.68359375,-0.015625,-0.04296875,0,0
1779629295.070994,0.0,-0.037109375,-0.154296875,0.68359375,-0.015625,-0.04296875,0,0
1779629295.078982,0.0,-0.037109375,-0.154296875,0.673828125,-0.009765625,-0.0390625,0,0
1779629295.086946,0.0,-0.037109375,-0.189453125,0.673828125,-0.009765625,-0.0390625,0,0
1779629295.094951,0.0,-0.037109375,-0.189453125,0.599609375,-0.009765625,-0.03515625,0,0
1779629295.102968,0.0,-0.0390625,-0.203125,0.599609375,-0.009765625,-0.03515625,0,0
1779629295.110964,0.0,-0.0390625,-0.203125,0.568359375,-0.009765625,-0.03515625,0,0
1779629295.118983,0.0,-0.0390625,-0.216796875,0.568359375,-0.009765625,-0.03515625,0,0
1779629295.126976,0.0,-0.0390625,-0.216796875,0.51953125,-0.009765625,-0.03515625,0,0
1779629295.135007,0.0,-0.048828125,-0.2421875,0.51953125,-0.009765625,-0.03515625,0,0
1779629295.142989,0.0,-0.048828125,-0.2421875,0.48046875,-0.009765625,-0.03515625,0,0
1779629295.150985,0.0,-0.056640625,-0.26953125,0.48046875,-0.009765625,-0.03515625,0,0
1779629295.158982,0.0,-0.056640625,-0.26953125,0.443359375,-0.01171875,-0.03515625,0,0
1779629295.166998,0.0,-0.05859375,-0.28515625,0.443359375,-0.01171875,-0.03515625,0,0
1779629295.174960,0.0,-0.05859375,-0.28515625,0.4140625,-0.0234375,-0.03515625,0,0
1779629295.182960,0.0,-0.05859375,-0.30859375,0.4140625,-0.0234375,-0.03515625,0,0
1779629295.190970,0.0,-0.05859375,-0.30859375,0.400390625,-0.03515625,-0.03125,0,0
1779629295.199042,-0.005859375,-0.05078125,-0.3359375,0.400390625,-0.03515625,-0.03125,0,0
1779629295.206996,-0.005859375,-0.05078125,-0.3359375,0.375,-0.041015625,-0.03125,0,0
1779629295.214938,-0.021484375,-0.0390625,-0.361328125,0.375,-0.041015625,-0.03125,0,0
1779629295.222954,-0.021484375,-0.0390625,-0.361328125,0.349609375,-0.046875,-0.03125,0,0
1779629295.230995,-0.04296875,-0.02734375,-0.37890625,0.349609375,-0.046875,-0.03125,0,0
1779629295.238994,-0.04296875,-0.02734375,-0.37890625,0.314453125,-0.05859375,-0.02734375,0,0
1779629295.246916,-0.06640625,-0.021484375,-0.390625,0.314453125,-0.05859375,-0.02734375,0,0
1779629295.255046,-0.06640625,-0.021484375,-0.390625,0.28515625,-0.078125,-0.021484375,0,0
1779629295.263053,-0.08203125,-0.021484375,-0.408203125,0.28515625,-0.078125,-0.021484375,0,0
1779629295.270993,-0.08203125,-0.021484375,-0.408203125,0.271484375,-0.08984375,-0.015625,0,0
1779629295.278936,-0.083984375,-0.025390625,-0.423828125,0.271484375,-0.08984375,-0.015625,0,0
1779629295.286923,-0.083984375,-0.025390625,-0.423828125,0.25390625,-0.091796875,-0.009765625,0,0
1779629295.294987,-0.080078125,-0.025390625,-0.447265625,0.25390625,-0.091796875,-0.009765625,0,0
1779629295.302999,-0.080078125,-0.025390625,-0.447265625,0.228515625,-0.087890625,-0.0078125,0,0
1779629295.310951,-0.076171875,-0.017578125,-0.470703125,0.228515625,-0.087890625,-0.0078125,0,0
1779629295.319006,-0.076171875,-0.017578125,-0.470703125,0.197265625,-0.08203125,-0.0078125,0,0
1779629295.326916,-0.09375,-0.009765625,-0.49609375,0.197265625,-0.08203125,-0.0078125,0,0
1779629295.334966,-0.09375,-0.009765625,-0.49609375,0.171875,-0.08984375,-0.0078125,0,0
1779629295.342947,-0.123046875,-0.013671875,-0.517578125,0.171875,-0.08984375,-0.0078125,0,0
1779629295.350981,-0.123046875,-0.013671875,-0.517578125,0.162109375,-0.107421875,-0.0078125,0,0
1779629295.358943,-0.134765625,-0.017578125,-0.5234375,0.162109375,-0.107421875,-0.0078125,0,0
1779629295.367404,-0.134765625,-0.017578125,-0.5234375,0.1484375,-0.11328125,-0.0078125,0,0
1779629295.374984,-0.134765625,-0.017578125,-0.5234375,0.1484375,-0.11328125,-0.0078125,0,0
1779629295.383003,-0.134765625,-0.017578125,-0.5234375,0.138671875,-0.11328125,-0.00390625,0,0
1779629295.390965,-0.123046875,-0.01953125,-0.513671875,0.138671875,-0.11328125,-0.00390625,0,0
1779629295.399011,-0.123046875,-0.01953125,-0.513671875,0.12109375,-0.103515625,-0.00390625,0,0
1779629295.406934,-0.107421875,-0.01953125,-0.498046875,0.12109375,-0.103515625,-0.00390625,0,0
1779629295.414976,-0.107421875,-0.01953125,-0.498046875,0.1015625,-0.091796875,-0.00390625,0,0
1779629295.422944,-0.095703125,-0.015625,-0.490234375,0.1015625,-0.091796875,-0.00390625,0,0
1779629295.430966,-0.095703125,-0.015625,-0.490234375,0.087890625,-0.08203125,-0.00390625,0,0
1779629295.438944,-0.09375,-0.0078125,-0.484375,0.087890625,-0.08203125,-0.00390625,0,0
1779629295.446949,-0.09375,-0.0078125,-0.484375,0.080078125,-0.078125,-0.00390625,0,0
1779629295.454953,-0.09375,-0.00390625,-0.45703125,0.080078125,-0.078125,-0.00390625,0,0
1779629295.463023,-0.09375,-0.00390625,-0.45703125,0.080078125,-0.07421875,-0.00390625,0,0
1779629295.470995,-0.078125,-0.00390625,-0.37109375,0.080078125,-0.07421875,-0.00390625,0,0
1779629295.478970,-0.078125,-0.00390625,-0.37109375,0.080078125,-0.04296875,-0.00390625,0,0
1779629295.486958,-0.03515625,-0.00390625,-0.2109375,0.080078125,-0.04296875,-0.00390625,0,0
1779629295.494972,-0.03515625,-0.00390625,-0.2109375,0.076171875,-0.04296875,0.0,0,0
1779629295.502967,-0.013671875,-0.00390625,-0.09375,0.076171875,-0.04296875,0.0,0,0
1779629295.510958,-0.013671875,-0.00390625,-0.09375,0.0625,-0.04296875,0.0,0,0
1779629295.518953,-0.015625,-0.00390625,-0.0234375,0.0625,-0.04296875,0.0,0,0
1779629295.526968,-0.015625,-0.00390625,-0.0234375,0.01953125,-0.04296875,0.0,0,0
1779629295.534984,-0.021484375,-0.00390625,-0.005859375,0.01953125,-0.04296875,0.0,0,0
1779629295.550952,-0.009765625,-0.00390625,-0.005859375,0.01953125,-0.04296875,0.0,0,0
1779629295.566937,-0.005859375,-0.00390625,-0.005859375,0.01953125,-0.04296875,0.0,0,0
1779629295.596992,0.0,0.0,0.0,0.0,0.0,0.0,0,0
1779629295.627999,0.0,0.0,0.0,0.0,0.0,0.0,0,0
1779629295.658922,0.0,0.0,0.0,0.0,0.0,0.0,0,0
1779629295.689930,0.0,0.0,0.0,0.0,0.0,0.0,0,0
1779629295.720962,0.0,0.0,0.0,0.0,0.0,0.0,0,0
1779629295.751955,0.0,0.0,0.0,0.0,0.0,0.0,0,0
1779629295.782917,0.0,0.0,0.0,0.0,0.0,0.0,0,0
1779629295.813899,0.0,0.0,0.0,0.0,0.0,0.0,0,0
1779629295.845035,0.0,0.0,0.0,0.0,0.0,0.0,0,0
1779629295.875983,0.0,0.0,0.0,0.0,0.0,0.0,0,0
1779629295.906958,0.0,0.0,0.0,0.0,0.0,0.0,0,0
1779629295.938024,0.0,0.0,0.0,0.0,0.0,0.0,0,0
1779629295.968947,0.0,0.0,0.0,0.0,0.0,0.0,0,0
1779629295.999964,0.0,0.0,0.0,0.0,0.0,0.0,0,0
1779629296.031002,0.0,0.0,0.0,0.0,0.0,0.0,0,0
1779629296.061972,0.0,0.0,0.0,0.0,0.0,0.0,0,0
1779629296.092979,0.0,0.0,0.0,0.0,0.0,0.0,0,0
1779629296.123965,0.0,0.0,0.0,0.0,0.0,0.0,0,0
1779629296.154908,0.0,0.0,0.0,0.0,0.0,0.0,0,0
1779629296.185992,0.0,0.0,0.0,0.0,0.0,0.0,0,0
1779629296.216990,0.0,0.0,0.0,0.0,0.0,0.0,0,0
1779629296.247955,0.0,0.0,0.0,0.0,0.0,0.0,0,0
1779629296.278986,0.0,0.0,0.0,0.0,0.0,0.0,0,0
1779629296.309971,0.0,0.0,0.0,0.0,0.0,0.0,0,0
1779629296.340987,0.0,0.0,0.0,0.0,0.0,0.0,0,0
1779629296.372002,0.0,0.0,0.0,0.0,0.0,0.0,0,0
1779629296.402936,0.0,0.0,0.0,0.0,0.0,0.0,0,0
1779629296.434007,0.0,0.0,0.0,0.0,0.0,0.0,0,0
1779629296.464946,0.0,0.0,0.0,0.0,0.0,0.0,0,0
1779629296.496059,0.0,0.0,0.0,0.0,0.0,0.0,0,0
1779629296.526994,0.0,0.0,0.0,0.0,0.0,0.0,0,0
1779629296.557927,0.0,0.0,0.0,0.0,0.0,0.0,0,0
1779629296.588994,0.0,0.0,0.0,0.0,0.0,0.0,0,0
1779629296.619965,0.0,0.0,0.0,0.0,0.0,0.0,0,0
1779629296.650968,0.0,0.0,0.0,0.0,0.0,0.0,0,0
1779629296.681990,0.0,0.0,0.0,0.0,0.0,0.0,0,0
1779629296.712971,0.0,0.0,0.0,0.0,0.0,0.0,0,0
1779629296.743974,0.0,0.0,0.0,0.0,0.0,0.0,0,0
1779629296.774965,0.0,0.0,0.0,0.0,0.0,0.0,0,0
1779629296.805950,0.0,0.0,0.0,0.0,0.0,0.0,0,0
1779629296.836964,0.0,0.0,0.0,0.0,0.0,0.0,0,0
1779629296.868981,0.0,0.0,0.0,0.0,0.0,0.0,0,0
1779629296.899971,0.0,0.0,0.0,0.0,0.0,0.0,0,0
1779629296.930960,0.0,0.0,0.0,0.0,0.0,0.0,0,0
1779629296.961987,0.0,0.0,0.0,0.0,0.0,0.0,0,0
1779629296.992981,0.0,0.0,0.0,0.0,0.0,0.0,0,0
1779629297.023964,0.0,0.0,0.0,0.0,0.0,0.0,0,0
1779629297.055043,0.0,0.0,0.0,0.0,0.0,0.0,0,0
1779629297.085994,0.0,0.0,0.0,0.0,0.0,0.0,0,0
1779629297.116978,0.0,0.0,0.0,0.0,0.0,0.0,0,0
1779629297.147990,0.0,0.0,0.0,0.0,0.0,0.0,0,0
1779629297.178990,0.0,0.0,0.0,0.0,0.0,0.0,0,0
1779629297.210030,0.0,0.0,0.0,0.0,0.0,0.0,0,0
1779629297.241018,0.0,0.0,0.0,0.0,0.0,0.0,0,0
1779629297.271963,0.0,0.0,0.0,0.0,0.0,0.0,0,0
1779629297.303034,0.0,0.0,0.0,0.0,0.0,0.0,0,0
1779629297.333914,0.0,0.0,0.0,0.0,0.0,0.0,0,0
1779629297.364960,0.0,0.0,0.0,0.0,0.0,0.0,0,0
1779629297.395950,0.0,0.0,0.0,0.0,0.0,0.0,0,0
1779629297.426991,0.0,0.0,0.0,0.0,0.0,0.0,0,0
1779629297.457926,0.0,0.0,0.0,0.0,0.0,0.0,0,0
1779629297.488994,0.0,0.0,0.0,0.0,0.0,0.0,0,0
1779629297.520048,0.0,0.0,0.0,0.0,0.0,0.0,0,0
1779629297.551022,0.0,0.0,0.0,0.0,0.0,0.0,0,0
1779629297.581991,0.0,0.0,0.0,0.0,0.0,0.0,0,0
1779629297.612974,0.0,0.0,0.0,0.0,0.0,0.0,0,0
1779629297.643991,0.0,0.0,0.0,0.0,0.0,0.0,0,0
1779629297.674963,0.0,0.0,0.0,0.0,0.0,0.0,0,0
1779629297.705963,0.0,0.0,0.0,0.0,0.0,0.0,0,0
1779629297.736965,0.0,0.0,0.0,0.0,0.0,0.0,0,0
1779629297.767960,0.0,0.0,0.0,0.0,0.0,0.0,0,0
1779629297.798937,0.0,0.0,0.0,0.0,0.0,0.0,0,0
1779629297.829942,0.0,0.0,0.0,0.0,0.0,0.0,0,0
1779629297.860959,0.0,0.0,0.0,0.0,0.0,0.0,0,0
1779629297.891982,0.0,0.0,0.0,0.0,0.0,0.0,0,0
1779629297.922956,0.0,0.0,0.0,0.0,0.0,0.0,0,0
1779629297.953970,0.0,0.0,0.0,0.0,0.0,0.0,0,0
1779629297.984978,0.0,0.0,0.0,0.0,0.0,0.0,0,0
1779629298.015934,0.0,0.0,0.0,0.0,0.0,0.0,0,0
1779629298.047052,0.0,0.0,0.0,0.0,0.0,0.0,0,0
1779629298.077992,0.0,0.0,0.0,0.0,0.0,0.0,0,0
1779629298.109002,0.0,0.0,0.0,0.0,0.0,0.0,0,0
1779629298.139992,0.0,0.0,0.0,0.0,0.0,0.0,0,0
1779629298.171011,0.0,0.0,0.0,0.0,0.0,0.0,0,0
1779629298.201996,0.0,0.0,0.0,0.0,0.0,0.0,0,0
1779629298.233015,0.0,0.0,0.0,0.0,0.0,0.0,0,0
1779629298.263989,0.0,0.0,0.0,0.0,0.0,0.0,0,0
1779629298.295070,0.0,0.0,0.0,0.0,0.0,0.0,0,0
1779629298.325983,0.0,0.0,0.0,0.0,0.0,0.0,0,0
1779629298.356954,0.0,0.0,0.0,0.0,0.0,0.0,0,0
1779629298.388025,0.0,0.0,0.0,0.0,0.0,0.0,0,0
1779629298.418973,0.0,0.0,0.0,0.0,0.0,0.0,0,0
1779629298.449951,0.0,0.0,0.0,0.0,0.0,0.0,0,0
1779629298.480982,0.0,0.0,0.0,0.0,0.0,0.0,0,0
1779629298.511915,0.0,0.0,0.0,0.0,0.0,0.0,0,0
1779629298.542996,0.0,0.0,0.0,0.0,0.0,0.0,0,0
1779629298.573983,0.0,0.0,0.0,0.0,0.0,0.0,0,0
1779629298.605023,0.0,0.0,0.0,0.0,0.0,0.0,0,0
1779629298.635968,0.0,0.0,0.0,0.0,0.0,0.0,0,0
1779629298.666939,0.0,0.0,0.0,0.0,0.0,0.0,0,0
1779629298.697967,0.0,0.0,0.0,0.0,0.0,0.0,0,0
1779629298.728954,0.0,0.0,0.0,0.0,0.0,0.0,0,0
1779629298.759971,0.0,0.0,0.0,0.0,0.0,0.0,0,0
1779629298.790938,0.0,0.0,0.0,0.0,0.0,0.0,0,0
1779629298.821954,0.0,0.0,0.0,0.0,0.0,0.0,0,0
1779629298.852993,0.0,0.0,0.0,0.0,0.0,0.0,0,0
1779629298.883934,0.0,0.0,0.0,0.0,0.0,0.0,0,0
1779629298.915013,0.0,0.0,0.0,0.0,0.0,0.0,0,0
1779629298.946005,0.0,0.0,0.0,0.0,0.0,0.0,0,0
1779629298.977002,0.0,0.0,0.0,0.0,0.0,0.0,0,0
1779629299.007929,0.0,0.0,0.0,0.0,0.0,0.0,0,0
1779629299.038982,0.0,0.0,0.0,0.0,0.0,0.0,0,0
1779629299.069952,0.0,0.0,0.0,0.0,0.0,0.0,0,0
1779629299.100980,0.0,0.0,0.0,0.0,0.0,0.0,0,0
1779629299.131945,0.0,0.0,0.0,0.0,0.0,0.0,0,0
1779629299.163020,0.0,0.0,0.0,0.0,0.0,0.0,0,0
1779629299.194011,0.0,0.0,0.0,0.0,0.0,0.0,0,0
1779629299.224981,0.0,0.0,0.0,0.0,0.0,0.0,0,0
1779629299.255957,0.0,0.0,0.0,0.0,0.0,0.0,0,0
1779629299.286994,0.0,0.0,0.0,0.0,0.0,0.0,0,0
1779629299.317985,0.0,0.0,0.0,0.0,0.0,0.0,0,0
1779629299.348970,0.0,0.0,0.0,0.0,0.0,0.0,0,0
1779629299.380015,0.0,0.0,0.0,0.0,0.0,0.0,0,0
1779629299.410996,0.0,0.0,0.0,0.0,0.0,0.0,0,0
1779629299.441991,0.0,0.0,0.0,0.0,0.0,0.0,0,0
1779629299.473000,0.0,0.0,0.0,0.0,0.0,0.0,0,0
1779629299.504012,0.0,0.0,0.0,0.0,0.0,0.0,0,0
1779629299.535017,0.0,0.0,0.0,0.0,0.0,0.0,0,0
1779629299.566016,0.0,0.0,0.0,0.0,0.0,0.0,0,0
1779629299.597023,0.0,0.0,0.0,0.0,0.0,0.0,0,0
1779629299.628000,0.0,0.0,0.0,0.0,0.0,0.0,0,0
1779629299.658988,0.0,0.0,0.0,0.0,0.0,0.0,0,0
1779629299.690082,0.0,0.0,0.0,0.0,0.0,0.0,0,0
1779629299.720987,0.0,0.0,0.0,0.0,0.0,0.0,0,0
1779629299.751998,0.0,0.0,0.0,0.0,0.0,0.0,0,0
1779629299.783034,0.0,0.0,0.0,0.0,0.0,0.0,0,0
1779629299.813997,0.0,0.0,0.0,0.0,0.0,0.0,0,0
1779629299.845019,0.0,0.0,0.0,0.0,0.0,0.0,0,0
1779629299.876034,0.0,0.0,0.0,0.0,0.0,0.0,0,0
1779629299.906977,0.0,0.0,0.0,0.0,0.0,0.0,0,0
1779629299.937938,0.0,0.0,0.0,0.0,0.0,0.0,0,0
1779629299.968952,0.0,0.0,0.0,0.0,0.0,0.0,0,0
1779629299.999995,0.0,0.0,0.0,0.0,0.0,0.0,0,0
1779629300.031045,0.0,0.0,0.0,0.0,0.0,0.0,0,0
1779629300.061968,0.0,0.0,0.0,0.0,0.0,0.0,0,0
1779629300.092960,0.0,0.0,0.0,0.0,0.0,0.0,0,0
1779629300.123919,0.0,0.0,0.0,0.0,0.0,0.0,0,0
1779629300.154985,0.0,0.0,0.0,0.0,0.0,0.0,0,0
1779629300.185976,0.0,0.0,0.0,0.0,0.0,0.0,0,0
1779629300.216980,0.0,0.0,0.0,0.0,0.0,0.0,0,0
1779629300.247961,0.0,0.0,0.0,0.0,0.0,0.0,0,0
1779629300.278965,0.0,0.0,0.0,0.0,0.0,0.0,0,0
1779629300.309952,0.0,0.0,0.0,0.0,0.0,0.0,0,0
1779629300.340975,0.0,0.0,0.0,0.0,0.0,0.0,0,0
1779629300.371951,0.0,0.0,0.0,0.0,0.0,0.0,0,0
1779629300.402970,0.0,0.0,0.0,0.0,0.0,0.0,0,0
1779629300.433970,0.0,0.0,0.0,0.0,0.0,0.0,0,0
1779629300.465003,0.0,0.0,0.0,0.0,0.0,0.0,0,0
1779629300.495962,0.0,0.0,0.0,0.0,0.0,0.0,0,0
1779629300.526972,0.0,0.0,0.0,0.0,0.0,0.0,0,0
1779629300.557956,0.0,0.0,0.0,0.0,0.0,0.0,0,0
1779629300.589028,0.0,0.0,0.0,0.0,0.0,0.0,0,0
1779629300.619942,0.0,0.0,0.0,0.0,0.0,0.0,0,0
1779629300.651016,0.0,0.0,0.0,0.0,0.0,0.0,0,0
1779629300.682023,0.0,0.0,0.0,0.0,0.0,0.0,0,0
1779629300.712979,0.0,0.0,0.0,0.0,0.0,0.0,0,0
1779629300.744021,0.0,0.0,0.0,0.0,0.0,0.0,0,0
1779629300.774911,0.0,0.0,0.0,0.0,0.0,0.0,0,0
1779629300.805996,0.0,0.0,0.0,0.0,0.0,0.0,0,0
1779629300.837045,0.0,0.0,0.0,0.0,0.0,0.0,0,0
1779629300.867991,0.0,0.0,0.0,0.0,0.0,0.0,0,0
1779629300.899014,0.0,0.0,0.0,0.0,0.0,0.0,0,0
1779629300.929951,0.0,0.0,0.0,0.0,0.0,0.0,0,0
1779629300.961001,0.0,0.0,0.0,0.0,0.0,0.0,0,0
1779629300.992038,0.0,0.0,0.0,0.0,0.0,0.0,0,0
1779629301.023005,0.0,0.0,0.0,0.0,0.0,0.0,0,0
1779629301.054046,0.0,0.0,0.0,0.0,0.0,0.0,0,0
1779629301.084931,0.0,0.0,0.0,0.0,0.0,0.0,0,0
1779629301.115976,0.0,0.0,0.0,0.0,0.0,0.0,0,0
1779629301.146963,0.0,0.0,0.0,0.0,0.0,0.0,0,0
1779629301.177957,0.0,0.0,0.0,0.0,0.0,0.0,0,0
1779629301.208956,0.0,0.0,0.0,0.0,0.0,0.0,0,0
1779629301.239956,0.0,0.0,0.0,0.0,0.0,0.0,0,0
1779629301.270978,0.0,0.0,0.0,0.0,0.0,0.0,0,0
1779629301.302020,0.0,0.0,0.0,0.0,0.0,0.0,0,0
1779629301.333000,0.0,0.0,0.0,0.0,0.0,0.0,0,0
1779629301.364001,0.0,0.0,0.0,0.0,0.0,0.0,0,0
1779629301.394945,0.0,0.0,0.0,0.0,0.0,0.0,0,0
1779629301.425952,0.0,0.0,0.0,0.0,0.0,0.0,0,0
1779629301.456941,0.0,0.0,0.0,0.0,0.0,0.0,0,0
1779629301.487951,0.0,0.0,0.0,0.0,0.0,0.0,0,0
1779629301.519001,0.0,0.0,0.0,0.0,0.0,0.0,0,0
1779629301.549989,0.0,0.0,0.0,0.0,0.0,0.0,0,0
1779629301.580977,0.0,0.0,0.0,0.0,0.0,0.0,0,0
1779629301.611964,0.0,0.0,0.0,0.0,0.0,0.0,0,0
1779629301.643018,0.0,0.0,0.0,0.0,0.0,0.0,0,0
1779629301.674052,0.0,0.0,0.0,0.0,0.0,0.0,0,0
1779629301.704977,0.0,0.0,0.0,0.0,0.0,0.0,0,0
1779629301.735918,0.0,0.0,0.0,0.0,0.0,0.0,0,0
1779629301.766937,0.0,0.0,0.0,0.0,0.0,0.0,0,0
1779629301.798016,0.0,0.0,0.0,0.0,0.0,0.0,0,0
1779629301.828971,0.0,0.0,0.0,0.0,0.0,0.0,0,0
1779629301.859982,0.0,0.0,0.0,0.0,0.0,0.0,0,0
1779629301.890966,0.0,0.0,0.0,0.0,0.0,0.0,0,0
1779629301.921952,0.0,0.0,0.0,0.0,0.0,0.0,0,0
1779629301.952979,0.0,0.0,0.0,0.0,0.0,0.0,0,0
1779629301.984005,0.0,0.0,0.0,0.0,0.0,0.0,0,0
1779629302.015013,0.0,0.0,0.0,0.0,0.0,0.0,0,0
1779629302.045994,0.0,0.0,0.0,0.0,0.0,0.0,0,0
1779629302.076985,0.0,0.0,0.0,0.0,0.0,0.0,0,0
1779629302.107969,0.0,0.0,0.0,0.0,0.0,0.0,0,0
1779629302.138961,0.0,0.0,0.0,0.0,0.0,0.0,0,0
1779629302.169916,0.0,0.0,0.0,0.0,0.0,0.0,0,0
1779629302.200961,0.0,0.0,0.0,0.0,0.0,0.0,0,0
1779629302.232009,0.0,0.0,0.0,0.0,0.0,0.0,0,0
1779629302.262962,0.0,0.0,0.0,0.0,0.0,0.0,0,0
1779629302.293985,0.0,0.0,0.0,0.0,0.0,0.0,0,0
1779629302.324974,0.0,0.0,0.0,0.0,0.0,0.0,0,0
1779629302.355946,0.0,0.0,0.0,0.0,0.0,0.0,0,0
1779629302.386966,0.0,0.0,0.0,0.0,0.0,0.0,0,0
1779629302.417962,0.0,0.0,0.0,0.0,0.0,0.0,0,0
1779629302.448999,0.0,0.0,0.0,0.0,0.0,0.0,0,0
1779629302.479972,0.0,0.0,0.0,0.0,0.0,0.0,0,0
1779629302.510931,0.0,0.0,0.0,0.0,0.0,0.0,0,0
1779629302.541927,0.0,0.0,0.0,0.0,0.0,0.0,0,0
1779629302.572968,0.0,0.0,0.0,0.0,0.0,0.0,0,0
1779629302.603958,0.0,0.0,0.0,0.0,0.0,0.0,0,0
1779629302.634948,0.0,0.0,0.0,0.0,0.0,0.0,0,0
1779629302.665991,0.0,0.0,0.0,0.0,0.0,0.0,0,0
1779629302.696944,0.0,0.0,0.0,0.0,0.0,0.0,0,0
1779629302.727948,0.0,0.0,0.0,0.0,0.0,0.0,0,0
1779629302.759008,0.0,0.0,0.0,0.0,0.0,0.0,0,0
1779629302.789978,0.0,0.0,0.0,0.0,0.0,0.0,0,0
1779629302.821034,0.0,0.0,0.0,0.0,0.0,0.0,0,0
1779629302.851945,0.0,0.0,0.0,0.0,0.0,0.0,0,0
1779629302.882970,0.0,0.0,0.0,0.0,0.0,0.0,0,0
1779629302.914017,0.0,0.0,0.0,0.0,0.0,0.0,0,0
1779629302.944995,0.0,0.0,0.0,0.0,0.0,0.0,0,0
1779629302.975991,0.0,0.0,0.0,0.0,0.0,0.0,0,0
1779629303.006958,0.0,0.0,0.0,0.0,0.0,0.0,0,0
1779629303.038032,0.0,0.0,0.0,0.0,0.0,0.0,0,0
1779629303.069025,0.0,0.0,0.0,0.0,0.0,0.0,0,0
1779629303.100015,0.0,0.0,0.0,0.0,0.0,0.0,0,0
1779629303.130996,0.0,0.0,0.0,0.0,0.0,0.0,0,0
1779629303.162024,0.0,0.0,0.0,0.0,0.0,0.0,0,0
1779629303.193007,0.0,0.0,0.0,0.0,0.0,0.0,0,0
1779629303.223933,0.0,0.0,0.0,0.0,0.0,0.0,0,0
1779629303.255027,0.0,0.0,0.0,0.0,0.0,0.0,0,0
1779629303.286027,0.0,0.0,0.0,0.0,0.0,0.0,0,0
1779629303.316993,0.0,0.0,0.0,0.0,0.0,0.0,0,0
1779629303.347931,0.0,0.0,0.0,0.0,0.0,0.0,0,0
1779629303.378956,0.0,0.0,0.0,0.0,0.0,0.0,0,0
1779629303.410005,0.0,0.0,0.0,0.0,0.0,0.0,0,0
1779629303.440982,0.0,0.0,0.0,0.0,0.0,0.0,0,0
1779629303.471950,0.0,0.0,0.0,0.0,0.0,0.0,0,0
1779629303.502960,0.0,0.0,0.0,0.0,0.0,0.0,0,0
1779629303.536219,0.0,0.0,0.0,0.0,0.0,0.0,0,0
1779629303.567000,0.0,0.0,0.0,0.0,0.0,0.0,0,0
1779629303.597986,0.0,0.0,0.0,0.0,0.0,0.0,0,0
1779629303.629001,0.0,0.0,0.0,0.0,0.0,0.0,0,0
1779629303.660011,0.0,0.0,0.0,0.0,0.0,0.0,0,0
1779629303.690979,0.0,0.0,0.0,0.0,0.0,0.0,0,0
1779629303.721972,0.0,0.0,0.0,0.0,0.0,0.0,0,0
1779629303.752976,0.0,0.0,0.0,0.0,0.0,0.0,0,0
1779629303.783973,0.0,0.0,0.0,0.0,0.0,0.0,0,0
1779629303.814961,0.0,0.0,0.0,0.0,0.0,0.0,0,0
1779629303.846012,0.0,0.0,0.0,0.0,0.0,0.0,0,0
1779629303.877153,0.0,0.0,0.0,0.0,0.0,0.0,0,0
1779629303.907986,0.0,0.0,0.0,0.0,0.0,0.0,0,0
1779629303.938974,0.0,0.0,0.0,0.0,0.0,0.0,0,0
1779629303.969955,0.0,0.0,0.0,0.0,0.0,0.0,0,0
1779629304.000961,0.0,0.0,0.0,0.0,0.0,0.0,0,0
1779629304.031969,0.0,0.0,0.0,0.0,0.0,0.0,0,0
1779629304.063003,0.0,0.0,0.0,0.0,0.0,0.0,0,0
1779629304.093926,0.0,0.0,0.0,0.0,0.0,0.0,0,0
1779629304.125010,0.0,0.0,0.0,0.0,0.0,0.0,0,0
1779629304.155970,0.0,0.0,0.0,0.0,0.0,0.0,0,0
1779629304.186909,0.0,0.0,0.0,0.0,0.0,0.0,0,0
1779629304.217977,0.0,0.0,0.0,0.0,0.0,0.0,0,0
1779629304.248904,0.0,0.0,0.0,0.0,0.0,0.0,0,0
1779629304.279975,0.0,0.0,0.0,0.0,0.0,0.0,0,0
1779629304.311008,0.0,0.0,0.0,0.0,0.0,0.0,0,0
1779629304.342007,0.0,0.0,0.0,0.0,0.0,0.0,0,0
1779629304.373030,0.0,0.0,0.0,0.0,0.0,0.0,0,0
1779629304.404007,0.0,0.0,0.0,0.0,0.0,0.0,0,0
1779629304.435015,0.0,0.0,0.0,0.0,0.0,0.0,0,0
1779629304.465958,0.0,0.0,0.0,0.0,0.0,0.0,0,0
1779629304.496967,0.0,0.0,0.0,0.0,0.0,0.0,0,0
1779629304.527982,0.0,0.0,0.0,0.0,0.0,0.0,0,0
1779629304.559047,0.0,0.0,0.0,0.0,0.0,0.0,0,0
1779629304.590000,0.0,0.0,0.0,0.0,0.0,0.0,0,0
1779629304.620963,0.0,0.0,0.0,0.0,0.0,0.0,0,0
1779629304.651992,0.0,0.0,0.0,0.0,0.0,0.0,0,0
1779629304.683001,0.0,0.0,0.0,0.0,0.0,0.0,0,0
1779629304.713993,0.0,0.0,0.0,0.0,0.0,0.0,0,0
1779629304.745003,0.0,0.0,0.0,0.0,0.0,0.0,0,0
1779629304.776010,0.0,0.0,0.0,0.0,0.0,0.0,0,0
1779629304.807003,0.0,0.0,0.0,0.0,0.0,0.0,0,0
1779629304.837950,0.0,0.0,0.0,0.0,0.0,0.0,0,0
1779629304.868985,0.0,0.0,0.0,0.0,0.0,0.0,0,0
1779629304.900025,0.0,0.0,0.0,0.0,0.0,0.0,0,0
1779629304.930997,0.0,0.0,0.0,0.0,0.0,0.0,0,0
1779629304.961977,0.0,0.0,0.0,0.0,0.0,0.0,0,0
1779629304.992969,0.0,0.0,0.0,0.0,0.0,0.0,0,0
1779629305.024011,0.0,0.0,0.0,0.0,0.0,0.0,0,0
1779629305.055038,0.0,0.0,0.0,0.0,0.0,0.0,0,0
1779629305.085965,0.0,0.0,0.0,0.0,0.0,0.0,0,0
1779629305.116978,0.0,0.0,0.0,0.0,0.0,0.0,0,0
1779629305.147972,0.0,0.0,0.0,0.0,0.0,0.0,0,0
1779629305.178994,0.0,0.0,0.0,0.0,0.0,0.0,0,0
1779629305.210004,0.0,0.0,0.0,0.0,0.0,0.0,0,0
1779629305.241014,0.0,0.0,0.0,0.0,0.0,0.0,0,0
1779629305.272025,0.0,0.0,0.0,0.0,0.0,0.0,0,0
1779629305.302999,0.0,0.0,0.0,0.0,0.0,0.0,0,0
1779629305.333951,0.0,0.0,0.0,0.0,0.0,0.0,0,0
1779629305.364996,0.0,0.0,0.0,0.0,0.0,0.0,0,0
1779629305.395986,0.0,0.0,0.0,0.0,0.0,0.0,0,0
1779629305.426998,0.0,0.0,0.0,0.0,0.0,0.0,0,0
1779629305.458009,0.0,0.0,0.0,0.0,0.0,0.0,0,0
1779629305.488977,0.0,0.0,0.0,0.0,0.0,0.0,0,0
1779629305.519989,0.0,0.0,0.0,0.0,0.0,0.0,0,0
1779629305.550990,0.0,0.0,0.0,0.0,0.0,0.0,0,0
1779629305.582036,0.0,0.0,0.0,0.0,0.0,0.0,0,0
1779629305.612969,0.0,0.0,0.0,0.0,0.0,0.0,0,0
1779629305.644012,0.0,0.0,0.0,0.0,0.0,0.0,0,0
1779629305.674996,0.0,0.0,0.0,0.0,0.0,0.0,0,0
1779629305.705988,0.0,0.0,0.0,0.0,0.0,0.0,0,0
1779629305.737013,0.0,0.0,0.0,0.0,0.0,0.0,0,0
1779629305.768003,0.0,0.0,0.0,0.0,0.0,0.0,0,0
1779629305.798950,0.0,0.0,0.0,0.0,0.0,0.0,0,0
1779629305.830003,0.0,0.0,0.0,0.0,0.0,0.0,0,0
1779629305.860943,0.0,0.0,0.0,0.0,0.0,0.0,0,0
1779629305.891964,0.0,0.0,0.0,0.0,0.0,0.0,0,0
1779629305.923006,0.0,0.0,0.0,0.0,0.0,0.0,0,0
1779629305.954004,0.0,0.0,0.0,0.0,0.0,0.0,0,0
1779629305.985039,0.0,0.0,0.0,0.0,0.0,0.0,0,0
1779629306.015991,0.0,0.0,0.0,0.0,0.0,0.0,0,0
1779629306.046981,0.0,0.0,0.0,0.0,0.0,0.0,0,0
1779629306.077991,0.0,0.0,0.0,0.0,0.0,0.0,0,0
1779629306.108933,0.0,0.0,0.0,0.0,0.0,0.0,0,0
1779629306.139907,0.0,0.0,0.0,0.0,0.0,0.0,0,0
1779629306.171021,0.0,0.0,0.0,0.0,0.0,0.0,0,0
1779629306.201943,0.0,0.0,0.0,0.0,0.0,0.0,0,0
1779629306.232998,0.0,0.0,0.0,0.0,0.0,0.0,0,0
1779629306.263957,0.0,0.0,0.0,0.0,0.0,0.0,0,0
1779629306.294998,0.0,0.0,0.0,0.0,0.0,0.0,0,0
1779629306.326023,0.0,0.0,0.0,0.0,0.0,0.0,0,0
1779629306.356966,0.0,0.0,0.0,0.0,0.0,0.0,0,0
1779629306.388011,0.0,0.0,0.0,0.0,0.0,0.0,0,0
1779629306.418955,0.0,0.0,0.0,0.0,0.0,0.0,0,0
1779629306.449945,0.0,0.0,0.0,0.0,0.0,0.0,0,0
1779629306.480932,0.0,0.0,0.0,0.0,0.0,0.0,0,0
1779629306.511980,0.0,0.0,0.0,0.0,0.0,0.0,0,0
1779629306.542954,0.0,0.0,0.0,0.0,0.0,0.0,0,0
1779629306.574004,0.0,0.0,0.0,0.0,0.0,0.0,0,0
1779629306.605001,0.0,0.0,0.0,0.0,0.0,0.0,0,0
1779629306.636000,0.0,0.0,0.0,0.0,0.0,0.0,0,0
1779629306.666996,0.0,0.0,0.0,0.0,0.0,0.0,0,0
1779629306.698020,0.0,0.0,0.0,0.0,0.0,0.0,0,0
1779629306.728992,0.0,0.0,0.0,0.0,0.0,0.0,0,0
1779629306.759969,0.0,0.0,0.0,0.0,0.0,0.0,0,0
1779629306.791021,0.0,0.0,0.0,0.0,0.0,0.0,0,0
1779629306.821987,0.0,0.0,0.0,0.0,0.0,0.0,0,0
1779629306.852985,0.0,0.0,0.0,0.0,0.0,0.0,0,0
1779629306.884027,0.0,0.0,0.0,0.0,0.0,0.0,0,0
1779629306.914961,0.0,0.0,0.0,0.0,0.0,0.0,0,0
1779629306.945965,0.0,0.0,0.0,0.0,0.0,0.0,0,0
1779629306.976943,0.0,0.0,0.0,0.0,0.0,0.0,0,0
1779629307.007972,0.0,0.0,0.0,0.0,0.0,0.0,0,0
1779629307.039002,0.0,0.0,0.0,0.0,0.0,0.0,0,0
1779629307.069999,0.0,0.0,0.0,0.0,0.0,0.0,0,0
1779629307.101004,0.0,0.0,0.0,0.0,0.0,0.0,0,0
1779629307.131995,0.0,0.0,0.0,0.0,0.0,0.0,0,0
1779629307.163000,0.0,0.0,0.0,0.0,0.0,0.0,0,0
1779629307.193991,0.0,0.0,0.0,0.0,0.0,0.0,0,0
1779629307.225064,0.0,0.0,0.0,0.0,0.0,0.0,0,0
1779629307.255960,0.0,0.0,0.0,0.0,0.0,0.0,0,0
1779629307.286993,0.0,0.0,0.0,0.0,0.0,0.0,0,0
1779629307.317982,0.0,0.0,0.0,0.0,0.0,0.0,0,0
1779629307.348951,0.0,0.0,0.0,0.0,0.0,0.0,0,0
1779629307.379997,0.0,0.0,0.0,0.0,0.0,0.0,0,0
1779629307.410966,0.0,0.0,0.0,0.0,0.0,0.0,0,0
1779629307.441972,0.0,0.0,0.0,0.0,0.0,0.0,0,0
1779629307.473022,0.0,0.0,0.0,0.0,0.0,0.0,0,0
1779629307.503955,0.0,0.0,0.0,0.0,0.0,0.0,0,0
1779629307.535052,0.0,0.0,0.0,0.0,0.0,0.0,0,0
1779629307.566003,0.0,0.0,0.0,0.0,0.0,0.0,0,0
1779629307.596958,0.0,0.0,0.0,0.0,0.0,0.0,0,0
1779629307.627969,0.0,0.0,0.0,0.0,0.0,0.0,0,0
1779629307.658962,0.0,0.0,0.0,0.0,0.0,0.0,0,0
1779629307.689996,0.0,0.0,0.0,0.0,0.0,0.0,0,0
1779629307.720989,0.0,0.0,0.0,0.0,0.0,0.0,0,0
1779629307.751984,0.0,0.0,0.0,0.0,0.0,0.0,0,0
1779629307.782933,0.0,0.0,0.0,0.0,0.0,0.0,0,0
1779629307.813982,0.0,0.0,0.0,0.0,0.0,0.0,0,0
1779629307.845012,0.0,0.0,0.0,0.0,0.0,0.0,0,0
1779629307.876010,0.0,0.0,0.0,0.0,0.0,0.0,0,0
1779629307.906956,0.0,0.0,0.0,0.0,0.0,0.0,0,0
1779629307.937977,0.0,0.0,0.0,0.0,0.0,0.0,0,0
1779629307.969004,0.0,0.0,0.0,0.0,0.0,0.0,0,0
1779629307.999910,0.0,0.0,0.0,0.0,0.0,0.0,0,0
1779629308.031006,0.0,0.0,0.0,0.0,0.0,0.0,0,0
1779629308.061956,0.0,0.0,0.0,0.0,0.0,0.0,0,0
1779629308.092993,0.0,0.0,0.0,0.0,0.0,0.0,0,0
1779629308.123990,0.0,0.0,0.0,0.0,0.0,0.0,0,0
1779629308.154956,0.0,0.0,0.0,0.0,0.0,0.0,0,0
1779629308.185964,0.0,0.0,0.0,0.0,0.0,0.0,0,0
1779629308.216946,0.0,0.0,0.0,0.0,0.0,0.0,0,0
1779629308.247969,0.0,0.0,0.0,0.0,0.0,0.0,0,0
1779629308.278984,0.0,0.0,0.0,0.0,0.0,0.0,0,0
1779629308.309949,0.0,0.0,0.0,0.0,0.0,0.0,0,0
1779629308.341000,0.0,0.0,0.0,0.0,0.0,0.0,0,0
1779629308.371944,0.0,0.0,0.0,0.0,0.0,0.0,0,0
1779629308.403983,0.0,0.0,0.0,0.0,0.0,0.0,0,0
1779629308.435030,0.0,0.0,0.0,0.0,0.0,0.0,0,0
1779629308.465988,0.0,0.0,0.0,0.0,0.0,0.0,0,0
1779629308.496977,0.0,0.0,0.0,0.0,0.0,0.0,0,0
1779629308.528029,0.0,0.0,0.0,0.0,0.0,0.0,0,0
1779629308.558976,0.0,0.0,0.0,0.0,0.0,0.0,0,0
1779629308.589967,0.0,0.0,0.0,0.0,0.0,0.0,0,0
1779629308.620961,0.0,0.0,0.0,0.0,0.0,0.0,0,0
1779629308.651918,0.0,0.0,0.0,0.0,0.0,0.0,0,0
1779629308.682991,0.0,0.0,0.0,0.0,0.0,0.0,0,0
1779629308.713977,0.0,0.0,0.0,0.0,0.0,0.0,0,0
1779629308.744946,0.0,0.0,0.0,0.0,0.0,0.0,0,0
1779629308.775986,0.0,0.0,0.0,0.0,0.0,0.0,0,0
1779629308.806948,0.0,0.0,0.0,0.0,0.0,0.0,0,0
1779629308.838034,0.0,0.0,0.0,0.0,0.0,0.0,0,0
1779629308.868982,0.0,0.0,0.0,0.0,0.0,0.0,0,0
1779629308.900008,0.0,0.0,0.0,0.0,0.0,0.0,0,0
1779629308.930967,0.0,0.0,0.0,0.0,0.0,0.0,0,0
1779629308.962013,0.0,0.0,0.0,0.0,0.0,0.0,0,0
1779629308.993010,0.0,0.0,0.0,0.0,0.0,0.0,0,0
1779629309.024043,0.0,0.0,0.0,0.0,0.0,0.0,0,0
1779629309.055006,0.0,0.0,0.0,0.0,0.0,0.0,0,0
1779629309.085961,0.0,0.0,0.0,0.0,0.0,0.0,0,0
1779629309.116964,0.0,0.0,0.0,0.0,0.0,0.0,0,0
1779629309.148023,0.0,0.0,0.0,0.0,0.0,0.0,0,0
1779629309.179056,0.0,0.0,0.0,0.0,0.0,0.0,0,0
1779629309.209961,0.0,0.0,0.0,0.0,0.0,0.0,0,0
1779629309.241006,0.0,0.0,0.0,0.0,0.0,0.0,0,0
1779629309.272047,0.0,0.0,0.0,0.0,0.0,0.0,0,0
1779629309.303018,0.0,0.0,0.0,0.0,0.0,0.0,0,0
1779629309.334028,0.0,0.0,0.0,0.0,0.0,0.0,0,0
1779629309.364984,0.0,0.0,0.0,0.0,0.0,0.0,0,0
1779629309.396025,0.0,0.0,0.0,0.0,0.0,0.0,0,0
1779629309.427001,0.0,0.0,0.0,0.0,0.0,0.0,0,0
1779629309.457992,0.0,0.0,0.0,0.0,0.0,0.0,0,0
1779629309.488954,0.0,0.0,0.0,0.0,0.0,0.0,0,0
1779629309.519964,0.0,0.0,0.0,0.0,0.0,0.0,0,0
1779629309.550998,0.0,0.0,0.0,0.0,0.0,0.0,0,0
1779629309.581977,0.0,0.0,0.0,0.0,0.0,0.0,0,0
1779629309.612973,0.0,0.0,0.0,0.0,0.0,0.0,0,0
1779629309.643979,0.0,0.0,0.0,0.0,0.0,0.0,0,0
1779629309.675032,0.0,0.0,0.0,0.0,0.0,0.0,0,0
1779629309.705961,0.0,0.0,0.0,0.0,0.0,0.0,0,0
1779629309.737003,0.0,0.0,0.0,0.0,0.0,0.0,0,0
1779629309.768039,0.0,0.0,0.0,0.0,0.0,0.0,0,0
1779629309.798967,0.0,0.0,0.0,0.0,0.0,0.0,0,0
1779629309.829953,0.0,0.0,0.0,0.0,0.0,0.0,0,0
1779629309.860977,0.0,0.0,0.0,0.0,0.0,0.0,0,0
1779629309.891981,0.0,0.0,0.0,0.0,0.0,0.0,0,0
1779629309.922976,0.0,0.0,0.0,0.0,0.0,0.0,0,0
1779629309.953947,0.0,0.0,0.0,0.0,0.0,0.0,0,0
1779629309.984964,0.0,0.0,0.0,0.0,0.0,0.0,0,0
1779629310.016015,0.0,0.0,0.0,0.0,0.0,0.0,0,0
1779629310.047357,0.0,0.0,0.0,0.0,0.0,0.0,0,0
1779629310.077965,0.0,0.0,0.0,0.0,0.0,0.0,0,0
1779629310.108989,0.0,0.0,0.0,0.0,0.0,0.0,0,0
1779629310.140002,0.0,0.0,0.0,0.0,0.0,0.0,0,0
1779629310.171026,0.0,0.0,0.0,0.0,0.0,0.0,0,0
1779629310.201992,0.0,0.0,0.0,0.0,0.0,0.0,0,0
1779629310.232987,0.0,0.0,0.0,0.0,0.0,0.0,0,0
1779629310.263996,0.0,0.0,0.0,0.0,0.0,0.0,0,0
1779629310.294969,0.0,0.0,0.0,0.0,0.0,0.0,0,0
1779629310.326004,0.0,0.0,0.0,0.0,0.0,0.0,0,0
1779629310.357020,0.0,0.0,0.0,0.0,0.0,0.0,0,0
1779629310.387965,0.0,0.0,0.0,0.0,0.0,0.0,0,0
1779629310.418999,0.0,0.0,0.0,0.0,0.0,0.0,0,0
1779629310.449972,0.0,0.0,0.0,0.0,0.0,0.0,0,0
1779629310.481436,0.0,0.0,0.0,0.0,0.0,0.0,0,0
1779629310.511998,0.0,0.0,0.0,0.0,0.0,0.0,0,0
1779629310.542961,0.0,0.0,0.0,0.0,0.0,0.0,0,0
1779629310.573950,0.0,0.0,0.0,0.0,0.0,0.0,0,0
1779629310.604963,0.0,0.0,0.0,0.0,0.0,0.0,0,0
1779629310.635989,0.0,0.0,0.0,0.0,0.0,0.0,0,0
1779629310.666961,0.0,0.0,0.0,0.0,0.0,0.0,0,0
1779629310.698024,0.0,0.0,0.0,0.0,0.0,0.0,0,0
1779629310.729015,0.0,0.0,0.0,0.0,0.0,0.0,0,0
1779629310.760003,0.0,0.0,0.0,0.0,0.0,0.0,0,0
1779629310.790992,0.0,0.0,0.0,0.0,0.0,0.0,0,0
1779629310.821968,0.0,0.0,0.0,0.0,0.0,0.0,0,0
1779629310.852933,0.0,0.0,0.0,0.0,0.0,0.0,0,0
1779629310.884010,0.0,0.0,0.0,0.0,0.0,0.0,0,0
1779629310.915008,0.0,0.0,0.0,0.0,0.0,0.0,0,0
1779629310.946026,0.0,0.0,0.0,0.0,0.0,0.0,0,0
1779629310.976919,0.0,0.0,0.0,0.0,0.0,0.0,0,0
1779629311.007983,0.0,0.0,0.0,0.0,0.0,0.0,0,0
1779629311.038970,0.0,0.0,0.0,0.0,0.0,0.0,0,0
1779629311.069975,0.0,0.0,0.0,0.0,0.0,0.0,0,0
1779629311.100955,0.0,0.0,0.0,0.0,0.0,0.0,0,0
1779629311.131945,0.0,0.0,0.0,0.0,0.0,0.0,0,0
1779629311.162963,0.0,0.0,0.0,0.0,0.0,0.0,0,0
1779629311.193955,0.0,0.0,0.0,0.0,0.0,0.0,0,0
1779629311.224983,0.0,0.0,0.0,0.0,0.0,0.0,0,0
1779629311.255980,0.0,0.0,0.0,0.0,0.0,0.0,0,0
1779629311.286976,0.0,0.0,0.0,0.0,0.0,0.0,0,0
1779629311.317974,0.0,0.0,0.0,0.0,0.0,0.0,0,0
1779629311.349003,0.0,0.0,0.0,0.0,0.0,0.0,0,0
1779629311.379962,0.0,0.0,0.0,0.0,0.0,0.0,0,0
1779629311.410964,0.0,0.0,0.0,0.0,0.0,0.0,0,0
1779629311.441943,0.0,0.0,0.0,0.0,0.0,0.0,0,0
1779629311.472940,0.0,0.0,0.0,0.0,0.0,0.0,0,0
1779629311.503984,0.0,0.0,0.0,0.0,0.0,0.0,0,0
1779629311.534989,0.0,0.0,0.0,0.0,0.0,0.0,0,0
1779629311.566010,0.0,0.0,0.0,0.0,0.0,0.0,0,0
1779629311.596980,0.0,0.0,0.0,0.0,0.0,0.0,0,0
1779629311.628001,0.0,0.0,0.0,0.0,0.0,0.0,0,0
1779629311.658970,0.0,0.0,0.0,0.0,0.0,0.0,0,0
1779629311.689964,0.0,0.0,0.0,0.0,0.0,0.0,0,0
1779629311.720968,0.0,0.0,0.0,0.0,0.0,0.0,0,0
1779629311.752005,0.0,0.0,0.0,0.0,0.0,0.0,0,0
1779629311.783159,0.0,0.0,0.0,0.0,0.0,0.0,0,0
1779629311.814013,0.0,0.0,0.0,0.0,0.0,0.0,0,0
1779629311.845012,0.0,0.0,0.0,0.0,0.0,0.0,0,0
1779629311.875960,0.0,0.0,0.0,0.0,0.0,0.0,0,0
1779629311.906957,0.0,0.0,0.0,0.0,0.0,0.0,0,0
1779629311.937947,0.0,0.0,0.0,0.0,0.0,0.0,0,0
1779629311.969002,0.0,0.0,0.0,0.0,0.0,0.0,0,0
1779629311.999975,0.0,0.0,0.0,0.0,0.0,0.0,0,0
