ts,vx,vy,vz,wx,wy,wz,gripper_btn,mode_btn
1779626607.113825,0.0,0.0,0.0,0.0,0.0,0.0,0,0
1779626607.144869,0.0,0.0,0.0,0.0,0.0,0.0,0,0
1779626607.175838,0.0,0.0,0.0,0.0,0.0,0.0,0,0
1779626607.206834,0.0,0.0,0.0,0.0,0.0,0.0,0,0
1779626607.237816,0.0,0.0,0.0,0.0,0.0,0.0,0,0
1779626607.268863,0.0,0.0,0.0,0.0,0.0,0.0,0,0
1779626607.299807,0.0,0.0,0.0,0.0,0.0,0.0,0,0
1779626607.330895,0.0,0.0,0.0,0.0,0.0,0.0,0,0
1779626607.361839,0.0,0.0,0.0,0.0,0.0,0.0,0,0
1779626607.392841,0.0,0.0,0.0,0.0,0.0,0.0,0,0
1779626607.423891,0.0,0.0,0.0,0.0,0.0,0.0,0,0
1779626607.454823,0.0,0.0,0.0,0.0,0.0,0.0,0,0
1779626607.485816,0.0,0.0,0.0,0.0,0.0,0.0,0,0
1779626607.516911,0.0,0.0,0.0,0.0,0.0,0.0,0,0
1779626607.547826,0.0,0.0,0.0,0.0,0.0,0.0,0,0
1779626607.578836,0.0,0.0,0.0,0.0,0.0,0.0,0,0
1779626607.609812,0.0,0.0,0.0,0.0,0.0,0.0,0,0
1779626607.640832,0.0,0.0,0.0,0.0,0.0,0.0,0,0
1779626607.671818,0.0,0.0,0.0,0.0,0.0,0.0,0,0
1779626607.702851,0.0,0.0,0.0,0.0,0.0,0.0,0,0
1779626607.733801,0.0,0.0,0.0,0.0,0.0,0.0,0,0
1779626607.764846,0.0,0.0,0.0,0.0,0.0,0.0,0,0
1779626607.795846,0.0,0.0,0.0,0.0,0.0,0.0,0,0
1779626607.826856,0.0,0.0,0.0,0.0,0.0,0.0,0,0
1779626607.857866,0.0,0.0,0.0,0.0,0.0,0.0,0,0
1779626607.888830,0.0,0.0,0.0,0.0,0.0,0.0,0,0
1779626607.919835,0.0,0.0,0.0,0.0,0.0,0.0,0,0
1779626607.950865,0.0,0.0,0.0,0.0,0.0,0.0,0,0
1779626607.981834,0.0,0.0,0.0,0.0,0.0,0.0,0,0
1779626608.012832,0.0,0.0,0.0,0.0,0.0,0.0,0,0
1779626608.043857,0.0,0.0,0.0,0.0,0.0,0.0,0,0
1779626608.074851,0.0,0.0,0.0,0.0,0.0,0.0,0,0
1779626608.105846,0.0,0.0,0.0,0.0,0.0,0.0,0,0
1779626608.136857,0.0,0.0,0.0,0.0,0.0,0.0,0,0
1779626608.167814,0.0,0.0,0.0,0.0,0.0,0.0,0,0
1779626608.198849,0.0,0.0,0.0,0.0,0.0,0.0,0,0
1779626608.229877,0.0,0.0,0.0,0.0,0.0,0.0,0,0
1779626608.260839,0.0,0.0,0.0,0.0,0.0,0.0,0,0
1779626608.291873,0.0,0.0,0.0,0.0,0.0,0.0,0,0
1779626608.322835,0.0,0.0,0.0,0.0,0.0,0.0,0,0
1779626608.353860,0.0,0.0,0.0,0.0,0.0,0.0,0,0
1779626608.384845,0.0,0.0,0.0,0.0,0.0,0.0,0,0
1779626608.415876,0.0,0.0,0.0,0.0,0.0,0.0,0,0
1779626608.446834,0.0,0.0,0.0,0.0,0.0,0.0,0,0
1779626608.477837,0.0,0.0,0.0,0.0,0.0,0.0,0,0
1779626608.508834,0.0,0.0,0.0,0.0,0.0,0.0,0,0
1779626608.539854,0.0,0.0,0.0,0.0,0.0,0.0,0,0
1779626608.570843,0.0,0.0,0.0,0.0,0.0,0.0,0,0
1779626608.601860,0.0,0.0,0.0,0.0,0.0,0.0,0,0
1779626608.632886,0.0,0.0,0.0,0.0,0.0,0.0,0,0
1779626608.663829,0.0,0.0,0.0,0.0,0.0,0.0,0,0
1779626608.694861,0.0,0.0,0.0,0.0,0.0,0.0,0,0
1779626608.725858,0.0,0.0,0.0,0.0,0.0,0.0,0,0
1779626608.756865,0.0,0.0,0.0,0.0,0.0,0.0,0,0
1779626608.787776,0.0,0.0,0.0,0.0,0.0,0.0,0,0
1779626608.818841,0.0,0.0,0.0,0.0,0.0,0.0,0,0
1779626608.849820,0.0,0.0,0.0,0.0,0.0,0.0,0,0
1779626608.880886,0.0,0.0,0.0,0.0,0.0,0.0,0,0
1779626608.911845,0.0,0.0,0.0,0.0,0.0,0.0,0,0
1779626608.942833,0.0,0.0,0.0,0.0,0.0,0.0,0,0
1779626608.973809,0.0,0.0,0.0,0.0,0.0,0.0,0,0
1779626609.004858,0.0,0.0,0.0,0.0,0.0,0.0,0,0
1779626609.035833,0.0,0.0,0.0,0.0,0.0,0.0,0,0
1779626609.066854,0.0,0.0,0.0,0.0,0.0,0.0,0,0
1779626609.097860,0.0,0.0,0.0,0.0,0.0,0.0,0,0
1779626609.128902,0.0,0.0,0.0,0.0,0.0,0.0,0,0
1779626609.159855,0.0,0.0,0.0,0.0,0.0,0.0,0,0
1779626609.190867,0.0,0.0,0.0,0.0,0.0,0.0,0,0
1779626609.221884,0.0,0.0,0.0,0.0,0.0,0.0,0,0
1779626609.252849,0.0,0.0,0.0,0.0,0.0,0.0,0,0
1779626609.283829,0.0,0.0,0.0,0.0,0.0,0.0,0,0
1779626609.314828,0.0,0.0,0.0,0.0,0.0,0.0,0,0
1779626609.345840,0.0,0.0,0.0,0.0,0.0,0.0,0,0
1779626609.376826,0.0,0.0,0.0,0.0,0.0,0.0,0,0
1779626609.407870,0.0,0.0,0.0,0.0,0.0,0.0,0,0
1779626609.438853,0.0,0.0,0.0,0.0,0.0,0.0,0,0
1779626609.469843,0.0,0.0,0.0,0.0,0.0,0.0,0,0
1779626609.500836,0.0,0.0,0.0,0.0,0.0,0.0,0,0
1779626609.531813,0.0,0.0,0.0,0.0,0.0,0.0,0,0
1779626609.562824,0.0,0.0,0.0,0.0,0.0,0.0,0,0
1779626609.593891,0.0,0.0,0.0,0.0,0.0,0.0,0,0
1779626609.624828,0.0,0.0,0.0,0.0,0.0,0.0,0,0
1779626609.655825,0.0,0.0,0.0,0.0,0.0,0.0,0,0
1779626609.686870,0.0,0.0,0.0,0.0,0.0,0.0,0,0
1779626609.717859,0.0,0.0,0.0,0.0,0.0,0.0,0,0
1779626609.748821,0.0,0.0,0.0,0.0,0.0,0.0,0,0
1779626609.779866,0.0,0.0,0.0,0.0,0.0,0.0,0,0
1779626609.810842,0.0,0.0,0.0,0.0,0.0,0.0,0,0
1779626609.841792,0.0,0.0,0.0,0.0,0.0,0.0,0,0
1779626609.872878,0.0,0.0,0.0,0.0,0.0,0.0,0,0
1779626609.903827,0.0,0.0,0.0,0.0,0.0,0.0,0,0
1779626609.934888,0.0,0.0,0.0,0.0,0.0,0.0,0,0
1779626609.965838,0.0,0.0,0.0,0.0,0.0,0.0,0,0
1779626609.996890,0.0,0.0,0.0,0.0,0.0,0.0,0,0
1779626610.027854,0.0,0.0,0.0,0.0,0.0,0.0,0,0
1779626610.058798,0.0,0.0,0.0,0.0,0.0,0.0,0,0
1779626610.089857,0.0,0.0,0.0,0.0,0.0,0.0,0,0
1779626610.120893,0.0,0.0,0.0,0.0,0.0,0.0,0,0
1779626610.151848,0.0,0.0,0.0,0.0,0.0,0.0,0,0
1779626610.182827,0.0,0.0,0.0,0.0,0.0,0.0,0,0
1779626610.213864,0.0,0.0,0.0,0.0,0.0,0.0,0,0
1779626610.244856,0.0,0.0,0.0,0.0,0.0,0.0,0,0
1779626610.275876,0.0,0.0,0.0,0.0,0.0,0.0,0,0
1779626610.306898,0.0,0.0,0.0,0.0,0.0,0.0,0,0
1779626610.337835,0.0,0.0,0.0,0.0,0.0,0.0,0,0
1779626610.368882,0.0,0.0,0.0,0.0,0.0,0.0,0,0
1779626610.399906,0.0,0.0,0.0,0.0,0.0,0.0,0,0
1779626610.430865,0.0,0.0,0.0,0.0,0.0,0.0,0,0
1779626610.461867,0.0,0.0,0.0,0.0,0.0,0.0,0,0
1779626610.492814,0.0,0.0,0.0,0.0,0.0,0.0,0,0
1779626610.523845,0.0,0.0,0.0,0.0,0.0,0.0,0,0
1779626610.554908,0.0,0.0,0.0,0.0,0.0,0.0,0,0
1779626610.585829,0.0,0.0,0.0,0.0,0.0,0.0,0,0
1779626610.616903,0.0,0.0,0.0,0.0,0.0,0.0,0,0
1779626610.647840,0.0,0.0,0.0,0.0,0.0,0.0,0,0
1779626610.678845,0.0,0.0,0.0,0.0,0.0,0.0,0,0
1779626610.709900,0.0,0.0,0.0,0.0,0.0,0.0,0,0
1779626610.740807,0.0,0.0,0.0,0.0,0.0,0.0,0,0
1779626610.771812,0.0,0.0,0.0,0.0,0.0,0.0,0,0
1779626610.802845,0.0,0.0,0.0,0.0,0.0,0.0,0,0
1779626610.833863,0.0,0.0,0.0,0.0,0.0,0.0,0,0
1779626610.864884,0.0,0.0,0.0,0.0,0.0,0.0,0,0
1779626610.895835,0.0,0.0,0.0,0.0,0.0,0.0,0,0
1779626610.926833,0.0,0.0,0.0,0.0,0.0,0.0,0,0
1779626610.957862,0.0,0.0,0.0,0.0,0.0,0.0,0,0
1779626610.988865,0.0,0.0,0.0,0.0,0.0,0.0,0,0
1779626611.019834,0.0,0.0,0.0,0.0,0.0,0.0,0,0
1779626611.050855,0.0,0.0,0.0,0.0,0.0,0.0,0,0
1779626611.081864,0.0,0.0,0.0,0.0,0.0,0.0,0,0
1779626611.112946,0.0,0.0,0.0,0.0,0.0,0.0,0,0
1779626611.143806,0.0,0.0,0.0,0.0,0.0,0.0,0,0
1779626611.174876,0.0,0.0,0.0,0.0,0.0,0.0,0,0
1779626611.205884,0.0,0.0,0.0,0.0,0.0,0.0,0,0
1779626611.236838,0.0,0.0,0.0,0.0,0.0,0.0,0,0
1779626611.267874,0.0,0.0,0.0,0.0,0.0,0.0,0,0
1779626611.298858,0.0,0.0,0.0,0.0,0.0,0.0,0,0
1779626611.329841,0.0,0.0,0.0,0.0,0.0,0.0,0,0
1779626611.360845,0.0,0.0,0.0,0.0,0.0,0.0,0,0
1779626611.391853,0.0,0.0,0.0,0.0,0.0,0.0,0,0
1779626611.422892,0.0,0.0,0.0,0.0,0.0,0.0,0,0
1779626611.453862,0.0,0.0,0.0,0.0,0.0,0.0,0,0
1779626611.484884,0.0,0.0,0.0,0.0,0.0,0.0,0,0
1779626611.515875,0.0,0.0,0.0,0.0,0.0,0.0,0,0
1779626611.546821,0.0,0.0,0.0,0.0,0.0,0.0,0,0
1779626611.577858,0.0,0.0,0.0,0.0,0.0,0.0,0,0
1779626611.608819,0.0,0.0,0.0,0.0,0.0,0.0,0,0
1779626611.639834,0.0,0.0,0.0,0.0,0.0,0.0,0,0
1779626611.670819,0.0,0.0,0.0,0.0,0.0,0.0,0,0
1779626611.701836,0.0,0.0,0.0,0.0,0.0,0.0,0,0
1779626611.732894,0.0,0.0,0.0,0.0,0.0,0.0,0,0
1779626611.763911,0.0,0.0,0.0,0.0,0.0,0.0,0,0
1779626611.794857,0.0,0.0,0.0,0.0,0.0,0.0,0,0
1779626611.825809,0.0,0.0,0.0,0.0,0.0,0.0,0,0
1779626611.856883,0.0,0.0,0.0,0.0,0.0,0.0,0,0
1779626611.887863,0.0,0.0,0.0,0.0,0.0,0.0,0,0
1779626611.918862,0.0,0.0,0.0,0.0,0.0,0.0,0,0
1779626611.949836,0.0,0.0,0.0,0.0,0.0,0.0,0,0
1779626611.980838,0.0,0.0,0.0,0.0,0.0,0.0,0,0
1779626612.011857,0.0,0.0,0.0,0.0,0.0,0.0,0,0
1779626612.042887,0.0,0.0,0.0,0.0,0.0,0.0,0,0
1779626612.073902,0.0,0.0,0.0,0.0,0.0,0.0,0,0
1779626612.104852,0.0,0.0,0.0,0.0,0.0,0.0,0,0
1779626612.135844,0.0,0.0,0.0,0.0,0.0,0.0,0,0
1779626612.166878,0.0,0.0,0.0,0.0,0.0,0.0,0,0
1779626612.197843,0.0,0.0,0.0,0.0,0.0,0.0,0,0
1779626612.228908,0.0,0.0,0.0,0.0,0.0,0.0,0,0
1779626612.259843,0.0,0.0,0.0,0.0,0.0,0.0,0,0
1779626612.290788,0.0,0.0,0.0,0.0,0.0,0.0,0,0
1779626612.321857,0.0,0.0,0.0,0.0,0.0,0.0,0,0
1779626612.352866,0.0,0.0,0.0,0.0,0.0,0.0,0,0
1779626612.383841,0.0,0.0,0.0,0.0,0.0,0.0,0,0
1779626612.414828,0.0,0.0,0.0,0.0,0.0,0.0,0,0
1779626612.445887,0.0,0.0,0.0,0.0,0.0,0.0,0,0
1779626612.476832,0.0,0.0,0.0,0.0,0.0,0.0,0,0
1779626612.507862,0.0,0.0,0.0,0.0,0.0,0.0,0,0
1779626612.538866,0.0,0.0,0.0,0.0,0.0,0.0,0,0
1779626612.569816,0.0,0.0,0.0,0.0,0.0,0.0,0,0
1779626612.600897,0.0,0.0,0.0,0.0,0.0,0.0,0,0
1779626612.631874,0.0,0.0,0.0,0.0,0.0,0.0,0,0
1779626612.662893,0.0,0.0,0.0,0.0,0.0,0.0,0,0
1779626612.693870,0.0,0.0,0.0,0.0,0.0,0.0,0,0
1779626612.724879,0.0,0.0,0.0,0.0,0.0,0.0,0,0
1779626612.755866,0.0,0.0,0.0,0.0,0.0,0.0,0,0
1779626612.786838,0.0,0.0,0.0,0.0,0.0,0.0,0,0
1779626612.817839,0.0,0.0,0.0,0.0,0.0,0.0,0,0
1779626612.848858,0.0,0.0,0.0,0.0,0.0,0.0,0,0
1779626612.879832,0.0,0.0,0.0,0.0,0.0,0.0,0,0
1779626612.910898,0.0,0.0,0.0,0.0,0.0,0.0,0,0
1779626612.941863,0.0,0.0,0.0,0.0,0.0,0.0,0,0
1779626612.972849,0.0,0.0,0.0,0.0,0.0,0.0,0,0
1779626613.003846,0.0,0.0,0.0,0.0,0.0,0.0,0,0
1779626613.034896,0.0,0.0,0.0,0.0,0.0,0.0,0,0
1779626613.065859,0.0,0.0,0.0,0.0,0.0,0.0,0,0
1779626613.096895,0.0,0.0,0.0,0.0,0.0,0.0,0,0
1779626613.127844,0.0,0.0,0.0,0.0,0.0,0.0,0,0
1779626613.158843,0.0,0.0,0.0,0.0,0.0,0.0,0,0
1779626613.189819,0.0,0.0,0.0,0.0,0.0,0.0,0,0
1779626613.220827,0.0,0.0,0.0,0.0,0.0,0.0,0,0
1779626613.251789,0.0,0.0,0.0,0.0,0.0,0.0,0,0
1779626613.282854,0.0,0.0,0.0,0.0,0.0,0.0,0,0
1779626613.313854,0.0,0.0,0.0,0.0,0.0,0.0,0,0
1779626613.344876,0.0,0.0,0.0,0.0,0.0,0.0,0,0
1779626613.375791,0.0,0.0,0.0,0.0,0.0,0.0,0,0
1779626613.406876,0.0,0.0,0.0,0.0,0.0,0.0,0,0
1779626613.437845,0.0,0.0,0.0,0.0,0.0,0.0,0,0
1779626613.468820,0.0,0.0,0.0,0.0,0.0,0.0,0,0
1779626613.499846,0.0,0.0,0.0,0.0,0.0,0.0,0,0
1779626613.530861,0.0,0.0,0.0,0.0,0.0,0.0,0,0
1779626613.561872,0.0,0.0,0.0,0.0,0.0,0.0,0,0
1779626613.592913,0.0,0.0,0.0,0.0,0.0,0.0,0,0
1779626613.623846,0.0,0.0,0.0,0.0,0.0,0.0,0,0
1779626613.654854,0.0,0.0,0.0,0.0,0.0,0.0,0,0
1779626613.685831,0.0,0.0,0.0,0.0,0.0,0.0,0,0
1779626613.716824,0.0,0.0,0.0,0.0,0.0,0.0,0,0
1779626613.747893,0.0,0.0,0.0,0.0,0.0,0.0,0,0
1779626613.778809,0.0,0.0,0.0,0.0,0.0,0.0,0,0
1779626613.809841,0.0,0.0,0.0,0.0,0.0,0.0,0,0
1779626613.840864,0.0,0.0,0.0,0.0,0.0,0.0,0,0
1779626613.871853,0.0,0.0,0.0,0.0,0.0,0.0,0,0
1779626613.902833,0.0,0.0,0.0,0.0,0.0,0.0,0,0
1779626613.933904,0.0,0.0,0.0,0.0,0.0,0.0,0,0
1779626613.964893,0.0,0.0,0.0,0.0,0.0,0.0,0,0
1779626613.995856,0.0,0.0,0.0,0.0,0.0,0.0,0,0
1779626614.026869,0.0,0.0,0.0,0.0,0.0,0.0,0,0
1779626614.057849,0.0,0.0,0.0,0.0,0.0,0.0,0,0
1779626614.088856,0.0,0.0,0.0,0.0,0.0,0.0,0,0
1779626614.119815,0.0,0.0,0.0,0.0,0.0,0.0,0,0
1779626614.150833,0.0,0.0,0.0,0.0,0.0,0.0,0,0
1779626614.181884,0.0,0.0,0.0,0.0,0.0,0.0,0,0
1779626614.212871,0.0,0.0,0.0,0.0,0.0,0.0,0,0
1779626614.243848,0.0,0.0,0.0,0.0,0.0,0.0,0,0
1779626614.274869,0.0,0.0,0.0,0.0,0.0,0.0,0,0
1779626614.305903,0.0,0.0,0.0,0.0,0.0,0.0,0,0
1779626614.336865,0.0,0.0,0.0,0.0,0.0,0.0,0,0
1779626614.367888,0.0,0.0,0.0,0.0,0.0,0.0,0,0
1779626614.398839,0.0,0.0,0.0,0.0,0.0,0.0,0,0
1779626614.429827,0.0,0.0,0.0,0.0,0.0,0.0,0,0
1779626614.460868,0.0,0.0,0.0,0.0,0.0,0.0,0,0
1779626614.491858,0.0,0.0,0.0,0.0,0.0,0.0,0,0
1779626614.522792,0.0,0.0,0.0,0.0,0.0,0.0,0,0
1779626614.553836,0.0,0.0,0.0,0.0,0.0,0.0,0,0
1779626614.584879,0.0,0.0,0.0,0.0,0.0,0.0,0,0
1779626614.615829,0.0,0.0,0.0,0.0,0.0,0.0,0,0
1779626614.646876,0.0,0.0,0.0,0.0,0.0,0.0,0,0
1779626614.677867,0.0,0.0,0.0,0.0,0.0,0.0,0,0
1779626614.708826,0.0,0.0,0.0,0.0,0.0,0.0,0,0
1779626614.739861,0.0,0.0,0.0,0.0,0.0,0.0,0,0
1779626614.770854,0.0,0.0,0.0,0.0,0.0,0.0,0,0
1779626614.801826,0.0,0.0,0.0,0.0,0.0,0.0,0,0
1779626614.832876,0.0,0.0,0.0,0.0,0.0,0.0,0,0
1779626614.863885,0.0,0.0,0.0,0.0,0.0,0.0,0,0
1779626614.894859,0.0,0.0,0.0,0.0,0.0,0.0,0,0
1779626614.925878,0.0,0.0,0.0,0.0,0.0,0.0,0,0
1779626614.956849,0.0,0.0,0.0,0.0,0.0,0.0,0,0
1779626614.987874,0.0,0.0,0.0,0.0,0.0,0.0,0,0
1779626615.018850,0.0,0.0,0.0,0.0,0.0,0.0,0,0
1779626615.049936,0.0,0.0,0.0,0.0,0.0,0.0,0,0
1779626615.080927,0.0,0.0,0.0,0.0,0.0,0.0,0,0
1779626615.111830,0.0,0.0,0.0,0.0,0.0,0.0,0,0
1779626615.142864,0.0,0.0,0.0,0.0,0.0,0.0,0,0
1779626615.173908,0.0,0.0,0.0,0.0,0.0,0.0,0,0
1779626615.204893,0.0,0.0,0.0,0.0,0.0,0.0,0,0
1779626615.235898,0.0,0.0,0.0,0.0,0.0,0.0,0,0
1779626615.266856,0.0,0.0,0.0,0.0,0.0,0.0,0,0
1779626615.297850,0.0,0.0,0.0,0.0,0.0,0.0,0,0
1779626615.328876,0.0,0.0,0.0,0.0,0.0,0.0,0,0
1779626615.359870,0.0,0.0,0.0,0.0,0.0,0.0,0,0
1779626615.390882,0.0,0.0,0.0,0.0,0.0,0.0,0,0
1779626615.421907,0.0,0.0,0.0,0.0,0.0,0.0,0,0
1779626615.452874,0.0,0.0,0.0,0.0,0.0,0.0,0,0
1779626615.483910,0.0,0.0,0.0,0.0,0.0,0.0,0,0
1779626615.514882,0.0,0.0,0.0,0.0,0.0,0.0,0,0
1779626615.545830,0.0,0.0,0.0,0.0,0.0,0.0,0,0
1779626615.576912,0.0,0.0,0.0,0.0,0.0,0.0,0,0
1779626615.607851,0.0,0.0,0.0,0.0,0.0,0.0,0,0
1779626615.638870,0.0,0.0,0.0,0.0,0.0,0.0,0,0
1779626615.669826,0.0,0.0,0.0,0.0,0.0,0.0,0,0
1779626615.700877,0.0,0.0,0.0,0.0,0.0,0.0,0,0
1779626615.731869,0.0,0.0,0.0,0.0,0.0,0.0,0,0
1779626615.762882,0.0,0.0,0.0,0.0,0.0,0.0,0,0
1779626615.793873,0.0,0.0,0.0,0.0,0.0,0.0,0,0
1779626615.824863,0.0,0.0,0.0,0.0,0.0,0.0,0,0
1779626615.855855,0.0,0.0,0.0,0.0,0.0,0.0,0,0
1779626615.886838,0.0,0.0,0.0,0.0,0.0,0.0,0,0
1779626615.917871,0.0,0.0,0.0,0.0,0.0,0.0,0,0
1779626615.948836,0.0,0.0,0.0,0.0,0.0,0.0,0,0
1779626615.979850,0.0,0.0,0.0,0.0,0.0,0.0,0,0
1779626616.010888,0.0,0.0,0.0,0.0,0.0,0.0,0,0
1779626616.041903,0.0,0.0,0.0,0.0,0.0,0.0,0,0
1779626616.072895,0.0,0.0,0.0,0.0,0.0,0.0,0,0
1779626616.103917,0.0,0.0,0.0,0.0,0.0,0.0,0,0
1779626616.134865,0.0,0.0,0.0,0.0,0.0,0.0,0,0
1779626616.165873,0.0,0.0,0.0,0.0,0.0,0.0,0,0
1779626616.196836,0.0,0.0,0.0,0.0,0.0,0.0,0,0
1779626616.227893,0.0,0.0,0.0,0.0,0.0,0.0,0,0
1779626616.258855,0.0,0.0,0.0,0.0,0.0,0.0,0,0
1779626616.289841,0.0,0.0,0.0,0.0,0.0,0.0,0,0
1779626616.320823,0.0,0.0,0.0,0.0,0.0,0.0,0,0
1779626616.351881,0.0,0.0,0.0,0.0,0.0,0.0,0,0
1779626616.382999,0.0,0.0,0.0,0.0,0.0,0.0,0,0
1779626616.413921,0.0,0.0,0.0,0.0,0.0,0.0,0,0
1779626616.444888,0.0,0.0,0.0,0.0,0.0,0.0,0,0
1779626616.475852,0.0,0.0,0.0,0.0,0.0,0.0,0,0
1779626616.506892,0.0,0.0,0.0,0.0,0.0,0.0,0,0
1779626616.537841,0.0,0.0,0.0,0.0,0.0,0.0,0,0
1779626616.568887,0.0,0.0,0.0,0.0,0.0,0.0,0,0
1779626616.599884,0.0,0.0,0.0,0.0,0.0,0.0,0,0
1779626616.630891,0.0,0.0,0.0,0.0,0.0,0.0,0,0
1779626616.661923,0.0,0.0,0.0,0.0,0.0,0.0,0,0
1779626616.692869,0.0,0.0,0.0,0.0,0.0,0.0,0,0
1779626616.723886,0.0,0.0,0.0,0.0,0.0,0.0,0,0
1779626616.754885,0.0,0.0,0.0,0.0,0.0,0.0,0,0
1779626616.785882,0.0,0.0,0.0,0.0,0.0,0.0,0,0
1779626616.816910,0.0,0.0,0.0,0.0,0.0,0.0,0,0
1779626616.847866,0.0,0.0,0.0,0.0,0.0,0.0,0,0
1779626616.878887,0.0,0.0,0.0,0.0,0.0,0.0,0,0
1779626616.909934,0.0,0.0,0.0,0.0,0.0,0.0,0,0
1779626616.940904,0.0,0.0,0.0,0.0,0.0,0.0,0,0
1779626616.971802,0.0,0.0,0.0,0.0,0.0,0.0,0,0
1779626617.002834,0.0,0.0,0.0,0.0,0.0,0.0,0,0
1779626617.033890,0.0,0.0,0.0,0.0,0.0,0.0,0,0
1779626617.064797,0.0,0.0,0.0,0.0,0.0,0.0,0,0
1779626617.095804,0.0,0.0,0.0,0.0,0.0,0.0,0,0
1779626617.126835,0.0,0.0,0.0,0.0,0.0,0.0,0,0
1779626617.157880,0.0,0.0,0.0,0.0,0.0,0.0,0,0
1779626617.188893,0.0,0.0,0.0,0.0,0.0,0.0,0,0
1779626617.219897,0.0,0.0,0.0,0.0,0.0,0.0,0,0
1779626617.250917,0.0,0.0,0.0,0.0,0.0,0.0,0,0
1779626617.281824,0.0,0.0,0.0,0.0,0.0,0.0,0,0
1779626617.312891,0.0,0.0,0.0,0.0,0.0,0.0,0,0
1779626617.343856,0.0,0.0,0.0,0.0,0.0,0.0,0,0
1779626617.374785,0.0,0.0,0.0,0.0,0.0,0.0,0,0
1779626617.405787,0.0,0.0,0.0,0.0,0.0,0.0,0,0
1779626617.436794,0.0,0.0,0.0,0.0,0.0,0.0,0,0
1779626617.467861,0.0,0.0,0.0,0.0,0.0,0.0,0,0
1779626617.498898,0.0,0.0,0.0,0.0,0.0,0.0,0,0
1779626617.529882,0.0,0.0,0.0,0.0,0.0,0.0,0,0
1779626617.560849,0.0,0.0,0.0,0.0,0.0,0.0,0,0
1779626617.591841,0.0,0.0,0.0,0.0,0.0,0.0,0,0
1779626617.622901,0.0,0.0,0.0,0.0,0.0,0.0,0,0
1779626617.653897,0.0,0.0,0.0,0.0,0.0,0.0,0,0
1779626617.684871,0.0,0.0,0.0,0.0,0.0,0.0,0,0
1779626617.715846,0.0,0.0,0.0,0.0,0.0,0.0,0,0
1779626617.746880,0.0,0.0,0.0,0.0,0.0,0.0,0,0
1779626617.777899,0.0,0.0,0.0,0.0,0.0,0.0,0,0
1779626617.808855,0.0,0.0,0.0,0.0,0.0,0.0,0,0
1779626617.839926,0.0,0.0,0.0,0.0,0.0,0.0,0,0
1779626617.870902,0.0,0.0,0.0,0.0,0.0,0.0,0,0
1779626617.901845,0.0,0.0,0.0,0.0,0.0,0.0,0,0
1779626617.932860,0.0,0.0,0.0,0.0,0.0,0.0,0,0
1779626617.963882,0.0,0.0,0.0,0.0,0.0,0.0,0,0
1779626617.994870,0.0,0.0,0.0,0.0,0.0,0.0,0,0
1779626618.025849,0.0,0.0,0.0,0.0,0.0,0.0,0,0
1779626618.056895,0.0,0.0,0.0,0.0,0.0,0.0,0,0
1779626618.087847,0.0,0.0,0.0,0.0,0.0,0.0,0,0
1779626618.118902,0.0,0.0,0.0,0.0,0.0,0.0,0,0
1779626618.149900,0.0,0.0,0.0,0.0,0.0,0.0,0,0
1779626618.180935,0.0,0.0,0.0,0.0,0.0,0.0,0,0
1779626618.211841,0.0,0.0,0.0,0.0,0.0,0.0,0,0
1779626618.242899,0.0,0.0,0.0,0.0,0.0,0.0,0,0
1779626618.273874,0.0,0.0,0.0,0.0,0.0,0.0,0,0
1779626618.304900,0.0,0.0,0.0,0.0,0.0,0.0,0,0
1779626618.335891,0.0,0.0,0.0,0.0,0.0,0.0,0,0
1779626618.366873,0.0,0.0,0.0,0.0,0.0,0.0,0,0
1779626618.397916,0.0,0.0,0.0,0.0,0.0,0.0,0,0
1779626618.428909,0.0,0.0,0.0,0.0,0.0,0.0,0,0
1779626618.459826,0.0,0.0,0.0,0.0,0.0,0.0,0,0
1779626618.490889,0.0,0.0,0.0,0.0,0.0,0.0,0,0
1779626618.521870,0.0,0.0,0.0,0.0,0.0,0.0,0,0
1779626618.552865,0.0,0.0,0.0,0.0,0.0,0.0,0,0
1779626618.583912,0.0,0.0,0.0,0.0,0.0,0.0,0,0
1779626618.614917,0.0,0.0,0.0,0.0,0.0,0.0,0,0
1779626618.645866,0.0,0.0,0.0,0.0,0.0,0.0,0,0
1779626618.676949,0.0,0.0,0.0,0.0,0.0,0.0,0,0
1779626618.707891,0.0,0.0,0.0,0.0,0.0,0.0,0,0
1779626618.738819,0.0,0.0,0.0,0.0,0.0,0.0,0,0
1779626618.769852,0.0,0.0,0.0,0.0,0.0,0.0,0,0
1779626618.800920,0.0,0.0,0.0,0.0,0.0,0.0,0,0
1779626618.831920,0.0,0.0,0.0,0.0,0.0,0.0,0,0
1779626618.862844,0.0,0.0,0.0,0.0,0.0,0.0,0,0
1779626618.893924,0.0,0.0,0.0,0.0,0.0,0.0,0,0
1779626618.924840,0.0,0.0,0.0,0.0,0.0,0.0,0,0
1779626618.955881,0.0,0.0,0.0,0.0,0.0,0.0,0,0
1779626618.986915,0.0,0.0,0.0,0.0,0.0,0.0,0,0
1779626619.017855,0.0,0.0,0.0,0.0,0.0,0.0,0,0
1779626619.048922,0.0,0.0,0.0,0.0,0.0,0.0,0,0
1779626619.079867,0.0,0.0,0.0,0.0,0.0,0.0,0,0
1779626619.110844,0.0,0.0,0.0,0.0,0.0,0.0,0,0
1779626619.141881,0.0,0.0,0.0,0.0,0.0,0.0,0,0
1779626619.172888,0.0,0.0,0.0,0.0,0.0,0.0,0,0
1779626619.203888,0.0,0.0,0.0,0.0,0.0,0.0,0,0
1779626619.234884,0.0,0.0,0.0,0.0,0.0,0.0,0,0
1779626619.265881,0.0,0.0,0.0,0.0,0.0,0.0,0,0
1779626619.296861,0.0,0.0,0.0,0.0,0.0,0.0,0,0
1779626619.327886,0.0,0.0,0.0,0.0,0.0,0.0,0,0
1779626619.358840,0.0,0.0,0.0,0.0,0.0,0.0,0,0
1779626619.389845,0.0,0.0,0.0,0.0,0.0,0.0,0,0
1779626619.420872,0.0,0.0,0.0,0.0,0.0,0.0,0,0
1779626619.451869,0.0,0.0,0.0,0.0,0.0,0.0,0,0
1779626619.482923,0.0,0.0,0.0,0.0,0.0,0.0,0,0
1779626619.513875,0.0,0.0,0.0,0.0,0.0,0.0,0,0
1779626619.544886,0.0,0.0,0.0,0.0,0.0,0.0,0,0
1779626619.575866,0.0,0.0,0.0,0.0,0.0,0.0,0,0
1779626619.606901,0.0,0.0,0.0,0.0,0.0,0.0,0,0
1779626619.637880,0.0,0.0,0.0,0.0,0.0,0.0,0,0
1779626619.668845,0.0,0.0,0.0,0.0,0.0,0.0,0,0
1779626619.699864,0.0,0.0,0.0,0.0,0.0,0.0,0,0
1779626619.730874,0.0,0.0,0.0,0.0,0.0,0.0,0,0
1779626619.761880,0.0,0.0,0.0,0.0,0.0,0.0,0,0
1779626619.792862,0.0,0.0,0.0,0.0,0.0,0.0,0,0
1779626619.823852,0.0,0.0,0.0,0.0,0.0,0.0,0,0
1779626619.854900,0.0,0.0,0.0,0.0,0.0,0.0,0,0
1779626619.885896,0.0,0.0,0.0,0.0,0.0,0.0,0,0
1779626619.916840,0.0,0.0,0.0,0.0,0.0,0.0,0,0
1779626619.947922,0.0,0.0,0.0,0.0,0.0,0.0,0,0
1779626619.978886,0.0,0.0,0.0,0.0,0.0,0.0,0,0
1779626620.009898,0.0,0.0,0.0,0.0,0.0,0.0,0,0
1779626620.040869,0.0,0.0,0.0,0.0,0.0,0.0,0,0
1779626620.071898,0.0,0.0,0.0,0.0,0.0,0.0,0,0
1779626620.102837,0.0,0.0,0.0,0.0,0.0,0.0,0,0
1779626620.133864,0.0,0.0,0.0,0.0,0.0,0.0,0,0
1779626620.164862,0.0,0.0,0.0,0.0,0.0,0.0,0,0
1779626620.195873,0.0,0.0,0.0,0.0,0.0,0.0,0,0
1779626620.226871,0.0,0.0,0.0,0.0,0.0,0.0,0,0
1779626620.257913,0.0,0.0,0.0,0.0,0.0,0.0,0,0
1779626620.288888,0.0,0.0,0.0,0.0,0.0,0.0,0,0
1779626620.319890,0.0,0.0,0.0,0.0,0.0,0.0,0,0
1779626620.350862,0.0,0.0,0.0,0.0,0.0,0.0,0,0
1779626620.381927,0.0,0.0,0.0,0.0,0.0,0.0,0,0
1779626620.412877,0.0,0.0,0.0,0.0,0.0,0.0,0,0
1779626620.443871,0.0,0.0,0.0,0.0,0.0,0.0,0,0
1779626620.474887,0.0,0.0,0.0,0.0,0.0,0.0,0,0
1779626620.505867,0.0,0.0,0.0,0.0,0.0,0.0,0,0
1779626620.536828,0.0,0.0,0.0,0.0,0.0,0.0,0,0
1779626620.567884,0.0,0.0,0.0,0.0,0.0,0.0,0,0
1779626620.598867,0.0,0.0,0.0,0.0,0.0,0.0,0,0
1779626620.629862,0.0,0.0,0.0,0.0,0.0,0.0,0,0
1779626620.660896,0.0,0.0,0.0,0.0,0.0,0.0,0,0
1779626620.691913,0.0,0.0,0.0,0.0,0.0,0.0,0,0
1779626620.722934,0.0,0.0,0.0,0.0,0.0,0.0,0,0
1779626620.753846,0.0,0.0,0.0,0.0,0.0,0.0,0,0
1779626620.784875,0.0,0.0,0.0,0.0,0.0,0.0,0,0
1779626620.815886,0.0,0.0,0.0,0.0,0.0,0.0,0,0
1779626620.846877,0.0,0.0,0.0,0.0,0.0,0.0,0,0
1779626620.877908,0.0,0.0,0.0,0.0,0.0,0.0,0,0
1779626620.908859,0.0,0.0,0.0,0.0,0.0,0.0,0,0
1779626620.939897,0.0,0.0,0.0,0.0,0.0,0.0,0,0
1779626620.970932,0.0,0.0,0.0,0.0,0.0,0.0,0,0
1779626621.001858,0.0,0.0,0.0,0.0,0.0,0.0,0,0
1779626621.032855,0.0,0.0,0.0,0.0,0.0,0.0,0,0
1779626621.063926,0.0,0.0,0.0,0.0,0.0,0.0,0,0
1779626621.094886,0.0,0.0,0.0,0.0,0.0,0.0,0,0
1779626621.125837,0.0,0.0,0.0,0.0,0.0,0.0,0,0
1779626621.156912,0.0,0.0,0.0,0.0,0.0,0.0,0,0
1779626621.187893,0.0,0.0,0.0,0.0,0.0,0.0,0,0
1779626621.218841,0.0,0.0,0.0,0.0,0.0,0.0,0,0
1779626621.249863,0.0,0.0,0.0,0.0,0.0,0.0,0,0
1779626621.280852,0.0,0.0,0.0,0.0,0.0,0.0,0,0
1779626621.311838,0.0,0.0,0.0,0.0,0.0,0.0,0,0
1779626621.342887,0.0,0.0,0.0,0.0,0.0,0.0,0,0
1779626621.373863,0.0,0.0,0.0,0.0,0.0,0.0,0,0
1779626621.404906,0.0,0.0,0.0,0.0,0.0,0.0,0,0
1779626621.435874,0.0,0.0,0.0,0.0,0.0,0.0,0,0
1779626621.466902,0.0,0.0,0.0,0.0,0.0,0.0,0,0
1779626621.497854,0.0,0.0,0.0,0.0,0.0,0.0,0,0
1779626621.528867,0.0,0.0,0.0,0.0,0.0,0.0,0,0
1779626621.559843,0.0,0.0,0.0,0.0,0.0,0.0,0,0
1779626621.590883,0.0,0.0,0.0,0.0,0.0,0.0,0,0
1779626621.621859,0.0,0.0,0.0,0.0,0.0,0.0,0,0
1779626621.652864,0.0,0.0,0.0,0.0,0.0,0.0,0,0
1779626621.683816,0.0,0.0,0.0,0.0,0.0,0.0,0,0
1779626621.714837,0.0,0.0,0.0,0.0,0.0,0.0,0,0
1779626621.745880,0.0,0.0,0.0,0.0,0.0,0.0,0,0
1779626621.776864,0.0,0.0,0.0,0.0,0.0,0.0,0,0
1779626621.807940,0.0,0.0,0.0,0.0,0.0,0.0,0,0
1779626621.838844,0.0,0.0,0.0,0.0,0.0,0.0,0,0
1779626621.869870,0.0,0.0,0.0,0.0,0.0,0.0,0,0
1779626621.900870,0.0,0.0,0.0,0.0,0.0,0.0,0,0
1779626621.931847,0.0,0.0,0.0,0.0,0.0,0.0,0,0
1779626621.962913,0.0,0.0,0.0,0.0,0.0,0.0,0,0
1779626621.993916,0.0,0.0,0.0,0.0,0.0,0.0,0,0
1779626622.024901,0.0,0.0,0.0,0.0,0.0,0.0,0,0
1779626622.055861,0.0,0.0,0.0,0.0,0.0,0.0,0,0
1779626622.086882,0.0,0.0,0.0,0.0,0.0,0.0,0,0
1779626622.117871,0.0,0.0,0.0,0.0,0.0,0.0,0,0
1779626622.148881,0.0,0.0,0.0,0.0,0.0,0.0,0,0
1779626622.179894,0.0,0.0,0.0,0.0,0.0,0.0,0,0
1779626622.210869,0.0,0.0,0.0,0.0,0.0,0.0,0,0
1779626622.241880,0.0,0.0,0.0,0.0,0.0,0.0,0,0
1779626622.272854,0.0,0.0,0.0,0.0,0.0,0.0,0,0
1779626622.303874,0.0,0.0,0.0,0.0,0.0,0.0,0,0
1779626622.334903,0.0,0.0,0.0,0.0,0.0,0.0,0,0
1779626622.365847,0.0,0.0,0.0,0.0,0.0,0.0,0,0
1779626622.396842,0.0,0.0,0.0,0.0,0.0,0.0,0,0
1779626622.427895,0.0,0.0,0.0,0.0,0.0,0.0,0,0
1779626622.458822,0.0,0.0,0.0,0.0,0.0,0.0,0,0
1779626622.489870,0.0,0.0,0.0,0.0,0.0,0.0,0,0
1779626622.520893,0.0,0.0,0.0,0.0,0.0,0.0,0,0
1779626622.551838,0.0,0.0,0.0,0.0,0.0,0.0,0,0
1779626622.582880,0.0,0.0,0.0,0.0,0.0,0.0,0,0
1779626622.613896,0.0,0.0,0.0,0.0,0.0,0.0,0,0
1779626622.644922,0.0,0.0,0.0,0.0,0.0,0.0,0,0
1779626622.675894,0.0,0.0,0.0,0.0,0.0,0.0,0,0
1779626622.706896,0.0,0.0,0.0,0.0,0.0,0.0,0,0
1779626622.737904,0.0,0.0,0.0,0.0,0.0,0.0,0,0
1779626622.768868,0.0,0.0,0.0,0.0,0.0,0.0,0,0
1779626622.799890,0.0,0.0,0.0,0.0,0.0,0.0,0,0
1779626622.830889,0.0,0.0,0.0,0.0,0.0,0.0,0,0
1779626622.861808,0.0,0.0,0.0,0.0,0.0,0.0,0,0
1779626622.892837,0.0,0.0,0.0,0.0,0.0,0.0,0,0
1779626622.923833,0.0,0.0,0.0,0.0,0.0,0.0,0,0
1779626622.954889,0.0,0.0,0.0,0.0,0.0,0.0,0,0
1779626622.985827,0.0,0.0,0.0,0.0,0.0,0.0,0,0
1779626623.016892,0.0,0.0,0.0,0.0,0.0,0.0,0,0
1779626623.047899,0.0,0.0,0.0,0.0,0.0,0.0,0,0
1779626623.078867,0.0,0.0,0.0,0.0,0.0,0.0,0,0
1779626623.109799,0.0,0.0,0.0,0.0,0.0,0.0,0,0
1779626623.140849,0.0,0.0,0.0,0.0,0.0,0.0,0,0
1779626623.171921,0.0,0.0,0.0,0.0,0.0,0.0,0,0
1779626623.202910,0.0,0.0,0.0,0.0,0.0,0.0,0,0
1779626623.233869,0.0,0.0,0.0,0.0,0.0,0.0,0,0
1779626623.264904,0.0,0.0,0.0,0.0,0.0,0.0,0,0
1779626623.295928,0.0,0.0,0.0,0.0,0.0,0.0,0,0
1779626623.326858,0.0,0.0,0.0,0.0,0.0,0.0,0,0
1779626623.357865,0.0,0.0,0.0,0.0,0.0,0.0,0,0
1779626623.388840,0.0,0.0,0.0,0.0,0.0,0.0,0,0
1779626623.419907,0.0,0.0,0.0,0.0,0.0,0.0,0,0
1779626623.450882,0.0,0.0,0.0,0.0,0.0,0.0,0,0
1779626623.481839,0.0,0.0,0.0,0.0,0.0,0.0,0,0
1779626623.512850,0.0,0.0,0.0,0.0,0.0,0.0,0,0
1779626623.543847,0.0,0.0,0.0,0.0,0.0,0.0,0,0
1779626623.574853,0.0,0.0,0.0,0.0,0.0,0.0,0,0
1779626623.605860,0.0,0.0,0.0,0.0,0.0,0.0,0,0
1779626623.636876,0.0,0.0,0.0,0.0,0.0,0.0,0,0
1779626623.667915,0.0,0.0,0.0,0.0,0.0,0.0,0,0
1779626623.698862,0.0,0.0,0.0,0.0,0.0,0.0,0,0
1779626623.729907,0.0,0.0,0.0,0.0,0.0,0.0,0,0
1779626623.760844,0.0,0.0,0.0,0.0,0.0,0.0,0,0
1779626623.791872,0.0,0.0,0.0,0.0,0.0,0.0,0,0
1779626623.822871,0.0,0.0,0.0,0.0,0.0,0.0,0,0
1779626623.853842,0.0,0.0,0.0,0.0,0.0,0.0,0,0
1779626623.884893,0.0,0.0,0.0,0.0,0.0,0.0,0,0
1779626623.915853,0.0,0.0,0.0,0.0,0.0,0.0,0,0
1779626623.946889,0.0,0.0,0.0,0.0,0.0,0.0,0,0
1779626623.977906,0.0,0.0,0.0,0.0,0.0,0.0,0,0
1779626624.008907,0.0,0.0,0.0,0.0,0.0,0.0,0,0
1779626624.039890,0.0,0.0,0.0,0.0,0.0,0.0,0,0
1779626624.070910,0.0,0.0,0.0,0.0,0.0,0.0,0,0
1779626624.101893,0.0,0.0,0.0,0.0,0.0,0.0,0,0
1779626624.132859,0.0,0.0,0.0,0.0,0.0,0.0,0,0
1779626624.163875,0.0,0.0,0.0,0.0,0.0,0.0,0,0
1779626624.194854,0.0,0.0,0.0,0.0,0.0,0.0,0,0
1779626624.225879,0.0,0.0,0.0,0.0,0.0,0.0,0,0
1779626624.256833,0.0,0.0,0.0,0.0,0.0,0.0,0,0
1779626624.287859,0.0,0.0,0.0,0.0,0.0,0.0,0,0
1779626624.318842,0.0,0.0,0.0,0.0,0.0,0.0,0,0
1779626624.349840,0.0,0.0,0.0,0.0,0.0,0.0,0,0
1779626624.380877,0.0,0.0,0.0,0.0,0.0,0.0,0,0
1779626624.411840,0.0,0.0,0.0,0.0,0.0,0.0,0,0
1779626624.442907,0.0,0.0,0.0,0.0,0.0,0.0,0,0
1779626624.473876,0.0,0.0,0.0,0.0,0.0,0.0,0,0
1779626624.504864,0.0,0.0,0.0,0.0,0.0,0.0,0,0
1779626624.535876,0.0,0.0,0.0,0.0,0.0,0.0,0,0
1779626624.566935,0.0,0.0,0.0,0.0,0.0,0.0,0,0
1779626624.597874,0.0,0.0,0.0,0.0,0.0,0.0,0,0
1779626624.628890,0.0,0.0,0.0,0.0,0.0,0.0,0,0
1779626624.659912,0.0,0.0,0.0,0.0,0.0,0.0,0,0
1779626624.691006,0.0,0.0,0.0,0.0,0.0,0.0,0,0
1779626624.721879,0.0,0.0,0.0,0.0,0.0,0.0,0,0
1779626624.752912,0.0,0.0,0.0,0.0,0.0,0.0,0,0
1779626624.783910,0.0,0.0,0.0,0.0,0.0,0.0,0,0
1779626624.814873,0.0,0.0,0.0,0.0,0.0,0.0,0,0
1779626624.845873,0.0,0.0,0.0,0.0,0.0,0.0,0,0
1779626624.876892,0.0,0.0,0.0,0.0,0.0,0.0,0,0
1779626624.907875,0.0,0.0,0.0,0.0,0.0,0.0,0,0
1779626624.938904,0.0,0.0,0.0,0.0,0.0,0.0,0,0
1779626624.969896,0.0,0.0,0.0,0.0,0.0,0.0,0,0
1779626625.000885,0.0,0.0,0.0,0.0,0.0,0.0,0,0
1779626625.031881,0.0,0.0,0.0,0.0,0.0,0.0,0,0
1779626625.062901,0.0,0.0,0.0,0.0,0.0,0.0,0,0
1779626625.093911,0.0,0.0,0.0,0.0,0.0,0.0,0,0
1779626625.124856,0.0,0.0,0.0,0.0,0.0,0.0,0,0
1779626625.155906,0.0,0.0,0.0,0.0,0.0,0.0,0,0
1779626625.186904,0.0,0.0,0.0,0.0,0.0,0.0,0,0
1779626625.217840,0.0,0.0,0.0,0.0,0.0,0.0,0,0
1779626625.248905,0.0,0.0,0.0,0.0,0.0,0.0,0,0
1779626625.279832,0.0,0.0,0.0,0.0,0.0,0.0,0,0
1779626625.310816,0.0,0.0,0.0,0.0,0.0,0.0,0,0
1779626625.341900,0.0,0.0,0.0,0.0,0.0,0.0,0,0
1779626625.372857,0.0,0.0,0.0,0.0,0.0,0.0,0,0
1779626625.403893,0.0,0.0,0.0,0.0,0.0,0.0,0,0
1779626625.434930,0.0,0.0,0.0,0.0,0.0,0.0,0,0
1779626625.465878,0.0,0.0,0.0,0.0,0.0,0.0,0,0
1779626625.496919,0.0,0.0,0.0,0.0,0.0,0.0,0,0
1779626625.527917,0.0,0.0,0.0,0.0,0.0,0.0,0,0
1779626625.558881,0.0,0.0,0.0,0.0,0.0,0.0,0,0
1779626625.589877,0.0,0.0,0.0,0.0,0.0,0.0,0,0
1779626625.620865,0.0,0.0,0.0,0.0,0.0,0.0,0,0
1779626625.651923,0.0,0.0,0.0,0.0,0.0,0.0,0,0
1779626625.682863,0.0,0.0,0.0,0.0,0.0,0.0,0,0
1779626625.713884,0.0,0.0,0.0,0.0,0.0,0.0,0,0
1779626625.744877,0.0,0.0,0.0,0.0,0.0,0.0,0,0
1779626625.775866,0.0,0.0,0.0,0.0,0.0,0.0,0,0
1779626625.806900,0.0,0.0,0.0,0.0,0.0,0.0,0,0
1779626625.837896,0.0,0.0,0.0,0.0,0.0,0.0,0,0
1779626625.868853,0.0,0.0,0.0,0.0,0.0,0.0,0,0
1779626625.899909,0.0,0.0,0.0,0.0,0.0,0.0,0,0
1779626625.930883,0.0,0.0,0.0,0.0,0.0,0.0,0,0
1779626625.961842,0.0,0.0,0.0,0.0,0.0,0.0,0,0
1779626625.992929,0.0,0.0,0.0,0.0,0.0,0.0,0,0
1779626626.023887,0.0,0.0,0.0,0.0,0.0,0.0,0,0
1779626626.054938,0.0,0.0,0.0,0.0,0.0,0.0,0,0
1779626626.085909,0.0,0.0,0.0,0.0,0.0,0.0,0,0
1779626626.116911,0.0,0.0,0.0,0.0,0.0,0.0,0,0
1779626626.147886,0.0,0.0,0.0,0.0,0.0,0.0,0,0
1779626626.178894,0.0,0.0,0.0,0.0,0.0,0.0,0,0
1779626626.209890,0.0,0.0,0.0,0.0,0.0,0.0,0,0
1779626626.240902,0.0,0.0,0.0,0.0,0.0,0.0,0,0
1779626626.271905,0.0,0.0,0.0,0.0,0.0,0.0,0,0
1779626626.302883,0.0,0.0,0.0,0.0,0.0,0.0,0,0
1779626626.333915,0.0,0.0,0.0,0.0,0.0,0.0,0,0
1779626626.364870,0.0,0.0,0.0,0.0,0.0,0.0,0,0
1779626626.395903,0.0,0.0,0.0,0.0,0.0,0.0,0,0
1779626626.426909,0.0,0.0,0.0,0.0,0.0,0.0,0,0
1779626626.458037,0.0,0.0,0.0,0.0,0.0,0.0,0,0
1779626626.488943,0.0,0.0,0.0,0.0,0.0,0.0,0,0
1779626626.519878,0.0,0.0,0.0,0.0,0.0,0.0,0,0
1779626626.550898,0.0,0.0,0.0,0.0,0.0,0.0,0,0
1779626626.581879,0.0,0.0,0.0,0.0,0.0,0.0,0,0
1779626626.612850,0.0,0.0,0.0,0.0,0.0,0.0,0,0
1779626626.643889,0.0,0.0,0.0,0.0,0.0,0.0,0,0
1779626626.674890,0.0,0.0,0.0,0.0,0.0,0.0,0,0
1779626626.705889,0.0,0.0,0.0,0.0,0.0,0.0,0,0
1779626626.736887,0.0,0.0,0.0,0.0,0.0,0.0,0,0
1779626626.767889,0.0,0.0,0.0,0.0,0.0,0.0,0,0
1779626626.798895,0.0,0.0,0.0,0.0,0.0,0.0,0,0
1779626626.829912,0.0,0.0,0.0,0.0,0.0,0.0,0,0
1779626626.860909,0.0,0.0,0.0,0.0,0.0,0.0,0,0
1779626626.891866,0.0,0.0,0.0,0.0,0.0,0.0,0,0
1779626626.922866,0.0,0.0,0.0,0.0,0.0,0.0,0,0
1779626626.953887,0.0,0.0,0.0,0.0,0.0,0.0,0,0
1779626626.984907,0.0,0.0,0.0,0.0,0.0,0.0,0,0
1779626627.015843,0.0,0.0,0.0,0.0,0.0,0.0,0,0
1779626627.046846,0.0,0.0,0.0,0.0,0.0,0.0,0,0
1779626627.077936,0.0,0.0,0.0,0.0,0.0,0.0,0,0
1779626627.108894,0.0,0.0,0.0,0.0,0.0,0.0,0,0
1779626627.139892,0.0,0.0,0.0,0.0,0.0,0.0,0,0
1779626627.170858,0.0,0.0,0.0,0.0,0.0,0.0,0,0
1779626627.201869,0.0,0.0,0.0,0.0,0.0,0.0,0,0
1779626627.232877,0.0,0.0,0.0,0.0,0.0,0.0,0,0
1779626627.263905,0.0,0.0,0.0,0.0,0.0,0.0,0,0
1779626627.294878,0.0,0.0,0.0,0.0,0.0,0.0,0,0
1779626627.325891,0.0,0.0,0.0,0.0,0.0,0.0,0,0
1779626627.356850,0.0,0.0,0.0,0.0,0.0,0.0,0,0
1779626627.387959,0.0,0.0,0.0,0.0,0.0,0.0,0,0
1779626627.418929,0.0,0.0,0.0,0.0,0.0,0.0,0,0
1779626627.449906,0.0,0.0,0.0,0.0,0.0,0.0,0,0
1779626627.480900,0.0,0.0,0.0,0.0,0.0,0.0,0,0
1779626627.511865,0.0,0.0,0.0,0.0,0.0,0.0,0,0
1779626627.542853,0.0,0.0,0.0,0.0,0.0,0.0,0,0
1779626627.573845,0.0,0.0,0.0,0.0,0.0,0.0,0,0
1779626627.604881,0.0,0.0,0.0,0.0,0.0,0.0,0,0
1779626627.635877,0.0,0.0,0.0,0.0,0.0,0.0,0,0
1779626627.666913,0.0,0.0,0.0,0.0,0.0,0.0,0,0
1779626627.697898,0.0,0.0,0.0,0.0,0.0,0.0,0,0
1779626627.728842,0.0,0.0,0.0,0.0,0.0,0.0,0,0
1779626627.759962,0.0,0.0,0.0,0.0,0.0,0.0,0,0
1779626627.790864,0.0,0.0,0.0,0.0,0.0,0.0,0,0
1779626627.821904,0.0,0.0,0.0,0.0,0.0,0.0,0,0
1779626627.852859,0.0,0.0,0.0,0.0,0.0,0.0,0,0
1779626627.883839,0.0,0.0,0.0,0.0,0.0,0.0,0,0
1779626627.914856,0.0,0.0,0.0,0.0,0.0,0.0,0,0
1779626627.945864,0.0,0.0,0.0,0.0,0.0,0.0,0,0
1779626627.976884,0.0,0.0,0.0,0.0,0.0,0.0,0,0
1779626628.007879,0.0,0.0,0.0,0.0,0.0,0.0,0,0
1779626628.038877,0.0,0.0,0.0,0.0,0.0,0.0,0,0
1779626628.069880,0.0,0.0,0.0,0.0,0.0,0.0,0,0
1779626628.100892,0.0,0.0,0.0,0.0,0.0,0.0,0,0
1779626628.131903,0.0,0.0,0.0,0.0,0.0,0.0,0,0
1779626628.162912,0.0,0.0,0.0,0.0,0.0,0.0,0,0
1779626628.193888,0.0,0.0,0.0,0.0,0.0,0.0,0,0
1779626628.224916,0.0,0.0,0.0,0.0,0.0,0.0,0,0
1779626628.255909,0.0,0.0,0.0,0.0,0.0,0.0,0,0
1779626628.286874,0.0,0.0,0.0,0.0,0.0,0.0,0,0
1779626628.317936,0.0,0.0,0.0,0.0,0.0,0.0,0,0
1779626628.348929,0.0,0.0,0.0,0.0,0.0,0.0,0,0
1779626628.379853,0.0,0.0,0.0,0.0,0.0,0.0,0,0
1779626628.410971,0.0,0.0,0.0,0.0,0.0,0.0,0,0
1779626628.441947,0.0,0.0,0.0,0.0,0.0,0.0,0,0
1779626628.472932,0.0,0.0,0.0,0.0,0.0,0.0,0,0
1779626628.503911,0.0,0.0,0.0,0.0,0.0,0.0,0,0
1779626628.534896,0.0,0.0,0.0,0.0,0.0,0.0,0,0
1779626628.565863,0.0,0.0,0.0,0.0,0.0,0.0,0,0
1779626628.596822,0.0,0.0,0.0,0.0,0.0,0.0,0,0
1779626628.627878,0.0,0.0,0.0,0.0,0.0,0.0,0,0
1779626628.658882,0.0,0.0,0.0,0.0,0.0,0.0,0,0
1779626628.689905,0.0,0.0,0.0,0.0,0.0,0.0,0,0
1779626628.720917,0.0,0.0,0.0,0.0,0.0,0.0,0,0
1779626628.751888,0.0,0.0,0.0,0.0,0.0,0.0,0,0
1779626628.782863,0.0,0.0,0.0,0.0,0.0,0.0,0,0
1779626628.813869,0.0,0.0,0.0,0.0,0.0,0.0,0,0
1779626628.844937,0.0,0.0,0.0,0.0,0.0,0.0,0,0
1779626628.875945,0.0,0.0,0.0,0.0,0.0,0.0,0,0
1779626628.906906,0.0,0.0,0.0,0.0,0.0,0.0,0,0
1779626628.937917,0.0,0.0,0.0,0.0,0.0,0.0,0,0
1779626628.968938,0.0,0.0,0.0,0.0,0.0,0.0,0,0
1779626628.999959,0.0,0.0,0.0,0.0,0.0,0.0,0,0
1779626629.030910,0.0,0.0,0.0,0.0,0.0,0.0,0,0
1779626629.061993,0.0,0.0,0.0,0.0,0.0,0.0,0,0
1779626629.092927,0.0,0.0,0.0,0.0,0.0,0.0,0,0
1779626629.123910,0.0,0.0,0.0,0.0,0.0,0.0,0,0
1779626629.154898,0.0,0.0,0.0,0.0,0.0,0.0,0,0
1779626629.185879,0.0,0.0,0.0,0.0,0.0,0.0,0,0
1779626629.216932,0.0,0.0,0.0,0.0,0.0,0.0,0,0
1779626629.247882,0.0,0.0,0.0,0.0,0.0,0.0,0,0
1779626629.278888,0.0,0.0,0.0,0.0,0.0,0.0,0,0
1779626629.309877,0.0,0.0,0.0,0.0,0.0,0.0,0,0
1779626629.340868,0.0,0.0,0.0,0.0,0.0,0.0,0,0
1779626629.371899,0.0,0.0,0.0,0.0,0.0,0.0,0,0
1779626629.402924,0.0,0.0,0.0,0.0,0.0,0.0,0,0
1779626629.433861,0.0,0.0,0.0,0.0,0.0,0.0,0,0
1779626629.464924,0.0,0.0,0.0,0.0,0.0,0.0,0,0
1779626629.495934,0.0,0.0,0.0,0.0,0.0,0.0,0,0
1779626629.526865,0.0,0.0,0.0,0.0,0.0,0.0,0,0
1779626629.557863,0.0,0.0,0.0,0.0,0.0,0.0,0,0
1779626629.588920,0.0,0.0,0.0,0.0,0.0,0.0,0,0
1779626629.619913,0.0,0.0,0.0,0.0,0.0,0.0,0,0
1779626629.650895,0.0,0.0,0.0,0.0,0.0,0.0,0,0
1779626629.681855,0.0,0.0,0.0,0.0,0.0,0.0,0,0
1779626629.712913,0.0,0.0,0.0,0.0,0.0,0.0,0,0
1779626629.743952,0.0,0.0,0.0,0.0,0.0,0.0,0,0
1779626629.774921,0.0,0.0,0.0,0.0,0.0,0.0,0,0
1779626629.805878,0.0,0.0,0.0,0.0,0.0,0.0,0,0
1779626629.836853,0.0,0.0,0.0,0.0,0.0,0.0,0,0
1779626629.867937,0.0,0.0,0.0,0.0,0.0,0.0,0,0
1779626629.898904,0.0,0.0,0.0,0.0,0.0,0.0,0,0
1779626629.929879,0.0,0.0,0.0,0.0,0.0,0.0,0,0
1779626629.961174,0.0,0.0,0.0,0.0,0.0,0.0,0,0
1779626629.991862,0.0,0.0,0.0,0.0,0.0,0.0,0,0
1779626630.022868,0.0,0.0,0.0,0.0,0.0,0.0,0,0
1779626630.053861,0.0,0.0,0.0,0.0,0.0,0.0,0,0
1779626630.084882,0.0,0.0,0.0,0.0,0.0,0.0,0,0
1779626630.115901,0.0,0.0,0.0,0.0,0.0,0.0,0,0
1779626630.146984,0.0,0.0,0.0,0.0,0.0,0.0,0,0
1779626630.177927,0.0,0.0,0.0,0.0,0.0,0.0,0,0
1779626630.208882,0.0,0.0,0.0,0.0,0.0,0.0,0,0
1779626630.239963,0.0,0.0,0.0,0.0,0.0,0.0,0,0
1779626630.270934,0.0,0.0,0.0,0.0,0.0,0.0,0,0
1779626630.301881,0.0,0.0,0.0,0.0,0.0,0.0,0,0
1779626630.332879,0.0,0.0,0.0,0.0,0.0,0.0,0,0
1779626630.363913,0.0,0.0,0.0,0.0,0.0,0.0,0,0
1779626630.395022,0.0,0.0,0.0,0.0,0.0,0.0,0,0
1779626630.425919,0.0,0.0,0.0,0.0,0.0,0.0,0,0
1779626630.456862,0.0,0.0,0.0,0.0,0.0,0.0,0,0
1779626630.487923,0.0,0.0,0.0,0.0,0.0,0.0,0,0
1779626630.518886,0.0,0.0,0.0,0.0,0.0,0.0,0,0
1779626630.549869,0.0,0.0,0.0,0.0,0.0,0.0,0,0
1779626630.580899,0.0,0.0,0.0,0.0,0.0,0.0,0,0
1779626630.611931,0.0,0.0,0.0,0.0,0.0,0.0,0,0
1779626630.642891,0.0,0.0,0.0,0.0,0.0,0.0,0,0
1779626630.673929,0.0,0.0,0.0,0.0,0.0,0.0,0,0
1779626630.704875,0.0,0.0,0.0,0.0,0.0,0.0,0,0
1779626630.735940,0.0,0.0,0.0,0.0,0.0,0.0,0,0
1779626630.766984,0.0,0.0,0.0,0.0,0.0,0.0,0,0
1779626630.797941,0.0,0.0,0.0,0.0,0.0,0.0,0,0
1779626630.828862,0.0,0.0,0.0,0.0,0.0,0.0,0,0
1779626630.859883,0.0,0.0,0.0,0.0,0.0,0.0,0,0
1779626630.890907,0.0,0.0,0.0,0.0,0.0,0.0,0,0
1779626630.921878,0.0,0.0,0.0,0.0,0.0,0.0,0,0
1779626630.952836,0.0,0.0,0.0,0.0,0.0,0.0,0,0
1779626630.983868,0.0,0.0,0.0,0.0,0.0,0.0,0,0
1779626631.014877,0.0,0.0,0.0,0.0,0.0,0.0,0,0
1779626631.045891,0.0,0.0,0.0,0.0,0.0,0.0,0,0
1779626631.076891,0.0,0.0,0.0,0.0,0.0,0.0,0,0
1779626631.107924,0.0,0.0,0.0,0.0,0.0,0.0,0,0
1779626631.138896,0.0,0.0,0.0,0.0,0.0,0.0,0,0
1779626631.169886,0.0,0.0,0.0,0.0,0.0,0.0,0,0
1779626631.200901,0.0,0.0,0.0,0.0,0.0,0.0,0,0
1779626631.231890,0.0,0.0,0.0,0.0,0.0,0.0,0,0
1779626631.262947,0.0,0.0,0.0,0.0,0.0,0.0,0,0
1779626631.293911,0.0,0.0,0.0,0.0,0.0,0.0,0,0
1779626631.324892,0.0,0.0,0.0,0.0,0.0,0.0,0,0
1779626631.355889,0.0,0.0,0.0,0.0,0.0,0.0,0,0
1779626631.386910,0.0,0.0,0.0,0.0,0.0,0.0,0,0
1779626631.417947,0.0,0.0,0.0,0.0,0.0,0.0,0,0
1779626631.448859,0.0,0.0,0.0,0.0,0.0,0.0,0,0
1779626631.479876,0.0,0.0,0.0,0.0,0.0,0.0,0,0
1779626631.510895,0.0,0.0,0.0,0.0,0.0,0.0,0,0
1779626631.541913,0.0,0.0,0.0,0.0,0.0,0.0,0,0
1779626631.572871,0.0,0.0,0.0,0.0,0.0,0.0,0,0
1779626631.603909,0.0,0.0,0.0,0.0,0.0,0.0,0,0
1779626631.634876,0.0,0.0,0.0,0.0,0.0,0.0,0,0
1779626631.665915,0.0,0.0,0.0,0.0,0.0,0.0,0,0
1779626631.696937,0.0,0.0,0.0,0.0,0.0,0.0,0,0
1779626631.727926,0.0,0.0,0.0,0.0,0.0,0.0,0,0
1779626631.758926,0.0,0.0,0.0,0.0,0.0,0.0,0,0
1779626631.789868,0.0,0.0,0.0,0.0,0.0,0.0,0,0
1779626631.820851,0.0,0.0,0.0,0.0,0.0,0.0,0,0
1779626631.851916,0.0,0.0,0.0,0.0,0.0,0.0,0,0
1779626631.882894,0.0,0.0,0.0,0.0,0.0,0.0,0,0
1779626631.913939,0.0,0.0,0.0,0.0,0.0,0.0,0,0
1779626631.944891,0.0,0.0,0.0,0.0,0.0,0.0,0,0
1779626631.975834,0.0,0.0,0.0,0.0,0.0,0.0,0,0
1779626632.006883,0.0,0.0,0.0,0.0,0.0,0.0,0,0
1779626632.037918,0.0,0.0,0.0,0.0,0.0,0.0,0,0
1779626632.068904,0.0,0.0,0.0,0.0,0.0,0.0,0,0
1779626632.099922,0.0,0.0,0.0,0.0,0.0,0.0,0,0
1779626632.130868,0.0,0.0,0.0,0.0,0.0,0.0,0,0
1779626632.161972,0.0,0.0,0.0,0.0,0.0,0.0,0,0
1779626632.192869,0.0,0.0,0.0,0.0,0.0,0.0,0,0
1779626632.223858,0.0,0.0,0.0,0.0,0.0,0.0,0,0
1779626632.254836,0.0,0.0,0.0,0.0,0.0,0.0,0,0
1779626632.285869,0.0,0.0,0.0,0.0,0.0,0.0,0,0
1779626632.316881,0.0,0.0,0.0,0.0,0.0,0.0,0,0
1779626632.347937,0.0,0.0,0.0,0.0,0.0,0.0,0,0
1779626632.378861,0.0,0.0,0.0,0.0,0.0,0.0,0,0
1779626632.409878,0.0,0.0,0.0,0.0,0.0,0.0,0,0
1779626632.440951,0.0,0.0,0.0,0.0,0.0,0.0,0,0
1779626632.471935,0.0,0.0,0.0,0.0,0.0,0.0,0,0
1779626632.502871,0.0,0.0,0.0,0.0,0.0,0.0,0,0
1779626632.533924,0.0,0.0,0.0,0.0,0.0,0.0,0,0
1779626632.564871,0.0,0.0,0.0,0.0,0.0,0.0,0,0
1779626632.595883,0.0,0.0,0.0,0.0,0.0,0.0,0,0
1779626632.626909,0.0,0.0,0.0,0.0,0.0,0.0,0,0
1779626632.657905,0.0,0.0,0.0,0.0,0.0,0.0,0,0
1779626632.688942,0.0,0.0,0.0,0.0,0.0,0.0,0,0
1779626632.719896,0.0,0.0,0.0,0.0,0.0,0.0,0,0
1779626632.750944,0.0,0.0,0.0,0.0,0.0,0.0,0,0
1779626632.781922,0.0,0.0,0.0,0.0,0.0,0.0,0,0
1779626632.812906,0.0,0.0,0.0,0.0,0.0,0.0,0,0
1779626632.843964,0.0,0.0,0.0,0.0,0.0,0.0,0,0
1779626632.874921,0.0,0.0,0.0,0.0,0.0,0.0,0,0
1779626632.905927,0.0,0.0,0.0,0.0,0.0,0.0,0,0
1779626632.936894,0.0,0.0,0.0,0.0,0.0,0.0,0,0
1779626632.967866,0.0,0.0,0.0,0.0,0.0,0.0,0,0
1779626632.998930,0.0,0.0,0.0,0.0,0.0,0.0,0,0
1779626633.029903,0.0,0.0,0.0,0.0,0.0,0.0,0,0
1779626633.060864,0.0,0.0,0.0,0.0,0.0,0.0,0,0
1779626633.091908,0.0,0.0,0.0,0.0,0.0,0.0,0,0
1779626633.122902,0.0,0.0,0.0,0.0,0.0,0.0,0,0
1779626633.153867,0.0,0.0,0.0,0.0,0.0,0.0,0,0
1779626633.184879,0.0,0.0,0.0,0.0,0.0,0.0,0,0
1779626633.215972,0.0,0.0,0.0,0.0,0.0,0.0,0,0
1779626633.246889,0.0,0.0,0.0,0.0,0.0,0.0,0,0
1779626633.277946,0.0,0.0,0.0,0.0,0.0,0.0,0,0
1779626633.308943,0.0,0.0,0.0,0.0,0.0,0.0,0,0
1779626633.339890,0.0,0.0,0.0,0.0,0.0,0.0,0,0
1779626633.370867,0.0,0.0,0.0,0.0,0.0,0.0,0,0
1779626633.401881,0.0,0.0,0.0,0.0,0.0,0.0,0,0
1779626633.432892,0.0,0.0,0.0,0.0,0.0,0.0,0,0
1779626633.463866,0.0,0.0,0.0,0.0,0.0,0.0,0,0
1779626633.494879,0.0,0.0,0.0,0.0,0.0,0.0,0,0
1779626633.525896,0.0,0.0,0.0,0.0,0.0,0.0,0,0
1779626633.556900,0.0,0.0,0.0,0.0,0.0,0.0,0,0
1779626633.587893,0.0,0.0,0.0,0.0,0.0,0.0,0,0
1779626633.618897,0.0,0.0,0.0,0.0,0.0,0.0,0,0
1779626633.649908,0.0,0.0,0.0,0.0,0.0,0.0,0,0
1779626633.680923,0.0,0.0,0.0,0.0,0.0,0.0,0,0
1779626633.711893,0.0,0.0,0.0,0.0,0.0,0.0,0,0
1779626633.742888,0.0,0.0,0.0,0.0,0.0,0.0,0,0
1779626633.773897,0.0,0.0,0.0,0.0,0.0,0.0,0,0
1779626633.804847,0.0,0.0,0.0,0.0,0.0,0.0,0,0
1779626633.835892,0.0,0.0,0.0,0.0,0.0,0.0,0,0
1779626633.866895,0.0,0.0,0.0,0.0,0.0,0.0,0,0
1779626633.897905,0.0,0.0,0.0,0.0,0.0,0.0,0,0
1779626633.928930,0.0,0.0,0.0,0.0,0.0,0.0,0,0
1779626633.959912,0.0,0.0,0.0,0.0,0.0,0.0,0,0
1779626633.990831,0.0,0.0,0.0,0.0,0.0,0.0,0,0
1779626634.021890,0.0,0.0,0.0,0.0,0.0,0.0,0,0
1779626634.052942,0.0,0.0,0.0,0.0,0.0,0.0,0,0
1779626634.083848,0.0,0.0,0.0,0.0,0.0,0.0,0,0
1779626634.114887,0.0,0.0,0.0,0.0,0.0,0.0,0,0
1779626634.145894,0.0,0.0,0.0,0.0,0.0,0.0,0,0
1779626634.176872,0.0,0.0,0.0,0.0,0.0,0.0,0,0
1779626634.207891,0.0,0.0,0.0,0.0,0.0,0.0,0,0
1779626634.238905,0.0,0.0,0.0,0.0,0.0,0.0,0,0
1779626634.269909,0.0,0.0,0.0,0.0,0.0,0.0,0,0
1779626634.300930,0.0,0.0,0.0,0.0,0.0,0.0,0,0
1779626634.331856,0.0,0.0,0.0,0.0,0.0,0.0,0,0
1779626634.362885,0.0,0.0,0.0,0.0,0.0,0.0,0,0
1779626634.393851,0.0,0.0,0.0,0.0,0.0,0.0,0,0
1779626634.424859,0.0,0.0,0.0,0.0,0.0,0.0,0,0
1779626634.455945,0.0,0.0,0.0,0.0,0.0,0.0,0,0
1779626634.486871,0.0,0.0,0.0,0.0,0.0,0.0,0,0
1779626634.517893,0.0,0.0,0.0,0.0,0.0,0.0,0,0
1779626634.548905,0.0,0.0,0.0,0.0,0.0,0.0,0,0
1779626634.579884,0.0,0.0,0.0,0.0,0.0,0.0,0,0
1779626634.610933,0.0,0.0,0.0,0.0,0.0,0.0,0,0
1779626634.641931,0.0,0.0,0.0,0.0,0.0,0.0,0,0
1779626634.672911,0.0,0.0,0.0,0.0,0.0,0.0,0,0
1779626634.703912,0.0,0.0,0.0,0.0,0.0,0.0,0,0
1779626634.734936,0.0,0.0,0.0,0.0,0.0,0.0,0,0
1779626634.765946,0.0,0.0,0.0,0.0,0.0,0.0,0,0
1779626634.796968,0.0,0.0,0.0,0.0,0.0,0.0,0,0
1779626634.827908,0.0,0.0,0.0,0.0,0.0,0.0,0,0
1779626634.858904,0.0,0.0,0.0,0.0,0.0,0.0,0,0
1779626634.889916,0.0,0.0,0.0,0.0,0.0,0.0,0,0
1779626634.920902,0.0,0.0,0.0,0.0,0.0,0.0,0,0
1779626634.951916,0.0,0.0,0.0,0.0,0.0,0.0,0,0
1779626634.982938,0.0,0.0,0.0,0.0,0.0,0.0,0,0
1779626635.013932,0.0,0.0,0.0,0.0,0.0,0.0,0,0
1779626635.044916,0.0,0.0,0.0,0.0,0.0,0.0,0,0
1779626635.075892,0.0,0.0,0.0,0.0,0.0,0.0,0,0
1779626635.106961,0.0,0.0,0.0,0.0,0.0,0.0,0,0
1779626635.137879,0.0,0.0,0.0,0.0,0.0,0.0,0,0
1779626635.168911,0.0,0.0,0.0,0.0,0.0,0.0,0,0
1779626635.199922,0.0,0.0,0.0,0.0,0.0,0.0,0,0
1779626635.230897,0.0,0.0,0.0,0.0,0.0,0.0,0,0
1779626635.261889,0.0,0.0,0.0,0.0,0.0,0.0,0,0
1779626635.292884,0.0,0.0,0.0,0.0,0.0,0.0,0,0
1779626635.323915,0.0,0.0,0.0,0.0,0.0,0.0,0,0
1779626635.354830,0.0,0.0,0.0,0.0,0.0,0.0,0,0
1779626635.385875,0.0,0.0,0.0,0.0,0.0,0.0,0,0
1779626635.416919,0.0,0.0,0.0,0.0,0.0,0.0,0,0
1779626635.447957,0.0,0.0,0.0,0.0,0.0,0.0,0,0
1779626635.478912,0.0,0.0,0.0,0.0,0.0,0.0,0,0
1779626635.509926,0.0,0.0,0.0,0.0,0.0,0.0,0,0
1779626635.540923,0.0,0.0,0.0,0.0,0.0,0.0,0,0
1779626635.571928,0.0,0.0,0.0,0.0,0.0,0.0,0,0
1779626635.602865,0.0,0.0,0.0,0.0,0.0,0.0,0,0
1779626635.633920,0.0,0.0,0.0,0.0,0.0,0.0,0,0
1779626635.664924,0.0,0.0,0.0,0.0,0.0,0.0,0,0
1779626635.695911,0.0,0.0,0.0,0.0,0.0,0.0,0,0
1779626635.726901,0.0,0.0,0.0,0.0,0.0,0.0,0,0
1779626635.757838,0.0,0.0,0.0,0.0,0.0,0.0,0,0
1779626635.788847,0.0,0.0,0.0,0.0,0.0,0.0,0,0
1779626635.819949,0.0,0.0,0.0,0.0,0.0,0.0,0,0
1779626635.850854,0.0,0.0,0.0,0.0,0.0,0.0,0,0
1779626635.881955,0.0,0.0,0.0,0.0,0.0,0.0,0,0
1779626635.912939,0.0,0.0,0.0,0.0,0.0,0.0,0,0
1779626635.943899,0.0,0.0,0.0,0.0,0.0,0.0,0,0
1779626635.974900,0.0,0.0,0.0,0.0,0.0,0.0,0,0
1779626636.005929,0.0,0.0,0.0,0.0,0.0,0.0,0,0
1779626636.036961,0.0,0.0,0.0,0.0,0.0,0.0,0,0
1779626636.067937,0.0,0.0,0.0,0.0,0.0,0.0,0,0
1779626636.098895,0.0,0.0,0.0,0.0,0.0,0.0,0,0
1779626636.129930,0.0,0.0,0.0,0.0,0.0,0.0,0,0
1779626636.160929,0.0,0.0,0.0,0.0,0.0,0.0,0,0
1779626636.191900,0.0,0.0,0.0,0.0,0.0,0.0,0,0
1779626636.222909,0.0,0.0,0.0,0.0,0.0,0.0,0,0
1779626636.253913,0.0,0.0,0.0,0.0,0.0,0.0,0,0
1779626636.284941,0.0,0.0,0.0,0.0,0.0,0.0,0,0
1779626636.315911,0.0,0.0,0.0,0.0,0.0,0.0,0,0
1779626636.347016,0.0,0.0,0.0,0.0,0.0,0.0,0,0
1779626636.377943,0.0,0.0,0.0,0.0,0.0,0.0,0,0
1779626636.408957,0.0,0.0,0.0,0.0,0.0,0.0,0,0
1779626636.439930,0.0,0.0,0.0,0.0,0.0,0.0,0,0
1779626636.470921,0.0,0.0,0.0,0.0,0.0,0.0,0,0
1779626636.501914,0.0,0.0,0.0,0.0,0.0,0.0,0,0
1779626636.532976,0.0,0.0,0.0,0.0,0.0,0.0,0,0
1779626636.563888,0.0,0.0,0.0,0.0,0.0,0.0,0,0
1779626636.594889,0.0,0.0,0.0,0.0,0.0,0.0,0,0
1779626636.625905,0.0,0.0,0.0,0.0,0.0,0.0,0,0
1779626636.656902,0.0,0.0,0.0,0.0,0.0,0.0,0,0
1779626636.687944,0.0,0.0,0.0,0.0,0.0,0.0,0,0
1779626636.718873,0.0,0.0,0.0,0.0,0.0,0.0,0,0
1779626636.749884,0.0,0.0,0.0,0.0,0.0,0.0,0,0
1779626636.780927,0.0,0.0,0.0,0.0,0.0,0.0,0,0
1779626636.811910,0.0,0.0,0.0,0.0,0.0,0.0,0,0
1779626636.842909,0.0,0.0,0.0,0.0,0.0,0.0,0,0
1779626636.873914,0.0,0.0,0.0,0.0,0.0,0.0,0,0
1779626636.904932,0.0,0.0,0.0,0.0,0.0,0.0,0,0
1779626636.935920,0.0,0.0,0.0,0.0,0.0,0.0,0,0
1779626636.966933,0.0,0.0,0.0,0.0,0.0,0.0,0,0
1779626636.997865,0.0,0.0,0.0,0.0,0.0,0.0,0,0
1779626637.028889,0.0,0.0,0.0,0.0,0.0,0.0,0,0
1779626637.059870,0.0,0.0,0.0,0.0,0.0,0.0,0,0
1779626637.090940,0.0,0.0,0.0,0.0,0.0,0.0,0,0
1779626637.121893,0.0,0.0,0.0,0.0,0.0,0.0,0,0
1779626637.152901,0.0,0.0,0.0,0.0,0.0,0.0,0,0
1779626637.183932,0.0,0.0,0.0,0.0,0.0,0.0,0,0
1779626637.214943,0.0,0.0,0.0,0.0,0.0,0.0,0,0
1779626637.245918,0.0,0.0,0.0,0.0,0.0,0.0,0,0
1779626637.276882,0.0,0.0,0.0,0.0,0.0,0.0,0,0
1779626637.307897,0.0,0.0,0.0,0.0,0.0,0.0,0,0
1779626637.338919,0.0,0.0,0.0,0.0,0.0,0.0,0,0
1779626637.369883,0.0,0.0,0.0,0.0,0.0,0.0,0,0
1779626637.400918,0.0,0.0,0.0,0.0,0.0,0.0,0,0
1779626637.431937,0.0,0.0,0.0,0.0,0.0,0.0,0,0
1779626637.462899,0.0,0.0,0.0,0.0,0.0,0.0,0,0
1779626637.493951,0.0,0.0,0.0,0.0,0.0,0.0,0,0
1779626637.524870,0.0,0.0,0.0,0.0,0.0,0.0,0,0
1779626637.555911,0.0,0.0,0.0,0.0,0.0,0.0,0,0
1779626637.586970,0.0,0.0,0.0,0.0,0.0,0.0,0,0
1779626637.617893,0.0,0.0,0.0,0.0,0.0,0.0,0,0
1779626637.648867,0.0,0.0,0.0,0.0,0.0,0.0,0,0
1779626637.679922,0.0,0.0,0.0,0.0,0.0,0.0,0,0
1779626637.710919,0.0,0.0,0.0,0.0,0.0,0.0,0,0
1779626637.741888,0.0,0.0,0.0,0.0,0.0,0.0,0,0
1779626637.772900,0.0,0.0,0.0,0.0,0.0,0.0,0,0
1779626637.803931,0.0,0.0,0.0,0.0,0.0,0.0,0,0
1779626637.834923,0.0,0.0,0.0,0.0,0.0,0.0,0,0
1779626637.865908,0.0,0.0,0.0,0.0,0.0,0.0,0,0
1779626637.896976,0.0,0.0,0.0,0.0,0.0,0.0,0,0
1779626637.927965,0.0,0.0,0.0,0.0,0.0,0.0,0,0
1779626637.958915,0.0,0.0,0.0,0.0,0.0,0.0,0,0
1779626637.990016,0.0,0.0,0.0,0.0,0.0,0.0,0,0
1779626638.020886,0.0,0.0,0.0,0.0,0.0,0.0,0,0
1779626638.051913,0.0,0.0,0.0,0.0,0.0,0.0,0,0
1779626638.082936,0.0,0.0,0.0,0.0,0.0,0.0,0,0
1779626638.113914,0.0,0.0,0.0,0.0,0.0,0.0,0,0
1779626638.144879,0.0,0.0,0.0,0.0,0.0,0.0,0,0
1779626638.175905,0.0,0.0,0.0,0.0,0.0,0.0,0,0
1779626638.206931,0.0,0.0,0.0,0.0,0.0,0.0,0,0
1779626638.237930,0.0,0.0,0.0,0.0,0.0,0.0,0,0
1779626638.268854,0.0,0.0,0.0,0.0,0.0,0.0,0,0
1779626638.299900,0.0,0.0,0.0,0.0,0.0,0.0,0,0
1779626638.330956,0.0,0.0,0.0,0.0,0.0,0.0,0,0
1779626638.361942,0.0,0.0,0.0,0.0,0.0,0.0,0,0
1779626638.392936,0.0,0.0,0.0,0.0,0.0,0.0,0,0
1779626638.423887,0.0,0.0,0.0,0.0,0.0,0.0,0,0
1779626638.454912,0.0,0.0,0.0,0.0,0.0,0.0,0,0
1779626638.485874,0.0,0.0,0.0,0.0,0.0,0.0,0,0
1779626638.516872,0.0,0.0,0.0,0.0,0.0,0.0,0,0
1779626638.547890,0.0,0.0,0.0,0.0,0.0,0.0,0,0
1779626638.578873,0.0,0.0,0.0,0.0,0.0,0.0,0,0
1779626638.609955,0.0,0.0,0.0,0.0,0.0,0.0,0,0
1779626638.640980,0.0,0.0,0.0,0.0,0.0,0.0,0,0
1779626638.671941,0.0,0.0,0.0,0.0,0.0,0.0,0,0
1779626638.702941,0.0,0.0,0.0,0.0,0.0,0.0,0,0
1779626638.733927,0.0,0.0,0.0,0.0,0.0,0.0,0,0
1779626638.764991,0.0,0.0,0.0,0.0,0.0,0.0,0,0
1779626638.795878,0.0,0.0,0.0,0.0,0.0,0.0,0,0
1779626638.826905,0.0,0.0,0.0,0.0,0.0,0.0,0,0
1779626638.857845,0.0,0.0,0.0,0.0,0.0,0.0,0,0
1779626638.888903,0.0,0.0,0.0,0.0,0.0,0.0,0,0
1779626638.920003,0.0,0.0,0.0,0.0,0.0,0.0,0,0
1779626638.950948,0.0,0.0,0.0,0.0,0.0,0.0,0,0
1779626638.981991,0.0,0.0,0.0,0.0,0.0,0.0,0,0
1779626639.012966,0.0,0.0,0.0,0.0,0.0,0.0,0,0
1779626639.043957,0.0,0.0,0.0,0.0,0.0,0.0,0,0
1779626639.074930,0.0,0.0,0.0,0.0,0.0,0.0,0,0
1779626639.105912,0.0,0.0,0.0,0.0,0.0,0.0,0,0
1779626639.136930,0.0,0.0,0.0,0.0,0.0,0.0,0,0
1779626639.167928,0.0,0.0,0.0,0.0,0.0,0.0,0,0
1779626639.198900,0.0,0.0,0.0,0.0,0.0,0.0,0,0
1779626639.229904,0.0,0.0,0.0,0.0,0.0,0.0,0,0
1779626639.260888,0.0,0.0,0.0,0.0,0.0,0.0,0,0
1779626639.291917,0.0,0.0,0.0,0.0,0.0,0.0,0,0
1779626639.322897,0.0,0.0,0.0,0.0,0.0,0.0,0,0
1779626639.353857,0.0,0.0,0.0,0.0,0.0,0.0,0,0
1779626639.384929,0.0,0.0,0.0,0.0,0.0,0.0,0,0
1779626639.415952,0.0,0.0,0.0,0.0,0.0,0.0,0,0
1779626639.446847,0.0,0.0,0.0,0.0,0.0,0.0,0,0
1779626639.477851,0.0,0.0,0.0,0.0,0.0,0.0,0,0
1779626639.508899,0.0,0.0,0.0,0.0,0.0,0.0,0,0
1779626639.539883,0.0,0.0,0.0,0.0,0.0,0.0,0,0
1779626639.570928,0.0,0.0,0.0,0.0,0.0,0.0,0,0
1779626639.601905,0.0,0.0,0.0,0.0,0.0,0.0,0,0
1779626639.632911,0.0,0.0,0.0,0.0,0.0,0.0,0,0
1779626639.663970,0.0,0.0,0.0,0.0,0.0,0.0,0,0
1779626639.694917,0.0,0.0,0.0,0.0,0.0,0.0,0,0
1779626639.725938,0.0,0.0,0.0,0.0,0.0,0.0,0,0
1779626639.756844,0.0,0.0,0.0,0.0,0.0,0.0,0,0
1779626639.787888,0.0,0.0,0.0,0.0,0.0,0.0,0,0
1779626639.818896,0.0,0.0,0.0,0.0,0.0,0.0,0,0
1779626639.849935,0.0,0.0,0.0,0.0,0.0,0.0,0,0
1779626639.880914,0.0,0.0,0.0,0.0,0.0,0.0,0,0
1779626639.911950,0.0,0.0,0.0,0.0,0.0,0.0,0,0
1779626639.942873,0.0,0.0,0.0,0.0,0.0,0.0,0,0
1779626639.973951,0.0,0.0,0.0,0.0,0.0,0.0,0,0
1779626640.004927,0.0,0.0,0.0,0.0,0.0,0.0,0,0
1779626640.035922,0.0,0.0,0.0,0.0,0.0,0.0,0,0
1779626640.066932,0.0,0.0,0.0,0.0,0.0,0.0,0,0
1779626640.097953,0.0,0.0,0.0,0.0,0.0,0.0,0,0
1779626640.128935,0.0,0.0,0.0,0.0,0.0,0.0,0,0
1779626640.159851,0.0,0.0,0.0,0.0,0.0,0.0,0,0
1779626640.190876,0.0,0.0,0.0,0.0,0.0,0.0,0,0
1779626640.221899,0.0,0.0,0.0,0.0,0.0,0.0,0,0
1779626640.252900,0.0,0.0,0.0,0.0,0.0,0.0,0,0
1779626640.283892,0.0,0.0,0.0,0.0,0.0,0.0,0,0
1779626640.314921,0.0,0.0,0.0,0.0,0.0,0.0,0,0
1779626640.345994,0.0,0.0,0.0,0.0,0.0,0.0,0,0
1779626640.376928,0.0,0.0,0.0,0.0,0.0,0.0,0,0
1779626640.407954,0.0,0.0,0.0,0.0,0.0,0.0,0,0
1779626640.438967,0.0,0.0,0.0,0.0,0.0,0.0,0,0
1779626640.469976,0.0,0.0,0.0,0.0,0.0,0.0,0,0
1779626640.500955,0.0,0.0,0.0,0.0,0.0,0.0,0,0
1779626640.531915,0.0,0.0,0.0,0.0,0.0,0.0,0,0
1779626640.562973,0.0,0.0,0.0,0.0,0.0,0.0,0,0
1779626640.593919,0.0,0.0,0.0,0.0,0.0,0.0,0,0
1779626640.624894,0.0,0.0,0.0,0.0,0.0,0.0,0,0
1779626640.655893,0.0,0.0,0.0,0.0,0.0,0.0,0,0
1779626640.686958,0.0,0.0,0.0,0.0,0.0,0.0,0,0
1779626640.717947,0.0,0.0,0.0,0.0,0.0,0.0,0,0
1779626640.748948,0.0,0.0,0.0,0.0,0.0,0.0,0,0
1779626640.779912,0.0,0.0,0.0,0.0,0.0,0.0,0,0
1779626640.810954,0.0,0.0,0.0,0.0,0.0,0.0,0,0
1779626640.841944,0.0,0.0,0.0,0.0,0.0,0.0,0,0
1779626640.872908,0.0,0.0,0.0,0.0,0.0,0.0,0,0
1779626640.904007,0.0,0.0,0.0,0.0,0.0,0.0,0,0
1779626640.934929,0.0,0.0,0.0,0.0,0.0,0.0,0,0
1779626640.965964,0.0,0.0,0.0,0.0,0.0,0.0,0,0
1779626640.996919,0.0,0.0,0.0,0.0,0.0,0.0,0,0
1779626641.027863,0.0,0.0,0.0,0.0,0.0,0.0,0,0
1779626641.058867,0.0,0.0,0.0,0.0,0.0,0.0,0,0
1779626641.089982,0.0,0.0,0.0,0.0,0.0,0.0,0,0
1779626641.120899,0.0,0.0,0.0,0.0,0.0,0.0,0,0
1779626641.151925,0.0,0.0,0.0,0.0,0.0,0.0,0,0
1779626641.182930,0.0,0.0,0.0,0.0,0.0,0.0,0,0
1779626641.213959,0.0,0.0,0.0,0.0,0.0,0.0,0,0
1779626641.244930,0.0,0.0,0.0,0.0,0.0,0.0,0,0
1779626641.275938,0.0,0.0,0.0,0.0,0.0,0.0,0,0
1779626641.306907,0.0,0.0,0.0,0.0,0.0,0.0,0,0
1779626641.337943,0.0,0.0,0.0,0.0,0.0,0.0,0,0
1779626641.368862,0.0,0.0,0.0,0.0,0.0,0.0,0,0
1779626641.399889,0.0,0.0,0.0,0.0,0.0,0.0,0,0
1779626641.430879,0.0,0.0,0.0,0.0,0.0,0.0,0,0
1779626641.461939,0.0,0.0,0.0,0.0,0.0,0.0,0,0
1779626641.492966,0.0,0.0,0.0,0.0,0.0,0.0,0,0
1779626641.523948,0.0,0.0,0.0,0.0,0.0,0.0,0,0
1779626641.554918,0.0,0.0,0.0,0.0,0.0,0.0,0,0
1779626641.585981,0.0,0.0,0.0,0.0,0.0,0.0,0,0
1779626641.616929,0.0,0.0,0.0,0.0,0.0,0.0,0,0
1779626641.647961,0.0,0.0,0.0,0.0,0.0,0.0,0,0
1779626641.678951,0.0,0.0,0.0,0.0,0.0,0.0,0,0
1779626641.709902,0.0,0.0,0.0,0.0,0.0,0.0,0,0
1779626641.740991,0.0,0.0,0.0,0.0,0.0,0.0,0,0
1779626641.771921,0.0,0.0,0.0,0.0,0.0,0.0,0,0
1779626641.802887,0.0,0.0,0.0,0.0,0.0,0.0,0,0
1779626641.833889,0.0,0.0,0.0,0.0,0.0,0.0,0,0
1779626641.864924,0.0,0.0,0.0,0.0,0.0,0.0,0,0
1779626641.895927,0.0,0.0,0.0,0.0,0.0,0.0,0,0
1779626641.926884,0.0,0.0,0.0,0.0,0.0,0.0,0,0
1779626641.957899,0.0,0.0,0.0,0.0,0.0,0.0,0,0
1779626641.988935,0.0,0.0,0.0,0.0,0.0,0.0,0,0
1779626642.019927,0.0,0.0,0.0,0.0,0.0,0.0,0,0
1779626642.050956,0.0,0.0,0.0,0.0,0.0,0.0,0,0
1779626642.081957,0.0,0.0,0.0,0.0,0.0,0.0,0,0
1779626642.112946,0.0,0.0,0.0,0.0,0.0,0.0,0,0
1779626642.143927,0.0,0.0,0.0,0.0,0.0,0.0,0,0
1779626642.174919,0.0,0.0,0.0,0.0,0.0,0.0,0,0
1779626642.205897,0.0,0.0,0.0,0.0,0.0,0.0,0,0
1779626642.236862,0.0,0.0,0.0,0.0,0.0,0.0,0,0
1779626642.267947,0.0,0.0,0.0,0.0,0.0,0.0,0,0
1779626642.298903,0.0,0.0,0.0,0.0,0.0,0.0,0,0
1779626642.329910,0.0,0.0,0.0,0.0,0.0,0.0,0,0
1779626642.360909,0.0,0.0,0.0,0.0,0.0,0.0,0,0
1779626642.391937,0.0,0.0,0.0,0.0,0.0,0.0,0,0
1779626642.422976,0.0,0.0,0.0,0.0,0.0,0.0,0,0
1779626642.453901,0.0,0.0,0.0,0.0,0.0,0.0,0,0
1779626642.484898,0.0,0.0,0.0,0.0,0.0,0.0,0,0
1779626642.515959,0.0,0.0,0.0,0.0,0.0,0.0,0,0
1779626642.546912,0.0,0.0,0.0,0.0,0.0,0.0,0,0
1779626642.577920,0.0,0.0,0.0,0.0,0.0,0.0,0,0
1779626642.608918,0.0,0.0,0.0,0.0,0.0,0.0,0,0
1779626642.639883,0.0,0.0,0.0,0.0,0.0,0.0,0,0
1779626642.670897,0.0,0.0,0.0,0.0,0.0,0.0,0,0
1779626642.701870,0.0,0.0,0.0,0.0,0.0,0.0,0,0
1779626642.732949,0.0,0.0,0.0,0.0,0.0,0.0,0,0
1779626642.763945,0.0,0.0,0.0,0.0,0.0,0.0,0,0
1779626642.794921,0.0,0.0,0.0,0.0,0.0,0.0,0,0
1779626642.825886,0.0,0.0,0.0,0.0,0.0,0.0,0,0
1779626642.856981,0.0,0.0,0.0,0.0,0.0,0.0,0,0
1779626642.887976,0.0,0.0,0.0,0.0,0.0,0.0,0,0
1779626642.918950,0.0,0.0,0.0,0.0,0.0,0.0,0,0
1779626642.949958,0.0,0.0,0.0,0.0,0.0,0.0,0,0
1779626642.980909,0.0,0.0,0.0,0.0,0.0,0.0,0,0
1779626643.011907,0.0,0.0,0.0,0.0,0.0,0.0,0,0
1779626643.042970,0.0,0.0,0.0,0.0,0.0,0.0,0,0
1779626643.073949,0.0,0.0,0.0,0.0,0.0,0.0,0,0
1779626643.104943,0.0,0.0,0.0,0.0,0.0,0.0,0,0
1779626643.135911,0.0,0.0,0.0,0.0,0.0,0.0,0,0
1779626643.166928,0.0,0.0,0.0,0.0,0.0,0.0,0,0
1779626643.197936,0.0,0.0,0.0,0.0,0.0,0.0,0,0
1779626643.228936,0.0,0.0,0.0,0.0,0.0,0.0,0,0
1779626643.259886,0.0,0.0,0.0,0.0,0.0,0.0,0,0
1779626643.290938,0.0,0.0,0.0,0.0,0.0,0.0,0,0
1779626643.321939,0.0,0.0,0.0,0.0,0.0,0.0,0,0
1779626643.352959,0.0,0.0,0.0,0.0,0.0,0.0,0,0
1779626643.383935,0.0,0.0,0.0,0.0,0.0,0.0,0,0
1779626643.414948,0.0,0.0,0.0,0.0,0.0,0.0,0,0
1779626643.445879,0.0,0.0,0.0,0.0,0.0,0.0,0,0
1779626643.476902,0.0,0.0,0.0,0.0,0.0,0.0,0,0
1779626643.507948,0.0,0.0,0.0,0.0,0.0,0.0,0,0
1779626643.538965,0.0,0.0,0.0,0.0,0.0,0.0,0,0
1779626643.569861,0.0,0.0,0.0,0.0,0.0,0.0,0,0
1779626643.600919,0.0,0.0,0.0,0.0,0.0,0.0,0,0
1779626643.631918,0.0,0.0,0.0,0.0,0.0,0.0,0,0
1779626643.662951,0.0,0.0,0.0,0.0,0.0,0.0,0,0
1779626643.693935,0.0,0.0,0.0,0.0,0.0,0.0,0,0
1779626643.724898,0.0,0.0,0.0,0.0,0.0,0.0,0,0
1779626643.755923,0.0,0.0,0.0,0.0,0.0,0.0,0,0
1779626643.786935,0.0,0.0,0.0,0.0,0.0,0.0,0,0
1779626643.817923,0.0,0.0,0.0,0.0,0.0,0.0,0,0
1779626643.848941,0.0,0.0,0.0,0.0,0.0,0.0,0,0
1779626643.879905,0.0,0.0,0.0,0.0,0.0,0.0,0,0
1779626643.910972,0.0,0.0,0.0,0.0,0.0,0.0,0,0
1779626643.941928,0.0,0.0,0.0,0.0,0.0,0.0,0,0
1779626643.972904,0.0,0.0,0.0,0.0,0.0,0.0,0,0
1779626644.003960,0.0,0.0,0.0,0.0,0.0,0.0,0,0
1779626644.034938,0.0,0.0,0.0,0.0,0.0,0.0,0,0
1779626644.065870,0.0,0.0,0.0,0.0,0.0,0.0,0,0
1779626644.096902,0.0,0.0,0.0,0.0,0.0,0.0,0,0
1779626644.127897,0.0,0.0,0.0,0.0,0.0,0.0,0,0
1779626644.158942,0.0,0.0,0.0,0.0,0.0,0.0,0,0
1779626644.190084,0.0,0.0,0.0,0.0,0.0,0.0,0,0
1779626644.220942,0.0,0.0,0.0,0.0,0.0,0.0,0,0
1779626644.251917,0.0,0.0,0.0,0.0,0.0,0.0,0,0
1779626644.282922,0.0,0.0,0.0,0.0,0.0,0.0,0,0
1779626644.313938,0.0,0.0,0.0,0.0,0.0,0.0,0,0
1779626644.344955,0.0,0.0,0.0,0.0,0.0,0.0,0,0
1779626644.375946,0.0,0.0,0.0,0.0,0.0,0.0,0,0
1779626644.406921,0.0,0.0,0.0,0.0,0.0,0.0,0,0
1779626644.437917,0.0,0.0,0.0,0.0,0.0,0.0,0,0
1779626644.468943,0.0,0.0,0.0,0.0,0.0,0.0,0,0
1779626644.499950,0.0,0.0,0.0,0.0,0.0,0.0,0,0
1779626644.530904,0.0,0.0,0.0,0.0,0.0,0.0,0,0
1779626644.561925,0.0,0.0,0.0,0.0,0.0,0.0,0,0
1779626644.592891,0.0,0.0,0.0,0.0,0.0,0.0,0,0
1779626644.623917,0.0,0.0,0.0,0.0,0.0,0.0,0,0
1779626644.654894,0.0,0.0,0.0,0.0,0.0,0.0,0,0
1779626644.685904,0.0,0.0,0.0,0.0,0.0,0.0,0,0
1779626644.716964,0.0,0.0,0.0,0.0,0.0,0.0,0,0
1779626644.747864,0.0,0.0,0.0,0.0,0.0,0.0,0,0
1779626644.778911,0.0,0.0,0.0,0.0,0.0,0.0,0,0
1779626644.809936,0.0,0.0,0.0,0.0,0.0,0.0,0,0
1779626644.840951,0.0,0.0,0.0,0.0,0.0,0.0,0,0
1779626644.871932,0.0,0.0,0.0,0.0,0.0,0.0,0,0
1779626644.902890,0.0,0.0,0.0,0.0,0.0,0.0,0,0
1779626644.933919,0.0,0.0,0.0,0.0,0.0,0.0,0,0
1779626644.964948,0.0,0.0,0.0,0.0,0.0,0.0,0,0
1779626644.995949,0.0,0.0,0.0,0.0,0.0,0.0,0,0
1779626645.026955,0.0,0.0,0.0,0.0,0.0,0.0,0,0
1779626645.057868,0.0,0.0,0.0,0.0,0.0,0.0,0,0
1779626645.088925,0.0,0.0,0.0,0.0,0.0,0.0,0,0
1779626645.119899,0.0,0.0,0.0,0.0,0.0,0.0,0,0
1779626645.150926,0.0,0.0,0.0,0.0,0.0,0.0,0,0
1779626645.181927,0.0,0.0,0.0,0.0,0.0,0.0,0,0
1779626645.212920,0.0,0.0,0.0,0.0,0.0,0.0,0,0
1779626645.243922,0.0,0.0,0.0,0.0,0.0,0.0,0,0
1779626645.274927,0.0,0.0,0.0,0.0,0.0,0.0,0,0
1779626645.305903,0.0,0.0,0.0,0.0,0.0,0.0,0,0
1779626645.336909,0.0,0.0,0.0,0.0,0.0,0.0,0,0
1779626645.367927,0.0,0.0,0.0,0.0,0.0,0.0,0,0
1779626645.398944,0.0,0.0,0.0,0.0,0.0,0.0,0,0
1779626645.429882,0.0,0.0,0.0,0.0,0.0,0.0,0,0
1779626645.460911,0.0,0.0,0.0,0.0,0.0,0.0,0,0
1779626645.491934,0.0,0.0,0.0,0.0,0.0,0.0,0,0
1779626645.522948,0.0,0.0,0.0,0.0,0.0,0.0,0,0
1779626645.553876,0.0,0.0,0.0,0.0,0.0,0.0,0,0
1779626645.584927,0.0,0.0,0.0,0.0,0.0,0.0,0,0
1779626645.615889,0.0,0.0,0.0,0.0,0.0,0.0,0,0
1779626645.646903,0.0,0.0,0.0,0.0,0.0,0.0,0,0
1779626645.677925,0.0,0.0,0.0,0.0,0.0,0.0,0,0
1779626645.708960,0.0,0.0,0.0,0.0,0.0,0.0,0,0
1779626645.739886,0.0,0.0,0.0,0.0,0.0,0.0,0,0
1779626645.770903,0.0,0.0,0.0,0.0,0.0,0.0,0,0
1779626645.801882,0.0,0.0,0.0,0.0,0.0,0.0,0,0
1779626645.833035,0.0,0.0,0.0,0.0,0.0,0.0,0,0
1779626645.863865,0.0,0.0,0.0,0.0,0.0,0.0,0,0
1779626645.894920,0.0,0.0,0.0,0.0,0.0,0.0,0,0
1779626645.925913,0.0,0.0,0.0,0.0,0.0,0.0,0,0
1779626645.956940,0.0,0.0,0.0,0.0,0.0,0.0,0,0
1779626645.987902,0.0,0.0,0.0,0.0,0.0,0.0,0,0
1779626646.018924,0.0,0.0,0.0,0.0,0.0,0.0,0,0
1779626646.049926,0.0,0.0,0.0,0.0,0.0,0.0,0,0
1779626646.080892,0.0,0.0,0.0,0.0,0.0,0.0,0,0
1779626646.111931,0.0,0.0,0.0,0.0,0.0,0.0,0,0
1779626646.142940,0.0,0.0,0.0,0.0,0.0,0.0,0,0
1779626646.173933,0.0,0.0,0.0,0.0,0.0,0.0,0,0
1779626646.204942,0.0,0.0,0.0,0.0,0.0,0.0,0,0
1779626646.235903,0.0,0.0,0.0,0.0,0.0,0.0,0,0
1779626646.266915,0.0,0.0,0.0,0.0,0.0,0.0,0,0
1779626646.297917,0.0,0.0,0.0,0.0,0.0,0.0,0,0
1779626646.328894,0.0,0.0,0.0,0.0,0.0,0.0,0,0
1779626646.359971,0.0,0.0,0.0,0.0,0.0,0.0,0,0
1779626646.390941,0.0,0.0,0.0,0.0,0.0,0.0,0,0
1779626646.421927,0.0,0.0,0.0,0.0,0.0,0.0,0,0
1779626646.452947,0.0,0.0,0.0,0.0,0.0,0.0,0,0
1779626646.483938,0.0,0.0,0.0,0.0,0.0,0.0,0,0
1779626646.514931,0.0,0.0,0.0,0.0,0.0,0.0,0,0
1779626646.545918,0.0,0.0,0.0,0.0,0.0,0.0,0,0
1779626646.576995,0.0,0.0,0.0,0.0,0.0,0.0,0,0
1779626646.607989,0.0,0.0,0.0,0.0,0.0,0.0,0,0
1779626646.638971,0.0,0.0,0.0,0.0,0.0,0.0,0,0
1779626646.669930,0.0,0.0,0.0,0.0,0.0,0.0,0,0
1779626646.700945,0.0,0.0,0.0,0.0,0.0,0.0,0,0
1779626646.731933,0.0,0.0,0.0,0.0,0.0,0.0,0,0
1779626646.762912,0.0,0.0,0.0,0.0,0.0,0.0,0,0
1779626646.793957,0.0,0.0,0.0,0.0,0.0,0.0,0,0
1779626646.824930,0.0,0.0,0.0,0.0,0.0,0.0,0,0
1779626646.855900,0.0,0.0,0.0,0.0,0.0,0.0,0,0
1779626646.886963,0.0,0.0,0.0,0.0,0.0,0.0,0,0
1779626646.917940,0.0,0.0,0.0,0.0,0.0,0.0,0,0
1779626646.948955,0.0,0.0,0.0,0.0,0.0,0.0,0,0
1779626646.979928,0.0,0.0,0.0,0.0,0.0,0.0,0,0
1779626647.010930,0.0,0.0,0.0,0.0,0.0,0.0,0,0
1779626647.041901,0.0,0.0,0.0,0.0,0.0,0.0,0,0
1779626647.072963,0.0,0.0,0.0,0.0,0.0,0.0,0,0
1779626647.103937,0.0,0.0,0.0,0.0,0.0,0.0,0,0
1779626647.134949,0.0,0.0,0.0,0.0,0.0,0.0,0,0
1779626647.165994,0.0,0.0,0.0,0.0,0.0,0.0,0,0
1779626647.196970,0.0,0.0,0.0,0.0,0.0,0.0,0,0
1779626647.227989,0.0,0.0,0.0,0.0,0.0,0.0,0,0
1779626647.258927,0.0,0.0,0.0,0.0,0.0,0.0,0,0
1779626647.289934,0.0,0.0,0.0,0.0,0.0,0.0,0,0
1779626647.320944,0.0,0.0,0.0,0.0,0.0,0.0,0,0
1779626647.351923,0.0,0.0,0.0,0.0,0.0,0.0,0,0
1779626647.382950,0.0,0.0,0.0,0.0,0.0,0.0,0,0
1779626647.413961,0.0,0.0,0.0,0.0,0.0,0.0,0,0
1779626647.444898,0.0,0.0,0.0,0.0,0.0,0.0,0,0
1779626647.475961,0.0,0.0,0.0,0.0,0.0,0.0,0,0
1779626647.506944,0.0,0.0,0.0,0.0,0.0,0.0,0,0
1779626647.537898,0.0,0.0,0.0,0.0,0.0,0.0,0,0
1779626647.568982,0.0,0.0,0.0,0.0,0.0,0.0,0,0
1779626647.599945,0.0,0.0,0.0,0.0,0.0,0.0,0,0
1779626647.630878,0.0,0.0,0.0,0.0,0.0,0.0,0,0
1779626647.661896,0.0,0.0,0.0,0.0,0.0,0.0,0,0
1779626647.692911,0.0,0.0,0.0,0.0,0.0,0.0,0,0
1779626647.723964,0.0,0.0,0.0,0.0,0.0,0.0,0,0
1779626647.754934,0.0,0.0,0.0,0.0,0.0,0.0,0,0
1779626647.785958,0.0,0.0,0.0,0.0,0.0,0.0,0,0
1779626647.816887,0.0,0.0,0.0,0.0,0.0,0.0,0,0
1779626647.847879,0.0,0.0,0.0,0.0,0.0,0.0,0,0
1779626647.878918,0.0,0.0,0.0,0.0,0.0,0.0,0,0
1779626647.909930,0.0,0.0,0.0,0.0,0.0,0.0,0,0
1779626647.940945,0.0,0.0,0.0,0.0,0.0,0.0,0,0
1779626647.971971,0.0,0.0,0.0,0.0,0.0,0.0,0,0
1779626648.002961,0.0,0.0,0.0,0.0,0.0,0.0,0,0
1779626648.033948,0.0,0.0,0.0,0.0,0.0,0.0,0,0
1779626648.064969,0.0,0.0,0.0,0.0,0.0,0.0,0,0
1779626648.095914,0.0,0.0,0.0,0.0,0.0,0.0,0,0
1779626648.126945,0.0,0.0,0.0,0.0,0.0,0.0,0,0
1779626648.157952,0.0,0.0,0.0,0.0,0.0,0.0,0,0
1779626648.188912,0.0,0.0,0.0,0.0,0.0,0.0,0,0
1779626648.219947,0.0,0.0,0.0,0.0,0.0,0.0,0,0
1779626648.250976,0.0,0.0,0.0,0.0,0.0,0.0,0,0
1779626648.281960,0.0,0.0,0.0,0.0,0.0,0.0,0,0
1779626648.312931,0.0,0.0,0.0,0.0,0.0,0.0,0,0
1779626648.343896,0.0,0.0,0.0,0.0,0.0,0.0,0,0
1779626648.374950,0.0,0.0,0.0,0.0,0.0,0.0,0,0
1779626648.405908,0.0,0.0,0.0,0.0,0.0,0.0,0,0
1779626648.436917,0.0,0.0,0.0,0.0,0.0,0.0,0,0
1779626648.467939,0.0,0.0,0.0,0.0,0.0,0.0,0,0
1779626648.498985,0.0,0.0,0.0,0.0,0.0,0.0,0,0
1779626648.529953,0.0,0.0,0.0,0.0,0.0,0.0,0,0
1779626648.560940,0.0,0.0,0.0,0.0,0.0,0.0,0,0
1779626648.591911,0.0,0.0,0.0,0.0,0.0,0.0,0,0
1779626648.622949,0.0,0.0,0.0,0.0,0.0,0.0,0,0
1779626648.653948,0.0,0.0,0.0,0.0,0.0,0.0,0,0
1779626648.684967,0.0,0.0,0.0,0.0,0.0,0.0,0,0
1779626648.715934,0.0,0.0,0.0,0.0,0.0,0.0,0,0
1779626648.746943,0.0,0.0,0.0,0.0,0.0,0.0,0,0
1779626648.777927,0.0,0.0,0.0,0.0,0.0,0.0,0,0
1779626648.809022,0.0,0.0,0.0,0.0,0.0,0.0,0,0
1779626648.839909,0.0,0.0,0.0,0.0,0.0,0.0,0,0
1779626648.870924,0.0,0.0,0.0,0.0,0.0,0.0,0,0
1779626648.901948,0.0,0.0,0.0,0.0,0.0,0.0,0,0
1779626648.932965,0.0,0.0,0.0,0.0,0.0,0.0,0,0
1779626648.963926,0.0,0.0,0.0,0.0,0.0,0.0,0,0
1779626648.994958,0.0,0.0,0.0,0.0,0.0,0.0,0,0
1779626649.025907,0.0,0.0,0.0,0.0,0.0,0.0,0,0
1779626649.056953,0.0,0.0,0.0,0.0,0.0,0.0,0,0
1779626649.087955,0.0,0.0,0.0,0.0,0.0,0.0,0,0
1779626649.118866,0.0,0.0,0.0,0.0,0.0,0.0,0,0
1779626649.149942,0.0,0.0,0.0,0.0,0.0,0.0,0,0
1779626649.180932,0.0,0.0,0.0,0.0,0.0,0.0,0,0
1779626649.211911,0.0,0.0,0.0,0.0,0.0,0.0,0,0
1779626649.242913,0.0,0.0,0.0,0.0,0.0,0.0,0,0
1779626649.273935,0.0,0.0,0.0,0.0,0.0,0.0,0,0
1779626649.304901,0.0,0.0,0.0,0.0,0.0,0.0,0,0
1779626649.335945,0.0,0.0,0.0,0.0,0.0,0.0,0,0
1779626649.366932,0.0,0.0,0.0,0.0,0.0,0.0,0,0
1779626649.397951,0.0,0.0,0.0,0.0,0.0,0.0,0,0
1779626649.428925,0.0,0.0,0.0,0.0,0.0,0.0,0,0
1779626649.459893,0.0,0.0,0.0,0.0,0.0,0.0,0,0
1779626649.490940,0.0,0.0,0.0,0.0,0.0,0.0,0,0
1779626649.521933,0.0,0.0,0.0,0.0,0.0,0.0,0,0
1779626649.552974,0.0,0.0,0.0,0.0,0.0,0.0,0,0
1779626649.583967,0.0,0.0,0.0,0.0,0.0,0.0,0,0
1779626649.614980,0.0,0.0,0.0,0.0,0.0,0.0,0,0
1779626649.645902,0.0,0.0,0.0,0.0,0.0,0.0,0,0
1779626649.676908,0.0,0.0,0.0,0.0,0.0,0.0,0,0
1779626649.708082,0.0,0.0,0.0,0.0,0.0,0.0,0,0
1779626649.738978,0.0,0.0,0.0,0.0,0.0,0.0,0,0
1779626649.770050,0.0,0.0,0.0,0.0,0.0,0.0,0,0
1779626649.800908,0.0,0.0,0.0,0.0,0.0,0.0,0,0
1779626649.831979,0.0,0.0,0.0,0.0,0.0,0.0,0,0
1779626649.862921,0.0,0.0,0.0,0.0,0.0,0.0,0,0
1779626649.893941,0.0,0.0,0.0,0.0,0.0,0.0,0,0
1779626649.924991,0.0,0.0,0.0,0.0,0.0,0.0,0,0
1779626649.955978,0.0,0.0,0.0,0.0,0.0,0.0,0,0
1779626649.986952,0.0,0.0,0.0,0.0,0.0,0.0,0,0
1779626650.017940,0.0,0.0,0.0,0.0,0.0,0.0,0,0
1779626650.048942,0.0,0.0,0.0,0.0,0.0,0.0,0,0
1779626650.079925,0.0,0.0,0.0,0.0,0.0,0.0,0,0
1779626650.110950,0.0,0.0,0.0,0.0,0.0,0.0,0,0
1779626650.141935,0.0,0.0,0.0,0.0,0.0,0.0,0,0
1779626650.172937,0.0,0.0,0.0,0.0,0.0,0.0,0,0
1779626650.203932,0.0,0.0,0.0,0.0,0.0,0.0,0,0
1779626650.234966,0.0,0.0,0.0,0.0,0.0,0.0,0,0
1779626650.265926,0.0,0.0,0.0,0.0,0.0,0.0,0,0
1779626650.296917,0.0,0.0,0.0,0.0,0.0,0.0,0,0
1779626650.327894,0.0,0.0,0.0,0.0,0.0,0.0,0,0
1779626650.358879,0.0,0.0,0.0,0.0,0.0,0.0,0,0
1779626650.389956,0.0,0.0,0.0,0.0,0.0,0.0,0,0
1779626650.420972,0.0,0.0,0.0,0.0,0.0,0.0,0,0
1779626650.451873,0.0,0.0,0.0,0.0,0.0,0.0,0,0
1779626650.482913,0.0,0.0,0.0,0.0,0.0,0.0,0,0
1779626650.513972,0.0,0.0,0.0,0.0,0.0,0.0,0,0
1779626650.544977,0.0,0.0,0.0,0.0,0.0,0.0,0,0
1779626650.575943,0.0,0.0,0.0,0.0,0.0,0.0,0,0
1779626650.606972,0.0,0.0,0.0,0.0,0.0,0.0,0,0
1779626650.637962,0.0,0.0,0.0,0.0,0.0,0.0,0,0
1779626650.668909,0.0,0.0,0.0,0.0,0.0,0.0,0,0
1779626650.699950,0.0,0.0,0.0,0.0,0.0,0.0,0,0
1779626650.730942,0.0,0.0,0.0,0.0,0.0,0.0,0,0
1779626650.761961,0.0,0.0,0.0,0.0,0.0,0.0,0,0
1779626650.792898,0.0,0.0,0.0,0.0,0.0,0.0,0,0
1779626650.823964,0.0,0.0,0.0,0.0,0.0,0.0,0,0
1779626650.854912,0.0,0.0,0.0,0.0,0.0,0.0,0,0
1779626650.885919,0.0,0.0,0.0,0.0,0.0,0.0,0,0
1779626650.916988,0.0,0.0,0.0,0.0,0.0,0.0,0,0
1779626650.948000,0.0,0.0,0.0,0.0,0.0,0.0,0,0
1779626650.978964,0.0,0.0,0.0,0.0,0.0,0.0,0,0
1779626651.009950,0.0,0.0,0.0,0.0,0.0,0.0,0,0
1779626651.041003,0.0,0.0,0.0,0.0,0.0,0.0,0,0
1779626651.071949,0.0,0.0,0.0,0.0,0.0,0.0,0,0
1779626651.103001,0.0,0.0,0.0,0.0,0.0,0.0,0,0
1779626651.133878,0.0,0.0,0.0,0.0,0.0,0.0,0,0
1779626651.165000,0.0,0.0,0.0,0.0,0.0,0.0,0,0
1779626651.196006,0.0,0.0,0.0,0.0,0.0,0.0,0,0
1779626651.226924,0.0,0.0,0.0,0.0,0.0,0.0,0,0
1779626651.257888,0.0,0.0,0.0,0.0,0.0,0.0,0,0
1779626651.288930,0.0,0.0,0.0,0.0,0.0,0.0,0,0
1779626651.319918,0.0,0.0,0.0,0.0,0.0,0.0,0,0
1779626651.350946,0.0,0.0,0.0,0.0,0.0,0.0,0,0
1779626651.381907,0.0,0.0,0.0,0.0,0.0,0.0,0,0
1779626651.412961,0.0,0.0,0.0,0.0,0.0,0.0,0,0
1779626651.443896,0.0,0.0,0.0,0.0,0.0,0.0,0,0
1779626651.474937,0.0,0.0,0.0,0.0,0.0,0.0,0,0
1779626651.505969,0.0,0.0,0.0,0.0,0.0,0.0,0,0
1779626651.536928,0.0,0.0,0.0,0.0,0.0,0.0,0,0
1779626651.567933,0.0,0.0,0.0,0.0,0.0,0.0,0,0
1779626651.598972,0.0,0.0,0.0,0.0,0.0,0.0,0,0
1779626651.629971,0.0,0.0,0.0,0.0,0.0,0.0,0,0
1779626651.660936,0.0,0.0,0.0,0.0,0.0,0.0,0,0
1779626651.691954,0.0,0.0,0.0,0.0,0.0,0.0,0,0
1779626651.722955,0.0,0.0,0.0,0.0,0.0,0.0,0,0
1779626651.753938,0.0,0.0,0.0,0.0,0.0,0.0,0,0
1779626651.784950,0.0,0.0,0.0,0.0,0.0,0.0,0,0
1779626651.815946,0.0,0.0,0.0,0.0,0.0,0.0,0,0
1779626651.846982,0.0,0.0,0.0,0.0,0.0,0.0,0,0
1779626651.877894,0.0,0.0,0.0,0.0,0.0,0.0,0,0
1779626651.908968,0.0,0.0,0.0,0.0,0.0,0.0,0,0
1779626651.939954,0.0,0.0,0.0,0.0,0.0,0.0,0,0
1779626651.970980,0.0,0.0,0.0,0.0,0.0,0.0,0,0
1779626652.001953,0.0,0.0,0.0,0.0,0.0,0.0,0,0
1779626652.032977,0.0,0.0,0.0,0.0,0.0,0.0,0,0
1779626652.063929,0.0,0.0,0.0,0.0,0.0,0.0,0,0
1779626652.094922,0.0,0.0,0.0,0.0,0.0,0.0,0,0
1779626652.125954,0.0,0.0,0.0,0.0,0.0,0.0,0,0
1779626652.156960,0.0,0.0,0.0,0.0,0.0,0.0,0,0
1779626652.187974,0.0,0.0,0.0,0.0,0.0,0.0,0,0
1779626652.218996,0.0,0.0,0.0,0.0,0.0,0.0,0,0
1779626652.249938,0.0,0.0,0.0,0.0,0.0,0.0,0,0
1779626652.280895,0.0,0.0,0.0,0.0,0.0,0.0,0,0
1779626652.311976,0.0,0.0,0.0,0.0,0.0,0.0,0,0
1779626652.342949,0.0,0.0,0.0,0.0,0.0,0.0,0,0
1779626652.373881,0.0,0.0,0.0,0.0,0.0,0.0,0,0
1779626652.404961,0.0,0.0,0.0,0.0,0.0,0.0,0,0
1779626652.435933,0.0,0.0,0.0,0.0,0.0,0.0,0,0
1779626652.466946,0.0,0.0,0.0,0.0,0.0,0.0,0,0
1779626652.497967,0.0,0.0,0.0,0.0,0.0,0.0,0,0
1779626652.529003,0.0,0.0,0.0,0.0,0.0,0.0,0,0
1779626652.559970,0.0,0.0,0.0,0.0,0.0,0.0,0,0
1779626652.590987,0.0,0.0,0.0,0.0,0.0,0.0,0,0
1779626652.621948,0.0,0.0,0.0,0.0,0.0,0.0,0,0
1779626652.652966,0.0,0.0,0.0,0.0,0.0,0.0,0,0
1779626652.683977,0.0,0.0,0.0,0.0,0.0,0.0,0,0
1779626652.714998,0.0,0.0,0.0,0.0,0.0,0.0,0,0
1779626652.745996,0.0,0.0,0.0,0.0,0.0,0.0,0,0
1779626652.776953,0.0,0.0,0.0,0.0,0.0,0.0,0,0
1779626652.807971,0.0,0.0,0.0,0.0,0.0,0.0,0,0
1779626652.838943,0.0,0.0,0.0,0.0,0.0,0.0,0,0
1779626652.869967,0.0,0.0,0.0,0.0,0.0,0.0,0,0
1779626652.900935,0.0,0.0,0.0,0.0,0.0,0.0,0,0
1779626652.931974,0.0,0.0,0.0,0.0,0.0,0.0,0,0
1779626652.962971,0.0,0.0,0.0,0.0,0.0,0.0,0,0
1779626652.993936,0.0,0.0,0.0,0.0,0.0,0.0,0,0
1779626653.024925,0.0,0.0,0.0,0.0,0.0,0.0,0,0
1779626653.055990,0.0,0.0,0.0,0.0,0.0,0.0,0,0
1779626653.086947,0.0,0.0,0.0,0.0,0.0,0.0,0,0
1779626653.117982,0.0,0.0,0.0,0.0,0.0,0.0,0,0
1779626653.148979,0.0,0.0,0.0,0.0,0.0,0.0,0,0
1779626653.179927,0.0,0.0,0.0,0.0,0.0,0.0,0,0
1779626653.210926,0.0,0.0,0.0,0.0,0.0,0.0,0,0
1779626653.241937,0.0,0.0,0.0,0.0,0.0,0.0,0,0
1779626653.272957,0.0,0.0,0.0,0.0,0.0,0.0,0,0
1779626653.303953,0.0,0.0,0.0,0.0,0.0,0.0,0,0
1779626653.334924,0.0,0.0,0.0,0.0,0.0,0.0,0,0
1779626653.365972,0.0,0.0,0.0,0.0,0.0,0.0,0,0
1779626653.396960,0.0,0.0,0.0,0.0,0.0,0.0,0,0
1779626653.427951,0.0,0.0,0.0,0.0,0.0,0.0,0,0
1779626653.458932,0.0,0.0,0.0,0.0,0.0,0.0,0,0
1779626653.489885,0.0,0.0,0.0,0.0,0.0,0.0,0,0
1779626653.520902,0.0,0.0,0.0,0.0,0.0,0.0,0,0
1779626653.551979,0.0,0.0,0.0,0.0,0.0,0.0,0,0
1779626653.582966,0.0,0.0,0.0,0.0,0.0,0.0,0,0
1779626653.613943,0.0,0.0,0.0,0.0,0.0,0.0,0,0
1779626653.644909,0.0,0.0,0.0,0.0,0.0,0.0,0,0
1779626653.675979,0.0,0.0,0.0,0.0,0.0,0.0,0,0
1779626653.706919,0.0,0.0,0.0,0.0,0.0,0.0,0,0
1779626653.737979,0.0,0.0,0.0,0.0,0.0,0.0,0,0
1779626653.768940,0.0,0.0,0.0,0.0,0.0,0.0,0,0
1779626653.799981,0.0,0.0,0.0,0.0,0.0,0.0,0,0
1779626653.830981,0.0,0.0,0.0,0.0,0.0,0.0,0,0
1779626653.861982,0.0,0.0,0.0,0.0,0.0,0.0,0,0
1779626653.892933,0.0,0.0,0.0,0.0,0.0,0.0,0,0
1779626653.923920,0.0,0.0,0.0,0.0,0.0,0.0,0,0
1779626653.954919,0.0,0.0,0.0,0.0,0.0,0.0,0,0
1779626653.985889,0.0,0.0,0.0,0.0,0.0,0.0,0,0
1779626654.016955,0.0,0.0,0.0,0.0,0.0,0.0,0,0
1779626654.048006,0.0,0.0,0.0,0.0,0.0,0.0,0,0
1779626654.078962,0.0,0.0,0.0,0.0,0.0,0.0,0,0
1779626654.110003,0.0,0.0,0.0,0.0,0.0,0.0,0,0
1779626654.140959,0.0,0.0,0.0,0.0,0.0,0.0,0,0
1779626654.171950,0.0,0.0,0.0,0.0,0.0,0.0,0,0
1779626654.202979,0.0,0.0,0.0,0.0,0.0,0.0,0,0
1779626654.233915,0.0,0.0,0.0,0.0,0.0,0.0,0,0
1779626654.264985,0.0,0.0,0.0,0.0,0.0,0.0,0,0
1779626654.295989,0.0,0.0,0.0,0.0,0.0,0.0,0,0
1779626654.326967,0.0,0.0,0.0,0.0,0.0,0.0,0,0
1779626654.357986,0.0,0.0,0.0,0.0,0.0,0.0,0,0
1779626654.388990,0.0,0.0,0.0,0.0,0.0,0.0,0,0
1779626654.419969,0.0,0.0,0.0,0.0,0.0,0.0,0,0
1779626654.450972,0.0,0.0,0.0,0.0,0.0,0.0,0,0
1779626654.481911,0.0,0.0,0.0,0.0,0.0,0.0,0,0
1779626654.512893,0.0,0.0,0.0,0.0,0.0,0.0,0,0
1779626654.543921,0.0,0.0,0.0,0.0,0.0,0.0,0,0
1779626654.574899,0.0,0.0,0.0,0.0,0.0,0.0,0,0
1779626654.605921,0.0,0.0,0.0,0.0,0.0,0.0,0,0
1779626654.636955,0.0,0.0,0.0,0.0,0.0,0.0,0,0
1779626654.667935,0.0,0.0,0.0,0.0,0.0,0.0,0,0
1779626654.698974,0.0,0.0,0.0,0.0,0.0,0.0,0,0
1779626654.729959,0.0,0.0,0.0,0.0,0.0,0.0,0,0
1779626654.760922,0.0,0.0,0.0,0.0,0.0,0.0,0,0
1779626654.791911,0.0,0.0,0.0,0.0,0.0,0.0,0,0
1779626654.822944,0.0,0.0,0.0,0.0,0.0,0.0,0,0
1779626654.853963,0.0,0.0,0.0,0.0,0.0,0.0,0,0
1779626654.884936,0.0,0.0,0.0,0.0,0.0,0.0,0,0
1779626654.916021,0.0,0.0,0.0,0.0,0.0,0.0,0,0
1779626654.946971,0.0,0.0,0.0,0.0,0.0,0.0,0,0
1779626654.977966,0.0,0.0,0.0,0.0,0.0,0.0,0,0
1779626655.008965,0.0,0.0,0.0,0.0,0.0,0.0,0,0
1779626655.039979,0.0,0.0,0.0,0.0,0.0,0.0,0,0
1779626655.070941,0.0,0.0,0.0,0.0,0.0,0.0,0,0
1779626655.101967,0.0,0.0,0.0,0.0,0.0,0.0,0,0
1779626655.132943,0.0,0.0,0.0,0.0,0.0,0.0,0,0
1779626655.163979,0.0,0.0,0.0,0.0,0.0,0.0,0,0
1779626655.194933,0.0,0.0,0.0,0.0,0.0,0.0,0,0
1779626655.225957,0.0,0.0,0.0,0.0,0.0,0.0,0,0
1779626655.256949,0.0,0.0,0.0,0.0,0.0,0.0,0,0
1779626655.287991,0.0,0.0,0.0,0.0,0.0,0.0,0,0
1779626655.318961,0.0,0.0,0.0,0.0,0.0,0.0,0,0
1779626655.349982,0.0,0.0,0.0,0.0,0.0,0.0,0,0
1779626655.380935,0.0,0.0,0.0,0.0,0.0,0.0,0,0
1779626655.411965,0.0,0.0,0.0,0.0,0.0,0.0,0,0
1779626655.442940,0.0,0.0,0.0,0.0,0.0,0.0,0,0
1779626655.474010,0.0,0.0,0.0,0.0,0.0,0.0,0,0
1779626655.504896,0.0,0.0,0.0,0.0,0.0,0.0,0,0
1779626655.535949,0.0,0.0,0.0,0.0,0.0,0.0,0,0
1779626655.567033,0.0,0.0,0.0,0.0,0.0,0.0,0,0
1779626655.597939,0.0,0.0,0.0,0.0,0.0,0.0,0,0
1779626655.628926,0.0,0.0,0.0,0.0,0.0,0.0,0,0
1779626655.659896,0.0,0.0,0.0,0.0,0.0,0.0,0,0
1779626655.690959,0.0,0.0,0.0,0.0,0.0,0.0,0,0
1779626655.721878,0.0,0.0,0.0,0.0,0.0,0.0,0,0
1779626655.752950,0.0,0.0,0.0,0.0,0.0,0.0,0,0
1779626655.783965,0.0,0.0,0.0,0.0,0.0,0.0,0,0
1779626655.814960,0.0,0.0,0.0,0.0,0.0,0.0,0,0
1779626655.845938,0.0,0.0,0.0,0.0,0.0,0.0,0,0
1779626655.876923,0.0,0.0,0.0,0.0,0.0,0.0,0,0
1779626655.907899,0.0,0.0,0.0,0.0,0.0,0.0,0,0
1779626655.938919,0.0,0.0,0.0,0.0,0.0,0.0,0,0
1779626655.969931,0.0,0.0,0.0,0.0,0.0,0.0,0,0
1779626656.000985,0.0,0.0,0.0,0.0,0.0,0.0,0,0
1779626656.031946,0.0,0.0,0.0,0.0,0.0,0.0,0,0
1779626656.062984,0.0,0.0,0.0,0.0,0.0,0.0,0,0
1779626656.093930,0.0,0.0,0.0,0.0,0.0,0.0,0,0
1779626656.124930,0.0,0.0,0.0,0.0,0.0,0.0,0,0
1779626656.155955,0.0,0.0,0.0,0.0,0.0,0.0,0,0
1779626656.186913,0.0,0.0,0.0,0.0,0.0,0.0,0,0
1779626656.217932,0.0,0.0,0.0,0.0,0.0,0.0,0,0
1779626656.248921,0.0,0.0,0.0,0.0,0.0,0.0,0,0
1779626656.279920,0.0,0.0,0.0,0.0,0.0,0.0,0,0
1779626656.310909,0.0,0.0,0.0,0.0,0.0,0.0,0,0
1779626656.341976,0.0,0.0,0.0,0.0,0.0,0.0,0,0
1779626656.372967,0.0,0.0,0.0,0.0,0.0,0.0,0,0
1779626656.403970,0.0,0.0,0.0,0.0,0.0,0.0,0,0
1779626656.434971,0.0,0.0,0.0,0.0,0.0,0.0,0,0
1779626656.465981,0.0,0.0,0.0,0.0,0.0,0.0,0,0
1779626656.496939,0.0,0.0,0.0,0.0,0.0,0.0,0,0
1779626656.527943,0.0,0.0,0.0,0.0,0.0,0.0,0,0
1779626656.558945,0.0,0.0,0.0,0.0,0.0,0.0,0,0
1779626656.589961,0.0,0.0,0.0,0.0,0.0,0.0,0,0
1779626656.620953,0.0,0.0,0.0,0.0,0.0,0.0,0,0
1779626656.651910,0.0,0.0,0.0,0.0,0.0,0.0,0,0
1779626656.682961,0.0,0.0,0.0,0.0,0.0,0.0,0,0
1779626656.713911,0.0,0.0,0.0,0.0,0.0,0.0,0,0
1779626656.744956,0.0,0.0,0.0,0.0,0.0,0.0,0,0
1779626656.775964,0.0,0.0,0.0,0.0,0.0,0.0,0,0
1779626656.806910,0.0,0.0,0.0,0.0,0.0,0.0,0,0
1779626656.837954,0.0,0.0,0.0,0.0,0.0,0.0,0,0
1779626656.868951,0.0,0.0,0.0,0.0,0.0,0.0,0,0
1779626656.900024,0.0,0.0,0.0,0.0,0.0,0.0,0,0
1779626656.930957,0.0,0.0,0.0,0.0,0.0,0.0,0,0
1779626656.961965,0.0,0.0,0.0,0.0,0.0,0.0,0,0
1779626656.993148,0.0,0.0,0.0,0.0,0.0,0.0,0,0
1779626657.023985,0.0,0.0,0.0,0.0,0.0,0.0,0,0
1779626657.054995,0.0,0.0,0.0,0.0,0.0,0.0,0,0
1779626657.085982,0.0,0.0,0.0,0.0,0.0,0.0,0,0
1779626657.116990,0.0,0.0,0.0,0.0,0.0,0.0,0,0
1779626657.147928,0.0,0.0,0.0,0.0,0.0,0.0,0,0
1779626657.178961,0.0,0.0,0.0,0.0,0.0,0.0,0,0
1779626657.210005,0.0,0.0,0.0,0.0,0.0,0.0,0,0
1779626657.240992,0.0,0.0,0.0,0.0,0.0,0.0,0,0
1779626657.271977,0.0,0.0,0.0,0.0,0.0,0.0,0,0
1779626657.303045,0.0,0.0,0.0,0.0,0.0,0.0,0,0
1779626657.333976,0.0,0.0,0.0,0.0,0.0,0.0,0,0
1779626657.364880,0.0,0.0,0.0,0.0,0.0,0.0,0,0
1779626657.395882,0.0,0.0,0.0,0.0,0.0,0.0,0,0
1779626657.426953,0.0,0.0,0.0,0.0,0.0,0.0,0,0
1779626657.457920,0.0,0.0,0.0,0.0,0.0,0.0,0,0
1779626657.488955,0.0,0.0,0.0,0.0,0.0,0.0,0,0
1779626657.519930,0.0,0.0,0.0,0.0,0.0,0.0,0,0
1779626657.550973,0.0,0.0,0.0,0.0,0.0,0.0,0,0
1779626657.581949,0.0,0.0,0.0,0.0,0.0,0.0,0,0
1779626657.612953,0.0,0.0,0.0,0.0,0.0,0.0,0,0
1779626657.644014,0.0,0.0,0.0,0.0,0.0,0.0,0,0
1779626657.675000,0.0,0.0,0.0,0.0,0.0,0.0,0,0
1779626657.705955,0.0,0.0,0.0,0.0,0.0,0.0,0,0
1779626657.736952,0.0,0.0,0.0,0.0,0.0,0.0,0,0
1779626657.767932,0.0,0.0,0.0,0.0,0.0,0.0,0,0
1779626657.798912,0.0,0.0,0.0,0.0,0.0,0.0,0,0
1779626657.829911,0.0,0.0,0.0,0.0,0.0,0.0,0,0
1779626657.860939,0.0,0.0,0.0,0.0,0.0,0.0,0,0
1779626657.891919,0.0,0.0,0.0,0.0,0.0,0.0,0,0
1779626657.922920,0.0,0.0,0.0,0.0,0.0,0.0,0,0
1779626657.953954,0.0,0.0,0.0,0.0,0.0,0.0,0,0
1779626657.984988,0.0,0.0,0.0,0.0,0.0,0.0,0,0
1779626658.015899,0.0,0.0,0.0,0.0,0.0,0.0,0,0
1779626658.046904,0.0,0.0,0.0,0.0,0.0,0.0,0,0
1779626658.077902,0.0,0.0,0.0,0.0,0.0,0.0,0,0
1779626658.108945,0.0,0.0,0.0,0.0,0.0,0.0,0,0
1779626658.139931,0.0,0.0,0.0,0.0,0.0,0.0,0,0
1779626658.170951,0.0,0.0,0.0,0.0,0.0,0.0,0,0
1779626658.202040,0.0,0.0,0.0,0.0,0.0,0.0,0,0
1779626658.232975,0.0,0.0,0.0,0.0,0.0,0.0,0,0
1779626658.263978,0.0,0.0,0.0,0.0,0.0,0.0,0,0
1779626658.294962,0.0,0.0,0.0,0.0,0.0,0.0,0,0
1779626658.325927,0.0,0.0,0.0,0.0,0.0,0.0,0,0
1779626658.356955,0.0,0.0,0.0,0.0,0.0,0.0,0,0
1779626658.387882,0.0,0.0,0.0,0.0,0.0,0.0,0,0
1779626658.418904,0.0,0.0,0.0,0.0,0.0,0.0,0,0
1779626658.449937,0.0,0.0,0.0,0.0,0.0,0.0,0,0
1779626658.480942,0.0,0.0,0.0,0.0,0.0,0.0,0,0
1779626658.511972,0.0,0.0,0.0,0.0,0.0,0.0,0,0
1779626658.542972,0.0,0.0,0.0,0.0,0.0,0.0,0,0
1779626658.573961,0.0,0.0,0.0,0.0,0.0,0.0,0,0
1779626658.604973,0.0,0.0,0.0,0.0,0.0,0.0,0,0
1779626658.635980,0.0,0.0,0.0,0.0,0.0,0.0,0,0
1779626658.666989,0.0,0.0,0.0,0.0,0.0,0.0,0,0
1779626658.697977,0.0,0.0,0.0,0.0,0.0,0.0,0,0
1779626658.728960,0.0,0.0,0.0,0.0,0.0,0.0,0,0
1779626658.759968,0.0,0.0,0.0,0.0,0.0,0.0,0,0
1779626658.790968,0.0,0.0,0.0,0.0,0.0,0.0,0,0
1779626658.821937,0.0,0.0,0.0,0.0,0.0,0.0,0,0
1779626658.852943,0.0,0.0,0.0,0.0,0.0,0.0,0,0
1779626658.883986,0.0,0.0,0.0,0.0,0.0,0.0,0,0
1779626658.914974,0.0,0.0,0.0,0.0,0.0,0.0,0,0
1779626658.945958,0.0,0.0,0.0,0.0,0.0,0.0,0,0
1779626658.976988,0.0,0.0,0.0,0.0,0.0,0.0,0,0
1779626659.007937,0.0,0.0,0.0,0.0,0.0,0.0,0,0
1779626659.038977,0.0,0.0,0.0,0.0,0.0,0.0,0,0
1779626659.069986,0.0,0.0,0.0,0.0,0.0,0.0,0,0
1779626659.100947,0.0,0.0,0.0,0.0,0.0,0.0,0,0
1779626659.131983,0.0,0.0,0.0,0.0,0.0,0.0,0,0
1779626659.162992,0.0,0.0,0.0,0.0,0.0,0.0,0,0
1779626659.193939,0.0,0.0,0.0,0.0,0.0,0.0,0,0
1779626659.224944,0.0,0.0,0.0,0.0,0.0,0.0,0,0
1779626659.255923,0.0,0.0,0.0,0.0,0.0,0.0,0,0
1779626659.286994,0.0,0.0,0.0,0.0,0.0,0.0,0,0
1779626659.318007,0.0,0.0,0.0,0.0,0.0,0.0,0,0
1779626659.349001,0.0,0.0,0.0,0.0,0.0,0.0,0,0
1779626659.379932,0.0,0.0,0.0,0.0,0.0,0.0,0,0
1779626659.410928,0.0,0.0,0.0,0.0,0.0,0.0,0,0
1779626659.441946,0.0,0.0,0.0,0.0,0.0,0.0,0,0
1779626659.472938,0.0,0.0,0.0,0.0,0.0,0.0,0,0
1779626659.503978,0.0,0.0,0.0,0.0,0.0,0.0,0,0
1779626659.534968,0.0,0.0,0.0,0.0,0.0,0.0,0,0
1779626659.565944,0.0,0.0,0.0,0.0,0.0,0.0,0,0
1779626659.596956,0.0,0.0,0.0,0.0,0.0,0.0,0,0
1779626659.627957,0.0,0.0,0.0,0.0,0.0,0.0,0,0
1779626659.658908,0.0,0.0,0.0,0.0,0.0,0.0,0,0
1779626659.689943,0.0,0.0,0.0,0.0,0.0,0.0,0,0
1779626659.720956,0.0,0.0,0.0,0.0,0.0,0.0,0,0
1779626659.752027,0.0,0.0,0.0,0.0,0.0,0.0,0,0
1779626659.782987,0.0,0.0,0.0,0.0,0.0,0.0,0,0
1779626659.813970,0.0,0.0,0.0,0.0,0.0,0.0,0,0
1779626659.844925,0.0,0.0,0.0,0.0,0.0,0.0,0,0
1779626659.875947,0.0,0.0,0.0,0.0,0.0,0.0,0,0
1779626659.906946,0.0,0.0,0.0,0.0,0.0,0.0,0,0
1779626659.937934,0.0,0.0,0.0,0.0,0.0,0.0,0,0
1779626659.968960,0.0,0.0,0.0,0.0,0.0,0.0,0,0
1779626659.999952,0.0,0.0,0.0,0.0,0.0,0.0,0,0
1779626660.030948,0.0,0.0,0.0,0.0,0.0,0.0,0,0
1779626660.061938,0.0,0.0,0.0,0.0,0.0,0.0,0,0
1779626660.092986,0.0,0.0,0.0,0.0,0.0,0.0,0,0
1779626660.123977,0.0,0.0,0.0,0.0,0.0,0.0,0,0
1779626660.154927,0.0,0.0,0.0,0.0,0.0,0.0,0,0
1779626660.185917,0.0,0.0,0.0,0.0,0.0,0.0,0,0
1779626660.216979,0.0,0.0,0.0,0.0,0.0,0.0,0,0
1779626660.247929,0.0,0.0,0.0,0.0,0.0,0.0,0,0
1779626660.278950,0.0,0.0,0.0,0.0,0.0,0.0,0,0
1779626660.309903,0.0,0.0,0.0,0.0,0.0,0.0,0,0
1779626660.340874,0.0,0.0,0.0,0.0,0.0,0.0,0,0
1779626660.371943,0.0,0.0,0.0,0.0,0.0,0.0,0,0
1779626660.402973,0.0,0.0,0.0,0.0,0.0,0.0,0,0
1779626660.434005,0.0,0.0,0.0,0.0,0.0,0.0,0,0
1779626660.464935,0.0,0.0,0.0,0.0,0.0,0.0,0,0
1779626660.495921,0.0,0.0,0.0,0.0,0.0,0.0,0,0
1779626660.526968,0.0,0.0,0.0,0.0,0.0,0.0,0,0
1779626660.557955,0.0,0.0,0.0,0.0,0.0,0.0,0,0
1779626660.588962,0.0,0.0,0.0,0.0,0.0,0.0,0,0
1779626660.619930,0.0,0.0,0.0,0.0,0.0,0.0,0,0
1779626660.650930,0.0,0.0,0.0,0.0,0.0,0.0,0,0
1779626660.681961,0.0,0.0,0.0,0.0,0.0,0.0,0,0
1779626660.712960,0.0,0.0,0.0,0.0,0.0,0.0,0,0
1779626660.743979,0.0,0.0,0.0,0.0,0.0,0.0,0,0
1779626660.774952,0.0,0.0,0.0,0.0,0.0,0.0,0,0
1779626660.805997,0.0,0.0,0.0,0.0,0.0,0.0,0,0
1779626660.837015,0.0,0.0,0.0,0.0,0.0,0.0,0,0
1779626660.867963,0.0,0.0,0.0,0.0,0.0,0.0,0,0
1779626660.899045,0.0,0.0,0.0,0.0,0.0,0.0,0,0
1779626660.929899,0.0,0.0,0.0,0.0,0.0,0.0,0,0
1779626660.960955,0.0,0.0,0.0,0.0,0.0,0.0,0,0
1779626660.991969,0.0,0.0,0.0,0.0,0.0,0.0,0,0
1779626661.022953,0.0,0.0,0.0,0.0,0.0,0.0,0,0
1779626661.053956,0.0,0.0,0.0,0.0,0.0,0.0,0,0
1779626661.084965,0.0,0.0,0.0,0.0,0.0,0.0,0,0
1779626661.115965,0.0,0.0,0.0,0.0,0.0,0.0,0,0
1779626661.146911,0.0,0.0,0.0,0.0,0.0,0.0,0,0
1779626661.178006,0.0,0.0,0.0,0.0,0.0,0.0,0,0
1779626661.208972,0.0,0.0,0.0,0.0,0.0,0.0,0,0
1779626661.239937,0.0,0.0,0.0,0.0,0.0,0.0,0,0
1779626661.270916,0.0,0.0,0.0,0.0,0.0,0.0,0,0
1779626661.301937,0.0,0.0,0.0,0.0,0.0,0.0,0,0
1779626661.332899,0.0,0.0,0.0,0.0,0.0,0.0,0,0
1779626661.363977,0.0,0.0,0.0,0.0,0.0,0.0,0,0
1779626661.394986,0.0,0.0,0.0,0.0,0.0,0.0,0,0
1779626661.425928,0.0,0.0,0.0,0.0,0.0,0.0,0,0
1779626661.456969,0.0,0.0,0.0,0.0,0.0,0.0,0,0
1779626661.487905,0.0,0.0,0.0,0.0,0.0,0.0,0,0
1779626661.518934,0.0,0.0,0.0,0.0,0.0,0.0,0,0
1779626661.549942,0.0,0.0,0.0,0.0,0.0,0.0,0,0
1779626661.580967,0.0,0.0,0.0,0.0,0.0,0.0,0,0
1779626661.611986,0.0,0.0,0.0,0.0,0.0,0.0,0,0
1779626661.642941,0.0,0.0,0.0,0.0,0.0,0.0,0,0
1779626661.673981,0.0,0.0,0.0,0.0,0.0,0.0,0,0
1779626661.704964,0.0,0.0,0.0,0.0,0.0,0.0,0,0
1779626661.735934,0.0,0.0,0.0,0.0,0.0,0.0,0,0
1779626661.766952,0.0,0.0,0.0,0.0,0.0,0.0,0,0
1779626661.797976,0.0,0.0,0.0,0.0,0.0,0.0,0,0
1779626661.828930,0.0,0.0,0.0,0.0,0.0,0.0,0,0
1779626661.859932,0.0,0.0,0.0,0.0,0.0,0.0,0,0
1779626661.890964,0.0,0.0,0.0,0.0,0.0,0.0,0,0
1779626661.921949,0.0,0.0,0.0,0.0,0.0,0.0,0,0
1779626661.952887,0.0,0.0,0.0,0.0,0.0,0.0,0,0
1779626661.983937,0.0,0.0,0.0,0.0,0.0,0.0,0,0
1779626662.014928,0.0,0.0,0.0,0.0,0.0,0.0,0,0
1779626662.045985,0.0,0.0,0.0,0.0,0.0,0.0,0,0
1779626662.076996,0.0,0.0,0.0,0.0,0.0,0.0,0,0
1779626662.107937,0.0,0.0,0.0,0.0,0.0,0.0,0,0
1779626662.138977,0.0,0.0,0.0,0.0,0.0,0.0,0,0
1779626662.169948,0.0,0.0,0.0,0.0,0.0,0.0,0,0
1779626662.200975,0.0,0.0,0.0,0.0,0.0,0.0,0,0
1779626662.231955,0.0,0.0,0.0,0.0,0.0,0.0,0,0
1779626662.262939,0.0,0.0,0.0,0.0,0.0,0.0,0,0
1779626662.294007,0.0,0.0,0.0,0.0,0.0,0.0,0,0
1779626662.324968,0.0,0.0,0.0,0.0,0.0,0.0,0,0
1779626662.355979,0.0,0.0,0.0,0.0,0.0,0.0,0,0
1779626662.386922,0.0,0.0,0.0,0.0,0.0,0.0,0,0
1779626662.417938,0.0,0.0,0.0,0.0,0.0,0.0,0,0
1779626662.448939,0.0,0.0,0.0,0.0,0.0,0.0,0,0
1779626662.479947,0.0,0.0,0.0,0.0,0.0,0.0,0,0
1779626662.511010,0.0,0.0,0.0,0.0,0.0,0.0,0,0
1779626662.542038,0.0,0.0,0.0,0.0,0.0,0.0,0,0
1779626662.572969,0.0,0.0,0.0,0.0,0.0,0.0,0,0
1779626662.604043,0.0,0.0,0.0,0.0,0.0,0.0,0,0
1779626662.634975,0.0,0.0,0.0,0.0,0.0,0.0,0,0
1779626662.665941,0.0,0.0,0.0,0.0,0.0,0.0,0,0
1779626662.696969,0.0,0.0,0.0,0.0,0.0,0.0,0,0
1779626662.728021,0.0,0.0,0.0,0.0,0.0,0.0,0,0
1779626662.758934,0.0,0.0,0.0,0.0,0.0,0.0,0,0
1779626662.790011,0.0,0.0,0.0,0.0,0.0,0.0,0,0
1779626662.820979,0.0,0.0,0.0,0.0,0.0,0.0,0,0
1779626662.851972,0.0,0.0,0.0,0.0,0.0,0.0,0,0
1779626662.882965,0.0,0.0,0.0,0.0,0.0,0.0,0,0
1779626662.913971,0.0,0.0,0.0,0.0,0.0,0.0,0,0
1779626662.944932,0.0,0.0,0.0,0.0,0.0,0.0,0,0
1779626662.975967,0.0,0.0,0.0,0.0,0.0,0.0,0,0
1779626663.006931,0.0,0.0,0.0,0.0,0.0,0.0,0,0
1779626663.037914,0.0,0.0,0.0,0.0,0.0,0.0,0,0
1779626663.068981,0.0,0.0,0.0,0.0,0.0,0.0,0,0
1779626663.099987,0.0,0.0,0.0,0.0,0.0,0.0,0,0
1779626663.130969,0.0,0.0,0.0,0.0,0.0,0.0,0,0
1779626663.161932,0.0,0.0,0.0,0.0,0.0,0.0,0,0
1779626663.192951,0.0,0.0,0.0,0.0,0.0,0.0,0,0
1779626663.223997,0.0,0.0,0.0,0.0,0.0,0.0,0,0
1779626663.254952,0.0,0.0,0.0,0.0,0.0,0.0,0,0
1779626663.285971,0.0,0.0,0.0,0.0,0.0,0.0,0,0
1779626663.316977,0.0,0.0,0.0,0.0,0.0,0.0,0,0
1779626663.348011,0.0,0.0,0.0,0.0,0.0,0.0,0,0
1779626663.379004,0.0,0.0,0.0,0.0,0.0,0.0,0,0
1779626663.409992,0.0,0.0,0.0,0.0,0.0,0.0,0,0
1779626663.440951,0.0,0.0,0.0,0.0,0.0,0.0,0,0
1779626663.471905,0.0,0.0,0.0,0.0,0.0,0.0,0,0
1779626663.502965,0.0,0.0,0.0,0.0,0.0,0.0,0,0
1779626663.534153,0.0,0.0,0.0,0.0,0.0,0.0,0,0
1779626663.564977,0.0,0.0,0.0,0.0,0.0,0.0,0,0
1779626663.595941,0.0,0.0,0.0,0.0,0.0,0.0,0,0
1779626663.626931,0.0,0.0,0.0,0.0,0.0,0.0,0,0
1779626663.657980,0.0,0.0,0.0,0.0,0.0,0.0,0,0
1779626663.688912,0.0,0.0,0.0,0.0,0.0,0.0,0,0
1779626663.719983,0.0,0.0,0.0,0.0,0.0,0.0,0,0
1779626663.750952,0.0,0.0,0.0,0.0,0.0,0.0,0,0
1779626663.781960,0.0,0.0,0.0,0.0,0.0,0.0,0,0
1779626663.784927,-0.0078125,0.0,-0.00390625,-0.015625,0.00390625,0.021484375,0,0
1779626663.801004,-0.01953125,0.0,-0.00390625,-0.015625,0.00390625,0.021484375,0,0
1779626663.817003,-0.041015625,-0.009765625,-0.00390625,-0.015625,0.00390625,0.021484375,0,0
1779626663.824997,-0.041015625,-0.009765625,-0.00390625,0.005859375,-0.00390625,0.021484375,0,0
1779626663.832935,-0.033203125,-0.005859375,-0.00390625,0.005859375,-0.00390625,0.021484375,0,0
1779626663.840977,-0.033203125,-0.005859375,-0.00390625,0.013671875,-0.009765625,0.021484375,0,0
1779626663.871061,0.0,0.0,0.0,0.0,0.0,0.0,0,0
1779626663.901989,0.0,0.0,0.0,0.0,0.0,0.0,0,0
1779626663.932999,0.0,0.0,0.0,0.0,0.0,0.0,0,0
1779626663.964017,0.0,0.0,0.0,0.0,0.0,0.0,0,0
1779626663.994979,0.0,0.0,0.0,0.0,0.0,0.0,0,0
1779626664.025988,0.0,0.0,0.0,0.0,0.0,0.0,0,0
1779626664.056964,0.0,0.0,0.0,0.0,0.0,0.0,0,0
1779626664.087970,0.0,0.0,0.0,0.0,0.0,0.0,0,0
1779626664.112952,-0.033203125,0.0,-0.00390625,0.013671875,-0.009765625,0.021484375,0,0
1779626664.129007,-0.033203125,-0.009765625,0.037109375,0.013671875,-0.009765625,0.021484375,0,0
1779626664.145000,-0.033203125,-0.009765625,0.11328125,0.013671875,-0.009765625,0.021484375,0,0
1779626664.152971,-0.033203125,-0.009765625,0.11328125,0.02734375,-0.009765625,0.021484375,0,0
1779626664.160942,-0.033203125,-0.009765625,0.169921875,0.02734375,-0.009765625,0.021484375,0,0
1779626664.168933,-0.033203125,-0.009765625,0.169921875,0.0546875,-0.009765625,0.021484375,0,0
1779626664.176975,0.013671875,0.013671875,0.25,0.0546875,-0.009765625,0.021484375,0,0
1779626664.184953,0.013671875,0.013671875,0.25,0.10546875,-0.017578125,0.021484375,0,0
1779626664.192929,0.015625,0.0,0.330078125,0.10546875,-0.017578125,0.021484375,0,0
1779626664.200938,0.015625,0.0,0.330078125,0.1484375,-0.03515625,0.021484375,0,0
1779626664.208968,0.017578125,0.0,0.373046875,0.1484375,-0.03515625,0.021484375,0,0
1779626664.216959,0.017578125,0.0,0.373046875,0.158203125,-0.03515625,-0.009765625,0,0
1779626664.224958,0.013671875,0.0,0.404296875,0.158203125,-0.03515625,-0.009765625,0,0
1779626664.232971,0.013671875,0.0,0.404296875,0.154296875,-0.03515625,-0.02734375,0,0
1779626664.240978,0.017578125,0.0,0.44140625,0.154296875,-0.03515625,-0.02734375,0,0
1779626664.248938,0.017578125,0.0,0.44140625,0.142578125,-0.033203125,-0.0390625,0,0
1779626664.256954,0.033203125,0.0,0.490234375,0.142578125,-0.033203125,-0.0390625,0,0
1779626664.264961,0.033203125,0.0,0.490234375,0.1328125,-0.03515625,-0.052734375,0,0
1779626664.273020,0.05078125,0.0,0.53515625,0.1328125,-0.03515625,-0.052734375,0,0
1779626664.280956,0.05078125,0.0,0.53515625,0.1328125,-0.0390625,-0.056640625,0,0
1779626664.288963,0.0625,0.0,0.580078125,0.1328125,-0.0390625,-0.056640625,0,0
1779626664.296942,0.0625,0.0,0.580078125,0.13671875,-0.052734375,-0.05859375,0,0
1779626664.304981,0.0546875,0.0,0.599609375,0.13671875,-0.052734375,-0.05859375,0,0
1779626664.312956,0.0546875,0.0,0.599609375,0.13671875,-0.0625,-0.05859375,0,0
1779626664.320976,0.0390625,0.0,0.607421875,0.13671875,-0.0625,-0.05859375,0,0
1779626664.328972,0.0390625,0.0,0.607421875,0.12890625,-0.068359375,-0.060546875,0,0
1779626664.336967,0.03515625,0.0,0.6171875,0.12890625,-0.068359375,-0.060546875,0,0
1779626664.344981,0.03515625,0.0,0.6171875,0.115234375,-0.076171875,-0.060546875,0,0
1779626664.352923,0.0390625,0.0,0.625,0.115234375,-0.076171875,-0.060546875,0,0
1779626664.360914,0.0390625,0.0,0.625,0.099609375,-0.076171875,-0.05859375,0,0
1779626664.368950,0.046875,0.0,0.630859375,0.099609375,-0.076171875,-0.05859375,0,0
1779626664.377012,0.046875,0.0,0.630859375,0.0859375,-0.076171875,-0.056640625,0,0
1779626664.385012,0.046875,0.0,0.638671875,0.0859375,-0.076171875,-0.056640625,0,0
1779626664.392984,0.046875,0.0,0.638671875,0.080078125,-0.076171875,-0.056640625,0,0
1779626664.400964,0.04296875,0.0,0.6484375,0.080078125,-0.076171875,-0.056640625,0,0
1779626664.408960,0.04296875,0.0,0.6484375,0.060546875,-0.080078125,-0.060546875,0,0
1779626664.416891,0.033203125,0.0,0.6640625,0.060546875,-0.080078125,-0.060546875,0,0
1779626664.424953,0.033203125,0.0,0.6640625,0.052734375,-0.087890625,-0.064453125,0,0
1779626664.432946,0.033203125,0.0,0.669921875,0.052734375,-0.087890625,-0.064453125,0,0
1779626664.440958,0.033203125,0.0,0.669921875,0.052734375,-0.09375,-0.06640625,0,0
1779626664.448976,0.033203125,0.0,0.673828125,0.052734375,-0.09375,-0.06640625,0,0
1779626664.457011,0.033203125,0.0,0.673828125,0.0546875,-0.099609375,-0.0625,0,0
1779626664.464973,0.0390625,0.0,0.671875,0.0546875,-0.099609375,-0.0625,0,0
1779626664.472970,0.0390625,0.0,0.671875,0.0546875,-0.1015625,-0.0546875,0,0
1779626664.480990,0.044921875,0.0,0.671875,0.0546875,-0.1015625,-0.0546875,0,0
1779626664.488937,0.044921875,0.0,0.671875,0.044921875,-0.1015625,-0.05078125,0,0
1779626664.496949,0.0390625,0.0,0.669921875,0.044921875,-0.1015625,-0.05078125,0,0
1779626664.504907,0.0390625,0.0,0.669921875,0.0390625,-0.1015625,-0.05078125,0,0
1779626664.512938,0.025390625,0.0,0.669921875,0.0390625,-0.1015625,-0.05078125,0,0
1779626664.520941,0.025390625,0.0,0.669921875,0.025390625,-0.107421875,-0.05078125,0,0
1779626664.528982,0.01953125,0.0,0.673828125,0.025390625,-0.107421875,-0.05078125,0,0
1779626664.536978,0.01953125,0.0,0.673828125,0.017578125,-0.111328125,-0.05078125,0,0
1779626664.544947,0.01953125,0.0,0.677734375,0.017578125,-0.111328125,-0.05078125,0,0
1779626664.552945,0.01953125,0.0,0.677734375,0.01171875,-0.11328125,-0.046875,0,0
1779626664.560941,0.01953125,0.0,0.677734375,0.01171875,-0.11328125,-0.046875,0,0
1779626664.568967,0.01953125,0.0,0.677734375,0.01171875,-0.11328125,-0.046875,0,0
1779626664.576961,0.013671875,0.0,0.673828125,0.01171875,-0.11328125,-0.046875,0,0
1779626664.584904,0.013671875,0.0,0.673828125,0.009765625,-0.12109375,-0.048828125,0,0
1779626664.592932,0.0078125,0.0,0.669921875,0.009765625,-0.12109375,-0.048828125,0,0
1779626664.600971,0.0078125,0.0,0.669921875,0.009765625,-0.123046875,-0.052734375,0,0
1779626664.608963,0.0078125,0.0,0.669921875,0.009765625,-0.123046875,-0.052734375,0,0
1779626664.616940,0.0078125,0.0,0.669921875,0.0078125,-0.130859375,-0.05859375,0,0
1779626664.624952,0.0078125,0.0,0.669921875,0.0078125,-0.130859375,-0.05859375,0,0
1779626664.632943,0.0078125,0.0,0.669921875,0.009765625,-0.134765625,-0.0625,0,0
1779626664.640949,0.0078125,0.0,0.671875,0.009765625,-0.134765625,-0.0625,0,0
1779626664.648942,0.0078125,0.0,0.671875,0.009765625,-0.13671875,-0.0625,0,0
1779626664.656950,0.0078125,0.0,0.67578125,0.009765625,-0.13671875,-0.0625,0,0
1779626664.664948,0.0078125,0.0,0.67578125,0.005859375,-0.138671875,-0.064453125,0,0
1779626664.672979,0.0078125,0.0,0.677734375,0.005859375,-0.138671875,-0.064453125,0,0
1779626664.680942,0.0078125,0.0,0.677734375,0.00390625,-0.146484375,-0.064453125,0,0
1779626664.688976,0.0078125,0.0,0.68359375,0.00390625,-0.146484375,-0.064453125,0,0
1779626664.696980,0.0078125,0.0,0.68359375,0.00390625,-0.15234375,-0.06640625,0,0
1779626664.704967,0.0078125,0.0,0.68359375,0.00390625,-0.15234375,-0.06640625,0,0
1779626664.712964,0.0078125,0.0,0.68359375,0.00390625,-0.158203125,-0.068359375,0,0
1779626664.720987,0.0078125,0.0,0.68359375,0.00390625,-0.158203125,-0.068359375,0,0
1779626664.728999,0.0078125,0.0,0.68359375,0.00390625,-0.1640625,-0.07421875,0,0
1779626664.737001,0.0078125,0.0,0.68359375,0.00390625,-0.1640625,-0.07421875,0,0
1779626664.744961,0.0078125,0.0,0.68359375,0.00390625,-0.16796875,-0.08203125,0,0
1779626664.752919,0.0078125,0.0,0.68359375,0.00390625,-0.16796875,-0.08203125,0,0
1779626664.760945,0.0078125,0.0,0.68359375,0.0,-0.173828125,-0.087890625,0,0
1779626664.768980,0.0078125,0.0,0.669921875,0.0,-0.173828125,-0.087890625,0,0
1779626664.776967,0.0078125,0.0,0.669921875,0.0078125,-0.18359375,-0.09765625,0,0
1779626664.784994,0.0078125,0.0,0.6640625,0.0078125,-0.18359375,-0.09765625,0,0
1779626664.792997,0.0078125,0.0,0.6640625,0.015625,-0.189453125,-0.103515625,0,0
1779626664.801044,0.0078125,0.0,0.65625,0.015625,-0.189453125,-0.103515625,0,0
1779626664.808931,0.0078125,0.0,0.65625,0.017578125,-0.19140625,-0.11328125,0,0
1779626664.816979,0.0078125,0.0,0.6484375,0.017578125,-0.19140625,-0.11328125,0,0
1779626664.824981,0.0078125,0.0,0.6484375,0.029296875,-0.1953125,-0.12890625,0,0
1779626664.832976,0.0078125,0.0,0.638671875,0.029296875,-0.1953125,-0.12890625,0,0
1779626664.840969,0.0078125,0.0,0.638671875,0.033203125,-0.201171875,-0.15234375,0,0
1779626664.848961,0.0078125,0.0,0.625,0.033203125,-0.201171875,-0.15234375,0,0
1779626664.857014,0.0078125,0.0,0.625,0.03515625,-0.2109375,-0.17578125,0,0
1779626664.864962,0.0078125,0.0,0.609375,0.03515625,-0.2109375,-0.17578125,0,0
1779626664.872957,0.0078125,0.0,0.609375,0.041015625,-0.22265625,-0.208984375,0,0
1779626664.880975,0.0078125,0.0,0.599609375,0.041015625,-0.22265625,-0.208984375,0,0
1779626664.888975,0.0078125,0.0,0.599609375,0.0390625,-0.22265625,-0.236328125,0,0
1779626664.897017,0.0078125,0.0,0.587890625,0.0390625,-0.22265625,-0.236328125,0,0
1779626664.905016,0.0078125,0.0,0.587890625,0.033203125,-0.2265625,-0.271484375,0,0
1779626664.912984,0.0078125,0.0,0.564453125,0.033203125,-0.2265625,-0.271484375,0,0
1779626664.920960,0.0078125,0.0,0.564453125,0.0234375,-0.23046875,-0.33203125,0,0
1779626664.928990,0.0078125,0.0,0.51953125,0.0234375,-0.23046875,-0.33203125,0,0
1779626664.936974,0.0078125,0.0,0.51953125,0.0,-0.23046875,-0.40625,0,0
1779626664.944955,0.0078125,0.0,0.46484375,0.0,-0.23046875,-0.40625,0,0
1779626664.952949,0.0078125,0.0,0.46484375,0.0,-0.220703125,-0.48828125,0,0
1779626664.960959,0.0078125,0.0,0.412109375,0.0,-0.220703125,-0.48828125,0,0
1779626664.968942,0.0078125,0.0,0.412109375,0.0,-0.197265625,-0.556640625,0,0
1779626664.976961,0.0078125,0.0390625,0.365234375,0.0,-0.197265625,-0.556640625,0,0
1779626664.984961,0.0078125,0.0390625,0.365234375,-0.01171875,-0.1953125,-0.591796875,0,0
1779626664.992950,0.0078125,0.017578125,0.345703125,-0.01171875,-0.1953125,-0.591796875,0,0
1779626665.000942,0.0078125,0.017578125,0.345703125,-0.01171875,-0.150390625,-0.615234375,0,0
1779626665.009008,0.0078125,0.017578125,0.326171875,-0.01171875,-0.150390625,-0.615234375,0,0
1779626665.016969,0.0078125,0.017578125,0.326171875,-0.01171875,-0.123046875,-0.630859375,0,0
1779626665.024971,0.0078125,0.017578125,0.306640625,-0.01171875,-0.123046875,-0.630859375,0,0
1779626665.032972,0.0078125,0.017578125,0.306640625,-0.01171875,-0.08984375,-0.6484375,0,0
1779626665.040976,0.0078125,0.017578125,0.2890625,-0.01171875,-0.08984375,-0.6484375,0,0
1779626665.048916,0.0078125,0.017578125,0.2890625,-0.01171875,-0.06640625,-0.66015625,0,0
1779626665.057005,0.0078125,0.017578125,0.27734375,-0.01171875,-0.06640625,-0.66015625,0,0
1779626665.064968,0.0078125,0.017578125,0.27734375,-0.01171875,-0.0546875,-0.666015625,0,0
1779626665.072961,0.0078125,0.017578125,0.2734375,-0.01171875,-0.0546875,-0.666015625,0,0
1779626665.080918,0.0078125,0.017578125,0.2734375,-0.01171875,-0.048828125,-0.669921875,0,0
1779626665.088944,0.0078125,0.017578125,0.2734375,-0.01171875,-0.048828125,-0.669921875,0,0
1779626665.096993,0.0078125,0.017578125,0.2734375,-0.01171875,-0.04296875,-0.671875,0,0
1779626665.104998,0.0078125,0.017578125,0.271484375,-0.01171875,-0.04296875,-0.671875,0,0
1779626665.112964,0.0078125,0.017578125,0.271484375,-0.01171875,-0.037109375,-0.673828125,0,0
1779626665.120975,0.0078125,0.017578125,0.267578125,-0.01171875,-0.037109375,-0.673828125,0,0
1779626665.128998,0.0078125,0.017578125,0.267578125,-0.01171875,-0.02734375,-0.677734375,0,0
1779626665.137012,0.0078125,0.017578125,0.26171875,-0.01171875,-0.02734375,-0.677734375,0,0
1779626665.144976,0.0078125,0.017578125,0.26171875,-0.01171875,-0.0234375,-0.681640625,0,0
1779626665.152985,0.0078125,0.017578125,0.26171875,-0.01171875,-0.0234375,-0.681640625,0,0
1779626665.160950,0.0078125,0.017578125,0.26171875,-0.01171875,-0.017578125,-0.68359375,0,0
1779626665.168990,0.0078125,0.017578125,0.259765625,-0.01171875,-0.017578125,-0.68359375,0,0
1779626665.176987,0.0078125,0.017578125,0.259765625,-0.01171875,-0.015625,-0.68359375,0,0
1779626665.185006,0.0078125,0.017578125,0.2578125,-0.01171875,-0.015625,-0.68359375,0,0
1779626665.193005,0.0078125,0.017578125,0.2578125,-0.01171875,-0.01171875,-0.68359375,0,0
1779626665.200995,0.0078125,0.017578125,0.255859375,-0.01171875,-0.01171875,-0.68359375,0,0
1779626665.209023,0.0078125,0.017578125,0.255859375,-0.01171875,-0.005859375,-0.68359375,0,0
1779626665.217010,0.0078125,0.017578125,0.25390625,-0.01171875,-0.005859375,-0.68359375,0,0
1779626665.224988,0.0078125,0.017578125,0.25390625,-0.01171875,-0.005859375,-0.68359375,0,0
1779626665.233028,0.0078125,0.017578125,0.251953125,-0.01171875,-0.005859375,-0.68359375,0,0
1779626665.241036,0.0078125,0.017578125,0.251953125,-0.01171875,-0.005859375,-0.68359375,0,0
1779626665.249012,0.0078125,0.017578125,0.248046875,-0.01171875,-0.005859375,-0.68359375,0,0
1779626665.256966,0.0078125,0.017578125,0.248046875,-0.01171875,-0.005859375,-0.68359375,0,0
1779626665.265079,0.0078125,0.017578125,0.244140625,-0.01171875,-0.005859375,-0.68359375,0,0
1779626665.272956,0.0078125,0.017578125,0.244140625,-0.01171875,-0.005859375,-0.68359375,0,0
1779626665.281016,0.0078125,0.017578125,0.240234375,-0.01171875,-0.005859375,-0.68359375,0,0
1779626665.289011,0.0078125,0.017578125,0.240234375,-0.01171875,-0.005859375,-0.68359375,0,0
1779626665.296940,0.0078125,0.017578125,0.236328125,-0.01171875,-0.005859375,-0.68359375,0,0
1779626665.304968,0.0078125,0.017578125,0.236328125,-0.01171875,-0.005859375,-0.68359375,0,0
1779626665.313030,0.0078125,0.017578125,0.232421875,-0.01171875,-0.005859375,-0.68359375,0,0
1779626665.320957,0.0078125,0.017578125,0.232421875,-0.01171875,-0.00390625,-0.68359375,0,0
1779626665.329021,0.0078125,0.017578125,0.22265625,-0.01171875,-0.00390625,-0.68359375,0,0
1779626665.336965,0.0078125,0.017578125,0.22265625,-0.01171875,0.0,-0.68359375,0,0
1779626665.344962,0.0078125,0.017578125,0.208984375,-0.01171875,0.0,-0.68359375,0,0
1779626665.352972,0.0078125,0.017578125,0.208984375,-0.01171875,0.0,-0.68359375,0,0
1779626665.360980,0.0078125,0.017578125,0.197265625,-0.01171875,0.0,-0.68359375,0,0
1779626665.369012,0.0078125,0.017578125,0.197265625,-0.01171875,-0.00390625,-0.68359375,0,0
1779626665.377024,0.0078125,0.017578125,0.166015625,-0.01171875,-0.00390625,-0.68359375,0,0
1779626665.384984,0.0078125,0.017578125,0.166015625,-0.01171875,-0.017578125,-0.68359375,0,0
1779626665.392985,0.0078125,0.017578125,0.123046875,-0.01171875,-0.017578125,-0.68359375,0,0
1779626665.401001,0.0078125,0.017578125,0.123046875,0.017578125,-0.03515625,-0.68359375,0,0
1779626665.408993,0.0078125,0.017578125,0.08984375,0.017578125,-0.03515625,-0.68359375,0,0
1779626665.417006,0.0078125,0.017578125,0.08984375,0.0390625,-0.046875,-0.68359375,0,0
1779626665.424936,0.0078125,0.017578125,0.0703125,0.0390625,-0.046875,-0.68359375,0,0
1779626665.432989,0.0078125,0.017578125,0.0703125,0.05078125,-0.048828125,-0.68359375,0,0
1779626665.440998,0.0078125,0.017578125,0.068359375,0.05078125,-0.048828125,-0.68359375,0,0
1779626665.449002,0.0078125,0.017578125,0.068359375,0.05078125,-0.048828125,-0.68359375,0,0
1779626665.456935,0.0078125,0.017578125,0.068359375,0.05078125,-0.048828125,-0.68359375,0,0
1779626665.465041,0.0078125,0.017578125,0.068359375,0.052734375,-0.048828125,-0.68359375,0,0
1779626665.473022,0.0078125,0.017578125,0.068359375,0.052734375,-0.048828125,-0.68359375,0,0
1779626665.480993,0.0078125,0.017578125,0.068359375,0.052734375,-0.048828125,-0.68359375,0,0
1779626665.488906,0.0078125,0.017578125,0.068359375,0.052734375,-0.048828125,-0.68359375,0,0
1779626665.497020,0.0078125,0.017578125,0.068359375,0.052734375,-0.048828125,-0.68359375,0,0
1779626665.504998,0.0078125,0.017578125,0.06640625,0.052734375,-0.048828125,-0.68359375,0,0
1779626665.512994,0.0078125,0.017578125,0.06640625,0.052734375,-0.048828125,-0.68359375,0,0
1779626665.520958,0.0078125,0.017578125,0.060546875,0.052734375,-0.048828125,-0.68359375,0,0
1779626665.528968,0.0078125,0.017578125,0.060546875,0.052734375,-0.046875,-0.68359375,0,0
1779626665.537024,0.0078125,0.017578125,0.0546875,0.052734375,-0.046875,-0.68359375,0,0
1779626665.545005,0.0078125,0.017578125,0.0546875,0.046875,-0.037109375,-0.68359375,0,0
1779626665.552945,0.0078125,0.017578125,0.04296875,0.046875,-0.037109375,-0.68359375,0,0
1779626665.560958,0.0078125,0.017578125,0.04296875,0.04296875,-0.02734375,-0.68359375,0,0
1779626665.568963,0.0078125,0.017578125,0.02734375,0.04296875,-0.02734375,-0.68359375,0,0
1779626665.576946,0.0078125,0.017578125,0.02734375,0.033203125,-0.017578125,-0.68359375,0,0
1779626665.584977,0.0078125,0.017578125,0.013671875,0.033203125,-0.017578125,-0.68359375,0,0
1779626665.592978,0.0078125,0.017578125,0.013671875,0.0234375,-0.005859375,-0.68359375,0,0
1779626665.608992,0.0078125,0.017578125,0.013671875,0.015625,-0.005859375,-0.68359375,0,0
1779626665.625019,0.0078125,0.017578125,0.013671875,0.009765625,-0.005859375,-0.68359375,0,0
1779626665.640972,0.0078125,0.017578125,0.013671875,0.0078125,-0.005859375,-0.68359375,0,0
1779626665.656917,0.0078125,0.017578125,0.013671875,0.0078125,-0.005859375,-0.68359375,0,0
1779626665.672943,0.0078125,0.017578125,0.013671875,0.0078125,-0.005859375,-0.68359375,0,0
1779626665.688931,0.0078125,0.017578125,0.013671875,0.0078125,-0.005859375,-0.68359375,0,0
1779626665.704911,0.0078125,0.017578125,0.013671875,0.0078125,-0.005859375,-0.68359375,0,0
1779626665.720949,0.0078125,0.017578125,0.013671875,0.0078125,-0.005859375,-0.68359375,0,0
1779626665.736944,0.0078125,0.017578125,0.013671875,0.0078125,-0.005859375,-0.68359375,0,0
1779626665.752914,0.0078125,0.017578125,0.013671875,0.009765625,-0.005859375,-0.68359375,0,0
1779626665.768968,0.0078125,0.017578125,0.013671875,0.009765625,-0.005859375,-0.68359375,0,0
1779626665.785013,0.0078125,0.017578125,0.013671875,0.0078125,-0.005859375,-0.68359375,0,0
1779626665.800971,0.0078125,0.017578125,0.013671875,0.0078125,-0.005859375,-0.68359375,0,0
1779626665.816937,0.0078125,0.017578125,0.013671875,0.0078125,-0.005859375,-0.68359375,0,0
1779626665.832939,0.0078125,0.017578125,0.013671875,0.0078125,-0.005859375,-0.68359375,0,0
1779626665.848937,0.0078125,0.017578125,0.013671875,0.0078125,-0.005859375,-0.68359375,0,0
1779626665.864914,0.0078125,0.017578125,0.013671875,0.0078125,-0.005859375,-0.68359375,0,0
1779626665.880978,0.0078125,0.017578125,0.013671875,0.0078125,-0.005859375,-0.68359375,0,0
1779626665.896939,0.0078125,0.017578125,0.013671875,0.0078125,-0.005859375,-0.68359375,0,0
1779626665.912969,0.0078125,0.017578125,0.013671875,0.0078125,-0.005859375,-0.68359375,0,0
1779626665.928958,0.0078125,0.017578125,0.013671875,0.0078125,-0.005859375,-0.68359375,0,0
1779626665.944957,0.0078125,0.017578125,0.013671875,0.0078125,-0.005859375,-0.68359375,0,0
1779626665.960932,0.0078125,0.017578125,0.013671875,0.0078125,-0.005859375,-0.68359375,0,0
1779626665.976935,0.0078125,0.017578125,0.013671875,0.0078125,-0.005859375,-0.68359375,0,0
1779626665.992968,0.0078125,0.017578125,0.013671875,0.0078125,-0.005859375,-0.68359375,0,0
1779626666.008971,0.0078125,0.017578125,0.013671875,0.0078125,-0.005859375,-0.68359375,0,0
1779626666.024976,0.0078125,0.017578125,0.013671875,0.0078125,-0.005859375,-0.68359375,0,0
1779626666.040972,0.0078125,0.017578125,0.013671875,0.0078125,-0.005859375,-0.68359375,0,0
1779626666.056924,0.0078125,0.017578125,0.013671875,0.0078125,-0.005859375,-0.68359375,0,0
1779626666.072970,0.0078125,0.017578125,0.013671875,0.0078125,-0.005859375,-0.68359375,0,0
1779626666.088943,0.0078125,0.017578125,0.013671875,0.0078125,-0.005859375,-0.68359375,0,0
1779626666.104971,0.0078125,0.017578125,0.013671875,0.0078125,-0.005859375,-0.68359375,0,0
1779626666.120966,0.0078125,0.017578125,0.013671875,0.0078125,-0.005859375,-0.68359375,0,0
1779626666.136935,0.0078125,0.017578125,0.013671875,0.0078125,-0.005859375,-0.68359375,0,0
1779626666.152956,0.0078125,0.017578125,0.013671875,0.0078125,-0.005859375,-0.68359375,0,0
1779626666.168952,0.0078125,0.017578125,0.013671875,0.009765625,-0.005859375,-0.68359375,0,0
1779626666.184942,0.0078125,0.017578125,0.013671875,0.009765625,-0.005859375,-0.68359375,0,0
1779626666.200928,0.0078125,0.017578125,0.013671875,0.009765625,-0.005859375,-0.68359375,0,0
1779626666.217037,0.0078125,0.017578125,0.013671875,0.009765625,-0.005859375,-0.68359375,0,0
1779626666.232979,0.0078125,0.017578125,0.013671875,0.009765625,-0.005859375,-0.68359375,0,0
1779626666.248966,0.0078125,0.017578125,0.013671875,0.009765625,-0.005859375,-0.68359375,0,0
1779626666.264984,0.0078125,0.017578125,0.013671875,0.009765625,-0.005859375,-0.68359375,0,0
1779626666.281019,0.0078125,0.017578125,0.013671875,0.009765625,-0.005859375,-0.68359375,0,0
1779626666.296985,0.0078125,0.017578125,0.013671875,0.009765625,-0.005859375,-0.68359375,0,0
1779626666.313000,0.0078125,0.017578125,0.013671875,0.01171875,-0.005859375,-0.68359375,0,0
1779626666.329045,0.0078125,0.017578125,0.013671875,0.01171875,-0.005859375,-0.68359375,0,0
1779626666.344974,0.0078125,0.017578125,0.013671875,0.01171875,-0.005859375,-0.68359375,0,0
1779626666.360991,0.0078125,0.017578125,0.013671875,0.01171875,-0.005859375,-0.68359375,0,0
1779626666.376978,0.0078125,0.017578125,0.013671875,0.01171875,-0.005859375,-0.68359375,0,0
1779626666.392983,0.0078125,0.017578125,0.013671875,0.01171875,-0.005859375,-0.68359375,0,0
1779626666.409056,0.0078125,0.017578125,0.013671875,0.01171875,-0.005859375,-0.68359375,0,0
1779626666.424944,0.0078125,0.017578125,0.013671875,0.01171875,-0.005859375,-0.68359375,0,0
1779626666.440995,0.0078125,0.017578125,0.013671875,0.01171875,-0.005859375,-0.68359375,0,0
1779626666.456998,0.0078125,0.017578125,0.013671875,0.009765625,-0.005859375,-0.68359375,0,0
1779626666.472951,0.0078125,0.017578125,0.013671875,0.009765625,-0.005859375,-0.68359375,0,0
1779626666.488954,0.0078125,0.017578125,0.013671875,0.005859375,-0.005859375,-0.68359375,0,0
1779626666.496971,0.0078125,0.0,0.0,0.005859375,-0.005859375,-0.68359375,0,0
1779626666.504992,0.0078125,0.0,0.0,0.00390625,-0.005859375,-0.68359375,0,0
1779626666.512997,0.0078125,-0.033203125,0.140625,0.00390625,-0.005859375,-0.68359375,0,0
1779626666.521008,0.0078125,-0.033203125,0.140625,0.00390625,-0.005859375,-0.673828125,0,0
1779626666.528977,-0.009765625,-0.03125,0.279296875,0.00390625,-0.005859375,-0.673828125,0,0
1779626666.536992,-0.009765625,-0.03125,0.279296875,0.00390625,-0.005859375,-0.603515625,0,0
1779626666.545019,-0.02734375,-0.044921875,0.34375,0.00390625,-0.005859375,-0.603515625,0,0
1779626666.552964,-0.02734375,-0.044921875,0.34375,0.00390625,-0.005859375,-0.54296875,0,0
1779626666.561030,-0.02734375,-0.06640625,0.431640625,0.00390625,-0.005859375,-0.54296875,0,0
1779626666.568953,-0.02734375,-0.06640625,0.431640625,-0.005859375,-0.005859375,-0.501953125,0,0
1779626666.576988,-0.02734375,-0.06640625,0.51953125,-0.005859375,-0.005859375,-0.501953125,0,0
1779626666.584905,-0.02734375,-0.06640625,0.51953125,-0.044921875,0.0234375,-0.482421875,0,0
1779626666.592944,0.041015625,-0.0546875,0.564453125,-0.044921875,0.0234375,-0.482421875,0,0
1779626666.600986,0.041015625,-0.0546875,0.564453125,-0.07421875,0.044921875,-0.482421875,0,0
1779626666.608976,0.0703125,-0.0546875,0.556640625,-0.07421875,0.044921875,-0.482421875,0,0
1779626666.616970,0.0703125,-0.0546875,0.556640625,-0.0859375,0.0546875,-0.494140625,0,0
1779626666.624981,0.09375,-0.064453125,0.5390625,-0.0859375,0.0546875,-0.494140625,0,0
1779626666.632941,0.09375,-0.064453125,0.5390625,-0.10546875,0.05859375,-0.494140625,0,0
1779626666.640916,0.109375,-0.07421875,0.517578125,-0.10546875,0.05859375,-0.494140625,0,0
1779626666.648985,0.109375,-0.07421875,0.517578125,-0.123046875,0.05859375,-0.490234375,0,0
1779626666.656990,0.11328125,-0.080078125,0.505859375,-0.123046875,0.05859375,-0.490234375,0,0
1779626666.665032,0.11328125,-0.080078125,0.505859375,-0.134765625,0.04296875,-0.482421875,0,0
1779626666.673006,0.130859375,-0.072265625,0.494140625,-0.134765625,0.04296875,-0.482421875,0,0
1779626666.680972,0.130859375,-0.072265625,0.494140625,-0.16015625,0.021484375,-0.478515625,0,0
1779626666.688952,0.154296875,-0.052734375,0.466796875,-0.16015625,0.021484375,-0.478515625,0,0
1779626666.696931,0.154296875,-0.052734375,0.466796875,-0.1875,0.021484375,-0.48046875,0,0
1779626666.705009,0.17578125,-0.03515625,0.423828125,-0.1875,0.021484375,-0.48046875,0,0
1779626666.712975,0.17578125,-0.03515625,0.423828125,-0.201171875,0.021484375,-0.490234375,0,0
1779626666.720963,0.220703125,-0.017578125,0.380859375,-0.201171875,0.021484375,-0.490234375,0,0
1779626666.729086,0.220703125,-0.017578125,0.380859375,-0.212890625,0.021484375,-0.4921875,0,0
1779626666.736984,0.2578125,-0.03125,0.314453125,-0.212890625,0.021484375,-0.4921875,0,0
1779626666.744967,0.2578125,-0.03125,0.314453125,-0.185546875,-0.01953125,-0.474609375,0,0
1779626666.752896,0.30078125,-0.044921875,0.2578125,-0.185546875,-0.01953125,-0.474609375,0,0
1779626666.760917,0.30078125,-0.044921875,0.2578125,-0.1484375,-0.03125,-0.453125,0,0
1779626666.768909,0.337890625,-0.044921875,0.220703125,-0.1484375,-0.03125,-0.453125,0,0
1779626666.777003,0.337890625,-0.044921875,0.220703125,-0.123046875,-0.029296875,-0.439453125,0,0
1779626666.784951,0.380859375,-0.05859375,0.181640625,-0.123046875,-0.029296875,-0.439453125,0,0
1779626666.792966,0.380859375,-0.05859375,0.181640625,-0.091796875,-0.005859375,-0.41796875,0,0
1779626666.800999,0.39453125,-0.0703125,0.169921875,-0.091796875,-0.005859375,-0.41796875,0,0
1779626666.808967,0.39453125,-0.0703125,0.169921875,-0.087890625,-0.005859375,-0.41015625,0,0
1779626666.816961,0.4140625,-0.078125,0.171875,-0.087890625,-0.005859375,-0.41015625,0,0
1779626666.824952,0.4140625,-0.078125,0.171875,-0.09765625,-0.005859375,-0.3984375,0,0
1779626666.833005,0.43359375,-0.0859375,0.181640625,-0.09765625,-0.005859375,-0.3984375,0,0
1779626666.840940,0.43359375,-0.0859375,0.181640625,-0.1171875,-0.005859375,-0.38671875,0,0
1779626666.848967,0.44140625,-0.08984375,0.18359375,-0.1171875,-0.005859375,-0.38671875,0,0
1779626666.856968,0.44140625,-0.08984375,0.18359375,-0.126953125,-0.005859375,-0.380859375,0,0
1779626666.864933,0.443359375,-0.091796875,0.1796875,-0.126953125,-0.005859375,-0.380859375,0,0
1779626666.872957,0.443359375,-0.091796875,0.1796875,-0.126953125,-0.005859375,-0.37890625,0,0
1779626666.881001,0.447265625,-0.091796875,0.1796875,-0.126953125,-0.005859375,-0.37890625,0,0
1779626666.889007,0.447265625,-0.091796875,0.1796875,-0.12890625,-0.005859375,-0.37890625,0,0
1779626666.896994,0.447265625,-0.091796875,0.185546875,-0.12890625,-0.005859375,-0.37890625,0,0
1779626666.905030,0.447265625,-0.091796875,0.185546875,-0.134765625,-0.005859375,-0.37890625,0,0
1779626666.913017,0.447265625,-0.09375,0.1875,-0.134765625,-0.005859375,-0.37890625,0,0
1779626666.921011,0.447265625,-0.09375,0.1875,-0.134765625,-0.005859375,-0.37890625,0,0
1779626666.928949,0.447265625,-0.09375,0.19921875,-0.134765625,-0.005859375,-0.37890625,0,0
1779626666.937009,0.447265625,-0.09375,0.19921875,-0.134765625,-0.005859375,-0.375,0,0
1779626666.944964,0.451171875,-0.09375,0.212890625,-0.134765625,-0.005859375,-0.375,0,0
1779626666.952994,0.451171875,-0.09375,0.212890625,-0.134765625,-0.005859375,-0.37109375,0,0
1779626666.960954,0.458984375,-0.09375,0.2265625,-0.134765625,-0.005859375,-0.37109375,0,0
1779626666.968973,0.458984375,-0.09375,0.2265625,-0.134765625,-0.005859375,-0.359375,0,0
1779626666.977017,0.466796875,-0.099609375,0.236328125,-0.134765625,-0.005859375,-0.359375,0,0
1779626666.985011,0.466796875,-0.099609375,0.236328125,-0.12890625,-0.005859375,-0.349609375,0,0
1779626666.992927,0.466796875,-0.1015625,0.236328125,-0.12890625,-0.005859375,-0.349609375,0,0
1779626667.001001,0.466796875,-0.1015625,0.236328125,-0.125,-0.005859375,-0.349609375,0,0
1779626667.008994,0.466796875,-0.1015625,0.2421875,-0.125,-0.005859375,-0.349609375,0,0
1779626667.016995,0.466796875,-0.1015625,0.2421875,-0.126953125,-0.005859375,-0.349609375,0,0
1779626667.024940,0.455078125,-0.091796875,0.259765625,-0.126953125,-0.005859375,-0.349609375,0,0
1779626667.033014,0.455078125,-0.091796875,0.259765625,-0.130859375,-0.005859375,-0.35546875,0,0
1779626667.041000,0.439453125,-0.080078125,0.283203125,-0.130859375,-0.005859375,-0.35546875,0,0
1779626667.049006,0.439453125,-0.080078125,0.283203125,-0.134765625,-0.005859375,-0.3671875,0,0
1779626667.056983,0.435546875,-0.080078125,0.27734375,-0.134765625,-0.005859375,-0.3671875,0,0
1779626667.064936,0.435546875,-0.080078125,0.27734375,-0.123046875,-0.005859375,-0.37109375,0,0
1779626667.072946,0.431640625,-0.08203125,0.271484375,-0.123046875,-0.005859375,-0.37109375,0,0
1779626667.081023,0.431640625,-0.08203125,0.271484375,-0.111328125,-0.005859375,-0.37109375,0,0
1779626667.088906,0.431640625,-0.083984375,0.26171875,-0.111328125,-0.005859375,-0.37109375,0,0
1779626667.097000,0.431640625,-0.083984375,0.26171875,-0.099609375,-0.005859375,-0.37109375,0,0
1779626667.104988,0.427734375,-0.083984375,0.2578125,-0.099609375,-0.005859375,-0.37109375,0,0
1779626667.112952,0.427734375,-0.083984375,0.2578125,-0.095703125,-0.005859375,-0.373046875,0,0
1779626667.120992,0.42578125,-0.0859375,0.251953125,-0.095703125,-0.005859375,-0.373046875,0,0
1779626667.128952,0.42578125,-0.0859375,0.251953125,-0.087890625,-0.005859375,-0.375,0,0
1779626667.136962,0.419921875,-0.0859375,0.25,-0.087890625,-0.005859375,-0.375,0,0
1779626667.144982,0.419921875,-0.0859375,0.25,-0.083984375,-0.005859375,-0.3828125,0,0
1779626667.152928,0.412109375,-0.083984375,0.248046875,-0.083984375,-0.005859375,-0.3828125,0,0
1779626667.160925,0.412109375,-0.083984375,0.248046875,-0.076171875,-0.005859375,-0.392578125,0,0
1779626667.168900,0.400390625,-0.08203125,0.2421875,-0.076171875,-0.005859375,-0.392578125,0,0
1779626667.176988,0.400390625,-0.08203125,0.2421875,-0.068359375,-0.005859375,-0.40625,0,0
1779626667.184955,0.38671875,-0.080078125,0.228515625,-0.068359375,-0.005859375,-0.40625,0,0
1779626667.192928,0.38671875,-0.080078125,0.228515625,-0.056640625,-0.005859375,-0.419921875,0,0
1779626667.200944,0.373046875,-0.076171875,0.21484375,-0.056640625,-0.005859375,-0.419921875,0,0
1779626667.208941,0.373046875,-0.076171875,0.21484375,-0.044921875,-0.005859375,-0.435546875,0,0
1779626667.216962,0.359375,-0.076171875,0.19140625,-0.044921875,-0.005859375,-0.435546875,0,0
1779626667.224935,0.359375,-0.076171875,0.19140625,-0.029296875,-0.005859375,-0.451171875,0,0
1779626667.232954,0.349609375,-0.072265625,0.16796875,-0.029296875,-0.005859375,-0.451171875,0,0
1779626667.240946,0.349609375,-0.072265625,0.16796875,-0.013671875,-0.005859375,-0.4609375,0,0
1779626667.248971,0.333984375,-0.068359375,0.13671875,-0.013671875,-0.005859375,-0.4609375,0,0
1779626667.256962,0.333984375,-0.068359375,0.13671875,-0.013671875,-0.005859375,-0.478515625,0,0
1779626667.264996,0.314453125,-0.0546875,0.099609375,-0.013671875,-0.005859375,-0.478515625,0,0
1779626667.272993,0.314453125,-0.0546875,0.099609375,-0.013671875,-0.005859375,-0.498046875,0,0
1779626667.280979,0.291015625,-0.044921875,0.076171875,-0.013671875,-0.005859375,-0.498046875,0,0
1779626667.288954,0.291015625,-0.044921875,0.076171875,-0.013671875,-0.005859375,-0.515625,0,0
1779626667.296995,0.255859375,-0.03515625,0.05078125,-0.013671875,-0.005859375,-0.515625,0,0
1779626667.304984,0.255859375,-0.03515625,0.05078125,-0.013671875,-0.005859375,-0.544921875,0,0
1779626667.312968,0.21484375,-0.029296875,0.025390625,-0.013671875,-0.005859375,-0.544921875,0,0
1779626667.320972,0.21484375,-0.029296875,0.025390625,-0.013671875,-0.005859375,-0.580078125,0,0
1779626667.328988,0.1796875,-0.03125,0.01171875,-0.013671875,-0.005859375,-0.580078125,0,0
1779626667.336974,0.1796875,-0.03125,0.01171875,-0.013671875,-0.005859375,-0.609375,0,0
1779626667.344970,0.150390625,-0.029296875,0.01171875,-0.013671875,-0.005859375,-0.609375,0,0
1779626667.352951,0.150390625,-0.029296875,0.01171875,-0.013671875,-0.005859375,-0.626953125,0,0
1779626667.360947,0.115234375,-0.029296875,0.056640625,-0.013671875,-0.005859375,-0.626953125,0,0
1779626667.369003,0.115234375,-0.029296875,0.056640625,-0.013671875,-0.005859375,-0.630859375,0,0
1779626667.376975,0.03515625,-0.083984375,0.125,-0.013671875,-0.005859375,-0.630859375,0,0
1779626667.384958,0.03515625,-0.083984375,0.125,-0.013671875,-0.005859375,-0.607421875,0,0
1779626667.392937,0.03515625,-0.142578125,0.162109375,-0.013671875,-0.005859375,-0.607421875,0,0
1779626667.400980,0.03515625,-0.142578125,0.162109375,-0.013671875,-0.005859375,-0.5703125,0,0
1779626667.408999,-0.083984375,-0.173828125,0.169921875,-0.013671875,-0.005859375,-0.5703125,0,0
1779626667.416953,-0.083984375,-0.173828125,0.169921875,-0.013671875,-0.005859375,-0.5390625,0,0
1779626667.424983,-0.150390625,-0.19921875,0.169921875,-0.013671875,-0.005859375,-0.5390625,0,0
1779626667.432950,-0.150390625,-0.19921875,0.169921875,-0.013671875,-0.005859375,-0.498046875,0,0
1779626667.440963,-0.19140625,-0.2265625,0.181640625,-0.013671875,-0.005859375,-0.498046875,0,0
1779626667.448941,-0.19140625,-0.2265625,0.181640625,-0.013671875,-0.005859375,-0.455078125,0,0
1779626667.456931,-0.216796875,-0.240234375,0.1875,-0.013671875,-0.005859375,-0.455078125,0,0
1779626667.464944,-0.216796875,-0.240234375,0.1875,-0.013671875,-0.005859375,-0.431640625,0,0
1779626667.472955,-0.2421875,-0.255859375,0.189453125,-0.013671875,-0.005859375,-0.431640625,0,0
1779626667.480980,-0.2421875,-0.255859375,0.189453125,-0.013671875,-0.005859375,-0.41015625,0,0
1779626667.488946,-0.267578125,-0.265625,0.193359375,-0.013671875,-0.005859375,-0.41015625,0,0
1779626667.496996,-0.267578125,-0.265625,0.193359375,-0.013671875,-0.005859375,-0.392578125,0,0
1779626667.504989,-0.29296875,-0.271484375,0.193359375,-0.013671875,-0.005859375,-0.392578125,0,0
1779626667.512980,-0.29296875,-0.271484375,0.193359375,-0.013671875,-0.005859375,-0.375,0,0
1779626667.520959,-0.32421875,-0.28125,0.1875,-0.013671875,-0.005859375,-0.375,0,0
1779626667.528978,-0.32421875,-0.28125,0.1875,-0.013671875,-0.005859375,-0.35546875,0,0
1779626667.536990,-0.3515625,-0.291015625,0.185546875,-0.013671875,-0.005859375,-0.35546875,0,0
1779626667.545006,-0.3515625,-0.291015625,0.185546875,-0.013671875,-0.005859375,-0.3359375,0,0
1779626667.552963,-0.373046875,-0.298828125,0.181640625,-0.013671875,-0.005859375,-0.3359375,0,0
1779626667.560964,-0.373046875,-0.298828125,0.181640625,-0.013671875,-0.005859375,-0.3203125,0,0
1779626667.568948,-0.39453125,-0.30859375,0.1796875,-0.013671875,-0.005859375,-0.3203125,0,0
1779626667.576962,-0.39453125,-0.30859375,0.1796875,-0.013671875,-0.005859375,-0.30859375,0,0
1779626667.584948,-0.4140625,-0.30859375,0.1796875,-0.013671875,-0.005859375,-0.30859375,0,0
1779626667.592960,-0.4140625,-0.30859375,0.1796875,-0.013671875,-0.005859375,-0.296875,0,0
1779626667.600997,-0.427734375,-0.306640625,0.1796875,-0.013671875,-0.005859375,-0.296875,0,0
1779626667.609026,-0.427734375,-0.306640625,0.1796875,-0.013671875,-0.005859375,-0.28515625,0,0
1779626667.616994,-0.4453125,-0.306640625,0.1796875,-0.013671875,-0.005859375,-0.28515625,0,0
1779626667.624994,-0.4453125,-0.306640625,0.1796875,-0.013671875,-0.005859375,-0.275390625,0,0
1779626667.632982,-0.453125,-0.3046875,0.1796875,-0.013671875,-0.005859375,-0.275390625,0,0
1779626667.640994,-0.453125,-0.3046875,0.1796875,-0.013671875,-0.005859375,-0.26953125,0,0
1779626667.648971,-0.4609375,-0.3046875,0.1796875,-0.013671875,-0.005859375,-0.26953125,0,0
1779626667.656916,-0.4609375,-0.3046875,0.1796875,-0.013671875,-0.005859375,-0.26171875,0,0
1779626667.665001,-0.470703125,-0.3046875,0.177734375,-0.013671875,-0.005859375,-0.26171875,0,0
1779626667.673006,-0.470703125,-0.3046875,0.177734375,-0.013671875,-0.005859375,-0.255859375,0,0
1779626667.680982,-0.4765625,-0.3046875,0.177734375,-0.013671875,-0.005859375,-0.255859375,0,0
1779626667.688984,-0.4765625,-0.3046875,0.177734375,-0.013671875,-0.005859375,-0.251953125,0,0
1779626667.697212,-0.478515625,-0.3046875,0.177734375,-0.013671875,-0.005859375,-0.251953125,0,0
1779626667.705049,-0.478515625,-0.3046875,0.177734375,-0.013671875,-0.005859375,-0.25,0,0
1779626667.712961,-0.482421875,-0.3046875,0.177734375,-0.013671875,-0.005859375,-0.25,0,0
1779626667.720965,-0.482421875,-0.3046875,0.177734375,-0.013671875,-0.005859375,-0.248046875,0,0
1779626667.729142,-0.484375,-0.3046875,0.177734375,-0.013671875,-0.005859375,-0.248046875,0,0
1779626667.736964,-0.484375,-0.3046875,0.177734375,-0.013671875,-0.005859375,-0.24609375,0,0
1779626667.745008,-0.48828125,-0.314453125,0.177734375,-0.013671875,-0.005859375,-0.24609375,0,0
1779626667.753029,-0.48828125,-0.314453125,0.177734375,-0.013671875,-0.005859375,-0.244140625,0,0
1779626667.760958,-0.498046875,-0.314453125,0.169921875,-0.013671875,-0.005859375,-0.244140625,0,0
1779626667.768986,-0.498046875,-0.314453125,0.169921875,0.015625,-0.00390625,-0.244140625,0,0
1779626667.776945,-0.505859375,-0.3125,0.171875,0.015625,-0.00390625,-0.244140625,0,0
1779626667.784988,-0.505859375,-0.3125,0.171875,0.02734375,-0.0078125,-0.244140625,0,0
1779626667.792993,-0.509765625,-0.30859375,0.173828125,0.02734375,-0.0078125,-0.244140625,0,0
1779626667.800988,-0.509765625,-0.30859375,0.173828125,0.02734375,-0.0078125,-0.244140625,0,0
1779626667.808964,-0.51171875,-0.30859375,0.173828125,0.02734375,-0.0078125,-0.244140625,0,0
1779626667.816957,-0.51171875,-0.30859375,0.173828125,0.033203125,-0.0078125,-0.244140625,0,0
1779626667.824974,-0.51171875,-0.306640625,0.173828125,0.033203125,-0.0078125,-0.244140625,0,0
1779626667.832949,-0.51171875,-0.306640625,0.173828125,0.033203125,-0.0078125,-0.244140625,0,0
1779626667.840975,-0.515625,-0.3046875,0.173828125,0.033203125,-0.0078125,-0.244140625,0,0
1779626667.848994,-0.515625,-0.3046875,0.173828125,0.03125,-0.01171875,-0.244140625,0,0
1779626667.856964,-0.515625,-0.3046875,0.17578125,0.03125,-0.01171875,-0.244140625,0,0
1779626667.864984,-0.515625,-0.3046875,0.17578125,0.033203125,-0.01171875,-0.24609375,0,0
1779626667.872998,-0.515625,-0.3046875,0.17578125,0.033203125,-0.01171875,-0.24609375,0,0
1779626667.880982,-0.515625,-0.3046875,0.17578125,0.033203125,-0.009765625,-0.24609375,0,0
1779626667.888988,-0.515625,-0.302734375,0.177734375,0.033203125,-0.009765625,-0.24609375,0,0
1779626667.896978,-0.515625,-0.302734375,0.177734375,0.033203125,-0.01171875,-0.24609375,0,0
1779626667.904990,-0.515625,-0.302734375,0.177734375,0.033203125,-0.01171875,-0.24609375,0,0
1779626667.912996,-0.515625,-0.302734375,0.177734375,0.03515625,-0.009765625,-0.24609375,0,0
1779626667.920955,-0.51953125,-0.298828125,0.18359375,0.03515625,-0.009765625,-0.24609375,0,0
1779626667.929009,-0.51953125,-0.298828125,0.18359375,0.037109375,-0.01171875,-0.244140625,0,0
1779626667.937009,-0.529296875,-0.294921875,0.1875,0.037109375,-0.01171875,-0.244140625,0,0
1779626667.944981,-0.529296875,-0.294921875,0.1875,0.0390625,-0.013671875,-0.23828125,0,0
1779626667.952962,-0.5390625,-0.29296875,0.1953125,0.0390625,-0.013671875,-0.23828125,0,0
1779626667.960996,-0.5390625,-0.29296875,0.1953125,0.041015625,-0.015625,-0.232421875,0,0
1779626667.969028,-0.541015625,-0.291015625,0.1953125,0.041015625,-0.015625,-0.232421875,0,0
1779626667.976985,-0.541015625,-0.291015625,0.1953125,0.041015625,-0.017578125,-0.23046875,0,0
1779626667.985019,-0.541015625,-0.291015625,0.19140625,0.041015625,-0.017578125,-0.23046875,0,0
1779626667.992970,-0.541015625,-0.291015625,0.19140625,0.03515625,-0.021484375,-0.2265625,0,0
1779626668.000996,-0.541015625,-0.291015625,0.189453125,0.03515625,-0.021484375,-0.2265625,0,0
1779626668.008994,-0.541015625,-0.291015625,0.189453125,0.033203125,-0.025390625,-0.224609375,0,0
1779626668.016978,-0.541015625,-0.291015625,0.1875,0.033203125,-0.025390625,-0.224609375,0,0
1779626668.025033,-0.541015625,-0.291015625,0.1875,0.029296875,-0.025390625,-0.220703125,0,0
1779626668.033008,-0.54296875,-0.294921875,0.185546875,0.029296875,-0.025390625,-0.220703125,0,0
1779626668.040994,-0.54296875,-0.294921875,0.185546875,0.025390625,-0.029296875,-0.21875,0,0
1779626668.049000,-0.54296875,-0.294921875,0.1796875,0.025390625,-0.029296875,-0.21875,0,0
1779626668.056988,-0.54296875,-0.294921875,0.1796875,0.021484375,-0.029296875,-0.216796875,0,0
1779626668.065031,-0.54296875,-0.298828125,0.177734375,0.021484375,-0.029296875,-0.216796875,0,0
1779626668.073029,-0.54296875,-0.298828125,0.177734375,0.017578125,-0.03515625,-0.208984375,0,0
1779626668.081022,-0.544921875,-0.3046875,0.177734375,0.017578125,-0.03515625,-0.208984375,0,0
1779626668.088975,-0.544921875,-0.3046875,0.177734375,0.013671875,-0.03515625,-0.203125,0,0
1779626668.096978,-0.54296875,-0.30859375,0.181640625,0.013671875,-0.03515625,-0.203125,0,0
1779626668.105043,-0.54296875,-0.30859375,0.181640625,0.013671875,-0.03515625,-0.201171875,0,0
1779626668.113002,-0.541015625,-0.310546875,0.1875,0.013671875,-0.03515625,-0.201171875,0,0
1779626668.121012,-0.541015625,-0.310546875,0.1875,0.013671875,-0.037109375,-0.197265625,0,0
1779626668.129021,-0.537109375,-0.3125,0.1875,0.013671875,-0.037109375,-0.197265625,0,0
1779626668.137018,-0.537109375,-0.3125,0.1875,0.017578125,-0.041015625,-0.1953125,0,0
1779626668.144999,-0.53125,-0.318359375,0.189453125,0.017578125,-0.041015625,-0.1953125,0,0
1779626668.152969,-0.53125,-0.318359375,0.189453125,0.01953125,-0.046875,-0.19140625,0,0
1779626668.161002,-0.517578125,-0.326171875,0.19921875,0.01953125,-0.046875,-0.19140625,0,0
1779626668.168980,-0.517578125,-0.326171875,0.19921875,0.029296875,-0.05078125,-0.1875,0,0
1779626668.177029,-0.4921875,-0.337890625,0.208984375,0.029296875,-0.05078125,-0.1875,0,0
1779626668.184973,-0.4921875,-0.337890625,0.208984375,0.041015625,-0.0546875,-0.181640625,0,0
1779626668.192966,-0.458984375,-0.353515625,0.2265625,0.041015625,-0.0546875,-0.181640625,0,0
1779626668.200997,-0.458984375,-0.353515625,0.2265625,0.060546875,-0.0546875,-0.1796875,0,0
1779626668.209038,-0.427734375,-0.37109375,0.23046875,0.060546875,-0.0546875,-0.1796875,0,0
1779626668.216996,-0.427734375,-0.37109375,0.23046875,0.072265625,-0.05859375,-0.173828125,0,0
1779626668.224990,-0.412109375,-0.3828125,0.23046875,0.072265625,-0.05859375,-0.173828125,0,0
1779626668.232969,-0.412109375,-0.3828125,0.23046875,0.078125,-0.060546875,-0.169921875,0,0
1779626668.240968,-0.400390625,-0.390625,0.23046875,0.078125,-0.060546875,-0.169921875,0,0
1779626668.248978,-0.400390625,-0.390625,0.23046875,0.07421875,-0.05859375,-0.1640625,0,0
1779626668.256951,-0.390625,-0.3984375,0.232421875,0.07421875,-0.05859375,-0.1640625,0,0
1779626668.264988,-0.390625,-0.3984375,0.232421875,0.064453125,-0.046875,-0.1640625,0,0
1779626668.272976,-0.388671875,-0.400390625,0.236328125,0.064453125,-0.046875,-0.1640625,0,0
1779626668.280967,-0.388671875,-0.400390625,0.236328125,0.05078125,-0.037109375,-0.166015625,0,0
1779626668.288955,-0.388671875,-0.404296875,0.240234375,0.05078125,-0.037109375,-0.166015625,0,0
1779626668.297023,-0.388671875,-0.404296875,0.240234375,0.044921875,-0.02734375,-0.169921875,0,0
1779626668.304945,-0.38671875,-0.404296875,0.2421875,0.044921875,-0.02734375,-0.169921875,0,0
1779626668.312958,-0.38671875,-0.404296875,0.2421875,0.0390625,-0.017578125,-0.17578125,0,0
1779626668.320975,-0.38671875,-0.40234375,0.2421875,0.0390625,-0.017578125,-0.17578125,0,0
1779626668.328955,-0.38671875,-0.40234375,0.2421875,0.0390625,-0.015625,-0.1796875,0,0
1779626668.336993,-0.38671875,-0.400390625,0.2421875,0.0390625,-0.015625,-0.1796875,0,0
1779626668.345023,-0.38671875,-0.400390625,0.2421875,0.037109375,-0.013671875,-0.185546875,0,0
1779626668.352941,-0.388671875,-0.396484375,0.2421875,0.037109375,-0.013671875,-0.185546875,0,0
1779626668.360974,-0.388671875,-0.396484375,0.2421875,0.03125,-0.013671875,-0.189453125,0,0
1779626668.368979,-0.390625,-0.392578125,0.23828125,0.03125,-0.013671875,-0.189453125,0,0
1779626668.377021,-0.390625,-0.392578125,0.23828125,0.025390625,-0.013671875,-0.189453125,0,0
1779626668.385019,-0.390625,-0.396484375,0.236328125,0.025390625,-0.013671875,-0.189453125,0,0
1779626668.392967,-0.390625,-0.396484375,0.236328125,0.025390625,-0.013671875,-0.1875,0,0
1779626668.401031,-0.392578125,-0.396484375,0.236328125,0.025390625,-0.013671875,-0.1875,0,0
1779626668.409011,-0.392578125,-0.396484375,0.236328125,0.029296875,-0.0234375,-0.18359375,0,0
1779626668.417004,-0.400390625,-0.39453125,0.23828125,0.029296875,-0.0234375,-0.18359375,0,0
1779626668.424994,-0.400390625,-0.39453125,0.23828125,0.037109375,-0.02734375,-0.18359375,0,0
1779626668.432953,-0.423828125,-0.380859375,0.240234375,0.037109375,-0.02734375,-0.18359375,0,0
1779626668.441010,-0.423828125,-0.380859375,0.240234375,0.04296875,-0.03515625,-0.1796875,0,0
1779626668.449029,-0.435546875,-0.373046875,0.2421875,0.04296875,-0.03515625,-0.1796875,0,0
1779626668.456973,-0.435546875,-0.373046875,0.2421875,0.044921875,-0.037109375,-0.1796875,0,0
1779626668.465037,-0.44921875,-0.3671875,0.248046875,0.044921875,-0.037109375,-0.1796875,0,0
1779626668.472986,-0.44921875,-0.3671875,0.248046875,0.05078125,-0.041015625,-0.17578125,0,0
1779626668.480998,-0.4609375,-0.361328125,0.248046875,0.05078125,-0.041015625,-0.17578125,0,0
1779626668.488958,-0.4609375,-0.361328125,0.248046875,0.048828125,-0.041015625,-0.171875,0,0
1779626668.496993,-0.486328125,-0.34375,0.25390625,0.048828125,-0.041015625,-0.171875,0,0
1779626668.505014,-0.486328125,-0.34375,0.25390625,0.048828125,-0.04296875,-0.173828125,0,0
1779626668.512986,-0.537109375,-0.296875,0.259765625,0.048828125,-0.04296875,-0.173828125,0,0
1779626668.520983,-0.537109375,-0.296875,0.259765625,0.037109375,-0.044921875,-0.189453125,0,0
1779626668.528951,-0.55859375,-0.28515625,0.267578125,0.037109375,-0.044921875,-0.189453125,0,0
1779626668.536997,-0.55859375,-0.28515625,0.267578125,0.037109375,-0.044921875,-0.1875,0,0
1779626668.544971,-0.572265625,-0.279296875,0.27734375,0.037109375,-0.044921875,-0.1875,0,0
1779626668.552981,-0.572265625,-0.279296875,0.27734375,0.044921875,-0.037109375,-0.185546875,0,0
1779626668.560966,-0.58984375,-0.271484375,0.28125,0.044921875,-0.037109375,-0.185546875,0,0
1779626668.568988,-0.58984375,-0.271484375,0.28125,0.044921875,-0.03515625,-0.1796875,0,0
1779626668.577001,-0.599609375,-0.267578125,0.287109375,0.044921875,-0.03515625,-0.1796875,0,0
1779626668.584954,-0.599609375,-0.267578125,0.287109375,0.05078125,-0.029296875,-0.17578125,0,0
1779626668.592960,-0.609375,-0.263671875,0.291015625,0.05078125,-0.029296875,-0.17578125,0,0
1779626668.601003,-0.609375,-0.263671875,0.291015625,0.0546875,-0.025390625,-0.173828125,0,0
1779626668.608976,-0.62109375,-0.2578125,0.294921875,0.0546875,-0.025390625,-0.173828125,0,0
1779626668.616999,-0.62109375,-0.2578125,0.294921875,0.056640625,-0.02734375,-0.169921875,0,0
1779626668.624969,-0.638671875,-0.25,0.30078125,0.056640625,-0.02734375,-0.169921875,0,0
1779626668.632999,-0.638671875,-0.25,0.30078125,0.060546875,-0.029296875,-0.158203125,0,0
1779626668.640923,-0.654296875,-0.2421875,0.302734375,0.060546875,-0.029296875,-0.158203125,0,0
1779626668.648990,-0.654296875,-0.2421875,0.302734375,0.05859375,-0.033203125,-0.146484375,0,0
1779626668.656995,-0.66015625,-0.23828125,0.302734375,0.05859375,-0.033203125,-0.146484375,0,0
1779626668.665016,-0.66015625,-0.23828125,0.302734375,0.0546875,-0.033203125,-0.140625,0,0
1779626668.672980,-0.669921875,-0.236328125,0.302734375,0.0546875,-0.033203125,-0.140625,0,0
1779626668.680999,-0.669921875,-0.236328125,0.302734375,0.052734375,-0.03515625,-0.13671875,0,0
1779626668.689009,-0.677734375,-0.232421875,0.298828125,0.052734375,-0.03515625,-0.13671875,0,0
1779626668.696996,-0.677734375,-0.232421875,0.298828125,0.044921875,-0.037109375,-0.130859375,0,0
1779626668.704994,-0.68359375,-0.23046875,0.294921875,0.044921875,-0.037109375,-0.130859375,0,0
1779626668.712969,-0.68359375,-0.23046875,0.294921875,0.041015625,-0.037109375,-0.123046875,0,0
1779626668.720982,-0.68359375,-0.22265625,0.2890625,0.041015625,-0.037109375,-0.123046875,0,0
1779626668.728978,-0.68359375,-0.22265625,0.2890625,0.03125,-0.0390625,-0.111328125,0,0
1779626668.736950,-0.68359375,-0.21875,0.283203125,0.03125,-0.0390625,-0.111328125,0,0
1779626668.744981,-0.68359375,-0.21875,0.283203125,0.0234375,-0.041015625,-0.1015625,0,0
1779626668.753014,-0.68359375,-0.212890625,0.27734375,0.0234375,-0.041015625,-0.1015625,0,0
1779626668.760958,-0.68359375,-0.212890625,0.27734375,0.017578125,-0.044921875,-0.09375,0,0
1779626668.768970,-0.68359375,-0.208984375,0.275390625,0.017578125,-0.044921875,-0.09375,0,0
1779626668.776976,-0.68359375,-0.208984375,0.275390625,0.013671875,-0.044921875,-0.08984375,0,0
1779626668.784915,-0.68359375,-0.205078125,0.271484375,0.013671875,-0.044921875,-0.08984375,0,0
1779626668.792912,-0.68359375,-0.205078125,0.271484375,0.01171875,-0.048828125,-0.08203125,0,0
1779626668.800967,-0.68359375,-0.201171875,0.267578125,0.01171875,-0.048828125,-0.08203125,0,0
1779626668.808981,-0.68359375,-0.201171875,0.267578125,0.00390625,-0.0546875,-0.076171875,0,0
1779626668.816965,-0.68359375,-0.19921875,0.26171875,0.00390625,-0.0546875,-0.076171875,0,0
1779626668.824969,-0.68359375,-0.19921875,0.26171875,0.00390625,-0.05859375,-0.072265625,0,0
1779626668.832939,-0.68359375,-0.197265625,0.2578125,0.00390625,-0.05859375,-0.072265625,0,0
1779626668.841037,-0.68359375,-0.197265625,0.2578125,0.00390625,-0.0625,-0.0703125,0,0
1779626668.848933,-0.68359375,-0.197265625,0.25390625,0.00390625,-0.0625,-0.0703125,0,0
1779626668.856933,-0.68359375,-0.197265625,0.25390625,0.00390625,-0.0625,-0.06640625,0,0
1779626668.864992,-0.68359375,-0.1953125,0.25,0.00390625,-0.0625,-0.06640625,0,0
1779626668.872962,-0.68359375,-0.1953125,0.25,0.00390625,-0.068359375,-0.064453125,0,0
1779626668.880959,-0.68359375,-0.1953125,0.248046875,0.00390625,-0.068359375,-0.064453125,0,0
1779626668.888942,-0.68359375,-0.1953125,0.248046875,0.00390625,-0.0703125,-0.064453125,0,0
1779626668.896984,-0.68359375,-0.1953125,0.240234375,0.00390625,-0.0703125,-0.064453125,0,0
1779626668.904973,-0.68359375,-0.1953125,0.240234375,0.00390625,-0.0703125,-0.0625,0,0
1779626668.912992,-0.68359375,-0.1953125,0.236328125,0.00390625,-0.0703125,-0.0625,0,0
1779626668.920952,-0.68359375,-0.1953125,0.236328125,0.00390625,-0.07421875,-0.0625,0,0
1779626668.928943,-0.68359375,-0.1953125,0.228515625,0.00390625,-0.07421875,-0.0625,0,0
1779626668.937035,-0.68359375,-0.1953125,0.228515625,0.00390625,-0.076171875,-0.05859375,0,0
1779626668.945002,-0.68359375,-0.193359375,0.22265625,0.00390625,-0.076171875,-0.05859375,0,0
1779626668.952994,-0.68359375,-0.193359375,0.22265625,0.00390625,-0.076171875,-0.056640625,0,0
1779626668.960997,-0.68359375,-0.19140625,0.216796875,0.00390625,-0.076171875,-0.056640625,0,0
1779626668.969005,-0.68359375,-0.19140625,0.216796875,0.00390625,-0.080078125,-0.0546875,0,0
1779626668.977001,-0.68359375,-0.1875,0.2109375,0.00390625,-0.080078125,-0.0546875,0,0
1779626668.984988,-0.68359375,-0.1875,0.2109375,0.00390625,-0.080078125,-0.05078125,0,0
1779626668.992968,-0.68359375,-0.1875,0.208984375,0.00390625,-0.080078125,-0.05078125,0,0
1779626669.000981,-0.68359375,-0.1875,0.208984375,0.00390625,-0.08203125,-0.05078125,0,0
1779626669.008981,-0.68359375,-0.185546875,0.20703125,0.00390625,-0.08203125,-0.05078125,0,0
1779626669.016955,-0.68359375,-0.185546875,0.20703125,0.00390625,-0.08203125,-0.05078125,0,0
1779626669.024975,-0.68359375,-0.18359375,0.203125,0.00390625,-0.08203125,-0.05078125,0,0
1779626669.033005,-0.68359375,-0.18359375,0.203125,0.00390625,-0.08203125,-0.048828125,0,0
1779626669.040956,-0.68359375,-0.181640625,0.201171875,0.00390625,-0.08203125,-0.048828125,0,0
1779626669.048963,-0.68359375,-0.181640625,0.201171875,0.00390625,-0.083984375,-0.048828125,0,0
1779626669.056961,-0.68359375,-0.17578125,0.19921875,0.00390625,-0.083984375,-0.048828125,0,0
1779626669.064960,-0.68359375,-0.17578125,0.19921875,0.00390625,-0.083984375,-0.046875,0,0
1779626669.073028,-0.68359375,-0.173828125,0.197265625,0.00390625,-0.083984375,-0.046875,0,0
1779626669.081030,-0.68359375,-0.173828125,0.197265625,0.00390625,-0.0859375,-0.044921875,0,0
1779626669.088993,-0.68359375,-0.169921875,0.193359375,0.00390625,-0.0859375,-0.044921875,0,0
1779626669.096977,-0.68359375,-0.169921875,0.193359375,0.00390625,-0.087890625,-0.041015625,0,0
1779626669.105021,-0.68359375,-0.16796875,0.19140625,0.00390625,-0.087890625,-0.041015625,0,0
1779626669.112987,-0.68359375,-0.16796875,0.19140625,0.00390625,-0.08984375,-0.041015625,0,0
1779626669.120987,-0.68359375,-0.166015625,0.189453125,0.00390625,-0.08984375,-0.041015625,0,0
1779626669.128973,-0.68359375,-0.166015625,0.189453125,0.00390625,-0.08984375,-0.0390625,0,0
1779626669.137034,-0.68359375,-0.16015625,0.1875,0.00390625,-0.08984375,-0.0390625,0,0
1779626669.144957,-0.68359375,-0.16015625,0.1875,0.00390625,-0.087890625,-0.0390625,0,0
1779626669.152965,-0.68359375,-0.158203125,0.189453125,0.00390625,-0.087890625,-0.0390625,0,0
1779626669.161004,-0.68359375,-0.158203125,0.189453125,0.00390625,-0.08984375,-0.037109375,0,0
1779626669.168959,-0.68359375,-0.15625,0.189453125,0.00390625,-0.08984375,-0.037109375,0,0
1779626669.176994,-0.68359375,-0.15625,0.189453125,0.00390625,-0.08984375,-0.037109375,0,0
1779626669.184965,-0.68359375,-0.15234375,0.1875,0.00390625,-0.08984375,-0.037109375,0,0
1779626669.192968,-0.68359375,-0.15234375,0.1875,0.00390625,-0.08984375,-0.03515625,0,0
1779626669.200948,-0.68359375,-0.150390625,0.185546875,0.00390625,-0.08984375,-0.03515625,0,0
1779626669.208991,-0.68359375,-0.150390625,0.185546875,0.00390625,-0.08984375,-0.033203125,0,0
1779626669.216984,-0.68359375,-0.14453125,0.18359375,0.00390625,-0.08984375,-0.033203125,0,0
1779626669.224947,-0.68359375,-0.14453125,0.18359375,0.00390625,-0.08984375,-0.03125,0,0
1779626669.232926,-0.68359375,-0.142578125,0.1796875,0.00390625,-0.08984375,-0.03125,0,0
1779626669.240978,-0.68359375,-0.142578125,0.1796875,0.00390625,-0.091796875,-0.029296875,0,0
1779626669.248992,-0.68359375,-0.13671875,0.1796875,0.00390625,-0.091796875,-0.029296875,0,0
1779626669.257007,-0.68359375,-0.13671875,0.1796875,0.00390625,-0.091796875,-0.025390625,0,0
1779626669.264967,-0.68359375,-0.134765625,0.17578125,0.00390625,-0.091796875,-0.025390625,0,0
1779626669.272952,-0.68359375,-0.134765625,0.17578125,0.00390625,-0.091796875,-0.0234375,0,0
1779626669.280997,-0.68359375,-0.1328125,0.17578125,0.00390625,-0.091796875,-0.0234375,0,0
1779626669.289019,-0.68359375,-0.1328125,0.17578125,0.00390625,-0.091796875,-0.0234375,0,0
1779626669.296958,-0.68359375,-0.130859375,0.17578125,0.00390625,-0.091796875,-0.0234375,0,0
1779626669.304989,-0.68359375,-0.130859375,0.17578125,0.00390625,-0.091796875,-0.0234375,0,0
1779626669.312976,-0.68359375,-0.12890625,0.177734375,0.00390625,-0.091796875,-0.0234375,0,0
1779626669.320996,-0.68359375,-0.12890625,0.177734375,0.00390625,-0.091796875,-0.0234375,0,0
1779626669.329032,-0.68359375,-0.12890625,0.177734375,0.00390625,-0.091796875,-0.0234375,0,0
1779626669.336944,-0.68359375,-0.12890625,0.177734375,0.00390625,-0.091796875,-0.0234375,0,0
1779626669.345021,-0.68359375,-0.12890625,0.17578125,0.00390625,-0.091796875,-0.0234375,0,0
1779626669.352994,-0.68359375,-0.12890625,0.17578125,0.00390625,-0.091796875,-0.021484375,0,0
1779626669.361030,-0.68359375,-0.12890625,0.17578125,0.00390625,-0.091796875,-0.021484375,0,0
1779626669.368991,-0.68359375,-0.12890625,0.17578125,0.00390625,-0.09375,-0.01953125,0,0
1779626669.377002,-0.68359375,-0.125,0.171875,0.00390625,-0.09375,-0.01953125,0,0
1779626669.384984,-0.68359375,-0.125,0.171875,0.00390625,-0.09375,-0.01953125,0,0
1779626669.392982,-0.68359375,-0.125,0.169921875,0.00390625,-0.09375,-0.01953125,0,0
1779626669.400980,-0.68359375,-0.125,0.169921875,0.00390625,-0.095703125,-0.01953125,0,0
1779626669.408953,-0.68359375,-0.119140625,0.169921875,0.00390625,-0.095703125,-0.01953125,0,0
1779626669.417020,-0.68359375,-0.119140625,0.169921875,0.00390625,-0.09375,-0.01953125,0,0
1779626669.424957,-0.68359375,-0.119140625,0.16796875,0.00390625,-0.09375,-0.01953125,0,0
1779626669.432954,-0.68359375,-0.119140625,0.16796875,0.00390625,-0.09375,-0.01953125,0,0
1779626669.440948,-0.68359375,-0.1171875,0.16796875,0.00390625,-0.09375,-0.01953125,0,0
1779626669.448992,-0.68359375,-0.1171875,0.16796875,0.00390625,-0.09375,-0.01953125,0,0
1779626669.457015,-0.68359375,-0.1171875,0.16796875,0.00390625,-0.09375,-0.01953125,0,0
1779626669.464993,-0.68359375,-0.1171875,0.16796875,0.00390625,-0.09375,-0.01953125,0,0
1779626669.472932,-0.68359375,-0.1171875,0.16796875,0.00390625,-0.09375,-0.01953125,0,0
1779626669.481007,-0.68359375,-0.1171875,0.16796875,0.00390625,-0.095703125,-0.01953125,0,0
1779626669.489003,-0.68359375,-0.1171875,0.166015625,0.00390625,-0.095703125,-0.01953125,0,0
1779626669.496972,-0.68359375,-0.1171875,0.166015625,0.00390625,-0.095703125,-0.01953125,0,0
1779626669.504948,-0.68359375,-0.1171875,0.1640625,0.00390625,-0.095703125,-0.01953125,0,0
1779626669.512984,-0.68359375,-0.1171875,0.1640625,0.00390625,-0.095703125,-0.01953125,0,0
1779626669.520990,-0.68359375,-0.1171875,0.1640625,0.00390625,-0.095703125,-0.01953125,0,0
1779626669.528984,-0.68359375,-0.1171875,0.1640625,0.00390625,-0.095703125,-0.01953125,0,0
1779626669.536997,-0.68359375,-0.115234375,0.1640625,0.00390625,-0.095703125,-0.01953125,0,0
1779626669.544985,-0.68359375,-0.115234375,0.1640625,0.00390625,-0.095703125,-0.01953125,0,0
1779626669.552963,-0.68359375,-0.115234375,0.162109375,0.00390625,-0.095703125,-0.01953125,0,0
1779626669.560961,-0.68359375,-0.115234375,0.162109375,0.00390625,-0.09765625,-0.01953125,0,0
1779626669.568965,-0.68359375,-0.11328125,0.162109375,0.00390625,-0.09765625,-0.01953125,0,0
1779626669.576969,-0.68359375,-0.11328125,0.162109375,0.00390625,-0.09765625,-0.017578125,0,0
1779626669.584968,-0.68359375,-0.115234375,0.162109375,0.00390625,-0.09765625,-0.017578125,0,0
1779626669.592955,-0.68359375,-0.115234375,0.162109375,0.00390625,-0.095703125,-0.017578125,0,0
1779626669.601014,-0.68359375,-0.115234375,0.16015625,0.00390625,-0.095703125,-0.017578125,0,0
1779626669.608947,-0.68359375,-0.115234375,0.16015625,0.00390625,-0.095703125,-0.017578125,0,0
1779626669.616985,-0.68359375,-0.115234375,0.158203125,0.00390625,-0.095703125,-0.017578125,0,0
1779626669.624981,-0.68359375,-0.115234375,0.158203125,0.00390625,-0.095703125,-0.017578125,0,0
1779626669.633019,-0.68359375,-0.115234375,0.15625,0.00390625,-0.095703125,-0.017578125,0,0
1779626669.641019,-0.68359375,-0.115234375,0.15625,0.00390625,-0.095703125,-0.015625,0,0
1779626669.649031,-0.68359375,-0.115234375,0.154296875,0.00390625,-0.095703125,-0.015625,0,0
1779626669.656960,-0.68359375,-0.115234375,0.154296875,0.00390625,-0.095703125,-0.015625,0,0
1779626669.664987,-0.68359375,-0.11328125,0.154296875,0.00390625,-0.095703125,-0.015625,0,0
1779626669.672987,-0.68359375,-0.11328125,0.154296875,0.00390625,-0.095703125,-0.015625,0,0
1779626669.680978,-0.68359375,-0.111328125,0.154296875,0.00390625,-0.095703125,-0.015625,0,0
1779626669.688970,-0.68359375,-0.111328125,0.154296875,0.00390625,-0.09375,-0.015625,0,0
1779626669.696985,-0.68359375,-0.111328125,0.15234375,0.00390625,-0.09375,-0.015625,0,0
1779626669.704983,-0.68359375,-0.111328125,0.15234375,0.00390625,-0.095703125,-0.015625,0,0
1779626669.713024,-0.68359375,-0.111328125,0.150390625,0.00390625,-0.095703125,-0.015625,0,0
1779626669.720921,-0.68359375,-0.111328125,0.150390625,0.00390625,-0.099609375,-0.013671875,0,0
1779626669.728975,-0.68359375,-0.111328125,0.142578125,0.00390625,-0.099609375,-0.013671875,0,0
1779626669.737003,-0.68359375,-0.111328125,0.142578125,0.00390625,-0.1015625,-0.01171875,0,0
1779626669.744981,-0.68359375,-0.107421875,0.138671875,0.00390625,-0.1015625,-0.01171875,0,0
1779626669.752967,-0.68359375,-0.107421875,0.138671875,0.00390625,-0.1015625,-0.0078125,0,0
1779626669.760999,-0.68359375,-0.103515625,0.134765625,0.00390625,-0.1015625,-0.0078125,0,0
1779626669.769001,-0.68359375,-0.103515625,0.134765625,0.00390625,-0.10546875,-0.0078125,0,0
1779626669.776964,-0.68359375,-0.099609375,0.1328125,0.00390625,-0.10546875,-0.0078125,0,0
1779626669.784952,-0.68359375,-0.099609375,0.1328125,0.00390625,-0.10546875,-0.005859375,0,0
1779626669.792973,-0.68359375,-0.095703125,0.125,0.00390625,-0.10546875,-0.005859375,0,0
1779626669.800978,-0.68359375,-0.095703125,0.125,0.00390625,-0.10546875,0.0,0,0
1779626669.808974,-0.68359375,-0.09375,0.119140625,0.00390625,-0.10546875,0.0,0,0
1779626669.817041,-0.68359375,-0.09375,0.119140625,0.00390625,-0.111328125,0.0,0,0
1779626669.824972,-0.68359375,-0.09375,0.115234375,0.00390625,-0.111328125,0.0,0,0
1779626669.833037,-0.68359375,-0.09375,0.115234375,0.00390625,-0.11328125,0.0,0,0
1779626669.841038,-0.68359375,-0.091796875,0.11328125,0.00390625,-0.11328125,0.0,0,0
1779626669.848988,-0.68359375,-0.091796875,0.11328125,0.00390625,-0.11328125,0.0,0,0
1779626669.856954,-0.68359375,-0.08984375,0.11328125,0.00390625,-0.11328125,0.0,0,0
1779626669.864962,-0.68359375,-0.08984375,0.11328125,0.00390625,-0.11328125,0.0,0,0
1779626669.872988,-0.68359375,-0.08984375,0.11328125,0.00390625,-0.11328125,0.0,0,0
1779626669.880956,-0.68359375,-0.08984375,0.11328125,0.00390625,-0.111328125,0.0,0,0
1779626669.888940,-0.68359375,-0.087890625,0.11328125,0.00390625,-0.111328125,0.0,0,0
1779626669.896963,-0.68359375,-0.087890625,0.11328125,0.00390625,-0.111328125,0.0,0,0
1779626669.904999,-0.68359375,-0.0859375,0.111328125,0.00390625,-0.111328125,0.0,0,0
1779626669.912981,-0.68359375,-0.0859375,0.111328125,0.00390625,-0.109375,0.0,0,0
1779626669.920954,-0.68359375,-0.0859375,0.111328125,0.00390625,-0.109375,0.0,0,0
1779626669.928971,-0.68359375,-0.0859375,0.111328125,0.00390625,-0.109375,0.0,0,0
1779626669.937020,-0.68359375,-0.083984375,0.111328125,0.00390625,-0.109375,0.0,0,0
1779626669.945041,-0.68359375,-0.083984375,0.111328125,0.00390625,-0.111328125,0.0,0,0
1779626669.952996,-0.68359375,-0.08203125,0.111328125,0.00390625,-0.111328125,0.0,0,0
1779626669.960944,-0.68359375,-0.08203125,0.111328125,0.00390625,-0.107421875,0.0,0,0
1779626669.968947,-0.68359375,-0.080078125,0.111328125,0.00390625,-0.107421875,0.0,0,0
1779626669.976924,-0.68359375,-0.080078125,0.111328125,0.00390625,-0.10546875,0.0,0,0
1779626669.984972,-0.68359375,-0.080078125,0.111328125,0.00390625,-0.10546875,0.0,0,0
1779626669.992965,-0.68359375,-0.080078125,0.111328125,0.00390625,-0.10546875,0.0,0,0
1779626670.000985,-0.68359375,-0.080078125,0.109375,0.00390625,-0.10546875,0.0,0,0
1779626670.008983,-0.68359375,-0.080078125,0.109375,0.00390625,-0.107421875,0.0,0,0
1779626670.016989,-0.68359375,-0.080078125,0.109375,0.00390625,-0.107421875,0.0,0,0
1779626670.024956,-0.68359375,-0.080078125,0.109375,0.00390625,-0.107421875,0.0,0,0
1779626670.032959,-0.68359375,-0.080078125,0.109375,0.00390625,-0.107421875,0.0,0,0
1779626670.041036,-0.68359375,-0.080078125,0.109375,0.00390625,-0.107421875,0.0,0,0
1779626670.049019,-0.68359375,-0.080078125,0.10546875,0.00390625,-0.107421875,0.0,0,0
1779626670.056943,-0.68359375,-0.080078125,0.10546875,0.00390625,-0.109375,0.0,0,0
1779626670.064953,-0.68359375,-0.080078125,0.107421875,0.00390625,-0.109375,0.0,0,0
1779626670.073034,-0.68359375,-0.080078125,0.107421875,0.00390625,-0.109375,0.0,0,0
1779626670.080981,-0.68359375,-0.080078125,0.107421875,0.00390625,-0.109375,0.0,0,0
1779626670.088930,-0.68359375,-0.080078125,0.107421875,0.00390625,-0.109375,0.0,0,0
1779626670.096956,-0.68359375,-0.080078125,0.107421875,0.00390625,-0.109375,0.0,0,0
1779626670.104964,-0.68359375,-0.080078125,0.107421875,0.00390625,-0.109375,0.0,0,0
1779626670.112989,-0.68359375,-0.080078125,0.10546875,0.00390625,-0.109375,0.0,0,0
1779626670.120981,-0.68359375,-0.080078125,0.10546875,0.00390625,-0.109375,0.0,0,0
1779626670.129021,-0.68359375,-0.078125,0.10546875,0.00390625,-0.109375,0.0,0,0
1779626670.137009,-0.68359375,-0.078125,0.10546875,0.00390625,-0.109375,0.0,0,0
1779626670.144963,-0.68359375,-0.076171875,0.10546875,0.00390625,-0.109375,0.0,0,0
1779626670.153014,-0.68359375,-0.076171875,0.10546875,0.00390625,-0.10546875,0.0,0,0
1779626670.160909,-0.68359375,-0.076171875,0.10546875,0.00390625,-0.10546875,0.0,0,0
1779626670.169000,-0.68359375,-0.076171875,0.10546875,0.00390625,-0.10546875,0.0,0,0
1779626670.184992,-0.68359375,-0.076171875,0.103515625,0.00390625,-0.10546875,0.0,0,0
1779626670.192981,-0.68359375,-0.076171875,0.103515625,0.00390625,-0.10546875,0.0,0,0
1779626670.200924,-0.68359375,-0.076171875,0.103515625,0.00390625,-0.10546875,0.0,0,0
1779626670.209007,-0.68359375,-0.076171875,0.103515625,0.00390625,-0.10546875,0.0,0,0
1779626670.217021,-0.68359375,-0.076171875,0.103515625,0.00390625,-0.10546875,0.0,0,0
1779626670.225037,-0.68359375,-0.076171875,0.103515625,0.00390625,-0.10546875,0.0,0,0
1779626670.233020,-0.68359375,-0.076171875,0.103515625,0.00390625,-0.10546875,0.0,0,0
1779626670.240962,-0.68359375,-0.076171875,0.103515625,0.00390625,-0.103515625,0.0,0,0
1779626670.249002,-0.68359375,-0.07421875,0.10546875,0.00390625,-0.103515625,0.0,0,0
1779626670.256914,-0.68359375,-0.07421875,0.10546875,0.00390625,-0.103515625,0.0,0,0
1779626670.264992,-0.68359375,-0.072265625,0.10546875,0.00390625,-0.103515625,0.0,0,0
1779626670.272953,-0.68359375,-0.072265625,0.10546875,0.00390625,-0.103515625,0.0,0,0
1779626670.280977,-0.68359375,-0.072265625,0.10546875,0.00390625,-0.103515625,0.0,0,0
1779626670.288985,-0.68359375,-0.072265625,0.10546875,0.00390625,-0.10546875,0.0,0,0
1779626670.296975,-0.68359375,-0.072265625,0.1015625,0.00390625,-0.10546875,0.0,0,0
1779626670.305019,-0.68359375,-0.072265625,0.1015625,0.00390625,-0.10546875,0.0,0,0
1779626670.312946,-0.68359375,-0.07421875,0.09765625,0.00390625,-0.10546875,0.0,0,0
1779626670.320908,-0.68359375,-0.07421875,0.09765625,0.00390625,-0.109375,0.0,0,0
1779626670.328968,-0.68359375,-0.06640625,0.078125,0.00390625,-0.109375,0.0,0,0
1779626670.336968,-0.68359375,-0.06640625,0.078125,0.00390625,-0.1171875,0.0,0,0
1779626670.344953,-0.68359375,-0.0546875,0.04296875,0.00390625,-0.1171875,0.0,0,0
1779626670.352961,-0.68359375,-0.0546875,0.04296875,0.00390625,-0.12890625,0.0,0,0
1779626670.360955,-0.68359375,-0.041015625,0.01171875,0.00390625,-0.12890625,0.0,0,0
1779626670.369007,-0.68359375,-0.041015625,0.01171875,0.00390625,-0.150390625,0.0,0,0
1779626670.376943,-0.68359375,-0.033203125,0.01171875,0.00390625,-0.150390625,0.0,0,0
1779626670.384955,-0.68359375,-0.033203125,0.01171875,0.033203125,-0.169921875,-0.0078125,0,0
1779626670.392958,-0.654296875,-0.0234375,0.01171875,0.033203125,-0.169921875,-0.0078125,0,0
1779626670.400976,-0.654296875,-0.0234375,0.01171875,0.048828125,-0.1796875,-0.01953125,0,0
1779626670.408989,-0.43359375,-0.0234375,0.099609375,0.048828125,-0.1796875,-0.01953125,0,0
1779626670.416908,-0.43359375,-0.0234375,0.099609375,0.03515625,-0.126953125,-0.01953125,0,0
1779626670.424980,-0.19921875,-0.0234375,0.126953125,0.03515625,-0.126953125,-0.01953125,0,0
1779626670.432992,-0.19921875,-0.0234375,0.126953125,0.064453125,-0.142578125,0.017578125,0,0
1779626670.440977,-0.03515625,-0.0234375,0.0546875,0.064453125,-0.142578125,0.017578125,0,0
1779626670.448979,-0.03515625,-0.0234375,0.0546875,0.064453125,-0.1015625,0.033203125,0,0
1779626670.456961,0.0234375,-0.0234375,0.0703125,0.064453125,-0.1015625,0.033203125,0,0
1779626670.465018,0.0234375,-0.0234375,0.0703125,0.064453125,0.021484375,0.033203125,0,0
1779626670.473025,0.0234375,-0.0234375,0.03515625,0.064453125,0.021484375,0.033203125,0,0
1779626670.497008,0.0234375,-0.0234375,0.03515625,0.064453125,-0.00390625,0.033203125,0,0
1779626670.504991,0.0,-0.0234375,0.03515625,0.064453125,-0.00390625,0.033203125,0,0
1779626670.513028,0.0,-0.0234375,0.03515625,0.064453125,0.013671875,0.033203125,0,0
1779626670.528982,0.0,-0.0234375,0.03515625,0.064453125,-0.01171875,0.033203125,0,0
1779626670.559020,0.0,0.0,0.0,0.0,0.0,0.0,0,0
1779626670.589962,0.0,0.0,0.0,0.0,0.0,0.0,0,0
1779626670.621008,0.0,0.0,0.0,0.0,0.0,0.0,0,0
1779626670.651988,0.0,0.0,0.0,0.0,0.0,0.0,0,0
1779626670.683008,0.0,0.0,0.0,0.0,0.0,0.0,0,0
1779626670.713936,0.0,0.0,0.0,0.0,0.0,0.0,0,0
1779626670.745023,0.0,0.0,0.0,0.0,0.0,0.0,0,0
1779626670.775966,0.0,0.0,0.0,0.0,0.0,0.0,0,0
1779626670.807005,0.0,0.0,0.0,0.0,0.0,0.0,0,0
1779626670.838046,0.0,0.0,0.0,0.0,0.0,0.0,0,0
1779626670.868979,0.0,0.0,0.0,0.0,0.0,0.0,0,0
1779626670.899953,0.0,0.0,0.0,0.0,0.0,0.0,0,0
1779626670.930915,0.0,0.0,0.0,0.0,0.0,0.0,0,0
1779626670.961952,0.0,0.0,0.0,0.0,0.0,0.0,0,0
1779626670.992927,0.0,0.0,0.0,0.0,0.0,0.0,0,0
1779626671.023961,0.0,0.0,0.0,0.0,0.0,0.0,0,0
1779626671.055033,0.0,0.0,0.0,0.0,0.0,0.0,0,0
1779626671.085987,0.0,0.0,0.0,0.0,0.0,0.0,0,0
1779626671.116999,0.0,0.0,0.0,0.0,0.0,0.0,0,0
1779626671.147992,0.0,0.0,0.0,0.0,0.0,0.0,0,0
1779626671.178974,0.0,0.0,0.0,0.0,0.0,0.0,0,0
1779626671.209945,0.0,0.0,0.0,0.0,0.0,0.0,0,0
1779626671.240957,0.0,0.0,0.0,0.0,0.0,0.0,0,0
1779626671.271957,0.0,0.0,0.0,0.0,0.0,0.0,0,0
1779626671.303002,0.0,0.0,0.0,0.0,0.0,0.0,0,0
1779626671.333998,0.0,0.0,0.0,0.0,0.0,0.0,0,0
1779626671.364953,0.0,0.0,0.0,0.0,0.0,0.0,0,0
1779626671.395982,0.0,0.0,0.0,0.0,0.0,0.0,0,0
1779626671.426973,0.0,0.0,0.0,0.0,0.0,0.0,0,0
1779626671.457978,0.0,0.0,0.0,0.0,0.0,0.0,0,0
1779626671.488959,0.0,0.0,0.0,0.0,0.0,0.0,0,0
1779626671.520046,0.0,0.0,0.0,0.0,0.0,0.0,0,0
1779626671.551013,0.0,0.0,0.0,0.0,0.0,0.0,0,0
1779626671.581990,0.0,0.0,0.0,0.0,0.0,0.0,0,0
1779626671.612959,0.0,0.0,0.0,0.0,0.0,0.0,0,0
1779626671.643983,0.0,0.0,0.0,0.0,0.0,0.0,0,0
1779626671.674921,0.0,0.0,0.0,0.0,0.0,0.0,0,0
1779626671.705956,0.0,0.0,0.0,0.0,0.0,0.0,0,0
1779626671.736977,0.0,0.0,0.0,0.0,0.0,0.0,0,0
1779626671.767954,0.0,0.0,0.0,0.0,0.0,0.0,0,0
1779626671.798997,0.0,0.0,0.0,0.0,0.0,0.0,0,0
1779626671.830038,0.0,0.0,0.0,0.0,0.0,0.0,0,0
1779626671.860968,0.0,0.0,0.0,0.0,0.0,0.0,0,0
1779626671.891973,0.0,0.0,0.0,0.0,0.0,0.0,0,0
1779626671.922937,0.0,0.0,0.0,0.0,0.0,0.0,0,0
1779626671.953959,0.0,0.0,0.0,0.0,0.0,0.0,0,0
1779626671.985004,0.0,0.0,0.0,0.0,0.0,0.0,0,0
1779626672.015974,0.0,0.0,0.0,0.0,0.0,0.0,0,0
1779626672.047032,0.0,0.0,0.0,0.0,0.0,0.0,0,0
1779626672.078015,0.0,0.0,0.0,0.0,0.0,0.0,0,0
1779626672.108993,0.0,0.0,0.0,0.0,0.0,0.0,0,0
1779626672.139973,0.0,0.0,0.0,0.0,0.0,0.0,0,0
1779626672.170991,0.0,0.0,0.0,0.0,0.0,0.0,0,0
1779626672.202049,0.0,0.0,0.0,0.0,0.0,0.0,0,0
1779626672.232991,0.0,0.0,0.0,0.0,0.0,0.0,0,0
1779626672.264030,0.0,0.0,0.0,0.0,0.0,0.0,0,0
1779626672.295031,0.0,0.0,0.0,0.0,0.0,0.0,0,0
1779626672.325982,0.0,0.0,0.0,0.0,0.0,0.0,0,0
1779626672.356981,0.0,0.0,0.0,0.0,0.0,0.0,0,0
1779626672.387984,0.0,0.0,0.0,0.0,0.0,0.0,0,0
1779626672.418952,0.0,0.0,0.0,0.0,0.0,0.0,0,0
1779626672.450040,0.0,0.0,0.0,0.0,0.0,0.0,0,0
1779626672.481005,0.0,0.0,0.0,0.0,0.0,0.0,0,0
1779626672.511992,0.0,0.0,0.0,0.0,0.0,0.0,0,0
1779626672.542979,0.0,0.0,0.0,0.0,0.0,0.0,0,0
1779626672.573997,0.0,0.0,0.0,0.0,0.0,0.0,0,0
1779626672.604948,0.0,0.0,0.0,0.0,0.0,0.0,0,0
1779626672.635991,0.0,0.0,0.0,0.0,0.0,0.0,0,0
1779626672.666983,0.0,0.0,0.0,0.0,0.0,0.0,0,0
1779626672.698025,0.0,0.0,0.0,0.0,0.0,0.0,0,0
1779626672.729061,0.0,0.0,0.0,0.0,0.0,0.0,0,0
1779626672.759999,0.0,0.0,0.0,0.0,0.0,0.0,0,0
1779626672.790960,0.0,0.0,0.0,0.0,0.0,0.0,0,0
1779626672.821995,0.0,0.0,0.0,0.0,0.0,0.0,0,0
1779626672.852964,0.0,0.0,0.0,0.0,0.0,0.0,0,0
1779626672.883965,0.0,0.0,0.0,0.0,0.0,0.0,0,0
1779626672.914966,0.0,0.0,0.0,0.0,0.0,0.0,0,0
1779626672.946020,0.0,0.0,0.0,0.0,0.0,0.0,0,0
1779626672.977000,0.0,0.0,0.0,0.0,0.0,0.0,0,0
1779626673.007960,0.0,0.0,0.0,0.0,0.0,0.0,0,0
1779626673.038968,0.0,0.0,0.0,0.0,0.0,0.0,0,0
1779626673.070040,0.0,0.0,0.0,0.0,0.0,0.0,0,0
1779626673.101010,0.0,0.0,0.0,0.0,0.0,0.0,0,0
1779626673.132017,0.0,0.0,0.0,0.0,0.0,0.0,0,0
1779626673.162928,0.0,0.0,0.0,0.0,0.0,0.0,0,0
1779626673.193969,0.0,0.0,0.0,0.0,0.0,0.0,0,0
1779626673.225020,0.0,0.0,0.0,0.0,0.0,0.0,0,0
1779626673.255959,0.0,0.0,0.0,0.0,0.0,0.0,0,0
1779626673.286983,0.0,0.0,0.0,0.0,0.0,0.0,0,0
1779626673.317973,0.0,0.0,0.0,0.0,0.0,0.0,0,0
1779626673.349029,0.0,0.0,0.0,0.0,0.0,0.0,0,0
1779626673.379949,0.0,0.0,0.0,0.0,0.0,0.0,0,0
1779626673.410969,0.0,0.0,0.0,0.0,0.0,0.0,0,0
1779626673.441951,0.0,0.0,0.0,0.0,0.0,0.0,0,0
1779626673.472978,0.0,0.0,0.0,0.0,0.0,0.0,0,0
1779626673.503922,0.0,0.0,0.0,0.0,0.0,0.0,0,0
1779626673.534928,0.0,0.0,0.0,0.0,0.0,0.0,0,0
1779626673.566036,0.0,0.0,0.0,0.0,0.0,0.0,0,0
1779626673.597023,0.0,0.0,0.0,0.0,0.0,0.0,0,0
1779626673.628035,0.0,0.0,0.0,0.0,0.0,0.0,0,0
1779626673.658952,0.0,0.0,0.0,0.0,0.0,0.0,0,0
1779626673.690054,0.0,0.0,0.0,0.0,0.0,0.0,0,0
1779626673.721009,0.0,0.0,0.0,0.0,0.0,0.0,0,0
1779626673.751949,0.0,0.0,0.0,0.0,0.0,0.0,0,0
1779626673.783078,0.0,0.0,0.0,0.0,0.0,0.0,0,0
1779626673.813995,0.0,0.0,0.0,0.0,0.0,0.0,0,0
1779626673.845040,0.0,0.0,0.0,0.0,0.0,0.0,0,0
1779626673.875982,0.0,0.0,0.0,0.0,0.0,0.0,0,0
1779626673.906983,0.0,0.0,0.0,0.0,0.0,0.0,0,0
1779626673.937985,0.0,0.0,0.0,0.0,0.0,0.0,0,0
1779626673.968947,0.0,0.0,0.0,0.0,0.0,0.0,0,0
1779626674.000006,0.0,0.0,0.0,0.0,0.0,0.0,0,0
1779626674.030988,0.0,0.0,0.0,0.0,0.0,0.0,0,0
1779626674.061985,0.0,0.0,0.0,0.0,0.0,0.0,0,0
1779626674.092947,0.0,0.0,0.0,0.0,0.0,0.0,0,0
1779626674.123944,0.0,0.0,0.0,0.0,0.0,0.0,0,0
1779626674.155005,0.0,0.0,0.0,0.0,0.0,0.0,0,0
1779626674.186000,0.0,0.0,0.0,0.0,0.0,0.0,0,0
1779626674.217047,0.0,0.0,0.0,0.0,0.0,0.0,0,0
1779626674.247994,0.0,0.0,0.0,0.0,0.0,0.0,0,0
1779626674.279002,0.0,0.0,0.0,0.0,0.0,0.0,0,0
1779626674.310010,0.0,0.0,0.0,0.0,0.0,0.0,0,0
1779626674.340981,0.0,0.0,0.0,0.0,0.0,0.0,0,0
1779626674.372007,0.0,0.0,0.0,0.0,0.0,0.0,0,0
1779626674.402962,0.0,0.0,0.0,0.0,0.0,0.0,0,0
1779626674.433981,0.0,0.0,0.0,0.0,0.0,0.0,0,0
1779626674.465022,0.0,0.0,0.0,0.0,0.0,0.0,0,0
1779626674.496001,0.0,0.0,0.0,0.0,0.0,0.0,0,0
1779626674.526970,0.0,0.0,0.0,0.0,0.0,0.0,0,0
1779626674.557914,0.0,0.0,0.0,0.0,0.0,0.0,0,0
1779626674.589032,0.0,0.0,0.0,0.0,0.0,0.0,0,0
1779626674.620027,0.0,0.0,0.0,0.0,0.0,0.0,0,0
1779626674.650992,0.0,0.0,0.0,0.0,0.0,0.0,0,0
1779626674.681997,0.0,0.0,0.0,0.0,0.0,0.0,0,0
1779626674.712984,0.0,0.0,0.0,0.0,0.0,0.0,0,0
1779626674.743987,0.0,0.0,0.0,0.0,0.0,0.0,0,0
1779626674.774977,0.0,0.0,0.0,0.0,0.0,0.0,0,0
1779626674.805986,0.0,0.0,0.0,0.0,0.0,0.0,0,0
1779626674.837017,0.0,0.0,0.0,0.0,0.0,0.0,0,0
1779626674.867982,0.0,0.0,0.0,0.0,0.0,0.0,0,0
1779626674.898980,0.0,0.0,0.0,0.0,0.0,0.0,0,0
1779626674.930000,0.0,0.0,0.0,0.0,0.0,0.0,0,0
1779626674.960969,0.0,0.0,0.0,0.0,0.0,0.0,0,0
1779626674.991965,0.0,0.0,0.0,0.0,0.0,0.0,0,0
1779626675.023030,0.0,0.0,0.0,0.0,0.0,0.0,0,0
1779626675.054040,0.0,0.0,0.0,0.0,0.0,0.0,0,0
1779626675.084970,0.0,0.0,0.0,0.0,0.0,0.0,0,0
1779626675.116006,0.0,0.0,0.0,0.0,0.0,0.0,0,0
1779626675.146979,0.0,0.0,0.0,0.0,0.0,0.0,0,0
1779626675.178021,0.0,0.0,0.0,0.0,0.0,0.0,0,0
1779626675.208966,0.0,0.0,0.0,0.0,0.0,0.0,0,0
1779626675.239989,0.0,0.0,0.0,0.0,0.0,0.0,0,0
1779626675.271043,0.0,0.0,0.0,0.0,0.0,0.0,0,0
1779626675.301990,0.0,0.0,0.0,0.0,0.0,0.0,0,0
1779626675.332941,0.0,0.0,0.0,0.0,0.0,0.0,0,0
1779626675.364002,0.0,0.0,0.0,0.0,0.0,0.0,0,0
1779626675.395010,0.0,0.0,0.0,0.0,0.0,0.0,0,0
1779626675.425960,0.0,0.0,0.0,0.0,0.0,0.0,0,0
1779626675.456939,0.0,0.0,0.0,0.0,0.0,0.0,0,0
1779626675.487997,0.0,0.0,0.0,0.0,0.0,0.0,0,0
1779626675.519049,0.0,0.0,0.0,0.0,0.0,0.0,0,0
1779626675.550021,0.0,0.0,0.0,0.0,0.0,0.0,0,0
1779626675.580994,0.0,0.0,0.0,0.0,0.0,0.0,0,0
1779626675.611974,0.0,0.0,0.0,0.0,0.0,0.0,0,0
1779626675.643036,0.0,0.0,0.0,0.0,0.0,0.0,0,0
1779626675.674050,0.0,0.0,0.0,0.0,0.0,0.0,0,0
1779626675.704985,0.0,0.0,0.0,0.0,0.0,0.0,0,0
1779626675.736018,0.0,0.0,0.0,0.0,0.0,0.0,0,0
1779626675.766960,0.0,0.0,0.0,0.0,0.0,0.0,0,0
1779626675.798006,0.0,0.0,0.0,0.0,0.0,0.0,0,0
1779626675.828978,0.0,0.0,0.0,0.0,0.0,0.0,0,0
1779626675.859960,0.0,0.0,0.0,0.0,0.0,0.0,0,0
1779626675.890969,0.0,0.0,0.0,0.0,0.0,0.0,0,0
1779626675.922022,0.0,0.0,0.0,0.0,0.0,0.0,0,0
1779626675.953003,0.0,0.0,0.0,0.0,0.0,0.0,0,0
1779626675.983996,0.0,0.0,0.0,0.0,0.0,0.0,0,0
1779626676.015021,0.0,0.0,0.0,0.0,0.0,0.0,0,0
1779626676.046095,0.0,0.0,0.0,0.0,0.0,0.0,0,0
1779626676.076996,0.0,0.0,0.0,0.0,0.0,0.0,0,0
1779626676.108036,0.0,0.0,0.0,0.0,0.0,0.0,0,0
1779626676.138975,0.0,0.0,0.0,0.0,0.0,0.0,0,0
1779626676.169989,0.0,0.0,0.0,0.0,0.0,0.0,0,0
1779626676.201031,0.0,0.0,0.0,0.0,0.0,0.0,0,0
1779626676.231987,0.0,0.0,0.0,0.0,0.0,0.0,0,0
1779626676.263023,0.0,0.0,0.0,0.0,0.0,0.0,0,0
1779626676.294025,0.0,0.0,0.0,0.0,0.0,0.0,0,0
1779626676.324990,0.0,0.0,0.0,0.0,0.0,0.0,0,0
1779626676.355949,0.0,0.0,0.0,0.0,0.0,0.0,0,0
1779626676.386981,0.0,0.0,0.0,0.0,0.0,0.0,0,0
1779626676.417976,0.0,0.0,0.0,0.0,0.0,0.0,0,0
1779626676.448942,0.0,0.0,0.0,0.0,0.0,0.0,0,0
1779626676.480026,0.0,0.0,0.0,0.0,0.0,0.0,0,0
1779626676.510937,0.0,0.0,0.0,0.0,0.0,0.0,0,0
1779626676.541975,0.0,0.0,0.0,0.0,0.0,0.0,0,0
1779626676.572977,0.0,0.0,0.0,0.0,0.0,0.0,0,0
1779626676.603928,0.0,0.0,0.0,0.0,0.0,0.0,0,0
1779626676.634945,0.0,0.0,0.0,0.0,0.0,0.0,0,0
1779626676.666003,0.0,0.0,0.0,0.0,0.0,0.0,0,0
1779626676.696964,0.0,0.0,0.0,0.0,0.0,0.0,0,0
1779626676.727948,0.0,0.0,0.0,0.0,0.0,0.0,0,0
1779626676.758939,0.0,0.0,0.0,0.0,0.0,0.0,0,0
1779626676.789997,0.0,0.0,0.0,0.0,0.0,0.0,0,0
1779626676.821018,0.0,0.0,0.0,0.0,0.0,0.0,0,0
1779626676.851974,0.0,0.0,0.0,0.0,0.0,0.0,0,0
1779626676.882928,0.0,0.0,0.0,0.0,0.0,0.0,0,0
1779626676.913968,0.0,0.0,0.0,0.0,0.0,0.0,0,0
1779626676.945002,0.0,0.0,0.0,0.0,0.0,0.0,0,0
1779626676.976011,0.0,0.0,0.0,0.0,0.0,0.0,0,0
1779626677.007045,0.0,0.0,0.0,0.0,0.0,0.0,0,0
1779626677.037953,0.0,0.0,0.0,0.0,0.0,0.0,0,0
1779626677.068945,0.0,0.0,0.0,0.0,0.0,0.0,0,0
1779626677.099960,0.0,0.0,0.0,0.0,0.0,0.0,0,0
1779626677.130965,0.0,0.0,0.0,0.0,0.0,0.0,0,0
1779626677.161991,0.0,0.0,0.0,0.0,0.0,0.0,0,0
1779626677.192996,0.0,0.0,0.0,0.0,0.0,0.0,0,0
1779626677.224072,0.0,0.0,0.0,0.0,0.0,0.0,0,0
1779626677.255007,0.0,0.0,0.0,0.0,0.0,0.0,0,0
1779626677.285994,0.0,0.0,0.0,0.0,0.0,0.0,0,0
1779626677.316985,0.0,0.0,0.0,0.0,0.0,0.0,0,0
1779626677.348028,0.0,0.0,0.0,0.0,0.0,0.0,0,0
1779626677.379019,0.0,0.0,0.0,0.0,0.0,0.0,0,0
1779626677.409969,0.0,0.0,0.0,0.0,0.0,0.0,0,0
1779626677.440931,0.0,0.0,0.0,0.0,0.0,0.0,0,0
1779626677.471995,0.0,0.0,0.0,0.0,0.0,0.0,0,0
1779626677.502975,0.0,0.0,0.0,0.0,0.0,0.0,0,0
1779626677.534023,0.0,0.0,0.0,0.0,0.0,0.0,0,0
1779626677.565039,0.0,0.0,0.0,0.0,0.0,0.0,0,0
1779626677.596009,0.0,0.0,0.0,0.0,0.0,0.0,0,0
1779626677.626967,0.0,0.0,0.0,0.0,0.0,0.0,0,0
1779626677.658022,0.0,0.0,0.0,0.0,0.0,0.0,0,0
1779626677.689016,0.0,0.0,0.0,0.0,0.0,0.0,0,0
1779626677.720000,0.0,0.0,0.0,0.0,0.0,0.0,0,0
1779626677.750981,0.0,0.0,0.0,0.0,0.0,0.0,0,0
1779626677.781967,0.0,0.0,0.0,0.0,0.0,0.0,0,0
1779626677.813012,0.0,0.0,0.0,0.0,0.0,0.0,0,0
1779626677.843987,0.0,0.0,0.0,0.0,0.0,0.0,0,0
1779626677.875031,0.0,0.0,0.0,0.0,0.0,0.0,0,0
1779626677.906024,0.0,0.0,0.0,0.0,0.0,0.0,0,0
1779626677.936999,0.0,0.0,0.0,0.0,0.0,0.0,0,0
1779626677.967993,0.0,0.0,0.0,0.0,0.0,0.0,0,0
1779626677.998968,0.0,0.0,0.0,0.0,0.0,0.0,0,0
1779626678.030023,0.0,0.0,0.0,0.0,0.0,0.0,0,0
1779626678.060988,0.0,0.0,0.0,0.0,0.0,0.0,0,0
1779626678.091985,0.0,0.0,0.0,0.0,0.0,0.0,0,0
1779626678.122987,0.0,0.0,0.0,0.0,0.0,0.0,0,0
1779626678.154000,0.0,0.0,0.0,0.0,0.0,0.0,0,0
1779626678.184979,0.0,0.0,0.0,0.0,0.0,0.0,0,0
1779626678.216001,0.0,0.0,0.0,0.0,0.0,0.0,0,0
1779626678.246934,0.0,0.0,0.0,0.0,0.0,0.0,0,0
1779626678.277988,0.0,0.0,0.0,0.0,0.0,0.0,0,0
1779626678.308983,0.0,0.0,0.0,0.0,0.0,0.0,0,0
1779626678.339927,0.0,0.0,0.0,0.0,0.0,0.0,0,0
1779626678.371026,0.0,0.0,0.0,0.0,0.0,0.0,0,0
1779626678.401981,0.0,0.0,0.0,0.0,0.0,0.0,0,0
1779626678.432945,0.0,0.0,0.0,0.0,0.0,0.0,0,0
1779626678.464010,0.0,0.0,0.0,0.0,0.0,0.0,0,0
1779626678.495019,0.0,0.0,0.0,0.0,0.0,0.0,0,0
1779626678.525970,0.0,0.0,0.0,0.0,0.0,0.0,0,0
1779626678.556986,0.0,0.0,0.0,0.0,0.0,0.0,0,0
1779626678.588014,0.0,0.0,0.0,0.0,0.0,0.0,0,0
1779626678.618995,0.0,0.0,0.0,0.0,0.0,0.0,0,0
1779626678.650048,0.0,0.0,0.0,0.0,0.0,0.0,0,0
1779626678.680998,0.0,0.0,0.0,0.0,0.0,0.0,0,0
1779626678.712039,0.0,0.0,0.0,0.0,0.0,0.0,0,0
1779626678.742981,0.0,0.0,0.0,0.0,0.0,0.0,0,0
1779626678.773975,0.0,0.0,0.0,0.0,0.0,0.0,0,0
1779626678.804993,0.0,0.0,0.0,0.0,0.0,0.0,0,0
1779626678.835952,0.0,0.0,0.0,0.0,0.0,0.0,0,0
1779626678.866988,0.0,0.0,0.0,0.0,0.0,0.0,0,0
1779626678.897944,0.0,0.0,0.0,0.0,0.0,0.0,0,0
1779626678.928925,0.0,0.0,0.0,0.0,0.0,0.0,0,0
1779626678.959927,0.0,0.0,0.0,0.0,0.0,0.0,0,0
1779626678.990973,0.0,0.0,0.0,0.0,0.0,0.0,0,0
1779626679.021991,0.0,0.0,0.0,0.0,0.0,0.0,0,0
1779626679.053004,0.0,0.0,0.0,0.0,0.0,0.0,0,0
1779626679.083977,0.0,0.0,0.0,0.0,0.0,0.0,0,0
1779626679.115023,0.0,0.0,0.0,0.0,0.0,0.0,0,0
1779626679.145977,0.0,0.0,0.0,0.0,0.0,0.0,0,0
1779626679.177017,0.0,0.0,0.0,0.0,0.0,0.0,0,0
1779626679.208047,0.0,0.0,0.0,0.0,0.0,0.0,0,0
1779626679.239053,0.0,0.0,0.0,0.0,0.0,0.0,0,0
1779626679.269998,0.0,0.0,0.0,0.0,0.0,0.0,0,0
1779626679.301014,0.0,0.0,0.0,0.0,0.0,0.0,0,0
1779626679.332034,0.0,0.0,0.0,0.0,0.0,0.0,0,0
1779626679.362976,0.0,0.0,0.0,0.0,0.0,0.0,0,0
1779626679.393990,0.0,0.0,0.0,0.0,0.0,0.0,0,0
1779626679.425046,0.0,0.0,0.0,0.0,0.0,0.0,0,0
1779626679.455984,0.0,0.0,0.0,0.0,0.0,0.0,0,0
1779626679.487032,0.0,0.0,0.0,0.0,0.0,0.0,0,0
1779626679.518009,0.0,0.0,0.0,0.0,0.0,0.0,0,0
1779626679.549016,0.0,0.0,0.0,0.0,0.0,0.0,0,0
1779626679.580002,0.0,0.0,0.0,0.0,0.0,0.0,0,0
1779626679.610997,0.0,0.0,0.0,0.0,0.0,0.0,0,0
1779626679.641976,0.0,0.0,0.0,0.0,0.0,0.0,0,0
1779626679.672953,0.0,0.0,0.0,0.0,0.0,0.0,0,0
1779626679.703988,0.0,0.0,0.0,0.0,0.0,0.0,0,0
1779626679.734990,0.0,0.0,0.0,0.0,0.0,0.0,0,0
1779626679.765985,0.0,0.0,0.0,0.0,0.0,0.0,0,0
1779626679.796986,0.0,0.0,0.0,0.0,0.0,0.0,0,0
1779626679.827981,0.0,0.0,0.0,0.0,0.0,0.0,0,0
1779626679.858984,0.0,0.0,0.0,0.0,0.0,0.0,0,0
1779626679.890008,0.0,0.0,0.0,0.0,0.0,0.0,0,0
1779626679.921053,0.0,0.0,0.0,0.0,0.0,0.0,0,0
1779626679.951961,0.0,0.0,0.0,0.0,0.0,0.0,0,0
1779626679.982928,0.0,0.0,0.0,0.0,0.0,0.0,0,0
1779626680.013931,0.0,0.0,0.0,0.0,0.0,0.0,0,0
1779626680.045002,0.0,0.0,0.0,0.0,0.0,0.0,0,0
1779626680.076007,0.0,0.0,0.0,0.0,0.0,0.0,0,0
1779626680.106984,0.0,0.0,0.0,0.0,0.0,0.0,0,0
1779626680.138019,0.0,0.0,0.0,0.0,0.0,0.0,0,0
1779626680.168975,0.0,0.0,0.0,0.0,0.0,0.0,0,0
1779626680.200000,0.0,0.0,0.0,0.0,0.0,0.0,0,0
1779626680.230998,0.0,0.0,0.0,0.0,0.0,0.0,0,0
1779626680.261996,0.0,0.0,0.0,0.0,0.0,0.0,0,0
1779626680.293013,0.0,0.0,0.0,0.0,0.0,0.0,0,0
1779626680.324013,0.0,0.0,0.0,0.0,0.0,0.0,0,0
1779626680.355036,0.0,0.0,0.0,0.0,0.0,0.0,0,0
1779626680.385978,0.0,0.0,0.0,0.0,0.0,0.0,0,0
1779626680.417029,0.0,0.0,0.0,0.0,0.0,0.0,0,0
1779626680.448043,0.0,0.0,0.0,0.0,0.0,0.0,0,0
1779626680.479035,0.0,0.0,0.0,0.0,0.0,0.0,0,0
1779626680.510034,0.0,0.0,0.0,0.0,0.0,0.0,0,0
1779626680.541053,0.0,0.0,0.0,0.0,0.0,0.0,0,0
1779626680.572006,0.0,0.0,0.0,0.0,0.0,0.0,0,0
1779626680.603006,0.0,0.0,0.0,0.0,0.0,0.0,0,0
1779626680.634023,0.0,0.0,0.0,0.0,0.0,0.0,0,0
1779626680.664978,0.0,0.0,0.0,0.0,0.0,0.0,0,0
1779626680.695957,0.0,0.0,0.0,0.0,0.0,0.0,0,0
1779626680.726951,0.0,0.0,0.0,0.0,0.0,0.0,0,0
1779626680.757960,0.0,0.0,0.0,0.0,0.0,0.0,0,0
1779626680.789007,0.0,0.0,0.0,0.0,0.0,0.0,0,0
1779626680.819962,0.0,0.0,0.0,0.0,0.0,0.0,0,0
1779626680.851076,0.0,0.0,0.0,0.0,0.0,0.0,0,0
1779626680.881989,0.0,0.0,0.0,0.0,0.0,0.0,0,0
1779626680.913002,0.0,0.0,0.0,0.0,0.0,0.0,0,0
1779626680.944011,0.0,0.0,0.0,0.0,0.0,0.0,0,0
1779626680.974977,0.0,0.0,0.0,0.0,0.0,0.0,0,0
1779626681.006022,0.0,0.0,0.0,0.0,0.0,0.0,0,0
1779626681.037021,0.0,0.0,0.0,0.0,0.0,0.0,0,0
1779626681.067998,0.0,0.0,0.0,0.0,0.0,0.0,0,0
1779626681.099011,0.0,0.0,0.0,0.0,0.0,0.0,0,0
1779626681.130064,0.0,0.0,0.0,0.0,0.0,0.0,0,0
1779626681.160997,0.0,0.0,0.0,0.0,0.0,0.0,0,0
1779626681.192052,0.0,0.0,0.0,0.0,0.0,0.0,0,0
1779626681.222998,0.0,0.0,0.0,0.0,0.0,0.0,0,0
1779626681.253998,0.0,0.0,0.0,0.0,0.0,0.0,0,0
1779626681.284966,0.0,0.0,0.0,0.0,0.0,0.0,0,0
1779626681.315977,0.0,0.0,0.0,0.0,0.0,0.0,0,0
1779626681.347075,0.0,0.0,0.0,0.0,0.0,0.0,0,0
1779626681.377978,0.0,0.0,0.0,0.0,0.0,0.0,0,0
1779626681.409010,0.0,0.0,0.0,0.0,0.0,0.0,0,0
1779626681.440010,0.0,0.0,0.0,0.0,0.0,0.0,0,0
1779626681.470972,0.0,0.0,0.0,0.0,0.0,0.0,0,0
1779626681.501979,0.0,0.0,0.0,0.0,0.0,0.0,0,0
1779626681.533179,0.0,0.0,0.0,0.0,0.0,0.0,0,0
1779626681.564013,0.0,0.0,0.0,0.0,0.0,0.0,0,0
1779626681.595016,0.0,0.0,0.0,0.0,0.0,0.0,0,0
1779626681.626021,0.0,0.0,0.0,0.0,0.0,0.0,0,0
1779626681.656980,0.0,0.0,0.0,0.0,0.0,0.0,0,0
1779626681.688019,0.0,0.0,0.0,0.0,0.0,0.0,0,0
1779626681.718995,0.0,0.0,0.0,0.0,0.0,0.0,0,0
1779626681.749976,0.0,0.0,0.0,0.0,0.0,0.0,0,0
1779626681.781044,0.0,0.0,0.0,0.0,0.0,0.0,0,0
1779626681.811989,0.0,0.0,0.0,0.0,0.0,0.0,0,0
1779626681.842981,0.0,0.0,0.0,0.0,0.0,0.0,0,0
1779626681.874045,0.0,0.0,0.0,0.0,0.0,0.0,0,0
1779626681.904991,0.0,0.0,0.0,0.0,0.0,0.0,0,0
1779626681.936020,0.0,0.0,0.0,0.0,0.0,0.0,0,0
1779626681.967014,0.0,0.0,0.0,0.0,0.0,0.0,0,0
1779626681.998012,0.0,0.0,0.0,0.0,0.0,0.0,0,0
1779626682.029025,0.0,0.0,0.0,0.0,0.0,0.0,0,0
1779626682.059966,0.0,0.0,0.0,0.0,0.0,0.0,0,0
1779626682.090997,0.0,0.0,0.0,0.0,0.0,0.0,0,0
1779626682.121974,0.0,0.0,0.0,0.0,0.0,0.0,0,0
1779626682.152979,0.0,0.0,0.0,0.0,0.0,0.0,0,0
1779626682.183944,0.0,0.0,0.0,0.0,0.0,0.0,0,0
1779626682.215002,0.0,0.0,0.0,0.0,0.0,0.0,0,0
1779626682.245977,0.0,0.0,0.0,0.0,0.0,0.0,0,0
1779626682.276925,0.0,0.0,0.0,0.0,0.0,0.0,0,0
1779626682.307974,0.0,0.0,0.0,0.0,0.0,0.0,0,0
1779626682.338999,0.0,0.0,0.0,0.0,0.0,0.0,0,0
1779626682.370021,0.0,0.0,0.0,0.0,0.0,0.0,0,0
1779626682.400980,0.0,0.0,0.0,0.0,0.0,0.0,0,0
1779626682.431985,0.0,0.0,0.0,0.0,0.0,0.0,0,0
1779626682.463003,0.0,0.0,0.0,0.0,0.0,0.0,0,0
1779626682.494023,0.0,0.0,0.0,0.0,0.0,0.0,0,0
1779626682.524991,0.0,0.0,0.0,0.0,0.0,0.0,0,0
1779626682.555992,0.0,0.0,0.0,0.0,0.0,0.0,0,0
1779626682.586991,0.0,0.0,0.0,0.0,0.0,0.0,0,0
1779626682.618013,0.0,0.0,0.0,0.0,0.0,0.0,0,0
1779626682.648978,0.0,0.0,0.0,0.0,0.0,0.0,0,0
1779626682.680127,0.0,0.0,0.0,0.0,0.0,0.0,0,0
1779626682.710978,0.0,0.0,0.0,0.0,0.0,0.0,0,0
1779626682.742038,0.0,0.0,0.0,0.0,0.0,0.0,0,0
1779626682.773089,0.0,0.0,0.0,0.0,0.0,0.0,0,0
1779626682.803998,0.0,0.0,0.0,0.0,0.0,0.0,0,0
1779626682.835006,0.0,0.0,0.0,0.0,0.0,0.0,0,0
1779626682.866043,0.0,0.0,0.0,0.0,0.0,0.0,0,0
1779626682.896970,0.0,0.0,0.0,0.0,0.0,0.0,0,0
1779626682.927962,0.0,0.0,0.0,0.0,0.0,0.0,0,0
1779626682.959018,0.0,0.0,0.0,0.0,0.0,0.0,0,0
1779626682.989990,0.0,0.0,0.0,0.0,0.0,0.0,0,0
1779626683.021012,0.0,0.0,0.0,0.0,0.0,0.0,0,0
1779626683.052053,0.0,0.0,0.0,0.0,0.0,0.0,0,0
1779626683.083006,0.0,0.0,0.0,0.0,0.0,0.0,0,0
1779626683.114014,0.0,0.0,0.0,0.0,0.0,0.0,0,0
1779626683.144963,0.0,0.0,0.0,0.0,0.0,0.0,0,0
1779626683.175994,0.0,0.0,0.0,0.0,0.0,0.0,0,0
1779626683.207029,0.0,0.0,0.0,0.0,0.0,0.0,0,0
1779626683.238007,0.0,0.0,0.0,0.0,0.0,0.0,0,0
1779626683.268995,0.0,0.0,0.0,0.0,0.0,0.0,0,0
1779626683.300044,0.0,0.0,0.0,0.0,0.0,0.0,0,0
1779626683.330991,0.0,0.0,0.0,0.0,0.0,0.0,0,0
1779626683.362028,0.0,0.0,0.0,0.0,0.0,0.0,0,0
1779626683.393016,0.0,0.0,0.0,0.0,0.0,0.0,0,0
1779626683.423998,0.0,0.0,0.0,0.0,0.0,0.0,0,0
1779626683.455012,0.0,0.0,0.0,0.0,0.0,0.0,0,0
1779626683.485991,0.0,0.0,0.0,0.0,0.0,0.0,0,0
1779626683.516990,0.0,0.0,0.0,0.0,0.0,0.0,0,0
1779626683.548001,0.0,0.0,0.0,0.0,0.0,0.0,0,0
1779626683.579010,0.0,0.0,0.0,0.0,0.0,0.0,0,0
1779626683.609991,0.0,0.0,0.0,0.0,0.0,0.0,0,0
1779626683.641069,0.0,0.0,0.0,0.0,0.0,0.0,0,0
1779626683.671993,0.0,0.0,0.0,0.0,0.0,0.0,0,0
1779626683.703037,0.0,0.0,0.0,0.0,0.0,0.0,0,0
1779626683.734086,0.0,0.0,0.0,0.0,0.0,0.0,0,0
1779626683.764980,0.0,0.0,0.0,0.0,0.0,0.0,0,0
1779626683.795999,0.0,0.0,0.0,0.0,0.0,0.0,0,0
1779626683.827020,0.0,0.0,0.0,0.0,0.0,0.0,0,0
1779626683.858034,0.0,0.0,0.0,0.0,0.0,0.0,0,0
1779626683.889022,0.0,0.0,0.0,0.0,0.0,0.0,0,0
1779626683.920035,0.0,0.0,0.0,0.0,0.0,0.0,0,0
1779626683.951016,0.0,0.0,0.0,0.0,0.0,0.0,0,0
1779626683.982044,0.0,0.0,0.0,0.0,0.0,0.0,0,0
1779626684.013002,0.0,0.0,0.0,0.0,0.0,0.0,0,0
1779626684.043999,0.0,0.0,0.0,0.0,0.0,0.0,0,0
1779626684.075027,0.0,0.0,0.0,0.0,0.0,0.0,0,0
1779626684.105993,0.0,0.0,0.0,0.0,0.0,0.0,0,0
1779626684.136987,0.0,0.0,0.0,0.0,0.0,0.0,0,0
1779626684.168002,0.0,0.0,0.0,0.0,0.0,0.0,0,0
1779626684.198983,0.0,0.0,0.0,0.0,0.0,0.0,0,0
1779626684.229965,0.0,0.0,0.0,0.0,0.0,0.0,0,0
1779626684.261037,0.0,0.0,0.0,0.0,0.0,0.0,0,0
1779626684.292057,0.0,0.0,0.0,0.0,0.0,0.0,0,0
1779626684.322979,0.0,0.0,0.0,0.0,0.0,0.0,0,0
1779626684.354042,0.0,0.0,0.0,0.0,0.0,0.0,0,0
1779626684.385040,0.0,0.0,0.0,0.0,0.0,0.0,0,0
1779626684.415972,0.0,0.0,0.0,0.0,0.0,0.0,0,0
1779626684.446982,0.0,0.0,0.0,0.0,0.0,0.0,0,0
1779626684.478009,0.0,0.0,0.0,0.0,0.0,0.0,0,0
1779626684.509022,0.0,0.0,0.0,0.0,0.0,0.0,0,0
1779626684.540097,0.0,0.0,0.0,0.0,0.0,0.0,0,0
1779626684.571003,0.0,0.0,0.0,0.0,0.0,0.0,0,0
1779626684.601984,0.0,0.0,0.0,0.0,0.0,0.0,0,0
1779626684.633004,0.0,0.0,0.0,0.0,0.0,0.0,0,0
1779626684.663989,0.0,0.0,0.0,0.0,0.0,0.0,0,0
1779626684.695052,0.0,0.0,0.0,0.0,0.0,0.0,0,0
1779626684.725989,0.0,0.0,0.0,0.0,0.0,0.0,0,0
1779626684.757010,0.0,0.0,0.0,0.0,0.0,0.0,0,0
1779626684.788033,0.0,0.0,0.0,0.0,0.0,0.0,0,0
1779626684.819051,0.0,0.0,0.0,0.0,0.0,0.0,0,0
1779626684.850056,0.0,0.0,0.0,0.0,0.0,0.0,0,0
1779626684.881077,0.0,0.0,0.0,0.0,0.0,0.0,0,0
1779626684.912070,0.0,0.0,0.0,0.0,0.0,0.0,0,0
1779626684.943070,0.0,0.0,0.0,0.0,0.0,0.0,0,0
1779626684.974018,0.0,0.0,0.0,0.0,0.0,0.0,0,0
1779626685.005017,0.0,0.0,0.0,0.0,0.0,0.0,0,0
1779626685.036000,0.0,0.0,0.0,0.0,0.0,0.0,0,0
1779626685.067050,0.0,0.0,0.0,0.0,0.0,0.0,0,0
1779626685.097987,0.0,0.0,0.0,0.0,0.0,0.0,0,0
1779626685.128985,0.0,0.0,0.0,0.0,0.0,0.0,0,0
1779626685.160057,0.0,0.0,0.0,0.0,0.0,0.0,0,0
1779626685.190983,0.0,0.0,0.0,0.0,0.0,0.0,0,0
1779626685.221975,0.0,0.0,0.0,0.0,0.0,0.0,0,0
1779626685.252974,0.0,0.0,0.0,0.0,0.0,0.0,0,0
1779626685.284022,0.0,0.0,0.0,0.0,0.0,0.0,0,0
1779626685.315032,0.0,0.0,0.0,0.0,0.0,0.0,0,0
1779626685.346002,0.0,0.0,0.0,0.0,0.0,0.0,0,0
1779626685.377064,0.0,0.0,0.0,0.0,0.0,0.0,0,0
1779626685.407963,0.0,0.0,0.0,0.0,0.0,0.0,0,0
1779626685.439040,0.0,0.0,0.0,0.0,0.0,0.0,0,0
1779626685.469974,0.0,0.0,0.0,0.0,0.0,0.0,0,0
1779626685.501068,0.0,0.0,0.0,0.0,0.0,0.0,0,0
1779626685.531977,0.0,0.0,0.0,0.0,0.0,0.0,0,0
1779626685.563011,0.0,0.0,0.0,0.0,0.0,0.0,0,0
1779626685.594010,0.0,0.0,0.0,0.0,0.0,0.0,0,0
1779626685.624993,0.0,0.0,0.0,0.0,0.0,0.0,0,0
1779626685.655954,0.0,0.0,0.0,0.0,0.0,0.0,0,0
1779626685.686989,0.0,0.0,0.0,0.0,0.0,0.0,0,0
1779626685.718035,0.0,0.0,0.0,0.0,0.0,0.0,0,0
1779626685.749015,0.0,0.0,0.0,0.0,0.0,0.0,0,0
1779626685.780012,0.0,0.0,0.0,0.0,0.0,0.0,0,0
1779626685.811017,0.0,0.0,0.0,0.0,0.0,0.0,0,0
1779626685.842054,0.0,0.0,0.0,0.0,0.0,0.0,0,0
1779626685.873017,0.0,0.0,0.0,0.0,0.0,0.0,0,0
1779626685.903973,0.0,0.0,0.0,0.0,0.0,0.0,0,0
1779626685.934996,0.0,0.0,0.0,0.0,0.0,0.0,0,0
1779626685.966019,0.0,0.0,0.0,0.0,0.0,0.0,0,0
1779626685.996996,0.0,0.0,0.0,0.0,0.0,0.0,0,0
1779626686.028038,0.0,0.0,0.0,0.0,0.0,0.0,0,0
1779626686.059037,0.0,0.0,0.0,0.0,0.0,0.0,0,0
1779626686.090019,0.0,0.0,0.0,0.0,0.0,0.0,0,0
1779626686.121032,0.0,0.0,0.0,0.0,0.0,0.0,0,0
1779626686.151991,0.0,0.0,0.0,0.0,0.0,0.0,0,0
1779626686.183023,0.0,0.0,0.0,0.0,0.0,0.0,0,0
1779626686.214022,0.0,0.0,0.0,0.0,0.0,0.0,0,0
1779626686.245049,0.0,0.0,0.0,0.0,0.0,0.0,0,0
1779626686.276086,0.0,0.0,0.0,0.0,0.0,0.0,0,0
1779626686.307061,0.0,0.0,0.0,0.0,0.0,0.0,0,0
1779626686.338046,0.0,0.0,0.0,0.0,0.0,0.0,0,0
1779626686.368980,0.0,0.0,0.0,0.0,0.0,0.0,0,0
1779626686.399963,0.0,0.0,0.0,0.0,0.0,0.0,0,0
1779626686.431027,0.0,0.0,0.0,0.0,0.0,0.0,0,0
1779626686.462022,0.0,0.0,0.0,0.0,0.0,0.0,0,0
1779626686.493007,0.0,0.0,0.0,0.0,0.0,0.0,0,0
1779626686.523956,0.0,0.0,0.0,0.0,0.0,0.0,0,0
1779626686.555051,0.0,0.0,0.0,0.0,0.0,0.0,0,0
1779626686.586095,0.0,0.0,0.0,0.0,0.0,0.0,0,0
1779626686.616987,0.0,0.0,0.0,0.0,0.0,0.0,0,0
1779626686.648012,0.0,0.0,0.0,0.0,0.0,0.0,0,0
1779626686.679046,0.0,0.0,0.0,0.0,0.0,0.0,0,0
1779626686.710016,0.0,0.0,0.0,0.0,0.0,0.0,0,0
1779626686.741009,0.0,0.0,0.0,0.0,0.0,0.0,0,0
1779626686.771970,0.0,0.0,0.0,0.0,0.0,0.0,0,0
1779626686.802947,0.0,0.0,0.0,0.0,0.0,0.0,0,0
1779626686.833985,0.0,0.0,0.0,0.0,0.0,0.0,0,0
1779626686.865019,0.0,0.0,0.0,0.0,0.0,0.0,0,0
1779626686.896010,0.0,0.0,0.0,0.0,0.0,0.0,0,0
1779626686.927051,0.0,0.0,0.0,0.0,0.0,0.0,0,0
1779626686.957979,0.0,0.0,0.0,0.0,0.0,0.0,0,0
1779626686.988988,0.0,0.0,0.0,0.0,0.0,0.0,0,0
1779626687.019964,0.0,0.0,0.0,0.0,0.0,0.0,0,0
1779626687.051023,0.0,0.0,0.0,0.0,0.0,0.0,0,0
1779626687.082022,0.0,0.0,0.0,0.0,0.0,0.0,0,0
1779626687.113078,0.0,0.0,0.0,0.0,0.0,0.0,0,0
1779626687.144061,0.0,0.0,0.0,0.0,0.0,0.0,0,0
1779626687.175006,0.0,0.0,0.0,0.0,0.0,0.0,0,0
1779626687.205973,0.0,0.0,0.0,0.0,0.0,0.0,0,0
1779626687.237030,0.0,0.0,0.0,0.0,0.0,0.0,0,0
1779626687.268024,0.0,0.0,0.0,0.0,0.0,0.0,0,0
1779626687.299036,0.0,0.0,0.0,0.0,0.0,0.0,0,0
1779626687.330041,0.0,0.0,0.0,0.0,0.0,0.0,0,0
1779626687.361009,0.0,0.0,0.0,0.0,0.0,0.0,0,0
1779626687.392078,0.0,0.0,0.0,0.0,0.0,0.0,0,0
1779626687.422996,0.0,0.0,0.0,0.0,0.0,0.0,0,0
1779626687.454068,0.0,0.0,0.0,0.0,0.0,0.0,0,0
1779626687.485065,0.0,0.0,0.0,0.0,0.0,0.0,0,0
1779626687.516009,0.0,0.0,0.0,0.0,0.0,0.0,0,0
1779626687.547073,0.0,0.0,0.0,0.0,0.0,0.0,0,0
1779626687.578027,0.0,0.0,0.0,0.0,0.0,0.0,0,0
1779626687.609001,0.0,0.0,0.0,0.0,0.0,0.0,0,0
1779626687.640020,0.0,0.0,0.0,0.0,0.0,0.0,0,0
1779626687.670999,0.0,0.0,0.0,0.0,0.0,0.0,0,0
1779626687.701983,0.0,0.0,0.0,0.0,0.0,0.0,0,0
1779626687.733005,0.0,0.0,0.0,0.0,0.0,0.0,0,0
1779626687.764031,0.0,0.0,0.0,0.0,0.0,0.0,0,0
1779626687.795001,0.0,0.0,0.0,0.0,0.0,0.0,0,0
1779626687.825993,0.0,0.0,0.0,0.0,0.0,0.0,0,0
1779626687.857075,0.0,0.0,0.0,0.0,0.0,0.0,0,0
1779626687.888036,0.0,0.0,0.0,0.0,0.0,0.0,0,0
1779626687.919015,0.0,0.0,0.0,0.0,0.0,0.0,0,0
1779626687.950040,0.0,0.0,0.0,0.0,0.0,0.0,0,0
1779626687.981036,0.0,0.0,0.0,0.0,0.0,0.0,0,0
1779626688.012019,0.0,0.0,0.0,0.0,0.0,0.0,0,0
1779626688.043019,0.0,0.0,0.0,0.0,0.0,0.0,0,0
1779626688.074025,0.0,0.0,0.0,0.0,0.0,0.0,0,0
1779626688.105021,0.0,0.0,0.0,0.0,0.0,0.0,0,0
1779626688.136030,0.0,0.0,0.0,0.0,0.0,0.0,0,0
1779626688.167010,0.0,0.0,0.0,0.0,0.0,0.0,0,0
1779626688.198001,0.0,0.0,0.0,0.0,0.0,0.0,0,0
1779626688.229001,0.0,0.0,0.0,0.0,0.0,0.0,0,0
1779626688.260045,0.0,0.0,0.0,0.0,0.0,0.0,0,0
1779626688.291019,0.0,0.0,0.0,0.0,0.0,0.0,0,0
1779626688.322028,0.0,0.0,0.0,0.0,0.0,0.0,0,0
1779626688.353024,0.0,0.0,0.0,0.0,0.0,0.0,0,0
1779626688.383991,0.0,0.0,0.0,0.0,0.0,0.0,0,0
1779626688.414989,0.0,0.0,0.0,0.0,0.0,0.0,0,0
1779626688.445999,0.0,0.0,0.0,0.0,0.0,0.0,0,0
1779626688.477023,0.0,0.0,0.0,0.0,0.0,0.0,0,0
1779626688.508038,0.0,0.0,0.0,0.0,0.0,0.0,0,0
1779626688.538973,0.0,0.0,0.0,0.0,0.0,0.0,0,0
1779626688.569955,0.0,0.0,0.0,0.0,0.0,0.0,0,0
1779626688.600977,0.0,0.0,0.0,0.0,0.0,0.0,0,0
1779626688.632002,0.0,0.0,0.0,0.0,0.0,0.0,0,0
1779626688.663008,0.0,0.0,0.0,0.0,0.0,0.0,0,0
1779626688.694030,0.0,0.0,0.0,0.0,0.0,0.0,0,0
1779626688.725031,0.0,0.0,0.0,0.0,0.0,0.0,0,0
1779626688.756002,0.0,0.0,0.0,0.0,0.0,0.0,0,0
1779626688.787008,0.0,0.0,0.0,0.0,0.0,0.0,0,0
1779626688.818019,0.0,0.0,0.0,0.0,0.0,0.0,0,0
1779626688.849031,0.0,0.0,0.0,0.0,0.0,0.0,0,0
1779626688.880018,0.0,0.0,0.0,0.0,0.0,0.0,0,0
1779626688.911011,0.0,0.0,0.0,0.0,0.0,0.0,0,0
1779626688.941986,0.0,0.0,0.0,0.0,0.0,0.0,0,0
1779626688.973007,0.0,0.0,0.0,0.0,0.0,0.0,0,0
1779626689.004016,0.0,0.0,0.0,0.0,0.0,0.0,0,0
1779626689.035000,0.0,0.0,0.0,0.0,0.0,0.0,0,0
1779626689.066002,0.0,0.0,0.0,0.0,0.0,0.0,0,0
1779626689.097037,0.0,0.0,0.0,0.0,0.0,0.0,0,0
1779626689.128070,0.0,0.0,0.0,0.0,0.0,0.0,0,0
1779626689.158989,0.0,0.0,0.0,0.0,0.0,0.0,0,0
1779626689.189990,0.0,0.0,0.0,0.0,0.0,0.0,0,0
1779626689.221027,0.0,0.0,0.0,0.0,0.0,0.0,0,0
1779626689.252046,0.0,0.0,0.0,0.0,0.0,0.0,0,0
1779626689.283008,0.0,0.0,0.0,0.0,0.0,0.0,0,0
1779626689.314042,0.0,0.0,0.0,0.0,0.0,0.0,0,0
1779626689.345075,0.0,0.0,0.0,0.0,0.0,0.0,0,0
1779626689.375998,0.0,0.0,0.0,0.0,0.0,0.0,0,0
1779626689.407036,0.0,0.0,0.0,0.0,0.0,0.0,0,0
1779626689.438101,0.0,0.0,0.0,0.0,0.0,0.0,0,0
1779626689.468996,0.0,0.0,0.0,0.0,0.0,0.0,0,0
1779626689.500027,0.0,0.0,0.0,0.0,0.0,0.0,0,0
1779626689.530988,0.0,0.0,0.0,0.0,0.0,0.0,0,0
1779626689.561990,0.0,0.0,0.0,0.0,0.0,0.0,0,0
1779626689.592999,0.0,0.0,0.0,0.0,0.0,0.0,0,0
1779626689.624044,0.0,0.0,0.0,0.0,0.0,0.0,0,0
1779626689.655017,0.0,0.0,0.0,0.0,0.0,0.0,0,0
1779626689.686010,0.0,0.0,0.0,0.0,0.0,0.0,0,0
1779626689.717020,0.0,0.0,0.0,0.0,0.0,0.0,0,0
1779626689.748034,0.0,0.0,0.0,0.0,0.0,0.0,0,0
1779626689.779047,0.0,0.0,0.0,0.0,0.0,0.0,0,0
1779626689.810075,0.0,0.0,0.0,0.0,0.0,0.0,0,0
1779626689.841024,0.0,0.0,0.0,0.0,0.0,0.0,0,0
1779626689.872034,0.0,0.0,0.0,0.0,0.0,0.0,0,0
1779626689.903016,0.0,0.0,0.0,0.0,0.0,0.0,0,0
1779626689.934052,0.0,0.0,0.0,0.0,0.0,0.0,0,0
1779626689.965002,0.0,0.0,0.0,0.0,0.0,0.0,0,0
1779626689.996021,0.0,0.0,0.0,0.0,0.0,0.0,0,0
1779626690.027022,0.0,0.0,0.0,0.0,0.0,0.0,0,0
1779626690.057991,0.0,0.0,0.0,0.0,0.0,0.0,0,0
1779626690.089048,0.0,0.0,0.0,0.0,0.0,0.0,0,0
1779626690.120039,0.0,0.0,0.0,0.0,0.0,0.0,0,0
1779626690.150997,0.0,0.0,0.0,0.0,0.0,0.0,0,0
1779626690.182031,0.0,0.0,0.0,0.0,0.0,0.0,0,0
1779626690.213057,0.0,0.0,0.0,0.0,0.0,0.0,0,0
1779626690.244088,0.0,0.0,0.0,0.0,0.0,0.0,0,0
1779626690.275071,0.0,0.0,0.0,0.0,0.0,0.0,0,0
1779626690.306007,0.0,0.0,0.0,0.0,0.0,0.0,0,0
1779626690.337043,0.0,0.0,0.0,0.0,0.0,0.0,0,0
1779626690.367989,0.0,0.0,0.0,0.0,0.0,0.0,0,0
1779626690.399020,0.0,0.0,0.0,0.0,0.0,0.0,0,0
1779626690.430061,0.0,0.0,0.0,0.0,0.0,0.0,0,0
1779626690.461039,0.0,0.0,0.0,0.0,0.0,0.0,0,0
1779626690.492021,0.0,0.0,0.0,0.0,0.0,0.0,0,0
1779626690.522999,0.0,0.0,0.0,0.0,0.0,0.0,0,0
1779626690.554045,0.0,0.0,0.0,0.0,0.0,0.0,0,0
1779626690.585029,0.0,0.0,0.0,0.0,0.0,0.0,0,0
1779626690.615984,0.0,0.0,0.0,0.0,0.0,0.0,0,0
1779626690.647059,0.0,0.0,0.0,0.0,0.0,0.0,0,0
1779626690.678058,0.0,0.0,0.0,0.0,0.0,0.0,0,0
1779626690.709000,0.0,0.0,0.0,0.0,0.0,0.0,0,0
1779626690.740067,0.0,0.0,0.0,0.0,0.0,0.0,0,0
1779626690.771015,0.0,0.0,0.0,0.0,0.0,0.0,0,0
1779626690.802044,0.0,0.0,0.0,0.0,0.0,0.0,0,0
1779626690.833029,0.0,0.0,0.0,0.0,0.0,0.0,0,0
1779626690.864028,0.0,0.0,0.0,0.0,0.0,0.0,0,0
1779626690.895096,0.0,0.0,0.0,0.0,0.0,0.0,0,0
1779626690.926073,0.0,0.0,0.0,0.0,0.0,0.0,0,0
1779626690.957042,0.0,0.0,0.0,0.0,0.0,0.0,0,0
1779626690.988017,0.0,0.0,0.0,0.0,0.0,0.0,0,0
1779626691.019015,0.0,0.0,0.0,0.0,0.0,0.0,0,0
1779626691.050074,0.0,0.0,0.0,0.0,0.0,0.0,0,0
1779626691.081043,0.0,0.0,0.0,0.0,0.0,0.0,0,0
1779626691.112034,0.0,0.0,0.0,0.0,0.0,0.0,0,0
1779626691.143014,0.0,0.0,0.0,0.0,0.0,0.0,0,0
1779626691.174013,0.0,0.0,0.0,0.0,0.0,0.0,0,0
1779626691.204979,0.0,0.0,0.0,0.0,0.0,0.0,0,0
1779626691.236005,0.0,0.0,0.0,0.0,0.0,0.0,0,0
1779626691.267011,0.0,0.0,0.0,0.0,0.0,0.0,0,0
1779626691.298081,0.0,0.0,0.0,0.0,0.0,0.0,0,0
1779626691.329011,0.0,0.0,0.0,0.0,0.0,0.0,0,0
1779626691.360044,0.0,0.0,0.0,0.0,0.0,0.0,0,0
1779626691.391015,0.0,0.0,0.0,0.0,0.0,0.0,0,0
1779626691.422035,0.0,0.0,0.0,0.0,0.0,0.0,0,0
1779626691.453042,0.0,0.0,0.0,0.0,0.0,0.0,0,0
1779626691.484069,0.0,0.0,0.0,0.0,0.0,0.0,0,0
1779626691.515061,0.0,0.0,0.0,0.0,0.0,0.0,0,0
1779626691.545992,0.0,0.0,0.0,0.0,0.0,0.0,0,0
1779626691.577076,0.0,0.0,0.0,0.0,0.0,0.0,0,0
1779626691.608066,0.0,0.0,0.0,0.0,0.0,0.0,0,0
1779626691.638964,0.0,0.0,0.0,0.0,0.0,0.0,0,0
1779626691.670022,0.0,0.0,0.0,0.0,0.0,0.0,0,0
1779626691.700997,0.0,0.0,0.0,0.0,0.0,0.0,0,0
1779626691.731997,0.0,0.0,0.0,0.0,0.0,0.0,0,0
1779626691.762987,0.0,0.0,0.0,0.0,0.0,0.0,0,0
1779626691.793998,0.0,0.0,0.0,0.0,0.0,0.0,0,0
1779626691.825064,0.0,0.0,0.0,0.0,0.0,0.0,0,0
1779626691.856008,0.0,0.0,0.0,0.0,0.0,0.0,0,0
1779626691.887027,0.0,0.0,0.0,0.0,0.0,0.0,0,0
1779626691.918049,0.0,0.0,0.0,0.0,0.0,0.0,0,0
1779626691.949072,0.0,0.0,0.0,0.0,0.0,0.0,0,0
1779626691.980418,0.0,0.0,0.0,0.0,0.0,0.0,0,0
1779626692.010999,0.0,0.0,0.0,0.0,0.0,0.0,0,0
1779626692.042060,0.0,0.0,0.0,0.0,0.0,0.0,0,0
1779626692.072999,0.0,0.0,0.0,0.0,0.0,0.0,0,0
1779626692.103966,0.0,0.0,0.0,0.0,0.0,0.0,0,0
1779626692.135025,0.0,0.0,0.0,0.0,0.0,0.0,0,0
1779626692.166052,0.0,0.0,0.0,0.0,0.0,0.0,0,0
1779626692.197024,0.0,0.0,0.0,0.0,0.0,0.0,0,0
1779626692.228008,0.0,0.0,0.0,0.0,0.0,0.0,0,0
1779626692.259058,0.0,0.0,0.0,0.0,0.0,0.0,0,0
1779626692.290056,0.0,0.0,0.0,0.0,0.0,0.0,0,0
1779626692.321001,0.0,0.0,0.0,0.0,0.0,0.0,0,0
1779626692.352021,0.0,0.0,0.0,0.0,0.0,0.0,0,0
1779626692.382993,0.0,0.0,0.0,0.0,0.0,0.0,0,0
1779626692.414070,0.0,0.0,0.0,0.0,0.0,0.0,0,0
1779626692.445029,0.0,0.0,0.0,0.0,0.0,0.0,0,0
1779626692.476030,0.0,0.0,0.0,0.0,0.0,0.0,0,0
1779626692.507015,0.0,0.0,0.0,0.0,0.0,0.0,0,0
1779626692.538046,0.0,0.0,0.0,0.0,0.0,0.0,0,0
1779626692.569071,0.0,0.0,0.0,0.0,0.0,0.0,0,0
1779626692.600019,0.0,0.0,0.0,0.0,0.0,0.0,0,0
1779626692.631050,0.0,0.0,0.0,0.0,0.0,0.0,0,0
1779626692.662040,0.0,0.0,0.0,0.0,0.0,0.0,0,0
1779626692.693027,0.0,0.0,0.0,0.0,0.0,0.0,0,0
1779626692.723988,0.0,0.0,0.0,0.0,0.0,0.0,0,0
1779626692.755026,0.0,0.0,0.0,0.0,0.0,0.0,0,0
1779626692.785992,0.0,0.0,0.0,0.0,0.0,0.0,0,0
1779626692.817009,0.0,0.0,0.0,0.0,0.0,0.0,0,0
1779626692.848108,0.0,0.0,0.0,0.0,0.0,0.0,0,0
1779626692.878994,0.0,0.0,0.0,0.0,0.0,0.0,0,0
1779626692.910061,0.0,0.0,0.0,0.0,0.0,0.0,0,0
1779626692.941004,0.0,0.0,0.0,0.0,0.0,0.0,0,0
1779626692.972013,0.0,0.0,0.0,0.0,0.0,0.0,0,0
1779626693.003027,0.0,0.0,0.0,0.0,0.0,0.0,0,0
1779626693.034080,0.0,0.0,0.0,0.0,0.0,0.0,0,0
1779626693.065033,0.0,0.0,0.0,0.0,0.0,0.0,0,0
1779626693.096013,0.0,0.0,0.0,0.0,0.0,0.0,0,0
1779626693.126983,0.0,0.0,0.0,0.0,0.0,0.0,0,0
1779626693.158060,0.0,0.0,0.0,0.0,0.0,0.0,0,0
1779626693.189008,0.0,0.0,0.0,0.0,0.0,0.0,0,0
1779626693.220106,0.0,0.0,0.0,0.0,0.0,0.0,0,0
1779626693.251022,0.0,0.0,0.0,0.0,0.0,0.0,0,0
1779626693.282007,0.0,0.0,0.0,0.0,0.0,0.0,0,0
1779626693.312984,0.0,0.0,0.0,0.0,0.0,0.0,0,0
1779626693.344008,0.0,0.0,0.0,0.0,0.0,0.0,0,0
1779626693.374996,0.0,0.0,0.0,0.0,0.0,0.0,0,0
1779626693.405962,0.0,0.0,0.0,0.0,0.0,0.0,0,0
1779626693.437049,0.0,0.0,0.0,0.0,0.0,0.0,0,0
1779626693.467993,0.0,0.0,0.0,0.0,0.0,0.0,0,0
1779626693.499024,0.0,0.0,0.0,0.0,0.0,0.0,0,0
1779626693.530027,0.0,0.0,0.0,0.0,0.0,0.0,0,0
1779626693.561064,0.0,0.0,0.0,0.0,0.0,0.0,0,0
1779626693.592008,0.0,0.0,0.0,0.0,0.0,0.0,0,0
1779626693.622950,0.0,0.0,0.0,0.0,0.0,0.0,0,0
1779626693.654048,0.0,0.0,0.0,0.0,0.0,0.0,0,0
1779626693.684985,0.0,0.0,0.0,0.0,0.0,0.0,0,0
1779626693.716009,0.0,0.0,0.0,0.0,0.0,0.0,0,0
1779626693.747052,0.0,0.0,0.0,0.0,0.0,0.0,0,0
1779626693.778072,0.0,0.0,0.0,0.0,0.0,0.0,0,0
1779626693.809034,0.0,0.0,0.0,0.0,0.0,0.0,0,0
1779626693.840044,0.0,0.0,0.0,0.0,0.0,0.0,0,0
1779626693.871043,0.0,0.0,0.0,0.0,0.0,0.0,0,0
1779626693.902083,0.0,0.0,0.0,0.0,0.0,0.0,0,0
1779626693.933047,0.0,0.0,0.0,0.0,0.0,0.0,0,0
1779626693.964069,0.0,0.0,0.0,0.0,0.0,0.0,0,0
1779626693.995041,0.0,0.0,0.0,0.0,0.0,0.0,0,0
1779626694.026011,0.0,0.0,0.0,0.0,0.0,0.0,0,0
1779626694.057002,0.0,0.0,0.0,0.0,0.0,0.0,0,0
1779626694.088066,0.0,0.0,0.0,0.0,0.0,0.0,0,0
1779626694.119080,0.0,0.0,0.0,0.0,0.0,0.0,0,0
1779626694.150002,0.0,0.0,0.0,0.0,0.0,0.0,0,0
1779626694.181080,0.0,0.0,0.0,0.0,0.0,0.0,0,0
1779626694.212052,0.0,0.0,0.0,0.0,0.0,0.0,0,0
1779626694.242997,0.0,0.0,0.0,0.0,0.0,0.0,0,0
1779626694.274003,0.0,0.0,0.0,0.0,0.0,0.0,0,0
1779626694.305015,0.0,0.0,0.0,0.0,0.0,0.0,0,0
1779626694.336019,0.0,0.0,0.0,0.0,0.0,0.0,0,0
1779626694.367083,0.0,0.0,0.0,0.0,0.0,0.0,0,0
1779626694.398022,0.0,0.0,0.0,0.0,0.0,0.0,0,0
1779626694.429016,0.0,0.0,0.0,0.0,0.0,0.0,0,0
1779626694.460012,0.0,0.0,0.0,0.0,0.0,0.0,0,0
1779626694.491051,0.0,0.0,0.0,0.0,0.0,0.0,0,0
1779626694.522111,0.0,0.0,0.0,0.0,0.0,0.0,0,0
1779626694.552991,0.0,0.0,0.0,0.0,0.0,0.0,0,0
1779626694.584039,0.0,0.0,0.0,0.0,0.0,0.0,0,0
1779626694.615028,0.0,0.0,0.0,0.0,0.0,0.0,0,0
1779626694.646093,0.0,0.0,0.0,0.0,0.0,0.0,0,0
1779626694.677043,0.0,0.0,0.0,0.0,0.0,0.0,0,0
1779626694.707993,0.0,0.0,0.0,0.0,0.0,0.0,0,0
1779626694.739058,0.0,0.0,0.0,0.0,0.0,0.0,0,0
1779626694.770000,0.0,0.0,0.0,0.0,0.0,0.0,0,0
1779626694.801054,0.0,0.0,0.0,0.0,0.0,0.0,0,0
1779626694.832039,0.0,0.0,0.0,0.0,0.0,0.0,0,0
1779626694.863076,0.0,0.0,0.0,0.0,0.0,0.0,0,0
1779626694.894032,0.0,0.0,0.0,0.0,0.0,0.0,0,0
1779626694.925009,0.0,0.0,0.0,0.0,0.0,0.0,0,0
1779626694.955992,0.0,0.0,0.0,0.0,0.0,0.0,0,0
1779626694.987026,0.0,0.0,0.0,0.0,0.0,0.0,0,0
1779626695.018025,0.0,0.0,0.0,0.0,0.0,0.0,0,0
1779626695.049026,0.0,0.0,0.0,0.0,0.0,0.0,0,0
1779626695.080020,0.0,0.0,0.0,0.0,0.0,0.0,0,0
1779626695.111062,0.0,0.0,0.0,0.0,0.0,0.0,0,0
1779626695.141984,0.0,0.0,0.0,0.0,0.0,0.0,0,0
1779626695.173031,0.0,0.0,0.0,0.0,0.0,0.0,0,0
1779626695.204035,0.0,0.0,0.0,0.0,0.0,0.0,0,0
1779626695.235062,0.0,0.0,0.0,0.0,0.0,0.0,0,0
1779626695.266006,0.0,0.0,0.0,0.0,0.0,0.0,0,0
1779626695.297080,0.0,0.0,0.0,0.0,0.0,0.0,0,0
1779626695.328032,0.0,0.0,0.0,0.0,0.0,0.0,0,0
1779626695.359055,0.0,0.0,0.0,0.0,0.0,0.0,0,0
1779626695.390097,0.0,0.0,0.0,0.0,0.0,0.0,0,0
1779626695.421041,0.0,0.0,0.0,0.0,0.0,0.0,0,0
1779626695.452075,0.0,0.0,0.0,0.0,0.0,0.0,0,0
1779626695.483129,0.0,0.0,0.0,0.0,0.0,0.0,0,0
1779626695.514009,0.0,0.0,0.0,0.0,0.0,0.0,0,0
1779626695.545056,0.0,0.0,0.0,0.0,0.0,0.0,0,0
1779626695.576040,0.0,0.0,0.0,0.0,0.0,0.0,0,0
1779626695.607052,0.0,0.0,0.0,0.0,0.0,0.0,0,0
1779626695.638054,0.0,0.0,0.0,0.0,0.0,0.0,0,0
1779626695.669033,0.0,0.0,0.0,0.0,0.0,0.0,0,0
1779626695.700028,0.0,0.0,0.0,0.0,0.0,0.0,0,0
1779626695.731015,0.0,0.0,0.0,0.0,0.0,0.0,0,0
1779626695.762034,0.0,0.0,0.0,0.0,0.0,0.0,0,0
1779626695.793006,0.0,0.0,0.0,0.0,0.0,0.0,0,0
1779626695.824089,0.0,0.0,0.0,0.0,0.0,0.0,0,0
1779626695.855009,0.0,0.0,0.0,0.0,0.0,0.0,0,0
1779626695.886050,0.0,0.0,0.0,0.0,0.0,0.0,0,0
1779626695.917042,0.0,0.0,0.0,0.0,0.0,0.0,0,0
1779626695.948072,0.0,0.0,0.0,0.0,0.0,0.0,0,0
1779626695.979052,0.0,0.0,0.0,0.0,0.0,0.0,0,0
1779626696.010097,0.0,0.0,0.0,0.0,0.0,0.0,0,0
1779626696.041018,0.0,0.0,0.0,0.0,0.0,0.0,0,0
1779626696.072009,0.0,0.0,0.0,0.0,0.0,0.0,0,0
1779626696.103073,0.0,0.0,0.0,0.0,0.0,0.0,0,0
1779626696.134099,0.0,0.0,0.0,0.0,0.0,0.0,0,0
1779626696.165055,0.0,0.0,0.0,0.0,0.0,0.0,0,0
1779626696.196012,0.0,0.0,0.0,0.0,0.0,0.0,0,0
1779626696.227040,0.0,0.0,0.0,0.0,0.0,0.0,0,0
1779626696.258020,0.0,0.0,0.0,0.0,0.0,0.0,0,0
1779626696.289031,0.0,0.0,0.0,0.0,0.0,0.0,0,0
1779626696.320019,0.0,0.0,0.0,0.0,0.0,0.0,0,0
1779626696.351004,0.0,0.0,0.0,0.0,0.0,0.0,0,0
1779626696.381995,0.0,0.0,0.0,0.0,0.0,0.0,0,0
1779626696.413029,0.0,0.0,0.0,0.0,0.0,0.0,0,0
1779626696.444040,0.0,0.0,0.0,0.0,0.0,0.0,0,0
1779626696.475033,0.0,0.0,0.0,0.0,0.0,0.0,0,0
1779626696.506079,0.0,0.0,0.0,0.0,0.0,0.0,0,0
1779626696.537068,0.0,0.0,0.0,0.0,0.0,0.0,0,0
1779626696.568020,0.0,0.0,0.0,0.0,0.0,0.0,0,0
1779626696.599003,0.0,0.0,0.0,0.0,0.0,0.0,0,0
1779626696.625040,-0.00390625,-0.0234375,0.03515625,0.064453125,-0.01171875,0.033203125,0,0
1779626696.641002,-0.0234375,-0.0234375,0.03515625,0.064453125,-0.01171875,0.033203125,0,0
1779626696.657040,-0.041015625,-0.0234375,0.03515625,0.064453125,-0.01171875,0.033203125,0,0
1779626696.665110,-0.041015625,-0.0234375,0.03515625,-0.013671875,-0.01171875,0.0078125,0,0
1779626696.673072,-0.060546875,-0.0234375,-0.009765625,-0.013671875,-0.01171875,0.0078125,0,0
1779626696.681008,-0.060546875,-0.0234375,-0.009765625,-0.05859375,-0.01171875,0.01953125,0,0
1779626696.689052,-0.07421875,-0.0234375,-0.01171875,-0.05859375,-0.01171875,0.01953125,0,0
1779626696.697025,-0.07421875,-0.0234375,-0.01171875,-0.06640625,-0.01171875,0.0234375,0,0
1779626696.705073,-0.10546875,-0.0234375,-0.01171875,-0.06640625,-0.01171875,0.0234375,0,0
1779626696.713068,-0.10546875,-0.0234375,-0.01171875,-0.048828125,-0.01171875,0.0234375,0,0
1779626696.721086,-0.177734375,-0.0234375,-0.01171875,-0.048828125,-0.01171875,0.0234375,0,0
1779626696.729045,-0.177734375,-0.0234375,-0.01171875,-0.0546875,-0.01171875,-0.021484375,0,0
1779626696.737080,-0.25,-0.0234375,0.013671875,-0.0546875,-0.01171875,-0.021484375,0,0
1779626696.745025,-0.25,-0.0234375,0.013671875,-0.0703125,-0.01171875,-0.048828125,0,0
1779626696.753036,-0.302734375,-0.0234375,0.04296875,-0.0703125,-0.01171875,-0.048828125,0,0
1779626696.761053,-0.302734375,-0.0234375,0.04296875,-0.083984375,-0.01171875,-0.056640625,0,0
1779626696.769034,-0.34765625,-0.0234375,0.080078125,-0.083984375,-0.01171875,-0.056640625,0,0
1779626696.777029,-0.34765625,-0.0234375,0.080078125,-0.12109375,-0.01171875,-0.0625,0,0
1779626696.785064,-0.388671875,-0.0234375,0.123046875,-0.12109375,-0.01171875,-0.0625,0,0
1779626696.793052,-0.388671875,-0.0234375,0.123046875,-0.1640625,-0.01171875,-0.0859375,0,0
1779626696.801022,-0.443359375,0.01171875,0.16015625,-0.1640625,-0.01171875,-0.0859375,0,0
1779626696.809005,-0.443359375,0.01171875,0.16015625,-0.1953125,-0.005859375,-0.125,0,0
1779626696.817013,-0.4609375,0.033203125,0.201171875,-0.1953125,-0.005859375,-0.125,0,0
1779626696.825093,-0.4609375,0.033203125,0.201171875,-0.220703125,-0.015625,-0.171875,0,0
1779626696.833052,-0.423828125,0.033203125,0.224609375,-0.220703125,-0.015625,-0.171875,0,0
1779626696.841068,-0.423828125,0.033203125,0.224609375,-0.20703125,-0.00390625,-0.205078125,0,0
1779626696.849081,-0.384765625,0.025390625,0.248046875,-0.20703125,-0.00390625,-0.205078125,0,0
1779626696.857066,-0.384765625,0.025390625,0.248046875,-0.201171875,-0.00390625,-0.240234375,0,0
1779626696.864067,-0.341796875,0.013671875,0.26171875,-0.201171875,-0.00390625,-0.240234375,0,0
1779626696.873053,-0.341796875,0.013671875,0.26171875,-0.193359375,-0.00390625,-0.283203125,0,0
1779626696.881006,-0.306640625,0.013671875,0.259765625,-0.193359375,-0.00390625,-0.283203125,0,0
1779626696.889099,-0.306640625,0.013671875,0.259765625,-0.19140625,-0.00390625,-0.32421875,0,0
1779626696.897089,-0.291015625,0.013671875,0.25390625,-0.19140625,-0.00390625,-0.32421875,0,0
1779626696.905035,-0.291015625,0.013671875,0.25390625,-0.189453125,-0.00390625,-0.345703125,0,0
1779626696.913036,-0.25390625,0.013671875,0.2578125,-0.189453125,-0.00390625,-0.345703125,0,0
1779626696.921009,-0.25390625,0.013671875,0.2578125,-0.177734375,-0.00390625,-0.37890625,0,0
1779626696.929022,-0.1953125,0.013671875,0.259765625,-0.177734375,-0.00390625,-0.37890625,0,0
1779626696.937072,-0.1953125,0.013671875,0.259765625,-0.16796875,-0.00390625,-0.42578125,0,0
1779626696.945015,-0.134765625,0.013671875,0.251953125,-0.16796875,-0.00390625,-0.42578125,0,0
1779626696.953074,-0.134765625,0.013671875,0.251953125,-0.1640625,0.017578125,-0.46875,0,0
1779626696.961040,-0.083984375,0.013671875,0.236328125,-0.1640625,0.017578125,-0.46875,0,0
1779626696.969073,-0.083984375,0.013671875,0.236328125,-0.1640625,0.033203125,-0.5078125,0,0
1779626696.977064,-0.03125,0.013671875,0.224609375,-0.1640625,0.033203125,-0.5078125,0,0
1779626696.985042,-0.03125,0.013671875,0.224609375,-0.1640625,0.046875,-0.546875,0,0
1779626696.993037,-0.03125,0.013671875,0.220703125,-0.1640625,0.046875,-0.546875,0,0
1779626697.001094,-0.03125,0.013671875,0.220703125,-0.154296875,0.05859375,-0.58203125,0,0
1779626697.009018,-0.03125,0.013671875,0.224609375,-0.154296875,0.05859375,-0.58203125,0,0
1779626697.017024,-0.03125,0.013671875,0.224609375,-0.14453125,0.0546875,-0.58984375,0,0
1779626697.024999,-0.03125,0.013671875,0.232421875,-0.14453125,0.0546875,-0.58984375,0,0
1779626697.033104,-0.03125,0.013671875,0.232421875,-0.1328125,0.0546875,-0.6015625,0,0
1779626697.041024,-0.03125,0.013671875,0.234375,-0.1328125,0.0546875,-0.6015625,0,0
1779626697.049016,-0.03125,0.013671875,0.234375,-0.111328125,0.0546875,-0.62109375,0,0
1779626697.057056,-0.03125,-0.013671875,0.232421875,-0.111328125,0.0546875,-0.62109375,0,0
1779626697.065028,-0.03125,-0.013671875,0.232421875,-0.091796875,0.05859375,-0.640625,0,0
1779626697.073070,-0.03125,-0.013671875,0.244140625,-0.091796875,0.05859375,-0.640625,0,0
1779626697.081058,-0.03125,-0.013671875,0.244140625,-0.076171875,0.05078125,-0.646484375,0,0
1779626697.089021,-0.03125,-0.013671875,0.2578125,-0.076171875,0.05078125,-0.646484375,0,0
1779626697.097055,-0.03125,-0.013671875,0.2578125,-0.05859375,0.04296875,-0.65234375,0,0
1779626697.105101,-0.03125,-0.009765625,0.263671875,-0.05859375,0.04296875,-0.65234375,0,0
1779626697.113028,-0.03125,-0.009765625,0.263671875,-0.056640625,0.0390625,-0.654296875,0,0
1779626697.121062,-0.03125,-0.009765625,0.26171875,-0.056640625,0.0390625,-0.654296875,0,0
1779626697.129019,-0.03125,-0.009765625,0.26171875,-0.0546875,0.0390625,-0.654296875,0,0
1779626697.137078,-0.03125,-0.01171875,0.26171875,-0.0546875,0.0390625,-0.654296875,0,0
1779626697.145087,-0.03125,-0.01171875,0.26171875,-0.046875,0.0390625,-0.658203125,0,0
1779626697.153069,-0.03125,-0.0078125,0.26953125,-0.046875,0.0390625,-0.658203125,0,0
1779626697.161040,-0.03125,-0.0078125,0.26953125,-0.03515625,0.03125,-0.6640625,0,0
1779626697.169058,-0.03125,-0.005859375,0.2734375,-0.03515625,0.03125,-0.6640625,0,0
1779626697.177088,-0.03125,-0.005859375,0.2734375,-0.029296875,0.025390625,-0.666015625,0,0
1779626697.185050,-0.03125,-0.005859375,0.275390625,-0.029296875,0.025390625,-0.666015625,0,0
1779626697.193006,-0.03125,-0.005859375,0.275390625,-0.025390625,0.0234375,-0.66796875,0,0
1779626697.201051,-0.03125,-0.005859375,0.27734375,-0.025390625,0.0234375,-0.66796875,0,0
1779626697.209040,-0.03125,-0.005859375,0.27734375,-0.0234375,0.021484375,-0.66796875,0,0
1779626697.217067,-0.03125,-0.005859375,0.279296875,-0.0234375,0.021484375,-0.66796875,0,0
1779626697.225040,-0.03125,-0.005859375,0.279296875,-0.0234375,0.01953125,-0.66796875,0,0
1779626697.232995,-0.03125,-0.005859375,0.279296875,-0.0234375,0.01953125,-0.66796875,0,0
1779626697.241068,-0.03125,-0.005859375,0.279296875,-0.0234375,0.01953125,-0.66796875,0,0
1779626697.249038,-0.03125,-0.00390625,0.279296875,-0.0234375,0.01953125,-0.66796875,0,0
1779626697.257019,-0.03125,-0.00390625,0.279296875,-0.0234375,0.017578125,-0.66796875,0,0
1779626697.265040,-0.03125,-0.00390625,0.28125,-0.0234375,0.017578125,-0.66796875,0,0
1779626697.273041,-0.03125,-0.00390625,0.28125,-0.021484375,0.015625,-0.66796875,0,0
1779626697.281087,-0.03125,-0.00390625,0.28125,-0.021484375,0.015625,-0.66796875,0,0
1779626697.289034,-0.03125,-0.00390625,0.28125,-0.021484375,0.015625,-0.66796875,0,0
1779626697.297020,-0.03125,0.0,0.28125,-0.021484375,0.015625,-0.66796875,0,0
1779626697.305037,-0.03125,0.0,0.28125,-0.021484375,0.015625,-0.66796875,0,0
1779626697.313021,-0.03125,0.0,0.283203125,-0.021484375,0.015625,-0.66796875,0,0
1779626697.321038,-0.03125,0.0,0.283203125,-0.01953125,0.015625,-0.666015625,0,0
1779626697.329016,-0.03125,0.0,0.283203125,-0.01953125,0.015625,-0.666015625,0,0
1779626697.337068,-0.03125,0.0,0.283203125,-0.01953125,0.015625,-0.666015625,0,0
1779626697.345033,-0.03125,-0.00390625,0.279296875,-0.01953125,0.015625,-0.666015625,0,0
1779626697.353056,-0.03125,-0.00390625,0.279296875,-0.0234375,0.015625,-0.6640625,0,0
1779626697.361032,-0.03125,-0.005859375,0.2734375,-0.0234375,0.015625,-0.6640625,0,0
1779626697.369052,-0.03125,-0.005859375,0.2734375,-0.02734375,0.021484375,-0.662109375,0,0
1779626697.377041,-0.03125,-0.009765625,0.26171875,-0.02734375,0.021484375,-0.662109375,0,0
1779626697.385036,-0.03125,-0.009765625,0.26171875,-0.037109375,0.02734375,-0.65625,0,0
1779626697.393019,-0.03125,-0.015625,0.234375,-0.037109375,0.02734375,-0.65625,0,0
1779626697.401041,-0.03125,-0.015625,0.234375,-0.060546875,0.044921875,-0.650390625,0,0
1779626697.409025,-0.03125,-0.021484375,0.220703125,-0.060546875,0.044921875,-0.650390625,0,0
1779626697.417030,-0.03125,-0.021484375,0.220703125,-0.072265625,0.05078125,-0.642578125,0,0
1779626697.425022,-0.03125,-0.025390625,0.212890625,-0.072265625,0.05078125,-0.642578125,0,0
1779626697.433027,-0.03125,-0.025390625,0.212890625,-0.078125,0.0546875,-0.630859375,0,0
1779626697.441022,-0.03125,-0.025390625,0.21875,-0.078125,0.0546875,-0.630859375,0,0
1779626697.449021,-0.03125,-0.025390625,0.21875,-0.080078125,0.048828125,-0.59375,0,0
1779626697.457002,-0.033203125,-0.025390625,0.224609375,-0.080078125,0.048828125,-0.59375,0,0
1779626697.465005,-0.033203125,-0.025390625,0.224609375,-0.083984375,0.0390625,-0.5625,0,0
1779626697.473005,-0.0859375,-0.021484375,0.232421875,-0.083984375,0.0390625,-0.5625,0,0
1779626697.481021,-0.0859375,-0.021484375,0.232421875,-0.0859375,0.03125,-0.525390625,0,0
1779626697.489033,-0.142578125,-0.01953125,0.234375,-0.0859375,0.03125,-0.525390625,0,0
1779626697.497010,-0.142578125,-0.01953125,0.234375,-0.08984375,0.015625,-0.48828125,0,0
1779626697.505049,-0.1875,-0.01171875,0.25,-0.08984375,0.015625,-0.48828125,0,0
1779626697.513061,-0.1875,-0.01171875,0.25,-0.08984375,0.005859375,-0.455078125,0,0
1779626697.521014,-0.23828125,0.0,0.267578125,-0.08984375,0.005859375,-0.455078125,0,0
1779626697.529002,-0.23828125,0.0,0.267578125,-0.087890625,0.005859375,-0.41796875,0,0
1779626697.536987,-0.2734375,0.0,0.26953125,-0.087890625,0.005859375,-0.41796875,0,0
1779626697.545016,-0.2734375,0.0,0.26953125,-0.08984375,0.005859375,-0.390625,0,0
1779626697.553060,-0.322265625,0.0,0.26953125,-0.08984375,0.005859375,-0.390625,0,0
1779626697.561038,-0.322265625,0.0,0.26953125,-0.099609375,0.005859375,-0.357421875,0,0
1779626697.569076,-0.357421875,0.0,0.26953125,-0.099609375,0.005859375,-0.357421875,0,0
1779626697.577063,-0.357421875,0.0,0.26953125,-0.1015625,0.005859375,-0.330078125,0,0
1779626697.585055,-0.37890625,0.0,0.26953125,-0.1015625,0.005859375,-0.330078125,0,0
1779626697.593052,-0.37890625,0.0,0.26953125,-0.10546875,0.005859375,-0.3125,0,0
1779626697.601072,-0.404296875,0.0,0.2734375,-0.10546875,0.005859375,-0.3125,0,0
1779626697.609039,-0.404296875,0.0,0.2734375,-0.10546875,0.005859375,-0.294921875,0,0
1779626697.617024,-0.4375,0.0,0.275390625,-0.10546875,0.005859375,-0.294921875,0,0
1779626697.625024,-0.4375,0.0,0.275390625,-0.10546875,0.005859375,-0.271484375,0,0
1779626697.633097,-0.470703125,0.0,0.275390625,-0.10546875,0.005859375,-0.271484375,0,0
1779626697.641057,-0.470703125,0.0,0.275390625,-0.107421875,0.005859375,-0.248046875,0,0
1779626697.649021,-0.494140625,0.0,0.27734375,-0.107421875,0.005859375,-0.248046875,0,0
1779626697.657031,-0.494140625,0.0,0.27734375,-0.107421875,0.005859375,-0.23046875,0,0
1779626697.664980,-0.509765625,0.0,0.28125,-0.107421875,0.005859375,-0.23046875,0,0
1779626697.673038,-0.509765625,0.0,0.28125,-0.109375,0.005859375,-0.21875,0,0
1779626697.681002,-0.5234375,0.0,0.28515625,-0.109375,0.005859375,-0.21875,0,0
1779626697.689014,-0.5234375,0.0,0.28515625,-0.10546875,0.005859375,-0.20703125,0,0
1779626697.697033,-0.537109375,0.0,0.287109375,-0.10546875,0.005859375,-0.20703125,0,0
1779626697.705041,-0.537109375,0.0,0.287109375,-0.103515625,0.005859375,-0.197265625,0,0
1779626697.713071,-0.552734375,0.0,0.2890625,-0.103515625,0.005859375,-0.197265625,0,0
1779626697.721101,-0.552734375,0.0,0.2890625,-0.107421875,0.005859375,-0.185546875,0,0
1779626697.729078,-0.56640625,0.0,0.2890625,-0.107421875,0.005859375,-0.185546875,0,0
1779626697.737055,-0.56640625,0.0,0.2890625,-0.111328125,0.005859375,-0.17578125,0,0
1779626697.745064,-0.578125,0.0,0.2890625,-0.111328125,0.005859375,-0.17578125,0,0
1779626697.753063,-0.578125,0.0,0.2890625,-0.111328125,0.005859375,-0.166015625,0,0
1779626697.761073,-0.591796875,0.0,0.2890625,-0.111328125,0.005859375,-0.166015625,0,0
1779626697.769047,-0.591796875,0.0,0.2890625,-0.111328125,0.005859375,-0.154296875,0,0
1779626697.777025,-0.6015625,0.0,0.2890625,-0.111328125,0.005859375,-0.154296875,0,0
1779626697.785048,-0.6015625,0.0,0.2890625,-0.11328125,0.005859375,-0.146484375,0,0
1779626697.793046,-0.61328125,0.0,0.296875,-0.11328125,0.005859375,-0.146484375,0,0
1779626697.801050,-0.61328125,0.0,0.296875,-0.111328125,0.005859375,-0.13671875,0,0
1779626697.809046,-0.625,0.0,0.3046875,-0.111328125,0.005859375,-0.13671875,0,0
1779626697.817012,-0.625,0.0,0.3046875,-0.107421875,0.005859375,-0.126953125,0,0
1779626697.825026,-0.638671875,0.0,0.3125,-0.107421875,0.005859375,-0.126953125,0,0
1779626697.832986,-0.638671875,0.0,0.3125,-0.103515625,0.005859375,-0.115234375,0,0
1779626697.841038,-0.64453125,0.0,0.318359375,-0.103515625,0.005859375,-0.115234375,0,0
1779626697.849032,-0.64453125,0.0,0.318359375,-0.099609375,0.005859375,-0.109375,0,0
1779626697.865020,-0.654296875,0.0,0.328125,-0.099609375,0.005859375,-0.109375,0,0
1779626697.873047,-0.654296875,0.0,0.328125,-0.09375,0.005859375,-0.099609375,0,0
1779626697.881024,-0.6640625,0.0,0.3359375,-0.09375,0.005859375,-0.099609375,0,0
1779626697.889014,-0.6640625,0.0,0.3359375,-0.087890625,0.005859375,-0.091796875,0,0
1779626697.897033,-0.677734375,0.0,0.345703125,-0.087890625,0.005859375,-0.091796875,0,0
1779626697.905021,-0.677734375,0.0,0.345703125,-0.083984375,-0.00390625,-0.078125,0,0
1779626697.913038,-0.68359375,0.0,0.349609375,-0.083984375,-0.00390625,-0.078125,0,0
1779626697.921038,-0.68359375,0.0,0.349609375,-0.083984375,-0.0078125,-0.0546875,0,0
1779626697.928994,-0.68359375,0.00390625,0.353515625,-0.083984375,-0.0078125,-0.0546875,0,0
1779626697.937036,-0.68359375,0.00390625,0.353515625,-0.0859375,-0.013671875,-0.037109375,0,0
1779626697.945034,-0.68359375,0.009765625,0.357421875,-0.0859375,-0.013671875,-0.037109375,0,0
1779626697.953001,-0.68359375,0.009765625,0.357421875,-0.083984375,-0.017578125,-0.021484375,0,0
1779626697.961029,-0.68359375,0.01953125,0.359375,-0.083984375,-0.017578125,-0.021484375,0,0
1779626697.969078,-0.68359375,0.01953125,0.359375,-0.0859375,-0.021484375,-0.005859375,0,0
1779626697.977010,-0.68359375,0.02734375,0.365234375,-0.0859375,-0.021484375,-0.005859375,0,0
1779626697.985022,-0.68359375,0.02734375,0.365234375,-0.0859375,-0.025390625,-0.005859375,0,0
1779626697.993017,-0.68359375,0.0390625,0.365234375,-0.0859375,-0.025390625,-0.005859375,0,0
1779626698.001039,-0.68359375,0.0390625,0.365234375,-0.09375,-0.03125,-0.005859375,0,0
1779626698.009038,-0.68359375,0.044921875,0.359375,-0.09375,-0.03125,-0.005859375,0,0
1779626698.017055,-0.68359375,0.044921875,0.359375,-0.103515625,-0.037109375,-0.005859375,0,0
1779626698.025012,-0.68359375,0.052734375,0.35546875,-0.103515625,-0.037109375,-0.005859375,0,0
1779626698.033018,-0.68359375,0.052734375,0.35546875,-0.119140625,-0.044921875,-0.005859375,0,0
1779626698.041078,-0.68359375,0.0546875,0.35546875,-0.119140625,-0.044921875,-0.005859375,0,0
1779626698.049057,-0.68359375,0.0546875,0.35546875,-0.123046875,-0.046875,-0.005859375,0,0
1779626698.056957,-0.68359375,0.0546875,0.369140625,-0.123046875,-0.046875,-0.005859375,0,0
1779626698.065020,-0.68359375,0.0546875,0.369140625,-0.130859375,-0.046875,-0.005859375,0,0
1779626698.073066,-0.68359375,0.056640625,0.37890625,-0.130859375,-0.046875,-0.005859375,0,0
1779626698.081095,-0.68359375,0.056640625,0.37890625,-0.130859375,-0.05078125,-0.005859375,0,0
1779626698.089088,-0.68359375,0.05859375,0.3828125,-0.130859375,-0.05078125,-0.005859375,0,0
1779626698.097078,-0.68359375,0.05859375,0.3828125,-0.134765625,-0.0546875,-0.005859375,0,0
1779626698.105057,-0.68359375,0.064453125,0.39453125,-0.134765625,-0.0546875,-0.005859375,0,0
1779626698.113013,-0.68359375,0.064453125,0.39453125,-0.125,-0.05859375,-0.005859375,0,0
1779626698.121071,-0.68359375,0.068359375,0.400390625,-0.125,-0.05859375,-0.005859375,0,0
1779626698.129070,-0.68359375,0.068359375,0.400390625,-0.123046875,-0.05859375,-0.005859375,0,0
1779626698.137001,-0.68359375,0.072265625,0.408203125,-0.123046875,-0.05859375,-0.005859375,0,0
1779626698.144993,-0.68359375,0.072265625,0.408203125,-0.1171875,-0.0625,-0.005859375,0,0
1779626698.153031,-0.68359375,0.07421875,0.416015625,-0.1171875,-0.0625,-0.005859375,0,0
1779626698.161035,-0.68359375,0.07421875,0.416015625,-0.111328125,-0.06640625,-0.005859375,0,0
1779626698.169037,-0.68359375,0.076171875,0.41796875,-0.111328125,-0.06640625,-0.005859375,0,0
1779626698.177065,-0.68359375,0.076171875,0.41796875,-0.11328125,-0.068359375,-0.005859375,0,0
1779626698.185067,-0.68359375,0.07421875,0.41796875,-0.11328125,-0.068359375,-0.005859375,0,0
1779626698.193003,-0.68359375,0.07421875,0.41796875,-0.107421875,-0.072265625,-0.005859375,0,0
1779626698.201022,-0.68359375,0.076171875,0.421875,-0.107421875,-0.072265625,-0.005859375,0,0
1779626698.209038,-0.68359375,0.076171875,0.421875,-0.107421875,-0.07421875,-0.005859375,0,0
1779626698.217014,-0.68359375,0.076171875,0.421875,-0.107421875,-0.07421875,-0.005859375,0,0
1779626698.225005,-0.68359375,0.076171875,0.421875,-0.109375,-0.076171875,-0.005859375,0,0
1779626698.233040,-0.68359375,0.076171875,0.42578125,-0.109375,-0.076171875,-0.005859375,0,0
1779626698.241028,-0.68359375,0.076171875,0.42578125,-0.107421875,-0.080078125,-0.005859375,0,0
1779626698.249076,-0.68359375,0.076171875,0.42578125,-0.107421875,-0.080078125,-0.005859375,0,0
1779626698.257048,-0.68359375,0.076171875,0.42578125,-0.107421875,-0.080078125,-0.005859375,0,0
1779626698.265033,-0.68359375,0.076171875,0.431640625,-0.107421875,-0.080078125,-0.005859375,0,0
1779626698.273049,-0.68359375,0.076171875,0.431640625,-0.111328125,-0.080078125,-0.005859375,0,0
1779626698.281051,-0.68359375,0.076171875,0.43359375,-0.111328125,-0.080078125,-0.005859375,0,0
1779626698.289084,-0.68359375,0.076171875,0.43359375,-0.11328125,-0.080078125,-0.005859375,0,0
1779626698.297069,-0.68359375,0.076171875,0.439453125,-0.11328125,-0.080078125,-0.005859375,0,0
1779626698.305035,-0.68359375,0.076171875,0.439453125,-0.111328125,-0.080078125,-0.005859375,0,0
1779626698.313098,-0.68359375,0.078125,0.443359375,-0.111328125,-0.080078125,-0.005859375,0,0
1779626698.321080,-0.68359375,0.078125,0.443359375,-0.109375,-0.08203125,-0.005859375,0,0
1779626698.329013,-0.68359375,0.080078125,0.447265625,-0.109375,-0.08203125,-0.005859375,0,0
1779626698.337136,-0.68359375,0.080078125,0.447265625,-0.103515625,-0.087890625,-0.005859375,0,0
1779626698.345047,-0.68359375,0.08203125,0.455078125,-0.103515625,-0.087890625,-0.005859375,0,0
1779626698.353110,-0.68359375,0.08203125,0.455078125,-0.099609375,-0.091796875,-0.005859375,0,0
1779626698.361056,-0.68359375,0.083984375,0.455078125,-0.099609375,-0.091796875,-0.005859375,0,0
1779626698.369023,-0.68359375,0.083984375,0.455078125,-0.099609375,-0.091796875,-0.005859375,0,0
1779626698.377100,-0.68359375,0.083984375,0.45703125,-0.099609375,-0.091796875,-0.005859375,0,0
1779626698.385059,-0.68359375,0.083984375,0.45703125,-0.09765625,-0.091796875,-0.005859375,0,0
1779626698.393013,-0.68359375,0.0859375,0.4609375,-0.09765625,-0.091796875,-0.005859375,0,0
1779626698.401043,-0.68359375,0.0859375,0.4609375,-0.09765625,-0.091796875,-0.005859375,0,0
1779626698.409067,-0.68359375,0.091796875,0.466796875,-0.09765625,-0.091796875,-0.005859375,0,0
1779626698.417034,-0.68359375,0.091796875,0.466796875,-0.09375,-0.095703125,-0.005859375,0,0
1779626698.425039,-0.68359375,0.095703125,0.474609375,-0.09375,-0.095703125,-0.005859375,0,0
1779626698.433021,-0.68359375,0.095703125,0.474609375,-0.087890625,-0.099609375,-0.005859375,0,0
1779626698.441026,-0.68359375,0.095703125,0.478515625,-0.087890625,-0.099609375,-0.005859375,0,0
1779626698.449045,-0.68359375,0.095703125,0.478515625,-0.083984375,-0.099609375,-0.005859375,0,0
1779626698.457041,-0.68359375,0.09765625,0.482421875,-0.083984375,-0.099609375,-0.005859375,0,0
1779626698.465053,-0.68359375,0.09765625,0.482421875,-0.08203125,-0.103515625,-0.005859375,0,0
1779626698.473077,-0.68359375,0.099609375,0.484375,-0.08203125,-0.103515625,-0.005859375,0,0
1779626698.481073,-0.68359375,0.099609375,0.484375,-0.08203125,-0.103515625,-0.005859375,0,0
1779626698.489058,-0.68359375,0.1015625,0.484375,-0.08203125,-0.103515625,-0.005859375,0,0
1779626698.497035,-0.68359375,0.1015625,0.484375,-0.08203125,-0.103515625,-0.005859375,0,0
1779626698.505012,-0.68359375,0.1015625,0.486328125,-0.08203125,-0.103515625,-0.005859375,0,0
1779626698.513061,-0.68359375,0.1015625,0.486328125,-0.08203125,-0.10546875,-0.005859375,0,0
1779626698.521095,-0.68359375,0.1015625,0.490234375,-0.08203125,-0.10546875,-0.005859375,0,0
1779626698.528995,-0.68359375,0.1015625,0.490234375,-0.078125,-0.107421875,-0.005859375,0,0
1779626698.537050,-0.68359375,0.1015625,0.4921875,-0.078125,-0.107421875,-0.005859375,0,0
1779626698.545056,-0.68359375,0.1015625,0.4921875,-0.076171875,-0.111328125,-0.005859375,0,0
1779626698.553066,-0.68359375,0.1015625,0.494140625,-0.076171875,-0.111328125,-0.005859375,0,0
1779626698.561053,-0.68359375,0.1015625,0.494140625,-0.07421875,-0.111328125,-0.005859375,0,0
1779626698.569089,-0.68359375,0.103515625,0.498046875,-0.07421875,-0.111328125,-0.005859375,0,0
1779626698.577056,-0.68359375,0.103515625,0.498046875,-0.0703125,-0.115234375,-0.005859375,0,0
1779626698.585006,-0.68359375,0.103515625,0.501953125,-0.0703125,-0.115234375,-0.005859375,0,0
1779626698.593094,-0.68359375,0.103515625,0.501953125,-0.068359375,-0.119140625,-0.005859375,0,0
1779626698.601069,-0.68359375,0.10546875,0.5078125,-0.068359375,-0.119140625,-0.005859375,0,0
1779626698.609007,-0.68359375,0.10546875,0.5078125,-0.064453125,-0.123046875,-0.005859375,0,0
1779626698.617036,-0.68359375,0.107421875,0.51171875,-0.064453125,-0.123046875,-0.005859375,0,0
1779626698.625053,-0.68359375,0.107421875,0.51171875,-0.060546875,-0.123046875,-0.005859375,0,0
1779626698.633032,-0.68359375,0.11328125,0.51953125,-0.060546875,-0.123046875,-0.005859375,0,0
1779626698.641003,-0.68359375,0.11328125,0.51953125,-0.056640625,-0.12890625,-0.005859375,0,0
1779626698.649048,-0.68359375,0.115234375,0.529296875,-0.056640625,-0.12890625,-0.005859375,0,0
1779626698.657021,-0.68359375,0.115234375,0.529296875,-0.046875,-0.134765625,-0.005859375,0,0
1779626698.665007,-0.68359375,0.119140625,0.541015625,-0.046875,-0.134765625,-0.005859375,0,0
1779626698.672999,-0.68359375,0.119140625,0.541015625,-0.0390625,-0.142578125,-0.005859375,0,0
1779626698.681046,-0.68359375,0.123046875,0.5546875,-0.0390625,-0.142578125,-0.005859375,0,0
1779626698.689051,-0.68359375,0.123046875,0.5546875,-0.033203125,-0.146484375,-0.005859375,0,0
1779626698.697037,-0.68359375,0.125,0.583984375,-0.033203125,-0.146484375,-0.005859375,0,0
1779626698.705072,-0.68359375,0.125,0.583984375,-0.03125,-0.154296875,-0.005859375,0,0
1779626698.713068,-0.68359375,0.126953125,0.623046875,-0.03125,-0.154296875,-0.005859375,0,0
1779626698.721033,-0.68359375,0.126953125,0.623046875,-0.033203125,-0.158203125,-0.005859375,0,0
1779626698.728991,-0.68359375,0.126953125,0.62890625,-0.033203125,-0.158203125,-0.005859375,0,0
1779626698.737093,-0.68359375,0.126953125,0.62890625,-0.037109375,-0.16796875,-0.005859375,0,0
1779626698.745013,-0.677734375,0.125,0.63671875,-0.037109375,-0.16796875,-0.005859375,0,0
1779626698.753091,-0.677734375,0.125,0.63671875,-0.03515625,-0.16796875,-0.005859375,0,0
1779626698.761051,-0.671875,0.125,0.640625,-0.03515625,-0.16796875,-0.005859375,0,0
1779626698.768984,-0.671875,0.125,0.640625,-0.03125,-0.16796875,-0.005859375,0,0
1779626698.777021,-0.666015625,0.126953125,0.646484375,-0.03125,-0.16796875,-0.005859375,0,0
1779626698.785048,-0.666015625,0.126953125,0.646484375,-0.025390625,-0.166015625,-0.005859375,0,0
1779626698.793026,-0.6640625,0.126953125,0.65234375,-0.025390625,-0.166015625,-0.005859375,0,0
1779626698.801013,-0.6640625,0.126953125,0.65234375,-0.01953125,-0.166015625,-0.005859375,0,0
1779626698.809062,-0.66015625,0.126953125,0.658203125,-0.01953125,-0.166015625,-0.005859375,0,0
1779626698.817038,-0.66015625,0.126953125,0.658203125,-0.013671875,-0.166015625,-0.005859375,0,0
1779626698.825040,-0.66015625,0.126953125,0.658203125,-0.013671875,-0.166015625,-0.005859375,0,0
1779626698.833014,-0.66015625,0.126953125,0.658203125,-0.013671875,-0.166015625,-0.005859375,0,0
1779626698.841010,-0.66015625,0.12890625,0.658203125,-0.013671875,-0.166015625,-0.005859375,0,0
1779626698.849037,-0.66015625,0.12890625,0.658203125,-0.01171875,-0.1640625,-0.005859375,0,0
1779626698.856968,-0.66015625,0.130859375,0.658203125,-0.01171875,-0.1640625,-0.005859375,0,0
1779626698.864012,-0.66015625,0.130859375,0.658203125,-0.01171875,-0.162109375,-0.005859375,0,0
1779626698.873075,-0.662109375,0.1328125,0.658203125,-0.01171875,-0.162109375,-0.005859375,0,0
1779626698.881034,-0.662109375,0.1328125,0.658203125,-0.013671875,-0.16015625,-0.005859375,0,0
1779626698.889065,-0.6640625,0.1328125,0.658203125,-0.013671875,-0.16015625,-0.005859375,0,0
1779626698.896965,-0.6640625,0.1328125,0.658203125,-0.013671875,-0.158203125,-0.005859375,0,0
1779626698.905030,-0.66796875,0.134765625,0.658203125,-0.013671875,-0.158203125,-0.005859375,0,0
1779626698.913020,-0.66796875,0.134765625,0.658203125,-0.017578125,-0.158203125,-0.005859375,0,0
1779626698.921082,-0.669921875,0.13671875,0.658203125,-0.017578125,-0.158203125,-0.005859375,0,0
1779626698.929060,-0.669921875,0.13671875,0.658203125,-0.017578125,-0.158203125,-0.005859375,0,0
1779626698.937016,-0.67578125,0.13671875,0.654296875,-0.017578125,-0.158203125,-0.005859375,0,0
1779626698.945071,-0.67578125,0.13671875,0.654296875,-0.0234375,-0.158203125,-0.005859375,0,0
1779626698.953084,-0.677734375,0.13671875,0.650390625,-0.0234375,-0.158203125,-0.005859375,0,0
1779626698.961062,-0.677734375,0.13671875,0.650390625,-0.025390625,-0.158203125,-0.005859375,0,0
1779626698.969045,-0.6796875,0.134765625,0.650390625,-0.025390625,-0.158203125,-0.005859375,0,0
1779626698.977086,-0.6796875,0.134765625,0.650390625,-0.029296875,-0.162109375,-0.005859375,0,0
1779626698.985048,-0.677734375,0.130859375,0.646484375,-0.029296875,-0.162109375,-0.005859375,0,0
1779626698.993051,-0.677734375,0.130859375,0.646484375,-0.03125,-0.162109375,-0.005859375,0,0
1779626699.001087,-0.677734375,0.126953125,0.64453125,-0.03125,-0.162109375,-0.005859375,0,0
1779626699.009021,-0.677734375,0.126953125,0.64453125,-0.03515625,-0.166015625,-0.005859375,0,0
1779626699.017018,-0.67578125,0.125,0.640625,-0.03515625,-0.166015625,-0.005859375,0,0
1779626699.024983,-0.67578125,0.125,0.640625,-0.0390625,-0.16796875,-0.005859375,0,0
1779626699.033028,-0.673828125,0.123046875,0.640625,-0.0390625,-0.16796875,-0.005859375,0,0
1779626699.041076,-0.673828125,0.123046875,0.640625,-0.041015625,-0.16796875,-0.005859375,0,0
1779626699.049058,-0.673828125,0.12109375,0.640625,-0.041015625,-0.16796875,-0.005859375,0,0
1779626699.057050,-0.673828125,0.12109375,0.640625,-0.041015625,-0.16796875,-0.005859375,0,0
1779626699.065054,-0.673828125,0.12109375,0.640625,-0.041015625,-0.16796875,-0.005859375,0,0
1779626699.073066,-0.673828125,0.12109375,0.640625,-0.041015625,-0.16796875,-0.005859375,0,0
1779626699.081056,-0.67578125,0.123046875,0.640625,-0.041015625,-0.16796875,-0.005859375,0,0
1779626699.089044,-0.67578125,0.123046875,0.640625,-0.041015625,-0.16796875,-0.005859375,0,0
1779626699.097008,-0.67578125,0.123046875,0.638671875,-0.041015625,-0.16796875,-0.005859375,0,0
1779626699.105040,-0.67578125,0.123046875,0.638671875,-0.041015625,-0.16796875,-0.005859375,0,0
1779626699.113075,-0.67578125,0.123046875,0.638671875,-0.041015625,-0.16796875,-0.005859375,0,0
1779626699.121077,-0.67578125,0.123046875,0.638671875,-0.041015625,-0.16796875,-0.005859375,0,0
1779626699.129083,-0.6796875,0.12109375,0.634765625,-0.041015625,-0.16796875,-0.005859375,0,0
1779626699.137065,-0.6796875,0.12109375,0.634765625,-0.044921875,-0.16796875,-0.005859375,0,0
1779626699.145053,-0.6796875,0.12109375,0.634765625,-0.044921875,-0.16796875,-0.005859375,0,0
1779626699.153015,-0.6796875,0.12109375,0.634765625,-0.044921875,-0.16796875,-0.005859375,0,0
1779626699.160992,-0.6796875,0.12109375,0.634765625,-0.044921875,-0.16796875,-0.005859375,0,0
1779626699.169015,-0.6796875,0.12109375,0.634765625,-0.044921875,-0.166015625,-0.005859375,0,0
1779626699.177047,-0.6796875,0.12109375,0.634765625,-0.044921875,-0.166015625,-0.005859375,0,0
1779626699.185055,-0.6796875,0.12109375,0.634765625,-0.044921875,-0.166015625,-0.005859375,0,0
1779626699.193041,-0.6796875,0.12109375,0.634765625,-0.044921875,-0.166015625,-0.005859375,0,0
1779626699.201043,-0.6796875,0.12109375,0.634765625,-0.046875,-0.16796875,-0.005859375,0,0
1779626699.209014,-0.6796875,0.119140625,0.6328125,-0.046875,-0.16796875,-0.005859375,0,0
1779626699.217033,-0.6796875,0.119140625,0.6328125,-0.046875,-0.169921875,-0.005859375,0,0
1779626699.225017,-0.67578125,0.11328125,0.62890625,-0.046875,-0.169921875,-0.005859375,0,0
1779626699.233010,-0.67578125,0.11328125,0.62890625,-0.048828125,-0.171875,-0.005859375,0,0
1779626699.241056,-0.669921875,0.109375,0.62890625,-0.048828125,-0.171875,-0.005859375,0,0
1779626699.249043,-0.669921875,0.109375,0.62890625,-0.052734375,-0.173828125,-0.005859375,0,0
1779626699.257045,-0.66796875,0.1015625,0.623046875,-0.052734375,-0.173828125,-0.005859375,0,0
1779626699.265031,-0.66796875,0.1015625,0.623046875,-0.056640625,-0.177734375,-0.005859375,0,0
1779626699.273049,-0.666015625,0.09765625,0.619140625,-0.056640625,-0.177734375,-0.005859375,0,0
1779626699.281117,-0.666015625,0.09765625,0.619140625,-0.05859375,-0.177734375,-0.005859375,0,0
1779626699.289104,-0.662109375,0.09375,0.619140625,-0.05859375,-0.177734375,-0.005859375,0,0
1779626699.297096,-0.662109375,0.09375,0.619140625,-0.056640625,-0.177734375,-0.005859375,0,0
1779626699.305050,-0.658203125,0.08984375,0.615234375,-0.056640625,-0.177734375,-0.005859375,0,0
1779626699.313071,-0.658203125,0.08984375,0.615234375,-0.060546875,-0.177734375,-0.005859375,0,0
1779626699.321048,-0.658203125,0.083984375,0.607421875,-0.060546875,-0.177734375,-0.005859375,0,0
1779626699.329032,-0.658203125,0.083984375,0.607421875,-0.06640625,-0.177734375,-0.005859375,0,0
1779626699.337067,-0.650390625,0.076171875,0.6015625,-0.06640625,-0.177734375,-0.005859375,0,0
1779626699.344998,-0.650390625,0.076171875,0.6015625,-0.06640625,-0.171875,-0.005859375,0,0
1779626699.353041,-0.634765625,0.068359375,0.595703125,-0.06640625,-0.171875,-0.005859375,0,0
1779626699.360982,-0.634765625,0.068359375,0.595703125,-0.068359375,-0.16796875,-0.005859375,0,0
1779626699.369056,-0.58984375,0.052734375,0.59375,-0.068359375,-0.16796875,-0.005859375,0,0
1779626699.377044,-0.58984375,0.052734375,0.59375,-0.060546875,-0.15234375,-0.02734375,0,0
1779626699.385029,-0.55859375,0.044921875,0.591796875,-0.060546875,-0.15234375,-0.02734375,0,0
1779626699.393035,-0.55859375,0.044921875,0.591796875,-0.05859375,-0.142578125,-0.056640625,0,0
1779626699.401051,-0.53515625,0.03515625,0.5859375,-0.05859375,-0.142578125,-0.056640625,0,0
1779626699.409011,-0.53515625,0.03515625,0.5859375,-0.05859375,-0.1328125,-0.080078125,0,0
1779626699.417020,-0.5,0.02734375,0.580078125,-0.05859375,-0.1328125,-0.080078125,0,0
1779626699.425052,-0.5,0.02734375,0.580078125,-0.052734375,-0.1171875,-0.1171875,0,0
1779626699.433090,-0.453125,0.021484375,0.580078125,-0.052734375,-0.1171875,-0.1171875,0,0
1779626699.441047,-0.453125,0.021484375,0.580078125,-0.041015625,-0.1015625,-0.162109375,0,0
1779626699.449050,-0.384765625,0.015625,0.5859375,-0.041015625,-0.1015625,-0.162109375,0,0
1779626699.457021,-0.384765625,0.015625,0.5859375,-0.021484375,-0.083984375,-0.2265625,0,0
1779626699.465065,-0.28515625,0.005859375,0.587890625,-0.021484375,-0.083984375,-0.2265625,0,0
1779626699.473044,-0.28515625,0.005859375,0.587890625,-0.021484375,-0.068359375,-0.314453125,0,0
1779626699.481021,-0.171875,0.005859375,0.599609375,-0.021484375,-0.068359375,-0.314453125,0,0
1779626699.489009,-0.171875,0.005859375,0.599609375,-0.021484375,-0.048828125,-0.421875,0,0
1779626699.497061,-0.0703125,0.005859375,0.595703125,-0.021484375,-0.048828125,-0.421875,0,0
1779626699.505044,-0.0703125,0.005859375,0.595703125,-0.021484375,-0.048828125,-0.505859375,0,0
1779626699.513046,-0.005859375,0.005859375,0.564453125,-0.021484375,-0.048828125,-0.505859375,0,0
1779626699.521100,-0.005859375,0.005859375,0.564453125,-0.021484375,-0.04296875,-0.55859375,0,0
1779626699.529070,-0.005859375,0.005859375,0.537109375,-0.021484375,-0.04296875,-0.55859375,0,0
1779626699.537030,-0.005859375,0.005859375,0.537109375,-0.021484375,-0.02734375,-0.58203125,0,0
1779626699.545047,-0.005859375,0.005859375,0.501953125,-0.021484375,-0.02734375,-0.58203125,0,0
1779626699.553025,-0.005859375,0.005859375,0.501953125,-0.021484375,-0.02734375,-0.599609375,0,0
1779626699.569043,-0.005859375,0.005859375,0.455078125,-0.021484375,-0.02734375,-0.599609375,0,0
1779626699.577015,-0.005859375,0.005859375,0.455078125,-0.02734375,-0.02734375,-0.626953125,0,0
1779626699.585009,-0.005859375,0.005859375,0.439453125,-0.02734375,-0.02734375,-0.626953125,0,0
1779626699.593004,-0.005859375,0.005859375,0.439453125,-0.029296875,-0.02734375,-0.634765625,0,0
1779626699.601038,-0.005859375,0.005859375,0.435546875,-0.029296875,-0.02734375,-0.634765625,0,0
1779626699.609052,-0.005859375,0.005859375,0.435546875,-0.025390625,-0.02734375,-0.638671875,0,0
1779626699.617017,-0.005859375,0.005859375,0.43359375,-0.025390625,-0.02734375,-0.638671875,0,0
1779626699.625086,-0.005859375,0.005859375,0.43359375,-0.0234375,-0.02734375,-0.638671875,0,0
1779626699.633053,-0.005859375,0.005859375,0.431640625,-0.0234375,-0.02734375,-0.638671875,0,0
1779626699.641094,-0.005859375,0.005859375,0.431640625,-0.0234375,-0.02734375,-0.640625,0,0
1779626699.649055,0.0,0.005859375,0.427734375,-0.0234375,-0.02734375,-0.640625,0,0
1779626699.656986,0.0,0.005859375,0.427734375,-0.021484375,-0.02734375,-0.642578125,0,0
1779626699.665053,0.0078125,0.005859375,0.423828125,-0.021484375,-0.02734375,-0.642578125,0,0
1779626699.672986,0.0078125,0.005859375,0.423828125,-0.025390625,-0.02734375,-0.642578125,0,0
1779626699.681059,0.01171875,0.005859375,0.416015625,-0.025390625,-0.02734375,-0.642578125,0,0
1779626699.689019,0.01171875,0.005859375,0.416015625,-0.0234375,-0.02734375,-0.646484375,0,0
1779626699.696985,0.013671875,0.005859375,0.416015625,-0.0234375,-0.02734375,-0.646484375,0,0
1779626699.705017,0.013671875,0.005859375,0.416015625,-0.0234375,-0.02734375,-0.6484375,0,0
1779626699.713046,0.015625,0.005859375,0.412109375,-0.0234375,-0.02734375,-0.6484375,0,0
1779626699.721107,0.015625,0.005859375,0.412109375,-0.0234375,-0.02734375,-0.6484375,0,0
1779626699.729015,0.015625,0.005859375,0.41015625,-0.0234375,-0.02734375,-0.6484375,0,0
1779626699.737046,0.015625,0.005859375,0.41015625,-0.0234375,-0.02734375,-0.6484375,0,0
1779626699.745010,0.017578125,0.005859375,0.408203125,-0.0234375,-0.02734375,-0.6484375,0,0
1779626699.753074,0.017578125,0.005859375,0.408203125,-0.0234375,0.00390625,-0.64453125,0,0
1779626699.761079,0.015625,0.005859375,0.40234375,-0.0234375,0.00390625,-0.64453125,0,0
1779626699.769102,0.015625,0.005859375,0.40234375,-0.0234375,0.013671875,-0.640625,0,0
1779626699.777105,0.005859375,-0.017578125,0.390625,-0.0234375,0.013671875,-0.640625,0,0
1779626699.785046,0.005859375,-0.017578125,0.390625,-0.017578125,0.037109375,-0.626953125,0,0
1779626699.793034,0.005859375,-0.052734375,0.3515625,-0.017578125,0.037109375,-0.626953125,0,0
1779626699.801052,0.005859375,-0.052734375,0.3515625,-0.029296875,0.076171875,-0.599609375,0,0
1779626699.809042,0.005859375,-0.07421875,0.3203125,-0.029296875,0.076171875,-0.599609375,0,0
1779626699.817077,0.005859375,-0.07421875,0.3203125,-0.048828125,0.1015625,-0.576171875,0,0
1779626699.825059,0.005859375,-0.08203125,0.306640625,-0.048828125,0.1015625,-0.576171875,0,0
1779626699.833043,0.005859375,-0.08203125,0.306640625,-0.064453125,0.111328125,-0.552734375,0,0
1779626699.841040,-0.01171875,-0.08984375,0.298828125,-0.064453125,0.111328125,-0.552734375,0,0
1779626699.849062,-0.01171875,-0.08984375,0.298828125,-0.0703125,0.11328125,-0.52734375,0,0
1779626699.857035,-0.08984375,-0.091796875,0.29296875,-0.0703125,0.11328125,-0.52734375,0,0
1779626699.865036,-0.08984375,-0.091796875,0.29296875,-0.0859375,0.103515625,-0.4765625,0,0
1779626699.873030,-0.193359375,-0.091796875,0.287109375,-0.0859375,0.103515625,-0.4765625,0,0
1779626699.881032,-0.193359375,-0.091796875,0.287109375,-0.109375,0.0859375,-0.408203125,0,0
1779626699.889007,-0.24609375,-0.08984375,0.283203125,-0.109375,0.0859375,-0.408203125,0,0
1779626699.897024,-0.24609375,-0.08984375,0.283203125,-0.12109375,0.076171875,-0.373046875,0,0
1779626699.905049,-0.310546875,-0.087890625,0.283203125,-0.12109375,0.076171875,-0.373046875,0,0
1779626699.913062,-0.310546875,-0.087890625,0.283203125,-0.1328125,0.05859375,-0.33203125,0,0
1779626699.921074,-0.361328125,-0.08203125,0.2890625,-0.1328125,0.05859375,-0.33203125,0,0
1779626699.929067,-0.361328125,-0.08203125,0.2890625,-0.140625,0.048828125,-0.30078125,0,0
1779626699.937009,-0.4375,-0.07421875,0.29296875,-0.140625,0.048828125,-0.30078125,0,0
1779626699.945012,-0.4375,-0.07421875,0.29296875,-0.150390625,0.029296875,-0.251953125,0,0
1779626699.953090,-0.509765625,-0.0625,0.30078125,-0.150390625,0.029296875,-0.251953125,0,0
1779626699.961053,-0.509765625,-0.0625,0.30078125,-0.16015625,0.013671875,-0.203125,0,0
1779626699.969086,-0.587890625,-0.05078125,0.302734375,-0.16015625,0.013671875,-0.203125,0,0
1779626699.977100,-0.587890625,-0.05078125,0.302734375,-0.1796875,0.013671875,-0.1484375,0,0
1779626699.984075,-0.650390625,-0.044921875,0.296875,-0.1796875,0.013671875,-0.1484375,0,0
1779626699.993051,-0.650390625,-0.044921875,0.296875,-0.19921875,0.013671875,-0.099609375,0,0
1779626700.001025,-0.68359375,-0.04296875,0.294921875,-0.19921875,0.013671875,-0.099609375,0,0
1779626700.009035,-0.68359375,-0.04296875,0.294921875,-0.208984375,0.013671875,-0.06640625,0,0
1779626700.017062,-0.68359375,-0.03515625,0.296875,-0.208984375,0.013671875,-0.06640625,0,0
1779626700.025043,-0.68359375,-0.03515625,0.296875,-0.21875,0.013671875,-0.03515625,0,0
1779626700.033022,-0.68359375,-0.025390625,0.3046875,-0.21875,0.013671875,-0.03515625,0,0
1779626700.041078,-0.68359375,-0.025390625,0.3046875,-0.220703125,0.013671875,-0.0078125,0,0
1779626700.049046,-0.68359375,-0.015625,0.31640625,-0.220703125,0.013671875,-0.0078125,0,0
1779626700.057025,-0.68359375,-0.015625,0.31640625,-0.216796875,0.013671875,-0.0078125,0,0
1779626700.065039,-0.68359375,0.0,0.33203125,-0.216796875,0.013671875,-0.0078125,0,0
1779626700.073056,-0.68359375,0.0,0.33203125,-0.212890625,0.013671875,-0.0078125,0,0
1779626700.081096,-0.68359375,0.0,0.33984375,-0.212890625,0.013671875,-0.0078125,0,0
1779626700.089044,-0.68359375,0.0,0.33984375,-0.212890625,0.013671875,-0.0078125,0,0
1779626700.097022,-0.68359375,0.0,0.353515625,-0.212890625,0.013671875,-0.0078125,0,0
1779626700.105008,-0.68359375,0.0,0.353515625,-0.208984375,0.013671875,-0.0078125,0,0
1779626700.113030,-0.68359375,0.0,0.369140625,-0.208984375,0.013671875,-0.0078125,0,0
1779626700.121032,-0.68359375,0.0,0.369140625,-0.205078125,-0.00390625,-0.0078125,0,0
1779626700.129057,-0.68359375,0.0,0.384765625,-0.205078125,-0.00390625,-0.0078125,0,0
1779626700.137013,-0.68359375,0.0,0.384765625,-0.197265625,-0.013671875,-0.0078125,0,0
1779626700.145057,-0.68359375,0.0,0.390625,-0.197265625,-0.013671875,-0.0078125,0,0
1779626700.153016,-0.68359375,0.0,0.390625,-0.197265625,-0.0234375,-0.0078125,0,0
1779626700.161041,-0.68359375,0.0,0.39453125,-0.197265625,-0.0234375,-0.0078125,0,0
1779626700.169056,-0.68359375,0.0,0.39453125,-0.197265625,-0.02734375,-0.0078125,0,0
1779626700.177091,-0.68359375,0.0,0.39453125,-0.197265625,-0.02734375,-0.0078125,0,0
1779626700.185043,-0.68359375,0.0,0.39453125,-0.19921875,-0.03515625,-0.0078125,0,0
1779626700.193075,-0.68359375,0.0,0.39453125,-0.19921875,-0.03515625,-0.0078125,0,0
1779626700.201074,-0.68359375,0.0,0.39453125,-0.201171875,-0.03515625,-0.0078125,0,0
1779626700.209072,-0.68359375,0.0,0.39453125,-0.201171875,-0.03515625,-0.0078125,0,0
1779626700.217015,-0.68359375,0.0,0.39453125,-0.19921875,-0.03515625,-0.0078125,0,0
1779626700.225092,-0.68359375,0.0,0.3984375,-0.19921875,-0.03515625,-0.0078125,0,0
1779626700.233029,-0.68359375,0.0,0.3984375,-0.1953125,-0.03515625,-0.0078125,0,0
1779626700.241067,-0.68359375,0.0,0.40234375,-0.1953125,-0.03515625,-0.0078125,0,0
1779626700.249089,-0.68359375,0.0,0.40234375,-0.19140625,-0.03515625,-0.0078125,0,0
1779626700.257087,-0.68359375,0.0,0.404296875,-0.19140625,-0.03515625,-0.0078125,0,0
1779626700.265033,-0.68359375,0.0,0.404296875,-0.1875,-0.03515625,-0.0078125,0,0
1779626700.273119,-0.68359375,0.0,0.41015625,-0.1875,-0.03515625,-0.0078125,0,0
1779626700.281028,-0.68359375,0.0,0.41015625,-0.18359375,-0.03515625,-0.0078125,0,0
1779626700.289053,-0.68359375,0.0,0.421875,-0.18359375,-0.03515625,-0.0078125,0,0
1779626700.297022,-0.68359375,0.0,0.421875,-0.173828125,-0.037109375,-0.0078125,0,0
1779626700.305089,-0.68359375,0.0,0.4296875,-0.173828125,-0.037109375,-0.0078125,0,0
1779626700.313093,-0.68359375,0.0,0.4296875,-0.1640625,-0.046875,-0.0078125,0,0
1779626700.321100,-0.68359375,0.0,0.416015625,-0.1640625,-0.046875,-0.0078125,0,0
1779626700.329076,-0.68359375,0.0,0.416015625,-0.154296875,-0.0859375,-0.0078125,0,0
1779626700.337083,-0.68359375,0.076171875,0.373046875,-0.154296875,-0.0859375,-0.0078125,0,0
1779626700.345053,-0.68359375,0.076171875,0.373046875,-0.146484375,-0.12890625,-0.0078125,0,0
1779626700.353069,-0.6484375,0.154296875,0.30078125,-0.146484375,-0.12890625,-0.0078125,0,0
1779626700.361055,-0.6484375,0.154296875,0.30078125,-0.13671875,-0.15625,-0.0078125,0,0
1779626700.369020,-0.533203125,0.1875,0.271484375,-0.13671875,-0.15625,-0.0078125,0,0
1779626700.377049,-0.533203125,0.1875,0.271484375,-0.109375,-0.150390625,0.06640625,0,0
1779626700.385031,-0.40234375,0.14453125,0.23828125,-0.109375,-0.150390625,0.06640625,0,0
1779626700.393007,-0.40234375,0.14453125,0.23828125,-0.091796875,-0.1171875,0.111328125,0,0
1779626700.401064,-0.353515625,0.171875,0.2265625,-0.091796875,-0.1171875,0.111328125,0,0
1779626700.409038,-0.353515625,0.171875,0.2265625,-0.140625,-0.150390625,0.115234375,0,0
1779626700.417051,-0.251953125,0.09375,0.3046875,-0.140625,-0.150390625,0.115234375,0,0
1779626700.425024,-0.251953125,0.09375,0.3046875,-0.2109375,-0.095703125,0.11328125,0,0
1779626700.433029,-0.107421875,0.1484375,0.28125,-0.2109375,-0.095703125,0.11328125,0,0
1779626700.441072,-0.107421875,0.1484375,0.28125,-0.236328125,-0.076171875,0.080078125,0,0
1779626700.449004,-0.107421875,0.23046875,0.169921875,-0.236328125,-0.076171875,0.080078125,0,0
1779626700.457046,-0.107421875,0.23046875,0.169921875,-0.16015625,-0.009765625,0.1171875,0,0
1779626700.465034,-0.107421875,0.203125,0.1015625,-0.16015625,-0.009765625,0.1171875,0,0
1779626700.473027,-0.107421875,0.203125,0.1015625,-0.166015625,-0.009765625,0.14453125,0,0
1779626700.481040,-0.107421875,0.201171875,0.095703125,-0.166015625,-0.009765625,0.14453125,0,0
1779626700.489024,-0.107421875,0.201171875,0.095703125,-0.189453125,0.009765625,0.1796875,0,0
1779626700.497051,0.064453125,0.18359375,0.076171875,-0.189453125,0.009765625,0.1796875,0,0
1779626700.505010,0.064453125,0.18359375,0.076171875,-0.21484375,0.013671875,0.181640625,0,0
1779626700.513066,0.052734375,0.146484375,0.06640625,-0.21484375,0.013671875,0.181640625,0,0
1779626700.521089,0.052734375,0.146484375,0.06640625,-0.22265625,0.00390625,0.189453125,0,0
1779626700.529067,0.03515625,0.126953125,0.04296875,-0.22265625,0.00390625,0.189453125,0,0
1779626700.537092,0.03515625,0.126953125,0.04296875,-0.23046875,0.00390625,0.203125,0,0
1779626700.545051,0.0234375,0.13671875,0.03515625,-0.23046875,0.00390625,0.203125,0,0
1779626700.553046,0.0234375,0.13671875,0.03515625,-0.224609375,0.00390625,0.205078125,0,0
1779626700.561037,0.08984375,0.1328125,0.01953125,-0.224609375,0.00390625,0.205078125,0,0
1779626700.569031,0.08984375,0.1328125,0.01953125,-0.201171875,0.0703125,0.083984375,0,0
1779626700.585089,0.017578125,0.111328125,0.01953125,-0.201171875,0.0703125,0.083984375,0,1
1779626700.593064,0.017578125,0.111328125,0.01953125,-0.2109375,0.037109375,0.091796875,0,1
1779626700.601031,0.017578125,0.09375,0.01953125,-0.2109375,0.037109375,0.091796875,0,1
1779626700.608080,0.017578125,0.09375,0.01953125,-0.19921875,0.009765625,0.09375,0,1
1779626700.617051,0.017578125,0.0703125,0.01953125,-0.19921875,0.009765625,0.09375,0,1
1779626700.625004,0.017578125,0.0703125,0.01953125,-0.189453125,0.00390625,0.091796875,0,1
1779626700.633050,0.017578125,0.044921875,0.01953125,-0.189453125,0.00390625,0.091796875,0,1
1779626700.641062,0.017578125,0.044921875,0.01953125,-0.166015625,0.00390625,0.0859375,0,1
1779626700.649080,-0.005859375,0.033203125,0.01953125,-0.166015625,0.00390625,0.0859375,0,1
1779626700.657053,-0.005859375,0.033203125,0.01953125,-0.17578125,0.00390625,0.0859375,0,1
1779626700.664036,-0.025390625,0.044921875,0.01953125,-0.17578125,0.00390625,0.0859375,0,1
1779626700.673054,-0.025390625,0.044921875,0.01953125,-0.1796875,0.00390625,0.04296875,0,1
1779626700.681072,-0.005859375,0.0625,0.01953125,-0.1796875,0.00390625,0.04296875,0,1
1779626700.689072,-0.005859375,0.0625,0.01953125,-0.16015625,0.00390625,0.04296875,0,1
1779626700.697102,-0.005859375,0.072265625,0.01953125,-0.16015625,0.00390625,0.04296875,0,1
1779626700.705013,-0.005859375,0.072265625,0.01953125,-0.15625,0.00390625,0.04296875,0,1
1779626700.713064,-0.005859375,0.0859375,0.02734375,-0.15625,0.00390625,0.04296875,0,1
1779626700.721042,-0.005859375,0.0859375,0.02734375,-0.15625,0.00390625,0.04296875,0,1
1779626700.737059,0.021484375,0.13671875,0.013671875,-0.15625,0.00390625,0.04296875,0,0
1779626700.744981,0.021484375,0.13671875,0.013671875,-0.134765625,0.00390625,-0.048828125,0,0
1779626700.753062,0.056640625,0.171875,0.013671875,-0.134765625,0.00390625,-0.048828125,0,0
1779626700.761085,0.056640625,0.171875,0.013671875,-0.119140625,0.013671875,-0.0859375,0,0
1779626700.769057,0.060546875,0.18359375,0.015625,-0.119140625,0.013671875,-0.0859375,0,0
1779626700.777051,0.060546875,0.18359375,0.015625,-0.109375,0.01953125,-0.11328125,0,0
1779626700.785074,0.060546875,0.177734375,0.0078125,-0.109375,0.01953125,-0.11328125,0,0
1779626700.793070,0.060546875,0.177734375,0.0078125,-0.1015625,0.01953125,-0.185546875,0,0
1779626700.801091,0.009765625,0.16015625,0.0078125,-0.1015625,0.01953125,-0.185546875,0,0
1779626700.809095,0.009765625,0.16015625,0.0078125,-0.107421875,0.01953125,-0.294921875,0,0
1779626700.817053,-0.005859375,0.1875,0.0078125,-0.107421875,0.01953125,-0.294921875,0,0
1779626700.825019,-0.005859375,0.1875,0.0078125,-0.140625,0.01953125,-0.4453125,0,0
1779626700.833051,-0.005859375,0.16015625,0.0078125,-0.140625,0.01953125,-0.4453125,0,0
1779626700.841052,-0.005859375,0.16015625,0.0078125,-0.158203125,0.01953125,-0.501953125,0,0
1779626700.849063,-0.005859375,0.091796875,0.0078125,-0.158203125,0.01953125,-0.501953125,0,0
1779626700.857107,-0.005859375,0.091796875,0.0078125,-0.119140625,0.01953125,-0.578125,0,0
1779626700.865026,-0.005859375,0.091796875,0.015625,-0.119140625,0.01953125,-0.578125,0,0
1779626700.873033,-0.005859375,0.091796875,0.015625,-0.0859375,0.01953125,-0.65234375,0,0
1779626700.881091,-0.005859375,0.091796875,0.02734375,-0.0859375,0.01953125,-0.65234375,0,0
1779626700.889034,-0.005859375,0.091796875,0.02734375,-0.0546875,0.01953125,-0.68359375,0,0
1779626700.897091,-0.005859375,0.091796875,0.03125,-0.0546875,0.01953125,-0.68359375,0,0
1779626700.905035,-0.005859375,0.091796875,0.03125,-0.044921875,0.01953125,-0.68359375,0,0
1779626700.913033,-0.005859375,0.091796875,0.03125,-0.044921875,0.01953125,-0.68359375,0,0
1779626700.921028,-0.005859375,0.091796875,0.03125,-0.041015625,0.01953125,-0.68359375,0,0
1779626700.929028,-0.005859375,0.091796875,0.033203125,-0.041015625,0.01953125,-0.68359375,0,0
1779626700.937053,-0.005859375,0.091796875,0.033203125,-0.041015625,0.01953125,-0.68359375,0,0
1779626700.945054,-0.005859375,0.091796875,0.033203125,-0.041015625,0.01953125,-0.68359375,0,0
1779626700.953016,-0.005859375,0.091796875,0.033203125,-0.041015625,0.01953125,-0.68359375,0,0
1779626700.961071,-0.005859375,0.091796875,0.033203125,-0.041015625,0.01953125,-0.68359375,0,0
1779626700.969052,-0.005859375,0.091796875,0.033203125,-0.03515625,0.01953125,-0.68359375,0,0
1779626700.977084,-0.005859375,0.091796875,0.03515625,-0.03515625,0.01953125,-0.68359375,0,0
1779626700.985046,-0.005859375,0.091796875,0.03515625,-0.033203125,0.01953125,-0.68359375,0,0
1779626700.993088,-0.005859375,0.091796875,0.03515625,-0.033203125,0.01953125,-0.68359375,0,0
1779626701.001104,-0.005859375,0.091796875,0.03515625,-0.033203125,0.01953125,-0.68359375,0,0
1779626701.009020,-0.005859375,0.091796875,0.03515625,-0.033203125,0.01953125,-0.68359375,0,0
1779626701.017101,-0.005859375,0.091796875,0.03515625,-0.03125,0.01953125,-0.68359375,0,0
1779626701.025088,-0.005859375,0.091796875,0.037109375,-0.03125,0.01953125,-0.68359375,0,0
1779626701.033015,-0.005859375,0.091796875,0.037109375,-0.02734375,0.01953125,-0.68359375,0,0
1779626701.041067,-0.005859375,0.091796875,0.037109375,-0.02734375,0.01953125,-0.68359375,0,0
1779626701.049032,-0.005859375,0.091796875,0.037109375,-0.025390625,0.01953125,-0.68359375,0,0
1779626701.057033,-0.005859375,0.091796875,0.0390625,-0.025390625,0.01953125,-0.68359375,0,0
1779626701.064994,-0.005859375,0.091796875,0.0390625,-0.025390625,0.01953125,-0.68359375,0,0
1779626701.073066,-0.005859375,0.091796875,0.0390625,-0.025390625,0.01953125,-0.68359375,0,0
1779626701.081038,-0.005859375,0.091796875,0.0390625,-0.02734375,0.01953125,-0.68359375,0,0
1779626701.089085,-0.005859375,0.091796875,0.037109375,-0.02734375,0.01953125,-0.68359375,0,0
1779626701.097034,-0.005859375,0.091796875,0.037109375,-0.02734375,0.01953125,-0.68359375,0,0
1779626701.105126,-0.005859375,0.091796875,0.037109375,-0.02734375,0.01953125,-0.68359375,0,0
1779626701.113007,-0.005859375,0.091796875,0.037109375,-0.02734375,0.01953125,-0.68359375,0,0
1779626701.121024,-0.005859375,0.091796875,0.037109375,-0.02734375,0.01953125,-0.68359375,0,0
1779626701.129019,-0.005859375,0.091796875,0.037109375,-0.02734375,0.01953125,-0.68359375,0,0
1779626701.137041,-0.005859375,0.091796875,0.0390625,-0.02734375,0.01953125,-0.68359375,0,0
1779626701.145036,-0.005859375,0.091796875,0.0390625,-0.0234375,0.01953125,-0.68359375,0,0
1779626701.152988,-0.005859375,0.091796875,0.0390625,-0.0234375,0.01953125,-0.68359375,0,0
1779626701.161026,-0.005859375,0.091796875,0.0390625,-0.0234375,0.01953125,-0.68359375,0,0
1779626701.169043,-0.005859375,0.091796875,0.04296875,-0.0234375,0.01953125,-0.68359375,0,0
1779626701.177064,-0.005859375,0.091796875,0.04296875,-0.021484375,0.01953125,-0.68359375,0,0
1779626701.185067,-0.005859375,0.091796875,0.04296875,-0.021484375,0.01953125,-0.68359375,0,0
1779626701.193025,-0.005859375,0.091796875,0.04296875,-0.021484375,0.01953125,-0.68359375,0,0
1779626701.201045,-0.005859375,0.091796875,0.04296875,-0.021484375,0.01953125,-0.68359375,0,0
1779626701.209022,-0.005859375,0.091796875,0.04296875,-0.021484375,0.01953125,-0.68359375,0,0
1779626701.217038,-0.005859375,0.091796875,0.04296875,-0.021484375,0.01953125,-0.68359375,0,0
1779626701.225075,-0.005859375,0.091796875,0.04296875,-0.021484375,0.01953125,-0.68359375,0,0
1779626701.233016,-0.005859375,0.091796875,0.04296875,-0.021484375,0.01953125,-0.68359375,0,0
1779626701.241040,-0.005859375,0.091796875,0.04296875,-0.01953125,0.01953125,-0.68359375,0,0
1779626701.249027,-0.005859375,0.091796875,0.044921875,-0.01953125,0.01953125,-0.68359375,0,0
1779626701.257037,-0.005859375,0.091796875,0.044921875,-0.01953125,0.01953125,-0.68359375,0,0
1779626701.265021,-0.005859375,0.091796875,0.044921875,-0.01953125,0.01953125,-0.68359375,0,0
1779626701.273049,-0.005859375,0.091796875,0.044921875,-0.01953125,0.01953125,-0.68359375,0,0
1779626701.281032,-0.005859375,0.091796875,0.044921875,-0.01953125,0.01953125,-0.68359375,0,0
1779626701.289062,-0.005859375,0.091796875,0.044921875,-0.01953125,0.01953125,-0.68359375,0,0
1779626701.297055,-0.005859375,0.091796875,0.044921875,-0.01953125,0.01953125,-0.68359375,0,0
1779626701.305030,-0.005859375,0.091796875,0.044921875,-0.01953125,0.01953125,-0.68359375,0,0
1779626701.313076,-0.005859375,0.091796875,0.044921875,-0.01953125,0.01953125,-0.68359375,0,0
1779626701.321036,-0.005859375,0.091796875,0.044921875,-0.015625,0.01953125,-0.68359375,0,0
1779626701.329094,-0.005859375,0.091796875,0.044921875,-0.015625,0.01953125,-0.68359375,0,0
1779626701.337068,-0.005859375,0.091796875,0.044921875,-0.017578125,0.01953125,-0.68359375,0,0
1779626701.345068,-0.005859375,0.091796875,0.046875,-0.017578125,0.01953125,-0.68359375,0,0
1779626701.353098,-0.005859375,0.091796875,0.046875,-0.017578125,0.01953125,-0.68359375,0,0
1779626701.361020,-0.005859375,0.091796875,0.048828125,-0.017578125,0.01953125,-0.68359375,0,0
1779626701.369093,-0.005859375,0.091796875,0.048828125,-0.017578125,0.01953125,-0.68359375,0,0
1779626701.377082,-0.005859375,0.091796875,0.048828125,-0.017578125,0.01953125,-0.68359375,0,0
1779626701.385042,-0.005859375,0.091796875,0.048828125,-0.017578125,0.01953125,-0.68359375,0,0
1779626701.393029,-0.005859375,0.091796875,0.048828125,-0.017578125,0.01953125,-0.68359375,0,0
1779626701.401057,-0.005859375,0.091796875,0.048828125,-0.017578125,0.01953125,-0.68359375,0,0
1779626701.409075,-0.005859375,0.091796875,0.048828125,-0.017578125,0.01953125,-0.68359375,0,0
1779626701.417054,-0.005859375,0.091796875,0.048828125,-0.017578125,0.01953125,-0.68359375,0,0
1779626701.425031,-0.005859375,0.091796875,0.05078125,-0.017578125,0.01953125,-0.68359375,0,0
1779626701.433074,-0.005859375,0.091796875,0.05078125,-0.017578125,0.01953125,-0.68359375,0,0
1779626701.441091,-0.005859375,0.091796875,0.05078125,-0.017578125,0.01953125,-0.68359375,0,0
1779626701.449083,-0.005859375,0.091796875,0.05078125,-0.017578125,0.01953125,-0.68359375,0,0
1779626701.457021,-0.005859375,0.091796875,0.05078125,-0.017578125,0.01953125,-0.68359375,0,0
1779626701.465045,-0.005859375,0.091796875,0.05078125,-0.017578125,0.01953125,-0.68359375,0,0
1779626701.473047,-0.005859375,0.091796875,0.05078125,-0.017578125,0.01953125,-0.68359375,0,0
1779626701.481060,-0.005859375,0.091796875,0.05078125,-0.017578125,0.01953125,-0.68359375,0,0
1779626701.489042,-0.005859375,0.091796875,0.05078125,-0.017578125,0.01953125,-0.68359375,0,0
1779626701.497075,-0.005859375,0.091796875,0.05078125,-0.017578125,0.01953125,-0.68359375,0,0
1779626701.505071,-0.005859375,0.091796875,0.05078125,-0.017578125,0.01953125,-0.68359375,0,0
1779626701.513038,-0.005859375,0.091796875,0.05078125,-0.017578125,0.01953125,-0.68359375,0,0
1779626701.521025,-0.005859375,0.091796875,0.05078125,-0.017578125,0.01953125,-0.68359375,0,0
1779626701.529046,-0.005859375,0.091796875,0.05078125,-0.017578125,0.01953125,-0.68359375,0,0
1779626701.537061,-0.005859375,0.091796875,0.052734375,-0.017578125,0.01953125,-0.68359375,0,0
1779626701.544087,-0.005859375,0.091796875,0.052734375,-0.017578125,0.01953125,-0.68359375,0,0
1779626701.553099,-0.005859375,0.091796875,0.052734375,-0.017578125,0.01953125,-0.68359375,0,0
1779626701.561122,-0.005859375,0.091796875,0.052734375,-0.015625,0.01953125,-0.68359375,0,0
1779626701.568079,-0.005859375,0.091796875,0.0546875,-0.015625,0.01953125,-0.68359375,0,0
1779626701.577072,-0.005859375,0.091796875,0.0546875,-0.015625,0.01953125,-0.68359375,0,0
1779626701.585126,-0.005859375,0.091796875,0.056640625,-0.015625,0.01953125,-0.68359375,0,0
1779626701.593103,-0.005859375,0.091796875,0.056640625,-0.01171875,0.01953125,-0.68359375,0,0
1779626701.600093,-0.005859375,0.091796875,0.056640625,-0.01171875,0.01953125,-0.68359375,0,0
1779626701.609025,-0.005859375,0.091796875,0.056640625,-0.01171875,0.01953125,-0.68359375,0,0
1779626701.617029,-0.005859375,0.091796875,0.05859375,-0.01171875,0.01953125,-0.68359375,0,0
1779626701.625023,-0.005859375,0.091796875,0.05859375,-0.01171875,0.01953125,-0.68359375,0,0
1779626701.633096,-0.005859375,0.091796875,0.05859375,-0.01171875,0.01953125,-0.68359375,0,0
1779626701.641051,-0.005859375,0.091796875,0.05859375,-0.01171875,0.01953125,-0.68359375,0,0
1779626701.649094,-0.005859375,0.091796875,0.05859375,-0.01171875,0.01953125,-0.68359375,0,0
1779626701.657027,-0.005859375,0.091796875,0.05859375,-0.01171875,0.01953125,-0.68359375,0,0
1779626701.665068,-0.005859375,0.091796875,0.060546875,-0.01171875,0.01953125,-0.68359375,0,0
1779626701.673021,-0.005859375,0.091796875,0.060546875,-0.01171875,0.01953125,-0.68359375,0,0
1779626701.681023,-0.005859375,0.091796875,0.060546875,-0.01171875,0.01953125,-0.68359375,0,0
1779626701.689065,-0.005859375,0.091796875,0.060546875,-0.009765625,0.01953125,-0.68359375,0,0
1779626701.697041,-0.005859375,0.091796875,0.06640625,-0.009765625,0.01953125,-0.68359375,0,0
1779626701.705077,-0.005859375,0.091796875,0.06640625,-0.005859375,0.01953125,-0.68359375,0,0
1779626701.713071,-0.005859375,0.091796875,0.06640625,-0.005859375,0.01953125,-0.68359375,0,0
1779626701.721026,-0.005859375,0.091796875,0.06640625,-0.00390625,0.01953125,-0.68359375,0,0
1779626701.729054,-0.005859375,0.091796875,0.06640625,-0.00390625,0.01953125,-0.68359375,0,0
1779626701.737075,-0.005859375,0.091796875,0.06640625,-0.00390625,0.01953125,-0.68359375,0,0
1779626701.745123,-0.005859375,0.091796875,0.06640625,-0.00390625,0.01953125,-0.68359375,0,0
1779626701.753050,-0.005859375,0.091796875,0.06640625,-0.00390625,0.01953125,-0.68359375,0,0
1779626701.761032,-0.005859375,0.091796875,0.06640625,-0.00390625,0.01953125,-0.68359375,0,0
1779626701.769053,-0.005859375,0.091796875,0.06640625,-0.00390625,0.01953125,-0.68359375,0,0
1779626701.777086,-0.005859375,0.091796875,0.06640625,-0.00390625,0.01953125,-0.68359375,0,0
1779626701.785064,-0.005859375,0.091796875,0.06640625,-0.00390625,0.01953125,-0.68359375,0,0
1779626701.793042,-0.005859375,0.091796875,0.06640625,-0.00390625,0.01953125,-0.68359375,0,0
1779626701.801028,-0.005859375,0.091796875,0.06640625,-0.00390625,0.01953125,-0.68359375,0,0
1779626701.809029,-0.005859375,0.091796875,0.06640625,-0.00390625,0.01953125,-0.68359375,0,0
1779626701.817064,-0.005859375,0.091796875,0.06640625,-0.00390625,0.01953125,-0.68359375,0,0
1779626701.825061,-0.005859375,0.091796875,0.06640625,-0.00390625,0.01953125,-0.68359375,0,0
1779626701.832056,-0.005859375,0.091796875,0.06640625,-0.00390625,0.01953125,-0.68359375,0,0
1779626701.841072,-0.005859375,0.091796875,0.06640625,-0.00390625,0.01953125,-0.68359375,0,0
1779626701.849047,-0.005859375,0.091796875,0.06640625,-0.00390625,0.01953125,-0.68359375,0,0
1779626701.857014,-0.005859375,0.091796875,0.06640625,-0.00390625,0.01953125,-0.68359375,0,0
1779626701.864995,-0.005859375,0.091796875,0.06640625,-0.00390625,0.01953125,-0.68359375,0,0
1779626701.873049,-0.005859375,0.091796875,0.06640625,-0.00390625,0.01953125,-0.68359375,0,0
1779626701.881060,-0.005859375,0.091796875,0.06640625,-0.00390625,0.01953125,-0.68359375,0,0
1779626701.889041,-0.005859375,0.091796875,0.06640625,-0.00390625,0.01953125,-0.68359375,0,0
1779626701.897065,-0.005859375,0.091796875,0.06640625,-0.00390625,0.01953125,-0.68359375,0,0
1779626701.905041,-0.005859375,0.091796875,0.06640625,-0.00390625,0.01953125,-0.68359375,0,0
1779626701.912988,-0.005859375,0.091796875,0.06640625,-0.00390625,0.01953125,-0.68359375,0,0
1779626701.921031,-0.005859375,0.091796875,0.06640625,-0.00390625,0.01953125,-0.68359375,0,0
1779626701.929038,-0.005859375,0.091796875,0.06640625,0.0,0.01953125,-0.68359375,0,0
1779626701.937036,-0.005859375,0.091796875,0.068359375,0.0,0.01953125,-0.68359375,0,0
1779626701.945107,-0.005859375,0.091796875,0.068359375,0.0,0.01953125,-0.68359375,0,0
1779626701.953080,-0.005859375,0.091796875,0.068359375,0.0,0.01953125,-0.68359375,0,0
1779626701.961030,-0.005859375,0.091796875,0.068359375,0.0,0.01953125,-0.68359375,0,0
1779626701.968976,-0.005859375,0.091796875,0.0703125,0.0,0.01953125,-0.68359375,0,0
1779626701.977113,-0.005859375,0.091796875,0.0703125,0.0,0.01953125,-0.68359375,0,0
1779626701.985085,-0.005859375,0.091796875,0.0703125,0.0,0.01953125,-0.68359375,0,0
1779626701.993037,-0.005859375,0.091796875,0.0703125,0.0,0.01953125,-0.68359375,0,0
1779626702.001081,-0.005859375,0.091796875,0.0703125,0.0,0.01953125,-0.68359375,0,0
1779626702.009022,-0.005859375,0.091796875,0.0703125,0.0,0.01953125,-0.68359375,0,0
1779626702.017089,-0.005859375,0.091796875,0.072265625,0.0,0.01953125,-0.68359375,0,0
1779626702.025034,-0.005859375,0.091796875,0.072265625,0.0,0.01953125,-0.68359375,0,0
1779626702.033068,-0.005859375,0.091796875,0.078125,0.0,0.01953125,-0.68359375,0,0
1779626702.041042,-0.005859375,0.091796875,0.078125,0.0,0.01953125,-0.68359375,0,0
1779626702.049052,-0.005859375,0.091796875,0.08203125,0.0,0.01953125,-0.68359375,0,0
1779626702.057084,-0.005859375,0.091796875,0.08203125,0.0,0.01953125,-0.68359375,0,0
1779626702.065058,-0.005859375,0.091796875,0.08203125,0.0,0.01953125,-0.68359375,0,0
1779626702.073071,-0.005859375,0.091796875,0.08203125,0.0,0.01953125,-0.68359375,0,0
1779626702.081081,-0.005859375,0.091796875,0.08203125,0.0,0.01953125,-0.68359375,0,0
1779626702.089105,-0.005859375,0.091796875,0.08203125,0.0,0.01953125,-0.68359375,0,0
1779626702.097045,-0.005859375,0.091796875,0.08203125,0.0,0.01953125,-0.68359375,0,0
1779626702.105057,-0.005859375,0.091796875,0.08203125,0.0,0.01953125,-0.68359375,0,0
1779626702.113082,-0.005859375,0.091796875,0.080078125,0.0,0.01953125,-0.68359375,0,0
1779626702.121081,-0.005859375,0.091796875,0.080078125,0.0,0.01953125,-0.68359375,0,0
1779626702.129026,-0.005859375,0.091796875,0.080078125,0.0,0.01953125,-0.68359375,0,0
1779626702.137020,-0.005859375,0.091796875,0.080078125,0.0,0.01953125,-0.68359375,0,0
1779626702.145035,-0.005859375,0.091796875,0.080078125,0.0,0.01953125,-0.68359375,0,0
1779626702.152968,-0.005859375,0.091796875,0.080078125,0.0,0.01953125,-0.68359375,0,0
1779626702.161033,-0.005859375,0.091796875,0.08203125,0.0,0.01953125,-0.68359375,0,0
1779626702.169050,-0.005859375,0.091796875,0.08203125,0.0,0.01953125,-0.68359375,0,0
1779626702.177119,-0.005859375,0.091796875,0.08203125,0.0,0.01953125,-0.68359375,0,0
1779626702.185091,-0.005859375,0.091796875,0.08203125,0.0,0.01953125,-0.68359375,0,0
1779626702.193024,-0.005859375,0.091796875,0.08203125,0.0,0.01953125,-0.68359375,0,0
1779626702.201006,-0.005859375,0.091796875,0.08203125,0.0,0.01953125,-0.68359375,0,0
1779626702.208986,-0.005859375,0.091796875,0.08203125,0.0,0.01953125,-0.68359375,0,0
1779626702.217088,-0.005859375,0.091796875,0.08203125,0.0,0.01953125,-0.68359375,0,0
1779626702.225071,-0.005859375,0.091796875,0.080078125,0.0,0.01953125,-0.68359375,0,0
1779626702.233058,-0.005859375,0.091796875,0.080078125,0.0,0.01953125,-0.68359375,0,0
1779626702.241101,-0.005859375,0.091796875,0.078125,0.0,0.01953125,-0.68359375,0,0
1779626702.249064,-0.005859375,0.091796875,0.078125,0.0,0.01953125,-0.68359375,0,0
1779626702.257046,-0.005859375,0.091796875,0.07421875,0.0,0.01953125,-0.68359375,0,0
1779626702.265024,-0.005859375,0.091796875,0.07421875,0.0,0.01953125,-0.68359375,0,0
1779626702.273104,-0.005859375,0.091796875,0.0703125,0.0,0.01953125,-0.68359375,0,0
1779626702.281022,-0.005859375,0.091796875,0.0703125,0.0,0.01953125,-0.68359375,0,0
1779626702.289051,-0.005859375,0.091796875,0.068359375,0.0,0.01953125,-0.68359375,0,0
1779626702.297089,-0.005859375,0.091796875,0.068359375,0.0,0.01953125,-0.68359375,0,0
1779626702.305060,-0.005859375,0.091796875,0.068359375,0.0,0.01953125,-0.68359375,0,0
1779626702.313051,-0.005859375,0.091796875,0.068359375,0.0,0.01953125,-0.68359375,0,0
1779626702.321037,-0.005859375,0.091796875,0.068359375,0.0,0.01953125,-0.68359375,0,0
1779626702.329034,-0.005859375,0.091796875,0.068359375,0.0,0.01953125,-0.68359375,0,0
1779626702.337080,-0.005859375,0.091796875,0.0703125,0.0,0.01953125,-0.68359375,0,0
1779626702.345069,-0.005859375,0.091796875,0.0703125,0.0,0.01953125,-0.68359375,0,0
1779626702.353072,-0.005859375,0.091796875,0.0703125,0.0,0.01953125,-0.68359375,0,0
1779626702.361008,-0.005859375,0.091796875,0.0703125,0.0,0.01953125,-0.68359375,0,0
1779626702.369035,-0.005859375,0.091796875,0.068359375,0.0,0.01953125,-0.68359375,0,0
1779626702.377003,-0.005859375,0.091796875,0.068359375,0.0,0.01953125,-0.68359375,0,0
1779626702.385063,-0.005859375,0.091796875,0.06640625,0.0,0.01953125,-0.68359375,0,0
1779626702.393028,-0.005859375,0.091796875,0.06640625,0.0,0.01953125,-0.68359375,0,0
1779626702.401051,-0.005859375,0.0,0.064453125,0.0,0.01953125,-0.68359375,0,0
1779626702.409031,-0.005859375,0.0,0.064453125,0.0,0.01953125,-0.68359375,0,0
1779626702.417074,-0.005859375,0.0,0.064453125,0.0,0.01953125,-0.68359375,0,0
1779626702.425084,-0.005859375,0.0,0.064453125,0.0,0.01953125,-0.68359375,0,0
1779626702.432998,-0.005859375,0.0,0.064453125,0.0,0.01953125,-0.68359375,0,0
1779626702.441070,-0.005859375,0.0,0.064453125,-0.00390625,0.01953125,-0.68359375,0,0
1779626702.449030,-0.005859375,0.0,0.064453125,-0.00390625,0.01953125,-0.68359375,0,0
1779626702.457034,-0.005859375,0.0,0.064453125,-0.00390625,0.01953125,-0.68359375,0,0
1779626702.465013,-0.005859375,-0.00390625,0.060546875,-0.00390625,0.01953125,-0.68359375,0,0
1779626702.473044,-0.005859375,-0.00390625,0.060546875,-0.005859375,0.01953125,-0.68359375,0,0
1779626702.481028,-0.005859375,-0.013671875,0.052734375,-0.005859375,0.01953125,-0.68359375,0,0
1779626702.489067,-0.005859375,-0.013671875,0.052734375,-0.01171875,0.01953125,-0.681640625,0,0
1779626702.497041,-0.005859375,-0.0234375,0.041015625,-0.01171875,0.01953125,-0.681640625,0,0
1779626702.505036,-0.005859375,-0.0234375,0.041015625,-0.017578125,0.01953125,-0.673828125,0,0
1779626702.513040,-0.005859375,-0.03125,0.03125,-0.017578125,0.01953125,-0.673828125,0,0
1779626702.521040,-0.005859375,-0.03125,0.03125,-0.0234375,0.01953125,-0.666015625,0,0
1779626702.529058,-0.005859375,-0.037109375,0.03125,-0.0234375,0.01953125,-0.666015625,0,0
1779626702.537086,-0.005859375,-0.037109375,0.03125,-0.0234375,0.01953125,-0.662109375,0,0
1779626702.545109,-0.005859375,-0.056640625,0.0234375,-0.0234375,0.01953125,-0.662109375,0,0
1779626702.553114,-0.005859375,-0.056640625,0.0234375,-0.03125,0.01953125,-0.640625,0,0
1779626702.560995,0.0,-0.0703125,0.015625,-0.03125,0.01953125,-0.640625,0,0
1779626702.569098,0.0,-0.0703125,0.015625,-0.0390625,0.01953125,-0.626953125,0,0
1779626702.577067,-0.013671875,-0.08203125,0.01171875,-0.0390625,0.01953125,-0.626953125,0,0
1779626702.585064,-0.013671875,-0.08203125,0.01171875,-0.04296875,0.01953125,-0.61328125,0,0
1779626702.593028,-0.01953125,-0.087890625,0.009765625,-0.04296875,0.01953125,-0.61328125,0,0
1779626702.601038,-0.01953125,-0.087890625,0.009765625,-0.046875,0.01953125,-0.60546875,0,0
1779626702.609048,-0.021484375,-0.08984375,0.0078125,-0.046875,0.01953125,-0.60546875,0,0
1779626702.617096,-0.021484375,-0.08984375,0.0078125,-0.046875,0.01953125,-0.60546875,0,0
1779626702.625017,-0.021484375,-0.08984375,0.009765625,-0.046875,0.01953125,-0.60546875,0,0
1779626702.633036,-0.021484375,-0.08984375,0.009765625,-0.0390625,0.01953125,-0.607421875,0,0
1779626702.641078,-0.025390625,-0.08984375,0.009765625,-0.0390625,0.01953125,-0.607421875,0,0
1779626702.649079,-0.025390625,-0.08984375,0.009765625,-0.03125,0.01953125,-0.611328125,0,0
1779626702.657099,-0.0234375,-0.087890625,0.009765625,-0.03125,0.01953125,-0.611328125,0,0
1779626702.665049,-0.0234375,-0.087890625,0.009765625,-0.02734375,0.01953125,-0.615234375,0,0
1779626702.673059,-0.021484375,-0.087890625,0.005859375,-0.02734375,0.01953125,-0.615234375,0,0
1779626702.681097,-0.021484375,-0.087890625,0.005859375,-0.017578125,0.01953125,-0.62109375,0,0
1779626702.689067,-0.017578125,-0.083984375,0.005859375,-0.017578125,0.01953125,-0.62109375,0,0
1779626702.697029,-0.017578125,-0.083984375,0.005859375,-0.00390625,0.01953125,-0.62890625,0,0
1779626702.705123,-0.013671875,-0.078125,0.005859375,-0.00390625,0.01953125,-0.62890625,0,0
1779626702.713015,-0.013671875,-0.078125,0.005859375,-0.00390625,0.01953125,-0.640625,0,0
1779626702.720998,-0.0078125,-0.07421875,0.005859375,-0.00390625,0.01953125,-0.640625,0,0
1779626702.729093,-0.0078125,-0.07421875,0.005859375,-0.00390625,0.01953125,-0.64453125,0,0
1779626702.737130,-0.005859375,-0.07421875,0.005859375,-0.00390625,0.01953125,-0.64453125,0,0
1779626702.745064,-0.005859375,-0.07421875,0.005859375,-0.00390625,0.01953125,-0.6484375,0,0
1779626702.753099,-0.00390625,-0.07421875,0.005859375,-0.00390625,0.01953125,-0.6484375,0,0
1779626702.761010,-0.00390625,-0.07421875,0.005859375,-0.00390625,0.01953125,-0.650390625,0,0
1779626702.769034,-0.00390625,-0.07421875,0.005859375,-0.00390625,0.01953125,-0.650390625,0,0
1779626702.777062,-0.00390625,-0.07421875,0.005859375,-0.00390625,0.01953125,-0.650390625,0,0
1779626702.785089,-0.00390625,-0.07421875,0.005859375,-0.00390625,0.01953125,-0.650390625,0,0
1779626702.793047,-0.00390625,-0.07421875,0.005859375,-0.00390625,0.01953125,-0.65234375,0,0
1779626702.801084,-0.00390625,-0.07421875,0.005859375,-0.00390625,0.01953125,-0.65234375,0,0
1779626702.809098,-0.00390625,-0.07421875,0.005859375,-0.00390625,0.01953125,-0.65234375,0,0
1779626702.817044,-0.00390625,-0.078125,0.005859375,-0.00390625,0.01953125,-0.65234375,0,0
1779626702.825033,-0.00390625,-0.078125,0.005859375,-0.00390625,0.01953125,-0.6484375,0,0
1779626702.833077,-0.00390625,-0.080078125,0.005859375,-0.00390625,0.01953125,-0.6484375,0,0
1779626702.841080,-0.00390625,-0.080078125,0.005859375,-0.00390625,0.01953125,-0.64453125,0,0
1779626702.849107,-0.00390625,-0.080078125,0.005859375,-0.00390625,0.01953125,-0.64453125,0,0
1779626702.857081,-0.00390625,-0.080078125,0.005859375,-0.00390625,0.01953125,-0.646484375,0,0
1779626702.865074,-0.005859375,-0.080078125,0.005859375,-0.00390625,0.01953125,-0.646484375,0,0
1779626702.873049,-0.005859375,-0.080078125,0.005859375,-0.00390625,0.01953125,-0.650390625,0,0
1779626702.881084,-0.005859375,-0.078125,0.005859375,-0.00390625,0.01953125,-0.650390625,0,0
1779626702.889068,-0.005859375,-0.078125,0.005859375,-0.00390625,0.01953125,-0.65234375,0,0
1779626702.897023,-0.0078125,-0.078125,0.005859375,-0.00390625,0.01953125,-0.65234375,0,0
1779626702.905064,-0.0078125,-0.078125,0.005859375,-0.00390625,0.01953125,-0.654296875,0,0
1779626702.913058,-0.0078125,-0.078125,0.005859375,-0.00390625,0.01953125,-0.654296875,0,0
1779626702.921063,-0.0078125,-0.078125,0.005859375,-0.00390625,0.01953125,-0.654296875,0,0
1779626702.929077,-0.0078125,-0.078125,0.005859375,-0.00390625,0.01953125,-0.654296875,0,0
1779626702.937029,-0.0078125,-0.078125,0.005859375,-0.00390625,0.01953125,-0.65625,0,0
1779626702.945081,-0.005859375,-0.07421875,0.005859375,-0.00390625,0.01953125,-0.65625,0,0
1779626702.953124,-0.005859375,-0.07421875,0.005859375,-0.00390625,0.01953125,-0.66015625,0,0
1779626702.961076,-0.005859375,-0.0703125,0.005859375,-0.00390625,0.01953125,-0.66015625,0,0
1779626702.969052,-0.005859375,-0.0703125,0.005859375,-0.00390625,0.01953125,-0.666015625,0,0
1779626702.977032,-0.005859375,-0.06640625,0.005859375,-0.00390625,0.01953125,-0.666015625,0,0
1779626702.985049,-0.005859375,-0.06640625,0.005859375,-0.00390625,0.01953125,-0.669921875,0,0
1779626702.993089,-0.005859375,-0.064453125,0.005859375,-0.00390625,0.01953125,-0.669921875,0,0
1779626703.000077,-0.005859375,-0.064453125,0.005859375,-0.00390625,0.01953125,-0.673828125,0,0
1779626703.009041,-0.005859375,-0.05859375,0.005859375,-0.00390625,0.01953125,-0.673828125,0,0
1779626703.017034,-0.005859375,-0.05859375,0.005859375,-0.00390625,0.01953125,-0.6796875,0,0
1779626703.025025,-0.005859375,-0.052734375,0.005859375,-0.00390625,0.01953125,-0.6796875,0,0
1779626703.033035,-0.005859375,-0.052734375,0.005859375,-0.00390625,0.01953125,-0.68359375,0,0
1779626703.041083,-0.005859375,-0.044921875,0.005859375,-0.00390625,0.01953125,-0.68359375,0,0
1779626703.049051,-0.005859375,-0.044921875,0.005859375,-0.00390625,0.01953125,-0.68359375,0,0
1779626703.057062,-0.005859375,-0.044921875,0.005859375,-0.00390625,0.01953125,-0.68359375,0,0
1779626703.065030,-0.005859375,-0.044921875,0.005859375,-0.00390625,0.01953125,-0.68359375,0,0
1779626703.073042,-0.005859375,-0.041015625,0.005859375,-0.00390625,0.01953125,-0.68359375,0,0
1779626703.081149,-0.005859375,-0.041015625,0.005859375,0.0,0.01953125,-0.68359375,0,0
1779626703.089063,-0.005859375,-0.037109375,0.005859375,0.0,0.01953125,-0.68359375,0,0
1779626703.097099,-0.005859375,-0.037109375,0.005859375,0.0,0.01953125,-0.68359375,0,0
1779626703.105101,-0.005859375,-0.03515625,0.005859375,0.0,0.01953125,-0.68359375,0,0
1779626703.113077,-0.005859375,-0.03515625,0.005859375,0.0,0.01953125,-0.68359375,0,0
1779626703.121060,-0.005859375,-0.02734375,0.005859375,0.0,0.01953125,-0.68359375,0,0
1779626703.129133,-0.005859375,-0.02734375,0.005859375,0.0,0.01953125,-0.68359375,0,0
1779626703.137117,-0.005859375,-0.01953125,0.005859375,0.0,0.01953125,-0.68359375,0,0
1779626703.145082,-0.005859375,-0.01953125,0.005859375,0.0,0.01953125,-0.68359375,0,0
1779626703.153083,-0.005859375,-0.013671875,0.005859375,0.0,0.01953125,-0.68359375,0,0
1779626703.161047,-0.005859375,-0.013671875,0.005859375,0.0,0.0,-0.68359375,0,0
1779626703.169079,-0.005859375,-0.01171875,0.005859375,0.0,0.0,-0.68359375,0,0
1779626703.177082,-0.005859375,-0.01171875,0.005859375,0.0,0.0,-0.68359375,0,0
1779626703.185114,-0.005859375,-0.009765625,0.005859375,0.0,0.0,-0.68359375,0,0
1779626703.193054,-0.005859375,-0.009765625,0.005859375,0.0,-0.00390625,-0.68359375,0,0
1779626703.201014,-0.005859375,-0.005859375,0.005859375,0.0,-0.00390625,-0.68359375,0,0
1779626703.209057,-0.005859375,-0.005859375,0.005859375,0.0,-0.00390625,-0.68359375,0,0
1779626703.217071,-0.005859375,-0.0078125,0.005859375,0.0,-0.00390625,-0.68359375,0,0
1779626703.225019,-0.005859375,-0.0078125,0.005859375,0.0,-0.00390625,-0.68359375,0,0
1779626703.233048,-0.005859375,-0.0078125,0.005859375,0.0,-0.00390625,-0.68359375,0,0
1779626703.241081,-0.005859375,-0.0078125,0.005859375,0.0,-0.00390625,-0.68359375,0,0
1779626703.249064,-0.005859375,-0.0078125,0.005859375,0.0,-0.00390625,-0.68359375,0,0
1779626703.257087,-0.005859375,-0.0078125,0.005859375,0.0,-0.00390625,-0.68359375,0,0
1779626703.265051,-0.005859375,-0.0078125,0.005859375,0.0,-0.00390625,-0.68359375,0,0
1779626703.273068,-0.005859375,-0.0078125,0.005859375,0.0,-0.00390625,-0.68359375,0,0
1779626703.281041,-0.005859375,-0.0078125,0.005859375,0.0,-0.00390625,-0.68359375,0,0
1779626703.289043,-0.005859375,-0.0078125,0.005859375,0.0,-0.00390625,-0.68359375,0,0
1779626703.297020,-0.005859375,-0.0078125,0.005859375,0.0,-0.00390625,-0.68359375,0,0
1779626703.305062,-0.005859375,-0.0078125,0.005859375,0.0,-0.00390625,-0.68359375,0,0
1779626703.313057,-0.005859375,-0.0078125,0.005859375,0.0,-0.00390625,-0.68359375,0,0
1779626703.321049,-0.005859375,-0.0078125,0.005859375,0.0,-0.005859375,-0.68359375,0,0
1779626703.329040,-0.005859375,-0.0078125,0.005859375,0.0,-0.005859375,-0.68359375,0,0
1779626703.337045,-0.005859375,-0.0078125,0.005859375,0.0,-0.005859375,-0.68359375,0,0
1779626703.345074,-0.005859375,-0.0078125,0.005859375,0.0,-0.005859375,-0.68359375,0,0
1779626703.353051,-0.005859375,-0.0078125,0.005859375,0.0,-0.005859375,-0.68359375,0,0
1779626703.361058,-0.005859375,-0.0078125,0.005859375,0.0,-0.005859375,-0.68359375,0,0
1779626703.369018,-0.005859375,-0.0078125,0.005859375,0.0,-0.005859375,-0.68359375,0,0
1779626703.377052,-0.005859375,-0.013671875,0.005859375,0.0,-0.005859375,-0.68359375,0,0
1779626703.385064,-0.005859375,-0.013671875,0.005859375,0.0,-0.005859375,-0.68359375,0,0
1779626703.393057,-0.005859375,-0.015625,0.005859375,0.0,-0.005859375,-0.68359375,0,0
1779626703.401039,-0.005859375,-0.015625,0.005859375,0.0,0.0,-0.68359375,0,0
1779626703.409027,-0.005859375,-0.017578125,0.005859375,0.0,0.0,-0.68359375,0,0
1779626703.417118,-0.005859375,-0.017578125,0.005859375,0.0,0.0,-0.68359375,0,0
1779626703.425077,-0.005859375,-0.017578125,0.005859375,0.0,0.0,-0.68359375,0,0
1779626703.433058,-0.005859375,-0.017578125,0.005859375,0.0,0.0,-0.68359375,0,0
1779626703.441044,-0.005859375,-0.017578125,0.005859375,0.0,0.0,-0.68359375,0,0
1779626703.449054,-0.005859375,-0.017578125,0.005859375,0.0,0.0,-0.68359375,0,0
1779626703.457064,-0.005859375,-0.017578125,0.005859375,0.0,0.0,-0.68359375,0,0
1779626703.465030,-0.005859375,-0.017578125,0.005859375,0.0,0.0,-0.68359375,0,0
1779626703.473053,-0.005859375,-0.017578125,0.005859375,0.0,0.0,-0.68359375,0,0
1779626703.481008,-0.005859375,-0.017578125,0.005859375,0.0,0.0,-0.68359375,0,0
1779626703.489059,-0.005859375,-0.017578125,0.005859375,0.0,0.0,-0.68359375,0,0
1779626703.497065,-0.005859375,-0.017578125,0.005859375,0.0,0.0,-0.68359375,0,0
1779626703.505123,-0.005859375,-0.01953125,0.005859375,0.0,0.0,-0.68359375,0,0
1779626703.513063,-0.005859375,-0.01953125,0.005859375,0.0,0.0,-0.68359375,0,0
1779626703.521091,-0.005859375,-0.021484375,0.005859375,0.0,0.0,-0.68359375,0,0
1779626703.529047,-0.005859375,-0.021484375,0.005859375,0.0,0.0,-0.68359375,0,0
1779626703.537092,-0.005859375,-0.021484375,0.005859375,0.0,0.0,-0.68359375,0,0
1779626703.545002,-0.005859375,-0.021484375,0.005859375,0.0,0.0,-0.68359375,0,0
1779626703.552073,-0.005859375,-0.021484375,0.005859375,0.0,0.0,-0.68359375,0,0
1779626703.561011,-0.005859375,-0.021484375,0.005859375,0.0,0.0,-0.68359375,0,0
1779626703.568005,-0.005859375,-0.021484375,0.005859375,0.0,0.0,-0.68359375,0,0
1779626703.577045,-0.005859375,-0.021484375,0.005859375,0.0,0.0,-0.68359375,0,0
1779626703.585036,-0.005859375,-0.01953125,0.005859375,0.0,0.0,-0.68359375,0,0
1779626703.593063,-0.005859375,-0.01953125,0.005859375,0.0,0.0,-0.68359375,0,0
1779626703.601048,-0.005859375,-0.01953125,0.005859375,0.0,0.0,-0.68359375,0,0
1779626703.608996,-0.005859375,-0.01953125,0.005859375,0.0,0.0,-0.68359375,0,0
1779626703.616995,-0.005859375,-0.01953125,0.005859375,0.0,0.0,-0.68359375,0,0
1779626703.625086,-0.005859375,-0.01953125,0.005859375,0.0,0.0,-0.68359375,0,0
1779626703.633057,-0.005859375,-0.01953125,0.005859375,0.0,0.0,-0.68359375,0,0
1779626703.641034,-0.005859375,-0.01953125,0.005859375,0.0,0.0,-0.68359375,0,0
1779626703.649027,-0.005859375,-0.01953125,0.005859375,0.0,0.0,-0.68359375,0,0
1779626703.657022,-0.005859375,-0.01953125,0.005859375,0.0,0.0,-0.68359375,0,0
1779626703.664994,-0.005859375,-0.01953125,0.005859375,0.0,0.0,-0.68359375,0,0
1779626703.673094,-0.005859375,-0.01953125,0.005859375,0.0,0.0,-0.68359375,0,0
1779626703.681083,-0.005859375,-0.01953125,0.005859375,0.0,0.0,-0.68359375,0,0
1779626703.689053,-0.005859375,-0.01953125,0.005859375,0.0,0.0,-0.68359375,0,0
1779626703.697067,-0.005859375,-0.021484375,0.005859375,0.0,0.0,-0.68359375,0,0
1779626703.705060,-0.005859375,-0.021484375,0.005859375,0.0,0.0,-0.68359375,0,0
1779626703.713032,-0.005859375,-0.01953125,0.005859375,0.0,0.0,-0.68359375,0,0
1779626703.721074,-0.005859375,-0.01953125,0.005859375,0.0,0.0,-0.68359375,0,0
1779626703.729022,-0.005859375,-0.01953125,0.005859375,0.0,0.0,-0.68359375,0,0
1779626703.737259,-0.005859375,-0.01953125,0.005859375,0.0,0.0,-0.68359375,0,0
1779626703.745058,-0.005859375,-0.01953125,0.005859375,0.0,0.0,-0.68359375,0,0
1779626703.753072,-0.005859375,-0.01953125,0.005859375,0.0,0.0,-0.68359375,0,0
1779626703.761027,-0.005859375,-0.01953125,0.005859375,0.0,0.0,-0.68359375,0,0
1779626703.769062,-0.005859375,-0.01953125,0.005859375,0.0,0.0,-0.68359375,0,0
1779626703.777031,-0.005859375,-0.01953125,0.005859375,0.0,0.0,-0.68359375,0,0
1779626703.785050,-0.005859375,-0.01953125,0.005859375,0.0,0.0,-0.68359375,0,0
1779626703.793096,-0.005859375,-0.01953125,0.005859375,0.0,0.0,-0.68359375,0,0
1779626703.801054,-0.005859375,-0.01953125,0.005859375,0.0,0.0,-0.68359375,0,0
1779626703.809044,-0.005859375,-0.01953125,0.005859375,0.0,0.0,-0.68359375,0,0
1779626703.817068,-0.005859375,-0.01953125,0.005859375,0.0,0.0,-0.68359375,0,0
1779626703.825087,-0.005859375,-0.01953125,0.005859375,0.0,0.0,-0.68359375,0,0
1779626703.833046,-0.005859375,-0.01953125,0.005859375,0.0,0.0,-0.68359375,0,0
1779626703.840065,-0.005859375,-0.01953125,0.005859375,0.0,0.0,-0.68359375,0,0
1779626703.849080,-0.005859375,-0.01953125,0.005859375,0.0,0.0,-0.68359375,0,0
1779626703.857088,-0.005859375,-0.017578125,0.005859375,0.0,0.0,-0.68359375,0,0
1779626703.865062,-0.005859375,-0.017578125,0.005859375,0.0,0.0,-0.68359375,0,0
1779626703.873055,-0.005859375,-0.017578125,0.005859375,0.0,0.0,-0.68359375,0,0
1779626703.881078,-0.005859375,-0.017578125,0.005859375,0.0,0.0,-0.68359375,0,0
1779626703.889024,-0.005859375,-0.017578125,0.005859375,0.0,0.0,-0.68359375,0,0
1779626703.897041,-0.005859375,-0.017578125,0.005859375,0.0,0.0,-0.68359375,0,0
1779626703.905063,-0.005859375,-0.015625,0.005859375,0.0,0.0,-0.68359375,0,0
1779626703.913080,-0.005859375,-0.015625,0.005859375,0.0,0.0,-0.68359375,0,0
1779626703.921038,-0.005859375,-0.015625,0.005859375,0.0,0.0,-0.68359375,0,0
1779626703.929002,-0.005859375,-0.015625,0.005859375,0.0,0.0,-0.68359375,0,0
1779626703.937058,-0.005859375,-0.015625,0.005859375,0.0,0.0,-0.68359375,0,0
1779626703.945041,-0.005859375,-0.015625,0.005859375,0.0,0.0,-0.68359375,0,0
1779626703.953028,-0.005859375,-0.013671875,0.005859375,0.0,0.0,-0.68359375,0,0
1779626703.961061,-0.005859375,-0.013671875,0.005859375,0.0,0.0,-0.68359375,0,0
1779626703.968077,-0.005859375,-0.013671875,0.005859375,0.0,0.0,-0.68359375,0,0
1779626703.977060,-0.005859375,-0.013671875,0.005859375,0.0,-0.00390625,-0.68359375,0,0
1779626703.985081,-0.005859375,-0.013671875,0.005859375,0.0,-0.00390625,-0.68359375,0,0
1779626703.993020,-0.005859375,-0.013671875,0.005859375,0.0,-0.00390625,-0.68359375,0,0
1779626704.001023,-0.005859375,-0.013671875,0.005859375,0.0,-0.00390625,-0.68359375,0,0
1779626704.009050,-0.005859375,-0.013671875,0.005859375,0.0,-0.00390625,-0.68359375,0,0
1779626704.017059,-0.005859375,-0.013671875,0.005859375,0.0,-0.00390625,-0.68359375,0,0
1779626704.024107,-0.005859375,-0.013671875,0.005859375,0.0,-0.00390625,-0.68359375,0,0
1779626704.033052,-0.005859375,-0.013671875,0.005859375,0.0,-0.00390625,-0.68359375,0,0
1779626704.041077,-0.005859375,-0.013671875,0.005859375,0.0,-0.00390625,-0.68359375,0,0
1779626704.049081,-0.005859375,-0.013671875,0.005859375,0.0,-0.00390625,-0.68359375,0,0
1779626704.057087,-0.005859375,-0.013671875,0.005859375,0.0,-0.00390625,-0.68359375,0,0
1779626704.065012,-0.005859375,-0.013671875,0.005859375,0.0,-0.00390625,-0.68359375,0,0
1779626704.073136,-0.005859375,-0.013671875,0.005859375,0.0,-0.00390625,-0.68359375,0,0
1779626704.081075,-0.005859375,-0.015625,0.005859375,0.0,-0.00390625,-0.68359375,0,0
1779626704.089038,-0.005859375,-0.015625,0.005859375,0.0,-0.005859375,-0.68359375,0,0
1779626704.097001,-0.005859375,-0.015625,0.005859375,0.0,-0.005859375,-0.68359375,0,0
1779626704.105056,-0.005859375,-0.015625,0.005859375,0.0,-0.005859375,-0.68359375,0,0
1779626704.113071,-0.005859375,-0.015625,0.005859375,0.0,-0.005859375,-0.68359375,0,0
1779626704.121072,-0.005859375,-0.015625,0.005859375,0.0,-0.005859375,-0.68359375,0,0
1779626704.129066,-0.005859375,-0.017578125,0.005859375,0.0,-0.005859375,-0.68359375,0,0
1779626704.137037,-0.005859375,-0.017578125,0.005859375,0.0,-0.005859375,-0.68359375,0,0
1779626704.145094,-0.005859375,-0.017578125,0.005859375,0.0,-0.005859375,-0.68359375,0,0
1779626704.153006,-0.005859375,-0.017578125,0.005859375,0.0,-0.005859375,-0.68359375,0,0
1779626704.161063,-0.005859375,-0.017578125,0.005859375,0.0,-0.005859375,-0.68359375,0,0
1779626704.169104,-0.005859375,-0.017578125,0.005859375,0.0,-0.005859375,-0.68359375,0,0
1779626704.177027,-0.005859375,-0.01953125,0.005859375,0.0,-0.005859375,-0.68359375,0,0
1779626704.185080,-0.005859375,-0.01953125,0.005859375,0.0,-0.0078125,-0.68359375,0,0
1779626704.193048,-0.005859375,-0.01953125,0.005859375,0.0,-0.0078125,-0.68359375,0,0
1779626704.201032,-0.005859375,-0.01953125,0.005859375,0.0,-0.009765625,-0.68359375,0,0
1779626704.209027,-0.005859375,-0.021484375,0.005859375,0.0,-0.009765625,-0.68359375,0,0
1779626704.217084,-0.005859375,-0.021484375,0.005859375,0.0,-0.013671875,-0.68359375,0,0
1779626704.225068,-0.005859375,-0.021484375,0.005859375,0.0,-0.013671875,-0.68359375,0,0
1779626704.233064,-0.005859375,-0.021484375,0.005859375,0.0,-0.013671875,-0.68359375,0,0
1779626704.241028,-0.005859375,-0.0234375,0.005859375,0.0,-0.013671875,-0.68359375,0,0
1779626704.249025,-0.005859375,-0.0234375,0.005859375,0.0,-0.013671875,-0.68359375,0,0
1779626704.257062,-0.005859375,-0.0234375,0.005859375,0.0,-0.013671875,-0.68359375,0,0
1779626704.265048,-0.005859375,-0.0234375,0.005859375,0.0,-0.015625,-0.68359375,0,0
1779626704.273062,-0.005859375,-0.0234375,0.005859375,0.0,-0.015625,-0.68359375,0,0
1779626704.281054,-0.005859375,-0.0234375,0.005859375,0.0,-0.01953125,-0.68359375,0,0
1779626704.289044,-0.005859375,-0.02734375,0.005859375,0.0,-0.01953125,-0.68359375,0,0
1779626704.297024,-0.005859375,-0.02734375,0.005859375,0.0,-0.017578125,-0.68359375,0,0
1779626704.305050,-0.005859375,-0.02734375,0.005859375,0.0,-0.017578125,-0.68359375,0,0
1779626704.313065,-0.005859375,-0.02734375,0.005859375,0.0,-0.017578125,-0.68359375,0,0
1779626704.321029,-0.005859375,-0.02734375,0.005859375,0.0,-0.017578125,-0.68359375,0,0
1779626704.329039,-0.005859375,-0.02734375,0.005859375,0.0,-0.017578125,-0.68359375,0,0
1779626704.336085,-0.005859375,-0.02734375,0.005859375,0.0,-0.017578125,-0.68359375,0,0
1779626704.345027,-0.005859375,-0.02734375,0.005859375,0.0,-0.017578125,-0.68359375,0,0
1779626704.352081,-0.005859375,-0.02734375,0.005859375,0.0,-0.017578125,-0.68359375,0,0
1779626704.361091,-0.005859375,-0.02734375,0.005859375,0.0,-0.017578125,-0.68359375,0,0
1779626704.369095,-0.005859375,-0.02734375,0.005859375,0.0,-0.017578125,-0.68359375,0,0
1779626704.377030,-0.005859375,-0.02734375,0.005859375,0.0,-0.017578125,-0.68359375,0,0
1779626704.385026,-0.005859375,-0.029296875,0.005859375,0.0,-0.017578125,-0.68359375,0,0
1779626704.393070,-0.005859375,-0.029296875,0.005859375,0.0,-0.017578125,-0.68359375,0,0
1779626704.400999,-0.005859375,-0.029296875,0.005859375,0.0,-0.017578125,-0.68359375,0,0
1779626704.409086,-0.005859375,-0.029296875,0.005859375,0.0,-0.01953125,-0.68359375,0,0
1779626704.417053,-0.005859375,-0.03125,0.005859375,0.0,-0.01953125,-0.68359375,0,0
1779626704.425062,-0.005859375,-0.03125,0.005859375,0.0,-0.017578125,-0.68359375,0,0
1779626704.433083,-0.005859375,-0.033203125,-0.005859375,0.0,-0.017578125,-0.68359375,0,0
1779626704.441074,-0.005859375,-0.033203125,-0.005859375,0.0,-0.01953125,-0.68359375,0,0
1779626704.449065,-0.005859375,-0.03515625,-0.0078125,0.0,-0.01953125,-0.68359375,0,0
1779626704.457056,-0.005859375,-0.03515625,-0.0078125,0.0,-0.01953125,-0.681640625,0,0
1779626704.465054,-0.005859375,-0.037109375,-0.009765625,0.0,-0.01953125,-0.681640625,0,0
1779626704.473013,-0.005859375,-0.037109375,-0.009765625,0.0,-0.01953125,-0.6796875,0,0
1779626704.481024,-0.005859375,-0.0390625,-0.013671875,0.0,-0.01953125,-0.6796875,0,0
1779626704.489047,-0.005859375,-0.0390625,-0.013671875,0.0,-0.021484375,-0.6796875,0,0
1779626704.497075,-0.005859375,-0.041015625,-0.015625,0.0,-0.021484375,-0.6796875,0,0
1779626704.505082,-0.005859375,-0.041015625,-0.015625,0.0,-0.0234375,-0.67578125,0,0
1779626704.513038,-0.005859375,-0.041015625,-0.015625,0.0,-0.0234375,-0.67578125,0,0
1779626704.521042,-0.005859375,-0.041015625,-0.015625,0.0,-0.0234375,-0.67578125,0,0
1779626704.529058,-0.005859375,-0.041015625,-0.017578125,0.0,-0.0234375,-0.67578125,0,0
1779626704.537036,-0.005859375,-0.041015625,-0.017578125,0.0,-0.025390625,-0.67578125,0,0
1779626704.545012,-0.005859375,-0.041015625,-0.021484375,0.0,-0.025390625,-0.67578125,0,0
1779626704.553067,-0.005859375,-0.041015625,-0.021484375,0.0,-0.025390625,-0.673828125,0,0
1779626704.561033,-0.005859375,-0.041015625,-0.021484375,0.0,-0.025390625,-0.673828125,0,0
1779626704.569045,-0.005859375,-0.041015625,-0.021484375,0.0,-0.025390625,-0.671875,0,0
1779626704.577022,-0.005859375,-0.04296875,-0.021484375,0.0,-0.025390625,-0.671875,0,0
1779626704.585071,-0.005859375,-0.04296875,-0.021484375,0.0,-0.02734375,-0.671875,0,0
1779626704.593025,-0.005859375,-0.044921875,-0.025390625,0.0,-0.02734375,-0.671875,0,0
1779626704.601064,-0.005859375,-0.044921875,-0.025390625,0.0,-0.029296875,-0.671875,0,0
1779626704.609067,-0.005859375,-0.044921875,-0.025390625,0.0,-0.029296875,-0.671875,0,0
1779626704.617038,-0.005859375,-0.044921875,-0.025390625,0.0,-0.03125,-0.669921875,0,0
1779626704.625053,-0.005859375,-0.044921875,-0.025390625,0.0,-0.03125,-0.669921875,0,0
1779626704.633085,-0.005859375,-0.044921875,-0.025390625,0.0,-0.03125,-0.669921875,0,0
1779626704.641059,-0.005859375,-0.044921875,-0.025390625,0.0,-0.03125,-0.669921875,0,0
1779626704.649070,-0.005859375,-0.044921875,-0.025390625,0.0,-0.029296875,-0.669921875,0,0
1779626704.657075,-0.005859375,-0.044921875,-0.025390625,0.0,-0.029296875,-0.669921875,0,0
1779626704.665098,-0.005859375,-0.044921875,-0.025390625,0.0,-0.029296875,-0.669921875,0,0
1779626704.673003,-0.005859375,-0.044921875,-0.0234375,0.0,-0.029296875,-0.669921875,0,0
1779626704.681070,-0.005859375,-0.044921875,-0.0234375,0.0,-0.02734375,-0.669921875,0,0
1779626704.689029,-0.005859375,-0.044921875,-0.0234375,0.0,-0.02734375,-0.669921875,0,0
1779626704.697054,-0.005859375,-0.044921875,-0.0234375,0.0,-0.02734375,-0.669921875,0,0
1779626704.705023,-0.005859375,-0.044921875,-0.0234375,0.0,-0.02734375,-0.669921875,0,0
1779626704.712115,-0.005859375,-0.044921875,-0.0234375,0.0,-0.02734375,-0.669921875,0,0
1779626704.721086,-0.005859375,-0.044921875,-0.025390625,0.0,-0.02734375,-0.669921875,0,0
1779626704.729025,-0.005859375,-0.044921875,-0.025390625,0.0,-0.029296875,-0.669921875,0,0
1779626704.737022,-0.005859375,-0.044921875,-0.02734375,0.0,-0.029296875,-0.669921875,0,0
1779626704.745065,-0.005859375,-0.044921875,-0.02734375,-0.005859375,-0.03125,-0.66796875,0,0
1779626704.753022,-0.005859375,-0.048828125,-0.03515625,-0.005859375,-0.03125,-0.66796875,0,0
1779626704.761061,-0.005859375,-0.048828125,-0.03515625,-0.01171875,-0.033203125,-0.6640625,0,0
1779626704.769065,-0.005859375,-0.048828125,-0.0390625,-0.01171875,-0.033203125,-0.6640625,0,0
1779626704.777108,-0.005859375,-0.048828125,-0.0390625,-0.017578125,-0.037109375,-0.662109375,0,0
1779626704.785058,-0.005859375,-0.048828125,-0.04296875,-0.017578125,-0.037109375,-0.662109375,0,0
1779626704.793114,-0.005859375,-0.048828125,-0.04296875,-0.021484375,-0.037109375,-0.66015625,0,0
1779626704.801083,-0.005859375,-0.048828125,-0.044921875,-0.021484375,-0.037109375,-0.66015625,0,0
1779626704.809033,-0.005859375,-0.048828125,-0.044921875,-0.0234375,-0.037109375,-0.66015625,0,0
1779626704.817065,-0.005859375,-0.048828125,-0.046875,-0.0234375,-0.037109375,-0.66015625,0,0
1779626704.825088,-0.005859375,-0.048828125,-0.046875,-0.025390625,-0.0390625,-0.658203125,0,0
1779626704.833093,-0.005859375,-0.046875,-0.046875,-0.025390625,-0.0390625,-0.658203125,0,0
1779626704.841069,-0.005859375,-0.046875,-0.046875,-0.02734375,-0.037109375,-0.658203125,0,0
1779626704.849078,-0.005859375,-0.046875,-0.046875,-0.02734375,-0.037109375,-0.658203125,0,0
1779626704.857038,-0.005859375,-0.046875,-0.046875,-0.02734375,-0.037109375,-0.66015625,0,0
1779626704.865134,-0.005859375,-0.044921875,-0.046875,-0.02734375,-0.037109375,-0.66015625,0,0
1779626704.873101,-0.005859375,-0.044921875,-0.046875,-0.02734375,-0.03515625,-0.662109375,0,0
1779626704.880122,-0.005859375,-0.04296875,-0.046875,-0.02734375,-0.03515625,-0.662109375,0,0
1779626704.888995,-0.005859375,-0.04296875,-0.046875,-0.02734375,-0.03515625,-0.6640625,0,0
1779626704.897063,-0.005859375,-0.041015625,-0.044921875,-0.02734375,-0.03515625,-0.6640625,0,0
1779626704.905052,-0.005859375,-0.041015625,-0.044921875,-0.02734375,-0.033203125,-0.6640625,0,0
1779626704.913085,-0.005859375,-0.041015625,-0.044921875,-0.02734375,-0.033203125,-0.6640625,0,0
1779626704.921047,-0.005859375,-0.041015625,-0.044921875,-0.0234375,-0.029296875,-0.6640625,0,0
1779626704.929007,-0.005859375,-0.041015625,-0.044921875,-0.0234375,-0.029296875,-0.6640625,0,0
1779626704.937033,-0.005859375,-0.041015625,-0.044921875,-0.0234375,-0.02734375,-0.666015625,0,0
1779626704.945030,-0.005859375,-0.041015625,-0.044921875,-0.0234375,-0.02734375,-0.666015625,0,0
1779626704.953059,-0.005859375,-0.041015625,-0.044921875,-0.021484375,-0.02734375,-0.666015625,0,0
1779626704.961039,-0.005859375,-0.041015625,-0.04296875,-0.021484375,-0.02734375,-0.666015625,0,0
1779626704.969011,-0.005859375,-0.041015625,-0.04296875,-0.01953125,-0.025390625,-0.66796875,0,0
1779626704.977025,-0.005859375,-0.041015625,-0.04296875,-0.01953125,-0.025390625,-0.66796875,0,0
1779626704.985018,-0.005859375,-0.041015625,-0.04296875,-0.01953125,-0.025390625,-0.66796875,0,0
1779626704.993114,-0.005859375,-0.041015625,-0.04296875,-0.01953125,-0.025390625,-0.66796875,0,0
1779626705.001022,-0.005859375,-0.041015625,-0.04296875,-0.01953125,-0.025390625,-0.66796875,0,0
1779626705.009092,-0.005859375,-0.0390625,-0.04296875,-0.01953125,-0.025390625,-0.66796875,0,0
1779626705.017064,-0.005859375,-0.0390625,-0.04296875,-0.01953125,-0.025390625,-0.66796875,0,0
1779626705.025075,-0.005859375,-0.0390625,-0.041015625,-0.01953125,-0.025390625,-0.66796875,0,0
1779626705.033040,-0.005859375,-0.0390625,-0.041015625,-0.017578125,-0.0234375,-0.669921875,0,0
1779626705.041051,-0.005859375,-0.0390625,-0.041015625,-0.017578125,-0.0234375,-0.669921875,0,0
1779626705.049071,-0.005859375,-0.0390625,-0.041015625,-0.017578125,-0.0234375,-0.669921875,0,0
1779626705.057066,-0.005859375,-0.037109375,-0.0390625,-0.017578125,-0.0234375,-0.669921875,0,0
1779626705.065117,-0.005859375,-0.037109375,-0.0390625,-0.015625,-0.0234375,-0.669921875,0,0
1779626705.072998,-0.005859375,-0.0390625,-0.0390625,-0.015625,-0.0234375,-0.669921875,0,0
1779626705.081070,-0.005859375,-0.0390625,-0.0390625,-0.015625,-0.0234375,-0.669921875,0,0
1779626705.089087,-0.005859375,-0.037109375,-0.041015625,-0.015625,-0.0234375,-0.669921875,0,0
1779626705.097069,-0.005859375,-0.037109375,-0.041015625,-0.01953125,-0.025390625,-0.669921875,0,0
1779626705.105026,-0.005859375,-0.0390625,-0.041015625,-0.01953125,-0.025390625,-0.669921875,0,0
1779626705.113020,-0.005859375,-0.0390625,-0.041015625,-0.01953125,-0.025390625,-0.66796875,0,0
1779626705.121024,-0.005859375,-0.041015625,-0.044921875,-0.01953125,-0.025390625,-0.66796875,0,0
1779626705.129039,-0.005859375,-0.041015625,-0.044921875,-0.0234375,-0.029296875,-0.6640625,0,0
1779626705.136018,-0.005859375,-0.04296875,-0.046875,-0.0234375,-0.029296875,-0.6640625,0,0
1779626705.145000,-0.005859375,-0.04296875,-0.046875,-0.0234375,-0.033203125,-0.66015625,0,0
1779626705.153089,-0.005859375,-0.04296875,-0.05078125,-0.0234375,-0.033203125,-0.66015625,0,0
1779626705.161098,-0.005859375,-0.04296875,-0.05078125,-0.029296875,-0.0390625,-0.65625,0,0
1779626705.169102,-0.005859375,-0.046875,-0.056640625,-0.029296875,-0.0390625,-0.65625,0,0
1779626705.177044,-0.005859375,-0.046875,-0.056640625,-0.03515625,-0.044921875,-0.65234375,0,0
1779626705.185044,-0.005859375,-0.048828125,-0.0625,-0.03515625,-0.044921875,-0.65234375,0,0
1779626705.193106,-0.005859375,-0.048828125,-0.0625,-0.041015625,-0.046875,-0.650390625,0,0
1779626705.201044,-0.005859375,-0.05078125,-0.06640625,-0.041015625,-0.046875,-0.650390625,0,0
1779626705.209059,-0.005859375,-0.05078125,-0.06640625,-0.044921875,-0.046875,-0.646484375,0,0
1779626705.217040,-0.005859375,-0.052734375,-0.068359375,-0.044921875,-0.046875,-0.646484375,0,0
1779626705.225113,-0.005859375,-0.052734375,-0.068359375,-0.048828125,-0.048828125,-0.64453125,0,0
1779626705.233068,-0.005859375,-0.0546875,-0.07421875,-0.048828125,-0.048828125,-0.64453125,0,0
1779626705.241057,-0.005859375,-0.0546875,-0.07421875,-0.05078125,-0.05078125,-0.642578125,0,0
1779626705.249058,-0.005859375,-0.0546875,-0.078125,-0.05078125,-0.05078125,-0.642578125,0,0
1779626705.257085,-0.005859375,-0.0546875,-0.078125,-0.052734375,-0.05078125,-0.642578125,0,0
1779626705.265044,-0.005859375,-0.056640625,-0.078125,-0.052734375,-0.05078125,-0.642578125,0,0
1779626705.273062,-0.005859375,-0.056640625,-0.078125,-0.05078125,-0.05078125,-0.642578125,0,0
1779626705.281054,-0.005859375,-0.056640625,-0.07421875,-0.05078125,-0.05078125,-0.642578125,0,0
1779626705.289044,-0.005859375,-0.056640625,-0.07421875,-0.05078125,-0.05078125,-0.642578125,0,0
1779626705.297064,-0.005859375,-0.0546875,-0.07421875,-0.05078125,-0.05078125,-0.642578125,0,0
1779626705.304058,-0.005859375,-0.0546875,-0.07421875,-0.052734375,-0.048828125,-0.642578125,0,0
1779626705.313073,-0.005859375,-0.0546875,-0.076171875,-0.052734375,-0.048828125,-0.642578125,0,0
1779626705.321054,-0.005859375,-0.0546875,-0.076171875,-0.05078125,-0.048828125,-0.642578125,0,0
1779626705.329096,-0.005859375,-0.0546875,-0.076171875,-0.05078125,-0.048828125,-0.642578125,0,0
1779626705.337021,-0.005859375,-0.0546875,-0.076171875,-0.05078125,-0.05078125,-0.642578125,0,0
1779626705.345046,-0.005859375,-0.0546875,-0.07421875,-0.05078125,-0.05078125,-0.642578125,0,0
1779626705.353081,-0.005859375,-0.0546875,-0.07421875,-0.05078125,-0.048828125,-0.642578125,0,0
1779626705.361020,-0.005859375,-0.0546875,-0.07421875,-0.05078125,-0.048828125,-0.642578125,0,0
1779626705.369003,-0.005859375,-0.0546875,-0.07421875,-0.05078125,-0.048828125,-0.642578125,0,0
1779626705.377015,-0.005859375,-0.0546875,-0.07421875,-0.05078125,-0.048828125,-0.642578125,0,0
1779626705.385019,-0.005859375,-0.0546875,-0.07421875,-0.05078125,-0.048828125,-0.642578125,0,0
1779626705.393044,-0.005859375,-0.0546875,-0.076171875,-0.05078125,-0.048828125,-0.642578125,0,0
1779626705.401029,-0.005859375,-0.0546875,-0.076171875,-0.05078125,-0.048828125,-0.642578125,0,0
1779626705.409015,-0.005859375,-0.056640625,-0.080078125,-0.05078125,-0.048828125,-0.642578125,0,0
1779626705.416992,-0.005859375,-0.056640625,-0.080078125,-0.056640625,-0.05078125,-0.640625,0,0
1779626705.425015,-0.005859375,-0.05859375,-0.080078125,-0.056640625,-0.05078125,-0.640625,0,0
1779626705.433010,-0.005859375,-0.05859375,-0.080078125,-0.05859375,-0.048828125,-0.640625,0,0
1779626705.441021,-0.005859375,-0.05859375,-0.08203125,-0.05859375,-0.048828125,-0.640625,0,0
1779626705.448997,-0.005859375,-0.05859375,-0.08203125,-0.05859375,-0.046875,-0.638671875,0,0
1779626705.457049,-0.005859375,-0.05859375,-0.083984375,-0.05859375,-0.046875,-0.638671875,0,0
1779626705.464978,-0.005859375,-0.05859375,-0.083984375,-0.060546875,-0.05078125,-0.63671875,0,0
1779626705.472988,-0.005859375,-0.0625,-0.0859375,-0.060546875,-0.05078125,-0.63671875,0,0
1779626705.480993,-0.005859375,-0.0625,-0.0859375,-0.0625,-0.05078125,-0.634765625,0,0
1779626705.489002,-0.005859375,-0.0625,-0.08984375,-0.0625,-0.05078125,-0.634765625,0,0
1779626705.497000,-0.005859375,-0.0625,-0.08984375,-0.06640625,-0.048828125,-0.6328125,0,0
1779626705.504994,-0.005859375,-0.0625,-0.091796875,-0.06640625,-0.048828125,-0.6328125,0,0
1779626705.513030,-0.005859375,-0.0625,-0.091796875,-0.06640625,-0.05078125,-0.6328125,0,0
1779626705.521036,-0.005859375,-0.064453125,-0.09375,-0.06640625,-0.05078125,-0.6328125,0,0
1779626705.529045,-0.005859375,-0.064453125,-0.09375,-0.06640625,-0.05078125,-0.630859375,0,0
1779626705.537024,-0.005859375,-0.064453125,-0.095703125,-0.06640625,-0.05078125,-0.630859375,0,0
1779626705.545030,-0.005859375,-0.064453125,-0.095703125,-0.0703125,-0.05078125,-0.630859375,0,0
1779626705.553043,-0.005859375,-0.064453125,-0.095703125,-0.0703125,-0.05078125,-0.630859375,0,0
1779626705.561059,-0.005859375,-0.064453125,-0.095703125,-0.0703125,-0.05078125,-0.62890625,0,0
1779626705.569070,-0.005859375,-0.068359375,-0.09765625,-0.0703125,-0.05078125,-0.62890625,0,0
1779626705.577069,-0.005859375,-0.068359375,-0.09765625,-0.0703125,-0.05078125,-0.62890625,0,0
1779626705.585069,-0.005859375,-0.068359375,-0.09765625,-0.0703125,-0.05078125,-0.62890625,0,0
1779626705.593093,-0.005859375,-0.068359375,-0.09765625,-0.068359375,-0.0546875,-0.626953125,0,0
1779626705.601049,-0.005859375,-0.068359375,-0.09765625,-0.068359375,-0.0546875,-0.626953125,0,0
1779626705.609082,-0.005859375,-0.068359375,-0.09765625,-0.0703125,-0.0546875,-0.626953125,0,0
1779626705.617076,-0.005859375,-0.068359375,-0.09765625,-0.0703125,-0.0546875,-0.626953125,0,0
1779626705.625038,-0.005859375,-0.068359375,-0.09765625,-0.0703125,-0.0546875,-0.626953125,0,0
1779626705.633049,-0.005859375,-0.068359375,-0.095703125,-0.0703125,-0.0546875,-0.626953125,0,0
1779626705.641054,-0.005859375,-0.068359375,-0.095703125,-0.0703125,-0.048828125,-0.626953125,0,0
1779626705.649039,-0.005859375,-0.06640625,-0.09375,-0.0703125,-0.048828125,-0.626953125,0,0
1779626705.657022,-0.005859375,-0.06640625,-0.09375,-0.068359375,-0.048828125,-0.62890625,0,0
1779626705.665096,-0.005859375,-0.06640625,-0.08984375,-0.068359375,-0.048828125,-0.62890625,0,0
1779626705.673020,-0.005859375,-0.06640625,-0.08984375,-0.060546875,-0.041015625,-0.630859375,0,0
1779626705.681052,-0.005859375,-0.064453125,-0.0859375,-0.060546875,-0.041015625,-0.630859375,0,0
1779626705.688041,-0.005859375,-0.064453125,-0.0859375,-0.056640625,-0.0390625,-0.634765625,0,0
1779626705.697075,-0.005859375,-0.0625,-0.080078125,-0.056640625,-0.0390625,-0.634765625,0,0
1779626705.704057,-0.005859375,-0.0625,-0.080078125,-0.05078125,-0.03125,-0.63671875,0,0
1779626705.713057,-0.005859375,-0.0625,-0.080078125,-0.05078125,-0.03125,-0.63671875,0,0
1779626705.721063,-0.005859375,-0.0625,-0.080078125,-0.052734375,-0.03125,-0.634765625,0,0
1779626705.729089,-0.0078125,-0.0625,-0.080078125,-0.052734375,-0.03125,-0.634765625,0,0
1779626705.737039,-0.0078125,-0.0625,-0.080078125,-0.048828125,-0.029296875,-0.625,0,0
1779626705.745061,-0.025390625,-0.05859375,-0.068359375,-0.048828125,-0.029296875,-0.625,0,0
1779626705.753001,-0.025390625,-0.05859375,-0.068359375,-0.044921875,-0.029296875,-0.61328125,0,0
1779626705.761080,-0.044921875,-0.052734375,-0.05859375,-0.044921875,-0.029296875,-0.61328125,0,0
1779626705.769059,-0.044921875,-0.052734375,-0.05859375,-0.037109375,-0.02734375,-0.599609375,0,0
1779626705.777032,-0.05859375,-0.05078125,-0.056640625,-0.037109375,-0.02734375,-0.599609375,0,0
1779626705.785081,-0.05859375,-0.05078125,-0.056640625,-0.029296875,-0.025390625,-0.591796875,0,0
1779626705.793056,-0.06640625,-0.046875,-0.052734375,-0.029296875,-0.025390625,-0.591796875,0,0
1779626705.801025,-0.06640625,-0.046875,-0.052734375,-0.02734375,-0.021484375,-0.58984375,0,0
1779626705.809063,-0.06640625,-0.04296875,-0.041015625,-0.02734375,-0.021484375,-0.58984375,0,0
1779626705.817061,-0.06640625,-0.04296875,-0.041015625,-0.017578125,-0.015625,-0.59375,0,0
1779626705.825106,-0.064453125,-0.03515625,-0.025390625,-0.017578125,-0.015625,-0.59375,0,0
1779626705.832992,-0.064453125,-0.03515625,-0.025390625,-0.017578125,-0.005859375,-0.6015625,0,0
1779626705.841023,-0.060546875,-0.029296875,-0.009765625,-0.017578125,-0.005859375,-0.6015625,0,0
1779626705.849047,-0.060546875,-0.029296875,-0.009765625,-0.017578125,-0.005859375,-0.615234375,0,0
1779626705.857070,-0.033203125,-0.021484375,-0.009765625,-0.017578125,-0.005859375,-0.615234375,0,0
1779626705.865096,-0.033203125,-0.021484375,-0.009765625,-0.017578125,-0.005859375,-0.63671875,0,0
1779626705.873039,-0.033203125,-0.015625,-0.009765625,-0.017578125,-0.005859375,-0.63671875,0,0
1779626705.881085,-0.033203125,-0.015625,-0.009765625,-0.017578125,-0.005859375,-0.6640625,0,0
1779626705.889065,-0.033203125,-0.01171875,-0.009765625,-0.017578125,-0.005859375,-0.6640625,0,0
1779626705.897045,-0.033203125,-0.01171875,-0.009765625,-0.017578125,-0.005859375,-0.68359375,0,0
1779626705.904084,-0.033203125,-0.005859375,-0.009765625,-0.017578125,-0.005859375,-0.68359375,0,0
1779626705.913101,-0.033203125,-0.005859375,-0.009765625,-0.017578125,-0.005859375,-0.68359375,0,0
1779626705.929052,-0.033203125,-0.005859375,-0.009765625,-0.017578125,-0.005859375,-0.68359375,0,0
1779626705.945075,-0.033203125,-0.005859375,-0.009765625,-0.017578125,-0.005859375,-0.68359375,0,0
1779626705.960140,-0.033203125,-0.005859375,-0.009765625,-0.017578125,-0.005859375,-0.68359375,0,0
1779626705.977052,-0.033203125,-0.005859375,-0.009765625,-0.017578125,-0.005859375,-0.68359375,0,0
1779626705.993098,-0.033203125,-0.005859375,-0.009765625,-0.017578125,-0.005859375,-0.68359375,0,0
1779626706.009034,-0.033203125,-0.005859375,-0.009765625,-0.017578125,-0.005859375,-0.68359375,0,0
1779626706.025081,-0.033203125,-0.005859375,-0.009765625,-0.017578125,-0.005859375,-0.68359375,0,0
1779626706.041052,-0.033203125,-0.005859375,-0.009765625,-0.017578125,-0.005859375,-0.68359375,0,0
1779626706.065048,-0.033203125,-0.005859375,-0.009765625,-0.017578125,-0.005859375,-0.68359375,0,0
1779626706.081055,-0.033203125,-0.005859375,-0.009765625,-0.017578125,-0.005859375,-0.68359375,0,0
1779626706.096998,-0.033203125,-0.005859375,-0.009765625,-0.017578125,-0.005859375,-0.68359375,0,0
1779626706.113025,-0.033203125,-0.005859375,-0.009765625,-0.017578125,-0.00390625,-0.68359375,0,0
1779626706.129072,-0.033203125,-0.005859375,-0.009765625,-0.017578125,-0.00390625,-0.68359375,0,0
1779626706.145064,-0.033203125,-0.005859375,-0.009765625,-0.017578125,-0.00390625,-0.68359375,0,0
1779626706.161096,-0.033203125,-0.005859375,-0.009765625,-0.017578125,-0.00390625,-0.68359375,0,0
1779626706.177033,-0.033203125,-0.005859375,-0.009765625,-0.017578125,-0.005859375,-0.68359375,0,0
1779626706.193076,-0.033203125,-0.005859375,-0.009765625,-0.017578125,-0.005859375,-0.68359375,0,0
1779626706.209042,-0.033203125,-0.005859375,-0.009765625,-0.017578125,-0.0078125,-0.68359375,0,0
1779626706.225027,-0.033203125,-0.005859375,-0.009765625,-0.017578125,-0.0078125,-0.68359375,0,0
1779626706.241057,-0.033203125,-0.005859375,-0.009765625,-0.017578125,-0.0078125,-0.68359375,0,0
1779626706.257022,-0.033203125,-0.005859375,-0.009765625,-0.017578125,-0.0078125,-0.68359375,0,0
1779626706.273066,-0.033203125,-0.005859375,-0.009765625,-0.017578125,-0.0078125,-0.68359375,0,0
1779626706.289090,-0.033203125,-0.005859375,-0.009765625,-0.017578125,-0.01171875,-0.68359375,0,0
1779626706.305100,-0.033203125,-0.005859375,-0.009765625,-0.017578125,-0.009765625,-0.68359375,0,0
1779626706.321062,-0.033203125,-0.005859375,-0.009765625,-0.017578125,-0.009765625,-0.68359375,0,0
1779626706.337092,-0.033203125,-0.005859375,-0.009765625,-0.017578125,-0.009765625,-0.68359375,0,0
1779626706.353071,-0.033203125,-0.005859375,-0.009765625,-0.017578125,-0.009765625,-0.68359375,0,0
1779626706.361046,-0.033203125,0.0,-0.009765625,-0.017578125,-0.009765625,-0.68359375,0,0
1779626706.369109,-0.033203125,0.0,-0.009765625,-0.017578125,-0.009765625,-0.68359375,0,0
1779626706.377098,-0.033203125,-0.00390625,-0.009765625,-0.017578125,-0.009765625,-0.68359375,0,0
1779626706.385099,-0.033203125,-0.00390625,-0.009765625,-0.017578125,-0.009765625,-0.68359375,0,0
1779626706.393046,-0.033203125,-0.00390625,-0.009765625,-0.017578125,-0.009765625,-0.68359375,0,0
1779626706.401047,-0.033203125,-0.00390625,-0.009765625,-0.017578125,-0.0078125,-0.68359375,0,0
1779626706.408111,-0.033203125,-0.00390625,-0.009765625,-0.017578125,-0.0078125,-0.68359375,0,0
1779626706.417067,-0.033203125,-0.00390625,-0.009765625,-0.017578125,-0.0078125,-0.68359375,0,0
1779626706.425042,-0.033203125,-0.0078125,-0.009765625,-0.017578125,-0.0078125,-0.68359375,0,0
1779626706.433079,-0.033203125,-0.0078125,-0.009765625,-0.017578125,-0.0078125,-0.68359375,0,0
1779626706.441067,-0.033203125,-0.009765625,-0.009765625,-0.017578125,-0.0078125,-0.68359375,0,0
1779626706.449091,-0.033203125,-0.009765625,-0.009765625,-0.017578125,-0.0078125,-0.68359375,0,0
1779626706.457064,-0.033203125,-0.013671875,-0.009765625,-0.017578125,-0.0078125,-0.68359375,0,0
1779626706.465036,-0.033203125,-0.013671875,-0.009765625,-0.017578125,-0.005859375,-0.68359375,0,0
1779626706.473050,-0.033203125,-0.013671875,-0.009765625,-0.017578125,-0.005859375,-0.68359375,0,0
1779626706.481084,-0.033203125,-0.013671875,-0.009765625,-0.017578125,-0.005859375,-0.68359375,0,0
1779626706.489075,-0.033203125,-0.013671875,-0.009765625,-0.017578125,-0.005859375,-0.68359375,0,0
1779626706.497082,-0.033203125,-0.013671875,-0.009765625,-0.017578125,-0.005859375,-0.68359375,0,0
1779626706.505188,-0.033203125,-0.013671875,-0.009765625,-0.017578125,-0.005859375,-0.68359375,0,0
1779626706.513010,-0.033203125,-0.013671875,-0.009765625,-0.017578125,-0.0078125,-0.68359375,0,0
1779626706.521057,-0.033203125,-0.015625,-0.00390625,-0.017578125,-0.0078125,-0.68359375,0,0
1779626706.529061,-0.033203125,-0.015625,-0.00390625,-0.017578125,-0.01171875,-0.68359375,0,0
1779626706.537016,-0.033203125,-0.01953125,-0.0078125,-0.017578125,-0.01171875,-0.68359375,0,0
1779626706.545036,-0.033203125,-0.01953125,-0.0078125,-0.017578125,-0.013671875,-0.68359375,0,0
1779626706.553055,-0.033203125,-0.0234375,-0.017578125,-0.017578125,-0.013671875,-0.68359375,0,0
1779626706.561026,-0.033203125,-0.0234375,-0.017578125,0.0,-0.017578125,-0.68359375,0,0
1779626706.569036,-0.033203125,-0.02734375,-0.021484375,0.0,-0.017578125,-0.68359375,0,0
1779626706.577075,-0.033203125,-0.02734375,-0.021484375,-0.005859375,-0.01953125,-0.68359375,0,0
1779626706.585013,-0.033203125,-0.029296875,-0.0234375,-0.005859375,-0.01953125,-0.68359375,0,0
1779626706.593043,-0.033203125,-0.029296875,-0.0234375,-0.009765625,-0.021484375,-0.681640625,0,0
1779626706.601036,-0.033203125,-0.029296875,-0.025390625,-0.009765625,-0.021484375,-0.681640625,0,0
1779626706.609046,-0.033203125,-0.029296875,-0.025390625,-0.01171875,-0.021484375,-0.681640625,0,0
1779626706.617068,-0.033203125,-0.03125,-0.02734375,-0.01171875,-0.021484375,-0.681640625,0,0
1779626706.625035,-0.033203125,-0.03125,-0.02734375,-0.01171875,-0.021484375,-0.6796875,0,0
1779626706.633115,-0.033203125,-0.03125,-0.03125,-0.01171875,-0.021484375,-0.6796875,0,0
1779626706.641045,-0.033203125,-0.03125,-0.03125,-0.017578125,-0.017578125,-0.677734375,0,0
1779626706.649089,-0.033203125,-0.033203125,-0.033203125,-0.017578125,-0.017578125,-0.677734375,0,0
1779626706.657100,-0.033203125,-0.033203125,-0.033203125,-0.017578125,-0.015625,-0.677734375,0,0
1779626706.665038,-0.033203125,-0.03515625,-0.033203125,-0.017578125,-0.015625,-0.677734375,0,0
1779626706.673065,-0.033203125,-0.03515625,-0.033203125,-0.017578125,-0.015625,-0.677734375,0,0
1779626706.681076,-0.033203125,-0.03515625,-0.033203125,-0.017578125,-0.015625,-0.677734375,0,0
1779626706.689054,-0.033203125,-0.03515625,-0.033203125,-0.017578125,-0.015625,-0.677734375,0,0
1779626706.697096,-0.033203125,-0.033203125,-0.033203125,-0.017578125,-0.015625,-0.677734375,0,0
1779626706.704094,-0.033203125,-0.033203125,-0.033203125,-0.017578125,-0.015625,-0.677734375,0,0
1779626706.713116,-0.033203125,-0.03125,-0.033203125,-0.017578125,-0.015625,-0.677734375,0,0
1779626706.721074,-0.033203125,-0.03125,-0.033203125,-0.017578125,-0.013671875,-0.6796875,0,0
1779626706.729080,-0.033203125,-0.033203125,-0.033203125,-0.017578125,-0.013671875,-0.6796875,0,0
1779626706.737107,-0.033203125,-0.033203125,-0.033203125,-0.017578125,-0.013671875,-0.6796875,0,0
1779626706.745069,-0.033203125,-0.033203125,-0.033203125,-0.017578125,-0.013671875,-0.6796875,0,0
1779626706.753075,-0.033203125,-0.033203125,-0.033203125,-0.017578125,-0.013671875,-0.6796875,0,0
1779626706.760092,-0.033203125,-0.033203125,-0.03515625,-0.017578125,-0.013671875,-0.6796875,0,0
1779626706.769089,-0.033203125,-0.033203125,-0.03515625,-0.017578125,-0.013671875,-0.6796875,0,0
1779626706.777139,-0.033203125,-0.033203125,-0.03515625,-0.017578125,-0.013671875,-0.6796875,0,0
1779626706.785105,-0.033203125,-0.033203125,-0.03515625,-0.017578125,-0.013671875,-0.6796875,0,0
1779626706.793066,-0.033203125,-0.03125,-0.03515625,-0.017578125,-0.013671875,-0.6796875,0,0
1779626706.801028,-0.033203125,-0.03125,-0.03515625,-0.01953125,-0.013671875,-0.6796875,0,0
1779626706.809083,-0.033203125,-0.029296875,-0.03515625,-0.01953125,-0.013671875,-0.6796875,0,0
1779626706.817065,-0.033203125,-0.029296875,-0.03515625,-0.01953125,-0.01171875,-0.68359375,0,0
1779626706.825020,-0.033203125,-0.0234375,-0.037109375,-0.01953125,-0.01171875,-0.68359375,0,0
1779626706.833098,-0.033203125,-0.0234375,-0.037109375,-0.02734375,-0.009765625,-0.68359375,0,0
1779626706.841111,-0.033203125,-0.021484375,-0.041015625,-0.02734375,-0.009765625,-0.68359375,0,0
1779626706.849110,-0.033203125,-0.021484375,-0.041015625,-0.02734375,-0.009765625,-0.68359375,0,0
1779626706.857062,-0.033203125,-0.017578125,-0.041015625,-0.02734375,-0.009765625,-0.68359375,0,0
1779626706.865027,-0.033203125,-0.017578125,-0.041015625,-0.033203125,-0.009765625,-0.68359375,0,0
1779626706.873087,-0.033203125,-0.015625,-0.044921875,-0.033203125,-0.009765625,-0.68359375,0,0
1779626706.881069,-0.033203125,-0.015625,-0.044921875,-0.03515625,-0.009765625,-0.68359375,0,0
1779626706.889087,-0.033203125,-0.013671875,-0.044921875,-0.03515625,-0.009765625,-0.68359375,0,0
1779626706.897068,-0.033203125,-0.013671875,-0.044921875,-0.0390625,-0.013671875,-0.68359375,0,0
1779626706.905045,-0.033203125,-0.013671875,-0.048828125,-0.0390625,-0.013671875,-0.68359375,0,0
1779626706.913069,-0.033203125,-0.013671875,-0.048828125,-0.04296875,-0.013671875,-0.68359375,0,0
1779626706.921046,-0.033203125,-0.013671875,-0.052734375,-0.04296875,-0.013671875,-0.68359375,0,0
1779626706.929037,-0.033203125,-0.013671875,-0.052734375,-0.044921875,-0.015625,-0.68359375,0,0
1779626706.937013,-0.033203125,-0.01171875,-0.0546875,-0.044921875,-0.015625,-0.68359375,0,0
1779626706.945006,-0.033203125,-0.01171875,-0.0546875,-0.0546875,-0.017578125,-0.68359375,0,0
1779626706.953041,-0.033203125,-0.01171875,-0.056640625,-0.0546875,-0.017578125,-0.68359375,0,0
1779626706.961064,-0.033203125,-0.01171875,-0.056640625,-0.056640625,-0.021484375,-0.68359375,0,0
1779626706.969082,-0.033203125,-0.01171875,-0.060546875,-0.056640625,-0.021484375,-0.68359375,0,0
1779626706.977036,-0.033203125,-0.01171875,-0.060546875,-0.05859375,-0.0234375,-0.68359375,0,0
1779626706.985042,-0.033203125,-0.01171875,-0.060546875,-0.05859375,-0.0234375,-0.68359375,0,0
1779626706.992060,-0.033203125,-0.01171875,-0.060546875,-0.060546875,-0.025390625,-0.68359375,0,0
1779626707.001098,-0.033203125,-0.01171875,-0.064453125,-0.060546875,-0.025390625,-0.68359375,0,0
1779626707.008057,-0.033203125,-0.01171875,-0.064453125,-0.064453125,-0.02734375,-0.68359375,0,0
1779626707.017107,-0.033203125,-0.01171875,-0.068359375,-0.064453125,-0.02734375,-0.68359375,0,0
1779626707.025068,-0.033203125,-0.01171875,-0.068359375,-0.0703125,-0.033203125,-0.6796875,0,0
1779626707.033031,-0.033203125,-0.01171875,-0.072265625,-0.0703125,-0.033203125,-0.6796875,0,0
1779626707.040071,-0.033203125,-0.01171875,-0.072265625,-0.07421875,-0.037109375,-0.677734375,0,0
1779626707.049066,-0.033203125,-0.01171875,-0.076171875,-0.07421875,-0.037109375,-0.677734375,0,0
1779626707.057034,-0.033203125,-0.01171875,-0.076171875,-0.078125,-0.041015625,-0.673828125,0,0
1779626707.065054,-0.033203125,-0.01171875,-0.076171875,-0.078125,-0.041015625,-0.673828125,0,0
1779626707.073058,-0.033203125,-0.01171875,-0.076171875,-0.08203125,-0.046875,-0.671875,0,0
1779626707.081056,-0.033203125,-0.013671875,-0.078125,-0.08203125,-0.046875,-0.671875,0,0
1779626707.089065,-0.033203125,-0.013671875,-0.078125,-0.0859375,-0.052734375,-0.66796875,0,0
1779626707.097069,-0.033203125,-0.015625,-0.083984375,-0.0859375,-0.052734375,-0.66796875,0,0
1779626707.105082,-0.033203125,-0.015625,-0.083984375,-0.08984375,-0.0546875,-0.6640625,0,0
1779626707.113102,-0.033203125,-0.017578125,-0.087890625,-0.08984375,-0.0546875,-0.6640625,0,0
1779626707.121065,-0.033203125,-0.017578125,-0.087890625,-0.095703125,-0.064453125,-0.658203125,0,0
1779626707.129110,-0.033203125,-0.01953125,-0.09375,-0.095703125,-0.064453125,-0.658203125,0,0
1779626707.137115,-0.033203125,-0.01953125,-0.09375,-0.103515625,-0.072265625,-0.65234375,0,0
1779626707.145077,-0.033203125,-0.0234375,-0.099609375,-0.103515625,-0.072265625,-0.65234375,0,0
1779626707.153089,-0.033203125,-0.0234375,-0.099609375,-0.109375,-0.080078125,-0.64453125,0,0
1779626707.161039,-0.033203125,-0.02734375,-0.109375,-0.109375,-0.080078125,-0.64453125,0,0
1779626707.169050,-0.033203125,-0.02734375,-0.109375,-0.1171875,-0.087890625,-0.638671875,0,0
1779626707.177064,-0.033203125,-0.029296875,-0.11328125,-0.1171875,-0.087890625,-0.638671875,0,0
1779626707.185059,-0.033203125,-0.029296875,-0.11328125,-0.123046875,-0.09375,-0.6328125,0,0
1779626707.193082,-0.033203125,-0.03125,-0.119140625,-0.123046875,-0.09375,-0.6328125,0,0
1779626707.201052,-0.033203125,-0.03125,-0.119140625,-0.12890625,-0.099609375,-0.626953125,0,0
1779626707.208989,-0.033203125,-0.037109375,-0.126953125,-0.12890625,-0.099609375,-0.626953125,0,0
1779626707.217106,-0.033203125,-0.037109375,-0.126953125,-0.13671875,-0.107421875,-0.6171875,0,0
1779626707.225052,-0.033203125,-0.046875,-0.14453125,-0.13671875,-0.107421875,-0.6171875,0,0
1779626707.233086,-0.033203125,-0.046875,-0.14453125,-0.15234375,-0.123046875,-0.603515625,0,0
1779626707.240125,-0.033203125,-0.052734375,-0.16015625,-0.15234375,-0.123046875,-0.603515625,0,0
1779626707.249087,-0.033203125,-0.052734375,-0.16015625,-0.16796875,-0.142578125,-0.583984375,0,0
1779626707.257073,-0.033203125,-0.0546875,-0.1640625,-0.16796875,-0.142578125,-0.583984375,0,0
1779626707.265135,-0.033203125,-0.0546875,-0.1640625,-0.171875,-0.15625,-0.57421875,0,0
1779626707.273097,-0.033203125,-0.05859375,-0.17578125,-0.171875,-0.15625,-0.57421875,0,0
1779626707.281077,-0.033203125,-0.05859375,-0.17578125,-0.18359375,-0.17578125,-0.55078125,0,0
1779626707.289117,-0.033203125,-0.064453125,-0.1875,-0.18359375,-0.17578125,-0.55078125,0,0
1779626707.297115,-0.033203125,-0.064453125,-0.1875,-0.1953125,-0.19921875,-0.529296875,0,0
1779626707.304044,-0.033203125,-0.06640625,-0.201171875,-0.1953125,-0.19921875,-0.529296875,0,0
1779626707.313082,-0.033203125,-0.06640625,-0.201171875,-0.2109375,-0.22265625,-0.505859375,0,0
1779626707.321037,-0.00390625,-0.068359375,-0.212890625,-0.2109375,-0.22265625,-0.505859375,0,0
1779626707.329083,-0.00390625,-0.068359375,-0.212890625,-0.224609375,-0.240234375,-0.48046875,0,0
1779626707.337023,-0.01171875,-0.0625,-0.21484375,-0.224609375,-0.240234375,-0.48046875,0,0
1779626707.345072,-0.01171875,-0.0625,-0.21484375,-0.25390625,-0.263671875,-0.455078125,0,0
1779626707.353053,-0.013671875,-0.0546875,-0.21484375,-0.25390625,-0.263671875,-0.455078125,0,0
1779626707.361083,-0.013671875,-0.0546875,-0.21484375,-0.28515625,-0.28515625,-0.43359375,0,0
1779626707.369028,-0.01171875,-0.05078125,-0.21484375,-0.28515625,-0.28515625,-0.43359375,0,0
1779626707.377052,-0.01171875,-0.05078125,-0.21484375,-0.30859375,-0.314453125,-0.412109375,0,0
1779626707.385082,-0.005859375,-0.044921875,-0.208984375,-0.30859375,-0.314453125,-0.412109375,0,0
1779626707.392087,-0.005859375,-0.044921875,-0.208984375,-0.333984375,-0.33984375,-0.39453125,0,0
1779626707.401088,0.0,-0.041015625,-0.203125,-0.333984375,-0.33984375,-0.39453125,0,0
1779626707.409091,0.0,-0.041015625,-0.203125,-0.357421875,-0.365234375,-0.376953125,0,0
1779626707.417126,0.0,-0.041015625,-0.201171875,-0.357421875,-0.365234375,-0.376953125,0,0
1779626707.425067,0.0,-0.041015625,-0.201171875,-0.375,-0.384765625,-0.36328125,0,0
1779626707.433086,0.0,-0.041015625,-0.201171875,-0.375,-0.384765625,-0.36328125,0,0
1779626707.440087,0.0,-0.041015625,-0.201171875,-0.388671875,-0.396484375,-0.35546875,0,0
1779626707.449084,0.0,-0.0390625,-0.189453125,-0.388671875,-0.396484375,-0.35546875,0,0
1779626707.457023,0.0,-0.0390625,-0.189453125,-0.404296875,-0.408203125,-0.34765625,0,0
1779626707.465041,0.0,-0.037109375,-0.17578125,-0.404296875,-0.408203125,-0.34765625,0,0
1779626707.472080,0.0,-0.037109375,-0.17578125,-0.412109375,-0.408203125,-0.345703125,0,0
1779626707.481084,0.0,-0.03515625,-0.158203125,-0.412109375,-0.408203125,-0.345703125,0,0
1779626707.489062,0.0,-0.03515625,-0.158203125,-0.4140625,-0.408203125,-0.345703125,0,0
1779626707.497042,0.0,-0.029296875,-0.138671875,-0.4140625,-0.408203125,-0.345703125,0,0
1779626707.505068,0.0,-0.029296875,-0.138671875,-0.41015625,-0.3984375,-0.349609375,0,0
1779626707.513060,0.0,-0.021484375,-0.115234375,-0.41015625,-0.3984375,-0.349609375,0,0
1779626707.521052,0.0,-0.021484375,-0.115234375,-0.39453125,-0.388671875,-0.359375,0,0
1779626707.529061,0.0,-0.013671875,-0.08984375,-0.39453125,-0.388671875,-0.359375,0,0
1779626707.537056,0.0,-0.013671875,-0.08984375,-0.37890625,-0.3671875,-0.373046875,0,0
1779626707.545056,0.0,-0.013671875,-0.052734375,-0.37890625,-0.3671875,-0.373046875,0,0
1779626707.553022,0.0,-0.013671875,-0.052734375,-0.3515625,-0.33984375,-0.392578125,0,0
1779626707.561105,0.0,-0.013671875,0.0,-0.3515625,-0.33984375,-0.392578125,0,0
1779626707.569036,0.0,-0.013671875,0.0,-0.31640625,-0.322265625,-0.40625,0,0
1779626707.585074,0.0,-0.013671875,0.0,-0.275390625,-0.302734375,-0.412109375,0,0
1779626707.593039,0.0,-0.013671875,0.033203125,-0.275390625,-0.302734375,-0.412109375,0,0
1779626707.600100,0.0,-0.013671875,0.033203125,-0.21875,-0.28515625,-0.41015625,0,0
1779626707.609090,0.0,0.015625,0.095703125,-0.21875,-0.28515625,-0.41015625,0,0
1779626707.617073,0.0,0.015625,0.095703125,-0.16796875,-0.271484375,-0.404296875,0,0
1779626707.625053,-0.017578125,0.052734375,0.173828125,-0.16796875,-0.271484375,-0.404296875,0,0
1779626707.633037,-0.017578125,0.052734375,0.173828125,-0.103515625,-0.2578125,-0.388671875,0,0
1779626707.641049,-0.064453125,0.076171875,0.228515625,-0.103515625,-0.2578125,-0.388671875,0,0
1779626707.649021,-0.064453125,0.076171875,0.228515625,-0.05078125,-0.236328125,-0.3671875,0,0
1779626707.657014,-0.109375,0.083984375,0.263671875,-0.05078125,-0.236328125,-0.3671875,0,0
1779626707.665104,-0.109375,0.083984375,0.263671875,-0.013671875,-0.21875,-0.3515625,0,0
1779626707.673054,-0.134765625,0.080078125,0.28515625,-0.013671875,-0.21875,-0.3515625,0,0
1779626707.681118,-0.134765625,0.080078125,0.28515625,-0.013671875,-0.1953125,-0.349609375,0,0
1779626707.689096,-0.162109375,0.07421875,0.28125,-0.013671875,-0.1953125,-0.349609375,0,0
1779626707.697039,-0.162109375,0.07421875,0.28125,-0.013671875,-0.1875,-0.349609375,0,0
1779626707.705031,-0.18359375,0.076171875,0.23828125,-0.013671875,-0.1875,-0.349609375,0,0
1779626707.713058,-0.18359375,0.076171875,0.23828125,-0.013671875,-0.181640625,-0.345703125,0,0
1779626707.721056,-0.173828125,0.072265625,0.1953125,-0.013671875,-0.181640625,-0.345703125,0,0
1779626707.729059,-0.173828125,0.072265625,0.1953125,0.03125,-0.169921875,-0.330078125,0,0
1779626707.737066,-0.107421875,0.064453125,0.171875,0.03125,-0.169921875,-0.330078125,0,0
1779626707.745042,-0.107421875,0.064453125,0.171875,0.052734375,-0.12890625,-0.29296875,0,0
1779626707.753052,-0.015625,0.025390625,0.14453125,0.052734375,-0.12890625,-0.29296875,0,0
1779626707.761093,-0.015625,0.025390625,0.14453125,0.0703125,-0.0703125,-0.248046875,0,0
1779626707.769060,-0.015625,0.025390625,0.115234375,0.0703125,-0.0703125,-0.248046875,0,0
1779626707.777025,-0.015625,0.025390625,0.115234375,0.07421875,-0.021484375,-0.216796875,0,0
1779626707.785106,0.009765625,0.025390625,0.0703125,0.07421875,-0.021484375,-0.216796875,0,0
1779626707.792054,0.009765625,0.025390625,0.0703125,0.05078125,-0.021484375,-0.17578125,0,0
1779626707.801094,0.04296875,-0.005859375,0.025390625,0.05078125,-0.021484375,-0.17578125,0,0
1779626707.809056,0.04296875,-0.005859375,0.025390625,0.01953125,-0.021484375,-0.130859375,0,0
1779626707.817046,0.064453125,-0.005859375,0.025390625,0.01953125,-0.021484375,-0.130859375,0,0
1779626707.825051,0.064453125,-0.005859375,0.025390625,0.01953125,0.025390625,-0.099609375,0,0
1779626707.833081,0.0546875,-0.005859375,0.025390625,0.01953125,0.025390625,-0.099609375,0,0
1779626707.841018,0.0546875,-0.005859375,0.025390625,0.01953125,0.025390625,-0.068359375,0,0
1779626707.849057,-0.009765625,-0.005859375,0.025390625,0.01953125,0.025390625,-0.068359375,0,0
1779626707.857035,-0.009765625,-0.005859375,0.025390625,0.01953125,-0.00390625,-0.068359375,0,0
1779626707.865051,0.005859375,-0.005859375,0.025390625,0.01953125,-0.00390625,-0.068359375,0,0
1779626707.873047,0.005859375,-0.005859375,0.025390625,0.01953125,0.009765625,-0.068359375,0,0
1779626707.903017,0.0,0.0,0.0,0.0,0.0,0.0,0,0
1779626707.934027,0.0,0.0,0.0,0.0,0.0,0.0,0,0
1779626707.965043,0.0,0.0,0.0,0.0,0.0,0.0,0,0
1779626707.985078,0.005859375,0.0,0.025390625,0.01953125,0.009765625,-0.068359375,0,0
1779626708.001106,0.005859375,-0.00390625,0.025390625,0.01953125,0.009765625,-0.068359375,0,0
1779626708.031069,0.0,0.0,0.0,0.0,0.0,0.0,0,0
1779626708.049091,0.005859375,-0.01953125,0.025390625,0.01953125,0.009765625,-0.068359375,0,0
1779626708.056100,0.005859375,-0.01953125,0.025390625,0.01953125,0.009765625,-0.03125,0,0
1779626708.065046,0.005859375,-0.041015625,0.025390625,0.01953125,0.009765625,-0.03125,0,0
1779626708.073033,0.005859375,-0.041015625,0.025390625,0.01953125,0.009765625,-0.072265625,0,0
1779626708.081100,0.005859375,-0.046875,0.0078125,0.01953125,0.009765625,-0.072265625,0,0
1779626708.089107,0.005859375,-0.046875,0.0078125,0.01953125,0.009765625,-0.12109375,0,0
1779626708.097068,0.005859375,-0.037109375,0.029296875,0.01953125,0.009765625,-0.12109375,0,0
1779626708.104146,0.005859375,-0.037109375,0.029296875,0.01953125,0.009765625,-0.171875,0,0
1779626708.113085,0.005859375,-0.03515625,0.0546875,0.01953125,0.009765625,-0.171875,0,0
1779626708.121089,0.005859375,-0.03515625,0.0546875,0.01953125,0.009765625,-0.208984375,0,0
1779626708.129093,0.005859375,-0.03515625,0.08984375,0.01953125,0.009765625,-0.208984375,0,0
1779626708.137070,0.005859375,-0.03515625,0.08984375,0.01953125,0.009765625,-0.251953125,0,0
1779626708.145080,0.005859375,-0.037109375,0.115234375,0.01953125,0.009765625,-0.251953125,0,0
1779626708.153099,0.005859375,-0.037109375,0.115234375,-0.0390625,0.009765625,-0.287109375,0,0
1779626708.161084,0.005859375,-0.03515625,0.142578125,-0.0390625,0.009765625,-0.287109375,0,0
1779626708.169075,0.005859375,-0.03515625,0.142578125,-0.0859375,0.009765625,-0.3203125,0,0
1779626708.177062,0.005859375,-0.017578125,0.16015625,-0.0859375,0.009765625,-0.3203125,0,0
1779626708.185082,0.005859375,-0.017578125,0.16015625,-0.09765625,0.009765625,-0.353515625,0,0
1779626708.193086,0.005859375,0.0,0.173828125,-0.09765625,0.009765625,-0.353515625,0,0
1779626708.201063,0.005859375,0.0,0.173828125,-0.10546875,-0.00390625,-0.3828125,0,0
1779626708.209059,0.005859375,0.0,0.189453125,-0.10546875,-0.00390625,-0.3828125,0,0
1779626708.217082,0.005859375,0.0,0.189453125,-0.126953125,0.0,-0.416015625,0,0
1779626708.225063,0.005859375,-0.009765625,0.189453125,-0.126953125,0.0,-0.416015625,0,0
1779626708.233079,0.005859375,-0.009765625,0.189453125,-0.13671875,0.0,-0.44140625,0,0
1779626708.241062,0.005859375,-0.017578125,0.189453125,-0.13671875,0.0,-0.44140625,0,0
1779626708.249093,0.005859375,-0.017578125,0.189453125,-0.158203125,0.0,-0.470703125,0,0
1779626708.257041,0.005859375,-0.005859375,0.19140625,-0.158203125,0.0,-0.470703125,0,0
1779626708.265081,0.005859375,-0.005859375,0.19140625,-0.16796875,0.0,-0.4921875,0,0
1779626708.273076,0.005859375,-0.005859375,0.19140625,-0.16796875,0.0,-0.4921875,0,0
1779626708.281111,0.005859375,-0.005859375,0.19140625,-0.169921875,-0.005859375,-0.513671875,0,0
1779626708.289068,0.005859375,-0.005859375,0.193359375,-0.169921875,-0.005859375,-0.513671875,0,0
1779626708.297085,0.005859375,-0.005859375,0.193359375,-0.173828125,-0.01171875,-0.513671875,0,0
1779626708.305037,0.005859375,-0.005859375,0.197265625,-0.173828125,-0.01171875,-0.513671875,0,0
1779626708.312087,0.005859375,-0.005859375,0.197265625,-0.177734375,-0.013671875,-0.51953125,0,0
1779626708.321089,0.005859375,-0.005859375,0.19921875,-0.177734375,-0.013671875,-0.51953125,0,0
1779626708.329084,0.005859375,-0.005859375,0.19921875,-0.1796875,-0.013671875,-0.52734375,0,0
1779626708.337028,0.00390625,-0.005859375,0.203125,-0.1796875,-0.013671875,-0.52734375,0,0
1779626708.345055,0.00390625,-0.005859375,0.203125,-0.18359375,-0.013671875,-0.53515625,0,0
1779626708.353076,0.02734375,-0.005859375,0.19921875,-0.18359375,-0.013671875,-0.53515625,0,0
1779626708.361051,0.02734375,-0.005859375,0.19921875,-0.193359375,-0.013671875,-0.541015625,0,0
1779626708.369060,0.052734375,-0.015625,0.19140625,-0.193359375,-0.013671875,-0.541015625,0,0
1779626708.377076,0.052734375,-0.015625,0.19140625,-0.19921875,-0.013671875,-0.55078125,0,0
1779626708.385075,0.06640625,-0.013671875,0.193359375,-0.19921875,-0.013671875,-0.55078125,0,0
1779626708.393018,0.06640625,-0.013671875,0.193359375,-0.203125,-0.013671875,-0.55859375,0,0
1779626708.401063,0.068359375,-0.01171875,0.1953125,-0.203125,-0.013671875,-0.55859375,0,0
1779626708.409106,0.068359375,-0.01171875,0.1953125,-0.201171875,-0.0078125,-0.55859375,0,0
1779626708.417081,0.0703125,-0.01171875,0.1953125,-0.201171875,-0.0078125,-0.55859375,0,0
1779626708.424996,0.0703125,-0.01171875,0.1953125,-0.205078125,-0.013671875,-0.55859375,0,0
1779626708.433001,0.072265625,-0.01171875,0.19140625,-0.205078125,-0.013671875,-0.55859375,0,0
1779626708.440994,0.072265625,-0.01171875,0.19140625,-0.21484375,-0.013671875,-0.5546875,0,0
1779626708.449000,0.08203125,-0.0078125,0.193359375,-0.21484375,-0.013671875,-0.5546875,0,0
1779626708.456999,0.08203125,-0.0078125,0.193359375,-0.2265625,-0.013671875,-0.552734375,0,0
1779626708.464995,0.08203125,-0.005859375,0.193359375,-0.2265625,-0.013671875,-0.552734375,0,0
1779626708.473043,0.08203125,-0.005859375,0.193359375,-0.228515625,-0.015625,-0.552734375,0,0
1779626708.481094,0.0859375,-0.00390625,0.1953125,-0.228515625,-0.015625,-0.552734375,0,0
1779626708.489026,0.0859375,-0.00390625,0.1953125,-0.232421875,-0.015625,-0.552734375,0,0
1779626708.497057,0.08984375,-0.00390625,0.1953125,-0.232421875,-0.015625,-0.552734375,0,0
1779626708.505022,0.08984375,-0.00390625,0.1953125,-0.232421875,-0.017578125,-0.552734375,0,0
1779626708.513050,0.091796875,-0.00390625,0.201171875,-0.232421875,-0.017578125,-0.552734375,0,0
1779626708.521029,0.091796875,-0.00390625,0.201171875,-0.228515625,-0.015625,-0.55859375,0,0
1779626708.529080,0.095703125,-0.00390625,0.205078125,-0.228515625,-0.015625,-0.55859375,0,0
1779626708.537059,0.095703125,-0.00390625,0.205078125,-0.224609375,-0.015625,-0.5625,0,0
1779626708.545053,0.099609375,-0.00390625,0.212890625,-0.224609375,-0.015625,-0.5625,0,0
1779626708.553036,0.099609375,-0.00390625,0.212890625,-0.224609375,-0.015625,-0.568359375,0,0
1779626708.561027,0.10546875,-0.00390625,0.216796875,-0.224609375,-0.015625,-0.568359375,0,0
1779626708.569105,0.10546875,-0.00390625,0.216796875,-0.21875,-0.015625,-0.572265625,0,0
1779626708.577089,0.107421875,-0.00390625,0.220703125,-0.21875,-0.015625,-0.572265625,0,0
1779626708.585083,0.107421875,-0.00390625,0.220703125,-0.216796875,-0.015625,-0.578125,0,0
1779626708.593034,0.109375,-0.00390625,0.2265625,-0.216796875,-0.015625,-0.578125,0,0
1779626708.601031,0.109375,-0.00390625,0.2265625,-0.2109375,-0.015625,-0.5859375,0,0
1779626708.609030,0.1171875,-0.00390625,0.232421875,-0.2109375,-0.015625,-0.5859375,0,0
1779626708.617017,0.1171875,-0.00390625,0.232421875,-0.20703125,-0.015625,-0.595703125,0,0
1779626708.625064,0.12109375,-0.00390625,0.234375,-0.20703125,-0.015625,-0.595703125,0,0
1779626708.633038,0.12109375,-0.00390625,0.234375,-0.205078125,-0.015625,-0.60546875,0,0
1779626708.641064,0.12109375,-0.00390625,0.234375,-0.205078125,-0.015625,-0.60546875,0,0
1779626708.649084,0.12109375,-0.00390625,0.234375,-0.203125,-0.021484375,-0.60546875,0,0
1779626708.656999,0.119140625,-0.00390625,0.234375,-0.203125,-0.021484375,-0.60546875,0,0
1779626708.665021,0.119140625,-0.00390625,0.234375,-0.203125,-0.021484375,-0.607421875,0,0
1779626708.673073,0.1171875,-0.00390625,0.232421875,-0.203125,-0.021484375,-0.607421875,0,0
1779626708.681035,0.1171875,-0.00390625,0.232421875,-0.193359375,-0.01953125,-0.61328125,0,0
1779626708.689044,0.10546875,-0.00390625,0.228515625,-0.193359375,-0.01953125,-0.61328125,0,0
1779626708.697032,0.10546875,-0.00390625,0.228515625,-0.173828125,-0.021484375,-0.625,0,0
1779626708.704067,0.091796875,-0.00390625,0.220703125,-0.173828125,-0.021484375,-0.625,0,0
1779626708.713051,0.091796875,-0.00390625,0.220703125,-0.15234375,-0.015625,-0.634765625,0,0
1779626708.720043,0.083984375,-0.00390625,0.212890625,-0.15234375,-0.015625,-0.634765625,0,0
1779626708.729005,0.083984375,-0.00390625,0.212890625,-0.142578125,-0.0078125,-0.640625,0,0
1779626708.737016,0.078125,-0.00390625,0.208984375,-0.142578125,-0.0078125,-0.640625,0,0
1779626708.745044,0.078125,-0.00390625,0.208984375,-0.12890625,-0.00390625,-0.64453125,0,0
1779626708.753050,0.0703125,-0.00390625,0.203125,-0.12890625,-0.00390625,-0.64453125,0,0
1779626708.761060,0.0703125,-0.00390625,0.203125,-0.119140625,-0.00390625,-0.650390625,0,0
1779626708.769039,0.060546875,-0.00390625,0.197265625,-0.119140625,-0.00390625,-0.650390625,0,0
1779626708.777068,0.060546875,-0.00390625,0.197265625,-0.103515625,-0.00390625,-0.658203125,0,0
1779626708.785058,0.044921875,-0.00390625,0.189453125,-0.103515625,-0.00390625,-0.658203125,0,0
1779626708.793099,0.044921875,-0.00390625,0.189453125,-0.080078125,-0.00390625,-0.666015625,0,0
1779626708.801014,0.03515625,-0.00390625,0.1796875,-0.080078125,-0.00390625,-0.666015625,0,0
1779626708.809068,0.03515625,-0.00390625,0.1796875,-0.060546875,-0.00390625,-0.673828125,0,0
1779626708.817062,0.01953125,-0.00390625,0.1640625,-0.060546875,-0.00390625,-0.673828125,0,0
1779626708.825020,0.01953125,-0.00390625,0.1640625,-0.0390625,-0.00390625,-0.681640625,0,0
1779626708.833071,0.01171875,-0.00390625,0.15234375,-0.0390625,-0.00390625,-0.681640625,0,0
1779626708.841064,0.01171875,-0.00390625,0.15234375,-0.0234375,-0.00390625,-0.68359375,0,0
1779626708.849083,0.005859375,-0.00390625,0.142578125,-0.0234375,-0.00390625,-0.68359375,0,0
1779626708.857005,0.005859375,-0.00390625,0.142578125,-0.005859375,-0.00390625,-0.68359375,0,0
1779626708.865010,0.0,-0.00390625,0.138671875,-0.005859375,-0.00390625,-0.68359375,0,0
1779626708.873072,0.0,-0.00390625,0.138671875,0.0,-0.00390625,-0.68359375,0,0
1779626708.881060,0.0,-0.00390625,0.134765625,0.0,-0.00390625,-0.68359375,0,0
1779626708.889050,0.0,-0.00390625,0.134765625,0.0,-0.00390625,-0.68359375,0,0
1779626708.897086,0.0,-0.00390625,0.134765625,0.0,-0.00390625,-0.68359375,0,0
1779626708.904071,0.0,-0.00390625,0.134765625,0.0,-0.00390625,-0.68359375,0,0
1779626708.912991,0.0,-0.00390625,0.134765625,0.0,-0.00390625,-0.68359375,0,0
1779626708.921088,0.0,-0.00390625,0.134765625,0.0,-0.00390625,-0.68359375,0,0
1779626708.929095,0.0,-0.00390625,0.12890625,0.0,-0.00390625,-0.68359375,0,0
1779626708.937039,0.0,-0.00390625,0.12890625,0.0,-0.00390625,-0.68359375,0,0
1779626708.945065,0.0,-0.00390625,0.12109375,0.0,-0.00390625,-0.68359375,0,0
1779626708.953065,0.0,-0.00390625,0.12109375,0.0,-0.00390625,-0.68359375,0,0
1779626708.961024,0.0,-0.00390625,0.109375,0.0,-0.00390625,-0.68359375,0,0
1779626708.969059,0.0,-0.00390625,0.109375,0.0,-0.00390625,-0.68359375,0,0
1779626708.977031,0.0,-0.00390625,0.10546875,0.0,-0.00390625,-0.68359375,0,0
1779626708.985078,0.0,-0.00390625,0.10546875,0.0,-0.00390625,-0.68359375,0,0
1779626708.992064,0.0,-0.00390625,0.1015625,0.0,-0.00390625,-0.68359375,0,0
1779626709.000062,0.0,-0.00390625,0.1015625,0.0,-0.00390625,-0.68359375,0,0
1779626709.009091,0.0,-0.00390625,0.091796875,0.0,-0.00390625,-0.68359375,0,0
1779626709.017077,0.0,-0.00390625,0.091796875,0.0,-0.00390625,-0.68359375,0,0
1779626709.024067,0.0,-0.00390625,0.08984375,0.0,-0.00390625,-0.68359375,0,0
1779626709.033069,0.0,-0.00390625,0.08984375,0.0,-0.00390625,-0.68359375,0,0
1779626709.041055,0.0,-0.00390625,0.08984375,0.0,-0.00390625,-0.68359375,0,0
1779626709.049038,0.0,-0.00390625,0.08984375,0.0,-0.00390625,-0.68359375,0,0
1779626709.056069,0.0,-0.00390625,0.08984375,0.0,-0.00390625,-0.68359375,0,0
1779626709.065082,0.0,-0.00390625,0.08984375,0.0,-0.00390625,-0.68359375,0,0
1779626709.073042,0.0,-0.00390625,0.08984375,0.0,-0.00390625,-0.68359375,0,0
1779626709.081068,0.0,-0.00390625,0.08984375,0.0,-0.00390625,-0.68359375,0,0
1779626709.089116,0.0,-0.00390625,0.08984375,0.0,-0.00390625,-0.68359375,0,0
1779626709.097089,0.0,-0.00390625,0.08984375,0.0,-0.00390625,-0.68359375,0,0
1779626709.105071,0.0,-0.00390625,0.08984375,0.0,-0.00390625,-0.68359375,0,0
1779626709.113080,0.0,-0.00390625,0.08984375,0.0,-0.00390625,-0.68359375,0,0
1779626709.120065,0.0,-0.00390625,0.087890625,0.0,-0.00390625,-0.68359375,0,0
1779626709.128078,0.0,-0.00390625,0.087890625,0.0,-0.00390625,-0.68359375,0,0
1779626709.137062,0.0,-0.00390625,0.087890625,0.0,-0.00390625,-0.68359375,0,0
1779626709.145064,0.0,-0.00390625,0.087890625,0.0,-0.00390625,-0.68359375,0,0
1779626709.152078,0.0,-0.00390625,0.087890625,0.0,-0.00390625,-0.68359375,0,0
1779626709.161065,0.0,-0.00390625,0.087890625,0.0,-0.00390625,-0.68359375,0,0
1779626709.168068,0.0,-0.00390625,0.0859375,0.0,-0.00390625,-0.68359375,0,0
1779626709.177073,0.0,-0.00390625,0.0859375,0.0,-0.00390625,-0.68359375,0,0
1779626709.185082,0.0,-0.00390625,0.0859375,0.0,-0.00390625,-0.68359375,0,0
1779626709.193059,0.0,-0.00390625,0.0859375,0.0,-0.00390625,-0.68359375,0,0
1779626709.201081,0.0,-0.00390625,0.0859375,0.0,-0.00390625,-0.68359375,0,0
1779626709.209092,0.0,-0.00390625,0.0859375,0.0,-0.00390625,-0.68359375,0,0
1779626709.217113,0.0,-0.00390625,0.0859375,0.0,-0.00390625,-0.68359375,0,0
1779626709.225049,0.0,-0.00390625,0.0859375,0.0,-0.00390625,-0.68359375,0,0
1779626709.233108,0.0,-0.00390625,0.083984375,0.0,-0.00390625,-0.68359375,0,0
1779626709.241111,0.0,-0.00390625,0.083984375,0.0,-0.00390625,-0.68359375,0,0
1779626709.249099,0.0,-0.00390625,0.083984375,0.0,-0.00390625,-0.68359375,0,0
1779626709.257083,0.0,-0.00390625,0.083984375,0.0,-0.00390625,-0.68359375,0,0
1779626709.265151,0.0,-0.00390625,0.083984375,0.0,-0.00390625,-0.68359375,0,0
1779626709.273219,0.0,-0.00390625,0.083984375,0.0,-0.00390625,-0.68359375,0,0
1779626709.281041,0.0,-0.00390625,0.083984375,0.0,-0.00390625,-0.68359375,0,0
1779626709.289117,0.0,-0.00390625,0.083984375,0.0,-0.00390625,-0.68359375,0,0
1779626709.297060,0.0,-0.00390625,0.083984375,0.0,-0.00390625,-0.68359375,0,0
1779626709.305026,0.0,-0.00390625,0.083984375,0.0,-0.00390625,-0.68359375,0,0
1779626709.313088,0.0,-0.00390625,0.083984375,0.0,-0.00390625,-0.68359375,0,0
1779626709.321056,0.0,-0.00390625,0.083984375,0.0,-0.00390625,-0.68359375,0,0
1779626709.329104,0.0,-0.00390625,0.08203125,0.0,-0.00390625,-0.68359375,0,0
1779626709.336042,0.0,-0.00390625,0.08203125,0.0,-0.00390625,-0.68359375,0,0
1779626709.345121,0.0,-0.00390625,0.080078125,0.0,-0.00390625,-0.68359375,0,0
1779626709.353122,0.0,-0.00390625,0.080078125,0.0,-0.00390625,-0.68359375,0,0
1779626709.361067,0.0,-0.00390625,0.080078125,0.0,-0.00390625,-0.68359375,0,0
1779626709.369104,0.0,-0.00390625,0.080078125,0.0,-0.00390625,-0.68359375,0,0
1779626709.377110,0.0,-0.00390625,0.078125,0.0,-0.00390625,-0.68359375,0,0
1779626709.385065,0.0,-0.00390625,0.078125,0.0,-0.00390625,-0.68359375,0,0
1779626709.393055,0.0,-0.00390625,0.078125,0.0,-0.00390625,-0.68359375,0,0
1779626709.401105,0.0,-0.00390625,0.078125,0.0,-0.00390625,-0.68359375,0,0
1779626709.409035,0.0,-0.00390625,0.0703125,0.0,-0.00390625,-0.68359375,0,0
1779626709.417122,0.0,-0.00390625,0.0703125,0.0,-0.00390625,-0.68359375,0,0
1779626709.425010,0.0,-0.00390625,0.05859375,0.0,-0.00390625,-0.68359375,0,0
1779626709.433040,0.0,-0.00390625,0.05859375,0.0,-0.00390625,-0.68359375,0,0
1779626709.441076,0.0,-0.00390625,0.04296875,0.0,-0.00390625,-0.68359375,0,0
1779626709.449074,0.0,-0.00390625,0.04296875,0.0,-0.00390625,-0.68359375,0,0
1779626709.457021,0.0,-0.00390625,0.025390625,0.0,-0.00390625,-0.68359375,0,0
1779626709.464128,0.0,-0.00390625,0.025390625,0.0,-0.00390625,-0.68359375,0,0
1779626709.473124,0.0,-0.00390625,0.009765625,0.0,-0.00390625,-0.68359375,0,0
1779626709.481055,0.0,-0.00390625,0.009765625,0.0,-0.00390625,-0.68359375,0,0
1779626709.497103,0.0,-0.00390625,0.009765625,0.0,-0.00390625,-0.68359375,0,0
1779626709.513122,0.0,-0.00390625,0.009765625,0.0,-0.00390625,-0.68359375,0,0
1779626709.529107,0.0,-0.00390625,0.009765625,0.0,-0.00390625,-0.68359375,0,0
1779626709.545130,0.0,-0.00390625,0.009765625,0.0,-0.00390625,-0.68359375,0,0
1779626709.561011,0.0,-0.00390625,0.009765625,0.0,-0.00390625,-0.68359375,0,0
1779626709.577134,0.0,-0.00390625,0.009765625,-0.017578125,-0.00390625,-0.68359375,0,0
1779626709.585080,0.0,-0.00390625,0.009765625,-0.017578125,-0.00390625,-0.68359375,0,0
1779626709.593042,0.0,-0.00390625,0.009765625,-0.03515625,-0.00390625,-0.68359375,0,0
1779626709.601085,0.0078125,-0.00390625,-0.00390625,-0.03515625,-0.00390625,-0.68359375,0,0
1779626709.608094,0.0078125,-0.00390625,-0.00390625,-0.046875,-0.013671875,-0.68359375,0,0
1779626709.617019,0.015625,-0.00390625,-0.01171875,-0.046875,-0.013671875,-0.68359375,0,0
1779626709.625039,0.015625,-0.00390625,-0.01171875,-0.056640625,-0.01953125,-0.68359375,0,0
1779626709.633082,0.01953125,-0.00390625,-0.01953125,-0.056640625,-0.01953125,-0.68359375,0,0
1779626709.640058,0.01953125,-0.00390625,-0.01953125,-0.072265625,-0.02734375,-0.68359375,0,0
1779626709.649093,0.025390625,-0.00390625,-0.02734375,-0.072265625,-0.02734375,-0.68359375,0,0
1779626709.657072,0.025390625,-0.00390625,-0.02734375,-0.08203125,-0.03515625,-0.68359375,0,0
1779626709.665077,0.03125,-0.00390625,-0.037109375,-0.08203125,-0.03515625,-0.68359375,0,0
1779626709.673096,0.03125,-0.00390625,-0.037109375,-0.095703125,-0.04296875,-0.68359375,0,0
1779626709.681079,0.03515625,-0.00390625,-0.0390625,-0.095703125,-0.04296875,-0.68359375,0,0
1779626709.689112,0.03515625,-0.00390625,-0.0390625,-0.1015625,-0.046875,-0.68359375,0,0
1779626709.697048,0.03515625,-0.00390625,-0.0390625,-0.1015625,-0.046875,-0.68359375,0,0
1779626709.705082,0.03515625,-0.00390625,-0.0390625,-0.10546875,-0.046875,-0.68359375,0,0
1779626709.713164,0.037109375,-0.00390625,-0.0390625,-0.10546875,-0.046875,-0.68359375,0,0
1779626709.721034,0.037109375,-0.00390625,-0.0390625,-0.10546875,-0.044921875,-0.68359375,0,0
1779626709.729103,0.037109375,-0.00390625,-0.041015625,-0.10546875,-0.044921875,-0.68359375,0,0
1779626709.737073,0.037109375,-0.00390625,-0.041015625,-0.10546875,-0.046875,-0.68359375,0,0
1779626709.745048,0.037109375,-0.00390625,-0.041015625,-0.10546875,-0.046875,-0.68359375,0,0
1779626709.752037,0.037109375,-0.00390625,-0.041015625,-0.10546875,-0.046875,-0.68359375,0,0
1779626709.761062,0.037109375,-0.00390625,-0.041015625,-0.10546875,-0.046875,-0.68359375,0,0
1779626709.769093,0.037109375,-0.00390625,-0.041015625,-0.10546875,-0.044921875,-0.68359375,0,0
1779626709.776103,0.03515625,-0.00390625,-0.037109375,-0.10546875,-0.044921875,-0.68359375,0,0
1779626709.785081,0.03515625,-0.00390625,-0.037109375,-0.1015625,-0.041015625,-0.68359375,0,0
1779626709.792060,0.03515625,-0.00390625,-0.03515625,-0.1015625,-0.041015625,-0.68359375,0,0
1779626709.801069,0.03515625,-0.00390625,-0.03515625,-0.09765625,-0.037109375,-0.68359375,0,0
1779626709.808062,0.029296875,-0.00390625,-0.03125,-0.09765625,-0.037109375,-0.68359375,0,0
1779626709.817059,0.029296875,-0.00390625,-0.03125,-0.095703125,-0.037109375,-0.68359375,0,0
1779626709.825025,0.02734375,-0.00390625,-0.029296875,-0.095703125,-0.037109375,-0.68359375,0,0
1779626709.833069,0.02734375,-0.00390625,-0.029296875,-0.091796875,-0.033203125,-0.68359375,0,0
1779626709.841041,0.021484375,-0.00390625,-0.017578125,-0.091796875,-0.033203125,-0.68359375,0,0
1779626709.849099,0.021484375,-0.00390625,-0.017578125,-0.080078125,-0.017578125,-0.68359375,0,0
1779626709.857066,0.009765625,-0.00390625,0.0,-0.080078125,-0.017578125,-0.68359375,0,0
1779626709.865068,0.009765625,-0.00390625,0.0,-0.060546875,-0.005859375,-0.68359375,0,0
1779626709.873064,0.0,-0.00390625,0.0,-0.060546875,-0.005859375,-0.68359375,0,0
1779626709.881059,0.0,-0.00390625,0.0,-0.046875,-0.005859375,-0.68359375,0,0
1779626709.897038,0.0,-0.00390625,0.0,-0.03125,-0.005859375,-0.68359375,0,0
1779626709.913064,0.0,-0.00390625,0.0,-0.025390625,-0.005859375,-0.68359375,0,0
1779626709.929104,0.0,-0.00390625,0.0,-0.01953125,-0.005859375,-0.68359375,0,0
1779626709.944101,0.0,-0.00390625,0.0,-0.009765625,-0.005859375,-0.68359375,0,0
1779626709.961023,0.0,-0.00390625,0.0,-0.00390625,-0.005859375,-0.68359375,0,0
1779626709.977050,0.0,-0.00390625,0.0,-0.00390625,-0.005859375,-0.68359375,0,0
1779626709.993042,0.0,-0.00390625,0.0,-0.00390625,-0.005859375,-0.68359375,0,0
1779626710.009066,0.0,-0.00390625,0.0,-0.00390625,-0.005859375,-0.68359375,0,0
1779626710.025097,0.0,-0.00390625,0.0,-0.00390625,-0.005859375,-0.68359375,0,0
1779626710.041068,0.0,-0.00390625,0.0,-0.00390625,-0.005859375,-0.68359375,0,0
1779626710.057062,0.0,-0.00390625,0.0,-0.00390625,-0.005859375,-0.68359375,0,0
1779626710.073099,0.0,-0.00390625,0.0,-0.00390625,-0.005859375,-0.68359375,0,0
1779626710.089063,0.0,-0.00390625,0.0,0.015625,-0.005859375,-0.68359375,0,0
1779626710.105074,0.0,-0.00390625,0.0,0.048828125,-0.005859375,-0.68359375,0,0
1779626710.121072,0.0,-0.00390625,0.0,0.083984375,-0.005859375,-0.68359375,0,0
1779626710.129086,0.0,-0.00390625,-0.03125,0.083984375,-0.005859375,-0.68359375,0,0
1779626710.137093,0.0,-0.00390625,-0.03125,0.109375,-0.005859375,-0.68359375,0,0
1779626710.145044,0.0,-0.00390625,-0.056640625,0.109375,-0.005859375,-0.68359375,0,0
1779626710.153084,0.0,-0.00390625,-0.056640625,0.1328125,-0.005859375,-0.68359375,0,0
1779626710.161098,0.0,-0.00390625,-0.07421875,0.1328125,-0.005859375,-0.68359375,0,0
1779626710.169077,0.0,-0.00390625,-0.07421875,0.146484375,0.0,-0.68359375,0,0
1779626710.177066,0.0,-0.00390625,-0.095703125,0.146484375,0.0,-0.68359375,0,0
1779626710.185077,0.0,-0.00390625,-0.095703125,0.15234375,-0.00390625,-0.6796875,0,0
1779626710.193066,0.0,-0.00390625,-0.11328125,0.15234375,-0.00390625,-0.6796875,0,0
1779626710.201070,0.0,-0.00390625,-0.11328125,0.15234375,-0.00390625,-0.669921875,0,0
1779626710.209072,0.0,-0.00390625,-0.123046875,0.15234375,-0.00390625,-0.669921875,0,0
1779626710.217033,0.0,-0.00390625,-0.123046875,0.146484375,-0.00390625,-0.66015625,0,0
1779626710.225048,0.0,-0.00390625,-0.12890625,0.146484375,-0.00390625,-0.66015625,0,0
1779626710.233016,0.0,-0.00390625,-0.12890625,0.146484375,-0.00390625,-0.6484375,0,0
1779626710.241060,0.0,0.01171875,-0.12890625,0.146484375,-0.00390625,-0.6484375,0,0
1779626710.249127,0.0,0.01171875,-0.12890625,0.15234375,-0.00390625,-0.6328125,0,0
1779626710.257102,-0.015625,0.0234375,-0.138671875,0.15234375,-0.00390625,-0.6328125,0,0
1779626710.265060,-0.015625,0.0234375,-0.138671875,0.162109375,-0.00390625,-0.615234375,0,0
1779626710.273052,-0.0234375,0.03125,-0.14453125,0.162109375,-0.00390625,-0.615234375,0,0
1779626710.281092,-0.0234375,0.03125,-0.14453125,0.171875,-0.00390625,-0.59375,0,0
1779626710.288109,-0.025390625,0.037109375,-0.15234375,0.171875,-0.00390625,-0.59375,0,0
1779626710.297114,-0.025390625,0.037109375,-0.15234375,0.171875,-0.00390625,-0.568359375,0,0
1779626710.305101,-0.029296875,0.037109375,-0.16796875,0.171875,-0.00390625,-0.568359375,0,0
1779626710.313165,-0.029296875,0.037109375,-0.16796875,0.166015625,-0.00390625,-0.544921875,0,0
1779626710.321074,-0.01953125,0.033203125,-0.177734375,0.166015625,-0.00390625,-0.544921875,0,0
1779626710.328091,-0.01953125,0.033203125,-0.177734375,0.154296875,-0.00390625,-0.525390625,0,0
1779626710.337081,-0.009765625,0.03125,-0.177734375,0.154296875,-0.00390625,-0.525390625,0,0
1779626710.345054,-0.009765625,0.03125,-0.177734375,0.142578125,-0.00390625,-0.513671875,0,0
1779626710.353013,-0.00390625,0.0234375,-0.1875,0.142578125,-0.00390625,-0.513671875,0,0
1779626710.361047,-0.00390625,0.0234375,-0.1875,0.138671875,-0.00390625,-0.5,0,0
1779626710.369103,-0.0078125,0.017578125,-0.19921875,0.138671875,-0.00390625,-0.5,0,0
1779626710.376137,-0.0078125,0.017578125,-0.19921875,0.1328125,-0.00390625,-0.490234375,0,0
1779626710.385090,-0.009765625,0.025390625,-0.203125,0.1328125,-0.00390625,-0.490234375,0,0
1779626710.393029,-0.009765625,0.025390625,-0.203125,0.1328125,-0.00390625,-0.482421875,0,0
1779626710.401068,-0.009765625,0.033203125,-0.20703125,0.1328125,-0.00390625,-0.482421875,0,0
1779626710.409106,-0.009765625,0.033203125,-0.20703125,0.1328125,-0.00390625,-0.47265625,0,0
1779626710.417031,-0.009765625,0.037109375,-0.21875,0.1328125,-0.00390625,-0.47265625,0,0
1779626710.425021,-0.009765625,0.037109375,-0.21875,0.12890625,-0.00390625,-0.462890625,0,0
1779626710.433066,-0.009765625,0.033203125,-0.228515625,0.12890625,-0.00390625,-0.462890625,0,0
1779626710.440080,-0.009765625,0.033203125,-0.228515625,0.126953125,-0.00390625,-0.453125,0,0
1779626710.448108,-0.009765625,0.033203125,-0.240234375,0.126953125,-0.00390625,-0.453125,0,0
1779626710.457080,-0.009765625,0.033203125,-0.240234375,0.125,-0.00390625,-0.44140625,0,0
1779626710.465092,-0.013671875,0.037109375,-0.251953125,0.125,-0.00390625,-0.44140625,0,0
1779626710.472049,-0.013671875,0.037109375,-0.251953125,0.125,-0.00390625,-0.4296875,0,0
1779626710.481065,-0.0234375,0.044921875,-0.259765625,0.125,-0.00390625,-0.4296875,0,0
1779626710.489052,-0.0234375,0.044921875,-0.259765625,0.134765625,0.0,-0.419921875,0,0
1779626710.497081,-0.029296875,0.052734375,-0.267578125,0.134765625,0.0,-0.419921875,0,0
1779626710.505036,-0.029296875,0.052734375,-0.267578125,0.14453125,-0.0078125,-0.41015625,0,0
1779626710.513115,-0.033203125,0.052734375,-0.271484375,0.14453125,-0.0078125,-0.41015625,0,0
1779626710.521103,-0.033203125,0.052734375,-0.271484375,0.146484375,-0.009765625,-0.400390625,0,0
1779626710.528086,-0.033203125,0.0546875,-0.28125,0.146484375,-0.009765625,-0.400390625,0,0
1779626710.536073,-0.033203125,0.0546875,-0.28125,0.146484375,-0.01171875,-0.38671875,0,0
1779626710.544056,-0.033203125,0.0546875,-0.29296875,0.146484375,-0.01171875,-0.38671875,0,0
1779626710.553108,-0.033203125,0.0546875,-0.29296875,0.14453125,-0.013671875,-0.373046875,0,0
1779626710.560084,-0.033203125,0.05078125,-0.298828125,0.14453125,-0.013671875,-0.373046875,0,0
1779626710.568088,-0.033203125,0.05078125,-0.298828125,0.142578125,-0.01953125,-0.361328125,0,0
1779626710.577092,-0.037109375,0.046875,-0.306640625,0.142578125,-0.01953125,-0.361328125,0,0
1779626710.585095,-0.037109375,0.046875,-0.306640625,0.150390625,-0.025390625,-0.353515625,0,0
1779626710.592090,-0.041015625,0.046875,-0.310546875,0.150390625,-0.025390625,-0.353515625,0,0
1779626710.601067,-0.041015625,0.046875,-0.310546875,0.15625,-0.029296875,-0.34765625,0,0
1779626710.609045,-0.05078125,0.044921875,-0.314453125,0.15625,-0.029296875,-0.34765625,0,0
1779626710.617038,-0.05078125,0.044921875,-0.314453125,0.173828125,-0.0390625,-0.337890625,0,0
1779626710.624086,-0.056640625,0.044921875,-0.32421875,0.173828125,-0.0390625,-0.337890625,0,0
1779626710.632106,-0.056640625,0.044921875,-0.32421875,0.1875,-0.046875,-0.328125,0,0
1779626710.640096,-0.068359375,0.04296875,-0.33984375,0.1875,-0.046875,-0.328125,0,0
1779626710.648104,-0.068359375,0.04296875,-0.33984375,0.1953125,-0.05859375,-0.3203125,0,0
1779626710.657079,-0.076171875,0.041015625,-0.349609375,0.1953125,-0.05859375,-0.3203125,0,0
1779626710.665090,-0.076171875,0.041015625,-0.349609375,0.1953125,-0.068359375,-0.310546875,0,0
1779626710.672096,-0.078125,0.04296875,-0.35546875,0.1953125,-0.068359375,-0.310546875,0,0
1779626710.681094,-0.078125,0.04296875,-0.35546875,0.193359375,-0.068359375,-0.306640625,0,0
1779626710.688116,-0.076171875,0.052734375,-0.353515625,0.193359375,-0.068359375,-0.306640625,0,0
1779626710.697023,-0.076171875,0.052734375,-0.353515625,0.1875,-0.06640625,-0.3046875,0,0
1779626710.704071,-0.076171875,0.060546875,-0.34765625,0.1875,-0.06640625,-0.3046875,0,0
1779626710.713037,-0.076171875,0.060546875,-0.34765625,0.1875,-0.06640625,-0.302734375,0,0
1779626710.721087,-0.083984375,0.064453125,-0.341796875,0.1875,-0.06640625,-0.302734375,0,0
1779626710.729216,-0.083984375,0.064453125,-0.341796875,0.189453125,-0.0703125,-0.296875,0,0
1779626710.737041,-0.099609375,0.060546875,-0.341796875,0.189453125,-0.0703125,-0.296875,0,0
1779626710.745034,-0.099609375,0.060546875,-0.341796875,0.193359375,-0.080078125,-0.2890625,0,0
1779626710.753048,-0.103515625,0.0546875,-0.33984375,0.193359375,-0.080078125,-0.2890625,0,0
1779626710.761052,-0.103515625,0.0546875,-0.33984375,0.205078125,-0.083984375,-0.27734375,0,0
1779626710.769068,-0.09375,0.041015625,-0.341796875,0.205078125,-0.083984375,-0.27734375,0,0
1779626710.777078,-0.09375,0.041015625,-0.341796875,0.212890625,-0.083984375,-0.263671875,0,0
1779626710.784119,-0.087890625,0.041015625,-0.32421875,0.212890625,-0.083984375,-0.263671875,0,0
1779626710.793048,-0.087890625,0.041015625,-0.32421875,0.22265625,-0.08203125,-0.23828125,0,0
1779626710.801054,-0.072265625,0.041015625,-0.33984375,0.22265625,-0.08203125,-0.23828125,0,0
1779626710.809080,-0.072265625,0.041015625,-0.33984375,0.224609375,-0.08203125,-0.224609375,0,0
1779626710.817102,-0.0546875,0.041015625,-0.3359375,0.224609375,-0.08203125,-0.224609375,0,0
1779626710.825081,-0.0546875,0.041015625,-0.3359375,0.21875,-0.0703125,-0.21875,0,0
1779626710.833086,-0.044921875,0.0390625,-0.330078125,0.21875,-0.0703125,-0.21875,0,0
1779626710.841113,-0.044921875,0.0390625,-0.330078125,0.21484375,-0.064453125,-0.21484375,0,0
1779626710.849071,-0.041015625,0.04296875,-0.3203125,0.21484375,-0.064453125,-0.21484375,0,0
1779626710.857119,-0.041015625,0.04296875,-0.3203125,0.205078125,-0.05859375,-0.21484375,0,0
1779626710.865113,-0.033203125,0.033203125,-0.296875,0.205078125,-0.05859375,-0.21484375,0,0
1779626710.873088,-0.033203125,0.033203125,-0.296875,0.185546875,-0.048828125,-0.208984375,0,0
1779626710.881110,-0.029296875,0.02734375,-0.26953125,0.185546875,-0.048828125,-0.208984375,0,0
1779626710.889073,-0.029296875,0.02734375,-0.26953125,0.17578125,-0.037109375,-0.193359375,0,0
1779626710.897140,-0.029296875,0.029296875,-0.267578125,0.17578125,-0.037109375,-0.193359375,0,0
1779626710.905006,-0.029296875,0.029296875,-0.267578125,0.166015625,-0.037109375,-0.18359375,0,0
1779626710.913104,-0.025390625,0.03515625,-0.267578125,0.166015625,-0.037109375,-0.18359375,0,0
1779626710.921039,-0.025390625,0.03515625,-0.267578125,0.16015625,-0.03515625,-0.171875,0,0
1779626710.929061,-0.015625,0.041015625,-0.271484375,0.16015625,-0.03515625,-0.171875,0,0
1779626710.937053,-0.015625,0.041015625,-0.271484375,0.16015625,-0.03125,-0.16796875,0,0
1779626710.945076,-0.013671875,0.0390625,-0.2890625,0.16015625,-0.03125,-0.16796875,0,0
1779626710.953080,-0.013671875,0.0390625,-0.2890625,0.16015625,-0.041015625,-0.162109375,0,0
1779626710.961080,-0.025390625,0.029296875,-0.326171875,0.16015625,-0.041015625,-0.162109375,0,0
1779626710.969098,-0.025390625,0.029296875,-0.326171875,0.171875,-0.064453125,-0.154296875,0,0
1779626710.977174,-0.03515625,0.009765625,-0.357421875,0.171875,-0.064453125,-0.154296875,0,0
1779626710.985068,-0.03515625,0.009765625,-0.357421875,0.19140625,-0.087890625,-0.146484375,0,0
1779626710.993070,-0.03515625,0.009765625,-0.380859375,0.19140625,-0.087890625,-0.146484375,0,0
1779626711.001027,-0.03515625,0.009765625,-0.380859375,0.205078125,-0.103515625,-0.138671875,0,0
1779626711.008117,-0.025390625,0.00390625,-0.400390625,0.205078125,-0.103515625,-0.138671875,0,0
1779626711.017053,-0.025390625,0.00390625,-0.400390625,0.208984375,-0.107421875,-0.125,0,0
1779626711.025028,-0.01953125,0.01953125,-0.427734375,0.208984375,-0.107421875,-0.125,0,0
1779626711.033046,-0.01953125,0.01953125,-0.427734375,0.20703125,-0.109375,-0.1171875,0,0
1779626711.040119,-0.025390625,0.0234375,-0.4609375,0.20703125,-0.109375,-0.1171875,0,0
1779626711.049068,-0.025390625,0.0234375,-0.4609375,0.234375,-0.119140625,-0.107421875,0,0
1779626711.057049,-0.03125,0.033203125,-0.48046875,0.234375,-0.119140625,-0.107421875,0,0
1779626711.065039,-0.03125,0.033203125,-0.48046875,0.23828125,-0.12890625,-0.099609375,0,0
1779626711.073525,-0.03125,0.037109375,-0.490234375,0.23828125,-0.12890625,-0.099609375,0,0
1779626711.081123,-0.03125,0.037109375,-0.490234375,0.236328125,-0.130859375,-0.095703125,0,0
1779626711.089076,-0.021484375,0.0390625,-0.4765625,0.236328125,-0.130859375,-0.095703125,0,0
1779626711.097158,-0.021484375,0.0390625,-0.4765625,0.236328125,-0.12109375,-0.095703125,0,0
1779626711.105158,-0.01171875,0.033203125,-0.45703125,0.236328125,-0.12109375,-0.095703125,0,0
1779626711.113099,-0.01171875,0.033203125,-0.45703125,0.2421875,-0.109375,-0.095703125,0,0
1779626711.121093,-0.009765625,0.0234375,-0.455078125,0.2421875,-0.109375,-0.095703125,0,0
1779626711.129060,-0.009765625,0.0234375,-0.455078125,0.248046875,-0.107421875,-0.095703125,0,0
1779626711.136093,-0.01953125,0.015625,-0.4609375,0.248046875,-0.107421875,-0.095703125,0,0
1779626711.145041,-0.01953125,0.015625,-0.4609375,0.240234375,-0.107421875,-0.095703125,0,0
1779626711.152092,-0.029296875,0.015625,-0.462890625,0.240234375,-0.107421875,-0.095703125,0,0
1779626711.160061,-0.029296875,0.015625,-0.462890625,0.240234375,-0.11328125,-0.09765625,0,0
1779626711.169025,-0.03125,0.0234375,-0.462890625,0.240234375,-0.11328125,-0.09765625,0,0
1779626711.177046,-0.03125,0.0234375,-0.462890625,0.23828125,-0.115234375,-0.1015625,0,0
1779626711.185072,-0.033203125,0.029296875,-0.4609375,0.23828125,-0.115234375,-0.1015625,0,0
1779626711.193072,-0.033203125,0.029296875,-0.4609375,0.232421875,-0.11328125,-0.103515625,0,0
1779626711.201035,-0.03125,0.03125,-0.462890625,0.232421875,-0.11328125,-0.103515625,0,0
1779626711.209067,-0.03125,0.03125,-0.462890625,0.2265625,-0.107421875,-0.10546875,0,0
1779626711.217100,-0.025390625,0.025390625,-0.462890625,0.2265625,-0.107421875,-0.10546875,0,0
1779626711.225066,-0.025390625,0.025390625,-0.462890625,0.216796875,-0.1015625,-0.103515625,0,0
1779626711.233066,-0.021484375,0.015625,-0.458984375,0.216796875,-0.1015625,-0.103515625,0,0
1779626711.241059,-0.021484375,0.015625,-0.458984375,0.208984375,-0.095703125,-0.1015625,0,0
1779626711.249105,-0.017578125,0.0078125,-0.4453125,0.208984375,-0.095703125,-0.1015625,0,0
1779626711.256075,-0.017578125,0.0078125,-0.4453125,0.19921875,-0.08984375,-0.09765625,0,0
1779626711.265077,-0.021484375,0.00390625,-0.435546875,0.19921875,-0.08984375,-0.09765625,0,0
1779626711.272088,-0.021484375,0.00390625,-0.435546875,0.185546875,-0.087890625,-0.095703125,0,0
1779626711.281068,-0.021484375,0.009765625,-0.412109375,0.185546875,-0.087890625,-0.095703125,0,0
1779626711.288060,-0.021484375,0.009765625,-0.412109375,0.171875,-0.078125,-0.09375,0,0
1779626711.296133,-0.01953125,0.009765625,-0.37109375,0.171875,-0.078125,-0.09375,0,0
1779626711.305045,-0.01953125,0.009765625,-0.37109375,0.166015625,-0.064453125,-0.09375,0,0
1779626711.313068,-0.01953125,0.013671875,-0.296875,0.166015625,-0.064453125,-0.09375,0,0
1779626711.321072,-0.01953125,0.013671875,-0.296875,0.154296875,-0.04296875,-0.091796875,0,0
1779626711.328058,-0.017578125,0.013671875,-0.19921875,0.154296875,-0.04296875,-0.091796875,0,0
1779626711.337063,-0.017578125,0.013671875,-0.19921875,0.154296875,-0.01953125,-0.080078125,0,0
1779626711.345041,-0.025390625,0.013671875,-0.1328125,0.154296875,-0.01953125,-0.080078125,0,0
1779626711.353059,-0.025390625,0.013671875,-0.1328125,0.16796875,-0.015625,-0.068359375,0,0
1779626711.360088,-0.029296875,0.013671875,-0.1015625,0.16796875,-0.015625,-0.068359375,0,0
1779626711.369026,-0.029296875,0.013671875,-0.1015625,0.16796875,-0.01171875,-0.05859375,0,0
1779626711.377072,-0.021484375,0.013671875,-0.0546875,0.16796875,-0.01171875,-0.05859375,0,0
1779626711.385099,-0.021484375,0.013671875,-0.0546875,0.14453125,-0.01171875,-0.044921875,0,0
1779626711.392092,-0.021484375,0.013671875,-0.029296875,0.14453125,-0.01171875,-0.044921875,0,0
1779626711.401066,-0.021484375,0.013671875,-0.029296875,0.10546875,-0.01171875,-0.0390625,0,0
1779626711.417037,-0.021484375,0.013671875,-0.029296875,0.037109375,-0.01171875,-0.02734375,0,0
1779626711.433084,-0.021484375,0.013671875,-0.029296875,0.017578125,-0.01171875,-0.009765625,0,0
1779626711.449084,-0.021484375,0.013671875,-0.029296875,0.033203125,-0.01171875,-0.005859375,0,0
1779626711.465009,-0.021484375,0.013671875,-0.029296875,0.0390625,-0.01171875,-0.01171875,0,0
1779626711.472052,0.0078125,0.013671875,-0.029296875,0.0390625,-0.01171875,-0.01171875,0,0
1779626711.481104,0.0078125,0.013671875,-0.029296875,0.0390625,-0.01171875,-0.00390625,0,0
1779626711.511062,0.0,0.0,0.0,0.0,0.0,0.0,0,0
1779626711.542061,0.0,0.0,0.0,0.0,0.0,0.0,0,0
1779626711.573061,0.0,0.0,0.0,0.0,0.0,0.0,0,0
1779626711.604076,0.0,0.0,0.0,0.0,0.0,0.0,0,0
1779626711.635043,0.0,0.0,0.0,0.0,0.0,0.0,0,0
1779626711.666031,0.0,0.0,0.0,0.0,0.0,0.0,0,0
1779626711.697098,0.0,0.0,0.0,0.0,0.0,0.0,0,0
1779626711.728066,0.0,0.0,0.0,0.0,0.0,0.0,0,0
1779626711.759048,0.0,0.0,0.0,0.0,0.0,0.0,0,0
1779626711.790074,0.0,0.0,0.0,0.0,0.0,0.0,0,0
1779626711.821031,0.0,0.0,0.0,0.0,0.0,0.0,0,0
1779626711.852058,0.0,0.0,0.0,0.0,0.0,0.0,0,0
1779626711.883075,0.0,0.0,0.0,0.0,0.0,0.0,0,0
1779626711.914061,0.0,0.0,0.0,0.0,0.0,0.0,0,0
1779626711.945068,0.0,0.0,0.0,0.0,0.0,0.0,0,0
1779626711.976067,0.0,0.0,0.0,0.0,0.0,0.0,0,0
1779626711.993053,0.005859375,0.013671875,-0.029296875,0.0390625,-0.01171875,-0.00390625,0,0
1779626712.023038,0.0,0.0,0.0,0.0,0.0,0.0,0,0
1779626712.025060,0.0,0.013671875,-0.029296875,0.0390625,-0.01171875,-0.00390625,0,0
1779626712.055054,0.0,0.0,0.0,0.0,0.0,0.0,0,0
1779626712.086059,0.0,0.0,0.0,0.0,0.0,0.0,1,0
1779626712.117052,0.0,0.0,0.0,0.0,0.0,0.0,1,0
1779626712.148115,0.0,0.0,0.0,0.0,0.0,0.0,1,0
1779626712.179062,0.0,0.0,0.0,0.0,0.0,0.0,0,0
1779626712.210086,0.0,0.0,0.0,0.0,0.0,0.0,0,0
1779626712.241062,0.0,0.0,0.0,0.0,0.0,0.0,0,0
1779626712.272101,0.0,0.0,0.0,0.0,0.0,0.0,0,0
1779626712.303087,0.0,0.0,0.0,0.0,0.0,0.0,0,0
1779626712.334020,0.0,0.0,0.0,0.0,0.0,0.0,0,0
1779626712.365112,0.0,0.0,0.0,0.0,0.0,0.0,0,0
1779626712.396080,0.0,0.0,0.0,0.0,0.0,0.0,0,0
1779626712.427026,0.0,0.0,0.0,0.0,0.0,0.0,0,0
1779626712.458096,0.0,0.0,0.0,0.0,0.0,0.0,0,0
1779626712.489094,0.0,0.0,0.0,0.0,0.0,0.0,0,0
1779626712.520080,0.0,0.0,0.0,0.0,0.0,0.0,0,0
1779626712.551098,0.0,0.0,0.0,0.0,0.0,0.0,0,0
1779626712.582099,0.0,0.0,0.0,0.0,0.0,0.0,0,0
1779626712.613070,0.0,0.0,0.0,0.0,0.0,0.0,0,0
1779626712.644043,0.0,0.0,0.0,0.0,0.0,0.0,0,0
1779626712.675033,0.0,0.0,0.0,0.0,0.0,0.0,0,0
1779626712.706084,0.0,0.0,0.0,0.0,0.0,0.0,0,0
1779626712.737123,0.0,0.0,0.0,0.0,0.0,0.0,0,0
1779626712.768063,0.0,0.0,0.0,0.0,0.0,0.0,0,0
1779626712.799081,0.0,0.0,0.0,0.0,0.0,0.0,0,0
1779626712.830066,0.0,0.0,0.0,0.0,0.0,0.0,0,0
1779626712.861078,0.0,0.0,0.0,0.0,0.0,0.0,0,0
1779626712.892016,0.0,0.0,0.0,0.0,0.0,0.0,0,0
1779626712.923027,0.0,0.0,0.0,0.0,0.0,0.0,0,0
1779626712.954082,0.0,0.0,0.0,0.0,0.0,0.0,0,0
1779626712.985133,0.0,0.0,0.0,0.0,0.0,0.0,0,0
1779626713.016061,0.0,0.0,0.0,0.0,0.0,0.0,0,0
1779626713.047090,0.0,0.0,0.0,0.0,0.0,0.0,0,0
1779626713.078021,0.0,0.0,0.0,0.0,0.0,0.0,0,0
1779626713.109024,0.0,0.0,0.0,0.0,0.0,0.0,0,0
1779626713.140062,0.0,0.0,0.0,0.0,0.0,0.0,0,0
1779626713.171046,0.0,0.0,0.0,0.0,0.0,0.0,0,0
1779626713.202057,0.0,0.0,0.0,0.0,0.0,0.0,0,0
1779626713.233094,0.0,0.0,0.0,0.0,0.0,0.0,0,0
1779626713.264108,0.0,0.0,0.0,0.0,0.0,0.0,0,0
1779626713.295101,0.0,0.0,0.0,0.0,0.0,0.0,0,0
1779626713.326077,0.0,0.0,0.0,0.0,0.0,0.0,0,0
1779626713.357073,0.0,0.0,0.0,0.0,0.0,0.0,0,0
1779626713.388048,0.0,0.0,0.0,0.0,0.0,0.0,0,0
1779626713.419072,0.0,0.0,0.0,0.0,0.0,0.0,0,0
1779626713.450109,0.0,0.0,0.0,0.0,0.0,0.0,0,0
1779626713.481066,0.0,0.0,0.0,0.0,0.0,0.0,0,0
1779626713.512068,0.0,0.0,0.0,0.0,0.0,0.0,0,0
1779626713.543121,0.0,0.0,0.0,0.0,0.0,0.0,0,0
1779626713.574072,0.0,0.0,0.0,0.0,0.0,0.0,0,0
1779626713.605090,0.0,0.0,0.0,0.0,0.0,0.0,0,0
1779626713.636057,0.0,0.0,0.0,0.0,0.0,0.0,0,0
1779626713.667094,0.0,0.0,0.0,0.0,0.0,0.0,0,0
1779626713.698053,0.0,0.0,0.0,0.0,0.0,0.0,0,0
1779626713.729026,0.0,0.0,0.0,0.0,0.0,0.0,0,0
1779626713.760086,0.0,0.0,0.0,0.0,0.0,0.0,0,0
1779626713.791070,0.0,0.0,0.0,0.0,0.0,0.0,0,0
1779626713.822062,0.0,0.0,0.0,0.0,0.0,0.0,0,0
1779626713.853077,0.0,0.0,0.0,0.0,0.0,0.0,0,0
1779626713.884033,0.0,0.0,0.0,0.0,0.0,0.0,0,0
1779626713.915058,0.0,0.0,0.0,0.0,0.0,0.0,0,0
1779626713.946081,0.0,0.0,0.0,0.0,0.0,0.0,0,0
1779626713.977004,0.0,0.0,0.0,0.0,0.0,0.0,0,0
1779626714.008050,0.0,0.0,0.0,0.0,0.0,0.0,0,0
1779626714.039058,0.0,0.0,0.0,0.0,0.0,0.0,0,0
1779626714.070018,0.0,0.0,0.0,0.0,0.0,0.0,0,0
1779626714.101095,0.0,0.0,0.0,0.0,0.0,0.0,0,0
1779626714.132045,0.0,0.0,0.0,0.0,0.0,0.0,0,0
1779626714.163058,0.0,0.0,0.0,0.0,0.0,0.0,0,0
1779626714.194085,0.0,0.0,0.0,0.0,0.0,0.0,0,0
1779626714.225097,0.0,0.0,0.0,0.0,0.0,0.0,0,0
1779626714.256117,0.0,0.0,0.0,0.0,0.0,0.0,0,0
1779626714.287088,0.0,0.0,0.0,0.0,0.0,0.0,0,0
1779626714.318081,0.0,0.0,0.0,0.0,0.0,0.0,0,0
1779626714.349057,0.0,0.0,0.0,0.0,0.0,0.0,0,0
1779626714.380004,0.0,0.0,0.0,0.0,0.0,0.0,0,0
1779626714.411117,0.0,0.0,0.0,0.0,0.0,0.0,0,0
1779626714.442066,0.0,0.0,0.0,0.0,0.0,0.0,0,0
1779626714.473099,0.0,0.0,0.0,0.0,0.0,0.0,0,0
1779626714.504098,0.0,0.0,0.0,0.0,0.0,0.0,0,0
1779626714.535076,0.0,0.0,0.0,0.0,0.0,0.0,0,0
1779626714.566105,0.0,0.0,0.0,0.0,0.0,0.0,0,0
1779626714.597074,0.0,0.0,0.0,0.0,0.0,0.0,0,0
1779626714.628090,0.0,0.0,0.0,0.0,0.0,0.0,0,0
1779626714.659076,0.0,0.0,0.0,0.0,0.0,0.0,0,0
1779626714.690011,0.0,0.0,0.0,0.0,0.0,0.0,0,0
1779626714.720114,0.0,0.013671875,-0.029296875,0.005859375,-0.01171875,-0.00390625,0,0
1779626714.728132,0.0,-0.009765625,0.01953125,0.005859375,-0.01171875,-0.00390625,0,0
1779626714.736140,0.0,-0.009765625,0.01953125,0.0390625,-0.01171875,-0.00390625,0,0
1779626714.744107,0.0,-0.04296875,0.0859375,0.0390625,-0.01171875,-0.00390625,0,0
1779626714.752080,0.0,-0.04296875,0.0859375,0.080078125,-0.01171875,-0.00390625,0,0
1779626714.761090,0.0,-0.056640625,0.16015625,0.080078125,-0.01171875,-0.00390625,0,0
1779626714.768097,0.0,-0.056640625,0.16015625,0.1171875,-0.01171875,-0.00390625,0,0
1779626714.776045,0.0,-0.06640625,0.21875,0.1171875,-0.01171875,-0.00390625,0,0
1779626714.784087,0.0,-0.06640625,0.21875,0.142578125,-0.01171875,-0.00390625,0,0
1779626714.792071,0.0,-0.08203125,0.2890625,0.142578125,-0.01171875,-0.00390625,0,0
1779626714.800106,0.0,-0.08203125,0.2890625,0.166015625,-0.01171875,-0.013671875,0,0
1779626714.808054,0.0,-0.109375,0.34765625,0.166015625,-0.01171875,-0.013671875,0,0
1779626714.817075,0.0,-0.109375,0.34765625,0.162109375,-0.01171875,-0.0390625,0,0
1779626714.825037,0.0,-0.119140625,0.388671875,0.162109375,-0.01171875,-0.0390625,0,0
1779626714.833094,0.0,-0.119140625,0.388671875,0.13671875,-0.01171875,-0.064453125,0,0
1779626714.841106,0.0,-0.1171875,0.427734375,0.13671875,-0.01171875,-0.064453125,0,0
1779626714.849070,0.0,-0.1171875,0.427734375,0.10546875,-0.01171875,-0.078125,0,0
1779626714.857092,0.0,-0.1171875,0.486328125,0.10546875,-0.01171875,-0.078125,0,0
1779626714.865045,0.0,-0.1171875,0.486328125,0.072265625,-0.01171875,-0.083984375,0,0
1779626714.873038,0.029296875,-0.111328125,0.55078125,0.072265625,-0.01171875,-0.083984375,0,0
1779626714.881075,0.029296875,-0.111328125,0.55078125,0.06640625,-0.01171875,-0.0859375,0,0
1779626714.889092,0.041015625,-0.119140625,0.595703125,0.06640625,-0.01171875,-0.0859375,0,0
1779626714.897090,0.041015625,-0.119140625,0.595703125,0.068359375,-0.01171875,-0.0859375,0,0
1779626714.905114,0.03515625,-0.125,0.611328125,0.068359375,-0.01171875,-0.0859375,0,0
1779626714.913026,0.03515625,-0.125,0.611328125,0.06640625,-0.01171875,-0.0859375,0,0
1779626714.921072,0.015625,-0.125,0.615234375,0.06640625,-0.01171875,-0.0859375,0,0
1779626714.929129,0.015625,-0.125,0.615234375,0.060546875,-0.01171875,-0.087890625,0,0
1779626714.937071,0.015625,-0.12890625,0.615234375,0.060546875,-0.01171875,-0.087890625,0,0
1779626714.945070,0.015625,-0.12890625,0.615234375,0.0546875,-0.01171875,-0.087890625,0,0
1779626714.953071,0.015625,-0.125,0.62109375,0.0546875,-0.01171875,-0.087890625,0,0
1779626714.961087,0.015625,-0.125,0.62109375,0.05078125,-0.01171875,-0.087890625,0,0
1779626714.969094,0.015625,-0.1171875,0.64453125,0.05078125,-0.01171875,-0.087890625,0,0
1779626714.976119,0.015625,-0.1171875,0.64453125,0.048828125,-0.01171875,-0.087890625,0,0
1779626714.984146,0.015625,-0.115234375,0.658203125,0.048828125,-0.01171875,-0.087890625,0,0
1779626714.992091,0.015625,-0.115234375,0.658203125,0.046875,-0.01171875,-0.087890625,0,0
1779626715.001144,0.015625,-0.11328125,0.669921875,0.046875,-0.01171875,-0.087890625,0,0
1779626715.009111,0.015625,-0.11328125,0.669921875,0.052734375,-0.01171875,-0.091796875,0,0
1779626715.017064,0.015625,-0.111328125,0.673828125,0.052734375,-0.01171875,-0.091796875,0,0
1779626715.024104,0.015625,-0.111328125,0.673828125,0.056640625,-0.01171875,-0.095703125,0,0
1779626715.032113,0.015625,-0.115234375,0.673828125,0.056640625,-0.01171875,-0.095703125,0,0
1779626715.041067,0.015625,-0.115234375,0.673828125,0.0625,-0.01171875,-0.09765625,0,0
1779626715.049182,0.015625,-0.134765625,0.673828125,0.0625,-0.01171875,-0.09765625,0,0
1779626715.057094,0.015625,-0.134765625,0.673828125,0.068359375,-0.01171875,-0.09765625,0,0
1779626715.065123,0.015625,-0.1484375,0.6796875,0.068359375,-0.01171875,-0.09765625,0,0
1779626715.073051,0.015625,-0.1484375,0.6796875,0.076171875,-0.01171875,-0.09765625,0,0
1779626715.081098,0.005859375,-0.150390625,0.68359375,0.076171875,-0.01171875,-0.09765625,0,0
1779626715.089026,0.005859375,-0.150390625,0.68359375,0.08203125,-0.01171875,-0.099609375,0,0
1779626715.096073,0.009765625,-0.140625,0.68359375,0.08203125,-0.01171875,-0.099609375,0,0
1779626715.105122,0.009765625,-0.140625,0.68359375,0.09375,-0.01171875,-0.103515625,0,0
1779626715.113121,0.009765625,-0.126953125,0.68359375,0.09375,-0.01171875,-0.103515625,0,0
1779626715.121128,0.009765625,-0.126953125,0.68359375,0.111328125,-0.01171875,-0.107421875,0,0
1779626715.129129,0.009765625,-0.119140625,0.68359375,0.111328125,-0.01171875,-0.107421875,0,0
1779626715.137115,0.009765625,-0.119140625,0.68359375,0.1171875,-0.01171875,-0.111328125,0,0
1779626715.145102,0.009765625,-0.115234375,0.68359375,0.1171875,-0.01171875,-0.111328125,0,0
1779626715.153117,0.009765625,-0.115234375,0.68359375,0.12109375,-0.01171875,-0.11328125,0,0
1779626715.161113,0.009765625,-0.119140625,0.68359375,0.12109375,-0.01171875,-0.11328125,0,0
1779626715.169051,0.009765625,-0.119140625,0.68359375,0.123046875,-0.01171875,-0.11328125,0,0
1779626715.177028,0.009765625,-0.123046875,0.68359375,0.123046875,-0.01171875,-0.11328125,0,0
1779626715.185094,0.009765625,-0.123046875,0.68359375,0.126953125,-0.01171875,-0.111328125,0,0
1779626715.193016,0.009765625,-0.12890625,0.68359375,0.126953125,-0.01171875,-0.111328125,0,0
1779626715.201091,0.009765625,-0.12890625,0.68359375,0.12890625,-0.01171875,-0.111328125,0,0
1779626715.208113,0.009765625,-0.12890625,0.68359375,0.12890625,-0.01171875,-0.111328125,0,0
1779626715.217113,0.009765625,-0.12890625,0.68359375,0.130859375,-0.01171875,-0.111328125,0,0
1779626715.225120,0.009765625,-0.125,0.68359375,0.130859375,-0.01171875,-0.111328125,0,0
1779626715.232107,0.009765625,-0.125,0.68359375,0.1328125,-0.01171875,-0.107421875,0,0
1779626715.241069,0.009765625,-0.1171875,0.68359375,0.1328125,-0.01171875,-0.107421875,0,0
1779626715.249059,0.009765625,-0.1171875,0.68359375,0.13671875,-0.01171875,-0.107421875,0,0
1779626715.257037,0.009765625,-0.1171875,0.68359375,0.13671875,-0.01171875,-0.107421875,0,0
1779626715.264086,0.009765625,-0.1171875,0.68359375,0.13671875,-0.01171875,-0.10546875,0,0
1779626715.272088,0.0,-0.115234375,0.68359375,0.13671875,-0.01171875,-0.10546875,0,0
1779626715.280141,0.0,-0.115234375,0.68359375,0.13671875,-0.01171875,-0.103515625,0,0
1779626715.289042,0.0078125,-0.109375,0.68359375,0.13671875,-0.01171875,-0.103515625,0,0
1779626715.297058,0.0078125,-0.109375,0.68359375,0.1328125,-0.01171875,-0.103515625,0,0
1779626715.305034,0.015625,-0.109375,0.68359375,0.1328125,-0.01171875,-0.103515625,0,0
1779626715.312062,0.015625,-0.109375,0.68359375,0.1328125,-0.01171875,-0.10546875,0,0
1779626715.321069,0.015625,-0.109375,0.68359375,0.1328125,-0.01171875,-0.10546875,0,0
1779626715.329055,0.015625,-0.109375,0.68359375,0.1328125,-0.01171875,-0.107421875,0,0
1779626715.337078,0.005859375,-0.1015625,0.68359375,0.1328125,-0.01171875,-0.107421875,0,0
1779626715.345048,0.005859375,-0.1015625,0.68359375,0.1328125,-0.01171875,-0.111328125,0,0
1779626715.353062,0.005859375,-0.087890625,0.68359375,0.1328125,-0.01171875,-0.111328125,0,0
1779626715.361079,0.005859375,-0.087890625,0.68359375,0.138671875,-0.01171875,-0.11328125,0,0
1779626715.369057,0.005859375,-0.044921875,0.68359375,0.138671875,-0.01171875,-0.11328125,0,0
1779626715.377056,0.005859375,-0.044921875,0.68359375,0.13671875,-0.01171875,-0.09765625,0,0
1779626715.385069,0.005859375,-0.044921875,0.68359375,0.13671875,-0.01171875,-0.09765625,0,0
1779626715.393043,0.005859375,-0.044921875,0.68359375,0.107421875,-0.01171875,-0.052734375,0,0
1779626715.401109,0.005859375,-0.044921875,0.666015625,0.107421875,-0.01171875,-0.052734375,0,0
1779626715.409073,0.005859375,-0.044921875,0.666015625,0.0625,-0.01171875,-0.052734375,0,0
1779626715.417055,0.005859375,0.013671875,0.609375,0.0625,-0.01171875,-0.052734375,0,0
1779626715.425076,0.005859375,0.013671875,0.609375,0.013671875,-0.01171875,-0.052734375,0,0
1779626715.433047,0.005859375,0.021484375,0.556640625,0.013671875,-0.01171875,-0.052734375,0,0
1779626715.441038,0.005859375,0.021484375,0.556640625,0.013671875,-0.01171875,0.046875,0,0
1779626715.449096,0.005859375,0.005859375,0.498046875,0.013671875,-0.01171875,0.046875,0,0
1779626715.457068,0.005859375,0.005859375,0.498046875,0.013671875,-0.01171875,0.037109375,0,0
1779626715.464058,0.005859375,0.005859375,0.453125,0.013671875,-0.01171875,0.037109375,0,0
1779626715.472129,0.005859375,0.005859375,0.453125,0.013671875,-0.01171875,0.03125,0,0
1779626715.480146,0.005859375,0.005859375,0.384765625,0.013671875,-0.01171875,0.03125,0,0
1779626715.489098,0.005859375,0.005859375,0.384765625,0.013671875,-0.01171875,0.02734375,0,0
1779626715.496086,0.005859375,0.005859375,0.337890625,0.013671875,-0.01171875,0.02734375,0,0
1779626715.505126,0.005859375,0.005859375,0.337890625,0.013671875,-0.01171875,0.017578125,0,0
1779626715.512113,0.048828125,0.005859375,0.3046875,0.013671875,-0.01171875,0.017578125,0,0
1779626715.521011,0.048828125,0.005859375,0.3046875,0.013671875,-0.01171875,0.009765625,0,0
1779626715.528069,0.0703125,0.005859375,0.275390625,0.013671875,-0.01171875,0.009765625,0,0
1779626715.537094,0.0703125,0.005859375,0.275390625,0.0,0.00390625,0.009765625,0,0
1779626715.545102,0.05859375,0.005859375,0.23828125,0.0,0.00390625,0.009765625,0,0
1779626715.553085,0.05859375,0.005859375,0.23828125,0.015625,0.00390625,0.015625,0,0
1779626715.561069,0.044921875,0.005859375,0.201171875,0.015625,0.00390625,0.015625,0,0
1779626715.569070,0.044921875,0.005859375,0.201171875,0.01953125,0.0,0.015625,0,0
1779626715.585073,0.01171875,-0.005859375,0.181640625,0.01953125,0.0,0.015625,0,1
1779626715.593052,0.01171875,-0.005859375,0.181640625,0.037109375,0.0,0.015625,0,1
1779626715.601060,0.01171875,-0.015625,0.169921875,0.037109375,0.0,0.015625,0,1
1779626715.609051,0.01171875,-0.015625,0.169921875,0.056640625,0.0,0.017578125,0,1
1779626715.616119,0.01171875,-0.017578125,0.15625,0.056640625,0.0,0.017578125,0,1
1779626715.624096,0.01171875,-0.017578125,0.15625,0.0703125,0.0,0.01953125,0,1
1779626715.633110,0.01171875,-0.017578125,0.14453125,0.0703125,0.0,0.01953125,0,1
1779626715.641070,0.01171875,-0.017578125,0.14453125,0.080078125,0.0,0.021484375,0,1
1779626715.649090,0.01171875,-0.01953125,0.125,0.080078125,0.0,0.021484375,0,1
1779626715.657075,0.01171875,-0.01953125,0.125,0.0859375,0.0,0.02734375,0,1
1779626715.665074,0.01171875,-0.009765625,0.111328125,0.0859375,0.0,0.02734375,0,1
1779626715.673108,0.01171875,-0.009765625,0.111328125,0.0859375,0.0,0.03125,0,1
1779626715.681041,0.01171875,-0.00390625,0.087890625,0.0859375,0.0,0.03125,0,1
1779626715.689051,0.01171875,-0.00390625,0.087890625,0.076171875,0.0,0.033203125,0,1
1779626715.697063,0.01171875,-0.00390625,0.056640625,0.076171875,0.0,0.033203125,0,1
1779626715.705048,0.01171875,-0.00390625,0.056640625,0.041015625,0.0,0.037109375,0,1
1779626715.713048,0.01171875,-0.00390625,0.01953125,0.041015625,0.0,0.037109375,0,1
1779626715.721081,0.01171875,-0.00390625,0.01953125,0.041015625,0.0,0.033203125,0,1
1779626715.751075,0.0,0.0,0.0,0.0,0.0,0.0,0,0
1779626715.782033,0.0,0.0,0.0,0.0,0.0,0.0,0,0
1779626715.813025,0.0,0.0,0.0,0.0,0.0,0.0,0,0
1779626715.844032,0.0,0.0,0.0,0.0,0.0,0.0,0,0
1779626715.875043,0.0,0.0,0.0,0.0,0.0,0.0,0,0
1779626715.906056,0.0,0.0,0.0,0.0,0.0,0.0,0,0
1779626715.937129,0.0,0.0,0.0,0.0,0.0,0.0,0,0
1779626715.968048,0.0,0.0,0.0,0.0,0.0,0.0,0,0
1779626715.999097,0.0,0.0,0.0,0.0,0.0,0.0,0,0
1779626716.030077,0.0,0.0,0.0,0.0,0.0,0.0,0,0
1779626716.061125,0.0,0.0,0.0,0.0,0.0,0.0,0,0
1779626716.092087,0.0,0.0,0.0,0.0,0.0,0.0,0,0
1779626716.123109,0.0,0.0,0.0,0.0,0.0,0.0,0,0
1779626716.154069,0.0,0.0,0.0,0.0,0.0,0.0,0,0
1779626716.185039,0.0,0.0,0.0,0.0,0.0,0.0,0,0
1779626716.216078,0.0,0.0,0.0,0.0,0.0,0.0,0,0
1779626716.247037,0.0,0.0,0.0,0.0,0.0,0.0,0,0
1779626716.278046,0.0,0.0,0.0,0.0,0.0,0.0,0,0
1779626716.309035,0.0,0.0,0.0,0.0,0.0,0.0,0,0
1779626716.340069,0.0,0.0,0.0,0.0,0.0,0.0,0,0
1779626716.371023,0.0,0.0,0.0,0.0,0.0,0.0,0,0
1779626716.402089,0.0,0.0,0.0,0.0,0.0,0.0,0,0
1779626716.433113,0.0,0.0,0.0,0.0,0.0,0.0,0,0
1779626716.464036,0.0,0.0,0.0,0.0,0.0,0.0,0,0
1779626716.495048,0.0,0.0,0.0,0.0,0.0,0.0,0,0
1779626716.526062,0.0,0.0,0.0,0.0,0.0,0.0,0,0
1779626716.557058,0.0,0.0,0.0,0.0,0.0,0.0,0,0
1779626716.587982,0.0,0.0,0.0,0.0,0.0,0.0,0,0
1779626716.619071,0.0,0.0,0.0,0.0,0.0,0.0,0,0
1779626716.650090,0.0,0.0,0.0,0.0,0.0,0.0,0,0
1779626716.681062,0.0,0.0,0.0,0.0,0.0,0.0,0,0
1779626716.712077,0.0,0.0,0.0,0.0,0.0,0.0,0,0
1779626716.743068,0.0,0.0,0.0,0.0,0.0,0.0,0,0
1779626716.774122,0.0,0.0,0.0,0.0,0.0,0.0,0,0
1779626716.805068,0.0,0.0,0.0,0.0,0.0,0.0,0,0
1779626716.836061,0.0,0.0,0.0,0.0,0.0,0.0,0,0
1779626716.867085,0.0,0.0,0.0,0.0,0.0,0.0,0,0
1779626716.898096,0.0,0.0,0.0,0.0,0.0,0.0,0,0
1779626716.929085,0.0,0.0,0.0,0.0,0.0,0.0,0,0
1779626716.960109,0.0,0.0,0.0,0.0,0.0,0.0,0,0
1779626716.991048,0.0,0.0,0.0,0.0,0.0,0.0,0,0
1779626717.022066,0.0,0.0,0.0,0.0,0.0,0.0,0,0
1779626717.053117,0.0,0.0,0.0,0.0,0.0,0.0,0,0
1779626717.084095,0.0,0.0,0.0,0.0,0.0,0.0,0,0
1779626717.115033,0.0,0.0,0.0,0.0,0.0,0.0,0,0
1779626717.146087,0.0,0.0,0.0,0.0,0.0,0.0,0,0
1779626717.177090,0.0,0.0,0.0,0.0,0.0,0.0,0,0
1779626717.208055,0.0,0.0,0.0,0.0,0.0,0.0,0,0
1779626717.239101,0.0,0.0,0.0,0.0,0.0,0.0,0,0
1779626717.270147,0.0,0.0,0.0,0.0,0.0,0.0,0,0
1779626717.301092,0.0,0.0,0.0,0.0,0.0,0.0,0,0
1779626717.332079,0.0,0.0,0.0,0.0,0.0,0.0,0,0
1779626717.363122,0.0,0.0,0.0,0.0,0.0,0.0,0,0
1779626717.394073,0.0,0.0,0.0,0.0,0.0,0.0,0,0
1779626717.425069,0.0,0.0,0.0,0.0,0.0,0.0,0,0
1779626717.456053,0.0,0.0,0.0,0.0,0.0,0.0,0,0
1779626717.487125,0.0,0.0,0.0,0.0,0.0,0.0,0,0
1779626717.518066,0.0,0.0,0.0,0.0,0.0,0.0,0,0
1779626717.549098,0.0,0.0,0.0,0.0,0.0,0.0,0,0
1779626717.580061,0.0,0.0,0.0,0.0,0.0,0.0,0,0
1779626717.611124,0.0,0.0,0.0,0.0,0.0,0.0,0,0
1779626717.642159,0.0,0.0,0.0,0.0,0.0,0.0,0,0
1779626717.673102,0.0,0.0,0.0,0.0,0.0,0.0,0,0
1779626717.704099,0.0,0.0,0.0,0.0,0.0,0.0,0,0
1779626717.735083,0.0,0.0,0.0,0.0,0.0,0.0,0,0
1779626717.766094,0.0,0.0,0.0,0.0,0.0,0.0,0,0
1779626717.797093,0.0,0.0,0.0,0.0,0.0,0.0,0,0
1779626717.828068,0.0,0.0,0.0,0.0,0.0,0.0,0,0
1779626717.859093,0.0,0.0,0.0,0.0,0.0,0.0,0,0
1779626717.890065,0.0,0.0,0.0,0.0,0.0,0.0,0,0
1779626717.921125,0.0,0.0,0.0,0.0,0.0,0.0,0,0
1779626717.952058,0.0,0.0,0.0,0.0,0.0,0.0,0,0
1779626717.983043,0.0,0.0,0.0,0.0,0.0,0.0,0,0
1779626718.014069,0.0,0.0,0.0,0.0,0.0,0.0,0,0
1779626718.045055,0.0,0.0,0.0,0.0,0.0,0.0,0,0
1779626718.076127,0.0,0.0,0.0,0.0,0.0,0.0,0,0
1779626718.107031,0.0,0.0,0.0,0.0,0.0,0.0,0,0
1779626718.138125,0.0,0.0,0.0,0.0,0.0,0.0,0,0
1779626718.169056,0.0,0.0,0.0,0.0,0.0,0.0,0,0
1779626718.200057,0.0,0.0,0.0,0.0,0.0,0.0,0,0
1779626718.231057,0.0,0.0,0.0,0.0,0.0,0.0,0,0
1779626718.262076,0.0,0.0,0.0,0.0,0.0,0.0,0,0
1779626718.293107,0.0,0.0,0.0,0.0,0.0,0.0,0,0
1779626718.324116,0.0,0.0,0.0,0.0,0.0,0.0,0,0
1779626718.355044,0.0,0.0,0.0,0.0,0.0,0.0,0,0
1779626718.386142,0.0,0.0,0.0,0.0,0.0,0.0,0,0
1779626718.417105,0.0,0.0,0.0,0.0,0.0,0.0,0,0
1779626718.448071,0.0,0.0,0.0,0.0,0.0,0.0,0,0
1779626718.479057,0.0,0.0,0.0,0.0,0.0,0.0,0,0
1779626718.510106,0.0,0.0,0.0,0.0,0.0,0.0,0,0
1779626718.541111,0.0,0.0,0.0,0.0,0.0,0.0,0,0
1779626718.572110,0.0,0.0,0.0,0.0,0.0,0.0,0,0
1779626718.603124,0.0,0.0,0.0,0.0,0.0,0.0,0,0
1779626718.634095,0.0,0.0,0.0,0.0,0.0,0.0,0,0
1779626718.665090,0.0,0.0,0.0,0.0,0.0,0.0,0,0
1779626718.696056,0.0,0.0,0.0,0.0,0.0,0.0,0,0
1779626718.727131,0.0,0.0,0.0,0.0,0.0,0.0,0,0
1779626718.758065,0.0,0.0,0.0,0.0,0.0,0.0,0,0
1779626718.789016,0.0,0.0,0.0,0.0,0.0,0.0,0,0
1779626718.820079,0.0,0.0,0.0,0.0,0.0,0.0,0,0
1779626718.851107,0.0,0.0,0.0,0.0,0.0,0.0,0,0
1779626718.882129,0.0,0.0,0.0,0.0,0.0,0.0,0,0
1779626718.913075,0.0,0.0,0.0,0.0,0.0,0.0,0,0
1779626718.944078,0.0,0.0,0.0,0.0,0.0,0.0,0,0
1779626718.975111,0.0,0.0,0.0,0.0,0.0,0.0,0,0
1779626719.006075,0.0,0.0,0.0,0.0,0.0,0.0,0,0
1779626719.037115,0.0,0.0,0.0,0.0,0.0,0.0,0,0
1779626719.068111,0.0,0.0,0.0,0.0,0.0,0.0,0,0
1779626719.099134,0.0,0.0,0.0,0.0,0.0,0.0,0,0
1779626719.130077,0.0,0.0,0.0,0.0,0.0,0.0,0,0
1779626719.161067,0.0,0.0,0.0,0.0,0.0,0.0,0,0
1779626719.192084,0.0,0.0,0.0,0.0,0.0,0.0,0,0
1779626719.223072,0.0,0.0,0.0,0.0,0.0,0.0,0,0
1779626719.254076,0.0,0.0,0.0,0.0,0.0,0.0,0,0
1779626719.285096,0.0,0.0,0.0,0.0,0.0,0.0,0,0
1779626719.316171,0.0,0.0,0.0,0.0,0.0,0.0,0,0
1779626719.347123,0.0,0.0,0.0,0.0,0.0,0.0,0,0
1779626719.378080,0.0,0.0,0.0,0.0,0.0,0.0,0,0
1779626719.409237,0.0,0.0,0.0,0.0,0.0,0.0,0,0
1779626719.440093,0.0,0.0,0.0,0.0,0.0,0.0,0,0
1779626719.471110,0.0,0.0,0.0,0.0,0.0,0.0,0,0
1779626719.502107,0.0,0.0,0.0,0.0,0.0,0.0,0,0
1779626719.533085,0.0,0.0,0.0,0.0,0.0,0.0,0,0
1779626719.564101,0.0,0.0,0.0,0.0,0.0,0.0,0,0
1779626719.595087,0.0,0.0,0.0,0.0,0.0,0.0,0,0
1779626719.626023,0.0,0.0,0.0,0.0,0.0,0.0,0,0
1779626719.657045,0.0,0.0,0.0,0.0,0.0,0.0,0,0
1779626719.688068,0.0,0.0,0.0,0.0,0.0,0.0,0,0
1779626719.719116,0.0,0.0,0.0,0.0,0.0,0.0,0,0
1779626719.750066,0.0,0.0,0.0,0.0,0.0,0.0,0,0
1779626719.781102,0.0,0.0,0.0,0.0,0.0,0.0,0,0
1779626719.812129,0.0,0.0,0.0,0.0,0.0,0.0,0,0
1779626719.843021,0.0,0.0,0.0,0.0,0.0,0.0,0,0
1779626719.874093,0.0,0.0,0.0,0.0,0.0,0.0,0,0
1779626719.905104,0.0,0.0,0.0,0.0,0.0,0.0,0,0
1779626719.936070,0.0,0.0,0.0,0.0,0.0,0.0,0,0
1779626719.967112,0.0,0.0,0.0,0.0,0.0,0.0,0,0
1779626719.998106,0.0,0.0,0.0,0.0,0.0,0.0,0,0
1779626720.029106,0.0,0.0,0.0,0.0,0.0,0.0,0,0
1779626720.060037,0.0,0.0,0.0,0.0,0.0,0.0,0,0
1779626720.091071,0.0,0.0,0.0,0.0,0.0,0.0,0,0
1779626720.122057,0.0,0.0,0.0,0.0,0.0,0.0,0,0
1779626720.153081,0.0,0.0,0.0,0.0,0.0,0.0,0,0
1779626720.184137,0.0,0.0,0.0,0.0,0.0,0.0,0,0
1779626720.215048,0.0,0.0,0.0,0.0,0.0,0.0,0,0
1779626720.246100,0.0,0.0,0.0,0.0,0.0,0.0,0,0
1779626720.277056,0.0,0.0,0.0,0.0,0.0,0.0,0,0
1779626720.308086,0.0,0.0,0.0,0.0,0.0,0.0,0,0
1779626720.339105,0.0,0.0,0.0,0.0,0.0,0.0,0,0
1779626720.370117,0.0,0.0,0.0,0.0,0.0,0.0,0,0
1779626720.401096,0.0,0.0,0.0,0.0,0.0,0.0,0,0
1779626720.432013,0.0,0.0,0.0,0.0,0.0,0.0,0,0
1779626720.463045,0.0,0.0,0.0,0.0,0.0,0.0,0,0
1779626720.494098,0.0,0.0,0.0,0.0,0.0,0.0,0,0
1779626720.525062,0.0,0.0,0.0,0.0,0.0,0.0,0,0
1779626720.556055,0.0,0.0,0.0,0.0,0.0,0.0,0,0
1779626720.587097,0.0,0.0,0.0,0.0,0.0,0.0,0,0
1779626720.618042,0.0,0.0,0.0,0.0,0.0,0.0,0,0
1779626720.649137,0.0,0.0,0.0,0.0,0.0,0.0,0,0
1779626720.680135,0.0,0.0,0.0,0.0,0.0,0.0,0,0
1779626720.711058,0.0,0.0,0.0,0.0,0.0,0.0,0,0
1779626720.742147,0.0,0.0,0.0,0.0,0.0,0.0,0,0
1779626720.773045,0.0,0.0,0.0,0.0,0.0,0.0,0,0
1779626720.804110,0.0,0.0,0.0,0.0,0.0,0.0,0,0
1779626720.835082,0.0,0.0,0.0,0.0,0.0,0.0,0,0
1779626720.866082,0.0,0.0,0.0,0.0,0.0,0.0,0,0
1779626720.897095,0.0,0.0,0.0,0.0,0.0,0.0,0,0
1779626720.928128,0.0,0.0,0.0,0.0,0.0,0.0,0,0
1779626720.959072,0.0,0.0,0.0,0.0,0.0,0.0,0,0
1779626720.990074,0.0,0.0,0.0,0.0,0.0,0.0,0,0
1779626721.021065,0.0,0.0,0.0,0.0,0.0,0.0,0,0
1779626721.052059,0.0,0.0,0.0,0.0,0.0,0.0,0,0
1779626721.083082,0.0,0.0,0.0,0.0,0.0,0.0,0,0
1779626721.114028,0.0,0.0,0.0,0.0,0.0,0.0,0,0
1779626721.145110,0.0,0.0,0.0,0.0,0.0,0.0,0,0
1779626721.176041,0.0,0.0,0.0,0.0,0.0,0.0,0,0
1779626721.207039,0.0,0.0,0.0,0.0,0.0,0.0,0,0
1779626721.238090,0.0,0.0,0.0,0.0,0.0,0.0,0,0
1779626721.269080,0.0,0.0,0.0,0.0,0.0,0.0,0,0
1779626721.300108,0.0,0.0,0.0,0.0,0.0,0.0,0,0
1779626721.331103,0.0,0.0,0.0,0.0,0.0,0.0,0,0
1779626721.362107,0.0,0.0,0.0,0.0,0.0,0.0,0,0
1779626721.393073,0.0,0.0,0.0,0.0,0.0,0.0,0,0
1779626721.424037,0.0,0.0,0.0,0.0,0.0,0.0,0,0
1779626721.455069,0.0,0.0,0.0,0.0,0.0,0.0,0,0
1779626721.486051,0.0,0.0,0.0,0.0,0.0,0.0,0,0
1779626721.517135,0.0,0.0,0.0,0.0,0.0,0.0,0,0
1779626721.548142,0.0,0.0,0.0,0.0,0.0,0.0,0,0
1779626721.579074,0.0,0.0,0.0,0.0,0.0,0.0,0,0
1779626721.610048,0.0,0.0,0.0,0.0,0.0,0.0,0,0
1779626721.641087,0.0,0.0,0.0,0.0,0.0,0.0,0,0
1779626721.672113,0.0,0.0,0.0,0.0,0.0,0.0,0,0
1779626721.703115,0.0,0.0,0.0,0.0,0.0,0.0,0,0
1779626721.734053,0.0,0.0,0.0,0.0,0.0,0.0,0,0
1779626721.765046,0.0,0.0,0.0,0.0,0.0,0.0,0,0
1779626721.796127,0.0,0.0,0.0,0.0,0.0,0.0,0,0
1779626721.827144,0.0,0.0,0.0,0.0,0.0,0.0,0,0
1779626721.858102,0.0,0.0,0.0,0.0,0.0,0.0,0,0
1779626721.889132,0.0,0.0,0.0,0.0,0.0,0.0,0,0
1779626721.920151,0.0,0.0,0.0,0.0,0.0,0.0,0,0
1779626721.951148,0.0,0.0,0.0,0.0,0.0,0.0,0,0
1779626721.982091,0.0,0.0,0.0,0.0,0.0,0.0,0,0
1779626722.013085,0.0,0.0,0.0,0.0,0.0,0.0,0,0
1779626722.044107,0.0,0.0,0.0,0.0,0.0,0.0,0,0
1779626722.075058,0.0,0.0,0.0,0.0,0.0,0.0,0,0
1779626722.106133,0.0,0.0,0.0,0.0,0.0,0.0,0,0
1779626722.137069,0.0,0.0,0.0,0.0,0.0,0.0,0,0
1779626722.168118,0.0,0.0,0.0,0.0,0.0,0.0,0,0
1779626722.199110,0.0,0.0,0.0,0.0,0.0,0.0,0,0
1779626722.230088,0.0,0.0,0.0,0.0,0.0,0.0,0,0
1779626722.261065,0.0,0.0,0.0,0.0,0.0,0.0,0,0
1779626722.292045,0.0,0.0,0.0,0.0,0.0,0.0,0,0
1779626722.323041,0.0,0.0,0.0,0.0,0.0,0.0,0,0
1779626722.354124,0.0,0.0,0.0,0.0,0.0,0.0,0,0
1779626722.385036,0.0,0.0,0.0,0.0,0.0,0.0,0,0
1779626722.416118,0.0,0.0,0.0,0.0,0.0,0.0,0,0
1779626722.447090,0.0,0.0,0.0,0.0,0.0,0.0,0,0
1779626722.478042,0.0,0.0,0.0,0.0,0.0,0.0,0,0
1779626722.509051,0.0,0.0,0.0,0.0,0.0,0.0,0,0
1779626722.540099,0.0,0.0,0.0,0.0,0.0,0.0,0,0
1779626722.571141,0.0,0.0,0.0,0.0,0.0,0.0,0,0
1779626722.602093,0.0,0.0,0.0,0.0,0.0,0.0,0,0
1779626722.633085,0.0,0.0,0.0,0.0,0.0,0.0,0,0
1779626722.664141,0.0,0.0,0.0,0.0,0.0,0.0,0,0
1779626722.695081,0.0,0.0,0.0,0.0,0.0,0.0,0,0
1779626722.726115,0.0,0.0,0.0,0.0,0.0,0.0,0,0
1779626722.757121,0.0,0.0,0.0,0.0,0.0,0.0,0,0
1779626722.788058,0.0,0.0,0.0,0.0,0.0,0.0,0,0
1779626722.819135,0.0,0.0,0.0,0.0,0.0,0.0,0,0
1779626722.850143,0.0,0.0,0.0,0.0,0.0,0.0,0,0
1779626722.881032,0.0,0.0,0.0,0.0,0.0,0.0,0,0
1779626722.912079,0.0,0.0,0.0,0.0,0.0,0.0,0,0
1779626722.943073,0.0,0.0,0.0,0.0,0.0,0.0,0,0
1779626722.974116,0.0,0.0,0.0,0.0,0.0,0.0,0,0
1779626723.005080,0.0,0.0,0.0,0.0,0.0,0.0,0,0
1779626723.036096,0.0,0.0,0.0,0.0,0.0,0.0,0,0
1779626723.067104,0.0,0.0,0.0,0.0,0.0,0.0,0,0
1779626723.098089,0.0,0.0,0.0,0.0,0.0,0.0,0,0
1779626723.129080,0.0,0.0,0.0,0.0,0.0,0.0,0,0
1779626723.160084,0.0,0.0,0.0,0.0,0.0,0.0,0,0
1779626723.191108,0.0,0.0,0.0,0.0,0.0,0.0,0,0
1779626723.222071,0.0,0.0,0.0,0.0,0.0,0.0,0,0
1779626723.253118,0.0,0.0,0.0,0.0,0.0,0.0,0,0
1779626723.284100,0.0,0.0,0.0,0.0,0.0,0.0,0,0
1779626723.315096,0.0,0.0,0.0,0.0,0.0,0.0,0,0
1779626723.346063,0.0,0.0,0.0,0.0,0.0,0.0,0,0
1779626723.377079,0.0,0.0,0.0,0.0,0.0,0.0,0,0
1779626723.408112,0.0,0.0,0.0,0.0,0.0,0.0,0,0
1779626723.439099,0.0,0.0,0.0,0.0,0.0,0.0,0,0
1779626723.470067,0.0,0.0,0.0,0.0,0.0,0.0,0,0
1779626723.501117,0.0,0.0,0.0,0.0,0.0,0.0,0,0
1779626723.532101,0.0,0.0,0.0,0.0,0.0,0.0,0,0
1779626723.563131,0.0,0.0,0.0,0.0,0.0,0.0,0,0
1779626723.594027,0.0,0.0,0.0,0.0,0.0,0.0,0,0
1779626723.625085,0.0,0.0,0.0,0.0,0.0,0.0,0,0
1779626723.656068,0.0,0.0,0.0,0.0,0.0,0.0,0,0
1779626723.687065,0.0,0.0,0.0,0.0,0.0,0.0,0,0
1779626723.718039,0.0,0.0,0.0,0.0,0.0,0.0,0,0
1779626723.749019,0.0,0.0,0.0,0.0,0.0,0.0,0,0
1779626723.780084,0.0,0.0,0.0,0.0,0.0,0.0,0,0
1779626723.811052,0.0,0.0,0.0,0.0,0.0,0.0,0,0
1779626723.842112,0.0,0.0,0.0,0.0,0.0,0.0,0,0
1779626723.873088,0.0,0.0,0.0,0.0,0.0,0.0,0,0
1779626723.904080,0.0,0.0,0.0,0.0,0.0,0.0,0,0
1779626723.935057,0.0,0.0,0.0,0.0,0.0,0.0,0,0
1779626723.966072,0.0,0.0,0.0,0.0,0.0,0.0,0,0
1779626723.997058,0.0,0.0,0.0,0.0,0.0,0.0,0,0
1779626724.028105,0.0,0.0,0.0,0.0,0.0,0.0,0,0
1779626724.059089,0.0,0.0,0.0,0.0,0.0,0.0,0,0
1779626724.090122,0.0,0.0,0.0,0.0,0.0,0.0,0,0
1779626724.121057,0.0,0.0,0.0,0.0,0.0,0.0,0,0
1779626724.152122,0.0,0.0,0.0,0.0,0.0,0.0,0,0
1779626724.183089,0.0,0.0,0.0,0.0,0.0,0.0,0,0
1779626724.214110,0.0,0.0,0.0,0.0,0.0,0.0,0,0
1779626724.245067,0.0,0.0,0.0,0.0,0.0,0.0,0,0
1779626724.276123,0.0,0.0,0.0,0.0,0.0,0.0,0,0
1779626724.307065,0.0,0.0,0.0,0.0,0.0,0.0,0,0
1779626724.338062,0.0,0.0,0.0,0.0,0.0,0.0,0,0
1779626724.369112,0.0,0.0,0.0,0.0,0.0,0.0,0,0
1779626724.400089,0.0,0.0,0.0,0.0,0.0,0.0,0,0
1779626724.431080,0.0,0.0,0.0,0.0,0.0,0.0,0,0
1779626724.462051,0.0,0.0,0.0,0.0,0.0,0.0,0,0
1779626724.493130,0.0,0.0,0.0,0.0,0.0,0.0,0,0
1779626724.524061,0.0,0.0,0.0,0.0,0.0,0.0,0,0
1779626724.555089,0.0,0.0,0.0,0.0,0.0,0.0,0,0
1779626724.586018,0.0,0.0,0.0,0.0,0.0,0.0,0,0
1779626724.617104,0.0,0.0,0.0,0.0,0.0,0.0,0,0
1779626724.648134,0.0,0.0,0.0,0.0,0.0,0.0,0,0
1779626724.679099,0.0,0.0,0.0,0.0,0.0,0.0,0,0
1779626724.710118,0.0,0.0,0.0,0.0,0.0,0.0,0,0
1779626724.741094,0.0,0.0,0.0,0.0,0.0,0.0,0,0
1779626724.772122,0.0,0.0,0.0,0.0,0.0,0.0,0,0
1779626724.803055,0.0,0.0,0.0,0.0,0.0,0.0,0,0
1779626724.834154,0.0,0.0,0.0,0.0,0.0,0.0,0,0
1779626724.865059,0.0,0.0,0.0,0.0,0.0,0.0,0,0
1779626724.896082,0.0,0.0,0.0,0.0,0.0,0.0,0,0
1779626724.927104,0.0,0.0,0.0,0.0,0.0,0.0,0,0
1779626724.958133,0.0,0.0,0.0,0.0,0.0,0.0,0,0
1779626724.989130,0.0,0.0,0.0,0.0,0.0,0.0,0,0
1779626725.020112,0.0,0.0,0.0,0.0,0.0,0.0,0,0
1779626725.051100,0.0,0.0,0.0,0.0,0.0,0.0,0,0
1779626725.082069,0.0,0.0,0.0,0.0,0.0,0.0,0,0
1779626725.113054,0.0,0.0,0.0,0.0,0.0,0.0,0,0
1779626725.144067,0.0,0.0,0.0,0.0,0.0,0.0,0,0
1779626725.175096,0.0,0.0,0.0,0.0,0.0,0.0,0,0
1779626725.206074,0.0,0.0,0.0,0.0,0.0,0.0,0,0
1779626725.237074,0.0,0.0,0.0,0.0,0.0,0.0,0,0
1779626725.268078,0.0,0.0,0.0,0.0,0.0,0.0,0,0
1779626725.299083,0.0,0.0,0.0,0.0,0.0,0.0,0,0
1779626725.330123,0.0,0.0,0.0,0.0,0.0,0.0,0,0
1779626725.361115,0.0,0.0,0.0,0.0,0.0,0.0,0,0
1779626725.392070,0.0,0.0,0.0,0.0,0.0,0.0,0,0
1779626725.423070,0.0,0.0,0.0,0.0,0.0,0.0,0,0
1779626725.454084,0.0,0.0,0.0,0.0,0.0,0.0,0,0
1779626725.485096,0.0,0.0,0.0,0.0,0.0,0.0,0,0
1779626725.516088,0.0,0.0,0.0,0.0,0.0,0.0,0,0
1779626725.547140,0.0,0.0,0.0,0.0,0.0,0.0,0,0
1779626725.578050,0.0,0.0,0.0,0.0,0.0,0.0,0,0
1779626725.609112,0.0,0.0,0.0,0.0,0.0,0.0,0,0
1779626725.640077,0.0,0.0,0.0,0.0,0.0,0.0,0,0
1779626725.671097,0.0,0.0,0.0,0.0,0.0,0.0,0,0
1779626725.702111,0.0,0.0,0.0,0.0,0.0,0.0,0,0
1779626725.733112,0.0,0.0,0.0,0.0,0.0,0.0,0,0
1779626725.764128,0.0,0.0,0.0,0.0,0.0,0.0,0,0
1779626725.795052,0.0,0.0,0.0,0.0,0.0,0.0,0,0
1779626725.826089,0.0,0.0,0.0,0.0,0.0,0.0,0,0
1779626725.857058,0.0,0.0,0.0,0.0,0.0,0.0,0,0
1779626725.888109,0.0,0.0,0.0,0.0,0.0,0.0,0,0
1779626725.919110,0.0,0.0,0.0,0.0,0.0,0.0,0,0
1779626725.950078,0.0,0.0,0.0,0.0,0.0,0.0,0,0
1779626725.981070,0.0,0.0,0.0,0.0,0.0,0.0,0,0
1779626726.012144,0.0,0.0,0.0,0.0,0.0,0.0,0,0
1779626726.043141,0.0,0.0,0.0,0.0,0.0,0.0,0,0
1779626726.074044,0.0,0.0,0.0,0.0,0.0,0.0,0,0
1779626726.105101,0.0,0.0,0.0,0.0,0.0,0.0,0,0
1779626726.136084,0.0,0.0,0.0,0.0,0.0,0.0,0,0
1779626726.167105,0.0,0.0,0.0,0.0,0.0,0.0,0,0
1779626726.198116,0.0,0.0,0.0,0.0,0.0,0.0,0,0
1779626726.229127,0.0,0.0,0.0,0.0,0.0,0.0,0,0
1779626726.260139,0.0,0.0,0.0,0.0,0.0,0.0,0,0
1779626726.291068,0.0,0.0,0.0,0.0,0.0,0.0,0,0
1779626726.322119,0.0,0.0,0.0,0.0,0.0,0.0,0,0
1779626726.353139,0.0,0.0,0.0,0.0,0.0,0.0,0,0
1779626726.384132,0.0,0.0,0.0,0.0,0.0,0.0,0,0
1779626726.415093,0.0,0.0,0.0,0.0,0.0,0.0,0,0
1779626726.446115,0.0,0.0,0.0,0.0,0.0,0.0,0,0
1779626726.477134,0.0,0.0,0.0,0.0,0.0,0.0,0,0
1779626726.508106,0.0,0.0,0.0,0.0,0.0,0.0,0,0
1779626726.539118,0.0,0.0,0.0,0.0,0.0,0.0,0,0
1779626726.570111,0.0,0.0,0.0,0.0,0.0,0.0,0,0
1779626726.601121,0.0,0.0,0.0,0.0,0.0,0.0,0,0
1779626726.632071,0.0,0.0,0.0,0.0,0.0,0.0,0,0
1779626726.663096,0.0,0.0,0.0,0.0,0.0,0.0,0,0
1779626726.694077,0.0,0.0,0.0,0.0,0.0,0.0,0,0
1779626726.725137,0.0,0.0,0.0,0.0,0.0,0.0,0,0
1779626726.756078,0.0,0.0,0.0,0.0,0.0,0.0,0,0
1779626726.787128,0.0,0.0,0.0,0.0,0.0,0.0,0,0
1779626726.818096,0.0,0.0,0.0,0.0,0.0,0.0,0,0
1779626726.849094,0.0,0.0,0.0,0.0,0.0,0.0,0,0
1779626726.880088,0.0,0.0,0.0,0.0,0.0,0.0,0,0
1779626726.911114,0.0,0.0,0.0,0.0,0.0,0.0,0,0
1779626726.942091,0.0,0.0,0.0,0.0,0.0,0.0,0,0
1779626726.973160,0.0,0.0,0.0,0.0,0.0,0.0,0,0
1779626727.004147,0.0,0.0,0.0,0.0,0.0,0.0,0,0
1779626727.035048,0.0,0.0,0.0,0.0,0.0,0.0,0,0
1779626727.066091,0.0,0.0,0.0,0.0,0.0,0.0,0,0
1779626727.097046,0.0,0.0,0.0,0.0,0.0,0.0,0,0
1779626727.128062,0.0,0.0,0.0,0.0,0.0,0.0,0,0
1779626727.159119,0.0,0.0,0.0,0.0,0.0,0.0,0,0
1779626727.190030,0.0,0.0,0.0,0.0,0.0,0.0,0,0
1779626727.221130,0.0,0.0,0.0,0.0,0.0,0.0,0,0
1779626727.252135,0.0,0.0,0.0,0.0,0.0,0.0,0,0
1779626727.283085,0.0,0.0,0.0,0.0,0.0,0.0,0,0
1779626727.314099,0.0,0.0,0.0,0.0,0.0,0.0,0,0
1779626727.346424,0.0,0.0,0.0,0.0,0.0,0.0,0,0
1779626727.376140,0.0,0.0,0.0,0.0,0.0,0.0,0,0
1779626727.407096,0.0,0.0,0.0,0.0,0.0,0.0,0,0
1779626727.438053,0.0,0.0,0.0,0.0,0.0,0.0,0,0
1779626727.469054,0.0,0.0,0.0,0.0,0.0,0.0,0,0
1779626727.500122,0.0,0.0,0.0,0.0,0.0,0.0,0,0
1779626727.531080,0.0,0.0,0.0,0.0,0.0,0.0,0,0
1779626727.562084,0.0,0.0,0.0,0.0,0.0,0.0,0,0
1779626727.593150,0.0,0.0,0.0,0.0,0.0,0.0,0,0
1779626727.624087,0.0,0.0,0.0,0.0,0.0,0.0,0,0
1779626727.655071,0.0,0.0,0.0,0.0,0.0,0.0,0,0
1779626727.686112,0.0,0.0,0.0,0.0,0.0,0.0,0,0
1779626727.717125,0.0,0.0,0.0,0.0,0.0,0.0,0,0
1779626727.748096,0.0,0.0,0.0,0.0,0.0,0.0,0,0
1779626727.779167,0.0,0.0,0.0,0.0,0.0,0.0,0,0
1779626727.810132,0.0,0.0,0.0,0.0,0.0,0.0,0,0
1779626727.841113,0.0,0.0,0.0,0.0,0.0,0.0,0,0
1779626727.872072,0.0,0.0,0.0,0.0,0.0,0.0,0,0
1779626727.903049,0.0,0.0,0.0,0.0,0.0,0.0,0,0
1779626727.934125,0.0,0.0,0.0,0.0,0.0,0.0,0,0
1779626727.965107,0.0,0.0,0.0,0.0,0.0,0.0,0,0
1779626727.996135,0.0,0.0,0.0,0.0,0.0,0.0,0,0
1779626728.027054,0.0,0.0,0.0,0.0,0.0,0.0,0,0
1779626728.058074,0.0,0.0,0.0,0.0,0.0,0.0,0,0
1779626728.089117,0.0,0.0,0.0,0.0,0.0,0.0,0,0
1779626728.120080,0.0,0.0,0.0,0.0,0.0,0.0,0,0
1779626728.151106,0.0,0.0,0.0,0.0,0.0,0.0,0,0
1779626728.182069,0.0,0.0,0.0,0.0,0.0,0.0,0,0
1779626728.213089,0.0,0.0,0.0,0.0,0.0,0.0,0,0
1779626728.244146,0.0,0.0,0.0,0.0,0.0,0.0,0,0
1779626728.275106,0.0,0.0,0.0,0.0,0.0,0.0,0,0
1779626728.306095,0.0,0.0,0.0,0.0,0.0,0.0,0,0
1779626728.337149,0.0,0.0,0.0,0.0,0.0,0.0,0,0
1779626728.368056,0.0,0.0,0.0,0.0,0.0,0.0,0,0
1779626728.399143,0.0,0.0,0.0,0.0,0.0,0.0,0,0
1779626728.430148,0.0,0.0,0.0,0.0,0.0,0.0,0,0
1779626728.461073,0.0,0.0,0.0,0.0,0.0,0.0,0,0
1779626728.492104,0.0,0.0,0.0,0.0,0.0,0.0,0,0
1779626728.523106,0.0,0.0,0.0,0.0,0.0,0.0,0,0
1779626728.554127,0.0,0.0,0.0,0.0,0.0,0.0,0,0
1779626728.585142,0.0,0.0,0.0,0.0,0.0,0.0,0,0
1779626728.616109,0.0,0.0,0.0,0.0,0.0,0.0,0,0
1779626728.647054,0.0,0.0,0.0,0.0,0.0,0.0,0,0
1779626728.678079,0.0,0.0,0.0,0.0,0.0,0.0,0,0
1779626728.709087,0.0,0.0,0.0,0.0,0.0,0.0,0,0
1779626728.740093,0.0,0.0,0.0,0.0,0.0,0.0,0,0
1779626728.771117,0.0,0.0,0.0,0.0,0.0,0.0,0,0
1779626728.802074,0.0,0.0,0.0,0.0,0.0,0.0,0,0
1779626728.833081,0.0,0.0,0.0,0.0,0.0,0.0,0,0
1779626728.864146,0.0,0.0,0.0,0.0,0.0,0.0,0,0
1779626728.895143,0.0,0.0,0.0,0.0,0.0,0.0,0,0
1779626728.926109,0.0,0.0,0.0,0.0,0.0,0.0,0,0
1779626728.957132,0.0,0.0,0.0,0.0,0.0,0.0,0,0
1779626728.988099,0.0,0.0,0.0,0.0,0.0,0.0,0,0
1779626729.019075,0.0,0.0,0.0,0.0,0.0,0.0,0,0
1779626729.050095,0.0,0.0,0.0,0.0,0.0,0.0,0,0
1779626729.081130,0.0,0.0,0.0,0.0,0.0,0.0,0,0
1779626729.112122,0.0,0.0,0.0,0.0,0.0,0.0,0,0
1779626729.143107,0.0,0.0,0.0,0.0,0.0,0.0,0,0
1779626729.174101,0.0,0.0,0.0,0.0,0.0,0.0,0,0
1779626729.205159,0.0,0.0,0.0,0.0,0.0,0.0,0,0
1779626729.236098,0.0,0.0,0.0,0.0,0.0,0.0,0,0
1779626729.267085,0.0,0.0,0.0,0.0,0.0,0.0,0,0
1779626729.298146,0.0,0.0,0.0,0.0,0.0,0.0,0,0
1779626729.329142,0.0,0.0,0.0,0.0,0.0,0.0,0,0
1779626729.360083,0.0,0.0,0.0,0.0,0.0,0.0,0,0
1779626729.391052,0.0,0.0,0.0,0.0,0.0,0.0,0,0
1779626729.422078,0.0,0.0,0.0,0.0,0.0,0.0,0,0
1779626729.453117,0.0,0.0,0.0,0.0,0.0,0.0,0,0
1779626729.484097,0.0,0.0,0.0,0.0,0.0,0.0,0,0
1779626729.515075,0.0,0.0,0.0,0.0,0.0,0.0,0,0
1779626729.546094,0.0,0.0,0.0,0.0,0.0,0.0,0,0
1779626729.577165,0.0,0.0,0.0,0.0,0.0,0.0,0,0
1779626729.608078,0.0,0.0,0.0,0.0,0.0,0.0,0,0
1779626729.639101,0.0,0.0,0.0,0.0,0.0,0.0,0,0
1779626729.670090,0.0,0.0,0.0,0.0,0.0,0.0,0,0
1779626729.701104,0.0,0.0,0.0,0.0,0.0,0.0,0,0
1779626729.732113,0.0,0.0,0.0,0.0,0.0,0.0,0,0
1779626729.763157,0.0,0.0,0.0,0.0,0.0,0.0,0,0
1779626729.794055,0.0,0.0,0.0,0.0,0.0,0.0,0,0
1779626729.825083,0.0,0.0,0.0,0.0,0.0,0.0,0,0
1779626729.856080,0.0,0.0,0.0,0.0,0.0,0.0,0,0
1779626729.887140,0.0,0.0,0.0,0.0,0.0,0.0,0,0
1779626729.918140,0.0,0.0,0.0,0.0,0.0,0.0,0,0
1779626729.949166,0.0,0.0,0.0,0.0,0.0,0.0,0,0
1779626729.980140,0.0,0.0,0.0,0.0,0.0,0.0,0,0
1779626730.011170,0.0,0.0,0.0,0.0,0.0,0.0,0,0
1779626730.042097,0.0,0.0,0.0,0.0,0.0,0.0,0,0
1779626730.073119,0.0,0.0,0.0,0.0,0.0,0.0,0,0
1779626730.104131,0.0,0.0,0.0,0.0,0.0,0.0,0,0
1779626730.135095,0.0,0.0,0.0,0.0,0.0,0.0,0,0
1779626730.166117,0.0,0.0,0.0,0.0,0.0,0.0,0,0
1779626730.197108,0.0,0.0,0.0,0.0,0.0,0.0,0,0
1779626730.228090,0.0,0.0,0.0,0.0,0.0,0.0,0,0
1779626730.259121,0.0,0.0,0.0,0.0,0.0,0.0,0,0
1779626730.290075,0.0,0.0,0.0,0.0,0.0,0.0,0,0
1779626730.321095,0.0,0.0,0.0,0.0,0.0,0.0,0,0
1779626730.352117,0.0,0.0,0.0,0.0,0.0,0.0,0,0
1779626730.383101,0.0,0.0,0.0,0.0,0.0,0.0,0,0
1779626730.414116,0.0,0.0,0.0,0.0,0.0,0.0,0,0
1779626730.445146,0.0,0.0,0.0,0.0,0.0,0.0,0,0
1779626730.476127,0.0,0.0,0.0,0.0,0.0,0.0,0,0
1779626730.507150,0.0,0.0,0.0,0.0,0.0,0.0,0,0
1779626730.538110,0.0,0.0,0.0,0.0,0.0,0.0,0,0
1779626730.569097,0.0,0.0,0.0,0.0,0.0,0.0,0,0
1779626730.600172,0.0,0.0,0.0,0.0,0.0,0.0,0,0
1779626730.631059,0.0,0.0,0.0,0.0,0.0,0.0,0,0
1779626730.662066,0.0,0.0,0.0,0.0,0.0,0.0,0,0
1779626730.693055,0.0,0.0,0.0,0.0,0.0,0.0,0,0
1779626730.724128,0.0,0.0,0.0,0.0,0.0,0.0,0,0
1779626730.755123,0.0,0.0,0.0,0.0,0.0,0.0,0,0
1779626730.786091,0.0,0.0,0.0,0.0,0.0,0.0,0,0
1779626730.817129,0.0,0.0,0.0,0.0,0.0,0.0,0,0
1779626730.848084,0.0,0.0,0.0,0.0,0.0,0.0,0,0
1779626730.879088,0.0,0.0,0.0,0.0,0.0,0.0,0,0
1779626730.910149,0.0,0.0,0.0,0.0,0.0,0.0,0,0
1779626730.941109,0.0,0.0,0.0,0.0,0.0,0.0,0,0
1779626730.972064,0.0,0.0,0.0,0.0,0.0,0.0,0,0
1779626731.003064,0.0,0.0,0.0,0.0,0.0,0.0,0,0
1779626731.034163,0.0,0.0,0.0,0.0,0.0,0.0,0,0
1779626731.065084,0.0,0.0,0.0,0.0,0.0,0.0,0,0
1779626731.096081,0.0,0.0,0.0,0.0,0.0,0.0,0,0
1779626731.127073,0.0,0.0,0.0,0.0,0.0,0.0,0,0
1779626731.158093,0.0,0.0,0.0,0.0,0.0,0.0,0,0
1779626731.189075,0.0,0.0,0.0,0.0,0.0,0.0,0,0
1779626731.220039,0.0,0.0,0.0,0.0,0.0,0.0,0,0
1779626731.251136,0.0,0.0,0.0,0.0,0.0,0.0,0,0
1779626731.282086,0.0,0.0,0.0,0.0,0.0,0.0,0,0
1779626731.313143,0.0,0.0,0.0,0.0,0.0,0.0,0,0
1779626731.344129,0.0,0.0,0.0,0.0,0.0,0.0,0,0
1779626731.375115,0.0,0.0,0.0,0.0,0.0,0.0,0,0
1779626731.406105,0.0,0.0,0.0,0.0,0.0,0.0,0,0
1779626731.437125,0.0,0.0,0.0,0.0,0.0,0.0,0,0
1779626731.468091,0.0,0.0,0.0,0.0,0.0,0.0,0,0
1779626731.499120,0.0,0.0,0.0,0.0,0.0,0.0,0,0
1779626731.530135,0.0,0.0,0.0,0.0,0.0,0.0,0,0
1779626731.561092,0.0,0.0,0.0,0.0,0.0,0.0,0,0
1779626731.592035,0.0,0.0,0.0,0.0,0.0,0.0,0,0
1779626731.623082,0.0,0.0,0.0,0.0,0.0,0.0,0,0
1779626731.654133,0.0,0.0,0.0,0.0,0.0,0.0,0,0
1779626731.685099,0.0,0.0,0.0,0.0,0.0,0.0,0,0
1779626731.716102,0.0,0.0,0.0,0.0,0.0,0.0,0,0
1779626731.747137,0.0,0.0,0.0,0.0,0.0,0.0,0,0
1779626731.778069,0.0,0.0,0.0,0.0,0.0,0.0,0,0
1779626731.809147,0.0,0.0,0.0,0.0,0.0,0.0,0,0
1779626731.840091,0.0,0.0,0.0,0.0,0.0,0.0,0,0
1779626731.871066,0.0,0.0,0.0,0.0,0.0,0.0,0,0
1779626731.902125,0.0,0.0,0.0,0.0,0.0,0.0,0,0
1779626731.933093,0.0,0.0,0.0,0.0,0.0,0.0,0,0
1779626731.964122,0.0,0.0,0.0,0.0,0.0,0.0,0,0
1779626731.995092,0.0,0.0,0.0,0.0,0.0,0.0,0,0
1779626732.026103,0.0,0.0,0.0,0.0,0.0,0.0,0,0
1779626732.057066,0.0,0.0,0.0,0.0,0.0,0.0,0,0
1779626732.088129,0.0,0.0,0.0,0.0,0.0,0.0,0,0
1779626732.119116,0.0,0.0,0.0,0.0,0.0,0.0,0,0
1779626732.150079,0.0,0.0,0.0,0.0,0.0,0.0,0,0
1779626732.181112,0.0,0.0,0.0,0.0,0.0,0.0,0,0
1779626732.212121,0.0,0.0,0.0,0.0,0.0,0.0,0,0
1779626732.243117,0.0,0.0,0.0,0.0,0.0,0.0,0,0
1779626732.274115,0.0,0.0,0.0,0.0,0.0,0.0,0,0
1779626732.305086,0.0,0.0,0.0,0.0,0.0,0.0,0,0
1779626732.336085,0.0,0.0,0.0,0.0,0.0,0.0,0,0
1779626732.367112,0.0,0.0,0.0,0.0,0.0,0.0,0,0
1779626732.398114,0.0,0.0,0.0,0.0,0.0,0.0,0,0
1779626732.429167,0.0,0.0,0.0,0.0,0.0,0.0,0,0
1779626732.460116,0.0,0.0,0.0,0.0,0.0,0.0,0,0
1779626732.491039,0.0,0.0,0.0,0.0,0.0,0.0,0,0
1779626732.522092,0.0,0.0,0.0,0.0,0.0,0.0,0,0
1779626732.553082,0.0,0.0,0.0,0.0,0.0,0.0,0,0
1779626732.584131,0.0,0.0,0.0,0.0,0.0,0.0,0,0
1779626732.615150,0.0,0.0,0.0,0.0,0.0,0.0,0,0
1779626732.646089,0.0,0.0,0.0,0.0,0.0,0.0,0,0
1779626732.677127,0.0,0.0,0.0,0.0,0.0,0.0,0,0
1779626732.708130,0.0,0.0,0.0,0.0,0.0,0.0,0,0
1779626732.739117,0.0,0.0,0.0,0.0,0.0,0.0,0,0
1779626732.770120,0.0,0.0,0.0,0.0,0.0,0.0,0,0
1779626732.801106,0.0,0.0,0.0,0.0,0.0,0.0,0,0
1779626732.832095,0.0,0.0,0.0,0.0,0.0,0.0,0,0
1779626732.863152,0.0,0.0,0.0,0.0,0.0,0.0,0,0
1779626732.894136,0.0,0.0,0.0,0.0,0.0,0.0,0,0
1779626732.925130,0.0,0.0,0.0,0.0,0.0,0.0,0,0
1779626732.956087,0.0,0.0,0.0,0.0,0.0,0.0,0,0
1779626732.987057,0.0,0.0,0.0,0.0,0.0,0.0,0,0
1779626733.018159,0.0,0.0,0.0,0.0,0.0,0.0,0,0
1779626733.049108,0.0,0.0,0.0,0.0,0.0,0.0,0,0
1779626733.080112,0.0,0.0,0.0,0.0,0.0,0.0,0,0
1779626733.111075,0.0,0.0,0.0,0.0,0.0,0.0,0,0
1779626733.142077,0.0,0.0,0.0,0.0,0.0,0.0,0,0
1779626733.173120,0.0,0.0,0.0,0.0,0.0,0.0,0,0
1779626733.204107,0.0,0.0,0.0,0.0,0.0,0.0,0,0
1779626733.235106,0.0,0.0,0.0,0.0,0.0,0.0,0,0
1779626733.266140,0.0,0.0,0.0,0.0,0.0,0.0,0,0
1779626733.297096,0.0,0.0,0.0,0.0,0.0,0.0,0,0
1779626733.328057,0.0,0.0,0.0,0.0,0.0,0.0,0,0
1779626733.359031,0.0,0.0,0.0,0.0,0.0,0.0,0,0
1779626733.390071,0.0,0.0,0.0,0.0,0.0,0.0,0,0
1779626733.421100,0.0,0.0,0.0,0.0,0.0,0.0,0,0
1779626733.452151,0.0,0.0,0.0,0.0,0.0,0.0,0,0
1779626733.483130,0.0,0.0,0.0,0.0,0.0,0.0,0,0
1779626733.514143,0.0,0.0,0.0,0.0,0.0,0.0,0,0
1779626733.545073,0.0,0.0,0.0,0.0,0.0,0.0,0,0
1779626733.576094,0.0,0.0,0.0,0.0,0.0,0.0,0,0
1779626733.607077,0.0,0.0,0.0,0.0,0.0,0.0,0,0
1779626733.638134,0.0,0.0,0.0,0.0,0.0,0.0,0,0
1779626733.669081,0.0,0.0,0.0,0.0,0.0,0.0,0,0
1779626733.700048,0.0,0.0,0.0,0.0,0.0,0.0,0,0
1779626733.731123,0.0,0.0,0.0,0.0,0.0,0.0,0,0
1779626733.762168,0.0,0.0,0.0,0.0,0.0,0.0,0,0
1779626733.793071,0.0,0.0,0.0,0.0,0.0,0.0,0,0
1779626733.824122,0.0,0.0,0.0,0.0,0.0,0.0,0,0
1779626733.855085,0.0,0.0,0.0,0.0,0.0,0.0,0,0
1779626733.886132,0.0,0.0,0.0,0.0,0.0,0.0,0,0
1779626733.917126,0.0,0.0,0.0,0.0,0.0,0.0,0,0
1779626733.948065,0.0,0.0,0.0,0.0,0.0,0.0,0,0
1779626733.979085,0.0,0.0,0.0,0.0,0.0,0.0,0,0
1779626734.010103,0.0,0.0,0.0,0.0,0.0,0.0,0,0
1779626734.041120,0.0,0.0,0.0,0.0,0.0,0.0,0,0
1779626734.072100,0.0,0.0,0.0,0.0,0.0,0.0,0,0
1779626734.103102,0.0,0.0,0.0,0.0,0.0,0.0,0,0
1779626734.134086,0.0,0.0,0.0,0.0,0.0,0.0,0,0
1779626734.165100,0.0,0.0,0.0,0.0,0.0,0.0,0,0
1779626734.196079,0.0,0.0,0.0,0.0,0.0,0.0,0,0
1779626734.227098,0.0,0.0,0.0,0.0,0.0,0.0,0,0
1779626734.258184,0.0,0.0,0.0,0.0,0.0,0.0,0,0
1779626734.289118,0.0,0.0,0.0,0.0,0.0,0.0,0,0
1779626734.320107,0.0,0.0,0.0,0.0,0.0,0.0,0,0
1779626734.351088,0.0,0.0,0.0,0.0,0.0,0.0,0,0
1779626734.382174,0.0,0.0,0.0,0.0,0.0,0.0,0,0
1779626734.413106,0.0,0.0,0.0,0.0,0.0,0.0,0,0
1779626734.444134,0.0,0.0,0.0,0.0,0.0,0.0,0,0
1779626734.475077,0.0,0.0,0.0,0.0,0.0,0.0,0,0
1779626734.506084,0.0,0.0,0.0,0.0,0.0,0.0,0,0
1779626734.537089,0.0,0.0,0.0,0.0,0.0,0.0,0,0
1779626734.568132,0.0,0.0,0.0,0.0,0.0,0.0,0,0
1779626734.599203,0.0,0.0,0.0,0.0,0.0,0.0,0,0
1779626734.630091,0.0,0.0,0.0,0.0,0.0,0.0,0,0
1779626734.661090,0.0,0.0,0.0,0.0,0.0,0.0,0,0
1779626734.692108,0.0,0.0,0.0,0.0,0.0,0.0,0,0
1779626734.723097,0.0,0.0,0.0,0.0,0.0,0.0,0,0
1779626734.754132,0.0,0.0,0.0,0.0,0.0,0.0,0,0
1779626734.785149,0.0,0.0,0.0,0.0,0.0,0.0,0,0
1779626734.816134,0.0,0.0,0.0,0.0,0.0,0.0,0,0
1779626734.847144,0.0,0.0,0.0,0.0,0.0,0.0,0,0
1779626734.878095,0.0,0.0,0.0,0.0,0.0,0.0,0,0
1779626734.909147,0.0,0.0,0.0,0.0,0.0,0.0,0,0
1779626734.940075,0.0,0.0,0.0,0.0,0.0,0.0,0,0
1779626734.971035,0.0,0.0,0.0,0.0,0.0,0.0,0,0
1779626735.002110,0.0,0.0,0.0,0.0,0.0,0.0,0,0
1779626735.033130,0.0,0.0,0.0,0.0,0.0,0.0,0,0
1779626735.064110,0.0,0.0,0.0,0.0,0.0,0.0,0,0
1779626735.095086,0.0,0.0,0.0,0.0,0.0,0.0,0,0
1779626735.126130,0.0,0.0,0.0,0.0,0.0,0.0,0,0
1779626735.157107,0.0,0.0,0.0,0.0,0.0,0.0,0,0
1779626735.188147,0.0,0.0,0.0,0.0,0.0,0.0,0,0
1779626735.219130,0.0,0.0,0.0,0.0,0.0,0.0,0,0
1779626735.250068,0.0,0.0,0.0,0.0,0.0,0.0,0,0
1779626735.281069,0.0,0.0,0.0,0.0,0.0,0.0,0,0
1779626735.312102,0.0,0.0,0.0,0.0,0.0,0.0,0,0
1779626735.343063,0.0,0.0,0.0,0.0,0.0,0.0,0,0
1779626735.374132,0.0,0.0,0.0,0.0,0.0,0.0,0,0
1779626735.405144,0.0,0.0,0.0,0.0,0.0,0.0,0,0
1779626735.436132,0.0,0.0,0.0,0.0,0.0,0.0,0,0
1779626735.467154,0.0,0.0,0.0,0.0,0.0,0.0,0,0
1779626735.498123,0.0,0.0,0.0,0.0,0.0,0.0,0,0
1779626735.529102,0.0,0.0,0.0,0.0,0.0,0.0,0,0
1779626735.560158,0.0,0.0,0.0,0.0,0.0,0.0,0,0
1779626735.591150,0.0,0.0,0.0,0.0,0.0,0.0,0,0
1779626735.622102,0.0,0.0,0.0,0.0,0.0,0.0,0,0
1779626735.653078,0.0,0.0,0.0,0.0,0.0,0.0,0,0
1779626735.684101,0.0,0.0,0.0,0.0,0.0,0.0,0,0
1779626735.715067,0.0,0.0,0.0,0.0,0.0,0.0,0,0
1779626735.746120,0.0,0.0,0.0,0.0,0.0,0.0,0,0
1779626735.777132,0.0,0.0,0.0,0.0,0.0,0.0,0,0
1779626735.808088,0.0,0.0,0.0,0.0,0.0,0.0,0,0
1779626735.839093,0.0,0.0,0.0,0.0,0.0,0.0,0,0
1779626735.870083,0.0,0.0,0.0,0.0,0.0,0.0,0,0
1779626735.901100,0.0,0.0,0.0,0.0,0.0,0.0,0,0
1779626735.932055,0.0,0.0,0.0,0.0,0.0,0.0,0,0
1779626735.963050,0.0,0.0,0.0,0.0,0.0,0.0,0,0
1779626735.994101,0.0,0.0,0.0,0.0,0.0,0.0,0,0
1779626736.025160,0.0,0.0,0.0,0.0,0.0,0.0,0,0
1779626736.056146,0.0,0.0,0.0,0.0,0.0,0.0,0,0
1779626736.087122,0.0,0.0,0.0,0.0,0.0,0.0,0,0
1779626736.118117,0.0,0.0,0.0,0.0,0.0,0.0,0,0
1779626736.149128,0.0,0.0,0.0,0.0,0.0,0.0,0,0
1779626736.180112,0.0,0.0,0.0,0.0,0.0,0.0,0,0
1779626736.211147,0.0,0.0,0.0,0.0,0.0,0.0,0,0
1779626736.242122,0.0,0.0,0.0,0.0,0.0,0.0,0,0
1779626736.273130,0.0,0.0,0.0,0.0,0.0,0.0,0,0
1779626736.304164,0.0,0.0,0.0,0.0,0.0,0.0,0,0
1779626736.335161,0.0,0.0,0.0,0.0,0.0,0.0,0,0
1779626736.366115,0.0,0.0,0.0,0.0,0.0,0.0,0,0
1779626736.397094,0.0,0.0,0.0,0.0,0.0,0.0,0,0
1779626736.428149,0.0,0.0,0.0,0.0,0.0,0.0,0,0
1779626736.459123,0.0,0.0,0.0,0.0,0.0,0.0,0,0
1779626736.490153,0.0,0.0,0.0,0.0,0.0,0.0,0,0
1779626736.521083,0.0,0.0,0.0,0.0,0.0,0.0,0,0
1779626736.552102,0.0,0.0,0.0,0.0,0.0,0.0,0,0
1779626736.583050,0.0,0.0,0.0,0.0,0.0,0.0,0,0
1779626736.614097,0.0,0.0,0.0,0.0,0.0,0.0,0,0
1779626736.645104,0.0,0.0,0.0,0.0,0.0,0.0,0,0
1779626736.676074,0.0,0.0,0.0,0.0,0.0,0.0,0,0
1779626736.707069,0.0,0.0,0.0,0.0,0.0,0.0,0,0
1779626736.738083,0.0,0.0,0.0,0.0,0.0,0.0,0,0
1779626736.769098,0.0,0.0,0.0,0.0,0.0,0.0,0,0
1779626736.800128,0.0,0.0,0.0,0.0,0.0,0.0,0,0
1779626736.831142,0.0,0.0,0.0,0.0,0.0,0.0,0,0
1779626736.862161,0.0,0.0,0.0,0.0,0.0,0.0,0,0
1779626736.893128,0.0,0.0,0.0,0.0,0.0,0.0,0,0
1779626736.924140,0.0,0.0,0.0,0.0,0.0,0.0,0,0
1779626736.955129,0.0,0.0,0.0,0.0,0.0,0.0,0,0
1779626736.986097,0.0,0.0,0.0,0.0,0.0,0.0,0,0
1779626737.017091,0.0,0.0,0.0,0.0,0.0,0.0,0,0
1779626737.048073,0.0,0.0,0.0,0.0,0.0,0.0,0,0
1779626737.079131,0.0,0.0,0.0,0.0,0.0,0.0,0,0
1779626737.110131,0.0,0.0,0.0,0.0,0.0,0.0,0,0
1779626737.141113,0.0,0.0,0.0,0.0,0.0,0.0,0,0
1779626737.172124,0.0,0.0,0.0,0.0,0.0,0.0,0,0
1779626737.203145,0.0,0.0,0.0,0.0,0.0,0.0,0,0
1779626737.234129,0.0,0.0,0.0,0.0,0.0,0.0,0,0
1779626737.265152,0.0,0.0,0.0,0.0,0.0,0.0,0,0
1779626737.296096,0.0,0.0,0.0,0.0,0.0,0.0,0,0
1779626737.327120,0.0,0.0,0.0,0.0,0.0,0.0,0,0
1779626737.358058,0.0,0.0,0.0,0.0,0.0,0.0,0,0
1779626737.389072,0.0,0.0,0.0,0.0,0.0,0.0,0,0
1779626737.420169,0.0,0.0,0.0,0.0,0.0,0.0,0,0
1779626737.451104,0.0,0.0,0.0,0.0,0.0,0.0,0,0
1779626737.482176,0.0,0.0,0.0,0.0,0.0,0.0,0,0
1779626737.513124,0.0,0.0,0.0,0.0,0.0,0.0,0,0
1779626737.544087,0.0,0.0,0.0,0.0,0.0,0.0,0,0
1779626737.575153,0.0,0.0,0.0,0.0,0.0,0.0,0,0
1779626737.606108,0.0,0.0,0.0,0.0,0.0,0.0,0,0
1779626737.637057,0.0,0.0,0.0,0.0,0.0,0.0,0,0
1779626737.668125,0.0,0.0,0.0,0.0,0.0,0.0,0,0
1779626737.699101,0.0,0.0,0.0,0.0,0.0,0.0,0,0
1779626737.730175,0.0,0.0,0.0,0.0,0.0,0.0,0,0
1779626737.761123,0.0,0.0,0.0,0.0,0.0,0.0,0,0
1779626737.792131,0.0,0.0,0.0,0.0,0.0,0.0,0,0
1779626737.823139,0.0,0.0,0.0,0.0,0.0,0.0,0,0
1779626737.854125,0.0,0.0,0.0,0.0,0.0,0.0,0,0
1779626737.885109,0.0,0.0,0.0,0.0,0.0,0.0,0,0
1779626737.916089,0.0,0.0,0.0,0.0,0.0,0.0,0,0
1779626737.947044,0.0,0.0,0.0,0.0,0.0,0.0,0,0
1779626737.978144,0.0,0.0,0.0,0.0,0.0,0.0,0,0
1779626738.009129,0.0,0.0,0.0,0.0,0.0,0.0,0,0
1779626738.040127,0.0,0.0,0.0,0.0,0.0,0.0,0,0
1779626738.071098,0.0,0.0,0.0,0.0,0.0,0.0,0,0
1779626738.102122,0.0,0.0,0.0,0.0,0.0,0.0,0,0
1779626738.133123,0.0,0.0,0.0,0.0,0.0,0.0,0,0
1779626738.164114,0.0,0.0,0.0,0.0,0.0,0.0,0,0
1779626738.195119,0.0,0.0,0.0,0.0,0.0,0.0,0,0
1779626738.226071,0.0,0.0,0.0,0.0,0.0,0.0,0,0
1779626738.257100,0.0,0.0,0.0,0.0,0.0,0.0,0,0
1779626738.288087,0.0,0.0,0.0,0.0,0.0,0.0,0,0
1779626738.319121,0.0,0.0,0.0,0.0,0.0,0.0,0,0
1779626738.350093,0.0,0.0,0.0,0.0,0.0,0.0,0,0
1779626738.381053,0.0,0.0,0.0,0.0,0.0,0.0,0,0
1779626738.412110,0.0,0.0,0.0,0.0,0.0,0.0,0,0
1779626738.443105,0.0,0.0,0.0,0.0,0.0,0.0,0,0
1779626738.474160,0.0,0.0,0.0,0.0,0.0,0.0,0,0
1779626738.505082,0.0,0.0,0.0,0.0,0.0,0.0,0,0
1779626738.536096,0.0,0.0,0.0,0.0,0.0,0.0,0,0
1779626738.567147,0.0,0.0,0.0,0.0,0.0,0.0,0,0
1779626738.598088,0.0,0.0,0.0,0.0,0.0,0.0,0,0
1779626738.629171,0.0,0.0,0.0,0.0,0.0,0.0,0,0
1779626738.660155,0.0,0.0,0.0,0.0,0.0,0.0,0,0
1779626738.691138,0.0,0.0,0.0,0.0,0.0,0.0,0,0
1779626738.722135,0.0,0.0,0.0,0.0,0.0,0.0,0,0
1779626738.753136,0.0,0.0,0.0,0.0,0.0,0.0,0,0
1779626738.784138,0.0,0.0,0.0,0.0,0.0,0.0,0,0
1779626738.815083,0.0,0.0,0.0,0.0,0.0,0.0,0,0
1779626738.846078,0.0,0.0,0.0,0.0,0.0,0.0,0,0
1779626738.877090,0.0,0.0,0.0,0.0,0.0,0.0,0,0
1779626738.908096,0.0,0.0,0.0,0.0,0.0,0.0,0,0
1779626738.939144,0.0,0.0,0.0,0.0,0.0,0.0,0,0
1779626738.970174,0.0,0.0,0.0,0.0,0.0,0.0,0,0
1779626739.001132,0.0,0.0,0.0,0.0,0.0,0.0,0,0
1779626739.032131,0.0,0.0,0.0,0.0,0.0,0.0,0,0
1779626739.063148,0.0,0.0,0.0,0.0,0.0,0.0,0,0
1779626739.094089,0.0,0.0,0.0,0.0,0.0,0.0,0,0
1779626739.125105,0.0,0.0,0.0,0.0,0.0,0.0,0,0
1779626739.156098,0.0,0.0,0.0,0.0,0.0,0.0,0,0
1779626739.187181,0.0,0.0,0.0,0.0,0.0,0.0,0,0
1779626739.218115,0.0,0.0,0.0,0.0,0.0,0.0,0,0
1779626739.249095,0.0,0.0,0.0,0.0,0.0,0.0,0,0
1779626739.280120,0.0,0.0,0.0,0.0,0.0,0.0,0,0
1779626739.311125,0.0,0.0,0.0,0.0,0.0,0.0,0,0
1779626739.343087,0.0,0.0,0.0,0.0,0.0,0.0,0,0
1779626739.374102,0.0,0.0,0.0,0.0,0.0,0.0,0,0
1779626739.405150,0.0,0.0,0.0,0.0,0.0,0.0,0,0
1779626739.436119,0.0,0.0,0.0,0.0,0.0,0.0,0,0
1779626739.467091,0.0,0.0,0.0,0.0,0.0,0.0,0,0
1779626739.498139,0.0,0.0,0.0,0.0,0.0,0.0,0,0
1779626739.529104,0.0,0.0,0.0,0.0,0.0,0.0,0,0
1779626739.560134,0.0,0.0,0.0,0.0,0.0,0.0,0,0
1779626739.591087,0.0,0.0,0.0,0.0,0.0,0.0,0,0
1779626739.622089,0.0,0.0,0.0,0.0,0.0,0.0,0,0
1779626739.653119,0.0,0.0,0.0,0.0,0.0,0.0,0,0
1779626739.684131,0.0,0.0,0.0,0.0,0.0,0.0,0,0
1779626739.715138,0.0,0.0,0.0,0.0,0.0,0.0,0,0
1779626739.746135,0.0,0.0,0.0,0.0,0.0,0.0,0,0
1779626739.777165,0.0,0.0,0.0,0.0,0.0,0.0,0,0
1779626739.808167,0.0,0.0,0.0,0.0,0.0,0.0,0,0
1779626739.839136,0.0,0.0,0.0,0.0,0.0,0.0,0,0
1779626739.870116,0.0,0.0,0.0,0.0,0.0,0.0,0,0
1779626739.901142,0.0,0.0,0.0,0.0,0.0,0.0,0,0
1779626739.932116,0.0,0.0,0.0,0.0,0.0,0.0,0,0
1779626739.963130,0.0,0.0,0.0,0.0,0.0,0.0,0,0
1779626739.994129,0.0,0.0,0.0,0.0,0.0,0.0,0,0
1779626740.025119,0.0,0.0,0.0,0.0,0.0,0.0,0,0
1779626740.056106,0.0,0.0,0.0,0.0,0.0,0.0,0,0
1779626740.087139,0.0,0.0,0.0,0.0,0.0,0.0,0,0
1779626740.118138,0.0,0.0,0.0,0.0,0.0,0.0,0,0
1779626740.149164,0.0,0.0,0.0,0.0,0.0,0.0,0,0
1779626740.180271,0.0,0.0,0.0,0.0,0.0,0.0,0,0
1779626740.211198,0.0,0.0,0.0,0.0,0.0,0.0,0,0
1779626740.242161,0.0,0.0,0.0,0.0,0.0,0.0,0,0
1779626740.273117,0.0,0.0,0.0,0.0,0.0,0.0,0,0
1779626740.304161,0.0,0.0,0.0,0.0,0.0,0.0,0,0
1779626740.335116,0.0,0.0,0.0,0.0,0.0,0.0,0,0
1779626740.366176,0.0,0.0,0.0,0.0,0.0,0.0,0,0
1779626740.397150,0.0,0.0,0.0,0.0,0.0,0.0,0,0
1779626740.428165,0.0,0.0,0.0,0.0,0.0,0.0,0,0
1779626740.459110,0.0,0.0,0.0,0.0,0.0,0.0,0,0
1779626740.490105,0.0,0.0,0.0,0.0,0.0,0.0,0,0
1779626740.521192,0.0,0.0,0.0,0.0,0.0,0.0,0,0
1779626740.552110,0.0,0.0,0.0,0.0,0.0,0.0,0,0
1779626740.583131,0.0,0.0,0.0,0.0,0.0,0.0,0,0
1779626740.614183,0.0,0.0,0.0,0.0,0.0,0.0,0,0
1779626740.645129,0.0,0.0,0.0,0.0,0.0,0.0,0,0
1779626740.676171,0.0,0.0,0.0,0.0,0.0,0.0,0,0
1779626740.707192,0.0,0.0,0.0,0.0,0.0,0.0,0,0
1779626740.738100,0.0,0.0,0.0,0.0,0.0,0.0,0,0
1779626740.769146,0.0,0.0,0.0,0.0,0.0,0.0,0,0
1779626740.800088,0.0,0.0,0.0,0.0,0.0,0.0,0,0
1779626740.831154,0.0,0.0,0.0,0.0,0.0,0.0,0,0
1779626740.862105,0.0,0.0,0.0,0.0,0.0,0.0,0,0
1779626740.893141,0.0,0.0,0.0,0.0,0.0,0.0,0,0
1779626740.924144,0.0,0.0,0.0,0.0,0.0,0.0,0,0
1779626740.955143,0.0,0.0,0.0,0.0,0.0,0.0,0,0
1779626740.986129,0.0,0.0,0.0,0.0,0.0,0.0,0,0
1779626741.017122,0.0,0.0,0.0,0.0,0.0,0.0,0,0
1779626741.048124,0.0,0.0,0.0,0.0,0.0,0.0,0,0
1779626741.079152,0.0,0.0,0.0,0.0,0.0,0.0,0,0
1779626741.110174,0.0,0.0,0.0,0.0,0.0,0.0,0,0
1779626741.141131,0.0,0.0,0.0,0.0,0.0,0.0,0,0
1779626741.172074,0.0,0.0,0.0,0.0,0.0,0.0,0,0
1779626741.203124,0.0,0.0,0.0,0.0,0.0,0.0,0,0
1779626741.235122,0.0,0.0,0.0,0.0,0.0,0.0,0,0
1779626741.266164,0.0,0.0,0.0,0.0,0.0,0.0,0,0
1779626741.297137,0.0,0.0,0.0,0.0,0.0,0.0,0,0
1779626741.328162,0.0,0.0,0.0,0.0,0.0,0.0,0,0
1779626741.359070,0.0,0.0,0.0,0.0,0.0,0.0,0,0
1779626741.390127,0.0,0.0,0.0,0.0,0.0,0.0,0,0
1779626741.421141,0.0,0.0,0.0,0.0,0.0,0.0,0,0
1779626741.452064,0.0,0.0,0.0,0.0,0.0,0.0,0,0
1779626741.483106,0.0,0.0,0.0,0.0,0.0,0.0,0,0
1779626741.514097,0.0,0.0,0.0,0.0,0.0,0.0,0,0
1779626741.545088,0.0,0.0,0.0,0.0,0.0,0.0,0,0
1779626741.576089,0.0,0.0,0.0,0.0,0.0,0.0,0,0
1779626741.607136,0.0,0.0,0.0,0.0,0.0,0.0,0,0
1779626741.638134,0.0,0.0,0.0,0.0,0.0,0.0,0,0
1779626741.669114,0.0,0.0,0.0,0.0,0.0,0.0,0,0
1779626741.700136,0.0,0.0,0.0,0.0,0.0,0.0,0,0
1779626741.731197,0.0,0.0,0.0,0.0,0.0,0.0,0,0
1779626741.762132,0.0,0.0,0.0,0.0,0.0,0.0,0,0
1779626741.793090,0.0,0.0,0.0,0.0,0.0,0.0,0,0
1779626741.824127,0.0,0.0,0.0,0.0,0.0,0.0,0,0
1779626741.855138,0.0,0.0,0.0,0.0,0.0,0.0,0,0
1779626741.886132,0.0,0.0,0.0,0.0,0.0,0.0,0,0
1779626741.917072,0.0,0.0,0.0,0.0,0.0,0.0,0,0
1779626741.948161,0.0,0.0,0.0,0.0,0.0,0.0,0,0
1779626741.979146,0.0,0.0,0.0,0.0,0.0,0.0,0,0
1779626742.010140,0.0,0.0,0.0,0.0,0.0,0.0,0,0
1779626742.041112,0.0,0.0,0.0,0.0,0.0,0.0,0,0
1779626742.072170,0.0,0.0,0.0,0.0,0.0,0.0,0,0
1779626742.103118,0.0,0.0,0.0,0.0,0.0,0.0,0,0
1779626742.134147,0.0,0.0,0.0,0.0,0.0,0.0,0,0
1779626742.165133,0.0,0.0,0.0,0.0,0.0,0.0,0,0
1779626742.196098,0.0,0.0,0.0,0.0,0.0,0.0,0,0
1779626742.227090,0.0,0.0,0.0,0.0,0.0,0.0,0,0
1779626742.258163,0.0,0.0,0.0,0.0,0.0,0.0,0,0
1779626742.289176,0.0,0.0,0.0,0.0,0.0,0.0,0,0
1779626742.320165,0.0,0.0,0.0,0.0,0.0,0.0,0,0
1779626742.351138,0.0,0.0,0.0,0.0,0.0,0.0,0,0
1779626742.382107,0.0,0.0,0.0,0.0,0.0,0.0,0,0
1779626742.413088,0.0,0.0,0.0,0.0,0.0,0.0,0,0
1779626742.444115,0.0,0.0,0.0,0.0,0.0,0.0,0,0
1779626742.475105,0.0,0.0,0.0,0.0,0.0,0.0,0,0
1779626742.506121,0.0,0.0,0.0,0.0,0.0,0.0,0,0
1779626742.537132,0.0,0.0,0.0,0.0,0.0,0.0,0,0
1779626742.568117,0.0,0.0,0.0,0.0,0.0,0.0,0,0
1779626742.599142,0.0,0.0,0.0,0.0,0.0,0.0,0,0
1779626742.630132,0.0,0.0,0.0,0.0,0.0,0.0,0,0
1779626742.661102,0.0,0.0,0.0,0.0,0.0,0.0,0,0
1779626742.692129,0.0,0.0,0.0,0.0,0.0,0.0,0,0
1779626742.723194,0.0,0.0,0.0,0.0,0.0,0.0,0,0
1779626742.754102,0.0,0.0,0.0,0.0,0.0,0.0,0,0
1779626742.785118,0.0,0.0,0.0,0.0,0.0,0.0,0,0
1779626742.816098,0.0,0.0,0.0,0.0,0.0,0.0,0,0
1779626742.847162,0.0,0.0,0.0,0.0,0.0,0.0,0,0
1779626742.878134,0.0,0.0,0.0,0.0,0.0,0.0,0,0
1779626742.909139,0.0,0.0,0.0,0.0,0.0,0.0,0,0
1779626742.940156,0.0,0.0,0.0,0.0,0.0,0.0,0,0
1779626742.971108,0.0,0.0,0.0,0.0,0.0,0.0,0,0
1779626743.002158,0.0,0.0,0.0,0.0,0.0,0.0,0,0
1779626743.033148,0.0,0.0,0.0,0.0,0.0,0.0,0,0
1779626743.064136,0.0,0.0,0.0,0.0,0.0,0.0,0,0
1779626743.095096,0.0,0.0,0.0,0.0,0.0,0.0,0,0
1779626743.126144,0.0,0.0,0.0,0.0,0.0,0.0,0,0
1779626743.157122,0.0,0.0,0.0,0.0,0.0,0.0,0,0
1779626743.188175,0.0,0.0,0.0,0.0,0.0,0.0,0,0
1779626743.219129,0.0,0.0,0.0,0.0,0.0,0.0,0,0
1779626743.250121,0.0,0.0,0.0,0.0,0.0,0.0,0,0
1779626743.281169,0.0,0.0,0.0,0.0,0.0,0.0,0,0
1779626743.312148,0.0,0.0,0.0,0.0,0.0,0.0,0,0
1779626743.343103,0.0,0.0,0.0,0.0,0.0,0.0,0,0
1779626743.374099,0.0,0.0,0.0,0.0,0.0,0.0,0,0
1779626743.405114,0.0,0.0,0.0,0.0,0.0,0.0,0,0
1779626743.436096,0.0,0.0,0.0,0.0,0.0,0.0,0,0
1779626743.467096,0.0,0.0,0.0,0.0,0.0,0.0,0,0
1779626743.498132,0.0,0.0,0.0,0.0,0.0,0.0,0,0
1779626743.529137,0.0,0.0,0.0,0.0,0.0,0.0,0,0
1779626743.560090,0.0,0.0,0.0,0.0,0.0,0.0,0,0
1779626743.591077,0.0,0.0,0.0,0.0,0.0,0.0,0,0
1779626743.622147,0.0,0.0,0.0,0.0,0.0,0.0,0,0
1779626743.653151,0.0,0.0,0.0,0.0,0.0,0.0,0,0
1779626743.684136,0.0,0.0,0.0,0.0,0.0,0.0,0,0
1779626743.715110,0.0,0.0,0.0,0.0,0.0,0.0,0,0
1779626743.746143,0.0,0.0,0.0,0.0,0.0,0.0,0,0
1779626743.777140,0.0,0.0,0.0,0.0,0.0,0.0,0,0
1779626743.808154,0.0,0.0,0.0,0.0,0.0,0.0,0,0
1779626743.839123,0.0,0.0,0.0,0.0,0.0,0.0,0,0
1779626743.870133,0.0,0.0,0.0,0.0,0.0,0.0,0,0
1779626743.901128,0.0,0.0,0.0,0.0,0.0,0.0,0,0
1779626743.932102,0.0,0.0,0.0,0.0,0.0,0.0,0,0
1779626743.963089,0.0,0.0,0.0,0.0,0.0,0.0,0,0
1779626743.994198,0.0,0.0,0.0,0.0,0.0,0.0,0,0
1779626744.025205,0.0,0.0,0.0,0.0,0.0,0.0,0,0
1779626744.056156,0.0,0.0,0.0,0.0,0.0,0.0,0,0
1779626744.087177,0.0,0.0,0.0,0.0,0.0,0.0,0,0
1779626744.118124,0.0,0.0,0.0,0.0,0.0,0.0,0,0
1779626744.149170,0.0,0.0,0.0,0.0,0.0,0.0,0,0
1779626744.180118,0.0,0.0,0.0,0.0,0.0,0.0,0,0
1779626744.211138,0.0,0.0,0.0,0.0,0.0,0.0,0,0
1779626744.242207,0.0,0.0,0.0,0.0,0.0,0.0,0,0
1779626744.273157,0.0,0.0,0.0,0.0,0.0,0.0,0,0
1779626744.304103,0.0,0.0,0.0,0.0,0.0,0.0,0,0
1779626744.335176,0.0,0.0,0.0,0.0,0.0,0.0,0,0
1779626744.366160,0.0,0.0,0.0,0.0,0.0,0.0,0,0
1779626744.397152,0.0,0.0,0.0,0.0,0.0,0.0,0,0
1779626744.428127,0.0,0.0,0.0,0.0,0.0,0.0,0,0
1779626744.459147,0.0,0.0,0.0,0.0,0.0,0.0,0,0
1779626744.490120,0.0,0.0,0.0,0.0,0.0,0.0,0,0
1779626744.504102,0.01171875,-0.00390625,-0.009765625,0.041015625,0.0,0.033203125,0,0
1779626744.520108,0.01171875,-0.00390625,-0.033203125,0.041015625,0.0,0.033203125,0,0
1779626744.536160,0.01171875,-0.00390625,-0.166015625,0.041015625,0.0,0.033203125,0,0
1779626744.544113,0.01171875,-0.00390625,-0.166015625,0.041015625,-0.005859375,0.033203125,0,0
1779626744.552115,0.01171875,-0.00390625,-0.181640625,0.041015625,-0.005859375,0.033203125,0,0
1779626744.568108,0.01171875,-0.00390625,-0.255859375,0.041015625,-0.005859375,0.033203125,0,0
1779626744.576126,0.01171875,-0.00390625,-0.255859375,0.041015625,-0.013671875,0.033203125,0,0
1779626744.584130,0.01171875,-0.00390625,-0.337890625,0.041015625,-0.013671875,0.033203125,0,0
1779626744.592126,0.01171875,-0.00390625,-0.337890625,0.041015625,-0.041015625,0.033203125,0,0
1779626744.600158,0.01171875,-0.00390625,-0.41015625,0.041015625,-0.041015625,0.033203125,0,0
1779626744.608187,0.01171875,-0.00390625,-0.41015625,0.041015625,-0.046875,0.033203125,0,0
1779626744.616138,0.01171875,-0.00390625,-0.453125,0.041015625,-0.046875,0.033203125,0,0
1779626744.624169,0.01171875,-0.00390625,-0.453125,0.041015625,-0.052734375,0.033203125,0,0
1779626744.632160,0.01171875,-0.00390625,-0.466796875,0.041015625,-0.052734375,0.033203125,0,0
1779626744.640162,0.01171875,-0.00390625,-0.466796875,-0.017578125,-0.048828125,0.033203125,0,0
1779626744.648155,0.01171875,-0.00390625,-0.478515625,-0.017578125,-0.048828125,0.033203125,0,0
1779626744.656159,0.01171875,-0.00390625,-0.478515625,-0.033203125,-0.037109375,0.033203125,0,0
1779626744.664134,0.01171875,-0.00390625,-0.48828125,-0.033203125,-0.037109375,0.033203125,0,0
1779626744.672167,0.01171875,-0.00390625,-0.48828125,-0.041015625,-0.02734375,0.033203125,0,0
1779626744.680113,0.01171875,-0.00390625,-0.49609375,-0.041015625,-0.02734375,0.033203125,0,0
1779626744.688131,0.01171875,-0.00390625,-0.49609375,-0.041015625,-0.0234375,0.033203125,0,0
1779626744.697115,0.01171875,-0.00390625,-0.498046875,-0.041015625,-0.0234375,0.033203125,0,0
1779626744.704124,0.01171875,-0.00390625,-0.498046875,-0.021484375,-0.029296875,0.033203125,0,0
1779626744.712134,0.01171875,-0.00390625,-0.498046875,-0.021484375,-0.029296875,0.033203125,0,0
1779626744.720142,0.01171875,-0.00390625,-0.498046875,-0.00390625,-0.029296875,0.033203125,0,0
1779626744.728113,0.01171875,-0.00390625,-0.501953125,-0.00390625,-0.029296875,0.033203125,0,0
1779626744.736136,0.01171875,-0.00390625,-0.501953125,-0.00390625,-0.03125,0.033203125,0,0
1779626744.744142,0.01171875,-0.013671875,-0.51171875,-0.00390625,-0.03125,0.033203125,0,0
1779626744.752165,0.01171875,-0.013671875,-0.51171875,-0.00390625,-0.029296875,0.033203125,0,0
1779626744.760163,0.01171875,-0.015625,-0.51171875,-0.00390625,-0.029296875,0.033203125,0,0
1779626744.768079,0.01171875,-0.015625,-0.51171875,-0.00390625,-0.021484375,0.033203125,0,0
1779626744.776132,0.01171875,-0.015625,-0.513671875,-0.00390625,-0.021484375,0.033203125,0,0
1779626744.784122,0.01171875,-0.015625,-0.513671875,-0.00390625,-0.01953125,0.033203125,0,0
1779626744.792114,0.01171875,-0.013671875,-0.513671875,-0.00390625,-0.01953125,0.033203125,0,0
1779626744.800179,0.01171875,-0.013671875,-0.513671875,-0.00390625,-0.025390625,0.033203125,0,0
1779626744.808132,0.01171875,-0.01171875,-0.501953125,-0.00390625,-0.025390625,0.033203125,0,0
1779626744.816103,0.01171875,-0.01171875,-0.501953125,-0.00390625,-0.03515625,0.033203125,0,0
1779626744.824166,0.01171875,0.0,-0.490234375,-0.00390625,-0.03515625,0.033203125,0,0
1779626744.832132,0.01171875,0.0,-0.490234375,-0.00390625,-0.04296875,0.033203125,0,0
1779626744.840114,0.01171875,0.0,-0.484375,-0.00390625,-0.04296875,0.033203125,0,0
1779626744.848137,0.01171875,0.0,-0.484375,-0.00390625,-0.044921875,0.033203125,0,0
1779626744.856118,0.01171875,0.0,-0.47265625,-0.00390625,-0.044921875,0.033203125,0,0
1779626744.864108,0.01171875,0.0,-0.47265625,0.0,-0.04296875,0.033203125,0,0
1779626744.873127,0.01171875,0.0,-0.447265625,0.0,-0.04296875,0.033203125,0,0
1779626744.880166,0.01171875,0.0,-0.447265625,0.0,-0.033203125,0.033203125,0,0
1779626744.888176,0.01171875,0.0,-0.41796875,0.0,-0.033203125,0.033203125,0,0
1779626744.896161,0.01171875,0.0,-0.41796875,-0.00390625,-0.01953125,0.033203125,0,0
1779626744.904150,0.01171875,0.0,-0.392578125,-0.00390625,-0.01953125,0.033203125,0,0
1779626744.913138,0.01171875,0.0,-0.392578125,-0.01171875,-0.01171875,0.033203125,0,0
1779626744.920150,0.01171875,0.0,-0.376953125,-0.01171875,-0.01171875,0.033203125,0,0
1779626744.928188,0.01171875,0.0,-0.376953125,-0.0078125,-0.005859375,0.033203125,0,0
1779626744.936145,0.01171875,0.0,-0.38671875,-0.0078125,-0.005859375,0.033203125,0,0
1779626744.944166,0.01171875,0.0,-0.38671875,-0.005859375,-0.0078125,0.033203125,0,0
1779626744.952136,0.01171875,0.0,-0.400390625,-0.005859375,-0.0078125,0.033203125,0,0
1779626744.960162,0.01171875,0.0,-0.400390625,-0.009765625,-0.017578125,0.033203125,0,0
1779626744.968177,0.01171875,0.0,-0.41015625,-0.009765625,-0.017578125,0.033203125,0,0
1779626744.976133,0.01171875,0.0,-0.41015625,-0.013671875,-0.033203125,0.033203125,0,0
1779626744.984152,0.01171875,0.0,-0.41015625,-0.013671875,-0.033203125,0.033203125,0,0
1779626744.992123,0.01171875,0.0,-0.41015625,-0.017578125,-0.0390625,0.033203125,0,0
1779626745.000189,0.01171875,0.0,-0.41015625,-0.017578125,-0.0390625,0.033203125,0,0
1779626745.008148,0.01171875,0.0,-0.41015625,-0.017578125,-0.041015625,0.033203125,0,0
1779626745.016131,0.01171875,0.0,-0.412109375,-0.017578125,-0.041015625,0.033203125,0,0
1779626745.024127,0.01171875,0.0,-0.412109375,-0.021484375,-0.037109375,0.033203125,0,0
1779626745.032105,0.01171875,0.0,-0.427734375,-0.021484375,-0.037109375,0.033203125,0,0
1779626745.040108,0.01171875,0.0,-0.427734375,-0.021484375,-0.03515625,0.033203125,0,0
1779626745.048146,0.01171875,0.0,-0.439453125,-0.021484375,-0.03515625,0.033203125,0,0
1779626745.057113,0.01171875,0.0,-0.439453125,-0.013671875,-0.033203125,0.033203125,0,0
1779626745.064119,0.01171875,0.0,-0.451171875,-0.013671875,-0.033203125,0.033203125,0,0
1779626745.072133,0.01171875,0.0,-0.451171875,-0.00390625,-0.04296875,0.033203125,0,0
1779626745.080147,0.01171875,0.0,-0.451171875,-0.00390625,-0.04296875,0.033203125,0,0
1779626745.088160,0.01171875,0.0,-0.451171875,-0.00390625,-0.044921875,0.033203125,0,0
1779626745.096134,0.01171875,0.0,-0.447265625,-0.00390625,-0.044921875,0.033203125,0,0
1779626745.104112,0.01171875,0.0,-0.447265625,-0.00390625,-0.041015625,0.033203125,0,0
1779626745.112099,0.01171875,0.0,-0.44921875,-0.00390625,-0.041015625,0.033203125,0,0
1779626745.120133,0.01171875,0.0,-0.44921875,-0.00390625,-0.033203125,0.033203125,0,0
1779626745.128111,0.01171875,0.0,-0.44921875,-0.00390625,-0.033203125,0.033203125,0,0
1779626745.136173,0.01171875,0.0,-0.44921875,-0.00390625,-0.025390625,0.033203125,0,0
1779626745.144122,0.01171875,0.0,-0.447265625,-0.00390625,-0.025390625,0.033203125,0,0
1779626745.152085,0.01171875,0.0,-0.447265625,-0.00390625,-0.01953125,0.033203125,0,0
1779626745.160176,0.01171875,0.0,-0.466796875,-0.00390625,-0.01953125,0.033203125,0,0
1779626745.168118,0.01171875,0.0,-0.466796875,-0.00390625,-0.021484375,0.033203125,0,0
1779626745.184125,0.01171875,0.0,-0.486328125,-0.00390625,-0.021484375,0.033203125,0,0
1779626745.192165,0.01171875,0.0,-0.486328125,-0.00390625,-0.03515625,0.033203125,0,0
1779626745.200116,0.01171875,0.0,-0.490234375,-0.00390625,-0.03515625,0.033203125,0,0
1779626745.208119,0.01171875,0.0,-0.490234375,-0.00390625,-0.05078125,0.033203125,0,0
1779626745.216130,0.01171875,0.0,-0.490234375,-0.00390625,-0.05078125,0.033203125,0,0
1779626745.224127,0.01171875,0.0,-0.490234375,-0.00390625,-0.05859375,0.033203125,0,0
1779626745.232126,0.01171875,0.0,-0.494140625,-0.00390625,-0.05859375,0.033203125,0,0
1779626745.240161,0.01171875,0.0,-0.494140625,-0.00390625,-0.05859375,0.033203125,0,0
1779626745.248147,0.01171875,0.0,-0.49609375,-0.00390625,-0.05859375,0.033203125,0,0
1779626745.256157,0.01171875,0.0,-0.49609375,-0.009765625,-0.048828125,0.033203125,0,0
1779626745.264176,0.01171875,0.0,-0.48828125,-0.009765625,-0.048828125,0.033203125,0,0
1779626745.272111,0.01171875,0.0,-0.48828125,-0.015625,-0.033203125,0.033203125,0,0
1779626745.280135,0.01171875,0.0,-0.462890625,-0.015625,-0.033203125,0.033203125,0,0
1779626745.288122,0.01171875,0.0,-0.462890625,-0.01171875,-0.01953125,0.033203125,0,0
1779626745.296119,0.01171875,0.0,-0.341796875,-0.01171875,-0.01953125,0.033203125,0,0
1779626745.312114,0.01171875,0.0,-0.103515625,-0.01171875,-0.01953125,0.033203125,0,0
1779626745.342140,0.0,0.0,0.0,0.0,0.0,0.0,0,0
1779626745.373132,0.0,0.0,0.0,0.0,0.0,0.0,0,0
1779626745.404123,0.0,0.0,0.0,0.0,0.0,0.0,0,0
1779626745.435163,0.0,0.0,0.0,0.0,0.0,0.0,0,0
1779626745.466131,0.0,0.0,0.0,0.0,0.0,0.0,0,0
1779626745.497124,0.0,0.0,0.0,0.0,0.0,0.0,0,0
1779626745.528149,0.0,0.0,0.0,0.0,0.0,0.0,0,0
1779626745.559161,0.0,0.0,0.0,0.0,0.0,0.0,0,0
1779626745.590116,0.0,0.0,0.0,0.0,0.0,0.0,0,0
1779626745.621133,0.0,0.0,0.0,0.0,0.0,0.0,0,0
1779626745.652183,0.0,0.0,0.0,0.0,0.0,0.0,0,0
1779626745.683121,0.0,0.0,0.0,0.0,0.0,0.0,0,0
1779626745.714101,0.0,0.0,0.0,0.0,0.0,0.0,0,0
1779626745.745115,0.0,0.0,0.0,0.0,0.0,0.0,0,0
1779626745.776142,0.0,0.0,0.0,0.0,0.0,0.0,0,0
1779626745.807148,0.0,0.0,0.0,0.0,0.0,0.0,0,0
1779626745.838181,0.0,0.0,0.0,0.0,0.0,0.0,0,0
1779626745.869170,0.0,0.0,0.0,0.0,0.0,0.0,0,0
1779626745.900187,0.0,0.0,0.0,0.0,0.0,0.0,0,0
1779626745.931136,0.0,0.0,0.0,0.0,0.0,0.0,0,0
1779626745.962070,0.0,0.0,0.0,0.0,0.0,0.0,0,0
1779626745.993109,0.0,0.0,0.0,0.0,0.0,0.0,0,0
1779626746.024076,0.0,0.0,0.0,0.0,0.0,0.0,0,0
1779626746.055123,0.0,0.0,0.0,0.0,0.0,0.0,0,0
1779626746.086094,0.0,0.0,0.0,0.0,0.0,0.0,0,0
1779626746.117099,0.0,0.0,0.0,0.0,0.0,0.0,0,0
1779626746.148279,0.0,0.0,0.0,0.0,0.0,0.0,0,0
1779626746.179167,0.0,0.0,0.0,0.0,0.0,0.0,0,0
1779626746.210158,0.0,0.0,0.0,0.0,0.0,0.0,0,0
1779626746.241111,0.0,0.0,0.0,0.0,0.0,0.0,0,0
1779626746.272123,0.0,0.0,0.0,0.0,0.0,0.0,0,0
1779626746.303162,0.0,0.0,0.0,0.0,0.0,0.0,0,0
1779626746.334138,0.0,0.0,0.0,0.0,0.0,0.0,0,0
1779626746.365161,0.0,0.0,0.0,0.0,0.0,0.0,0,0
1779626746.396188,0.0,0.0,0.0,0.0,0.0,0.0,0,0
1779626746.427135,0.0,0.0,0.0,0.0,0.0,0.0,0,0
1779626746.458155,0.0,0.0,0.0,0.0,0.0,0.0,0,0
1779626746.489103,0.0,0.0,0.0,0.0,0.0,0.0,0,0
1779626746.520139,0.0,0.0,0.0,0.0,0.0,0.0,0,0
1779626746.551122,0.0,0.0,0.0,0.0,0.0,0.0,0,0
1779626746.582166,0.0,0.0,0.0,0.0,0.0,0.0,0,0
1779626746.613112,0.0,0.0,0.0,0.0,0.0,0.0,0,0
1779626746.644145,0.0,0.0,0.0,0.0,0.0,0.0,0,0
1779626746.675163,0.0,0.0,0.0,0.0,0.0,0.0,0,0
1779626746.706122,0.0,0.0,0.0,0.0,0.0,0.0,0,0
1779626746.737134,0.0,0.0,0.0,0.0,0.0,0.0,0,0
1779626746.768140,0.0,0.0,0.0,0.0,0.0,0.0,0,0
1779626746.799122,0.0,0.0,0.0,0.0,0.0,0.0,0,0
1779626746.830103,0.0,0.0,0.0,0.0,0.0,0.0,0,0
1779626746.861158,0.0,0.0,0.0,0.0,0.0,0.0,0,0
1779626746.892118,0.0,0.0,0.0,0.0,0.0,0.0,0,0
1779626746.923159,0.0,0.0,0.0,0.0,0.0,0.0,0,0
1779626746.954108,0.0,0.0,0.0,0.0,0.0,0.0,0,0
1779626746.985128,0.0,0.0,0.0,0.0,0.0,0.0,0,0
1779626747.016165,0.0,0.0,0.0,0.0,0.0,0.0,0,0
1779626747.047136,0.0,0.0,0.0,0.0,0.0,0.0,0,0
1779626747.078146,0.0,0.0,0.0,0.0,0.0,0.0,0,0
1779626747.109147,0.0,0.0,0.0,0.0,0.0,0.0,0,0
1779626747.140108,0.0,0.0,0.0,0.0,0.0,0.0,0,0
1779626747.171220,0.0,0.0,0.0,0.0,0.0,0.0,0,0
1779626747.202119,0.0,0.0,0.0,0.0,0.0,0.0,0,0
1779626747.233124,0.0,0.0,0.0,0.0,0.0,0.0,0,0
1779626747.264145,0.0,0.0,0.0,0.0,0.0,0.0,0,0
1779626747.295132,0.0,0.0,0.0,0.0,0.0,0.0,0,0
1779626747.326153,0.0,0.0,0.0,0.0,0.0,0.0,0,0
1779626747.357124,0.0,0.0,0.0,0.0,0.0,0.0,0,0
1779626747.388124,0.0,0.0,0.0,0.0,0.0,0.0,0,0
1779626747.419091,0.0,0.0,0.0,0.0,0.0,0.0,0,0
1779626747.450162,0.0,0.0,0.0,0.0,0.0,0.0,0,0
1779626747.481067,0.0,0.0,0.0,0.0,0.0,0.0,0,0
1779626747.512091,0.0,0.0,0.0,0.0,0.0,0.0,0,0
1779626747.543120,0.0,0.0,0.0,0.0,0.0,0.0,0,0
1779626747.574126,0.0,0.0,0.0,0.0,0.0,0.0,0,0
1779626747.605164,0.0,0.0,0.0,0.0,0.0,0.0,0,0
1779626747.636111,0.0,0.0,0.0,0.0,0.0,0.0,0,0
1779626747.667142,0.0,0.0,0.0,0.0,0.0,0.0,0,0
1779626747.698185,0.0,0.0,0.0,0.0,0.0,0.0,0,0
1779626747.729101,0.0,0.0,0.0,0.0,0.0,0.0,0,0
1779626747.760149,0.0,0.0,0.0,0.0,0.0,0.0,0,0
1779626747.791116,0.0,0.0,0.0,0.0,0.0,0.0,0,0
1779626747.822133,0.0,0.0,0.0,0.0,0.0,0.0,0,0
1779626747.853170,0.0,0.0,0.0,0.0,0.0,0.0,0,0
1779626747.884145,0.0,0.0,0.0,0.0,0.0,0.0,0,0
1779626747.915112,0.0,0.0,0.0,0.0,0.0,0.0,0,0
1779626747.946095,0.0,0.0,0.0,0.0,0.0,0.0,0,0
1779626747.977119,0.0,0.0,0.0,0.0,0.0,0.0,0,0
1779626748.008065,0.0,0.0,0.0,0.0,0.0,0.0,0,0
1779626748.039087,0.0,0.0,0.0,0.0,0.0,0.0,0,0
1779626748.070105,0.0,0.0,0.0,0.0,0.0,0.0,0,0
1779626748.101120,0.0,0.0,0.0,0.0,0.0,0.0,0,0
1779626748.132100,0.0,0.0,0.0,0.0,0.0,0.0,0,0
1779626748.163187,0.0,0.0,0.0,0.0,0.0,0.0,0,0
1779626748.194124,0.0,0.0,0.0,0.0,0.0,0.0,0,0
1779626748.225160,0.0,0.0,0.0,0.0,0.0,0.0,0,0
1779626748.256141,0.0,0.0,0.0,0.0,0.0,0.0,0,0
1779626748.287133,0.0,0.0,0.0,0.0,0.0,0.0,0,0
1779626748.318156,0.0,0.0,0.0,0.0,0.0,0.0,0,0
1779626748.349182,0.0,0.0,0.0,0.0,0.0,0.0,0,0
1779626748.380106,0.0,0.0,0.0,0.0,0.0,0.0,0,0
1779626748.411102,0.0,0.0,0.0,0.0,0.0,0.0,0,0
1779626748.442125,0.0,0.0,0.0,0.0,0.0,0.0,0,0
1779626748.473158,0.0,0.0,0.0,0.0,0.0,0.0,0,0
1779626748.504161,0.0,0.0,0.0,0.0,0.0,0.0,0,0
1779626748.535171,0.0,0.0,0.0,0.0,0.0,0.0,0,0
1779626748.566149,0.0,0.0,0.0,0.0,0.0,0.0,0,0
1779626748.597085,0.0,0.0,0.0,0.0,0.0,0.0,0,0
1779626748.628136,0.0,0.0,0.0,0.0,0.0,0.0,0,0
1779626748.659152,0.0,0.0,0.0,0.0,0.0,0.0,0,0
1779626748.690177,0.0,0.0,0.0,0.0,0.0,0.0,0,0
1779626748.721094,0.0,0.0,0.0,0.0,0.0,0.0,0,0
1779626748.752153,0.0,0.0,0.0,0.0,0.0,0.0,0,0
1779626748.783114,0.0,0.0,0.0,0.0,0.0,0.0,0,0
1779626748.814151,0.0,0.0,0.0,0.0,0.0,0.0,0,0
1779626748.845160,0.0,0.0,0.0,0.0,0.0,0.0,0,0
1779626748.876097,0.0,0.0,0.0,0.0,0.0,0.0,0,0
1779626748.907148,0.0,0.0,0.0,0.0,0.0,0.0,0,0
1779626748.938138,0.0,0.0,0.0,0.0,0.0,0.0,0,0
1779626748.969112,0.0,0.0,0.0,0.0,0.0,0.0,0,0
1779626749.000115,0.0,0.0,0.0,0.0,0.0,0.0,0,0
1779626749.031193,0.0,0.0,0.0,0.0,0.0,0.0,0,0
1779626749.062135,0.0,0.0,0.0,0.0,0.0,0.0,0,0
1779626749.093116,0.0,0.0,0.0,0.0,0.0,0.0,0,0
1779626749.124182,0.0,0.0,0.0,0.0,0.0,0.0,0,0
1779626749.155138,0.0,0.0,0.0,0.0,0.0,0.0,0,0
1779626749.186122,0.0,0.0,0.0,0.0,0.0,0.0,0,0
1779626749.217116,0.0,0.0,0.0,0.0,0.0,0.0,0,0
1779626749.248125,0.0,0.0,0.0,0.0,0.0,0.0,0,0
1779626749.279104,0.0,0.0,0.0,0.0,0.0,0.0,0,0
1779626749.310129,0.0,0.0,0.0,0.0,0.0,0.0,0,0
1779626749.341168,0.0,0.0,0.0,0.0,0.0,0.0,0,0
1779626749.372108,0.0,0.0,0.0,0.0,0.0,0.0,0,0
1779626749.403134,0.0,0.0,0.0,0.0,0.0,0.0,0,0
1779626749.434188,0.0,0.0,0.0,0.0,0.0,0.0,0,0
1779626749.465120,0.0,0.0,0.0,0.0,0.0,0.0,0,0
1779626749.496146,0.0,0.0,0.0,0.0,0.0,0.0,0,0
1779626749.527265,0.0,0.0,0.0,0.0,0.0,0.0,0,0
1779626749.558163,0.0,0.0,0.0,0.0,0.0,0.0,0,0
1779626749.589172,0.0,0.0,0.0,0.0,0.0,0.0,0,0
1779626749.620169,0.0,0.0,0.0,0.0,0.0,0.0,0,0
1779626749.651121,0.0,0.0,0.0,0.0,0.0,0.0,0,0
1779626749.682164,0.0,0.0,0.0,0.0,0.0,0.0,0,0
1779626749.713136,0.0,0.0,0.0,0.0,0.0,0.0,0,0
1779626749.744145,0.0,0.0,0.0,0.0,0.0,0.0,0,0
1779626749.775132,0.0,0.0,0.0,0.0,0.0,0.0,0,0
1779626749.806115,0.0,0.0,0.0,0.0,0.0,0.0,0,0
1779626749.837181,0.0,0.0,0.0,0.0,0.0,0.0,0,0
1779626749.868126,0.0,0.0,0.0,0.0,0.0,0.0,0,0
1779626749.899168,0.0,0.0,0.0,0.0,0.0,0.0,0,0
1779626749.930159,0.0,0.0,0.0,0.0,0.0,0.0,0,0
1779626749.961137,0.0,0.0,0.0,0.0,0.0,0.0,0,0
1779626749.992126,0.0,0.0,0.0,0.0,0.0,0.0,0,0
1779626750.023173,0.0,0.0,0.0,0.0,0.0,0.0,0,0
1779626750.054211,0.0,0.0,0.0,0.0,0.0,0.0,0,0
1779626750.085104,0.0,0.0,0.0,0.0,0.0,0.0,0,0
1779626750.116166,0.0,0.0,0.0,0.0,0.0,0.0,0,0
1779626750.147133,0.0,0.0,0.0,0.0,0.0,0.0,0,0
1779626750.178133,0.0,0.0,0.0,0.0,0.0,0.0,0,0
1779626750.209167,0.0,0.0,0.0,0.0,0.0,0.0,0,0
1779626750.240185,0.0,0.0,0.0,0.0,0.0,0.0,0,0
1779626750.271158,0.0,0.0,0.0,0.0,0.0,0.0,0,0
1779626750.302170,0.0,0.0,0.0,0.0,0.0,0.0,0,0
1779626750.333178,0.0,0.0,0.0,0.0,0.0,0.0,0,0
1779626750.364106,0.0,0.0,0.0,0.0,0.0,0.0,0,0
1779626750.395121,0.0,0.0,0.0,0.0,0.0,0.0,0,0
1779626750.426147,0.0,0.0,0.0,0.0,0.0,0.0,0,0
1779626750.457140,0.0,0.0,0.0,0.0,0.0,0.0,0,0
1779626750.488159,0.0,0.0,0.0,0.0,0.0,0.0,0,0
1779626750.519149,0.0,0.0,0.0,0.0,0.0,0.0,0,0
1779626750.550138,0.0,0.0,0.0,0.0,0.0,0.0,0,0
1779626750.581161,0.0,0.0,0.0,0.0,0.0,0.0,0,0
1779626750.612185,0.0,0.0,0.0,0.0,0.0,0.0,0,0
1779626750.643101,0.0,0.0,0.0,0.0,0.0,0.0,0,0
1779626750.674156,0.0,0.0,0.0,0.0,0.0,0.0,0,0
1779626750.705137,0.0,0.0,0.0,0.0,0.0,0.0,0,0
1779626750.736143,0.0,0.0,0.0,0.0,0.0,0.0,0,0
1779626750.767110,0.0,0.0,0.0,0.0,0.0,0.0,0,0
1779626750.798120,0.0,0.0,0.0,0.0,0.0,0.0,0,0
1779626750.829184,0.0,0.0,0.0,0.0,0.0,0.0,0,0
1779626750.860157,0.0,0.0,0.0,0.0,0.0,0.0,0,0
1779626750.891143,0.0,0.0,0.0,0.0,0.0,0.0,0,0
1779626750.922106,0.0,0.0,0.0,0.0,0.0,0.0,0,0
1779626750.953134,0.0,0.0,0.0,0.0,0.0,0.0,0,0
1779626750.984118,0.0,0.0,0.0,0.0,0.0,0.0,0,0
1779626751.015124,0.0,0.0,0.0,0.0,0.0,0.0,0,0
1779626751.046159,0.0,0.0,0.0,0.0,0.0,0.0,0,0
1779626751.077154,0.0,0.0,0.0,0.0,0.0,0.0,0,0
1779626751.108184,0.0,0.0,0.0,0.0,0.0,0.0,0,0
1779626751.139209,0.0,0.0,0.0,0.0,0.0,0.0,0,0
1779626751.170151,0.0,0.0,0.0,0.0,0.0,0.0,0,0
1779626751.201123,0.0,0.0,0.0,0.0,0.0,0.0,0,0
1779626751.232143,0.0,0.0,0.0,0.0,0.0,0.0,0,0
1779626751.263117,0.0,0.0,0.0,0.0,0.0,0.0,0,0
1779626751.294161,0.0,0.0,0.0,0.0,0.0,0.0,0,0
1779626751.325153,0.0,0.0,0.0,0.0,0.0,0.0,0,0
1779626751.356148,0.0,0.0,0.0,0.0,0.0,0.0,0,0
1779626751.387146,0.0,0.0,0.0,0.0,0.0,0.0,0,0
1779626751.418158,0.0,0.0,0.0,0.0,0.0,0.0,0,0
1779626751.448134,0.01171875,0.0,0.0,-0.01171875,-0.01953125,0.033203125,0,0
1779626751.465182,-0.037109375,0.0,-0.0859375,-0.01171875,-0.01953125,0.033203125,0,0
1779626751.480109,-0.037109375,0.0,-0.16015625,-0.01171875,-0.01953125,0.033203125,0,0
1779626751.488156,-0.037109375,0.0,-0.16015625,-0.009765625,-0.01953125,0.033203125,0,0
1779626751.496103,-0.029296875,0.0,-0.220703125,-0.009765625,-0.01953125,0.033203125,0,0
1779626751.504142,-0.029296875,0.0,-0.220703125,-0.017578125,-0.01953125,0.033203125,0,0
1779626751.512137,-0.025390625,0.0,-0.267578125,-0.017578125,-0.01953125,0.033203125,0,0
1779626751.520154,-0.025390625,0.0,-0.267578125,-0.021484375,-0.01953125,0.033203125,0,0
1779626751.528105,-0.01171875,0.0,-0.341796875,-0.021484375,-0.01953125,0.033203125,0,0
1779626751.536138,-0.01171875,0.0,-0.341796875,-0.0390625,-0.01953125,0.033203125,0,0
1779626751.544137,-0.013671875,0.0,-0.431640625,-0.0390625,-0.01953125,0.033203125,0,0
1779626751.552116,-0.013671875,0.0,-0.431640625,-0.048828125,-0.01953125,0.033203125,0,0
1779626751.560141,-0.021484375,0.0,-0.505859375,-0.048828125,-0.01953125,0.033203125,0,0
1779626751.568156,-0.021484375,0.0,-0.505859375,-0.048828125,-0.01953125,0.033203125,0,0
1779626751.576084,-0.033203125,0.0,-0.55859375,-0.048828125,-0.01953125,0.033203125,0,0
1779626751.584133,-0.033203125,0.0,-0.55859375,-0.033203125,-0.01953125,0.033203125,0,0
1779626751.592140,-0.04296875,0.0,-0.599609375,-0.033203125,-0.01953125,0.033203125,0,0
1779626751.600172,-0.04296875,0.0,-0.599609375,-0.017578125,-0.01953125,0.033203125,0,0
1779626751.608158,-0.046875,0.0,-0.6171875,-0.017578125,-0.01953125,0.033203125,0,0
1779626751.616194,-0.046875,0.0,-0.6171875,-0.01171875,-0.01953125,0.033203125,0,0
1779626751.624183,-0.044921875,0.0,-0.615234375,-0.01171875,-0.01953125,0.033203125,0,0
1779626751.632159,-0.044921875,0.0,-0.615234375,-0.013671875,-0.01953125,0.033203125,0,0
1779626751.640121,-0.02734375,0.0,-0.60546875,-0.013671875,-0.01953125,0.033203125,0,0
1779626751.648156,-0.02734375,0.0,-0.60546875,-0.009765625,0.013671875,0.033203125,0,0
1779626751.656168,-0.009765625,0.0,-0.60546875,-0.009765625,0.013671875,0.033203125,0,0
1779626751.664163,-0.009765625,0.0,-0.60546875,-0.005859375,0.037109375,0.033203125,0,0
1779626751.672154,-0.00390625,0.0,-0.6171875,-0.005859375,0.037109375,0.033203125,0,0
1779626751.680122,-0.00390625,0.0,-0.6171875,-0.017578125,0.05078125,0.033203125,0,0
1779626751.688157,-0.0078125,0.0,-0.640625,-0.017578125,0.05078125,0.033203125,0,0
1779626751.696156,-0.0078125,0.0,-0.640625,-0.037109375,0.05078125,0.033203125,0,0
1779626751.704130,-0.0234375,0.0,-0.646484375,-0.037109375,0.05078125,0.033203125,0,0
1779626751.712147,-0.0234375,0.0,-0.646484375,-0.05859375,0.03515625,0.033203125,0,0
1779626751.721112,-0.0390625,0.0,-0.654296875,-0.05859375,0.03515625,0.033203125,0,0
1779626751.728108,-0.0390625,0.0,-0.654296875,-0.076171875,0.015625,0.033203125,0,0
1779626751.736135,-0.044921875,0.0,-0.65234375,-0.076171875,0.015625,0.033203125,0,0
1779626751.744137,-0.044921875,0.0,-0.65234375,-0.083984375,0.01171875,0.033203125,0,0
1779626751.752140,-0.033203125,0.0,-0.634765625,-0.083984375,0.01171875,0.033203125,0,0
1779626751.760168,-0.033203125,0.0,-0.634765625,-0.083984375,0.02734375,0.033203125,0,0
1779626751.768119,-0.009765625,0.0,-0.6015625,-0.083984375,0.02734375,0.033203125,0,0
1779626751.776086,-0.009765625,0.0,-0.6015625,-0.076171875,0.05078125,0.033203125,0,0
1779626751.784087,-0.009765625,0.0,-0.57421875,-0.076171875,0.05078125,0.033203125,0,0
1779626751.792181,-0.009765625,0.0,-0.57421875,-0.06640625,0.0703125,0.033203125,0,0
1779626751.800219,-0.009765625,0.0,-0.58984375,-0.06640625,0.0703125,0.033203125,0,0
1779626751.808182,-0.009765625,0.0,-0.58984375,-0.06640625,0.080078125,0.033203125,0,0
1779626751.816154,-0.009765625,0.0,-0.599609375,-0.06640625,0.080078125,0.033203125,0,0
1779626751.824123,-0.009765625,0.0,-0.599609375,-0.072265625,0.08203125,0.033203125,0,0
1779626751.832206,-0.009765625,0.0,-0.607421875,-0.072265625,0.08203125,0.033203125,0,0
1779626751.840183,-0.009765625,0.0,-0.607421875,-0.07421875,0.064453125,0.033203125,0,0
1779626751.848152,-0.021484375,0.0,-0.61328125,-0.07421875,0.064453125,0.033203125,0,0
1779626751.856127,-0.021484375,0.0,-0.61328125,-0.07421875,0.0390625,0.033203125,0,0
1779626751.864139,-0.037109375,0.0,-0.6171875,-0.07421875,0.0390625,0.033203125,0,0
1779626751.872133,-0.037109375,0.0,-0.6171875,-0.0703125,0.01953125,0.033203125,0,0
1779626751.880120,-0.0390625,0.0,-0.607421875,-0.0703125,0.01953125,0.033203125,0,0
1779626751.888166,-0.0390625,0.0,-0.607421875,-0.052734375,0.013671875,0.033203125,0,0
1779626751.896120,-0.03125,0.0,-0.59375,-0.052734375,0.013671875,0.033203125,0,0
1779626751.904184,-0.03125,0.0,-0.59375,-0.03515625,0.01953125,0.033203125,0,0
1779626751.912164,-0.01953125,0.0,-0.6171875,-0.03515625,0.01953125,0.033203125,0,0
1779626751.920128,-0.01953125,0.0,-0.6171875,-0.01953125,0.03515625,0.033203125,0,0
1779626751.928155,-0.01171875,0.0,-0.6640625,-0.01953125,0.03515625,0.033203125,0,0
1779626751.936197,-0.01171875,0.0,-0.6640625,-0.02734375,0.05078125,0.033203125,0,0
1779626751.944168,-0.021484375,0.0,-0.68359375,-0.02734375,0.05078125,0.033203125,0,0
1779626751.952127,-0.021484375,0.0,-0.68359375,-0.03125,0.04296875,0.033203125,0,0
1779626751.960121,-0.0390625,0.0,-0.68359375,-0.03125,0.04296875,0.033203125,0,0
1779626751.968117,-0.0390625,0.0,-0.68359375,-0.02734375,0.025390625,0.033203125,0,0
1779626751.976128,-0.068359375,0.0,-0.68359375,-0.02734375,0.025390625,0.033203125,0,0
1779626751.984137,-0.068359375,0.0,-0.68359375,-0.033203125,0.025390625,0.033203125,0,0
1779626751.992147,-0.083984375,0.0,-0.68359375,-0.033203125,0.025390625,0.033203125,0,0
1779626752.000177,-0.083984375,0.0,-0.68359375,-0.044921875,0.025390625,0.033203125,0,0
1779626752.008167,-0.08203125,0.0,-0.68359375,-0.044921875,0.025390625,0.033203125,0,0
1779626752.016196,-0.08203125,0.0,-0.68359375,-0.04296875,0.025390625,0.033203125,0,0
1779626752.024174,-0.07421875,0.0,-0.65625,-0.04296875,0.025390625,0.033203125,0,0
1779626752.032144,-0.07421875,0.0,-0.65625,-0.0234375,0.025390625,0.033203125,0,0
1779626752.040126,-0.044921875,0.0,-0.611328125,-0.0234375,0.025390625,0.033203125,0,0
1779626752.048200,-0.044921875,0.0,-0.611328125,-0.009765625,0.0,0.033203125,0,0
1779626752.056122,-0.013671875,0.0,-0.615234375,-0.009765625,0.0,0.033203125,0,0
1779626752.064150,-0.013671875,0.0,-0.615234375,-0.02734375,0.03515625,0.033203125,0,0
1779626752.072200,-0.005859375,0.0,-0.65234375,-0.02734375,0.03515625,0.033203125,0,0
1779626752.080145,-0.005859375,0.0,-0.65234375,-0.0546875,0.052734375,0.033203125,0,0
1779626752.088165,-0.0234375,0.0,-0.662109375,-0.0546875,0.052734375,0.033203125,0,0
1779626752.096156,-0.0234375,0.0,-0.662109375,-0.064453125,0.03515625,0.033203125,0,0
1779626752.104174,-0.05859375,0.0,-0.66796875,-0.064453125,0.03515625,0.033203125,0,0
1779626752.112141,-0.05859375,0.0,-0.66796875,-0.05859375,0.03515625,0.033203125,0,0
1779626752.120175,-0.083984375,0.0,-0.677734375,-0.05859375,0.03515625,0.033203125,0,0
1779626752.128122,-0.083984375,0.0,-0.677734375,-0.05078125,0.03515625,0.033203125,0,0
1779626752.136185,-0.087890625,0.0,-0.673828125,-0.05078125,0.03515625,0.033203125,0,0
1779626752.144151,-0.087890625,0.0,-0.673828125,-0.029296875,0.03515625,0.033203125,0,0
1779626752.152092,-0.0703125,0.0,-0.638671875,-0.029296875,0.03515625,0.033203125,0,0
1779626752.160177,-0.0703125,0.0,-0.638671875,-0.009765625,0.03515625,0.033203125,0,0
1779626752.168153,-0.03125,0.0,-0.607421875,-0.009765625,0.03515625,0.033203125,0,0
1779626752.176112,-0.03125,0.0,-0.607421875,-0.009765625,0.013671875,0.033203125,0,0
1779626752.184206,-0.005859375,0.0,-0.60546875,-0.009765625,0.013671875,0.033203125,0,0
1779626752.192102,-0.005859375,0.0,-0.60546875,-0.015625,0.04296875,0.033203125,0,0
1779626752.200174,-0.005859375,0.0,-0.638671875,-0.015625,0.04296875,0.033203125,0,0
1779626752.208135,-0.005859375,0.0,-0.638671875,-0.0390625,0.056640625,0.033203125,0,0
1779626752.216147,-0.01953125,0.0,-0.646484375,-0.0390625,0.056640625,0.033203125,0,0
1779626752.224128,-0.01953125,0.0,-0.646484375,-0.037109375,0.033203125,0.033203125,0,0
1779626752.232142,-0.05859375,0.0,-0.666015625,-0.037109375,0.033203125,0.033203125,0,0
1779626752.240181,-0.05859375,0.0,-0.666015625,-0.01953125,0.033203125,0.033203125,0,0
1779626752.248179,-0.083984375,0.0,-0.677734375,-0.01953125,0.033203125,0.033203125,0,0
1779626752.256133,-0.083984375,0.0,-0.677734375,-0.00390625,0.033203125,0.033203125,0,0
1779626752.264188,-0.091796875,0.0,-0.677734375,-0.00390625,0.033203125,0.033203125,0,0
1779626752.280149,-0.0703125,0.0,-0.654296875,-0.00390625,0.033203125,0.033203125,0,0
1779626752.296164,-0.033203125,0.0,-0.63671875,-0.00390625,0.033203125,0.033203125,0,0
1779626752.304157,-0.033203125,0.0,-0.63671875,-0.00390625,0.01171875,0.033203125,0,0
1779626752.312151,-0.015625,0.0,-0.642578125,-0.00390625,0.01171875,0.033203125,0,0
1779626752.320184,-0.015625,0.0,-0.642578125,-0.00390625,0.037109375,0.033203125,0,0
1779626752.328167,-0.013671875,0.0,-0.642578125,-0.00390625,0.037109375,0.033203125,0,0
1779626752.336210,-0.013671875,0.0,-0.642578125,-0.00390625,0.04296875,0.033203125,0,0
1779626752.344193,-0.029296875,0.0,-0.638671875,-0.00390625,0.04296875,0.033203125,0,0
1779626752.352206,-0.029296875,0.0,-0.638671875,-0.00390625,0.025390625,0.033203125,0,0
1779626752.360215,-0.046875,0.0,-0.638671875,-0.00390625,0.025390625,0.033203125,0,0
1779626752.368165,-0.046875,0.0,-0.638671875,-0.00390625,0.00390625,0.033203125,0,0
1779626752.376134,-0.056640625,0.0,-0.640625,-0.00390625,0.00390625,0.033203125,0,0
1779626752.392148,-0.056640625,0.0,-0.64453125,-0.00390625,0.00390625,0.033203125,0,0
1779626752.408195,-0.056640625,0.0,-0.662109375,-0.00390625,0.00390625,0.033203125,0,0
1779626752.424196,-0.05078125,0.0,-0.66015625,-0.00390625,0.00390625,0.033203125,0,0
1779626752.432215,-0.05078125,0.0,-0.66015625,-0.00390625,0.0,0.033203125,0,0
1779626752.440177,-0.0546875,0.0,-0.65625,-0.00390625,0.0,0.033203125,0,0
1779626752.456187,-0.0546875,0.0,-0.64453125,-0.00390625,0.0,0.033203125,0,0
1779626752.472158,-0.044921875,0.0,-0.5390625,-0.00390625,0.0,0.033203125,0,0
1779626752.480161,-0.044921875,0.0,-0.5390625,0.005859375,0.0,0.033203125,0,0
1779626752.488152,-0.02734375,0.0,-0.2265625,0.005859375,0.0,0.033203125,0,0
1779626752.496237,-0.02734375,0.0,-0.2265625,0.052734375,0.0,0.033203125,0,0
1779626752.504194,-0.02734375,-0.03515625,-0.2265625,0.052734375,0.0,0.033203125,0,0
1779626752.512156,-0.02734375,-0.03515625,-0.2265625,0.052734375,-0.017578125,0.033203125,0,0
1779626752.520083,-0.02734375,-0.03515625,-0.013671875,0.052734375,-0.017578125,0.033203125,0,0
1779626752.528117,-0.02734375,-0.03515625,-0.013671875,-0.01171875,0.017578125,0.033203125,0,0
1779626752.552153,-0.02734375,0.005859375,-0.013671875,-0.01171875,0.017578125,0.033203125,0,0
1779626752.560208,-0.02734375,0.005859375,-0.013671875,-0.005859375,0.017578125,0.033203125,0,0
1779626752.590164,0.0,0.0,0.0,0.0,0.0,0.0,0,0
1779626752.621120,0.0,0.0,0.0,0.0,0.0,0.0,0,0
1779626752.652119,0.0,0.0,0.0,0.0,0.0,0.0,0,0
1779626752.683167,0.0,0.0,0.0,0.0,0.0,0.0,0,0
1779626752.714166,0.0,0.0,0.0,0.0,0.0,0.0,0,0
1779626752.745128,0.0,0.0,0.0,0.0,0.0,0.0,0,0
1779626752.776117,0.0,0.0,0.0,0.0,0.0,0.0,0,0
1779626752.807181,0.0,0.0,0.0,0.0,0.0,0.0,0,0
1779626752.838171,0.0,0.0,0.0,0.0,0.0,0.0,0,0
1779626752.869155,0.0,0.0,0.0,0.0,0.0,0.0,0,0
1779626752.900162,0.0,0.0,0.0,0.0,0.0,0.0,0,0
1779626752.931181,0.0,0.0,0.0,0.0,0.0,0.0,0,0
1779626752.962175,0.0,0.0,0.0,0.0,0.0,0.0,0,0
1779626752.993147,0.0,0.0,0.0,0.0,0.0,0.0,0,0
1779626753.024131,0.0,0.0,0.0,0.0,0.0,0.0,0,0
1779626753.055182,0.0,0.0,0.0,0.0,0.0,0.0,0,0
1779626753.086154,0.0,0.0,0.0,0.0,0.0,0.0,0,0
1779626753.117131,0.0,0.0,0.0,0.0,0.0,0.0,0,0
1779626753.148130,0.0,0.0,0.0,0.0,0.0,0.0,0,0
1779626753.179102,0.0,0.0,0.0,0.0,0.0,0.0,0,0
1779626753.210113,0.0,0.0,0.0,0.0,0.0,0.0,0,0
1779626753.241139,0.0,0.0,0.0,0.0,0.0,0.0,0,0
1779626753.272152,0.0,0.0,0.0,0.0,0.0,0.0,0,0
1779626753.303152,0.0,0.0,0.0,0.0,0.0,0.0,0,0
1779626753.334140,0.0,0.0,0.0,0.0,0.0,0.0,0,0
1779626753.365179,0.0,0.0,0.0,0.0,0.0,0.0,0,0
1779626753.396134,0.0,0.0,0.0,0.0,0.0,0.0,0,0
1779626753.427148,0.0,0.0,0.0,0.0,0.0,0.0,0,0
1779626753.458117,0.0,0.0,0.0,0.0,0.0,0.0,0,0
1779626753.489133,0.0,0.0,0.0,0.0,0.0,0.0,0,0
1779626753.520126,0.0,0.0,0.0,0.0,0.0,0.0,0,0
1779626753.551151,0.0,0.0,0.0,0.0,0.0,0.0,0,0
1779626753.582173,0.0,0.0,0.0,0.0,0.0,0.0,0,0
1779626753.608157,-0.02734375,-0.0390625,-0.013671875,-0.005859375,0.017578125,0.033203125,0,0
1779626753.624161,-0.02734375,-0.0390625,0.00390625,-0.005859375,0.017578125,0.033203125,0,0
1779626753.632174,-0.02734375,-0.0390625,0.00390625,0.033203125,0.017578125,0.033203125,0,0
1779626753.640204,-0.02734375,-0.0390625,0.0234375,0.033203125,0.017578125,0.033203125,0,0
1779626753.648169,-0.02734375,-0.0390625,0.0234375,0.0625,0.017578125,0.033203125,0,0
1779626753.656157,-0.02734375,-0.0390625,0.05078125,0.0625,0.017578125,0.033203125,0,0
1779626753.664129,-0.02734375,-0.0390625,0.05078125,0.08984375,0.017578125,-0.005859375,0,0
1779626753.672210,-0.02734375,-0.0390625,0.08984375,0.08984375,0.017578125,-0.005859375,0,0
1779626753.680168,-0.02734375,-0.0390625,0.08984375,0.126953125,0.017578125,-0.017578125,0,0
1779626753.688183,0.0078125,-0.0390625,0.140625,0.126953125,0.017578125,-0.017578125,0,0
1779626753.696181,0.0078125,-0.0390625,0.140625,0.150390625,0.017578125,-0.03125,0,0
1779626753.704160,0.01953125,-0.005859375,0.203125,0.150390625,0.017578125,-0.03125,0,0
1779626753.712133,0.01953125,-0.005859375,0.203125,0.166015625,0.017578125,-0.05078125,0,0
1779626753.720120,0.0234375,-0.005859375,0.263671875,0.166015625,0.017578125,-0.05078125,0,0
1779626753.728182,0.0234375,-0.005859375,0.263671875,0.158203125,0.017578125,-0.06640625,0,0
1779626753.736149,0.015625,-0.005859375,0.28125,0.158203125,0.017578125,-0.06640625,0,0
1779626753.744236,0.015625,-0.005859375,0.28125,0.138671875,0.017578125,-0.072265625,0,0
1779626753.752141,0.015625,-0.005859375,0.2890625,0.138671875,0.017578125,-0.072265625,0,0
1779626753.760134,0.015625,-0.005859375,0.2890625,0.11328125,0.017578125,-0.072265625,0,0
1779626753.768126,0.015625,-0.005859375,0.283203125,0.11328125,0.017578125,-0.072265625,0,0
1779626753.776146,0.015625,-0.005859375,0.283203125,0.091796875,0.017578125,-0.068359375,0,0
1779626753.784154,0.0,-0.005859375,0.26953125,0.091796875,0.017578125,-0.068359375,0,0
1779626753.792147,0.0,-0.005859375,0.26953125,0.078125,0.017578125,-0.060546875,0,0
1779626753.800226,0.0,-0.005859375,0.236328125,0.078125,0.017578125,-0.060546875,0,0
1779626753.808159,0.0,-0.005859375,0.236328125,0.068359375,0.017578125,-0.052734375,0,0
1779626753.817152,0.0,-0.005859375,0.208984375,0.068359375,0.017578125,-0.052734375,0,0
1779626753.824100,0.0,-0.005859375,0.208984375,0.064453125,0.017578125,-0.046875,0,0
1779626753.832197,0.0,-0.005859375,0.1796875,0.064453125,0.017578125,-0.046875,0,0
1779626753.840191,0.0,-0.005859375,0.1796875,0.060546875,0.017578125,-0.0390625,0,0
1779626753.848213,0.0,-0.01171875,0.1328125,0.060546875,0.017578125,-0.0390625,0,0
1779626753.856118,0.0,-0.01171875,0.1328125,0.064453125,0.017578125,-0.015625,0,0
1779626753.864208,0.0,-0.013671875,0.08203125,0.064453125,0.017578125,-0.015625,0,0
1779626753.872182,0.0,-0.013671875,0.08203125,0.0703125,0.017578125,-0.015625,0,0
1779626753.880161,0.0,-0.009765625,0.041015625,0.0703125,0.017578125,-0.015625,0,0
1779626753.888151,0.0,-0.009765625,0.041015625,0.07421875,0.017578125,-0.015625,0,0
1779626753.896136,0.0,-0.009765625,0.017578125,0.07421875,0.017578125,-0.015625,0,0
1779626753.904163,0.0,-0.009765625,0.017578125,0.0703125,0.017578125,-0.015625,0,0
1779626753.934193,0.0,0.0,0.0,0.0,0.0,0.0,0,0
1779626753.965111,0.0,0.0,0.0,0.0,0.0,0.0,0,0
1779626753.996149,0.0,0.0,0.0,0.0,0.0,0.0,0,0
1779626754.027216,0.0,0.0,0.0,0.0,0.0,0.0,0,0
1779626754.058113,0.0,0.0,0.0,0.0,0.0,0.0,0,0
1779626754.089152,0.0,0.0,0.0,0.0,0.0,0.0,0,0
1779626754.120074,0.0,0.0,0.0,0.0,0.0,0.0,0,0
1779626754.151142,0.0,0.0,0.0,0.0,0.0,0.0,0,0
1779626754.182174,0.0,0.0,0.0,0.0,0.0,0.0,0,0
1779626754.213151,0.0,0.0,0.0,0.0,0.0,0.0,0,0
1779626754.244072,0.0,0.0,0.0,0.0,0.0,0.0,0,0
1779626754.275137,0.0,0.0,0.0,0.0,0.0,0.0,0,0
1779626754.306075,0.0,0.0,0.0,0.0,0.0,0.0,0,0
1779626754.337112,0.0,0.0,0.0,0.0,0.0,0.0,0,0
1779626754.368132,0.0,0.0,0.0,0.0,0.0,0.0,0,0
1779626754.399093,0.0,0.0,0.0,0.0,0.0,0.0,0,0
1779626754.430166,0.0,0.0,0.0,0.0,0.0,0.0,0,0
1779626754.461133,0.0,0.0,0.0,0.0,0.0,0.0,0,0
1779626754.492163,0.0,0.0,0.0,0.0,0.0,0.0,0,0
1779626754.523303,0.0,0.0,0.0,0.0,0.0,0.0,0,0
1779626754.554171,0.0,0.0,0.0,0.0,0.0,0.0,0,0
1779626754.585154,0.0,0.0,0.0,0.0,0.0,0.0,0,0
1779626754.616164,0.0,0.0,0.0,0.0,0.0,0.0,0,0
1779626754.647152,0.0,0.0,0.0,0.0,0.0,0.0,0,0
1779626754.678163,0.0,0.0,0.0,0.0,0.0,0.0,0,0
1779626754.709204,0.0,0.0,0.0,0.0,0.0,0.0,0,0
1779626754.740162,0.0,0.0,0.0,0.0,0.0,0.0,0,0
1779626754.771185,0.0,0.0,0.0,0.0,0.0,0.0,0,0
1779626754.802165,0.0,0.0,0.0,0.0,0.0,0.0,0,0
1779626754.833162,0.0,0.0,0.0,0.0,0.0,0.0,0,0
1779626754.864125,0.0,0.0,0.0,0.0,0.0,0.0,0,0
1779626754.895164,0.0,0.0,0.0,0.0,0.0,0.0,0,0
1779626754.926146,0.0,0.0,0.0,0.0,0.0,0.0,0,0
1779626754.957149,0.0,0.0,0.0,0.0,0.0,0.0,0,0
1779626754.988168,0.0,0.0,0.0,0.0,0.0,0.0,0,0
1779626755.019131,0.0,0.0,0.0,0.0,0.0,0.0,0,0
1779626755.050188,0.0,0.0,0.0,0.0,0.0,0.0,0,0
1779626755.081175,0.0,0.0,0.0,0.0,0.0,0.0,0,0
1779626755.112123,0.0,0.0,0.0,0.0,0.0,0.0,0,0
1779626755.143144,0.0,0.0,0.0,0.0,0.0,0.0,0,0
1779626755.174157,0.0,0.0,0.0,0.0,0.0,0.0,0,0
1779626755.205122,0.0,0.0,0.0,0.0,0.0,0.0,0,0
1779626755.236168,0.0,0.0,0.0,0.0,0.0,0.0,0,0
1779626755.267164,0.0,0.0,0.0,0.0,0.0,0.0,0,0
1779626755.298174,0.0,0.0,0.0,0.0,0.0,0.0,0,0
1779626755.329147,0.0,0.0,0.0,0.0,0.0,0.0,0,0
1779626755.360173,0.0,0.0,0.0,0.0,0.0,0.0,0,0
1779626755.391167,0.0,0.0,0.0,0.0,0.0,0.0,0,0
1779626755.422194,0.0,0.0,0.0,0.0,0.0,0.0,0,0
1779626755.453094,0.0,0.0,0.0,0.0,0.0,0.0,0,0
1779626755.484166,0.0,0.0,0.0,0.0,0.0,0.0,0,0
1779626755.515142,0.0,0.0,0.0,0.0,0.0,0.0,0,0
1779626755.546112,0.0,0.0,0.0,0.0,0.0,0.0,0,0
1779626755.577163,0.0,0.0,0.0,0.0,0.0,0.0,0,0
1779626755.608161,0.0,0.0,0.0,0.0,0.0,0.0,0,0
1779626755.639161,0.0,0.0,0.0,0.0,0.0,0.0,0,0
1779626755.670153,0.0,0.0,0.0,0.0,0.0,0.0,0,0
1779626755.701136,0.0,0.0,0.0,0.0,0.0,0.0,0,0
1779626755.732105,0.0,0.0,0.0,0.0,0.0,0.0,0,0
1779626755.763175,0.0,0.0,0.0,0.0,0.0,0.0,0,0
1779626755.794128,0.0,0.0,0.0,0.0,0.0,0.0,0,0
1779626755.825099,0.0,0.0,0.0,0.0,0.0,0.0,0,0
1779626755.856173,0.0,0.0,0.0,0.0,0.0,0.0,0,0
1779626755.887154,0.0,0.0,0.0,0.0,0.0,0.0,0,0
1779626755.918171,0.0,0.0,0.0,0.0,0.0,0.0,0,0
1779626755.949193,0.0,0.0,0.0,0.0,0.0,0.0,0,0
1779626755.980201,0.0,0.0,0.0,0.0,0.0,0.0,0,0
1779626756.011163,0.0,0.0,0.0,0.0,0.0,0.0,0,0
1779626756.042196,0.0,0.0,0.0,0.0,0.0,0.0,0,0
1779626756.073238,0.0,0.0,0.0,0.0,0.0,0.0,0,0
1779626756.104185,0.0,0.0,0.0,0.0,0.0,0.0,0,0
1779626756.135168,0.0,0.0,0.0,0.0,0.0,0.0,0,0
1779626756.166145,0.0,0.0,0.0,0.0,0.0,0.0,0,0
1779626756.197119,0.0,0.0,0.0,0.0,0.0,0.0,0,0
1779626756.228099,0.0,0.0,0.0,0.0,0.0,0.0,0,0
1779626756.259147,0.0,0.0,0.0,0.0,0.0,0.0,0,0
1779626756.290139,0.0,0.0,0.0,0.0,0.0,0.0,0,0
1779626756.321162,0.0,0.0,0.0,0.0,0.0,0.0,0,0
1779626756.352161,0.0,0.0,0.0,0.0,0.0,0.0,0,0
1779626756.383172,0.0,0.0,0.0,0.0,0.0,0.0,0,0
1779626756.414138,0.0,0.0,0.0,0.0,0.0,0.0,0,0
1779626756.445119,0.0,0.0,0.0,0.0,0.0,0.0,0,0
1779626756.476187,0.0,0.0,0.0,0.0,0.0,0.0,0,0
1779626756.507124,0.0,0.0,0.0,0.0,0.0,0.0,0,0
1779626756.538176,0.0,0.0,0.0,0.0,0.0,0.0,0,0
1779626756.569171,0.0,0.0,0.0,0.0,0.0,0.0,0,0
1779626756.600135,0.0,0.0,0.0,0.0,0.0,0.0,0,0
1779626756.631176,0.0,0.0,0.0,0.0,0.0,0.0,0,0
1779626756.662162,0.0,0.0,0.0,0.0,0.0,0.0,0,0
1779626756.693133,0.0,0.0,0.0,0.0,0.0,0.0,0,0
1779626756.724162,0.0,0.0,0.0,0.0,0.0,0.0,0,0
1779626756.755140,0.0,0.0,0.0,0.0,0.0,0.0,0,0
1779626756.786160,0.0,0.0,0.0,0.0,0.0,0.0,0,0
1779626756.817150,0.0,0.0,0.0,0.0,0.0,0.0,0,0
1779626756.848161,0.0,0.0,0.0,0.0,0.0,0.0,0,0
1779626756.879150,0.0,0.0,0.0,0.0,0.0,0.0,0,0
1779626756.910103,0.0,0.0,0.0,0.0,0.0,0.0,0,0
1779626756.941170,0.0,0.0,0.0,0.0,0.0,0.0,0,0
1779626756.972169,0.0,0.0,0.0,0.0,0.0,0.0,0,0
1779626757.003103,0.0,0.0,0.0,0.0,0.0,0.0,0,0
1779626757.034126,0.0,0.0,0.0,0.0,0.0,0.0,0,0
1779626757.065146,0.0,0.0,0.0,0.0,0.0,0.0,0,0
1779626757.096158,0.0,0.0,0.0,0.0,0.0,0.0,0,0
1779626757.127143,0.0,0.0,0.0,0.0,0.0,0.0,0,0
1779626757.158158,0.0,0.0,0.0,0.0,0.0,0.0,0,0
1779626757.189147,0.0,0.0,0.0,0.0,0.0,0.0,0,0
1779626757.220136,0.0,0.0,0.0,0.0,0.0,0.0,0,0
1779626757.251226,0.0,0.0,0.0,0.0,0.0,0.0,0,0
1779626757.282128,0.0,0.0,0.0,0.0,0.0,0.0,0,0
1779626757.313133,0.0,0.0,0.0,0.0,0.0,0.0,0,0
1779626757.344163,0.0,0.0,0.0,0.0,0.0,0.0,0,0
1779626757.375191,0.0,0.0,0.0,0.0,0.0,0.0,0,0
1779626757.406198,0.0,0.0,0.0,0.0,0.0,0.0,0,0
1779626757.437183,0.0,0.0,0.0,0.0,0.0,0.0,0,0
1779626757.468132,0.0,0.0,0.0,0.0,0.0,0.0,0,0
1779626757.499141,0.0,0.0,0.0,0.0,0.0,0.0,0,0
1779626757.530178,0.0,0.0,0.0,0.0,0.0,0.0,0,0
1779626757.561198,0.0,0.0,0.0,0.0,0.0,0.0,0,0
1779626757.592184,0.0,0.0,0.0,0.0,0.0,0.0,0,0
1779626757.623101,0.0,0.0,0.0,0.0,0.0,0.0,0,0
1779626757.654203,0.0,0.0,0.0,0.0,0.0,0.0,0,0
1779626757.685211,0.0,0.0,0.0,0.0,0.0,0.0,0,0
1779626757.716179,0.0,0.0,0.0,0.0,0.0,0.0,0,0
1779626757.747173,0.0,0.0,0.0,0.0,0.0,0.0,0,0
1779626757.778157,0.0,0.0,0.0,0.0,0.0,0.0,0,0
1779626757.809125,0.0,0.0,0.0,0.0,0.0,0.0,0,0
1779626757.840187,0.0,0.0,0.0,0.0,0.0,0.0,0,0
1779626757.871143,0.0,0.0,0.0,0.0,0.0,0.0,0,0
1779626757.902147,0.0,0.0,0.0,0.0,0.0,0.0,0,0
1779626757.933134,0.0,0.0,0.0,0.0,0.0,0.0,0,0
1779626757.964150,0.0,0.0,0.0,0.0,0.0,0.0,0,0
1779626757.995197,0.0,0.0,0.0,0.0,0.0,0.0,0,0
1779626758.026160,0.0,0.0,0.0,0.0,0.0,0.0,0,0
1779626758.057146,0.0,0.0,0.0,0.0,0.0,0.0,0,0
1779626758.088168,0.0,0.0,0.0,0.0,0.0,0.0,0,0
1779626758.119577,0.0,0.0,0.0,0.0,0.0,0.0,0,0
1779626758.150176,0.0,0.0,0.0,0.0,0.0,0.0,0,0
1779626758.181117,0.0,0.0,0.0,0.0,0.0,0.0,0,0
1779626758.212168,0.0,0.0,0.0,0.0,0.0,0.0,0,0
1779626758.243176,0.0,0.0,0.0,0.0,0.0,0.0,0,0
1779626758.274137,0.0,0.0,0.0,0.0,0.0,0.0,0,0
1779626758.305172,0.0,0.0,0.0,0.0,0.0,0.0,0,0
1779626758.336236,0.0,0.0,0.0,0.0,0.0,0.0,0,0
1779626758.367163,0.0,0.0,0.0,0.0,0.0,0.0,0,0
1779626758.398169,0.0,0.0,0.0,0.0,0.0,0.0,0,0
1779626758.429163,0.0,0.0,0.0,0.0,0.0,0.0,0,0
1779626758.460153,0.0,0.0,0.0,0.0,0.0,0.0,0,0
1779626758.491182,0.0,0.0,0.0,0.0,0.0,0.0,0,0
1779626758.522312,0.0,0.0,0.0,0.0,0.0,0.0,0,0
1779626758.553158,0.0,0.0,0.0,0.0,0.0,0.0,0,0
1779626758.584173,0.0,0.0,0.0,0.0,0.0,0.0,0,0
1779626758.615162,0.0,0.0,0.0,0.0,0.0,0.0,0,0
1779626758.646162,0.0,0.0,0.0,0.0,0.0,0.0,0,0
1779626758.677213,0.0,0.0,0.0,0.0,0.0,0.0,0,0
1779626758.708180,0.0,0.0,0.0,0.0,0.0,0.0,0,0
1779626758.739204,0.0,0.0,0.0,0.0,0.0,0.0,0,0
1779626758.770175,0.0,0.0,0.0,0.0,0.0,0.0,0,0
1779626758.801130,0.0,0.0,0.0,0.0,0.0,0.0,0,0
1779626758.832211,0.0,0.0,0.0,0.0,0.0,0.0,0,0
1779626758.863117,0.0,0.0,0.0,0.0,0.0,0.0,0,0
1779626758.894211,0.0,0.0,0.0,0.0,0.0,0.0,0,0
1779626758.925210,0.0,0.0,0.0,0.0,0.0,0.0,0,0
1779626758.956169,0.0,0.0,0.0,0.0,0.0,0.0,0,0
1779626758.987148,0.0,0.0,0.0,0.0,0.0,0.0,0,0
1779626759.018263,0.0,0.0,0.0,0.0,0.0,0.0,0,0
1779626759.049136,0.0,0.0,0.0,0.0,0.0,0.0,0,0
1779626759.080190,0.0,0.0,0.0,0.0,0.0,0.0,0,0
1779626759.111189,0.0,0.0,0.0,0.0,0.0,0.0,0,0
1779626759.142169,0.0,0.0,0.0,0.0,0.0,0.0,0,0
1779626759.173158,0.0,0.0,0.0,0.0,0.0,0.0,0,0
1779626759.204156,0.0,0.0,0.0,0.0,0.0,0.0,0,0
1779626759.235122,0.0,0.0,0.0,0.0,0.0,0.0,0,0
1779626759.266160,0.0,0.0,0.0,0.0,0.0,0.0,0,0
1779626759.297141,0.0,0.0,0.0,0.0,0.0,0.0,0,0
1779626759.328115,0.0,0.0,0.0,0.0,0.0,0.0,0,0
1779626759.359129,0.0,0.0,0.0,0.0,0.0,0.0,0,0
1779626759.390178,0.0,0.0,0.0,0.0,0.0,0.0,0,0
1779626759.421174,0.0,0.0,0.0,0.0,0.0,0.0,0,0
1779626759.452265,0.0,0.0,0.0,0.0,0.0,0.0,0,0
1779626759.483194,0.0,0.0,0.0,0.0,0.0,0.0,0,0
1779626759.514109,0.0,0.0,0.0,0.0,0.0,0.0,0,0
1779626759.545115,0.0,0.0,0.0,0.0,0.0,0.0,0,0
1779626759.576172,0.0,0.0,0.0,0.0,0.0,0.0,0,0
1779626759.607234,0.0,0.0,0.0,0.0,0.0,0.0,0,0
1779626759.638175,0.0,0.0,0.0,0.0,0.0,0.0,0,0
1779626759.669164,0.0,0.0,0.0,0.0,0.0,0.0,0,0
1779626759.700184,0.0,0.0,0.0,0.0,0.0,0.0,0,0
1779626759.731153,0.0,0.0,0.0,0.0,0.0,0.0,0,0
1779626759.762145,0.0,0.0,0.0,0.0,0.0,0.0,0,0
1779626759.793199,0.0,0.0,0.0,0.0,0.0,0.0,0,0
1779626759.824146,0.0,0.0,0.0,0.0,0.0,0.0,0,0
1779626759.855117,0.0,0.0,0.0,0.0,0.0,0.0,0,0
1779626759.886114,0.0,0.0,0.0,0.0,0.0,0.0,0,0
1779626759.917097,0.0,0.0,0.0,0.0,0.0,0.0,0,0
1779626759.948139,0.0,0.0,0.0,0.0,0.0,0.0,0,0
1779626759.979184,0.0,0.0,0.0,0.0,0.0,0.0,0,0
1779626760.010158,0.0,0.0,0.0,0.0,0.0,0.0,0,0
1779626760.041151,0.0,0.0,0.0,0.0,0.0,0.0,0,0
1779626760.072159,0.0,0.0,0.0,0.0,0.0,0.0,0,0
1779626760.103154,0.0,0.0,0.0,0.0,0.0,0.0,0,0
1779626760.134162,0.0,0.0,0.0,0.0,0.0,0.0,0,0
1779626760.165094,0.0,0.0,0.0,0.0,0.0,0.0,0,0
1779626760.196202,0.0,0.0,0.0,0.0,0.0,0.0,0,0
1779626760.227177,0.0,0.0,0.0,0.0,0.0,0.0,0,0
1779626760.258160,0.0,0.0,0.0,0.0,0.0,0.0,0,0
1779626760.289169,0.0,0.0,0.0,0.0,0.0,0.0,0,0
1779626760.320130,0.0,0.0,0.0,0.0,0.0,0.0,0,0
1779626760.351187,0.0,0.0,0.0,0.0,0.0,0.0,0,0
1779626760.382144,0.0,0.0,0.0,0.0,0.0,0.0,0,0
1779626760.413164,0.0,0.0,0.0,0.0,0.0,0.0,0,0
1779626760.444134,0.0,0.0,0.0,0.0,0.0,0.0,0,0
1779626760.475088,0.0,0.0,0.0,0.0,0.0,0.0,0,0
1779626760.506099,0.0,0.0,0.0,0.0,0.0,0.0,0,0
1779626760.537150,0.0,0.0,0.0,0.0,0.0,0.0,0,0
1779626760.568226,0.0,0.0,0.0,0.0,0.0,0.0,0,0
1779626760.599149,0.0,0.0,0.0,0.0,0.0,0.0,0,0
1779626760.630156,0.0,0.0,0.0,0.0,0.0,0.0,0,0
1779626760.661162,0.0,0.0,0.0,0.0,0.0,0.0,0,0
1779626760.692165,0.0,0.0,0.0,0.0,0.0,0.0,0,0
1779626760.723190,0.0,0.0,0.0,0.0,0.0,0.0,0,0
1779626760.754216,0.0,0.0,0.0,0.0,0.0,0.0,0,0
1779626760.785127,0.0,0.0,0.0,0.0,0.0,0.0,0,0
1779626760.816176,0.0,0.0,0.0,0.0,0.0,0.0,0,0
1779626760.847141,0.0,0.0,0.0,0.0,0.0,0.0,0,0
1779626760.878194,0.0,0.0,0.0,0.0,0.0,0.0,0,0
1779626760.909116,0.0,0.0,0.0,0.0,0.0,0.0,0,0
1779626760.940187,0.0,0.0,0.0,0.0,0.0,0.0,0,0
1779626760.971158,0.0,0.0,0.0,0.0,0.0,0.0,0,0
1779626761.002133,0.0,0.0,0.0,0.0,0.0,0.0,0,0
1779626761.033123,0.0,0.0,0.0,0.0,0.0,0.0,0,0
1779626761.064209,0.0,0.0,0.0,0.0,0.0,0.0,0,0
1779626761.095109,0.0,0.0,0.0,0.0,0.0,0.0,0,0
1779626761.126161,0.0,0.0,0.0,0.0,0.0,0.0,0,0
1779626761.157108,0.0,0.0,0.0,0.0,0.0,0.0,0,0
1779626761.188177,0.0,0.0,0.0,0.0,0.0,0.0,0,0
1779626761.219138,0.0,0.0,0.0,0.0,0.0,0.0,0,0
1779626761.250134,0.0,0.0,0.0,0.0,0.0,0.0,0,0
1779626761.281205,0.0,0.0,0.0,0.0,0.0,0.0,0,0
1779626761.312140,0.0,0.0,0.0,0.0,0.0,0.0,0,0
1779626761.343175,0.0,0.0,0.0,0.0,0.0,0.0,0,0
1779626761.374153,0.0,0.0,0.0,0.0,0.0,0.0,0,0
1779626761.405163,0.0,0.0,0.0,0.0,0.0,0.0,0,0
1779626761.436182,0.0,0.0,0.0,0.0,0.0,0.0,0,0
1779626761.467133,0.0,0.0,0.0,0.0,0.0,0.0,0,0
1779626761.498145,0.0,0.0,0.0,0.0,0.0,0.0,0,0
1779626761.529168,0.0,0.0,0.0,0.0,0.0,0.0,0,0
1779626761.560191,0.0,0.0,0.0,0.0,0.0,0.0,0,0
1779626761.591142,0.0,0.0,0.0,0.0,0.0,0.0,0,0
1779626761.622152,0.0,0.0,0.0,0.0,0.0,0.0,0,0
1779626761.653124,0.0,0.0,0.0,0.0,0.0,0.0,0,0
1779626761.684188,0.0,0.0,0.0,0.0,0.0,0.0,0,0
1779626761.715203,0.0,0.0,0.0,0.0,0.0,0.0,0,0
1779626761.746133,0.0,0.0,0.0,0.0,0.0,0.0,0,0
1779626761.777152,0.0,0.0,0.0,0.0,0.0,0.0,0,0
1779626761.808117,0.0,0.0,0.0,0.0,0.0,0.0,0,0
1779626761.839152,0.0,0.0,0.0,0.0,0.0,0.0,0,0
1779626761.870155,0.0,0.0,0.0,0.0,0.0,0.0,0,0
1779626761.901136,0.0,0.0,0.0,0.0,0.0,0.0,0,0
1779626761.932141,0.0,0.0,0.0,0.0,0.0,0.0,0,0
1779626761.963171,0.0,0.0,0.0,0.0,0.0,0.0,0,0
1779626761.994137,0.0,0.0,0.0,0.0,0.0,0.0,0,0
1779626762.025149,0.0,0.0,0.0,0.0,0.0,0.0,0,0
1779626762.056170,0.0,0.0,0.0,0.0,0.0,0.0,0,0
1779626762.087151,0.0,0.0,0.0,0.0,0.0,0.0,0,0
1779626762.118159,0.0,0.0,0.0,0.0,0.0,0.0,0,0
1779626762.149143,0.0,0.0,0.0,0.0,0.0,0.0,0,0
1779626762.180133,0.0,0.0,0.0,0.0,0.0,0.0,0,0
1779626762.211208,0.0,0.0,0.0,0.0,0.0,0.0,0,0
1779626762.242187,0.0,0.0,0.0,0.0,0.0,0.0,0,0
1779626762.273198,0.0,0.0,0.0,0.0,0.0,0.0,0,0
1779626762.304180,0.0,0.0,0.0,0.0,0.0,0.0,0,0
1779626762.335166,0.0,0.0,0.0,0.0,0.0,0.0,0,0
1779626762.366127,0.0,0.0,0.0,0.0,0.0,0.0,0,0
1779626762.397214,0.0,0.0,0.0,0.0,0.0,0.0,0,0
1779626762.428200,0.0,0.0,0.0,0.0,0.0,0.0,0,0
1779626762.459099,0.0,0.0,0.0,0.0,0.0,0.0,0,0
1779626762.490151,0.0,0.0,0.0,0.0,0.0,0.0,0,0
1779626762.521160,0.0,0.0,0.0,0.0,0.0,0.0,0,0
1779626762.552123,0.0,0.0,0.0,0.0,0.0,0.0,0,0
1779626762.583158,0.0,0.0,0.0,0.0,0.0,0.0,0,0
1779626762.614181,0.0,0.0,0.0,0.0,0.0,0.0,0,0
1779626762.645151,0.0,0.0,0.0,0.0,0.0,0.0,0,0
1779626762.676171,0.0,0.0,0.0,0.0,0.0,0.0,0,0
1779626762.707143,0.0,0.0,0.0,0.0,0.0,0.0,0,0
1779626762.738202,0.0,0.0,0.0,0.0,0.0,0.0,0,0
1779626762.769190,0.0,0.0,0.0,0.0,0.0,0.0,0,0
1779626762.800179,0.0,0.0,0.0,0.0,0.0,0.0,0,0
1779626762.831194,0.0,0.0,0.0,0.0,0.0,0.0,0,0
1779626762.862228,0.0,0.0,0.0,0.0,0.0,0.0,0,0
1779626762.893240,0.0,0.0,0.0,0.0,0.0,0.0,0,0
1779626762.924191,0.0,0.0,0.0,0.0,0.0,0.0,0,0
1779626762.955150,0.0,0.0,0.0,0.0,0.0,0.0,0,0
1779626762.986228,0.0,0.0,0.0,0.0,0.0,0.0,0,0
1779626763.017191,0.0,0.0,0.0,0.0,0.0,0.0,0,0
1779626763.048137,0.0,0.0,0.0,0.0,0.0,0.0,0,0
1779626763.079173,0.0,0.0,0.0,0.0,0.0,0.0,0,0
1779626763.110121,0.0,0.0,0.0,0.0,0.0,0.0,0,0
1779626763.141170,0.0,0.0,0.0,0.0,0.0,0.0,0,0
1779626763.172157,0.0,0.0,0.0,0.0,0.0,0.0,0,0
1779626763.203138,0.0,0.0,0.0,0.0,0.0,0.0,0,0
1779626763.234152,0.0,0.0,0.0,0.0,0.0,0.0,0,0
1779626763.265118,0.0,0.0,0.0,0.0,0.0,0.0,0,0
1779626763.296162,0.0,0.0,0.0,0.0,0.0,0.0,0,0
1779626763.327162,0.0,0.0,0.0,0.0,0.0,0.0,0,0
1779626763.358171,0.0,0.0,0.0,0.0,0.0,0.0,0,0
1779626763.389127,0.0,0.0,0.0,0.0,0.0,0.0,0,0
1779626763.420192,0.0,0.0,0.0,0.0,0.0,0.0,0,0
1779626763.451206,0.0,0.0,0.0,0.0,0.0,0.0,0,0
1779626763.482150,0.0,0.0,0.0,0.0,0.0,0.0,0,0
1779626763.513178,0.0,0.0,0.0,0.0,0.0,0.0,0,0
1779626763.544201,0.0,0.0,0.0,0.0,0.0,0.0,0,0
1779626763.575236,0.0,0.0,0.0,0.0,0.0,0.0,0,0
1779626763.606138,0.0,0.0,0.0,0.0,0.0,0.0,0,0
1779626763.637183,0.0,0.0,0.0,0.0,0.0,0.0,0,0
1779626763.668152,0.0,0.0,0.0,0.0,0.0,0.0,0,0
1779626763.699151,0.0,0.0,0.0,0.0,0.0,0.0,0,0
1779626763.730168,0.0,0.0,0.0,0.0,0.0,0.0,0,0
1779626763.761184,0.0,0.0,0.0,0.0,0.0,0.0,0,0
1779626763.792191,0.0,0.0,0.0,0.0,0.0,0.0,0,0
1779626763.823304,0.0,0.0,0.0,0.0,0.0,0.0,0,0
1779626763.854179,0.0,0.0,0.0,0.0,0.0,0.0,0,0
1779626763.885194,0.0,0.0,0.0,0.0,0.0,0.0,0,0
1779626763.916164,0.0,0.0,0.0,0.0,0.0,0.0,0,0
1779626763.947167,0.0,0.0,0.0,0.0,0.0,0.0,0,0
1779626763.978154,0.0,0.0,0.0,0.0,0.0,0.0,0,0
1779626764.009123,0.0,0.0,0.0,0.0,0.0,0.0,0,0
1779626764.040156,0.0,0.0,0.0,0.0,0.0,0.0,0,0
1779626764.071112,0.0,0.0,0.0,0.0,0.0,0.0,0,0
1779626764.102148,0.0,0.0,0.0,0.0,0.0,0.0,0,0
1779626764.133237,0.0,0.0,0.0,0.0,0.0,0.0,0,0
1779626764.164217,0.0,0.0,0.0,0.0,0.0,0.0,0,0
1779626764.195195,0.0,0.0,0.0,0.0,0.0,0.0,0,0
1779626764.226181,0.0,0.0,0.0,0.0,0.0,0.0,0,0
1779626764.257133,0.0,0.0,0.0,0.0,0.0,0.0,0,0
1779626764.288174,0.0,0.0,0.0,0.0,0.0,0.0,0,0
1779626764.319170,0.0,0.0,0.0,0.0,0.0,0.0,0,0
1779626764.350129,0.0,0.0,0.0,0.0,0.0,0.0,0,0
1779626764.381178,0.0,0.0,0.0,0.0,0.0,0.0,0,0
1779626764.412183,0.0,0.0,0.0,0.0,0.0,0.0,0,0
1779626764.443164,0.0,0.0,0.0,0.0,0.0,0.0,0,0
1779626764.474164,0.0,0.0,0.0,0.0,0.0,0.0,0,0
1779626764.505144,0.0,0.0,0.0,0.0,0.0,0.0,0,0
1779626764.536210,0.0,0.0,0.0,0.0,0.0,0.0,0,0
1779626764.567142,0.0,0.0,0.0,0.0,0.0,0.0,0,0
1779626764.598183,0.0,0.0,0.0,0.0,0.0,0.0,0,0
1779626764.629093,0.0,0.0,0.0,0.0,0.0,0.0,0,0
1779626764.660147,0.0,0.0,0.0,0.0,0.0,0.0,0,0
1779626764.691155,0.0,0.0,0.0,0.0,0.0,0.0,0,0
1779626764.722164,0.0,0.0,0.0,0.0,0.0,0.0,0,0
1779626764.753152,0.0,0.0,0.0,0.0,0.0,0.0,0,0
1779626764.784210,0.0,0.0,0.0,0.0,0.0,0.0,0,0
1779626764.815202,0.0,0.0,0.0,0.0,0.0,0.0,0,0
1779626764.846156,0.0,0.0,0.0,0.0,0.0,0.0,0,0
1779626764.877159,0.0,0.0,0.0,0.0,0.0,0.0,0,0
1779626764.908118,0.0,0.0,0.0,0.0,0.0,0.0,0,0
1779626764.939157,0.0,0.0,0.0,0.0,0.0,0.0,0,0
1779626764.970123,0.0,0.0,0.0,0.0,0.0,0.0,0,0
1779626765.001184,0.0,0.0,0.0,0.0,0.0,0.0,0,0
1779626765.032141,0.0,0.0,0.0,0.0,0.0,0.0,0,0
1779626765.063184,0.0,0.0,0.0,0.0,0.0,0.0,0,0
1779626765.094128,0.0,0.0,0.0,0.0,0.0,0.0,0,0
1779626765.125261,0.0,0.0,0.0,0.0,0.0,0.0,0,0
1779626765.156193,0.0,0.0,0.0,0.0,0.0,0.0,0,0
1779626765.187202,0.0,0.0,0.0,0.0,0.0,0.0,0,0
1779626765.218179,0.0,0.0,0.0,0.0,0.0,0.0,0,0
1779626765.249155,0.0,0.0,0.0,0.0,0.0,0.0,0,0
1779626765.280167,0.0,0.0,0.0,0.0,0.0,0.0,0,0
1779626765.311182,0.0,0.0,0.0,0.0,0.0,0.0,0,0
1779626765.342165,0.0,0.0,0.0,0.0,0.0,0.0,0,0
1779626765.373148,0.0,0.0,0.0,0.0,0.0,0.0,0,0
1779626765.404203,0.0,0.0,0.0,0.0,0.0,0.0,0,0
1779626765.435185,0.0,0.0,0.0,0.0,0.0,0.0,0,0
1779626765.466163,0.0,0.0,0.0,0.0,0.0,0.0,0,0
1779626765.497168,0.0,0.0,0.0,0.0,0.0,0.0,0,0
1779626765.528212,0.0,0.0,0.0,0.0,0.0,0.0,0,0
1779626765.559187,0.0,0.0,0.0,0.0,0.0,0.0,0,0
1779626765.590150,0.0,0.0,0.0,0.0,0.0,0.0,0,0
