ts,vx,vy,vz,wx,wy,wz,gripper_btn,mode_btn
1779555741.456446,-0.01171875,-0.01171875,-0.03125,-0.015625,0.0,0.0,0,0
1779555741.472435,-0.009765625,-0.03125,-0.03125,-0.015625,0.0,0.0,0,0
1779555741.480404,-0.009765625,-0.03125,-0.03125,0.021484375,0.0,0.0,0,0
1779555741.488419,-0.009765625,-0.04296875,-0.03125,0.021484375,0.0,0.0,0,0
1779555741.496422,-0.009765625,-0.04296875,-0.03125,0.03515625,0.0,0.0,0,0
1779555741.504373,-0.01953125,-0.064453125,-0.03125,0.03515625,0.0,0.0,0,0
1779555741.512505,-0.01953125,-0.064453125,-0.03125,0.0234375,-0.005859375,0.0,0,0
1779555741.520473,-0.025390625,-0.12109375,-0.03125,0.0234375,-0.005859375,0.0,0,0
1779555741.528453,-0.025390625,-0.12109375,-0.03125,0.017578125,-0.009765625,0.0,0,0
1779555741.536438,0.0,-0.21875,-0.009765625,0.017578125,-0.009765625,0.0,0,0
1779555741.544423,0.0,-0.21875,-0.009765625,0.04296875,0.0,0.0,0,0
1779555741.552455,0.0,-0.3046875,-0.015625,0.04296875,0.0,0.0,0,0
1779555741.560452,0.0,-0.3046875,-0.015625,0.0859375,0.0,0.0,0,0
1779555741.568432,0.0,-0.361328125,-0.015625,0.0859375,0.0,0.0,0,0
1779555741.576400,0.0,-0.361328125,-0.015625,0.126953125,0.0,0.0,0,0
1779555741.584417,0.0,-0.3515625,-0.015625,0.126953125,0.0,0.0,0,0
1779555741.592373,0.0,-0.3515625,-0.015625,0.095703125,0.0,-0.0234375,0,0
1779555741.600451,0.0,-0.33984375,-0.015625,0.095703125,0.0,-0.0234375,0,0
1779555741.608426,0.0,-0.33984375,-0.015625,0.046875,0.0,-0.029296875,0,0
1779555741.616485,-0.037109375,-0.34765625,-0.009765625,0.046875,0.0,-0.029296875,0,0
1779555741.624450,-0.037109375,-0.34765625,-0.009765625,0.01953125,0.0,-0.052734375,0,0
1779555741.632443,-0.08203125,-0.3515625,-0.0234375,0.01953125,0.0,-0.052734375,0,0
1779555741.640526,-0.08203125,-0.3515625,-0.0234375,0.01171875,0.0,-0.09765625,0,0
1779555741.648453,-0.123046875,-0.3515625,-0.0234375,0.01171875,0.0,-0.09765625,0,0
1779555741.656436,-0.123046875,-0.3515625,-0.0234375,0.0078125,-0.0078125,-0.14453125,0,0
1779555741.664444,-0.162109375,-0.353515625,-0.009765625,0.0078125,-0.0078125,-0.14453125,0,0
1779555741.672419,-0.162109375,-0.353515625,-0.009765625,0.013671875,-0.01953125,-0.177734375,0,0
1779555741.680460,-0.19140625,-0.357421875,-0.009765625,0.013671875,-0.01953125,-0.177734375,0,0
1779555741.688403,-0.19140625,-0.357421875,-0.009765625,0.02734375,-0.025390625,-0.205078125,0,0
1779555741.696405,-0.197265625,-0.37109375,-0.009765625,0.02734375,-0.025390625,-0.205078125,0,0
1779555741.704444,-0.197265625,-0.37109375,-0.009765625,0.037109375,-0.015625,-0.220703125,0,0
1779555741.712443,-0.177734375,-0.39453125,-0.009765625,0.037109375,-0.015625,-0.220703125,0,0
1779555741.720393,-0.177734375,-0.39453125,-0.009765625,0.044921875,0.0,-0.240234375,0,0
1779555741.728443,-0.15625,-0.404296875,-0.009765625,0.044921875,0.0,-0.240234375,0,0
1779555741.736439,-0.15625,-0.404296875,-0.009765625,0.044921875,0.0,-0.2578125,0,0
1779555741.744470,-0.142578125,-0.404296875,-0.009765625,0.044921875,0.0,-0.2578125,0,0
1779555741.752439,-0.142578125,-0.404296875,-0.009765625,0.0390625,0.0,-0.279296875,0,0
1779555741.760466,-0.15234375,-0.3828125,-0.009765625,0.0390625,0.0,-0.279296875,0,0
1779555741.768425,-0.15234375,-0.3828125,-0.009765625,0.021484375,0.0,-0.294921875,0,0
1779555741.776435,-0.171875,-0.365234375,-0.009765625,0.021484375,0.0,-0.294921875,0,0
1779555741.784416,-0.171875,-0.365234375,-0.009765625,0.0078125,0.0,-0.318359375,0,0
1779555741.792414,-0.19140625,-0.361328125,-0.009765625,0.0078125,0.0,-0.318359375,0,0
1779555741.800389,-0.19140625,-0.361328125,-0.009765625,0.0,0.0,-0.3515625,0,0
1779555741.808382,-0.189453125,-0.34375,-0.009765625,0.0,0.0,-0.3515625,0,0
1779555741.816391,-0.189453125,-0.34375,-0.009765625,0.0,0.0,-0.390625,0,0
1779555741.824368,-0.19140625,-0.3125,-0.009765625,0.0,0.0,-0.390625,0,0
1779555741.832494,-0.19140625,-0.3125,-0.009765625,0.0,0.0,-0.421875,0,0
1779555741.840488,-0.205078125,-0.2734375,-0.009765625,0.0,0.0,-0.421875,0,0
1779555741.848431,-0.205078125,-0.2734375,-0.009765625,0.0,0.0,-0.46484375,0,0
1779555741.856395,-0.216796875,-0.2421875,-0.009765625,0.0,0.0,-0.46484375,0,0
1779555741.864436,-0.216796875,-0.2421875,-0.009765625,0.0078125,0.0,-0.5,0,0
1779555741.872417,-0.21875,-0.2265625,-0.009765625,0.0078125,0.0,-0.5,0,0
1779555741.880458,-0.21875,-0.2265625,-0.009765625,0.021484375,0.0,-0.525390625,0,0
1779555741.888386,-0.216796875,-0.2109375,-0.009765625,0.021484375,0.0,-0.525390625,0,0
1779555741.896366,-0.216796875,-0.2109375,-0.009765625,0.021484375,0.0,-0.541015625,0,0
1779555741.904405,-0.21484375,-0.205078125,-0.009765625,0.021484375,0.0,-0.541015625,0,0
1779555741.912432,-0.21484375,-0.205078125,-0.009765625,0.015625,0.0,-0.546875,0,0
1779555741.920431,-0.203125,-0.197265625,-0.009765625,0.015625,0.0,-0.546875,0,0
1779555741.928400,-0.203125,-0.197265625,-0.009765625,0.01171875,0.0,-0.5546875,0,0
1779555741.936398,-0.185546875,-0.189453125,-0.009765625,0.01171875,0.0,-0.5546875,0,0
1779555741.944472,-0.185546875,-0.189453125,-0.009765625,0.013671875,0.0,-0.568359375,0,0
1779555741.952405,-0.16796875,-0.177734375,-0.009765625,0.013671875,0.0,-0.568359375,0,0
1779555741.960442,-0.16796875,-0.177734375,-0.009765625,0.013671875,0.0,-0.58203125,0,0
1779555741.968413,-0.146484375,-0.166015625,-0.009765625,0.013671875,0.0,-0.58203125,0,0
1779555741.976369,-0.146484375,-0.166015625,-0.009765625,0.013671875,0.0,-0.59765625,0,0
1779555741.984433,-0.13671875,-0.15625,-0.009765625,0.013671875,0.0,-0.59765625,0,0
1779555741.992363,-0.13671875,-0.15625,-0.009765625,0.01171875,0.0,-0.607421875,0,0
1779555742.000466,-0.123046875,-0.146484375,-0.009765625,0.01171875,0.0,-0.607421875,0,0
1779555742.008444,-0.123046875,-0.146484375,-0.009765625,0.009765625,0.0,-0.615234375,0,0
1779555742.016424,-0.11328125,-0.142578125,-0.009765625,0.009765625,0.0,-0.615234375,0,0
1779555742.024411,-0.11328125,-0.142578125,-0.009765625,0.01171875,0.0,-0.623046875,0,0
1779555742.032446,-0.107421875,-0.138671875,-0.009765625,0.01171875,0.0,-0.623046875,0,0
1779555742.040381,-0.107421875,-0.138671875,-0.009765625,0.01171875,0.0,-0.626953125,0,0
1779555742.048474,-0.09765625,-0.1328125,-0.009765625,0.01171875,0.0,-0.626953125,0,0
1779555742.056411,-0.09765625,-0.1328125,-0.009765625,0.013671875,0.0,-0.6328125,0,0
1779555742.064421,-0.095703125,-0.130859375,-0.009765625,0.013671875,0.0,-0.6328125,0,0
1779555742.072383,-0.095703125,-0.130859375,-0.009765625,0.013671875,0.0,-0.63671875,0,0
1779555742.080441,-0.091796875,-0.126953125,-0.009765625,0.013671875,0.0,-0.63671875,0,0
1779555742.088414,-0.091796875,-0.126953125,-0.009765625,0.013671875,0.0,-0.640625,0,0
1779555742.096411,-0.08984375,-0.125,-0.009765625,0.013671875,0.0,-0.640625,0,0
1779555742.104400,-0.08984375,-0.125,-0.009765625,0.009765625,0.0,-0.640625,0,0
1779555742.112423,-0.08984375,-0.125,-0.009765625,0.009765625,0.0,-0.640625,0,0
1779555742.120416,-0.08984375,-0.125,-0.009765625,0.0078125,0.0,-0.642578125,0,0
1779555742.128376,-0.08984375,-0.125,-0.009765625,0.0078125,0.0,-0.642578125,0,0
1779555742.136436,-0.08984375,-0.125,-0.009765625,0.009765625,0.0,-0.642578125,0,0
1779555742.144457,-0.08984375,-0.125,-0.009765625,0.009765625,0.0,-0.642578125,0,0
1779555742.152394,-0.08984375,-0.125,-0.009765625,0.0078125,0.0,-0.642578125,0,0
1779555742.160396,-0.087890625,-0.123046875,-0.009765625,0.0078125,0.0,-0.642578125,0,0
1779555742.168380,-0.087890625,-0.123046875,-0.009765625,0.005859375,0.0,-0.642578125,0,0
1779555742.176409,-0.087890625,-0.12109375,-0.009765625,0.005859375,0.0,-0.642578125,0,0
1779555742.184445,-0.087890625,-0.12109375,-0.009765625,0.00390625,0.0,-0.642578125,0,0
1779555742.192374,-0.087890625,-0.12109375,-0.009765625,0.00390625,0.0,-0.642578125,0,0
1779555742.200438,-0.087890625,-0.12109375,-0.009765625,0.00390625,0.0,-0.642578125,0,0
1779555742.208486,-0.087890625,-0.12109375,-0.009765625,0.00390625,0.0,-0.642578125,0,0
1779555742.216406,-0.087890625,-0.12109375,-0.009765625,0.00390625,0.0,-0.642578125,0,0
1779555742.224416,-0.087890625,-0.12109375,-0.009765625,0.00390625,0.0,-0.642578125,0,0
1779555742.232463,-0.087890625,-0.12109375,-0.009765625,0.005859375,0.0,-0.642578125,0,0
1779555742.240409,-0.0859375,-0.12109375,-0.009765625,0.005859375,0.0,-0.642578125,0,0
1779555742.248388,-0.0859375,-0.12109375,-0.009765625,0.00390625,0.0,-0.642578125,0,0
1779555742.256427,-0.083984375,-0.12109375,-0.009765625,0.00390625,0.0,-0.642578125,0,0
1779555742.264447,-0.083984375,-0.12109375,-0.009765625,0.0,0.0,-0.642578125,0,0
1779555742.272445,-0.083984375,-0.123046875,-0.009765625,0.0,0.0,-0.642578125,0,0
1779555742.280482,-0.083984375,-0.123046875,-0.009765625,0.0,0.0,-0.642578125,0,0
1779555742.288459,-0.083984375,-0.12109375,-0.009765625,0.0,0.0,-0.642578125,0,0
1779555742.296433,-0.083984375,-0.12109375,-0.009765625,0.0,0.0,-0.640625,0,0
1779555742.304377,-0.083984375,-0.123046875,-0.009765625,0.0,0.0,-0.640625,0,0
1779555742.312415,-0.083984375,-0.123046875,-0.009765625,0.0,0.0,-0.640625,0,0
1779555742.320426,-0.083984375,-0.123046875,-0.009765625,0.0,0.0,-0.640625,0,0
1779555742.328462,-0.083984375,-0.123046875,-0.009765625,0.0,0.0,-0.638671875,0,0
1779555742.336454,-0.087890625,-0.123046875,-0.009765625,0.0,0.0,-0.638671875,0,0
1779555742.344503,-0.087890625,-0.123046875,-0.009765625,0.0,0.0,-0.634765625,0,0
1779555742.352429,-0.09375,-0.126953125,-0.009765625,0.0,0.0,-0.634765625,0,0
1779555742.360389,-0.09375,-0.126953125,-0.009765625,0.0,0.0,-0.630859375,0,0
1779555742.368403,-0.103515625,-0.1328125,-0.009765625,0.0,0.0,-0.630859375,0,0
1779555742.376407,-0.103515625,-0.1328125,-0.009765625,0.0,0.0,-0.626953125,0,0
1779555742.384432,-0.1171875,-0.14453125,-0.009765625,0.0,0.0,-0.626953125,0,0
1779555742.392399,-0.1171875,-0.14453125,-0.009765625,0.017578125,0.0,-0.619140625,0,0
1779555742.400456,-0.111328125,-0.154296875,-0.009765625,0.017578125,0.0,-0.619140625,0,0
1779555742.408429,-0.111328125,-0.154296875,-0.009765625,0.025390625,0.0,-0.60546875,0,0
1779555742.416450,-0.095703125,-0.154296875,-0.009765625,0.025390625,0.0,-0.60546875,0,0
1779555742.424415,-0.095703125,-0.154296875,-0.009765625,0.033203125,0.0,-0.6015625,0,0
1779555742.432439,-0.0703125,-0.146484375,0.005859375,0.033203125,0.0,-0.6015625,0,0
1779555742.440451,-0.0703125,-0.146484375,0.005859375,0.03125,0.0,-0.60546875,0,0
1779555742.448479,-0.056640625,-0.1328125,0.015625,0.03125,0.0,-0.60546875,0,0
1779555742.456445,-0.056640625,-0.1328125,0.015625,0.0234375,0.0,-0.623046875,0,0
1779555742.464462,-0.056640625,-0.119140625,0.02734375,0.0234375,0.0,-0.623046875,0,0
1779555742.472392,-0.056640625,-0.119140625,0.02734375,0.01953125,0.0,-0.634765625,0,0
1779555742.480458,-0.0546875,-0.130859375,0.044921875,0.01953125,0.0,-0.634765625,0,0
1779555742.488482,-0.0546875,-0.130859375,0.044921875,0.015625,0.0,-0.62109375,0,0
1779555742.496475,-0.056640625,-0.15234375,0.072265625,0.015625,0.0,-0.62109375,0,0
1779555742.504401,-0.056640625,-0.15234375,0.072265625,0.00390625,0.0,-0.583984375,0,0
1779555742.512437,-0.0390625,-0.1484375,0.111328125,0.00390625,0.0,-0.583984375,0,0
1779555742.520378,-0.0390625,-0.1484375,0.111328125,0.01953125,0.0,-0.560546875,0,0
1779555742.528359,-0.013671875,-0.15234375,0.15625,0.01953125,0.0,-0.560546875,0,0
1779555742.536402,-0.013671875,-0.15234375,0.15625,0.03515625,0.0,-0.556640625,0,0
1779555742.544396,0.0,-0.1171875,0.205078125,0.03515625,0.0,-0.556640625,0,0
1779555742.552440,0.0,-0.1171875,0.205078125,0.048828125,0.0,-0.55859375,0,0
1779555742.560398,-0.015625,-0.10546875,0.232421875,0.048828125,0.0,-0.55859375,0,0
1779555742.568453,-0.015625,-0.10546875,0.232421875,0.0703125,0.0,-0.5546875,0,0
1779555742.576461,-0.03125,-0.119140625,0.248046875,0.0703125,0.0,-0.5546875,0,0
1779555742.584421,-0.03125,-0.119140625,0.248046875,0.080078125,0.0,-0.552734375,0,0
1779555742.592479,-0.037109375,-0.134765625,0.2578125,0.080078125,0.0,-0.552734375,0,0
1779555742.600475,-0.037109375,-0.134765625,0.2578125,0.083984375,0.0,-0.55859375,0,0
1779555742.608438,-0.03515625,-0.13671875,0.275390625,0.083984375,0.0,-0.55859375,0,0
1779555742.616432,-0.03515625,-0.13671875,0.275390625,0.078125,0.005859375,-0.56640625,0,0
1779555742.624439,-0.01171875,-0.125,0.318359375,0.078125,0.005859375,-0.56640625,0,0
1779555742.632410,-0.01171875,-0.125,0.318359375,0.07421875,0.021484375,-0.568359375,0,0
1779555742.640437,-0.01171875,-0.08203125,0.375,0.07421875,0.021484375,-0.568359375,0,0
1779555742.648482,-0.01171875,-0.08203125,0.375,0.060546875,0.021484375,-0.5703125,0,0
1779555742.656406,-0.01171875,-0.1015625,0.400390625,0.060546875,0.021484375,-0.5703125,0,0
1779555742.664398,-0.01171875,-0.1015625,0.400390625,0.078125,0.021484375,-0.552734375,0,0
1779555742.672422,-0.01171875,-0.10546875,0.400390625,0.078125,0.021484375,-0.552734375,0,0
1779555742.680459,-0.01171875,-0.10546875,0.400390625,0.078125,0.021484375,-0.55078125,0,0
1779555742.688464,-0.01171875,-0.115234375,0.376953125,0.078125,0.021484375,-0.55078125,0,0
1779555742.696452,-0.01171875,-0.115234375,0.376953125,0.060546875,0.021484375,-0.560546875,0,0
1779555742.704461,-0.00390625,-0.126953125,0.345703125,0.060546875,0.021484375,-0.560546875,0,0
1779555742.712472,-0.00390625,-0.126953125,0.345703125,0.04296875,0.00390625,-0.583984375,0,0
1779555742.720442,-0.03125,-0.119140625,0.328125,0.04296875,0.00390625,-0.583984375,0,0
1779555742.728488,-0.03125,-0.119140625,0.328125,0.052734375,0.005859375,-0.61328125,0,0
1779555742.736451,-0.029296875,-0.107421875,0.3203125,0.052734375,0.005859375,-0.61328125,0,0
1779555742.744438,-0.029296875,-0.107421875,0.3203125,0.046875,0.005859375,-0.625,0,0
1779555742.752418,-0.0234375,-0.1015625,0.3203125,0.046875,0.005859375,-0.625,0,0
1779555742.760441,-0.0234375,-0.1015625,0.3203125,0.041015625,0.005859375,-0.62890625,0,0
1779555742.768394,-0.009765625,-0.087890625,0.310546875,0.041015625,0.005859375,-0.62890625,0,0
1779555742.776411,-0.009765625,-0.087890625,0.310546875,0.033203125,0.005859375,-0.638671875,0,0
1779555742.784407,-0.009765625,-0.07421875,0.306640625,0.033203125,0.005859375,-0.638671875,0,0
1779555742.792473,-0.009765625,-0.07421875,0.306640625,0.025390625,0.005859375,-0.646484375,0,0
1779555742.800384,-0.009765625,-0.068359375,0.302734375,0.025390625,0.005859375,-0.646484375,0,0
1779555742.808383,-0.009765625,-0.068359375,0.302734375,0.01953125,0.005859375,-0.650390625,0,0
1779555742.816438,-0.009765625,-0.064453125,0.302734375,0.01953125,0.005859375,-0.650390625,0,0
1779555742.824422,-0.009765625,-0.064453125,0.302734375,0.017578125,0.005859375,-0.650390625,0,0
1779555742.832463,-0.009765625,-0.064453125,0.302734375,0.017578125,0.005859375,-0.650390625,0,0
1779555742.840459,-0.009765625,-0.064453125,0.302734375,0.017578125,0.005859375,-0.650390625,0,0
1779555742.848465,-0.009765625,-0.0625,0.298828125,0.017578125,0.005859375,-0.650390625,0,0
1779555742.856398,-0.009765625,-0.0625,0.298828125,0.015625,0.005859375,-0.65234375,0,0
1779555742.864404,-0.009765625,-0.04296875,0.279296875,0.015625,0.005859375,-0.65234375,0,0
1779555742.872395,-0.009765625,-0.04296875,0.279296875,0.0,0.005859375,-0.6640625,0,0
1779555742.880429,-0.009765625,-0.033203125,0.267578125,0.0,0.005859375,-0.6640625,0,0
1779555742.888402,-0.009765625,-0.033203125,0.267578125,0.0,0.005859375,-0.673828125,0,0
1779555742.896359,-0.009765625,-0.02734375,0.26171875,0.0,0.005859375,-0.673828125,0,0
1779555742.904394,-0.009765625,-0.02734375,0.26171875,0.0,0.005859375,-0.677734375,0,0
1779555742.912440,-0.009765625,-0.025390625,0.259765625,0.0,0.005859375,-0.677734375,0,0
1779555742.920395,-0.009765625,-0.025390625,0.259765625,0.0,0.005859375,-0.677734375,0,0
1779555742.928399,-0.009765625,-0.025390625,0.259765625,0.0,0.005859375,-0.677734375,0,0
1779555742.936422,-0.009765625,-0.025390625,0.259765625,0.0,0.005859375,-0.677734375,0,0
1779555742.944418,-0.009765625,-0.025390625,0.259765625,0.0,0.005859375,-0.677734375,0,0
1779555742.952393,-0.009765625,-0.025390625,0.259765625,0.0,0.005859375,-0.677734375,0,0
1779555742.960361,-0.009765625,-0.0234375,0.2578125,0.0,0.005859375,-0.677734375,0,0
1779555742.968410,-0.009765625,-0.0234375,0.2578125,0.0,0.005859375,-0.677734375,0,0
1779555742.976359,-0.009765625,-0.0234375,0.255859375,0.0,0.005859375,-0.677734375,0,0
1779555742.984372,-0.009765625,-0.0234375,0.255859375,0.0,0.005859375,-0.677734375,0,0
1779555742.992387,-0.009765625,-0.0234375,0.255859375,0.0,0.005859375,-0.677734375,0,0
1779555743.000435,-0.009765625,-0.0234375,0.255859375,0.0,0.005859375,-0.677734375,0,0
1779555743.008477,-0.009765625,-0.0234375,0.2578125,0.0,0.005859375,-0.677734375,0,0
1779555743.016404,-0.009765625,-0.0234375,0.2578125,0.0,0.005859375,-0.677734375,0,0
1779555743.024383,-0.009765625,-0.0234375,0.26953125,0.0,0.005859375,-0.677734375,0,0
1779555743.032485,-0.009765625,-0.0234375,0.26953125,0.0,0.005859375,-0.67578125,0,0
1779555743.040478,-0.009765625,-0.021484375,0.2734375,0.0,0.005859375,-0.67578125,0,0
1779555743.048473,-0.009765625,-0.021484375,0.2734375,0.00390625,0.005859375,-0.673828125,0,0
1779555743.056441,-0.009765625,-0.017578125,0.265625,0.00390625,0.005859375,-0.673828125,0,0
1779555743.064426,-0.009765625,-0.017578125,0.265625,0.00390625,0.005859375,-0.67578125,0,0
1779555743.072474,-0.009765625,-0.01953125,0.259765625,0.00390625,0.005859375,-0.67578125,0,0
1779555743.080440,-0.009765625,-0.01953125,0.259765625,0.00390625,0.005859375,-0.67578125,0,0
1779555743.088435,-0.009765625,-0.01953125,0.259765625,0.00390625,0.005859375,-0.67578125,0,0
1779555743.096410,-0.009765625,-0.01953125,0.259765625,0.00390625,0.005859375,-0.67578125,0,0
1779555743.104471,-0.009765625,-0.01953125,0.259765625,0.00390625,0.005859375,-0.67578125,0,0
1779555743.112475,-0.009765625,-0.01953125,0.259765625,0.00390625,0.005859375,-0.67578125,0,0
1779555743.120501,-0.009765625,-0.01953125,0.259765625,0.00390625,0.005859375,-0.67578125,0,0
1779555743.128449,-0.009765625,-0.01953125,0.259765625,0.00390625,0.005859375,-0.67578125,0,0
1779555743.136463,-0.009765625,-0.025390625,0.26171875,0.00390625,0.005859375,-0.67578125,0,0
1779555743.144459,-0.009765625,-0.025390625,0.26171875,0.005859375,0.005859375,-0.669921875,0,0
1779555743.152497,-0.009765625,-0.03125,0.25390625,0.005859375,0.005859375,-0.669921875,0,0
1779555743.160442,-0.009765625,-0.03125,0.25390625,0.013671875,0.005859375,-0.66796875,0,0
1779555743.168455,-0.009765625,-0.03125,0.248046875,0.013671875,0.005859375,-0.66796875,0,0
1779555743.176383,-0.009765625,-0.03125,0.248046875,0.01171875,0.005859375,-0.66796875,0,0
1779555743.184433,-0.009765625,-0.03125,0.244140625,0.01171875,0.005859375,-0.66796875,0,0
1779555743.192419,-0.009765625,-0.03125,0.244140625,0.0078125,0.005859375,-0.669921875,0,0
1779555743.200489,-0.009765625,-0.03125,0.2421875,0.0078125,0.005859375,-0.669921875,0,0
1779555743.208484,-0.009765625,-0.03125,0.2421875,0.0078125,0.005859375,-0.669921875,0,0
1779555743.216526,-0.009765625,-0.03515625,0.234375,0.0078125,0.005859375,-0.669921875,0,0
1779555743.224411,-0.009765625,-0.03515625,0.234375,0.0078125,0.005859375,-0.66796875,0,0
1779555743.232379,-0.009765625,-0.04296875,0.224609375,0.0078125,0.005859375,-0.66796875,0,0
1779555743.240412,-0.009765625,-0.04296875,0.224609375,0.01171875,0.005859375,-0.6640625,0,0
1779555743.248426,-0.009765625,-0.0546875,0.2109375,0.01171875,0.005859375,-0.6640625,0,0
1779555743.256426,-0.009765625,-0.0546875,0.2109375,0.015625,0.005859375,-0.66015625,0,0
1779555743.264477,0.0,-0.05859375,0.203125,0.015625,0.005859375,-0.66015625,0,0
1779555743.272425,0.0,-0.05859375,0.203125,0.017578125,0.005859375,-0.658203125,0,0
1779555743.280461,-0.0078125,-0.068359375,0.19140625,0.017578125,0.005859375,-0.658203125,0,0
1779555743.288445,-0.0078125,-0.068359375,0.19140625,0.017578125,0.005859375,-0.654296875,0,0
1779555743.296438,-0.013671875,-0.07421875,0.18359375,0.017578125,0.005859375,-0.654296875,0,0
1779555743.304463,-0.013671875,-0.07421875,0.18359375,0.01953125,0.005859375,-0.65234375,0,0
1779555743.312489,-0.017578125,-0.080078125,0.173828125,0.01953125,0.005859375,-0.65234375,0,0
1779555743.320486,-0.017578125,-0.080078125,0.173828125,0.0234375,0.005859375,-0.650390625,0,0
1779555743.328394,-0.01953125,-0.08203125,0.169921875,0.0234375,0.005859375,-0.650390625,0,0
1779555743.336512,-0.01953125,-0.08203125,0.169921875,0.0234375,0.005859375,-0.650390625,0,0
1779555743.344447,-0.0234375,-0.083984375,0.1640625,0.0234375,0.005859375,-0.650390625,0,0
1779555743.352473,-0.0234375,-0.083984375,0.1640625,0.0234375,0.005859375,-0.6484375,0,0
1779555743.360481,-0.0234375,-0.087890625,0.15625,0.0234375,0.005859375,-0.6484375,0,0
1779555743.368425,-0.0234375,-0.087890625,0.15625,0.021484375,0.005859375,-0.6484375,0,0
1779555743.376508,-0.029296875,-0.08984375,0.140625,0.021484375,0.005859375,-0.6484375,0,0
1779555743.384463,-0.029296875,-0.08984375,0.140625,0.01953125,0.005859375,-0.646484375,0,0
1779555743.392513,-0.033203125,-0.09375,0.125,0.01953125,0.005859375,-0.646484375,0,0
1779555743.400489,-0.033203125,-0.09375,0.125,0.01953125,0.005859375,-0.646484375,0,0
1779555743.408454,-0.03515625,-0.095703125,0.11328125,0.01953125,0.005859375,-0.646484375,0,0
1779555743.416452,-0.03515625,-0.095703125,0.11328125,0.01953125,0.005859375,-0.646484375,0,0
1779555743.424463,-0.03515625,-0.09765625,0.109375,0.01953125,0.005859375,-0.646484375,0,0
1779555743.432435,-0.03515625,-0.09765625,0.109375,0.021484375,0.005859375,-0.646484375,0,0
1779555743.440459,-0.03515625,-0.09765625,0.109375,0.021484375,0.005859375,-0.646484375,0,0
1779555743.448467,-0.03515625,-0.09765625,0.109375,0.021484375,0.005859375,-0.646484375,0,0
1779555743.456476,-0.03515625,-0.09765625,0.109375,0.021484375,0.005859375,-0.646484375,0,0
1779555743.464438,-0.03515625,-0.09765625,0.109375,0.021484375,0.005859375,-0.646484375,0,0
1779555743.472408,-0.037109375,-0.09765625,0.109375,0.021484375,0.005859375,-0.646484375,0,0
1779555743.480437,-0.037109375,-0.09765625,0.109375,0.021484375,0.005859375,-0.646484375,0,0
1779555743.488383,-0.037109375,-0.09765625,0.109375,0.021484375,0.005859375,-0.646484375,0,0
1779555743.496373,-0.037109375,-0.09765625,0.109375,0.021484375,0.005859375,-0.6484375,0,0
1779555743.504368,-0.037109375,-0.095703125,0.10546875,0.021484375,0.005859375,-0.6484375,0,0
1779555743.512494,-0.037109375,-0.095703125,0.10546875,0.021484375,0.005859375,-0.6484375,0,0
1779555743.520501,-0.037109375,-0.095703125,0.1015625,0.021484375,0.005859375,-0.6484375,0,0
1779555743.528470,-0.037109375,-0.095703125,0.1015625,0.01953125,0.005859375,-0.6484375,0,0
1779555743.536479,-0.037109375,-0.095703125,0.09765625,0.01953125,0.005859375,-0.6484375,0,0
1779555743.544422,-0.037109375,-0.095703125,0.09765625,0.017578125,0.005859375,-0.6484375,0,0
1779555743.552437,-0.037109375,-0.095703125,0.095703125,0.017578125,0.005859375,-0.6484375,0,0
1779555743.560409,-0.037109375,-0.095703125,0.095703125,0.01953125,0.005859375,-0.6484375,0,0
1779555743.568455,-0.041015625,-0.099609375,0.080078125,0.01953125,0.005859375,-0.6484375,0,0
1779555743.576450,-0.041015625,-0.099609375,0.080078125,0.021484375,0.005859375,-0.646484375,0,0
1779555743.584476,-0.0546875,-0.111328125,0.060546875,0.021484375,0.005859375,-0.646484375,0,0
1779555743.592479,-0.0546875,-0.111328125,0.060546875,0.01953125,0.005859375,-0.63671875,0,0
1779555743.600438,-0.068359375,-0.126953125,0.041015625,0.01953125,0.005859375,-0.63671875,0,0
1779555743.608427,-0.068359375,-0.126953125,0.041015625,0.01953125,0.0,-0.62109375,0,0
1779555743.616537,-0.083984375,-0.142578125,0.01953125,0.01953125,0.0,-0.62109375,0,0
1779555743.624495,-0.083984375,-0.142578125,0.01953125,0.017578125,-0.005859375,-0.607421875,0,0
1779555743.632466,-0.099609375,-0.158203125,0.0078125,0.017578125,-0.005859375,-0.607421875,0,0
1779555743.640359,-0.099609375,-0.158203125,0.0078125,0.01171875,-0.009765625,-0.591796875,0,0
1779555743.648452,-0.115234375,-0.16796875,0.0078125,0.01171875,-0.009765625,-0.591796875,0,0
1779555743.656445,-0.115234375,-0.16796875,0.0078125,0.00390625,-0.01171875,-0.580078125,0,0
1779555743.664437,-0.1328125,-0.18359375,0.0078125,0.00390625,-0.01171875,-0.580078125,0,0
1779555743.672441,-0.1328125,-0.18359375,0.0078125,0.00390625,-0.013671875,-0.564453125,0,0
1779555743.680509,-0.14453125,-0.19140625,0.0078125,0.00390625,-0.013671875,-0.564453125,0,0
1779555743.688510,-0.14453125,-0.19140625,0.0078125,0.00390625,-0.01953125,-0.552734375,0,0
1779555743.696504,-0.150390625,-0.19921875,0.0078125,0.00390625,-0.01953125,-0.552734375,0,0
1779555743.704410,-0.150390625,-0.19921875,0.0078125,0.00390625,-0.02734375,-0.541015625,0,0
1779555743.712466,-0.15625,-0.205078125,0.0078125,0.00390625,-0.02734375,-0.541015625,0,0
1779555743.720437,-0.15625,-0.205078125,0.0078125,0.00390625,-0.033203125,-0.533203125,0,0
1779555743.728498,-0.162109375,-0.208984375,0.0078125,0.00390625,-0.033203125,-0.533203125,0,0
1779555743.736450,-0.162109375,-0.208984375,0.0078125,0.00390625,-0.03515625,-0.5234375,0,0
1779555743.744464,-0.173828125,-0.216796875,0.0078125,0.00390625,-0.03515625,-0.5234375,0,0
1779555743.752453,-0.173828125,-0.216796875,0.0078125,0.00390625,-0.037109375,-0.515625,0,0
1779555743.760488,-0.1875,-0.2265625,0.0078125,0.00390625,-0.037109375,-0.515625,0,0
1779555743.768393,-0.1875,-0.2265625,0.0078125,0.00390625,-0.03515625,-0.505859375,0,0
1779555743.776412,-0.193359375,-0.232421875,0.0078125,0.00390625,-0.03515625,-0.505859375,0,0
1779555743.784415,-0.193359375,-0.232421875,0.0078125,0.00390625,-0.03515625,-0.501953125,0,0
1779555743.792418,-0.201171875,-0.240234375,0.0078125,0.00390625,-0.03515625,-0.501953125,0,0
1779555743.800393,-0.201171875,-0.240234375,0.0078125,0.00390625,-0.046875,-0.49609375,0,0
1779555743.808474,-0.205078125,-0.248046875,0.0078125,0.00390625,-0.046875,-0.49609375,0,0
1779555743.816487,-0.205078125,-0.248046875,0.0078125,0.00390625,-0.05078125,-0.484375,0,0
1779555743.824425,-0.20703125,-0.259765625,0.0078125,0.00390625,-0.05078125,-0.484375,0,0
1779555743.832459,-0.20703125,-0.259765625,0.0078125,0.00390625,-0.044921875,-0.47265625,0,0
1779555743.840450,-0.20703125,-0.271484375,0.0078125,0.00390625,-0.044921875,-0.47265625,0,0
1779555743.848423,-0.20703125,-0.271484375,0.0078125,0.00390625,-0.04296875,-0.458984375,0,0
1779555743.856402,-0.203125,-0.28125,0.0078125,0.00390625,-0.04296875,-0.458984375,0,0
1779555743.864483,-0.203125,-0.28125,0.0078125,0.00390625,-0.04296875,-0.44921875,0,0
1779555743.872385,-0.197265625,-0.28515625,0.0078125,0.00390625,-0.04296875,-0.44921875,0,0
1779555743.880440,-0.197265625,-0.28515625,0.0078125,0.00390625,-0.037109375,-0.443359375,0,0
1779555743.888516,-0.1953125,-0.291015625,0.0078125,0.00390625,-0.037109375,-0.443359375,0,0
1779555743.896481,-0.1953125,-0.291015625,0.0078125,0.00390625,-0.037109375,-0.4375,0,0
1779555743.904423,-0.193359375,-0.29296875,0.0078125,0.00390625,-0.037109375,-0.4375,0,0
1779555743.912450,-0.193359375,-0.29296875,0.0078125,0.00390625,-0.0390625,-0.43359375,0,0
1779555743.920427,-0.19140625,-0.298828125,0.0078125,0.00390625,-0.0390625,-0.43359375,0,0
1779555743.928440,-0.19140625,-0.298828125,0.0078125,0.00390625,-0.037109375,-0.4296875,0,0
1779555743.936443,-0.189453125,-0.302734375,0.009765625,0.00390625,-0.037109375,-0.4296875,0,0
1779555743.944398,-0.189453125,-0.302734375,0.009765625,0.00390625,-0.037109375,-0.423828125,0,0
1779555743.952421,-0.189453125,-0.306640625,0.015625,0.00390625,-0.037109375,-0.423828125,0,0
1779555743.960369,-0.189453125,-0.306640625,0.015625,0.0,-0.037109375,-0.41796875,0,0
1779555743.968412,-0.1875,-0.314453125,0.017578125,0.0,-0.037109375,-0.41796875,0,0
1779555743.976381,-0.1875,-0.314453125,0.017578125,0.0,-0.037109375,-0.408203125,0,0
1779555743.984430,-0.18359375,-0.322265625,0.017578125,0.0,-0.037109375,-0.408203125,0,0
1779555743.992372,-0.18359375,-0.322265625,0.017578125,0.0,-0.037109375,-0.3984375,0,0
1779555744.000391,-0.181640625,-0.3359375,0.017578125,0.0,-0.037109375,-0.3984375,0,0
1779555744.008426,-0.181640625,-0.3359375,0.017578125,0.0,-0.037109375,-0.38671875,0,0
1779555744.016483,-0.177734375,-0.34375,0.021484375,0.0,-0.037109375,-0.38671875,0,0
1779555744.024431,-0.177734375,-0.34375,0.021484375,0.0,-0.037109375,-0.376953125,0,0
1779555744.032448,-0.177734375,-0.3515625,0.02734375,0.0,-0.037109375,-0.376953125,0,0
1779555744.040469,-0.177734375,-0.3515625,0.02734375,0.0,-0.029296875,-0.3671875,0,0
1779555744.048441,-0.185546875,-0.357421875,0.029296875,0.0,-0.029296875,-0.3671875,0,0
1779555744.056407,-0.185546875,-0.357421875,0.029296875,0.0,-0.02734375,-0.361328125,0,0
1779555744.064409,-0.19921875,-0.359375,0.02734375,0.0,-0.02734375,-0.361328125,0,0
1779555744.072410,-0.19921875,-0.359375,0.02734375,0.0,-0.02734375,-0.357421875,0,0
1779555744.080382,-0.208984375,-0.361328125,0.02734375,0.0,-0.02734375,-0.357421875,0,0
1779555744.088435,-0.208984375,-0.361328125,0.02734375,0.00390625,-0.02734375,-0.353515625,0,0
1779555744.096464,-0.21484375,-0.365234375,0.02734375,0.00390625,-0.02734375,-0.353515625,0,0
1779555744.104399,-0.21484375,-0.365234375,0.02734375,0.00390625,-0.025390625,-0.349609375,0,0
1779555744.112485,-0.216796875,-0.3671875,0.03125,0.00390625,-0.025390625,-0.349609375,0,0
1779555744.120508,-0.216796875,-0.3671875,0.03125,0.00390625,-0.021484375,-0.34375,0,0
1779555744.128392,-0.220703125,-0.375,0.0390625,0.00390625,-0.021484375,-0.34375,0,0
1779555744.136458,-0.220703125,-0.375,0.0390625,0.009765625,-0.015625,-0.3359375,0,0
1779555744.144477,-0.2265625,-0.37890625,0.044921875,0.009765625,-0.015625,-0.3359375,0,0
1779555744.152468,-0.2265625,-0.37890625,0.044921875,0.015625,-0.009765625,-0.330078125,0,0
1779555744.160480,-0.236328125,-0.380859375,0.046875,0.015625,-0.009765625,-0.330078125,0,0
1779555744.168479,-0.236328125,-0.380859375,0.046875,0.01953125,-0.00390625,-0.32421875,0,0
1779555744.176453,-0.25,-0.380859375,0.046875,0.01953125,-0.00390625,-0.32421875,0,0
1779555744.184460,-0.25,-0.380859375,0.046875,0.029296875,0.0,-0.3203125,0,0
1779555744.192493,-0.25390625,-0.380859375,0.048828125,0.029296875,0.0,-0.3203125,0,0
1779555744.200470,-0.25390625,-0.380859375,0.048828125,0.037109375,0.0,-0.31640625,0,0
1779555744.208497,-0.2578125,-0.376953125,0.048828125,0.037109375,0.0,-0.31640625,0,0
1779555744.216501,-0.2578125,-0.376953125,0.048828125,0.0390625,0.0,-0.31640625,0,0
1779555744.224525,-0.26953125,-0.376953125,0.05078125,0.0390625,0.0,-0.31640625,0,0
1779555744.232471,-0.26953125,-0.376953125,0.05078125,0.0390625,0.0,-0.31640625,0,0
1779555744.240467,-0.28125,-0.376953125,0.05078125,0.0390625,0.0,-0.31640625,0,0
1779555744.248419,-0.28125,-0.376953125,0.05078125,0.037109375,0.0,-0.3125,0,0
1779555744.256480,-0.30078125,-0.380859375,0.046875,0.037109375,0.0,-0.3125,0,0
1779555744.264480,-0.30078125,-0.380859375,0.046875,0.03125,0.0,-0.3046875,0,0
1779555744.272511,-0.31640625,-0.384765625,0.041015625,0.03125,0.0,-0.3046875,0,0
1779555744.280395,-0.31640625,-0.384765625,0.041015625,0.03125,0.0,-0.296875,0,0
1779555744.288396,-0.326171875,-0.384765625,0.0390625,0.03125,0.0,-0.296875,0,0
1779555744.296387,-0.326171875,-0.384765625,0.0390625,0.033203125,0.0,-0.294921875,0,0
1779555744.304410,-0.33203125,-0.3828125,0.041015625,0.033203125,0.0,-0.294921875,0,0
1779555744.312550,-0.33203125,-0.3828125,0.041015625,0.037109375,0.0,-0.29296875,0,0
1779555744.320409,-0.333984375,-0.3828125,0.04296875,0.037109375,0.0,-0.29296875,0,0
1779555744.328402,-0.333984375,-0.3828125,0.04296875,0.04296875,0.0,-0.291015625,0,0
1779555744.336365,-0.333984375,-0.3828125,0.04296875,0.04296875,0.0,-0.291015625,0,0
1779555744.344468,-0.333984375,-0.3828125,0.04296875,0.041015625,0.0,-0.291015625,0,0
1779555744.352383,-0.337890625,-0.37890625,0.04296875,0.041015625,0.0,-0.291015625,0,0
1779555744.360359,-0.337890625,-0.37890625,0.04296875,0.0390625,0.0,-0.291015625,0,0
1779555744.368403,-0.34375,-0.376953125,0.04296875,0.0390625,0.0,-0.291015625,0,0
1779555744.376388,-0.34375,-0.376953125,0.04296875,0.0390625,0.0,-0.296875,0,0
1779555744.384472,-0.34375,-0.37109375,0.04296875,0.0390625,0.0,-0.296875,0,0
1779555744.392448,-0.34375,-0.37109375,0.04296875,0.037109375,0.0,-0.298828125,0,0
1779555744.400465,-0.345703125,-0.37109375,0.044921875,0.037109375,0.0,-0.298828125,0,0
1779555744.408414,-0.345703125,-0.37109375,0.044921875,0.03515625,0.0,-0.30078125,0,0
1779555744.416517,-0.34765625,-0.3671875,0.048828125,0.03515625,0.0,-0.30078125,0,0
1779555744.424445,-0.34765625,-0.3671875,0.048828125,0.037109375,0.0,-0.302734375,0,0
1779555744.432455,-0.337890625,-0.361328125,0.0546875,0.037109375,0.0,-0.302734375,0,0
1779555744.440501,-0.337890625,-0.361328125,0.0546875,0.0390625,0.0,-0.30859375,0,0
1779555744.448444,-0.326171875,-0.359375,0.06640625,0.0390625,0.0,-0.30859375,0,0
1779555744.456471,-0.326171875,-0.359375,0.06640625,0.041015625,0.0,-0.318359375,0,0
1779555744.464455,-0.3203125,-0.353515625,0.0703125,0.041015625,0.0,-0.318359375,0,0
1779555744.472488,-0.3203125,-0.353515625,0.0703125,0.041015625,0.0,-0.32421875,0,0
1779555744.480406,-0.318359375,-0.349609375,0.078125,0.041015625,0.0,-0.32421875,0,0
1779555744.488483,-0.318359375,-0.349609375,0.078125,0.04296875,0.0,-0.330078125,0,0
1779555744.496408,-0.314453125,-0.345703125,0.083984375,0.04296875,0.0,-0.330078125,0,0
1779555744.504487,-0.314453125,-0.345703125,0.083984375,0.044921875,0.0,-0.337890625,0,0
1779555744.512498,-0.302734375,-0.33984375,0.091796875,0.044921875,0.0,-0.337890625,0,0
1779555744.520443,-0.302734375,-0.33984375,0.091796875,0.044921875,0.0,-0.349609375,0,0
1779555744.528377,-0.28125,-0.337890625,0.099609375,0.044921875,0.0,-0.349609375,0,0
1779555744.536398,-0.28125,-0.337890625,0.099609375,0.04296875,0.0,-0.361328125,0,0
1779555744.544425,-0.267578125,-0.333984375,0.1015625,0.04296875,0.0,-0.361328125,0,0
1779555744.552513,-0.267578125,-0.333984375,0.1015625,0.04296875,0.0,-0.37109375,0,0
1779555744.560478,-0.25390625,-0.328125,0.103515625,0.04296875,0.0,-0.37109375,0,0
1779555744.568413,-0.25390625,-0.328125,0.103515625,0.044921875,0.0,-0.380859375,0,0
1779555744.576387,-0.24609375,-0.318359375,0.099609375,0.044921875,0.0,-0.380859375,0,0
1779555744.584371,-0.24609375,-0.318359375,0.099609375,0.046875,0.0,-0.392578125,0,0
1779555744.592391,-0.2421875,-0.302734375,0.099609375,0.046875,0.0,-0.392578125,0,0
1779555744.600420,-0.2421875,-0.302734375,0.099609375,0.046875,0.0,-0.412109375,0,0
1779555744.608511,-0.23828125,-0.2890625,0.099609375,0.046875,0.0,-0.412109375,0,0
1779555744.616439,-0.23828125,-0.2890625,0.099609375,0.046875,0.0,-0.43359375,0,0
1779555744.624423,-0.232421875,-0.27734375,0.1015625,0.046875,0.0,-0.43359375,0,0
1779555744.632396,-0.232421875,-0.27734375,0.1015625,0.044921875,0.0,-0.451171875,0,0
1779555744.640388,-0.22265625,-0.267578125,0.10546875,0.044921875,0.0,-0.451171875,0,0
1779555744.648446,-0.22265625,-0.267578125,0.10546875,0.044921875,0.0,-0.46875,0,0
1779555744.656487,-0.216796875,-0.2578125,0.1015625,0.044921875,0.0,-0.46875,0,0
1779555744.664447,-0.216796875,-0.2578125,0.1015625,0.044921875,0.0,-0.482421875,0,0
1779555744.672438,-0.20703125,-0.244140625,0.095703125,0.044921875,0.0,-0.482421875,0,0
1779555744.680417,-0.20703125,-0.244140625,0.095703125,0.044921875,0.0,-0.498046875,0,0
1779555744.688462,-0.197265625,-0.232421875,0.09375,0.044921875,0.0,-0.498046875,0,0
1779555744.696460,-0.197265625,-0.232421875,0.09375,0.044921875,0.0,-0.515625,0,0
1779555744.704461,-0.185546875,-0.21484375,0.0859375,0.044921875,0.0,-0.515625,0,0
1779555744.712509,-0.185546875,-0.21484375,0.0859375,0.048828125,0.0,-0.5390625,0,0
1779555744.720523,-0.177734375,-0.1953125,0.0859375,0.048828125,0.0,-0.5390625,0,0
1779555744.728399,-0.177734375,-0.1953125,0.0859375,0.048828125,0.0,-0.55859375,0,0
1779555744.736506,-0.16015625,-0.181640625,0.083984375,0.048828125,0.0,-0.55859375,0,0
1779555744.744412,-0.16015625,-0.181640625,0.083984375,0.048828125,0.0,-0.576171875,0,0
1779555744.752465,-0.146484375,-0.173828125,0.08203125,0.048828125,0.0,-0.576171875,0,0
1779555744.760448,-0.146484375,-0.173828125,0.08203125,0.046875,0.0,-0.583984375,0,0
1779555744.768409,-0.1328125,-0.166015625,0.083984375,0.046875,0.0,-0.583984375,0,0
1779555744.776469,-0.1328125,-0.166015625,0.083984375,0.044921875,0.0,-0.591796875,0,0
1779555744.784455,-0.125,-0.158203125,0.083984375,0.044921875,0.0,-0.591796875,0,0
1779555744.792452,-0.125,-0.158203125,0.083984375,0.04296875,0.0,-0.599609375,0,0
1779555744.800400,-0.11328125,-0.154296875,0.0859375,0.04296875,0.0,-0.599609375,0,0
1779555744.808437,-0.11328125,-0.154296875,0.0859375,0.044921875,0.0,-0.60546875,0,0
1779555744.816474,-0.103515625,-0.142578125,0.0859375,0.044921875,0.0,-0.60546875,0,0
1779555744.824466,-0.103515625,-0.142578125,0.0859375,0.0390625,0.0,-0.61328125,0,0
1779555744.832454,-0.091796875,-0.134765625,0.08984375,0.0390625,0.0,-0.61328125,0,0
1779555744.840411,-0.091796875,-0.134765625,0.08984375,0.041015625,0.0,-0.62109375,0,0
1779555744.848458,-0.0859375,-0.126953125,0.091796875,0.041015625,0.0,-0.62109375,0,0
1779555744.856455,-0.0859375,-0.126953125,0.091796875,0.0390625,0.0,-0.626953125,0,0
1779555744.864462,-0.08203125,-0.126953125,0.091796875,0.0390625,0.0,-0.626953125,0,0
1779555744.872374,-0.08203125,-0.126953125,0.091796875,0.041015625,0.0,-0.626953125,0,0
1779555744.880426,-0.080078125,-0.125,0.091796875,0.041015625,0.0,-0.626953125,0,0
1779555744.888514,-0.080078125,-0.125,0.091796875,0.041015625,0.0,-0.62890625,0,0
1779555744.896502,-0.072265625,-0.12109375,0.091796875,0.041015625,0.0,-0.62890625,0,0
1779555744.904429,-0.072265625,-0.12109375,0.091796875,0.037109375,0.0,-0.6328125,0,0
1779555744.912518,-0.0625,-0.11328125,0.091796875,0.037109375,0.0,-0.6328125,0,0
1779555744.920518,-0.0625,-0.11328125,0.091796875,0.033203125,0.0,-0.638671875,0,0
1779555744.928505,-0.05859375,-0.111328125,0.091796875,0.033203125,0.0,-0.638671875,0,0
1779555744.936503,-0.05859375,-0.111328125,0.091796875,0.033203125,0.0,-0.642578125,0,0
1779555744.944607,-0.056640625,-0.107421875,0.091796875,0.033203125,0.0,-0.642578125,0,0
1779555744.952440,-0.056640625,-0.107421875,0.091796875,0.033203125,0.0,-0.64453125,0,0
1779555744.960498,-0.056640625,-0.10546875,0.091796875,0.033203125,0.0,-0.64453125,0,0
1779555744.968480,-0.056640625,-0.10546875,0.091796875,0.03125,0.0,-0.64453125,0,0
1779555744.976470,-0.056640625,-0.10546875,0.091796875,0.03125,0.0,-0.64453125,0,0
1779555744.984466,-0.056640625,-0.10546875,0.091796875,0.03125,0.0,-0.64453125,0,0
1779555744.992483,-0.0546875,-0.10546875,0.091796875,0.03125,0.0,-0.64453125,0,0
1779555745.000520,-0.0546875,-0.10546875,0.091796875,0.03125,0.0,-0.64453125,0,0
1779555745.008498,-0.052734375,-0.103515625,0.08984375,0.03125,0.0,-0.64453125,0,0
1779555745.016487,-0.052734375,-0.103515625,0.08984375,0.03125,0.0,-0.646484375,0,0
1779555745.024437,-0.05078125,-0.1015625,0.08984375,0.03125,0.0,-0.646484375,0,0
1779555745.032453,-0.05078125,-0.1015625,0.08984375,0.029296875,0.0,-0.6484375,0,0
1779555745.040387,-0.048828125,-0.1015625,0.08984375,0.029296875,0.0,-0.6484375,0,0
1779555745.048453,-0.048828125,-0.1015625,0.08984375,0.029296875,0.0,-0.650390625,0,0
1779555745.056389,-0.044921875,-0.099609375,0.091796875,0.029296875,0.0,-0.650390625,0,0
1779555745.064396,-0.044921875,-0.099609375,0.091796875,0.029296875,0.0,-0.650390625,0,0
1779555745.072374,-0.044921875,-0.099609375,0.091796875,0.029296875,0.0,-0.650390625,0,0
1779555745.080381,-0.044921875,-0.099609375,0.091796875,0.029296875,0.0,-0.650390625,0,0
1779555745.088426,-0.044921875,-0.099609375,0.091796875,0.029296875,0.0,-0.650390625,0,0
1779555745.096413,-0.044921875,-0.099609375,0.091796875,0.03125,0.0,-0.65234375,0,0
1779555745.104414,-0.044921875,-0.095703125,0.08984375,0.03125,0.0,-0.65234375,0,0
1779555745.112450,-0.044921875,-0.095703125,0.08984375,0.02734375,0.0,-0.65234375,0,0
1779555745.120369,-0.0390625,-0.09375,0.091796875,0.02734375,0.0,-0.65234375,0,0
1779555745.128411,-0.0390625,-0.09375,0.091796875,0.029296875,0.0,-0.654296875,0,0
1779555745.136438,-0.0390625,-0.09375,0.091796875,0.029296875,0.0,-0.654296875,0,0
1779555745.144418,-0.0390625,-0.09375,0.091796875,0.02734375,0.0,-0.65625,0,0
1779555745.152425,-0.0390625,-0.091796875,0.08984375,0.02734375,0.0,-0.65625,0,0
1779555745.160410,-0.0390625,-0.091796875,0.08984375,0.025390625,0.0,-0.65625,0,0
1779555745.168430,-0.0390625,-0.091796875,0.08984375,0.025390625,0.0,-0.65625,0,0
1779555745.176478,-0.0390625,-0.091796875,0.08984375,0.025390625,0.0,-0.65625,0,0
1779555745.184409,-0.037109375,-0.091796875,0.08984375,0.025390625,0.0,-0.65625,0,0
1779555745.192411,-0.037109375,-0.091796875,0.08984375,0.025390625,0.0,-0.65625,0,0
1779555745.200423,-0.037109375,-0.08984375,0.08984375,0.025390625,0.0,-0.65625,0,0
1779555745.208423,-0.037109375,-0.08984375,0.08984375,0.0234375,0.0,-0.65625,0,0
1779555745.216421,-0.037109375,-0.08984375,0.08984375,0.0234375,0.0,-0.65625,0,0
1779555745.224452,-0.037109375,-0.08984375,0.08984375,0.025390625,0.0,-0.65625,0,0
1779555745.232419,-0.037109375,-0.08984375,0.091796875,0.025390625,0.0,-0.65625,0,0
1779555745.240432,-0.037109375,-0.08984375,0.091796875,0.025390625,0.0,-0.65625,0,0
1779555745.248379,-0.037109375,-0.08984375,0.091796875,0.025390625,0.0,-0.65625,0,0
1779555745.256451,-0.037109375,-0.08984375,0.091796875,0.02734375,0.0,-0.65625,0,0
1779555745.264393,-0.037109375,-0.08984375,0.091796875,0.02734375,0.0,-0.65625,0,0
1779555745.272515,-0.037109375,-0.08984375,0.091796875,0.02734375,0.0,-0.65625,0,0
1779555745.280403,-0.037109375,-0.08984375,0.091796875,0.02734375,0.0,-0.65625,0,0
1779555745.288476,-0.037109375,-0.08984375,0.091796875,0.02734375,0.0,-0.65625,0,0
1779555745.296470,-0.0390625,-0.08984375,0.08984375,0.02734375,0.0,-0.65625,0,0
1779555745.304385,-0.0390625,-0.08984375,0.08984375,0.02734375,0.0,-0.658203125,0,0
1779555745.312493,-0.0390625,-0.091796875,0.08984375,0.02734375,0.0,-0.658203125,0,0
1779555745.320474,-0.0390625,-0.091796875,0.08984375,0.02734375,0.0,-0.658203125,0,0
1779555745.328475,-0.037109375,-0.091796875,0.08984375,0.02734375,0.0,-0.658203125,0,0
1779555745.336500,-0.037109375,-0.091796875,0.08984375,0.025390625,0.0,-0.658203125,0,0
1779555745.344485,-0.037109375,-0.091796875,0.08984375,0.025390625,0.0,-0.658203125,0,0
1779555745.352485,-0.037109375,-0.091796875,0.08984375,0.025390625,0.0,-0.658203125,0,0
1779555745.360413,-0.037109375,-0.091796875,0.08984375,0.025390625,0.0,-0.658203125,0,0
1779555745.368403,-0.037109375,-0.091796875,0.08984375,0.02734375,0.0,-0.658203125,0,0
1779555745.376394,-0.037109375,-0.091796875,0.08984375,0.02734375,0.0,-0.658203125,0,0
1779555745.384407,-0.037109375,-0.091796875,0.08984375,0.02734375,0.0,-0.658203125,0,0
1779555745.392393,-0.037109375,-0.08984375,0.08984375,0.02734375,0.0,-0.658203125,0,0
1779555745.400440,-0.037109375,-0.08984375,0.08984375,0.025390625,0.0,-0.66015625,0,0
1779555745.408476,-0.03515625,-0.08984375,0.08984375,0.025390625,0.0,-0.66015625,0,0
1779555745.416444,-0.03515625,-0.08984375,0.08984375,0.025390625,0.0,-0.66015625,0,0
1779555745.424508,-0.03515625,-0.08984375,0.08984375,0.025390625,0.0,-0.66015625,0,0
1779555745.432425,-0.03515625,-0.08984375,0.08984375,0.025390625,0.0,-0.66015625,0,0
1779555745.440423,-0.03515625,-0.087890625,0.087890625,0.025390625,0.0,-0.66015625,0,0
1779555745.448460,-0.03515625,-0.087890625,0.087890625,0.02734375,0.0,-0.662109375,0,0
1779555745.456538,-0.03515625,-0.087890625,0.087890625,0.02734375,0.0,-0.662109375,0,0
1779555745.464434,-0.03515625,-0.087890625,0.087890625,0.02734375,0.0,-0.662109375,0,0
1779555745.472445,-0.033203125,-0.0859375,0.087890625,0.02734375,0.0,-0.662109375,0,0
1779555745.480455,-0.033203125,-0.0859375,0.087890625,0.025390625,0.0,-0.662109375,0,0
1779555745.488450,-0.033203125,-0.0859375,0.087890625,0.025390625,0.0,-0.662109375,0,0
1779555745.496365,-0.033203125,-0.0859375,0.087890625,0.025390625,0.0,-0.662109375,0,0
1779555745.504405,-0.033203125,-0.0859375,0.087890625,0.025390625,0.0,-0.662109375,0,0
1779555745.512503,-0.033203125,-0.0859375,0.087890625,0.025390625,0.0,-0.662109375,0,0
1779555745.520377,-0.03125,-0.083984375,0.087890625,0.025390625,0.0,-0.662109375,0,0
1779555745.528365,-0.03125,-0.083984375,0.087890625,0.021484375,0.0,-0.6640625,0,0
1779555745.536455,-0.029296875,-0.083984375,0.087890625,0.021484375,0.0,-0.6640625,0,0
1779555745.544438,-0.029296875,-0.083984375,0.087890625,0.021484375,0.0,-0.6640625,0,0
1779555745.552442,-0.029296875,-0.083984375,0.087890625,0.021484375,0.0,-0.6640625,0,0
1779555745.560433,-0.029296875,-0.083984375,0.087890625,0.0234375,0.0,-0.6640625,0,0
1779555745.568432,-0.029296875,-0.083984375,0.087890625,0.0234375,0.0,-0.6640625,0,0
1779555745.576379,-0.029296875,-0.083984375,0.087890625,0.0234375,0.0,-0.6640625,0,0
1779555745.584502,-0.029296875,-0.083984375,0.0859375,0.0234375,0.0,-0.6640625,0,0
1779555745.592402,-0.029296875,-0.083984375,0.0859375,0.0234375,0.0,-0.666015625,0,0
1779555745.600456,-0.029296875,-0.083984375,0.0859375,0.0234375,0.0,-0.666015625,0,0
1779555745.608417,-0.029296875,-0.083984375,0.0859375,0.0234375,0.0,-0.666015625,0,0
1779555745.616448,-0.02734375,-0.08203125,0.0859375,0.0234375,0.0,-0.666015625,0,0
1779555745.624434,-0.02734375,-0.08203125,0.0859375,0.0234375,0.0,-0.666015625,0,0
1779555745.632406,-0.02734375,-0.08203125,0.0859375,0.0234375,0.0,-0.666015625,0,0
1779555745.640432,-0.02734375,-0.08203125,0.0859375,0.021484375,0.0,-0.666015625,0,0
1779555745.648406,-0.02734375,-0.08203125,0.083984375,0.021484375,0.0,-0.666015625,0,0
1779555745.656428,-0.02734375,-0.08203125,0.083984375,0.021484375,0.0,-0.66796875,0,0
1779555745.664479,-0.0234375,-0.080078125,0.083984375,0.021484375,0.0,-0.66796875,0,0
1779555745.672439,-0.0234375,-0.080078125,0.083984375,0.021484375,0.0,-0.66796875,0,0
1779555745.680386,-0.0234375,-0.080078125,0.083984375,0.021484375,0.0,-0.66796875,0,0
1779555745.688448,-0.0234375,-0.080078125,0.083984375,0.021484375,0.0,-0.669921875,0,0
1779555745.696472,-0.0234375,-0.078125,0.083984375,0.021484375,0.0,-0.669921875,0,0
1779555745.704519,-0.0234375,-0.078125,0.083984375,0.021484375,0.0,-0.669921875,0,0
1779555745.712506,-0.0234375,-0.078125,0.083984375,0.021484375,0.0,-0.669921875,0,0
1779555745.720467,-0.0234375,-0.078125,0.083984375,0.021484375,0.0,-0.669921875,0,0
1779555745.728491,-0.021484375,-0.078125,0.08203125,0.021484375,0.0,-0.669921875,0,0
1779555745.736509,-0.021484375,-0.078125,0.08203125,0.01953125,0.0,-0.669921875,0,0
1779555745.744431,-0.021484375,-0.078125,0.08203125,0.01953125,0.0,-0.669921875,0,0
1779555745.752409,-0.021484375,-0.078125,0.08203125,0.01953125,0.0,-0.669921875,0,0
1779555745.760377,-0.021484375,-0.078125,0.08203125,0.01953125,0.0,-0.669921875,0,0
1779555745.768470,-0.021484375,-0.078125,0.08203125,0.01953125,0.0,-0.669921875,0,0
1779555745.776453,-0.021484375,-0.078125,0.08203125,0.01953125,0.0,-0.669921875,0,0
1779555745.784516,-0.021484375,-0.078125,0.08203125,0.01953125,0.0,-0.669921875,0,0
1779555745.792378,-0.021484375,-0.078125,0.08203125,0.01953125,0.0,-0.669921875,0,0
1779555745.800416,-0.021484375,-0.078125,0.08203125,0.01953125,0.0,-0.669921875,0,0
1779555745.808450,-0.021484375,-0.078125,0.08203125,0.01953125,0.0,-0.669921875,0,0
1779555745.816470,-0.021484375,-0.078125,0.08203125,0.01953125,0.0,-0.669921875,0,0
1779555745.824405,-0.021484375,-0.078125,0.08203125,0.01953125,0.0,-0.669921875,0,0
1779555745.832468,-0.021484375,-0.078125,0.08203125,0.01953125,0.0,-0.669921875,0,0
1779555745.840422,-0.021484375,-0.078125,0.08203125,0.01953125,0.0,-0.669921875,0,0
1779555745.848435,-0.021484375,-0.078125,0.08203125,0.01953125,0.0,-0.669921875,0,0
1779555745.856416,-0.021484375,-0.078125,0.08203125,0.01953125,0.0,-0.669921875,0,0
1779555745.864367,-0.021484375,-0.078125,0.08203125,0.01953125,0.0,-0.669921875,0,0
1779555745.872371,-0.021484375,-0.078125,0.08203125,0.01953125,0.0,-0.669921875,0,0
1779555745.880433,-0.021484375,-0.078125,0.08203125,0.01953125,0.0,-0.669921875,0,0
1779555745.888448,-0.021484375,-0.078125,0.08203125,0.01953125,0.0,-0.669921875,0,0
1779555745.896421,-0.021484375,-0.078125,0.08203125,0.01953125,0.0,-0.669921875,0,0
1779555745.904434,-0.021484375,-0.078125,0.08203125,0.01953125,0.0,-0.669921875,0,0
1779555745.912455,-0.021484375,-0.078125,0.08203125,0.01953125,0.0,-0.669921875,0,0
1779555745.920472,-0.021484375,-0.078125,0.08203125,0.01953125,0.0,-0.669921875,0,0
1779555745.928451,-0.021484375,-0.078125,0.08203125,0.01953125,0.0,-0.669921875,0,0
1779555745.936484,-0.021484375,-0.078125,0.08203125,0.01953125,0.0,-0.669921875,0,0
1779555745.944423,-0.021484375,-0.078125,0.08203125,0.01953125,0.0,-0.669921875,0,0
1779555745.952448,-0.021484375,-0.078125,0.08203125,0.01953125,0.0,-0.669921875,0,0
1779555745.960365,-0.021484375,-0.078125,0.08203125,0.01953125,0.0,-0.669921875,0,0
1779555745.968455,-0.021484375,-0.078125,0.08203125,0.01953125,0.0,-0.669921875,0,0
1779555745.976419,-0.021484375,-0.078125,0.08203125,0.01953125,0.0,-0.669921875,0,0
1779555745.984440,-0.021484375,-0.078125,0.08203125,0.01953125,0.0,-0.669921875,0,0
1779555745.992376,-0.021484375,-0.078125,0.08203125,0.01953125,0.0,-0.669921875,0,0
1779555746.000434,-0.021484375,-0.078125,0.08203125,0.01953125,0.0,-0.669921875,0,0
1779555746.008443,-0.021484375,-0.078125,0.08203125,0.01953125,0.0,-0.669921875,0,0
1779555746.016475,-0.021484375,-0.078125,0.08203125,0.01953125,0.0,-0.669921875,0,0
1779555746.024409,-0.021484375,-0.078125,0.08203125,0.01953125,0.0,-0.669921875,0,0
1779555746.032377,-0.021484375,-0.078125,0.080078125,0.01953125,0.0,-0.669921875,0,0
1779555746.040395,-0.021484375,-0.078125,0.080078125,0.01953125,0.0,-0.669921875,0,0
1779555746.048369,-0.021484375,-0.078125,0.080078125,0.01953125,0.0,-0.669921875,0,0
1779555746.056368,-0.021484375,-0.078125,0.080078125,0.01953125,0.0,-0.669921875,0,0
1779555746.064371,-0.021484375,-0.078125,0.080078125,0.01953125,0.0,-0.669921875,0,0
1779555746.072438,-0.021484375,-0.078125,0.080078125,0.01953125,0.0,-0.669921875,0,0
1779555746.080449,-0.021484375,-0.078125,0.080078125,0.01953125,0.0,-0.669921875,0,0
1779555746.088377,-0.021484375,-0.078125,0.080078125,0.01953125,0.0,-0.669921875,0,0
1779555746.096375,-0.021484375,-0.078125,0.080078125,0.01953125,0.0,-0.669921875,0,0
1779555746.104412,-0.021484375,-0.078125,0.080078125,0.01953125,0.0,-0.669921875,0,0
1779555746.112458,-0.021484375,-0.078125,0.080078125,0.01953125,0.0,-0.669921875,0,0
1779555746.120382,-0.021484375,-0.078125,0.080078125,0.01953125,0.0,-0.669921875,0,0
1779555746.128349,-0.021484375,-0.078125,0.080078125,0.01953125,0.0,-0.669921875,0,0
1779555746.136415,-0.021484375,-0.078125,0.080078125,0.01953125,0.0,-0.669921875,0,0
1779555746.144434,-0.021484375,-0.078125,0.080078125,0.01953125,0.0,-0.669921875,0,0
1779555746.152476,-0.021484375,-0.078125,0.080078125,0.01953125,0.0,-0.669921875,0,0
1779555746.160429,-0.021484375,-0.078125,0.080078125,0.01953125,0.0,-0.669921875,0,0
1779555746.168469,-0.021484375,-0.078125,0.080078125,0.01953125,0.0,-0.669921875,0,0
1779555746.176359,-0.01953125,-0.078125,0.080078125,0.01953125,0.0,-0.669921875,0,0
1779555746.184431,-0.01953125,-0.078125,0.080078125,0.01953125,0.0,-0.671875,0,0
1779555746.192413,-0.01953125,-0.078125,0.080078125,0.01953125,0.0,-0.671875,0,0
1779555746.200417,-0.01953125,-0.078125,0.080078125,0.01953125,0.0,-0.671875,0,0
1779555746.208475,-0.01953125,-0.078125,0.080078125,0.01953125,0.0,-0.671875,0,0
1779555746.216451,-0.01953125,-0.078125,0.080078125,0.01953125,0.0,-0.671875,0,0
1779555746.224452,-0.01953125,-0.078125,0.080078125,0.01953125,0.0,-0.671875,0,0
1779555746.232444,-0.01953125,-0.078125,0.080078125,0.01953125,0.0,-0.671875,0,0
1779555746.240465,-0.01953125,-0.078125,0.080078125,0.01953125,0.0,-0.671875,0,0
1779555746.248425,-0.01953125,-0.078125,0.080078125,0.01953125,0.0,-0.671875,0,0
1779555746.256404,-0.01953125,-0.078125,0.080078125,0.01953125,0.0,-0.671875,0,0
1779555746.264454,-0.01953125,-0.078125,0.080078125,0.017578125,0.0,-0.671875,0,0
1779555746.272501,-0.01953125,-0.076171875,0.080078125,0.017578125,0.0,-0.671875,0,0
1779555746.280491,-0.01953125,-0.076171875,0.080078125,0.017578125,0.0,-0.671875,0,0
1779555746.288486,-0.01953125,-0.076171875,0.080078125,0.017578125,0.0,-0.671875,0,0
1779555746.296453,-0.01953125,-0.076171875,0.080078125,0.017578125,0.0,-0.671875,0,0
1779555746.304388,-0.01953125,-0.076171875,0.080078125,0.017578125,0.0,-0.671875,0,0
1779555746.312407,-0.01953125,-0.076171875,0.080078125,0.017578125,0.0,-0.671875,0,0
1779555746.320398,-0.01953125,-0.076171875,0.080078125,0.017578125,0.0,-0.671875,0,0
1779555746.328417,-0.01953125,-0.076171875,0.080078125,0.017578125,0.0,-0.671875,0,0
1779555746.336438,-0.01953125,-0.076171875,0.080078125,0.017578125,0.0,-0.671875,0,0
1779555746.344397,-0.01953125,-0.076171875,0.080078125,0.017578125,0.0,-0.671875,0,0
1779555746.352437,-0.01953125,-0.076171875,0.080078125,0.017578125,0.0,-0.671875,0,0
1779555746.360388,-0.01953125,-0.076171875,0.080078125,0.017578125,0.0,-0.671875,0,0
1779555746.368422,-0.01953125,-0.076171875,0.080078125,0.017578125,0.0,-0.671875,0,0
1779555746.376395,-0.01953125,-0.076171875,0.080078125,0.01953125,0.0,-0.671875,0,0
1779555746.384475,-0.01953125,-0.076171875,0.080078125,0.01953125,0.0,-0.671875,0,0
1779555746.392437,-0.01953125,-0.076171875,0.080078125,0.01953125,0.0,-0.671875,0,0
1779555746.400436,-0.01953125,-0.076171875,0.080078125,0.01953125,0.0,-0.671875,0,0
1779555746.408454,-0.01953125,-0.076171875,0.080078125,0.01953125,0.0,-0.671875,0,0
1779555746.416451,-0.01953125,-0.076171875,0.080078125,0.01953125,0.0,-0.671875,0,0
1779555746.424399,-0.01953125,-0.076171875,0.080078125,0.01953125,0.0,-0.671875,0,0
1779555746.432409,-0.01953125,-0.076171875,0.080078125,0.01953125,0.0,-0.671875,0,0
1779555746.440403,-0.01953125,-0.076171875,0.080078125,0.01953125,0.0,-0.671875,0,0
1779555746.448466,-0.01953125,-0.076171875,0.080078125,0.01953125,0.0,-0.671875,0,0
1779555746.456364,-0.01953125,-0.076171875,0.080078125,0.01953125,0.0,-0.671875,0,0
1779555746.464356,-0.01953125,-0.076171875,0.080078125,0.01953125,0.0,-0.671875,0,0
1779555746.472383,-0.01953125,-0.076171875,0.080078125,0.01953125,0.0,-0.671875,0,0
1779555746.480393,-0.01953125,-0.076171875,0.080078125,0.01953125,0.0,-0.671875,0,0
1779555746.488478,-0.01953125,-0.076171875,0.080078125,0.01953125,0.0,-0.671875,0,0
1779555746.496364,-0.01953125,-0.076171875,0.080078125,0.01953125,0.0,-0.671875,0,0
1779555746.504409,-0.01953125,-0.076171875,0.080078125,0.01953125,0.0,-0.671875,0,0
1779555746.512464,-0.01953125,-0.076171875,0.080078125,0.01953125,0.0,-0.671875,0,0
1779555746.520381,-0.01953125,-0.076171875,0.080078125,0.01953125,0.0,-0.671875,0,0
1779555746.528449,-0.01953125,-0.076171875,0.080078125,0.01953125,0.0,-0.671875,0,0
1779555746.536463,-0.01953125,-0.076171875,0.080078125,0.01953125,0.0,-0.671875,0,0
1779555746.544456,-0.01953125,-0.076171875,0.080078125,0.01953125,0.0,-0.671875,0,0
1779555746.552493,-0.01953125,-0.076171875,0.080078125,0.01953125,0.0,-0.671875,0,0
1779555746.560510,-0.01953125,-0.076171875,0.080078125,0.01953125,0.0,-0.671875,0,0
1779555746.568413,-0.01953125,-0.076171875,0.080078125,0.01953125,0.0,-0.671875,0,0
1779555746.576438,-0.01953125,-0.076171875,0.080078125,0.01953125,0.0,-0.671875,0,0
1779555746.584431,-0.01953125,-0.076171875,0.080078125,0.01953125,0.0,-0.671875,0,0
1779555746.592485,-0.01953125,-0.076171875,0.080078125,0.01953125,0.0,-0.671875,0,0
1779555746.600419,-0.01953125,-0.076171875,0.080078125,0.01953125,0.0,-0.671875,0,0
1779555746.608482,-0.01953125,-0.076171875,0.080078125,0.01953125,0.0,-0.671875,0,0
1779555746.616446,-0.01953125,-0.076171875,0.080078125,0.01953125,0.0,-0.671875,0,0
1779555746.624451,-0.01953125,-0.076171875,0.080078125,0.01953125,0.0,-0.671875,0,0
1779555746.632420,-0.01953125,-0.076171875,0.080078125,0.01953125,0.0,-0.671875,0,0
1779555746.640488,-0.01953125,-0.076171875,0.080078125,0.01953125,0.0,-0.671875,0,0
1779555746.648475,-0.01953125,-0.076171875,0.080078125,0.01953125,0.0,-0.671875,0,0
1779555746.656473,-0.01953125,-0.076171875,0.080078125,0.01953125,0.0,-0.671875,0,0
1779555746.664499,-0.01953125,-0.076171875,0.080078125,0.01953125,0.0,-0.671875,0,0
1779555746.672417,-0.01953125,-0.076171875,0.080078125,0.01953125,0.0,-0.671875,0,0
1779555746.680397,-0.01953125,-0.076171875,0.080078125,0.01953125,0.0,-0.671875,0,0
1779555746.688388,-0.01953125,-0.076171875,0.078125,0.01953125,0.0,-0.671875,0,0
1779555746.696354,-0.01953125,-0.076171875,0.078125,0.017578125,0.0,-0.671875,0,0
1779555746.704442,-0.01953125,-0.076171875,0.078125,0.017578125,0.0,-0.671875,0,0
1779555746.712477,-0.01953125,-0.076171875,0.078125,0.017578125,0.0,-0.671875,0,0
1779555746.720417,-0.01953125,-0.076171875,0.078125,0.017578125,0.0,-0.671875,0,0
1779555746.728406,-0.01953125,-0.076171875,0.078125,0.017578125,0.0,-0.671875,0,0
1779555746.736459,-0.01953125,-0.076171875,0.078125,0.017578125,0.0,-0.671875,0,0
1779555746.744405,-0.01953125,-0.076171875,0.078125,0.017578125,0.0,-0.671875,0,0
1779555746.752458,-0.01953125,-0.076171875,0.078125,0.017578125,0.0,-0.671875,0,0
1779555746.760460,-0.01953125,-0.076171875,0.078125,0.017578125,0.0,-0.671875,0,0
1779555746.768444,-0.01953125,-0.076171875,0.078125,0.017578125,0.0,-0.671875,0,0
1779555746.776438,-0.01953125,-0.076171875,0.078125,0.017578125,0.0,-0.671875,0,0
1779555746.784447,-0.01953125,-0.076171875,0.078125,0.017578125,0.0,-0.671875,0,0
1779555746.792412,-0.01953125,-0.076171875,0.078125,0.017578125,0.0,-0.671875,0,0
1779555746.800412,-0.01953125,-0.076171875,0.078125,0.017578125,0.0,-0.671875,0,0
1779555746.808390,-0.01953125,-0.076171875,0.078125,0.017578125,0.0,-0.671875,0,0
1779555746.816417,-0.01953125,-0.076171875,0.078125,0.017578125,0.0,-0.671875,0,0
1779555746.824423,-0.01953125,-0.076171875,0.078125,0.017578125,0.0,-0.671875,0,0
1779555746.832425,-0.01953125,-0.076171875,0.078125,0.017578125,0.0,-0.671875,0,0
1779555746.840425,-0.01953125,-0.076171875,0.078125,0.017578125,0.0,-0.671875,0,0
1779555746.848431,-0.01953125,-0.076171875,0.078125,0.017578125,0.0,-0.671875,0,0
1779555746.856462,-0.01953125,-0.076171875,0.078125,0.017578125,0.0,-0.671875,0,0
1779555746.864415,-0.01953125,-0.076171875,0.078125,0.017578125,0.0,-0.671875,0,0
1779555746.872417,-0.01953125,-0.076171875,0.078125,0.017578125,0.0,-0.671875,0,0
1779555746.880476,-0.01953125,-0.076171875,0.078125,0.017578125,0.0,-0.671875,0,0
1779555746.888386,-0.01953125,-0.076171875,0.078125,0.017578125,0.0,-0.671875,0,0
1779555746.896399,-0.01953125,-0.076171875,0.078125,0.017578125,0.0,-0.671875,0,0
1779555746.904415,-0.01953125,-0.076171875,0.078125,0.017578125,0.0,-0.671875,0,0
1779555746.912421,-0.01953125,-0.076171875,0.078125,0.017578125,0.0,-0.671875,0,0
1779555746.920486,-0.01953125,-0.076171875,0.078125,0.017578125,0.0,-0.671875,0,0
1779555746.928504,-0.01953125,-0.076171875,0.078125,0.017578125,0.0,-0.671875,0,0
1779555746.936480,-0.01953125,-0.076171875,0.078125,0.017578125,0.0,-0.671875,0,0
1779555746.944423,-0.01953125,-0.076171875,0.078125,0.017578125,0.0,-0.671875,0,0
1779555746.952453,-0.01953125,-0.076171875,0.078125,0.017578125,0.0,-0.671875,0,0
1779555746.960389,-0.01953125,-0.076171875,0.078125,0.017578125,0.0,-0.671875,0,0
1779555746.968444,-0.01953125,-0.076171875,0.078125,0.017578125,0.0,-0.671875,0,0
1779555746.976473,-0.01953125,-0.076171875,0.078125,0.017578125,0.0,-0.671875,0,0
1779555746.984450,-0.01953125,-0.076171875,0.078125,0.015625,0.0,-0.671875,0,0
1779555746.992517,-0.01953125,-0.076171875,0.078125,0.015625,0.0,-0.671875,0,0
1779555747.000413,-0.01953125,-0.076171875,0.078125,0.015625,0.0,-0.671875,0,0
1779555747.008415,-0.01953125,-0.076171875,0.076171875,0.015625,0.0,-0.671875,0,0
1779555747.016410,-0.01953125,-0.076171875,0.076171875,0.015625,0.0,-0.671875,0,0
1779555747.024364,-0.01953125,-0.076171875,0.076171875,0.015625,0.0,-0.671875,0,0
1779555747.032413,-0.01953125,-0.076171875,0.076171875,0.015625,0.0,-0.671875,0,0
1779555747.040411,-0.01953125,-0.076171875,0.076171875,0.015625,0.0,-0.671875,0,0
1779555747.048414,-0.01953125,-0.076171875,0.076171875,0.015625,0.0,-0.671875,0,0
1779555747.056420,-0.01953125,-0.076171875,0.076171875,0.015625,0.0,-0.671875,0,0
1779555747.064403,-0.01953125,-0.076171875,0.076171875,0.015625,0.0,-0.671875,0,0
1779555747.072482,-0.01953125,-0.078125,0.076171875,0.015625,0.0,-0.671875,0,0
1779555747.080479,-0.01953125,-0.078125,0.076171875,0.017578125,0.0,-0.671875,0,0
1779555747.088383,-0.01953125,-0.078125,0.076171875,0.017578125,0.0,-0.671875,0,0
1779555747.096363,-0.01953125,-0.078125,0.076171875,0.017578125,0.0,-0.671875,0,0
1779555747.104456,-0.01953125,-0.078125,0.07421875,0.017578125,0.0,-0.671875,0,0
1779555747.112415,-0.01953125,-0.078125,0.07421875,0.015625,0.0,-0.671875,0,0
1779555747.120461,-0.01953125,-0.078125,0.072265625,0.015625,0.0,-0.671875,0,0
1779555747.128438,-0.01953125,-0.078125,0.072265625,0.015625,0.0,-0.671875,0,0
1779555747.136470,-0.021484375,-0.078125,0.072265625,0.015625,0.0,-0.671875,0,0
1779555747.144417,-0.021484375,-0.078125,0.072265625,0.015625,0.0,-0.671875,0,0
1779555747.152505,-0.0234375,-0.080078125,0.0703125,0.015625,0.0,-0.671875,0,0
1779555747.160475,-0.0234375,-0.080078125,0.0703125,0.013671875,0.0,-0.671875,0,0
1779555747.168468,-0.0234375,-0.080078125,0.0703125,0.013671875,0.0,-0.671875,0,0
1779555747.176493,-0.0234375,-0.080078125,0.0703125,0.013671875,0.0,-0.671875,0,0
1779555747.184432,-0.0234375,-0.080078125,0.068359375,0.013671875,0.0,-0.671875,0,0
1779555747.192491,-0.0234375,-0.080078125,0.068359375,0.013671875,0.0,-0.671875,0,0
1779555747.200404,-0.0234375,-0.08203125,0.06640625,0.013671875,0.0,-0.671875,0,0
1779555747.208420,-0.0234375,-0.08203125,0.06640625,0.013671875,0.0,-0.671875,0,0
1779555747.216447,-0.0234375,-0.08203125,0.064453125,0.013671875,0.0,-0.671875,0,0
1779555747.224449,-0.0234375,-0.08203125,0.064453125,0.01171875,0.0,-0.671875,0,0
1779555747.232389,-0.0234375,-0.08203125,0.05859375,0.01171875,0.0,-0.671875,0,0
1779555747.240449,-0.0234375,-0.08203125,0.05859375,0.005859375,0.0,-0.671875,0,0
1779555747.248442,-0.0234375,-0.08203125,0.05078125,0.005859375,0.0,-0.671875,0,0
1779555747.256492,-0.0234375,-0.08203125,0.05078125,0.005859375,0.0,-0.671875,0,0
1779555747.264451,-0.02734375,-0.0859375,0.04296875,0.005859375,0.0,-0.671875,0,0
1779555747.272482,-0.02734375,-0.0859375,0.04296875,0.005859375,0.0,-0.671875,0,0
1779555747.280406,-0.029296875,-0.0859375,0.04296875,0.005859375,0.0,-0.671875,0,0
1779555747.288512,-0.029296875,-0.0859375,0.04296875,0.005859375,0.0,-0.671875,0,0
1779555747.296509,-0.029296875,-0.0859375,0.04296875,0.005859375,0.0,-0.671875,0,0
1779555747.304473,-0.029296875,-0.0859375,0.04296875,0.005859375,0.0,-0.671875,0,0
1779555747.312459,-0.029296875,-0.0859375,0.044921875,0.005859375,0.0,-0.671875,0,0
1779555747.320458,-0.029296875,-0.0859375,0.044921875,0.005859375,0.0,-0.671875,0,0
1779555747.328477,-0.029296875,-0.0859375,0.046875,0.005859375,0.0,-0.671875,0,0
1779555747.336490,-0.029296875,-0.0859375,0.046875,0.005859375,0.0,-0.671875,0,0
1779555747.344407,-0.02734375,-0.0859375,0.048828125,0.005859375,0.0,-0.671875,0,0
1779555747.352420,-0.02734375,-0.0859375,0.048828125,0.005859375,0.0,-0.671875,0,0
1779555747.360428,-0.02734375,-0.0859375,0.048828125,0.005859375,0.0,-0.671875,0,0
1779555747.368417,-0.02734375,-0.0859375,0.048828125,0.0,0.0,-0.671875,0,0
1779555747.376451,-0.02734375,-0.0859375,0.05078125,0.0,0.0,-0.671875,0,0
1779555747.384418,-0.02734375,-0.0859375,0.05078125,0.0078125,0.0,-0.673828125,0,0
1779555747.392415,-0.02734375,-0.0859375,0.052734375,0.0078125,0.0,-0.673828125,0,0
1779555747.400438,-0.02734375,-0.0859375,0.052734375,0.009765625,0.0,-0.67578125,0,0
1779555747.408384,-0.025390625,-0.08203125,0.05078125,0.009765625,0.0,-0.67578125,0,0
1779555747.416410,-0.025390625,-0.08203125,0.05078125,0.0078125,0.0,-0.677734375,0,0
1779555747.424399,-0.021484375,-0.08203125,0.05078125,0.0078125,0.0,-0.677734375,0,0
1779555747.432421,-0.021484375,-0.08203125,0.05078125,0.005859375,0.0,-0.6796875,0,0
1779555747.440404,-0.021484375,-0.080078125,0.05078125,0.005859375,0.0,-0.6796875,0,0
1779555747.448431,-0.021484375,-0.080078125,0.05078125,0.005859375,0.0,-0.6796875,0,0
1779555747.456414,-0.017578125,-0.076171875,0.05078125,0.005859375,0.0,-0.6796875,0,0
1779555747.464371,-0.017578125,-0.076171875,0.05078125,0.00390625,0.0,-0.681640625,0,0
1779555747.472484,-0.013671875,-0.07421875,0.048828125,0.00390625,0.0,-0.681640625,0,0
1779555747.480461,-0.013671875,-0.07421875,0.048828125,0.00390625,0.0,-0.68359375,0,0
1779555747.488387,-0.013671875,-0.07421875,0.048828125,0.00390625,0.0,-0.68359375,0,0
1779555747.496395,-0.013671875,-0.07421875,0.048828125,0.00390625,0.0,-0.68359375,0,0
1779555747.504462,-0.013671875,-0.072265625,0.048828125,0.00390625,0.0,-0.68359375,0,0
1779555747.512503,-0.013671875,-0.072265625,0.048828125,0.0,0.0,-0.68359375,0,0
1779555747.520464,-0.013671875,-0.072265625,0.048828125,0.0,0.0,-0.68359375,0,0
1779555747.528506,-0.013671875,-0.072265625,0.048828125,0.00390625,0.0,-0.68359375,0,0
1779555747.536454,-0.009765625,-0.0703125,0.048828125,0.00390625,0.0,-0.68359375,0,0
1779555747.544418,-0.009765625,-0.0703125,0.048828125,0.0,0.0,-0.68359375,0,0
1779555747.552386,-0.009765625,-0.068359375,0.048828125,0.0,0.0,-0.68359375,0,0
1779555747.560416,-0.009765625,-0.068359375,0.048828125,0.00390625,0.0,-0.68359375,0,0
1779555747.568428,-0.009765625,-0.068359375,0.048828125,0.00390625,0.0,-0.68359375,0,0
1779555747.576483,-0.009765625,-0.068359375,0.048828125,0.00390625,0.0,-0.68359375,0,0
1779555747.584472,-0.0078125,-0.068359375,0.046875,0.00390625,0.0,-0.68359375,0,0
1779555747.592354,-0.0078125,-0.068359375,0.046875,0.0,0.0,-0.68359375,0,0
1779555747.600521,-0.0078125,-0.06640625,0.046875,0.0,0.0,-0.68359375,0,0
1779555747.608441,-0.0078125,-0.06640625,0.046875,0.0,0.0,-0.68359375,0,0
1779555747.616441,-0.0078125,-0.06640625,0.046875,0.0,0.0,-0.68359375,0,0
1779555747.624414,-0.0078125,-0.06640625,0.046875,0.0,0.0,-0.68359375,0,0
1779555747.632401,-0.005859375,-0.06640625,0.046875,0.0,0.0,-0.68359375,0,0
1779555747.640490,-0.005859375,-0.06640625,0.046875,0.0,0.0,-0.68359375,0,0
1779555747.648461,-0.005859375,-0.06640625,0.044921875,0.0,0.0,-0.68359375,0,0
1779555747.656499,-0.005859375,-0.06640625,0.044921875,0.0,0.0,-0.68359375,0,0
1779555747.664467,-0.005859375,-0.06640625,0.044921875,0.0,0.0,-0.68359375,0,0
1779555747.672458,-0.005859375,-0.06640625,0.044921875,0.0,0.0,-0.68359375,0,0
1779555747.680448,-0.005859375,-0.06640625,0.044921875,0.0,0.0,-0.68359375,0,0
1779555747.688479,-0.005859375,-0.06640625,0.044921875,0.0,0.0,-0.68359375,0,0
1779555747.696465,-0.005859375,-0.06640625,0.044921875,0.0,0.0,-0.68359375,0,0
1779555747.704474,-0.005859375,-0.06640625,0.044921875,0.0,0.0,-0.68359375,0,0
1779555747.712454,-0.005859375,-0.06640625,0.04296875,0.0,0.0,-0.68359375,0,0
1779555747.720414,-0.005859375,-0.06640625,0.04296875,0.0,0.0,-0.68359375,0,0
1779555747.728412,-0.005859375,-0.06640625,0.04296875,0.0,0.0,-0.68359375,0,0
1779555747.736437,-0.005859375,-0.06640625,0.04296875,0.0,0.0,-0.68359375,0,0
1779555747.744391,-0.005859375,-0.064453125,0.04296875,0.0,0.0,-0.68359375,0,0
1779555747.752469,-0.005859375,-0.064453125,0.04296875,0.0,0.0,-0.68359375,0,0
1779555747.760438,-0.005859375,-0.064453125,0.04296875,0.0,0.0,-0.68359375,0,0
1779555747.768444,-0.005859375,-0.064453125,0.04296875,0.0,0.0,-0.68359375,0,0
1779555747.776392,-0.005859375,-0.064453125,0.041015625,0.0,0.0,-0.68359375,0,0
1779555747.784418,-0.005859375,-0.064453125,0.041015625,0.0,0.0,-0.68359375,0,0
1779555747.792411,-0.005859375,-0.064453125,0.0390625,0.0,0.0,-0.68359375,0,0
1779555747.800370,-0.005859375,-0.064453125,0.0390625,0.0,0.0,-0.68359375,0,0
1779555747.808431,-0.005859375,-0.064453125,0.03515625,0.0,0.0,-0.68359375,0,0
1779555747.816473,-0.005859375,-0.064453125,0.03515625,0.0,0.0,-0.68359375,0,0
1779555747.824418,-0.005859375,-0.064453125,0.033203125,0.0,0.0,-0.68359375,0,0
1779555747.832375,-0.005859375,-0.064453125,0.033203125,0.0,0.0,-0.68359375,0,0
1779555747.840434,-0.005859375,-0.064453125,0.029296875,0.0,0.0,-0.68359375,0,0
1779555747.848414,-0.005859375,-0.064453125,0.029296875,0.0,0.0,-0.68359375,0,0
1779555747.856453,-0.009765625,-0.06640625,0.01953125,0.0,0.0,-0.68359375,0,0
1779555747.864369,-0.009765625,-0.06640625,0.01953125,0.0,0.0,-0.681640625,0,0
1779555747.872415,-0.013671875,-0.068359375,0.01171875,0.0,0.0,-0.681640625,0,0
1779555747.880439,-0.013671875,-0.068359375,0.01171875,0.0,0.0,-0.6796875,0,0
1779555747.888527,-0.01953125,-0.072265625,0.01171875,0.0,0.0,-0.6796875,0,0
1779555747.896407,-0.01953125,-0.072265625,0.01171875,0.0,0.0,-0.673828125,0,0
1779555747.904534,-0.02734375,-0.076171875,0.01171875,0.0,0.0,-0.673828125,0,0
1779555747.912521,-0.02734375,-0.076171875,0.01171875,0.0,0.0,-0.669921875,0,0
1779555747.920504,-0.0390625,-0.078125,0.01171875,0.0,0.0,-0.669921875,0,0
1779555747.928443,-0.0390625,-0.078125,0.01171875,0.0,0.0,-0.6640625,0,0
1779555747.936472,-0.04296875,-0.08203125,0.01171875,0.0,0.0,-0.6640625,0,0
1779555747.944469,-0.04296875,-0.08203125,0.01171875,0.0,0.0,-0.66015625,0,0
1779555747.952491,-0.048828125,-0.083984375,0.01171875,0.0,0.0,-0.66015625,0,0
1779555747.960417,-0.048828125,-0.083984375,0.01171875,0.0,0.0,-0.65625,0,0
1779555747.968448,-0.052734375,-0.0859375,0.01171875,0.0,0.0,-0.65625,0,0
1779555747.976436,-0.052734375,-0.0859375,0.01171875,0.0,0.0,-0.654296875,0,0
1779555747.984433,-0.0703125,-0.09375,0.01171875,0.0,0.0,-0.654296875,0,0
1779555747.992502,-0.0703125,-0.09375,0.01171875,0.0,0.0,-0.64453125,0,0
1779555748.000498,-0.08984375,-0.107421875,0.01171875,0.0,0.0,-0.64453125,0,0
1779555748.008425,-0.08984375,-0.107421875,0.01171875,0.0,0.0,-0.6328125,0,0
1779555748.016418,-0.109375,-0.1171875,0.01171875,0.0,0.0,-0.6328125,0,0
1779555748.024434,-0.109375,-0.1171875,0.01171875,0.0,0.0,-0.623046875,0,0
1779555748.032365,-0.125,-0.126953125,0.01171875,0.0,0.0,-0.623046875,0,0
1779555748.040487,-0.125,-0.126953125,0.01171875,0.0,0.0,-0.61328125,0,0
1779555748.048445,-0.130859375,-0.1328125,0.01171875,0.0,0.0,-0.61328125,0,0
1779555748.056429,-0.130859375,-0.1328125,0.01171875,0.0,0.0,-0.609375,0,0
1779555748.064473,-0.142578125,-0.138671875,0.01171875,0.0,0.0,-0.609375,0,0
1779555748.072420,-0.142578125,-0.138671875,0.01171875,0.0,0.0,-0.603515625,0,0
1779555748.080457,-0.154296875,-0.1484375,0.01171875,0.0,0.0,-0.603515625,0,0
1779555748.088463,-0.154296875,-0.1484375,0.01171875,0.0,0.0,-0.595703125,0,0
1779555748.096506,-0.166015625,-0.154296875,0.01171875,0.0,0.0,-0.595703125,0,0
1779555748.104439,-0.166015625,-0.154296875,0.01171875,0.0,0.0,-0.58984375,0,0
1779555748.112444,-0.1796875,-0.1640625,0.01171875,0.0,0.0,-0.58984375,0,0
1779555748.120414,-0.1796875,-0.1640625,0.01171875,0.0,0.0,-0.578125,0,0
1779555748.128484,-0.205078125,-0.173828125,0.01171875,0.0,0.0,-0.578125,0,0
1779555748.136425,-0.205078125,-0.173828125,0.01171875,0.0,0.0,-0.564453125,0,0
1779555748.144449,-0.21875,-0.1796875,0.01171875,0.0,0.0,-0.564453125,0,0
1779555748.152452,-0.21875,-0.1796875,0.01171875,0.0,0.0,-0.5546875,0,0
1779555748.160487,-0.228515625,-0.185546875,0.01171875,0.0,0.0,-0.5546875,0,0
1779555748.168448,-0.228515625,-0.185546875,0.01171875,0.0,0.0,-0.546875,0,0
1779555748.176423,-0.2421875,-0.189453125,0.01171875,0.0,0.0,-0.546875,0,0
1779555748.184480,-0.2421875,-0.189453125,0.01171875,0.0,0.0,-0.5390625,0,0
1779555748.192506,-0.255859375,-0.193359375,0.01171875,0.0,0.0,-0.5390625,0,0
1779555748.200498,-0.255859375,-0.193359375,0.01171875,0.0,0.0,-0.529296875,0,0
1779555748.208451,-0.271484375,-0.201171875,0.01171875,0.0,0.0,-0.529296875,0,0
1779555748.216429,-0.271484375,-0.201171875,0.01171875,0.0,0.0,-0.517578125,0,0
1779555748.224437,-0.287109375,-0.216796875,0.01171875,0.0,0.0,-0.517578125,0,0
1779555748.232491,-0.287109375,-0.216796875,0.01171875,0.0,0.0,-0.505859375,0,0
1779555748.240483,-0.3046875,-0.224609375,0.01171875,0.0,0.0,-0.505859375,0,0
1779555748.248422,-0.3046875,-0.224609375,0.01171875,0.0,0.0,-0.490234375,0,0
1779555748.256496,-0.318359375,-0.234375,0.01171875,0.0,0.0,-0.490234375,0,0
1779555748.264463,-0.318359375,-0.234375,0.01171875,0.0,0.0,-0.478515625,0,0
1779555748.272483,-0.333984375,-0.240234375,0.01171875,0.0,0.0,-0.478515625,0,0
1779555748.280451,-0.333984375,-0.240234375,0.01171875,0.0,0.0,-0.466796875,0,0
1779555748.288421,-0.349609375,-0.24609375,0.01171875,0.0,0.0,-0.466796875,0,0
1779555748.296444,-0.349609375,-0.24609375,0.01171875,0.0,0.0,-0.45703125,0,0
1779555748.304433,-0.37109375,-0.25390625,0.01171875,0.0,0.0,-0.45703125,0,0
1779555748.312423,-0.37109375,-0.25390625,0.01171875,0.0,0.0,-0.4375,0,0
1779555748.320439,-0.392578125,-0.263671875,0.01171875,0.0,0.0,-0.4375,0,0
1779555748.328414,-0.392578125,-0.263671875,0.01171875,0.0,0.0,-0.41796875,0,0
1779555748.336441,-0.416015625,-0.27734375,0.01171875,0.0,0.0,-0.41796875,0,0
1779555748.344417,-0.416015625,-0.27734375,0.01171875,0.0,0.0,-0.3984375,0,0
1779555748.352452,-0.431640625,-0.28515625,0.01171875,0.0,0.0,-0.3984375,0,0
1779555748.360367,-0.431640625,-0.28515625,0.01171875,0.0,0.0,-0.3828125,0,0
1779555748.368458,-0.4453125,-0.2890625,0.01171875,0.0,0.0,-0.3828125,0,0
1779555748.376423,-0.4453125,-0.2890625,0.01171875,0.0,0.0,-0.373046875,0,0
1779555748.384466,-0.455078125,-0.29296875,0.01171875,0.0,0.0,-0.373046875,0,0
1779555748.392443,-0.455078125,-0.29296875,0.01171875,0.0,0.0,-0.365234375,0,0
1779555748.400463,-0.466796875,-0.296875,0.01171875,0.0,0.0,-0.365234375,0,0
1779555748.408437,-0.466796875,-0.296875,0.01171875,0.0,0.0,-0.353515625,0,0
1779555748.416448,-0.484375,-0.3046875,0.01171875,0.0,0.0,-0.353515625,0,0
1779555748.424410,-0.484375,-0.3046875,0.01171875,0.0,-0.005859375,-0.33984375,0,0
1779555748.432395,-0.50390625,-0.3125,0.01171875,0.0,-0.005859375,-0.33984375,0,0
1779555748.440382,-0.50390625,-0.3125,0.01171875,0.005859375,-0.005859375,-0.3203125,0,0
1779555748.448488,-0.5234375,-0.318359375,0.01171875,0.005859375,-0.005859375,-0.3203125,0,0
1779555748.456421,-0.5234375,-0.318359375,0.01171875,0.0078125,0.0,-0.296875,0,0
1779555748.464396,-0.53515625,-0.326171875,0.01171875,0.0078125,0.0,-0.296875,0,0
1779555748.472368,-0.53515625,-0.326171875,0.01171875,0.009765625,0.0,-0.28515625,0,0
1779555748.480379,-0.541015625,-0.330078125,0.01171875,0.009765625,0.0,-0.28515625,0,0
1779555748.488512,-0.541015625,-0.330078125,0.01171875,0.01171875,0.0,-0.279296875,0,0
1779555748.496422,-0.548828125,-0.328125,0.01171875,0.01171875,0.0,-0.279296875,0,0
1779555748.504472,-0.548828125,-0.328125,0.01171875,0.009765625,0.0,-0.2734375,0,0
1779555748.512414,-0.5546875,-0.328125,0.01171875,0.009765625,0.0,-0.2734375,0,0
1779555748.520433,-0.5546875,-0.328125,0.01171875,0.01171875,0.0,-0.267578125,0,0
1779555748.528414,-0.55859375,-0.330078125,0.01171875,0.01171875,0.0,-0.267578125,0,0
1779555748.536477,-0.55859375,-0.330078125,0.01171875,0.017578125,0.0,-0.263671875,0,0
1779555748.544457,-0.560546875,-0.333984375,0.01171875,0.017578125,0.0,-0.263671875,0,0
1779555748.552463,-0.560546875,-0.333984375,0.01171875,0.02734375,0.0,-0.259765625,0,0
1779555748.560477,-0.560546875,-0.3359375,0.01171875,0.02734375,0.0,-0.259765625,0,0
1779555748.568417,-0.560546875,-0.3359375,0.01171875,0.03125,0.0,-0.2578125,0,0
1779555748.576424,-0.564453125,-0.3359375,0.01171875,0.03125,0.0,-0.2578125,0,0
1779555748.584470,-0.564453125,-0.3359375,0.01171875,0.03125,0.0,-0.255859375,0,0
1779555748.592463,-0.568359375,-0.3359375,0.01171875,0.03125,0.0,-0.255859375,0,0
1779555748.600455,-0.568359375,-0.3359375,0.01171875,0.03125,0.0,-0.255859375,0,0
1779555748.608447,-0.572265625,-0.330078125,0.01171875,0.03125,0.0,-0.255859375,0,0
1779555748.616419,-0.572265625,-0.330078125,0.01171875,0.02734375,0.0,-0.25390625,0,0
1779555748.624494,-0.57421875,-0.328125,0.01171875,0.02734375,0.0,-0.25390625,0,0
1779555748.632486,-0.57421875,-0.328125,0.01171875,0.025390625,0.0,-0.25390625,0,0
1779555748.640471,-0.57421875,-0.328125,0.01171875,0.025390625,0.0,-0.25390625,0,0
1779555748.648470,-0.57421875,-0.328125,0.01171875,0.025390625,0.0,-0.25390625,0,0
1779555748.656480,-0.57421875,-0.328125,0.01171875,0.025390625,0.0,-0.25390625,0,0
1779555748.664370,-0.57421875,-0.328125,0.01171875,0.025390625,-0.00390625,-0.25390625,0,0
1779555748.672475,-0.576171875,-0.32421875,0.01171875,0.025390625,-0.00390625,-0.25390625,0,0
1779555748.680439,-0.576171875,-0.32421875,0.01171875,0.01953125,-0.005859375,-0.25390625,0,0
1779555748.688398,-0.578125,-0.32421875,0.01171875,0.01953125,-0.005859375,-0.25390625,0,0
1779555748.696370,-0.578125,-0.32421875,0.01171875,0.021484375,-0.01171875,-0.25390625,0,0
1779555748.704431,-0.580078125,-0.322265625,0.01171875,0.021484375,-0.01171875,-0.25390625,0,0
1779555748.712468,-0.580078125,-0.322265625,0.01171875,0.01953125,-0.01171875,-0.255859375,0,0
1779555748.720420,-0.580078125,-0.3203125,0.01171875,0.01953125,-0.01171875,-0.255859375,0,0
1779555748.728416,-0.580078125,-0.3203125,0.01171875,0.01953125,-0.01171875,-0.2578125,0,0
1779555748.736417,-0.580078125,-0.31640625,0.01171875,0.01953125,-0.01171875,-0.2578125,0,0
1779555748.744448,-0.580078125,-0.31640625,0.01171875,0.01953125,-0.015625,-0.2578125,0,0
1779555748.752408,-0.58203125,-0.31640625,0.01171875,0.01953125,-0.015625,-0.2578125,0,0
1779555748.760419,-0.58203125,-0.31640625,0.01171875,0.01953125,-0.017578125,-0.259765625,0,0
1779555748.768433,-0.580078125,-0.3125,0.01171875,0.01953125,-0.017578125,-0.259765625,0,0
1779555748.776487,-0.580078125,-0.3125,0.01171875,0.01953125,-0.017578125,-0.263671875,0,0
1779555748.784434,-0.578125,-0.3125,0.01171875,0.01953125,-0.017578125,-0.263671875,0,0
1779555748.792387,-0.578125,-0.3125,0.01171875,0.021484375,-0.017578125,-0.265625,0,0
1779555748.800457,-0.578125,-0.30859375,0.01171875,0.021484375,-0.017578125,-0.265625,0,0
1779555748.808480,-0.578125,-0.30859375,0.01171875,0.015625,-0.025390625,-0.26953125,0,0
1779555748.816497,-0.578125,-0.302734375,0.01171875,0.015625,-0.025390625,-0.26953125,0,0
1779555748.824414,-0.578125,-0.302734375,0.01171875,0.013671875,-0.029296875,-0.2734375,0,0
1779555748.832423,-0.578125,-0.30078125,0.01171875,0.013671875,-0.029296875,-0.2734375,0,0
1779555748.840467,-0.578125,-0.30078125,0.01171875,0.015625,-0.029296875,-0.275390625,0,0
1779555748.848442,-0.57421875,-0.298828125,0.01171875,0.015625,-0.029296875,-0.275390625,0,0
1779555748.856458,-0.57421875,-0.298828125,0.01171875,0.013671875,-0.03125,-0.279296875,0,0
1779555748.864403,-0.5703125,-0.30078125,0.01171875,0.013671875,-0.03125,-0.279296875,0,0
1779555748.872475,-0.5703125,-0.30078125,0.01171875,0.017578125,-0.03125,-0.28125,0,0
1779555748.880495,-0.56640625,-0.30078125,0.01171875,0.017578125,-0.03125,-0.28125,0,0
1779555748.888426,-0.56640625,-0.30078125,0.01171875,0.015625,-0.029296875,-0.283203125,0,0
1779555748.896388,-0.56640625,-0.30078125,0.01171875,0.015625,-0.029296875,-0.283203125,0,0
1779555748.904429,-0.56640625,-0.30078125,0.01171875,0.015625,-0.03125,-0.28515625,0,0
1779555748.912375,-0.564453125,-0.30078125,0.01171875,0.015625,-0.03125,-0.28515625,0,0
1779555748.920420,-0.564453125,-0.30078125,0.01171875,0.015625,-0.03125,-0.287109375,0,0
1779555748.928424,-0.5625,-0.296875,0.01171875,0.015625,-0.03125,-0.287109375,0,0
1779555748.936470,-0.5625,-0.296875,0.01171875,0.017578125,-0.029296875,-0.2890625,0,0
1779555748.944479,-0.556640625,-0.296875,0.01171875,0.017578125,-0.029296875,-0.2890625,0,0
1779555748.952394,-0.556640625,-0.296875,0.01171875,0.01953125,-0.029296875,-0.294921875,0,0
1779555748.960461,-0.552734375,-0.294921875,0.01171875,0.01953125,-0.029296875,-0.294921875,0,0
1779555748.968464,-0.552734375,-0.294921875,0.01171875,0.01953125,-0.02734375,-0.298828125,0,0
1779555748.976431,-0.548828125,-0.294921875,0.01171875,0.01953125,-0.02734375,-0.298828125,0,0
1779555748.984437,-0.548828125,-0.294921875,0.01171875,0.025390625,-0.02734375,-0.30078125,0,0
1779555748.992528,-0.544921875,-0.294921875,0.01171875,0.025390625,-0.02734375,-0.30078125,0,0
1779555749.000465,-0.544921875,-0.294921875,0.01171875,0.025390625,-0.025390625,-0.3046875,0,0
1779555749.008470,-0.544921875,-0.294921875,0.01171875,0.025390625,-0.025390625,-0.3046875,0,0
1779555749.016462,-0.544921875,-0.294921875,0.01171875,0.025390625,-0.025390625,-0.3046875,0,0
1779555749.024473,-0.544921875,-0.294921875,0.01171875,0.025390625,-0.025390625,-0.3046875,0,0
1779555749.032406,-0.544921875,-0.294921875,0.01171875,0.025390625,-0.025390625,-0.3046875,0,0
1779555749.040399,-0.54296875,-0.294921875,0.01171875,0.025390625,-0.025390625,-0.3046875,0,0
1779555749.048479,-0.54296875,-0.294921875,0.01171875,0.025390625,-0.025390625,-0.306640625,0,0
1779555749.056504,-0.5390625,-0.294921875,0.01171875,0.025390625,-0.025390625,-0.306640625,0,0
1779555749.064469,-0.5390625,-0.294921875,0.01171875,0.025390625,-0.025390625,-0.30859375,0,0
1779555749.072481,-0.5390625,-0.294921875,0.01171875,0.025390625,-0.025390625,-0.30859375,0,0
1779555749.080502,-0.5390625,-0.294921875,0.01171875,0.025390625,-0.025390625,-0.30859375,0,0
1779555749.088405,-0.5390625,-0.294921875,0.01171875,0.025390625,-0.025390625,-0.30859375,0,0
1779555749.096406,-0.5390625,-0.294921875,0.01171875,0.025390625,-0.025390625,-0.310546875,0,0
1779555749.104394,-0.5390625,-0.294921875,0.01171875,0.025390625,-0.025390625,-0.310546875,0,0
1779555749.112429,-0.5390625,-0.294921875,0.01171875,0.025390625,-0.025390625,-0.310546875,0,0
1779555749.120444,-0.537109375,-0.294921875,0.01171875,0.025390625,-0.025390625,-0.310546875,0,0
1779555749.128444,-0.537109375,-0.294921875,0.01171875,0.025390625,-0.025390625,-0.310546875,0,0
1779555749.136548,-0.53515625,-0.29296875,0.01171875,0.025390625,-0.025390625,-0.310546875,0,0
1779555749.144481,-0.53515625,-0.29296875,0.01171875,0.025390625,-0.025390625,-0.3125,0,0
1779555749.152449,-0.53125,-0.29296875,0.01171875,0.025390625,-0.025390625,-0.3125,0,0
1779555749.160511,-0.53125,-0.29296875,0.01171875,0.02734375,-0.025390625,-0.314453125,0,0
1779555749.168469,-0.529296875,-0.291015625,0.01171875,0.02734375,-0.025390625,-0.314453125,0,0
1779555749.176447,-0.529296875,-0.291015625,0.01171875,0.02734375,-0.025390625,-0.31640625,0,0
1779555749.184440,-0.525390625,-0.291015625,0.01171875,0.02734375,-0.025390625,-0.31640625,0,0
1779555749.192409,-0.525390625,-0.291015625,0.01171875,0.02734375,-0.025390625,-0.3203125,0,0
1779555749.200466,-0.521484375,-0.291015625,0.01171875,0.02734375,-0.025390625,-0.3203125,0,0
1779555749.208387,-0.521484375,-0.291015625,0.01171875,0.02734375,-0.025390625,-0.32421875,0,0
1779555749.216408,-0.513671875,-0.2890625,0.01171875,0.02734375,-0.025390625,-0.32421875,0,0
1779555749.224417,-0.513671875,-0.2890625,0.01171875,0.02734375,-0.025390625,-0.330078125,0,0
1779555749.232410,-0.509765625,-0.2890625,0.01171875,0.02734375,-0.025390625,-0.330078125,0,0
1779555749.240472,-0.509765625,-0.2890625,0.01171875,0.029296875,-0.0234375,-0.333984375,0,0
1779555749.248413,-0.505859375,-0.2890625,0.01171875,0.029296875,-0.0234375,-0.333984375,0,0
1779555749.256511,-0.505859375,-0.2890625,0.01171875,0.029296875,-0.0234375,-0.3359375,0,0
1779555749.264497,-0.50390625,-0.2890625,0.01171875,0.029296875,-0.0234375,-0.3359375,0,0
1779555749.272499,-0.50390625,-0.2890625,0.01171875,0.029296875,-0.0234375,-0.337890625,0,0
1779555749.280492,-0.5,-0.2890625,0.01171875,0.029296875,-0.0234375,-0.337890625,0,0
1779555749.288418,-0.5,-0.2890625,0.01171875,0.029296875,-0.0234375,-0.341796875,0,0
1779555749.296472,-0.49609375,-0.287109375,0.01171875,0.029296875,-0.0234375,-0.341796875,0,0
1779555749.304515,-0.49609375,-0.287109375,0.01171875,0.03125,-0.0234375,-0.345703125,0,0
1779555749.312493,-0.48828125,-0.28515625,0.01171875,0.03125,-0.0234375,-0.345703125,0,0
1779555749.320457,-0.48828125,-0.28515625,0.01171875,0.033203125,-0.01953125,-0.3515625,0,0
1779555749.328436,-0.48046875,-0.283203125,0.01171875,0.033203125,-0.01953125,-0.3515625,0,0
1779555749.336462,-0.48046875,-0.283203125,0.01171875,0.037109375,-0.01953125,-0.359375,0,0
1779555749.344483,-0.470703125,-0.27734375,0.01171875,0.037109375,-0.01953125,-0.359375,0,0
1779555749.352563,-0.470703125,-0.27734375,0.01171875,0.037109375,-0.015625,-0.369140625,0,0
1779555749.360427,-0.45703125,-0.275390625,0.01171875,0.037109375,-0.015625,-0.369140625,0,0
1779555749.368410,-0.45703125,-0.275390625,0.01171875,0.044921875,-0.013671875,-0.380859375,0,0
1779555749.376438,-0.4375,-0.267578125,0.01171875,0.044921875,-0.013671875,-0.380859375,0,0
1779555749.384446,-0.4375,-0.267578125,0.01171875,0.046875,-0.009765625,-0.396484375,0,0
1779555749.392418,-0.421875,-0.263671875,0.01171875,0.046875,-0.009765625,-0.396484375,0,0
1779555749.400382,-0.421875,-0.263671875,0.01171875,0.05078125,-0.0078125,-0.412109375,0,0
1779555749.408457,-0.408203125,-0.2578125,0.01171875,0.05078125,-0.0078125,-0.412109375,0,0
1779555749.416510,-0.408203125,-0.2578125,0.01171875,0.052734375,-0.005859375,-0.421875,0,0
1779555749.424458,-0.388671875,-0.251953125,0.01171875,0.052734375,-0.005859375,-0.421875,0,0
1779555749.432480,-0.388671875,-0.251953125,0.01171875,0.060546875,-0.00390625,-0.4375,0,0
1779555749.440499,-0.365234375,-0.240234375,0.01171875,0.060546875,-0.00390625,-0.4375,0,0
1779555749.448510,-0.365234375,-0.240234375,0.01171875,0.064453125,0.0,-0.458984375,0,0
1779555749.456483,-0.3359375,-0.228515625,0.01171875,0.064453125,0.0,-0.458984375,0,0
1779555749.464484,-0.3359375,-0.228515625,0.01171875,0.068359375,0.0,-0.482421875,0,0
1779555749.472501,-0.318359375,-0.22265625,0.01171875,0.068359375,0.0,-0.482421875,0,0
1779555749.480530,-0.318359375,-0.22265625,0.01171875,0.068359375,0.0,-0.498046875,0,0
1779555749.488523,-0.3046875,-0.21875,0.01171875,0.068359375,0.0,-0.498046875,0,0
1779555749.496499,-0.3046875,-0.21875,0.01171875,0.06640625,0.0,-0.509765625,0,0
1779555749.504518,-0.291015625,-0.212890625,0.01171875,0.06640625,0.0,-0.509765625,0,0
1779555749.512474,-0.291015625,-0.212890625,0.01171875,0.060546875,0.0,-0.51953125,0,0
1779555749.520525,-0.271484375,-0.2109375,0.01171875,0.060546875,0.0,-0.51953125,0,0
1779555749.528473,-0.271484375,-0.2109375,0.01171875,0.0546875,0.0,-0.533203125,0,0
1779555749.536474,-0.2578125,-0.20703125,0.01171875,0.0546875,0.0,-0.533203125,0,0
1779555749.544520,-0.2578125,-0.20703125,0.01171875,0.044921875,0.0,-0.54296875,0,0
1779555749.552534,-0.248046875,-0.205078125,0.01171875,0.044921875,0.0,-0.54296875,0,0
1779555749.560509,-0.248046875,-0.205078125,0.01171875,0.04296875,0.0,-0.55078125,0,0
1779555749.568486,-0.240234375,-0.201171875,0.01171875,0.04296875,0.0,-0.55078125,0,0
1779555749.576465,-0.240234375,-0.201171875,0.01171875,0.044921875,0.0,-0.556640625,0,0
1779555749.584532,-0.234375,-0.197265625,0.01171875,0.044921875,0.0,-0.556640625,0,0
1779555749.592428,-0.234375,-0.197265625,0.01171875,0.044921875,0.0,-0.55859375,0,0
1779555749.600439,-0.2265625,-0.19140625,0.01171875,0.044921875,0.0,-0.55859375,0,0
1779555749.608449,-0.2265625,-0.19140625,0.01171875,0.044921875,0.0,-0.564453125,0,0
1779555749.616446,-0.216796875,-0.1875,0.01171875,0.044921875,0.0,-0.564453125,0,0
1779555749.624445,-0.216796875,-0.1875,0.01171875,0.046875,0.0,-0.5703125,0,0
1779555749.632446,-0.212890625,-0.185546875,0.01171875,0.046875,0.0,-0.5703125,0,0
1779555749.640458,-0.212890625,-0.185546875,0.01171875,0.046875,0.0,-0.572265625,0,0
1779555749.648458,-0.205078125,-0.18359375,0.01171875,0.046875,0.0,-0.572265625,0,0
1779555749.656455,-0.205078125,-0.18359375,0.01171875,0.046875,0.0,-0.576171875,0,0
1779555749.664479,-0.201171875,-0.181640625,0.01171875,0.046875,0.0,-0.576171875,0,0
1779555749.672507,-0.201171875,-0.181640625,0.01171875,0.044921875,0.0,-0.580078125,0,0
1779555749.680490,-0.197265625,-0.1796875,0.01171875,0.044921875,0.0,-0.580078125,0,0
1779555749.688431,-0.197265625,-0.1796875,0.01171875,0.044921875,0.0,-0.583984375,0,0
1779555749.696478,-0.1953125,-0.177734375,0.01171875,0.044921875,0.0,-0.583984375,0,0
1779555749.704509,-0.1953125,-0.177734375,0.01171875,0.04296875,0.0,-0.5859375,0,0
1779555749.712499,-0.19140625,-0.17578125,0.01171875,0.04296875,0.0,-0.5859375,0,0
1779555749.720480,-0.19140625,-0.17578125,0.01171875,0.04296875,0.0,-0.587890625,0,0
1779555749.728471,-0.185546875,-0.17578125,0.01171875,0.04296875,0.0,-0.587890625,0,0
1779555749.736405,-0.185546875,-0.17578125,0.01171875,0.04296875,0.0,-0.591796875,0,0
1779555749.744471,-0.1796875,-0.169921875,0.01171875,0.04296875,0.0,-0.591796875,0,0
1779555749.752471,-0.1796875,-0.169921875,0.01171875,0.0390625,0.0,-0.595703125,0,0
1779555749.760454,-0.173828125,-0.169921875,0.01171875,0.0390625,0.0,-0.595703125,0,0
1779555749.768421,-0.173828125,-0.169921875,0.01171875,0.0390625,0.0,-0.59765625,0,0
1779555749.776475,-0.171875,-0.16796875,0.01171875,0.0390625,0.0,-0.59765625,0,0
1779555749.784436,-0.171875,-0.16796875,0.01171875,0.037109375,0.0,-0.599609375,0,0
1779555749.792445,-0.169921875,-0.166015625,0.01171875,0.037109375,0.0,-0.599609375,0,0
1779555749.800426,-0.169921875,-0.166015625,0.01171875,0.03515625,0.0,-0.6015625,0,0
1779555749.808405,-0.16796875,-0.166015625,0.01171875,0.03515625,0.0,-0.6015625,0,0
1779555749.816417,-0.16796875,-0.166015625,0.01171875,0.037109375,0.0,-0.6015625,0,0
1779555749.824444,-0.16796875,-0.166015625,0.01171875,0.037109375,0.0,-0.6015625,0,0
1779555749.832492,-0.16796875,-0.166015625,0.01171875,0.037109375,0.0,-0.6015625,0,0
1779555749.840461,-0.16796875,-0.166015625,0.01171875,0.037109375,0.0,-0.6015625,0,0
1779555749.848470,-0.16796875,-0.166015625,0.01171875,0.037109375,0.0,-0.603515625,0,0
1779555749.856509,-0.16796875,-0.166015625,0.01171875,0.037109375,0.0,-0.603515625,0,0
1779555749.864470,-0.16796875,-0.166015625,0.01171875,0.037109375,0.0,-0.603515625,0,0
1779555749.872417,-0.1640625,-0.1640625,0.01171875,0.037109375,0.0,-0.603515625,0,0
1779555749.880502,-0.1640625,-0.1640625,0.01171875,0.03515625,0.0,-0.60546875,0,0
1779555749.888438,-0.162109375,-0.1640625,0.01171875,0.03515625,0.0,-0.60546875,0,0
1779555749.896451,-0.162109375,-0.1640625,0.01171875,0.037109375,0.0,-0.60546875,0,0
1779555749.904518,-0.15625,-0.16015625,0.01171875,0.037109375,0.0,-0.60546875,0,0
1779555749.912507,-0.15625,-0.16015625,0.01171875,0.033203125,0.0,-0.607421875,0,0
1779555749.920470,-0.15625,-0.16015625,0.01171875,0.033203125,0.0,-0.607421875,0,0
1779555749.928466,-0.15625,-0.16015625,0.01171875,0.03515625,0.0,-0.609375,0,0
1779555749.936436,-0.154296875,-0.16015625,0.01171875,0.03515625,0.0,-0.609375,0,0
1779555749.944434,-0.154296875,-0.16015625,0.01171875,0.03515625,0.0,-0.611328125,0,0
1779555749.952480,-0.15234375,-0.158203125,0.01171875,0.03515625,0.0,-0.611328125,0,0
1779555749.960456,-0.15234375,-0.158203125,0.01171875,0.03515625,0.0,-0.611328125,0,0
1779555749.968403,-0.15234375,-0.158203125,0.01171875,0.03515625,0.0,-0.611328125,0,0
1779555749.976495,-0.15234375,-0.158203125,0.01171875,0.033203125,0.0,-0.611328125,0,0
1779555749.984444,-0.1484375,-0.15625,0.01171875,0.033203125,0.0,-0.611328125,0,0
1779555749.992376,-0.1484375,-0.15625,0.01171875,0.03125,0.0,-0.615234375,0,0
1779555750.000383,-0.146484375,-0.15625,0.01171875,0.03125,0.0,-0.615234375,0,0
1779555750.008402,-0.146484375,-0.15625,0.01171875,0.03125,0.0,-0.615234375,0,0
1779555750.016397,-0.146484375,-0.15625,0.01171875,0.03125,0.0,-0.615234375,0,0
1779555750.024497,-0.146484375,-0.15625,0.01171875,0.03125,0.0,-0.615234375,0,0
1779555750.032450,-0.146484375,-0.15625,0.01171875,0.03125,0.0,-0.615234375,0,0
1779555750.040431,-0.146484375,-0.15625,0.01171875,0.03125,0.0,-0.615234375,0,0
1779555750.048460,-0.146484375,-0.154296875,0.01171875,0.03125,0.0,-0.615234375,0,0
1779555750.056386,-0.146484375,-0.154296875,0.01171875,0.03125,0.0,-0.615234375,0,0
1779555750.064423,-0.14453125,-0.15625,0.01171875,0.03125,0.0,-0.615234375,0,0
1779555750.072445,-0.14453125,-0.15625,0.01171875,0.03515625,0.0,-0.615234375,0,0
1779555750.080463,-0.146484375,-0.15625,0.01171875,0.03515625,0.0,-0.615234375,0,0
1779555750.088445,-0.146484375,-0.15625,0.01171875,0.037109375,0.0,-0.615234375,0,0
1779555750.096491,-0.146484375,-0.15625,0.01171875,0.037109375,0.0,-0.615234375,0,0
1779555750.104451,-0.146484375,-0.15625,0.01171875,0.037109375,0.0,-0.615234375,0,0
1779555750.112506,-0.146484375,-0.15625,0.01171875,0.037109375,0.0,-0.615234375,0,0
1779555750.120419,-0.146484375,-0.15625,0.01171875,0.037109375,0.0,-0.615234375,0,0
1779555750.128470,-0.146484375,-0.15625,0.01171875,0.037109375,0.0,-0.615234375,0,0
1779555750.136443,-0.146484375,-0.15625,0.01171875,0.037109375,0.0,-0.615234375,0,0
1779555750.144368,-0.146484375,-0.15625,0.01171875,0.037109375,0.0,-0.615234375,0,0
1779555750.152487,-0.146484375,-0.15625,0.01171875,0.037109375,0.0,-0.615234375,0,0
1779555750.160429,-0.146484375,-0.15625,0.01171875,0.037109375,0.0,-0.615234375,0,0
1779555750.168436,-0.146484375,-0.15625,0.01171875,0.037109375,0.0,-0.615234375,0,0
1779555750.176452,-0.146484375,-0.154296875,0.01171875,0.037109375,0.0,-0.615234375,0,0
1779555750.184418,-0.146484375,-0.154296875,0.01171875,0.037109375,0.0,-0.615234375,0,0
1779555750.192439,-0.146484375,-0.154296875,0.01171875,0.037109375,0.0,-0.615234375,0,0
1779555750.200484,-0.146484375,-0.154296875,0.01171875,0.037109375,0.0,-0.6171875,0,0
1779555750.208506,-0.146484375,-0.154296875,0.01171875,0.037109375,0.0,-0.6171875,0,0
1779555750.216447,-0.146484375,-0.154296875,0.01171875,0.03515625,0.0,-0.6171875,0,0
1779555750.224377,-0.14453125,-0.15234375,0.01171875,0.03515625,0.0,-0.6171875,0,0
1779555750.232380,-0.14453125,-0.15234375,0.01171875,0.033203125,0.0,-0.6171875,0,0
1779555750.240416,-0.142578125,-0.15234375,0.01171875,0.033203125,0.0,-0.6171875,0,0
1779555750.248380,-0.142578125,-0.15234375,0.01171875,0.037109375,0.0,-0.619140625,0,0
1779555750.256391,-0.142578125,-0.15234375,0.01171875,0.037109375,0.0,-0.619140625,0,0
1779555750.264429,-0.142578125,-0.15234375,0.01171875,0.037109375,0.0,-0.619140625,0,0
1779555750.272400,-0.142578125,-0.15234375,0.01171875,0.037109375,0.0,-0.619140625,0,0
1779555750.280519,-0.142578125,-0.15234375,0.01171875,0.037109375,0.0,-0.619140625,0,0
1779555750.288415,-0.142578125,-0.15234375,0.01171875,0.037109375,0.0,-0.619140625,0,0
1779555750.296470,-0.142578125,-0.15234375,0.01171875,0.037109375,0.0,-0.619140625,0,0
1779555750.304425,-0.140625,-0.150390625,0.01171875,0.037109375,0.0,-0.619140625,0,0
1779555750.312423,-0.140625,-0.150390625,0.01171875,0.037109375,0.0,-0.619140625,0,0
1779555750.320476,-0.138671875,-0.150390625,0.01171875,0.037109375,0.0,-0.619140625,0,0
1779555750.328470,-0.138671875,-0.150390625,0.01171875,0.037109375,0.0,-0.62109375,0,0
1779555750.336446,-0.13671875,-0.146484375,0.01171875,0.037109375,0.0,-0.62109375,0,0
1779555750.344429,-0.13671875,-0.146484375,0.01171875,0.037109375,0.0,-0.623046875,0,0
1779555750.352480,-0.1328125,-0.14453125,0.01171875,0.037109375,0.0,-0.623046875,0,0
1779555750.360448,-0.1328125,-0.14453125,0.01171875,0.0390625,0.0,-0.625,0,0
1779555750.368388,-0.126953125,-0.140625,0.01171875,0.0390625,0.0,-0.625,0,0
1779555750.376439,-0.126953125,-0.140625,0.01171875,0.0390625,0.0,-0.62890625,0,0
1779555750.384446,-0.12109375,-0.13671875,0.01171875,0.0390625,0.0,-0.62890625,0,0
1779555750.392434,-0.12109375,-0.13671875,0.01171875,0.0390625,0.0,-0.6328125,0,0
1779555750.400510,-0.115234375,-0.130859375,0.01171875,0.0390625,0.0,-0.6328125,0,0
1779555750.408471,-0.115234375,-0.130859375,0.01171875,0.041015625,0.0,-0.63671875,0,0
1779555750.416388,-0.111328125,-0.12890625,0.01171875,0.041015625,0.0,-0.63671875,0,0
1779555750.424391,-0.111328125,-0.12890625,0.01171875,0.041015625,0.0,-0.638671875,0,0
1779555750.432457,-0.109375,-0.12890625,0.01171875,0.041015625,0.0,-0.638671875,0,0
1779555750.440373,-0.109375,-0.12890625,0.01171875,0.041015625,0.0,-0.638671875,0,0
1779555750.448395,-0.109375,-0.126953125,0.01171875,0.041015625,0.0,-0.638671875,0,0
1779555750.456395,-0.109375,-0.126953125,0.01171875,0.041015625,0.0,-0.640625,0,0
1779555750.464389,-0.109375,-0.126953125,0.01171875,0.041015625,0.0,-0.640625,0,0
1779555750.472408,-0.109375,-0.126953125,0.01171875,0.041015625,0.0,-0.640625,0,0
1779555750.480410,-0.107421875,-0.126953125,0.01171875,0.041015625,0.0,-0.640625,0,0
1779555750.488401,-0.107421875,-0.126953125,0.01171875,0.04296875,0.0,-0.640625,0,0
1779555750.496384,-0.107421875,-0.126953125,0.01171875,0.04296875,0.0,-0.640625,0,0
1779555750.504400,-0.107421875,-0.126953125,0.01171875,0.04296875,0.0,-0.640625,0,0
1779555750.512383,-0.10546875,-0.125,0.01171875,0.04296875,0.0,-0.640625,0,0
1779555750.520460,-0.10546875,-0.125,0.01171875,0.04296875,0.0,-0.640625,0,0
1779555750.528437,-0.103515625,-0.123046875,0.01171875,0.04296875,0.0,-0.640625,0,0
1779555750.536505,-0.103515625,-0.123046875,0.01171875,0.04296875,0.0,-0.642578125,0,0
1779555750.544367,-0.103515625,-0.123046875,0.01171875,0.04296875,0.0,-0.642578125,0,0
1779555750.552444,-0.103515625,-0.123046875,0.01171875,0.04296875,0.0,-0.642578125,0,0
1779555750.560435,-0.103515625,-0.123046875,0.01171875,0.04296875,0.0,-0.642578125,0,0
1779555750.568436,-0.103515625,-0.123046875,0.01171875,0.04296875,0.0,-0.642578125,0,0
1779555750.576458,-0.103515625,-0.123046875,0.01171875,0.04296875,0.0,-0.642578125,0,0
1779555750.584454,-0.103515625,-0.123046875,0.01171875,0.04296875,0.0,-0.642578125,0,0
1779555750.600458,-0.103515625,-0.123046875,0.01171875,0.04296875,0.0,-0.642578125,0,0
1779555750.608478,-0.103515625,-0.123046875,0.01171875,0.04296875,0.0,-0.642578125,0,0
1779555750.616469,-0.103515625,-0.123046875,0.01171875,0.04296875,0.0,-0.642578125,0,0
1779555750.624475,-0.103515625,-0.123046875,0.01171875,0.04296875,0.0,-0.642578125,0,0
1779555750.632434,-0.103515625,-0.123046875,0.01171875,0.04296875,0.0,-0.642578125,0,0
1779555750.640468,-0.103515625,-0.123046875,0.01171875,0.044921875,0.0,-0.642578125,0,0
1779555750.648444,-0.10546875,-0.123046875,0.01171875,0.044921875,0.0,-0.642578125,0,0
1779555750.656453,-0.10546875,-0.123046875,0.01171875,0.04296875,0.0,-0.642578125,0,0
1779555750.664449,-0.10546875,-0.123046875,0.01171875,0.04296875,0.0,-0.642578125,0,0
1779555750.672455,-0.10546875,-0.123046875,0.01171875,0.04296875,0.0,-0.642578125,0,0
1779555750.680430,-0.107421875,-0.123046875,0.01171875,0.04296875,0.0,-0.642578125,0,0
1779555750.688488,-0.107421875,-0.123046875,0.01171875,0.04296875,0.0,-0.640625,0,0
1779555750.696463,-0.109375,-0.123046875,0.01171875,0.04296875,0.0,-0.640625,0,0
1779555750.704469,-0.109375,-0.123046875,0.01171875,0.04296875,0.0,-0.640625,0,0
1779555750.712473,-0.109375,-0.123046875,0.01171875,0.04296875,0.0,-0.640625,0,0
1779555750.720449,-0.109375,-0.123046875,0.01171875,0.04296875,0.0,-0.638671875,0,0
1779555750.728386,-0.109375,-0.123046875,0.01171875,0.04296875,0.0,-0.638671875,0,0
1779555750.736410,-0.109375,-0.123046875,0.01171875,0.04296875,0.0,-0.638671875,0,0
1779555750.744424,-0.11328125,-0.125,0.01171875,0.04296875,0.0,-0.638671875,0,0
1779555750.752470,-0.11328125,-0.125,0.01171875,0.04296875,0.0,-0.638671875,0,0
1779555750.760507,-0.11328125,-0.125,0.01171875,0.04296875,0.0,-0.638671875,0,0
1779555750.768446,-0.11328125,-0.125,0.01171875,0.04296875,0.0,-0.63671875,0,0
1779555750.776481,-0.11328125,-0.125,0.01171875,0.04296875,0.0,-0.63671875,0,0
1779555750.784440,-0.11328125,-0.125,0.01171875,0.041015625,0.0,-0.63671875,0,0
1779555750.792431,-0.11328125,-0.125,0.01171875,0.041015625,0.0,-0.63671875,0,0
1779555750.800381,-0.11328125,-0.125,0.01171875,0.041015625,0.0,-0.63671875,0,0
1779555750.808484,-0.11328125,-0.125,0.01171875,0.041015625,0.0,-0.63671875,0,0
1779555750.816441,-0.11328125,-0.125,0.01171875,0.041015625,0.0,-0.63671875,0,0
1779555750.824382,-0.115234375,-0.125,0.01171875,0.041015625,0.0,-0.63671875,0,0
1779555750.832390,-0.115234375,-0.125,0.01171875,0.041015625,0.0,-0.63671875,0,0
1779555750.840412,-0.115234375,-0.125,0.01171875,0.041015625,0.0,-0.63671875,0,0
1779555750.848428,-0.115234375,-0.125,0.01171875,0.0390625,0.0,-0.63671875,0,0
1779555750.856395,-0.1171875,-0.125,0.01171875,0.0390625,0.0,-0.63671875,0,0
1779555750.864415,-0.1171875,-0.125,0.01171875,0.0390625,0.0,-0.634765625,0,0
1779555750.872455,-0.1171875,-0.125,0.01171875,0.0390625,0.0,-0.634765625,0,0
1779555750.880459,-0.1171875,-0.125,0.01171875,0.0390625,0.0,-0.634765625,0,0
1779555750.888417,-0.1171875,-0.125,0.01171875,0.0390625,0.0,-0.634765625,0,0
1779555750.896496,-0.1171875,-0.125,0.01171875,0.0390625,0.0,-0.634765625,0,0
1779555750.904427,-0.1171875,-0.125,0.01171875,0.0390625,0.0,-0.634765625,0,0
1779555750.912395,-0.1171875,-0.125,0.01171875,0.0390625,0.0,-0.634765625,0,0
1779555750.920415,-0.115234375,-0.125,0.01171875,0.0390625,0.0,-0.634765625,0,0
1779555750.928387,-0.115234375,-0.125,0.01171875,0.0390625,0.0,-0.634765625,0,0
1779555750.936388,-0.115234375,-0.125,0.01171875,0.0390625,0.0,-0.634765625,0,0
1779555750.944450,-0.115234375,-0.125,0.01171875,0.0390625,0.0,-0.634765625,0,0
1779555750.952424,-0.115234375,-0.125,0.01171875,0.0390625,0.0,-0.634765625,0,0
1779555750.960421,-0.115234375,-0.125,0.01171875,0.0390625,0.0,-0.634765625,0,0
1779555750.968400,-0.115234375,-0.125,0.01171875,0.0390625,0.0,-0.634765625,0,0
1779555750.976398,-0.115234375,-0.125,0.01171875,0.041015625,0.0,-0.63671875,0,0
1779555750.984429,-0.115234375,-0.125,0.01171875,0.041015625,0.0,-0.63671875,0,0
1779555750.992489,-0.115234375,-0.125,0.01171875,0.041015625,0.0,-0.63671875,0,0
1779555751.000426,-0.11328125,-0.125,0.01171875,0.041015625,0.0,-0.63671875,0,0
1779555751.008432,-0.11328125,-0.125,0.01171875,0.041015625,0.0,-0.63671875,0,0
1779555751.016453,-0.11328125,-0.125,0.01171875,0.041015625,0.0,-0.63671875,0,0
1779555751.024447,-0.11328125,-0.125,0.01171875,0.041015625,0.0,-0.638671875,0,0
1779555751.032437,-0.111328125,-0.125,0.01171875,0.041015625,0.0,-0.638671875,0,0
1779555751.040440,-0.111328125,-0.125,0.01171875,0.041015625,0.0,-0.638671875,0,0
1779555751.048459,-0.109375,-0.125,0.01171875,0.041015625,0.0,-0.638671875,0,0
1779555751.056554,-0.109375,-0.125,0.01171875,0.041015625,0.0,-0.638671875,0,0
1779555751.064453,-0.109375,-0.125,0.01171875,0.041015625,0.0,-0.638671875,0,0
1779555751.072476,-0.109375,-0.125,0.01171875,0.037109375,0.0,-0.63671875,0,0
1779555751.080483,-0.123046875,-0.13671875,0.01171875,0.037109375,0.0,-0.63671875,0,0
1779555751.088502,-0.123046875,-0.13671875,0.01171875,0.029296875,0.0,-0.62890625,0,0
1779555751.096417,-0.1796875,-0.16796875,-0.033203125,0.029296875,0.0,-0.62890625,0,0
1779555751.104444,-0.1796875,-0.16796875,-0.033203125,0.01953125,0.0,-0.595703125,0,0
1779555751.112414,-0.234375,-0.1953125,-0.060546875,0.01953125,0.0,-0.595703125,0,0
1779555751.120459,-0.234375,-0.1953125,-0.060546875,0.009765625,0.0,-0.5625,0,0
1779555751.128474,-0.271484375,-0.212890625,-0.076171875,0.009765625,0.0,-0.5625,0,0
1779555751.136464,-0.271484375,-0.212890625,-0.076171875,0.00390625,0.0,-0.5390625,0,0
1779555751.144463,-0.3046875,-0.23046875,-0.091796875,0.00390625,0.0,-0.5390625,0,0
1779555751.152483,-0.3046875,-0.23046875,-0.091796875,0.0,-0.00390625,-0.513671875,0,0
1779555751.160395,-0.33203125,-0.244140625,-0.10546875,0.0,-0.00390625,-0.513671875,0,0
1779555751.168406,-0.33203125,-0.244140625,-0.10546875,0.0,-0.009765625,-0.4921875,0,0
1779555751.176459,-0.349609375,-0.251953125,-0.115234375,0.0,-0.009765625,-0.4921875,0,0
1779555751.184518,-0.349609375,-0.251953125,-0.115234375,0.0,-0.013671875,-0.4765625,0,0
1779555751.192466,-0.35546875,-0.25390625,-0.119140625,0.0,-0.013671875,-0.4765625,0,0
1779555751.200472,-0.35546875,-0.25390625,-0.119140625,0.0,-0.017578125,-0.470703125,0,0
1779555751.208471,-0.361328125,-0.255859375,-0.119140625,0.0,-0.017578125,-0.470703125,0,0
1779555751.216467,-0.361328125,-0.255859375,-0.119140625,0.0,-0.01953125,-0.46875,0,0
1779555751.224385,-0.365234375,-0.2578125,-0.119140625,0.0,-0.01953125,-0.46875,0,0
1779555751.232404,-0.365234375,-0.2578125,-0.119140625,0.0,-0.01953125,-0.46484375,0,0
1779555751.240423,-0.375,-0.259765625,-0.119140625,0.0,-0.01953125,-0.46484375,0,0
1779555751.248410,-0.375,-0.259765625,-0.119140625,0.0,-0.0234375,-0.4609375,0,0
1779555751.256502,-0.384765625,-0.263671875,-0.1171875,0.0,-0.0234375,-0.4609375,0,0
1779555751.264473,-0.384765625,-0.263671875,-0.1171875,0.0,-0.021484375,-0.451171875,0,0
1779555751.272446,-0.396484375,-0.267578125,-0.115234375,0.0,-0.021484375,-0.451171875,0,0
1779555751.280414,-0.396484375,-0.267578125,-0.115234375,0.0,-0.0234375,-0.439453125,0,0
1779555751.288433,-0.404296875,-0.271484375,-0.11328125,0.0,-0.0234375,-0.439453125,0,0
1779555751.296476,-0.404296875,-0.271484375,-0.11328125,0.0,-0.025390625,-0.435546875,0,0
1779555751.304420,-0.412109375,-0.2734375,-0.11328125,0.0,-0.025390625,-0.435546875,0,0
1779555751.312409,-0.412109375,-0.2734375,-0.11328125,0.00390625,-0.025390625,-0.427734375,0,0
1779555751.320464,-0.421875,-0.275390625,-0.109375,0.00390625,-0.025390625,-0.427734375,0,0
1779555751.328381,-0.421875,-0.275390625,-0.109375,0.005859375,-0.029296875,-0.419921875,0,0
1779555751.336394,-0.4375,-0.279296875,-0.1015625,0.005859375,-0.029296875,-0.419921875,0,0
1779555751.344452,-0.4375,-0.279296875,-0.1015625,0.013671875,-0.03125,-0.408203125,0,0
1779555751.352458,-0.447265625,-0.27734375,-0.099609375,0.013671875,-0.03125,-0.408203125,0,0
1779555751.360480,-0.447265625,-0.27734375,-0.099609375,0.015625,-0.03125,-0.400390625,0,0
1779555751.368437,-0.458984375,-0.28125,-0.095703125,0.015625,-0.03125,-0.400390625,0,0
1779555751.376408,-0.458984375,-0.28125,-0.095703125,0.017578125,-0.033203125,-0.390625,0,0
1779555751.384432,-0.466796875,-0.28125,-0.09375,0.017578125,-0.033203125,-0.390625,0,0
1779555751.392433,-0.466796875,-0.28125,-0.09375,0.017578125,-0.03515625,-0.3828125,0,0
1779555751.400460,-0.4765625,-0.283203125,-0.091796875,0.017578125,-0.03515625,-0.3828125,0,0
1779555751.408431,-0.4765625,-0.283203125,-0.091796875,0.021484375,-0.037109375,-0.375,0,0
1779555751.416374,-0.482421875,-0.283203125,-0.08984375,0.021484375,-0.037109375,-0.375,0,0
1779555751.424547,-0.482421875,-0.283203125,-0.08984375,0.0234375,-0.0390625,-0.37109375,0,0
1779555751.432449,-0.48828125,-0.28515625,-0.087890625,0.0234375,-0.0390625,-0.37109375,0,0
1779555751.440501,-0.48828125,-0.28515625,-0.087890625,0.03125,-0.037109375,-0.365234375,0,0
1779555751.448458,-0.494140625,-0.283203125,-0.080078125,0.03125,-0.037109375,-0.365234375,0,0
1779555751.456463,-0.494140625,-0.283203125,-0.080078125,0.037109375,-0.0390625,-0.361328125,0,0
1779555751.464403,-0.5,-0.279296875,-0.080078125,0.037109375,-0.0390625,-0.361328125,0,0
1779555751.472430,-0.5,-0.279296875,-0.080078125,0.037109375,-0.0390625,-0.35546875,0,0
1779555751.480473,-0.51171875,-0.279296875,-0.078125,0.037109375,-0.0390625,-0.35546875,0,0
1779555751.488474,-0.51171875,-0.279296875,-0.078125,0.041015625,-0.041015625,-0.34765625,0,0
1779555751.496395,-0.517578125,-0.279296875,-0.078125,0.041015625,-0.041015625,-0.34765625,0,0
1779555751.504435,-0.517578125,-0.279296875,-0.078125,0.0390625,-0.044921875,-0.341796875,0,0
1779555751.512436,-0.517578125,-0.279296875,-0.078125,0.0390625,-0.044921875,-0.341796875,0,0
1779555751.520386,-0.517578125,-0.279296875,-0.078125,0.0390625,-0.044921875,-0.341796875,0,0
1779555751.528378,-0.517578125,-0.28125,-0.08203125,0.0390625,-0.044921875,-0.341796875,0,0
1779555751.536428,-0.517578125,-0.28125,-0.08203125,0.0390625,-0.044921875,-0.341796875,0,0
1779555751.544495,-0.517578125,-0.283203125,-0.08203125,0.0390625,-0.044921875,-0.341796875,0,0
1779555751.552403,-0.517578125,-0.283203125,-0.08203125,0.03515625,-0.046875,-0.341796875,0,0
1779555751.560496,-0.515625,-0.283203125,-0.083984375,0.03515625,-0.046875,-0.341796875,0,0
1779555751.568402,-0.515625,-0.283203125,-0.083984375,0.03515625,-0.044921875,-0.34375,0,0
1779555751.576422,-0.513671875,-0.283203125,-0.083984375,0.03515625,-0.044921875,-0.34375,0,0
1779555751.584493,-0.513671875,-0.283203125,-0.083984375,0.03515625,-0.044921875,-0.34375,0,0
1779555751.592463,-0.513671875,-0.283203125,-0.08203125,0.03515625,-0.044921875,-0.34375,0,0
1779555751.600403,-0.513671875,-0.283203125,-0.08203125,0.037109375,-0.044921875,-0.345703125,0,0
1779555751.608391,-0.509765625,-0.28125,-0.08203125,0.037109375,-0.044921875,-0.345703125,0,0
1779555751.616384,-0.509765625,-0.28125,-0.08203125,0.037109375,-0.044921875,-0.34765625,0,0
1779555751.624377,-0.5078125,-0.28125,-0.08203125,0.037109375,-0.044921875,-0.34765625,0,0
1779555751.632381,-0.5078125,-0.28125,-0.08203125,0.037109375,-0.044921875,-0.349609375,0,0
1779555751.640440,-0.5078125,-0.28125,-0.08203125,0.037109375,-0.044921875,-0.349609375,0,0
1779555751.648409,-0.5078125,-0.28125,-0.08203125,0.037109375,-0.044921875,-0.3515625,0,0
1779555751.656376,-0.505859375,-0.28125,-0.08203125,0.037109375,-0.044921875,-0.3515625,0,0
1779555751.664372,-0.505859375,-0.28125,-0.08203125,0.037109375,-0.04296875,-0.353515625,0,0
1779555751.672472,-0.50390625,-0.28125,-0.080078125,0.037109375,-0.04296875,-0.353515625,0,0
1779555751.680477,-0.50390625,-0.28125,-0.080078125,0.0390625,-0.04296875,-0.35546875,0,0
1779555751.688451,-0.498046875,-0.27734375,-0.078125,0.0390625,-0.04296875,-0.35546875,0,0
1779555751.696453,-0.498046875,-0.27734375,-0.078125,0.044921875,-0.041015625,-0.359375,0,0
1779555751.704447,-0.494140625,-0.2734375,-0.07421875,0.044921875,-0.041015625,-0.359375,0,0
1779555751.712386,-0.494140625,-0.2734375,-0.07421875,0.048828125,-0.041015625,-0.365234375,0,0
1779555751.720484,-0.4921875,-0.271484375,-0.07421875,0.048828125,-0.041015625,-0.365234375,0,0
1779555751.728455,-0.4921875,-0.271484375,-0.07421875,0.05078125,-0.041015625,-0.365234375,0,0
1779555751.736464,-0.490234375,-0.271484375,-0.07421875,0.05078125,-0.041015625,-0.365234375,0,0
1779555751.744398,-0.490234375,-0.271484375,-0.07421875,0.05078125,-0.0390625,-0.365234375,0,0
1779555751.752434,-0.490234375,-0.26953125,-0.072265625,0.05078125,-0.0390625,-0.365234375,0,0
1779555751.760473,-0.490234375,-0.26953125,-0.072265625,0.052734375,-0.037109375,-0.365234375,0,0
1779555751.768430,-0.490234375,-0.26953125,-0.0703125,0.052734375,-0.037109375,-0.365234375,0,0
1779555751.776471,-0.490234375,-0.26953125,-0.0703125,0.05859375,-0.037109375,-0.365234375,0,0
1779555751.784464,-0.48828125,-0.265625,-0.06640625,0.05859375,-0.037109375,-0.365234375,0,0
1779555751.792439,-0.48828125,-0.265625,-0.06640625,0.064453125,-0.037109375,-0.3671875,0,0
1779555751.800442,-0.484375,-0.259765625,-0.064453125,0.064453125,-0.037109375,-0.3671875,0,0
1779555751.808413,-0.484375,-0.259765625,-0.064453125,0.068359375,-0.037109375,-0.37109375,0,0
1779555751.816412,-0.478515625,-0.251953125,-0.0625,0.068359375,-0.037109375,-0.37109375,0,0
1779555751.824476,-0.478515625,-0.251953125,-0.0625,0.078125,-0.037109375,-0.376953125,0,0
1779555751.832405,-0.470703125,-0.24609375,-0.0625,0.078125,-0.037109375,-0.376953125,0,0
1779555751.840446,-0.470703125,-0.24609375,-0.0625,0.08984375,-0.03515625,-0.3828125,0,0
1779555751.848447,-0.462890625,-0.236328125,-0.05859375,0.08984375,-0.03515625,-0.3828125,0,0
1779555751.856482,-0.462890625,-0.236328125,-0.05859375,0.099609375,-0.03125,-0.388671875,0,0
1779555751.864447,-0.458984375,-0.228515625,-0.0546875,0.099609375,-0.03125,-0.388671875,0,0
1779555751.872428,-0.458984375,-0.228515625,-0.0546875,0.11328125,-0.029296875,-0.392578125,0,0
1779555751.880429,-0.44921875,-0.220703125,-0.044921875,0.11328125,-0.029296875,-0.392578125,0,0
1779555751.888482,-0.44921875,-0.220703125,-0.044921875,0.126953125,-0.03125,-0.39453125,0,0
1779555751.896440,-0.443359375,-0.212890625,-0.0390625,0.126953125,-0.03125,-0.39453125,0,0
1779555751.904402,-0.443359375,-0.212890625,-0.0390625,0.13671875,-0.037109375,-0.39453125,0,0
1779555751.912417,-0.439453125,-0.19921875,-0.0546875,0.13671875,-0.037109375,-0.39453125,0,0
1779555751.920433,-0.439453125,-0.19921875,-0.0546875,0.15625,-0.056640625,-0.3828125,0,0
1779555751.928424,-0.419921875,-0.19921875,-0.076171875,0.15625,-0.056640625,-0.3828125,0,0
1779555751.936378,-0.419921875,-0.19921875,-0.076171875,0.181640625,-0.072265625,-0.357421875,0,0
1779555751.944386,-0.349609375,-0.21484375,-0.0546875,0.181640625,-0.072265625,-0.357421875,0,0
1779555751.952441,-0.349609375,-0.21484375,-0.0546875,0.177734375,-0.0625,-0.310546875,0,0
1779555751.960398,-0.236328125,-0.224609375,-0.037109375,0.177734375,-0.0625,-0.310546875,0,0
1779555751.968391,-0.236328125,-0.224609375,-0.037109375,0.154296875,-0.03125,-0.234375,0,0
1779555751.976379,-0.146484375,-0.216796875,-0.033203125,0.154296875,-0.03125,-0.234375,0,0
1779555751.984429,-0.146484375,-0.216796875,-0.033203125,0.126953125,0.0,-0.162109375,0,0
1779555751.992417,-0.041015625,-0.16796875,-0.03515625,0.126953125,0.0,-0.162109375,0,0
1779555752.000393,-0.041015625,-0.16796875,-0.03515625,0.05859375,0.0,-0.078125,0,0
1779555752.008487,-0.041015625,-0.09765625,-0.025390625,0.05859375,0.0,-0.078125,0,0
1779555752.016473,-0.041015625,-0.09765625,-0.025390625,0.05859375,0.0,-0.021484375,0,0
1779555752.024406,-0.041015625,-0.005859375,-0.025390625,0.05859375,0.0,-0.021484375,0,0
1779555752.032490,-0.041015625,-0.005859375,-0.025390625,0.05859375,0.0,-0.015625,0,0
1779555752.062386,0.0,0.0,0.0,0.0,0.0,0.0,0,0
1779555752.072404,-0.041015625,-0.005859375,-0.013671875,0.05859375,0.0,-0.015625,0,0
1779555752.080471,-0.041015625,-0.005859375,-0.013671875,-0.00390625,0.0,-0.015625,0,0
1779555752.088413,-0.017578125,-0.005859375,-0.013671875,-0.00390625,0.0,-0.015625,0,0
1779555752.118394,0.0,0.0,0.0,0.0,0.0,0.0,0,0
1779555752.149472,0.0,0.0,0.0,0.0,0.0,0.0,0,0
1779555752.180405,0.0,0.0,0.0,0.0,0.0,0.0,0,0
1779555752.200405,-0.017578125,0.0,-0.013671875,-0.00390625,0.0,-0.015625,0,0
1779555752.216420,-0.017578125,-0.021484375,-0.013671875,-0.00390625,0.0,-0.015625,0,0
1779555752.232464,-0.017578125,-0.033203125,-0.013671875,-0.00390625,0.0,-0.015625,0,0
1779555752.240503,-0.017578125,-0.033203125,-0.013671875,0.009765625,0.0,-0.015625,0,0
1779555752.248461,-0.017578125,-0.03125,-0.013671875,0.009765625,0.0,-0.015625,0,0
1779555752.264453,-0.017578125,-0.00390625,-0.013671875,0.009765625,0.0,-0.015625,0,0
1779555752.294399,0.0,0.0,0.0,0.0,0.0,0.0,0,0
1779555752.312461,-0.0078125,-0.00390625,-0.013671875,0.009765625,0.0,-0.015625,0,0
1779555752.342398,0.0,0.0,0.0,0.0,0.0,0.0,0,0
1779555752.373386,0.0,0.0,0.0,0.0,0.0,0.0,0,0
1779555752.376408,-0.009765625,-0.00390625,-0.013671875,0.009765625,0.0,-0.015625,0,0
1779555752.392365,-0.05859375,-0.00390625,-0.025390625,0.009765625,0.0,-0.015625,0,0
1779555752.400359,-0.05859375,-0.00390625,-0.025390625,0.009765625,-0.005859375,-0.015625,0,0
1779555752.408407,-0.072265625,-0.009765625,-0.041015625,0.009765625,-0.005859375,-0.015625,0,0
1779555752.416370,-0.072265625,-0.009765625,-0.041015625,-0.029296875,-0.005859375,0.0078125,0,0
1779555752.424392,-0.078125,-0.02734375,-0.05859375,-0.029296875,-0.005859375,0.0078125,0,0
1779555752.432377,-0.078125,-0.02734375,-0.05859375,-0.00390625,-0.005859375,0.0078125,0,0
1779555752.440414,-0.048828125,-0.056640625,-0.0546875,-0.00390625,-0.005859375,0.0078125,0,0
1779555752.456404,-0.048828125,-0.05859375,-0.025390625,-0.00390625,-0.005859375,0.0078125,0,0
1779555752.464358,-0.048828125,-0.05859375,-0.025390625,-0.00390625,0.025390625,-0.07421875,0,0
1779555752.472465,-0.048828125,-0.037109375,-0.025390625,-0.00390625,0.025390625,-0.07421875,0,0
1779555752.480499,-0.048828125,-0.037109375,-0.025390625,0.029296875,0.068359375,-0.25,0,0
1779555752.488413,-0.048828125,-0.02734375,-0.025390625,0.029296875,0.068359375,-0.25,0,0
1779555752.496481,-0.048828125,-0.02734375,-0.025390625,0.0625,0.0703125,-0.390625,0,0
1779555752.504442,-0.01171875,-0.01953125,-0.025390625,0.0625,0.0703125,-0.390625,0,0
1779555752.512467,-0.01171875,-0.01953125,-0.025390625,0.0859375,0.046875,-0.544921875,0,0
1779555752.520427,-0.0390625,-0.025390625,-0.005859375,0.0859375,0.046875,-0.544921875,0,0
1779555752.528508,-0.0390625,-0.025390625,-0.005859375,0.083984375,0.00390625,-0.65234375,0,0
1779555752.536455,-0.0390625,-0.015625,-0.00390625,0.083984375,0.00390625,-0.65234375,0,0
1779555752.544406,-0.0390625,-0.015625,-0.00390625,0.06640625,0.00390625,-0.68359375,0,0
1779555752.560502,-0.0390625,-0.015625,-0.00390625,0.052734375,0.00390625,-0.68359375,0,0
1779555752.576464,-0.0390625,-0.015625,-0.00390625,0.052734375,0.00390625,-0.68359375,0,0
1779555752.592437,-0.0390625,-0.015625,-0.00390625,0.052734375,0.00390625,-0.68359375,0,0
1779555752.608402,-0.0390625,-0.015625,-0.00390625,0.048828125,0.00390625,-0.68359375,0,0
1779555752.624417,-0.0390625,-0.015625,-0.00390625,0.048828125,0.00390625,-0.68359375,0,0
1779555752.640377,-0.0390625,-0.015625,-0.00390625,0.048828125,0.00390625,-0.68359375,0,0
1779555752.656413,-0.0390625,-0.015625,-0.00390625,0.048828125,0.00390625,-0.68359375,0,0
1779555752.672429,-0.0390625,-0.015625,-0.00390625,0.048828125,0.00390625,-0.68359375,0,0
1779555752.688500,-0.0390625,-0.015625,-0.00390625,0.048828125,0.00390625,-0.68359375,0,0
1779555752.704456,-0.0390625,-0.015625,-0.00390625,0.048828125,0.00390625,-0.68359375,0,0
1779555752.720420,-0.0390625,-0.015625,-0.00390625,0.048828125,0.00390625,-0.68359375,0,0
1779555752.736438,-0.0390625,-0.015625,-0.00390625,0.048828125,0.00390625,-0.68359375,0,0
1779555752.752411,-0.0390625,-0.015625,-0.00390625,0.048828125,0.00390625,-0.68359375,0,0
1779555752.768453,-0.0390625,-0.015625,-0.00390625,0.048828125,0.00390625,-0.68359375,0,0
1779555752.784501,-0.0390625,-0.015625,-0.00390625,0.05078125,0.00390625,-0.68359375,0,0
1779555752.800496,-0.0390625,-0.015625,-0.00390625,0.05078125,0.00390625,-0.68359375,0,0
1779555752.816421,-0.0390625,-0.015625,-0.00390625,0.05078125,0.00390625,-0.68359375,0,0
1779555752.832491,-0.0390625,-0.015625,-0.00390625,0.05078125,0.00390625,-0.68359375,0,0
1779555752.848397,-0.0390625,-0.015625,-0.00390625,0.052734375,0.00390625,-0.68359375,0,0
1779555752.864467,-0.0390625,-0.015625,-0.00390625,0.052734375,0.00390625,-0.68359375,0,0
1779555752.880426,-0.0390625,-0.015625,-0.00390625,0.052734375,0.00390625,-0.68359375,0,0
1779555752.896492,-0.0390625,-0.015625,-0.00390625,0.052734375,0.00390625,-0.68359375,0,0
1779555752.912449,-0.0390625,-0.015625,-0.00390625,0.052734375,0.00390625,-0.68359375,0,0
1779555752.928485,-0.0390625,-0.015625,-0.00390625,0.0546875,0.00390625,-0.68359375,0,0
1779555752.944422,-0.0390625,-0.015625,-0.00390625,0.0546875,0.00390625,-0.68359375,0,0
1779555752.960452,-0.0390625,-0.015625,-0.00390625,0.0546875,0.00390625,-0.68359375,0,0
1779555752.976418,-0.0390625,-0.015625,-0.00390625,0.0546875,0.00390625,-0.68359375,0,0
1779555752.992444,-0.0390625,-0.015625,-0.00390625,0.056640625,0.00390625,-0.68359375,0,0
1779555753.008404,-0.0390625,-0.015625,-0.00390625,0.05859375,0.00390625,-0.68359375,0,0
1779555753.024405,-0.0390625,-0.015625,-0.00390625,0.05859375,0.00390625,-0.68359375,0,0
1779555753.040386,-0.0390625,-0.015625,-0.00390625,0.05859375,0.00390625,-0.68359375,0,0
1779555753.056417,-0.0390625,-0.015625,-0.00390625,0.05859375,0.00390625,-0.68359375,0,0
1779555753.072437,-0.0390625,-0.015625,-0.00390625,0.060546875,0.00390625,-0.68359375,0,0
1779555753.088431,-0.0390625,-0.015625,-0.00390625,0.060546875,0.00390625,-0.68359375,0,0
1779555753.104448,-0.0390625,-0.015625,-0.00390625,0.060546875,0.00390625,-0.68359375,0,0
1779555753.120452,-0.0390625,-0.015625,-0.00390625,0.0625,0.00390625,-0.68359375,0,0
1779555753.136416,-0.0390625,-0.015625,-0.00390625,0.0625,0.00390625,-0.68359375,0,0
1779555753.152442,-0.0390625,-0.015625,-0.00390625,0.068359375,0.00390625,-0.68359375,0,0
1779555753.168421,-0.0390625,-0.015625,-0.00390625,0.068359375,0.00390625,-0.68359375,0,0
1779555753.184419,-0.0390625,-0.015625,-0.00390625,0.0703125,0.00390625,-0.68359375,0,0
1779555753.200432,-0.0390625,-0.015625,-0.00390625,0.07421875,0.00390625,-0.68359375,0,0
1779555753.216497,-0.0390625,-0.015625,-0.00390625,0.080078125,0.00390625,-0.68359375,0,0
1779555753.232401,-0.0390625,-0.015625,-0.00390625,0.08203125,0.00390625,-0.68359375,0,0
1779555753.248507,-0.0390625,-0.015625,-0.00390625,0.08203125,0.00390625,-0.68359375,0,0
1779555753.264508,-0.0390625,-0.015625,-0.00390625,0.08203125,0.00390625,-0.68359375,0,0
1779555753.280431,-0.0390625,-0.015625,-0.00390625,0.08203125,0.00390625,-0.68359375,0,0
1779555753.296448,-0.0390625,-0.015625,-0.00390625,0.0859375,0.00390625,-0.68359375,0,0
1779555753.312444,-0.0390625,-0.015625,-0.00390625,0.0859375,0.00390625,-0.68359375,0,0
1779555753.328464,-0.0390625,-0.015625,-0.00390625,0.0859375,0.00390625,-0.68359375,0,0
1779555753.344444,-0.0390625,-0.015625,-0.00390625,0.0859375,0.00390625,-0.68359375,0,0
1779555753.360486,-0.0390625,-0.015625,-0.00390625,0.087890625,0.00390625,-0.68359375,0,0
1779555753.376464,-0.0390625,-0.015625,-0.00390625,0.087890625,0.00390625,-0.68359375,0,0
1779555753.392395,-0.0390625,-0.015625,-0.00390625,0.091796875,0.00390625,-0.68359375,0,0
1779555753.408388,-0.0390625,-0.015625,-0.00390625,0.091796875,0.00390625,-0.68359375,0,0
1779555753.424420,-0.0390625,-0.015625,-0.00390625,0.09375,0.00390625,-0.68359375,0,0
1779555753.440422,-0.0390625,-0.015625,-0.00390625,0.09375,0.00390625,-0.68359375,0,0
1779555753.456453,-0.0390625,-0.015625,-0.00390625,0.09765625,0.00390625,-0.68359375,0,0
1779555753.472490,-0.0390625,-0.015625,-0.00390625,0.099609375,0.00390625,-0.68359375,0,0
1779555753.488390,-0.0390625,-0.015625,-0.00390625,0.1015625,0.00390625,-0.68359375,0,0
1779555753.504404,-0.0390625,-0.015625,-0.00390625,0.1015625,0.00390625,-0.68359375,0,0
1779555753.520435,-0.0390625,-0.015625,-0.00390625,0.107421875,0.00390625,-0.68359375,0,0
1779555753.536389,-0.0390625,-0.015625,-0.00390625,0.11328125,0.00390625,-0.68359375,0,0
1779555753.544416,-0.0390625,-0.015625,0.005859375,0.11328125,0.00390625,-0.68359375,0,0
1779555753.552388,-0.0390625,-0.015625,0.005859375,0.123046875,0.00390625,-0.68359375,0,0
1779555753.560427,-0.0390625,-0.015625,0.017578125,0.123046875,0.00390625,-0.68359375,0,0
1779555753.568415,-0.0390625,-0.015625,0.017578125,0.142578125,0.00390625,-0.662109375,0,0
1779555753.576475,-0.0390625,-0.015625,0.015625,0.142578125,0.00390625,-0.662109375,0,0
1779555753.584396,-0.0390625,-0.015625,0.015625,0.15234375,0.00390625,-0.59765625,0,0
1779555753.592475,-0.0390625,-0.015625,0.017578125,0.15234375,0.00390625,-0.59765625,0,0
1779555753.600496,-0.0390625,-0.015625,0.017578125,0.134765625,0.00390625,-0.494140625,0,0
1779555753.608497,0.0234375,-0.015625,0.0390625,0.134765625,0.00390625,-0.494140625,0,0
1779555753.616414,0.0234375,-0.015625,0.0390625,0.11328125,0.015625,-0.376953125,0,0
1779555753.624421,0.072265625,-0.015625,0.046875,0.11328125,0.015625,-0.376953125,0,0
1779555753.632411,0.072265625,-0.015625,0.046875,0.111328125,0.03515625,-0.26953125,0,0
1779555753.640452,0.060546875,-0.015625,0.03515625,0.111328125,0.03515625,-0.26953125,0,0
1779555753.648412,0.060546875,-0.015625,0.03515625,0.10546875,0.013671875,-0.1796875,0,0
1779555753.664396,0.060546875,-0.015625,0.03515625,0.10546875,0.013671875,-0.03125,0,0
1779555753.680473,0.060546875,-0.015625,0.03515625,0.10546875,0.013671875,-0.005859375,0,0
1779555753.696454,0.060546875,-0.015625,0.03515625,0.10546875,0.013671875,-0.005859375,0,0
1779555753.726408,0.0,0.0,0.0,0.0,0.0,0.0,0,0
1779555753.757442,0.0,0.0,0.0,0.0,0.0,0.0,0,0
1779555753.788398,0.0,0.0,0.0,0.0,0.0,0.0,0,0
1779555753.819397,0.0,0.0,0.0,0.0,0.0,0.0,0,0
1779555753.850425,0.0,0.0,0.0,0.0,0.0,0.0,0,0
1779555753.881436,0.0,0.0,0.0,0.0,0.0,0.0,0,0
1779555753.912420,0.0,0.0,0.0,0.0,0.0,0.0,0,0
1779555753.943416,0.0,0.0,0.0,0.0,0.0,0.0,0,0
1779555753.974473,0.0,0.0,0.0,0.0,0.0,0.0,0,0
1779555754.005484,0.0,0.0,0.0,0.0,0.0,0.0,0,0
1779555754.036473,0.0,0.0,0.0,0.0,0.0,0.0,0,0
1779555754.067457,0.0,0.0,0.0,0.0,0.0,0.0,0,0
1779555754.098374,0.0,0.0,0.0,0.0,0.0,0.0,0,0
1779555754.129451,0.0,0.0,0.0,0.0,0.0,0.0,0,0
1779555754.160373,0.0,0.0,0.0,0.0,0.0,0.0,0,0
1779555754.191387,0.0,0.0,0.0,0.0,0.0,0.0,0,0
1779555754.208403,0.0,-0.015625,0.03515625,0.10546875,0.013671875,-0.005859375,0,0
1779555754.224392,-0.05078125,-0.015625,0.03515625,0.10546875,0.013671875,-0.005859375,0,0
1779555754.232386,-0.05078125,-0.015625,0.03515625,0.10546875,-0.009765625,-0.056640625,0,0
1779555754.240414,-0.08984375,-0.015625,0.03515625,0.10546875,-0.009765625,-0.056640625,0,0
1779555754.248432,-0.08984375,-0.015625,0.03515625,0.013671875,-0.03515625,-0.12109375,0,0
1779555754.256420,-0.119140625,-0.015625,0.03515625,0.013671875,-0.03515625,-0.12109375,0,0
1779555754.264400,-0.119140625,-0.015625,0.03515625,0.033203125,-0.060546875,-0.17578125,0,0
1779555754.272382,-0.1484375,-0.015625,0.03515625,0.033203125,-0.060546875,-0.17578125,0,0
1779555754.280436,-0.1484375,-0.015625,0.03515625,0.052734375,-0.087890625,-0.2109375,0,0
1779555754.288397,-0.17578125,-0.015625,0.03515625,0.052734375,-0.087890625,-0.2109375,0,0
1779555754.296383,-0.17578125,-0.015625,0.03515625,0.0625,-0.10546875,-0.236328125,0,0
1779555754.304416,-0.197265625,-0.015625,0.03515625,0.0625,-0.10546875,-0.236328125,0,0
1779555754.312393,-0.197265625,-0.015625,0.03515625,0.072265625,-0.119140625,-0.255859375,0,0
1779555754.320435,-0.220703125,-0.015625,0.03515625,0.072265625,-0.119140625,-0.255859375,0,0
1779555754.328497,-0.220703125,-0.015625,0.03515625,0.048828125,-0.130859375,-0.251953125,0,0
1779555754.336441,-0.228515625,-0.015625,0.03515625,0.048828125,-0.130859375,-0.251953125,0,0
1779555754.344424,-0.228515625,-0.015625,0.03515625,0.033203125,-0.134765625,-0.2421875,0,0
1779555754.352435,-0.23046875,-0.015625,0.03515625,0.033203125,-0.134765625,-0.2421875,0,0
1779555754.360380,-0.23046875,-0.015625,0.03515625,0.033203125,-0.142578125,-0.23828125,0,0
1779555754.368414,-0.23046875,0.00390625,0.03515625,0.033203125,-0.142578125,-0.23828125,0,0
1779555754.376499,-0.23046875,0.00390625,0.03515625,0.044921875,-0.15234375,-0.23046875,0,0
1779555754.384402,-0.236328125,0.01171875,-0.033203125,0.044921875,-0.15234375,-0.23046875,0,0
1779555754.392448,-0.236328125,0.01171875,-0.033203125,0.080078125,-0.16796875,-0.220703125,0,0
1779555754.400479,-0.25,0.015625,-0.05859375,0.080078125,-0.16796875,-0.220703125,0,0
1779555754.408412,-0.25,0.015625,-0.05859375,0.123046875,-0.193359375,-0.212890625,0,0
1779555754.416479,-0.263671875,0.00390625,-0.076171875,0.123046875,-0.193359375,-0.212890625,0,0
1779555754.424467,-0.263671875,0.00390625,-0.076171875,0.17578125,-0.212890625,-0.208984375,0,0
1779555754.432440,-0.265625,0.00390625,-0.0859375,0.17578125,-0.212890625,-0.208984375,0,0
1779555754.440466,-0.265625,0.00390625,-0.0859375,0.212890625,-0.224609375,-0.205078125,0,0
1779555754.448522,-0.25390625,0.00390625,-0.091796875,0.212890625,-0.224609375,-0.205078125,0,0
1779555754.456514,-0.25390625,0.00390625,-0.091796875,0.234375,-0.220703125,-0.208984375,0,0
1779555754.464495,-0.248046875,0.0,-0.107421875,0.234375,-0.220703125,-0.208984375,0,0
1779555754.472482,-0.248046875,0.0,-0.107421875,0.2421875,-0.216796875,-0.21484375,0,0
1779555754.480515,-0.255859375,0.015625,-0.123046875,0.2421875,-0.216796875,-0.21484375,0,0
1779555754.488500,-0.255859375,0.015625,-0.123046875,0.244140625,-0.212890625,-0.22265625,0,0
1779555754.496451,-0.267578125,0.021484375,-0.126953125,0.244140625,-0.212890625,-0.22265625,0,0
1779555754.504425,-0.267578125,0.021484375,-0.126953125,0.24609375,-0.212890625,-0.228515625,0,0
1779555754.512443,-0.283203125,0.029296875,-0.12109375,0.24609375,-0.212890625,-0.228515625,0,0
1779555754.520415,-0.283203125,0.029296875,-0.12109375,0.240234375,-0.21484375,-0.232421875,0,0
1779555754.528479,-0.2890625,0.033203125,-0.119140625,0.240234375,-0.21484375,-0.232421875,0,0
1779555754.536439,-0.2890625,0.033203125,-0.119140625,0.234375,-0.2109375,-0.232421875,0,0
1779555754.544531,-0.2890625,0.03125,-0.115234375,0.234375,-0.2109375,-0.232421875,0,0
1779555754.552414,-0.2890625,0.03125,-0.115234375,0.232421875,-0.20703125,-0.232421875,0,0
1779555754.560405,-0.283203125,0.03515625,-0.09765625,0.232421875,-0.20703125,-0.232421875,0,0
1779555754.568427,-0.283203125,0.03515625,-0.09765625,0.2265625,-0.1953125,-0.23046875,0,0
1779555754.576401,-0.283203125,0.046875,-0.09375,0.2265625,-0.1953125,-0.23046875,0,0
1779555754.584410,-0.283203125,0.046875,-0.09375,0.21875,-0.19140625,-0.23046875,0,0
1779555754.592386,-0.287109375,0.068359375,-0.087890625,0.21875,-0.19140625,-0.23046875,0,0
1779555754.600383,-0.287109375,0.068359375,-0.087890625,0.2109375,-0.19140625,-0.234375,0,0
1779555754.608507,-0.298828125,0.087890625,-0.087890625,0.2109375,-0.19140625,-0.234375,0,0
1779555754.616426,-0.298828125,0.087890625,-0.087890625,0.203125,-0.19140625,-0.240234375,0,0
1779555754.624450,-0.310546875,0.09765625,-0.083984375,0.203125,-0.19140625,-0.240234375,0,0
1779555754.632437,-0.310546875,0.09765625,-0.083984375,0.19921875,-0.19921875,-0.2421875,0,0
1779555754.640494,-0.30859375,0.09375,-0.08203125,0.19921875,-0.19921875,-0.2421875,0,0
1779555754.648520,-0.30859375,0.09375,-0.08203125,0.19921875,-0.19921875,-0.240234375,0,0
1779555754.656477,-0.291015625,0.080078125,-0.07421875,0.19921875,-0.19921875,-0.240234375,0,0
1779555754.664402,-0.291015625,0.080078125,-0.07421875,0.201171875,-0.19140625,-0.234375,0,0
1779555754.672425,-0.28125,0.08203125,-0.068359375,0.201171875,-0.19140625,-0.234375,0,0
1779555754.680428,-0.28125,0.08203125,-0.068359375,0.201171875,-0.185546875,-0.234375,0,0
1779555754.688381,-0.2734375,0.08203125,-0.06640625,0.201171875,-0.185546875,-0.234375,0,0
1779555754.696444,-0.2734375,0.08203125,-0.06640625,0.203125,-0.181640625,-0.232421875,0,0
1779555754.704397,-0.26953125,0.083984375,-0.064453125,0.203125,-0.181640625,-0.232421875,0,0
1779555754.712394,-0.26953125,0.083984375,-0.064453125,0.205078125,-0.1796875,-0.23046875,0,0
1779555754.720385,-0.26953125,0.091796875,-0.0625,0.205078125,-0.1796875,-0.23046875,0,0
1779555754.728397,-0.26953125,0.091796875,-0.0625,0.19921875,-0.177734375,-0.23046875,0,0
1779555754.736393,-0.26953125,0.08984375,-0.06640625,0.19921875,-0.177734375,-0.23046875,0,0
1779555754.744394,-0.26953125,0.08984375,-0.06640625,0.19921875,-0.177734375,-0.23046875,0,0
1779555754.752477,-0.265625,0.083984375,-0.06640625,0.19921875,-0.177734375,-0.23046875,0,0
1779555754.760481,-0.265625,0.083984375,-0.06640625,0.20703125,-0.1796875,-0.2265625,0,0
1779555754.768446,-0.26953125,0.0859375,-0.076171875,0.20703125,-0.1796875,-0.2265625,0,0
1779555754.776472,-0.26953125,0.0859375,-0.076171875,0.224609375,-0.189453125,-0.2265625,0,0
1779555754.784413,-0.27734375,0.1015625,-0.08984375,0.224609375,-0.189453125,-0.2265625,0,0
1779555754.792458,-0.27734375,0.1015625,-0.08984375,0.251953125,-0.203125,-0.23046875,0,0
1779555754.800459,-0.287109375,0.11328125,-0.09375,0.251953125,-0.203125,-0.23046875,0,0
1779555754.808439,-0.287109375,0.11328125,-0.09375,0.28125,-0.216796875,-0.23046875,0,0
1779555754.816385,-0.296875,0.119140625,-0.1015625,0.28125,-0.216796875,-0.23046875,0,0
1779555754.824414,-0.296875,0.119140625,-0.1015625,0.32421875,-0.232421875,-0.232421875,0,0
1779555754.832400,-0.3046875,0.119140625,-0.115234375,0.32421875,-0.232421875,-0.232421875,0,0
1779555754.840512,-0.3046875,0.119140625,-0.115234375,0.376953125,-0.255859375,-0.232421875,0,0
1779555754.848491,-0.30078125,0.130859375,-0.125,0.376953125,-0.255859375,-0.232421875,0,0
1779555754.856407,-0.30078125,0.130859375,-0.125,0.4140625,-0.26171875,-0.234375,0,0
1779555754.864452,-0.28125,0.134765625,-0.109375,0.4140625,-0.26171875,-0.234375,0,0
1779555754.872478,-0.28125,0.134765625,-0.109375,0.43359375,-0.2421875,-0.234375,0,0
1779555754.880426,-0.271484375,0.1328125,-0.09375,0.43359375,-0.2421875,-0.234375,0,0
1779555754.888429,-0.271484375,0.1328125,-0.09375,0.453125,-0.228515625,-0.234375,0,0
1779555754.896459,-0.255859375,0.130859375,-0.072265625,0.453125,-0.228515625,-0.234375,0,0
1779555754.904409,-0.255859375,0.130859375,-0.072265625,0.474609375,-0.212890625,-0.234375,0,0
1779555754.912467,-0.23828125,0.123046875,-0.05078125,0.474609375,-0.212890625,-0.234375,0,0
1779555754.920474,-0.23828125,0.123046875,-0.05078125,0.5,-0.19921875,-0.240234375,0,0
1779555754.928467,-0.216796875,0.1171875,-0.03125,0.5,-0.19921875,-0.240234375,0,0
1779555754.936412,-0.216796875,0.1171875,-0.03125,0.533203125,-0.19140625,-0.2421875,0,0
1779555754.944434,-0.193359375,0.115234375,-0.00390625,0.533203125,-0.19140625,-0.2421875,0,0
1779555754.952404,-0.193359375,0.115234375,-0.00390625,0.5703125,-0.181640625,-0.240234375,0,0
1779555754.960394,-0.189453125,0.111328125,-0.00390625,0.5703125,-0.181640625,-0.240234375,0,0
1779555754.968419,-0.189453125,0.111328125,-0.00390625,0.607421875,-0.1875,-0.23046875,0,0
1779555754.976393,-0.193359375,0.107421875,-0.00390625,0.607421875,-0.1875,-0.23046875,0,0
1779555754.984471,-0.193359375,0.107421875,-0.00390625,0.623046875,-0.189453125,-0.228515625,0,0
1779555754.992467,-0.19921875,0.103515625,-0.00390625,0.623046875,-0.189453125,-0.228515625,0,0
1779555755.000391,-0.19921875,0.103515625,-0.00390625,0.638671875,-0.197265625,-0.224609375,0,0
1779555755.008407,-0.19921875,0.103515625,-0.00390625,0.638671875,-0.197265625,-0.224609375,0,0
1779555755.016486,-0.19921875,0.103515625,-0.00390625,0.640625,-0.201171875,-0.224609375,0,0
1779555755.024405,-0.1953125,0.107421875,-0.00390625,0.640625,-0.201171875,-0.224609375,0,0
1779555755.032441,-0.1953125,0.107421875,-0.00390625,0.640625,-0.193359375,-0.224609375,0,0
1779555755.040488,-0.1875,0.109375,-0.00390625,0.640625,-0.193359375,-0.224609375,0,0
1779555755.048507,-0.1875,0.109375,-0.00390625,0.650390625,-0.185546875,-0.224609375,0,0
1779555755.056460,-0.1875,0.11328125,-0.00390625,0.650390625,-0.185546875,-0.224609375,0,0
1779555755.064435,-0.1875,0.11328125,-0.00390625,0.654296875,-0.18359375,-0.224609375,0,0
1779555755.072412,-0.1875,0.11328125,0.0,0.654296875,-0.18359375,-0.224609375,0,0
1779555755.080419,-0.1875,0.11328125,0.0,0.654296875,-0.181640625,-0.224609375,0,0
1779555755.088439,-0.1875,0.109375,0.0,0.654296875,-0.181640625,-0.224609375,0,0
1779555755.096368,-0.1875,0.109375,0.0,0.66015625,-0.177734375,-0.224609375,0,0
1779555755.104418,-0.1875,0.10546875,0.0,0.66015625,-0.177734375,-0.224609375,0,0
1779555755.112436,-0.1875,0.10546875,0.0,0.666015625,-0.173828125,-0.22265625,0,0
1779555755.120456,-0.1875,0.103515625,0.0,0.666015625,-0.173828125,-0.22265625,0,0
1779555755.128463,-0.1875,0.103515625,0.0,0.669921875,-0.171875,-0.22265625,0,0
1779555755.136467,-0.1875,0.1015625,0.0,0.669921875,-0.171875,-0.22265625,0,0
1779555755.144396,-0.1875,0.1015625,0.0,0.671875,-0.169921875,-0.220703125,0,0
1779555755.152418,-0.1875,0.1015625,0.0,0.671875,-0.169921875,-0.220703125,0,0
1779555755.160387,-0.1875,0.1015625,0.0,0.673828125,-0.166015625,-0.220703125,0,0
1779555755.168384,-0.1875,0.1015625,0.0,0.673828125,-0.166015625,-0.220703125,0,0
1779555755.176471,-0.1875,0.1015625,0.0,0.671875,-0.158203125,-0.220703125,0,0
1779555755.184469,-0.1875,0.103515625,0.0,0.671875,-0.158203125,-0.220703125,0,0
1779555755.192495,-0.1875,0.103515625,0.0,0.671875,-0.150390625,-0.220703125,0,0
1779555755.200517,-0.189453125,0.10546875,0.0,0.671875,-0.150390625,-0.220703125,0,0
1779555755.208455,-0.189453125,0.10546875,0.0,0.669921875,-0.146484375,-0.220703125,0,0
1779555755.216473,-0.189453125,0.10546875,0.0,0.669921875,-0.146484375,-0.220703125,0,0
1779555755.224467,-0.189453125,0.10546875,0.0,0.671875,-0.140625,-0.220703125,0,0
1779555755.232399,-0.189453125,0.10546875,0.0,0.671875,-0.140625,-0.220703125,0,0
1779555755.240384,-0.189453125,0.10546875,0.0,0.671875,-0.13671875,-0.220703125,0,0
1779555755.248442,-0.189453125,0.10546875,0.0,0.671875,-0.13671875,-0.220703125,0,0
1779555755.256475,-0.189453125,0.10546875,0.0,0.671875,-0.12890625,-0.220703125,0,0
1779555755.264411,-0.19140625,0.107421875,0.00390625,0.671875,-0.12890625,-0.220703125,0,0
1779555755.272431,-0.19140625,0.107421875,0.00390625,0.671875,-0.125,-0.220703125,0,0
1779555755.280477,-0.19140625,0.107421875,0.00390625,0.671875,-0.125,-0.220703125,0,0
1779555755.288414,-0.19140625,0.107421875,0.00390625,0.671875,-0.123046875,-0.220703125,0,0
1779555755.296393,-0.193359375,0.09765625,0.00390625,0.671875,-0.123046875,-0.220703125,0,0
1779555755.304385,-0.193359375,0.09765625,0.00390625,0.6796875,-0.125,-0.220703125,0,0
1779555755.312394,-0.193359375,0.095703125,0.00390625,0.6796875,-0.125,-0.220703125,0,0
1779555755.320482,-0.193359375,0.095703125,0.00390625,0.6796875,-0.125,-0.220703125,0,0
1779555755.328408,-0.193359375,0.09375,0.00390625,0.6796875,-0.125,-0.220703125,0,0
1779555755.336431,-0.193359375,0.09375,0.00390625,0.681640625,-0.125,-0.220703125,0,0
1779555755.344507,-0.193359375,0.09375,0.00390625,0.681640625,-0.125,-0.220703125,0,0
1779555755.352417,-0.193359375,0.09375,0.00390625,0.681640625,-0.125,-0.22265625,0,0
1779555755.360411,-0.193359375,0.09375,0.00390625,0.681640625,-0.125,-0.22265625,0,0
1779555755.368366,-0.193359375,0.09375,0.00390625,0.681640625,-0.125,-0.22265625,0,0
1779555755.376472,-0.193359375,0.09375,0.00390625,0.681640625,-0.125,-0.22265625,0,0
1779555755.384431,-0.193359375,0.09375,0.00390625,0.681640625,-0.126953125,-0.22265625,0,0
1779555755.392485,-0.193359375,0.09375,0.00390625,0.681640625,-0.126953125,-0.22265625,0,0
1779555755.400409,-0.193359375,0.09375,0.00390625,0.681640625,-0.126953125,-0.22265625,0,0
1779555755.408467,-0.193359375,0.09375,0.00390625,0.681640625,-0.126953125,-0.22265625,0,0
1779555755.416496,-0.193359375,0.09375,0.00390625,0.6796875,-0.126953125,-0.224609375,0,0
1779555755.424458,-0.193359375,0.09375,0.00390625,0.6796875,-0.126953125,-0.224609375,0,0
1779555755.432482,-0.193359375,0.09375,0.00390625,0.677734375,-0.125,-0.2265625,0,0
1779555755.440460,-0.193359375,0.09375,0.00390625,0.677734375,-0.125,-0.2265625,0,0
1779555755.448435,-0.193359375,0.09375,0.00390625,0.677734375,-0.123046875,-0.2265625,0,0
1779555755.456437,-0.193359375,0.09375,0.00390625,0.677734375,-0.123046875,-0.2265625,0,0
1779555755.464368,-0.193359375,0.09375,0.00390625,0.673828125,-0.12109375,-0.2265625,0,0
1779555755.472416,-0.193359375,0.09375,0.00390625,0.673828125,-0.12109375,-0.2265625,0,0
1779555755.480447,-0.193359375,0.09375,0.00390625,0.673828125,-0.12109375,-0.2265625,0,0
1779555755.488385,-0.193359375,0.09375,0.00390625,0.673828125,-0.12109375,-0.2265625,0,0
1779555755.496403,-0.193359375,0.09375,0.00390625,0.673828125,-0.119140625,-0.2265625,0,0
1779555755.504399,-0.193359375,0.095703125,0.00390625,0.673828125,-0.119140625,-0.2265625,0,0
1779555755.512409,-0.193359375,0.095703125,0.00390625,0.671875,-0.119140625,-0.2265625,0,0
1779555755.520452,-0.193359375,0.095703125,0.00390625,0.671875,-0.119140625,-0.2265625,0,0
1779555755.528383,-0.193359375,0.095703125,0.00390625,0.673828125,-0.119140625,-0.2265625,0,0
1779555755.536386,-0.193359375,0.095703125,0.00390625,0.673828125,-0.119140625,-0.2265625,0,0
1779555755.544395,-0.193359375,0.095703125,0.00390625,0.673828125,-0.119140625,-0.2265625,0,0
1779555755.552404,-0.197265625,0.09375,0.00390625,0.673828125,-0.119140625,-0.2265625,0,0
1779555755.560453,-0.197265625,0.09375,0.00390625,0.67578125,-0.123046875,-0.2265625,0,0
1779555755.568459,-0.205078125,0.091796875,0.00390625,0.67578125,-0.123046875,-0.2265625,0,0
1779555755.576480,-0.205078125,0.091796875,0.00390625,0.67578125,-0.126953125,-0.22265625,0,0
1779555755.584383,-0.2109375,0.087890625,0.00390625,0.67578125,-0.126953125,-0.22265625,0,0
1779555755.592465,-0.2109375,0.087890625,0.00390625,0.677734375,-0.134765625,-0.21875,0,0
1779555755.600430,-0.21484375,0.0859375,0.00390625,0.677734375,-0.134765625,-0.21875,0,0
1779555755.608388,-0.21484375,0.0859375,0.00390625,0.67578125,-0.142578125,-0.21875,0,0
1779555755.616463,-0.22265625,0.08203125,0.00390625,0.67578125,-0.142578125,-0.21875,0,0
1779555755.624477,-0.22265625,0.08203125,0.00390625,0.67578125,-0.150390625,-0.21484375,0,0
1779555755.632375,-0.23828125,0.078125,0.00390625,0.67578125,-0.150390625,-0.21484375,0,0
1779555755.640403,-0.23828125,0.078125,0.00390625,0.67578125,-0.162109375,-0.208984375,0,0
1779555755.648454,-0.248046875,0.072265625,0.00390625,0.67578125,-0.162109375,-0.208984375,0,0
1779555755.656390,-0.248046875,0.072265625,0.00390625,0.67578125,-0.16796875,-0.203125,0,0
1779555755.664474,-0.251953125,0.072265625,0.00390625,0.67578125,-0.16796875,-0.203125,0,0
1779555755.672391,-0.251953125,0.072265625,0.00390625,0.67578125,-0.169921875,-0.201171875,0,0
1779555755.680418,-0.251953125,0.072265625,0.00390625,0.67578125,-0.169921875,-0.201171875,0,0
1779555755.688393,-0.251953125,0.072265625,0.00390625,0.67578125,-0.169921875,-0.201171875,0,0
1779555755.696425,-0.251953125,0.072265625,0.00390625,0.67578125,-0.169921875,-0.201171875,0,0
1779555755.704402,-0.251953125,0.072265625,0.00390625,0.67578125,-0.169921875,-0.201171875,0,0
1779555755.712408,-0.251953125,0.072265625,0.00390625,0.67578125,-0.169921875,-0.201171875,0,0
1779555755.720476,-0.251953125,0.072265625,0.00390625,0.67578125,-0.169921875,-0.201171875,0,0
1779555755.728358,-0.251953125,0.072265625,0.00390625,0.67578125,-0.169921875,-0.201171875,0,0
1779555755.736395,-0.251953125,0.072265625,0.00390625,0.67578125,-0.169921875,-0.201171875,0,0
1779555755.744422,-0.251953125,0.07421875,0.00390625,0.67578125,-0.169921875,-0.201171875,0,0
1779555755.752502,-0.251953125,0.07421875,0.00390625,0.67578125,-0.1640625,-0.201171875,0,0
1779555755.760491,-0.25,0.078125,0.00390625,0.67578125,-0.1640625,-0.201171875,0,0
1779555755.768428,-0.25,0.078125,0.00390625,0.673828125,-0.154296875,-0.201171875,0,0
1779555755.776420,-0.25,0.078125,0.00390625,0.673828125,-0.154296875,-0.201171875,0,0
1779555755.784418,-0.25,0.078125,0.00390625,0.673828125,-0.15234375,-0.201171875,0,0
1779555755.792381,-0.24609375,0.078125,0.00390625,0.673828125,-0.15234375,-0.201171875,0,0
1779555755.800402,-0.24609375,0.078125,0.00390625,0.673828125,-0.150390625,-0.203125,0,0
1779555755.808426,-0.2421875,0.078125,0.00390625,0.673828125,-0.150390625,-0.203125,0,0
1779555755.816400,-0.2421875,0.078125,0.00390625,0.673828125,-0.15234375,-0.205078125,0,0
1779555755.824396,-0.240234375,0.078125,0.00390625,0.673828125,-0.15234375,-0.205078125,0,0
1779555755.832453,-0.240234375,0.078125,0.00390625,0.673828125,-0.15625,-0.20703125,0,0
1779555755.840488,-0.23828125,0.078125,0.00390625,0.673828125,-0.15625,-0.20703125,0,0
1779555755.848535,-0.23828125,0.078125,0.00390625,0.673828125,-0.15625,-0.208984375,0,0
1779555755.856494,-0.236328125,0.080078125,0.00390625,0.673828125,-0.15625,-0.208984375,0,0
1779555755.864417,-0.236328125,0.080078125,0.00390625,0.671875,-0.154296875,-0.208984375,0,0
1779555755.872405,-0.228515625,0.08203125,0.00390625,0.671875,-0.154296875,-0.208984375,0,0
1779555755.880397,-0.228515625,0.08203125,0.00390625,0.673828125,-0.1484375,-0.2109375,0,0
1779555755.896495,-0.21484375,0.087890625,0.00390625,0.673828125,-0.1484375,-0.2109375,0,0
1779555755.904453,-0.21484375,0.087890625,0.00390625,0.673828125,-0.146484375,-0.21484375,0,0
1779555755.912409,-0.212890625,0.087890625,0.00390625,0.673828125,-0.146484375,-0.21484375,0,0
1779555755.920422,-0.212890625,0.087890625,0.00390625,0.67578125,-0.146484375,-0.216796875,0,0
1779555755.928457,-0.2109375,0.08203125,0.00390625,0.67578125,-0.146484375,-0.216796875,0,0
1779555755.936370,-0.2109375,0.08203125,0.00390625,0.68359375,-0.150390625,-0.21484375,0,0
1779555755.944427,-0.2109375,0.076171875,0.00390625,0.68359375,-0.150390625,-0.21484375,0,0
1779555755.952487,-0.2109375,0.076171875,0.00390625,0.68359375,-0.162109375,-0.212890625,0,0
1779555755.960438,-0.216796875,0.06640625,0.00390625,0.68359375,-0.162109375,-0.212890625,0,0
1779555755.968423,-0.216796875,0.06640625,0.00390625,0.68359375,-0.185546875,-0.20703125,0,0
1779555755.976403,-0.2265625,0.037109375,0.00390625,0.68359375,-0.185546875,-0.20703125,0,0
1779555755.984469,-0.2265625,0.037109375,0.00390625,0.68359375,-0.2265625,-0.197265625,0,0
1779555755.992426,-0.2109375,0.013671875,0.00390625,0.68359375,-0.2265625,-0.197265625,0,0
1779555756.000459,-0.2109375,0.013671875,0.00390625,0.68359375,-0.228515625,-0.181640625,0,0
1779555756.008475,-0.1875,0.013671875,0.00390625,0.68359375,-0.228515625,-0.181640625,0,0
1779555756.016466,-0.1875,0.013671875,0.00390625,0.68359375,-0.23046875,-0.162109375,0,0
1779555756.024446,-0.17578125,0.013671875,0.00390625,0.68359375,-0.23046875,-0.162109375,0,0
1779555756.032443,-0.17578125,0.013671875,0.00390625,0.68359375,-0.228515625,-0.14453125,0,0
1779555756.040470,-0.1640625,0.013671875,0.00390625,0.68359375,-0.228515625,-0.14453125,0,0
1779555756.048484,-0.1640625,0.013671875,0.00390625,0.68359375,-0.224609375,-0.12109375,0,0
1779555756.056385,-0.1484375,0.013671875,0.00390625,0.68359375,-0.224609375,-0.12109375,0,0
1779555756.064441,-0.1484375,0.013671875,0.00390625,0.68359375,-0.224609375,-0.09375,0,0
1779555756.072383,-0.140625,0.013671875,0.00390625,0.68359375,-0.224609375,-0.09375,0,0
1779555756.080512,-0.140625,0.013671875,0.00390625,0.68359375,-0.22265625,-0.0859375,0,0
1779555756.088460,-0.138671875,0.013671875,0.00390625,0.68359375,-0.22265625,-0.0859375,0,0
1779555756.096461,-0.138671875,0.013671875,0.00390625,0.68359375,-0.2265625,-0.072265625,0,0
1779555756.104425,-0.138671875,0.013671875,0.00390625,0.68359375,-0.2265625,-0.072265625,0,0
1779555756.112419,-0.138671875,0.013671875,0.00390625,0.68359375,-0.228515625,-0.064453125,0,0
1779555756.120379,-0.138671875,0.013671875,0.00390625,0.68359375,-0.228515625,-0.064453125,0,0
1779555756.128477,-0.138671875,0.013671875,0.00390625,0.68359375,-0.23046875,-0.0625,0,0
1779555756.136498,-0.1328125,0.013671875,0.00390625,0.68359375,-0.23046875,-0.0625,0,0
1779555756.144538,-0.1328125,0.013671875,0.00390625,0.68359375,-0.2265625,-0.052734375,0,0
1779555756.152469,-0.126953125,0.013671875,0.00390625,0.68359375,-0.2265625,-0.052734375,0,0
1779555756.160435,-0.126953125,0.013671875,0.00390625,0.68359375,-0.228515625,-0.041015625,0,0
1779555756.168415,-0.123046875,0.013671875,0.00390625,0.68359375,-0.228515625,-0.041015625,0,0
1779555756.176505,-0.123046875,0.013671875,0.00390625,0.68359375,-0.2265625,-0.033203125,0,0
1779555756.184444,-0.11328125,0.013671875,0.00390625,0.68359375,-0.2265625,-0.033203125,0,0
1779555756.192469,-0.11328125,0.013671875,0.00390625,0.68359375,-0.2265625,-0.025390625,0,0
1779555756.200456,-0.1015625,0.013671875,0.00390625,0.68359375,-0.2265625,-0.025390625,0,0
1779555756.208416,-0.1015625,0.013671875,0.00390625,0.68359375,-0.228515625,-0.015625,0,0
1779555756.216392,-0.08984375,0.0,0.00390625,0.68359375,-0.228515625,-0.015625,0,0
1779555756.224441,-0.08984375,0.0,0.00390625,0.68359375,-0.232421875,-0.015625,0,0
1779555756.232446,-0.07421875,-0.00390625,0.00390625,0.68359375,-0.232421875,-0.015625,0,0
1779555756.240388,-0.07421875,-0.00390625,0.00390625,0.68359375,-0.232421875,-0.015625,0,0
1779555756.248457,-0.064453125,0.0,0.00390625,0.68359375,-0.232421875,-0.015625,0,0
1779555756.256378,-0.064453125,0.0,0.00390625,0.68359375,-0.232421875,-0.015625,0,0
1779555756.264446,-0.060546875,0.0,0.00390625,0.68359375,-0.232421875,-0.015625,0,0
1779555756.272402,-0.060546875,0.0,0.00390625,0.68359375,-0.234375,-0.015625,0,0
1779555756.280402,-0.046875,0.0,0.00390625,0.68359375,-0.234375,-0.015625,0,0
1779555756.288416,-0.046875,0.0,0.00390625,0.68359375,-0.234375,-0.015625,0,0
1779555756.296487,-0.02734375,0.0,0.00390625,0.68359375,-0.234375,-0.015625,0,0
1779555756.304468,-0.02734375,0.0,0.00390625,0.68359375,-0.232421875,-0.015625,0,0
1779555756.312432,-0.01171875,0.0,0.00390625,0.68359375,-0.232421875,-0.015625,0,0
1779555756.320465,-0.01171875,0.0,0.00390625,0.68359375,-0.232421875,-0.015625,0,0
1779555756.336469,-0.01171875,0.0,0.00390625,0.68359375,-0.23828125,-0.015625,0,0
1779555756.352465,-0.01171875,0.0,0.00390625,0.68359375,-0.240234375,0.00390625,0,0
1779555756.368411,-0.01171875,0.0,0.00390625,0.68359375,-0.244140625,0.017578125,0,0
1779555756.384435,-0.01171875,0.0,0.00390625,0.68359375,-0.244140625,0.033203125,0,0
1779555756.400393,-0.01171875,0.0,0.00390625,0.68359375,-0.244140625,0.0546875,0,0
1779555756.408463,-0.01171875,0.0,0.0,0.68359375,-0.244140625,0.0546875,0,0
1779555756.416413,-0.01171875,0.0,0.0,0.68359375,-0.24609375,0.083984375,0,0
1779555756.424406,-0.01171875,0.0,-0.0078125,0.68359375,-0.24609375,0.083984375,0,0
1779555756.432453,-0.01171875,0.0,-0.0078125,0.68359375,-0.25,0.107421875,0,0
1779555756.440433,-0.01171875,0.0,-0.0078125,0.68359375,-0.25,0.107421875,0,0
1779555756.448446,-0.01171875,0.0,-0.0078125,0.68359375,-0.25,0.130859375,0,0
1779555756.456480,0.021484375,0.0,0.0,0.68359375,-0.25,0.130859375,0,0
1779555756.464431,0.021484375,0.0,0.0,0.68359375,-0.24609375,0.1484375,0,0
1779555756.472380,0.03125,0.0,0.0,0.68359375,-0.24609375,0.1484375,0,0
1779555756.480455,0.03125,0.0,0.0,0.68359375,-0.25,0.16796875,0,0
1779555756.488453,0.029296875,0.0,0.0,0.68359375,-0.25,0.16796875,0,0
1779555756.496475,0.029296875,0.0,0.0,0.68359375,-0.255859375,0.18359375,0,0
1779555756.504450,0.03125,0.0,-0.005859375,0.68359375,-0.255859375,0.18359375,0,0
1779555756.512457,0.03125,0.0,-0.005859375,0.68359375,-0.2578125,0.201171875,0,0
1779555756.520541,0.041015625,0.0,-0.013671875,0.68359375,-0.2578125,0.201171875,0,0
1779555756.528541,0.041015625,0.0,-0.013671875,0.68359375,-0.263671875,0.220703125,0,0
1779555756.536447,0.05859375,0.0,-0.017578125,0.68359375,-0.263671875,0.220703125,0,0
1779555756.544404,0.05859375,0.0,-0.017578125,0.68359375,-0.263671875,0.24609375,0,0
1779555756.552392,0.072265625,0.0,-0.0234375,0.68359375,-0.263671875,0.24609375,0,0
1779555756.560378,0.072265625,0.0,-0.0234375,0.68359375,-0.26171875,0.263671875,0,0
1779555756.568385,0.08203125,0.0,-0.0234375,0.68359375,-0.26171875,0.263671875,0,0
1779555756.576432,0.08203125,0.0,-0.0234375,0.68359375,-0.259765625,0.275390625,0,0
1779555756.584433,0.087890625,0.0,-0.021484375,0.68359375,-0.259765625,0.275390625,0,0
1779555756.592442,0.087890625,0.0,-0.021484375,0.68359375,-0.2578125,0.28125,0,0
1779555756.600430,0.091796875,0.0,-0.0234375,0.68359375,-0.2578125,0.28125,0,0
1779555756.608427,0.091796875,0.0,-0.0234375,0.68359375,-0.2578125,0.287109375,0,0
1779555756.616501,0.09375,0.0,-0.025390625,0.68359375,-0.2578125,0.287109375,0,0
1779555756.624501,0.09375,0.0,-0.025390625,0.68359375,-0.2578125,0.291015625,0,0
1779555756.632481,0.099609375,0.0,-0.029296875,0.68359375,-0.2578125,0.291015625,0,0
1779555756.640470,0.099609375,0.0,-0.029296875,0.68359375,-0.2578125,0.30078125,0,0
1779555756.648432,0.109375,0.0,-0.03125,0.68359375,-0.2578125,0.30078125,0,0
1779555756.656420,0.109375,0.0,-0.03125,0.68359375,-0.25390625,0.310546875,0,0
1779555756.664383,0.11328125,0.0,-0.033203125,0.68359375,-0.25390625,0.310546875,0,0
1779555756.672402,0.11328125,0.0,-0.033203125,0.68359375,-0.25390625,0.3203125,0,0
1779555756.680387,0.119140625,0.0,-0.033203125,0.68359375,-0.25390625,0.3203125,0,0
1779555756.688421,0.119140625,0.0,-0.033203125,0.68359375,-0.255859375,0.328125,0,0
1779555756.696404,0.123046875,0.0,-0.033203125,0.68359375,-0.255859375,0.328125,0,0
1779555756.704432,0.123046875,0.0,-0.033203125,0.68359375,-0.255859375,0.333984375,0,0
1779555756.712458,0.125,0.0,-0.033203125,0.68359375,-0.255859375,0.333984375,0,0
1779555756.720457,0.125,0.0,-0.033203125,0.68359375,-0.255859375,0.3359375,0,0
1779555756.728463,0.126953125,0.0,-0.033203125,0.68359375,-0.255859375,0.3359375,0,0
1779555756.736367,0.126953125,0.0,-0.033203125,0.68359375,-0.255859375,0.337890625,0,0
1779555756.744427,0.12890625,0.0,-0.03125,0.68359375,-0.255859375,0.337890625,0,0
1779555756.752426,0.12890625,0.0,-0.03125,0.68359375,-0.255859375,0.337890625,0,0
1779555756.760375,0.12890625,0.0,-0.03125,0.68359375,-0.255859375,0.337890625,0,0
1779555756.768447,0.12890625,0.0,-0.03125,0.68359375,-0.251953125,0.337890625,0,0
1779555756.776421,0.12890625,0.0,-0.033203125,0.68359375,-0.251953125,0.337890625,0,0
1779555756.784474,0.12890625,0.0,-0.033203125,0.68359375,-0.25,0.337890625,0,0
1779555756.792421,0.130859375,0.0,-0.03515625,0.68359375,-0.25,0.337890625,0,0
1779555756.800457,0.130859375,0.0,-0.03515625,0.68359375,-0.24609375,0.3359375,0,0
1779555756.808421,0.1328125,0.0,-0.0390625,0.68359375,-0.24609375,0.3359375,0,0
1779555756.816398,0.1328125,0.0,-0.0390625,0.68359375,-0.244140625,0.330078125,0,0
1779555756.824426,0.140625,0.0,-0.0390625,0.68359375,-0.244140625,0.330078125,0,0
1779555756.832501,0.140625,0.0,-0.0390625,0.68359375,-0.236328125,0.3203125,0,0
1779555756.840475,0.140625,0.0,-0.03515625,0.68359375,-0.236328125,0.3203125,0,0
1779555756.848482,0.140625,0.0,-0.03515625,0.68359375,-0.234375,0.314453125,0,0
1779555756.856417,0.140625,0.0,-0.03515625,0.68359375,-0.234375,0.314453125,0,0
1779555756.864413,0.140625,0.0,-0.03515625,0.68359375,-0.228515625,0.310546875,0,0
1779555756.872431,0.138671875,0.0,-0.033203125,0.68359375,-0.228515625,0.310546875,0,0
1779555756.880457,0.138671875,0.0,-0.033203125,0.68359375,-0.224609375,0.3046875,0,0
1779555756.888479,0.138671875,0.0,-0.03125,0.68359375,-0.224609375,0.3046875,0,0
1779555756.896453,0.138671875,0.0,-0.03125,0.68359375,-0.22265625,0.298828125,0,0
1779555756.904460,0.140625,0.0,-0.029296875,0.68359375,-0.22265625,0.298828125,0,0
1779555756.912402,0.140625,0.0,-0.029296875,0.68359375,-0.21875,0.294921875,0,0
1779555756.920371,0.140625,0.0,-0.025390625,0.68359375,-0.21875,0.294921875,0,0
1779555756.928517,0.140625,0.0,-0.025390625,0.68359375,-0.216796875,0.2890625,0,0
1779555756.936509,0.140625,0.0,-0.0234375,0.68359375,-0.216796875,0.2890625,0,0
1779555756.944520,0.140625,0.0,-0.0234375,0.68359375,-0.212890625,0.28515625,0,0
1779555756.952531,0.134765625,0.0,-0.01953125,0.68359375,-0.212890625,0.28515625,0,0
1779555756.960514,0.134765625,0.0,-0.01953125,0.68359375,-0.212890625,0.283203125,0,0
1779555756.968403,0.12890625,0.0,-0.017578125,0.68359375,-0.212890625,0.283203125,0,0
1779555756.976417,0.12890625,0.0,-0.017578125,0.68359375,-0.212890625,0.279296875,0,0
1779555756.984481,0.119140625,0.0,-0.013671875,0.68359375,-0.212890625,0.279296875,0,0
1779555756.992428,0.119140625,0.0,-0.013671875,0.68359375,-0.212890625,0.279296875,0,0
1779555757.000490,0.109375,0.0,-0.015625,0.68359375,-0.212890625,0.279296875,0,0
1779555757.008493,0.109375,0.0,-0.015625,0.68359375,-0.212890625,0.27734375,0,0
1779555757.016440,0.095703125,0.0,-0.017578125,0.68359375,-0.212890625,0.27734375,0,0
1779555757.024413,0.095703125,0.0,-0.017578125,0.68359375,-0.212890625,0.275390625,0,0
1779555757.032460,0.08203125,0.0,-0.017578125,0.68359375,-0.212890625,0.275390625,0,0
1779555757.040457,0.08203125,0.0,-0.017578125,0.68359375,-0.216796875,0.2734375,0,0
1779555757.048542,0.07421875,0.0,-0.01171875,0.68359375,-0.216796875,0.2734375,0,0
1779555757.056421,0.07421875,0.0,-0.01171875,0.68359375,-0.21875,0.271484375,0,0
1779555757.064457,0.07421875,0.0,-0.01171875,0.68359375,-0.21875,0.271484375,0,0
1779555757.072462,0.07421875,0.0,-0.01171875,0.68359375,-0.216796875,0.267578125,0,0
1779555757.080391,0.076171875,0.0,-0.013671875,0.68359375,-0.216796875,0.267578125,0,0
1779555757.088459,0.076171875,0.0,-0.013671875,0.68359375,-0.212890625,0.265625,0,0
1779555757.096459,0.07421875,0.0,-0.021484375,0.68359375,-0.212890625,0.265625,0,0
1779555757.104464,0.07421875,0.0,-0.021484375,0.68359375,-0.212890625,0.265625,0,0
1779555757.112421,0.072265625,0.0,-0.025390625,0.68359375,-0.212890625,0.265625,0,0
1779555757.120417,0.072265625,0.0,-0.025390625,0.68359375,-0.208984375,0.265625,0,0
1779555757.128432,0.068359375,0.0,-0.03125,0.68359375,-0.208984375,0.265625,0,0
1779555757.136445,0.068359375,0.0,-0.03125,0.68359375,-0.208984375,0.265625,0,0
1779555757.144415,0.068359375,0.0,-0.033203125,0.68359375,-0.208984375,0.265625,0,0
1779555757.152426,0.068359375,0.0,-0.033203125,0.68359375,-0.20703125,0.265625,0,0
1779555757.160430,0.068359375,0.0,-0.033203125,0.68359375,-0.20703125,0.265625,0,0
1779555757.168434,0.068359375,0.0,-0.033203125,0.68359375,-0.205078125,0.26171875,0,0
1779555757.176402,0.068359375,0.0,-0.03515625,0.68359375,-0.205078125,0.26171875,0,0
1779555757.184449,0.068359375,0.0,-0.03515625,0.68359375,-0.203125,0.259765625,0,0
1779555757.192404,0.06640625,0.0,-0.037109375,0.68359375,-0.203125,0.259765625,0,0
1779555757.200488,0.06640625,0.0,-0.037109375,0.68359375,-0.19921875,0.259765625,0,0
1779555757.208387,0.064453125,0.0,-0.037109375,0.68359375,-0.19921875,0.259765625,0,0
1779555757.216416,0.064453125,0.0,-0.037109375,0.68359375,-0.197265625,0.259765625,0,0
1779555757.224425,0.0625,0.0,-0.0390625,0.68359375,-0.197265625,0.259765625,0,0
1779555757.232496,0.0625,0.0,-0.0390625,0.68359375,-0.197265625,0.26171875,0,0
1779555757.240456,0.060546875,0.0,-0.041015625,0.68359375,-0.197265625,0.26171875,0,0
1779555757.248491,0.060546875,0.0,-0.041015625,0.68359375,-0.197265625,0.26171875,0,0
1779555757.256419,0.0625,0.0,-0.0390625,0.68359375,-0.197265625,0.26171875,0,0
1779555757.264414,0.0625,0.0,-0.0390625,0.68359375,-0.1953125,0.259765625,0,0
1779555757.272402,0.0625,0.0,-0.03125,0.68359375,-0.1953125,0.259765625,0,0
1779555757.280395,0.0625,0.0,-0.03125,0.68359375,-0.19921875,0.255859375,0,0
1779555757.288388,0.060546875,0.0,-0.025390625,0.68359375,-0.19921875,0.255859375,0,0
1779555757.296374,0.060546875,0.0,-0.025390625,0.68359375,-0.201171875,0.248046875,0,0
1779555757.304448,0.064453125,0.0,-0.017578125,0.68359375,-0.201171875,0.248046875,0,0
1779555757.312418,0.064453125,0.0,-0.017578125,0.68359375,-0.197265625,0.244140625,0,0
1779555757.320427,0.064453125,0.0,-0.017578125,0.68359375,-0.197265625,0.244140625,0,0
1779555757.328471,0.064453125,0.0,-0.017578125,0.68359375,-0.197265625,0.240234375,0,0
1779555757.336423,0.064453125,0.0,-0.015625,0.68359375,-0.197265625,0.240234375,0,0
1779555757.344473,0.064453125,0.0,-0.015625,0.68359375,-0.1953125,0.23828125,0,0
1779555757.352410,0.064453125,0.0,-0.015625,0.68359375,-0.1953125,0.23828125,0,0
1779555757.360424,0.064453125,0.0,-0.015625,0.68359375,-0.1953125,0.23828125,0,0
1779555757.368403,0.06640625,0.0,-0.015625,0.68359375,-0.1953125,0.23828125,0,0
1779555757.376460,0.06640625,0.0,-0.015625,0.68359375,-0.193359375,0.236328125,0,0
1779555757.384480,0.0703125,0.0,-0.01171875,0.68359375,-0.193359375,0.236328125,0,0
1779555757.392469,0.0703125,0.0,-0.01171875,0.68359375,-0.189453125,0.234375,0,0
1779555757.400418,0.072265625,0.0,-0.01171875,0.68359375,-0.189453125,0.234375,0,0
1779555757.408444,0.072265625,0.0,-0.01171875,0.68359375,-0.1875,0.234375,0,0
1779555757.416416,0.07421875,0.0,-0.009765625,0.68359375,-0.1875,0.234375,0,0
1779555757.424415,0.07421875,0.0,-0.009765625,0.68359375,-0.185546875,0.236328125,0,0
1779555757.432457,0.0703125,0.0,-0.0078125,0.68359375,-0.185546875,0.236328125,0,0
1779555757.440407,0.0703125,0.0,-0.0078125,0.68359375,-0.18359375,0.23828125,0,0
1779555757.448440,0.064453125,0.0,-0.005859375,0.68359375,-0.18359375,0.23828125,0,0
1779555757.456424,0.064453125,0.0,-0.005859375,0.68359375,-0.185546875,0.2421875,0,0
1779555757.464381,0.060546875,0.0,-0.005859375,0.68359375,-0.185546875,0.2421875,0,0
1779555757.472367,0.060546875,0.0,-0.005859375,0.68359375,-0.19140625,0.2421875,0,0
1779555757.480378,0.05078125,0.0,-0.005859375,0.68359375,-0.19140625,0.2421875,0,0
1779555757.488383,0.05078125,0.0,-0.005859375,0.68359375,-0.201171875,0.2421875,0,0
1779555757.496448,0.044921875,0.0,-0.005859375,0.68359375,-0.201171875,0.2421875,0,0
1779555757.504397,0.044921875,0.0,-0.005859375,0.68359375,-0.203125,0.244140625,0,0
1779555757.512455,0.0390625,0.0,-0.005859375,0.68359375,-0.203125,0.244140625,0,0
1779555757.520447,0.0390625,0.0,-0.005859375,0.68359375,-0.203125,0.24609375,0,0
1779555757.528373,0.037109375,0.0,-0.005859375,0.68359375,-0.203125,0.24609375,0,0
1779555757.536411,0.037109375,0.0,-0.005859375,0.68359375,-0.205078125,0.24609375,0,0
1779555757.544475,0.03515625,0.0,-0.005859375,0.68359375,-0.205078125,0.24609375,0,0
1779555757.552389,0.03515625,0.0,-0.005859375,0.68359375,-0.205078125,0.24609375,0,0
1779555757.560375,0.03515625,0.0,-0.005859375,0.68359375,-0.205078125,0.24609375,0,0
1779555757.568400,0.03515625,0.0,-0.005859375,0.68359375,-0.203125,0.24609375,0,0
1779555757.576425,0.033203125,0.0,-0.005859375,0.68359375,-0.203125,0.24609375,0,0
1779555757.584388,0.033203125,0.0,-0.005859375,0.68359375,-0.203125,0.24609375,0,0
1779555757.592424,0.03125,0.0,-0.005859375,0.68359375,-0.203125,0.24609375,0,0
1779555757.600387,0.03125,0.0,-0.005859375,0.68359375,-0.203125,0.24609375,0,0
1779555757.608377,0.03125,0.0,-0.005859375,0.68359375,-0.203125,0.24609375,0,0
1779555757.616411,0.03125,0.0,-0.005859375,0.68359375,-0.203125,0.24609375,0,0
1779555757.624462,0.033203125,0.0,-0.005859375,0.68359375,-0.203125,0.24609375,0,0
1779555757.632398,0.033203125,0.0,-0.005859375,0.68359375,-0.203125,0.24609375,0,0
1779555757.640428,0.03515625,0.0,-0.005859375,0.68359375,-0.203125,0.24609375,0,0
1779555757.648449,0.03515625,0.0,-0.005859375,0.68359375,-0.201171875,0.244140625,0,0
1779555757.656435,0.037109375,0.0,-0.005859375,0.68359375,-0.201171875,0.244140625,0,0
1779555757.664447,0.037109375,0.0,-0.005859375,0.68359375,-0.201171875,0.244140625,0,0
1779555757.672392,0.0390625,0.0,-0.005859375,0.68359375,-0.201171875,0.244140625,0,0
1779555757.680417,0.0390625,0.0,-0.005859375,0.68359375,-0.197265625,0.244140625,0,0
1779555757.688400,0.0390625,0.0,-0.005859375,0.68359375,-0.197265625,0.244140625,0,0
1779555757.696352,0.0390625,0.0,-0.005859375,0.68359375,-0.197265625,0.244140625,0,0
1779555757.704362,0.0390625,0.0,-0.005859375,0.68359375,-0.197265625,0.244140625,0,0
1779555757.712368,0.0390625,0.0,-0.005859375,0.68359375,-0.197265625,0.244140625,0,0
1779555757.720456,0.0390625,0.0,-0.005859375,0.68359375,-0.197265625,0.244140625,0,0
1779555757.728504,0.0390625,0.0,-0.005859375,0.68359375,-0.197265625,0.244140625,0,0
1779555757.736434,0.03515625,0.0,-0.005859375,0.68359375,-0.197265625,0.244140625,0,0
1779555757.744421,0.03515625,0.0,-0.005859375,0.68359375,-0.19921875,0.244140625,0,0
1779555757.752379,0.03515625,0.0,-0.005859375,0.68359375,-0.19921875,0.244140625,0,0
1779555757.760380,0.03515625,0.0,-0.005859375,0.68359375,-0.19921875,0.244140625,0,0
1779555757.776425,0.03515625,0.0,-0.005859375,0.68359375,-0.19921875,0.244140625,0,0
1779555757.784437,0.03515625,0.0,-0.005859375,0.68359375,-0.197265625,0.244140625,0,0
1779555757.792365,0.033203125,0.0,-0.005859375,0.68359375,-0.197265625,0.244140625,0,0
1779555757.800402,0.033203125,0.0,-0.005859375,0.68359375,-0.1953125,0.244140625,0,0
1779555757.808392,0.033203125,0.0,-0.005859375,0.68359375,-0.1953125,0.244140625,0,0
1779555757.816426,0.033203125,0.0,-0.005859375,0.68359375,-0.193359375,0.24609375,0,0
1779555757.824459,0.03125,0.0,-0.005859375,0.68359375,-0.193359375,0.24609375,0,0
1779555757.832397,0.03125,0.0,-0.005859375,0.68359375,-0.19140625,0.24609375,0,0
1779555757.840452,0.03125,0.0,0.0,0.68359375,-0.19140625,0.24609375,0,0
1779555757.848511,0.03125,0.0,0.0,0.68359375,-0.19140625,0.24609375,0,0
1779555757.856467,0.03125,0.0,0.0,0.68359375,-0.19140625,0.24609375,0,0
1779555757.864435,0.03125,0.0,0.0,0.68359375,-0.19140625,0.24609375,0,0
1779555757.872446,0.029296875,0.0,-0.00390625,0.68359375,-0.19140625,0.24609375,0,0
1779555757.880480,0.029296875,0.0,-0.00390625,0.68359375,-0.19140625,0.24609375,0,0
1779555757.888460,0.029296875,0.0,-0.00390625,0.68359375,-0.19140625,0.24609375,0,0
1779555757.896388,0.029296875,0.0,-0.00390625,0.68359375,-0.19140625,0.24609375,0,0
1779555757.904388,0.029296875,0.0,-0.005859375,0.68359375,-0.19140625,0.24609375,0,0
1779555757.912458,0.029296875,0.0,-0.005859375,0.68359375,-0.19140625,0.244140625,0,0
1779555757.920508,0.029296875,0.0,-0.005859375,0.68359375,-0.19140625,0.244140625,0,0
1779555757.928404,0.029296875,0.0,-0.005859375,0.68359375,-0.19140625,0.244140625,0,0
1779555757.936455,0.029296875,0.0,-0.01171875,0.68359375,-0.19140625,0.244140625,0,0
1779555757.944442,0.029296875,0.0,-0.01171875,0.68359375,-0.19140625,0.244140625,0,0
1779555757.952506,0.029296875,0.0,-0.013671875,0.68359375,-0.19140625,0.244140625,0,0
1779555757.960484,0.029296875,0.0,-0.013671875,0.68359375,-0.19140625,0.244140625,0,0
1779555757.968477,0.02734375,0.0,-0.017578125,0.68359375,-0.19140625,0.244140625,0,0
1779555757.976471,0.02734375,0.0,-0.017578125,0.68359375,-0.19140625,0.2421875,0,0
1779555757.984466,0.02734375,0.0,-0.0234375,0.68359375,-0.19140625,0.2421875,0,0
1779555757.992491,0.02734375,0.0,-0.0234375,0.68359375,-0.19140625,0.240234375,0,0
1779555758.000490,0.0234375,0.0,-0.03515625,0.68359375,-0.19140625,0.240234375,0,0
1779555758.008436,0.0234375,0.0,-0.03515625,0.68359375,-0.19140625,0.23828125,0,0
1779555758.016441,0.017578125,-0.005859375,-0.046875,0.68359375,-0.19140625,0.23828125,0,0
1779555758.024502,0.017578125,-0.005859375,-0.046875,0.68359375,-0.19140625,0.232421875,0,0
1779555758.032470,0.015625,-0.017578125,-0.064453125,0.68359375,-0.19140625,0.232421875,0,0
1779555758.040442,0.015625,-0.017578125,-0.064453125,0.68359375,-0.193359375,0.2109375,0,0
1779555758.048528,0.015625,-0.02734375,-0.08984375,0.68359375,-0.193359375,0.2109375,0,0
1779555758.056470,0.015625,-0.02734375,-0.08984375,0.68359375,-0.19140625,0.166015625,0,0
1779555758.064480,0.015625,-0.029296875,-0.095703125,0.68359375,-0.19140625,0.166015625,0,0
1779555758.072464,0.015625,-0.029296875,-0.095703125,0.68359375,-0.169921875,0.11328125,0,0
1779555758.080488,0.015625,-0.029296875,-0.087890625,0.68359375,-0.169921875,0.11328125,0,0
1779555758.088420,0.015625,-0.029296875,-0.087890625,0.666015625,-0.15234375,0.091796875,0,0
1779555758.096497,0.015625,-0.03125,-0.07421875,0.666015625,-0.15234375,0.091796875,0,0
1779555758.104373,0.015625,-0.03125,-0.07421875,0.65234375,-0.13671875,0.083984375,0,0
1779555758.112402,0.015625,-0.03515625,-0.060546875,0.65234375,-0.13671875,0.083984375,0,0
1779555758.120387,0.015625,-0.03515625,-0.060546875,0.64453125,-0.125,0.083984375,0,0
1779555758.128484,0.015625,-0.037109375,-0.05078125,0.64453125,-0.125,0.083984375,0,0
1779555758.136421,0.015625,-0.037109375,-0.05078125,0.6328125,-0.119140625,0.083984375,0,0
1779555758.144494,0.015625,-0.03125,-0.03125,0.6328125,-0.119140625,0.083984375,0,0
1779555758.152459,0.015625,-0.03125,-0.03125,0.603515625,-0.103515625,0.083984375,0,0
1779555758.160425,0.015625,-0.033203125,-0.03125,0.603515625,-0.103515625,0.083984375,0,0
1779555758.168428,0.015625,-0.033203125,-0.03125,0.568359375,-0.076171875,0.076171875,0,0
1779555758.176387,0.015625,-0.02734375,-0.03125,0.568359375,-0.076171875,0.076171875,0,0
1779555758.184455,0.015625,-0.02734375,-0.03125,0.529296875,-0.04296875,0.05859375,0,0
1779555758.192499,0.015625,-0.03125,-0.03125,0.529296875,-0.04296875,0.05859375,0,0
1779555758.200454,0.015625,-0.03125,-0.03125,0.49609375,-0.013671875,0.03125,0,0
1779555758.208458,0.015625,-0.03515625,-0.03125,0.49609375,-0.013671875,0.03125,0,0
1779555758.216471,0.015625,-0.03515625,-0.03125,0.458984375,-0.013671875,0.03125,0,0
1779555758.224427,0.015625,-0.03515625,-0.03125,0.458984375,-0.013671875,0.03125,0,0
1779555758.232416,0.015625,-0.03515625,-0.03125,0.41796875,-0.013671875,0.03125,0,0
1779555758.240417,0.015625,-0.04296875,-0.03125,0.41796875,-0.013671875,0.03125,0,0
1779555758.248435,0.015625,-0.04296875,-0.03125,0.373046875,-0.013671875,0.03125,0,0
1779555758.256425,0.015625,-0.041015625,-0.03125,0.373046875,-0.013671875,0.03125,0,0
1779555758.264451,0.015625,-0.041015625,-0.03125,0.33203125,-0.013671875,0.03125,0,0
1779555758.272461,0.015625,-0.0390625,-0.03125,0.33203125,-0.013671875,0.03125,0,0
1779555758.280481,0.015625,-0.0390625,-0.03125,0.291015625,-0.013671875,0.03125,0,0
1779555758.288468,0.015625,-0.033203125,-0.03125,0.291015625,-0.013671875,0.03125,0,0
1779555758.296481,0.015625,-0.033203125,-0.03125,0.26171875,-0.013671875,0.03125,0,0
1779555758.304473,0.015625,-0.03125,-0.03125,0.26171875,-0.013671875,0.03125,0,0
1779555758.312427,0.015625,-0.03125,-0.03125,0.24609375,-0.013671875,0.03125,0,0
1779555758.320494,0.015625,-0.029296875,-0.03125,0.24609375,-0.013671875,0.03125,0,0
1779555758.328435,0.015625,-0.029296875,-0.03125,0.224609375,-0.013671875,0.03125,0,0
1779555758.336425,0.015625,-0.029296875,-0.03125,0.224609375,-0.013671875,0.03125,0,0
1779555758.344439,0.015625,-0.029296875,-0.03125,0.208984375,-0.013671875,0.03125,0,0
1779555758.352447,0.015625,-0.029296875,-0.03125,0.208984375,-0.013671875,0.03125,0,0
1779555758.360430,0.015625,-0.029296875,-0.03125,0.208984375,-0.013671875,0.03125,0,0
1779555758.368439,0.015625,-0.033203125,-0.03125,0.208984375,-0.013671875,0.03125,0,0
1779555758.376367,0.015625,-0.033203125,-0.03125,0.22265625,-0.013671875,0.03125,0,0
1779555758.384392,0.015625,-0.03125,-0.03125,0.22265625,-0.013671875,0.03125,0,0
1779555758.392478,0.015625,-0.03125,-0.03125,0.234375,-0.013671875,0.03125,0,0
1779555758.400450,0.015625,-0.02734375,-0.03125,0.234375,-0.013671875,0.03125,0,0
1779555758.408422,0.015625,-0.02734375,-0.03125,0.263671875,-0.013671875,0.03125,0,0
1779555758.416382,0.015625,-0.01953125,-0.03125,0.263671875,-0.013671875,0.03125,0,0
1779555758.424440,0.015625,-0.01953125,-0.03125,0.3359375,-0.013671875,0.013671875,0,0
1779555758.432429,0.0234375,-0.02734375,0.0,0.3359375,-0.013671875,0.013671875,0,0
1779555758.440397,0.0234375,-0.02734375,0.0,0.4375,-0.013671875,0.056640625,0,0
1779555758.448469,0.048828125,-0.025390625,-0.01171875,0.4375,-0.013671875,0.056640625,0,0
1779555758.456452,0.048828125,-0.025390625,-0.01171875,0.546875,-0.025390625,0.09765625,0,0
1779555758.464417,0.056640625,-0.0234375,-0.017578125,0.546875,-0.025390625,0.09765625,0,0
1779555758.472387,0.056640625,-0.0234375,-0.017578125,0.60546875,-0.046875,0.1171875,0,0
1779555758.480401,0.0546875,-0.01953125,-0.017578125,0.60546875,-0.046875,0.1171875,0,0
1779555758.488374,0.0546875,-0.01953125,-0.017578125,0.669921875,-0.06640625,0.134765625,0,0
1779555758.496409,0.048828125,-0.0234375,-0.021484375,0.669921875,-0.06640625,0.134765625,0,0
1779555758.504408,0.048828125,-0.0234375,-0.021484375,0.68359375,-0.080078125,0.140625,0,0
1779555758.512464,0.044921875,-0.0234375,-0.013671875,0.68359375,-0.080078125,0.140625,0,0
1779555758.520483,0.044921875,-0.0234375,-0.013671875,0.68359375,-0.08984375,0.140625,0,0
1779555758.528470,0.048828125,-0.021484375,-0.013671875,0.68359375,-0.08984375,0.140625,0,0
1779555758.536410,0.048828125,-0.021484375,-0.013671875,0.68359375,-0.0859375,0.13671875,0,0
1779555758.544498,0.0546875,-0.021484375,-0.013671875,0.68359375,-0.0859375,0.13671875,0,0
1779555758.552432,0.0546875,-0.021484375,-0.013671875,0.68359375,-0.080078125,0.1328125,0,0
1779555758.560483,0.056640625,-0.017578125,-0.013671875,0.68359375,-0.080078125,0.1328125,0,0
1779555758.568441,0.056640625,-0.017578125,-0.013671875,0.68359375,-0.07421875,0.134765625,0,0
1779555758.576427,0.056640625,-0.015625,-0.013671875,0.68359375,-0.07421875,0.134765625,0,0
1779555758.584430,0.056640625,-0.015625,-0.013671875,0.68359375,-0.0703125,0.140625,0,0
1779555758.592411,0.0546875,-0.013671875,-0.013671875,0.68359375,-0.0703125,0.140625,0,0
1779555758.600466,0.0546875,-0.013671875,-0.013671875,0.68359375,-0.0703125,0.14453125,0,0
1779555758.608459,0.0546875,-0.013671875,-0.013671875,0.68359375,-0.0703125,0.14453125,0,0
1779555758.616444,0.0546875,-0.013671875,-0.013671875,0.68359375,-0.068359375,0.146484375,0,0
1779555758.624436,0.0546875,-0.013671875,-0.013671875,0.68359375,-0.068359375,0.146484375,0,0
1779555758.632489,0.0546875,-0.013671875,-0.013671875,0.68359375,-0.064453125,0.146484375,0,0
1779555758.640416,0.052734375,-0.013671875,-0.013671875,0.68359375,-0.064453125,0.146484375,0,0
1779555758.648443,0.052734375,-0.013671875,-0.013671875,0.68359375,-0.064453125,0.146484375,0,0
1779555758.656424,0.05078125,-0.013671875,-0.013671875,0.68359375,-0.064453125,0.146484375,0,0
1779555758.664501,0.05078125,-0.013671875,-0.013671875,0.68359375,-0.0625,0.146484375,0,0
1779555758.672503,0.05078125,-0.013671875,-0.013671875,0.68359375,-0.0625,0.146484375,0,0
1779555758.680428,0.05078125,-0.013671875,-0.013671875,0.68359375,-0.060546875,0.146484375,0,0
1779555758.688425,0.048828125,-0.013671875,-0.013671875,0.68359375,-0.060546875,0.146484375,0,0
1779555758.696486,0.048828125,-0.013671875,-0.013671875,0.68359375,-0.05859375,0.146484375,0,0
1779555758.704462,0.046875,-0.01171875,-0.013671875,0.68359375,-0.05859375,0.146484375,0,0
1779555758.712430,0.046875,-0.01171875,-0.013671875,0.68359375,-0.0546875,0.14453125,0,0
1779555758.720508,0.04296875,-0.01171875,-0.013671875,0.68359375,-0.0546875,0.14453125,0,0
1779555758.728464,0.04296875,-0.01171875,-0.013671875,0.68359375,-0.05078125,0.140625,0,0
1779555758.736479,0.0390625,-0.0078125,-0.013671875,0.68359375,-0.05078125,0.140625,0,0
1779555758.744434,0.0390625,-0.0078125,-0.013671875,0.68359375,-0.052734375,0.134765625,0,0
1779555758.752410,0.04296875,-0.0078125,-0.013671875,0.68359375,-0.052734375,0.134765625,0,0
1779555758.760447,0.04296875,-0.0078125,-0.013671875,0.68359375,-0.044921875,0.125,0,0
1779555758.768395,0.04296875,-0.0078125,-0.013671875,0.68359375,-0.044921875,0.125,0,0
1779555758.776448,0.04296875,-0.0078125,-0.013671875,0.68359375,-0.03515625,0.10546875,0,0
1779555758.784490,0.03125,-0.0078125,-0.013671875,0.68359375,-0.03515625,0.10546875,0,0
1779555758.792564,0.03125,-0.0078125,-0.013671875,0.68359375,-0.021484375,0.078125,0,0
1779555758.800499,0.02734375,-0.0078125,-0.013671875,0.68359375,-0.021484375,0.078125,0,0
1779555758.808414,0.02734375,-0.0078125,-0.013671875,0.68359375,-0.021484375,0.044921875,0,0
1779555758.816462,0.02734375,-0.00390625,0.01171875,0.68359375,-0.021484375,0.044921875,0,0
1779555758.824492,0.02734375,-0.00390625,0.01171875,0.68359375,-0.021484375,0.01953125,0,0
1779555758.832456,0.02734375,-0.0234375,0.041015625,0.68359375,-0.021484375,0.01953125,0,0
1779555758.840408,0.02734375,-0.0234375,0.041015625,0.638671875,-0.021484375,0.01953125,0,0
1779555758.848444,0.029296875,-0.0390625,0.06640625,0.638671875,-0.021484375,0.01953125,0,0
1779555758.856384,0.029296875,-0.0390625,0.06640625,0.546875,-0.021484375,0.01953125,0,0
1779555758.864435,0.029296875,-0.044921875,0.05859375,0.546875,-0.021484375,0.01953125,0,0
1779555758.872457,0.029296875,-0.044921875,0.05859375,0.435546875,-0.021484375,0.01953125,0,0
1779555758.880461,0.025390625,-0.04296875,0.041015625,0.435546875,-0.021484375,0.01953125,0,0
1779555758.888409,0.025390625,-0.04296875,0.041015625,0.314453125,0.01171875,0.01953125,0,0
1779555758.896403,0.025390625,-0.01953125,0.015625,0.314453125,0.01171875,0.01953125,0,0
1779555758.904414,0.025390625,-0.01953125,0.015625,0.189453125,0.025390625,0.01953125,0,0
1779555758.912404,0.021484375,-0.01953125,0.015625,0.189453125,0.025390625,0.01953125,0,0
1779555758.920377,0.021484375,-0.01953125,0.015625,0.08984375,0.033203125,0.01953125,0,0
1779555758.928377,0.0078125,-0.01953125,0.015625,0.08984375,0.033203125,0.01953125,0,0
1779555758.936386,0.0078125,-0.01953125,0.015625,0.0390625,0.02734375,0.01953125,0,0
1779555758.966486,0.0,0.0,0.0,0.0,0.0,0.0,0,0
1779555758.997383,0.0,0.0,0.0,0.0,0.0,0.0,0,0
1779555759.028439,0.0,0.0,0.0,0.0,0.0,0.0,0,0
1779555759.056427,0.0078125,0.005859375,0.015625,0.0390625,0.02734375,0.01953125,0,0
1779555759.086379,0.0,0.0,0.0,0.0,0.0,0.0,0,0
1779555759.104380,0.0078125,0.015625,0.015625,0.0390625,0.02734375,0.01953125,0,0
1779555759.112442,0.0078125,0.015625,0.015625,0.005859375,0.02734375,0.01953125,0,0
1779555759.120434,0.0078125,0.017578125,0.015625,0.005859375,0.02734375,0.01953125,0,0
1779555759.128403,0.0078125,0.017578125,0.015625,0.02734375,0.02734375,0.01953125,0,0
1779555759.136429,-0.00390625,0.017578125,0.015625,0.02734375,0.02734375,0.01953125,0,0
1779555759.144445,-0.00390625,0.017578125,0.015625,0.04296875,0.02734375,0.01953125,0,0
1779555759.152432,-0.00390625,0.017578125,0.015625,0.04296875,0.02734375,0.01953125,0,0
1779555759.160399,-0.00390625,0.017578125,0.015625,0.052734375,0.02734375,0.01953125,0,0
1779555759.168377,-0.005859375,0.017578125,0.015625,0.052734375,0.02734375,0.01953125,0,0
1779555759.176393,-0.005859375,0.017578125,0.015625,0.0625,0.02734375,0.01953125,0,0
1779555759.184478,0.0,0.021484375,0.015625,0.0625,0.02734375,0.01953125,0,0
1779555759.192434,0.0,0.021484375,0.015625,0.076171875,0.02734375,0.01953125,0,0
1779555759.200423,0.0,0.025390625,0.015625,0.076171875,0.02734375,0.01953125,0,0
1779555759.208400,0.0,0.025390625,0.015625,0.095703125,0.02734375,0.01953125,0,0
1779555759.216464,-0.0078125,0.03125,0.015625,0.095703125,0.02734375,0.01953125,0,0
1779555759.224380,-0.0078125,0.03125,0.015625,0.111328125,0.02734375,0.01953125,0,0
1779555759.232451,-0.013671875,0.03515625,0.015625,0.111328125,0.02734375,0.01953125,0,0
1779555759.240370,-0.013671875,0.03515625,0.015625,0.134765625,0.02734375,0.01953125,0,0
1779555759.248421,-0.01953125,0.04296875,0.015625,0.134765625,0.02734375,0.01953125,0,0
1779555759.256387,-0.01953125,0.04296875,0.015625,0.169921875,0.02734375,0.01953125,0,0
1779555759.264453,-0.02734375,0.056640625,0.015625,0.169921875,0.02734375,0.01953125,0,0
1779555759.272448,-0.02734375,0.056640625,0.015625,0.197265625,0.02734375,0.01953125,0,0
1779555759.280456,-0.046875,0.072265625,0.015625,0.197265625,0.02734375,0.01953125,0,0
1779555759.288416,-0.046875,0.072265625,0.015625,0.212890625,0.02734375,0.01953125,0,0
1779555759.296515,-0.08203125,0.08984375,0.0,0.212890625,0.02734375,0.01953125,0,0
1779555759.304437,-0.08203125,0.08984375,0.0,0.21875,-0.005859375,0.01953125,0,0
1779555759.312400,-0.109375,0.109375,0.013671875,0.21875,-0.005859375,0.01953125,0,0
1779555759.320406,-0.109375,0.109375,0.013671875,0.232421875,-0.017578125,0.01953125,0,0
1779555759.328397,-0.123046875,0.119140625,0.025390625,0.232421875,-0.017578125,0.01953125,0,0
1779555759.336406,-0.123046875,0.119140625,0.025390625,0.244140625,-0.02734375,0.01953125,0,0
1779555759.344481,-0.130859375,0.130859375,0.0390625,0.244140625,-0.02734375,0.01953125,0,0
1779555759.352376,-0.130859375,0.130859375,0.0390625,0.255859375,-0.029296875,0.01953125,0,0
1779555759.360453,-0.13671875,0.14453125,0.048828125,0.255859375,-0.029296875,0.01953125,0,0
1779555759.368405,-0.13671875,0.14453125,0.048828125,0.2734375,-0.033203125,0.01953125,0,0
1779555759.376367,-0.14453125,0.15234375,0.05859375,0.2734375,-0.033203125,0.01953125,0,0
1779555759.384382,-0.14453125,0.15234375,0.05859375,0.296875,-0.041015625,0.01953125,0,0
1779555759.392430,-0.146484375,0.16015625,0.064453125,0.296875,-0.041015625,0.01953125,0,0
1779555759.400421,-0.146484375,0.16015625,0.064453125,0.31640625,-0.044921875,0.01953125,0,0
1779555759.408444,-0.146484375,0.166015625,0.0703125,0.31640625,-0.044921875,0.01953125,0,0
1779555759.416445,-0.146484375,0.166015625,0.0703125,0.333984375,-0.052734375,0.01953125,0,0
1779555759.424411,-0.146484375,0.16796875,0.07421875,0.333984375,-0.052734375,0.01953125,0,0
1779555759.432483,-0.146484375,0.16796875,0.07421875,0.359375,-0.056640625,0.01953125,0,0
1779555759.440458,-0.146484375,0.173828125,0.080078125,0.359375,-0.056640625,0.01953125,0,0
1779555759.448438,-0.146484375,0.173828125,0.080078125,0.37890625,-0.060546875,0.01953125,0,0
1779555759.456486,-0.1484375,0.1796875,0.080078125,0.37890625,-0.060546875,0.01953125,0,0
1779555759.464416,-0.1484375,0.1796875,0.080078125,0.396484375,-0.06640625,0.01953125,0,0
1779555759.472470,-0.146484375,0.177734375,0.07421875,0.396484375,-0.06640625,0.01953125,0,0
1779555759.480416,-0.146484375,0.177734375,0.07421875,0.421875,-0.07421875,0.01953125,0,0
1779555759.488431,-0.142578125,0.17578125,0.072265625,0.421875,-0.07421875,0.01953125,0,0
1779555759.496487,-0.142578125,0.17578125,0.072265625,0.4375,-0.076171875,0.01953125,0,0
1779555759.504465,-0.134765625,0.171875,0.068359375,0.4375,-0.076171875,0.01953125,0,0
1779555759.512437,-0.134765625,0.171875,0.068359375,0.4609375,-0.08203125,0.01953125,0,0
1779555759.520447,-0.123046875,0.166015625,0.064453125,0.4609375,-0.08203125,0.01953125,0,0
1779555759.528429,-0.123046875,0.166015625,0.064453125,0.4765625,-0.083984375,0.01953125,0,0
1779555759.536419,-0.115234375,0.162109375,0.056640625,0.4765625,-0.083984375,0.01953125,0,0
1779555759.544475,-0.115234375,0.162109375,0.056640625,0.478515625,-0.083984375,0.01953125,0,0
1779555759.552413,-0.1015625,0.162109375,0.052734375,0.478515625,-0.083984375,0.01953125,0,0
1779555759.560462,-0.1015625,0.162109375,0.052734375,0.474609375,-0.080078125,0.01953125,0,0
1779555759.568442,-0.08984375,0.1640625,0.046875,0.474609375,-0.080078125,0.01953125,0,0
1779555759.576478,-0.08984375,0.1640625,0.046875,0.47265625,-0.078125,0.01953125,0,0
1779555759.584485,-0.076171875,0.1640625,0.04296875,0.47265625,-0.078125,0.01953125,0,0
1779555759.592438,-0.076171875,0.1640625,0.04296875,0.470703125,-0.07421875,0.01953125,0,0
1779555759.600510,-0.068359375,0.1640625,0.04296875,0.470703125,-0.07421875,0.01953125,0,0
1779555759.608524,-0.068359375,0.1640625,0.04296875,0.47265625,-0.07421875,0.01953125,0,0
1779555759.616447,-0.05859375,0.162109375,0.046875,0.47265625,-0.07421875,0.01953125,0,0
1779555759.624470,-0.05859375,0.162109375,0.046875,0.47265625,-0.07421875,0.01953125,0,0
1779555759.632476,-0.037109375,0.16015625,0.046875,0.47265625,-0.07421875,0.01953125,0,0
1779555759.640464,-0.037109375,0.16015625,0.046875,0.455078125,-0.06640625,0.01953125,0,0
1779555759.648428,-0.013671875,0.146484375,0.048828125,0.455078125,-0.06640625,0.01953125,0,0
1779555759.656510,-0.013671875,0.146484375,0.048828125,0.419921875,-0.052734375,0.01953125,0,0
1779555759.664434,-0.013671875,0.1328125,0.0546875,0.419921875,-0.052734375,0.01953125,0,0
1779555759.672440,-0.013671875,0.1328125,0.0546875,0.390625,-0.04296875,0.01953125,0,0
1779555759.680474,-0.013671875,0.119140625,0.064453125,0.390625,-0.04296875,0.01953125,0,0
1779555759.688481,-0.013671875,0.119140625,0.064453125,0.3359375,-0.025390625,0.01953125,0,0
1779555759.696495,-0.013671875,0.103515625,0.064453125,0.3359375,-0.025390625,0.01953125,0,0
1779555759.704458,-0.013671875,0.103515625,0.064453125,0.3203125,-0.015625,0.01953125,0,0
1779555759.712471,-0.013671875,0.080078125,0.06640625,0.3203125,-0.015625,0.01953125,0,0
1779555759.720453,-0.013671875,0.080078125,0.06640625,0.3125,-0.015625,0.01953125,0,0
1779555759.728459,-0.013671875,0.056640625,0.06640625,0.3125,-0.015625,0.01953125,0,0
1779555759.736477,-0.013671875,0.056640625,0.06640625,0.306640625,-0.015625,0.01953125,0,0
1779555759.744469,-0.013671875,0.044921875,0.068359375,0.306640625,-0.015625,0.01953125,0,0
1779555759.752531,-0.013671875,0.044921875,0.068359375,0.283203125,-0.015625,0.01953125,0,0
1779555759.760432,-0.013671875,0.02734375,0.068359375,0.283203125,-0.015625,0.01953125,0,0
1779555759.768390,-0.013671875,0.02734375,0.068359375,0.248046875,-0.015625,0.01953125,0,0
1779555759.776409,-0.013671875,0.01171875,0.0703125,0.248046875,-0.015625,0.01953125,0,0
1779555759.784385,-0.013671875,0.01171875,0.0703125,0.21875,-0.015625,0.01953125,0,0
1779555759.792391,-0.013671875,0.01171875,0.0703125,0.21875,-0.015625,0.01953125,0,0
1779555759.800357,-0.013671875,0.01171875,0.0703125,0.1953125,-0.015625,0.01953125,0,0
1779555759.808364,-0.013671875,0.01171875,0.07421875,0.1953125,-0.015625,0.01953125,0,0
1779555759.816457,-0.013671875,0.01171875,0.07421875,0.171875,-0.015625,0.01953125,0,0
1779555759.824431,-0.013671875,0.01171875,0.078125,0.171875,-0.015625,0.01953125,0,0
1779555759.832368,-0.013671875,0.01171875,0.078125,0.150390625,-0.015625,0.01953125,0,0
1779555759.840379,-0.013671875,0.01171875,0.078125,0.150390625,-0.015625,0.01953125,0,0
1779555759.848441,-0.013671875,0.01171875,0.078125,0.146484375,-0.015625,0.01953125,0,0
1779555759.856410,-0.013671875,0.01171875,0.076171875,0.146484375,-0.015625,0.01953125,0,0
1779555759.864407,-0.013671875,0.01171875,0.076171875,0.1484375,-0.015625,0.01953125,0,0
1779555759.872398,-0.013671875,0.01171875,0.072265625,0.1484375,-0.015625,0.01953125,0,0
1779555759.880388,-0.013671875,0.01171875,0.072265625,0.15234375,-0.015625,0.01953125,0,0
1779555759.888389,0.01171875,0.01171875,0.068359375,0.15234375,-0.015625,0.01953125,0,0
1779555759.896391,0.01171875,0.01171875,0.068359375,0.15234375,-0.015625,0.01953125,0,0
1779555759.904384,0.03125,0.01171875,0.064453125,0.15234375,-0.015625,0.01953125,0,0
1779555759.912433,0.03125,0.01171875,0.064453125,0.15234375,-0.015625,0.01953125,0,0
1779555759.920390,0.044921875,0.0,0.05859375,0.15234375,-0.015625,0.01953125,0,0
1779555759.928492,0.044921875,0.0,0.05859375,0.150390625,-0.015625,0.00390625,0,0
1779555759.936495,0.041015625,0.0,0.03515625,0.150390625,-0.015625,0.00390625,0,0
1779555759.944471,0.041015625,0.0,0.03515625,0.123046875,-0.015625,0.01953125,0,0
1779555759.952481,0.015625,0.0,0.03515625,0.123046875,-0.015625,0.01953125,0,0
1779555759.960458,0.015625,0.0,0.03515625,0.056640625,-0.015625,0.033203125,0,0
1779555759.968389,0.0234375,0.0,0.03515625,0.056640625,-0.015625,0.033203125,0,0
1779555759.976477,0.0234375,0.0,0.03515625,0.056640625,-0.015625,0.0234375,0,0
1779555760.006446,0.0,0.0,0.0,0.0,0.0,0.0,0,0
1779555760.037386,0.0,0.0,0.0,0.0,0.0,0.0,0,0
1779555760.068406,0.0,0.0,0.0,0.0,0.0,0.0,0,0
1779555760.099411,0.0,0.0,0.0,0.0,0.0,0.0,0,0
1779555760.104412,0.0234375,0.0,-0.0078125,0.056640625,-0.015625,0.0234375,0,0
1779555760.120401,-0.00390625,0.0,-0.005859375,0.056640625,-0.015625,0.0234375,0,0
1779555760.136457,-0.046875,0.0,-0.0078125,0.056640625,-0.015625,0.0234375,0,0
1779555760.152457,-0.095703125,0.0,-0.01171875,0.056640625,-0.015625,0.0234375,0,0
1779555760.160487,-0.095703125,0.0,-0.01171875,0.0,-0.015625,-0.013671875,0,0
1779555760.168392,-0.12109375,0.0,-0.01171875,0.0,-0.015625,-0.013671875,0,0
1779555760.176445,-0.12109375,0.0,-0.01171875,0.041015625,-0.015625,-0.03515625,0,0
1779555760.184433,-0.140625,0.0,-0.01171875,0.041015625,-0.015625,-0.03515625,0,0
1779555760.192410,-0.140625,0.0,-0.01171875,0.080078125,-0.015625,-0.052734375,0,0
1779555760.200423,-0.18359375,0.03125,-0.01171875,0.080078125,-0.015625,-0.052734375,0,0
1779555760.208381,-0.18359375,0.03125,-0.01171875,0.123046875,-0.015625,-0.076171875,0,0
1779555760.216489,-0.263671875,0.07421875,-0.01171875,0.123046875,-0.015625,-0.076171875,0,0
1779555760.224400,-0.263671875,0.07421875,-0.01171875,0.1640625,-0.015625,-0.109375,0,0
1779555760.232411,-0.3125,0.08984375,-0.01171875,0.1640625,-0.015625,-0.109375,0,0
1779555760.240393,-0.3125,0.08984375,-0.01171875,0.181640625,-0.025390625,-0.123046875,0,0
1779555760.248411,-0.35546875,0.109375,-0.01171875,0.181640625,-0.025390625,-0.123046875,0,0
1779555760.256490,-0.35546875,0.109375,-0.01171875,0.19140625,-0.05078125,-0.138671875,0,0
1779555760.264438,-0.373046875,0.125,-0.01171875,0.19140625,-0.05078125,-0.138671875,0,0
1779555760.272475,-0.373046875,0.125,-0.01171875,0.189453125,-0.060546875,-0.146484375,0,0
1779555760.280428,-0.369140625,0.142578125,-0.01171875,0.189453125,-0.060546875,-0.146484375,0,0
1779555760.288437,-0.369140625,0.142578125,-0.01171875,0.1796875,-0.05859375,-0.15234375,0,0
1779555760.296431,-0.375,0.154296875,-0.01171875,0.1796875,-0.05859375,-0.15234375,0,0
1779555760.304362,-0.375,0.154296875,-0.01171875,0.17578125,-0.056640625,-0.154296875,0,0
1779555760.312489,-0.400390625,0.173828125,-0.01171875,0.17578125,-0.056640625,-0.154296875,0,0
1779555760.320379,-0.400390625,0.173828125,-0.01171875,0.166015625,-0.064453125,-0.15625,0,0
1779555760.328452,-0.435546875,0.193359375,-0.01171875,0.166015625,-0.064453125,-0.15625,0,0
1779555760.336474,-0.435546875,0.193359375,-0.01171875,0.158203125,-0.08203125,-0.15625,0,0
1779555760.344431,-0.45703125,0.208984375,-0.01171875,0.158203125,-0.08203125,-0.15625,0,0
1779555760.352415,-0.45703125,0.208984375,-0.01171875,0.146484375,-0.08984375,-0.154296875,0,0
1779555760.360461,-0.482421875,0.228515625,-0.01171875,0.146484375,-0.08984375,-0.154296875,0,0
1779555760.368439,-0.482421875,0.228515625,-0.01171875,0.134765625,-0.1015625,-0.154296875,0,0
1779555760.376442,-0.482421875,0.240234375,-0.01171875,0.134765625,-0.1015625,-0.154296875,0,0
1779555760.384443,-0.482421875,0.240234375,-0.01171875,0.126953125,-0.1015625,-0.154296875,0,0
1779555760.392454,-0.482421875,0.248046875,-0.01171875,0.126953125,-0.1015625,-0.154296875,0,0
1779555760.400504,-0.482421875,0.248046875,-0.01171875,0.119140625,-0.1015625,-0.154296875,0,0
1779555760.408479,-0.48046875,0.251953125,-0.01171875,0.119140625,-0.1015625,-0.154296875,0,0
1779555760.416469,-0.48046875,0.251953125,-0.01171875,0.107421875,-0.1015625,-0.154296875,0,0
1779555760.424485,-0.4765625,0.26171875,-0.01171875,0.107421875,-0.1015625,-0.154296875,0,0
1779555760.432446,-0.4765625,0.26171875,-0.01171875,0.091796875,-0.099609375,-0.154296875,0,0
1779555760.440406,-0.470703125,0.267578125,-0.01171875,0.091796875,-0.099609375,-0.154296875,0,0
1779555760.448464,-0.470703125,0.267578125,-0.01171875,0.08203125,-0.09375,-0.15234375,0,0
1779555760.456387,-0.46875,0.271484375,-0.01171875,0.08203125,-0.09375,-0.15234375,0,0
1779555760.464425,-0.46875,0.271484375,-0.01171875,0.076171875,-0.091796875,-0.15234375,0,0
1779555760.472403,-0.46875,0.275390625,-0.01171875,0.076171875,-0.091796875,-0.15234375,0,0
1779555760.480431,-0.46875,0.275390625,-0.01171875,0.06640625,-0.091796875,-0.150390625,0,0
1779555760.488410,-0.4609375,0.283203125,-0.01171875,0.06640625,-0.091796875,-0.150390625,0,0
1779555760.496507,-0.4609375,0.283203125,-0.01171875,0.05859375,-0.08984375,-0.15234375,0,0
1779555760.504394,-0.451171875,0.291015625,-0.01171875,0.05859375,-0.08984375,-0.15234375,0,0
1779555760.512505,-0.451171875,0.291015625,-0.01171875,0.048828125,-0.0859375,-0.15625,0,0
1779555760.520464,-0.4453125,0.294921875,-0.01171875,0.048828125,-0.0859375,-0.15625,0,0
1779555760.528494,-0.4453125,0.294921875,-0.01171875,0.044921875,-0.08203125,-0.158203125,0,0
1779555760.536439,-0.439453125,0.302734375,-0.01171875,0.044921875,-0.08203125,-0.158203125,0,0
1779555760.544476,-0.439453125,0.302734375,-0.01171875,0.033203125,-0.076171875,-0.16015625,0,0
1779555760.552502,-0.4375,0.310546875,-0.01171875,0.033203125,-0.076171875,-0.16015625,0,0
1779555760.560390,-0.4375,0.310546875,-0.01171875,0.021484375,-0.07421875,-0.158203125,0,0
1779555760.568420,-0.4296875,0.3203125,-0.01171875,0.021484375,-0.07421875,-0.158203125,0,0
1779555760.576480,-0.4296875,0.3203125,-0.01171875,0.01171875,-0.0703125,-0.158203125,0,0
1779555760.584421,-0.421875,0.330078125,-0.01171875,0.01171875,-0.0703125,-0.158203125,0,0
1779555760.592419,-0.421875,0.330078125,-0.01171875,0.0,-0.06640625,-0.158203125,0,0
1779555760.600415,-0.408203125,0.34375,-0.01171875,0.0,-0.06640625,-0.158203125,0,0
1779555760.608409,-0.408203125,0.34375,-0.01171875,0.0,-0.060546875,-0.16015625,0,0
1779555760.616461,-0.388671875,0.3515625,-0.01171875,0.0,-0.060546875,-0.16015625,0,0
1779555760.624385,-0.388671875,0.3515625,-0.01171875,0.0,-0.05078125,-0.166015625,0,0
1779555760.632459,-0.37109375,0.3671875,-0.01171875,0.0,-0.05078125,-0.166015625,0,0
1779555760.640464,-0.37109375,0.3671875,-0.01171875,0.0,-0.044921875,-0.16796875,0,0
1779555760.648496,-0.35546875,0.37890625,-0.01171875,0.0,-0.044921875,-0.16796875,0,0
1779555760.656505,-0.35546875,0.37890625,-0.01171875,0.0,-0.0390625,-0.169921875,0,0
1779555760.664485,-0.337890625,0.39453125,-0.01171875,0.0,-0.0390625,-0.169921875,0,0
1779555760.672488,-0.337890625,0.39453125,-0.01171875,0.0,-0.033203125,-0.171875,0,0
1779555760.680485,-0.32421875,0.40625,-0.01171875,0.0,-0.033203125,-0.171875,0,0
1779555760.688498,-0.32421875,0.40625,-0.01171875,0.0,-0.02734375,-0.171875,0,0
1779555760.696413,-0.30859375,0.419921875,-0.01171875,0.0,-0.02734375,-0.171875,0,0
1779555760.704390,-0.30859375,0.419921875,-0.01171875,0.0,-0.0234375,-0.173828125,0,0
1779555760.712473,-0.279296875,0.4375,-0.01171875,0.0,-0.0234375,-0.173828125,0,0
1779555760.720408,-0.279296875,0.4375,-0.01171875,0.0,-0.013671875,-0.1796875,0,0
1779555760.728500,-0.251953125,0.44921875,-0.01171875,0.0,-0.013671875,-0.1796875,0,0
1779555760.736468,-0.251953125,0.44921875,-0.01171875,0.0,-0.005859375,-0.18359375,0,0
1779555760.744421,-0.216796875,0.4609375,-0.01171875,0.0,-0.005859375,-0.18359375,0,0
1779555760.752379,-0.216796875,0.4609375,-0.01171875,-0.005859375,-0.005859375,-0.193359375,0,0
1779555760.760385,-0.185546875,0.470703125,0.005859375,-0.005859375,-0.005859375,-0.193359375,0,0
1779555760.768427,-0.185546875,0.470703125,0.005859375,-0.0078125,-0.005859375,-0.203125,0,0
1779555760.776381,-0.15625,0.48046875,0.0234375,-0.0078125,-0.005859375,-0.203125,0,0
1779555760.784490,-0.15625,0.48046875,0.0234375,-0.01171875,-0.005859375,-0.212890625,0,0
1779555760.792420,-0.126953125,0.486328125,0.041015625,-0.01171875,-0.005859375,-0.212890625,0,0
1779555760.800409,-0.126953125,0.486328125,0.041015625,-0.015625,-0.005859375,-0.22265625,0,0
1779555760.808500,-0.09765625,0.4921875,0.0546875,-0.015625,-0.005859375,-0.22265625,0,0
1779555760.816526,-0.09765625,0.4921875,0.0546875,-0.021484375,-0.005859375,-0.228515625,0,0
1779555760.824480,-0.0703125,0.501953125,0.064453125,-0.021484375,-0.005859375,-0.228515625,0,0
1779555760.832481,-0.0703125,0.501953125,0.064453125,-0.033203125,-0.005859375,-0.232421875,0,0
1779555760.840483,-0.046875,0.505859375,0.064453125,-0.033203125,-0.005859375,-0.232421875,0,0
1779555760.848510,-0.046875,0.505859375,0.064453125,-0.044921875,-0.005859375,-0.236328125,0,0
1779555760.856503,-0.03515625,0.509765625,0.064453125,-0.044921875,-0.005859375,-0.236328125,0,0
1779555760.864539,-0.03515625,0.509765625,0.064453125,-0.05078125,-0.005859375,-0.240234375,0,0
1779555760.872407,-0.017578125,0.509765625,0.06640625,-0.05078125,-0.005859375,-0.240234375,0,0
1779555760.880441,-0.017578125,0.509765625,0.06640625,-0.05078125,-0.005859375,-0.24609375,0,0
1779555760.888453,-0.0078125,0.5078125,0.068359375,-0.05078125,-0.005859375,-0.24609375,0,0
1779555760.896445,-0.0078125,0.5078125,0.068359375,-0.046875,-0.005859375,-0.25390625,0,0
1779555760.904486,-0.005859375,0.5078125,0.06640625,-0.046875,-0.005859375,-0.25390625,0,0
1779555760.912495,-0.005859375,0.5078125,0.06640625,-0.046875,-0.005859375,-0.2578125,0,0
1779555760.920385,0.0,0.505859375,0.06640625,-0.046875,-0.005859375,-0.2578125,0,0
1779555760.928472,0.0,0.505859375,0.06640625,-0.048828125,-0.005859375,-0.2578125,0,0
1779555760.936467,0.0,0.509765625,0.0625,-0.048828125,-0.005859375,-0.2578125,0,0
1779555760.944417,0.0,0.509765625,0.0625,-0.052734375,-0.005859375,-0.2578125,0,0
1779555760.952359,0.0,0.509765625,0.060546875,-0.052734375,-0.005859375,-0.2578125,0,0
1779555760.960419,0.0,0.509765625,0.060546875,-0.052734375,-0.005859375,-0.26171875,0,0
1779555760.968414,0.0,0.509765625,0.060546875,-0.052734375,-0.005859375,-0.26171875,0,0
1779555760.976430,0.0,0.509765625,0.060546875,-0.052734375,-0.005859375,-0.26171875,0,0
1779555760.984406,0.0,0.509765625,0.060546875,-0.052734375,-0.005859375,-0.26171875,0,0
1779555760.992434,0.0,0.509765625,0.060546875,-0.052734375,-0.005859375,-0.26171875,0,0
1779555761.000428,0.0,0.509765625,0.05859375,-0.052734375,-0.005859375,-0.26171875,0,0
1779555761.008380,0.0,0.509765625,0.05859375,-0.052734375,-0.005859375,-0.26171875,0,0
1779555761.016440,0.0,0.51171875,0.05859375,-0.052734375,-0.005859375,-0.26171875,0,0
1779555761.024392,0.0,0.51171875,0.05859375,-0.0546875,-0.005859375,-0.259765625,0,0
1779555761.032385,0.0,0.513671875,0.05859375,-0.0546875,-0.005859375,-0.259765625,0,0
1779555761.040464,0.0,0.513671875,0.05859375,-0.0546875,-0.005859375,-0.2578125,0,0
1779555761.048419,0.0,0.517578125,0.05859375,-0.0546875,-0.005859375,-0.2578125,0,0
1779555761.056420,0.0,0.517578125,0.05859375,-0.052734375,-0.005859375,-0.25390625,0,0
1779555761.064501,0.0,0.517578125,0.056640625,-0.052734375,-0.005859375,-0.25390625,0,0
1779555761.072493,0.0,0.517578125,0.056640625,-0.048828125,-0.005859375,-0.25390625,0,0
1779555761.080517,0.0,0.513671875,0.060546875,-0.048828125,-0.005859375,-0.25390625,0,0
1779555761.088488,0.0,0.513671875,0.060546875,-0.044921875,-0.005859375,-0.25390625,0,0
1779555761.096468,0.0,0.505859375,0.05859375,-0.044921875,-0.005859375,-0.25390625,0,0
1779555761.104484,0.0,0.505859375,0.05859375,-0.041015625,-0.005859375,-0.255859375,0,0
1779555761.112545,0.0,0.498046875,0.052734375,-0.041015625,-0.005859375,-0.255859375,0,0
1779555761.120511,0.0,0.498046875,0.052734375,-0.0390625,-0.005859375,-0.2578125,0,0
1779555761.128499,0.0,0.486328125,0.044921875,-0.0390625,-0.005859375,-0.2578125,0,0
1779555761.136477,0.0,0.486328125,0.044921875,-0.033203125,-0.005859375,-0.26171875,0,0
1779555761.144417,0.0,0.466796875,0.037109375,-0.033203125,-0.005859375,-0.26171875,0,0
1779555761.152503,0.0,0.466796875,0.037109375,-0.0234375,-0.005859375,-0.265625,0,0
1779555761.160446,-0.01953125,0.4453125,0.025390625,-0.0234375,-0.005859375,-0.265625,0,0
1779555761.168495,-0.01953125,0.4453125,0.025390625,-0.013671875,-0.005859375,-0.26953125,0,0
1779555761.176441,-0.044921875,0.421875,0.0078125,-0.013671875,-0.005859375,-0.26953125,0,0
1779555761.184514,-0.044921875,0.421875,0.0078125,0.0,-0.005859375,-0.26953125,0,0
1779555761.192494,-0.072265625,0.40625,0.0078125,0.0,-0.005859375,-0.26953125,0,0
1779555761.200531,-0.072265625,0.40625,0.0078125,0.0,-0.005859375,-0.26953125,0,0
1779555761.208472,-0.09375,0.39453125,0.0078125,0.0,-0.005859375,-0.26953125,0,0
1779555761.216461,-0.09375,0.39453125,0.0078125,0.0,-0.005859375,-0.26953125,0,0
1779555761.224434,-0.12890625,0.375,0.0078125,0.0,-0.005859375,-0.26953125,0,0
1779555761.232461,-0.12890625,0.375,0.0078125,0.0,-0.005859375,-0.26171875,0,0
1779555761.240466,-0.158203125,0.35546875,0.0078125,0.0,-0.005859375,-0.26171875,0,0
1779555761.248404,-0.158203125,0.35546875,0.0078125,0.0,-0.005859375,-0.251953125,0,0
1779555761.256480,-0.1953125,0.328125,0.0078125,0.0,-0.005859375,-0.251953125,0,0
1779555761.264431,-0.1953125,0.328125,0.0078125,0.0,-0.005859375,-0.244140625,0,0
1779555761.272442,-0.2421875,0.3046875,0.0078125,0.0,-0.005859375,-0.244140625,0,0
1779555761.280427,-0.2421875,0.3046875,0.0078125,0.0,-0.021484375,-0.240234375,0,0
1779555761.288421,-0.291015625,0.28515625,0.0078125,0.0,-0.021484375,-0.240234375,0,0
1779555761.296394,-0.291015625,0.28515625,0.0078125,0.03125,-0.044921875,-0.240234375,0,0
1779555761.304378,-0.330078125,0.26953125,0.0078125,0.03125,-0.044921875,-0.240234375,0,0
1779555761.312432,-0.330078125,0.26953125,0.0078125,0.056640625,-0.05859375,-0.23828125,0,0
1779555761.320534,-0.365234375,0.255859375,0.0078125,0.056640625,-0.05859375,-0.23828125,0,0
1779555761.328529,-0.365234375,0.255859375,0.0078125,0.072265625,-0.068359375,-0.236328125,0,0
1779555761.336391,-0.39453125,0.240234375,0.0078125,0.072265625,-0.068359375,-0.236328125,0,0
1779555761.344466,-0.39453125,0.240234375,0.0078125,0.0859375,-0.076171875,-0.224609375,0,0
1779555761.352377,-0.41796875,0.23046875,0.0078125,0.0859375,-0.076171875,-0.224609375,0,0
1779555761.360371,-0.41796875,0.23046875,0.0078125,0.09765625,-0.080078125,-0.212890625,0,0
1779555761.368417,-0.4296875,0.23046875,0.0078125,0.09765625,-0.080078125,-0.212890625,0,0
1779555761.376367,-0.4296875,0.23046875,0.0078125,0.1015625,-0.083984375,-0.205078125,0,0
1779555761.384425,-0.4453125,0.220703125,0.0078125,0.1015625,-0.083984375,-0.205078125,0,0
1779555761.392441,-0.4453125,0.220703125,0.0078125,0.115234375,-0.083984375,-0.197265625,0,0
1779555761.400531,-0.455078125,0.212890625,0.0078125,0.115234375,-0.083984375,-0.197265625,0,0
1779555761.408455,-0.455078125,0.212890625,0.0078125,0.126953125,-0.080078125,-0.19140625,0,0
1779555761.416482,-0.46484375,0.212890625,0.0,0.126953125,-0.080078125,-0.19140625,0,0
1779555761.424365,-0.46484375,0.212890625,0.0,0.130859375,-0.07421875,-0.185546875,0,0
1779555761.432452,-0.46875,0.212890625,0.0,0.130859375,-0.07421875,-0.185546875,0,0
1779555761.440510,-0.46875,0.212890625,0.0,0.130859375,-0.0703125,-0.181640625,0,0
1779555761.448462,-0.470703125,0.21484375,-0.0078125,0.130859375,-0.0703125,-0.181640625,0,0
1779555761.456436,-0.470703125,0.21484375,-0.0078125,0.125,-0.0703125,-0.181640625,0,0
1779555761.464391,-0.470703125,0.216796875,-0.025390625,0.125,-0.0703125,-0.181640625,0,0
1779555761.472478,-0.470703125,0.216796875,-0.025390625,0.109375,-0.06640625,-0.181640625,0,0
1779555761.480513,-0.46875,0.21875,-0.04296875,0.109375,-0.06640625,-0.181640625,0,0
1779555761.488521,-0.46875,0.21875,-0.04296875,0.091796875,-0.0625,-0.181640625,0,0
1779555761.496434,-0.4609375,0.228515625,-0.056640625,0.091796875,-0.0625,-0.181640625,0,0
1779555761.504431,-0.4609375,0.228515625,-0.056640625,0.07421875,-0.056640625,-0.185546875,0,0
1779555761.512503,-0.447265625,0.23828125,-0.0625,0.07421875,-0.056640625,-0.185546875,0,0
1779555761.520464,-0.447265625,0.23828125,-0.0625,0.056640625,-0.046875,-0.189453125,0,0
1779555761.536404,-0.439453125,0.2421875,-0.064453125,0.056640625,-0.046875,-0.189453125,0,0
1779555761.544416,-0.439453125,0.2421875,-0.064453125,0.046875,-0.041015625,-0.1953125,0,0
1779555761.552445,-0.4375,0.244140625,-0.0703125,0.046875,-0.041015625,-0.1953125,0,0
1779555761.560416,-0.4375,0.244140625,-0.0703125,0.041015625,-0.0390625,-0.197265625,0,0
1779555761.568459,-0.435546875,0.244140625,-0.072265625,0.041015625,-0.0390625,-0.197265625,0,0
1779555761.576386,-0.435546875,0.244140625,-0.072265625,0.037109375,-0.0390625,-0.19921875,0,0
1779555761.584426,-0.431640625,0.24609375,-0.076171875,0.037109375,-0.0390625,-0.19921875,0,0
1779555761.592444,-0.431640625,0.24609375,-0.076171875,0.03125,-0.037109375,-0.203125,0,0
1779555761.600391,-0.416015625,0.25390625,-0.07421875,0.03125,-0.037109375,-0.203125,0,0
1779555761.608376,-0.416015625,0.25390625,-0.07421875,0.025390625,-0.029296875,-0.20703125,0,0
1779555761.616473,-0.39453125,0.271484375,-0.056640625,0.025390625,-0.029296875,-0.20703125,0,0
1779555761.624383,-0.39453125,0.271484375,-0.056640625,0.005859375,-0.0234375,-0.21484375,0,0
1779555761.632427,-0.384765625,0.27734375,-0.048828125,0.005859375,-0.0234375,-0.21484375,0,0
1779555761.640415,-0.384765625,0.27734375,-0.048828125,0.0,-0.017578125,-0.21875,0,0
1779555761.648437,-0.3828125,0.279296875,-0.046875,0.0,-0.017578125,-0.21875,0,0
1779555761.656438,-0.3828125,0.279296875,-0.046875,0.0,-0.017578125,-0.21875,0,0
1779555761.664503,-0.380859375,0.279296875,-0.044921875,0.0,-0.017578125,-0.21875,0,0
1779555761.672380,-0.380859375,0.279296875,-0.044921875,0.0,-0.017578125,-0.220703125,0,0
1779555761.680470,-0.37890625,0.279296875,-0.044921875,0.0,-0.017578125,-0.220703125,0,0
1779555761.688510,-0.37890625,0.279296875,-0.044921875,0.0,-0.017578125,-0.220703125,0,0
1779555761.696395,-0.37109375,0.28515625,-0.046875,0.0,-0.017578125,-0.220703125,0,0
1779555761.704448,-0.37109375,0.28515625,-0.046875,0.0,-0.015625,-0.224609375,0,0
1779555761.712460,-0.36328125,0.287109375,-0.046875,0.0,-0.015625,-0.224609375,0,0
1779555761.720455,-0.36328125,0.287109375,-0.046875,0.0,-0.015625,-0.2265625,0,0
1779555761.728472,-0.35546875,0.29296875,-0.05078125,0.0,-0.015625,-0.2265625,0,0
1779555761.736497,-0.35546875,0.29296875,-0.05078125,0.0,-0.01171875,-0.23046875,0,0
1779555761.744426,-0.3515625,0.28515625,-0.0625,0.0,-0.01171875,-0.23046875,0,0
1779555761.752450,-0.3515625,0.28515625,-0.0625,0.0,-0.01171875,-0.23046875,0,0
1779555761.760437,-0.3515625,0.283203125,-0.072265625,0.0,-0.01171875,-0.23046875,0,0
1779555761.768425,-0.3515625,0.283203125,-0.072265625,0.0,-0.017578125,-0.23046875,0,0
1779555761.776417,-0.349609375,0.27734375,-0.083984375,0.0,-0.017578125,-0.23046875,0,0
1779555761.784436,-0.349609375,0.27734375,-0.083984375,0.00390625,-0.025390625,-0.228515625,0,0
1779555761.792386,-0.337890625,0.271484375,-0.09375,0.00390625,-0.025390625,-0.228515625,0,0
1779555761.800483,-0.337890625,0.271484375,-0.09375,0.013671875,-0.0234375,-0.228515625,0,0
1779555761.808462,-0.322265625,0.26953125,-0.099609375,0.013671875,-0.0234375,-0.228515625,0,0
1779555761.816441,-0.322265625,0.26953125,-0.099609375,0.021484375,-0.0234375,-0.2265625,0,0
1779555761.824367,-0.30078125,0.2578125,-0.103515625,0.021484375,-0.0234375,-0.2265625,0,0
1779555761.832400,-0.30078125,0.2578125,-0.103515625,0.03125,-0.017578125,-0.22265625,0,0
1779555761.840362,-0.2734375,0.24609375,-0.11328125,0.03125,-0.017578125,-0.22265625,0,0
1779555761.848441,-0.2734375,0.24609375,-0.11328125,0.04296875,-0.013671875,-0.21484375,0,0
1779555761.856442,-0.2421875,0.22265625,-0.125,0.04296875,-0.013671875,-0.21484375,0,0
1779555761.864474,-0.2421875,0.22265625,-0.125,0.05078125,-0.01171875,-0.205078125,0,0
1779555761.872474,-0.208984375,0.193359375,-0.138671875,0.05078125,-0.01171875,-0.205078125,0,0
1779555761.880430,-0.208984375,0.193359375,-0.138671875,0.0625,-0.013671875,-0.1953125,0,0
1779555761.888485,-0.1875,0.17578125,-0.150390625,0.0625,-0.013671875,-0.1953125,0,0
1779555761.896475,-0.1875,0.17578125,-0.150390625,0.07421875,-0.013671875,-0.189453125,0,0
1779555761.904429,-0.169921875,0.154296875,-0.1640625,0.07421875,-0.013671875,-0.189453125,0,0
1779555761.912462,-0.169921875,0.154296875,-0.1640625,0.095703125,-0.017578125,-0.1796875,0,0
1779555761.920404,-0.140625,0.134765625,-0.1796875,0.095703125,-0.017578125,-0.1796875,0,0
1779555761.928366,-0.140625,0.134765625,-0.1796875,0.125,-0.015625,-0.171875,0,0
1779555761.936424,-0.10546875,0.111328125,-0.18359375,0.125,-0.015625,-0.171875,0,0
1779555761.944368,-0.10546875,0.111328125,-0.18359375,0.150390625,-0.013671875,-0.16015625,0,0
1779555761.952417,-0.078125,0.095703125,-0.1953125,0.150390625,-0.013671875,-0.16015625,0,0
1779555761.960413,-0.078125,0.095703125,-0.1953125,0.169921875,-0.005859375,-0.1484375,0,0
1779555761.968484,-0.060546875,0.087890625,-0.205078125,0.169921875,-0.005859375,-0.1484375,0,0
1779555761.976402,-0.060546875,0.087890625,-0.205078125,0.181640625,-0.005859375,-0.134765625,0,0
1779555761.984419,-0.046875,0.083984375,-0.212890625,0.181640625,-0.005859375,-0.134765625,0,0
1779555761.992373,-0.046875,0.083984375,-0.212890625,0.1875,-0.005859375,-0.125,0,0
1779555762.000514,-0.046875,0.083984375,-0.220703125,0.1875,-0.005859375,-0.125,0,0
1779555762.008405,-0.046875,0.083984375,-0.220703125,0.1875,-0.005859375,-0.1171875,0,0
1779555762.016476,-0.052734375,0.0859375,-0.224609375,0.1875,-0.005859375,-0.1171875,0,0
1779555762.024482,-0.052734375,0.0859375,-0.224609375,0.18359375,-0.005859375,-0.115234375,0,0
1779555762.032458,-0.060546875,0.087890625,-0.23046875,0.18359375,-0.005859375,-0.115234375,0,0
1779555762.040418,-0.060546875,0.087890625,-0.23046875,0.185546875,-0.005859375,-0.109375,0,0
1779555762.048422,-0.05859375,0.08984375,-0.236328125,0.185546875,-0.005859375,-0.109375,0,0
1779555762.056457,-0.05859375,0.08984375,-0.236328125,0.185546875,-0.005859375,-0.103515625,0,0
1779555762.064464,-0.046875,0.091796875,-0.23828125,0.185546875,-0.005859375,-0.103515625,0,0
1779555762.072444,-0.046875,0.091796875,-0.23828125,0.189453125,-0.005859375,-0.1015625,0,0
1779555762.080450,-0.025390625,0.091796875,-0.2421875,0.189453125,-0.005859375,-0.1015625,0,0
1779555762.088462,-0.025390625,0.091796875,-0.2421875,0.19140625,-0.005859375,-0.09375,0,0
1779555762.096442,-0.009765625,0.091796875,-0.251953125,0.19140625,-0.005859375,-0.09375,0,0
1779555762.104504,-0.009765625,0.091796875,-0.251953125,0.189453125,-0.005859375,-0.083984375,0,0
1779555762.112421,-0.005859375,0.083984375,-0.255859375,0.189453125,-0.005859375,-0.083984375,0,0
1779555762.120426,-0.005859375,0.083984375,-0.255859375,0.1953125,-0.005859375,-0.076171875,0,0
1779555762.128400,-0.0078125,0.08203125,-0.255859375,0.1953125,-0.005859375,-0.076171875,0,0
1779555762.136382,-0.0078125,0.08203125,-0.255859375,0.201171875,-0.005859375,-0.07421875,0,0
1779555762.144404,-0.009765625,0.083984375,-0.255859375,0.201171875,-0.005859375,-0.07421875,0,0
1779555762.152436,-0.009765625,0.083984375,-0.255859375,0.205078125,-0.005859375,-0.072265625,0,0
1779555762.160459,-0.005859375,0.083984375,-0.255859375,0.205078125,-0.005859375,-0.072265625,0,0
1779555762.168417,-0.005859375,0.083984375,-0.255859375,0.20703125,-0.005859375,-0.0703125,0,0
1779555762.176418,-0.005859375,0.083984375,-0.25390625,0.20703125,-0.005859375,-0.0703125,0,0
1779555762.184458,-0.005859375,0.083984375,-0.25390625,0.2109375,-0.005859375,-0.06640625,0,0
1779555762.192491,-0.005859375,0.0859375,-0.263671875,0.2109375,-0.005859375,-0.06640625,0,0
1779555762.200505,-0.005859375,0.0859375,-0.263671875,0.208984375,-0.005859375,-0.05859375,0,0
1779555762.208435,-0.005859375,0.091796875,-0.267578125,0.208984375,-0.005859375,-0.05859375,0,0
1779555762.216434,-0.005859375,0.091796875,-0.267578125,0.19921875,-0.005859375,-0.052734375,0,0
1779555762.224412,-0.005859375,0.095703125,-0.26953125,0.19921875,-0.005859375,-0.052734375,0,0
1779555762.232422,-0.005859375,0.095703125,-0.26953125,0.193359375,-0.005859375,-0.048828125,0,0
1779555762.240409,-0.005859375,0.099609375,-0.2734375,0.193359375,-0.005859375,-0.048828125,0,0
1779555762.248415,-0.005859375,0.099609375,-0.2734375,0.19140625,-0.005859375,-0.048828125,0,0
1779555762.256414,-0.005859375,0.107421875,-0.271484375,0.19140625,-0.005859375,-0.048828125,0,0
1779555762.264447,-0.005859375,0.107421875,-0.271484375,0.1875,-0.005859375,-0.048828125,0,0
1779555762.272424,-0.005859375,0.115234375,-0.265625,0.1875,-0.005859375,-0.048828125,0,0
1779555762.280452,-0.005859375,0.115234375,-0.265625,0.181640625,-0.005859375,-0.05078125,0,0
1779555762.288383,-0.005859375,0.119140625,-0.2578125,0.181640625,-0.005859375,-0.05078125,0,0
1779555762.296445,-0.005859375,0.119140625,-0.2578125,0.1796875,-0.005859375,-0.0546875,0,0
1779555762.304378,-0.005859375,0.119140625,-0.25390625,0.1796875,-0.005859375,-0.0546875,0,0
1779555762.312452,-0.005859375,0.119140625,-0.25390625,0.17578125,-0.005859375,-0.056640625,0,0
1779555762.320435,-0.005859375,0.119140625,-0.24609375,0.17578125,-0.005859375,-0.056640625,0,0
1779555762.328452,-0.005859375,0.119140625,-0.24609375,0.173828125,-0.005859375,-0.056640625,0,0
1779555762.336516,-0.005859375,0.123046875,-0.23828125,0.173828125,-0.005859375,-0.056640625,0,0
1779555762.344394,-0.005859375,0.123046875,-0.23828125,0.173828125,-0.005859375,-0.060546875,0,0
1779555762.352399,-0.005859375,0.130859375,-0.224609375,0.173828125,-0.005859375,-0.060546875,0,0
1779555762.360432,-0.005859375,0.130859375,-0.224609375,0.173828125,-0.005859375,-0.0625,0,0
1779555762.368503,-0.005859375,0.138671875,-0.21484375,0.173828125,-0.005859375,-0.0625,0,0
1779555762.376411,-0.005859375,0.138671875,-0.21484375,0.17578125,-0.005859375,-0.06640625,0,0
1779555762.384420,-0.005859375,0.146484375,-0.208984375,0.17578125,-0.005859375,-0.06640625,0,0
1779555762.392380,-0.005859375,0.146484375,-0.208984375,0.177734375,-0.005859375,-0.06640625,0,0
1779555762.400396,-0.005859375,0.15234375,-0.197265625,0.177734375,-0.005859375,-0.06640625,0,0
1779555762.408421,-0.005859375,0.15234375,-0.197265625,0.1796875,-0.005859375,-0.068359375,0,0
1779555762.416447,-0.005859375,0.162109375,-0.18359375,0.1796875,-0.005859375,-0.068359375,0,0
1779555762.424427,-0.005859375,0.162109375,-0.18359375,0.17578125,-0.005859375,-0.0703125,0,0
1779555762.432387,-0.005859375,0.1640625,-0.15625,0.17578125,-0.005859375,-0.0703125,0,0
1779555762.440380,-0.005859375,0.1640625,-0.15625,0.162109375,-0.005859375,-0.07421875,0,0
1779555762.448402,-0.005859375,0.162109375,-0.1328125,0.162109375,-0.005859375,-0.07421875,0,0
1779555762.456405,-0.005859375,0.162109375,-0.1328125,0.15625,-0.005859375,-0.07421875,0,0
1779555762.464441,0.0,0.15625,-0.109375,0.15625,-0.005859375,-0.07421875,0,0
1779555762.472391,0.0,0.15625,-0.109375,0.15625,-0.005859375,-0.068359375,0,0
1779555762.480450,0.0078125,0.1484375,-0.080078125,0.15625,-0.005859375,-0.068359375,0,0
1779555762.488425,0.0078125,0.1484375,-0.080078125,0.154296875,-0.005859375,-0.05859375,0,0
1779555762.496415,0.013671875,0.1484375,-0.05078125,0.154296875,-0.005859375,-0.05859375,0,0
1779555762.504400,0.013671875,0.1484375,-0.05078125,0.154296875,-0.005859375,-0.046875,0,0
1779555762.512490,0.025390625,0.142578125,-0.025390625,0.154296875,-0.005859375,-0.046875,0,0
1779555762.520414,0.025390625,0.142578125,-0.025390625,0.1484375,-0.005859375,-0.0390625,0,0
1779555762.528402,0.037109375,0.130859375,-0.01171875,0.1484375,-0.005859375,-0.0390625,0,0
1779555762.536454,0.037109375,0.130859375,-0.01171875,0.14453125,-0.005859375,-0.03515625,0,0
1779555762.544377,0.05078125,0.107421875,-0.01171875,0.14453125,-0.005859375,-0.03515625,0,0
1779555762.552452,0.05078125,0.107421875,-0.01171875,0.140625,-0.005859375,-0.03125,0,0
1779555762.560406,0.060546875,0.08203125,-0.01171875,0.140625,-0.005859375,-0.03125,0,0
1779555762.568463,0.060546875,0.08203125,-0.01171875,0.1328125,0.00390625,-0.029296875,0,0
1779555762.576453,0.064453125,0.068359375,-0.01171875,0.1328125,0.00390625,-0.029296875,0,0
1779555762.584421,0.064453125,0.068359375,-0.01171875,0.12109375,0.009765625,-0.029296875,0,0
1779555762.592387,0.072265625,0.046875,-0.01171875,0.12109375,0.009765625,-0.029296875,0,0
1779555762.600384,0.072265625,0.046875,-0.01171875,0.1015625,0.015625,-0.029296875,0,0
1779555762.608373,0.076171875,0.037109375,-0.01171875,0.1015625,0.015625,-0.029296875,0,0
1779555762.616447,0.076171875,0.037109375,-0.01171875,0.08984375,0.017578125,-0.021484375,0,0
1779555762.624456,0.083984375,0.025390625,-0.01171875,0.08984375,0.017578125,-0.021484375,0,0
1779555762.632415,0.083984375,0.025390625,-0.01171875,0.080078125,0.01953125,0.0,0,0
1779555762.640369,0.09765625,0.00390625,-0.01171875,0.080078125,0.01953125,0.0,0,0
1779555762.648442,0.09765625,0.00390625,-0.01171875,0.0703125,0.017578125,0.0,0,0
1779555762.656498,0.10546875,0.00390625,-0.01171875,0.0703125,0.017578125,0.0,0,0
1779555762.664505,0.10546875,0.00390625,-0.01171875,0.07421875,0.01171875,0.0,0,0
1779555762.672444,0.1171875,0.00390625,-0.01171875,0.07421875,0.01171875,0.0,0,0
1779555762.680418,0.1171875,0.00390625,-0.01171875,0.080078125,0.009765625,0.0,0,0
1779555762.688517,0.119140625,0.00390625,-0.01171875,0.080078125,0.009765625,0.0,0,0
1779555762.696496,0.119140625,0.00390625,-0.01171875,0.0859375,0.005859375,0.0,0,0
1779555762.704419,0.125,0.00390625,-0.01171875,0.0859375,0.005859375,0.0,0,0
1779555762.712486,0.125,0.00390625,-0.01171875,0.09375,0.0078125,0.0,0,0
1779555762.720428,0.146484375,0.00390625,-0.01171875,0.09375,0.0078125,0.0,0,0
1779555762.728414,0.146484375,0.00390625,-0.01171875,0.095703125,0.025390625,0.0,0,0
1779555762.736419,0.16015625,0.00390625,0.01171875,0.095703125,0.025390625,0.0,0,0
1779555762.744361,0.16015625,0.00390625,0.01171875,0.087890625,0.03515625,0.0,0,0
1779555762.752427,0.169921875,0.00390625,0.03125,0.087890625,0.03515625,0.0,0,0
1779555762.760414,0.169921875,0.00390625,0.03125,0.076171875,0.046875,0.0,0,0
1779555762.768409,0.185546875,0.00390625,0.0546875,0.076171875,0.046875,0.0,0,0
1779555762.776474,0.185546875,0.00390625,0.0546875,0.08203125,0.046875,0.0,0,0
1779555762.784397,0.19921875,0.00390625,0.0859375,0.08203125,0.046875,0.0,0,0
1779555762.792403,0.19921875,0.00390625,0.0859375,0.09375,0.046875,0.033203125,0,0
1779555762.800403,0.21484375,0.00390625,0.119140625,0.09375,0.046875,0.033203125,0,0
1779555762.808419,0.21484375,0.00390625,0.119140625,0.087890625,0.05078125,0.0625,0,0
1779555762.816499,0.25,0.02734375,0.154296875,0.087890625,0.05078125,0.0625,0,0
1779555762.824513,0.25,0.02734375,0.154296875,0.078125,0.06640625,0.06640625,0,0
1779555762.832510,0.28125,0.060546875,0.169921875,0.078125,0.06640625,0.06640625,0,0
1779555762.840393,0.28125,0.060546875,0.169921875,0.068359375,0.0859375,0.05859375,0,0
1779555762.848445,0.29296875,0.06640625,0.181640625,0.068359375,0.0859375,0.05859375,0,0
1779555762.856387,0.29296875,0.06640625,0.181640625,0.056640625,0.1015625,0.05078125,0,0
1779555762.864438,0.3046875,0.06640625,0.20703125,0.056640625,0.1015625,0.05078125,0,0
1779555762.872435,0.3046875,0.06640625,0.20703125,0.04296875,0.12109375,0.044921875,0,0
1779555762.880459,0.33203125,0.056640625,0.232421875,0.04296875,0.12109375,0.044921875,0,0
1779555762.888403,0.33203125,0.056640625,0.232421875,0.03515625,0.140625,0.046875,0,0
1779555762.896382,0.3828125,0.06640625,0.25390625,0.03515625,0.140625,0.046875,0,0
1779555762.904386,0.3828125,0.06640625,0.25390625,0.025390625,0.166015625,0.064453125,0,0
1779555762.912450,0.416015625,0.078125,0.267578125,0.025390625,0.166015625,0.064453125,0,0
1779555762.920452,0.416015625,0.078125,0.267578125,0.021484375,0.1875,0.072265625,0,0
1779555762.928431,0.4375,0.091796875,0.283203125,0.021484375,0.1875,0.072265625,0,0
1779555762.936386,0.4375,0.091796875,0.283203125,0.015625,0.20703125,0.076171875,0,0
1779555762.944376,0.4453125,0.107421875,0.287109375,0.015625,0.20703125,0.076171875,0,0
1779555762.952428,0.4453125,0.107421875,0.287109375,0.0078125,0.220703125,0.0703125,0,0
1779555762.960379,0.439453125,0.1171875,0.28515625,0.0078125,0.220703125,0.0703125,0,0
1779555762.968415,0.439453125,0.1171875,0.28515625,0.0078125,0.224609375,0.0546875,0,0
1779555762.976422,0.42578125,0.109375,0.28125,0.0078125,0.224609375,0.0546875,0,0
1779555762.984409,0.42578125,0.109375,0.28125,0.0078125,0.2265625,0.0390625,0,0
1779555762.992388,0.416015625,0.09765625,0.2734375,0.0078125,0.2265625,0.0390625,0,0
1779555763.000416,0.416015625,0.09765625,0.2734375,0.0078125,0.224609375,0.02734375,0,0
1779555763.008380,0.419921875,0.095703125,0.26953125,0.0078125,0.224609375,0.02734375,0,0
1779555763.016527,0.419921875,0.095703125,0.26953125,0.0078125,0.224609375,0.025390625,0,0
1779555763.024393,0.427734375,0.1015625,0.267578125,0.0078125,0.224609375,0.025390625,0,0
1779555763.032477,0.427734375,0.1015625,0.267578125,0.0078125,0.23046875,0.0234375,0,0
1779555763.040463,0.431640625,0.1015625,0.265625,0.0078125,0.23046875,0.0234375,0,0
1779555763.048473,0.431640625,0.1015625,0.265625,0.0078125,0.234375,0.0234375,0,0
1779555763.056487,0.4296875,0.103515625,0.2578125,0.0078125,0.234375,0.0234375,0,0
1779555763.064505,0.4296875,0.103515625,0.2578125,0.0078125,0.236328125,0.0234375,0,0
1779555763.072494,0.42578125,0.099609375,0.25,0.0078125,0.236328125,0.0234375,0,0
1779555763.080526,0.42578125,0.099609375,0.25,0.0078125,0.236328125,0.021484375,0,0
1779555763.088544,0.421875,0.099609375,0.24609375,0.0078125,0.236328125,0.021484375,0,0
1779555763.096474,0.421875,0.099609375,0.24609375,0.0078125,0.234375,0.017578125,0,0
1779555763.104455,0.412109375,0.09765625,0.236328125,0.0078125,0.234375,0.017578125,0,0
1779555763.112444,0.412109375,0.09765625,0.236328125,0.0078125,0.236328125,0.009765625,0,0
1779555763.120441,0.3984375,0.09765625,0.22265625,0.0078125,0.236328125,0.009765625,0,0
1779555763.128442,0.3984375,0.09765625,0.22265625,0.0078125,0.23046875,0.0,0,0
1779555763.136452,0.38671875,0.09765625,0.21484375,0.0078125,0.23046875,0.0,0,0
1779555763.144442,0.38671875,0.09765625,0.21484375,0.0078125,0.224609375,0.0,0,0
1779555763.152438,0.375,0.099609375,0.203125,0.0078125,0.224609375,0.0,0,0
1779555763.160408,0.375,0.099609375,0.203125,0.0078125,0.21875,0.0,0,0
1779555763.168411,0.35546875,0.09375,0.1875,0.0078125,0.21875,0.0,0,0
1779555763.176386,0.35546875,0.09375,0.1875,0.0078125,0.203125,0.0,0,0
1779555763.184416,0.333984375,0.087890625,0.1640625,0.0078125,0.203125,0.0,0,0
1779555763.192374,0.333984375,0.087890625,0.1640625,0.0078125,0.189453125,0.00390625,0,0
1779555763.200491,0.29296875,0.078125,0.134765625,0.0078125,0.189453125,0.00390625,0,0
1779555763.208476,0.29296875,0.078125,0.134765625,0.0078125,0.1640625,0.00390625,0,0
1779555763.216462,0.23828125,0.0625,0.111328125,0.0078125,0.1640625,0.00390625,0,0
1779555763.224449,0.23828125,0.0625,0.111328125,0.0078125,0.134765625,0.00390625,0,0
1779555763.232487,0.1796875,0.04296875,0.099609375,0.0078125,0.134765625,0.00390625,0,0
1779555763.240451,0.1796875,0.04296875,0.099609375,0.0078125,0.107421875,0.00390625,0,0
1779555763.248423,0.1484375,0.029296875,0.095703125,0.0078125,0.107421875,0.00390625,0,0
1779555763.256460,0.1484375,0.029296875,0.095703125,0.0078125,0.091796875,0.00390625,0,0
1779555763.264426,0.12890625,0.01171875,0.095703125,0.0078125,0.091796875,0.00390625,0,0
1779555763.272458,0.12890625,0.01171875,0.095703125,0.0078125,0.083984375,0.00390625,0,0
1779555763.280444,0.126953125,0.00390625,0.095703125,0.0078125,0.083984375,0.00390625,0,0
1779555763.288430,0.126953125,0.00390625,0.095703125,0.0078125,0.080078125,0.00390625,0,0
1779555763.296392,0.12890625,0.00390625,0.09375,0.0078125,0.080078125,0.00390625,0,0
1779555763.304485,0.12890625,0.00390625,0.09375,0.01171875,0.080078125,0.00390625,0,0
1779555763.312453,0.12890625,0.00390625,0.09375,0.01171875,0.080078125,0.00390625,0,0
1779555763.320465,0.12890625,0.00390625,0.09375,0.013671875,0.080078125,0.00390625,0,0
1779555763.328397,0.12890625,0.00390625,0.09375,0.013671875,0.080078125,0.00390625,0,0
1779555763.336402,0.12890625,0.00390625,0.09375,0.013671875,0.080078125,0.00390625,0,0
1779555763.344416,0.130859375,0.00390625,0.099609375,0.013671875,0.080078125,0.00390625,0,0
1779555763.352448,0.130859375,0.00390625,0.099609375,0.021484375,0.080078125,0.00390625,0,0
1779555763.360433,0.142578125,0.00390625,0.103515625,0.021484375,0.080078125,0.00390625,0,0
1779555763.368395,0.142578125,0.00390625,0.103515625,0.02734375,0.0859375,0.00390625,0,0
1779555763.376405,0.15234375,0.00390625,0.107421875,0.02734375,0.0859375,0.00390625,0,0
1779555763.384445,0.15234375,0.00390625,0.107421875,0.03125,0.08984375,0.00390625,0,0
1779555763.392524,0.150390625,0.00390625,0.103515625,0.03125,0.08984375,0.00390625,0,0
1779555763.400490,0.150390625,0.00390625,0.103515625,0.037109375,0.0859375,0.00390625,0,0
1779555763.408490,0.134765625,0.00390625,0.09375,0.037109375,0.0859375,0.00390625,0,0
1779555763.416485,0.134765625,0.00390625,0.09375,0.052734375,0.080078125,0.00390625,0,0
1779555763.424441,0.111328125,0.00390625,0.083984375,0.052734375,0.080078125,0.00390625,0,0
1779555763.432398,0.111328125,0.00390625,0.083984375,0.0625,0.06640625,0.00390625,0,0
1779555763.440414,0.083984375,0.00390625,0.07421875,0.0625,0.06640625,0.00390625,0,0
1779555763.448420,0.083984375,0.00390625,0.07421875,0.072265625,0.052734375,0.00390625,0,0
1779555763.456431,0.0625,0.00390625,0.06640625,0.072265625,0.052734375,0.00390625,0,0
1779555763.464448,0.0625,0.00390625,0.06640625,0.080078125,0.04296875,0.00390625,0,0
1779555763.472393,0.048828125,0.00390625,0.0625,0.080078125,0.04296875,0.00390625,0,0
1779555763.480392,0.048828125,0.00390625,0.0625,0.087890625,0.037109375,0.00390625,0,0
1779555763.488428,0.04296875,0.00390625,0.064453125,0.087890625,0.037109375,0.00390625,0,0
1779555763.496469,0.04296875,0.00390625,0.064453125,0.10546875,0.037109375,0.00390625,0,0
1779555763.504377,0.01953125,0.00390625,0.0625,0.10546875,0.037109375,0.00390625,0,0
1779555763.512419,0.01953125,0.00390625,0.0625,0.10546875,0.037109375,-0.009765625,0,0
1779555763.520430,0.01953125,-0.00390625,0.037109375,0.10546875,0.037109375,-0.009765625,0,0
1779555763.528447,0.01953125,-0.00390625,0.037109375,0.109375,0.02734375,-0.025390625,0,0
1779555763.536466,0.01953125,-0.009765625,0.005859375,0.109375,0.02734375,-0.025390625,0,0
1779555763.544394,0.01953125,-0.009765625,0.005859375,0.125,0.01171875,-0.03125,0,0
1779555763.552401,-0.068359375,-0.005859375,0.005859375,0.125,0.01171875,-0.03125,0,0
1779555763.560386,-0.068359375,-0.005859375,0.005859375,0.15625,0.01171875,-0.0390625,0,0
1779555763.568402,-0.13671875,0.0,0.005859375,0.15625,0.01171875,-0.0390625,0,0
1779555763.576416,-0.13671875,0.0,0.005859375,0.1796875,0.01171875,-0.044921875,0,0
1779555763.584454,-0.17578125,0.0,0.005859375,0.1796875,0.01171875,-0.044921875,0,0
1779555763.592426,-0.17578125,0.0,0.005859375,0.197265625,0.01171875,-0.0546875,0,0
1779555763.600498,-0.1953125,0.0,0.005859375,0.197265625,0.01171875,-0.0546875,0,0
1779555763.608370,-0.1953125,0.0,0.005859375,0.20703125,0.01171875,-0.068359375,0,0
1779555763.616475,-0.2109375,0.0,0.005859375,0.20703125,0.01171875,-0.068359375,0,0
1779555763.624400,-0.2109375,0.0,0.005859375,0.212890625,0.01171875,-0.083984375,0,0
1779555763.632380,-0.21484375,0.0,0.005859375,0.212890625,0.01171875,-0.083984375,0,0
1779555763.640390,-0.21484375,0.0,0.005859375,0.216796875,0.01171875,-0.08984375,0,0
1779555763.648444,-0.21875,0.0,0.005859375,0.216796875,0.01171875,-0.08984375,0,0
1779555763.656391,-0.21875,0.0,0.005859375,0.21875,0.01171875,-0.095703125,0,0
1779555763.664405,-0.224609375,0.02734375,0.005859375,0.21875,0.01171875,-0.095703125,0,0
1779555763.672466,-0.224609375,0.02734375,0.005859375,0.212890625,0.01171875,-0.103515625,0,0
1779555763.680464,-0.224609375,0.05859375,0.005859375,0.212890625,0.01171875,-0.103515625,0,0
1779555763.688454,-0.224609375,0.05859375,0.005859375,0.205078125,0.01171875,-0.115234375,0,0
1779555763.696388,-0.220703125,0.080078125,0.005859375,0.205078125,0.01171875,-0.115234375,0,0
1779555763.704440,-0.220703125,0.080078125,0.005859375,0.197265625,0.01171875,-0.123046875,0,0
1779555763.712455,-0.216796875,0.09765625,0.005859375,0.197265625,0.01171875,-0.123046875,0,0
1779555763.720384,-0.216796875,0.09765625,0.005859375,0.189453125,0.01171875,-0.126953125,0,0
1779555763.728403,-0.21875,0.11328125,0.005859375,0.189453125,0.01171875,-0.126953125,0,0
1779555763.736382,-0.21875,0.11328125,0.005859375,0.193359375,0.01171875,-0.1328125,0,0
1779555763.744387,-0.22265625,0.126953125,0.005859375,0.193359375,0.01171875,-0.1328125,0,0
1779555763.752457,-0.22265625,0.126953125,0.005859375,0.19921875,0.01171875,-0.140625,0,0
1779555763.760438,-0.22265625,0.138671875,0.005859375,0.19921875,0.01171875,-0.140625,0,0
1779555763.768411,-0.22265625,0.138671875,0.005859375,0.201171875,0.01171875,-0.142578125,0,0
1779555763.776390,-0.224609375,0.146484375,0.005859375,0.201171875,0.01171875,-0.142578125,0,0
1779555763.784508,-0.224609375,0.146484375,0.005859375,0.21875,0.01171875,-0.146484375,0,0
1779555763.792476,-0.220703125,0.158203125,0.005859375,0.21875,0.01171875,-0.146484375,0,0
1779555763.800423,-0.220703125,0.158203125,0.005859375,0.2265625,0.01171875,-0.146484375,0,0
1779555763.808458,-0.212890625,0.16015625,0.005859375,0.2265625,0.01171875,-0.146484375,0,0
1779555763.816463,-0.212890625,0.16015625,0.005859375,0.23828125,0.01171875,-0.142578125,0,0
1779555763.824391,-0.193359375,0.16015625,0.005859375,0.23828125,0.01171875,-0.142578125,0,0
1779555763.832463,-0.193359375,0.16015625,0.005859375,0.25,0.01171875,-0.13671875,0,0
1779555763.840460,-0.17578125,0.154296875,0.005859375,0.25,0.01171875,-0.13671875,0,0
1779555763.848463,-0.17578125,0.154296875,0.005859375,0.255859375,0.01171875,-0.1328125,0,0
1779555763.856450,-0.1640625,0.150390625,0.005859375,0.255859375,0.01171875,-0.1328125,0,0
1779555763.864456,-0.1640625,0.150390625,0.005859375,0.2578125,0.01171875,-0.12890625,0,0
1779555763.872368,-0.16015625,0.150390625,0.005859375,0.2578125,0.01171875,-0.12890625,0,0
1779555763.880449,-0.16015625,0.150390625,0.005859375,0.2578125,0.01171875,-0.126953125,0,0
1779555763.888460,-0.1484375,0.138671875,0.005859375,0.2578125,0.01171875,-0.126953125,0,0
1779555763.896404,-0.1484375,0.138671875,0.005859375,0.26171875,0.01171875,-0.119140625,0,0
1779555763.904433,-0.130859375,0.125,0.005859375,0.26171875,0.01171875,-0.119140625,0,0
1779555763.912402,-0.130859375,0.125,0.005859375,0.265625,0.01171875,-0.11328125,0,0
1779555763.920411,-0.1171875,0.119140625,0.005859375,0.265625,0.01171875,-0.11328125,0,0
1779555763.928365,-0.1171875,0.119140625,0.005859375,0.267578125,0.01171875,-0.109375,0,0
1779555763.936380,-0.1171875,0.107421875,0.005859375,0.267578125,0.01171875,-0.109375,0,0
1779555763.944401,-0.1171875,0.107421875,0.005859375,0.2734375,0.01171875,-0.107421875,0,0
1779555763.952428,-0.12109375,0.1015625,0.005859375,0.2734375,0.01171875,-0.107421875,0,0
1779555763.960500,-0.12109375,0.1015625,0.005859375,0.27734375,0.01171875,-0.10546875,0,0
1779555763.968467,-0.125,0.09765625,0.005859375,0.27734375,0.01171875,-0.10546875,0,0
1779555763.976479,-0.125,0.09765625,0.005859375,0.27734375,0.01171875,-0.103515625,0,0
1779555763.984461,-0.125,0.09375,0.005859375,0.27734375,0.01171875,-0.103515625,0,0
1779555763.992458,-0.125,0.09375,0.005859375,0.279296875,0.01171875,-0.099609375,0,0
1779555764.000483,-0.12109375,0.08203125,0.005859375,0.279296875,0.01171875,-0.099609375,0,0
1779555764.008430,-0.12109375,0.08203125,0.005859375,0.28125,0.01171875,-0.09765625,0,0
1779555764.016485,-0.126953125,0.064453125,0.005859375,0.28125,0.01171875,-0.09765625,0,0
1779555764.024430,-0.126953125,0.064453125,0.005859375,0.2890625,0.01171875,-0.09765625,0,0
1779555764.032469,-0.142578125,0.05859375,0.005859375,0.2890625,0.01171875,-0.09765625,0,0
1779555764.040372,-0.142578125,0.05859375,0.005859375,0.287109375,0.01171875,-0.095703125,0,0
1779555764.048452,-0.169921875,0.0546875,0.005859375,0.287109375,0.01171875,-0.095703125,0,0
1779555764.056381,-0.169921875,0.0546875,0.005859375,0.283203125,0.01171875,-0.091796875,0,0
1779555764.064456,-0.203125,0.056640625,0.005859375,0.283203125,0.01171875,-0.091796875,0,0
1779555764.072453,-0.203125,0.056640625,0.005859375,0.263671875,0.01171875,-0.08984375,0,0
1779555764.080492,-0.224609375,0.064453125,0.005859375,0.263671875,0.01171875,-0.08984375,0,0
1779555764.088438,-0.224609375,0.064453125,0.005859375,0.251953125,0.01171875,-0.08984375,0,0
1779555764.096401,-0.2421875,0.0625,0.005859375,0.251953125,0.01171875,-0.08984375,0,0
1779555764.104467,-0.2421875,0.0625,0.005859375,0.248046875,-0.0078125,-0.0859375,0,0
1779555764.112435,-0.2578125,0.056640625,0.005859375,0.248046875,-0.0078125,-0.0859375,0,0
1779555764.120424,-0.2578125,0.056640625,0.005859375,0.2421875,-0.013671875,-0.078125,0,0
1779555764.128463,-0.279296875,0.046875,0.005859375,0.2421875,-0.013671875,-0.078125,0,0
1779555764.136413,-0.279296875,0.046875,0.005859375,0.234375,-0.021484375,-0.068359375,0,0
1779555764.144416,-0.29296875,0.0390625,0.0,0.234375,-0.021484375,-0.068359375,0,0
1779555764.152425,-0.29296875,0.0390625,0.0,0.234375,-0.0234375,-0.056640625,0,0
1779555764.160470,-0.3046875,0.03125,-0.00390625,0.234375,-0.0234375,-0.056640625,0,0
1779555764.168374,-0.3046875,0.03125,-0.00390625,0.236328125,-0.025390625,-0.044921875,0,0
1779555764.176458,-0.306640625,0.021484375,-0.009765625,0.236328125,-0.025390625,-0.044921875,0,0
1779555764.184465,-0.306640625,0.021484375,-0.009765625,0.240234375,-0.025390625,-0.037109375,0,0
1779555764.192401,-0.3046875,0.015625,-0.013671875,0.240234375,-0.025390625,-0.037109375,0,0
1779555764.200499,-0.3046875,0.015625,-0.013671875,0.240234375,-0.025390625,-0.03515625,0,0
1779555764.208429,-0.302734375,0.015625,-0.017578125,0.240234375,-0.025390625,-0.03515625,0,0
1779555764.216470,-0.302734375,0.015625,-0.017578125,0.240234375,-0.025390625,-0.037109375,0,0
1779555764.224459,-0.310546875,0.017578125,-0.017578125,0.240234375,-0.025390625,-0.037109375,0,0
1779555764.232468,-0.310546875,0.017578125,-0.017578125,0.240234375,-0.02734375,-0.037109375,0,0
1779555764.240454,-0.3359375,0.015625,-0.02734375,0.240234375,-0.02734375,-0.037109375,0,0
1779555764.248413,-0.3359375,0.015625,-0.02734375,0.23828125,-0.037109375,-0.033203125,0,0
1779555764.256532,-0.359375,0.009765625,-0.037109375,0.23828125,-0.037109375,-0.033203125,0,0
1779555764.264451,-0.359375,0.009765625,-0.037109375,0.236328125,-0.046875,-0.021484375,0,0
1779555764.272468,-0.3671875,0.009765625,-0.044921875,0.236328125,-0.046875,-0.021484375,0,0
1779555764.280436,-0.3671875,0.009765625,-0.044921875,0.232421875,-0.046875,-0.01171875,0,0
1779555764.288469,-0.36328125,0.009765625,-0.0546875,0.232421875,-0.046875,-0.01171875,0,0
1779555764.296523,-0.36328125,0.009765625,-0.0546875,0.224609375,-0.044921875,-0.00390625,0,0
1779555764.304398,-0.36328125,0.009765625,-0.05859375,0.224609375,-0.044921875,-0.00390625,0,0
1779555764.312467,-0.36328125,0.009765625,-0.05859375,0.21484375,-0.041015625,-0.00390625,0,0
1779555764.320522,-0.3828125,0.009765625,-0.06640625,0.21484375,-0.041015625,-0.00390625,0,0
1779555764.328483,-0.3828125,0.009765625,-0.06640625,0.2109375,-0.052734375,-0.00390625,0,0
1779555764.336519,-0.4140625,0.009765625,-0.076171875,0.2109375,-0.052734375,-0.00390625,0,0
1779555764.344408,-0.4140625,0.009765625,-0.076171875,0.212890625,-0.0625,-0.00390625,0,0
1779555764.352475,-0.44140625,0.009765625,-0.08203125,0.212890625,-0.0625,-0.00390625,0,0
1779555764.360461,-0.44140625,0.009765625,-0.08203125,0.224609375,-0.080078125,-0.00390625,0,0
1779555764.368413,-0.451171875,0.009765625,-0.09375,0.224609375,-0.080078125,-0.00390625,0,0
1779555764.376416,-0.451171875,0.009765625,-0.09375,0.23828125,-0.083984375,-0.00390625,0,0
1779555764.384463,-0.453125,0.009765625,-0.1015625,0.23828125,-0.083984375,-0.00390625,0,0
1779555764.392430,-0.453125,0.009765625,-0.1015625,0.24609375,-0.08984375,0.01171875,0,0
1779555764.400363,-0.4375,0.009765625,-0.109375,0.24609375,-0.08984375,0.01171875,0,0
1779555764.408399,-0.4375,0.009765625,-0.109375,0.25,-0.08984375,0.05078125,0,0
1779555764.416490,-0.43359375,0.009765625,-0.12109375,0.25,-0.08984375,0.05078125,0,0
1779555764.424458,-0.43359375,0.009765625,-0.12109375,0.26171875,-0.09765625,0.1015625,0,0
1779555764.432456,-0.439453125,0.009765625,-0.134765625,0.26171875,-0.09765625,0.1015625,0,0
1779555764.440430,-0.439453125,0.009765625,-0.134765625,0.275390625,-0.11328125,0.1640625,0,0
1779555764.448448,-0.4453125,0.009765625,-0.146484375,0.275390625,-0.11328125,0.1640625,0,0
1779555764.456475,-0.4453125,0.009765625,-0.146484375,0.283203125,-0.126953125,0.216796875,0,0
1779555764.464381,-0.435546875,0.009765625,-0.158203125,0.283203125,-0.126953125,0.216796875,0,0
1779555764.472389,-0.435546875,0.009765625,-0.158203125,0.28125,-0.142578125,0.291015625,0,0
1779555764.480432,-0.388671875,0.009765625,-0.162109375,0.28125,-0.142578125,0.291015625,0,0
1779555764.488390,-0.388671875,0.009765625,-0.162109375,0.271484375,-0.14453125,0.353515625,0,0
1779555764.496377,-0.33984375,0.017578125,-0.16015625,0.271484375,-0.14453125,0.353515625,0,0
1779555764.504407,-0.33984375,0.017578125,-0.16015625,0.255859375,-0.13671875,0.416015625,0,0
1779555764.512438,-0.29296875,0.041015625,-0.15234375,0.255859375,-0.13671875,0.416015625,0,0
1779555764.520465,-0.29296875,0.041015625,-0.15234375,0.234375,-0.115234375,0.47265625,0,0
1779555764.528416,-0.24609375,0.044921875,-0.13671875,0.234375,-0.115234375,0.47265625,0,0
1779555764.536409,-0.24609375,0.044921875,-0.13671875,0.201171875,-0.103515625,0.517578125,0,0
1779555764.544399,-0.203125,0.0390625,-0.138671875,0.201171875,-0.103515625,0.517578125,0,0
1779555764.552384,-0.203125,0.0390625,-0.138671875,0.17578125,-0.09765625,0.55078125,0,0
1779555764.560400,-0.16796875,0.03125,-0.13671875,0.17578125,-0.09765625,0.55078125,0,0
1779555764.568432,-0.16796875,0.03125,-0.13671875,0.158203125,-0.087890625,0.576171875,0,0
1779555764.576383,-0.150390625,0.029296875,-0.1328125,0.158203125,-0.087890625,0.576171875,0,0
1779555764.584455,-0.150390625,0.029296875,-0.1328125,0.14453125,-0.08203125,0.591796875,0,0
1779555764.592469,-0.146484375,0.02734375,-0.125,0.14453125,-0.08203125,0.591796875,0,0
1779555764.600410,-0.146484375,0.02734375,-0.125,0.13671875,-0.07421875,0.59765625,0,0
1779555764.608467,-0.146484375,0.025390625,-0.125,0.13671875,-0.07421875,0.59765625,0,0
1779555764.616422,-0.146484375,0.025390625,-0.125,0.130859375,-0.0703125,0.599609375,0,0
1779555764.624474,-0.146484375,0.025390625,-0.125,0.130859375,-0.0703125,0.599609375,0,0
1779555764.632433,-0.146484375,0.025390625,-0.125,0.130859375,-0.0703125,0.599609375,0,0
1779555764.640440,-0.140625,0.0234375,-0.126953125,0.130859375,-0.0703125,0.599609375,0,0
1779555764.648453,-0.140625,0.0234375,-0.126953125,0.130859375,-0.068359375,0.603515625,0,0
1779555764.656524,-0.12109375,0.01953125,-0.12890625,0.130859375,-0.068359375,0.603515625,0,0
1779555764.664415,-0.12109375,0.01953125,-0.12890625,0.12109375,-0.060546875,0.619140625,0,0
1779555764.672363,-0.091796875,0.01171875,-0.130859375,0.12109375,-0.060546875,0.619140625,0,0
1779555764.680394,-0.091796875,0.01171875,-0.130859375,0.111328125,-0.044921875,0.638671875,0,0
1779555764.688499,-0.06640625,0.00390625,-0.126953125,0.111328125,-0.044921875,0.638671875,0,0
1779555764.696438,-0.06640625,0.00390625,-0.126953125,0.095703125,-0.033203125,0.658203125,0,0
1779555764.704417,-0.04296875,0.00390625,-0.125,0.095703125,-0.033203125,0.658203125,0,0
1779555764.712488,-0.04296875,0.00390625,-0.125,0.08203125,-0.025390625,0.6796875,0,0
1779555764.720494,-0.025390625,0.00390625,-0.125,0.08203125,-0.025390625,0.6796875,0,0
1779555764.728464,-0.025390625,0.00390625,-0.125,0.068359375,-0.01953125,0.68359375,0,0
1779555764.736380,-0.01171875,0.00390625,-0.123046875,0.068359375,-0.01953125,0.68359375,0,0
1779555764.744357,-0.01171875,0.00390625,-0.123046875,0.05859375,-0.015625,0.68359375,0,0
1779555764.752436,-0.0078125,0.00390625,-0.119140625,0.05859375,-0.015625,0.68359375,0,0
1779555764.760426,-0.0078125,0.00390625,-0.119140625,0.048828125,-0.009765625,0.68359375,0,0
1779555764.768376,-0.0078125,0.00390625,-0.123046875,0.048828125,-0.009765625,0.68359375,0,0
1779555764.776348,-0.0078125,0.00390625,-0.123046875,0.044921875,-0.009765625,0.68359375,0,0
1779555764.784442,-0.0078125,0.00390625,-0.126953125,0.044921875,-0.009765625,0.68359375,0,0
1779555764.792368,-0.0078125,0.00390625,-0.126953125,0.0390625,-0.0078125,0.68359375,0,0
1779555764.800382,-0.0078125,0.00390625,-0.130859375,0.0390625,-0.0078125,0.68359375,0,0
1779555764.808423,-0.0078125,0.00390625,-0.130859375,0.03515625,-0.0078125,0.68359375,0,0
1779555764.816402,-0.0078125,0.00390625,-0.13671875,0.03515625,-0.0078125,0.68359375,0,0
1779555764.824447,-0.0078125,0.00390625,-0.13671875,0.03515625,-0.0078125,0.68359375,0,0
1779555764.832459,-0.0078125,0.00390625,-0.138671875,0.03515625,-0.0078125,0.68359375,0,0
1779555764.840422,-0.0078125,0.00390625,-0.138671875,0.03125,-0.005859375,0.68359375,0,0
1779555764.848465,-0.0078125,0.00390625,-0.146484375,0.03125,-0.005859375,0.68359375,0,0
1779555764.856447,-0.0078125,0.00390625,-0.146484375,0.03125,-0.0078125,0.68359375,0,0
1779555764.864474,-0.0078125,0.00390625,-0.1484375,0.03125,-0.0078125,0.68359375,0,0
1779555764.872459,-0.0078125,0.00390625,-0.1484375,0.025390625,-0.005859375,0.68359375,0,0
1779555764.880427,-0.0078125,0.00390625,-0.150390625,0.025390625,-0.005859375,0.68359375,0,0
1779555764.888469,-0.0078125,0.00390625,-0.150390625,0.0234375,-0.005859375,0.68359375,0,0
1779555764.896434,-0.0078125,0.00390625,-0.150390625,0.0234375,-0.005859375,0.68359375,0,0
1779555764.904422,-0.0078125,0.00390625,-0.150390625,0.021484375,-0.005859375,0.68359375,0,0
1779555764.912431,-0.0078125,0.00390625,-0.150390625,0.021484375,-0.005859375,0.68359375,0,0
1779555764.920447,-0.0078125,0.00390625,-0.150390625,0.021484375,-0.005859375,0.68359375,0,0
1779555764.928449,-0.0078125,0.00390625,-0.1484375,0.021484375,-0.005859375,0.68359375,0,0
1779555764.936522,-0.0078125,0.00390625,-0.1484375,0.01953125,-0.005859375,0.68359375,0,0
1779555764.944414,-0.0078125,0.00390625,-0.1484375,0.01953125,-0.005859375,0.68359375,0,0
1779555764.952451,-0.0078125,0.00390625,-0.1484375,0.01953125,-0.00390625,0.68359375,0,0
1779555764.960491,-0.0078125,0.00390625,-0.150390625,0.01953125,-0.00390625,0.68359375,0,0
1779555764.968440,-0.0078125,0.00390625,-0.150390625,0.017578125,-0.00390625,0.68359375,0,0
1779555764.976445,-0.0078125,0.00390625,-0.150390625,0.017578125,-0.00390625,0.68359375,0,0
1779555764.984538,-0.0078125,0.00390625,-0.150390625,0.015625,-0.00390625,0.68359375,0,0
1779555764.992508,-0.0078125,0.00390625,-0.15234375,0.015625,-0.00390625,0.68359375,0,0
1779555765.000434,-0.0078125,0.00390625,-0.15234375,0.013671875,-0.00390625,0.68359375,0,0
1779555765.008383,-0.0078125,0.00390625,-0.154296875,0.013671875,-0.00390625,0.68359375,0,0
1779555765.016476,-0.0078125,0.00390625,-0.154296875,0.009765625,-0.00390625,0.68359375,0,0
1779555765.024502,-0.0078125,0.00390625,-0.154296875,0.009765625,-0.00390625,0.68359375,0,0
1779555765.032422,-0.0078125,0.00390625,-0.154296875,0.009765625,-0.00390625,0.68359375,0,0
1779555765.040431,-0.0078125,0.00390625,-0.15625,0.009765625,-0.00390625,0.68359375,0,0
1779555765.048392,-0.0078125,0.00390625,-0.15625,0.005859375,-0.00390625,0.68359375,0,0
1779555765.056421,-0.0078125,0.00390625,-0.15625,0.005859375,-0.00390625,0.68359375,0,0
1779555765.064422,-0.0078125,0.00390625,-0.15625,0.00390625,-0.00390625,0.68359375,0,0
1779555765.072441,-0.0078125,0.00390625,-0.158203125,0.00390625,-0.00390625,0.68359375,0,0
1779555765.080502,-0.0078125,0.00390625,-0.158203125,0.0,-0.00390625,0.68359375,0,0
1779555765.088442,-0.0078125,0.00390625,-0.1640625,0.0,-0.00390625,0.68359375,0,0
1779555765.096433,-0.0078125,0.00390625,-0.1640625,0.0,-0.00390625,0.68359375,0,0
1779555765.104438,-0.0078125,0.00390625,-0.166015625,0.0,-0.00390625,0.68359375,0,0
1779555765.112451,-0.0078125,0.00390625,-0.166015625,0.0,-0.00390625,0.68359375,0,0
1779555765.120482,-0.0078125,0.00390625,-0.166015625,0.0,-0.00390625,0.68359375,0,0
1779555765.128499,-0.0078125,0.00390625,-0.166015625,0.0,-0.00390625,0.68359375,0,0
1779555765.136405,-0.0078125,0.00390625,-0.16796875,0.0,-0.00390625,0.68359375,0,0
1779555765.144399,-0.0078125,0.00390625,-0.16796875,0.0,-0.00390625,0.68359375,0,0
1779555765.152486,-0.0078125,0.00390625,-0.16796875,0.0,-0.00390625,0.68359375,0,0
1779555765.160491,-0.0078125,0.00390625,-0.16796875,0.0,-0.00390625,0.68359375,0,0
1779555765.168416,-0.0078125,0.00390625,-0.16796875,0.0,-0.00390625,0.68359375,0,0
1779555765.176414,-0.0078125,0.00390625,-0.16796875,0.0,-0.00390625,0.68359375,0,0
1779555765.184579,-0.0078125,0.00390625,-0.16796875,0.0,-0.00390625,0.68359375,0,0
1779555765.192434,-0.0078125,0.00390625,-0.16796875,0.0,-0.00390625,0.68359375,0,0
1779555765.200421,-0.0078125,0.00390625,-0.16796875,0.0,-0.00390625,0.68359375,0,0
1779555765.208454,-0.0078125,0.00390625,-0.16796875,0.0,-0.00390625,0.68359375,0,0
1779555765.216526,-0.0078125,0.00390625,-0.16796875,0.0,-0.00390625,0.68359375,0,0
1779555765.224412,-0.0078125,0.00390625,-0.16796875,0.0,-0.00390625,0.68359375,0,0
1779555765.232556,-0.0078125,0.00390625,-0.16796875,0.0,-0.00390625,0.68359375,0,0
1779555765.240475,-0.0078125,0.00390625,-0.16796875,0.0,-0.00390625,0.68359375,0,0
1779555765.248481,-0.0078125,0.00390625,-0.16796875,0.0,-0.00390625,0.68359375,0,0
1779555765.256464,-0.0078125,0.00390625,-0.16796875,0.0,-0.00390625,0.68359375,0,0
1779555765.264406,-0.0078125,0.00390625,-0.16796875,0.0,-0.00390625,0.68359375,0,0
1779555765.272390,-0.0078125,0.00390625,-0.16796875,0.0,-0.00390625,0.68359375,0,0
1779555765.280428,-0.0078125,0.00390625,-0.16796875,0.0,-0.00390625,0.68359375,0,0
1779555765.288402,-0.0078125,0.00390625,-0.16796875,0.0,-0.00390625,0.68359375,0,0
1779555765.296413,-0.0078125,0.00390625,-0.16796875,0.0,-0.00390625,0.68359375,0,0
1779555765.304472,-0.0078125,0.00390625,-0.16796875,0.0,-0.00390625,0.68359375,0,0
1779555765.312467,-0.0078125,0.00390625,-0.16796875,0.0,-0.00390625,0.68359375,0,0
1779555765.320396,-0.0078125,0.00390625,-0.16796875,0.0,-0.00390625,0.68359375,0,0
1779555765.328490,-0.0078125,0.00390625,-0.16796875,0.0,-0.00390625,0.68359375,0,0
1779555765.336394,-0.0078125,0.00390625,-0.16796875,0.0,-0.00390625,0.68359375,0,0
1779555765.344375,-0.0078125,0.00390625,-0.16796875,0.0,-0.00390625,0.68359375,0,0
1779555765.352424,-0.0078125,0.00390625,-0.16796875,0.0,-0.00390625,0.68359375,0,0
1779555765.360513,-0.0078125,0.00390625,-0.16796875,0.0,-0.00390625,0.68359375,0,0
1779555765.368420,-0.0078125,0.00390625,-0.16796875,0.0,-0.00390625,0.68359375,0,0
1779555765.376356,-0.0078125,0.00390625,-0.16796875,0.0,-0.00390625,0.68359375,0,0
1779555765.384558,-0.0078125,0.00390625,-0.16796875,0.0,-0.00390625,0.68359375,0,0
1779555765.392500,-0.0078125,0.00390625,-0.16796875,0.0,-0.00390625,0.68359375,0,0
1779555765.400456,-0.0078125,0.00390625,-0.16796875,0.0,-0.00390625,0.68359375,0,0
1779555765.408524,-0.0078125,0.00390625,-0.16796875,0.0,-0.00390625,0.68359375,0,0
1779555765.416461,-0.0078125,0.00390625,-0.16796875,0.0,-0.00390625,0.68359375,0,0
1779555765.424434,-0.0078125,0.00390625,-0.16796875,0.0,-0.00390625,0.68359375,0,0
1779555765.432377,-0.0078125,0.00390625,-0.16796875,0.0,-0.00390625,0.68359375,0,0
1779555765.440406,-0.0078125,0.00390625,-0.16796875,0.0,-0.00390625,0.68359375,0,0
1779555765.448420,-0.0078125,0.00390625,-0.16796875,0.0,-0.00390625,0.68359375,0,0
1779555765.456385,-0.0078125,0.00390625,-0.169921875,0.0,-0.00390625,0.68359375,0,0
1779555765.464393,-0.0078125,0.00390625,-0.169921875,0.0,-0.00390625,0.68359375,0,0
1779555765.472374,-0.0078125,0.00390625,-0.169921875,0.0,-0.00390625,0.68359375,0,0
1779555765.480407,-0.0078125,0.00390625,-0.169921875,0.0,-0.00390625,0.68359375,0,0
1779555765.488458,-0.0078125,0.00390625,-0.169921875,0.0,-0.00390625,0.68359375,0,0
1779555765.496428,-0.0078125,0.00390625,-0.169921875,0.0,-0.00390625,0.68359375,0,0
1779555765.504398,-0.0078125,0.00390625,-0.171875,0.0,-0.00390625,0.68359375,0,0
1779555765.512426,-0.0078125,0.00390625,-0.171875,0.0,-0.00390625,0.68359375,0,0
1779555765.520448,-0.0078125,0.00390625,-0.173828125,0.0,-0.00390625,0.68359375,0,0
1779555765.528430,-0.0078125,0.00390625,-0.173828125,0.0,-0.00390625,0.68359375,0,0
1779555765.536462,-0.0078125,0.00390625,-0.173828125,0.0,-0.00390625,0.68359375,0,0
1779555765.544424,-0.0078125,0.00390625,-0.173828125,0.0,-0.00390625,0.68359375,0,0
1779555765.552476,-0.0078125,0.00390625,-0.177734375,0.0,-0.00390625,0.68359375,0,0
1779555765.560382,-0.0078125,0.00390625,-0.177734375,0.0078125,-0.00390625,0.68359375,0,0
1779555765.568453,-0.0078125,0.00390625,-0.177734375,0.0078125,-0.00390625,0.68359375,0,0
1779555765.576429,-0.0078125,0.00390625,-0.177734375,0.0078125,-0.00390625,0.68359375,0,0
1779555765.584507,-0.0078125,0.00390625,-0.177734375,0.0078125,-0.00390625,0.68359375,0,0
1779555765.592461,-0.0078125,0.00390625,-0.177734375,0.005859375,-0.00390625,0.68359375,0,0
1779555765.600442,-0.0078125,0.00390625,-0.177734375,0.005859375,-0.00390625,0.68359375,0,0
1779555765.608380,-0.0078125,0.00390625,-0.177734375,0.0078125,-0.00390625,0.68359375,0,0
1779555765.616437,-0.0078125,0.00390625,-0.177734375,0.0078125,-0.00390625,0.68359375,0,0
1779555765.624419,-0.0078125,0.00390625,-0.177734375,0.0078125,-0.00390625,0.68359375,0,0
1779555765.632441,-0.0078125,0.00390625,-0.177734375,0.0078125,-0.00390625,0.68359375,0,0
1779555765.640376,-0.0078125,0.00390625,-0.177734375,0.01171875,-0.00390625,0.68359375,0,0
1779555765.648380,-0.0078125,0.00390625,-0.177734375,0.01171875,-0.00390625,0.68359375,0,0
1779555765.656452,-0.0078125,0.00390625,-0.177734375,0.01171875,-0.00390625,0.68359375,0,0
1779555765.664364,-0.0078125,0.00390625,-0.1796875,0.01171875,-0.00390625,0.68359375,0,0
1779555765.672408,-0.0078125,0.00390625,-0.1796875,0.01171875,-0.00390625,0.68359375,0,0
1779555765.680437,-0.0078125,0.00390625,-0.1796875,0.01171875,-0.00390625,0.68359375,0,0
1779555765.688485,-0.0078125,0.00390625,-0.1796875,0.009765625,-0.00390625,0.68359375,0,0
1779555765.696433,-0.0078125,0.00390625,-0.1796875,0.009765625,-0.00390625,0.68359375,0,0
1779555765.704486,-0.0078125,0.00390625,-0.1796875,0.0078125,-0.00390625,0.68359375,0,0
1779555765.712398,-0.0078125,0.00390625,-0.17578125,0.0078125,-0.00390625,0.68359375,0,0
1779555765.720418,-0.0078125,0.00390625,-0.17578125,0.005859375,-0.00390625,0.68359375,0,0
1779555765.728384,-0.0078125,0.00390625,-0.17578125,0.005859375,-0.00390625,0.68359375,0,0
1779555765.736473,-0.0078125,0.00390625,-0.17578125,0.00390625,-0.00390625,0.68359375,0,0
1779555765.744429,-0.0078125,0.00390625,-0.173828125,0.00390625,-0.00390625,0.68359375,0,0
1779555765.752410,-0.0078125,0.00390625,-0.173828125,0.00390625,-0.00390625,0.68359375,0,0
1779555765.760380,-0.0078125,0.00390625,-0.173828125,0.00390625,-0.00390625,0.68359375,0,0
1779555765.768386,-0.0078125,0.00390625,-0.173828125,0.0,-0.00390625,0.68359375,0,0
1779555765.776377,-0.0078125,0.00390625,-0.173828125,0.0,-0.00390625,0.68359375,0,0
1779555765.784590,-0.0078125,0.00390625,-0.173828125,0.00390625,-0.00390625,0.68359375,0,0
1779555765.792478,-0.0078125,0.00390625,-0.173828125,0.00390625,-0.00390625,0.68359375,0,0
1779555765.800433,-0.0078125,0.00390625,-0.173828125,0.00390625,-0.00390625,0.68359375,0,0
1779555765.808456,-0.0078125,0.00390625,-0.173828125,0.00390625,-0.00390625,0.68359375,0,0
1779555765.816414,-0.0078125,0.00390625,-0.173828125,0.00390625,-0.00390625,0.68359375,0,0
1779555765.824397,-0.0078125,0.00390625,-0.17578125,0.00390625,-0.00390625,0.68359375,0,0
1779555765.832390,-0.0078125,0.00390625,-0.17578125,0.00390625,-0.00390625,0.68359375,0,0
1779555765.840463,-0.0078125,0.00390625,-0.17578125,0.00390625,-0.00390625,0.68359375,0,0
1779555765.848435,-0.0078125,0.00390625,-0.17578125,0.00390625,-0.00390625,0.68359375,0,0
1779555765.856495,-0.0078125,0.00390625,-0.173828125,0.00390625,-0.00390625,0.68359375,0,0
1779555765.864485,-0.0078125,0.00390625,-0.173828125,0.00390625,-0.00390625,0.68359375,0,0
1779555765.872452,-0.0078125,0.00390625,-0.173828125,0.00390625,-0.00390625,0.68359375,0,0
1779555765.880456,-0.0078125,0.00390625,-0.173828125,0.00390625,-0.00390625,0.68359375,0,0
1779555765.888385,-0.0078125,0.00390625,-0.173828125,0.00390625,-0.00390625,0.68359375,0,0
1779555765.896419,-0.0078125,0.00390625,-0.173828125,0.00390625,-0.00390625,0.68359375,0,0
1779555765.904484,-0.0078125,0.00390625,-0.173828125,0.00390625,-0.00390625,0.68359375,0,0
1779555765.912443,-0.0078125,0.00390625,-0.173828125,0.00390625,-0.00390625,0.68359375,0,0
1779555765.920523,-0.0078125,0.00390625,-0.173828125,0.00390625,-0.00390625,0.68359375,0,0
1779555765.928499,-0.0078125,0.00390625,-0.173828125,0.00390625,-0.00390625,0.68359375,0,0
1779555765.936505,-0.0078125,0.00390625,-0.173828125,0.00390625,-0.00390625,0.68359375,0,0
1779555765.944446,-0.0078125,0.00390625,-0.173828125,0.00390625,-0.00390625,0.68359375,0,0
1779555765.952443,-0.0078125,0.00390625,-0.17578125,0.00390625,-0.00390625,0.68359375,0,0
1779555765.960514,-0.0078125,0.00390625,-0.17578125,0.00390625,-0.00390625,0.68359375,0,0
1779555765.968483,-0.0078125,0.00390625,-0.177734375,0.00390625,-0.00390625,0.68359375,0,0
1779555765.976518,-0.0078125,0.00390625,-0.177734375,0.0,-0.00390625,0.68359375,0,0
1779555765.984618,-0.0078125,0.00390625,-0.173828125,0.0,-0.00390625,0.68359375,0,0
1779555765.992476,-0.0078125,0.00390625,-0.173828125,0.01171875,-0.00390625,0.68359375,0,0
1779555766.000474,-0.0078125,0.00390625,-0.14453125,0.01171875,-0.00390625,0.68359375,0,0
1779555766.008457,-0.0078125,0.00390625,-0.14453125,0.03125,-0.00390625,0.68359375,0,0
1779555766.016416,-0.0078125,0.00390625,-0.087890625,0.03125,-0.00390625,0.68359375,0,0
1779555766.024468,-0.0078125,0.00390625,-0.087890625,0.06640625,-0.00390625,0.666015625,0,0
1779555766.032394,-0.021484375,-0.01953125,-0.03125,0.06640625,-0.00390625,0.666015625,0,0
1779555766.040381,-0.021484375,-0.01953125,-0.03125,0.111328125,-0.013671875,0.525390625,0,0
1779555766.048425,-0.021484375,-0.01171875,-0.03125,0.111328125,-0.013671875,0.525390625,0,0
1779555766.056420,-0.021484375,-0.01171875,-0.03125,0.162109375,-0.017578125,0.388671875,0,0
1779555766.064384,-0.021484375,-0.052734375,-0.03125,0.162109375,-0.017578125,0.388671875,0,0
1779555766.072400,-0.021484375,-0.052734375,-0.03125,0.1875,-0.01171875,0.27734375,0,0
1779555766.080382,0.041015625,-0.056640625,-0.03125,0.1875,-0.01171875,0.27734375,0,0
1779555766.088377,0.041015625,-0.056640625,-0.03125,0.19140625,-0.01171875,0.16015625,0,0
1779555766.096427,0.068359375,-0.0546875,0.0078125,0.19140625,-0.01171875,0.16015625,0,0
1779555766.104418,0.068359375,-0.0546875,0.0078125,0.177734375,-0.01171875,0.119140625,0,0
1779555766.112430,0.064453125,-0.05078125,0.015625,0.177734375,-0.01171875,0.119140625,0,0
1779555766.120494,0.064453125,-0.05078125,0.015625,0.1640625,-0.01171875,0.078125,0,0
1779555766.128500,0.03515625,-0.03515625,0.005859375,0.1640625,-0.01171875,0.078125,0,0
1779555766.136399,0.03515625,-0.03515625,0.005859375,0.140625,-0.01171875,0.041015625,0,0
1779555766.152455,0.03515625,-0.029296875,0.005859375,0.140625,-0.01171875,0.041015625,0,0
1779555766.160422,0.03515625,-0.029296875,0.005859375,0.111328125,-0.01171875,0.01171875,0,0
1779555766.168460,0.03515625,-0.025390625,0.005859375,0.111328125,-0.01171875,0.01171875,0,0
1779555766.176367,0.03515625,-0.025390625,0.005859375,0.08203125,-0.01171875,0.01171875,0,0
1779555766.192421,0.03515625,-0.025390625,0.005859375,0.0546875,-0.01171875,0.01171875,0,0
1779555766.208420,0.03515625,-0.025390625,0.005859375,0.0390625,-0.01171875,0.01171875,0,0
1779555766.224492,0.03515625,-0.025390625,0.005859375,0.02734375,-0.01171875,0.01171875,0,0
1779555766.254382,0.0,0.0,0.0,0.0,0.0,0.0,0,0
1779555766.285469,0.0,0.0,0.0,0.0,0.0,0.0,0,0
1779555766.316423,0.0,0.0,0.0,0.0,0.0,0.0,0,0
1779555766.347379,0.0,0.0,0.0,0.0,0.0,0.0,0,0
1779555766.368423,0.03515625,-0.025390625,0.005859375,0.02734375,-0.01171875,0.00390625,0,0
1779555766.384456,0.03515625,-0.025390625,0.005859375,0.02734375,-0.01171875,0.015625,0,0
1779555766.392416,0.0078125,-0.025390625,0.005859375,0.02734375,-0.01171875,0.015625,0,0
1779555766.400396,0.0078125,-0.025390625,0.005859375,0.02734375,-0.01171875,0.025390625,0,0
1779555766.408414,0.0234375,-0.01171875,0.005859375,0.02734375,-0.01171875,0.025390625,0,0
1779555766.416395,0.0234375,-0.01171875,0.005859375,0.02734375,-0.01171875,0.02734375,0,0
1779555766.424414,0.01171875,-0.015625,0.005859375,0.02734375,-0.01171875,0.02734375,0,0
1779555766.432426,0.01171875,-0.015625,0.005859375,0.02734375,-0.01171875,0.025390625,0,0
1779555766.440432,0.01171875,-0.017578125,0.005859375,0.02734375,-0.01171875,0.025390625,0,0
1779555766.448386,0.01171875,-0.017578125,0.005859375,0.02734375,-0.01171875,0.025390625,0,0
1779555766.456452,0.01171875,-0.017578125,0.005859375,0.02734375,-0.01171875,0.025390625,0,0
1779555766.464436,0.01171875,-0.017578125,0.005859375,0.00390625,-0.01171875,0.029296875,0,0
1779555766.472371,-0.0234375,-0.01953125,0.005859375,0.00390625,-0.01171875,0.029296875,0,0
1779555766.480438,-0.0234375,-0.01953125,0.005859375,0.048828125,0.0,0.03125,0,0
1779555766.488503,-0.076171875,-0.005859375,0.005859375,0.048828125,0.0,0.03125,0,0
1779555766.496437,-0.076171875,-0.005859375,0.005859375,0.08984375,-0.02734375,0.03515625,0,0
1779555766.504465,-0.11328125,-0.005859375,0.005859375,0.08984375,-0.02734375,0.03515625,0,0
1779555766.512398,-0.11328125,-0.005859375,0.005859375,0.1171875,-0.046875,0.044921875,0,0
1779555766.520464,-0.1640625,-0.005859375,0.005859375,0.1171875,-0.046875,0.044921875,0,0
1779555766.528452,-0.1640625,-0.005859375,0.005859375,0.146484375,-0.076171875,0.0625,0,0
1779555766.536487,-0.2109375,-0.005859375,0.005859375,0.146484375,-0.076171875,0.0625,0,0
1779555766.544442,-0.2109375,-0.005859375,0.005859375,0.15625,-0.109375,0.078125,0,0
1779555766.552510,-0.228515625,-0.005859375,0.005859375,0.15625,-0.109375,0.078125,0,0
1779555766.560475,-0.228515625,-0.005859375,0.005859375,0.162109375,-0.1171875,0.083984375,0,0
1779555766.568445,-0.244140625,-0.005859375,0.005859375,0.162109375,-0.1171875,0.083984375,0,0
1779555766.576404,-0.244140625,-0.005859375,0.005859375,0.16015625,-0.123046875,0.08984375,0,0
1779555766.584488,-0.271484375,0.009765625,0.005859375,0.16015625,-0.123046875,0.08984375,0,0
1779555766.592423,-0.271484375,0.009765625,0.005859375,0.15234375,-0.12890625,0.091796875,0,0
1779555766.600430,-0.298828125,0.052734375,0.005859375,0.15234375,-0.12890625,0.091796875,0,0
1779555766.608377,-0.298828125,0.052734375,0.005859375,0.140625,-0.13671875,0.091796875,0,0
1779555766.616420,-0.326171875,0.087890625,0.005859375,0.140625,-0.13671875,0.091796875,0,0
1779555766.624497,-0.326171875,0.087890625,0.005859375,0.126953125,-0.140625,0.08984375,0,0
1779555766.632417,-0.341796875,0.111328125,0.005859375,0.126953125,-0.140625,0.08984375,0,0
1779555766.640424,-0.341796875,0.111328125,0.005859375,0.125,-0.146484375,0.087890625,0,0
1779555766.648422,-0.34765625,0.12890625,0.005859375,0.125,-0.146484375,0.087890625,0,0
1779555766.656502,-0.34765625,0.12890625,0.005859375,0.12109375,-0.146484375,0.087890625,0,0
1779555766.664419,-0.345703125,0.134765625,0.005859375,0.12109375,-0.146484375,0.087890625,0,0
1779555766.672405,-0.345703125,0.134765625,0.005859375,0.12109375,-0.14453125,0.087890625,0,0
1779555766.680443,-0.33984375,0.14453125,0.005859375,0.12109375,-0.14453125,0.087890625,0,0
1779555766.688464,-0.33984375,0.14453125,0.005859375,0.12109375,-0.140625,0.08984375,0,0
1779555766.696473,-0.337890625,0.15625,0.005859375,0.12109375,-0.140625,0.08984375,0,0
1779555766.704465,-0.337890625,0.15625,0.005859375,0.12109375,-0.13671875,0.08984375,0,0
1779555766.712475,-0.33984375,0.169921875,0.005859375,0.12109375,-0.13671875,0.08984375,0,0
1779555766.720533,-0.33984375,0.169921875,0.005859375,0.119140625,-0.13671875,0.08984375,0,0
1779555766.728535,-0.33984375,0.17578125,0.005859375,0.119140625,-0.13671875,0.08984375,0,0
1779555766.736531,-0.33984375,0.17578125,0.005859375,0.119140625,-0.13671875,0.08984375,0,0
1779555766.744446,-0.33984375,0.177734375,0.005859375,0.119140625,-0.13671875,0.08984375,0,0
1779555766.752497,-0.33984375,0.177734375,0.005859375,0.119140625,-0.13671875,0.08984375,0,0
1779555766.760490,-0.337890625,0.1796875,0.005859375,0.119140625,-0.13671875,0.08984375,0,0
1779555766.768466,-0.337890625,0.1796875,0.005859375,0.119140625,-0.134765625,0.08984375,0,0
1779555766.776451,-0.333984375,0.181640625,0.005859375,0.119140625,-0.134765625,0.08984375,0,0
1779555766.784490,-0.333984375,0.181640625,0.005859375,0.1171875,-0.1328125,0.08984375,0,0
1779555766.792428,-0.33203125,0.189453125,0.005859375,0.1171875,-0.1328125,0.08984375,0,0
1779555766.800500,-0.33203125,0.189453125,0.005859375,0.11328125,-0.12890625,0.091796875,0,0
1779555766.808419,-0.3359375,0.197265625,0.005859375,0.11328125,-0.12890625,0.091796875,0,0
1779555766.816440,-0.3359375,0.197265625,0.005859375,0.111328125,-0.12890625,0.091796875,0,0
1779555766.824494,-0.337890625,0.203125,0.005859375,0.111328125,-0.12890625,0.091796875,0,0
1779555766.832399,-0.337890625,0.203125,0.005859375,0.107421875,-0.12890625,0.091796875,0,0
1779555766.840453,-0.333984375,0.205078125,0.005859375,0.107421875,-0.12890625,0.091796875,0,0
1779555766.848458,-0.333984375,0.205078125,0.005859375,0.107421875,-0.12890625,0.08984375,0,0
1779555766.856472,-0.32421875,0.20703125,0.005859375,0.107421875,-0.12890625,0.08984375,0,0
1779555766.864438,-0.32421875,0.20703125,0.005859375,0.111328125,-0.123046875,0.08984375,0,0
1779555766.872428,-0.314453125,0.208984375,0.005859375,0.111328125,-0.123046875,0.08984375,0,0
1779555766.880478,-0.314453125,0.208984375,0.005859375,0.11328125,-0.119140625,0.08984375,0,0
1779555766.888495,-0.306640625,0.2109375,0.005859375,0.11328125,-0.119140625,0.08984375,0,0
1779555766.896501,-0.306640625,0.2109375,0.005859375,0.11328125,-0.115234375,0.091796875,0,0
1779555766.904508,-0.30078125,0.2109375,0.005859375,0.11328125,-0.115234375,0.091796875,0,0
1779555766.912487,-0.30078125,0.2109375,0.005859375,0.11328125,-0.11328125,0.091796875,0,0
1779555766.920524,-0.291015625,0.20703125,0.005859375,0.11328125,-0.11328125,0.091796875,0,0
1779555766.928544,-0.291015625,0.20703125,0.005859375,0.111328125,-0.10546875,0.09375,0,0
1779555766.936442,-0.275390625,0.201171875,0.005859375,0.111328125,-0.10546875,0.09375,0,0
1779555766.944397,-0.275390625,0.201171875,0.005859375,0.109375,-0.099609375,0.09375,0,0
1779555766.952467,-0.2578125,0.19140625,0.005859375,0.109375,-0.099609375,0.09375,0,0
1779555766.960466,-0.2578125,0.19140625,0.005859375,0.111328125,-0.091796875,0.09375,0,0
1779555766.968433,-0.232421875,0.18359375,0.005859375,0.111328125,-0.091796875,0.09375,0,0
1779555766.976470,-0.232421875,0.18359375,0.005859375,0.111328125,-0.080078125,0.08984375,0,0
1779555766.984527,-0.197265625,0.171875,0.005859375,0.111328125,-0.080078125,0.08984375,0,0
1779555766.992469,-0.197265625,0.171875,0.005859375,0.10546875,-0.060546875,0.080078125,0,0
1779555767.000442,-0.158203125,0.150390625,0.005859375,0.10546875,-0.060546875,0.080078125,0,0
1779555767.008501,-0.158203125,0.150390625,0.005859375,0.09765625,-0.041015625,0.060546875,0,0
1779555767.016460,-0.126953125,0.12890625,0.005859375,0.09765625,-0.041015625,0.060546875,0,0
1779555767.024488,-0.126953125,0.12890625,0.005859375,0.0859375,-0.02734375,0.041015625,0,0
1779555767.032469,-0.08984375,0.09375,0.0,0.0859375,-0.02734375,0.041015625,0,0
1779555767.040434,-0.08984375,0.09375,0.0,0.068359375,-0.015625,0.01171875,0,0
1779555767.048450,-0.052734375,0.072265625,0.0078125,0.068359375,-0.015625,0.01171875,0,0
1779555767.056442,-0.052734375,0.072265625,0.0078125,0.0625,-0.015625,0.01171875,0,0
1779555767.064426,-0.033203125,0.0625,0.0078125,0.0625,-0.015625,0.01171875,0,0
1779555767.072512,-0.033203125,0.0625,0.0078125,0.0625,-0.015625,0.01171875,0,0
1779555767.080481,-0.025390625,0.0546875,0.009765625,0.0625,-0.015625,0.01171875,0,0
1779555767.088457,-0.025390625,0.0546875,0.009765625,0.056640625,-0.015625,0.01171875,0,0
1779555767.096402,-0.017578125,0.048828125,0.013671875,0.056640625,-0.015625,0.01171875,0,0
1779555767.104515,-0.017578125,0.048828125,0.013671875,0.05078125,-0.015625,0.01171875,0,0
1779555767.112455,-0.015625,0.044921875,0.013671875,0.05078125,-0.015625,0.01171875,0,0
1779555767.120447,-0.015625,0.044921875,0.013671875,0.041015625,-0.015625,0.01171875,0,0
1779555767.128444,-0.005859375,0.037109375,0.005859375,0.041015625,-0.015625,0.01171875,0,0
1779555767.136457,-0.005859375,0.037109375,0.005859375,0.03515625,-0.015625,0.01171875,0,0
1779555767.144422,-0.005859375,0.025390625,0.005859375,0.03515625,-0.015625,0.01171875,0,0
1779555767.152484,-0.005859375,0.025390625,0.005859375,0.029296875,-0.015625,0.01171875,0,0
1779555767.160438,-0.005859375,0.01953125,0.0,0.029296875,-0.015625,0.01171875,0,0
1779555767.168472,-0.005859375,0.01953125,0.0,0.017578125,-0.015625,0.01171875,0,0
1779555767.176439,-0.005859375,0.017578125,0.0,0.017578125,-0.015625,0.01171875,0,0
1779555767.184556,-0.005859375,0.017578125,0.0,0.01171875,-0.015625,0.01171875,0,0
1779555767.192456,-0.005859375,0.013671875,0.0,0.01171875,-0.015625,0.01171875,0,0
1779555767.200508,-0.005859375,0.013671875,0.0,0.005859375,-0.015625,0.01171875,0,0
1779555767.208456,-0.005859375,0.005859375,0.0,0.005859375,-0.015625,0.01171875,0,0
1779555767.216494,-0.005859375,0.005859375,0.0,0.00390625,-0.015625,0.01171875,0,0
1779555767.224474,0.0,0.005859375,0.0,0.00390625,-0.015625,0.01171875,0,0
1779555767.232438,0.0,0.005859375,0.0,0.0,-0.015625,0.01171875,0,0
1779555767.248470,0.0,0.005859375,0.0,0.0,-0.015625,0.01171875,0,0
1779555767.278490,0.0,0.0,0.0,0.0,0.0,0.0,0,0
1779555767.309480,0.0,0.0,0.0,0.0,0.0,0.0,0,0
1779555767.312483,0.0,0.0,0.0,0.0,-0.015625,0.01171875,0,0
1779555767.328494,-0.01953125,0.01953125,0.0,0.0,-0.015625,0.01171875,0,0
1779555767.344461,-0.046875,0.04296875,0.0,0.0,-0.015625,0.01171875,0,0
1779555767.360488,-0.09375,0.08203125,0.0,0.0,-0.015625,0.01171875,0,0
1779555767.368420,-0.09375,0.08203125,0.0,0.0078125,-0.015625,0.01171875,0,0
1779555767.376434,-0.126953125,0.1171875,0.0,0.0078125,-0.015625,0.01171875,0,0
1779555767.384532,-0.126953125,0.1171875,0.0,0.013671875,-0.013671875,0.01171875,0,0
1779555767.392478,-0.140625,0.154296875,0.0,0.013671875,-0.013671875,0.01171875,0,0
1779555767.400466,-0.140625,0.154296875,0.0,0.015625,-0.017578125,0.01171875,0,0
1779555767.408482,-0.146484375,0.1875,0.0,0.015625,-0.017578125,0.01171875,0,0
1779555767.416481,-0.146484375,0.1875,0.0,0.015625,-0.017578125,0.01171875,0,0
1779555767.424447,-0.15625,0.220703125,0.00390625,0.015625,-0.017578125,0.01171875,0,0
1779555767.432429,-0.15625,0.220703125,0.00390625,0.013671875,-0.01953125,0.01171875,0,0
1779555767.440469,-0.177734375,0.248046875,0.0078125,0.013671875,-0.01953125,0.01171875,0,0
1779555767.448493,-0.177734375,0.248046875,0.0078125,0.01171875,-0.025390625,0.01171875,0,0
1779555767.456468,-0.193359375,0.267578125,0.013671875,0.01171875,-0.025390625,0.01171875,0,0
1779555767.464493,-0.193359375,0.267578125,0.013671875,0.009765625,-0.033203125,0.01171875,0,0
1779555767.472442,-0.205078125,0.28125,0.015625,0.009765625,-0.033203125,0.01171875,0,0
1779555767.480444,-0.205078125,0.28125,0.015625,0.01171875,-0.03515625,0.01171875,0,0
1779555767.488482,-0.203125,0.287109375,0.021484375,0.01171875,-0.03515625,0.01171875,0,0
1779555767.496467,-0.203125,0.287109375,0.021484375,0.009765625,-0.03125,0.01171875,0,0
1779555767.504453,-0.19140625,0.29296875,0.029296875,0.009765625,-0.03125,0.01171875,0,0
1779555767.512470,-0.19140625,0.29296875,0.029296875,0.009765625,-0.02734375,0.01171875,0,0
1779555767.520484,-0.185546875,0.291015625,0.03125,0.009765625,-0.02734375,0.01171875,0,0
1779555767.528469,-0.185546875,0.291015625,0.03125,0.01171875,-0.021484375,0.01171875,0,0
1779555767.536462,-0.181640625,0.2890625,0.03515625,0.01171875,-0.021484375,0.01171875,0,0
1779555767.544426,-0.181640625,0.2890625,0.03515625,0.013671875,-0.01953125,0.01171875,0,0
1779555767.552483,-0.181640625,0.28515625,0.0390625,0.013671875,-0.01953125,0.01171875,0,0
1779555767.560455,-0.181640625,0.28515625,0.0390625,0.015625,-0.017578125,0.01171875,0,0
1779555767.568481,-0.181640625,0.2734375,0.041015625,0.015625,-0.017578125,0.01171875,0,0
1779555767.576440,-0.181640625,0.2734375,0.041015625,0.015625,-0.017578125,0.01171875,0,0
1779555767.584529,-0.1796875,0.259765625,0.05078125,0.015625,-0.017578125,0.01171875,0,0
1779555767.592504,-0.1796875,0.259765625,0.05078125,0.009765625,-0.013671875,0.01171875,0,0
1779555767.600487,-0.173828125,0.25390625,0.0546875,0.009765625,-0.013671875,0.01171875,0,0
1779555767.608446,-0.173828125,0.25390625,0.0546875,0.0,-0.01171875,0.01171875,0,0
1779555767.616493,-0.171875,0.24609375,0.056640625,0.0,-0.01171875,0.01171875,0,0
1779555767.624445,-0.171875,0.24609375,0.056640625,0.0,-0.009765625,0.01171875,0,0
1779555767.632468,-0.171875,0.248046875,0.056640625,0.0,-0.009765625,0.01171875,0,0
1779555767.640478,-0.171875,0.248046875,0.056640625,0.0,-0.01171875,0.01171875,0,0
1779555767.648464,-0.171875,0.25390625,0.056640625,0.0,-0.01171875,0.01171875,0,0
1779555767.656458,-0.171875,0.25390625,0.056640625,0.00390625,-0.013671875,0.01171875,0,0
1779555767.664474,-0.171875,0.25390625,0.056640625,0.00390625,-0.013671875,0.01171875,0,0
1779555767.672420,-0.171875,0.25390625,0.056640625,0.015625,-0.015625,0.01171875,0,0
1779555767.680432,-0.166015625,0.255859375,0.05859375,0.015625,-0.015625,0.01171875,0,0
1779555767.688489,-0.166015625,0.255859375,0.05859375,0.021484375,-0.015625,0.01171875,0,0
1779555767.696449,-0.1640625,0.255859375,0.060546875,0.021484375,-0.015625,0.01171875,0,0
1779555767.704458,-0.1640625,0.255859375,0.060546875,0.0234375,-0.015625,0.01171875,0,0
1779555767.712494,-0.162109375,0.2578125,0.05859375,0.0234375,-0.015625,0.01171875,0,0
1779555767.720500,-0.162109375,0.2578125,0.05859375,0.0234375,-0.013671875,0.01171875,0,0
1779555767.728478,-0.158203125,0.263671875,0.05859375,0.0234375,-0.013671875,0.01171875,0,0
1779555767.736428,-0.158203125,0.263671875,0.05859375,0.01953125,-0.01171875,0.01171875,0,0
1779555767.744541,-0.154296875,0.263671875,0.0625,0.01953125,-0.01171875,0.01171875,0,0
1779555767.752518,-0.154296875,0.263671875,0.0625,0.0234375,-0.009765625,0.01171875,0,0
1779555767.760478,-0.15234375,0.2578125,0.0625,0.0234375,-0.009765625,0.01171875,0,0
1779555767.768504,-0.15234375,0.2578125,0.0625,0.029296875,-0.0078125,0.01171875,0,0
1779555767.776473,-0.150390625,0.25390625,0.05859375,0.029296875,-0.0078125,0.01171875,0,0
1779555767.784524,-0.150390625,0.25390625,0.05859375,0.03515625,-0.0078125,0.01171875,0,0
1779555767.792418,-0.1484375,0.25,0.056640625,0.03515625,-0.0078125,0.01171875,0,0
1779555767.800409,-0.1484375,0.25,0.056640625,0.0390625,-0.009765625,0.01171875,0,0
1779555767.808413,-0.142578125,0.2421875,0.0546875,0.0390625,-0.009765625,0.01171875,0,0
1779555767.816471,-0.142578125,0.2421875,0.0546875,0.046875,-0.0078125,0.01171875,0,0
1779555767.824448,-0.13671875,0.2265625,0.05078125,0.046875,-0.0078125,0.01171875,0,0
1779555767.832473,-0.13671875,0.2265625,0.05078125,0.0546875,-0.005859375,0.01171875,0,0
1779555767.840472,-0.125,0.205078125,0.046875,0.0546875,-0.005859375,0.01171875,0,0
1779555767.848448,-0.125,0.205078125,0.046875,0.0546875,-0.005859375,0.01171875,0,0
1779555767.856533,-0.111328125,0.173828125,0.046875,0.0546875,-0.005859375,0.01171875,0,0
1779555767.864451,-0.111328125,0.173828125,0.046875,0.048828125,-0.005859375,0.01171875,0,0
1779555767.872445,-0.09765625,0.146484375,0.046875,0.048828125,-0.005859375,0.01171875,0,0
1779555767.880488,-0.09765625,0.146484375,0.046875,0.04296875,-0.005859375,0.0,0,0
1779555767.888535,-0.072265625,0.111328125,0.04296875,0.04296875,-0.005859375,0.0,0,0
1779555767.896490,-0.072265625,0.111328125,0.04296875,0.029296875,-0.005859375,-0.0078125,0,0
1779555767.904457,-0.04296875,0.072265625,0.044921875,0.029296875,-0.005859375,-0.0078125,0,0
1779555767.912453,-0.04296875,0.072265625,0.044921875,0.017578125,-0.005859375,-0.013671875,0,0
1779555767.920469,-0.03125,0.052734375,0.04296875,0.017578125,-0.005859375,-0.013671875,0,0
1779555767.928467,-0.03125,0.052734375,0.04296875,0.0234375,-0.005859375,-0.0234375,0,0
1779555767.936502,-0.046875,0.033203125,0.04296875,0.0234375,-0.005859375,-0.0234375,0,0
1779555767.944464,-0.046875,0.033203125,0.04296875,0.0234375,-0.005859375,-0.015625,0,0
1779555767.952560,-0.0234375,0.04296875,0.04296875,0.0234375,-0.005859375,-0.015625,0,0
1779555767.960463,-0.0234375,0.04296875,0.04296875,0.0234375,-0.005859375,-0.021484375,0,0
1779555767.968484,-0.0234375,0.03125,0.04296875,0.0234375,-0.005859375,-0.021484375,0,0
1779555767.976454,-0.0234375,0.03125,0.04296875,0.0234375,-0.005859375,-0.017578125,0,0
1779555767.984499,-0.0234375,0.015625,0.04296875,0.0234375,-0.005859375,-0.017578125,0,0
1779555767.992419,-0.0234375,0.015625,0.04296875,0.0234375,-0.005859375,0.0,0,0
1779555768.022465,0.0,0.0,0.0,0.0,0.0,0.0,0,0
1779555768.053457,0.0,0.0,0.0,0.0,0.0,0.0,0,0
1779555768.084491,0.0,0.0,0.0,0.0,0.0,0.0,0,0
1779555768.115467,0.0,0.0,0.0,0.0,0.0,0.0,0,0
1779555768.146510,0.0,0.0,0.0,0.0,0.0,0.0,0,0
1779555768.177446,0.0,0.0,0.0,0.0,0.0,0.0,0,0
1779555768.208425,0.0,0.0,0.0,0.0,0.0,0.0,0,0
1779555768.239503,0.0,0.0,0.0,0.0,0.0,0.0,0,0
1779555768.270468,0.0,0.0,0.0,0.0,0.0,0.0,0,0
1779555768.301479,0.0,0.0,0.0,0.0,0.0,0.0,0,0
1779555768.332502,0.0,0.0,0.0,0.0,0.0,0.0,0,0
1779555768.352489,-0.0234375,-0.009765625,0.04296875,0.0234375,-0.005859375,0.0,0,0
1779555768.368465,-0.0234375,-0.048828125,0.04296875,0.0234375,-0.005859375,0.0,0,0
1779555768.384550,-0.0234375,-0.072265625,0.04296875,0.0234375,-0.005859375,0.0,0,0
1779555768.392501,-0.0234375,-0.072265625,0.04296875,0.025390625,-0.005859375,0.0,0,0
1779555768.400441,-0.0234375,-0.09765625,0.04296875,0.025390625,-0.005859375,0.0,0,0
1779555768.408482,-0.0234375,-0.09765625,0.04296875,0.056640625,-0.005859375,0.0,0,0
1779555768.416451,-0.0234375,-0.119140625,0.04296875,0.056640625,-0.005859375,0.0,0,0
1779555768.424443,-0.0234375,-0.119140625,0.04296875,0.095703125,-0.005859375,0.0,0,0
1779555768.432472,-0.0234375,-0.13671875,0.04296875,0.095703125,-0.005859375,0.0,0,0
1779555768.440434,-0.0234375,-0.13671875,0.04296875,0.1328125,-0.005859375,0.0,0,0
1779555768.448459,-0.0234375,-0.150390625,0.04296875,0.1328125,-0.005859375,0.0,0,0
1779555768.456472,-0.0234375,-0.150390625,0.04296875,0.166015625,-0.005859375,0.005859375,0,0
1779555768.464455,-0.0234375,-0.16015625,0.04296875,0.166015625,-0.005859375,0.005859375,0,0
1779555768.472423,-0.0234375,-0.16015625,0.04296875,0.197265625,-0.005859375,0.0234375,0,0
1779555768.480445,-0.0234375,-0.171875,0.04296875,0.197265625,-0.005859375,0.0234375,0,0
1779555768.488510,-0.0234375,-0.171875,0.04296875,0.21484375,-0.005859375,0.03125,0,0
1779555768.496479,-0.0234375,-0.181640625,0.04296875,0.21484375,-0.005859375,0.03125,0,0
1779555768.504458,-0.0234375,-0.181640625,0.04296875,0.232421875,-0.005859375,0.0390625,0,0
1779555768.512459,-0.0234375,-0.1953125,0.04296875,0.232421875,-0.005859375,0.0390625,0,0
1779555768.520508,-0.0234375,-0.1953125,0.04296875,0.2421875,-0.005859375,0.048828125,0,0
1779555768.528399,0.0,-0.208984375,0.04296875,0.2421875,-0.005859375,0.048828125,0,0
1779555768.536455,0.0,-0.208984375,0.04296875,0.244140625,-0.005859375,0.05859375,0,0
1779555768.544445,0.00390625,-0.21875,0.04296875,0.244140625,-0.005859375,0.05859375,0,0
1779555768.552483,0.00390625,-0.21875,0.04296875,0.244140625,-0.005859375,0.068359375,0,0
1779555768.560510,0.005859375,-0.2265625,0.04296875,0.244140625,-0.005859375,0.068359375,0,0
1779555768.568503,0.005859375,-0.2265625,0.04296875,0.240234375,-0.005859375,0.076171875,0,0
1779555768.576468,0.0078125,-0.23046875,0.04296875,0.240234375,-0.005859375,0.076171875,0,0
1779555768.584490,0.0078125,-0.23046875,0.04296875,0.232421875,-0.005859375,0.0859375,0,0
1779555768.592491,0.01171875,-0.236328125,0.04296875,0.232421875,-0.005859375,0.0859375,0,0
1779555768.600506,0.01171875,-0.236328125,0.04296875,0.23046875,-0.005859375,0.091796875,0,0
1779555768.608467,0.01953125,-0.23828125,0.04296875,0.23046875,-0.005859375,0.091796875,0,0
1779555768.616457,0.01953125,-0.23828125,0.04296875,0.23046875,-0.005859375,0.09375,0,0
1779555768.624474,0.025390625,-0.248046875,0.04296875,0.23046875,-0.005859375,0.09375,0,0
1779555768.632464,0.025390625,-0.248046875,0.04296875,0.232421875,-0.005859375,0.095703125,0,0
1779555768.640450,0.03125,-0.2578125,0.04296875,0.232421875,-0.005859375,0.095703125,0,0
1779555768.648428,0.03125,-0.2578125,0.04296875,0.234375,-0.005859375,0.095703125,0,0
1779555768.656469,0.03125,-0.263671875,0.04296875,0.234375,-0.005859375,0.095703125,0,0
1779555768.664423,0.03125,-0.263671875,0.04296875,0.23828125,-0.005859375,0.09375,0,0
1779555768.672512,0.033203125,-0.265625,0.04296875,0.23828125,-0.005859375,0.09375,0,0
1779555768.680506,0.033203125,-0.265625,0.04296875,0.23828125,-0.005859375,0.08984375,0,0
1779555768.688477,0.037109375,-0.263671875,0.04296875,0.23828125,-0.005859375,0.08984375,0,0
1779555768.696469,0.037109375,-0.263671875,0.04296875,0.23828125,-0.005859375,0.083984375,0,0
1779555768.704476,0.041015625,-0.259765625,0.04296875,0.23828125,-0.005859375,0.083984375,0,0
1779555768.712494,0.041015625,-0.259765625,0.04296875,0.234375,-0.005859375,0.078125,0,0
1779555768.720487,0.041015625,-0.255859375,0.04296875,0.234375,-0.005859375,0.078125,0,0
1779555768.728457,0.041015625,-0.255859375,0.04296875,0.23046875,-0.005859375,0.07421875,0,0
1779555768.736480,0.041015625,-0.255859375,0.04296875,0.23046875,-0.005859375,0.07421875,0,0
1779555768.744481,0.041015625,-0.255859375,0.04296875,0.23046875,-0.005859375,0.0703125,0,0
1779555768.752542,0.037109375,-0.25390625,0.04296875,0.23046875,-0.005859375,0.0703125,0,0
1779555768.760476,0.037109375,-0.25390625,0.04296875,0.2265625,-0.005859375,0.068359375,0,0
1779555768.768456,0.033203125,-0.240234375,0.04296875,0.2265625,-0.005859375,0.068359375,0,0
1779555768.776464,0.033203125,-0.240234375,0.04296875,0.216796875,-0.005859375,0.068359375,0,0
1779555768.784480,0.029296875,-0.23046875,0.04296875,0.216796875,-0.005859375,0.068359375,0,0
1779555768.792485,0.029296875,-0.23046875,0.04296875,0.2109375,-0.005859375,0.06640625,0,0
1779555768.800467,0.025390625,-0.2109375,0.04296875,0.2109375,-0.005859375,0.06640625,0,0
1779555768.808500,0.025390625,-0.2109375,0.04296875,0.19921875,-0.005859375,0.0625,0,0
1779555768.816507,0.017578125,-0.203125,0.04296875,0.19921875,-0.005859375,0.0625,0,0
1779555768.824468,0.017578125,-0.203125,0.04296875,0.201171875,-0.005859375,0.05859375,0,0
1779555768.832460,0.01171875,-0.189453125,0.04296875,0.201171875,-0.005859375,0.05859375,0,0
1779555768.840506,0.01171875,-0.189453125,0.04296875,0.19921875,-0.005859375,0.052734375,0,0
1779555768.848507,0.0,-0.177734375,0.04296875,0.19921875,-0.005859375,0.052734375,0,0
1779555768.856470,0.0,-0.177734375,0.04296875,0.193359375,-0.005859375,0.046875,0,0
1779555768.864444,0.0,-0.162109375,0.04296875,0.193359375,-0.005859375,0.046875,0,0
1779555768.872501,0.0,-0.162109375,0.04296875,0.185546875,-0.005859375,0.03515625,0,0
1779555768.880492,0.0,-0.142578125,0.04296875,0.185546875,-0.005859375,0.03515625,0,0
1779555768.888513,0.0,-0.142578125,0.04296875,0.181640625,-0.005859375,0.02734375,0,0
1779555768.896423,0.0,-0.12890625,0.04296875,0.181640625,-0.005859375,0.02734375,0,0
1779555768.904450,0.0,-0.12890625,0.04296875,0.177734375,-0.005859375,0.02734375,0,0
1779555768.912441,0.0,-0.111328125,0.0,0.177734375,-0.005859375,0.02734375,0,0
1779555768.920494,0.0,-0.111328125,0.0,0.171875,-0.005859375,0.025390625,0,0
1779555768.928483,0.0,-0.095703125,0.0078125,0.171875,-0.005859375,0.025390625,0,0
1779555768.936460,0.0,-0.095703125,0.0078125,0.166015625,-0.005859375,0.025390625,0,0
1779555768.944469,0.0,-0.08984375,0.01171875,0.166015625,-0.005859375,0.025390625,0,0
1779555768.952510,0.0,-0.08984375,0.01171875,0.162109375,-0.005859375,0.025390625,0,0
1779555768.960483,0.0,-0.072265625,0.017578125,0.162109375,-0.005859375,0.025390625,0,0
1779555768.968475,0.0,-0.072265625,0.017578125,0.15625,-0.005859375,0.021484375,0,0
1779555768.976506,0.0,-0.0625,0.021484375,0.15625,-0.005859375,0.021484375,0,0
1779555768.984523,0.0,-0.0625,0.021484375,0.1484375,-0.005859375,0.01953125,0,0
1779555768.992435,0.01171875,-0.048828125,0.029296875,0.1484375,-0.005859375,0.01953125,0,0
1779555769.000419,0.01171875,-0.048828125,0.029296875,0.140625,-0.005859375,0.01171875,0,0
1779555769.008430,0.0234375,-0.033203125,0.033203125,0.140625,-0.005859375,0.01171875,0,0
1779555769.016427,0.0234375,-0.033203125,0.033203125,0.126953125,-0.005859375,0.005859375,0,0
1779555769.024510,0.03515625,-0.0234375,0.033203125,0.126953125,-0.005859375,0.005859375,0,0
1779555769.032427,0.03515625,-0.0234375,0.033203125,0.12109375,-0.005859375,0.00390625,0,0
1779555769.040494,0.041015625,-0.009765625,0.03515625,0.12109375,-0.005859375,0.00390625,0,0
1779555769.048533,0.041015625,-0.009765625,0.03515625,0.111328125,-0.005859375,0.00390625,0,0
1779555769.056503,0.048828125,0.0,0.0390625,0.111328125,-0.005859375,0.00390625,0,0
1779555769.064492,0.048828125,0.0,0.0390625,0.107421875,-0.005859375,0.00390625,0,0
1779555769.072453,0.056640625,0.0,0.044921875,0.107421875,-0.005859375,0.00390625,0,0
1779555769.080441,0.056640625,0.0,0.044921875,0.099609375,-0.005859375,0.00390625,0,0
1779555769.088455,0.060546875,0.0,0.044921875,0.099609375,-0.005859375,0.00390625,0,0
1779555769.096430,0.060546875,0.0,0.044921875,0.08984375,-0.005859375,0.00390625,0,0
1779555769.104435,0.060546875,0.0,0.0390625,0.08984375,-0.005859375,0.00390625,0,0
1779555769.112427,0.060546875,0.0,0.0390625,0.087890625,-0.005859375,0.00390625,0,0
1779555769.120491,0.0625,0.0,0.0390625,0.087890625,-0.005859375,0.00390625,0,0
1779555769.128468,0.0625,0.0,0.0390625,0.087890625,-0.005859375,0.00390625,0,0
1779555769.136505,0.0703125,0.0,0.037109375,0.087890625,-0.005859375,0.00390625,0,0
1779555769.144434,0.0703125,0.0,0.037109375,0.09375,-0.005859375,0.00390625,0,0
1779555769.152520,0.07421875,0.0,0.033203125,0.09375,-0.005859375,0.00390625,0,0
1779555769.160473,0.07421875,0.0,0.033203125,0.095703125,-0.005859375,0.00390625,0,0
1779555769.168467,0.068359375,0.0,0.025390625,0.095703125,-0.005859375,0.00390625,0,0
1779555769.176458,0.068359375,0.0,0.025390625,0.09375,-0.005859375,0.00390625,0,0
1779555769.184566,0.0546875,-0.005859375,0.015625,0.09375,-0.005859375,0.00390625,0,0
1779555769.192474,0.0546875,-0.005859375,0.015625,0.08984375,-0.005859375,0.00390625,0,0
1779555769.200476,0.04296875,-0.0078125,0.0078125,0.08984375,-0.005859375,0.00390625,0,0
1779555769.208475,0.04296875,-0.0078125,0.0078125,0.087890625,-0.005859375,0.00390625,0,0
1779555769.216462,0.03125,-0.009765625,0.0,0.087890625,-0.005859375,0.00390625,0,0
1779555769.224508,0.03125,-0.009765625,0.0,0.08203125,-0.005859375,0.00390625,0,0
1779555769.232426,0.02734375,-0.0078125,0.0,0.08203125,-0.005859375,0.00390625,0,0
1779555769.240502,0.02734375,-0.0078125,0.0,0.07421875,-0.005859375,0.00390625,0,0
1779555769.248484,0.029296875,-0.00390625,0.0,0.07421875,-0.005859375,0.00390625,0,0
1779555769.256528,0.029296875,-0.00390625,0.0,0.060546875,-0.005859375,0.00390625,0,0
1779555769.264463,0.03515625,-0.005859375,0.005859375,0.060546875,-0.005859375,0.00390625,0,0
1779555769.272445,0.03515625,-0.005859375,0.005859375,0.056640625,-0.005859375,0.00390625,0,0
1779555769.280452,0.0390625,-0.013671875,0.01171875,0.056640625,-0.005859375,0.00390625,0,0
1779555769.288484,0.0390625,-0.013671875,0.01171875,0.056640625,-0.005859375,0.00390625,0,0
1779555769.296474,0.03125,-0.013671875,0.0078125,0.056640625,-0.005859375,0.00390625,0,0
1779555769.304473,0.03125,-0.013671875,0.0078125,0.05859375,-0.005859375,0.00390625,0,0
1779555769.312482,0.01953125,-0.013671875,0.005859375,0.05859375,-0.005859375,0.00390625,0,0
1779555769.320454,0.01953125,-0.013671875,0.005859375,0.060546875,-0.005859375,0.00390625,0,0
1779555769.328454,0.017578125,-0.01171875,0.009765625,0.060546875,-0.005859375,0.00390625,0,0
1779555769.336525,0.017578125,-0.01171875,0.009765625,0.060546875,-0.005859375,0.00390625,0,0
1779555769.344457,0.013671875,-0.005859375,0.015625,0.060546875,-0.005859375,0.00390625,0,0
1779555769.352504,0.013671875,-0.005859375,0.015625,0.056640625,-0.005859375,0.00390625,0,0
1779555769.360479,0.009765625,-0.005859375,0.017578125,0.056640625,-0.005859375,0.00390625,0,0
1779555769.368484,0.009765625,-0.005859375,0.017578125,0.052734375,-0.005859375,0.00390625,0,0
1779555769.376489,0.009765625,-0.005859375,0.015625,0.052734375,-0.005859375,0.00390625,0,0
1779555769.384511,0.009765625,-0.005859375,0.015625,0.05078125,-0.005859375,0.00390625,0,0
1779555769.400458,0.009765625,-0.005859375,0.015625,0.05859375,-0.005859375,0.00390625,0,0
1779555769.408493,0.009765625,-0.005859375,0.00390625,0.05859375,-0.005859375,0.00390625,0,0
1779555769.416461,0.009765625,-0.005859375,0.00390625,0.05859375,-0.005859375,0.00390625,0,0
1779555769.424479,0.009765625,-0.005859375,0.0,0.05859375,-0.005859375,0.00390625,0,0
1779555769.432431,0.009765625,-0.005859375,0.0,0.046875,-0.005859375,0.00390625,0,0
1779555769.448445,0.009765625,-0.005859375,0.0,0.013671875,-0.005859375,0.00390625,0,0
1779555769.478451,0.0,0.0,0.0,0.0,0.0,0.0,0,0
1779555769.509481,0.0,0.0,0.0,0.0,0.0,0.0,0,0
1779555769.540396,0.0,0.0,0.0,0.0,0.0,0.0,0,0
1779555769.571449,0.0,0.0,0.0,0.0,0.0,0.0,0,0
1779555769.602555,0.0,0.0,0.0,0.0,0.0,0.0,0,0
1779555769.633489,0.0,0.0,0.0,0.0,0.0,0.0,0,0
1779555769.664481,0.0,0.0,0.0,0.0,0.0,0.0,0,0
1779555769.695502,0.0,0.0,0.0,0.0,0.0,0.0,0,0
1779555769.704479,0.0,-0.005859375,0.0,0.013671875,-0.005859375,0.00390625,0,0
1779555769.720483,0.041015625,0.005859375,0.015625,0.013671875,-0.005859375,0.00390625,0,0
1779555769.728460,0.041015625,0.005859375,0.015625,0.013671875,-0.005859375,0.0,0,0
1779555769.736500,0.0703125,0.005859375,0.044921875,0.013671875,-0.005859375,0.0,0,0
1779555769.744473,0.0703125,0.005859375,0.044921875,0.013671875,0.013671875,0.0234375,0,0
1779555769.752487,0.08984375,0.00390625,0.0625,0.013671875,0.013671875,0.0234375,0,0
1779555769.760467,0.08984375,0.00390625,0.0625,0.013671875,0.025390625,0.03515625,0,0
1779555769.768473,0.09765625,0.0,0.08203125,0.013671875,0.025390625,0.03515625,0,0
1779555769.776441,0.09765625,0.0,0.08203125,0.013671875,0.03515625,0.0390625,0,0
1779555769.784550,0.1015625,0.0,0.109375,0.013671875,0.03515625,0.0390625,0,0
1779555769.792459,0.1015625,0.0,0.109375,0.013671875,0.041015625,0.0390625,0,0
1779555769.800460,0.111328125,0.009765625,0.14453125,0.013671875,0.041015625,0.0390625,0,0
1779555769.808475,0.111328125,0.009765625,0.14453125,0.013671875,0.048828125,0.041015625,0,0
1779555769.816470,0.126953125,0.013671875,0.173828125,0.013671875,0.048828125,0.041015625,0,0
1779555769.824501,0.126953125,0.013671875,0.173828125,0.013671875,0.05859375,0.037109375,0,0
1779555769.832460,0.14453125,0.017578125,0.1875,0.013671875,0.05859375,0.037109375,0,0
1779555769.840509,0.14453125,0.017578125,0.1875,0.013671875,0.0625,0.037109375,0,0
1779555769.848476,0.1875,0.025390625,0.19140625,0.013671875,0.0625,0.037109375,0,0
1779555769.856442,0.1875,0.025390625,0.19140625,0.013671875,0.07421875,0.068359375,0,0
1779555769.864415,0.224609375,0.02734375,0.193359375,0.013671875,0.07421875,0.068359375,0,0
1779555769.872468,0.224609375,0.02734375,0.193359375,0.013671875,0.08984375,0.099609375,0,0
1779555769.880467,0.24609375,0.033203125,0.1953125,0.013671875,0.08984375,0.099609375,0,0
1779555769.888474,0.24609375,0.033203125,0.1953125,0.013671875,0.09765625,0.115234375,0,0
1779555769.896430,0.259765625,0.037109375,0.205078125,0.013671875,0.09765625,0.115234375,0,0
1779555769.904488,0.259765625,0.037109375,0.205078125,0.013671875,0.10546875,0.119140625,0,0
1779555769.912503,0.265625,0.044921875,0.208984375,0.013671875,0.10546875,0.119140625,0,0
1779555769.920490,0.265625,0.044921875,0.208984375,0.013671875,0.11328125,0.1171875,0,0
1779555769.928512,0.263671875,0.05078125,0.2109375,0.013671875,0.11328125,0.1171875,0,0
1779555769.936521,0.263671875,0.05078125,0.2109375,0.013671875,0.115234375,0.109375,0,0
1779555769.944497,0.263671875,0.056640625,0.212890625,0.013671875,0.115234375,0.109375,0,0
1779555769.952499,0.263671875,0.056640625,0.212890625,0.013671875,0.1171875,0.09375,0,0
1779555769.960493,0.267578125,0.06640625,0.216796875,0.013671875,0.1171875,0.09375,0,0
1779555769.968446,0.267578125,0.06640625,0.216796875,0.013671875,0.12109375,0.083984375,0,0
1779555769.976518,0.27734375,0.068359375,0.220703125,0.013671875,0.12109375,0.083984375,0,0
1779555769.984560,0.27734375,0.068359375,0.220703125,0.013671875,0.126953125,0.078125,0,0
1779555769.992464,0.283203125,0.0625,0.220703125,0.013671875,0.126953125,0.078125,0,0
1779555770.000445,0.283203125,0.0625,0.220703125,0.013671875,0.130859375,0.07421875,0,0
1779555770.008445,0.2890625,0.056640625,0.21875,0.013671875,0.130859375,0.07421875,0,0
1779555770.016445,0.2890625,0.056640625,0.21875,0.013671875,0.130859375,0.07421875,0,0
1779555770.024489,0.302734375,0.05078125,0.21875,0.013671875,0.130859375,0.07421875,0,0
1779555770.032504,0.302734375,0.05078125,0.21875,0.013671875,0.134765625,0.07421875,0,0
1779555770.040469,0.30859375,0.04296875,0.220703125,0.013671875,0.134765625,0.07421875,0,0
1779555770.048478,0.30859375,0.04296875,0.220703125,0.013671875,0.13671875,0.0703125,0,0
1779555770.056503,0.310546875,0.04296875,0.224609375,0.013671875,0.13671875,0.0703125,0,0
1779555770.064480,0.310546875,0.04296875,0.224609375,0.013671875,0.140625,0.064453125,0,0
1779555770.072459,0.30859375,0.041015625,0.224609375,0.013671875,0.140625,0.064453125,0,0
1779555770.080439,0.30859375,0.041015625,0.224609375,0.013671875,0.140625,0.05859375,0,0
1779555770.088473,0.302734375,0.0390625,0.224609375,0.013671875,0.140625,0.05859375,0,0
1779555770.096444,0.302734375,0.0390625,0.224609375,0.013671875,0.138671875,0.056640625,0,0
1779555770.104529,0.302734375,0.033203125,0.216796875,0.013671875,0.138671875,0.056640625,0,0
1779555770.112488,0.302734375,0.033203125,0.216796875,0.013671875,0.13671875,0.056640625,0,0
1779555770.120535,0.306640625,0.029296875,0.2109375,0.013671875,0.13671875,0.056640625,0,0
1779555770.128486,0.306640625,0.029296875,0.2109375,0.013671875,0.13671875,0.064453125,0,0
1779555770.136446,0.30859375,0.02734375,0.205078125,0.013671875,0.13671875,0.064453125,0,0
1779555770.144439,0.30859375,0.02734375,0.205078125,0.013671875,0.13671875,0.0703125,0,0
1779555770.152500,0.306640625,0.0234375,0.197265625,0.013671875,0.13671875,0.0703125,0,0
1779555770.160526,0.306640625,0.0234375,0.197265625,0.013671875,0.1328125,0.072265625,0,0
1779555770.168464,0.298828125,0.01953125,0.1875,0.013671875,0.1328125,0.072265625,0,0
1779555770.176443,0.298828125,0.01953125,0.1875,0.013671875,0.130859375,0.072265625,0,0
1779555770.184477,0.279296875,0.013671875,0.166015625,0.013671875,0.130859375,0.072265625,0,0
1779555770.192458,0.279296875,0.013671875,0.166015625,0.013671875,0.123046875,0.072265625,0,0
1779555770.200444,0.259765625,0.00390625,0.146484375,0.013671875,0.123046875,0.072265625,0,0
1779555770.208457,0.259765625,0.00390625,0.146484375,0.013671875,0.11328125,0.0703125,0,0
1779555770.216474,0.236328125,0.00390625,0.134765625,0.013671875,0.11328125,0.0703125,0,0
1779555770.224478,0.236328125,0.00390625,0.134765625,0.013671875,0.10546875,0.064453125,0,0
1779555770.232474,0.205078125,0.00390625,0.126953125,0.013671875,0.10546875,0.064453125,0,0
1779555770.240521,0.205078125,0.00390625,0.126953125,0.005859375,0.09375,0.048828125,0,0
1779555770.248455,0.181640625,0.00390625,0.119140625,0.005859375,0.09375,0.048828125,0,0
1779555770.256548,0.181640625,0.00390625,0.119140625,0.017578125,0.083984375,0.03125,0,0
1779555770.264437,0.146484375,0.00390625,0.111328125,0.017578125,0.083984375,0.03125,0,0
1779555770.272432,0.146484375,0.00390625,0.111328125,0.03125,0.06640625,0.01953125,0,0
1779555770.280492,0.10546875,0.00390625,0.099609375,0.03125,0.06640625,0.01953125,0,0
1779555770.288508,0.10546875,0.00390625,0.099609375,0.048828125,0.044921875,0.01953125,0,0
1779555770.296436,0.0546875,0.00390625,0.083984375,0.048828125,0.044921875,0.01953125,0,0
1779555770.304489,0.0546875,0.00390625,0.083984375,0.068359375,0.015625,0.021484375,0,0
1779555770.312484,0.0,-0.013671875,0.07421875,0.068359375,0.015625,0.021484375,0,0
1779555770.320491,0.0,-0.013671875,0.07421875,0.095703125,0.015625,0.01953125,0,0
1779555770.328477,0.0,-0.021484375,0.072265625,0.095703125,0.015625,0.01953125,0,0
1779555770.336512,0.0,-0.021484375,0.072265625,0.11328125,0.015625,0.0078125,0,0
1779555770.344497,-0.025390625,-0.021484375,0.05859375,0.11328125,0.015625,0.0078125,0,0
1779555770.352523,-0.025390625,-0.021484375,0.05859375,0.125,0.015625,0.0078125,0,0
1779555770.360412,-0.103515625,-0.037109375,0.046875,0.125,0.015625,0.0078125,0,0
1779555770.368462,-0.103515625,-0.037109375,0.046875,0.13671875,-0.00390625,0.0078125,0,0
1779555770.376452,-0.177734375,-0.05078125,0.029296875,0.13671875,-0.00390625,0.0078125,0,0
1779555770.384465,-0.177734375,-0.05078125,0.029296875,0.1484375,-0.041015625,0.0078125,0,0
1779555770.392469,-0.240234375,-0.0625,0.01171875,0.1484375,-0.041015625,0.0078125,0,0
1779555770.400466,-0.240234375,-0.0625,0.01171875,0.158203125,-0.07421875,0.0078125,0,0
1779555770.408454,-0.287109375,-0.064453125,0.005859375,0.158203125,-0.07421875,0.0078125,0,0
1779555770.416465,-0.287109375,-0.064453125,0.005859375,0.1640625,-0.09765625,0.0078125,0,0
1779555770.424444,-0.310546875,-0.06640625,0.0,0.1640625,-0.09765625,0.0078125,0,0
1779555770.432447,-0.310546875,-0.06640625,0.0,0.162109375,-0.10546875,0.0078125,0,0
1779555770.440413,-0.33203125,-0.076171875,0.0,0.162109375,-0.10546875,0.0078125,0,0
1779555770.448453,-0.33203125,-0.076171875,0.0,0.177734375,-0.10546875,0.0078125,0,0
1779555770.456451,-0.345703125,-0.080078125,0.0,0.177734375,-0.10546875,0.0078125,0,0
1779555770.464469,-0.345703125,-0.080078125,0.0,0.185546875,-0.10546875,0.0078125,0,0
1779555770.472462,-0.35546875,-0.08203125,0.0,0.185546875,-0.10546875,0.0078125,0,0
1779555770.480476,-0.35546875,-0.08203125,0.0,0.1953125,-0.103515625,0.0078125,0,0
1779555770.488503,-0.37109375,-0.08203125,0.0,0.1953125,-0.103515625,0.0078125,0,0
1779555770.496459,-0.37109375,-0.08203125,0.0,0.208984375,-0.107421875,0.0078125,0,0
1779555770.504485,-0.390625,-0.083984375,0.0,0.208984375,-0.107421875,0.0078125,0,0
1779555770.512469,-0.390625,-0.083984375,0.0,0.212890625,-0.11328125,0.0078125,0,0
1779555770.520434,-0.4140625,-0.087890625,0.0,0.212890625,-0.11328125,0.0078125,0,0
1779555770.528490,-0.4140625,-0.087890625,0.0,0.224609375,-0.12109375,0.0078125,0,0
1779555770.536494,-0.431640625,-0.087890625,0.0,0.224609375,-0.12109375,0.0078125,0,0
1779555770.544457,-0.431640625,-0.087890625,0.0,0.228515625,-0.130859375,0.0078125,0,0
1779555770.552537,-0.443359375,-0.087890625,0.0,0.228515625,-0.130859375,0.0078125,0,0
1779555770.560538,-0.443359375,-0.087890625,0.0,0.228515625,-0.130859375,0.0078125,0,0
1779555770.568460,-0.4453125,-0.0859375,0.0,0.228515625,-0.130859375,0.0078125,0,0
1779555770.576462,-0.4453125,-0.0859375,0.0,0.228515625,-0.1328125,0.0078125,0,0
1779555770.584486,-0.451171875,-0.083984375,0.0,0.228515625,-0.1328125,0.0078125,0,0
1779555770.592488,-0.451171875,-0.083984375,0.0,0.2265625,-0.134765625,0.0078125,0,0
1779555770.600488,-0.455078125,-0.0859375,0.0,0.2265625,-0.134765625,0.0078125,0,0
1779555770.608492,-0.455078125,-0.0859375,0.0,0.232421875,-0.134765625,0.0078125,0,0
1779555770.616422,-0.466796875,-0.0859375,0.0,0.232421875,-0.134765625,0.0078125,0,0
1779555770.624449,-0.466796875,-0.0859375,0.0,0.234375,-0.142578125,0.0078125,0,0
1779555770.632423,-0.47265625,-0.08984375,0.0,0.234375,-0.142578125,0.0078125,0,0
1779555770.640469,-0.47265625,-0.08984375,0.0,0.240234375,-0.14453125,0.0078125,0,0
1779555770.648476,-0.484375,-0.095703125,0.0,0.240234375,-0.14453125,0.0078125,0,0
1779555770.656523,-0.484375,-0.095703125,0.0,0.2421875,-0.146484375,0.0078125,0,0
1779555770.664488,-0.494140625,-0.095703125,0.0,0.2421875,-0.146484375,0.0078125,0,0
1779555770.672447,-0.494140625,-0.095703125,0.0,0.24609375,-0.150390625,0.0078125,0,0
1779555770.680504,-0.494140625,-0.09765625,0.0,0.24609375,-0.150390625,0.0078125,0,0
1779555770.688485,-0.494140625,-0.09765625,0.0,0.251953125,-0.150390625,0.0078125,0,0
1779555770.696442,-0.486328125,-0.10546875,0.0,0.251953125,-0.150390625,0.0078125,0,0
1779555770.704429,-0.486328125,-0.10546875,0.0,0.25390625,-0.146484375,0.0078125,0,0
1779555770.712463,-0.4765625,-0.11328125,0.0,0.25390625,-0.146484375,0.0078125,0,0
1779555770.720430,-0.4765625,-0.11328125,0.0,0.251953125,-0.14453125,0.0078125,0,0
1779555770.728448,-0.478515625,-0.11328125,0.0,0.251953125,-0.14453125,0.0078125,0,0
1779555770.736435,-0.478515625,-0.11328125,0.0,0.248046875,-0.14453125,0.0078125,0,0
1779555770.744449,-0.486328125,-0.107421875,0.0,0.248046875,-0.14453125,0.0078125,0,0
1779555770.752498,-0.486328125,-0.107421875,0.0,0.24609375,-0.146484375,0.0078125,0,0
1779555770.760482,-0.490234375,-0.10546875,0.0,0.24609375,-0.146484375,0.0078125,0,0
1779555770.768437,-0.490234375,-0.10546875,0.0,0.24609375,-0.150390625,0.0078125,0,0
1779555770.776392,-0.490234375,-0.10546875,0.0,0.24609375,-0.150390625,0.0078125,0,0
1779555770.784428,-0.490234375,-0.10546875,0.0,0.248046875,-0.1484375,0.0078125,0,0
1779555770.792406,-0.48828125,-0.111328125,0.0,0.248046875,-0.1484375,0.0078125,0,0
1779555770.800419,-0.48828125,-0.111328125,0.0,0.255859375,-0.146484375,0.0078125,0,0
1779555770.808417,-0.484375,-0.115234375,0.0,0.255859375,-0.146484375,0.0078125,0,0
1779555770.816401,-0.484375,-0.115234375,0.0,0.259765625,-0.146484375,0.0078125,0,0
1779555770.824448,-0.482421875,-0.115234375,0.0,0.259765625,-0.146484375,0.0078125,0,0
1779555770.832406,-0.482421875,-0.115234375,0.0,0.2578125,-0.146484375,0.0078125,0,0
1779555770.840410,-0.482421875,-0.115234375,0.0,0.2578125,-0.146484375,0.0078125,0,0
1779555770.848477,-0.482421875,-0.115234375,0.0,0.2578125,-0.146484375,0.0078125,0,0
1779555770.856478,-0.486328125,-0.115234375,0.0,0.2578125,-0.146484375,0.0078125,0,0
1779555770.864446,-0.486328125,-0.115234375,0.0,0.26171875,-0.1484375,0.0078125,0,0
1779555770.872496,-0.486328125,-0.12109375,0.0,0.26171875,-0.1484375,0.0078125,0,0
1779555770.880449,-0.486328125,-0.12109375,0.0,0.267578125,-0.146484375,0.0078125,0,0
1779555770.888481,-0.486328125,-0.12109375,0.0,0.267578125,-0.146484375,0.0078125,0,0
1779555770.896512,-0.486328125,-0.12109375,0.0,0.271484375,-0.146484375,0.0078125,0,0
1779555770.904472,-0.48828125,-0.1171875,0.0,0.271484375,-0.146484375,0.0078125,0,0
1779555770.912457,-0.48828125,-0.1171875,0.0,0.2734375,-0.146484375,0.0078125,0,0
1779555770.920482,-0.4921875,-0.111328125,0.0,0.2734375,-0.146484375,0.0078125,0,0
1779555770.928491,-0.4921875,-0.111328125,0.0,0.275390625,-0.146484375,0.0078125,0,0
1779555770.936528,-0.4921875,-0.107421875,0.005859375,0.275390625,-0.146484375,0.0078125,0,0
1779555770.944467,-0.4921875,-0.107421875,0.005859375,0.275390625,-0.146484375,0.0078125,0,0
1779555770.952606,-0.478515625,-0.107421875,0.009765625,0.275390625,-0.146484375,0.0078125,0,0
1779555770.960489,-0.478515625,-0.107421875,0.009765625,0.275390625,-0.14453125,0.0078125,0,0
1779555770.968501,-0.46484375,-0.107421875,0.01171875,0.275390625,-0.14453125,0.0078125,0,0
1779555770.976454,-0.46484375,-0.107421875,0.01171875,0.275390625,-0.140625,0.0078125,0,0
1779555770.984426,-0.4609375,-0.111328125,0.01171875,0.275390625,-0.140625,0.0078125,0,0
1779555770.992545,-0.4609375,-0.111328125,0.01171875,0.27734375,-0.13671875,0.0078125,0,0
1779555771.000494,-0.462890625,-0.115234375,0.009765625,0.27734375,-0.13671875,0.0078125,0,0
1779555771.008456,-0.462890625,-0.115234375,0.009765625,0.283203125,-0.140625,0.0078125,0,0
1779555771.016440,-0.462890625,-0.115234375,0.0078125,0.283203125,-0.140625,0.0078125,0,0
1779555771.024463,-0.462890625,-0.115234375,0.0078125,0.279296875,-0.142578125,0.0078125,0,0
1779555771.032436,-0.4609375,-0.107421875,0.009765625,0.279296875,-0.142578125,0.0078125,0,0
1779555771.040436,-0.4609375,-0.107421875,0.009765625,0.275390625,-0.142578125,0.0078125,0,0
1779555771.048505,-0.447265625,-0.1015625,0.009765625,0.275390625,-0.142578125,0.0078125,0,0
1779555771.056501,-0.447265625,-0.1015625,0.009765625,0.271484375,-0.13671875,0.0078125,0,0
1779555771.064450,-0.435546875,-0.103515625,0.01171875,0.271484375,-0.13671875,0.0078125,0,0
1779555771.072527,-0.435546875,-0.103515625,0.01171875,0.26953125,-0.134765625,0.0078125,0,0
1779555771.080470,-0.421875,-0.107421875,0.013671875,0.26953125,-0.134765625,0.0078125,0,0
1779555771.088440,-0.421875,-0.107421875,0.013671875,0.259765625,-0.12890625,0.0078125,0,0
1779555771.096431,-0.408203125,-0.109375,0.015625,0.259765625,-0.12890625,0.0078125,0,0
1779555771.104449,-0.408203125,-0.109375,0.015625,0.263671875,-0.125,0.0078125,0,0
1779555771.112427,-0.396484375,-0.111328125,0.017578125,0.263671875,-0.125,0.0078125,0,0
1779555771.120506,-0.396484375,-0.111328125,0.017578125,0.267578125,-0.125,0.0078125,0,0
1779555771.128422,-0.384765625,-0.10546875,0.015625,0.267578125,-0.125,0.0078125,0,0
1779555771.136472,-0.384765625,-0.10546875,0.015625,0.271484375,-0.12109375,0.0078125,0,0
1779555771.144446,-0.37109375,-0.103515625,0.01171875,0.271484375,-0.12109375,0.0078125,0,0
1779555771.152541,-0.37109375,-0.103515625,0.01171875,0.26953125,-0.1171875,0.0078125,0,0
1779555771.160471,-0.359375,-0.103515625,0.009765625,0.26953125,-0.1171875,0.0078125,0,0
1779555771.168448,-0.359375,-0.103515625,0.009765625,0.26953125,-0.115234375,0.0078125,0,0
1779555771.176469,-0.349609375,-0.103515625,0.005859375,0.26953125,-0.115234375,0.0078125,0,0
1779555771.184481,-0.349609375,-0.103515625,0.005859375,0.26953125,-0.111328125,0.0078125,0,0
1779555771.192442,-0.337890625,-0.1015625,0.00390625,0.26953125,-0.111328125,0.0078125,0,0
1779555771.200475,-0.337890625,-0.1015625,0.00390625,0.263671875,-0.111328125,0.0078125,0,0
1779555771.208503,-0.322265625,-0.083984375,0.0,0.263671875,-0.111328125,0.0078125,0,0
1779555771.216476,-0.322265625,-0.083984375,0.0,0.255859375,-0.107421875,0.0078125,0,0
1779555771.224459,-0.306640625,-0.078125,0.0,0.255859375,-0.107421875,0.0078125,0,0
1779555771.232457,-0.306640625,-0.078125,0.0,0.255859375,-0.1015625,0.0078125,0,0
1779555771.240483,-0.29296875,-0.091796875,0.0,0.255859375,-0.1015625,0.0078125,0,0
1779555771.248467,-0.29296875,-0.091796875,0.0,0.265625,-0.099609375,0.0078125,0,0
1779555771.256508,-0.2734375,-0.107421875,0.0,0.265625,-0.099609375,0.0078125,0,0
1779555771.264511,-0.2734375,-0.107421875,0.0,0.26953125,-0.08984375,0.0078125,0,0
1779555771.272481,-0.263671875,-0.119140625,0.0,0.26953125,-0.08984375,0.0078125,0,0
1779555771.280485,-0.263671875,-0.119140625,0.0,0.271484375,-0.08984375,0.0078125,0,0
1779555771.288480,-0.25,-0.130859375,0.0,0.271484375,-0.08984375,0.0078125,0,0
1779555771.296507,-0.25,-0.130859375,0.0,0.275390625,-0.0859375,0.0078125,0,0
1779555771.304482,-0.228515625,-0.13671875,0.0,0.275390625,-0.0859375,0.0078125,0,0
1779555771.312455,-0.228515625,-0.13671875,0.0,0.2734375,-0.08203125,0.0078125,0,0
1779555771.320495,-0.212890625,-0.1328125,0.0,0.2734375,-0.08203125,0.0078125,0,0
1779555771.328497,-0.212890625,-0.1328125,0.0,0.275390625,-0.076171875,0.0078125,0,0
1779555771.336498,-0.205078125,-0.123046875,0.0,0.275390625,-0.076171875,0.0078125,0,0
1779555771.344458,-0.205078125,-0.123046875,0.0,0.275390625,-0.072265625,0.0078125,0,0
1779555771.352532,-0.20703125,-0.119140625,0.0,0.275390625,-0.072265625,0.0078125,0,0
1779555771.360523,-0.20703125,-0.119140625,0.0,0.27734375,-0.0703125,0.0078125,0,0
1779555771.368490,-0.212890625,-0.1171875,0.0,0.27734375,-0.0703125,0.0078125,0,0
1779555771.376507,-0.212890625,-0.1171875,0.0,0.275390625,-0.0703125,0.0078125,0,0
1779555771.384470,-0.208984375,-0.11328125,0.0,0.275390625,-0.0703125,0.0078125,0,0
1779555771.392465,-0.208984375,-0.11328125,0.0,0.267578125,-0.068359375,0.0078125,0,0
1779555771.400489,-0.197265625,-0.109375,0.01171875,0.267578125,-0.068359375,0.0078125,0,0
1779555771.408486,-0.197265625,-0.109375,0.01171875,0.2578125,-0.060546875,0.0078125,0,0
1779555771.416478,-0.185546875,-0.095703125,0.015625,0.2578125,-0.060546875,0.0078125,0,0
1779555771.424524,-0.185546875,-0.095703125,0.015625,0.248046875,-0.05078125,0.0078125,0,0
1779555771.432475,-0.1796875,-0.0859375,0.021484375,0.248046875,-0.05078125,0.0078125,0,0
1779555771.440466,-0.1796875,-0.0859375,0.021484375,0.244140625,-0.046875,0.0078125,0,0
1779555771.448487,-0.17578125,-0.078125,0.02734375,0.244140625,-0.046875,0.0078125,0,0
1779555771.456547,-0.17578125,-0.078125,0.02734375,0.244140625,-0.044921875,0.0078125,0,0
1779555771.464505,-0.166015625,-0.072265625,0.037109375,0.244140625,-0.044921875,0.0078125,0,0
1779555771.472514,-0.166015625,-0.072265625,0.037109375,0.244140625,-0.0390625,0.0078125,0,0
1779555771.480447,-0.15234375,-0.064453125,0.044921875,0.244140625,-0.0390625,0.0078125,0,0
1779555771.488505,-0.15234375,-0.064453125,0.044921875,0.2578125,-0.03515625,0.0078125,0,0
1779555771.496500,-0.13671875,-0.060546875,0.0546875,0.2578125,-0.03515625,0.0078125,0,0
1779555771.504546,-0.13671875,-0.060546875,0.0546875,0.2734375,-0.033203125,0.0078125,0,0
1779555771.512450,-0.12109375,-0.056640625,0.068359375,0.2734375,-0.033203125,0.0078125,0,0
1779555771.520486,-0.12109375,-0.056640625,0.068359375,0.283203125,-0.02734375,0.0078125,0,0
1779555771.528459,-0.109375,-0.0625,0.076171875,0.283203125,-0.02734375,0.0078125,0,0
1779555771.536468,-0.109375,-0.0625,0.076171875,0.2890625,-0.021484375,0.0078125,0,0
1779555771.544440,-0.107421875,-0.0625,0.07421875,0.2890625,-0.021484375,0.0078125,0,0
1779555771.552611,-0.107421875,-0.0625,0.07421875,0.28515625,-0.01953125,0.0078125,0,0
1779555771.560523,-0.1171875,-0.064453125,0.072265625,0.28515625,-0.01953125,0.0078125,0,0
1779555771.568493,-0.1171875,-0.064453125,0.072265625,0.275390625,-0.025390625,0.0078125,0,0
1779555771.576417,-0.123046875,-0.0625,0.07421875,0.275390625,-0.025390625,0.0078125,0,0
1779555771.584514,-0.123046875,-0.0625,0.07421875,0.265625,-0.02734375,0.0078125,0,0
1779555771.592502,-0.125,-0.052734375,0.076171875,0.265625,-0.02734375,0.0078125,0,0
1779555771.600484,-0.125,-0.052734375,0.076171875,0.248046875,-0.029296875,0.0078125,0,0
1779555771.608518,-0.125,-0.048828125,0.076171875,0.248046875,-0.029296875,0.0078125,0,0
1779555771.616508,-0.125,-0.048828125,0.076171875,0.234375,-0.033203125,0.0078125,0,0
1779555771.624465,-0.115234375,-0.0390625,0.076171875,0.234375,-0.033203125,0.0078125,0,0
1779555771.632471,-0.115234375,-0.0390625,0.076171875,0.220703125,-0.033203125,0.0078125,0,0
1779555771.640495,-0.08203125,-0.01953125,0.078125,0.220703125,-0.033203125,0.0078125,0,0
1779555771.648466,-0.08203125,-0.01953125,0.078125,0.189453125,-0.025390625,0.0078125,0,0
1779555771.656501,-0.044921875,-0.009765625,0.072265625,0.189453125,-0.025390625,0.0078125,0,0
1779555771.664433,-0.044921875,-0.009765625,0.072265625,0.162109375,-0.015625,0.0078125,0,0
1779555771.672449,-0.017578125,-0.0078125,0.056640625,0.162109375,-0.015625,0.0078125,0,0
1779555771.680457,-0.017578125,-0.0078125,0.056640625,0.142578125,-0.00390625,0.0078125,0,0
1779555771.688483,-0.009765625,0.0,0.037109375,0.142578125,-0.00390625,0.0078125,0,0
1779555771.696464,-0.009765625,0.0,0.037109375,0.1171875,-0.00390625,0.0078125,0,0
1779555771.704454,-0.0078125,0.0,0.017578125,0.1171875,-0.00390625,0.0078125,0,0
1779555771.712442,-0.0078125,0.0,0.017578125,0.091796875,-0.00390625,0.0078125,0,0
1779555771.720480,-0.017578125,0.0,0.005859375,0.091796875,-0.00390625,0.0078125,0,0
1779555771.728485,-0.017578125,0.0,0.005859375,0.08984375,-0.00390625,0.0078125,0,0
1779555771.736449,-0.017578125,0.0,0.005859375,0.08984375,-0.00390625,0.0078125,0,0
1779555771.744415,-0.017578125,0.0,0.005859375,0.091796875,-0.00390625,0.0078125,0,0
1779555771.752569,-0.017578125,0.0,0.005859375,0.091796875,-0.00390625,0.0078125,0,0
1779555771.760432,-0.017578125,0.0,0.005859375,0.099609375,-0.00390625,0.0078125,0,0
1779555771.768459,-0.033203125,0.0,0.005859375,0.099609375,-0.00390625,0.0078125,0,0
1779555771.776475,-0.033203125,0.0,0.005859375,0.095703125,-0.00390625,0.0078125,0,0
1779555771.784464,-0.046875,0.0,0.005859375,0.095703125,-0.00390625,0.0078125,0,0
1779555771.792459,-0.046875,0.0,0.005859375,0.09765625,-0.0078125,0.0078125,0,0
1779555771.800438,-0.056640625,0.0,0.005859375,0.09765625,-0.0078125,0.0078125,0,0
1779555771.808483,-0.056640625,0.0,0.005859375,0.09765625,-0.01171875,0.0078125,0,0
1779555771.816474,-0.05859375,0.0,0.005859375,0.09765625,-0.01171875,0.0078125,0,0
1779555771.824475,-0.05859375,0.0,0.005859375,0.1015625,-0.009765625,0.0078125,0,0
1779555771.832463,-0.04296875,0.0,0.005859375,0.1015625,-0.009765625,0.0078125,0,0
1779555771.840477,-0.04296875,0.0,0.005859375,0.107421875,-0.009765625,0.0078125,0,0
1779555771.848411,-0.017578125,0.0,0.005859375,0.107421875,-0.009765625,0.0078125,0,0
1779555771.856472,-0.017578125,0.0,0.005859375,0.111328125,-0.009765625,0.0078125,0,0
1779555771.864436,0.0,0.0,0.005859375,0.111328125,-0.009765625,0.0078125,0,0
1779555771.872518,0.0,0.0,0.005859375,0.111328125,-0.009765625,0.0078125,0,0
1779555771.888469,0.0,0.0,0.005859375,0.109375,-0.009765625,0.0078125,0,0
1779555771.904506,0.0,0.0,0.005859375,0.109375,-0.009765625,0.0078125,0,0
1779555771.920467,0.0,0.0,0.005859375,0.11328125,-0.009765625,0.0078125,0,0
1779555771.936436,0.0,0.0,0.005859375,0.111328125,-0.009765625,0.0078125,0,0
1779555771.952541,0.0,0.0,0.005859375,0.107421875,-0.009765625,0.0078125,0,0
1779555771.968557,0.0,0.0,0.005859375,0.11328125,-0.009765625,0.0078125,0,0
1779555771.984476,0.0,0.0,0.005859375,0.123046875,-0.009765625,0.0078125,0,0
1779555772.000490,0.0,0.0,0.005859375,0.130859375,-0.009765625,0.0078125,0,0
1779555772.016474,0.0,0.0,0.005859375,0.134765625,-0.009765625,0.0078125,0,0
1779555772.032493,0.0,0.0,0.005859375,0.142578125,-0.009765625,0.0078125,0,0
1779555772.048509,0.0,0.0,0.005859375,0.154296875,-0.009765625,0.0078125,0,0
1779555772.064553,0.0,0.0,0.005859375,0.162109375,-0.009765625,0.0078125,0,0
1779555772.072493,0.0,0.0,0.0078125,0.162109375,-0.009765625,0.0078125,0,0
1779555772.080441,0.0,0.0,0.0078125,0.16796875,-0.009765625,0.0078125,0,0
1779555772.088492,0.0,0.0,0.017578125,0.16796875,-0.009765625,0.0078125,0,0
1779555772.096525,0.0,0.0,0.017578125,0.169921875,-0.009765625,0.0078125,0,0
1779555772.104520,0.0,0.0,0.033203125,0.169921875,-0.009765625,0.0078125,0,0
1779555772.112513,0.0,0.0,0.033203125,0.173828125,-0.009765625,0.0078125,0,0
1779555772.120494,0.0,0.0,0.041015625,0.173828125,-0.009765625,0.0078125,0,0
1779555772.128481,0.0,0.0,0.041015625,0.17578125,-0.009765625,0.0078125,0,0
1779555772.136487,0.0,0.0,0.046875,0.17578125,-0.009765625,0.0078125,0,0
1779555772.144440,0.0,0.0,0.046875,0.169921875,-0.009765625,0.0078125,0,0
1779555772.152521,0.0,0.0,0.046875,0.169921875,-0.009765625,0.0078125,0,0
1779555772.160480,0.0,0.0,0.046875,0.1640625,-0.009765625,0.0078125,0,0
1779555772.168473,0.0,0.0,0.046875,0.1640625,-0.009765625,0.0078125,0,0
1779555772.176466,0.0,0.0,0.046875,0.162109375,-0.009765625,0.0078125,0,0
1779555772.184421,0.0,0.0,0.052734375,0.162109375,-0.009765625,0.0078125,0,0
1779555772.192486,0.0,0.0,0.052734375,0.162109375,-0.009765625,0.0078125,0,0
1779555772.200521,0.0,0.0,0.05859375,0.162109375,-0.009765625,0.0078125,0,0
1779555772.208446,0.0,0.0,0.05859375,0.158203125,-0.009765625,0.0078125,0,0
1779555772.216487,0.0,0.0,0.0625,0.158203125,-0.009765625,0.0078125,0,0
1779555772.224478,0.0,0.0,0.0625,0.15625,-0.009765625,0.0078125,0,0
1779555772.232438,0.0,0.0,0.0625,0.15625,-0.009765625,0.0078125,0,0
1779555772.240461,0.0,0.0,0.0625,0.146484375,-0.009765625,0.0078125,0,0
1779555772.248457,0.0,0.0,0.041015625,0.146484375,-0.009765625,0.0078125,0,0
1779555772.256512,0.0,0.0,0.041015625,0.11328125,-0.009765625,0.0078125,0,0
1779555772.264473,0.0,0.0,0.005859375,0.11328125,-0.009765625,0.0078125,0,0
1779555772.272506,0.0,0.0,0.005859375,0.009765625,-0.009765625,0.0078125,0,0
1779555772.280476,0.0,0.0,0.01171875,0.009765625,-0.009765625,0.0078125,0,0
1779555772.304481,0.0,0.0,0.01171875,0.0234375,-0.009765625,0.0078125,0,0
1779555772.320485,0.0,0.0,0.01171875,0.017578125,-0.009765625,0.0078125,0,0
1779555772.336502,0.0,0.0,0.01171875,0.009765625,-0.009765625,0.0078125,0,0
1779555772.352467,0.0,0.0,0.01171875,0.005859375,-0.009765625,0.0078125,0,0
1779555772.368503,0.0,0.0,0.01171875,0.005859375,-0.009765625,0.0078125,0,0
1779555772.384483,0.0,0.0,0.01171875,0.0,-0.009765625,0.0078125,0,0
1779555772.414505,0.0,0.0,0.0,0.0,0.0,0.0,0,0
1779555772.445495,0.0,0.0,0.0,0.0,0.0,0.0,0,0
1779555772.476509,0.0,0.0,0.0,0.0,0.0,0.0,0,0
1779555772.507514,0.0,0.0,0.0,0.0,0.0,0.0,0,0
1779555772.538493,0.0,0.0,0.0,0.0,0.0,0.0,0,0
1779555772.569494,0.0,0.0,0.0,0.0,0.0,0.0,0,0
1779555772.600431,0.0,0.0,0.0,0.0,0.0,0.0,0,0
1779555772.631524,0.0,0.0,0.0,0.0,0.0,0.0,0,0
1779555772.662569,0.0,0.0,0.0,0.0,0.0,0.0,0,0
1779555772.693494,0.0,0.0,0.0,0.0,0.0,0.0,0,0
1779555772.712495,0.0,0.0,0.01171875,0.00390625,-0.009765625,0.0078125,0,0
1779555772.720516,0.005859375,0.0,0.01171875,0.00390625,-0.009765625,0.0078125,0,0
1779555772.728464,0.005859375,0.0,0.01171875,0.01171875,-0.009765625,0.0078125,0,0
1779555772.736464,0.0078125,0.0,0.01171875,0.01171875,-0.009765625,0.0078125,0,0
1779555772.744508,0.0078125,0.0,0.01171875,0.025390625,-0.009765625,0.0078125,0,0
1779555772.752526,0.013671875,0.0,0.01171875,0.025390625,-0.009765625,0.0078125,0,0
1779555772.760476,0.013671875,0.0,0.01171875,0.037109375,0.0,0.0078125,0,0
1779555772.768491,0.017578125,0.0,0.01171875,0.037109375,0.0,0.0078125,0,0
1779555772.776524,0.017578125,0.0,0.01171875,0.04296875,0.005859375,0.0078125,0,0
1779555772.784508,0.0234375,0.0,0.01171875,0.04296875,0.005859375,0.0078125,0,0
1779555772.792468,0.0234375,0.0,0.01171875,0.052734375,0.013671875,0.0078125,0,0
1779555772.800451,0.03125,0.0,0.01171875,0.052734375,0.013671875,0.0078125,0,0
1779555772.808486,0.03125,0.0,0.01171875,0.068359375,0.017578125,0.0078125,0,0
1779555772.816442,0.03515625,0.0,0.01171875,0.068359375,0.017578125,0.0078125,0,0
1779555772.824455,0.03515625,0.0,0.01171875,0.076171875,0.01953125,0.0078125,0,0
1779555772.832437,0.037109375,0.0,0.01171875,0.076171875,0.01953125,0.0078125,0,0
1779555772.840461,0.037109375,0.0,0.01171875,0.0859375,0.021484375,0.0078125,0,0
1779555772.848467,0.03515625,-0.01953125,0.01171875,0.0859375,0.021484375,0.0078125,0,0
1779555772.856543,0.03515625,-0.01953125,0.01171875,0.1015625,0.021484375,0.0078125,0,0
1779555772.864455,0.02734375,-0.02734375,0.01171875,0.1015625,0.021484375,0.0078125,0,0
1779555772.872518,0.02734375,-0.02734375,0.01171875,0.10546875,0.015625,0.0078125,0,0
1779555772.880501,0.0,-0.037109375,0.01171875,0.10546875,0.015625,0.0078125,0,0
1779555772.888492,0.0,-0.037109375,0.01171875,0.1171875,0.005859375,0.0078125,0,0
1779555772.896500,0.0,-0.0390625,0.01171875,0.1171875,0.005859375,0.0078125,0,0
1779555772.904511,0.0,-0.0390625,0.01171875,0.115234375,0.005859375,0.0078125,0,0
1779555772.912451,-0.015625,-0.05078125,0.01171875,0.115234375,0.005859375,0.0078125,0,0
1779555772.920496,-0.015625,-0.05078125,0.01171875,0.119140625,0.005859375,0.015625,0,0
1779555772.928422,-0.087890625,-0.068359375,0.01171875,0.119140625,0.005859375,0.015625,0,0
1779555772.936435,-0.087890625,-0.068359375,0.01171875,0.1171875,0.005859375,0.04296875,0,0
1779555772.944463,-0.13671875,-0.080078125,0.01171875,0.1171875,0.005859375,0.04296875,0,0
1779555772.952480,-0.13671875,-0.080078125,0.01171875,0.109375,-0.025390625,0.056640625,0,0
1779555772.960475,-0.16015625,-0.0703125,0.01171875,0.109375,-0.025390625,0.056640625,0,0
1779555772.968475,-0.16015625,-0.0703125,0.01171875,0.1015625,-0.03515625,0.0546875,0,0
1779555772.976476,-0.177734375,-0.068359375,0.01171875,0.1015625,-0.03515625,0.0546875,0,0
1779555772.984474,-0.177734375,-0.068359375,0.01171875,0.103515625,-0.037109375,0.044921875,0,0
1779555772.992479,-0.201171875,-0.05859375,0.01171875,0.103515625,-0.037109375,0.044921875,0,0
1779555773.000482,-0.201171875,-0.05859375,0.01171875,0.1015625,-0.04296875,0.041015625,0,0
1779555773.008520,-0.25390625,-0.0546875,0.01171875,0.1015625,-0.04296875,0.041015625,0,0
1779555773.016490,-0.25390625,-0.0546875,0.01171875,0.095703125,-0.064453125,0.046875,0,0
1779555773.024481,-0.328125,-0.056640625,0.01171875,0.095703125,-0.064453125,0.046875,0,0
1779555773.032442,-0.328125,-0.056640625,0.01171875,0.0859375,-0.099609375,0.060546875,0,0
1779555773.040511,-0.359375,-0.060546875,0.01171875,0.0859375,-0.099609375,0.060546875,0,0
1779555773.048479,-0.359375,-0.060546875,0.01171875,0.0859375,-0.115234375,0.0625,0,0
1779555773.056538,-0.388671875,-0.05859375,0.01171875,0.0859375,-0.115234375,0.0625,0,0
1779555773.064515,-0.388671875,-0.05859375,0.01171875,0.083984375,-0.1328125,0.0625,0,0
1779555773.072531,-0.39453125,-0.052734375,0.01171875,0.083984375,-0.1328125,0.0625,0,0
1779555773.080472,-0.39453125,-0.052734375,0.01171875,0.076171875,-0.134765625,0.05859375,0,0
1779555773.088475,-0.390625,-0.05078125,0.01171875,0.076171875,-0.134765625,0.05859375,0,0
1779555773.096478,-0.390625,-0.05078125,0.01171875,0.078125,-0.130859375,0.05078125,0,0
1779555773.104476,-0.396484375,-0.056640625,0.01171875,0.078125,-0.130859375,0.05078125,0,0
1779555773.112479,-0.396484375,-0.056640625,0.01171875,0.087890625,-0.134765625,0.044921875,0,0
1779555773.120462,-0.3984375,-0.060546875,0.01171875,0.087890625,-0.134765625,0.044921875,0,0
1779555773.128495,-0.3984375,-0.060546875,0.01171875,0.09765625,-0.13671875,0.03515625,0,0
1779555773.136499,-0.3984375,-0.0625,0.01171875,0.09765625,-0.13671875,0.03515625,0,0
1779555773.144521,-0.3984375,-0.0625,0.01171875,0.10546875,-0.140625,0.02734375,0,0
1779555773.152502,-0.400390625,-0.06640625,0.01171875,0.10546875,-0.140625,0.02734375,0,0
1779555773.160444,-0.400390625,-0.06640625,0.01171875,0.119140625,-0.14453125,0.017578125,0,0
1779555773.168443,-0.40234375,-0.06640625,0.01171875,0.119140625,-0.14453125,0.017578125,0,0
1779555773.176473,-0.40234375,-0.06640625,0.01171875,0.123046875,-0.14453125,0.01171875,0,0
1779555773.184525,-0.40234375,-0.068359375,0.01171875,0.123046875,-0.14453125,0.01171875,0,0
1779555773.192477,-0.40234375,-0.068359375,0.01171875,0.125,-0.14453125,0.0,0,0
1779555773.200468,-0.3984375,-0.068359375,0.01171875,0.125,-0.14453125,0.0,0,0
1779555773.208493,-0.3984375,-0.068359375,0.01171875,0.126953125,-0.14453125,0.0,0,0
1779555773.216452,-0.384765625,-0.068359375,0.01171875,0.126953125,-0.14453125,0.0,0,0
1779555773.224513,-0.384765625,-0.068359375,0.01171875,0.130859375,-0.140625,0.0,0,0
1779555773.232483,-0.369140625,-0.06640625,0.01171875,0.130859375,-0.140625,0.0,0,0
1779555773.240495,-0.369140625,-0.06640625,0.01171875,0.134765625,-0.13671875,0.0,0,0
1779555773.248454,-0.3515625,-0.0625,0.01171875,0.134765625,-0.13671875,0.0,0,0
1779555773.256535,-0.3515625,-0.0625,0.01171875,0.1328125,-0.1328125,0.0,0,0
1779555773.264455,-0.322265625,-0.0625,0.01171875,0.1328125,-0.1328125,0.0,0,0
1779555773.272538,-0.322265625,-0.0625,0.01171875,0.126953125,-0.123046875,0.0,0,0
1779555773.280473,-0.28515625,-0.0625,0.01171875,0.126953125,-0.123046875,0.0,0,0
1779555773.288463,-0.28515625,-0.0625,0.01171875,0.115234375,-0.109375,0.0,0,0
1779555773.296461,-0.236328125,-0.0625,0.005859375,0.115234375,-0.109375,0.0,0,0
1779555773.304411,-0.236328125,-0.0625,0.005859375,0.107421875,-0.091796875,0.0,0,0
1779555773.312436,-0.1953125,-0.052734375,0.01953125,0.107421875,-0.091796875,0.0,0,0
1779555773.320441,-0.1953125,-0.052734375,0.01953125,0.09375,-0.076171875,0.0,0,0
1779555773.328420,-0.17578125,-0.0390625,0.01953125,0.09375,-0.076171875,0.0,0,0
1779555773.336448,-0.17578125,-0.0390625,0.01953125,0.091796875,-0.072265625,0.0,0,0
1779555773.344471,-0.146484375,-0.025390625,0.015625,0.091796875,-0.072265625,0.0,0,0
1779555773.352485,-0.146484375,-0.025390625,0.015625,0.08203125,-0.06640625,0.0,0,0
1779555773.360509,-0.11328125,-0.01171875,0.01953125,0.08203125,-0.06640625,0.0,0,0
1779555773.368444,-0.11328125,-0.01171875,0.01953125,0.072265625,-0.052734375,0.0,0,0
1779555773.376465,-0.08203125,-0.0078125,0.0234375,0.072265625,-0.052734375,0.0,0,0
1779555773.384455,-0.08203125,-0.0078125,0.0234375,0.072265625,-0.03515625,0.0,0,0
1779555773.392506,-0.068359375,-0.015625,0.01953125,0.072265625,-0.03515625,0.0,0,0
1779555773.400443,-0.068359375,-0.015625,0.01953125,0.08203125,-0.025390625,0.0,0,0
1779555773.408474,-0.0625,-0.01953125,0.01953125,0.08203125,-0.025390625,0.0,0,0
1779555773.416450,-0.0625,-0.01953125,0.01953125,0.087890625,-0.021484375,0.0,0,0
1779555773.424512,-0.07421875,-0.025390625,0.013671875,0.087890625,-0.021484375,0.0,0,0
1779555773.432420,-0.07421875,-0.025390625,0.013671875,0.095703125,-0.02734375,0.0,0,0
1779555773.440486,-0.087890625,-0.033203125,0.01171875,0.095703125,-0.02734375,0.0,0,0
1779555773.448448,-0.087890625,-0.033203125,0.01171875,0.1015625,-0.03515625,0.0,0,0
1779555773.456633,-0.095703125,-0.03125,0.01171875,0.1015625,-0.03515625,0.0,0,0
1779555773.464508,-0.095703125,-0.03125,0.01171875,0.095703125,-0.04296875,0.0,0,0
1779555773.472470,-0.091796875,-0.025390625,0.009765625,0.095703125,-0.04296875,0.0,0,0
1779555773.480485,-0.091796875,-0.025390625,0.009765625,0.091796875,-0.04296875,0.0,0,0
1779555773.488492,-0.080078125,-0.01953125,0.01171875,0.091796875,-0.04296875,0.0,0,0
1779555773.496459,-0.080078125,-0.01953125,0.01171875,0.087890625,-0.03515625,0.0,0,0
1779555773.504474,-0.076171875,-0.015625,0.013671875,0.087890625,-0.03515625,0.0,0,0
1779555773.512470,-0.076171875,-0.015625,0.013671875,0.087890625,-0.03125,0.0,0,0
1779555773.520495,-0.076171875,-0.01953125,0.009765625,0.087890625,-0.03125,0.0,0,0
1779555773.528495,-0.076171875,-0.01953125,0.009765625,0.08984375,-0.03125,0.0,0,0
1779555773.536495,-0.07421875,-0.02734375,0.009765625,0.08984375,-0.03125,0.0,0,0
1779555773.544510,-0.07421875,-0.02734375,0.009765625,0.09375,-0.029296875,0.0,0,0
1779555773.552501,-0.0703125,-0.033203125,0.009765625,0.09375,-0.029296875,0.0,0,0
1779555773.560474,-0.0703125,-0.033203125,0.009765625,0.099609375,-0.02734375,0.0,0,0
1779555773.568501,-0.076171875,-0.03515625,0.009765625,0.099609375,-0.02734375,0.0,0,0
1779555773.576498,-0.076171875,-0.03515625,0.009765625,0.09765625,-0.02734375,0.0,0,0
1779555773.584468,-0.087890625,-0.037109375,0.009765625,0.09765625,-0.02734375,0.0,0,0
1779555773.592504,-0.087890625,-0.037109375,0.009765625,0.09375,-0.029296875,0.0,0,0
1779555773.600445,-0.103515625,-0.037109375,0.009765625,0.09375,-0.029296875,0.0,0,0
1779555773.608490,-0.103515625,-0.037109375,0.009765625,0.09375,-0.03125,0.0,0,0
1779555773.616482,-0.125,-0.029296875,0.009765625,0.09375,-0.03125,0.0,0,0
1779555773.624513,-0.125,-0.029296875,0.009765625,0.091796875,-0.037109375,0.0,0,0
1779555773.632458,-0.150390625,-0.021484375,0.009765625,0.091796875,-0.037109375,0.0,0,0
1779555773.640477,-0.150390625,-0.021484375,0.009765625,0.08984375,-0.046875,0.0,0,0
1779555773.648475,-0.169921875,-0.013671875,0.009765625,0.08984375,-0.046875,0.0,0,0
1779555773.656552,-0.169921875,-0.013671875,0.009765625,0.091796875,-0.05859375,0.0,0,0
1779555773.664500,-0.1875,-0.009765625,0.009765625,0.091796875,-0.05859375,0.0,0,0
1779555773.672519,-0.1875,-0.009765625,0.009765625,0.09765625,-0.064453125,0.0,0,0
1779555773.680491,-0.197265625,-0.005859375,0.009765625,0.09765625,-0.064453125,0.0,0,0
1779555773.688502,-0.197265625,-0.005859375,0.009765625,0.1015625,-0.072265625,0.0,0,0
1779555773.696497,-0.203125,-0.005859375,0.009765625,0.1015625,-0.072265625,0.0,0,0
1779555773.704482,-0.203125,-0.005859375,0.009765625,0.107421875,-0.078125,0.0,0,0
1779555773.712493,-0.203125,-0.009765625,0.009765625,0.107421875,-0.078125,0.0,0,0
1779555773.720554,-0.203125,-0.009765625,0.009765625,0.107421875,-0.080078125,0.0,0,0
1779555773.728419,-0.201171875,0.0,0.009765625,0.107421875,-0.080078125,0.0,0,0
1779555773.736422,-0.201171875,0.0,0.009765625,0.115234375,-0.080078125,0.0,0,0
1779555773.744459,-0.208984375,0.0,0.009765625,0.115234375,-0.080078125,0.0,0,0
1779555773.752508,-0.208984375,0.0,0.009765625,0.12109375,-0.083984375,0.0,0,0
1779555773.760538,-0.228515625,0.0,0.009765625,0.12109375,-0.083984375,0.0,0,0
1779555773.768451,-0.228515625,0.0,0.009765625,0.12109375,-0.095703125,0.0,0,0
1779555773.776484,-0.24609375,0.0,0.009765625,0.12109375,-0.095703125,0.0,0,0
1779555773.784462,-0.24609375,0.0,0.009765625,0.111328125,-0.107421875,0.0,0,0
1779555773.792463,-0.2578125,0.0,0.009765625,0.111328125,-0.107421875,0.0,0,0
1779555773.800478,-0.2578125,0.0,0.009765625,0.1015625,-0.11328125,0.0,0,0
1779555773.808462,-0.267578125,0.0,0.009765625,0.1015625,-0.11328125,0.0,0,0
1779555773.816449,-0.267578125,0.0,0.009765625,0.09765625,-0.123046875,0.0,0,0
1779555773.824508,-0.27734375,0.0,-0.009765625,0.09765625,-0.123046875,0.0,0,0
1779555773.832477,-0.27734375,0.0,-0.009765625,0.09375,-0.1328125,0.0,0,0
1779555773.840476,-0.27734375,0.0,-0.01953125,0.09375,-0.1328125,0.0,0,0
1779555773.848430,-0.27734375,0.0,-0.01953125,0.087890625,-0.134765625,0.0,0,0
1779555773.856486,-0.283203125,0.0,-0.033203125,0.087890625,-0.134765625,0.0,0,0
1779555773.864484,-0.283203125,0.0,-0.033203125,0.08984375,-0.142578125,0.0,0,0
1779555773.872484,-0.291015625,0.0,-0.0546875,0.08984375,-0.142578125,0.0,0,0
1779555773.880399,-0.291015625,0.0,-0.0546875,0.08984375,-0.14453125,0.0,0,0
1779555773.888452,-0.30078125,0.0,-0.078125,0.08984375,-0.14453125,0.0,0,0
1779555773.896478,-0.30078125,0.0,-0.078125,0.09765625,-0.154296875,0.0,0,0
1779555773.904464,-0.296875,0.0,-0.091796875,0.09765625,-0.154296875,0.0,0,0
1779555773.912482,-0.296875,0.0,-0.091796875,0.10546875,-0.150390625,0.0,0,0
1779555773.920518,-0.291015625,0.0,-0.10546875,0.10546875,-0.150390625,0.0,0,0
1779555773.928468,-0.291015625,0.0,-0.10546875,0.10546875,-0.1484375,0.00390625,0,0
1779555773.936472,-0.279296875,0.0,-0.10546875,0.10546875,-0.1484375,0.00390625,0,0
1779555773.944441,-0.279296875,0.0,-0.10546875,0.107421875,-0.140625,0.0078125,0,0
1779555773.952512,-0.26953125,0.0,-0.1015625,0.107421875,-0.140625,0.0078125,0,0
1779555773.960485,-0.26953125,0.0,-0.1015625,0.115234375,-0.134765625,0.009765625,0,0
1779555773.968455,-0.265625,0.0,-0.09765625,0.115234375,-0.134765625,0.009765625,0,0
1779555773.976478,-0.265625,0.0,-0.09765625,0.130859375,-0.1328125,0.0078125,0,0
1779555773.984473,-0.26171875,0.0,-0.08984375,0.130859375,-0.1328125,0.0078125,0,0
1779555773.992466,-0.26171875,0.0,-0.08984375,0.134765625,-0.125,0.00390625,0,0
1779555774.000456,-0.255859375,0.0,-0.080078125,0.134765625,-0.125,0.00390625,0,0
1779555774.008478,-0.255859375,0.0,-0.080078125,0.142578125,-0.12109375,0.0,0,0
1779555774.016456,-0.248046875,0.0,-0.07421875,0.142578125,-0.12109375,0.0,0,0
1779555774.024493,-0.248046875,0.0,-0.07421875,0.14453125,-0.115234375,0.0,0,0
1779555774.032464,-0.248046875,0.0,-0.080078125,0.14453125,-0.115234375,0.0,0,0
1779555774.040493,-0.248046875,0.0,-0.080078125,0.150390625,-0.11328125,0.0,0,0
1779555774.048451,-0.2421875,0.0,-0.08203125,0.150390625,-0.11328125,0.0,0,0
1779555774.056480,-0.2421875,0.0,-0.08203125,0.150390625,-0.11328125,0.0,0,0
1779555774.064425,-0.232421875,0.0,-0.08203125,0.150390625,-0.11328125,0.0,0,0
1779555774.072413,-0.232421875,0.0,-0.08203125,0.15234375,-0.107421875,0.00390625,0,0
1779555774.080427,-0.228515625,0.0,-0.083984375,0.15234375,-0.107421875,0.00390625,0,0
1779555774.088450,-0.228515625,0.0,-0.083984375,0.15625,-0.10546875,0.00390625,0,0
1779555774.096470,-0.2265625,0.0,-0.083984375,0.15625,-0.10546875,0.00390625,0,0
1779555774.104421,-0.2265625,0.0,-0.083984375,0.16015625,-0.10546875,0.0,0,0
1779555774.112490,-0.2265625,0.0,-0.087890625,0.16015625,-0.10546875,0.0,0,0
1779555774.120491,-0.2265625,0.0,-0.087890625,0.16015625,-0.10546875,0.0,0,0
1779555774.128527,-0.2265625,0.0,-0.091796875,0.16015625,-0.10546875,0.0,0,0
1779555774.136481,-0.2265625,0.0,-0.091796875,0.162109375,-0.10546875,0.0,0,0
1779555774.144447,-0.2265625,0.0,-0.09375,0.162109375,-0.10546875,0.0,0,0
1779555774.152503,-0.2265625,0.0,-0.09375,0.162109375,-0.107421875,0.0,0,0
1779555774.160440,-0.22265625,0.0,-0.09765625,0.162109375,-0.107421875,0.0,0,0
1779555774.168437,-0.22265625,0.0,-0.09765625,0.16015625,-0.10546875,0.00390625,0,0
1779555774.176474,-0.216796875,0.0,-0.1015625,0.16015625,-0.10546875,0.00390625,0,0
1779555774.184450,-0.216796875,0.0,-0.1015625,0.16015625,-0.103515625,0.005859375,0,0
1779555774.192491,-0.21484375,0.0,-0.103515625,0.16015625,-0.103515625,0.005859375,0,0
1779555774.200473,-0.21484375,0.0,-0.103515625,0.162109375,-0.103515625,0.0078125,0,0
1779555774.208479,-0.212890625,0.0,-0.103515625,0.162109375,-0.103515625,0.0078125,0,0
1779555774.216464,-0.212890625,0.0,-0.103515625,0.16796875,-0.103515625,0.005859375,0,0
1779555774.224434,-0.2109375,0.0,-0.103515625,0.16796875,-0.103515625,0.005859375,0,0
1779555774.232422,-0.2109375,0.0,-0.103515625,0.16796875,-0.099609375,0.005859375,0,0
1779555774.240468,-0.21484375,0.0,-0.109375,0.16796875,-0.099609375,0.005859375,0,0
1779555774.248439,-0.21484375,0.0,-0.109375,0.169921875,-0.1015625,0.00390625,0,0
1779555774.256512,-0.216796875,0.0,-0.111328125,0.169921875,-0.1015625,0.00390625,0,0
1779555774.264450,-0.216796875,0.0,-0.111328125,0.169921875,-0.1015625,0.0,0,0
1779555774.272502,-0.216796875,0.0,-0.109375,0.169921875,-0.1015625,0.0,0,0
1779555774.280480,-0.216796875,0.0,-0.109375,0.173828125,-0.1015625,0.0,0,0
1779555774.288467,-0.21484375,0.0,-0.103515625,0.173828125,-0.1015625,0.0,0,0
1779555774.296463,-0.21484375,0.0,-0.103515625,0.177734375,-0.1015625,0.0,0,0
1779555774.304487,-0.208984375,0.0,-0.091796875,0.177734375,-0.1015625,0.0,0,0
1779555774.312438,-0.208984375,0.0,-0.091796875,0.181640625,-0.09765625,0.0,0,0
1779555774.320509,-0.20703125,0.0,-0.080078125,0.181640625,-0.09765625,0.0,0,0
1779555774.328464,-0.20703125,0.0,-0.080078125,0.1796875,-0.09765625,0.0,0,0
1779555774.336447,-0.2109375,0.0,-0.0703125,0.1796875,-0.09765625,0.0,0,0
1779555774.344477,-0.2109375,0.0,-0.0703125,0.177734375,-0.099609375,0.0,0,0
1779555774.352472,-0.216796875,0.0,-0.068359375,0.177734375,-0.099609375,0.0,0,0
1779555774.360463,-0.216796875,0.0,-0.068359375,0.171875,-0.1015625,0.0,0,0
1779555774.368454,-0.220703125,0.0,-0.05859375,0.171875,-0.1015625,0.0,0,0
1779555774.376440,-0.220703125,0.0,-0.05859375,0.16796875,-0.10546875,0.0,0,0
1779555774.384444,-0.216796875,0.0,-0.037109375,0.16796875,-0.10546875,0.0,0,0
1779555774.392448,-0.216796875,0.0,-0.037109375,0.162109375,-0.103515625,0.0,0,0
1779555774.400428,-0.212890625,0.0,-0.02734375,0.162109375,-0.103515625,0.0,0,0
1779555774.408473,-0.212890625,0.0,-0.02734375,0.1640625,-0.103515625,0.0,0,0
1779555774.416453,-0.212890625,0.0,-0.015625,0.1640625,-0.103515625,0.0,0,0
1779555774.424522,-0.212890625,0.0,-0.015625,0.162109375,-0.103515625,0.0,0,0
1779555774.432513,-0.21484375,0.0,-0.009765625,0.162109375,-0.103515625,0.0,0,0
1779555774.440452,-0.21484375,0.0,-0.009765625,0.15625,-0.103515625,0.0,0,0
1779555774.448432,-0.224609375,0.0,-0.0078125,0.15625,-0.103515625,0.0,0,0
1779555774.456492,-0.224609375,0.0,-0.0078125,0.15234375,-0.109375,0.0,0,0
1779555774.464479,-0.228515625,0.0,-0.0078125,0.15234375,-0.109375,0.0,0,0
1779555774.472471,-0.228515625,0.0,-0.0078125,0.15625,-0.109375,0.0,0,0
1779555774.480486,-0.228515625,0.0,0.0,0.15625,-0.109375,0.0,0,0
1779555774.488496,-0.228515625,0.0,0.0,0.154296875,-0.107421875,0.0,0,0
1779555774.496459,-0.220703125,0.0,0.0,0.154296875,-0.107421875,0.0,0,0
1779555774.504464,-0.220703125,0.0,0.0,0.154296875,-0.103515625,0.0,0,0
1779555774.512489,-0.220703125,0.0,0.0,0.154296875,-0.103515625,0.0,0,0
1779555774.520437,-0.220703125,0.0,0.0,0.15625,-0.1015625,0.0,0,0
1779555774.528488,-0.224609375,0.0,0.0,0.15625,-0.1015625,0.0,0,0
1779555774.536460,-0.224609375,0.0,0.0,0.15625,-0.1015625,0.0,0,0
1779555774.544479,-0.228515625,0.0,0.0,0.15625,-0.1015625,0.0,0,0
1779555774.552451,-0.228515625,0.0,0.0,0.162109375,-0.107421875,0.0,0,0
1779555774.560422,-0.2265625,0.0,0.0,0.162109375,-0.107421875,0.0,0,0
1779555774.568506,-0.2265625,0.0,0.0,0.1640625,-0.111328125,0.0,0,0
1779555774.576472,-0.21484375,0.0,0.0,0.1640625,-0.111328125,0.0,0,0
1779555774.584494,-0.21484375,0.0,0.0,0.166015625,-0.107421875,0.0,0,0
1779555774.592556,-0.19921875,-0.005859375,0.0,0.166015625,-0.107421875,0.0,0,0
1779555774.600498,-0.19921875,-0.005859375,0.0,0.16796875,-0.103515625,0.0,0,0
1779555774.608510,-0.1875,-0.0078125,0.0,0.16796875,-0.103515625,0.0,0,0
1779555774.616480,-0.1875,-0.0078125,0.0,0.169921875,-0.09765625,0.0,0,0
1779555774.624536,-0.1796875,-0.0078125,0.0,0.169921875,-0.09765625,0.0,0,0
1779555774.632497,-0.1796875,-0.0078125,0.0,0.173828125,-0.09375,0.0,0,0
1779555774.640499,-0.177734375,-0.01171875,0.0,0.173828125,-0.09375,0.0,0,0
1779555774.648497,-0.177734375,-0.01171875,0.0,0.171875,-0.095703125,0.0,0,0
1779555774.656518,-0.162109375,-0.015625,0.0,0.171875,-0.095703125,0.0,0,0
1779555774.664514,-0.162109375,-0.015625,0.0,0.166015625,-0.08984375,0.0,0,0
1779555774.672498,-0.1484375,-0.015625,0.0,0.166015625,-0.08984375,0.0,0,0
1779555774.680470,-0.1484375,-0.015625,0.0,0.15625,-0.083984375,0.0,0,0
1779555774.688499,-0.123046875,-0.01171875,0.0,0.15625,-0.083984375,0.0,0,0
1779555774.696487,-0.123046875,-0.01171875,0.0,0.123046875,-0.06640625,0.0,0,0
1779555774.704446,-0.087890625,-0.009765625,0.0,0.123046875,-0.06640625,0.0,0,0
1779555774.712468,-0.087890625,-0.009765625,0.0,0.095703125,-0.044921875,0.0,0,0
1779555774.720514,-0.041015625,-0.009765625,0.0,0.095703125,-0.044921875,0.0,0,0
1779555774.728467,-0.041015625,-0.009765625,0.0,0.044921875,-0.01171875,0.0,0,0
1779555774.736462,-0.03125,-0.009765625,0.0,0.044921875,-0.01171875,0.0,0,0
1779555774.752447,-0.037109375,-0.009765625,0.0,0.044921875,-0.01171875,0.0,0,0
1779555774.768482,-0.00390625,-0.009765625,0.0,0.044921875,-0.01171875,0.0,0,0
1779555774.776471,-0.00390625,-0.009765625,0.0,0.044921875,-0.01171875,0.005859375,0,0
1779555774.784490,-0.015625,-0.009765625,0.0,0.044921875,-0.01171875,0.005859375,0,0
1779555774.814544,0.0,0.0,0.0,0.0,0.0,0.0,0,0
1779555774.845507,0.0,0.0,0.0,0.0,0.0,0.0,0,0
1779555774.876458,0.0,0.0,0.0,0.0,0.0,0.0,0,0
1779555774.907478,0.0,0.0,0.0,0.0,0.0,0.0,0,0
1779555774.938463,0.0,0.0,0.0,0.0,0.0,0.0,0,0
1779555774.944513,-0.00390625,-0.009765625,0.0,0.044921875,-0.01171875,0.005859375,0,0
1779555774.960513,-0.0078125,-0.009765625,0.00390625,0.044921875,-0.01171875,0.005859375,0,0
1779555774.976491,-0.02734375,-0.009765625,0.03125,0.044921875,-0.01171875,0.005859375,0,0
1779555774.984450,-0.02734375,-0.009765625,0.03125,0.015625,-0.01171875,0.005859375,0,0
1779555774.992464,-0.0625,-0.009765625,0.044921875,0.015625,-0.01171875,0.005859375,0,0
1779555775.000433,-0.0625,-0.009765625,0.044921875,0.01953125,-0.01171875,0.005859375,0,0
1779555775.008428,-0.09765625,-0.009765625,0.056640625,0.01953125,-0.01171875,0.005859375,0,0
1779555775.016469,-0.09765625,-0.009765625,0.056640625,0.01953125,-0.009765625,0.005859375,0,0
1779555775.024502,-0.119140625,0.005859375,0.07421875,0.01953125,-0.009765625,0.005859375,0,0
1779555775.032427,-0.119140625,0.005859375,0.07421875,0.0234375,-0.01953125,0.0,0,0
1779555775.040442,-0.1328125,0.01171875,0.08203125,0.0234375,-0.01953125,0.0,0,0
1779555775.048490,-0.1328125,0.01171875,0.08203125,0.033203125,-0.029296875,0.0,0,0
1779555775.056532,-0.14453125,0.015625,0.099609375,0.033203125,-0.029296875,0.0,0,0
1779555775.064530,-0.14453125,0.015625,0.099609375,0.046875,-0.033203125,0.0,0,0
1779555775.072463,-0.16015625,0.0234375,0.1171875,0.046875,-0.033203125,0.0,0,0
1779555775.080481,-0.16015625,0.0234375,0.1171875,0.0546875,-0.04296875,0.0,0,0
1779555775.088433,-0.1796875,0.033203125,0.119140625,0.0546875,-0.04296875,0.0,0,0
1779555775.096476,-0.1796875,0.033203125,0.119140625,0.0625,-0.056640625,0.0,0,0
1779555775.104461,-0.197265625,0.048828125,0.119140625,0.0625,-0.056640625,0.0,0,0
1779555775.112483,-0.197265625,0.048828125,0.119140625,0.0625,-0.064453125,0.0,0,0
1779555775.120499,-0.220703125,0.05859375,0.119140625,0.0625,-0.064453125,0.0,0,0
1779555775.128474,-0.220703125,0.05859375,0.119140625,0.06640625,-0.076171875,0.0,0,0
1779555775.136472,-0.2421875,0.064453125,0.123046875,0.06640625,-0.076171875,0.0,0,0
1779555775.144485,-0.2421875,0.064453125,0.123046875,0.0703125,-0.087890625,0.0,0,0
1779555775.152484,-0.2578125,0.07421875,0.126953125,0.0703125,-0.087890625,0.0,0,0
1779555775.160492,-0.2578125,0.07421875,0.126953125,0.07421875,-0.09375,0.0,0,0
1779555775.168495,-0.267578125,0.083984375,0.130859375,0.07421875,-0.09375,0.0,0,0
1779555775.176473,-0.267578125,0.083984375,0.130859375,0.0703125,-0.1015625,0.0,0,0
1779555775.184466,-0.26953125,0.091796875,0.138671875,0.0703125,-0.1015625,0.0,0,0
1779555775.192482,-0.26953125,0.091796875,0.138671875,0.064453125,-0.1015625,0.0,0,0
1779555775.200457,-0.265625,0.1015625,0.142578125,0.064453125,-0.1015625,0.0,0,0
1779555775.208476,-0.265625,0.1015625,0.142578125,0.05859375,-0.099609375,0.0,0,0
1779555775.216509,-0.2578125,0.10546875,0.146484375,0.05859375,-0.099609375,0.0,0,0
1779555775.224508,-0.2578125,0.10546875,0.146484375,0.0546875,-0.09765625,0.0,0,0
1779555775.232511,-0.2578125,0.111328125,0.146484375,0.0546875,-0.09765625,0.0,0,0
1779555775.240595,-0.2578125,0.111328125,0.146484375,0.05859375,-0.09765625,0.0,0,0
1779555775.248459,-0.26171875,0.12109375,0.15234375,0.05859375,-0.09765625,0.0,0,0
1779555775.256487,-0.26171875,0.12109375,0.15234375,0.072265625,-0.1015625,0.0,0,0
1779555775.264489,-0.263671875,0.1328125,0.158203125,0.072265625,-0.1015625,0.0,0,0
1779555775.272449,-0.263671875,0.1328125,0.158203125,0.080078125,-0.1015625,-0.00390625,0,0
1779555775.280421,-0.265625,0.140625,0.162109375,0.080078125,-0.1015625,-0.00390625,0,0
1779555775.288461,-0.265625,0.140625,0.162109375,0.0859375,-0.1015625,-0.0078125,0,0
1779555775.296438,-0.263671875,0.1484375,0.169921875,0.0859375,-0.1015625,-0.0078125,0,0
1779555775.304412,-0.263671875,0.1484375,0.169921875,0.0859375,-0.1015625,-0.009765625,0,0
1779555775.312470,-0.259765625,0.158203125,0.17578125,0.0859375,-0.1015625,-0.009765625,0,0
1779555775.320487,-0.259765625,0.158203125,0.17578125,0.087890625,-0.1015625,-0.013671875,0,0
1779555775.328488,-0.25,0.169921875,0.1796875,0.087890625,-0.1015625,-0.013671875,0,0
1779555775.336460,-0.25,0.169921875,0.1796875,0.087890625,-0.09765625,-0.01953125,0,0
1779555775.344485,-0.2421875,0.169921875,0.18359375,0.087890625,-0.09765625,-0.01953125,0,0
1779555775.352458,-0.2421875,0.169921875,0.18359375,0.087890625,-0.095703125,-0.021484375,0,0
1779555775.360528,-0.240234375,0.169921875,0.181640625,0.087890625,-0.095703125,-0.021484375,0,0
1779555775.368513,-0.240234375,0.169921875,0.181640625,0.0859375,-0.09375,-0.021484375,0,0
1779555775.376559,-0.2421875,0.171875,0.181640625,0.0859375,-0.09375,-0.021484375,0,0
1779555775.384473,-0.2421875,0.171875,0.181640625,0.0859375,-0.095703125,-0.0234375,0,0
1779555775.392453,-0.2421875,0.17578125,0.181640625,0.0859375,-0.095703125,-0.0234375,0,0
1779555775.400459,-0.2421875,0.17578125,0.181640625,0.083984375,-0.095703125,-0.025390625,0,0
1779555775.408478,-0.2421875,0.177734375,0.181640625,0.083984375,-0.095703125,-0.025390625,0,0
1779555775.416526,-0.2421875,0.177734375,0.181640625,0.08984375,-0.095703125,-0.02734375,0,0
1779555775.424480,-0.240234375,0.17578125,0.181640625,0.08984375,-0.095703125,-0.02734375,0,0
1779555775.432423,-0.240234375,0.17578125,0.181640625,0.091796875,-0.095703125,-0.02734375,0,0
1779555775.440465,-0.232421875,0.169921875,0.181640625,0.091796875,-0.095703125,-0.02734375,0,0
1779555775.448481,-0.232421875,0.169921875,0.181640625,0.09375,-0.09375,-0.02734375,0,0
1779555775.456435,-0.21875,0.158203125,0.181640625,0.09375,-0.09375,-0.02734375,0,0
1779555775.464536,-0.21875,0.158203125,0.181640625,0.099609375,-0.091796875,-0.02734375,0,0
1779555775.472513,-0.212890625,0.15234375,0.18359375,0.099609375,-0.091796875,-0.02734375,0,0
1779555775.480476,-0.212890625,0.15234375,0.18359375,0.107421875,-0.087890625,-0.02734375,0,0
1779555775.488520,-0.2109375,0.150390625,0.1796875,0.107421875,-0.087890625,-0.02734375,0,0
1779555775.496521,-0.2109375,0.150390625,0.1796875,0.111328125,-0.087890625,-0.029296875,0,0
1779555775.504519,-0.208984375,0.138671875,0.177734375,0.111328125,-0.087890625,-0.029296875,0,0
1779555775.512490,-0.208984375,0.138671875,0.177734375,0.12109375,-0.08984375,-0.029296875,0,0
1779555775.520529,-0.201171875,0.12109375,0.171875,0.12109375,-0.08984375,-0.029296875,0,0
1779555775.528527,-0.201171875,0.12109375,0.171875,0.123046875,-0.08984375,-0.02734375,0,0
1779555775.536485,-0.181640625,0.09375,0.16015625,0.123046875,-0.08984375,-0.02734375,0,0
1779555775.544489,-0.181640625,0.09375,0.16015625,0.126953125,-0.083984375,-0.013671875,0,0
1779555775.552472,-0.1640625,0.0625,0.1484375,0.126953125,-0.083984375,-0.013671875,0,0
1779555775.560499,-0.1640625,0.0625,0.1484375,0.125,-0.08203125,-0.013671875,0,0
1779555775.568490,-0.1171875,0.021484375,0.1328125,0.125,-0.08203125,-0.013671875,0,0
1779555775.576521,-0.1171875,0.021484375,0.1328125,0.10546875,-0.072265625,-0.013671875,0,0
1779555775.584516,-0.1015625,0.021484375,0.119140625,0.10546875,-0.072265625,-0.013671875,0,0
1779555775.592546,-0.1015625,0.021484375,0.119140625,0.111328125,-0.0703125,-0.013671875,0,0
1779555775.600499,-0.078125,0.021484375,0.099609375,0.111328125,-0.0703125,-0.013671875,0,0
1779555775.608516,-0.078125,0.021484375,0.099609375,0.123046875,-0.064453125,-0.013671875,0,0
1779555775.616525,-0.056640625,0.021484375,0.08984375,0.123046875,-0.064453125,-0.013671875,0,0
1779555775.624489,-0.056640625,0.021484375,0.08984375,0.13671875,-0.052734375,-0.013671875,0,0
1779555775.632485,-0.037109375,0.021484375,0.08203125,0.13671875,-0.052734375,-0.013671875,0,0
1779555775.640469,-0.037109375,0.021484375,0.08203125,0.146484375,-0.041015625,-0.013671875,0,0
1779555775.648476,-0.0234375,0.021484375,0.072265625,0.146484375,-0.041015625,-0.013671875,0,0
1779555775.656471,-0.0234375,0.021484375,0.072265625,0.1484375,-0.02734375,-0.013671875,0,0
1779555775.664515,-0.013671875,0.021484375,0.072265625,0.1484375,-0.02734375,-0.013671875,0,0
1779555775.672432,-0.013671875,0.021484375,0.072265625,0.150390625,-0.017578125,-0.013671875,0,0
1779555775.680519,0.0,0.021484375,0.06640625,0.150390625,-0.017578125,-0.013671875,0,0
1779555775.688507,0.0,0.021484375,0.06640625,0.1484375,-0.009765625,-0.013671875,0,0
1779555775.696502,0.0,0.0,0.05859375,0.1484375,-0.009765625,-0.013671875,0,0
1779555775.704479,0.0,0.0,0.05859375,0.1484375,0.0,-0.013671875,0,0
1779555775.712509,0.0,-0.005859375,0.048828125,0.1484375,0.0,-0.013671875,0,0
1779555775.720509,0.0,-0.005859375,0.048828125,0.15625,-0.00390625,-0.013671875,0,0
1779555775.728490,0.0,-0.0078125,0.04296875,0.15625,-0.00390625,-0.013671875,0,0
1779555775.736463,0.0,-0.0078125,0.04296875,0.16015625,-0.00390625,-0.013671875,0,0
1779555775.744490,0.0,-0.013671875,0.04296875,0.16015625,-0.00390625,-0.013671875,0,0
1779555775.752471,0.0,-0.013671875,0.04296875,0.169921875,-0.00390625,-0.013671875,0,0
1779555775.760489,0.0,-0.01953125,0.04296875,0.169921875,-0.00390625,-0.013671875,0,0
1779555775.768443,0.0,-0.01953125,0.04296875,0.177734375,-0.00390625,-0.013671875,0,0
1779555775.776526,0.0,-0.03515625,0.0390625,0.177734375,-0.00390625,-0.013671875,0,0
1779555775.784461,0.0,-0.03515625,0.0390625,0.181640625,-0.00390625,-0.013671875,0,0
1779555775.792511,0.0,-0.06640625,0.0234375,0.181640625,-0.00390625,-0.013671875,0,0
1779555775.800467,0.0,-0.06640625,0.0234375,0.181640625,-0.00390625,-0.013671875,0,0
1779555775.808486,0.0,-0.1015625,0.00390625,0.181640625,-0.00390625,-0.013671875,0,0
1779555775.816530,0.0,-0.1015625,0.00390625,0.1875,-0.00390625,-0.013671875,0,0
1779555775.824479,0.0,-0.142578125,0.00390625,0.1875,-0.00390625,-0.013671875,0,0
1779555775.832514,0.0,-0.142578125,0.00390625,0.193359375,-0.00390625,-0.013671875,0,0
1779555775.840559,0.0234375,-0.177734375,0.00390625,0.193359375,-0.00390625,-0.013671875,0,0
1779555775.848510,0.0234375,-0.177734375,0.00390625,0.193359375,-0.00390625,-0.013671875,0,0
1779555775.856529,0.041015625,-0.19921875,0.00390625,0.193359375,-0.00390625,-0.013671875,0,0
1779555775.864505,0.041015625,-0.19921875,0.00390625,0.1953125,-0.00390625,-0.013671875,0,0
1779555775.872469,0.052734375,-0.212890625,0.00390625,0.1953125,-0.00390625,-0.013671875,0,0
1779555775.880508,0.052734375,-0.212890625,0.00390625,0.19140625,-0.00390625,-0.013671875,0,0
1779555775.888503,0.05859375,-0.234375,0.00390625,0.19140625,-0.00390625,-0.013671875,0,0
1779555775.896494,0.05859375,-0.234375,0.00390625,0.189453125,-0.00390625,-0.013671875,0,0
1779555775.904433,0.076171875,-0.26953125,0.00390625,0.189453125,-0.00390625,-0.013671875,0,0
1779555775.912433,0.076171875,-0.26953125,0.00390625,0.181640625,-0.00390625,-0.013671875,0,0
1779555775.920464,0.095703125,-0.3203125,0.00390625,0.181640625,-0.00390625,-0.013671875,0,0
1779555775.928474,0.095703125,-0.3203125,0.00390625,0.1796875,-0.00390625,-0.013671875,0,0
1779555775.936482,0.12109375,-0.361328125,0.00390625,0.1796875,-0.00390625,-0.013671875,0,0
1779555775.944488,0.12109375,-0.361328125,0.00390625,0.17578125,-0.00390625,-0.013671875,0,0
1779555775.952508,0.140625,-0.3828125,0.00390625,0.17578125,-0.00390625,-0.013671875,0,0
1779555775.960490,0.140625,-0.3828125,0.00390625,0.171875,-0.00390625,-0.013671875,0,0
1779555775.968506,0.14453125,-0.384765625,0.00390625,0.171875,-0.00390625,-0.013671875,0,0
1779555775.976465,0.14453125,-0.384765625,0.00390625,0.169921875,-0.00390625,-0.013671875,0,0
1779555775.984485,0.142578125,-0.38671875,0.00390625,0.169921875,-0.00390625,-0.013671875,0,0
1779555775.992499,0.142578125,-0.38671875,0.00390625,0.166015625,-0.00390625,-0.013671875,0,0
1779555776.000442,0.142578125,-0.390625,0.00390625,0.166015625,-0.00390625,-0.013671875,0,0
1779555776.008497,0.142578125,-0.390625,0.00390625,0.162109375,-0.00390625,-0.013671875,0,0
1779555776.016475,0.146484375,-0.40234375,0.0,0.162109375,-0.00390625,-0.013671875,0,0
1779555776.024463,0.146484375,-0.40234375,0.0,0.158203125,-0.00390625,-0.013671875,0,0
1779555776.032410,0.150390625,-0.416015625,-0.005859375,0.158203125,-0.00390625,-0.013671875,0,0
1779555776.040455,0.150390625,-0.416015625,-0.005859375,0.16015625,-0.00390625,-0.013671875,0,0
1779555776.048496,0.15234375,-0.41796875,-0.0078125,0.16015625,-0.00390625,-0.013671875,0,0
1779555776.056495,0.15234375,-0.41796875,-0.0078125,0.16015625,-0.00390625,-0.013671875,0,0
1779555776.064496,0.15234375,-0.41796875,-0.0078125,0.16015625,-0.00390625,-0.013671875,0,0
1779555776.072469,0.15234375,-0.41796875,-0.0078125,0.16015625,-0.00390625,-0.013671875,0,0
1779555776.080454,0.15234375,-0.41796875,-0.0078125,0.16015625,-0.00390625,-0.013671875,0,0
1779555776.088418,0.15234375,-0.41796875,-0.0078125,0.158203125,-0.00390625,-0.013671875,0,0
1779555776.096509,0.15234375,-0.416015625,-0.005859375,0.158203125,-0.00390625,-0.013671875,0,0
1779555776.104474,0.15234375,-0.416015625,-0.005859375,0.158203125,-0.00390625,-0.013671875,0,0
1779555776.112482,0.15234375,-0.412109375,-0.005859375,0.158203125,-0.00390625,-0.013671875,0,0
1779555776.120496,0.15234375,-0.412109375,-0.005859375,0.15625,-0.00390625,-0.013671875,0,0
1779555776.128483,0.15234375,-0.40625,-0.005859375,0.15625,-0.00390625,-0.013671875,0,0
1779555776.136471,0.15234375,-0.40625,-0.005859375,0.15625,-0.00390625,-0.013671875,0,0
1779555776.144462,0.1484375,-0.40234375,-0.005859375,0.15625,-0.00390625,-0.013671875,0,0
1779555776.152454,0.1484375,-0.40234375,-0.005859375,0.15625,-0.00390625,-0.013671875,0,0
1779555776.160440,0.146484375,-0.3984375,-0.005859375,0.15625,-0.00390625,-0.013671875,0,0
1779555776.168469,0.146484375,-0.3984375,-0.005859375,0.154296875,-0.00390625,-0.013671875,0,0
1779555776.176475,0.146484375,-0.39453125,-0.005859375,0.154296875,-0.00390625,-0.013671875,0,0
1779555776.184462,0.146484375,-0.39453125,-0.005859375,0.150390625,-0.00390625,-0.013671875,0,0
1779555776.192447,0.1484375,-0.39453125,-0.005859375,0.150390625,-0.00390625,-0.013671875,0,0
1779555776.200454,0.1484375,-0.39453125,-0.005859375,0.150390625,0.00390625,-0.013671875,0,0
1779555776.208505,0.1484375,-0.390625,-0.005859375,0.150390625,0.00390625,-0.013671875,0,0
1779555776.216467,0.1484375,-0.390625,-0.005859375,0.150390625,0.00390625,-0.013671875,0,0
1779555776.232442,0.1484375,-0.384765625,-0.005859375,0.150390625,0.00390625,-0.013671875,0,0
1779555776.240477,0.1484375,-0.384765625,-0.005859375,0.1484375,0.00390625,-0.013671875,0,0
1779555776.248492,0.146484375,-0.37890625,-0.005859375,0.1484375,0.00390625,-0.013671875,0,0
1779555776.256480,0.146484375,-0.37890625,-0.005859375,0.1484375,0.00390625,-0.013671875,0,0
1779555776.264461,0.140625,-0.375,-0.005859375,0.1484375,0.00390625,-0.013671875,0,0
1779555776.272411,0.140625,-0.375,-0.005859375,0.1484375,0.00390625,-0.013671875,0,0
1779555776.280465,0.13671875,-0.373046875,-0.005859375,0.1484375,0.00390625,-0.013671875,0,0
1779555776.288477,0.13671875,-0.373046875,-0.005859375,0.1484375,0.00390625,-0.013671875,0,0
1779555776.296417,0.134765625,-0.3671875,-0.005859375,0.1484375,0.00390625,-0.013671875,0,0
1779555776.304416,0.134765625,-0.3671875,-0.005859375,0.1484375,0.00390625,-0.013671875,0,0
1779555776.312501,0.13671875,-0.357421875,-0.005859375,0.1484375,0.00390625,-0.013671875,0,0
1779555776.320438,0.13671875,-0.357421875,-0.005859375,0.1484375,0.00390625,-0.013671875,0,0
1779555776.328493,0.13671875,-0.349609375,-0.005859375,0.1484375,0.00390625,-0.013671875,0,0
1779555776.336484,0.13671875,-0.349609375,-0.005859375,0.1484375,0.00390625,-0.013671875,0,0
1779555776.344480,0.134765625,-0.34765625,-0.005859375,0.1484375,0.00390625,-0.013671875,0,0
1779555776.352488,0.134765625,-0.34765625,-0.005859375,0.1484375,0.00390625,-0.013671875,0,0
1779555776.360478,0.134765625,-0.345703125,-0.005859375,0.1484375,0.00390625,-0.013671875,0,0
1779555776.368445,0.134765625,-0.345703125,-0.005859375,0.1484375,0.00390625,-0.013671875,0,0
1779555776.376471,0.134765625,-0.34765625,-0.005859375,0.1484375,0.00390625,-0.013671875,0,0
1779555776.384483,0.134765625,-0.34765625,-0.005859375,0.1484375,0.00390625,-0.013671875,0,0
1779555776.392485,0.138671875,-0.3515625,-0.005859375,0.1484375,0.00390625,-0.013671875,0,0
1779555776.400471,0.138671875,-0.3515625,-0.005859375,0.15234375,0.0078125,-0.013671875,0,0
1779555776.408502,0.138671875,-0.3515625,-0.005859375,0.15234375,0.0078125,-0.013671875,0,0
1779555776.416464,0.138671875,-0.3515625,-0.005859375,0.15234375,0.0078125,-0.013671875,0,0
1779555776.424462,0.130859375,-0.341796875,-0.005859375,0.15234375,0.0078125,-0.013671875,0,0
1779555776.432505,0.130859375,-0.341796875,-0.005859375,0.154296875,0.0078125,-0.013671875,0,0
1779555776.440496,0.111328125,-0.302734375,-0.005859375,0.154296875,0.0078125,-0.013671875,0,0
1779555776.448458,0.111328125,-0.302734375,-0.005859375,0.158203125,0.005859375,-0.013671875,0,0
1779555776.456468,0.095703125,-0.26171875,-0.005859375,0.158203125,0.005859375,-0.013671875,0,0
1779555776.464455,0.095703125,-0.26171875,-0.005859375,0.169921875,0.005859375,-0.013671875,0,0
1779555776.472460,0.076171875,-0.234375,-0.005859375,0.169921875,0.005859375,-0.013671875,0,0
1779555776.480497,0.076171875,-0.234375,-0.005859375,0.173828125,0.005859375,-0.013671875,0,0
1779555776.488523,0.0625,-0.21484375,0.0078125,0.173828125,0.005859375,-0.013671875,0,0
1779555776.496450,0.0625,-0.21484375,0.0078125,0.173828125,0.005859375,-0.013671875,0,0
1779555776.504492,0.05859375,-0.19140625,0.021484375,0.173828125,0.005859375,-0.013671875,0,0
1779555776.512450,0.05859375,-0.19140625,0.021484375,0.169921875,0.005859375,-0.013671875,0,0
1779555776.520488,0.05859375,-0.169921875,0.03515625,0.169921875,0.005859375,-0.013671875,0,0
1779555776.528527,0.05859375,-0.169921875,0.03515625,0.16796875,0.005859375,-0.013671875,0,0
1779555776.536459,0.05859375,-0.146484375,0.03515625,0.16796875,0.005859375,-0.013671875,0,0
1779555776.544537,0.05859375,-0.146484375,0.03515625,0.1640625,0.005859375,-0.013671875,0,0
1779555776.552519,0.0546875,-0.123046875,0.033203125,0.1640625,0.005859375,-0.013671875,0,0
1779555776.560519,0.0546875,-0.123046875,0.033203125,0.16015625,0.005859375,-0.013671875,0,0
1779555776.568441,0.0234375,-0.09375,0.029296875,0.16015625,0.005859375,-0.013671875,0,0
1779555776.576502,0.0234375,-0.09375,0.029296875,0.16015625,0.005859375,-0.013671875,0,0
1779555776.584494,0.015625,-0.076171875,0.029296875,0.16015625,0.005859375,-0.013671875,0,0
1779555776.592499,0.015625,-0.076171875,0.029296875,0.15625,0.005859375,-0.013671875,0,0
1779555776.600452,0.00390625,-0.048828125,0.029296875,0.15625,0.005859375,-0.013671875,0,0
1779555776.608497,0.00390625,-0.048828125,0.029296875,0.14453125,0.005859375,-0.013671875,0,0
1779555776.616484,0.00390625,-0.037109375,0.01953125,0.14453125,0.005859375,-0.013671875,0,0
1779555776.624490,0.00390625,-0.037109375,0.01953125,0.134765625,0.005859375,-0.013671875,0,0
1779555776.632468,0.00390625,-0.03125,0.009765625,0.134765625,0.005859375,-0.013671875,0,0
1779555776.640503,0.00390625,-0.03125,0.009765625,0.123046875,0.005859375,-0.013671875,0,0
1779555776.648524,0.00390625,-0.029296875,0.009765625,0.123046875,0.005859375,-0.013671875,0,0
1779555776.656497,0.00390625,-0.029296875,0.009765625,0.119140625,0.005859375,-0.013671875,0,0
1779555776.664482,0.00390625,-0.025390625,0.009765625,0.119140625,0.005859375,-0.013671875,0,0
1779555776.672456,0.00390625,-0.025390625,0.009765625,0.119140625,0.005859375,-0.013671875,0,0
1779555776.680484,0.015625,-0.021484375,0.009765625,0.119140625,0.005859375,-0.013671875,0,0
1779555776.688520,0.015625,-0.021484375,0.009765625,0.11328125,0.005859375,-0.013671875,0,0
1779555776.696467,0.015625,-0.015625,0.009765625,0.11328125,0.005859375,-0.013671875,0,0
1779555776.704481,0.015625,-0.015625,0.009765625,0.111328125,0.005859375,-0.013671875,0,0
1779555776.712423,0.015625,-0.013671875,0.009765625,0.111328125,0.005859375,-0.013671875,0,0
1779555776.720520,0.015625,-0.013671875,0.009765625,0.115234375,0.005859375,-0.013671875,0,0
1779555776.728466,0.013671875,-0.01171875,0.009765625,0.115234375,0.005859375,-0.013671875,0,0
1779555776.736470,0.013671875,-0.01171875,0.009765625,0.1171875,0.005859375,-0.013671875,0,0
1779555776.744489,0.015625,-0.005859375,0.009765625,0.1171875,0.005859375,-0.013671875,0,0
1779555776.752492,0.015625,-0.005859375,0.009765625,0.109375,0.005859375,-0.013671875,0,0
1779555776.760497,0.025390625,-0.005859375,0.009765625,0.109375,0.005859375,-0.013671875,0,0
1779555776.768468,0.025390625,-0.005859375,0.009765625,0.099609375,0.005859375,-0.013671875,0,0
1779555776.776459,0.033203125,-0.005859375,-0.01953125,0.099609375,0.005859375,-0.013671875,0,0
1779555776.784502,0.033203125,-0.005859375,-0.01953125,0.091796875,0.005859375,-0.013671875,0,0
1779555776.792516,0.033203125,-0.005859375,-0.044921875,0.091796875,0.005859375,-0.013671875,0,0
1779555776.800482,0.033203125,-0.005859375,-0.044921875,0.078125,0.005859375,-0.013671875,0,0
1779555776.808462,0.03125,-0.005859375,-0.07421875,0.078125,0.005859375,-0.013671875,0,0
1779555776.816569,0.03125,-0.005859375,-0.07421875,0.0625,0.005859375,-0.013671875,0,0
1779555776.824481,0.033203125,-0.005859375,-0.107421875,0.0625,0.005859375,-0.013671875,0,0
1779555776.832532,0.033203125,-0.005859375,-0.107421875,0.05859375,0.005859375,-0.013671875,0,0
1779555776.840530,0.0390625,-0.005859375,-0.142578125,0.05859375,0.005859375,-0.013671875,0,0
1779555776.848535,0.0390625,-0.005859375,-0.142578125,0.078125,0.005859375,-0.013671875,0,0
1779555776.856506,0.03515625,-0.005859375,-0.177734375,0.078125,0.005859375,-0.013671875,0,0
1779555776.864471,0.03515625,-0.005859375,-0.177734375,0.08984375,0.005859375,-0.013671875,0,0
1779555776.872468,0.01953125,-0.005859375,-0.201171875,0.08984375,0.005859375,-0.013671875,0,0
1779555776.880499,0.01953125,-0.005859375,-0.201171875,0.10546875,0.005859375,-0.013671875,0,0
1779555776.888514,0.017578125,-0.005859375,-0.236328125,0.10546875,0.005859375,-0.013671875,0,0
1779555776.896515,0.017578125,-0.005859375,-0.236328125,0.09375,0.005859375,-0.013671875,0,0
1779555776.904482,0.017578125,-0.005859375,-0.25390625,0.09375,0.005859375,-0.013671875,0,0
1779555776.912464,0.017578125,-0.005859375,-0.25390625,0.080078125,0.005859375,-0.013671875,0,0
1779555776.920488,0.013671875,-0.005859375,-0.2578125,0.080078125,0.005859375,-0.013671875,0,0
1779555776.928451,0.013671875,-0.005859375,-0.2578125,0.076171875,0.005859375,-0.013671875,0,0
1779555776.936451,0.013671875,-0.005859375,-0.263671875,0.076171875,0.005859375,-0.013671875,0,0
1779555776.944477,0.013671875,-0.005859375,-0.263671875,0.07421875,0.005859375,-0.013671875,0,0
1779555776.952430,0.013671875,-0.005859375,-0.263671875,0.07421875,0.005859375,-0.013671875,0,0
1779555776.960497,0.013671875,-0.005859375,-0.263671875,0.080078125,0.005859375,-0.013671875,0,0
1779555776.968506,0.013671875,-0.005859375,-0.267578125,0.080078125,0.005859375,-0.013671875,0,0
1779555776.976535,0.013671875,-0.005859375,-0.267578125,0.08984375,0.005859375,-0.013671875,0,0
1779555776.984462,0.01171875,-0.005859375,-0.259765625,0.08984375,0.005859375,-0.013671875,0,0
1779555776.992531,0.01171875,-0.005859375,-0.259765625,0.09765625,0.005859375,-0.013671875,0,0
1779555777.000514,0.01171875,-0.005859375,-0.25,0.09765625,0.005859375,-0.013671875,0,0
1779555777.008483,0.01171875,-0.005859375,-0.25,0.1015625,0.005859375,-0.013671875,0,0
1779555777.016498,0.01171875,-0.005859375,-0.23046875,0.1015625,0.005859375,-0.013671875,0,0
1779555777.024554,0.01171875,-0.005859375,-0.23046875,0.1015625,0.005859375,-0.013671875,0,0
1779555777.032465,0.01171875,-0.005859375,-0.21875,0.1015625,0.005859375,-0.013671875,0,0
1779555777.040468,0.01171875,-0.005859375,-0.21875,0.09765625,0.005859375,-0.013671875,0,0
1779555777.048494,0.01171875,-0.005859375,-0.21484375,0.09765625,0.005859375,-0.013671875,0,0
1779555777.056459,0.01171875,-0.005859375,-0.21484375,0.09375,0.005859375,-0.013671875,0,0
1779555777.064448,0.01171875,-0.005859375,-0.21484375,0.09375,0.005859375,-0.013671875,0,0
1779555777.072450,0.01171875,-0.005859375,-0.21484375,0.09375,0.005859375,-0.013671875,0,0
1779555777.080408,0.0078125,-0.005859375,-0.220703125,0.09375,0.005859375,-0.013671875,0,0
1779555777.088450,0.0078125,-0.005859375,-0.220703125,0.095703125,0.005859375,-0.013671875,0,0
1779555777.096505,0.005859375,-0.005859375,-0.224609375,0.095703125,0.005859375,-0.013671875,0,0
1779555777.104461,0.005859375,-0.005859375,-0.224609375,0.09765625,0.005859375,-0.013671875,0,0
1779555777.112455,0.005859375,-0.005859375,-0.224609375,0.09765625,0.005859375,-0.013671875,0,0
1779555777.120563,0.005859375,-0.005859375,-0.224609375,0.10546875,0.005859375,-0.013671875,0,0
1779555777.128472,0.005859375,-0.005859375,-0.220703125,0.10546875,0.005859375,-0.013671875,0,0
1779555777.136405,0.005859375,-0.005859375,-0.220703125,0.111328125,0.005859375,-0.013671875,0,0
1779555777.144471,0.005859375,-0.005859375,-0.220703125,0.111328125,0.005859375,-0.013671875,0,0
1779555777.152449,0.005859375,-0.005859375,-0.220703125,0.115234375,0.005859375,-0.013671875,0,0
1779555777.160478,0.005859375,-0.005859375,-0.220703125,0.115234375,0.005859375,-0.013671875,0,0
1779555777.168475,0.005859375,-0.005859375,-0.220703125,0.12109375,0.005859375,-0.013671875,0,0
1779555777.176455,0.005859375,-0.005859375,-0.212890625,0.12109375,0.005859375,-0.013671875,0,0
1779555777.184471,0.005859375,-0.005859375,-0.212890625,0.119140625,0.005859375,-0.013671875,0,0
1779555777.192497,0.0,-0.005859375,-0.2109375,0.119140625,0.005859375,-0.013671875,0,0
1779555777.200516,0.0,-0.005859375,-0.2109375,0.119140625,0.005859375,-0.013671875,0,0
1779555777.208509,0.0,-0.005859375,-0.203125,0.119140625,0.005859375,-0.013671875,0,0
1779555777.216486,0.0,-0.005859375,-0.203125,0.12109375,0.005859375,-0.013671875,0,0
1779555777.224485,0.0,-0.005859375,-0.1875,0.12109375,0.005859375,-0.013671875,0,0
1779555777.232516,0.0,-0.005859375,-0.1875,0.123046875,0.005859375,-0.013671875,0,0
1779555777.240417,0.0,-0.005859375,-0.158203125,0.123046875,0.005859375,-0.013671875,0,0
1779555777.248489,0.0,-0.005859375,-0.158203125,0.123046875,0.005859375,-0.013671875,0,0
1779555777.256456,0.0,-0.005859375,-0.123046875,0.123046875,0.005859375,-0.013671875,0,0
1779555777.264524,0.0,-0.005859375,-0.123046875,0.115234375,0.005859375,-0.013671875,0,0
1779555777.272464,0.0,-0.005859375,-0.076171875,0.115234375,0.005859375,-0.013671875,0,0
1779555777.280458,0.0,-0.005859375,-0.076171875,0.107421875,0.005859375,-0.013671875,0,0
1779555777.288528,0.0,-0.005859375,-0.044921875,0.107421875,0.005859375,-0.013671875,0,0
1779555777.296483,0.0,-0.005859375,-0.044921875,0.087890625,0.005859375,-0.013671875,0,0
1779555777.304470,0.0,-0.005859375,-0.0390625,0.087890625,0.005859375,-0.013671875,0,0
1779555777.312492,0.0,-0.005859375,-0.0390625,0.083984375,0.005859375,-0.013671875,0,0
1779555777.320535,0.0,-0.005859375,-0.046875,0.083984375,0.005859375,-0.013671875,0,0
1779555777.328486,0.0,-0.005859375,-0.046875,0.076171875,0.005859375,-0.013671875,0,0
1779555777.336481,0.0,0.0,-0.056640625,0.076171875,0.005859375,-0.013671875,0,0
1779555777.344486,0.0,0.0,-0.056640625,0.0703125,0.005859375,-0.013671875,0,0
1779555777.352478,0.0,0.00390625,-0.08203125,0.0703125,0.005859375,-0.013671875,0,0
1779555777.360482,0.0,0.00390625,-0.08203125,0.080078125,0.005859375,-0.013671875,0,0
1779555777.368459,0.0,0.0,-0.103515625,0.080078125,0.005859375,-0.013671875,0,0
1779555777.376472,0.0,0.0,-0.103515625,0.09375,0.005859375,-0.013671875,0,0
1779555777.384500,0.0,0.005859375,-0.130859375,0.09375,0.005859375,-0.013671875,0,0
1779555777.392489,0.0,0.005859375,-0.130859375,0.10546875,0.005859375,-0.013671875,0,0
1779555777.400477,0.0,0.017578125,-0.17578125,0.10546875,0.005859375,-0.013671875,0,0
1779555777.408484,0.0,0.017578125,-0.17578125,0.1328125,0.005859375,-0.013671875,0,0
1779555777.416533,0.0,0.0234375,-0.212890625,0.1328125,0.005859375,-0.013671875,0,0
1779555777.424526,0.0,0.0234375,-0.212890625,0.142578125,0.005859375,-0.013671875,0,0
1779555777.432454,0.0,0.017578125,-0.236328125,0.142578125,0.005859375,-0.013671875,0,0
1779555777.440469,0.0,0.017578125,-0.236328125,0.150390625,0.005859375,-0.013671875,0,0
1779555777.448493,0.0,0.009765625,-0.25,0.150390625,0.005859375,-0.013671875,0,0
1779555777.456518,0.0,0.009765625,-0.25,0.15625,0.005859375,-0.013671875,0,0
1779555777.464524,0.0,0.009765625,-0.25390625,0.15625,0.005859375,-0.013671875,0,0
1779555777.472519,0.0,0.009765625,-0.25390625,0.162109375,0.005859375,-0.013671875,0,0
1779555777.480500,0.0,0.009765625,-0.2578125,0.162109375,0.005859375,-0.013671875,0,0
1779555777.488516,0.0,0.009765625,-0.2578125,0.162109375,0.005859375,-0.013671875,0,0
1779555777.496535,0.0,0.009765625,-0.26171875,0.162109375,0.005859375,-0.013671875,0,0
1779555777.504461,0.0,0.009765625,-0.26171875,0.158203125,0.005859375,-0.013671875,0,0
1779555777.512452,0.0,0.00390625,-0.259765625,0.158203125,0.005859375,-0.013671875,0,0
1779555777.520592,0.0,0.00390625,-0.259765625,0.15625,0.005859375,-0.013671875,0,0
1779555777.528497,0.0,0.00390625,-0.259765625,0.15625,0.005859375,-0.013671875,0,0
1779555777.536447,0.0,0.00390625,-0.259765625,0.158203125,0.005859375,-0.013671875,0,0
1779555777.544491,0.0,0.0078125,-0.2578125,0.158203125,0.005859375,-0.013671875,0,0
1779555777.552475,0.0,0.0078125,-0.2578125,0.16015625,0.005859375,-0.013671875,0,0
1779555777.560513,0.0,0.0078125,-0.259765625,0.16015625,0.005859375,-0.013671875,0,0
1779555777.568514,0.0,0.0078125,-0.259765625,0.162109375,0.005859375,-0.013671875,0,0
1779555777.576535,0.0,0.00390625,-0.259765625,0.162109375,0.005859375,-0.013671875,0,0
1779555777.584445,0.0,0.00390625,-0.259765625,0.162109375,0.005859375,-0.013671875,0,0
1779555777.592518,0.0,0.00390625,-0.263671875,0.162109375,0.005859375,-0.013671875,0,0
1779555777.600503,0.0,0.00390625,-0.263671875,0.16015625,0.005859375,-0.013671875,0,0
1779555777.608503,0.0,0.00390625,-0.267578125,0.16015625,0.005859375,-0.013671875,0,0
1779555777.616482,0.0,0.00390625,-0.267578125,0.162109375,0.005859375,-0.013671875,0,0
1779555777.624465,0.0,0.00390625,-0.27734375,0.162109375,0.005859375,-0.013671875,0,0
1779555777.632472,0.0,0.00390625,-0.27734375,0.166015625,0.005859375,-0.013671875,0,0
1779555777.640465,0.0,0.00390625,-0.283203125,0.166015625,0.005859375,-0.013671875,0,0
1779555777.648508,0.0,0.00390625,-0.283203125,0.173828125,0.005859375,-0.013671875,0,0
1779555777.656446,0.0,0.00390625,-0.291015625,0.173828125,0.005859375,-0.013671875,0,0
1779555777.664451,0.0,0.00390625,-0.291015625,0.173828125,0.005859375,-0.013671875,0,0
1779555777.672449,0.0,0.00390625,-0.296875,0.173828125,0.005859375,-0.013671875,0,0
1779555777.680502,0.0,0.00390625,-0.296875,0.171875,0.005859375,-0.013671875,0,0
1779555777.688504,0.0,0.00390625,-0.298828125,0.171875,0.005859375,-0.013671875,0,0
1779555777.696456,0.0,0.00390625,-0.298828125,0.158203125,0.005859375,-0.013671875,0,0
1779555777.704429,0.0,0.00390625,-0.30078125,0.158203125,0.005859375,-0.013671875,0,0
1779555777.712496,0.0,0.00390625,-0.30078125,0.15625,0.005859375,-0.013671875,0,0
1779555777.720584,0.0,0.00390625,-0.3046875,0.15625,0.005859375,-0.013671875,0,0
1779555777.728549,0.0,0.00390625,-0.3046875,0.15625,0.005859375,-0.013671875,0,0
1779555777.736478,0.0,0.00390625,-0.310546875,0.15625,0.005859375,-0.013671875,0,0
1779555777.744520,0.0,0.00390625,-0.310546875,0.1640625,0.005859375,-0.013671875,0,0
1779555777.752451,0.0,0.00390625,-0.322265625,0.1640625,0.005859375,-0.013671875,0,0
1779555777.760545,0.0,0.00390625,-0.322265625,0.171875,0.005859375,-0.013671875,0,0
1779555777.768525,0.0,0.00390625,-0.322265625,0.171875,0.005859375,-0.013671875,0,0
1779555777.776474,0.0,0.00390625,-0.322265625,0.177734375,0.005859375,-0.013671875,0,0
1779555777.784431,0.0,0.00390625,-0.32421875,0.177734375,0.005859375,-0.013671875,0,0
1779555777.792459,0.0,0.00390625,-0.32421875,0.181640625,0.005859375,-0.013671875,0,0
1779555777.800495,0.0,0.00390625,-0.33203125,0.181640625,0.005859375,-0.013671875,0,0
1779555777.808463,0.0,0.00390625,-0.33203125,0.1875,0.005859375,-0.013671875,0,0
1779555777.816484,0.0,0.00390625,-0.33203125,0.1875,0.005859375,-0.013671875,0,0
1779555777.824546,0.0,0.00390625,-0.33203125,0.1875,0.005859375,-0.013671875,0,0
1779555777.832518,0.0,0.00390625,-0.33203125,0.1875,0.005859375,-0.013671875,0,0
1779555777.840506,0.0,0.00390625,-0.33203125,0.1875,0.005859375,-0.013671875,0,0
1779555777.848528,0.0,0.00390625,-0.33984375,0.1875,0.005859375,-0.013671875,0,0
1779555777.856449,0.0,0.00390625,-0.33984375,0.1875,0.005859375,-0.013671875,0,0
1779555777.864445,0.0,0.00390625,-0.341796875,0.1875,0.005859375,-0.013671875,0,0
1779555777.872426,0.0,0.00390625,-0.341796875,0.181640625,0.005859375,-0.013671875,0,0
1779555777.880456,0.0,0.00390625,-0.341796875,0.181640625,0.005859375,-0.013671875,0,0
1779555777.888463,0.0,0.00390625,-0.341796875,0.1796875,0.005859375,-0.013671875,0,0
1779555777.896519,0.0,0.00390625,-0.345703125,0.1796875,0.005859375,-0.013671875,0,0
1779555777.904475,0.0,0.00390625,-0.345703125,0.173828125,0.005859375,-0.013671875,0,0
1779555777.912473,0.0,0.00390625,-0.34375,0.173828125,0.005859375,-0.013671875,0,0
1779555777.920438,0.0,0.00390625,-0.34375,0.166015625,0.005859375,-0.013671875,0,0
1779555777.928425,0.0,0.00390625,-0.341796875,0.166015625,0.005859375,-0.013671875,0,0
1779555777.936479,0.0,0.00390625,-0.341796875,0.1640625,0.005859375,-0.013671875,0,0
1779555777.944455,0.0,0.00390625,-0.34375,0.1640625,0.005859375,-0.013671875,0,0
1779555777.952476,0.0,0.00390625,-0.34375,0.158203125,0.005859375,-0.013671875,0,0
1779555777.960456,0.0,0.00390625,-0.341796875,0.158203125,0.005859375,-0.013671875,0,0
1779555777.968436,0.0,0.00390625,-0.341796875,0.146484375,0.005859375,-0.013671875,0,0
1779555777.976517,0.0,0.00390625,-0.34375,0.146484375,0.005859375,-0.013671875,0,0
1779555777.984445,0.0,0.00390625,-0.34375,0.146484375,0.005859375,-0.013671875,0,0
1779555777.992481,0.0,0.00390625,-0.345703125,0.146484375,0.005859375,-0.013671875,0,0
1779555778.000474,0.0,0.00390625,-0.345703125,0.140625,0.005859375,-0.013671875,0,0
1779555778.008515,0.0,0.00390625,-0.34375,0.140625,0.005859375,-0.013671875,0,0
1779555778.016506,0.0,0.00390625,-0.34375,0.138671875,0.005859375,-0.013671875,0,0
1779555778.024525,0.0,0.00390625,-0.341796875,0.138671875,0.005859375,-0.013671875,0,0
1779555778.032476,0.0,0.00390625,-0.341796875,0.130859375,0.005859375,-0.013671875,0,0
1779555778.040446,0.0,0.00390625,-0.333984375,0.130859375,0.005859375,-0.013671875,0,0
1779555778.048494,0.0,0.00390625,-0.333984375,0.123046875,0.005859375,-0.013671875,0,0
1779555778.056480,0.0,0.00390625,-0.330078125,0.123046875,0.005859375,-0.013671875,0,0
1779555778.064466,0.0,0.00390625,-0.330078125,0.123046875,0.005859375,-0.013671875,0,0
1779555778.072453,0.0,0.00390625,-0.326171875,0.123046875,0.005859375,-0.013671875,0,0
1779555778.080495,0.0,0.00390625,-0.326171875,0.1171875,0.005859375,-0.013671875,0,0
1779555778.088471,0.0,0.00390625,-0.322265625,0.1171875,0.005859375,-0.013671875,0,0
1779555778.096496,0.0,0.00390625,-0.322265625,0.111328125,0.005859375,-0.013671875,0,0
1779555778.104461,0.0,0.00390625,-0.322265625,0.111328125,0.005859375,-0.013671875,0,0
1779555778.112518,0.0,0.00390625,-0.322265625,0.107421875,0.005859375,-0.013671875,0,0
1779555778.120544,0.0,0.00390625,-0.322265625,0.107421875,0.005859375,-0.013671875,0,0
1779555778.128495,0.0,0.00390625,-0.322265625,0.103515625,0.005859375,-0.013671875,0,0
1779555778.136490,0.0,0.00390625,-0.322265625,0.103515625,0.005859375,-0.013671875,0,0
1779555778.144468,0.0,0.00390625,-0.322265625,0.1015625,0.005859375,-0.013671875,0,0
1779555778.152516,0.0,0.00390625,-0.322265625,0.1015625,0.005859375,-0.013671875,0,0
1779555778.160517,0.0,0.00390625,-0.322265625,0.09375,0.005859375,-0.013671875,0,0
1779555778.168498,0.0,0.00390625,-0.322265625,0.09375,0.005859375,-0.013671875,0,0
1779555778.176455,0.0,0.00390625,-0.322265625,0.087890625,0.005859375,-0.013671875,0,0
1779555778.184435,0.0,0.00390625,-0.31640625,0.087890625,0.005859375,-0.013671875,0,0
1779555778.192488,0.0,0.00390625,-0.31640625,0.083984375,0.005859375,-0.013671875,0,0
1779555778.200460,0.0,0.00390625,-0.310546875,0.083984375,0.005859375,-0.013671875,0,0
1779555778.208417,0.0,0.00390625,-0.310546875,0.080078125,0.005859375,-0.013671875,0,0
1779555778.216501,0.0,0.00390625,-0.306640625,0.080078125,0.005859375,-0.013671875,0,0
1779555778.224468,0.0,0.00390625,-0.306640625,0.078125,0.005859375,-0.013671875,0,0
1779555778.232478,0.0,0.00390625,-0.3046875,0.078125,0.005859375,-0.013671875,0,0
1779555778.240531,0.0,0.00390625,-0.3046875,0.076171875,0.005859375,-0.013671875,0,0
1779555778.248490,0.0,0.00390625,-0.298828125,0.076171875,0.005859375,-0.013671875,0,0
1779555778.256483,0.0,0.00390625,-0.298828125,0.072265625,0.005859375,-0.013671875,0,0
1779555778.264503,0.0,0.00390625,-0.2890625,0.072265625,0.005859375,-0.013671875,0,0
1779555778.272465,0.0,0.00390625,-0.2890625,0.06640625,0.005859375,-0.013671875,0,0
1779555778.280522,0.0,0.00390625,-0.28125,0.06640625,0.005859375,-0.013671875,0,0
1779555778.288519,0.0,0.00390625,-0.28125,0.060546875,0.005859375,-0.013671875,0,0
1779555778.296513,0.0,0.00390625,-0.275390625,0.060546875,0.005859375,-0.013671875,0,0
1779555778.304496,0.0,0.00390625,-0.275390625,0.060546875,0.005859375,-0.013671875,0,0
1779555778.312528,0.0,0.00390625,-0.263671875,0.060546875,0.005859375,-0.013671875,0,0
1779555778.320502,0.0,0.00390625,-0.263671875,0.060546875,0.005859375,-0.013671875,0,0
1779555778.328522,0.0,0.00390625,-0.25,0.060546875,0.005859375,-0.013671875,0,0
1779555778.336471,0.0,0.00390625,-0.25,0.05859375,0.005859375,-0.013671875,0,0
1779555778.344482,0.0,0.00390625,-0.201171875,0.05859375,0.005859375,-0.013671875,0,0
1779555778.352521,0.0,0.00390625,-0.201171875,0.05859375,0.005859375,-0.013671875,0,0
1779555778.360474,0.0,0.00390625,-0.115234375,0.05859375,0.005859375,-0.013671875,0,0
1779555778.368480,0.0,0.00390625,-0.115234375,0.060546875,0.005859375,-0.013671875,0,0
1779555778.376467,0.0,0.00390625,-0.021484375,0.060546875,0.005859375,-0.013671875,0,0
1779555778.384475,0.0,0.00390625,-0.021484375,0.068359375,0.005859375,-0.013671875,0,0
1779555778.392468,0.0078125,0.00390625,-0.021484375,0.068359375,0.005859375,-0.013671875,0,0
1779555778.400474,0.0078125,0.00390625,-0.021484375,0.076171875,0.005859375,-0.013671875,0,0
1779555778.408436,0.0078125,0.00390625,-0.021484375,0.076171875,0.005859375,-0.013671875,0,0
1779555778.416444,0.0078125,0.00390625,-0.021484375,0.08203125,0.005859375,-0.013671875,0,0
1779555778.432503,0.0078125,0.00390625,-0.021484375,0.05078125,0.0,-0.013671875,0,0
1779555778.448493,0.0078125,0.00390625,-0.021484375,0.04296875,0.0,-0.013671875,0,0
1779555778.478498,0.0,0.0,0.0,0.0,0.0,0.0,0,0
1779555778.509461,0.0,0.0,0.0,0.0,0.0,0.0,0,0
1779555778.540537,0.0,0.0,0.0,0.0,0.0,0.0,0,0
1779555778.571505,0.0,0.0,0.0,0.0,0.0,0.0,0,0
1779555778.602469,0.0,0.0,0.0,0.0,0.0,0.0,0,0
1779555778.633503,0.0,0.0,0.0,0.0,0.0,0.0,0,0
1779555778.664480,0.0,0.0,0.0,0.0,0.0,0.0,0,0
1779555778.695483,0.0,0.0,0.0,0.0,0.0,0.0,0,0
1779555778.726494,0.0,0.0,0.0,0.0,0.0,0.0,0,0
1779555778.757451,0.0,0.0,0.0,0.0,0.0,0.0,0,0
1779555778.788468,0.0,0.0,0.0,0.0,0.0,0.0,0,0
1779555778.819497,0.0,0.0,0.0,0.0,0.0,0.0,0,0
1779555778.850457,0.0,0.0,0.0,0.0,0.0,0.0,0,0
1779555778.881528,0.0,0.0,0.0,0.0,0.0,0.0,0,0
1779555778.912522,0.0,0.0,0.0,0.0,0.0,0.0,0,0
1779555778.943450,0.0,0.0,0.0,0.0,0.0,0.0,0,0
1779555778.974432,0.0,0.0,0.0,0.0,0.0,0.0,0,0
1779555779.005466,0.0,0.0,0.0,0.0,0.0,0.0,0,0
1779555779.036521,0.0,0.0,0.0,0.0,0.0,0.0,0,0
1779555779.067524,0.0,0.0,0.0,0.0,0.0,0.0,0,0
1779555779.098522,0.0,0.0,0.0,0.0,0.0,0.0,0,0
1779555779.129562,0.0,0.0,0.0,0.0,0.0,0.0,0,0
1779555779.160475,0.0,0.0,0.0,0.0,0.0,0.0,0,0
1779555779.191445,0.0,0.0,0.0,0.0,0.0,0.0,0,0
1779555779.222483,0.0,0.0,0.0,0.0,0.0,0.0,0,0
1779555779.253538,0.0,0.0,0.0,0.0,0.0,0.0,0,0
1779555779.284508,0.0,0.0,0.0,0.0,0.0,0.0,0,0
1779555779.315522,0.0,0.0,0.0,0.0,0.0,0.0,0,0
1779555779.346448,0.0,0.0,0.0,0.0,0.0,0.0,0,0
1779555779.377487,0.0,0.0,0.0,0.0,0.0,0.0,0,0
1779555779.408593,0.0,0.0,0.0,0.0,0.0,0.0,1,0
1779555779.439458,0.0,0.0,0.0,0.0,0.0,0.0,1,0
1779555779.470478,0.0,0.0,0.0,0.0,0.0,0.0,1,0
1779555779.501423,0.0,0.0,0.0,0.0,0.0,0.0,1,0
1779555779.532495,0.0,0.0,0.0,0.0,0.0,0.0,0,0
1779555779.563497,0.0,0.0,0.0,0.0,0.0,0.0,0,0
1779555779.594495,0.0,0.0,0.0,0.0,0.0,0.0,0,0
1779555779.625473,0.0,0.0,0.0,0.0,0.0,0.0,0,0
1779555779.656446,0.0,0.0,0.0,0.0,0.0,0.0,0,0
1779555779.687465,0.0,0.0,0.0,0.0,0.0,0.0,0,0
1779555779.718468,0.0,0.0,0.0,0.0,0.0,0.0,0,0
1779555779.749474,0.0,0.0,0.0,0.0,0.0,0.0,0,0
1779555779.780483,0.0,0.0,0.0,0.0,0.0,0.0,0,0
1779555779.811497,0.0,0.0,0.0,0.0,0.0,0.0,0,0
1779555779.842443,0.0,0.0,0.0,0.0,0.0,0.0,0,0
1779555779.873487,0.0,0.0,0.0,0.0,0.0,0.0,0,0
1779555779.904465,0.0,0.0,0.0,0.0,0.0,0.0,0,0
1779555779.935511,0.0,0.0,0.0,0.0,0.0,0.0,0,0
1779555779.966470,0.0,0.0,0.0,0.0,0.0,0.0,0,0
1779555779.997493,0.0,0.0,0.0,0.0,0.0,0.0,0,0
1779555780.028491,0.0,0.0,0.0,0.0,0.0,0.0,0,0
1779555780.059542,0.0,0.0,0.0,0.0,0.0,0.0,0,0
1779555780.090419,0.0,0.0,0.0,0.0,0.0,0.0,0,0
1779555780.121510,0.0,0.0,0.0,0.0,0.0,0.0,0,0
1779555780.152475,0.0,0.0,0.0,0.0,0.0,0.0,0,0
1779555780.183531,0.0,0.0,0.0,0.0,0.0,0.0,0,0
1779555780.214412,0.0,0.0,0.0,0.0,0.0,0.0,0,0
1779555780.245485,0.0,0.0,0.0,0.0,0.0,0.0,0,0
1779555780.276494,0.0,0.0,0.0,0.0,0.0,0.0,0,0
1779555780.307539,0.0,0.0,0.0,0.0,0.0,0.0,0,0
1779555780.338521,0.0,0.0,0.0,0.0,0.0,0.0,0,0
1779555780.369525,0.0,0.0,0.0,0.0,0.0,0.0,0,0
1779555780.400454,0.0,0.0,0.0,0.0,0.0,0.0,0,0
1779555780.431485,0.0,0.0,0.0,0.0,0.0,0.0,0,0
1779555780.462601,0.0,0.0,0.0,0.0,0.0,0.0,0,0
1779555780.493462,0.0,0.0,0.0,0.0,0.0,0.0,0,0
1779555780.524481,0.0,0.0,0.0,0.0,0.0,0.0,0,0
1779555780.555521,0.0,0.0,0.0,0.0,0.0,0.0,0,0
1779555780.586421,0.0,0.0,0.0,0.0,0.0,0.0,0,0
1779555780.617472,0.0,0.0,0.0,0.0,0.0,0.0,0,0
1779555780.648504,0.0,0.0,0.0,0.0,0.0,0.0,0,0
1779555780.679547,0.0,0.0,0.0,0.0,0.0,0.0,0,0
1779555780.710517,0.0,0.0,0.0,0.0,0.0,0.0,0,0
1779555780.741478,0.0,0.0,0.0,0.0,0.0,0.0,0,0
1779555780.772502,0.0,0.0,0.0,0.0,0.0,0.0,0,0
1779555780.803483,0.0,0.0,0.0,0.0,0.0,0.0,0,0
1779555780.834494,0.0,0.0,0.0,0.0,0.0,0.0,0,0
1779555780.865438,0.0,0.0,0.0,0.0,0.0,0.0,0,0
1779555780.896484,0.0,0.0,0.0,0.0,0.0,0.0,0,0
1779555780.927500,0.0,0.0,0.0,0.0,0.0,0.0,0,0
1779555780.958539,0.0,0.0,0.0,0.0,0.0,0.0,0,0
1779555780.989531,0.0,0.0,0.0,0.0,0.0,0.0,0,0
1779555781.020511,0.0,0.0,0.0,0.0,0.0,0.0,0,0
1779555781.051463,0.0,0.0,0.0,0.0,0.0,0.0,0,0
1779555781.082508,0.0,0.0,0.0,0.0,0.0,0.0,0,0
1779555781.113531,0.0,0.0,0.0,0.0,0.0,0.0,0,0
1779555781.144485,0.0,0.0,0.0,0.0,0.0,0.0,0,0
1779555781.175503,0.0,0.0,0.0,0.0,0.0,0.0,0,0
1779555781.206485,0.0,0.0,0.0,0.0,0.0,0.0,0,0
1779555781.237452,0.0,0.0,0.0,0.0,0.0,0.0,0,0
1779555781.268511,0.0,0.0,0.0,0.0,0.0,0.0,0,0
1779555781.299405,0.0,0.0,0.0,0.0,0.0,0.0,0,0
1779555781.330490,0.0,0.0,0.0,0.0,0.0,0.0,0,0
1779555781.361455,0.0,0.0,0.0,0.0,0.0,0.0,0,0
1779555781.392460,0.0,0.0,0.0,0.0,0.0,0.0,0,0
1779555781.423488,0.0,0.0,0.0,0.0,0.0,0.0,0,0
1779555781.454523,0.0,0.0,0.0,0.0,0.0,0.0,0,0
1779555781.485483,0.0,0.0,0.0,0.0,0.0,0.0,0,0
1779555781.516454,0.0,0.0,0.0,0.0,0.0,0.0,0,0
1779555781.547564,0.0,0.0,0.0,0.0,0.0,0.0,0,0
1779555781.578466,0.0,0.0,0.0,0.0,0.0,0.0,0,0
1779555781.609533,0.0,0.0,0.0,0.0,0.0,0.0,0,0
1779555781.640509,0.0,0.0,0.0,0.0,0.0,0.0,0,0
1779555781.671516,0.0,0.0,0.0,0.0,0.0,0.0,0,0
1779555781.702501,0.0,0.0,0.0,0.0,0.0,0.0,0,0
1779555781.733486,0.0,0.0,0.0,0.0,0.0,0.0,0,0
1779555781.764463,0.0,0.0,0.0,0.0,0.0,0.0,0,0
1779555781.795479,0.0,0.0,0.0,0.0,0.0,0.0,0,0
1779555781.826523,0.0,0.0,0.0,0.0,0.0,0.0,0,0
1779555781.857505,0.0,0.0,0.0,0.0,0.0,0.0,0,0
1779555781.888517,0.0,0.0,0.0,0.0,0.0,0.0,0,0
1779555781.919453,0.0,0.0,0.0,0.0,0.0,0.0,0,0
1779555781.950459,0.0,0.0,0.0,0.0,0.0,0.0,0,0
1779555781.981523,0.0,0.0,0.0,0.0,0.0,0.0,0,0
1779555782.012516,0.0,0.0,0.0,0.0,0.0,0.0,0,0
1779555782.043519,0.0,0.0,0.0,0.0,0.0,0.0,0,0
1779555782.074457,0.0,0.0,0.0,0.0,0.0,0.0,0,0
1779555782.105453,0.0,0.0,0.0,0.0,0.0,0.0,0,0
1779555782.136482,0.0,0.0,0.0,0.0,0.0,0.0,0,0
1779555782.167513,0.0,0.0,0.0,0.0,0.0,0.0,0,0
1779555782.198507,0.0,0.0,0.0,0.0,0.0,0.0,0,0
1779555782.229528,0.0,0.0,0.0,0.0,0.0,0.0,0,0
1779555782.260534,0.0,0.0,0.0,0.0,0.0,0.0,0,0
1779555782.291507,0.0,0.0,0.0,0.0,0.0,0.0,0,0
1779555782.322540,0.0,0.0,0.0,0.0,0.0,0.0,0,0
1779555782.353520,0.0,0.0,0.0,0.0,0.0,0.0,0,0
1779555782.384492,0.0,0.0,0.0,0.0,0.0,0.0,0,0
1779555782.415399,0.0,0.0,0.0,0.0,0.0,0.0,0,0
1779555782.446506,0.0,0.0,0.0,0.0,0.0,0.0,0,0
1779555782.477518,0.0,0.0,0.0,0.0,0.0,0.0,0,0
1779555782.508439,0.0,0.0,0.0,0.0,0.0,0.0,0,0
1779555782.539469,0.0,0.0,0.0,0.0,0.0,0.0,0,0
1779555782.570475,0.0,0.0,0.0,0.0,0.0,0.0,0,0
1779555782.601523,0.0,0.0,0.0,0.0,0.0,0.0,0,0
1779555782.632507,0.0,0.0,0.0,0.0,0.0,0.0,0,0
1779555782.663505,0.0,0.0,0.0,0.0,0.0,0.0,0,0
1779555782.694470,0.0,0.0,0.0,0.0,0.0,0.0,0,0
1779555782.725487,0.0,0.0,0.0,0.0,0.0,0.0,0,0
1779555782.756508,0.0,0.0,0.0,0.0,0.0,0.0,0,0
1779555782.787546,0.0,0.0,0.0,0.0,0.0,0.0,0,0
1779555782.818490,0.0,0.0,0.0,0.0,0.0,0.0,0,0
1779555782.849452,0.0,0.0,0.0,0.0,0.0,0.0,0,0
1779555782.880509,0.0,0.0,0.0,0.0,0.0,0.0,0,0
1779555782.911443,0.0,0.0,0.0,0.0,0.0,0.0,0,0
1779555782.928473,0.0078125,-0.009765625,-0.021484375,0.04296875,0.0,-0.013671875,0,0
1779555782.952498,0.0078125,-0.009765625,-0.021484375,0.0,0.0,-0.013671875,0,0
1779555782.960455,0.0078125,-0.009765625,-0.021484375,0.0,0.0,-0.013671875,0,0
1779555782.968481,0.0078125,-0.009765625,-0.021484375,0.01953125,0.0,-0.013671875,0,0
1779555782.976395,0.0078125,-0.00390625,-0.021484375,0.01953125,0.0,-0.013671875,0,0
1779555782.984478,0.0078125,-0.00390625,-0.021484375,0.013671875,0.0,-0.013671875,0,0
1779555783.014508,0.0,0.0,0.0,0.0,0.0,0.0,0,0
1779555783.045477,0.0,0.0,0.0,0.0,0.0,0.0,0,0
1779555783.076455,0.0,0.0,0.0,0.0,0.0,0.0,0,0
1779555783.107472,0.0,0.0,0.0,0.0,0.0,0.0,0,0
1779555783.138493,0.0,0.0,0.0,0.0,0.0,0.0,0,0
1779555783.169506,0.0,0.0,0.0,0.0,0.0,0.0,0,0
1779555783.200498,0.0,0.0,0.0,0.0,0.0,0.0,0,0
1779555783.231509,0.0,0.0,0.0,0.0,0.0,0.0,0,0
1779555783.262519,0.0,0.0,0.0,0.0,0.0,0.0,0,0
1779555783.293494,0.0,0.0,0.0,0.0,0.0,0.0,0,0
1779555783.324455,0.0,0.0,0.0,0.0,0.0,0.0,0,0
1779555783.355516,0.0,0.0,0.0,0.0,0.0,0.0,0,0
1779555783.386456,0.0,0.0,0.0,0.0,0.0,0.0,0,0
1779555783.417539,0.0,0.0,0.0,0.0,0.0,0.0,0,0
1779555783.448522,0.0,0.0,0.0,0.0,0.0,0.0,0,0
1779555783.479454,0.0,0.0,0.0,0.0,0.0,0.0,0,0
1779555783.496531,0.0078125,-0.00390625,0.009765625,0.013671875,0.0,-0.013671875,0,0
1779555783.512539,0.0078125,-0.00390625,0.044921875,0.013671875,0.0,-0.013671875,0,0
1779555783.528548,0.0078125,-0.00390625,0.119140625,0.013671875,0.0,-0.013671875,0,0
1779555783.544535,0.0078125,-0.00390625,0.1875,0.013671875,0.0,-0.013671875,0,0
1779555783.552498,0.0078125,-0.00390625,0.1875,0.029296875,0.0,-0.013671875,0,0
1779555783.560548,0.0078125,-0.017578125,0.216796875,0.029296875,0.0,-0.013671875,0,0
1779555783.568493,0.0078125,-0.017578125,0.216796875,0.048828125,0.0,-0.013671875,0,0
1779555783.576489,0.0078125,-0.021484375,0.23828125,0.048828125,0.0,-0.013671875,0,0
1779555783.584598,0.0078125,-0.021484375,0.23828125,0.05078125,0.0,-0.013671875,0,0
1779555783.592516,0.0078125,-0.03125,0.291015625,0.05078125,0.0,-0.013671875,0,0
1779555783.600541,0.0078125,-0.03125,0.291015625,0.060546875,0.0,-0.013671875,0,0
1779555783.608472,0.0078125,-0.048828125,0.36328125,0.060546875,0.0,-0.013671875,0,0
1779555783.616507,0.0078125,-0.048828125,0.36328125,0.09765625,0.0,-0.013671875,0,0
1779555783.624452,0.0078125,-0.072265625,0.427734375,0.09765625,0.0,-0.013671875,0,0
1779555783.632480,0.0078125,-0.072265625,0.427734375,0.140625,0.0,-0.013671875,0,0
1779555783.640468,0.0078125,-0.078125,0.4765625,0.140625,0.0,-0.013671875,0,0
1779555783.648449,0.0078125,-0.078125,0.4765625,0.162109375,0.0,-0.013671875,0,0
1779555783.656469,0.0078125,-0.080078125,0.505859375,0.162109375,0.0,-0.013671875,0,0
1779555783.664494,0.0078125,-0.080078125,0.505859375,0.162109375,0.0,-0.013671875,0,0
1779555783.672458,0.0078125,-0.076171875,0.537109375,0.162109375,0.0,-0.013671875,0,0
1779555783.680449,0.0078125,-0.076171875,0.537109375,0.14453125,0.0,-0.013671875,0,0
1779555783.688528,0.0078125,-0.083984375,0.564453125,0.14453125,0.0,-0.013671875,0,0
1779555783.696465,0.0078125,-0.083984375,0.564453125,0.107421875,0.0,-0.013671875,0,0
1779555783.704471,0.01171875,-0.0859375,0.591796875,0.107421875,0.0,-0.013671875,0,0
1779555783.712495,0.01171875,-0.0859375,0.591796875,0.07421875,0.0,-0.013671875,0,0
1779555783.720497,0.013671875,-0.080078125,0.611328125,0.07421875,0.0,-0.013671875,0,0
1779555783.728499,0.013671875,-0.080078125,0.611328125,0.044921875,0.0,-0.013671875,0,0
1779555783.736516,0.005859375,-0.080078125,0.6171875,0.044921875,0.0,-0.013671875,0,0
1779555783.744501,0.005859375,-0.080078125,0.6171875,0.025390625,0.0,-0.013671875,0,0
1779555783.752494,0.00390625,-0.083984375,0.62890625,0.025390625,0.0,-0.013671875,0,0
1779555783.760539,0.00390625,-0.083984375,0.62890625,0.021484375,0.0,-0.013671875,0,0
1779555783.768561,0.01171875,-0.091796875,0.654296875,0.021484375,0.0,-0.013671875,0,0
1779555783.776473,0.01171875,-0.091796875,0.654296875,0.02734375,0.0,-0.013671875,0,0
1779555783.784503,0.0078125,-0.107421875,0.671875,0.02734375,0.0,-0.013671875,0,0
1779555783.792540,0.0078125,-0.107421875,0.671875,0.044921875,0.0,-0.013671875,0,0
1779555783.800497,0.0078125,-0.111328125,0.68359375,0.044921875,0.0,-0.013671875,0,0
1779555783.808468,0.0078125,-0.111328125,0.68359375,0.05078125,0.0,-0.013671875,0,0
1779555783.816507,0.01953125,-0.111328125,0.68359375,0.05078125,0.0,-0.013671875,0,0
1779555783.824503,0.01953125,-0.111328125,0.68359375,0.052734375,0.0,-0.013671875,0,0
1779555783.832507,0.025390625,-0.11328125,0.68359375,0.052734375,0.0,-0.013671875,0,0
1779555783.840504,0.025390625,-0.11328125,0.68359375,0.046875,0.0,-0.013671875,0,0
1779555783.848536,0.033203125,-0.109375,0.68359375,0.046875,0.0,-0.013671875,0,0
1779555783.856514,0.033203125,-0.109375,0.68359375,0.0390625,0.00390625,-0.013671875,0,0
1779555783.864467,0.03515625,-0.1015625,0.68359375,0.0390625,0.00390625,-0.013671875,0,0
1779555783.872489,0.03515625,-0.1015625,0.68359375,0.037109375,0.005859375,-0.013671875,0,0
1779555783.880498,0.03515625,-0.103515625,0.68359375,0.037109375,0.005859375,-0.013671875,0,0
1779555783.888565,0.03515625,-0.103515625,0.68359375,0.03515625,0.009765625,-0.013671875,0,0
1779555783.896516,0.02734375,-0.11328125,0.68359375,0.03515625,0.009765625,-0.013671875,0,0
1779555783.904548,0.02734375,-0.11328125,0.68359375,0.029296875,0.009765625,-0.013671875,0,0
1779555783.912569,0.0234375,-0.130859375,0.68359375,0.029296875,0.009765625,-0.013671875,0,0
1779555783.920557,0.0234375,-0.130859375,0.68359375,0.03515625,0.009765625,-0.013671875,0,0
1779555783.928542,0.02734375,-0.130859375,0.68359375,0.03515625,0.009765625,-0.013671875,0,0
1779555783.936505,0.02734375,-0.130859375,0.68359375,0.03515625,0.009765625,-0.013671875,0,0
1779555783.944508,0.037109375,-0.12890625,0.68359375,0.03515625,0.009765625,-0.013671875,0,0
1779555783.952480,0.037109375,-0.12890625,0.68359375,0.041015625,0.009765625,-0.013671875,0,0
1779555783.960515,0.041015625,-0.12890625,0.68359375,0.041015625,0.009765625,-0.013671875,0,0
1779555783.968508,0.041015625,-0.12890625,0.68359375,0.048828125,0.009765625,-0.013671875,0,0
1779555783.976500,0.041015625,-0.12890625,0.68359375,0.048828125,0.009765625,-0.013671875,0,0
1779555783.984535,0.041015625,-0.12890625,0.68359375,0.0546875,0.009765625,-0.013671875,0,0
1779555783.992481,0.0390625,-0.12890625,0.68359375,0.0546875,0.009765625,-0.013671875,0,0
1779555784.000483,0.0390625,-0.12890625,0.68359375,0.048828125,0.009765625,-0.013671875,0,0
1779555784.008461,0.0390625,-0.12890625,0.68359375,0.048828125,0.009765625,-0.013671875,0,0
1779555784.016531,0.0390625,-0.12890625,0.68359375,0.044921875,0.009765625,-0.013671875,0,0
1779555784.024491,0.037109375,-0.130859375,0.68359375,0.044921875,0.009765625,-0.013671875,0,0
1779555784.032487,0.037109375,-0.130859375,0.68359375,0.041015625,0.009765625,-0.013671875,0,0
1779555784.040475,0.03125,-0.130859375,0.68359375,0.041015625,0.009765625,-0.013671875,0,0
1779555784.048504,0.03125,-0.130859375,0.68359375,0.041015625,0.009765625,-0.013671875,0,0
1779555784.056461,0.021484375,-0.130859375,0.68359375,0.041015625,0.009765625,-0.013671875,0,0
1779555784.064466,0.021484375,-0.130859375,0.68359375,0.04296875,0.009765625,-0.013671875,0,0
1779555784.072441,0.015625,-0.13671875,0.68359375,0.04296875,0.009765625,-0.013671875,0,0
1779555784.080443,0.015625,-0.13671875,0.68359375,0.044921875,0.009765625,-0.013671875,0,0
1779555784.088559,0.015625,-0.14453125,0.68359375,0.044921875,0.009765625,-0.013671875,0,0
1779555784.096486,0.015625,-0.14453125,0.68359375,0.048828125,0.009765625,-0.013671875,0,0
1779555784.104467,0.013671875,-0.140625,0.68359375,0.048828125,0.009765625,-0.013671875,0,0
1779555784.112484,0.013671875,-0.140625,0.68359375,0.046875,0.009765625,-0.013671875,0,0
1779555784.120493,0.013671875,-0.125,0.68359375,0.046875,0.009765625,-0.013671875,0,0
1779555784.128496,0.013671875,-0.125,0.68359375,0.048828125,0.009765625,-0.013671875,0,0
1779555784.136516,0.013671875,-0.12109375,0.68359375,0.048828125,0.009765625,-0.013671875,0,0
1779555784.144495,0.013671875,-0.12109375,0.68359375,0.048828125,0.009765625,-0.013671875,0,0
1779555784.152533,0.013671875,-0.115234375,0.68359375,0.048828125,0.009765625,-0.013671875,0,0
1779555784.160508,0.013671875,-0.115234375,0.68359375,0.037109375,0.009765625,-0.013671875,0,0
1779555784.168493,0.013671875,-0.115234375,0.68359375,0.037109375,0.009765625,-0.013671875,0,0
1779555784.176511,0.013671875,-0.115234375,0.68359375,0.02734375,0.009765625,-0.013671875,0,0
1779555784.184521,0.013671875,-0.115234375,0.68359375,0.02734375,0.009765625,-0.013671875,0,0
1779555784.192426,0.013671875,-0.115234375,0.68359375,0.01953125,0.009765625,-0.013671875,0,0
1779555784.200478,0.013671875,-0.11328125,0.68359375,0.01953125,0.009765625,-0.013671875,0,0
1779555784.208431,0.013671875,-0.11328125,0.68359375,0.01953125,0.009765625,-0.013671875,0,0
1779555784.216509,0.013671875,-0.12109375,0.68359375,0.01953125,0.009765625,-0.013671875,0,0
1779555784.224498,0.013671875,-0.12109375,0.68359375,0.025390625,0.009765625,-0.013671875,0,0
1779555784.232520,0.013671875,-0.123046875,0.68359375,0.025390625,0.009765625,-0.013671875,0,0
1779555784.240466,0.013671875,-0.123046875,0.68359375,0.025390625,0.009765625,-0.013671875,0,0
1779555784.248516,0.013671875,-0.119140625,0.68359375,0.025390625,0.009765625,-0.013671875,0,0
1779555784.256480,0.013671875,-0.119140625,0.68359375,0.0234375,0.009765625,-0.013671875,0,0
1779555784.264478,0.013671875,-0.1171875,0.68359375,0.0234375,0.009765625,-0.013671875,0,0
1779555784.272491,0.013671875,-0.1171875,0.68359375,0.025390625,0.009765625,-0.013671875,0,0
1779555784.280503,0.013671875,-0.119140625,0.68359375,0.025390625,0.009765625,-0.013671875,0,0
1779555784.288478,0.013671875,-0.119140625,0.68359375,0.029296875,0.009765625,-0.013671875,0,0
1779555784.296527,0.013671875,-0.11328125,0.68359375,0.029296875,0.009765625,-0.013671875,0,0
1779555784.304501,0.013671875,-0.11328125,0.68359375,0.0234375,0.009765625,-0.013671875,0,0
1779555784.312501,0.013671875,-0.111328125,0.68359375,0.0234375,0.009765625,-0.013671875,0,0
1779555784.320484,0.013671875,-0.111328125,0.68359375,0.01953125,0.009765625,-0.013671875,0,0
1779555784.328490,0.013671875,-0.10546875,0.68359375,0.01953125,0.009765625,-0.013671875,0,0
1779555784.336514,0.013671875,-0.10546875,0.68359375,0.013671875,0.009765625,-0.013671875,0,0
1779555784.344499,0.013671875,-0.107421875,0.68359375,0.013671875,0.009765625,-0.013671875,0,0
1779555784.352529,0.013671875,-0.107421875,0.68359375,0.00390625,0.009765625,-0.013671875,0,0
1779555784.360492,0.013671875,-0.107421875,0.68359375,0.00390625,0.009765625,-0.013671875,0,0
1779555784.376526,0.013671875,-0.1015625,0.68359375,0.00390625,0.009765625,-0.013671875,0,0
1779555784.392483,0.013671875,-0.1015625,0.68359375,0.00390625,0.009765625,-0.013671875,0,0
1779555784.408460,0.013671875,-0.10546875,0.68359375,0.00390625,0.009765625,-0.013671875,0,0
1779555784.424461,0.013671875,-0.10546875,0.68359375,0.00390625,0.009765625,-0.013671875,0,0
1779555784.440447,0.013671875,-0.10546875,0.68359375,0.00390625,0.009765625,-0.013671875,0,0
1779555784.456529,0.013671875,-0.10546875,0.68359375,0.00390625,0.009765625,-0.013671875,0,0
1779555784.472461,0.013671875,-0.111328125,0.68359375,0.00390625,0.009765625,-0.013671875,0,0
1779555784.488491,0.013671875,-0.111328125,0.68359375,0.00390625,0.009765625,-0.013671875,0,0
1779555784.504501,0.013671875,-0.109375,0.68359375,0.00390625,0.009765625,-0.013671875,0,0
1779555784.520512,0.013671875,-0.10546875,0.68359375,0.00390625,0.009765625,-0.013671875,0,0
1779555784.536436,0.013671875,-0.10546875,0.68359375,0.00390625,0.009765625,-0.013671875,0,0
1779555784.552490,0.013671875,-0.099609375,0.68359375,0.00390625,0.009765625,-0.013671875,0,0
1779555784.568531,0.013671875,-0.1015625,0.68359375,0.00390625,0.009765625,-0.013671875,0,0
1779555784.584475,0.013671875,-0.103515625,0.68359375,0.00390625,0.009765625,-0.013671875,0,0
1779555784.600526,0.013671875,-0.099609375,0.68359375,0.00390625,0.009765625,-0.013671875,0,0
1779555784.616544,0.013671875,-0.09765625,0.6796875,0.00390625,0.009765625,-0.013671875,0,0
1779555784.632498,0.013671875,-0.09375,0.677734375,0.00390625,0.009765625,-0.013671875,0,0
1779555784.648454,0.013671875,-0.08984375,0.67578125,0.00390625,0.009765625,-0.013671875,0,0
1779555784.664510,0.013671875,-0.08203125,0.67578125,0.00390625,0.009765625,-0.013671875,0,0
1779555784.680459,0.013671875,-0.08203125,0.669921875,0.00390625,0.009765625,-0.013671875,0,0
1779555784.696487,0.013671875,-0.076171875,0.6640625,0.00390625,0.009765625,-0.013671875,0,0
1779555784.712442,0.013671875,-0.078125,0.65625,0.00390625,0.009765625,-0.013671875,0,0
1779555784.728482,0.013671875,-0.087890625,0.65625,0.00390625,0.009765625,-0.013671875,0,0
1779555784.744478,0.013671875,-0.087890625,0.654296875,0.00390625,0.009765625,-0.013671875,0,0
1779555784.760526,0.013671875,-0.083984375,0.65625,0.00390625,0.009765625,-0.013671875,0,0
1779555784.776468,0.013671875,-0.080078125,0.65234375,0.00390625,0.009765625,-0.013671875,0,0
1779555784.792497,0.013671875,-0.076171875,0.64453125,0.00390625,0.009765625,-0.013671875,0,0
1779555784.808521,0.013671875,-0.076171875,0.63671875,0.00390625,0.009765625,-0.013671875,0,0
1779555784.824501,0.013671875,-0.076171875,0.630859375,0.00390625,0.009765625,-0.013671875,0,0
1779555784.840519,0.013671875,-0.07421875,0.62109375,0.00390625,0.009765625,-0.013671875,0,0
1779555784.856490,0.013671875,-0.068359375,0.607421875,0.00390625,0.009765625,-0.013671875,0,0
1779555784.872474,0.013671875,-0.06640625,0.5859375,0.00390625,0.009765625,-0.013671875,0,0
1779555784.888565,0.013671875,-0.06640625,0.568359375,0.00390625,0.009765625,-0.013671875,0,0
1779555784.904500,0.013671875,-0.072265625,0.541015625,0.00390625,0.009765625,-0.013671875,0,0
1779555784.920497,0.013671875,-0.078125,0.498046875,0.00390625,0.009765625,-0.013671875,0,0
1779555784.928559,0.013671875,-0.078125,0.498046875,0.00390625,0.009765625,-0.013671875,0,0
1779555784.936534,0.013671875,-0.076171875,0.44140625,0.00390625,0.009765625,-0.013671875,0,0
1779555784.944490,0.013671875,-0.076171875,0.44140625,0.033203125,0.009765625,-0.013671875,0,0
1779555784.952504,0.013671875,-0.06640625,0.40625,0.033203125,0.009765625,-0.013671875,0,0
1779555784.960515,0.013671875,-0.06640625,0.40625,0.052734375,0.009765625,-0.013671875,0,0
1779555784.968467,0.013671875,-0.03515625,0.3671875,0.052734375,0.009765625,-0.013671875,0,0
1779555784.976484,0.013671875,-0.03515625,0.3671875,0.068359375,0.009765625,-0.013671875,0,0
1779555784.984602,0.013671875,-0.0078125,0.322265625,0.068359375,0.009765625,-0.013671875,0,0
1779555784.992512,0.013671875,-0.0078125,0.322265625,0.0625,0.009765625,-0.013671875,0,0
1779555785.000497,0.013671875,-0.0078125,0.28125,0.0625,0.009765625,-0.013671875,0,0
1779555785.008477,0.013671875,-0.0078125,0.28125,0.037109375,0.009765625,-0.013671875,0,0
1779555785.016510,0.013671875,-0.0078125,0.24609375,0.037109375,0.009765625,-0.013671875,0,0
1779555785.024479,0.013671875,-0.0078125,0.24609375,0.015625,0.009765625,-0.013671875,0,0
1779555785.032495,0.013671875,-0.0078125,0.19140625,0.015625,0.009765625,-0.013671875,0,0
1779555785.048481,0.013671875,-0.0078125,0.130859375,0.015625,0.009765625,-0.013671875,0,0
1779555785.064512,0.013671875,-0.0078125,0.080078125,0.015625,0.009765625,-0.013671875,0,0
1779555785.080560,0.013671875,-0.0078125,0.05078125,0.015625,0.009765625,-0.013671875,0,0
1779555785.088572,0.013671875,-0.0078125,0.05078125,0.015625,0.009765625,0.00390625,0,0
1779555785.096444,0.013671875,-0.0078125,0.04296875,0.015625,0.009765625,0.00390625,0,0
1779555785.104509,0.013671875,-0.0078125,0.04296875,0.015625,0.009765625,0.0078125,0,0
1779555785.112510,0.013671875,-0.0078125,0.037109375,0.015625,0.009765625,0.0078125,0,0
1779555785.120498,0.013671875,-0.0078125,0.037109375,0.015625,0.009765625,0.00390625,0,0
1779555785.128508,0.013671875,-0.0078125,0.02734375,0.015625,0.009765625,0.00390625,0,0
1779555785.144488,0.013671875,-0.0078125,0.013671875,0.015625,0.009765625,0.00390625,0,0
1779555785.160546,0.013671875,-0.0078125,0.0078125,0.015625,0.009765625,0.00390625,0,0
1779555785.176481,0.013671875,-0.0078125,0.005859375,0.015625,0.009765625,0.00390625,0,0
1779555785.206460,0.0,0.0,0.0,0.0,0.0,0.0,0,0
1779555785.237456,0.0,0.0,0.0,0.0,0.0,0.0,0,0
1779555785.268538,0.0,0.0,0.0,0.0,0.0,0.0,0,0
1779555785.299489,0.0,0.0,0.0,0.0,0.0,0.0,0,0
1779555785.330512,0.0,0.0,0.0,0.0,0.0,0.0,0,0
1779555785.361532,0.0,0.0,0.0,0.0,0.0,0.0,0,0
1779555785.392487,0.0,0.0,0.0,0.0,0.0,0.0,0,0
1779555785.423452,0.0,0.0,0.0,0.0,0.0,0.0,0,0
1779555785.454514,0.0,0.0,0.0,0.0,0.0,0.0,0,0
1779555785.485506,0.0,0.0,0.0,0.0,0.0,0.0,0,0
1779555785.516512,0.0,0.0,0.0,0.0,0.0,0.0,0,0
1779555785.547535,0.0,0.0,0.0,0.0,0.0,0.0,0,0
1779555785.578455,0.0,0.0,0.0,0.0,0.0,0.0,0,0
1779555785.609487,0.0,0.0,0.0,0.0,0.0,0.0,0,0
1779555785.640492,0.0,0.0,0.0,0.0,0.0,0.0,0,0
1779555785.671468,0.0,0.0,0.0,0.0,0.0,0.0,0,0
1779555785.702539,0.0,0.0,0.0,0.0,0.0,0.0,0,0
1779555785.733503,0.0,0.0,0.0,0.0,0.0,0.0,0,0
1779555785.764508,0.0,0.0,0.0,0.0,0.0,0.0,0,0
1779555785.795542,0.0,0.0,0.0,0.0,0.0,0.0,0,0
1779555785.826492,0.0,0.0,0.0,0.0,0.0,0.0,0,0
1779555785.857458,0.0,0.0,0.0,0.0,0.0,0.0,0,0
1779555785.888570,0.0,0.0,0.0,0.0,0.0,0.0,0,0
1779555785.919507,0.0,0.0,0.0,0.0,0.0,0.0,0,0
1779555785.950543,0.0,0.0,0.0,0.0,0.0,0.0,0,0
1779555785.981536,0.0,0.0,0.0,0.0,0.0,0.0,0,0
1779555786.012532,0.0,0.0,0.0,0.0,0.0,0.0,0,0
1779555786.043527,0.0,0.0,0.0,0.0,0.0,0.0,0,0
1779555786.074543,0.0,0.0,0.0,0.0,0.0,0.0,0,0
1779555786.105472,0.0,0.0,0.0,0.0,0.0,0.0,0,0
1779555786.136475,0.0,0.0,0.0,0.0,0.0,0.0,0,0
1779555786.167520,0.0,0.0,0.0,0.0,0.0,0.0,0,0
1779555786.198479,0.0,0.0,0.0,0.0,0.0,0.0,0,0
1779555786.229493,0.0,0.0,0.0,0.0,0.0,0.0,0,0
1779555786.260517,0.0,0.0,0.0,0.0,0.0,0.0,0,0
1779555786.291480,0.0,0.0,0.0,0.0,0.0,0.0,0,0
1779555786.322528,0.0,0.0,0.0,0.0,0.0,0.0,0,0
1779555786.353507,0.0,0.0,0.0,0.0,0.0,0.0,0,0
1779555786.384596,0.0,0.0,0.0,0.0,0.0,0.0,0,0
1779555786.415527,0.0,0.0,0.0,0.0,0.0,0.0,0,0
1779555786.446548,0.0,0.0,0.0,0.0,0.0,0.0,0,0
1779555786.477508,0.0,0.0,0.0,0.0,0.0,0.0,0,0
1779555786.508509,0.0,0.0,0.0,0.0,0.0,0.0,0,0
1779555786.539451,0.0,0.0,0.0,0.0,0.0,0.0,0,0
1779555786.570467,0.0,0.0,0.0,0.0,0.0,0.0,0,0
1779555786.601566,0.0,0.0,0.0,0.0,0.0,0.0,0,0
1779555786.632510,0.0,0.0,0.0,0.0,0.0,0.0,0,0
1779555786.663503,0.0,0.0,0.0,0.0,0.0,0.0,0,0
1779555786.694526,0.0,0.0,0.0,0.0,0.0,0.0,0,0
1779555786.725524,0.0,0.0,0.0,0.0,0.0,0.0,0,0
1779555786.756532,0.0,0.0,0.0,0.0,0.0,0.0,0,0
1779555786.787557,0.0,0.0,0.0,0.0,0.0,0.0,0,0
1779555786.818551,0.0,0.0,0.0,0.0,0.0,0.0,0,0
1779555786.849452,0.0,0.0,0.0,0.0,0.0,0.0,0,0
1779555786.880503,0.0,0.0,0.0,0.0,0.0,0.0,0,0
1779555786.911489,0.0,0.0,0.0,0.0,0.0,0.0,0,0
1779555786.942451,0.0,0.0,0.0,0.0,0.0,0.0,0,0
1779555786.973534,0.0,0.0,0.0,0.0,0.0,0.0,0,0
1779555787.004534,0.0,0.0,0.0,0.0,0.0,0.0,0,0
1779555787.035495,0.0,0.0,0.0,0.0,0.0,0.0,0,0
1779555787.066499,0.0,0.0,0.0,0.0,0.0,0.0,0,0
1779555787.097486,0.0,0.0,0.0,0.0,0.0,0.0,0,0
1779555787.128510,0.0,0.0,0.0,0.0,0.0,0.0,0,0
1779555787.159503,0.0,0.0,0.0,0.0,0.0,0.0,0,0
1779555787.190472,0.0,0.0,0.0,0.0,0.0,0.0,0,0
1779555787.221472,0.0,0.0,0.0,0.0,0.0,0.0,0,0
1779555787.252548,0.0,0.0,0.0,0.0,0.0,0.0,0,0
1779555787.283500,0.0,0.0,0.0,0.0,0.0,0.0,0,0
1779555787.314507,0.0,0.0,0.0,0.0,0.0,0.0,0,0
1779555787.345506,0.0,0.0,0.0,0.0,0.0,0.0,0,0
1779555787.376532,0.0,0.0,0.0,0.0,0.0,0.0,0,0
1779555787.407507,0.0,0.0,0.0,0.0,0.0,0.0,0,0
1779555787.438502,0.0,0.0,0.0,0.0,0.0,0.0,0,0
1779555787.469462,0.0,0.0,0.0,0.0,0.0,0.0,0,0
1779555787.500496,0.0,0.0,0.0,0.0,0.0,0.0,0,0
1779555787.531474,0.0,0.0,0.0,0.0,0.0,0.0,0,0
1779555787.562538,0.0,0.0,0.0,0.0,0.0,0.0,0,0
1779555787.593505,0.0,0.0,0.0,0.0,0.0,0.0,0,0
1779555787.624530,0.0,0.0,0.0,0.0,0.0,0.0,0,0
1779555787.655462,0.0,0.0,0.0,0.0,0.0,0.0,0,0
1779555787.686528,0.0,0.0,0.0,0.0,0.0,0.0,0,0
1779555787.717527,0.0,0.0,0.0,0.0,0.0,0.0,0,0
1779555787.748490,0.0,0.0,0.0,0.0,0.0,0.0,0,0
1779555787.779439,0.0,0.0,0.0,0.0,0.0,0.0,0,0
1779555787.810474,0.0,0.0,0.0,0.0,0.0,0.0,0,0
1779555787.841475,0.0,0.0,0.0,0.0,0.0,0.0,0,0
1779555787.872474,0.0,0.0,0.0,0.0,0.0,0.0,0,0
1779555787.903523,0.0,0.0,0.0,0.0,0.0,0.0,0,0
1779555787.934493,0.0,0.0,0.0,0.0,0.0,0.0,0,0
1779555787.965506,0.0,0.0,0.0,0.0,0.0,0.0,0,0
1779555787.996487,0.0,0.0,0.0,0.0,0.0,0.0,0,0
1779555788.027530,0.0,0.0,0.0,0.0,0.0,0.0,0,0
1779555788.058537,0.0,0.0,0.0,0.0,0.0,0.0,0,0
1779555788.089478,0.0,0.0,0.0,0.0,0.0,0.0,0,0
1779555788.120512,0.0,0.0,0.0,0.0,0.0,0.0,0,0
1779555788.151533,0.0,0.0,0.0,0.0,0.0,0.0,0,0
1779555788.182502,0.0,0.0,0.0,0.0,0.0,0.0,0,0
1779555788.213525,0.0,0.0,0.0,0.0,0.0,0.0,0,0
1779555788.244518,0.0,0.0,0.0,0.0,0.0,0.0,0,0
1779555788.275410,0.0,0.0,0.0,0.0,0.0,0.0,0,0
1779555788.306484,0.0,0.0,0.0,0.0,0.0,0.0,0,0
1779555788.337457,0.0,0.0,0.0,0.0,0.0,0.0,0,0
1779555788.368565,0.0,0.0,0.0,0.0,0.0,0.0,0,0
1779555788.399436,0.0,0.0,0.0,0.0,0.0,0.0,0,0
1779555788.430492,0.0,0.0,0.0,0.0,0.0,0.0,0,0
1779555788.448502,0.013671875,-0.0078125,-0.00390625,0.015625,0.009765625,0.00390625,0,0
1779555788.464471,0.013671875,-0.0078125,-0.015625,0.015625,0.009765625,0.00390625,0,0
1779555788.480477,0.013671875,-0.0078125,-0.0546875,0.015625,0.009765625,0.00390625,0,0
1779555788.488549,0.013671875,-0.0078125,-0.0546875,0.009765625,0.009765625,0.00390625,0,0
1779555788.496485,0.013671875,-0.0078125,-0.10546875,0.009765625,0.009765625,0.00390625,0,0
1779555788.504508,0.013671875,-0.0078125,-0.10546875,0.02734375,0.009765625,0.00390625,0,0
1779555788.512492,0.013671875,-0.0078125,-0.154296875,0.02734375,0.009765625,0.00390625,0,0
1779555788.520548,0.013671875,-0.0078125,-0.154296875,0.060546875,0.009765625,0.00390625,0,0
1779555788.528550,0.013671875,-0.0078125,-0.19140625,0.060546875,0.009765625,0.00390625,0,0
1779555788.536533,0.013671875,-0.0078125,-0.19140625,0.076171875,-0.00390625,0.00390625,0,0
1779555788.544501,-0.01171875,-0.0078125,-0.234375,0.076171875,-0.00390625,0.00390625,0,0
1779555788.552577,-0.01171875,-0.0078125,-0.234375,0.09375,-0.015625,0.00390625,0,0
1779555788.560545,-0.01953125,-0.0078125,-0.279296875,0.09375,-0.015625,0.00390625,0,0
1779555788.568549,-0.01953125,-0.0078125,-0.279296875,0.095703125,-0.0234375,0.00390625,0,0
1779555788.576519,-0.025390625,-0.0078125,-0.3203125,0.095703125,-0.0234375,0.00390625,0,0
1779555788.584503,-0.025390625,-0.0078125,-0.3203125,0.10546875,-0.025390625,0.00390625,0,0
1779555788.592508,-0.03125,-0.0078125,-0.353515625,0.10546875,-0.025390625,0.00390625,0,0
1779555788.600502,-0.03125,-0.0078125,-0.353515625,0.11328125,-0.03125,0.00390625,0,0
1779555788.608566,-0.044921875,-0.0078125,-0.3828125,0.11328125,-0.03125,0.00390625,0,0
1779555788.616501,-0.044921875,-0.0078125,-0.3828125,0.1328125,-0.0390625,0.00390625,0,0
1779555788.624559,-0.056640625,-0.0078125,-0.3984375,0.1328125,-0.0390625,0.00390625,0,0
1779555788.632516,-0.056640625,-0.0078125,-0.3984375,0.15234375,-0.046875,0.00390625,0,0
1779555788.640536,-0.06640625,-0.0078125,-0.412109375,0.15234375,-0.046875,0.00390625,0,0
1779555788.648482,-0.06640625,-0.0078125,-0.412109375,0.171875,-0.05078125,0.00390625,0,0
1779555788.656582,-0.072265625,-0.00390625,-0.423828125,0.171875,-0.05078125,0.00390625,0,0
1779555788.664479,-0.072265625,-0.00390625,-0.423828125,0.1875,-0.05078125,0.00390625,0,0
1779555788.672498,-0.0625,-0.005859375,-0.419921875,0.1875,-0.05078125,0.00390625,0,0
1779555788.680449,-0.0625,-0.005859375,-0.419921875,0.193359375,-0.0390625,0.00390625,0,0
1779555788.688448,-0.052734375,-0.005859375,-0.412109375,0.193359375,-0.0390625,0.00390625,0,0
1779555788.696505,-0.052734375,-0.005859375,-0.412109375,0.185546875,-0.02734375,0.00390625,0,0
1779555788.704484,-0.052734375,0.0,-0.404296875,0.185546875,-0.02734375,0.00390625,0,0
1779555788.712481,-0.052734375,0.0,-0.404296875,0.169921875,-0.02734375,0.00390625,0,0
1779555788.720524,-0.060546875,0.0,-0.3984375,0.169921875,-0.02734375,0.00390625,0,0
1779555788.728541,-0.060546875,0.0,-0.3984375,0.154296875,-0.0234375,0.00390625,0,0
1779555788.736505,-0.06640625,0.0,-0.390625,0.154296875,-0.0234375,0.00390625,0,0
1779555788.744518,-0.06640625,0.0,-0.390625,0.130859375,-0.0234375,0.00390625,0,0
1779555788.752545,-0.072265625,0.0,-0.388671875,0.130859375,-0.0234375,0.00390625,0,0
1779555788.760465,-0.072265625,0.0,-0.388671875,0.107421875,-0.025390625,0.00390625,0,0
1779555788.768480,-0.072265625,0.0,-0.384765625,0.107421875,-0.025390625,0.00390625,0,0
1779555788.776455,-0.072265625,0.0,-0.384765625,0.09375,-0.021484375,0.00390625,0,0
1779555788.784515,-0.0703125,0.0,-0.3828125,0.09375,-0.021484375,0.00390625,0,0
1779555788.792527,-0.0703125,0.0,-0.3828125,0.08203125,-0.01953125,0.0,0,0
1779555788.800571,-0.064453125,0.0,-0.376953125,0.08203125,-0.01953125,0.0,0,0
1779555788.808555,-0.064453125,0.0,-0.376953125,0.064453125,-0.017578125,0.0,0,0
1779555788.816513,-0.0546875,0.0,-0.37109375,0.064453125,-0.017578125,0.0,0,0
1779555788.824564,-0.0546875,0.0,-0.37109375,0.056640625,-0.01171875,0.0,0,0
1779555788.832500,-0.052734375,0.0,-0.369140625,0.056640625,-0.01171875,0.0,0,0
1779555788.840509,-0.052734375,0.0,-0.369140625,0.044921875,-0.013671875,0.0,0,0
1779555788.848474,-0.060546875,0.0,-0.37109375,0.044921875,-0.013671875,0.0,0,0
1779555788.856605,-0.060546875,0.0,-0.37109375,0.037109375,-0.01953125,0.0,0,0
1779555788.864472,-0.0703125,0.0,-0.37890625,0.037109375,-0.01953125,0.0,0,0
1779555788.872489,-0.0703125,0.0,-0.37890625,0.0390625,-0.029296875,0.0,0,0
1779555788.880485,-0.07421875,0.0,-0.37890625,0.0390625,-0.029296875,0.0,0,0
1779555788.888533,-0.07421875,0.0,-0.37890625,0.0390625,-0.03515625,-0.00390625,0,0
1779555788.896537,-0.07421875,0.0,-0.37890625,0.0390625,-0.03515625,-0.00390625,0,0
1779555788.904498,-0.07421875,0.0,-0.37890625,0.03515625,-0.03515625,-0.00390625,0,0
1779555788.912457,-0.07421875,0.0,-0.376953125,0.03515625,-0.03515625,-0.00390625,0,0
1779555788.920655,-0.07421875,0.0,-0.376953125,0.021484375,-0.0390625,-0.00390625,0,0
1779555788.928549,-0.07421875,0.0,-0.375,0.021484375,-0.0390625,-0.00390625,0,0
1779555788.936543,-0.07421875,0.0,-0.375,0.01171875,-0.0390625,-0.00390625,0,0
1779555788.944529,-0.076171875,0.0,-0.376953125,0.01171875,-0.0390625,-0.00390625,0,0
1779555788.952597,-0.076171875,0.0,-0.376953125,0.00390625,-0.041015625,-0.00390625,0,0
1779555788.960593,-0.08203125,0.0,-0.37890625,0.00390625,-0.041015625,-0.00390625,0,0
1779555788.968785,-0.08203125,0.0,-0.37890625,0.00390625,-0.04296875,-0.005859375,0,0
1779555788.976481,-0.091796875,0.0,-0.380859375,0.00390625,-0.04296875,-0.005859375,0,0
1779555788.984529,-0.091796875,0.0,-0.380859375,0.00390625,-0.046875,-0.005859375,0,0
1779555788.992540,-0.1015625,0.0,-0.3828125,0.00390625,-0.046875,-0.005859375,0,0
1779555789.000506,-0.1015625,0.0,-0.3828125,0.00390625,-0.05078125,-0.01171875,0,0
1779555789.008465,-0.103515625,0.0,-0.37890625,0.00390625,-0.05078125,-0.01171875,0,0
1779555789.016540,-0.103515625,0.0,-0.37890625,0.00390625,-0.05078125,-0.01171875,0,0
1779555789.024562,-0.111328125,0.0,-0.376953125,0.00390625,-0.05078125,-0.01171875,0,0
1779555789.032560,-0.111328125,0.0,-0.376953125,0.00390625,-0.052734375,-0.015625,0,0
1779555789.040549,-0.12109375,0.0,-0.380859375,0.00390625,-0.052734375,-0.015625,0,0
1779555789.049930,-0.12109375,0.0,-0.380859375,0.00390625,-0.056640625,-0.017578125,0,0
1779555789.056669,-0.142578125,0.0,-0.388671875,0.00390625,-0.056640625,-0.017578125,0,0
1779555789.064537,-0.142578125,0.0,-0.388671875,0.00390625,-0.06640625,-0.017578125,0,0
1779555789.072543,-0.162109375,0.0,-0.39453125,0.00390625,-0.06640625,-0.017578125,0,0
1779555789.080509,-0.162109375,0.0,-0.39453125,0.00390625,-0.0703125,-0.01953125,0,0
1779555789.088523,-0.1875,0.0,-0.400390625,0.00390625,-0.0703125,-0.01953125,0,0
1779555789.096512,-0.1875,0.0,-0.400390625,0.00390625,-0.080078125,-0.025390625,0,0
1779555789.104523,-0.203125,0.0,-0.400390625,0.00390625,-0.080078125,-0.025390625,0,0
1779555789.112483,-0.203125,0.0,-0.400390625,0.00390625,-0.08203125,-0.033203125,0,0
1779555789.120571,-0.20703125,0.0,-0.3984375,0.00390625,-0.08203125,-0.033203125,0,0
1779555789.128570,-0.20703125,0.0,-0.3984375,0.00390625,-0.076171875,-0.0390625,0,0
1779555789.136544,-0.212890625,0.0,-0.392578125,0.00390625,-0.076171875,-0.0390625,0,0
1779555789.144502,-0.212890625,0.0,-0.392578125,0.00390625,-0.07421875,-0.046875,0,0
1779555789.152548,-0.22265625,0.0,-0.392578125,0.00390625,-0.07421875,-0.046875,0,0
1779555789.160519,-0.22265625,0.0,-0.392578125,0.00390625,-0.0703125,-0.052734375,0,0
1779555789.168598,-0.251953125,0.0,-0.400390625,0.00390625,-0.0703125,-0.052734375,0,0
1779555789.176522,-0.251953125,0.0,-0.400390625,0.00390625,-0.076171875,-0.05859375,0,0
1779555789.184528,-0.2890625,0.0,-0.400390625,0.00390625,-0.076171875,-0.05859375,0,0
1779555789.192455,-0.2890625,0.0,-0.400390625,0.00390625,-0.087890625,-0.0625,0,0
1779555789.200526,-0.3203125,0.0,-0.404296875,0.00390625,-0.087890625,-0.0625,0,0
1779555789.208443,-0.3203125,0.0,-0.404296875,0.00390625,-0.09765625,-0.0703125,0,0
1779555789.216516,-0.33984375,0.0,-0.40625,0.00390625,-0.09765625,-0.0703125,0,0
1779555789.224553,-0.33984375,0.0,-0.40625,0.00390625,-0.1015625,-0.076171875,0,0
1779555789.232516,-0.349609375,0.0,-0.40625,0.00390625,-0.1015625,-0.076171875,0,0
1779555789.240553,-0.349609375,0.0,-0.40625,0.00390625,-0.099609375,-0.08203125,0,0
1779555789.248512,-0.353515625,0.0,-0.41015625,0.00390625,-0.099609375,-0.08203125,0,0
1779555789.256567,-0.353515625,0.0,-0.41015625,0.005859375,-0.099609375,-0.087890625,0,0
1779555789.264547,-0.359375,0.0,-0.412109375,0.005859375,-0.099609375,-0.087890625,0,0
1779555789.272555,-0.359375,0.0,-0.412109375,0.01171875,-0.095703125,-0.09375,0,0
1779555789.280482,-0.365234375,0.0,-0.41796875,0.01171875,-0.095703125,-0.09375,0,0
1779555789.288527,-0.365234375,0.0,-0.41796875,0.021484375,-0.095703125,-0.099609375,0,0
1779555789.296498,-0.37890625,0.0,-0.4296875,0.021484375,-0.095703125,-0.099609375,0,0
1779555789.304477,-0.37890625,0.0,-0.4296875,0.0390625,-0.09765625,-0.109375,0,0
1779555789.312492,-0.380859375,0.0,-0.4296875,0.0390625,-0.09765625,-0.109375,0,0
1779555789.320509,-0.380859375,0.0,-0.4296875,0.05078125,-0.095703125,-0.115234375,0,0
1779555789.328456,-0.380859375,0.0078125,-0.431640625,0.05078125,-0.095703125,-0.115234375,0,0
1779555789.336565,-0.380859375,0.0078125,-0.431640625,0.05859375,-0.09765625,-0.12109375,0,0
1779555789.344533,-0.376953125,0.01171875,-0.439453125,0.05859375,-0.09765625,-0.12109375,0,0
1779555789.352539,-0.376953125,0.01171875,-0.439453125,0.068359375,-0.09765625,-0.125,0,0
1779555789.360476,-0.375,0.01953125,-0.443359375,0.068359375,-0.09765625,-0.125,0,0
1779555789.368518,-0.375,0.01953125,-0.443359375,0.0703125,-0.09765625,-0.12890625,0,0
1779555789.376469,-0.375,0.0234375,-0.44921875,0.0703125,-0.09765625,-0.12890625,0,0
1779555789.384517,-0.375,0.0234375,-0.44921875,0.068359375,-0.1015625,-0.12890625,0,0
1779555789.392467,-0.375,0.025390625,-0.451171875,0.068359375,-0.1015625,-0.12890625,0,0
1779555789.400507,-0.375,0.025390625,-0.451171875,0.064453125,-0.099609375,-0.12890625,0,0
1779555789.408460,-0.37109375,0.025390625,-0.453125,0.064453125,-0.099609375,-0.12890625,0,0
1779555789.416495,-0.37109375,0.025390625,-0.453125,0.0546875,-0.099609375,-0.12890625,0,0
1779555789.424508,-0.365234375,0.025390625,-0.458984375,0.0546875,-0.099609375,-0.12890625,0,0
1779555789.432509,-0.365234375,0.025390625,-0.458984375,0.0546875,-0.099609375,-0.126953125,0,0
1779555789.440481,-0.361328125,0.02734375,-0.4609375,0.0546875,-0.099609375,-0.126953125,0,0
1779555789.448508,-0.361328125,0.02734375,-0.4609375,0.0546875,-0.1015625,-0.126953125,0,0
1779555789.456540,-0.353515625,0.029296875,-0.46484375,0.0546875,-0.1015625,-0.126953125,0,0
1779555789.464509,-0.353515625,0.029296875,-0.46484375,0.060546875,-0.1015625,-0.126953125,0,0
1779555789.472520,-0.341796875,0.029296875,-0.466796875,0.060546875,-0.1015625,-0.126953125,0,0
1779555789.480489,-0.341796875,0.029296875,-0.466796875,0.064453125,-0.095703125,-0.126953125,0,0
1779555789.488461,-0.330078125,0.029296875,-0.470703125,0.064453125,-0.095703125,-0.126953125,0,0
1779555789.496510,-0.330078125,0.029296875,-0.470703125,0.068359375,-0.091796875,-0.12890625,0,0
1779555789.504512,-0.322265625,0.029296875,-0.474609375,0.068359375,-0.091796875,-0.12890625,0,0
1779555789.512547,-0.322265625,0.029296875,-0.474609375,0.072265625,-0.091796875,-0.126953125,0,0
1779555789.520542,-0.30859375,0.029296875,-0.478515625,0.072265625,-0.091796875,-0.126953125,0,0
1779555789.528453,-0.30859375,0.029296875,-0.478515625,0.076171875,-0.091796875,-0.125,0,0
1779555789.536522,-0.298828125,0.0234375,-0.484375,0.076171875,-0.091796875,-0.125,0,0
1779555789.544513,-0.298828125,0.0234375,-0.484375,0.080078125,-0.091796875,-0.12109375,0,0
1779555789.552532,-0.296875,0.017578125,-0.494140625,0.080078125,-0.091796875,-0.12109375,0,0
1779555789.560484,-0.296875,0.017578125,-0.494140625,0.08203125,-0.09375,-0.12109375,0,0
1779555789.568578,-0.2890625,0.015625,-0.5,0.08203125,-0.09375,-0.12109375,0,0
1779555789.576542,-0.2890625,0.015625,-0.5,0.083984375,-0.091796875,-0.12109375,0,0
1779555789.584549,-0.28125,0.01171875,-0.501953125,0.083984375,-0.091796875,-0.12109375,0,0
1779555789.592526,-0.28125,0.01171875,-0.501953125,0.083984375,-0.091796875,-0.12109375,0,0
1779555789.600442,-0.267578125,0.009765625,-0.505859375,0.083984375,-0.091796875,-0.12109375,0,0
1779555789.608500,-0.267578125,0.009765625,-0.505859375,0.083984375,-0.083984375,-0.12109375,0,0
1779555789.616495,-0.25390625,0.0078125,-0.5078125,0.083984375,-0.083984375,-0.12109375,0,0
1779555789.624515,-0.25390625,0.0078125,-0.5078125,0.083984375,-0.076171875,-0.119140625,0,0
1779555789.632508,-0.244140625,0.0078125,-0.51171875,0.083984375,-0.076171875,-0.119140625,0,0
1779555789.640522,-0.244140625,0.0078125,-0.51171875,0.08984375,-0.07421875,-0.115234375,0,0
1779555789.648520,-0.236328125,0.0078125,-0.513671875,0.08984375,-0.07421875,-0.115234375,0,0
1779555789.656533,-0.236328125,0.0078125,-0.513671875,0.08984375,-0.078125,-0.111328125,0,0
1779555789.664505,-0.23046875,0.0078125,-0.51171875,0.08984375,-0.078125,-0.111328125,0,0
1779555789.672472,-0.23046875,0.0078125,-0.51171875,0.091796875,-0.076171875,-0.107421875,0,0
1779555789.680470,-0.220703125,0.0078125,-0.505859375,0.091796875,-0.076171875,-0.107421875,0,0
1779555789.688562,-0.220703125,0.0078125,-0.505859375,0.09375,-0.072265625,-0.103515625,0,0
1779555789.696487,-0.2109375,0.0078125,-0.498046875,0.09375,-0.072265625,-0.103515625,0,0
1779555789.704500,-0.2109375,0.0078125,-0.498046875,0.09375,-0.068359375,-0.1015625,0,0
1779555789.712482,-0.203125,0.0078125,-0.4921875,0.09375,-0.068359375,-0.1015625,0,0
1779555789.720532,-0.203125,0.0078125,-0.4921875,0.087890625,-0.0625,-0.099609375,0,0
1779555789.728505,-0.197265625,0.0078125,-0.484375,0.087890625,-0.0625,-0.099609375,0,0
1779555789.736446,-0.197265625,0.0078125,-0.484375,0.083984375,-0.060546875,-0.09765625,0,0
1779555789.744476,-0.193359375,0.0078125,-0.47265625,0.083984375,-0.060546875,-0.09765625,0,0
1779555789.752506,-0.193359375,0.0078125,-0.47265625,0.072265625,-0.05859375,-0.09375,0,0
1779555789.760540,-0.181640625,0.009765625,-0.453125,0.072265625,-0.05859375,-0.09375,0,0
1779555789.768518,-0.181640625,0.009765625,-0.453125,0.064453125,-0.05859375,-0.087890625,0,0
1779555789.776431,-0.16796875,0.013671875,-0.431640625,0.064453125,-0.05859375,-0.087890625,0,0
1779555789.784427,-0.16796875,0.013671875,-0.431640625,0.0546875,-0.0546875,-0.080078125,0,0
1779555789.792519,-0.15625,0.025390625,-0.388671875,0.0546875,-0.0546875,-0.080078125,0,0
1779555789.800526,-0.15625,0.025390625,-0.388671875,0.041015625,-0.0546875,-0.07421875,0,0
1779555789.808463,-0.1484375,0.03125,-0.34765625,0.041015625,-0.0546875,-0.07421875,0,0
1779555789.816469,-0.1484375,0.03125,-0.34765625,0.0390625,-0.056640625,-0.0703125,0,0
1779555789.824467,-0.126953125,0.013671875,-0.28515625,0.0390625,-0.056640625,-0.0703125,0,0
1779555789.832462,-0.126953125,0.013671875,-0.28515625,0.037109375,-0.0546875,-0.056640625,0,0
1779555789.840482,-0.080078125,0.013671875,-0.166015625,0.037109375,-0.0546875,-0.056640625,0,0
1779555789.848524,-0.080078125,0.013671875,-0.166015625,0.037109375,-0.037109375,-0.037109375,0,0
1779555789.856522,-0.01953125,0.013671875,-0.046875,0.037109375,-0.037109375,-0.037109375,0,0
1779555789.864462,-0.01953125,0.013671875,-0.046875,0.03515625,-0.037109375,-0.015625,0,0
1779555789.880462,-0.01953125,0.013671875,-0.046875,0.025390625,-0.037109375,-0.00390625,0,0
1779555789.888524,-0.009765625,0.013671875,-0.046875,0.025390625,-0.037109375,-0.00390625,0,0
1779555789.918497,0.0,0.0,0.0,0.0,0.0,0.0,0,0
1779555789.949558,0.0,0.0,0.0,0.0,0.0,0.0,0,0
1779555789.980541,0.0,0.0,0.0,0.0,0.0,0.0,0,0
1779555790.011486,0.0,0.0,0.0,0.0,0.0,0.0,0,0
1779555790.042490,0.0,0.0,0.0,0.0,0.0,0.0,0,0
1779555790.073518,0.0,0.0,0.0,0.0,0.0,0.0,0,0
1779555790.104515,0.0,0.0,0.0,0.0,0.0,0.0,0,0
1779555790.112491,-0.009765625,0.013671875,-0.0703125,0.025390625,-0.037109375,-0.00390625,0,0
1779555790.128520,-0.009765625,0.013671875,-0.103515625,0.025390625,-0.037109375,-0.00390625,0,0
1779555790.144500,0.0,0.013671875,-0.140625,0.025390625,-0.037109375,-0.00390625,0,0
1779555790.152561,0.0,0.013671875,-0.140625,0.025390625,-0.017578125,-0.00390625,0,0
1779555790.160475,-0.01953125,0.013671875,-0.21484375,0.025390625,-0.017578125,-0.00390625,0,0
1779555790.168491,-0.01953125,0.013671875,-0.21484375,0.025390625,-0.0390625,-0.00390625,0,0
1779555790.176486,-0.0390625,0.013671875,-0.28515625,0.025390625,-0.0390625,-0.00390625,0,0
1779555790.184479,-0.0390625,0.013671875,-0.28515625,0.025390625,-0.060546875,-0.00390625,0,0
1779555790.192502,-0.033203125,0.013671875,-0.322265625,0.025390625,-0.060546875,-0.00390625,0,0
1779555790.200535,-0.033203125,0.013671875,-0.322265625,0.025390625,-0.052734375,-0.00390625,0,0
1779555790.208482,-0.021484375,0.013671875,-0.33984375,0.025390625,-0.052734375,-0.00390625,0,0
1779555790.216497,-0.021484375,0.013671875,-0.33984375,0.025390625,-0.0390625,-0.00390625,0,0
1779555790.224541,-0.01171875,0.013671875,-0.341796875,0.025390625,-0.0390625,-0.00390625,0,0
1779555790.232468,-0.01171875,0.013671875,-0.341796875,0.025390625,-0.02734375,-0.00390625,0,0
1779555790.240492,-0.00390625,0.013671875,-0.326171875,0.025390625,-0.02734375,-0.00390625,0,0
1779555790.248477,-0.00390625,0.013671875,-0.326171875,0.025390625,-0.017578125,-0.00390625,0,0
1779555790.256518,-0.00390625,0.013671875,-0.31640625,0.025390625,-0.017578125,-0.00390625,0,0
1779555790.264500,-0.00390625,0.013671875,-0.31640625,0.025390625,-0.01171875,-0.00390625,0,0
1779555790.272490,-0.005859375,0.013671875,-0.279296875,0.025390625,-0.01171875,-0.00390625,0,0
1779555790.280482,-0.005859375,0.013671875,-0.279296875,0.025390625,-0.0078125,-0.00390625,0,0
1779555790.288531,-0.005859375,0.013671875,-0.22265625,0.025390625,-0.0078125,-0.00390625,0,0
1779555790.304461,-0.005859375,0.013671875,-0.15625,0.025390625,-0.0078125,-0.00390625,0,0
1779555790.320572,-0.005859375,0.013671875,-0.0859375,0.025390625,-0.0078125,-0.00390625,0,0
1779555790.336467,-0.005859375,0.013671875,-0.0234375,0.025390625,-0.0078125,-0.00390625,0,0
1779555790.366484,0.0,0.0,0.0,0.0,0.0,0.0,0,0
1779555790.397532,0.0,0.0,0.0,0.0,0.0,0.0,0,0
1779555790.428497,0.0,0.0,0.0,0.0,0.0,0.0,0,0
1779555790.459521,0.0,0.0,0.0,0.0,0.0,0.0,0,0
1779555790.490551,0.0,0.0,0.0,0.0,0.0,0.0,0,0
1779555790.521510,0.0,0.0,0.0,0.0,0.0,0.0,0,0
1779555790.552527,0.0,0.0,0.0,0.0,0.0,0.0,0,0
1779555790.583516,0.0,0.0,0.0,0.0,0.0,0.0,0,0
1779555790.614479,0.0,0.0,0.0,0.0,0.0,0.0,0,0
1779555790.645478,0.0,0.0,0.0,0.0,0.0,0.0,0,0
1779555790.676484,0.0,0.0,0.0,0.0,0.0,0.0,0,0
1779555790.707514,0.0,0.0,0.0,0.0,0.0,0.0,0,0
1779555790.738476,0.0,0.0,0.0,0.0,0.0,0.0,0,0
1779555790.769481,0.0,0.0,0.0,0.0,0.0,0.0,0,0
1779555790.800499,0.0,0.0,0.0,0.0,0.0,0.0,0,0
1779555790.831507,0.0,0.0,0.0,0.0,0.0,0.0,0,0
1779555790.862436,0.0,0.0,0.0,0.0,0.0,0.0,0,0
1779555790.893512,0.0,0.0,0.0,0.0,0.0,0.0,0,0
1779555790.924563,0.0,0.0,0.0,0.0,0.0,0.0,0,0
1779555790.955491,0.0,0.0,0.0,0.0,0.0,0.0,0,0
1779555790.986556,0.0,0.0,0.0,0.0,0.0,0.0,0,0
1779555791.017459,0.0,0.0,0.0,0.0,0.0,0.0,0,0
1779555791.048527,0.0,0.0,0.0,0.0,0.0,0.0,0,0
1779555791.079437,0.0,0.0,0.0,0.0,0.0,0.0,0,0
1779555791.110494,0.0,0.0,0.0,0.0,0.0,0.0,0,0
1779555791.141490,0.0,0.0,0.0,0.0,0.0,0.0,0,0
1779555791.172499,0.0,0.0,0.0,0.0,0.0,0.0,0,0
1779555791.203463,0.0,0.0,0.0,0.0,0.0,0.0,0,0
1779555791.234523,0.0,0.0,0.0,0.0,0.0,0.0,0,0
1779555791.265539,0.0,0.0,0.0,0.0,0.0,0.0,0,0
1779555791.296513,0.0,0.0,0.0,0.0,0.0,0.0,0,0
1779555791.327540,0.0,0.0,0.0,0.0,0.0,0.0,0,0
1779555791.358523,0.0,0.0,0.0,0.0,0.0,0.0,0,0
1779555791.389519,0.0,0.0,0.0,0.0,0.0,0.0,1,0
1779555791.420509,0.0,0.0,0.0,0.0,0.0,0.0,1,0
1779555791.451508,0.0,0.0,0.0,0.0,0.0,0.0,1,0
1779555791.482510,0.0,0.0,0.0,0.0,0.0,0.0,0,0
1779555791.513473,0.0,0.0,0.0,0.0,0.0,0.0,0,0
1779555791.544524,0.0,0.0,0.0,0.0,0.0,0.0,0,0
1779555791.575495,0.0,0.0,0.0,0.0,0.0,0.0,0,0
1779555791.606523,0.0,0.0,0.0,0.0,0.0,0.0,0,0
1779555791.637487,0.0,0.0,0.0,0.0,0.0,0.0,0,0
1779555791.668558,0.0,0.0,0.0,0.0,0.0,0.0,0,0
1779555791.699492,0.0,0.0,0.0,0.0,0.0,0.0,0,0
1779555791.730471,0.0,0.0,0.0,0.0,0.0,0.0,0,0
1779555791.761473,0.0,0.0,0.0,0.0,0.0,0.0,0,0
1779555791.792556,0.0,0.0,0.0,0.0,0.0,0.0,0,0
1779555791.823617,0.0,0.0,0.0,0.0,0.0,0.0,0,0
1779555791.854455,0.0,0.0,0.0,0.0,0.0,0.0,0,0
1779555791.885534,0.0,0.0,0.0,0.0,0.0,0.0,0,0
1779555791.916460,0.0,0.0,0.0,0.0,0.0,0.0,0,0
1779555791.947454,0.0,0.0,0.0,0.0,0.0,0.0,0,0
1779555791.978556,0.0,0.0,0.0,0.0,0.0,0.0,0,0
1779555792.009480,0.0,0.0,0.0,0.0,0.0,0.0,0,0
1779555792.040471,0.0,0.0,0.0,0.0,0.0,0.0,0,0
1779555792.071478,0.0,0.0,0.0,0.0,0.0,0.0,0,0
1779555792.102480,0.0,0.0,0.0,0.0,0.0,0.0,0,0
1779555792.133492,0.0,0.0,0.0,0.0,0.0,0.0,0,0
1779555792.164502,0.0,0.0,0.0,0.0,0.0,0.0,0,0
1779555792.195551,0.0,0.0,0.0,0.0,0.0,0.0,0,0
1779555792.226531,0.0,0.0,0.0,0.0,0.0,0.0,0,0
1779555792.257540,0.0,0.0,0.0,0.0,0.0,0.0,0,0
1779555792.288510,0.0,0.0,0.0,0.0,0.0,0.0,0,0
1779555792.319498,0.0,0.0,0.0,0.0,0.0,0.0,0,0
1779555792.350527,0.0,0.0,0.0,0.0,0.0,0.0,0,0
1779555792.381526,0.0,0.0,0.0,0.0,0.0,0.0,0,0
1779555792.412520,0.0,0.0,0.0,0.0,0.0,0.0,0,0
1779555792.443541,0.0,0.0,0.0,0.0,0.0,0.0,0,0
1779555792.474529,0.0,0.0,0.0,0.0,0.0,0.0,0,0
1779555792.505512,0.0,0.0,0.0,0.0,0.0,0.0,0,0
1779555792.536557,0.0,0.0,0.0,0.0,0.0,0.0,0,0
1779555792.567525,0.0,0.0,0.0,0.0,0.0,0.0,0,0
1779555792.598496,0.0,0.0,0.0,0.0,0.0,0.0,0,0
1779555792.629557,0.0,0.0,0.0,0.0,0.0,0.0,0,0
1779555792.660549,0.0,0.0,0.0,0.0,0.0,0.0,0,0
1779555792.691606,0.0,0.0,0.0,0.0,0.0,0.0,0,0
1779555792.722520,0.0,0.0,0.0,0.0,0.0,0.0,0,0
1779555792.753516,0.0,0.0,0.0,0.0,0.0,0.0,0,0
1779555792.784502,0.0,0.0,0.0,0.0,0.0,0.0,0,0
1779555792.815550,0.0,0.0,0.0,0.0,0.0,0.0,0,0
1779555792.846544,0.0,0.0,0.0,0.0,0.0,0.0,0,0
1779555792.877564,0.0,0.0,0.0,0.0,0.0,0.0,0,0
1779555792.908492,0.0,0.0,0.0,0.0,0.0,0.0,0,0
1779555792.939507,0.0,0.0,0.0,0.0,0.0,0.0,0,0
1779555792.970508,0.0,0.0,0.0,0.0,0.0,0.0,0,0
1779555793.001500,0.0,0.0,0.0,0.0,0.0,0.0,0,0
1779555793.032514,0.0,0.0,0.0,0.0,0.0,0.0,0,0
1779555793.063501,0.0,0.0,0.0,0.0,0.0,0.0,0,0
1779555793.094549,0.0,0.0,0.0,0.0,0.0,0.0,0,0
1779555793.125539,0.0,0.0,0.0,0.0,0.0,0.0,0,0
1779555793.156509,0.0,0.0,0.0,0.0,0.0,0.0,0,0
1779555793.187554,0.0,0.0,0.0,0.0,0.0,0.0,0,0
1779555793.218526,0.0,0.0,0.0,0.0,0.0,0.0,0,0
1779555793.249553,0.0,0.0,0.0,0.0,0.0,0.0,0,0
1779555793.280508,0.0,0.0,0.0,0.0,0.0,0.0,0,0
1779555793.311538,0.0,0.0,0.0,0.0,0.0,0.0,0,0
1779555793.342479,0.0,0.0,0.0,0.0,0.0,0.0,0,0
1779555793.373558,0.0,0.0,0.0,0.0,0.0,0.0,0,0
1779555793.404545,0.0,0.0,0.0,0.0,0.0,0.0,0,0
1779555793.435533,0.0,0.0,0.0,0.0,0.0,0.0,0,0
1779555793.466532,0.0,0.0,0.0,0.0,0.0,0.0,0,0
1779555793.497575,0.0,0.0,0.0,0.0,0.0,0.0,0,0
1779555793.504584,-0.005859375,0.013671875,-0.00390625,0.025390625,-0.0078125,-0.00390625,0,0
1779555793.520579,-0.005859375,0.013671875,-0.015625,0.025390625,-0.0078125,-0.00390625,0,0
1779555793.536528,-0.005859375,0.013671875,-0.03515625,0.025390625,-0.0078125,-0.00390625,0,0
1779555793.552499,-0.005859375,0.013671875,-0.0546875,0.025390625,-0.0078125,-0.00390625,0,0
1779555793.568565,-0.005859375,0.013671875,-0.078125,0.025390625,-0.0078125,-0.00390625,0,0
1779555793.584494,-0.005859375,0.013671875,-0.1171875,0.025390625,-0.0078125,-0.00390625,0,0
1779555793.600541,-0.005859375,0.013671875,-0.162109375,0.025390625,-0.0078125,-0.00390625,0,0
1779555793.616537,-0.005859375,0.013671875,-0.208984375,0.025390625,-0.0078125,-0.00390625,0,0
1779555793.632550,-0.005859375,0.013671875,-0.26171875,0.025390625,-0.0078125,-0.00390625,0,0
1779555793.640576,-0.005859375,0.013671875,-0.26171875,0.009765625,-0.0078125,-0.00390625,0,0
1779555793.648553,-0.005859375,0.013671875,-0.298828125,0.009765625,-0.0078125,-0.00390625,0,0
1779555793.656543,-0.005859375,0.013671875,-0.298828125,0.03125,-0.0078125,-0.00390625,0,0
1779555793.664562,-0.005859375,0.013671875,-0.31640625,0.03125,-0.0078125,-0.00390625,0,0
1779555793.672502,-0.005859375,0.013671875,-0.31640625,0.052734375,-0.0078125,-0.00390625,0,0
1779555793.680561,-0.005859375,0.013671875,-0.337890625,0.052734375,-0.0078125,-0.00390625,0,0
1779555793.688533,-0.005859375,0.013671875,-0.337890625,0.064453125,-0.0078125,-0.00390625,0,0
1779555793.696505,-0.005859375,0.013671875,-0.35546875,0.064453125,-0.0078125,-0.00390625,0,0
1779555793.704577,-0.005859375,0.013671875,-0.35546875,0.07421875,-0.0078125,-0.00390625,0,0
1779555793.712584,-0.005859375,0.013671875,-0.373046875,0.07421875,-0.0078125,-0.00390625,0,0
1779555793.720564,-0.005859375,0.013671875,-0.373046875,0.091796875,-0.0078125,-0.00390625,0,0
1779555793.728552,-0.005859375,0.013671875,-0.3984375,0.091796875,-0.0078125,-0.00390625,0,0
1779555793.736543,-0.005859375,0.013671875,-0.3984375,0.115234375,-0.0078125,-0.00390625,0,0
1779555793.744525,-0.005859375,0.013671875,-0.404296875,0.115234375,-0.0078125,-0.00390625,0,0
1779555793.752552,-0.005859375,0.013671875,-0.404296875,0.13671875,-0.0078125,-0.00390625,0,0
1779555793.760518,-0.005859375,0.013671875,-0.400390625,0.13671875,-0.0078125,-0.00390625,0,0
1779555793.768565,-0.005859375,0.013671875,-0.400390625,0.1484375,-0.0078125,-0.00390625,0,0
1779555793.776549,-0.005859375,0.013671875,-0.3984375,0.1484375,-0.0078125,-0.00390625,0,0
1779555793.784525,-0.005859375,0.013671875,-0.3984375,0.1484375,-0.0078125,-0.00390625,0,0
1779555793.792471,-0.005859375,0.013671875,-0.39453125,0.1484375,-0.0078125,-0.00390625,0,0
1779555793.800474,-0.005859375,0.013671875,-0.39453125,0.1484375,-0.0078125,-0.00390625,0,0
1779555793.808535,-0.005859375,0.013671875,-0.3828125,0.1484375,-0.0078125,-0.00390625,0,0
1779555793.816520,-0.005859375,0.013671875,-0.3828125,0.14453125,-0.0078125,-0.00390625,0,0
1779555793.824572,-0.005859375,0.013671875,-0.380859375,0.14453125,-0.0078125,-0.00390625,0,0
1779555793.832509,-0.005859375,0.013671875,-0.380859375,0.14453125,-0.0078125,-0.00390625,0,0
1779555793.840530,-0.005859375,0.013671875,-0.375,0.14453125,-0.0078125,-0.00390625,0,0
1779555793.848522,-0.005859375,0.013671875,-0.375,0.1484375,-0.0078125,-0.00390625,0,0
1779555793.856507,-0.005859375,0.013671875,-0.375,0.1484375,-0.0078125,-0.00390625,0,0
1779555793.864561,-0.005859375,0.013671875,-0.375,0.15625,-0.0078125,-0.00390625,0,0
1779555793.872541,-0.005859375,0.013671875,-0.375,0.15625,-0.0078125,-0.00390625,0,0
1779555793.880468,-0.005859375,0.013671875,-0.375,0.16015625,-0.0078125,-0.00390625,0,0
1779555793.888529,-0.005859375,0.013671875,-0.373046875,0.16015625,-0.0078125,-0.00390625,0,0
1779555793.896549,-0.005859375,0.013671875,-0.373046875,0.15625,-0.0078125,-0.00390625,0,0
1779555793.904528,-0.005859375,0.013671875,-0.37109375,0.15625,-0.0078125,-0.00390625,0,0
1779555793.912503,-0.005859375,0.013671875,-0.37109375,0.15234375,-0.0078125,-0.00390625,0,0
1779555793.920530,-0.005859375,0.013671875,-0.36328125,0.15234375,-0.0078125,-0.00390625,0,0
1779555793.928525,-0.005859375,0.013671875,-0.36328125,0.1484375,-0.0078125,-0.00390625,0,0
1779555793.936546,-0.005859375,0.013671875,-0.361328125,0.1484375,-0.0078125,-0.00390625,0,0
1779555793.944552,-0.005859375,0.013671875,-0.361328125,0.142578125,-0.0078125,-0.00390625,0,0
1779555793.952538,-0.005859375,0.013671875,-0.359375,0.142578125,-0.0078125,-0.00390625,0,0
1779555793.960559,-0.005859375,0.013671875,-0.359375,0.138671875,-0.0078125,-0.00390625,0,0
1779555793.968571,-0.005859375,0.013671875,-0.361328125,0.138671875,-0.0078125,-0.00390625,0,0
1779555793.976512,-0.005859375,0.013671875,-0.361328125,0.138671875,-0.0078125,-0.00390625,0,0
1779555793.992564,-0.005859375,0.013671875,-0.35546875,0.138671875,-0.0078125,-0.00390625,0,0
1779555794.000539,-0.005859375,0.013671875,-0.35546875,0.138671875,-0.0078125,-0.00390625,0,0
1779555794.008543,-0.005859375,0.013671875,-0.34765625,0.138671875,-0.0078125,-0.00390625,0,0
1779555794.016547,-0.005859375,0.013671875,-0.34765625,0.130859375,-0.0078125,-0.00390625,0,0
1779555794.024631,-0.005859375,0.013671875,-0.337890625,0.130859375,-0.0078125,-0.00390625,0,0
1779555794.032518,-0.005859375,0.013671875,-0.337890625,0.123046875,-0.0078125,-0.00390625,0,0
1779555794.040498,-0.005859375,0.013671875,-0.3359375,0.123046875,-0.0078125,-0.00390625,0,0
1779555794.048506,-0.005859375,0.013671875,-0.3359375,0.12109375,-0.0078125,-0.00390625,0,0
1779555794.056588,-0.005859375,0.013671875,-0.333984375,0.12109375,-0.0078125,-0.00390625,0,0
1779555794.064530,-0.005859375,0.013671875,-0.333984375,0.123046875,-0.0078125,-0.00390625,0,0
1779555794.072542,-0.005859375,0.013671875,-0.326171875,0.123046875,-0.0078125,-0.00390625,0,0
1779555794.080531,-0.005859375,0.013671875,-0.326171875,0.12109375,-0.0078125,-0.00390625,0,0
1779555794.088527,-0.005859375,0.013671875,-0.310546875,0.12109375,-0.0078125,-0.00390625,0,0
1779555794.096476,-0.005859375,0.013671875,-0.310546875,0.11328125,-0.0078125,-0.00390625,0,0
1779555794.104521,-0.005859375,0.013671875,-0.291015625,0.11328125,-0.0078125,-0.00390625,0,0
1779555794.112556,-0.005859375,0.013671875,-0.291015625,0.1015625,-0.0078125,-0.00390625,0,0
1779555794.120506,-0.005859375,0.013671875,-0.263671875,0.1015625,-0.0078125,-0.00390625,0,0
1779555794.128537,-0.005859375,0.013671875,-0.263671875,0.08984375,-0.0078125,-0.00390625,0,0
1779555794.136512,-0.005859375,0.013671875,-0.2265625,0.08984375,-0.0078125,-0.00390625,0,0
1779555794.144517,-0.005859375,0.013671875,-0.2265625,0.07421875,-0.0078125,-0.00390625,0,0
1779555794.152513,-0.005859375,0.013671875,-0.169921875,0.07421875,-0.0078125,-0.00390625,0,0
1779555794.160513,-0.005859375,0.013671875,-0.169921875,0.0625,-0.0078125,-0.00390625,0,0
1779555794.168519,-0.005859375,0.013671875,-0.115234375,0.0625,-0.0078125,-0.00390625,0,0
1779555794.176569,-0.005859375,0.013671875,-0.115234375,0.0625,-0.0078125,-0.00390625,0,0
1779555794.184556,-0.005859375,0.013671875,-0.044921875,0.0625,-0.0078125,-0.00390625,0,0
1779555794.192509,-0.005859375,0.013671875,-0.044921875,0.064453125,-0.0078125,-0.00390625,0,0
1779555794.208476,-0.005859375,0.013671875,-0.044921875,0.041015625,-0.0078125,-0.00390625,0,0
1779555794.224610,-0.005859375,0.013671875,-0.044921875,0.0,-0.0078125,-0.00390625,0,0
1779555794.254551,0.0,0.0,0.0,0.0,0.0,0.0,0,0
1779555794.285535,0.0,0.0,0.0,0.0,0.0,0.0,0,0
1779555794.316515,0.0,0.0,0.0,0.0,0.0,0.0,0,0
1779555794.347550,0.0,0.0,0.0,0.0,0.0,0.0,0,0
1779555794.378510,0.0,0.0,0.0,0.0,0.0,0.0,0,0
1779555794.409538,0.0,0.0,0.0,0.0,0.0,0.0,0,0
1779555794.440510,0.0,0.0,0.0,0.0,0.0,0.0,0,0
1779555794.471501,0.0,0.0,0.0,0.0,0.0,0.0,0,0
1779555794.502531,0.0,0.0,0.0,0.0,0.0,0.0,0,0
1779555794.533521,0.0,0.0,0.0,0.0,0.0,0.0,0,0
1779555794.564568,0.0,0.0,0.0,0.0,0.0,0.0,0,0
1779555794.595566,0.0,0.0,0.0,0.0,0.0,0.0,0,0
1779555794.626526,0.0,0.0,0.0,0.0,0.0,0.0,0,0
1779555794.657610,0.0,0.0,0.0,0.0,0.0,0.0,0,0
1779555794.688537,0.0,0.0,0.0,0.0,0.0,0.0,0,0
1779555794.719515,0.0,0.0,0.0,0.0,0.0,0.0,0,0
1779555794.750558,0.0,0.0,0.0,0.0,0.0,0.0,0,0
1779555794.781489,0.0,0.0,0.0,0.0,0.0,0.0,0,0
1779555794.812558,0.0,0.0,0.0,0.0,0.0,0.0,0,0
1779555794.843514,0.0,0.0,0.0,0.0,0.0,0.0,0,0
1779555794.874564,0.0,0.0,0.0,0.0,0.0,0.0,0,0
1779555794.905535,0.0,0.0,0.0,0.0,0.0,0.0,0,0
1779555794.936547,0.0,0.0,0.0,0.0,0.0,0.0,0,0
1779555794.967521,0.0,0.0,0.0,0.0,0.0,0.0,0,0
1779555794.998540,0.0,0.0,0.0,0.0,0.0,0.0,0,0
1779555795.029485,0.0,0.0,0.0,0.0,0.0,0.0,0,0
1779555795.060542,0.0,0.0,0.0,0.0,0.0,0.0,0,0
1779555795.091608,0.0,0.0,0.0,0.0,0.0,0.0,0,0
1779555795.122554,0.0,0.0,0.0,0.0,0.0,0.0,0,0
1779555795.153548,0.0,0.0,0.0,0.0,0.0,0.0,0,0
1779555795.184521,0.0,0.0,0.0,0.0,0.0,0.0,0,0
1779555795.215501,0.0,0.0,0.0,0.0,0.0,0.0,0,0
1779555795.246522,0.0,0.0,0.0,0.0,0.0,0.0,0,0
1779555795.277546,0.0,0.0,0.0,0.0,0.0,0.0,0,0
1779555795.280523,-0.005859375,0.00390625,-0.044921875,0.0,-0.0078125,-0.00390625,0,0
1779555795.296572,-0.005859375,0.00390625,-0.044921875,0.0,-0.0078125,-0.00390625,0,0
1779555795.312494,-0.005859375,0.00390625,0.02734375,0.0,-0.0078125,-0.00390625,0,0
1779555795.328502,-0.005859375,0.00390625,0.076171875,0.0,-0.0078125,-0.00390625,0,0
1779555795.344500,-0.005859375,0.00390625,0.111328125,0.0,-0.0078125,-0.00390625,0,0
1779555795.360509,-0.005859375,0.00390625,0.15625,0.0,-0.0078125,-0.00390625,0,0
1779555795.376476,-0.005859375,0.00390625,0.177734375,0.0,-0.0078125,-0.00390625,0,0
1779555795.392551,-0.005859375,0.00390625,0.203125,0.0,-0.0078125,-0.00390625,0,0
1779555795.408550,-0.005859375,0.00390625,0.23046875,0.0,-0.0078125,-0.00390625,0,0
1779555795.424547,-0.005859375,0.00390625,0.251953125,0.0,-0.0078125,-0.00390625,0,0
1779555795.440499,-0.005859375,0.00390625,0.26171875,0.0,-0.0078125,-0.00390625,0,0
1779555795.448560,-0.005859375,0.00390625,0.26171875,-0.015625,-0.0078125,-0.00390625,0,0
1779555795.456474,-0.005859375,0.00390625,0.26171875,-0.015625,-0.0078125,-0.00390625,0,0
1779555795.464490,-0.005859375,0.00390625,0.26171875,-0.03515625,-0.0078125,-0.0078125,0,0
1779555795.472533,-0.005859375,0.00390625,0.259765625,-0.03515625,-0.0078125,-0.0078125,0,0
1779555795.480534,-0.005859375,0.00390625,0.259765625,-0.04296875,-0.0078125,-0.00390625,0,0
1779555795.488526,-0.005859375,0.00390625,0.25,-0.04296875,-0.0078125,-0.00390625,0,0
1779555795.496494,-0.005859375,0.00390625,0.25,-0.048828125,-0.0078125,-0.00390625,0,0
1779555795.504503,-0.005859375,0.00390625,0.22265625,-0.048828125,-0.0078125,-0.00390625,0,0
1779555795.512511,-0.005859375,0.00390625,0.22265625,-0.048828125,-0.0078125,-0.00390625,0,0
1779555795.520511,-0.005859375,0.00390625,0.197265625,-0.048828125,-0.0078125,-0.00390625,0,0
1779555795.528531,-0.005859375,0.00390625,0.197265625,-0.03515625,-0.0078125,-0.00390625,0,0
1779555795.536468,-0.005859375,0.00390625,0.177734375,-0.03515625,-0.0078125,-0.00390625,0,0
1779555795.544513,-0.005859375,0.00390625,0.177734375,-0.01953125,-0.0078125,-0.00390625,0,0
1779555795.552493,-0.005859375,0.00390625,0.15234375,-0.01953125,-0.0078125,-0.00390625,0,0
1779555795.568502,-0.005859375,0.00390625,0.126953125,-0.01953125,-0.0078125,-0.00390625,0,0
1779555795.584499,-0.005859375,0.00390625,0.10546875,-0.01953125,-0.0078125,-0.00390625,0,0
1779555795.600543,-0.005859375,0.00390625,0.08203125,-0.01953125,-0.0078125,-0.00390625,0,0
1779555795.616509,-0.005859375,0.00390625,0.064453125,-0.01953125,-0.0078125,-0.00390625,0,0
1779555795.632514,-0.005859375,0.00390625,0.060546875,-0.01953125,-0.0078125,-0.00390625,0,0
1779555795.648532,-0.005859375,0.00390625,0.060546875,-0.01953125,-0.0078125,-0.00390625,0,0
1779555795.664512,-0.005859375,0.00390625,0.0546875,-0.01953125,-0.0078125,-0.00390625,0,0
1779555795.680527,-0.005859375,0.00390625,0.05078125,-0.01953125,-0.0078125,-0.00390625,0,0
1779555795.688537,-0.005859375,0.00390625,0.05078125,0.005859375,-0.0078125,-0.00390625,0,0
1779555795.696531,-0.005859375,0.00390625,0.05859375,0.005859375,-0.0078125,-0.00390625,0,0
1779555795.704534,-0.005859375,0.00390625,0.05859375,0.00390625,-0.0078125,-0.00390625,0,0
1779555795.712544,-0.005859375,0.00390625,0.0625,0.00390625,-0.0078125,-0.00390625,0,0
1779555795.728544,-0.005859375,0.00390625,0.078125,0.00390625,-0.0078125,-0.00390625,0,0
1779555795.744533,-0.005859375,0.00390625,0.08203125,0.00390625,-0.0078125,-0.00390625,0,0
1779555795.760545,-0.005859375,0.00390625,0.08203125,0.00390625,-0.0078125,-0.00390625,0,0
1779555795.776508,-0.005859375,0.00390625,0.080078125,0.00390625,-0.0078125,-0.00390625,0,0
1779555795.792559,-0.005859375,0.00390625,0.08203125,0.00390625,-0.0078125,-0.00390625,0,0
1779555795.808584,-0.005859375,0.00390625,0.083984375,0.00390625,-0.0078125,-0.00390625,0,0
1779555795.824533,-0.005859375,0.00390625,0.087890625,0.00390625,-0.0078125,-0.00390625,0,0
1779555795.840508,-0.005859375,0.00390625,0.0859375,0.00390625,-0.0078125,-0.00390625,0,0
1779555795.856590,-0.005859375,0.00390625,0.076171875,0.00390625,-0.0078125,-0.00390625,0,0
1779555795.872515,-0.005859375,0.00390625,0.068359375,0.00390625,-0.0078125,-0.00390625,0,0
1779555795.888528,-0.005859375,0.00390625,0.0625,0.00390625,-0.0078125,-0.00390625,0,0
1779555795.904504,-0.005859375,0.00390625,0.060546875,0.00390625,-0.0078125,-0.00390625,0,0
1779555795.920520,-0.005859375,0.00390625,0.05859375,0.00390625,-0.0078125,-0.00390625,0,0
1779555795.936535,-0.005859375,0.00390625,0.056640625,0.00390625,-0.0078125,-0.00390625,0,0
1779555795.944597,-0.005859375,0.00390625,0.056640625,0.005859375,-0.0078125,-0.00390625,0,0
1779555795.952496,-0.005859375,0.00390625,0.052734375,0.005859375,-0.0078125,-0.00390625,0,0
1779555795.960533,-0.005859375,0.00390625,0.052734375,0.013671875,-0.0078125,-0.00390625,0,0
1779555795.968596,-0.005859375,0.00390625,0.04296875,0.013671875,-0.0078125,-0.00390625,0,0
1779555795.976536,-0.005859375,0.00390625,0.04296875,0.017578125,-0.0078125,-0.00390625,0,0
1779555795.984545,-0.005859375,0.00390625,0.0390625,0.017578125,-0.0078125,-0.00390625,0,0
1779555795.992547,-0.005859375,0.00390625,0.0390625,0.025390625,-0.0078125,-0.00390625,0,0
1779555796.000541,-0.005859375,0.00390625,0.0390625,0.025390625,-0.0078125,-0.00390625,0,0
1779555796.008526,-0.005859375,0.00390625,0.0390625,0.029296875,-0.0078125,-0.00390625,0,0
1779555796.016526,-0.005859375,0.00390625,0.03515625,0.029296875,-0.0078125,-0.00390625,0,0
1779555796.023551,-0.005859375,0.00390625,0.03515625,0.033203125,-0.0078125,-0.00390625,0,0
1779555796.032500,-0.005859375,0.00390625,0.025390625,0.033203125,-0.0078125,-0.00390625,0,0
1779555796.040546,-0.005859375,0.00390625,0.025390625,0.033203125,-0.0078125,-0.00390625,0,0
1779555796.048536,-0.005859375,0.00390625,0.021484375,0.033203125,-0.0078125,-0.00390625,0,0
1779555796.056536,-0.005859375,0.00390625,0.021484375,0.033203125,-0.0078125,-0.00390625,0,0
1779555796.064507,-0.005859375,0.00390625,0.015625,0.033203125,-0.0078125,-0.00390625,0,0
1779555796.072531,-0.005859375,0.00390625,0.015625,0.033203125,-0.0078125,-0.00390625,0,0
1779555796.080533,-0.005859375,0.00390625,0.00390625,0.033203125,-0.0078125,-0.00390625,0,0
1779555796.088534,-0.005859375,0.00390625,0.00390625,0.02734375,-0.0078125,-0.00390625,0,0
1779555796.104539,-0.005859375,0.00390625,0.00390625,0.02734375,-0.0078125,-0.00390625,0,0
1779555796.120574,-0.005859375,0.00390625,0.00390625,0.025390625,-0.0078125,-0.00390625,0,0
1779555796.136521,-0.005859375,0.00390625,0.00390625,0.021484375,-0.0078125,-0.00390625,0,0
1779555796.152531,-0.005859375,0.00390625,0.00390625,0.017578125,-0.0078125,-0.00390625,0,0
1779555796.168532,-0.005859375,0.00390625,0.00390625,0.01171875,-0.0078125,-0.00390625,0,0
1779555796.184507,-0.005859375,0.00390625,0.00390625,0.005859375,-0.0078125,-0.00390625,0,0
1779555796.200564,-0.005859375,0.00390625,0.00390625,0.025390625,-0.0078125,-0.00390625,0,0
1779555796.216542,-0.005859375,0.00390625,0.00390625,0.01171875,-0.0078125,-0.00390625,0,0
1779555796.246555,0.0,0.0,0.0,0.0,0.0,0.0,0,0
1779555796.277551,0.0,0.0,0.0,0.0,0.0,0.0,0,0
1779555796.308525,0.0,0.0,0.0,0.0,0.0,0.0,0,0
1779555796.339502,0.0,0.0,0.0,0.0,0.0,0.0,0,0
1779555796.370525,0.0,0.0,0.0,0.0,0.0,0.0,0,0
1779555796.401533,0.0,0.0,0.0,0.0,0.0,0.0,0,0
1779555796.432502,0.0,0.0,0.0,0.0,0.0,0.0,0,0
1779555796.463526,0.0,0.0,0.0,0.0,0.0,0.0,0,0
1779555796.464500,-0.005859375,0.00390625,-0.04296875,0.01171875,-0.0078125,-0.00390625,0,0
1779555796.480541,-0.005859375,0.00390625,-0.046875,0.01171875,-0.0078125,-0.00390625,0,0
1779555796.496559,-0.005859375,0.00390625,-0.11328125,0.01171875,-0.0078125,-0.00390625,0,0
1779555796.512562,-0.005859375,0.00390625,-0.1640625,0.01171875,-0.0078125,-0.00390625,0,0
1779555796.528547,-0.005859375,0.00390625,-0.25,0.01171875,-0.0078125,-0.00390625,0,0
1779555796.544487,-0.005859375,0.00390625,-0.287109375,0.01171875,-0.0078125,-0.00390625,0,0
1779555796.552459,-0.005859375,0.00390625,-0.287109375,0.01171875,-0.013671875,-0.00390625,0,0
1779555796.560498,-0.009765625,0.00390625,-0.31640625,0.01171875,-0.013671875,-0.00390625,0,0
1779555796.568527,-0.009765625,0.00390625,-0.31640625,0.01171875,-0.0234375,-0.00390625,0,0
1779555796.576518,-0.015625,0.00390625,-0.33984375,0.01171875,-0.0234375,-0.00390625,0,0
1779555796.584509,-0.015625,0.00390625,-0.33984375,0.01171875,-0.03125,-0.00390625,0,0
1779555796.592603,-0.0078125,0.00390625,-0.3515625,0.01171875,-0.03125,-0.00390625,0,0
1779555796.600537,-0.0078125,0.00390625,-0.3515625,0.01171875,-0.025390625,-0.00390625,0,0
1779555796.608526,-0.0078125,0.01953125,-0.36328125,0.01171875,-0.025390625,-0.00390625,0,0
1779555796.616505,-0.0078125,0.01953125,-0.36328125,0.01171875,-0.013671875,-0.00390625,0,0
1779555796.624543,-0.0078125,0.01953125,-0.341796875,0.01171875,-0.013671875,-0.00390625,0,0
1779555796.640546,-0.0078125,0.009765625,-0.306640625,0.01171875,-0.013671875,-0.00390625,0,0
1779555796.656478,-0.0078125,0.00390625,-0.28515625,0.01171875,-0.013671875,-0.00390625,0,0
1779555796.672513,-0.0078125,0.0,-0.251953125,0.01171875,-0.013671875,-0.00390625,0,0
1779555796.688538,-0.0078125,0.0,-0.185546875,0.01171875,-0.013671875,-0.00390625,0,0
1779555796.704581,-0.0078125,0.0,-0.078125,0.01171875,-0.013671875,-0.00390625,0,0
1779555796.734516,0.0,0.0,0.0,0.0,0.0,0.0,0,0
1779555796.765568,0.0,0.0,0.0,0.0,0.0,0.0,0,0
1779555796.796518,0.0,0.0,0.0,0.0,0.0,0.0,0,0
1779555796.827579,0.0,0.0,0.0,0.0,0.0,0.0,0,0
1779555796.858597,0.0,0.0,0.0,0.0,0.0,0.0,0,0
1779555796.889553,0.0,0.0,0.0,0.0,0.0,0.0,0,0
1779555796.920525,0.0,0.0,0.0,0.0,0.0,0.0,0,0
1779555796.951521,0.0,0.0,0.0,0.0,0.0,0.0,0,0
1779555796.982514,0.0,0.0,0.0,0.0,0.0,0.0,0,0
1779555797.013511,0.0,0.0,0.0,0.0,0.0,0.0,0,0
1779555797.044510,0.0,0.0,0.0,0.0,0.0,0.0,0,0
1779555797.075516,0.0,0.0,0.0,0.0,0.0,0.0,0,0
1779555797.106551,0.0,0.0,0.0,0.0,0.0,0.0,0,0
1779555797.137538,0.0,0.0,0.0,0.0,0.0,0.0,0,0
1779555797.168493,0.0,0.0,0.0,0.0,0.0,0.0,0,0
1779555797.199600,0.0,0.0,0.0,0.0,0.0,0.0,0,0
1779555797.230485,0.0,0.0,0.0,0.0,0.0,0.0,1,0
1779555797.261613,0.0,0.0,0.0,0.0,0.0,0.0,1,0
1779555797.292605,0.0,0.0,0.0,0.0,0.0,0.0,1,0
1779555797.323511,0.0,0.0,0.0,0.0,0.0,0.0,0,0
1779555797.354509,0.0,0.0,0.0,0.0,0.0,0.0,0,0
1779555797.385570,0.0,0.0,0.0,0.0,0.0,0.0,0,0
1779555797.416523,0.0,0.0,0.0,0.0,0.0,0.0,0,0
1779555797.447529,0.0,0.0,0.0,0.0,0.0,0.0,0,0
1779555797.478553,0.0,0.0,0.0,0.0,0.0,0.0,0,0
1779555797.509534,0.0,0.0,0.0,0.0,0.0,0.0,0,0
1779555797.540482,0.0,0.0,0.0,0.0,0.0,0.0,0,0
1779555797.571493,0.0,0.0,0.0,0.0,0.0,0.0,0,0
1779555797.602530,0.0,0.0,0.0,0.0,0.0,0.0,0,0
1779555797.633476,0.0,0.0,0.0,0.0,0.0,0.0,0,0
1779555797.664482,0.0,0.0,0.0,0.0,0.0,0.0,0,0
1779555797.695498,0.0,0.0,0.0,0.0,0.0,0.0,0,0
1779555797.726577,0.0,0.0,0.0,0.0,0.0,0.0,0,0
1779555797.757548,0.0,0.0,0.0,0.0,0.0,0.0,0,0
1779555797.788575,0.0,0.0,0.0,0.0,0.0,0.0,0,0
1779555797.819495,0.0,0.0,0.0,0.0,0.0,0.0,0,0
1779555797.850502,0.0,0.0,0.0,0.0,0.0,0.0,0,0
1779555797.881507,0.0,0.0,0.0,0.0,0.0,0.0,0,0
1779555797.912512,0.0,0.0,0.0,0.0,0.0,0.0,0,0
1779555797.943592,0.0,0.0,0.0,0.0,0.0,0.0,0,0
1779555797.974504,0.0,0.0,0.0,0.0,0.0,0.0,0,0
1779555798.005553,0.0,0.0,0.0,0.0,0.0,0.0,0,0
1779555798.036541,0.0,0.0,0.0,0.0,0.0,0.0,0,0
1779555798.067556,0.0,0.0,0.0,0.0,0.0,0.0,0,0
1779555798.098512,0.0,0.0,0.0,0.0,0.0,0.0,0,0
1779555798.129526,0.0,0.0,0.0,0.0,0.0,0.0,0,0
1779555798.160590,0.0,0.0,0.0,0.0,0.0,0.0,0,0
1779555798.191577,0.0,0.0,0.0,0.0,0.0,0.0,0,0
1779555798.222557,0.0,0.0,0.0,0.0,0.0,0.0,0,0
1779555798.253541,0.0,0.0,0.0,0.0,0.0,0.0,0,0
1779555798.284525,0.0,0.0,0.0,0.0,0.0,0.0,0,0
1779555798.315551,0.0,0.0,0.0,0.0,0.0,0.0,0,0
1779555798.346556,0.0,0.0,0.0,0.0,0.0,0.0,0,0
1779555798.377551,0.0,0.0,0.0,0.0,0.0,0.0,0,0
1779555798.408575,0.0,0.0,0.0,0.0,0.0,0.0,0,0
1779555798.439529,0.0,0.0,0.0,0.0,0.0,0.0,0,0
1779555798.470475,0.0,0.0,0.0,0.0,0.0,0.0,0,0
1779555798.501685,0.0,0.0,0.0,0.0,0.0,0.0,0,0
1779555798.532474,0.0,0.0,0.0,0.0,0.0,0.0,0,0
1779555798.563544,0.0,0.0,0.0,0.0,0.0,0.0,0,0
1779555798.594541,0.0,0.0,0.0,0.0,0.0,0.0,0,0
1779555798.625517,0.0,0.0,0.0,0.0,0.0,0.0,0,0
1779555798.656516,0.0,0.0,0.0,0.0,0.0,0.0,0,0
1779555798.687482,0.0,0.0,0.0,0.0,0.0,0.0,0,0
1779555798.718530,0.0,0.0,0.0,0.0,0.0,0.0,0,0
1779555798.749511,0.0,0.0,0.0,0.0,0.0,0.0,0,0
1779555798.780519,0.0,0.0,0.0,0.0,0.0,0.0,0,0
1779555798.811550,0.0,0.0,0.0,0.0,0.0,0.0,0,0
1779555798.842534,0.0,0.0,0.0,0.0,0.0,0.0,0,0
1779555798.873505,0.0,0.0,0.0,0.0,0.0,0.0,0,0
1779555798.904554,0.0,0.0,0.0,0.0,0.0,0.0,0,0
1779555798.935490,0.0,0.0,0.0,0.0,0.0,0.0,0,0
1779555798.966499,0.0,0.0,0.0,0.0,0.0,0.0,0,0
1779555798.997573,0.0,0.0,0.0,0.0,0.0,0.0,0,0
1779555799.028594,0.0,0.0,0.0,0.0,0.0,0.0,0,0
1779555799.059639,0.0,0.0,0.0,0.0,0.0,0.0,0,0
1779555799.090494,0.0,0.0,0.0,0.0,0.0,0.0,0,0
1779555799.121569,0.0,0.0,0.0,0.0,0.0,0.0,0,0
1779555799.152484,0.0,0.0,0.0,0.0,0.0,0.0,0,0
1779555799.183567,0.0,0.0,0.0,0.0,0.0,0.0,0,0
1779555799.214526,0.0,0.0,0.0,0.0,0.0,0.0,0,0
1779555799.245571,0.0,0.0,0.0,0.0,0.0,0.0,0,0
1779555799.276537,0.0,0.0,0.0,0.0,0.0,0.0,0,0
1779555799.307537,0.0,0.0,0.0,0.0,0.0,0.0,0,0
1779555799.338533,0.0,0.0,0.0,0.0,0.0,0.0,0,0
1779555799.369529,0.0,0.0,0.0,0.0,0.0,0.0,0,0
1779555799.400546,0.0,0.0,0.0,0.0,0.0,0.0,0,0
1779555799.431516,0.0,0.0,0.0,0.0,0.0,0.0,0,0
1779555799.462556,0.0,0.0,0.0,0.0,0.0,0.0,0,0
1779555799.493547,0.0,0.0,0.0,0.0,0.0,0.0,0,0
1779555799.524526,0.0,0.0,0.0,0.0,0.0,0.0,0,0
1779555799.555534,0.0,0.0,0.0,0.0,0.0,0.0,0,0
1779555799.586546,0.0,0.0,0.0,0.0,0.0,0.0,0,0
1779555799.617496,0.0,0.0,0.0,0.0,0.0,0.0,0,0
1779555799.648581,0.0,0.0,0.0,0.0,0.0,0.0,0,0
1779555799.679560,0.0,0.0,0.0,0.0,0.0,0.0,0,0
1779555799.710544,0.0,0.0,0.0,0.0,0.0,0.0,0,0
1779555799.741520,0.0,0.0,0.0,0.0,0.0,0.0,0,0
1779555799.772511,0.0,0.0,0.0,0.0,0.0,0.0,0,0
1779555799.803545,0.0,0.0,0.0,0.0,0.0,0.0,0,0
1779555799.834537,0.0,0.0,0.0,0.0,0.0,0.0,0,0
1779555799.865540,0.0,0.0,0.0,0.0,0.0,0.0,0,0
1779555799.896579,0.0,0.0,0.0,0.0,0.0,0.0,0,0
1779555799.927557,0.0,0.0,0.0,0.0,0.0,0.0,0,0
1779555799.958547,0.0,0.0,0.0,0.0,0.0,0.0,0,0
1779555799.989522,0.0,0.0,0.0,0.0,0.0,0.0,0,0
1779555800.020545,0.0,0.0,0.0,0.0,0.0,0.0,0,0
1779555800.051526,0.0,0.0,0.0,0.0,0.0,0.0,0,0
1779555800.082524,0.0,0.0,0.0,0.0,0.0,0.0,0,0
1779555800.113503,0.0,0.0,0.0,0.0,0.0,0.0,0,0
1779555800.144540,0.0,0.0,0.0,0.0,0.0,0.0,0,0
1779555800.175518,0.0,0.0,0.0,0.0,0.0,0.0,0,0
1779555800.206527,0.0,0.0,0.0,0.0,0.0,0.0,0,0
1779555800.237567,0.0,0.0,0.0,0.0,0.0,0.0,0,0
1779555800.268578,0.0,0.0,0.0,0.0,0.0,0.0,0,0
1779555800.299503,0.0,0.0,0.0,0.0,0.0,0.0,0,0
1779555800.330586,0.0,0.0,0.0,0.0,0.0,0.0,0,0
1779555800.361547,0.0,0.0,0.0,0.0,0.0,0.0,0,0
1779555800.392539,0.0,0.0,0.0,0.0,0.0,0.0,0,0
1779555800.423546,0.0,0.0,0.0,0.0,0.0,0.0,0,0
1779555800.454513,0.0,0.0,0.0,0.0,0.0,0.0,0,0
1779555800.485559,0.0,0.0,0.0,0.0,0.0,0.0,0,0
1779555800.516539,0.0,0.0,0.0,0.0,0.0,0.0,0,0
1779555800.547526,0.0,0.0,0.0,0.0,0.0,0.0,0,0
1779555800.578530,0.0,0.0,0.0,0.0,0.0,0.0,0,0
1779555800.609519,0.0,0.0,0.0,0.0,0.0,0.0,0,0
1779555800.640552,0.0,0.0,0.0,0.0,0.0,0.0,0,0
1779555800.671517,0.0,0.0,0.0,0.0,0.0,0.0,0,0
1779555800.702574,0.0,0.0,0.0,0.0,0.0,0.0,0,0
1779555800.733581,0.0,0.0,0.0,0.0,0.0,0.0,0,0
1779555800.764495,0.0,0.0,0.0,0.0,0.0,0.0,0,0
1779555800.795501,0.0,0.0,0.0,0.0,0.0,0.0,0,0
1779555800.826555,0.0,0.0,0.0,0.0,0.0,0.0,0,0
1779555800.857520,0.0,0.0,0.0,0.0,0.0,0.0,0,0
1779555800.888539,0.0,0.0,0.0,0.0,0.0,0.0,0,0
1779555800.919500,0.0,0.0,0.0,0.0,0.0,0.0,0,0
1779555800.950518,0.0,0.0,0.0,0.0,0.0,0.0,0,0
1779555800.981575,0.0,0.0,0.0,0.0,0.0,0.0,0,0
1779555801.012625,0.0,0.0,0.0,0.0,0.0,0.0,0,0
1779555801.043579,0.0,0.0,0.0,0.0,0.0,0.0,0,0
1779555801.056515,-0.0078125,0.0,-0.078125,0.0,-0.013671875,-0.00390625,0,0
1779555801.064529,-0.0078125,0.0,-0.078125,0.0,-0.013671875,-0.00390625,0,0
1779555801.072526,-0.0078125,0.0,-0.078125,0.01953125,-0.013671875,-0.00390625,0,0
1779555801.080499,-0.0078125,-0.03125,-0.078125,0.01953125,-0.013671875,-0.00390625,0,0
1779555801.088491,-0.0078125,-0.03125,-0.078125,0.04296875,-0.013671875,-0.00390625,0,0
1779555801.096516,-0.0078125,-0.025390625,-0.078125,0.04296875,-0.013671875,-0.00390625,0,0
1779555801.104502,-0.0078125,-0.025390625,-0.078125,0.0625,-0.013671875,-0.00390625,0,0
1779555801.112494,-0.0078125,-0.048828125,0.01171875,0.0625,-0.013671875,-0.00390625,0,0
1779555801.120487,-0.0078125,-0.048828125,0.01171875,0.076171875,-0.013671875,-0.00390625,0,0
1779555801.128525,-0.0078125,-0.05859375,0.0625,0.076171875,-0.013671875,-0.00390625,0,0
1779555801.136514,-0.0078125,-0.05859375,0.0625,0.099609375,-0.013671875,-0.00390625,0,0
1779555801.144528,-0.0078125,-0.044921875,0.09375,0.099609375,-0.013671875,-0.00390625,0,0
1779555801.152512,-0.0078125,-0.044921875,0.09375,0.10546875,-0.013671875,0.0,0,0
1779555801.160533,-0.0078125,-0.0234375,0.10546875,0.10546875,-0.013671875,0.0,0,0
1779555801.168531,-0.0078125,-0.0234375,0.10546875,0.10546875,-0.013671875,-0.01171875,0,0
1779555801.176528,-0.0078125,-0.017578125,0.125,0.10546875,-0.013671875,-0.01171875,0,0
1779555801.184560,-0.0078125,-0.017578125,0.125,0.09765625,-0.013671875,-0.009765625,0,0
1779555801.192575,-0.0078125,-0.0234375,0.1796875,0.09765625,-0.013671875,-0.009765625,0,0
1779555801.200519,-0.0078125,-0.0234375,0.1796875,0.1015625,-0.013671875,-0.00390625,0,0
1779555801.208526,-0.0078125,-0.009765625,0.259765625,0.1015625,-0.013671875,-0.00390625,0,0
1779555801.216518,-0.0078125,-0.009765625,0.259765625,0.125,-0.013671875,-0.00390625,0,0
1779555801.224512,-0.0078125,-0.009765625,0.3125,0.125,-0.013671875,-0.00390625,0,0
1779555801.232539,-0.0078125,-0.009765625,0.3125,0.119140625,-0.013671875,-0.00390625,0,0
1779555801.240544,-0.0078125,-0.009765625,0.330078125,0.119140625,-0.013671875,-0.00390625,0,0
1779555801.248553,-0.0078125,-0.009765625,0.330078125,0.107421875,-0.013671875,-0.00390625,0,0
1779555801.256544,-0.0078125,-0.009765625,0.353515625,0.107421875,-0.013671875,-0.00390625,0,0
1779555801.264584,-0.0078125,-0.009765625,0.353515625,0.09765625,-0.013671875,-0.00390625,0,0
1779555801.272526,-0.0078125,-0.009765625,0.396484375,0.09765625,-0.013671875,-0.00390625,0,0
1779555801.280565,-0.0078125,-0.009765625,0.396484375,0.078125,-0.013671875,-0.00390625,0,0
1779555801.288563,-0.0078125,-0.009765625,0.453125,0.078125,-0.013671875,-0.00390625,0,0
1779555801.296579,-0.0078125,-0.009765625,0.453125,0.0625,-0.013671875,-0.00390625,0,0
1779555801.304531,-0.0078125,-0.009765625,0.49609375,0.0625,-0.013671875,-0.00390625,0,0
1779555801.312522,-0.0078125,-0.009765625,0.49609375,0.037109375,-0.013671875,-0.00390625,0,0
1779555801.320521,-0.0078125,-0.009765625,0.521484375,0.037109375,-0.013671875,-0.00390625,0,0
1779555801.328556,-0.0078125,-0.009765625,0.521484375,0.0078125,-0.013671875,-0.00390625,0,0
1779555801.336516,-0.0078125,-0.009765625,0.541015625,0.0078125,-0.013671875,-0.00390625,0,0
1779555801.352537,-0.0078125,-0.009765625,0.5546875,0.0078125,-0.013671875,-0.00390625,0,0
1779555801.368570,-0.0078125,-0.009765625,0.58203125,0.0078125,-0.013671875,-0.00390625,0,0
1779555801.384560,-0.0078125,-0.009765625,0.607421875,0.0078125,-0.013671875,-0.00390625,0,0
1779555801.400569,-0.0078125,-0.009765625,0.626953125,0.0078125,-0.013671875,-0.00390625,0,0
1779555801.416566,-0.0078125,-0.009765625,0.6484375,0.0078125,-0.013671875,-0.00390625,0,0
1779555801.424548,-0.0078125,-0.009765625,0.6484375,0.0078125,-0.013671875,0.0,0,0
1779555801.432557,0.005859375,-0.009765625,0.673828125,0.0078125,-0.013671875,0.0,0,0
1779555801.440503,0.005859375,-0.009765625,0.673828125,0.0078125,-0.013671875,-0.00390625,0,0
1779555801.448558,0.0078125,-0.009765625,0.68359375,0.0078125,-0.013671875,-0.00390625,0,0
1779555801.456587,0.0078125,-0.009765625,0.68359375,0.0078125,-0.013671875,-0.005859375,0,0
1779555801.464528,0.0,-0.009765625,0.68359375,0.0078125,-0.013671875,-0.005859375,0,0
1779555801.472489,0.0,-0.009765625,0.68359375,0.0078125,-0.013671875,-0.005859375,0,0
1779555801.480552,0.0,-0.009765625,0.68359375,0.0078125,-0.013671875,-0.005859375,0,0
1779555801.488537,0.0,-0.009765625,0.68359375,0.0078125,-0.013671875,-0.005859375,0,0
1779555801.496541,0.0,-0.009765625,0.68359375,0.0078125,-0.013671875,-0.005859375,0,0
1779555801.504533,0.0,-0.009765625,0.68359375,0.0078125,-0.013671875,-0.0078125,0,0
1779555801.512535,0.0,-0.009765625,0.68359375,0.0078125,-0.013671875,-0.0078125,0,0
1779555801.520537,0.0,-0.009765625,0.68359375,0.0078125,-0.013671875,-0.0078125,0,0
1779555801.528555,0.0,-0.009765625,0.68359375,0.0078125,-0.013671875,-0.0078125,0,0
1779555801.536552,0.0,-0.009765625,0.68359375,0.0078125,-0.013671875,-0.005859375,0,0
1779555801.544530,0.0,-0.009765625,0.68359375,0.0078125,-0.013671875,-0.005859375,0,0
1779555801.560590,0.0,-0.00390625,0.68359375,0.0078125,-0.013671875,-0.005859375,0,0
1779555801.576554,0.0,-0.0078125,0.68359375,0.0078125,-0.013671875,-0.005859375,0,0
1779555801.592534,0.0,-0.0078125,0.68359375,0.0078125,-0.013671875,-0.005859375,0,0
1779555801.608512,0.0,-0.0078125,0.68359375,0.0078125,-0.013671875,-0.005859375,0,0
1779555801.616529,0.0,-0.0078125,0.68359375,0.0078125,-0.013671875,-0.00390625,0,0
1779555801.624535,0.0,-0.0078125,0.68359375,0.0078125,-0.013671875,-0.00390625,0,0
1779555801.632549,0.0,-0.0078125,0.68359375,0.0078125,-0.013671875,-0.005859375,0,0
1779555801.640531,0.0,-0.0078125,0.68359375,0.0078125,-0.013671875,-0.005859375,0,0
1779555801.648570,0.0,-0.0078125,0.68359375,0.0078125,-0.013671875,-0.005859375,0,0
1779555801.656564,0.0,-0.0078125,0.68359375,0.0078125,-0.013671875,-0.005859375,0,0
1779555801.664584,0.0,-0.0078125,0.68359375,0.0078125,-0.013671875,-0.005859375,0,0
1779555801.672536,0.0,-0.0078125,0.68359375,0.0078125,-0.013671875,-0.005859375,0,0
1779555801.680530,0.0,-0.0078125,0.68359375,0.0078125,-0.013671875,-0.00390625,0,0
1779555801.688546,0.013671875,-0.0078125,0.68359375,0.0078125,-0.013671875,-0.00390625,0,0
1779555801.696550,0.013671875,-0.0078125,0.68359375,0.0078125,-0.013671875,0.0,0,0
1779555801.704509,0.0234375,-0.0078125,0.68359375,0.0078125,-0.013671875,0.0,0,0
1779555801.712517,0.0234375,-0.0078125,0.68359375,0.0078125,-0.013671875,0.0,0,0
1779555801.720536,0.01953125,-0.00390625,0.68359375,0.0078125,-0.013671875,0.0,0,0
1779555801.728519,0.01953125,-0.00390625,0.68359375,0.0078125,-0.013671875,-0.00390625,0,0
1779555801.736609,0.005859375,0.0,0.68359375,0.0078125,-0.013671875,-0.00390625,0,0
1779555801.744557,0.005859375,0.0,0.68359375,0.0078125,-0.013671875,-0.0078125,0,0
1779555801.752510,0.005859375,0.0,0.68359375,0.0078125,-0.013671875,-0.0078125,0,0
1779555801.760560,0.005859375,0.0,0.68359375,0.0078125,-0.013671875,-0.013671875,0,0
1779555801.768559,0.005859375,0.0,0.68359375,0.0078125,-0.013671875,-0.013671875,0,0
1779555801.776570,0.005859375,0.0,0.68359375,0.0078125,-0.013671875,-0.015625,0,0
1779555801.784528,0.005859375,0.0,0.68359375,0.0078125,-0.013671875,-0.015625,0,0
1779555801.792548,0.005859375,0.0,0.68359375,0.0078125,-0.013671875,-0.013671875,0,0
1779555801.800537,0.0078125,-0.009765625,0.68359375,0.0078125,-0.013671875,-0.013671875,0,0
1779555801.808528,0.0078125,-0.009765625,0.68359375,0.0078125,-0.013671875,-0.01171875,0,0
1779555801.816537,0.009765625,-0.025390625,0.68359375,0.0078125,-0.013671875,-0.01171875,0,0
1779555801.824522,0.009765625,-0.025390625,0.68359375,0.0078125,-0.013671875,-0.009765625,0,0
1779555801.832574,0.005859375,-0.03515625,0.677734375,0.0078125,-0.013671875,-0.009765625,0,0
1779555801.840528,0.005859375,-0.03515625,0.677734375,0.0078125,-0.013671875,-0.0078125,0,0
1779555801.848545,0.005859375,-0.03125,0.6640625,0.0078125,-0.013671875,-0.0078125,0,0
1779555801.856535,0.005859375,-0.03125,0.6640625,0.0078125,-0.013671875,-0.0078125,0,0
1779555801.864550,0.005859375,-0.025390625,0.65625,0.0078125,-0.013671875,-0.0078125,0,0
1779555801.872524,0.005859375,-0.025390625,0.65625,0.0078125,-0.013671875,-0.009765625,0,0
1779555801.880528,0.00390625,-0.02734375,0.65234375,0.0078125,-0.013671875,-0.009765625,0,0
1779555801.888555,0.00390625,-0.02734375,0.65234375,0.0078125,-0.013671875,-0.009765625,0,0
1779555801.896544,0.00390625,-0.037109375,0.642578125,0.0078125,-0.013671875,-0.009765625,0,0
1779555801.904531,0.00390625,-0.037109375,0.642578125,0.0078125,-0.013671875,-0.0078125,0,0
1779555801.912575,0.00390625,-0.046875,0.638671875,0.0078125,-0.013671875,-0.0078125,0,0
1779555801.920504,0.00390625,-0.046875,0.638671875,0.0078125,-0.013671875,-0.005859375,0,0
1779555801.928576,0.0,-0.05078125,0.63671875,0.0078125,-0.013671875,-0.005859375,0,0
1779555801.936582,0.0,-0.05078125,0.63671875,0.0078125,-0.013671875,-0.00390625,0,0
1779555801.944574,0.00390625,-0.048828125,0.640625,0.0078125,-0.013671875,-0.00390625,0,0
1779555801.952529,0.00390625,-0.048828125,0.640625,0.0078125,-0.013671875,-0.00390625,0,0
1779555801.960541,0.005859375,-0.046875,0.63671875,0.0078125,-0.013671875,-0.00390625,0,0
1779555801.968580,0.005859375,-0.046875,0.63671875,0.0078125,-0.013671875,-0.00390625,0,0
1779555801.976560,0.009765625,-0.044921875,0.62890625,0.0078125,-0.013671875,-0.00390625,0,0
1779555801.984559,0.009765625,-0.044921875,0.62890625,0.0078125,-0.013671875,-0.00390625,0,0
1779555801.992552,0.009765625,-0.05859375,0.62890625,0.0078125,-0.013671875,-0.00390625,0,0
1779555802.000536,0.009765625,-0.05859375,0.62890625,0.0078125,-0.013671875,-0.005859375,0,0
1779555802.008508,0.0078125,-0.060546875,0.634765625,0.0078125,-0.013671875,-0.005859375,0,0
1779555802.016524,0.0078125,-0.060546875,0.634765625,0.0078125,-0.013671875,-0.005859375,0,0
1779555802.024517,0.0078125,-0.060546875,0.634765625,0.0078125,-0.013671875,-0.005859375,0,0
1779555802.032577,0.0078125,-0.060546875,0.634765625,0.0078125,-0.013671875,0.0,0,0
1779555802.040562,0.0078125,-0.060546875,0.63671875,0.0078125,-0.013671875,0.0,0,0
1779555802.048540,0.0078125,-0.060546875,0.63671875,0.0078125,-0.013671875,0.0,0,0
1779555802.056525,0.009765625,-0.0546875,0.63671875,0.0078125,-0.013671875,0.0,0,0
1779555802.064586,0.009765625,-0.0546875,0.63671875,0.0078125,-0.013671875,0.0,0,0
1779555802.072486,0.009765625,-0.052734375,0.6328125,0.0078125,-0.013671875,0.0,0,0
1779555802.080584,0.009765625,-0.052734375,0.6328125,0.0078125,-0.013671875,0.0,0,0
1779555802.088552,0.009765625,-0.052734375,0.638671875,0.0078125,-0.013671875,0.0,0,0
1779555802.096528,0.009765625,-0.052734375,0.638671875,0.0078125,-0.013671875,0.0,0,0
1779555802.104508,0.009765625,-0.052734375,0.638671875,0.0078125,-0.013671875,0.0,0,0
1779555802.112504,0.009765625,-0.052734375,0.638671875,0.0078125,-0.013671875,0.0,0,0
1779555802.120501,0.013671875,-0.052734375,0.646484375,0.0078125,-0.013671875,0.0,0,0
1779555802.128520,0.013671875,-0.052734375,0.646484375,0.0078125,-0.013671875,0.0,0,0
1779555802.136522,0.025390625,-0.052734375,0.6484375,0.0078125,-0.013671875,0.0,0,0
1779555802.144492,0.025390625,-0.052734375,0.6484375,0.0078125,-0.013671875,-0.00390625,0,0
1779555802.152526,0.02734375,-0.05078125,0.6484375,0.0078125,-0.013671875,-0.00390625,0,0
1779555802.160589,0.02734375,-0.05078125,0.6484375,0.0078125,-0.013671875,-0.005859375,0,0
1779555802.168540,0.025390625,-0.044921875,0.658203125,0.0078125,-0.013671875,-0.005859375,0,0
1779555802.176553,0.025390625,-0.044921875,0.658203125,0.0078125,-0.013671875,-0.0078125,0,0
1779555802.184538,0.015625,-0.04296875,0.66015625,0.0078125,-0.013671875,-0.0078125,0,0
1779555802.192544,0.015625,-0.04296875,0.66015625,0.0078125,-0.013671875,-0.0078125,0,0
1779555802.200549,0.013671875,-0.037109375,0.6640625,0.0078125,-0.013671875,-0.0078125,0,0
1779555802.208530,0.013671875,-0.037109375,0.6640625,0.0078125,-0.013671875,-0.0078125,0,0
1779555802.216560,0.01953125,-0.03515625,0.666015625,0.0078125,-0.013671875,-0.0078125,0,0
1779555802.224571,0.01953125,-0.03515625,0.666015625,0.0078125,-0.013671875,-0.009765625,0,0
1779555802.232572,0.02734375,-0.03125,0.671875,0.0078125,-0.013671875,-0.009765625,0,0
1779555802.240527,0.02734375,-0.03125,0.671875,0.0078125,-0.013671875,-0.009765625,0,0
1779555802.248559,0.03515625,-0.033203125,0.671875,0.0078125,-0.013671875,-0.009765625,0,0
1779555802.256546,0.03515625,-0.033203125,0.671875,0.0078125,-0.013671875,-0.0078125,0,0
1779555802.264576,0.0390625,-0.03125,0.677734375,0.0078125,-0.013671875,-0.0078125,0,0
1779555802.272562,0.0390625,-0.03125,0.677734375,0.0078125,-0.013671875,-0.0078125,0,0
1779555802.280586,0.037109375,-0.029296875,0.68359375,0.0078125,-0.013671875,-0.0078125,0,0
1779555802.288542,0.037109375,-0.029296875,0.68359375,0.0078125,-0.013671875,-0.0078125,0,0
1779555802.296535,0.033203125,-0.02734375,0.68359375,0.0078125,-0.013671875,-0.0078125,0,0
1779555802.304521,0.033203125,-0.02734375,0.68359375,0.0078125,-0.013671875,-0.0078125,0,0
1779555802.312562,0.03515625,-0.02734375,0.68359375,0.0078125,-0.013671875,-0.0078125,0,0
1779555802.320537,0.03515625,-0.02734375,0.68359375,0.0078125,-0.013671875,-0.009765625,0,0
1779555802.328552,0.03515625,-0.02734375,0.68359375,0.0078125,-0.013671875,-0.009765625,0,0
1779555802.336550,0.03515625,-0.02734375,0.68359375,0.0078125,-0.013671875,-0.009765625,0,0
1779555802.344550,0.029296875,-0.025390625,0.68359375,0.0078125,-0.013671875,-0.009765625,0,0
1779555802.352521,0.029296875,-0.025390625,0.68359375,0.0078125,-0.013671875,-0.009765625,0,0
1779555802.360625,0.01953125,-0.021484375,0.68359375,0.0078125,-0.013671875,-0.009765625,0,0
1779555802.368659,0.01953125,-0.021484375,0.68359375,0.0078125,-0.013671875,-0.009765625,0,0
1779555802.376522,0.013671875,-0.021484375,0.68359375,0.0078125,-0.013671875,-0.009765625,0,0
1779555802.384547,0.013671875,-0.021484375,0.68359375,0.0078125,-0.013671875,-0.009765625,0,0
1779555802.392634,0.015625,-0.01171875,0.68359375,0.0078125,-0.013671875,-0.009765625,0,0
1779555802.400539,0.015625,-0.01171875,0.68359375,0.0078125,-0.013671875,-0.01171875,0,0
1779555802.408550,0.025390625,-0.01171875,0.68359375,0.0078125,-0.013671875,-0.01171875,0,0
1779555802.416541,0.025390625,-0.01171875,0.68359375,0.0078125,-0.013671875,-0.009765625,0,0
1779555802.424532,0.02734375,-0.01953125,0.68359375,0.0078125,-0.013671875,-0.009765625,0,0
1779555802.432550,0.02734375,-0.01953125,0.68359375,0.0078125,-0.013671875,-0.0078125,0,0
1779555802.440565,0.02734375,-0.01953125,0.68359375,0.0078125,-0.013671875,-0.0078125,0,0
1779555802.448542,0.02734375,-0.01953125,0.68359375,0.0078125,-0.013671875,-0.005859375,0,0
1779555802.456541,0.02734375,-0.01953125,0.68359375,0.0078125,-0.013671875,-0.005859375,0,0
1779555802.464541,0.02734375,-0.01953125,0.68359375,0.0078125,-0.013671875,-0.005859375,0,0
1779555802.472512,0.029296875,-0.017578125,0.68359375,0.0078125,-0.013671875,-0.005859375,0,0
1779555802.480573,0.029296875,-0.017578125,0.68359375,0.0078125,-0.013671875,-0.005859375,0,0
1779555802.488534,0.033203125,-0.021484375,0.68359375,0.0078125,-0.013671875,-0.005859375,0,0
1779555802.496535,0.033203125,-0.021484375,0.68359375,0.0078125,-0.013671875,-0.0078125,0,0
1779555802.504558,0.03515625,-0.02734375,0.68359375,0.0078125,-0.013671875,-0.0078125,0,0
1779555802.512544,0.03515625,-0.02734375,0.68359375,0.0078125,-0.013671875,-0.0078125,0,0
1779555802.520531,0.03515625,-0.025390625,0.68359375,0.0078125,-0.013671875,-0.0078125,0,0
1779555802.528538,0.03515625,-0.025390625,0.68359375,0.0078125,-0.013671875,-0.005859375,0,0
1779555802.536518,0.04296875,-0.0234375,0.68359375,0.0078125,-0.013671875,-0.005859375,0,0
1779555802.544552,0.04296875,-0.0234375,0.68359375,0.0078125,-0.013671875,-0.005859375,0,0
1779555802.552520,0.044921875,-0.021484375,0.68359375,0.0078125,-0.013671875,-0.005859375,0,0
1779555802.560620,0.044921875,-0.021484375,0.68359375,0.0078125,-0.013671875,-0.005859375,0,0
1779555802.568488,0.048828125,-0.015625,0.68359375,0.0078125,-0.013671875,-0.005859375,0,0
1779555802.576509,0.048828125,-0.015625,0.68359375,0.0078125,-0.013671875,0.0,0,0
1779555802.584568,0.044921875,-0.015625,0.68359375,0.0078125,-0.013671875,0.0,0,0
1779555802.592525,0.044921875,-0.015625,0.68359375,-0.0078125,-0.013671875,0.0,0,0
1779555802.600517,0.03515625,-0.021484375,0.68359375,-0.0078125,-0.013671875,0.0,0,0
1779555802.608506,0.03515625,-0.021484375,0.68359375,-0.013671875,-0.013671875,0.0,0,0
1779555802.616518,0.03125,-0.0234375,0.68359375,-0.013671875,-0.013671875,0.0,0,0
1779555802.624508,0.03125,-0.0234375,0.68359375,-0.013671875,-0.013671875,0.0,0,0
1779555802.632607,0.033203125,-0.021484375,0.68359375,-0.013671875,-0.013671875,0.0,0,0
1779555802.640500,0.033203125,-0.021484375,0.68359375,-0.021484375,-0.013671875,0.0,0,0
1779555802.648533,0.044921875,-0.017578125,0.68359375,-0.021484375,-0.013671875,0.0,0,0
1779555802.656528,0.044921875,-0.017578125,0.68359375,-0.029296875,-0.013671875,0.0,0,0
1779555802.664568,0.048828125,-0.021484375,0.68359375,-0.029296875,-0.013671875,0.0,0,0
1779555802.672521,0.048828125,-0.021484375,0.68359375,-0.033203125,-0.013671875,0.0,0,0
1779555802.680568,0.046875,-0.03125,0.68359375,-0.033203125,-0.013671875,0.0,0,0
1779555802.688543,0.046875,-0.03125,0.68359375,-0.033203125,-0.013671875,-0.005859375,0,0
1779555802.696537,0.044921875,-0.033203125,0.68359375,-0.033203125,-0.013671875,-0.005859375,0,0
1779555802.704551,0.044921875,-0.033203125,0.68359375,-0.033203125,-0.013671875,-0.005859375,0,0
1779555802.712565,0.044921875,-0.033203125,0.68359375,-0.033203125,-0.013671875,-0.005859375,0,0
1779555802.720552,0.044921875,-0.033203125,0.68359375,-0.03515625,-0.013671875,-0.005859375,0,0
1779555802.728534,0.052734375,-0.02734375,0.68359375,-0.03515625,-0.013671875,-0.005859375,0,0
1779555802.736577,0.052734375,-0.02734375,0.68359375,-0.0390625,-0.013671875,-0.005859375,0,0
1779555802.744538,0.0625,-0.03125,0.68359375,-0.0390625,-0.013671875,-0.005859375,0,0
1779555802.752567,0.0625,-0.03125,0.68359375,-0.0390625,-0.013671875,-0.005859375,0,0
1779555802.760514,0.0703125,-0.04296875,0.68359375,-0.0390625,-0.013671875,-0.005859375,0,0
1779555802.768638,0.0703125,-0.04296875,0.68359375,-0.0390625,-0.013671875,-0.00390625,0,0
1779555802.776501,0.0859375,-0.05078125,0.68359375,-0.0390625,-0.013671875,-0.00390625,0,0
1779555802.784576,0.0859375,-0.05078125,0.68359375,-0.041015625,-0.013671875,-0.00390625,0,0
1779555802.792551,0.09765625,-0.060546875,0.6640625,-0.041015625,-0.013671875,-0.00390625,0,0
1779555802.800544,0.09765625,-0.060546875,0.6640625,-0.03125,-0.013671875,-0.00390625,0,0
1779555802.808484,0.119140625,-0.08203125,0.6328125,-0.03125,-0.013671875,-0.00390625,0,0
1779555802.816503,0.119140625,-0.08203125,0.6328125,-0.009765625,-0.013671875,-0.00390625,0,0
1779555802.824526,0.15625,-0.1171875,0.599609375,-0.009765625,-0.013671875,-0.00390625,0,0
1779555802.832553,0.15625,-0.1171875,0.599609375,-0.009765625,-0.013671875,-0.02734375,0,0
1779555802.840529,0.1953125,-0.123046875,0.58203125,-0.009765625,-0.013671875,-0.02734375,0,0
1779555802.848559,0.1953125,-0.123046875,0.58203125,-0.009765625,-0.013671875,-0.048828125,0,0
1779555802.856531,0.208984375,-0.126953125,0.552734375,-0.009765625,-0.013671875,-0.048828125,0,0
1779555802.864571,0.208984375,-0.126953125,0.552734375,-0.009765625,-0.013671875,-0.0546875,0,0
1779555802.872525,0.216796875,-0.12890625,0.51953125,-0.009765625,-0.013671875,-0.0546875,0,0
1779555802.880583,0.216796875,-0.12890625,0.51953125,-0.009765625,-0.013671875,-0.060546875,0,0
1779555802.888626,0.2265625,-0.12109375,0.494140625,-0.009765625,-0.013671875,-0.060546875,0,0
1779555802.896565,0.2265625,-0.12109375,0.494140625,-0.009765625,0.0,-0.06640625,0,0
1779555802.904535,0.26171875,-0.107421875,0.455078125,-0.009765625,0.0,-0.06640625,0,0
1779555802.912557,0.26171875,-0.107421875,0.455078125,-0.009765625,0.015625,-0.068359375,0,0
1779555802.920536,0.3125,-0.08984375,0.435546875,-0.009765625,0.015625,-0.068359375,0,0
1779555802.928559,0.3125,-0.08984375,0.435546875,-0.009765625,0.029296875,-0.064453125,0,0
1779555802.936480,0.373046875,-0.08203125,0.416015625,-0.009765625,0.029296875,-0.064453125,0,0
1779555802.944516,0.373046875,-0.08203125,0.416015625,-0.009765625,0.052734375,-0.041015625,0,0
1779555802.952533,0.419921875,-0.083984375,0.396484375,-0.009765625,0.052734375,-0.041015625,0,0
1779555802.960604,0.419921875,-0.083984375,0.396484375,-0.009765625,0.076171875,-0.013671875,0,0
1779555802.968493,0.435546875,-0.091796875,0.3828125,-0.009765625,0.076171875,-0.013671875,0,0
1779555802.976503,0.435546875,-0.091796875,0.3828125,-0.009765625,0.08984375,-0.013671875,0,0
1779555802.984489,0.4375,-0.080078125,0.373046875,-0.009765625,0.08984375,-0.013671875,0,0
1779555802.992505,0.4375,-0.080078125,0.373046875,-0.009765625,0.09765625,-0.013671875,0,0
1779555803.000504,0.435546875,-0.0703125,0.3671875,-0.009765625,0.09765625,-0.013671875,0,0
1779555803.008505,0.435546875,-0.0703125,0.3671875,-0.009765625,0.1015625,-0.013671875,0,0
1779555803.016510,0.43359375,-0.05859375,0.37109375,-0.009765625,0.1015625,-0.013671875,0,0
1779555803.024509,0.43359375,-0.05859375,0.37109375,-0.009765625,0.1015625,-0.013671875,0,0
1779555803.032560,0.4453125,-0.037109375,0.38671875,-0.009765625,0.1015625,-0.013671875,0,0
1779555803.040513,0.4453125,-0.037109375,0.38671875,-0.009765625,0.109375,-0.013671875,0,0
1779555803.048562,0.45703125,-0.02734375,0.388671875,-0.009765625,0.109375,-0.013671875,0,0
1779555803.056519,0.45703125,-0.02734375,0.388671875,0.0,0.11328125,-0.013671875,0,0
1779555803.064564,0.46484375,-0.0234375,0.388671875,0.0,0.11328125,-0.013671875,0,0
1779555803.072541,0.46484375,-0.0234375,0.388671875,0.0,0.11328125,-0.013671875,0,0
1779555803.080551,0.48046875,-0.0234375,0.380859375,0.0,0.11328125,-0.013671875,0,0
1779555803.088542,0.48046875,-0.0234375,0.380859375,0.0,0.115234375,-0.013671875,0,0
1779555803.096569,0.49609375,-0.029296875,0.375,0.0,0.115234375,-0.013671875,0,0
1779555803.104515,0.49609375,-0.029296875,0.375,0.0,0.12109375,-0.013671875,0,0
1779555803.112537,0.51171875,-0.021484375,0.375,0.0,0.12109375,-0.013671875,0,0
1779555803.120500,0.51171875,-0.021484375,0.375,0.0,0.125,-0.013671875,0,0
1779555803.128542,0.525390625,-0.013671875,0.373046875,0.0,0.125,-0.013671875,0,0
1779555803.136518,0.525390625,-0.013671875,0.373046875,0.0,0.134765625,-0.013671875,0,0
1779555803.144513,0.533203125,-0.01171875,0.373046875,0.0,0.134765625,-0.013671875,0,0
1779555803.152537,0.533203125,-0.01171875,0.373046875,0.0,0.13671875,-0.013671875,0,0
1779555803.160606,0.537109375,-0.005859375,0.369140625,0.0,0.13671875,-0.013671875,0,0
1779555803.168513,0.537109375,-0.005859375,0.369140625,0.0,0.14453125,-0.013671875,0,0
1779555803.176523,0.54296875,-0.005859375,0.359375,0.0,0.14453125,-0.013671875,0,0
1779555803.184529,0.54296875,-0.005859375,0.359375,0.0,0.14453125,-0.013671875,0,0
1779555803.192563,0.552734375,-0.005859375,0.3515625,0.0,0.14453125,-0.013671875,0,0
1779555803.200516,0.552734375,-0.005859375,0.3515625,0.0,0.146484375,-0.013671875,0,0
1779555803.208519,0.5703125,-0.005859375,0.337890625,0.0,0.146484375,-0.013671875,0,0
1779555803.216523,0.5703125,-0.005859375,0.337890625,0.0,0.150390625,-0.013671875,0,0
1779555803.224525,0.580078125,-0.005859375,0.3359375,0.0,0.150390625,-0.013671875,0,0
1779555803.232541,0.580078125,-0.005859375,0.3359375,0.0,0.15234375,-0.013671875,0,0
1779555803.240516,0.595703125,-0.005859375,0.333984375,0.0,0.15234375,-0.013671875,0,0
1779555803.248528,0.595703125,-0.005859375,0.333984375,0.0,0.158203125,-0.013671875,0,0
1779555803.256526,0.60546875,-0.005859375,0.32421875,0.0,0.158203125,-0.013671875,0,0
1779555803.264565,0.60546875,-0.005859375,0.32421875,0.0,0.16796875,-0.013671875,0,0
1779555803.272516,0.6171875,-0.005859375,0.3203125,0.0,0.16796875,-0.013671875,0,0
1779555803.280524,0.6171875,-0.005859375,0.3203125,0.0,0.173828125,-0.013671875,0,0
1779555803.288496,0.62890625,-0.005859375,0.31640625,0.0,0.173828125,-0.013671875,0,0
1779555803.296558,0.62890625,-0.005859375,0.31640625,0.0,0.1796875,-0.013671875,0,0
1779555803.304545,0.63671875,-0.005859375,0.30078125,0.0,0.1796875,-0.013671875,0,0
1779555803.312489,0.63671875,-0.005859375,0.30078125,-0.00390625,0.189453125,-0.013671875,0,0
1779555803.320528,0.646484375,-0.005859375,0.294921875,-0.00390625,0.189453125,-0.013671875,0,0
1779555803.328563,0.646484375,-0.005859375,0.294921875,-0.013671875,0.197265625,-0.013671875,0,0
1779555803.336527,0.6484375,-0.005859375,0.287109375,-0.013671875,0.197265625,-0.013671875,0,0
1779555803.344507,0.6484375,-0.005859375,0.287109375,-0.013671875,0.201171875,-0.013671875,0,0
1779555803.352493,0.65234375,-0.005859375,0.283203125,-0.013671875,0.201171875,-0.013671875,0,0
1779555803.360540,0.65234375,-0.005859375,0.283203125,-0.013671875,0.203125,-0.013671875,0,0
1779555803.368516,0.65234375,-0.005859375,0.283203125,-0.013671875,0.203125,-0.013671875,0,0
1779555803.376538,0.65234375,-0.005859375,0.283203125,-0.013671875,0.205078125,-0.013671875,0,0
1779555803.384536,0.65625,-0.005859375,0.27734375,-0.013671875,0.205078125,-0.013671875,0,0
1779555803.392552,0.65625,-0.005859375,0.27734375,-0.015625,0.208984375,-0.013671875,0,0
1779555803.400586,0.66015625,-0.005859375,0.275390625,-0.015625,0.208984375,-0.013671875,0,0
1779555803.408551,0.66015625,-0.005859375,0.275390625,-0.015625,0.212890625,-0.013671875,0,0
1779555803.416543,0.66015625,-0.005859375,0.275390625,-0.015625,0.212890625,-0.013671875,0,0
1779555803.424519,0.66015625,-0.005859375,0.275390625,-0.015625,0.212890625,-0.013671875,0,0
1779555803.432542,0.66015625,-0.005859375,0.271484375,-0.015625,0.212890625,-0.013671875,0,0
1779555803.440516,0.66015625,-0.005859375,0.271484375,-0.017578125,0.216796875,-0.013671875,0,0
1779555803.448523,0.66015625,-0.005859375,0.265625,-0.017578125,0.216796875,-0.013671875,0,0
1779555803.456521,0.66015625,-0.005859375,0.265625,-0.017578125,0.21875,-0.013671875,0,0
1779555803.464613,0.662109375,-0.005859375,0.263671875,-0.017578125,0.21875,-0.013671875,0,0
1779555803.472546,0.662109375,-0.005859375,0.263671875,-0.021484375,0.21875,-0.013671875,0,0
1779555803.480545,0.6640625,-0.005859375,0.263671875,-0.021484375,0.21875,-0.013671875,0,0
1779555803.488523,0.6640625,-0.005859375,0.263671875,-0.029296875,0.220703125,-0.013671875,0,0
1779555803.496522,0.666015625,0.0,0.267578125,-0.029296875,0.220703125,-0.013671875,0,0
1779555803.504578,0.666015625,0.0,0.267578125,-0.03125,0.22265625,-0.013671875,0,0
1779555803.512527,0.6640625,0.00390625,0.267578125,-0.03125,0.22265625,-0.013671875,0,0
1779555803.520591,0.6640625,0.00390625,0.267578125,-0.033203125,0.22265625,-0.013671875,0,0
1779555803.528530,0.6640625,0.00390625,0.267578125,-0.033203125,0.22265625,-0.013671875,0,0
1779555803.536539,0.6640625,0.00390625,0.267578125,-0.033203125,0.22265625,-0.013671875,0,0
1779555803.544527,0.6640625,0.00390625,0.265625,-0.033203125,0.22265625,-0.013671875,0,0
1779555803.552571,0.6640625,0.00390625,0.265625,-0.03515625,0.22265625,-0.013671875,0,0
1779555803.560634,0.6640625,0.00390625,0.265625,-0.03515625,0.22265625,-0.013671875,0,0
1779555803.568524,0.6640625,0.00390625,0.265625,-0.03515625,0.224609375,-0.013671875,0,0
1779555803.576534,0.662109375,0.00390625,0.265625,-0.03515625,0.224609375,-0.013671875,0,0
1779555803.584536,0.662109375,0.00390625,0.265625,-0.03515625,0.224609375,-0.013671875,0,0
1779555803.592587,0.662109375,0.0,0.263671875,-0.03515625,0.224609375,-0.013671875,0,0
1779555803.600557,0.662109375,0.0,0.263671875,-0.03515625,0.2265625,-0.013671875,0,0
1779555803.608542,0.662109375,0.0,0.26171875,-0.03515625,0.2265625,-0.013671875,0,0
1779555803.616540,0.662109375,0.0,0.26171875,-0.03515625,0.2265625,-0.013671875,0,0
1779555803.624524,0.662109375,0.0,0.26171875,-0.03515625,0.2265625,-0.013671875,0,0
1779555803.632550,0.662109375,0.0,0.26171875,-0.03515625,0.2265625,-0.013671875,0,0
1779555803.640535,0.662109375,0.0,0.255859375,-0.03515625,0.2265625,-0.013671875,0,0
1779555803.648511,0.662109375,0.0,0.255859375,-0.0390625,0.23046875,-0.013671875,0,0
1779555803.656558,0.662109375,0.0,0.255859375,-0.0390625,0.23046875,-0.013671875,0,0
1779555803.664539,0.662109375,0.0,0.255859375,-0.0390625,0.23046875,-0.013671875,0,0
1779555803.672492,0.662109375,0.0,0.25390625,-0.0390625,0.23046875,-0.013671875,0,0
1779555803.680497,0.662109375,0.0,0.25390625,-0.041015625,0.23046875,-0.013671875,0,0
1779555803.688524,0.66015625,0.0,0.251953125,-0.041015625,0.23046875,-0.013671875,0,0
1779555803.696515,0.66015625,0.0,0.251953125,-0.04296875,0.23046875,-0.013671875,0,0
1779555803.704504,0.66015625,0.0,0.25,-0.04296875,0.23046875,-0.013671875,0,0
1779555803.712504,0.66015625,0.0,0.25,-0.044921875,0.23046875,-0.013671875,0,0
1779555803.720509,0.66015625,0.0,0.25,-0.044921875,0.23046875,-0.013671875,0,0
1779555803.728543,0.66015625,0.0,0.25,-0.044921875,0.232421875,-0.013671875,0,0
1779555803.736536,0.66015625,0.0,0.25,-0.044921875,0.232421875,-0.013671875,0,0
1779555803.744524,0.66015625,0.0,0.25,-0.044921875,0.232421875,-0.013671875,0,0
1779555803.752539,0.66015625,0.0,0.248046875,-0.044921875,0.232421875,-0.013671875,0,0
1779555803.760626,0.66015625,0.0,0.248046875,-0.044921875,0.232421875,-0.013671875,0,0
1779555803.768538,0.66015625,0.0,0.248046875,-0.044921875,0.232421875,-0.013671875,0,0
1779555803.776525,0.66015625,0.0,0.248046875,-0.044921875,0.232421875,-0.013671875,0,0
1779555803.784542,0.66015625,0.0,0.248046875,-0.044921875,0.232421875,-0.013671875,0,0
1779555803.792494,0.66015625,0.0,0.248046875,-0.044921875,0.232421875,-0.013671875,0,0
1779555803.800540,0.66015625,0.0,0.24609375,-0.044921875,0.232421875,-0.013671875,0,0
1779555803.808558,0.66015625,0.0,0.24609375,-0.044921875,0.232421875,-0.013671875,0,0
1779555803.816562,0.66015625,0.0,0.24609375,-0.044921875,0.232421875,-0.013671875,0,0
1779555803.824521,0.66015625,0.0,0.24609375,-0.044921875,0.232421875,-0.013671875,0,0
1779555803.832607,0.66015625,0.0,0.24609375,-0.044921875,0.232421875,-0.013671875,0,0
1779555803.840551,0.66015625,0.0,0.24609375,-0.04296875,0.234375,-0.013671875,0,0
1779555803.848548,0.66015625,0.0,0.24609375,-0.04296875,0.234375,-0.013671875,0,0
1779555803.856552,0.66015625,0.0,0.24609375,-0.044921875,0.234375,-0.013671875,0,0
1779555803.864587,0.66015625,0.0,0.24609375,-0.044921875,0.234375,-0.013671875,0,0
1779555803.872582,0.66015625,0.0,0.24609375,-0.044921875,0.234375,-0.013671875,0,0
1779555803.880538,0.658203125,0.0,0.244140625,-0.044921875,0.234375,-0.013671875,0,0
1779555803.888572,0.658203125,0.0,0.244140625,-0.044921875,0.234375,-0.013671875,0,0
1779555803.896546,0.658203125,0.0,0.244140625,-0.044921875,0.234375,-0.013671875,0,0
1779555803.904536,0.658203125,0.0,0.244140625,-0.044921875,0.234375,-0.013671875,0,0
1779555803.912575,0.65625,0.0,0.2421875,-0.044921875,0.234375,-0.013671875,0,0
1779555803.920595,0.65625,0.0,0.2421875,-0.046875,0.234375,-0.013671875,0,0
1779555803.928532,0.65625,0.0,0.240234375,-0.046875,0.234375,-0.013671875,0,0
1779555803.936544,0.65625,0.0,0.240234375,-0.046875,0.23828125,-0.013671875,0,0
1779555803.944532,0.65625,0.0,0.23828125,-0.046875,0.23828125,-0.013671875,0,0
1779555803.952547,0.65625,0.0,0.23828125,-0.044921875,0.23828125,-0.013671875,0,0
1779555803.960577,0.65625,0.0,0.228515625,-0.044921875,0.23828125,-0.013671875,0,0
1779555803.968519,0.65625,0.0,0.228515625,-0.041015625,0.240234375,-0.013671875,0,0
1779555803.976534,0.658203125,0.0,0.224609375,-0.041015625,0.240234375,-0.013671875,0,0
1779555803.984585,0.658203125,0.0,0.224609375,-0.037109375,0.2421875,-0.013671875,0,0
1779555803.992552,0.65625,0.0,0.220703125,-0.037109375,0.2421875,-0.013671875,0,0
1779555804.000556,0.65625,0.0,0.220703125,-0.03125,0.240234375,-0.013671875,0,0
1779555804.008476,0.65625,0.0,0.220703125,-0.03125,0.240234375,-0.013671875,0,0
1779555804.016542,0.65625,0.0,0.220703125,-0.029296875,0.240234375,-0.013671875,0,0
1779555804.024547,0.65625,0.0,0.220703125,-0.029296875,0.240234375,-0.013671875,0,0
1779555804.032537,0.65625,0.0,0.220703125,-0.03125,0.240234375,-0.013671875,0,0
1779555804.040527,0.65625,0.0,0.212890625,-0.03125,0.240234375,-0.013671875,0,0
1779555804.048568,0.65625,0.0,0.212890625,-0.029296875,0.24609375,-0.013671875,0,0
1779555804.056592,0.65625,0.0,0.208984375,-0.029296875,0.24609375,-0.013671875,0,0
1779555804.064523,0.65625,0.0,0.208984375,-0.02734375,0.24609375,-0.013671875,0,0
1779555804.072514,0.654296875,0.0,0.208984375,-0.02734375,0.24609375,-0.013671875,0,0
1779555804.080500,0.654296875,0.0,0.208984375,-0.02734375,0.24609375,-0.013671875,0,0
1779555804.088483,0.654296875,0.0,0.203125,-0.02734375,0.24609375,-0.013671875,0,0
1779555804.096503,0.654296875,0.0,0.203125,-0.025390625,0.248046875,-0.013671875,0,0
1779555804.104568,0.654296875,0.0,0.19921875,-0.025390625,0.248046875,-0.013671875,0,0
1779555804.112563,0.654296875,0.0,0.19921875,-0.0234375,0.248046875,-0.013671875,0,0
1779555804.120518,0.654296875,0.0,0.19921875,-0.0234375,0.248046875,-0.013671875,0,0
1779555804.128540,0.654296875,0.0,0.19921875,-0.0234375,0.248046875,-0.013671875,0,0
1779555804.136550,0.654296875,0.0,0.197265625,-0.0234375,0.248046875,-0.013671875,0,0
1779555804.144519,0.654296875,0.0,0.197265625,-0.0234375,0.25,-0.013671875,0,0
1779555804.152529,0.65234375,0.0,0.193359375,-0.0234375,0.25,-0.013671875,0,0
1779555804.160589,0.65234375,0.0,0.193359375,-0.025390625,0.248046875,-0.013671875,0,0
1779555804.168552,0.650390625,0.0,0.189453125,-0.025390625,0.248046875,-0.013671875,0,0
1779555804.176536,0.650390625,0.0,0.189453125,-0.029296875,0.24609375,-0.013671875,0,0
1779555804.184554,0.650390625,0.0,0.1875,-0.029296875,0.24609375,-0.013671875,0,0
1779555804.192533,0.650390625,0.0,0.1875,-0.029296875,0.248046875,-0.013671875,0,0
1779555804.200604,0.650390625,0.0,0.1875,-0.029296875,0.248046875,-0.013671875,0,0
1779555804.208527,0.650390625,0.0,0.1875,-0.029296875,0.248046875,-0.013671875,0,0
1779555804.216571,0.650390625,0.0,0.185546875,-0.029296875,0.248046875,-0.013671875,0,0
1779555804.224560,0.650390625,0.0,0.185546875,-0.03125,0.25390625,-0.013671875,0,0
1779555804.232550,0.650390625,0.0,0.1796875,-0.03125,0.25390625,-0.013671875,0,0
1779555804.240537,0.650390625,0.0,0.1796875,-0.033203125,0.25,-0.013671875,0,0
1779555804.248530,0.650390625,0.0,0.173828125,-0.033203125,0.25,-0.013671875,0,0
1779555804.256547,0.650390625,0.0,0.173828125,-0.03515625,0.251953125,-0.013671875,0,0
1779555804.264569,0.650390625,0.0,0.169921875,-0.03515625,0.251953125,-0.013671875,0,0
1779555804.272516,0.650390625,0.0,0.169921875,-0.037109375,0.251953125,-0.013671875,0,0
1779555804.280548,0.650390625,0.0,0.169921875,-0.037109375,0.251953125,-0.013671875,0,0
1779555804.288518,0.650390625,0.0,0.169921875,-0.037109375,0.251953125,-0.013671875,0,0
1779555804.296544,0.650390625,0.0,0.169921875,-0.037109375,0.251953125,-0.013671875,0,0
1779555804.304525,0.650390625,0.0,0.169921875,-0.037109375,0.251953125,-0.013671875,0,0
1779555804.312523,0.650390625,0.0,0.169921875,-0.037109375,0.251953125,-0.013671875,0,0
1779555804.320523,0.650390625,0.0,0.169921875,-0.037109375,0.251953125,-0.013671875,0,0
1779555804.328531,0.650390625,0.0,0.16796875,-0.037109375,0.251953125,-0.013671875,0,0
1779555804.336557,0.650390625,0.0,0.16796875,-0.0390625,0.251953125,-0.013671875,0,0
1779555804.343587,0.650390625,0.0,0.169921875,-0.0390625,0.251953125,-0.013671875,0,0
1779555804.352538,0.650390625,0.0,0.169921875,-0.037109375,0.251953125,-0.013671875,0,0
1779555804.360625,0.650390625,0.0,0.169921875,-0.037109375,0.251953125,-0.013671875,0,0
1779555804.368591,0.650390625,0.0,0.169921875,-0.037109375,0.25390625,-0.013671875,0,0
1779555804.376569,0.650390625,0.0,0.169921875,-0.037109375,0.25390625,-0.013671875,0,0
1779555804.384581,0.650390625,0.0,0.169921875,-0.037109375,0.25390625,-0.013671875,0,0
1779555804.392553,0.650390625,0.0,0.169921875,-0.037109375,0.25390625,-0.013671875,0,0
1779555804.400556,0.650390625,0.0,0.169921875,-0.037109375,0.25390625,-0.013671875,0,0
1779555804.408552,0.650390625,0.0,0.171875,-0.037109375,0.25390625,-0.013671875,0,0
1779555804.416576,0.650390625,0.0,0.171875,-0.03515625,0.25390625,-0.013671875,0,0
1779555804.424563,0.650390625,0.0,0.171875,-0.03515625,0.25390625,-0.013671875,0,0
1779555804.432566,0.650390625,0.0,0.171875,-0.03515625,0.255859375,-0.013671875,0,0
1779555804.440540,0.650390625,0.0,0.16796875,-0.03515625,0.255859375,-0.013671875,0,0
1779555804.448553,0.650390625,0.0,0.16796875,-0.033203125,0.25390625,-0.013671875,0,0
1779555804.456564,0.650390625,0.0,0.166015625,-0.033203125,0.25390625,-0.013671875,0,0
1779555804.464558,0.650390625,0.0,0.166015625,-0.03125,0.25390625,-0.013671875,0,0
1779555804.472507,0.650390625,0.0,0.166015625,-0.03125,0.25390625,-0.013671875,0,0
1779555804.480515,0.650390625,0.0,0.166015625,-0.03125,0.25390625,-0.013671875,0,0
1779555804.488569,0.650390625,0.0,0.1640625,-0.03125,0.25390625,-0.013671875,0,0
1779555804.496536,0.650390625,0.0,0.1640625,-0.03125,0.255859375,-0.013671875,0,0
1779555804.504493,0.646484375,0.0,0.162109375,-0.03125,0.255859375,-0.013671875,0,0
1779555804.512529,0.646484375,0.0,0.162109375,-0.03125,0.255859375,-0.013671875,0,0
1779555804.520534,0.64453125,0.0,0.16015625,-0.03125,0.255859375,-0.013671875,0,0
1779555804.528568,0.64453125,0.0,0.16015625,-0.03125,0.251953125,-0.013671875,0,0
1779555804.536564,0.646484375,0.0,0.16015625,-0.03125,0.251953125,-0.013671875,0,0
1779555804.544568,0.646484375,0.0,0.16015625,-0.0234375,0.25390625,-0.013671875,0,0
1779555804.552534,0.646484375,0.0,0.162109375,-0.0234375,0.25390625,-0.013671875,0,0
1779555804.560604,0.646484375,0.0,0.162109375,-0.01953125,0.25390625,-0.013671875,0,0
1779555804.568520,0.646484375,0.0,0.162109375,-0.01953125,0.25390625,-0.013671875,0,0
1779555804.576566,0.646484375,0.0,0.162109375,-0.01953125,0.25390625,-0.013671875,0,0
1779555804.584568,0.646484375,0.0,0.15625,-0.01953125,0.25390625,-0.013671875,0,0
1779555804.592558,0.646484375,0.0,0.15625,-0.01953125,0.25390625,-0.013671875,0,0
1779555804.600527,0.646484375,0.0,0.15625,-0.01953125,0.25390625,-0.013671875,0,0
1779555804.608493,0.646484375,0.0,0.15625,-0.01953125,0.25390625,-0.013671875,0,0
1779555804.616593,0.646484375,0.0,0.15234375,-0.01953125,0.25390625,-0.013671875,0,0
1779555804.624532,0.646484375,0.0,0.15234375,-0.015625,0.25390625,-0.013671875,0,0
1779555804.632559,0.646484375,0.0,0.150390625,-0.015625,0.25390625,-0.013671875,0,0
1779555804.640530,0.646484375,0.0,0.150390625,-0.013671875,0.255859375,-0.013671875,0,0
1779555804.648538,0.64453125,0.0,0.1484375,-0.013671875,0.255859375,-0.013671875,0,0
1779555804.656567,0.64453125,0.0,0.1484375,-0.013671875,0.255859375,-0.013671875,0,0
1779555804.664547,0.642578125,0.0,0.14453125,-0.013671875,0.255859375,-0.013671875,0,0
1779555804.672584,0.642578125,0.0,0.14453125,-0.01171875,0.25390625,-0.013671875,0,0
1779555804.680547,0.640625,0.00390625,0.142578125,-0.01171875,0.25390625,-0.013671875,0,0
1779555804.688532,0.640625,0.00390625,0.142578125,-0.01171875,0.251953125,-0.013671875,0,0
1779555804.696525,0.640625,0.005859375,0.142578125,-0.01171875,0.251953125,-0.013671875,0,0
1779555804.704531,0.640625,0.005859375,0.142578125,-0.01171875,0.251953125,-0.013671875,0,0
1779555804.712519,0.640625,0.0078125,0.146484375,-0.01171875,0.251953125,-0.013671875,0,0
1779555804.720573,0.640625,0.0078125,0.146484375,-0.0078125,0.251953125,-0.013671875,0,0
1779555804.728544,0.642578125,0.01171875,0.14453125,-0.0078125,0.251953125,-0.013671875,0,0
1779555804.736561,0.642578125,0.01171875,0.14453125,-0.005859375,0.25390625,-0.013671875,0,0
1779555804.744540,0.642578125,0.01171875,0.14453125,-0.005859375,0.25390625,-0.013671875,0,0
1779555804.752546,0.642578125,0.01171875,0.14453125,-0.00390625,0.25390625,-0.013671875,0,0
1779555804.760556,0.64453125,0.009765625,0.134765625,-0.00390625,0.25390625,-0.013671875,0,0
1779555804.768572,0.64453125,0.009765625,0.134765625,-0.00390625,0.255859375,-0.013671875,0,0
1779555804.776547,0.64453125,0.009765625,0.130859375,-0.00390625,0.255859375,-0.013671875,0,0
1779555804.784534,0.64453125,0.009765625,0.130859375,-0.00390625,0.255859375,-0.013671875,0,0
1779555804.792524,0.646484375,0.009765625,0.126953125,-0.00390625,0.255859375,-0.013671875,0,0
1779555804.800542,0.646484375,0.009765625,0.126953125,-0.00390625,0.255859375,-0.013671875,0,0
1779555804.808522,0.646484375,0.009765625,0.125,-0.00390625,0.255859375,-0.013671875,0,0
1779555804.816551,0.646484375,0.009765625,0.125,-0.00390625,0.255859375,-0.013671875,0,0
1779555804.824522,0.646484375,0.0078125,0.123046875,-0.00390625,0.255859375,-0.013671875,0,0
1779555804.832521,0.646484375,0.0078125,0.123046875,-0.00390625,0.255859375,-0.013671875,0,0
1779555804.840519,0.646484375,0.00390625,0.111328125,-0.00390625,0.255859375,-0.013671875,0,0
1779555804.848522,0.646484375,0.00390625,0.111328125,-0.00390625,0.25390625,-0.013671875,0,0
1779555804.856541,0.646484375,0.00390625,0.09375,-0.00390625,0.25390625,-0.013671875,0,0
1779555804.864570,0.646484375,0.00390625,0.09375,-0.00390625,0.25,-0.013671875,0,0
1779555804.872532,0.64453125,0.00390625,0.072265625,-0.00390625,0.25,-0.013671875,0,0
1779555804.880533,0.64453125,0.00390625,0.072265625,-0.00390625,0.2421875,-0.013671875,0,0
1779555804.888530,0.638671875,0.00390625,0.060546875,-0.00390625,0.2421875,-0.013671875,0,0
1779555804.896561,0.638671875,0.00390625,0.060546875,-0.00390625,0.234375,-0.013671875,0,0
1779555804.904537,0.630859375,0.00390625,0.041015625,-0.00390625,0.234375,-0.013671875,0,0
1779555804.912529,0.630859375,0.00390625,0.041015625,-0.00390625,0.228515625,-0.013671875,0,0
1779555804.920538,0.62109375,0.00390625,0.021484375,-0.00390625,0.228515625,-0.013671875,0,0
1779555804.928561,0.62109375,0.00390625,0.021484375,-0.00390625,0.21875,-0.013671875,0,0
1779555804.936523,0.611328125,0.00390625,0.005859375,-0.00390625,0.21875,-0.013671875,0,0
1779555804.944514,0.611328125,0.00390625,0.005859375,-0.00390625,0.212890625,-0.013671875,0,0
1779555804.952551,0.599609375,0.00390625,0.005859375,-0.00390625,0.212890625,-0.013671875,0,0
1779555804.960589,0.599609375,0.00390625,0.005859375,-0.00390625,0.203125,-0.013671875,0,0
1779555804.968607,0.58984375,0.00390625,0.005859375,-0.00390625,0.203125,-0.013671875,0,0
1779555804.976537,0.58984375,0.00390625,0.005859375,-0.00390625,0.201171875,-0.013671875,0,0
1779555804.984511,0.5703125,0.00390625,0.005859375,-0.00390625,0.201171875,-0.013671875,0,0
1779555804.992525,0.5703125,0.00390625,0.005859375,-0.00390625,0.19140625,-0.013671875,0,0
1779555805.000584,0.548828125,0.00390625,0.005859375,-0.00390625,0.19140625,-0.013671875,0,0
1779555805.008551,0.548828125,0.00390625,0.005859375,-0.00390625,0.173828125,-0.013671875,0,0
1779555805.016569,0.53125,0.00390625,0.005859375,-0.00390625,0.173828125,-0.013671875,0,0
1779555805.024538,0.53125,0.00390625,0.005859375,-0.00390625,0.158203125,-0.013671875,0,0
1779555805.032555,0.515625,0.00390625,0.005859375,-0.00390625,0.158203125,-0.013671875,0,0
1779555805.040549,0.515625,0.00390625,0.005859375,-0.00390625,0.146484375,-0.013671875,0,0
1779555805.048554,0.50390625,0.00390625,-0.0078125,-0.00390625,0.146484375,-0.013671875,0,0
1779555805.056552,0.50390625,0.00390625,-0.0078125,-0.00390625,0.13671875,-0.013671875,0,0
1779555805.064550,0.49609375,0.00390625,-0.01171875,-0.00390625,0.13671875,-0.013671875,0,0
1779555805.072554,0.49609375,0.00390625,-0.01171875,-0.00390625,0.1328125,-0.013671875,0,0
1779555805.080506,0.484375,0.00390625,-0.005859375,-0.00390625,0.1328125,-0.013671875,0,0
1779555805.088572,0.484375,0.00390625,-0.005859375,-0.00390625,0.1328125,-0.013671875,0,0
1779555805.096541,0.46484375,0.00390625,-0.005859375,-0.00390625,0.1328125,-0.013671875,0,0
1779555805.104510,0.46484375,0.00390625,-0.005859375,-0.00390625,0.130859375,-0.013671875,0,0
1779555805.112508,0.451171875,0.00390625,-0.005859375,-0.00390625,0.130859375,-0.013671875,0,0
1779555805.120573,0.451171875,0.00390625,-0.005859375,-0.00390625,0.126953125,-0.013671875,0,0
1779555805.128542,0.4375,0.00390625,-0.021484375,-0.00390625,0.126953125,-0.013671875,0,0
1779555805.136585,0.4375,0.00390625,-0.021484375,-0.00390625,0.12109375,-0.013671875,0,0
1779555805.144522,0.427734375,0.00390625,-0.03515625,-0.00390625,0.12109375,-0.013671875,0,0
1779555805.152579,0.427734375,0.00390625,-0.03515625,-0.00390625,0.115234375,-0.013671875,0,0
1779555805.160611,0.423828125,0.00390625,-0.041015625,-0.00390625,0.115234375,-0.013671875,0,0
1779555805.168529,0.423828125,0.00390625,-0.041015625,0.0,0.111328125,-0.013671875,0,0
1779555805.176563,0.423828125,0.00390625,-0.04296875,0.0,0.111328125,-0.013671875,0,0
1779555805.184565,0.423828125,0.00390625,-0.04296875,0.005859375,0.11328125,-0.013671875,0,0
1779555805.192520,0.416015625,0.00390625,-0.041015625,0.005859375,0.11328125,-0.013671875,0,0
1779555805.200596,0.416015625,0.00390625,-0.041015625,0.013671875,0.11328125,-0.013671875,0,0
1779555805.208550,0.3984375,0.00390625,-0.037109375,0.013671875,0.11328125,-0.013671875,0,0
1779555805.216529,0.3984375,0.00390625,-0.037109375,0.01953125,0.109375,-0.013671875,0,0
1779555805.224520,0.380859375,0.00390625,-0.03125,0.01953125,0.109375,-0.013671875,0,0
1779555805.232595,0.380859375,0.00390625,-0.03125,0.01953125,0.103515625,-0.013671875,0,0
1779555805.240526,0.36328125,0.00390625,-0.02734375,0.01953125,0.103515625,-0.013671875,0,0
1779555805.248501,0.36328125,0.00390625,-0.02734375,0.0234375,0.099609375,-0.013671875,0,0
1779555805.256555,0.345703125,0.00390625,-0.0078125,0.0234375,0.099609375,-0.013671875,0,0
1779555805.264573,0.345703125,0.00390625,-0.0078125,0.02734375,0.1015625,-0.013671875,0,0
1779555805.272532,0.328125,0.00390625,-0.0078125,0.02734375,0.1015625,-0.013671875,0,0
1779555805.280539,0.328125,0.00390625,-0.0078125,0.033203125,0.10546875,-0.013671875,0,0
1779555805.288560,0.30078125,0.00390625,-0.0078125,0.033203125,0.10546875,-0.013671875,0,0
1779555805.296528,0.30078125,0.00390625,-0.0078125,0.048828125,0.11328125,-0.013671875,0,0
1779555805.304597,0.28125,0.00390625,-0.0078125,0.048828125,0.11328125,-0.013671875,0,0
1779555805.312534,0.28125,0.00390625,-0.0078125,0.064453125,0.12109375,-0.013671875,0,0
1779555805.320618,0.2578125,0.00390625,-0.0078125,0.064453125,0.12109375,-0.013671875,0,0
1779555805.328526,0.2578125,0.00390625,-0.0078125,0.072265625,0.115234375,0.00390625,0,0
1779555805.336524,0.244140625,0.00390625,-0.0078125,0.072265625,0.115234375,0.00390625,0,0
1779555805.344540,0.244140625,0.00390625,-0.0078125,0.08203125,0.111328125,0.00390625,0,0
1779555805.352513,0.244140625,0.00390625,-0.0078125,0.08203125,0.111328125,0.00390625,0,0
1779555805.360606,0.244140625,0.00390625,-0.0078125,0.0859375,0.109375,0.00390625,0,0
1779555805.368571,0.25390625,0.00390625,-0.0078125,0.0859375,0.109375,0.00390625,0,0
1779555805.376573,0.25390625,0.00390625,-0.0078125,0.0859375,0.111328125,0.00390625,0,0
1779555805.384561,0.25390625,-0.005859375,-0.0078125,0.0859375,0.111328125,0.00390625,0,0
1779555805.392557,0.25390625,-0.005859375,-0.0078125,0.08203125,0.107421875,0.00390625,0,0
1779555805.400546,0.251953125,-0.009765625,-0.0078125,0.08203125,0.107421875,0.00390625,0,0
1779555805.408555,0.251953125,-0.009765625,-0.0078125,0.076171875,0.099609375,0.00390625,0,0
1779555805.416542,0.244140625,-0.0078125,-0.0078125,0.076171875,0.099609375,0.00390625,0,0
1779555805.424496,0.244140625,-0.0078125,-0.0078125,0.076171875,0.091796875,0.00390625,0,0
1779555805.432533,0.22265625,-0.0078125,-0.0078125,0.076171875,0.091796875,0.00390625,0,0
1779555805.440558,0.22265625,-0.0078125,-0.0078125,0.072265625,0.08203125,0.00390625,0,0
1779555805.448563,0.1953125,-0.0078125,-0.0078125,0.072265625,0.08203125,0.00390625,0,0
1779555805.456537,0.1953125,-0.0078125,-0.0078125,0.06640625,0.064453125,0.00390625,0,0
1779555805.464535,0.171875,-0.0078125,-0.0078125,0.06640625,0.064453125,0.00390625,0,0
1779555805.472562,0.171875,-0.0078125,-0.0078125,0.052734375,0.048828125,0.00390625,0,0
1779555805.480591,0.150390625,-0.0078125,-0.01171875,0.052734375,0.048828125,0.00390625,0,0
1779555805.488555,0.150390625,-0.0078125,-0.01171875,0.05078125,0.0390625,0.00390625,0,0
1779555805.496541,0.140625,-0.0078125,-0.01171875,0.05078125,0.0390625,0.00390625,0,0
1779555805.504496,0.140625,-0.0078125,-0.01171875,0.05078125,0.03515625,0.00390625,0,0
1779555805.512519,0.134765625,-0.0078125,-0.01171875,0.05078125,0.03515625,0.00390625,0,0
1779555805.520537,0.134765625,-0.0078125,-0.01171875,0.05078125,0.03515625,-0.01171875,0,0
1779555805.528592,0.115234375,-0.0078125,-0.015625,0.05078125,0.03515625,-0.01171875,0,0
1779555805.536589,0.115234375,-0.0078125,-0.015625,0.05078125,0.02734375,-0.02734375,0,0
1779555805.544544,0.078125,-0.0078125,-0.015625,0.05078125,0.02734375,-0.02734375,0,0
1779555805.552544,0.078125,-0.0078125,-0.015625,0.046875,0.013671875,-0.046875,0,0
1779555805.560594,0.037109375,-0.0078125,-0.025390625,0.046875,0.013671875,-0.046875,0,0
1779555805.568498,0.037109375,-0.0078125,-0.025390625,0.044921875,0.013671875,-0.068359375,0,0
1779555805.576519,0.0078125,-0.0078125,-0.02734375,0.044921875,0.013671875,-0.068359375,0,0
1779555805.584529,0.0078125,-0.0078125,-0.02734375,0.044921875,0.013671875,-0.076171875,0,0
1779555805.592492,0.0078125,-0.0078125,-0.0390625,0.044921875,0.013671875,-0.076171875,0,0
1779555805.600572,0.0078125,-0.0078125,-0.0390625,0.044921875,0.013671875,-0.078125,0,0
1779555805.608509,0.0078125,-0.0078125,-0.044921875,0.044921875,0.013671875,-0.078125,0,0
1779555805.616541,0.0078125,-0.0078125,-0.044921875,0.041015625,0.013671875,-0.078125,0,0
1779555805.624533,0.0078125,-0.0078125,-0.044921875,0.041015625,0.013671875,-0.078125,0,0
1779555805.632551,0.0078125,-0.0078125,-0.044921875,0.044921875,0.013671875,-0.08203125,0,0
1779555805.640553,0.0078125,0.00390625,-0.046875,0.044921875,0.013671875,-0.08203125,0,0
1779555805.648574,0.0078125,0.00390625,-0.046875,0.044921875,0.013671875,-0.091796875,0,0
1779555805.656562,-0.01171875,0.01953125,-0.052734375,0.044921875,0.013671875,-0.091796875,0,0
1779555805.664590,-0.01171875,0.01953125,-0.052734375,0.044921875,0.013671875,-0.099609375,0,0
1779555805.672534,-0.048828125,0.03125,-0.056640625,0.044921875,0.013671875,-0.099609375,0,0
1779555805.680540,-0.048828125,0.03125,-0.056640625,0.044921875,-0.009765625,-0.10546875,0,0
1779555805.688559,-0.0703125,0.0390625,-0.0625,0.044921875,-0.009765625,-0.10546875,0,0
1779555805.696544,-0.0703125,0.0390625,-0.0625,0.046875,-0.013671875,-0.109375,0,0
1779555805.704505,-0.080078125,0.052734375,-0.064453125,0.046875,-0.013671875,-0.109375,0,0
1779555805.712525,-0.080078125,0.052734375,-0.064453125,0.046875,-0.015625,-0.11328125,0,0
1779555805.720536,-0.099609375,0.07421875,-0.06640625,0.046875,-0.015625,-0.11328125,0,0
1779555805.728548,-0.099609375,0.07421875,-0.06640625,0.037109375,-0.017578125,-0.1171875,0,0
1779555805.736526,-0.1328125,0.099609375,-0.0703125,0.037109375,-0.017578125,-0.1171875,0,0
1779555805.744556,-0.1328125,0.099609375,-0.0703125,0.009765625,-0.029296875,-0.1171875,0,0
1779555805.752522,-0.158203125,0.1171875,-0.0703125,0.009765625,-0.029296875,-0.1171875,0,0
1779555805.760535,-0.158203125,0.1171875,-0.0703125,0.009765625,-0.03515625,-0.115234375,0,0
1779555805.767571,-0.181640625,0.12890625,-0.064453125,0.009765625,-0.03515625,-0.115234375,0,0
1779555805.776488,-0.181640625,0.12890625,-0.064453125,0.009765625,-0.037109375,-0.11328125,0,0
1779555805.784523,-0.201171875,0.138671875,-0.068359375,0.009765625,-0.037109375,-0.11328125,0,0
1779555805.792480,-0.201171875,0.138671875,-0.068359375,0.009765625,-0.044921875,-0.111328125,0,0
1779555805.800521,-0.22265625,0.15234375,-0.076171875,0.009765625,-0.044921875,-0.111328125,0,0
1779555805.808485,-0.22265625,0.15234375,-0.076171875,0.009765625,-0.056640625,-0.111328125,0,0
1779555805.816505,-0.23828125,0.1640625,-0.078125,0.009765625,-0.056640625,-0.111328125,0,0
1779555805.824495,-0.23828125,0.1640625,-0.078125,0.009765625,-0.064453125,-0.11328125,0,0
1779555805.832535,-0.25390625,0.1796875,-0.078125,0.009765625,-0.064453125,-0.11328125,0,0
1779555805.840492,-0.25390625,0.1796875,-0.078125,0.009765625,-0.0703125,-0.1171875,0,0
1779555805.848500,-0.275390625,0.193359375,-0.080078125,0.009765625,-0.0703125,-0.1171875,0,0
1779555805.856541,-0.275390625,0.193359375,-0.080078125,0.009765625,-0.078125,-0.1171875,0,0
1779555805.864544,-0.2890625,0.208984375,-0.08203125,0.009765625,-0.078125,-0.1171875,0,0
1779555805.872525,-0.2890625,0.208984375,-0.08203125,0.009765625,-0.08203125,-0.1171875,0,0
1779555805.879603,-0.296875,0.21875,-0.0859375,0.009765625,-0.08203125,-0.1171875,0,0
1779555805.888548,-0.296875,0.21875,-0.0859375,0.009765625,-0.08984375,-0.11328125,0,0
1779555805.896561,-0.302734375,0.22265625,-0.095703125,0.009765625,-0.08984375,-0.11328125,0,0
1779555805.904565,-0.302734375,0.22265625,-0.095703125,0.009765625,-0.1015625,-0.107421875,0,0
1779555805.912545,-0.30078125,0.21875,-0.107421875,0.009765625,-0.1015625,-0.107421875,0,0
1779555805.920557,-0.30078125,0.21875,-0.107421875,0.009765625,-0.103515625,-0.10546875,0,0
1779555805.928539,-0.294921875,0.21875,-0.11328125,0.009765625,-0.103515625,-0.10546875,0,0
1779555805.936554,-0.294921875,0.21875,-0.11328125,0.009765625,-0.103515625,-0.10546875,0,0
1779555805.944556,-0.283203125,0.21875,-0.119140625,0.009765625,-0.103515625,-0.10546875,0,0
1779555805.952527,-0.283203125,0.21875,-0.119140625,0.009765625,-0.1015625,-0.103515625,0,0
1779555805.960584,-0.279296875,0.21875,-0.123046875,0.009765625,-0.1015625,-0.103515625,0,0
1779555805.968534,-0.279296875,0.21875,-0.123046875,0.009765625,-0.099609375,-0.103515625,0,0
1779555805.976543,-0.271484375,0.224609375,-0.125,0.009765625,-0.099609375,-0.103515625,0,0
1779555805.984522,-0.271484375,0.224609375,-0.125,0.009765625,-0.095703125,-0.10546875,0,0
1779555805.992550,-0.271484375,0.224609375,-0.126953125,0.009765625,-0.095703125,-0.10546875,0,0
1779555806.000573,-0.271484375,0.224609375,-0.126953125,0.009765625,-0.095703125,-0.10546875,0,0
1779555806.008573,-0.271484375,0.228515625,-0.1328125,0.009765625,-0.095703125,-0.10546875,0,0
1779555806.016572,-0.271484375,0.228515625,-0.1328125,0.009765625,-0.09765625,-0.10546875,0,0
1779555806.024557,-0.265625,0.23046875,-0.13671875,0.009765625,-0.09765625,-0.10546875,0,0
1779555806.032563,-0.265625,0.23046875,-0.13671875,0.009765625,-0.095703125,-0.10546875,0,0
1779555806.040535,-0.248046875,0.2265625,-0.13671875,0.009765625,-0.095703125,-0.10546875,0,0
1779555806.048578,-0.248046875,0.2265625,-0.13671875,0.009765625,-0.087890625,-0.10546875,0,0
1779555806.056553,-0.228515625,0.22265625,-0.1328125,0.009765625,-0.087890625,-0.10546875,0,0
1779555806.064568,-0.228515625,0.22265625,-0.1328125,0.009765625,-0.076171875,-0.103515625,0,0
1779555806.072559,-0.21484375,0.21875,-0.130859375,0.009765625,-0.076171875,-0.103515625,0,0
1779555806.080551,-0.21484375,0.21875,-0.130859375,0.009765625,-0.0703125,-0.09765625,0,0
1779555806.088576,-0.212890625,0.216796875,-0.12890625,0.009765625,-0.0703125,-0.09765625,0,0
1779555806.096553,-0.212890625,0.216796875,-0.12890625,0.009765625,-0.0703125,-0.09765625,0,0
1779555806.104555,-0.205078125,0.216796875,-0.134765625,0.009765625,-0.0703125,-0.09765625,0,0
1779555806.112540,-0.205078125,0.216796875,-0.134765625,0.009765625,-0.0703125,-0.09765625,0,0
1779555806.120553,-0.193359375,0.216796875,-0.13671875,0.009765625,-0.0703125,-0.09765625,0,0
1779555806.128529,-0.193359375,0.216796875,-0.13671875,0.009765625,-0.06640625,-0.1015625,0,0
1779555806.136558,-0.1796875,0.216796875,-0.13671875,0.009765625,-0.06640625,-0.1015625,0,0
1779555806.144534,-0.1796875,0.216796875,-0.13671875,0.009765625,-0.060546875,-0.103515625,0,0
1779555806.152530,-0.16015625,0.21875,-0.12890625,0.009765625,-0.060546875,-0.103515625,0,0
1779555806.160574,-0.16015625,0.21875,-0.12890625,0.009765625,-0.048828125,-0.107421875,0,0
1779555806.168565,-0.138671875,0.220703125,-0.126953125,0.009765625,-0.048828125,-0.107421875,0,0
1779555806.176538,-0.138671875,0.220703125,-0.126953125,0.009765625,-0.0390625,-0.109375,0,0
1779555806.184577,-0.11328125,0.21875,-0.11328125,0.009765625,-0.0390625,-0.109375,0,0
1779555806.192551,-0.11328125,0.21875,-0.11328125,0.009765625,-0.02734375,-0.109375,0,0
1779555806.200629,-0.076171875,0.23828125,-0.103515625,0.009765625,-0.02734375,-0.109375,0,0
1779555806.208516,-0.076171875,0.23828125,-0.103515625,0.009765625,-0.017578125,-0.103515625,0,0
1779555806.216532,-0.04296875,0.248046875,-0.1015625,0.009765625,-0.017578125,-0.103515625,0,0
1779555806.224523,-0.04296875,0.248046875,-0.1015625,0.009765625,-0.0078125,-0.087890625,0,0
1779555806.232532,-0.013671875,0.251953125,-0.095703125,0.009765625,-0.0078125,-0.087890625,0,0
1779555806.240524,-0.013671875,0.251953125,-0.095703125,0.009765625,0.0,-0.076171875,0,0
1779555806.248537,-0.013671875,0.25,-0.08203125,0.009765625,0.0,-0.076171875,0,0
1779555806.256552,-0.013671875,0.25,-0.08203125,0.009765625,0.0,-0.064453125,0,0
1779555806.264548,-0.013671875,0.23828125,-0.0625,0.009765625,0.0,-0.064453125,0,0
1779555806.272515,-0.013671875,0.23828125,-0.0625,0.009765625,0.0,-0.056640625,0,0
1779555806.280588,-0.013671875,0.224609375,-0.03125,0.009765625,0.0,-0.056640625,0,0
1779555806.288535,-0.013671875,0.224609375,-0.03125,0.009765625,0.0,-0.05078125,0,0
1779555806.296566,0.025390625,0.2109375,-0.01953125,0.009765625,0.0,-0.05078125,0,0
1779555806.304559,0.025390625,0.2109375,-0.01953125,0.009765625,0.0,-0.048828125,0,0
1779555806.312568,0.052734375,0.189453125,-0.005859375,0.009765625,0.0,-0.048828125,0,0
1779555806.320565,0.052734375,0.189453125,-0.005859375,0.009765625,0.0,-0.046875,0,0
1779555806.328566,0.072265625,0.162109375,-0.005859375,0.009765625,0.0,-0.046875,0,0
1779555806.336555,0.072265625,0.162109375,-0.005859375,0.009765625,0.0,-0.044921875,0,0
1779555806.344542,0.078125,0.14453125,-0.005859375,0.009765625,0.0,-0.044921875,0,0
1779555806.352560,0.078125,0.14453125,-0.005859375,0.009765625,0.0,-0.044921875,0,0
1779555806.360542,0.080078125,0.138671875,-0.00390625,0.009765625,0.0,-0.044921875,0,0
1779555806.368545,0.080078125,0.138671875,-0.00390625,0.009765625,0.0,-0.05078125,0,0
1779555806.376504,0.091796875,0.130859375,-0.005859375,0.009765625,0.0,-0.05078125,0,0
1779555806.384559,0.091796875,0.130859375,-0.005859375,0.0,0.0,-0.056640625,0,0
1779555806.392512,0.103515625,0.12890625,-0.015625,0.0,0.0,-0.056640625,0,0
1779555806.400560,0.103515625,0.12890625,-0.015625,0.005859375,0.0,-0.060546875,0,0
1779555806.408528,0.1171875,0.12109375,-0.021484375,0.005859375,0.0,-0.060546875,0,0
1779555806.416596,0.1171875,0.12109375,-0.021484375,0.017578125,0.0,-0.064453125,0,0
1779555806.424525,0.126953125,0.109375,-0.029296875,0.017578125,0.0,-0.064453125,0,0
1779555806.432528,0.126953125,0.109375,-0.029296875,0.033203125,0.0,-0.068359375,0,0
1779555806.440583,0.125,0.107421875,-0.044921875,0.033203125,0.0,-0.068359375,0,0
1779555806.448563,0.125,0.107421875,-0.044921875,0.048828125,0.0,-0.076171875,0,0
1779555806.456561,0.111328125,0.115234375,-0.0625,0.048828125,0.0,-0.076171875,0,0
1779555806.464563,0.111328125,0.115234375,-0.0625,0.056640625,0.0,-0.083984375,0,0
1779555806.472589,0.095703125,0.123046875,-0.068359375,0.056640625,0.0,-0.083984375,0,0
1779555806.480565,0.095703125,0.123046875,-0.068359375,0.05859375,0.0,-0.087890625,0,0
1779555806.488519,0.07421875,0.119140625,-0.0703125,0.05859375,0.0,-0.087890625,0,0
1779555806.496555,0.07421875,0.119140625,-0.0703125,0.0625,0.0,-0.09375,0,0
1779555806.504530,0.05859375,0.111328125,-0.05859375,0.0625,0.0,-0.09375,0,0
1779555806.512504,0.05859375,0.111328125,-0.05859375,0.072265625,0.0,-0.1015625,0,0
1779555806.520503,0.03515625,0.1015625,-0.048828125,0.072265625,0.0,-0.1015625,0,0
1779555806.528502,0.03515625,0.1015625,-0.048828125,0.087890625,0.0,-0.115234375,0,0
1779555806.536486,0.009765625,0.099609375,-0.041015625,0.087890625,0.0,-0.115234375,0,0
1779555806.544513,0.009765625,0.099609375,-0.041015625,0.103515625,0.0,-0.1328125,0,0
1779555806.552560,0.009765625,0.107421875,-0.041015625,0.103515625,0.0,-0.1328125,0,0
1779555806.560534,0.009765625,0.107421875,-0.041015625,0.11328125,0.0,-0.140625,0,0
1779555806.568544,0.009765625,0.11328125,-0.048828125,0.11328125,0.0,-0.140625,0,0
1779555806.576460,0.009765625,0.11328125,-0.048828125,0.111328125,0.0,-0.140625,0,0
1779555806.584582,0.009765625,0.115234375,-0.056640625,0.111328125,0.0,-0.140625,0,0
1779555806.592563,0.009765625,0.115234375,-0.056640625,0.11328125,0.0,-0.140625,0,0
1779555806.600596,0.009765625,0.115234375,-0.07421875,0.11328125,0.0,-0.140625,0,0
1779555806.608597,0.009765625,0.115234375,-0.07421875,0.115234375,0.0,-0.138671875,0,0
1779555806.616529,-0.00390625,0.123046875,-0.095703125,0.115234375,0.0,-0.138671875,0,0
1779555806.624532,-0.00390625,0.123046875,-0.095703125,0.119140625,0.0,-0.138671875,0,0
1779555806.632565,-0.03125,0.134765625,-0.111328125,0.119140625,0.0,-0.138671875,0,0
1779555806.640574,-0.03125,0.134765625,-0.111328125,0.125,0.0,-0.140625,0,0
1779555806.648521,-0.05078125,0.14453125,-0.119140625,0.125,0.0,-0.140625,0,0
1779555806.656525,-0.05078125,0.14453125,-0.119140625,0.12890625,0.0,-0.14453125,0,0
1779555806.664529,-0.072265625,0.158203125,-0.1328125,0.12890625,0.0,-0.14453125,0,0
1779555806.672518,-0.072265625,0.158203125,-0.1328125,0.12890625,-0.01171875,-0.14453125,0,0
1779555806.680531,-0.083984375,0.166015625,-0.146484375,0.12890625,-0.01171875,-0.14453125,0,0
1779555806.688596,-0.083984375,0.166015625,-0.146484375,0.12890625,-0.017578125,-0.14453125,0,0
1779555806.696587,-0.087890625,0.177734375,-0.16015625,0.12890625,-0.017578125,-0.14453125,0,0
1779555806.704576,-0.087890625,0.177734375,-0.16015625,0.12109375,-0.017578125,-0.140625,0,0
1779555806.712558,-0.091796875,0.1953125,-0.169921875,0.12109375,-0.017578125,-0.140625,0,0
1779555806.720531,-0.091796875,0.1953125,-0.169921875,0.1171875,-0.01953125,-0.13671875,0,0
1779555806.728536,-0.095703125,0.203125,-0.173828125,0.1171875,-0.01953125,-0.13671875,0,0
1779555806.736521,-0.095703125,0.203125,-0.173828125,0.12109375,-0.01953125,-0.134765625,0,0
1779555806.744512,-0.095703125,0.203125,-0.173828125,0.12109375,-0.01953125,-0.134765625,0,0
1779555806.752526,-0.095703125,0.203125,-0.173828125,0.125,-0.015625,-0.130859375,0,0
1779555806.760571,-0.095703125,0.203125,-0.17578125,0.125,-0.015625,-0.130859375,0,0
1779555806.768574,-0.095703125,0.203125,-0.17578125,0.12890625,-0.015625,-0.126953125,0,0
1779555806.776539,-0.09375,0.208984375,-0.1796875,0.12890625,-0.015625,-0.126953125,0,0
1779555806.784553,-0.09375,0.208984375,-0.1796875,0.130859375,-0.015625,-0.125,0,0
1779555806.792567,-0.087890625,0.212890625,-0.1796875,0.130859375,-0.015625,-0.125,0,0
1779555806.800550,-0.087890625,0.212890625,-0.1796875,0.134765625,-0.01171875,-0.123046875,0,0
1779555806.808594,-0.080078125,0.21484375,-0.1796875,0.134765625,-0.01171875,-0.123046875,0,0
1779555806.816594,-0.080078125,0.21484375,-0.1796875,0.1328125,-0.0078125,-0.12109375,0,0
1779555806.824538,-0.0703125,0.216796875,-0.181640625,0.1328125,-0.0078125,-0.12109375,0,0
1779555806.832543,-0.0703125,0.216796875,-0.181640625,0.134765625,-0.00390625,-0.119140625,0,0
1779555806.840522,-0.06640625,0.21484375,-0.185546875,0.134765625,-0.00390625,-0.119140625,0,0
1779555806.848574,-0.06640625,0.21484375,-0.185546875,0.140625,-0.00390625,-0.1171875,0,0
1779555806.856590,-0.056640625,0.20703125,-0.19140625,0.140625,-0.00390625,-0.1171875,0,0
1779555806.864556,-0.056640625,0.20703125,-0.19140625,0.15234375,0.0,-0.115234375,0,0
1779555806.872574,-0.048828125,0.19921875,-0.19140625,0.15234375,0.0,-0.115234375,0,0
1779555806.880563,-0.048828125,0.19921875,-0.19140625,0.162109375,0.0,-0.115234375,0,0
1779555806.888572,-0.03515625,0.193359375,-0.19140625,0.162109375,0.0,-0.115234375,0,0
1779555806.896544,-0.03515625,0.193359375,-0.19140625,0.16796875,0.0,-0.115234375,0,0
1779555806.904545,-0.02734375,0.19140625,-0.1875,0.16796875,0.0,-0.115234375,0,0
1779555806.912538,-0.02734375,0.19140625,-0.1875,0.171875,0.0,-0.11328125,0,0
1779555806.920544,-0.021484375,0.189453125,-0.177734375,0.171875,0.0,-0.11328125,0,0
1779555806.928615,-0.021484375,0.189453125,-0.177734375,0.171875,0.0,-0.11328125,0,0
1779555806.936568,-0.021484375,0.189453125,-0.1640625,0.171875,0.0,-0.11328125,0,0
1779555806.944552,-0.021484375,0.189453125,-0.1640625,0.16796875,0.0,-0.11328125,0,0
1779555806.952571,-0.0234375,0.189453125,-0.14453125,0.16796875,0.0,-0.11328125,0,0
1779555806.960580,-0.0234375,0.189453125,-0.14453125,0.166015625,0.0,-0.11328125,0,0
1779555806.968537,-0.025390625,0.189453125,-0.13671875,0.166015625,0.0,-0.11328125,0,0
1779555806.976561,-0.025390625,0.189453125,-0.13671875,0.16796875,0.0,-0.11328125,0,0
1779555806.984569,-0.01953125,0.185546875,-0.12890625,0.16796875,0.0,-0.11328125,0,0
1779555806.992539,-0.01953125,0.185546875,-0.12890625,0.171875,0.0,-0.111328125,0,0
1779555807.000540,-0.015625,0.169921875,-0.119140625,0.171875,0.0,-0.111328125,0,0
1779555807.008540,-0.015625,0.169921875,-0.119140625,0.1796875,0.0,-0.10546875,0,0
1779555807.016559,0.0,0.150390625,-0.1015625,0.1796875,0.0,-0.10546875,0,0
1779555807.024571,0.0,0.150390625,-0.1015625,0.189453125,0.0,-0.09765625,0,0
1779555807.032542,0.0,0.125,-0.08203125,0.189453125,0.0,-0.09765625,0,0
1779555807.040545,0.0,0.125,-0.08203125,0.201171875,0.0,-0.0859375,0,0
1779555807.048582,0.0,0.115234375,-0.064453125,0.201171875,0.0,-0.0859375,0,0
1779555807.056593,0.0,0.115234375,-0.064453125,0.212890625,0.0,-0.07421875,0,0
1779555807.064556,-0.0078125,0.107421875,-0.0625,0.212890625,0.0,-0.07421875,0,0
1779555807.072535,-0.0078125,0.107421875,-0.0625,0.216796875,0.0,-0.060546875,0,0
1779555807.080587,-0.013671875,0.1015625,-0.0625,0.216796875,0.0,-0.060546875,0,0
1779555807.088538,-0.013671875,0.1015625,-0.0625,0.22265625,0.0,-0.052734375,0,0
1779555807.096594,-0.01953125,0.083984375,-0.046875,0.22265625,0.0,-0.052734375,0,0
1779555807.104550,-0.01953125,0.083984375,-0.046875,0.23046875,0.0,-0.0390625,0,0
1779555807.112591,-0.025390625,0.0625,-0.02734375,0.23046875,0.0,-0.0390625,0,0
1779555807.120613,-0.025390625,0.0625,-0.02734375,0.234375,0.0,-0.02734375,0,0
1779555807.128590,-0.029296875,0.03125,-0.02734375,0.234375,0.0,-0.02734375,0,0
1779555807.136533,-0.029296875,0.03125,-0.02734375,0.248046875,0.0,-0.01171875,0,0
1779555807.144520,-0.03125,0.03125,-0.02734375,0.248046875,0.0,-0.01171875,0,0
1779555807.152563,-0.03125,0.03125,-0.02734375,0.267578125,0.0,-0.01171875,0,0
1779555807.160613,-0.03125,0.03125,-0.02734375,0.267578125,0.0,-0.01171875,0,0
1779555807.168557,-0.03125,0.03125,-0.02734375,0.279296875,0.0,-0.01171875,0,0
1779555807.176537,-0.0234375,0.03125,-0.02734375,0.279296875,0.0,-0.01171875,0,0
1779555807.184564,-0.0234375,0.03125,-0.02734375,0.29296875,0.0,-0.01171875,0,0
1779555807.192532,-0.01171875,0.03125,-0.02734375,0.29296875,0.0,-0.01171875,0,0
1779555807.200531,-0.01171875,0.03125,-0.02734375,0.306640625,0.0,-0.01171875,0,0
1779555807.208548,-0.005859375,0.03125,-0.02734375,0.306640625,0.0,-0.01171875,0,0
1779555807.216531,-0.005859375,0.03125,-0.02734375,0.31640625,0.0,0.00390625,0,0
1779555807.224555,-0.009765625,0.03125,-0.02734375,0.31640625,0.0,0.00390625,0,0
1779555807.232565,-0.009765625,0.03125,-0.02734375,0.32421875,0.0,0.01953125,0,0
1779555807.240499,-0.01171875,0.03125,0.00390625,0.32421875,0.0,0.01953125,0,0
1779555807.248534,-0.01171875,0.03125,0.00390625,0.341796875,0.0,0.041015625,0,0
1779555807.256570,-0.01171875,-0.013671875,0.017578125,0.341796875,0.0,0.041015625,0,0
1779555807.264569,-0.01171875,-0.013671875,0.017578125,0.36328125,0.0,0.0625,0,0
1779555807.272582,-0.01171875,-0.03125,0.03515625,0.36328125,0.0,0.0625,0,0
1779555807.280570,-0.01171875,-0.03125,0.03515625,0.40625,0.0,0.08203125,0,0
1779555807.288571,-0.01171875,-0.052734375,0.048828125,0.40625,0.0,0.08203125,0,0
1779555807.296569,-0.01171875,-0.052734375,0.048828125,0.453125,0.0,0.1015625,0,0
1779555807.304551,-0.01171875,-0.0625,0.0546875,0.453125,0.0,0.1015625,0,0
1779555807.312531,-0.01171875,-0.0625,0.0546875,0.498046875,0.0,0.119140625,0,0
1779555807.320570,-0.01171875,-0.068359375,0.056640625,0.498046875,0.0,0.119140625,0,0
1779555807.328583,-0.01171875,-0.068359375,0.056640625,0.521484375,0.0,0.1328125,0,0
1779555807.336552,-0.01171875,-0.0703125,0.052734375,0.521484375,0.0,0.1328125,0,0
1779555807.344549,-0.01171875,-0.0703125,0.052734375,0.5546875,0.0,0.14453125,0,0
1779555807.352570,-0.01171875,-0.076171875,0.0546875,0.5546875,0.0,0.14453125,0,0
1779555807.360572,-0.01171875,-0.076171875,0.0546875,0.595703125,0.0,0.1484375,0,0
1779555807.368555,-0.01171875,-0.083984375,0.05859375,0.595703125,0.0,0.1484375,0,0
1779555807.376548,-0.01171875,-0.083984375,0.05859375,0.634765625,0.0,0.1484375,0,0
1779555807.384531,-0.01171875,-0.095703125,0.05859375,0.634765625,0.0,0.1484375,0,0
1779555807.392529,-0.01171875,-0.095703125,0.05859375,0.66796875,0.0,0.154296875,0,0
1779555807.400551,-0.01171875,-0.115234375,0.060546875,0.66796875,0.0,0.154296875,0,0
1779555807.408515,-0.01171875,-0.115234375,0.060546875,0.68359375,0.0,0.158203125,0,0
1779555807.416505,0.013671875,-0.11328125,0.060546875,0.68359375,0.0,0.158203125,0,0
1779555807.424504,0.013671875,-0.11328125,0.060546875,0.68359375,0.0,0.158203125,0,0
1779555807.432512,0.021484375,-0.10546875,0.03125,0.68359375,0.0,0.158203125,0,0
1779555807.440499,0.021484375,-0.10546875,0.03125,0.68359375,0.0,0.154296875,0,0
1779555807.448495,0.0234375,-0.09375,0.009765625,0.68359375,0.0,0.154296875,0,0
1779555807.456508,0.0234375,-0.09375,0.009765625,0.68359375,0.0,0.150390625,0,0
1779555807.464514,0.0234375,-0.087890625,0.009765625,0.68359375,0.0,0.150390625,0,0
1779555807.472548,0.0234375,-0.087890625,0.009765625,0.68359375,0.0,0.146484375,0,0
1779555807.488585,0.02734375,-0.091796875,0.009765625,0.68359375,0.0,0.146484375,0,0
1779555807.496561,0.02734375,-0.091796875,0.009765625,0.68359375,0.0,0.146484375,0,0
1779555807.504577,0.03515625,-0.099609375,0.009765625,0.68359375,0.0,0.146484375,0,0
1779555807.512550,0.03515625,-0.099609375,0.009765625,0.68359375,0.0,0.142578125,0,0
1779555807.520571,0.0390625,-0.1171875,0.017578125,0.68359375,0.0,0.142578125,0,0
1779555807.528585,0.0390625,-0.1171875,0.017578125,0.68359375,0.0,0.13671875,0,0
1779555807.536560,0.041015625,-0.11328125,0.056640625,0.68359375,0.0,0.13671875,0,0
1779555807.544554,0.041015625,-0.11328125,0.056640625,0.68359375,0.0,0.119140625,0,0
1779555807.552546,0.0390625,-0.08984375,0.05859375,0.68359375,0.0,0.119140625,0,0
1779555807.560591,0.0390625,-0.08984375,0.05859375,0.68359375,0.0,0.1015625,0,0
1779555807.568560,0.025390625,-0.068359375,0.056640625,0.68359375,0.0,0.1015625,0,0
1779555807.576538,0.025390625,-0.068359375,0.056640625,0.68359375,0.0,0.08984375,0,0
1779555807.584536,0.013671875,-0.052734375,0.064453125,0.68359375,0.0,0.08984375,0,0
1779555807.592568,0.013671875,-0.052734375,0.064453125,0.68359375,0.0,0.08203125,0,0
1779555807.600580,0.013671875,-0.05078125,0.0625,0.68359375,0.0,0.08203125,0,0
1779555807.608584,0.013671875,-0.05078125,0.0625,0.68359375,0.0,0.080078125,0,0
1779555807.616520,0.025390625,-0.05859375,0.056640625,0.68359375,0.0,0.080078125,0,0
1779555807.624508,0.025390625,-0.05859375,0.056640625,0.68359375,0.0,0.080078125,0,0
1779555807.632542,0.0390625,-0.068359375,0.052734375,0.68359375,0.0,0.080078125,0,0
1779555807.640519,0.0390625,-0.068359375,0.052734375,0.68359375,0.0,0.083984375,0,0
1779555807.648519,0.05078125,-0.07421875,0.046875,0.68359375,0.0,0.083984375,0,0
1779555807.656559,0.05078125,-0.07421875,0.046875,0.68359375,0.0,0.0859375,0,0
1779555807.664615,0.0546875,-0.076171875,0.048828125,0.68359375,0.0,0.0859375,0,0
1779555807.672528,0.0546875,-0.076171875,0.048828125,0.68359375,0.0,0.0859375,0,0
1779555807.680537,0.048828125,-0.0703125,0.056640625,0.68359375,0.0,0.0859375,0,0
1779555807.688504,0.048828125,-0.0703125,0.056640625,0.68359375,0.0,0.08203125,0,0
1779555807.696541,0.037109375,-0.05078125,0.06640625,0.68359375,0.0,0.08203125,0,0
1779555807.704558,0.037109375,-0.05078125,0.06640625,0.68359375,0.0,0.072265625,0,0
1779555807.712507,0.025390625,-0.02734375,0.072265625,0.68359375,0.0,0.072265625,0,0
1779555807.720577,0.025390625,-0.02734375,0.072265625,0.68359375,0.0,0.060546875,0,0
1779555807.728499,0.015625,-0.015625,0.076171875,0.68359375,0.0,0.060546875,0,0
1779555807.736528,0.015625,-0.015625,0.076171875,0.68359375,0.0,0.044921875,0,0
1779555807.744486,0.00390625,-0.013671875,0.08984375,0.68359375,0.0,0.044921875,0,0
1779555807.752521,0.00390625,-0.013671875,0.08984375,0.650390625,0.0,0.01953125,0,0
1779555807.760512,0.005859375,-0.005859375,0.103515625,0.650390625,0.0,0.01953125,0,0
1779555807.768623,0.005859375,-0.005859375,0.103515625,0.611328125,0.00390625,0.0,0,0
1779555807.776563,0.00390625,-0.015625,0.1015625,0.611328125,0.00390625,0.0,0,0
1779555807.784537,0.00390625,-0.015625,0.1015625,0.59375,0.00390625,0.0,0,0
1779555807.792536,0.00390625,-0.01953125,0.109375,0.59375,0.00390625,0.0,0,0
1779555807.800533,0.00390625,-0.01953125,0.109375,0.599609375,0.0,0.0,0,0
1779555807.808565,0.00390625,-0.0234375,0.1015625,0.599609375,0.0,0.0,0,0
1779555807.816561,0.00390625,-0.0234375,0.1015625,0.599609375,0.0,0.0,0,0
1779555807.824561,0.00390625,-0.021484375,0.095703125,0.599609375,0.0,0.0,0,0
1779555807.832540,0.00390625,-0.021484375,0.095703125,0.599609375,0.0,0.005859375,0,0
1779555807.840527,0.00390625,-0.021484375,0.095703125,0.599609375,0.0,0.005859375,0,0
1779555807.848547,0.00390625,-0.021484375,0.095703125,0.6015625,0.0,0.0078125,0,0
1779555807.856586,0.005859375,-0.015625,0.09765625,0.6015625,0.0,0.0078125,0,0
1779555807.864525,0.005859375,-0.015625,0.09765625,0.595703125,0.0,0.005859375,0,0
1779555807.872534,0.009765625,-0.017578125,0.103515625,0.595703125,0.0,0.005859375,0,0
1779555807.880525,0.009765625,-0.017578125,0.103515625,0.587890625,0.0,0.00390625,0,0
1779555807.888535,0.01171875,-0.025390625,0.1171875,0.587890625,0.0,0.00390625,0,0
1779555807.896535,0.01171875,-0.025390625,0.1171875,0.57421875,0.0,0.00390625,0,0
1779555807.904553,0.005859375,-0.03515625,0.126953125,0.57421875,0.0,0.00390625,0,0
1779555807.912484,0.005859375,-0.03515625,0.126953125,0.552734375,0.0,0.00390625,0,0
1779555807.920538,0.005859375,-0.044921875,0.134765625,0.552734375,0.0,0.00390625,0,0
1779555807.927639,0.005859375,-0.044921875,0.134765625,0.515625,0.0,0.00390625,0,0
1779555807.936579,0.005859375,-0.05078125,0.130859375,0.515625,0.0,0.00390625,0,0
1779555807.944554,0.005859375,-0.05078125,0.130859375,0.4921875,0.0,0.00390625,0,0
1779555807.951605,0.005859375,-0.056640625,0.13671875,0.4921875,0.0,0.00390625,0,0
1779555807.960584,0.005859375,-0.056640625,0.13671875,0.462890625,0.0,0.00390625,0,0
1779555807.968580,0.005859375,-0.064453125,0.13671875,0.462890625,0.0,0.00390625,0,0
1779555807.976585,0.005859375,-0.064453125,0.13671875,0.421875,0.0,0.00390625,0,0
1779555807.984542,0.005859375,-0.07421875,0.130859375,0.421875,0.0,0.00390625,0,0
1779555807.992557,0.005859375,-0.07421875,0.130859375,0.3671875,0.0,0.00390625,0,0
1779555808.000578,0.005859375,-0.083984375,0.130859375,0.3671875,0.0,0.00390625,0,0
1779555808.008579,0.005859375,-0.083984375,0.130859375,0.310546875,0.0,0.00390625,0,0
1779555808.016562,0.005859375,-0.08984375,0.12109375,0.310546875,0.0,0.00390625,0,0
1779555808.024573,0.005859375,-0.08984375,0.12109375,0.28515625,0.0,0.0,0,0
1779555808.032594,0.005859375,-0.09375,0.115234375,0.28515625,0.0,0.0,0,0
1779555808.040572,0.005859375,-0.09375,0.115234375,0.265625,0.0,-0.0078125,0,0
1779555808.048581,0.005859375,-0.095703125,0.111328125,0.265625,0.0,-0.0078125,0,0
1779555808.056592,0.005859375,-0.095703125,0.111328125,0.255859375,0.0,-0.013671875,0,0
1779555808.064560,0.005859375,-0.107421875,0.10546875,0.255859375,0.0,-0.013671875,0,0
1779555808.072579,0.005859375,-0.107421875,0.10546875,0.25390625,0.0,-0.013671875,0,0
1779555808.080575,0.005859375,-0.115234375,0.103515625,0.25390625,0.0,-0.013671875,0,0
1779555808.088601,0.005859375,-0.115234375,0.103515625,0.2578125,0.0,-0.013671875,0,0
1779555808.096578,0.005859375,-0.109375,0.099609375,0.2578125,0.0,-0.013671875,0,0
1779555808.104548,0.005859375,-0.109375,0.099609375,0.25390625,0.0,-0.015625,0,0
1779555808.112540,0.005859375,-0.10546875,0.091796875,0.25390625,0.0,-0.015625,0,0
1779555808.120567,0.005859375,-0.10546875,0.091796875,0.25,0.0,-0.015625,0,0
1779555808.128568,0.009765625,-0.09375,0.08984375,0.25,0.0,-0.015625,0,0
1779555808.136600,0.009765625,-0.09375,0.08984375,0.240234375,0.0,-0.015625,0,0
1779555808.144548,0.0078125,-0.078125,0.0859375,0.240234375,0.0,-0.015625,0,0
1779555808.152571,0.0078125,-0.078125,0.0859375,0.21875,0.0,-0.015625,0,0
1779555808.160559,0.0,-0.05859375,0.072265625,0.21875,0.0,-0.015625,0,0
1779555808.168554,0.0,-0.05859375,0.072265625,0.185546875,0.0,-0.015625,0,0
1779555808.176547,0.0,-0.05078125,0.05859375,0.185546875,0.0,-0.015625,0,0
1779555808.184542,0.0,-0.05078125,0.05859375,0.1640625,0.0,-0.017578125,0,0
1779555808.192554,0.0,-0.046875,0.044921875,0.1640625,0.0,-0.017578125,0,0
1779555808.200570,0.0,-0.046875,0.044921875,0.130859375,0.0,-0.021484375,0,0
1779555808.208570,0.0,-0.046875,0.03125,0.130859375,0.0,-0.021484375,0,0
1779555808.216555,0.0,-0.046875,0.03125,0.11328125,0.0,-0.025390625,0,0
1779555808.224579,0.0,-0.052734375,0.0234375,0.11328125,0.0,-0.025390625,0,0
1779555808.232603,0.0,-0.052734375,0.0234375,0.1171875,0.0,-0.029296875,0,0
1779555808.240577,0.009765625,-0.064453125,0.01953125,0.1171875,0.0,-0.029296875,0,0
1779555808.248526,0.009765625,-0.064453125,0.01953125,0.12109375,0.0,-0.037109375,0,0
1779555808.256607,0.021484375,-0.076171875,0.0,0.12109375,0.0,-0.037109375,0,0
1779555808.263612,0.021484375,-0.076171875,0.0,0.12890625,0.0,-0.046875,0,0
1779555808.272543,0.029296875,-0.076171875,0.0,0.12890625,0.0,-0.046875,0,0
1779555808.280550,0.029296875,-0.076171875,0.0,0.171875,0.0,-0.05859375,0,0
1779555808.288568,0.02734375,-0.064453125,0.0,0.171875,0.0,-0.05859375,0,0
1779555808.296540,0.02734375,-0.064453125,0.0,0.224609375,0.0,-0.05859375,0,0
1779555808.304553,0.017578125,-0.05078125,0.0,0.224609375,0.0,-0.05859375,0,0
1779555808.312559,0.017578125,-0.05078125,0.0,0.314453125,0.0,-0.046875,0,0
1779555808.320572,0.017578125,-0.03125,0.0,0.314453125,0.0,-0.046875,0,0
1779555808.328585,0.017578125,-0.03125,0.0,0.37109375,0.0,-0.029296875,0,0
1779555808.336607,0.01953125,-0.025390625,0.0,0.37109375,0.0,-0.029296875,0,0
1779555808.344546,0.01953125,-0.025390625,0.0,0.4140625,0.0,-0.0078125,0,0
1779555808.352594,0.017578125,-0.0078125,0.0,0.4140625,0.0,-0.0078125,0,0
1779555808.360553,0.017578125,-0.0078125,0.0,0.4765625,0.0,-0.0078125,0,0
1779555808.368583,0.013671875,-0.013671875,0.0,0.4765625,0.0,-0.0078125,0,0
1779555808.375561,0.013671875,-0.013671875,0.0,0.564453125,0.0,-0.0078125,0,0
1779555808.384548,0.01171875,-0.01171875,0.0,0.564453125,0.0,-0.0078125,0,0
1779555808.392547,0.01171875,-0.01171875,0.0,0.650390625,-0.013671875,-0.0078125,0,0
1779555808.400558,0.01953125,-0.01171875,0.0,0.650390625,-0.013671875,-0.0078125,0,0
1779555808.408554,0.01953125,-0.01171875,0.0,0.68359375,-0.015625,-0.0078125,0,0
1779555808.416558,0.02734375,-0.01171875,0.0,0.68359375,-0.015625,-0.0078125,0,0
1779555808.424553,0.02734375,-0.01171875,0.0,0.68359375,-0.015625,-0.0078125,0,0
1779555808.432633,0.029296875,-0.01171875,0.0,0.68359375,-0.015625,-0.0078125,0,0
1779555808.440560,0.029296875,-0.01171875,0.0,0.68359375,-0.017578125,-0.0078125,0,0
1779555808.448594,0.02734375,-0.01171875,0.0,0.68359375,-0.017578125,-0.0078125,0,0
1779555808.456580,0.02734375,-0.01171875,0.0,0.68359375,-0.021484375,-0.0078125,0,0
1779555808.464572,0.029296875,-0.01171875,0.0,0.68359375,-0.021484375,-0.0078125,0,0
1779555808.472536,0.029296875,-0.01171875,0.0,0.68359375,-0.015625,-0.0078125,0,0
1779555808.480567,0.02734375,-0.01171875,0.0,0.68359375,-0.015625,-0.0078125,0,0
1779555808.488571,0.02734375,-0.01171875,0.0,0.68359375,-0.013671875,-0.0078125,0,0
1779555808.496569,0.02734375,-0.01171875,0.0,0.68359375,-0.013671875,-0.0078125,0,0
1779555808.504569,0.02734375,-0.01171875,0.0,0.68359375,-0.005859375,-0.0078125,0,0
1779555808.512561,0.02734375,-0.01171875,0.0,0.68359375,-0.005859375,-0.0078125,0,0
1779555808.520577,0.02734375,-0.01171875,0.0,0.68359375,-0.005859375,-0.0078125,0,0
1779555808.528599,0.02734375,-0.01171875,0.0,0.68359375,-0.005859375,-0.0078125,0,0
1779555808.536517,0.02734375,-0.01171875,0.0,0.68359375,-0.00390625,-0.0078125,0,0
1779555808.544562,0.02734375,-0.01171875,0.0,0.68359375,-0.00390625,-0.0078125,0,0
1779555808.552595,0.02734375,-0.01171875,0.0,0.68359375,0.0,-0.0078125,0,0
1779555808.560573,0.02734375,-0.01171875,0.0,0.68359375,0.0,-0.0078125,0,0
1779555808.568597,0.02734375,-0.01171875,0.0,0.68359375,0.0,-0.0078125,0,0
1779555808.576565,0.02734375,-0.01171875,0.0,0.68359375,0.0,-0.0078125,0,0
1779555808.584579,0.02734375,-0.01171875,0.0,0.68359375,0.0,-0.0078125,0,0
1779555808.592556,0.02734375,-0.01171875,0.0,0.68359375,0.0,-0.0078125,0,0
1779555808.600581,0.02734375,-0.01171875,0.0,0.68359375,0.0,-0.0078125,0,0
1779555808.608531,0.02734375,-0.01171875,0.0,0.68359375,0.0,-0.0078125,0,0
1779555808.616514,0.02734375,-0.01171875,0.0,0.68359375,0.0,-0.0078125,0,0
1779555808.624573,0.02734375,-0.01171875,0.0,0.68359375,0.0,-0.0078125,0,0
1779555808.632563,0.02734375,-0.01171875,0.0,0.68359375,0.0,-0.0078125,0,0
1779555808.640578,0.025390625,-0.01171875,0.0,0.68359375,0.0,-0.0078125,0,0
1779555808.648566,0.025390625,-0.01171875,0.0,0.68359375,0.0,-0.0078125,0,0
1779555808.656570,0.025390625,-0.01171875,0.0,0.68359375,0.0,-0.0078125,0,0
1779555808.664597,0.025390625,-0.01171875,0.0,0.68359375,0.0,-0.0078125,0,0
1779555808.672563,0.025390625,-0.01171875,0.0,0.68359375,0.0,-0.0078125,0,0
1779555808.680573,0.025390625,-0.01171875,0.0,0.68359375,0.0,-0.0078125,0,0
1779555808.688535,0.025390625,-0.01171875,0.0,0.68359375,0.0,-0.0078125,0,0
1779555808.696585,0.025390625,-0.01171875,0.0,0.68359375,0.0,-0.0078125,0,0
1779555808.704551,0.025390625,-0.01171875,0.0,0.68359375,0.0,-0.0078125,0,0
1779555808.712561,0.025390625,-0.01171875,0.0,0.68359375,0.0,-0.0078125,0,0
1779555808.720586,0.025390625,-0.01171875,0.0,0.68359375,0.0,-0.0078125,0,0
1779555808.728594,0.025390625,-0.01171875,0.0,0.68359375,0.0,-0.0078125,0,0
1779555808.736561,0.0234375,-0.01171875,0.0,0.68359375,0.0,-0.0078125,0,0
1779555808.744526,0.0234375,-0.01171875,0.0,0.68359375,0.0,-0.0078125,0,0
1779555808.752588,0.0234375,-0.01171875,0.0,0.68359375,0.0,-0.0078125,0,0
1779555808.760548,0.0234375,-0.01171875,0.0,0.68359375,0.0,-0.0078125,0,0
1779555808.768535,0.0234375,-0.01171875,0.0,0.68359375,0.0,-0.0078125,0,0
1779555808.776586,0.0234375,-0.01171875,0.0,0.68359375,0.0,-0.0078125,0,0
1779555808.784533,0.025390625,-0.01171875,0.0,0.68359375,0.0,-0.0078125,0,0
1779555808.792553,0.025390625,-0.01171875,0.0,0.68359375,0.0,-0.0078125,0,0
1779555808.800571,0.025390625,-0.01171875,0.0,0.68359375,0.0,-0.0078125,0,0
1779555808.808564,0.025390625,-0.01171875,0.0,0.68359375,0.0,-0.0078125,0,0
1779555808.816557,0.02734375,-0.01171875,0.0,0.68359375,0.0,-0.0078125,0,0
1779555808.824573,0.02734375,-0.01171875,0.0,0.68359375,0.0,-0.0078125,0,0
1779555808.832567,0.029296875,-0.00390625,0.0,0.68359375,0.0,-0.0078125,0,0
1779555808.840549,0.029296875,-0.00390625,0.0,0.68359375,0.0,-0.0078125,0,0
1779555808.848563,0.033203125,-0.013671875,0.0,0.68359375,0.0,-0.0078125,0,0
1779555808.856608,0.033203125,-0.013671875,0.0,0.68359375,0.0,-0.0078125,0,0
1779555808.864611,0.03125,-0.021484375,0.0,0.68359375,0.0,-0.0078125,0,0
1779555808.872605,0.03125,-0.021484375,0.0,0.68359375,0.0,-0.0078125,0,0
1779555808.880605,0.0234375,-0.021484375,0.0,0.68359375,0.0,-0.0078125,0,0
1779555808.888546,0.0234375,-0.021484375,0.0,0.578125,0.0,-0.0078125,0,0
1779555808.896583,0.021484375,-0.015625,0.013671875,0.578125,0.0,-0.0078125,0,0
1779555808.904561,0.021484375,-0.015625,0.013671875,0.474609375,0.0,-0.0078125,0,0
1779555808.912591,0.013671875,-0.013671875,0.021484375,0.474609375,0.0,-0.0078125,0,0
1779555808.920624,0.013671875,-0.013671875,0.021484375,0.41015625,0.0,-0.0078125,0,0
1779555808.928587,0.0,-0.017578125,0.03515625,0.41015625,0.0,-0.0078125,0,0
1779555808.936578,0.0,-0.017578125,0.03515625,0.427734375,0.0,-0.0078125,0,0
1779555808.944542,0.0,-0.021484375,0.041015625,0.427734375,0.0,-0.0078125,0,0
1779555808.952519,0.0,-0.021484375,0.041015625,0.453125,0.0,-0.0078125,0,0
1779555808.960525,0.0,-0.029296875,0.03515625,0.453125,0.0,-0.0078125,0,0
1779555808.968605,0.0,-0.029296875,0.03515625,0.498046875,0.0,-0.0078125,0,0
1779555808.976587,0.009765625,-0.033203125,0.03125,0.498046875,0.0,-0.0078125,0,0
1779555808.984580,0.009765625,-0.033203125,0.03125,0.537109375,0.0,-0.0078125,0,0
1779555808.992588,0.015625,-0.029296875,0.02734375,0.537109375,0.0,-0.0078125,0,0
1779555809.000552,0.015625,-0.029296875,0.02734375,0.548828125,0.0,-0.0078125,0,0
1779555809.008565,0.017578125,-0.02734375,0.025390625,0.548828125,0.0,-0.0078125,0,0
1779555809.016604,0.017578125,-0.02734375,0.025390625,0.544921875,0.0,-0.0078125,0,0
1779555809.024582,0.017578125,-0.02734375,0.02734375,0.544921875,0.0,-0.0078125,0,0
1779555809.032555,0.017578125,-0.02734375,0.02734375,0.5234375,0.0,-0.0078125,0,0
1779555809.040553,0.013671875,-0.02734375,0.03515625,0.5234375,0.0,-0.0078125,0,0
1779555809.048537,0.013671875,-0.02734375,0.03515625,0.494140625,0.0,-0.0078125,0,0
1779555809.056560,0.009765625,-0.02734375,0.05078125,0.494140625,0.0,-0.0078125,0,0
1779555809.064581,0.009765625,-0.02734375,0.05078125,0.4296875,0.0,-0.0078125,0,0
1779555809.072572,0.0078125,-0.029296875,0.05859375,0.4296875,0.0,-0.0078125,0,0
1779555809.080580,0.0078125,-0.029296875,0.05859375,0.384765625,0.0,-0.0078125,0,0
1779555809.088567,0.0,-0.03125,0.060546875,0.384765625,0.0,-0.0078125,0,0
1779555809.096587,0.0,-0.03125,0.060546875,0.337890625,0.0,-0.0078125,0,0
1779555809.104588,0.0,-0.03125,0.060546875,0.337890625,0.0,-0.0078125,0,0
1779555809.112580,0.0,-0.03125,0.060546875,0.298828125,0.0,-0.0078125,0,0
1779555809.120610,0.0,-0.03125,0.064453125,0.298828125,0.0,-0.0078125,0,0
1779555809.128583,0.0,-0.03125,0.064453125,0.251953125,0.0,-0.0078125,0,0
1779555809.136617,0.0,-0.0234375,0.0625,0.251953125,0.0,-0.0078125,0,0
1779555809.144546,0.0,-0.0234375,0.0625,0.197265625,0.0,-0.005859375,0,0
1779555809.152596,0.0,-0.021484375,0.05859375,0.197265625,0.0,-0.005859375,0,0
1779555809.160586,0.0,-0.021484375,0.05859375,0.126953125,0.0,-0.013671875,0,0
1779555809.168594,0.0,-0.017578125,0.05078125,0.126953125,0.0,-0.013671875,0,0
1779555809.176579,0.0,-0.017578125,0.05078125,0.052734375,0.0,-0.017578125,0,0
1779555809.184594,0.0,-0.015625,0.037109375,0.052734375,0.0,-0.017578125,0,0
1779555809.192551,0.0,-0.015625,0.037109375,0.01171875,0.0,-0.025390625,0,0
1779555809.200534,0.0,-0.01171875,0.029296875,0.01171875,0.0,-0.025390625,0,0
1779555809.208565,0.0,-0.01171875,0.029296875,0.01171875,0.0,-0.03515625,0,0
1779555809.216583,0.0,-0.01171875,0.021484375,0.01171875,0.0,-0.03515625,0,0
1779555809.224566,0.0,-0.01171875,0.021484375,0.01171875,0.0,-0.052734375,0,0
1779555809.232592,0.0,-0.01171875,0.017578125,0.01171875,0.0,-0.052734375,0,0
1779555809.240598,0.0,-0.01171875,0.017578125,-0.05078125,0.0,-0.0703125,0,0
1779555809.248538,0.0,-0.01171875,0.02734375,-0.05078125,0.0,-0.0703125,0,0
1779555809.256545,0.0,-0.01171875,0.02734375,-0.1328125,0.0,-0.087890625,0,0
1779555809.264552,0.0,-0.01171875,0.04296875,-0.1328125,0.0,-0.087890625,0,0
1779555809.272565,0.0,-0.01171875,0.04296875,-0.203125,0.0,-0.095703125,0,0
1779555809.280565,0.0,-0.01171875,0.052734375,-0.203125,0.0,-0.095703125,0,0
1779555809.288563,0.0,-0.01171875,0.052734375,-0.25,0.0,-0.095703125,0,0
1779555809.296521,0.0,-0.01171875,0.056640625,-0.25,0.0,-0.095703125,0,0
1779555809.303632,0.0,-0.01171875,0.056640625,-0.28515625,0.0,-0.091796875,0,0
1779555809.312567,0.0,-0.01171875,0.05859375,-0.28515625,0.0,-0.091796875,0,0
1779555809.320606,0.0,-0.01171875,0.05859375,-0.322265625,0.0,-0.087890625,0,0
1779555809.328619,0.0,-0.01171875,0.064453125,-0.322265625,0.0,-0.087890625,0,0
1779555809.336572,0.0,-0.01171875,0.064453125,-0.34765625,0.0,-0.087890625,0,0
1779555809.344554,0.0,-0.01171875,0.072265625,-0.34765625,0.0,-0.087890625,0,0
1779555809.352569,0.0,-0.01171875,0.072265625,-0.37890625,0.0,-0.087890625,0,0
1779555809.360553,0.0,-0.01171875,0.080078125,-0.37890625,0.0,-0.087890625,0,0
1779555809.368697,0.0,-0.01171875,0.080078125,-0.396484375,0.0,-0.0859375,0,0
1779555809.376555,0.0,-0.01171875,0.0859375,-0.396484375,0.0,-0.0859375,0,0
1779555809.384539,0.0,-0.01171875,0.0859375,-0.3984375,0.0,-0.083984375,0,0
1779555809.392563,0.0,-0.01171875,0.0859375,-0.3984375,0.0,-0.083984375,0,0
1779555809.400542,0.0,-0.01171875,0.0859375,-0.396484375,0.0,-0.080078125,0,0
1779555809.408531,0.0,-0.01171875,0.091796875,-0.396484375,0.0,-0.080078125,0,0
1779555809.416521,0.0,-0.01171875,0.091796875,-0.400390625,0.0,-0.07421875,0,0
1779555809.424576,0.0,-0.01171875,0.091796875,-0.400390625,0.0,-0.07421875,0,0
1779555809.432576,0.0,-0.01171875,0.091796875,-0.408203125,0.0,-0.068359375,0,0
1779555809.440547,0.0,-0.01171875,0.0859375,-0.408203125,0.0,-0.068359375,0,0
1779555809.448533,0.0,-0.01171875,0.0859375,-0.400390625,0.0,-0.064453125,0,0
1779555809.456567,0.0,-0.01171875,0.072265625,-0.400390625,0.0,-0.064453125,0,0
1779555809.464598,0.0,-0.01171875,0.072265625,-0.36328125,0.0,-0.060546875,0,0
1779555809.472614,0.0,-0.01171875,0.05859375,-0.36328125,0.0,-0.060546875,0,0
1779555809.480551,0.0,-0.01171875,0.05859375,-0.310546875,0.0,-0.05859375,0,0
1779555809.488552,0.0,-0.01171875,0.044921875,-0.310546875,0.0,-0.05859375,0,0
1779555809.496555,0.0,-0.01171875,0.044921875,-0.251953125,0.0,-0.056640625,0,0
1779555809.504538,0.0,-0.01171875,0.02734375,-0.251953125,0.0,-0.056640625,0,0
1779555809.512545,0.0,-0.01171875,0.02734375,-0.185546875,0.0,-0.0546875,0,0
1779555809.520534,0.0,-0.01171875,0.01171875,-0.185546875,0.0,-0.0546875,0,0
1779555809.528514,0.0,-0.01171875,0.01171875,-0.109375,0.0,-0.05078125,0,0
1779555809.536560,0.0,-0.005859375,0.015625,-0.109375,0.0,-0.05078125,0,0
1779555809.544539,0.0,-0.005859375,0.015625,-0.041015625,0.0,-0.048828125,0,0
1779555809.552501,0.0,-0.0078125,0.013671875,-0.041015625,0.0,-0.048828125,0,0
1779555809.560523,0.0,-0.0078125,0.013671875,-0.041015625,0.0,-0.04296875,0,0
1779555809.568505,0.0,-0.0078125,0.017578125,-0.041015625,0.0,-0.04296875,0,0
1779555809.576540,0.0,-0.0078125,0.017578125,-0.041015625,0.0,-0.03515625,0,0
1779555809.584542,0.0,-0.01171875,0.017578125,-0.041015625,0.0,-0.03515625,0,0
1779555809.592525,0.0,-0.01171875,0.017578125,0.00390625,0.0,-0.033203125,0,0
1779555809.600593,0.009765625,-0.0234375,0.017578125,0.00390625,0.0,-0.033203125,0,0
1779555809.608562,0.009765625,-0.0234375,0.017578125,0.044921875,0.0,-0.021484375,0,0
1779555809.616547,0.01953125,-0.04296875,0.015625,0.044921875,0.0,-0.021484375,0,0
1779555809.624569,0.01953125,-0.04296875,0.015625,0.078125,0.0,-0.01171875,0,0
1779555809.632557,0.037109375,-0.052734375,0.013671875,0.078125,0.0,-0.01171875,0,0
1779555809.640569,0.037109375,-0.052734375,0.013671875,0.09375,0.0,-0.009765625,0,0
1779555809.648576,0.0625,-0.046875,0.009765625,0.09375,0.0,-0.009765625,0,0
1779555809.656549,0.0625,-0.046875,0.009765625,0.099609375,0.0234375,-0.021484375,0,0
1779555809.664609,0.078125,-0.029296875,0.009765625,0.099609375,0.0234375,-0.021484375,0,0
1779555809.672565,0.078125,-0.029296875,0.009765625,0.08984375,0.0390625,-0.03515625,0,0
1779555809.680539,0.0703125,-0.029296875,0.00390625,0.08984375,0.0390625,-0.03515625,0,0
1779555809.688565,0.0703125,-0.029296875,0.00390625,0.0546875,0.03515625,-0.05078125,0,0
1779555809.696558,0.056640625,-0.029296875,0.00390625,0.0546875,0.03515625,-0.05078125,0,0
1779555809.704520,0.056640625,-0.029296875,0.00390625,0.03125,0.0234375,-0.044921875,0,0
1779555809.712498,0.044921875,-0.029296875,0.00390625,0.03125,0.0234375,-0.044921875,0,0
1779555809.720605,0.044921875,-0.029296875,0.00390625,0.025390625,0.01953125,-0.03125,0,0
1779555809.728627,0.017578125,-0.029296875,0.00390625,0.025390625,0.01953125,-0.03125,0,0
1779555809.736581,0.017578125,-0.029296875,0.00390625,0.029296875,0.0,-0.01171875,0,0
1779555809.752631,0.017578125,-0.029296875,0.00390625,0.02734375,0.0,-0.01171875,0,0
1779555809.760547,0.00390625,-0.029296875,0.00390625,0.02734375,0.0,-0.01171875,0,0
1779555809.768614,0.00390625,-0.029296875,0.00390625,0.02734375,0.0,-0.01171875,0,0
1779555809.776546,0.015625,-0.029296875,0.00390625,0.02734375,0.0,-0.01171875,0,0
1779555809.784548,0.015625,-0.029296875,0.00390625,0.0078125,0.0,-0.01171875,0,0
1779555809.792570,0.025390625,-0.029296875,0.00390625,0.0078125,0.0,-0.01171875,0,0
1779555809.808580,0.0234375,-0.029296875,0.00390625,0.0078125,0.0,-0.01171875,0,0
1779555809.824640,0.013671875,-0.029296875,0.00390625,0.0078125,0.0,-0.01171875,0,0
1779555809.840608,0.0,-0.029296875,0.00390625,0.0078125,0.0,-0.01171875,0,0
1779555809.848556,0.0,-0.029296875,0.00390625,-0.0234375,0.0,-0.01171875,0,0
1779555809.864584,0.0,-0.029296875,0.00390625,-0.052734375,0.0,-0.01171875,0,0
1779555809.880597,0.0,-0.029296875,0.00390625,-0.0859375,0.0,-0.017578125,0,0
1779555809.896561,0.0,-0.029296875,0.00390625,-0.11328125,0.0,-0.01953125,0,0
1779555809.912538,0.0,-0.029296875,0.00390625,-0.158203125,0.0,-0.02734375,0,0
1779555809.920565,0.0,-0.009765625,0.00390625,-0.158203125,0.0,-0.02734375,0,0
1779555809.928593,0.0,-0.009765625,0.00390625,-0.205078125,0.0,-0.03515625,0,0
1779555809.936582,0.0,-0.017578125,0.00390625,-0.205078125,0.0,-0.03515625,0,0
1779555809.944583,0.0,-0.017578125,0.00390625,-0.2578125,-0.00390625,-0.041015625,0,0
1779555809.952548,0.0,-0.015625,0.00390625,-0.2578125,-0.00390625,-0.041015625,0,0
1779555809.960576,0.0,-0.015625,0.00390625,-0.318359375,-0.015625,-0.044921875,0,0
1779555809.968508,0.0,-0.013671875,0.00390625,-0.318359375,-0.015625,-0.044921875,0,0
1779555809.976576,0.0,-0.013671875,0.00390625,-0.376953125,-0.025390625,-0.044921875,0,0
1779555809.984546,0.0,-0.00390625,0.00390625,-0.376953125,-0.025390625,-0.044921875,0,0
1779555809.992565,0.0,-0.00390625,0.00390625,-0.435546875,-0.04296875,-0.044921875,0,0
1779555810.008559,0.0,-0.00390625,0.00390625,-0.486328125,-0.060546875,-0.05078125,0,0
1779555810.024572,0.0,-0.00390625,0.00390625,-0.52734375,-0.07421875,-0.05859375,0,0
1779555810.040548,0.0,-0.00390625,0.00390625,-0.5703125,-0.08984375,-0.064453125,0,0
1779555810.056549,0.0,-0.00390625,0.00390625,-0.607421875,-0.09375,-0.064453125,0,0
1779555810.072516,0.0,-0.00390625,0.00390625,-0.626953125,-0.099609375,-0.064453125,0,0
1779555810.088545,0.0,-0.00390625,0.00390625,-0.64453125,-0.1015625,-0.0625,0,0
1779555810.104554,0.0,-0.00390625,0.00390625,-0.67578125,-0.099609375,-0.0625,0,0
1779555810.120570,0.0,-0.00390625,0.00390625,-0.68359375,-0.09765625,-0.064453125,0,0
1779555810.136508,0.0,-0.00390625,0.00390625,-0.68359375,-0.1015625,-0.06640625,0,0
1779555810.152608,0.0,-0.00390625,0.00390625,-0.68359375,-0.109375,-0.0703125,0,0
1779555810.168516,0.0,-0.00390625,0.00390625,-0.68359375,-0.11328125,-0.072265625,0,0
1779555810.176544,0.0,-0.00390625,0.00390625,-0.68359375,-0.11328125,-0.072265625,0,0
1779555810.184595,0.0,-0.00390625,0.00390625,-0.68359375,-0.1171875,-0.068359375,0,0
1779555810.191625,0.0,-0.00390625,0.00390625,-0.68359375,-0.1171875,-0.068359375,0,0
1779555810.200540,0.0,-0.00390625,0.00390625,-0.68359375,-0.12109375,-0.0625,0,0
1779555810.208536,-0.0078125,-0.00390625,0.00390625,-0.68359375,-0.12109375,-0.0625,0,0
1779555810.216545,-0.0078125,-0.00390625,0.00390625,-0.68359375,-0.125,-0.056640625,0,0
1779555810.224577,-0.01171875,-0.00390625,0.00390625,-0.68359375,-0.125,-0.056640625,0,0
1779555810.232554,-0.01171875,-0.00390625,0.00390625,-0.68359375,-0.130859375,-0.052734375,0,0
1779555810.240547,-0.013671875,-0.00390625,0.0,-0.68359375,-0.130859375,-0.052734375,0,0
1779555810.248550,-0.013671875,-0.00390625,0.0,-0.68359375,-0.134765625,-0.05078125,0,0
1779555810.256543,-0.013671875,-0.00390625,-0.021484375,-0.68359375,-0.134765625,-0.05078125,0,0
1779555810.264578,-0.013671875,-0.00390625,-0.021484375,-0.68359375,-0.134765625,-0.05078125,0,0
1779555810.272586,-0.013671875,-0.00390625,-0.033203125,-0.68359375,-0.134765625,-0.05078125,0,0
1779555810.280570,-0.013671875,-0.00390625,-0.033203125,-0.68359375,-0.134765625,-0.052734375,0,0
1779555810.288530,-0.01171875,-0.00390625,-0.033203125,-0.68359375,-0.134765625,-0.052734375,0,0
1779555810.296593,-0.01171875,-0.00390625,-0.033203125,-0.68359375,-0.12890625,-0.0546875,0,0
1779555810.304543,-0.01171875,-0.00390625,-0.033203125,-0.68359375,-0.12890625,-0.0546875,0,0
1779555810.312519,-0.01171875,-0.00390625,-0.033203125,-0.68359375,-0.12890625,-0.0546875,0,0
1779555810.320563,-0.013671875,-0.00390625,-0.03125,-0.68359375,-0.12890625,-0.0546875,0,0
1779555810.328607,-0.013671875,-0.00390625,-0.03125,-0.68359375,-0.1328125,-0.052734375,0,0
1779555810.336544,-0.017578125,-0.00390625,-0.029296875,-0.68359375,-0.1328125,-0.052734375,0,0
1779555810.344531,-0.017578125,-0.00390625,-0.029296875,-0.68359375,-0.13671875,-0.046875,0,0
1779555810.352530,-0.01953125,-0.00390625,-0.0234375,-0.68359375,-0.13671875,-0.046875,0,0
1779555810.360525,-0.01953125,-0.00390625,-0.0234375,-0.68359375,-0.142578125,-0.041015625,0,0
1779555810.368604,-0.017578125,-0.00390625,-0.01171875,-0.68359375,-0.142578125,-0.041015625,0,0
1779555810.376528,-0.017578125,-0.00390625,-0.01171875,-0.68359375,-0.142578125,-0.03125,0,0
1779555810.384523,-0.01171875,0.015625,-0.0078125,-0.68359375,-0.142578125,-0.03125,0,0
1779555810.392574,-0.01171875,0.015625,-0.0078125,-0.68359375,-0.140625,-0.025390625,0,0
1779555810.400572,-0.01171875,0.01953125,-0.01953125,-0.68359375,-0.140625,-0.025390625,0,0
1779555810.408575,-0.01171875,0.01953125,-0.01953125,-0.68359375,-0.142578125,-0.025390625,0,0
1779555810.416563,-0.005859375,0.013671875,-0.052734375,-0.68359375,-0.142578125,-0.025390625,0,0
1779555810.424575,-0.005859375,0.013671875,-0.052734375,-0.63671875,-0.140625,-0.02734375,0,0
1779555810.432561,-0.005859375,0.013671875,-0.083984375,-0.63671875,-0.140625,-0.02734375,0,0
1779555810.440531,-0.005859375,0.013671875,-0.083984375,-0.51953125,-0.140625,-0.03125,0,0
1779555810.448522,-0.005859375,0.013671875,-0.12109375,-0.51953125,-0.140625,-0.03125,0,0
1779555810.456566,-0.005859375,0.013671875,-0.12109375,-0.423828125,-0.138671875,-0.03125,0,0
1779555810.464544,-0.005859375,0.013671875,-0.1484375,-0.423828125,-0.138671875,-0.03125,0,0
1779555810.472512,-0.005859375,0.013671875,-0.1484375,-0.375,-0.13671875,-0.02734375,0,0
1779555810.480536,-0.005859375,0.013671875,-0.193359375,-0.375,-0.13671875,-0.02734375,0,0
1779555810.488581,-0.005859375,0.013671875,-0.193359375,-0.35546875,-0.146484375,-0.025390625,0,0
1779555810.496581,-0.005859375,0.013671875,-0.23828125,-0.35546875,-0.146484375,-0.025390625,0,0
1779555810.504539,-0.005859375,0.013671875,-0.23828125,-0.326171875,-0.15625,-0.025390625,0,0
1779555810.512481,-0.005859375,0.013671875,-0.279296875,-0.326171875,-0.15625,-0.025390625,0,0
1779555810.520520,-0.005859375,0.013671875,-0.279296875,-0.291015625,-0.16796875,-0.021484375,0,0
1779555810.528572,-0.005859375,0.013671875,-0.31640625,-0.291015625,-0.16796875,-0.021484375,0,0
1779555810.536600,-0.005859375,0.013671875,-0.31640625,-0.234375,-0.173828125,-0.01953125,0,0
1779555810.544530,-0.005859375,-0.013671875,-0.3359375,-0.234375,-0.173828125,-0.01953125,0,0
1779555810.552552,-0.005859375,-0.013671875,-0.3359375,-0.193359375,-0.169921875,-0.01953125,0,0
1779555810.560598,-0.005859375,-0.013671875,-0.34375,-0.193359375,-0.169921875,-0.01953125,0,0
1779555810.568559,-0.005859375,-0.013671875,-0.34375,-0.177734375,-0.171875,-0.01953125,0,0
1779555810.576581,-0.005859375,-0.009765625,-0.353515625,-0.177734375,-0.171875,-0.01953125,0,0
1779555810.584563,-0.005859375,-0.009765625,-0.353515625,-0.16796875,-0.17578125,-0.01953125,0,0
1779555810.592535,-0.005859375,0.0,-0.369140625,-0.16796875,-0.17578125,-0.01953125,0,0
1779555810.600533,-0.005859375,0.0,-0.369140625,-0.1640625,-0.177734375,-0.017578125,0,0
1779555810.608531,-0.005859375,-0.00390625,-0.380859375,-0.1640625,-0.177734375,-0.017578125,0,0
1779555810.616560,-0.005859375,-0.00390625,-0.380859375,-0.158203125,-0.181640625,-0.017578125,0,0
1779555810.624547,-0.005859375,-0.009765625,-0.380859375,-0.158203125,-0.181640625,-0.017578125,0,0
1779555810.632580,-0.005859375,-0.009765625,-0.380859375,-0.16015625,-0.181640625,-0.015625,0,0
1779555810.640555,-0.005859375,-0.0078125,-0.38671875,-0.16015625,-0.181640625,-0.015625,0,0
1779555810.648565,-0.005859375,-0.0078125,-0.38671875,-0.16796875,-0.17578125,-0.01171875,0,0
1779555810.656581,-0.005859375,0.0,-0.3828125,-0.16796875,-0.17578125,-0.01171875,0,0
1779555810.664566,-0.005859375,0.0,-0.3828125,-0.1796875,-0.16796875,-0.0078125,0,0
1779555810.672552,-0.005859375,0.0,-0.37890625,-0.1796875,-0.16796875,-0.0078125,0,0
1779555810.680537,-0.005859375,0.0,-0.37890625,-0.193359375,-0.15234375,-0.005859375,0,0
1779555810.688551,-0.005859375,0.0,-0.3828125,-0.193359375,-0.15234375,-0.005859375,0,0
1779555810.696548,-0.005859375,0.0,-0.3828125,-0.203125,-0.1484375,-0.00390625,0,0
1779555810.704562,-0.005859375,0.0,-0.404296875,-0.203125,-0.1484375,-0.00390625,0,0
1779555810.712522,-0.005859375,0.0,-0.404296875,-0.208984375,-0.162109375,-0.00390625,0,0
1779555810.720534,-0.005859375,0.0,-0.427734375,-0.208984375,-0.162109375,-0.00390625,0,0
1779555810.728568,-0.005859375,0.0,-0.427734375,-0.212890625,-0.177734375,-0.0078125,0,0
1779555810.736541,-0.005859375,0.0,-0.44140625,-0.212890625,-0.177734375,-0.0078125,0,0
1779555810.744550,-0.005859375,0.0,-0.44140625,-0.212890625,-0.181640625,-0.0078125,0,0
1779555810.752548,-0.005859375,0.0,-0.44140625,-0.212890625,-0.181640625,-0.0078125,0,0
1779555810.760541,-0.005859375,0.0,-0.44140625,-0.21484375,-0.18359375,-0.0078125,0,0
1779555810.768538,-0.005859375,0.0,-0.431640625,-0.21484375,-0.18359375,-0.0078125,0,0
1779555810.776567,-0.005859375,0.0,-0.431640625,-0.224609375,-0.177734375,-0.0078125,0,0
1779555810.784546,-0.005859375,0.0,-0.427734375,-0.224609375,-0.177734375,-0.0078125,0,0
1779555810.792560,-0.005859375,0.0,-0.427734375,-0.251953125,-0.169921875,-0.0078125,0,0
1779555810.800576,-0.005859375,0.0,-0.431640625,-0.251953125,-0.169921875,-0.0078125,0,0
1779555810.808573,-0.005859375,0.0,-0.431640625,-0.28125,-0.16796875,-0.01171875,0,0
1779555810.816552,-0.005859375,0.0,-0.4453125,-0.28125,-0.16796875,-0.01171875,0,0
1779555810.824564,-0.005859375,0.0,-0.4453125,-0.31640625,-0.177734375,-0.017578125,0,0
1779555810.832570,-0.009765625,0.0,-0.44140625,-0.31640625,-0.177734375,-0.017578125,0,0
1779555810.840541,-0.009765625,0.0,-0.44140625,-0.36328125,-0.189453125,-0.017578125,0,0
1779555810.848535,-0.015625,0.0,-0.41796875,-0.36328125,-0.189453125,-0.017578125,0,0
1779555810.856542,-0.015625,0.0,-0.41796875,-0.40234375,-0.189453125,-0.015625,0,0
1779555810.864564,-0.009765625,0.0,-0.39453125,-0.40234375,-0.189453125,-0.015625,0,0
1779555810.872539,-0.009765625,0.0,-0.39453125,-0.43359375,-0.181640625,-0.01171875,0,0
1779555810.880539,-0.009765625,0.0,-0.375,-0.43359375,-0.181640625,-0.01171875,0,0
1779555810.888611,-0.009765625,0.0,-0.375,-0.458984375,-0.173828125,-0.005859375,0,0
1779555810.896542,-0.009765625,0.0,-0.353515625,-0.458984375,-0.173828125,-0.005859375,0,0
1779555810.904557,-0.009765625,0.0,-0.353515625,-0.4921875,-0.16796875,0.0,0,0
1779555810.912558,-0.009765625,0.0,-0.337890625,-0.4921875,-0.16796875,0.0,0,0
1779555810.920591,-0.009765625,0.0,-0.337890625,-0.505859375,-0.166015625,0.0,0,0
1779555810.928617,-0.009765625,0.0,-0.314453125,-0.505859375,-0.166015625,0.0,0,0
1779555810.936544,-0.009765625,0.0,-0.314453125,-0.51171875,-0.15625,0.0,0,0
1779555810.944537,-0.009765625,0.0,-0.28515625,-0.51171875,-0.15625,0.0,0,0
1779555810.952568,-0.009765625,0.0,-0.28515625,-0.49609375,-0.13671875,0.0,0,0
1779555810.960568,-0.009765625,0.0,-0.24609375,-0.49609375,-0.13671875,0.0,0,0
1779555810.968597,-0.009765625,0.0,-0.24609375,-0.474609375,-0.107421875,0.0,0,0
1779555810.976540,-0.009765625,0.0,-0.201171875,-0.474609375,-0.107421875,0.0,0,0
1779555810.984532,-0.009765625,0.0,-0.201171875,-0.44921875,-0.080078125,0.0,0,0
1779555810.992542,-0.009765625,0.0,-0.150390625,-0.44921875,-0.080078125,0.0,0,0
1779555811.000577,-0.009765625,0.0,-0.150390625,-0.40234375,-0.0546875,0.0,0,0
1779555811.008536,-0.009765625,0.0,-0.087890625,-0.40234375,-0.0546875,0.0,0,0
1779555811.016528,-0.009765625,0.0,-0.087890625,-0.328125,-0.025390625,0.0,0,0
1779555811.024588,-0.009765625,0.0,-0.03515625,-0.328125,-0.025390625,0.0,0,0
1779555811.032583,-0.009765625,0.0,-0.03515625,-0.244140625,-0.005859375,0.0,0,0
1779555811.048534,-0.009765625,0.0,-0.03515625,-0.16015625,-0.005859375,0.0,0,0
1779555811.063612,-0.009765625,0.0,-0.03515625,-0.0859375,-0.005859375,0.0,0,0
1779555811.072578,0.005859375,0.0,-0.03515625,-0.0859375,-0.005859375,0.0,0,0
1779555811.080555,0.005859375,0.0,-0.03515625,-0.0234375,-0.005859375,0.0,0,0
1779555811.088572,0.009765625,0.0,-0.03515625,-0.0234375,-0.005859375,0.0,0,0
1779555811.104566,0.009765625,0.0,-0.03515625,-0.0234375,-0.005859375,0.0,0,0
1779555811.120549,0.0,0.0,-0.03515625,-0.0234375,-0.005859375,0.0,0,0
1779555811.150600,0.0,0.0,0.0,0.0,0.0,0.0,0,0
1779555811.160553,0.0,0.0,-0.03515625,0.009765625,-0.005859375,0.0,0,0
1779555811.176536,0.0,0.0,-0.03515625,0.021484375,-0.005859375,0.0,0,0
1779555811.192552,0.0,0.0,-0.03515625,0.029296875,-0.005859375,0.0,0,0
1779555811.208539,0.0,0.0,-0.03515625,0.021484375,-0.005859375,0.0,0,0
1779555811.216528,0.0,0.0,-0.03515625,0.021484375,-0.005859375,0.0,0,0
1779555811.224549,0.0,0.0,-0.03515625,0.0078125,-0.005859375,0.0,0,0
1779555811.232537,0.0,-0.013671875,-0.03515625,0.0078125,-0.005859375,0.0,0,0
1779555811.240604,0.0,-0.013671875,-0.03515625,0.005859375,-0.005859375,0.0,0,0
1779555811.248556,0.0,-0.025390625,-0.03515625,0.005859375,-0.005859375,0.0,0,0
1779555811.255633,0.0,-0.025390625,-0.03515625,0.013671875,-0.005859375,-0.005859375,0,0
1779555811.264591,0.0,-0.037109375,-0.03515625,0.013671875,-0.005859375,-0.005859375,0,0
1779555811.272598,0.0,-0.037109375,-0.03515625,0.021484375,-0.005859375,-0.009765625,0,0
1779555811.280541,0.009765625,-0.046875,-0.03515625,0.021484375,-0.005859375,-0.009765625,0,0
1779555811.288584,0.009765625,-0.046875,-0.03515625,0.029296875,-0.005859375,-0.015625,0,0
1779555811.296577,0.01953125,-0.05078125,-0.03515625,0.029296875,-0.005859375,-0.015625,0,0
1779555811.304602,0.01953125,-0.05078125,-0.03515625,0.03515625,-0.005859375,-0.01953125,0,0
1779555811.312581,0.025390625,-0.05078125,-0.03515625,0.03515625,-0.005859375,-0.01953125,0,0
1779555811.320578,0.025390625,-0.05078125,-0.03515625,0.037109375,-0.005859375,-0.01953125,0,0
1779555811.328548,0.017578125,-0.048828125,-0.03515625,0.037109375,-0.005859375,-0.01953125,0,0
1779555811.336593,0.017578125,-0.048828125,-0.03515625,0.037109375,-0.005859375,-0.01953125,0,0
1779555811.344585,0.017578125,-0.037109375,-0.03515625,0.037109375,-0.005859375,-0.01953125,0,0
1779555811.352542,0.017578125,-0.037109375,-0.03515625,0.025390625,-0.005859375,-0.017578125,0,0
1779555811.360550,0.017578125,-0.0234375,-0.03515625,0.025390625,-0.005859375,-0.017578125,0,0
1779555811.368560,0.017578125,-0.0234375,-0.03515625,0.013671875,-0.005859375,-0.015625,0,0
1779555811.376592,0.017578125,-0.01171875,-0.03515625,0.013671875,-0.005859375,-0.015625,0,0
1779555811.384517,0.017578125,-0.01171875,-0.03515625,0.013671875,-0.005859375,-0.015625,0,0
1779555811.392561,0.017578125,-0.005859375,-0.03515625,0.013671875,-0.005859375,-0.015625,0,0
1779555811.400555,0.017578125,-0.005859375,-0.03515625,0.013671875,-0.005859375,-0.021484375,0,0
1779555811.416557,0.017578125,-0.005859375,-0.03515625,0.013671875,-0.005859375,-0.021484375,0,0
1779555811.432599,0.017578125,-0.005859375,-0.03515625,0.013671875,-0.005859375,-0.021484375,0,0
1779555811.448510,0.017578125,-0.005859375,-0.03515625,0.013671875,-0.005859375,-0.021484375,0,0
1779555811.464512,0.017578125,-0.005859375,-0.03515625,0.013671875,0.0,-0.021484375,0,0
1779555811.480556,0.017578125,-0.005859375,-0.03515625,0.013671875,0.0,-0.021484375,0,0
1779555811.496557,0.017578125,-0.005859375,-0.03515625,0.013671875,0.0,-0.017578125,0,0
1779555811.504558,0.017578125,-0.00390625,-0.03515625,0.013671875,0.0,-0.017578125,0,0
1779555811.512536,0.017578125,-0.00390625,-0.03515625,0.013671875,0.0,-0.017578125,0,0
1779555811.528602,0.017578125,-0.00390625,-0.03515625,-0.00390625,0.0,-0.015625,0,0
1779555811.544554,0.017578125,-0.00390625,-0.03515625,-0.037109375,0.0,-0.015625,0,0
1779555811.560535,0.017578125,-0.00390625,-0.03515625,-0.080078125,0.0,-0.017578125,0,0
1779555811.568537,-0.009765625,-0.00390625,-0.03515625,-0.080078125,0.0,-0.017578125,0,0
1779555811.576545,-0.009765625,-0.00390625,-0.03515625,-0.123046875,0.0,-0.0234375,0,0
1779555811.584553,-0.01953125,-0.00390625,-0.03515625,-0.123046875,0.0,-0.0234375,0,0
1779555811.592532,-0.01953125,-0.00390625,-0.03515625,-0.1796875,-0.0078125,-0.029296875,0,0
1779555811.600507,-0.0234375,-0.00390625,-0.03515625,-0.1796875,-0.0078125,-0.029296875,0,0
1779555811.608525,-0.0234375,-0.00390625,-0.03515625,-0.220703125,-0.015625,-0.033203125,0,0
1779555811.616508,-0.037109375,-0.00390625,-0.03515625,-0.220703125,-0.015625,-0.033203125,0,0
1779555811.624588,-0.037109375,-0.00390625,-0.03515625,-0.279296875,-0.03515625,-0.04296875,0,0
1779555811.632554,-0.052734375,-0.00390625,-0.03515625,-0.279296875,-0.03515625,-0.04296875,0,0
1779555811.640520,-0.052734375,-0.00390625,-0.03515625,-0.33984375,-0.05078125,-0.052734375,0,0
1779555811.648555,-0.068359375,-0.00390625,-0.03515625,-0.33984375,-0.05078125,-0.052734375,0,0
1779555811.656545,-0.068359375,-0.00390625,-0.03515625,-0.40234375,-0.064453125,-0.064453125,0,0
1779555811.664557,-0.076171875,-0.00390625,-0.03515625,-0.40234375,-0.064453125,-0.064453125,0,0
1779555811.672534,-0.076171875,-0.00390625,-0.03515625,-0.455078125,-0.07421875,-0.072265625,0,0
1779555811.680508,-0.076171875,-0.00390625,-0.03515625,-0.455078125,-0.07421875,-0.072265625,0,0
1779555811.688585,-0.076171875,-0.00390625,-0.03515625,-0.49609375,-0.0859375,-0.07421875,0,0
1779555811.696563,-0.076171875,-0.00390625,-0.03515625,-0.49609375,-0.0859375,-0.07421875,0,0
1779555811.704563,-0.076171875,-0.00390625,-0.03515625,-0.521484375,-0.08984375,-0.078125,0,0
1779555811.712565,-0.072265625,-0.00390625,-0.03515625,-0.521484375,-0.08984375,-0.078125,0,0
1779555811.720584,-0.072265625,-0.00390625,-0.03515625,-0.55078125,-0.091796875,-0.080078125,0,0
1779555811.728585,-0.068359375,-0.00390625,-0.03515625,-0.55078125,-0.091796875,-0.080078125,0,0
1779555811.736556,-0.068359375,-0.00390625,-0.03515625,-0.572265625,-0.09375,-0.08203125,0,0
1779555811.744537,-0.0625,-0.00390625,-0.03515625,-0.572265625,-0.09375,-0.08203125,0,0
1779555811.752580,-0.0625,-0.00390625,-0.03515625,-0.59375,-0.095703125,-0.083984375,0,0
1779555811.760583,-0.0546875,-0.00390625,-0.03515625,-0.59375,-0.095703125,-0.083984375,0,0
1779555811.768511,-0.0546875,-0.00390625,-0.03515625,-0.61328125,-0.095703125,-0.083984375,0,0
1779555811.776576,-0.048828125,-0.00390625,-0.03515625,-0.61328125,-0.095703125,-0.083984375,0,0
1779555811.784561,-0.048828125,-0.00390625,-0.03515625,-0.630859375,-0.095703125,-0.083984375,0,0
1779555811.792583,-0.04296875,-0.00390625,-0.03515625,-0.630859375,-0.095703125,-0.083984375,0,0
1779555811.800584,-0.04296875,-0.00390625,-0.03515625,-0.646484375,-0.09375,-0.0859375,0,0
1779555811.808622,-0.0390625,-0.00390625,-0.03515625,-0.646484375,-0.09375,-0.0859375,0,0
1779555811.816534,-0.0390625,-0.00390625,-0.03515625,-0.666015625,-0.091796875,-0.087890625,0,0
1779555811.824562,-0.037109375,-0.00390625,-0.03515625,-0.666015625,-0.091796875,-0.087890625,0,0
1779555811.832558,-0.037109375,-0.00390625,-0.03515625,-0.677734375,-0.091796875,-0.091796875,0,0
1779555811.840563,-0.03515625,-0.00390625,-0.03515625,-0.677734375,-0.091796875,-0.091796875,0,0
1779555811.848557,-0.03515625,-0.00390625,-0.03515625,-0.68359375,-0.083984375,-0.095703125,0,0
1779555811.856578,-0.041015625,-0.00390625,-0.03515625,-0.68359375,-0.083984375,-0.095703125,0,0
1779555811.864560,-0.041015625,-0.00390625,-0.03515625,-0.68359375,-0.087890625,-0.09765625,0,0
1779555811.872575,-0.060546875,-0.00390625,-0.03515625,-0.68359375,-0.087890625,-0.09765625,0,0
1779555811.880586,-0.060546875,-0.00390625,-0.03515625,-0.68359375,-0.099609375,-0.099609375,0,0
1779555811.888579,-0.0703125,-0.00390625,-0.03515625,-0.68359375,-0.099609375,-0.099609375,0,0
1779555811.896535,-0.0703125,-0.00390625,-0.03515625,-0.68359375,-0.103515625,-0.099609375,0,0
1779555811.904554,-0.07421875,0.0078125,-0.03515625,-0.68359375,-0.103515625,-0.099609375,0,0
1779555811.912537,-0.07421875,0.0078125,-0.03515625,-0.669921875,-0.10546875,-0.09765625,0,0
1779555811.920546,-0.064453125,0.017578125,-0.03515625,-0.669921875,-0.10546875,-0.09765625,0,0
1779555811.928626,-0.064453125,0.017578125,-0.03515625,-0.623046875,-0.1015625,-0.087890625,0,0
1779555811.936593,-0.056640625,0.0234375,-0.03515625,-0.623046875,-0.1015625,-0.087890625,0,0
1779555811.944590,-0.056640625,0.0234375,-0.03515625,-0.5703125,-0.091796875,-0.08203125,0,0
1779555811.952579,-0.046875,0.025390625,-0.03515625,-0.5703125,-0.091796875,-0.08203125,0,0
1779555811.960574,-0.046875,0.025390625,-0.03515625,-0.474609375,-0.080078125,-0.07421875,0,0
1779555811.968538,-0.0390625,0.015625,-0.03515625,-0.474609375,-0.080078125,-0.07421875,0,0
1779555811.976568,-0.0390625,0.015625,-0.03515625,-0.375,-0.0703125,-0.07421875,0,0
1779555811.984603,-0.03125,0.009765625,-0.03515625,-0.375,-0.0703125,-0.07421875,0,0
1779555811.992632,-0.03125,0.009765625,-0.03515625,-0.298828125,-0.0625,-0.07421875,0,0
1779555812.000575,-0.025390625,0.015625,-0.03515625,-0.298828125,-0.0625,-0.07421875,0,0
1779555812.008612,-0.025390625,0.015625,-0.03515625,-0.275390625,-0.052734375,-0.072265625,0,0
1779555812.016594,-0.02734375,0.025390625,-0.03515625,-0.275390625,-0.052734375,-0.072265625,0,0
1779555812.024591,-0.02734375,0.025390625,-0.03515625,-0.275390625,-0.052734375,-0.068359375,0,0
1779555812.032538,-0.02734375,0.025390625,-0.03515625,-0.275390625,-0.052734375,-0.068359375,0,0
1779555812.040551,-0.02734375,0.025390625,-0.03515625,-0.279296875,-0.048828125,-0.0625,0,0
1779555812.048544,-0.021484375,0.021484375,-0.03515625,-0.279296875,-0.048828125,-0.0625,0,0
1779555812.056576,-0.021484375,0.021484375,-0.03515625,-0.30078125,-0.046875,-0.05859375,0,0
1779555812.064595,-0.015625,0.015625,-0.03515625,-0.30078125,-0.046875,-0.05859375,0,0
1779555812.072542,-0.015625,0.015625,-0.03515625,-0.31640625,-0.04296875,-0.056640625,0,0
1779555812.080547,-0.015625,0.005859375,-0.03515625,-0.31640625,-0.04296875,-0.056640625,0,0
1779555812.088618,-0.015625,0.005859375,-0.03515625,-0.326171875,-0.046875,-0.056640625,0,0
1779555812.096575,-0.017578125,0.00390625,-0.03515625,-0.326171875,-0.046875,-0.056640625,0,0
1779555812.104564,-0.017578125,0.00390625,-0.03515625,-0.357421875,-0.048828125,-0.060546875,0,0
1779555812.112590,-0.01953125,0.005859375,-0.03515625,-0.357421875,-0.048828125,-0.060546875,0,0
1779555812.120577,-0.01953125,0.005859375,-0.03515625,-0.373046875,-0.052734375,-0.0625,0,0
1779555812.128617,-0.03515625,0.015625,-0.03515625,-0.373046875,-0.052734375,-0.0625,0,0
1779555812.136606,-0.03515625,0.015625,-0.03515625,-0.4140625,-0.06640625,-0.068359375,0,0
1779555812.144603,-0.060546875,0.017578125,-0.03515625,-0.4140625,-0.06640625,-0.068359375,0,0
1779555812.152565,-0.060546875,0.017578125,-0.03515625,-0.45703125,-0.0859375,-0.072265625,0,0
1779555812.160598,-0.0859375,0.021484375,-0.03515625,-0.45703125,-0.0859375,-0.072265625,0,0
1779555812.168613,-0.0859375,0.021484375,-0.03515625,-0.5,-0.111328125,-0.078125,0,0
1779555812.176591,-0.1015625,0.02734375,-0.03515625,-0.5,-0.111328125,-0.078125,0,0
1779555812.184614,-0.1015625,0.02734375,-0.03515625,-0.529296875,-0.125,-0.08203125,0,0
1779555812.192580,-0.10546875,0.029296875,-0.03515625,-0.529296875,-0.125,-0.08203125,0,0
1779555812.200593,-0.10546875,0.029296875,-0.03515625,-0.541015625,-0.130859375,-0.083984375,0,0
1779555812.208555,-0.1015625,0.029296875,-0.03515625,-0.541015625,-0.130859375,-0.083984375,0,0
1779555812.216558,-0.1015625,0.029296875,-0.03515625,-0.541015625,-0.1328125,-0.0859375,0,0
1779555812.224589,-0.09765625,0.02734375,-0.03515625,-0.541015625,-0.1328125,-0.0859375,0,0
1779555812.232529,-0.09765625,0.02734375,-0.03515625,-0.52734375,-0.12890625,-0.0859375,0,0
1779555812.240565,-0.099609375,0.033203125,-0.03515625,-0.52734375,-0.12890625,-0.0859375,0,0
1779555812.248553,-0.099609375,0.033203125,-0.03515625,-0.515625,-0.126953125,-0.08984375,0,0
1779555812.256550,-0.11328125,0.0390625,-0.03515625,-0.515625,-0.126953125,-0.08984375,0,0
1779555812.264539,-0.11328125,0.0390625,-0.03515625,-0.4921875,-0.130859375,-0.08984375,0,0
1779555812.272569,-0.125,0.052734375,-0.03515625,-0.4921875,-0.130859375,-0.08984375,0,0
1779555812.280528,-0.125,0.052734375,-0.03515625,-0.478515625,-0.1328125,-0.087890625,0,0
1779555812.288610,-0.125,0.064453125,-0.03515625,-0.478515625,-0.1328125,-0.087890625,0,0
1779555812.296555,-0.125,0.064453125,-0.03515625,-0.474609375,-0.1328125,-0.08203125,0,0
1779555812.304514,-0.125,0.07421875,-0.03515625,-0.474609375,-0.1328125,-0.08203125,0,0
1779555812.312534,-0.125,0.07421875,-0.03515625,-0.46484375,-0.1328125,-0.072265625,0,0
1779555812.320522,-0.119140625,0.08203125,-0.03515625,-0.46484375,-0.1328125,-0.072265625,0,0
1779555812.328561,-0.119140625,0.08203125,-0.03515625,-0.4609375,-0.12890625,-0.068359375,0,0
1779555812.336571,-0.111328125,0.083984375,-0.03515625,-0.4609375,-0.12890625,-0.068359375,0,0
1779555812.344586,-0.111328125,0.083984375,-0.03515625,-0.4609375,-0.125,-0.06640625,0,0
1779555812.352582,-0.10546875,0.083984375,-0.03515625,-0.4609375,-0.125,-0.06640625,0,0
1779555812.360554,-0.10546875,0.083984375,-0.03515625,-0.455078125,-0.119140625,-0.06640625,0,0
1779555812.368630,-0.103515625,0.095703125,-0.03515625,-0.455078125,-0.119140625,-0.06640625,0,0
1779555812.376552,-0.103515625,0.095703125,-0.03515625,-0.435546875,-0.123046875,-0.068359375,0,0
1779555812.384577,-0.109375,0.09765625,-0.017578125,-0.435546875,-0.123046875,-0.068359375,0,0
1779555812.392607,-0.109375,0.09765625,-0.017578125,-0.396484375,-0.123046875,-0.072265625,0,0
1779555812.400563,-0.1171875,0.103515625,-0.025390625,-0.396484375,-0.123046875,-0.072265625,0,0
1779555812.408536,-0.1171875,0.103515625,-0.025390625,-0.38671875,-0.12890625,-0.072265625,0,0
1779555812.416591,-0.119140625,0.107421875,-0.033203125,-0.38671875,-0.12890625,-0.072265625,0,0
1779555812.424548,-0.119140625,0.107421875,-0.033203125,-0.369140625,-0.12890625,-0.072265625,0,0
1779555812.432598,-0.12109375,0.111328125,-0.033203125,-0.369140625,-0.12890625,-0.072265625,0,0
1779555812.440542,-0.12109375,0.111328125,-0.033203125,-0.359375,-0.12890625,-0.072265625,0,0
1779555812.448599,-0.123046875,0.119140625,-0.029296875,-0.359375,-0.12890625,-0.072265625,0,0
1779555812.456509,-0.123046875,0.119140625,-0.029296875,-0.3515625,-0.12890625,-0.07421875,0,0
1779555812.464574,-0.130859375,0.125,-0.033203125,-0.3515625,-0.12890625,-0.07421875,0,0
1779555812.472607,-0.130859375,0.125,-0.033203125,-0.322265625,-0.1328125,-0.07421875,0,0
1779555812.480527,-0.13671875,0.12890625,-0.033203125,-0.322265625,-0.1328125,-0.07421875,0,0
1779555812.488554,-0.13671875,0.12890625,-0.033203125,-0.296875,-0.13671875,-0.076171875,0,0
1779555812.496564,-0.140625,0.130859375,-0.03125,-0.296875,-0.13671875,-0.076171875,0,0
1779555812.504556,-0.140625,0.130859375,-0.03125,-0.275390625,-0.13671875,-0.076171875,0,0
1779555812.512559,-0.1484375,0.13671875,-0.0234375,-0.275390625,-0.13671875,-0.076171875,0,0
1779555812.520545,-0.1484375,0.13671875,-0.0234375,-0.26171875,-0.138671875,-0.076171875,0,0
1779555812.528587,-0.15234375,0.142578125,-0.01171875,-0.26171875,-0.138671875,-0.076171875,0,0
1779555812.536590,-0.15234375,0.142578125,-0.01171875,-0.2578125,-0.13671875,-0.07421875,0,0
1779555812.544594,-0.15625,0.142578125,0.0,-0.2578125,-0.13671875,-0.07421875,0,0
1779555812.552572,-0.15625,0.142578125,0.0,-0.255859375,-0.13671875,-0.0703125,0,0
1779555812.560565,-0.15625,0.142578125,0.0,-0.255859375,-0.13671875,-0.0703125,0,0
1779555812.568509,-0.15625,0.142578125,0.0,-0.26171875,-0.1328125,-0.064453125,0,0
1779555812.576546,-0.16015625,0.1484375,0.0,-0.26171875,-0.1328125,-0.064453125,0,0
1779555812.584533,-0.16015625,0.1484375,0.0,-0.279296875,-0.134765625,-0.05859375,0,0
1779555812.592581,-0.1640625,0.150390625,0.0,-0.279296875,-0.134765625,-0.05859375,0,0
1779555812.600565,-0.1640625,0.150390625,0.0,-0.291015625,-0.13671875,-0.056640625,0,0
1779555812.608598,-0.1640625,0.158203125,0.0,-0.291015625,-0.13671875,-0.056640625,0,0
1779555812.616604,-0.1640625,0.158203125,0.0,-0.296875,-0.13671875,-0.0546875,0,0
1779555812.624586,-0.16015625,0.15625,-0.005859375,-0.296875,-0.13671875,-0.0546875,0,0
1779555812.632586,-0.16015625,0.15625,-0.005859375,-0.296875,-0.13671875,-0.0546875,0,0
1779555812.640536,-0.150390625,0.15234375,-0.013671875,-0.296875,-0.13671875,-0.0546875,0,0
1779555812.648522,-0.150390625,0.15234375,-0.013671875,-0.294921875,-0.13671875,-0.0546875,0,0
1779555812.656631,-0.14453125,0.140625,-0.025390625,-0.294921875,-0.13671875,-0.0546875,0,0
1779555812.664540,-0.14453125,0.140625,-0.025390625,-0.28515625,-0.134765625,-0.0546875,0,0
1779555812.672585,-0.14453125,0.1328125,-0.044921875,-0.28515625,-0.134765625,-0.0546875,0,0
1779555812.680599,-0.14453125,0.1328125,-0.044921875,-0.26171875,-0.13671875,-0.056640625,0,0
1779555812.688580,-0.1484375,0.125,-0.060546875,-0.26171875,-0.13671875,-0.056640625,0,0
1779555812.696570,-0.1484375,0.125,-0.060546875,-0.232421875,-0.140625,-0.060546875,0,0
1779555812.704561,-0.1484375,0.123046875,-0.060546875,-0.232421875,-0.140625,-0.060546875,0,0
1779555812.712561,-0.1484375,0.123046875,-0.060546875,-0.208984375,-0.140625,-0.064453125,0,0
1779555812.720562,-0.142578125,0.125,-0.056640625,-0.208984375,-0.140625,-0.064453125,0,0
1779555812.728541,-0.142578125,0.125,-0.056640625,-0.197265625,-0.134765625,-0.064453125,0,0
1779555812.736570,-0.138671875,0.125,-0.046875,-0.197265625,-0.134765625,-0.064453125,0,0
1779555812.744563,-0.138671875,0.125,-0.046875,-0.1875,-0.12890625,-0.06640625,0,0
1779555812.752550,-0.13671875,0.123046875,-0.03125,-0.1875,-0.12890625,-0.06640625,0,0
1779555812.760549,-0.13671875,0.123046875,-0.03125,-0.173828125,-0.123046875,-0.06640625,0,0
1779555812.768544,-0.13671875,0.11328125,-0.029296875,-0.173828125,-0.123046875,-0.06640625,0,0
1779555812.776553,-0.13671875,0.11328125,-0.029296875,-0.140625,-0.119140625,-0.068359375,0,0
1779555812.784562,-0.134765625,0.099609375,-0.021484375,-0.140625,-0.119140625,-0.068359375,0,0
1779555812.792524,-0.134765625,0.099609375,-0.021484375,-0.10546875,-0.11328125,-0.0703125,0,0
1779555812.800528,-0.130859375,0.08984375,-0.009765625,-0.10546875,-0.11328125,-0.0703125,0,0
1779555812.807557,-0.130859375,0.08984375,-0.009765625,-0.083984375,-0.10546875,-0.0703125,0,0
1779555812.816510,-0.126953125,0.076171875,-0.009765625,-0.083984375,-0.10546875,-0.0703125,0,0
1779555812.824613,-0.126953125,0.076171875,-0.009765625,-0.052734375,-0.103515625,-0.072265625,0,0
1779555812.832548,-0.119140625,0.064453125,-0.009765625,-0.052734375,-0.103515625,-0.072265625,0,0
1779555812.840556,-0.119140625,0.064453125,-0.009765625,-0.02734375,-0.095703125,-0.07421875,0,0
1779555812.848586,-0.11328125,0.064453125,-0.009765625,-0.02734375,-0.095703125,-0.07421875,0,0
1779555812.856590,-0.11328125,0.064453125,-0.009765625,-0.025390625,-0.0859375,-0.068359375,0,0
1779555812.864573,-0.107421875,0.060546875,-0.009765625,-0.025390625,-0.0859375,-0.068359375,0,0
1779555812.872603,-0.107421875,0.060546875,-0.009765625,-0.025390625,-0.08203125,-0.05859375,0,0
1779555812.880557,-0.103515625,0.05078125,-0.009765625,-0.025390625,-0.08203125,-0.05859375,0,0
1779555812.887583,-0.103515625,0.05078125,-0.009765625,-0.025390625,-0.08203125,-0.05078125,0,0
1779555812.896585,-0.09765625,0.041015625,-0.009765625,-0.025390625,-0.08203125,-0.05078125,0,0
1779555812.903590,-0.09765625,0.041015625,-0.009765625,-0.025390625,-0.08203125,-0.046875,0,0
1779555812.912550,-0.095703125,0.025390625,-0.009765625,-0.025390625,-0.08203125,-0.046875,0,0
1779555812.920571,-0.095703125,0.025390625,-0.009765625,-0.025390625,-0.080078125,-0.04296875,0,0
1779555812.928576,-0.09375,0.009765625,-0.009765625,-0.025390625,-0.080078125,-0.04296875,0,0
1779555812.936583,-0.09375,0.009765625,-0.009765625,-0.025390625,-0.078125,-0.041015625,0,0
1779555812.944568,-0.083984375,0.009765625,-0.009765625,-0.025390625,-0.078125,-0.041015625,0,0
1779555812.952576,-0.083984375,0.009765625,-0.009765625,-0.025390625,-0.072265625,-0.0390625,0,0
1779555812.960576,-0.076171875,0.009765625,-0.009765625,-0.025390625,-0.072265625,-0.0390625,0,0
1779555812.968563,-0.076171875,0.009765625,-0.009765625,-0.025390625,-0.06640625,-0.0390625,0,0
1779555812.976625,-0.0703125,0.009765625,0.005859375,-0.025390625,-0.06640625,-0.0390625,0,0
1779555812.984558,-0.0703125,0.009765625,0.005859375,-0.025390625,-0.060546875,-0.029296875,0,0
1779555812.992581,-0.07421875,0.009765625,0.0078125,-0.025390625,-0.060546875,-0.029296875,0,0
1779555813.000581,-0.07421875,0.009765625,0.0078125,-0.025390625,-0.064453125,-0.01953125,0,0
1779555813.008555,-0.083984375,0.009765625,0.00390625,-0.025390625,-0.064453125,-0.01953125,0,0
1779555813.016551,-0.083984375,0.009765625,0.00390625,-0.025390625,-0.068359375,-0.017578125,0,0
1779555813.024571,-0.087890625,0.009765625,0.013671875,-0.025390625,-0.068359375,-0.017578125,0,0
1779555813.032562,-0.087890625,0.009765625,0.013671875,-0.025390625,-0.072265625,-0.01953125,0,0
1779555813.040576,-0.087890625,0.009765625,0.0234375,-0.025390625,-0.072265625,-0.01953125,0,0
1779555813.048583,-0.087890625,0.009765625,0.0234375,-0.01171875,-0.0703125,-0.021484375,0,0
1779555813.056612,-0.09375,0.009765625,0.03515625,-0.01171875,-0.0703125,-0.021484375,0,0
1779555813.064606,-0.09375,0.009765625,0.03515625,-0.046875,-0.0703125,-0.021484375,0,0
1779555813.072599,-0.10546875,0.009765625,0.041015625,-0.046875,-0.0703125,-0.021484375,0,0
1779555813.080553,-0.10546875,0.009765625,0.041015625,-0.0703125,-0.076171875,-0.0234375,0,0
1779555813.088565,-0.1171875,0.009765625,0.0546875,-0.0703125,-0.076171875,-0.0234375,0,0
1779555813.096551,-0.1171875,0.009765625,0.0546875,-0.095703125,-0.083984375,-0.025390625,0,0
1779555813.104558,-0.1328125,0.009765625,0.06640625,-0.095703125,-0.083984375,-0.025390625,0,0
1779555813.112516,-0.1328125,0.009765625,0.06640625,-0.119140625,-0.09375,-0.025390625,0,0
1779555813.120573,-0.14453125,0.009765625,0.078125,-0.119140625,-0.09375,-0.025390625,0,0
1779555813.128569,-0.14453125,0.009765625,0.078125,-0.14453125,-0.1015625,-0.02734375,0,0
1779555813.136538,-0.15234375,0.009765625,0.080078125,-0.14453125,-0.1015625,-0.02734375,0,0
1779555813.144540,-0.15234375,0.009765625,0.080078125,-0.162109375,-0.107421875,-0.02734375,0,0
1779555813.152545,-0.162109375,0.009765625,0.083984375,-0.162109375,-0.107421875,-0.02734375,0,0
1779555813.160537,-0.162109375,0.009765625,0.083984375,-0.171875,-0.1171875,-0.02734375,0,0
1779555813.168573,-0.162109375,0.0,0.091796875,-0.171875,-0.1171875,-0.02734375,0,0
1779555813.176558,-0.162109375,0.0,0.091796875,-0.181640625,-0.1171875,-0.02734375,0,0
1779555813.184536,-0.162109375,0.0078125,0.09375,-0.181640625,-0.1171875,-0.02734375,0,0
1779555813.192575,-0.162109375,0.0078125,0.09375,-0.189453125,-0.119140625,-0.025390625,0,0
1779555813.200580,-0.166015625,0.009765625,0.09375,-0.189453125,-0.119140625,-0.025390625,0,0
1779555813.208549,-0.166015625,0.009765625,0.09375,-0.1953125,-0.12109375,-0.025390625,0,0
1779555813.216551,-0.169921875,0.013671875,0.091796875,-0.1953125,-0.12109375,-0.025390625,0,0
1779555813.223632,-0.169921875,0.013671875,0.091796875,-0.197265625,-0.123046875,-0.025390625,0,0
1779555813.232519,-0.173828125,0.017578125,0.08984375,-0.197265625,-0.123046875,-0.025390625,0,0
1779555813.240521,-0.173828125,0.017578125,0.08984375,-0.201171875,-0.126953125,-0.025390625,0,0
1779555813.248556,-0.17578125,0.021484375,0.099609375,-0.201171875,-0.126953125,-0.025390625,0,0
1779555813.256526,-0.17578125,0.021484375,0.099609375,-0.208984375,-0.126953125,-0.0234375,0,0
1779555813.264550,-0.17578125,0.02734375,0.107421875,-0.208984375,-0.126953125,-0.0234375,0,0
1779555813.272584,-0.17578125,0.02734375,0.107421875,-0.22265625,-0.130859375,-0.0234375,0,0
1779555813.280565,-0.16796875,0.033203125,0.111328125,-0.22265625,-0.130859375,-0.0234375,0,0
1779555813.288556,-0.16796875,0.033203125,0.111328125,-0.232421875,-0.125,-0.0234375,0,0
1779555813.296594,-0.16015625,0.033203125,0.109375,-0.232421875,-0.125,-0.0234375,0,0
1779555813.304558,-0.16015625,0.033203125,0.109375,-0.236328125,-0.125,-0.025390625,0,0
1779555813.312565,-0.142578125,0.02734375,0.1015625,-0.236328125,-0.125,-0.025390625,0,0
1779555813.320518,-0.142578125,0.02734375,0.1015625,-0.2265625,-0.1171875,-0.03125,0,0
1779555813.328521,-0.126953125,0.021484375,0.099609375,-0.2265625,-0.1171875,-0.03125,0,0
1779555813.336565,-0.126953125,0.021484375,0.099609375,-0.216796875,-0.111328125,-0.037109375,0,0
1779555813.344548,-0.091796875,0.009765625,0.087890625,-0.216796875,-0.111328125,-0.037109375,0,0
1779555813.352533,-0.091796875,0.009765625,0.087890625,-0.203125,-0.09375,-0.046875,0,0
1779555813.360560,-0.064453125,0.009765625,0.0703125,-0.203125,-0.09375,-0.046875,0,0
1779555813.368515,-0.064453125,0.009765625,0.0703125,-0.18359375,-0.083984375,-0.0546875,0,0
1779555813.376521,-0.0390625,0.009765625,0.0625,-0.18359375,-0.083984375,-0.0546875,0,0
1779555813.384508,-0.0390625,0.009765625,0.0625,-0.17578125,-0.07421875,-0.0625,0,0
1779555813.392557,-0.0234375,0.015625,0.05078125,-0.17578125,-0.07421875,-0.0625,0,0
1779555813.400581,-0.0234375,0.015625,0.05078125,-0.19140625,-0.0703125,-0.068359375,0,0
1779555813.408579,-0.0234375,0.03125,0.029296875,-0.19140625,-0.0703125,-0.068359375,0,0
1779555813.416560,-0.0234375,0.03125,0.029296875,-0.2109375,-0.060546875,-0.072265625,0,0
1779555813.424590,-0.0234375,0.0390625,0.015625,-0.2109375,-0.060546875,-0.072265625,0,0
1779555813.432604,-0.0234375,0.0390625,0.015625,-0.22265625,-0.05078125,-0.0703125,0,0
1779555813.440536,-0.0234375,0.03125,0.015625,-0.22265625,-0.05078125,-0.0703125,0,0
1779555813.448495,-0.0234375,0.03125,0.015625,-0.234375,-0.037109375,-0.060546875,0,0
1779555813.456564,0.0234375,0.017578125,0.015625,-0.234375,-0.037109375,-0.060546875,0,0
1779555813.464563,0.0234375,0.017578125,0.015625,-0.244140625,-0.015625,-0.048828125,0,0
1779555813.472570,0.064453125,0.0078125,0.015625,-0.244140625,-0.015625,-0.048828125,0,0
1779555813.480593,0.064453125,0.0078125,0.015625,-0.248046875,-0.015625,-0.0390625,0,0
1779555813.488598,0.1015625,0.005859375,0.015625,-0.248046875,-0.015625,-0.0390625,0,0
1779555813.496536,0.1015625,0.005859375,0.015625,-0.248046875,-0.015625,-0.03125,0,0
1779555813.504551,0.123046875,0.013671875,0.015625,-0.248046875,-0.015625,-0.03125,0,0
1779555813.512531,0.123046875,0.013671875,0.015625,-0.25390625,-0.015625,-0.025390625,0,0
1779555813.520596,0.14453125,0.0234375,0.015625,-0.25390625,-0.015625,-0.025390625,0,0
1779555813.528521,0.14453125,0.0234375,0.015625,-0.26171875,-0.015625,-0.017578125,0,0
1779555813.536608,0.171875,0.0390625,0.015625,-0.26171875,-0.015625,-0.017578125,0,0
1779555813.544542,0.171875,0.0390625,0.015625,-0.26953125,-0.015625,-0.009765625,0,0
1779555813.552533,0.197265625,0.046875,0.015625,-0.26953125,-0.015625,-0.009765625,0,0
1779555813.560594,0.197265625,0.046875,0.015625,-0.259765625,-0.015625,-0.0078125,0,0
1779555813.568552,0.21875,0.052734375,0.015625,-0.259765625,-0.015625,-0.0078125,0,0
1779555813.576554,0.21875,0.052734375,0.015625,-0.251953125,-0.015625,-0.0078125,0,0
1779555813.584526,0.23828125,0.052734375,0.00390625,-0.251953125,-0.015625,-0.0078125,0,0
1779555813.592564,0.23828125,0.052734375,0.00390625,-0.24609375,0.0,-0.0078125,0,0
1779555813.600559,0.244140625,0.05078125,0.00390625,-0.24609375,0.0,-0.0078125,0,0
1779555813.608548,0.244140625,0.05078125,0.00390625,-0.24609375,0.005859375,-0.0078125,0,0
1779555813.616538,0.263671875,0.052734375,0.0078125,-0.24609375,0.005859375,-0.0078125,0,0
1779555813.624556,0.263671875,0.052734375,0.0078125,-0.25,0.013671875,-0.005859375,0,0
1779555813.632556,0.275390625,0.052734375,0.0078125,-0.25,0.013671875,-0.005859375,0,0
1779555813.640534,0.275390625,0.052734375,0.0078125,-0.244140625,0.01953125,-0.005859375,0,0
1779555813.648572,0.28515625,0.0546875,0.005859375,-0.244140625,0.01953125,-0.005859375,0,0
1779555813.656582,0.28515625,0.0546875,0.005859375,-0.2421875,0.025390625,-0.005859375,0,0
1779555813.664605,0.296875,0.056640625,0.009765625,-0.2421875,0.025390625,-0.005859375,0,0
1779555813.672560,0.296875,0.056640625,0.009765625,-0.23046875,0.033203125,-0.013671875,0,0
1779555813.680571,0.302734375,0.0546875,0.01171875,-0.23046875,0.033203125,-0.013671875,0,0
1779555813.687608,0.302734375,0.0546875,0.01171875,-0.216796875,0.04296875,-0.021484375,0,0
1779555813.696565,0.3125,0.052734375,0.01953125,-0.216796875,0.04296875,-0.021484375,0,0
1779555813.704550,0.3125,0.052734375,0.01953125,-0.2109375,0.046875,-0.02734375,0,0
1779555813.712576,0.322265625,0.044921875,0.025390625,-0.2109375,0.046875,-0.02734375,0,0
1779555813.720569,0.322265625,0.044921875,0.025390625,-0.20703125,0.052734375,-0.033203125,0,0
1779555813.728577,0.33203125,0.04296875,0.033203125,-0.20703125,0.052734375,-0.033203125,0,0
1779555813.736543,0.33203125,0.04296875,0.033203125,-0.203125,0.05859375,-0.0390625,0,0
1779555813.744586,0.3359375,0.044921875,0.037109375,-0.203125,0.05859375,-0.0390625,0,0
1779555813.752557,0.3359375,0.044921875,0.037109375,-0.201171875,0.060546875,-0.04296875,0,0
1779555813.760555,0.345703125,0.052734375,0.037109375,-0.201171875,0.060546875,-0.04296875,0,0
1779555813.768570,0.345703125,0.052734375,0.037109375,-0.201171875,0.06640625,-0.046875,0,0
1779555813.776586,0.357421875,0.05859375,0.044921875,-0.201171875,0.06640625,-0.046875,0,0
1779555813.784547,0.357421875,0.05859375,0.044921875,-0.1953125,0.0703125,-0.05078125,0,0
1779555813.792578,0.36328125,0.064453125,0.05078125,-0.1953125,0.0703125,-0.05078125,0,0
1779555813.800558,0.36328125,0.064453125,0.05078125,-0.181640625,0.076171875,-0.05859375,0,0
1779555813.808601,0.36328125,0.064453125,0.052734375,-0.181640625,0.076171875,-0.05859375,0,0
1779555813.816515,0.36328125,0.064453125,0.052734375,-0.1640625,0.076171875,-0.06640625,0,0
1779555813.824589,0.36328125,0.060546875,0.056640625,-0.1640625,0.076171875,-0.06640625,0,0
1779555813.832593,0.36328125,0.060546875,0.056640625,-0.15234375,0.076171875,-0.072265625,0,0
1779555813.840535,0.369140625,0.05859375,0.056640625,-0.15234375,0.076171875,-0.072265625,0,0
1779555813.848512,0.369140625,0.05859375,0.056640625,-0.14453125,0.080078125,-0.076171875,0,0
1779555813.856653,0.373046875,0.056640625,0.05859375,-0.14453125,0.080078125,-0.076171875,0,0
1779555813.864582,0.373046875,0.056640625,0.05859375,-0.140625,0.083984375,-0.08203125,0,0
1779555813.872584,0.376953125,0.052734375,0.06640625,-0.140625,0.083984375,-0.08203125,0,0
1779555813.880586,0.376953125,0.052734375,0.06640625,-0.140625,0.087890625,-0.0859375,0,0
1779555813.888596,0.375,0.046875,0.06640625,-0.140625,0.087890625,-0.0859375,0,0
1779555813.896596,0.375,0.046875,0.06640625,-0.13671875,0.08984375,-0.08984375,0,0
1779555813.904557,0.36328125,0.041015625,0.0625,-0.13671875,0.08984375,-0.08984375,0,0
1779555813.912565,0.36328125,0.041015625,0.0625,-0.130859375,0.08984375,-0.08984375,0,0
1779555813.920560,0.345703125,0.0390625,0.05859375,-0.130859375,0.08984375,-0.08984375,0,0
1779555813.928616,0.345703125,0.0390625,0.05859375,-0.125,0.08203125,-0.09375,0,0
1779555813.936532,0.33203125,0.048828125,0.044921875,-0.125,0.08203125,-0.09375,0,0
1779555813.944581,0.33203125,0.048828125,0.044921875,-0.119140625,0.078125,-0.1015625,0,0
1779555813.952523,0.318359375,0.0546875,0.03515625,-0.119140625,0.078125,-0.1015625,0,0
1779555813.960529,0.318359375,0.0546875,0.03515625,-0.107421875,0.072265625,-0.107421875,0,0
1779555813.968528,0.30859375,0.052734375,0.021484375,-0.107421875,0.072265625,-0.107421875,0,0
1779555813.976538,0.30859375,0.052734375,0.021484375,-0.09765625,0.064453125,-0.111328125,0,0
1779555813.984543,0.3046875,0.044921875,0.005859375,-0.09765625,0.064453125,-0.111328125,0,0
1779555813.992566,0.3046875,0.044921875,0.005859375,-0.087890625,0.060546875,-0.11328125,0,0
1779555814.000602,0.3046875,0.037109375,0.005859375,-0.087890625,0.060546875,-0.11328125,0,0
1779555814.008545,0.3046875,0.037109375,0.005859375,-0.08203125,0.0546875,-0.115234375,0,0
1779555814.016530,0.302734375,0.03515625,0.005859375,-0.08203125,0.0546875,-0.115234375,0,0
1779555814.024564,0.302734375,0.03515625,0.005859375,-0.076171875,0.041015625,-0.11328125,0,0
1779555814.032546,0.294921875,0.0390625,0.005859375,-0.076171875,0.041015625,-0.11328125,0,0
1779555814.040561,0.294921875,0.0390625,0.005859375,-0.0625,0.025390625,-0.115234375,0,0
1779555814.048606,0.27734375,0.0390625,-0.017578125,-0.0625,0.025390625,-0.115234375,0,0
1779555814.056540,0.27734375,0.0390625,-0.017578125,-0.046875,0.025390625,-0.1171875,0,0
1779555814.064614,0.263671875,0.044921875,-0.048828125,-0.046875,0.025390625,-0.1171875,0,0
1779555814.072604,0.263671875,0.044921875,-0.048828125,-0.046875,0.025390625,-0.119140625,0,0
1779555814.080576,0.23828125,0.046875,-0.107421875,-0.046875,0.025390625,-0.119140625,0,0
1779555814.088573,0.23828125,0.046875,-0.107421875,-0.037109375,0.025390625,-0.119140625,0,0
1779555814.096614,0.21484375,0.046875,-0.150390625,-0.037109375,0.025390625,-0.119140625,0,0
1779555814.104589,0.21484375,0.046875,-0.150390625,-0.033203125,0.025390625,-0.1171875,0,0
1779555814.112572,0.205078125,0.0390625,-0.173828125,-0.033203125,0.025390625,-0.1171875,0,0
1779555814.120570,0.205078125,0.0390625,-0.173828125,-0.0234375,0.025390625,-0.115234375,0,0
1779555814.128590,0.19921875,0.025390625,-0.185546875,-0.0234375,0.025390625,-0.115234375,0,0
1779555814.136559,0.19921875,0.025390625,-0.185546875,-0.009765625,0.025390625,-0.11328125,0,0
1779555814.144600,0.19140625,0.01953125,-0.19921875,-0.009765625,0.025390625,-0.11328125,0,0
1779555814.151629,0.19140625,0.01953125,-0.19921875,-0.009765625,0.025390625,-0.11328125,0,0
1779555814.160587,0.185546875,0.021484375,-0.21484375,-0.009765625,0.025390625,-0.11328125,0,0
1779555814.168577,0.185546875,0.021484375,-0.21484375,-0.009765625,0.0,-0.11328125,0,0
1779555814.176569,0.16796875,0.0234375,-0.232421875,-0.009765625,0.0,-0.11328125,0,0
1779555814.183571,0.16796875,0.0234375,-0.232421875,-0.009765625,-0.021484375,-0.115234375,0,0
1779555814.191653,0.142578125,0.037109375,-0.25,-0.009765625,-0.021484375,-0.115234375,0,0
1779555814.200556,0.142578125,0.037109375,-0.25,-0.009765625,-0.03515625,-0.119140625,0,0
1779555814.208570,0.12890625,0.04296875,-0.2578125,-0.009765625,-0.03515625,-0.119140625,0,0
1779555814.216558,0.12890625,0.04296875,-0.2578125,-0.009765625,-0.044921875,-0.12109375,0,0
1779555814.224628,0.1171875,0.044921875,-0.267578125,-0.009765625,-0.044921875,-0.12109375,0,0
1779555814.232579,0.1171875,0.044921875,-0.267578125,-0.009765625,-0.048828125,-0.12109375,0,0
1779555814.240579,0.111328125,0.04296875,-0.26953125,-0.009765625,-0.048828125,-0.12109375,0,0
1779555814.248555,0.111328125,0.04296875,-0.26953125,-0.009765625,-0.05078125,-0.115234375,0,0
1779555814.256570,0.111328125,0.041015625,-0.267578125,-0.009765625,-0.05078125,-0.115234375,0,0
1779555814.264550,0.111328125,0.041015625,-0.267578125,-0.009765625,-0.048828125,-0.11328125,0,0
1779555814.272543,0.10546875,0.041015625,-0.271484375,-0.009765625,-0.048828125,-0.11328125,0,0
1779555814.280535,0.10546875,0.041015625,-0.271484375,-0.009765625,-0.048828125,-0.11328125,0,0
1779555814.288537,0.0859375,0.048828125,-0.2890625,-0.009765625,-0.048828125,-0.11328125,0,0
1779555814.296622,0.0859375,0.048828125,-0.2890625,-0.005859375,-0.05859375,-0.115234375,0,0
1779555814.304579,0.048828125,0.0546875,-0.310546875,-0.005859375,-0.05859375,-0.115234375,0,0
1779555814.312545,0.048828125,0.0546875,-0.310546875,-0.01171875,-0.078125,-0.12109375,0,0
1779555814.320580,0.037109375,0.05859375,-0.3203125,-0.01171875,-0.078125,-0.12109375,0,0
1779555814.328598,0.037109375,0.05859375,-0.3203125,-0.017578125,-0.083984375,-0.12109375,0,0
1779555814.336600,0.033203125,0.056640625,-0.322265625,-0.017578125,-0.083984375,-0.12109375,0,0
1779555814.344610,0.033203125,0.056640625,-0.322265625,-0.02734375,-0.087890625,-0.12109375,0,0
1779555814.352597,0.03515625,0.0546875,-0.326171875,-0.02734375,-0.087890625,-0.12109375,0,0
1779555814.360599,0.03515625,0.0546875,-0.326171875,-0.037109375,-0.08984375,-0.119140625,0,0
1779555814.368619,0.044921875,0.04296875,-0.330078125,-0.037109375,-0.08984375,-0.119140625,0,0
1779555814.376593,0.044921875,0.04296875,-0.330078125,-0.0390625,-0.0859375,-0.115234375,0,0
1779555814.384576,0.05078125,0.03515625,-0.33203125,-0.0390625,-0.0859375,-0.115234375,0,0
1779555814.392596,0.05078125,0.03515625,-0.33203125,-0.03515625,-0.083984375,-0.115234375,0,0
1779555814.400607,0.05078125,0.033203125,-0.337890625,-0.03515625,-0.083984375,-0.115234375,0,0
1779555814.408590,0.05078125,0.033203125,-0.337890625,-0.03515625,-0.08203125,-0.115234375,0,0
1779555814.416586,0.046875,0.03515625,-0.34375,-0.03515625,-0.08203125,-0.115234375,0,0
1779555814.424589,0.046875,0.03515625,-0.34375,-0.03515625,-0.0859375,-0.115234375,0,0
1779555814.432573,0.044921875,0.03515625,-0.33984375,-0.03515625,-0.0859375,-0.115234375,0,0
1779555814.440598,0.044921875,0.03515625,-0.33984375,-0.03515625,-0.083984375,-0.115234375,0,0
1779555814.448558,0.044921875,0.04296875,-0.341796875,-0.03515625,-0.083984375,-0.115234375,0,0
1779555814.456551,0.044921875,0.04296875,-0.341796875,-0.037109375,-0.08203125,-0.1171875,0,0
1779555814.464577,0.044921875,0.04296875,-0.341796875,-0.037109375,-0.08203125,-0.1171875,0,0
1779555814.472562,0.044921875,0.04296875,-0.341796875,-0.041015625,-0.08203125,-0.1171875,0,0
1779555814.480588,0.046875,0.04296875,-0.33984375,-0.041015625,-0.08203125,-0.1171875,0,0
1779555814.488536,0.046875,0.04296875,-0.33984375,-0.04296875,-0.08203125,-0.1171875,0,0
1779555814.496599,0.046875,0.0390625,-0.337890625,-0.04296875,-0.08203125,-0.1171875,0,0
1779555814.504536,0.046875,0.0390625,-0.337890625,-0.04296875,-0.08203125,-0.1171875,0,0
1779555814.512588,0.048828125,0.033203125,-0.330078125,-0.04296875,-0.08203125,-0.1171875,0,0
1779555814.520538,0.048828125,0.033203125,-0.330078125,-0.04296875,-0.080078125,-0.11328125,0,0
1779555814.528594,0.052734375,0.025390625,-0.322265625,-0.04296875,-0.080078125,-0.11328125,0,0
1779555814.536533,0.052734375,0.025390625,-0.322265625,-0.0390625,-0.076171875,-0.11328125,0,0
1779555814.544542,0.056640625,0.0234375,-0.31640625,-0.0390625,-0.076171875,-0.11328125,0,0
1779555814.552532,0.056640625,0.0234375,-0.31640625,-0.0390625,-0.072265625,-0.111328125,0,0
1779555814.560540,0.05859375,0.0234375,-0.3125,-0.0390625,-0.072265625,-0.111328125,0,0
1779555814.568553,0.05859375,0.0234375,-0.3125,-0.03515625,-0.0703125,-0.111328125,0,0
1779555814.576549,0.05859375,0.025390625,-0.310546875,-0.03515625,-0.0703125,-0.111328125,0,0
1779555814.584531,0.05859375,0.025390625,-0.310546875,-0.033203125,-0.068359375,-0.111328125,0,0
1779555814.592558,0.05859375,0.025390625,-0.30859375,-0.033203125,-0.068359375,-0.111328125,0,0
1779555814.600541,0.05859375,0.025390625,-0.30859375,-0.033203125,-0.068359375,-0.111328125,0,0
1779555814.608544,0.056640625,0.021484375,-0.310546875,-0.033203125,-0.068359375,-0.111328125,0,0
1779555814.616593,0.056640625,0.021484375,-0.310546875,-0.029296875,-0.068359375,-0.111328125,0,0
1779555814.624556,0.05859375,0.017578125,-0.310546875,-0.029296875,-0.068359375,-0.111328125,0,0
1779555814.632569,0.05859375,0.017578125,-0.310546875,-0.029296875,-0.0703125,-0.111328125,0,0
1779555814.640539,0.06640625,0.015625,-0.30859375,-0.029296875,-0.0703125,-0.111328125,0,0
1779555814.648535,0.06640625,0.015625,-0.30859375,-0.033203125,-0.06640625,-0.109375,0,0
1779555814.656536,0.072265625,0.013671875,-0.302734375,-0.033203125,-0.06640625,-0.109375,0,0
1779555814.664556,0.072265625,0.013671875,-0.302734375,-0.0390625,-0.0625,-0.107421875,0,0
1779555814.672559,0.07421875,0.013671875,-0.30078125,-0.0390625,-0.0625,-0.107421875,0,0
1779555814.680569,0.07421875,0.013671875,-0.30078125,-0.046875,-0.0625,-0.10546875,0,0
1779555814.688557,0.068359375,0.017578125,-0.3046875,-0.046875,-0.0625,-0.10546875,0,0
1779555814.696587,0.068359375,0.017578125,-0.3046875,-0.048828125,-0.0625,-0.10546875,0,0
1779555814.704581,0.0625,0.017578125,-0.306640625,-0.048828125,-0.0625,-0.10546875,0,0
1779555814.712571,0.0625,0.017578125,-0.306640625,-0.046875,-0.068359375,-0.10546875,0,0
1779555814.720527,0.056640625,0.017578125,-0.310546875,-0.046875,-0.068359375,-0.10546875,0,0
1779555814.728560,0.056640625,0.017578125,-0.310546875,-0.046875,-0.072265625,-0.107421875,0,0
1779555814.736544,0.060546875,0.013671875,-0.3125,-0.046875,-0.072265625,-0.107421875,0,0
1779555814.744559,0.060546875,0.013671875,-0.3125,-0.05078125,-0.0703125,-0.107421875,0,0
1779555814.752549,0.064453125,0.0078125,-0.31640625,-0.05078125,-0.0703125,-0.107421875,0,0
1779555814.760573,0.064453125,0.0078125,-0.31640625,-0.044921875,-0.068359375,-0.10546875,0,0
1779555814.768587,0.0703125,0.0078125,-0.318359375,-0.044921875,-0.068359375,-0.10546875,0,0
1779555814.776639,0.0703125,0.0078125,-0.318359375,-0.0390625,-0.06640625,-0.103515625,0,0
1779555814.784626,0.07421875,0.0078125,-0.318359375,-0.0390625,-0.06640625,-0.103515625,0,0
1779555814.792587,0.07421875,0.0078125,-0.318359375,-0.03515625,-0.06640625,-0.1015625,0,0
1779555814.799586,0.07421875,0.0078125,-0.3203125,-0.03515625,-0.06640625,-0.1015625,0,0
1779555814.808545,0.07421875,0.0078125,-0.3203125,-0.037109375,-0.06640625,-0.1015625,0,0
1779555814.816611,0.0703125,0.0078125,-0.318359375,-0.037109375,-0.06640625,-0.1015625,0,0
1779555814.824550,0.0703125,0.0078125,-0.318359375,-0.041015625,-0.068359375,-0.099609375,0,0
1779555814.832524,0.0625,0.0,-0.31640625,-0.041015625,-0.068359375,-0.099609375,0,0
1779555814.840595,0.0625,0.0,-0.31640625,-0.04296875,-0.0703125,-0.099609375,0,0
1779555814.848578,0.0625,0.0,-0.3125,-0.04296875,-0.0703125,-0.099609375,0,0
1779555814.856546,0.0625,0.0,-0.3125,-0.04296875,-0.0703125,-0.099609375,0,0
1779555814.864562,0.0625,0.0,-0.30859375,-0.04296875,-0.0703125,-0.099609375,0,0
1779555814.872571,0.0625,0.0,-0.30859375,-0.041015625,-0.068359375,-0.099609375,0,0
1779555814.880556,0.06640625,0.0,-0.30859375,-0.041015625,-0.068359375,-0.099609375,0,0
1779555814.888595,0.06640625,0.0,-0.30859375,-0.041015625,-0.06640625,-0.09765625,0,0
1779555814.896608,0.064453125,0.0,-0.310546875,-0.041015625,-0.06640625,-0.09765625,0,0
1779555814.904568,0.064453125,0.0,-0.310546875,-0.048828125,-0.068359375,-0.09765625,0,0
1779555814.912588,0.0625,0.0,-0.30859375,-0.048828125,-0.068359375,-0.09765625,0,0
1779555814.920588,0.0625,0.0,-0.30859375,-0.0625,-0.0703125,-0.09375,0,0
1779555814.928587,0.060546875,0.0,-0.310546875,-0.0625,-0.0703125,-0.09375,0,0
1779555814.936570,0.060546875,0.0,-0.310546875,-0.076171875,-0.076171875,-0.09375,0,0
1779555814.944577,0.052734375,0.0,-0.318359375,-0.076171875,-0.076171875,-0.09375,0,0
1779555814.952560,0.052734375,0.0,-0.318359375,-0.087890625,-0.080078125,-0.09375,0,0
1779555814.960552,0.0390625,0.009765625,-0.337890625,-0.087890625,-0.080078125,-0.09375,0,0
1779555814.968596,0.0390625,0.009765625,-0.337890625,-0.09375,-0.09375,-0.09765625,0,0
1779555814.976574,0.01953125,0.009765625,-0.35546875,-0.09375,-0.09375,-0.09765625,0,0
1779555814.984533,0.01953125,0.009765625,-0.35546875,-0.103515625,-0.111328125,-0.099609375,0,0
1779555814.991605,0.01171875,0.005859375,-0.357421875,-0.103515625,-0.111328125,-0.099609375,0,0
1779555815.000598,0.01171875,0.005859375,-0.357421875,-0.111328125,-0.115234375,-0.099609375,0,0
1779555815.008616,0.017578125,0.00390625,-0.35546875,-0.111328125,-0.115234375,-0.099609375,0,0
1779555815.016586,0.017578125,0.00390625,-0.35546875,-0.115234375,-0.115234375,-0.09765625,0,0
1779555815.024573,0.02734375,0.00390625,-0.349609375,-0.115234375,-0.115234375,-0.09765625,0,0
1779555815.032602,0.02734375,0.00390625,-0.349609375,-0.125,-0.10546875,-0.095703125,0,0
1779555815.040594,0.03125,0.00390625,-0.34375,-0.125,-0.10546875,-0.095703125,0,0
1779555815.048568,0.03125,0.00390625,-0.34375,-0.130859375,-0.103515625,-0.095703125,0,0
1779555815.056581,0.03125,0.00390625,-0.345703125,-0.130859375,-0.103515625,-0.095703125,0,0
1779555815.064557,0.03125,0.00390625,-0.345703125,-0.138671875,-0.1015625,-0.095703125,0,0
1779555815.072561,0.03125,0.00390625,-0.357421875,-0.138671875,-0.1015625,-0.095703125,0,0
1779555815.080547,0.03125,0.00390625,-0.357421875,-0.134765625,-0.1015625,-0.09765625,0,0
1779555815.088531,0.025390625,0.00390625,-0.365234375,-0.134765625,-0.1015625,-0.09765625,0,0
1779555815.096566,0.025390625,0.00390625,-0.365234375,-0.130859375,-0.107421875,-0.099609375,0,0
1779555815.104570,0.0234375,0.00390625,-0.365234375,-0.130859375,-0.107421875,-0.099609375,0,0
1779555815.112571,0.0234375,0.00390625,-0.365234375,-0.126953125,-0.109375,-0.099609375,0,0
1779555815.120538,0.025390625,0.00390625,-0.3671875,-0.126953125,-0.109375,-0.099609375,0,0
1779555815.128566,0.025390625,0.00390625,-0.3671875,-0.126953125,-0.10546875,-0.1015625,0,0
1779555815.136592,0.033203125,0.00390625,-0.36328125,-0.126953125,-0.10546875,-0.1015625,0,0
1779555815.144575,0.033203125,0.00390625,-0.36328125,-0.126953125,-0.09765625,-0.1015625,0,0
1779555815.152575,0.037109375,0.00390625,-0.365234375,-0.126953125,-0.09765625,-0.1015625,0,0
1779555815.160565,0.037109375,0.00390625,-0.365234375,-0.125,-0.09765625,-0.1015625,0,0
1779555815.168514,0.033203125,0.00390625,-0.373046875,-0.125,-0.09765625,-0.1015625,0,0
1779555815.175532,0.033203125,0.00390625,-0.373046875,-0.123046875,-0.1015625,-0.1015625,0,0
1779555815.184505,0.0234375,0.00390625,-0.376953125,-0.123046875,-0.1015625,-0.1015625,0,0
1779555815.191613,0.0234375,0.00390625,-0.376953125,-0.12109375,-0.107421875,-0.1015625,0,0
1779555815.200591,0.01953125,0.00390625,-0.37890625,-0.12109375,-0.107421875,-0.1015625,0,0
1779555815.208562,0.01953125,0.00390625,-0.37890625,-0.12109375,-0.111328125,-0.1015625,0,0
1779555815.216589,0.021484375,0.00390625,-0.37890625,-0.12109375,-0.111328125,-0.1015625,0,0
1779555815.224573,0.021484375,0.00390625,-0.37890625,-0.119140625,-0.109375,-0.1015625,0,0
1779555815.232560,0.02734375,0.00390625,-0.376953125,-0.119140625,-0.109375,-0.1015625,0,0
1779555815.240552,0.02734375,0.00390625,-0.376953125,-0.119140625,-0.10546875,-0.1015625,0,0
1779555815.248541,0.033203125,0.00390625,-0.37890625,-0.119140625,-0.10546875,-0.1015625,0,0
1779555815.255547,0.033203125,0.00390625,-0.37890625,-0.1171875,-0.103515625,-0.103515625,0,0
1779555815.264550,0.033203125,0.00390625,-0.384765625,-0.1171875,-0.103515625,-0.103515625,0,0
1779555815.272608,0.033203125,0.00390625,-0.384765625,-0.1171875,-0.103515625,-0.109375,0,0
1779555815.280510,0.03125,0.00390625,-0.39453125,-0.1171875,-0.103515625,-0.109375,0,0
1779555815.287523,0.03125,0.00390625,-0.39453125,-0.125,-0.107421875,-0.109375,0,0
1779555815.296588,0.03125,0.00390625,-0.396484375,-0.125,-0.107421875,-0.109375,0,0
1779555815.304518,0.03125,0.00390625,-0.396484375,-0.140625,-0.109375,-0.107421875,0,0
1779555815.312547,0.03125,0.00390625,-0.392578125,-0.140625,-0.109375,-0.107421875,0,0
1779555815.319553,0.03125,0.00390625,-0.392578125,-0.158203125,-0.109375,-0.107421875,0,0
1779555815.328519,0.02734375,0.00390625,-0.388671875,-0.158203125,-0.109375,-0.107421875,0,0
1779555815.336570,0.02734375,0.00390625,-0.388671875,-0.173828125,-0.103515625,-0.109375,0,0
1779555815.344552,0.025390625,0.00390625,-0.392578125,-0.173828125,-0.103515625,-0.109375,0,0
1779555815.352584,0.025390625,0.00390625,-0.392578125,-0.17578125,-0.099609375,-0.111328125,0,0
1779555815.360529,0.021484375,0.00390625,-0.388671875,-0.17578125,-0.099609375,-0.111328125,0,0
1779555815.368528,0.021484375,0.00390625,-0.388671875,-0.17578125,-0.099609375,-0.11328125,0,0
1779555815.376524,0.017578125,0.00390625,-0.376953125,-0.17578125,-0.099609375,-0.11328125,0,0
1779555815.384565,0.017578125,0.00390625,-0.376953125,-0.169921875,-0.099609375,-0.11328125,0,0
1779555815.391562,0.02734375,0.00390625,-0.34765625,-0.169921875,-0.099609375,-0.11328125,0,0
1779555815.400551,0.02734375,0.00390625,-0.34765625,-0.158203125,-0.0859375,-0.107421875,0,0
1779555815.408534,0.041015625,0.00390625,-0.30078125,-0.158203125,-0.0859375,-0.107421875,0,0
1779555815.416543,0.041015625,0.00390625,-0.30078125,-0.14453125,-0.0703125,-0.099609375,0,0
1779555815.424595,0.0546875,0.00390625,-0.251953125,-0.14453125,-0.0703125,-0.099609375,0,0
1779555815.432552,0.0546875,0.00390625,-0.251953125,-0.12890625,-0.048828125,-0.087890625,0,0
1779555815.440554,0.0703125,0.00390625,-0.1796875,-0.12890625,-0.048828125,-0.087890625,0,0
1779555815.448591,0.0703125,0.00390625,-0.1796875,-0.109375,-0.0234375,-0.076171875,0,0
1779555815.456570,0.09765625,0.00390625,-0.05859375,-0.109375,-0.0234375,-0.076171875,0,0
1779555815.464561,0.09765625,0.00390625,-0.05859375,-0.0625,-0.0234375,-0.0703125,0,0
1779555815.472551,0.095703125,0.00390625,-0.05859375,-0.0625,-0.0234375,-0.0703125,0,0
1779555815.480583,0.095703125,0.00390625,-0.05859375,-0.0625,-0.0234375,-0.060546875,0,0
1779555815.488559,0.08203125,0.00390625,-0.05859375,-0.0625,-0.0234375,-0.060546875,0,0
1779555815.496573,0.08203125,0.00390625,-0.05859375,0.013671875,-0.0234375,-0.0546875,0,0
1779555815.504572,0.05859375,-0.00390625,0.005859375,0.013671875,-0.0234375,-0.0546875,0,0
1779555815.512534,0.05859375,-0.00390625,0.005859375,0.044921875,-0.0234375,-0.056640625,0,0
1779555815.519572,0.046875,-0.009765625,0.005859375,0.044921875,-0.0234375,-0.056640625,0,0
1779555815.528594,0.046875,-0.009765625,0.005859375,0.046875,-0.0234375,-0.052734375,0,0
1779555815.536542,0.03515625,-0.009765625,0.005859375,0.046875,-0.0234375,-0.052734375,0,0
1779555815.544551,0.03515625,-0.009765625,0.005859375,0.05078125,-0.0234375,-0.05078125,0,0
1779555815.552529,0.052734375,-0.009765625,0.00390625,0.05078125,-0.0234375,-0.05078125,0,0
1779555815.560545,0.052734375,-0.009765625,0.00390625,0.05078125,-0.0234375,-0.05078125,0,0
1779555815.568568,0.0625,-0.009765625,0.009765625,0.05078125,-0.0234375,-0.05078125,0,0
1779555815.576527,0.0625,-0.009765625,0.009765625,0.0546875,-0.0234375,-0.05078125,0,0
1779555815.584554,0.056640625,-0.009765625,0.005859375,0.0546875,-0.0234375,-0.05078125,0,0
1779555815.592602,0.056640625,-0.009765625,0.005859375,0.048828125,-0.0234375,-0.048828125,0,0
1779555815.600613,0.048828125,-0.009765625,0.0,0.048828125,-0.0234375,-0.048828125,0,0
1779555815.608585,0.048828125,-0.009765625,0.0,0.044921875,-0.0234375,-0.04296875,0,0
1779555815.616570,0.029296875,-0.009765625,0.0,0.044921875,-0.0234375,-0.04296875,0,0
1779555815.624558,0.029296875,-0.009765625,0.0,0.0234375,-0.0234375,-0.029296875,0,0
1779555815.654601,0.0,0.0,0.0,0.0,0.0,0.0,0,0
1779555815.685562,0.0,0.0,0.0,0.0,0.0,0.0,0,0
1779555815.716571,0.0,0.0,0.0,0.0,0.0,0.0,0,0
1779555815.747603,0.0,0.0,0.0,0.0,0.0,0.0,0,0
1779555815.778595,0.0,0.0,0.0,0.0,0.0,0.0,0,0
1779555815.809627,0.0,0.0,0.0,0.0,0.0,0.0,0,0
1779555815.840578,0.0,0.0,0.0,0.0,0.0,0.0,0,0
1779555815.871621,0.0,0.0,0.0,0.0,0.0,0.0,0,0
1779555815.902593,0.0,0.0,0.0,0.0,0.0,0.0,0,0
1779555815.933574,0.0,0.0,0.0,0.0,0.0,0.0,0,0
1779555815.964516,0.0,0.0,0.0,0.0,0.0,0.0,0,0
1779555815.995591,0.0,0.0,0.0,0.0,0.0,0.0,0,0
1779555816.026588,0.0,0.0,0.0,0.0,0.0,0.0,0,0
1779555816.057552,0.0,0.0,0.0,0.0,0.0,0.0,0,0
1779555816.088605,0.0,0.0,0.0,0.0,0.0,0.0,0,0
1779555816.119627,0.0,0.0,0.0,0.0,0.0,0.0,0,0
1779555816.150572,0.0,0.0,0.0,0.0,0.0,0.0,0,0
1779555816.181584,0.0,0.0,0.0,0.0,0.0,0.0,0,0
1779555816.212592,0.0,0.0,0.0,0.0,0.0,0.0,0,0
1779555816.243562,0.0,0.0,0.0,0.0,0.0,0.0,0,0
1779555816.274608,0.0,0.0,0.0,0.0,0.0,0.0,0,0
1779555816.305615,0.0,0.0,0.0,0.0,0.0,0.0,0,0
1779555816.336621,0.0,0.0,0.0,0.0,0.0,0.0,0,0
1779555816.367562,0.0,0.0,0.0,0.0,0.0,0.0,0,0
1779555816.398562,0.0,0.0,0.0,0.0,0.0,0.0,0,0
1779555816.429573,0.0,0.0,0.0,0.0,0.0,0.0,0,0
1779555816.460599,0.0,0.0,0.0,0.0,0.0,0.0,0,0
1779555816.491566,0.0,0.0,0.0,0.0,0.0,0.0,0,0
1779555816.522556,0.0,0.0,0.0,0.0,0.0,0.0,0,0
1779555816.553543,0.0,0.0,0.0,0.0,0.0,0.0,0,0
1779555816.584540,0.0,0.0,0.0,0.0,0.0,0.0,0,0
1779555816.615584,0.0,0.0,0.0,0.0,0.0,0.0,0,0
1779555816.646565,0.0,0.0,0.0,0.0,0.0,0.0,0,0
1779555816.677574,0.0,0.0,0.0,0.0,0.0,0.0,0,0
1779555816.708599,0.0,0.0,0.0,0.0,0.0,0.0,0,0
1779555816.739569,0.0,0.0,0.0,0.0,0.0,0.0,0,0
1779555816.770545,0.0,0.0,0.0,0.0,0.0,0.0,0,0
1779555816.801559,0.0,0.0,0.0,0.0,0.0,0.0,0,0
1779555816.832600,0.0,0.0,0.0,0.0,0.0,0.0,0,0
1779555816.863657,0.0,0.0,0.0,0.0,0.0,0.0,0,0
1779555816.894554,0.0,0.0,0.0,0.0,0.0,0.0,0,0
1779555816.925602,0.0,0.0,0.0,0.0,0.0,0.0,0,0
1779555816.956593,0.0,0.0,0.0,0.0,0.0,0.0,0,0
1779555816.987608,0.0,0.0,0.0,0.0,0.0,0.0,0,0
1779555817.018598,0.0,0.0,0.0,0.0,0.0,0.0,0,0
1779555817.049644,0.0,0.0,0.0,0.0,0.0,0.0,0,0
1779555817.080571,0.0,0.0,0.0,0.0,0.0,0.0,0,0
1779555817.111607,0.0,0.0,0.0,0.0,0.0,0.0,0,0
1779555817.142579,0.0,0.0,0.0,0.0,0.0,0.0,1,0
1779555817.173550,0.0,0.0,0.0,0.0,0.0,0.0,1,0
1779555817.204542,0.0,0.0,0.0,0.0,0.0,0.0,1,0
1779555817.235573,0.0,0.0,0.0,0.0,0.0,0.0,0,0
1779555817.266549,0.0,0.0,0.0,0.0,0.0,0.0,0,0
1779555817.297637,0.0,0.0,0.0,0.0,0.0,0.0,0,0
1779555817.328619,0.0,0.0,0.0,0.0,0.0,0.0,0,0
1779555817.359636,0.0,0.0,0.0,0.0,0.0,0.0,0,0
1779555817.390571,0.0,0.0,0.0,0.0,0.0,0.0,0,0
1779555817.421571,0.0,0.0,0.0,0.0,0.0,0.0,0,0
1779555817.452570,0.0,0.0,0.0,0.0,0.0,0.0,0,0
1779555817.483582,0.0,0.0,0.0,0.0,0.0,0.0,0,0
1779555817.514525,0.0,0.0,0.0,0.0,0.0,0.0,0,0
1779555817.545558,0.0,0.0,0.0,0.0,0.0,0.0,0,0
1779555817.576575,0.0,0.0,0.0,0.0,0.0,0.0,0,0
1779555817.607600,0.0,0.0,0.0,0.0,0.0,0.0,0,0
1779555817.638609,0.0,0.0,0.0,0.0,0.0,0.0,0,0
1779555817.669607,0.0,0.0,0.0,0.0,0.0,0.0,0,0
1779555817.700555,0.0,0.0,0.0,0.0,0.0,0.0,0,0
1779555817.731586,0.0,0.0,0.0,0.0,0.0,0.0,0,0
1779555817.762591,0.0,0.0,0.0,0.0,0.0,0.0,0,0
1779555817.793625,0.0,0.0,0.0,0.0,0.0,0.0,0,0
1779555817.824567,0.0,0.0,0.0,0.0,0.0,0.0,0,0
1779555817.855593,0.0,0.0,0.0,0.0,0.0,0.0,0,0
1779555817.886587,0.0,0.0,0.0,0.0,0.0,0.0,0,0
1779555817.917567,0.0,0.0,0.0,0.0,0.0,0.0,0,0
1779555817.948563,0.0,0.0,0.0,0.0,0.0,0.0,0,0
1779555817.979604,0.0,0.0,0.0,0.0,0.0,0.0,0,0
1779555818.010562,0.0,0.0,0.0,0.0,0.0,0.0,0,0
1779555818.041580,0.0,0.0,0.0,0.0,0.0,0.0,0,0
1779555818.072557,0.0,0.0,0.0,0.0,0.0,0.0,0,0
1779555818.103587,0.0,0.0,0.0,0.0,0.0,0.0,0,0
1779555818.134528,0.0,0.0,0.0,0.0,0.0,0.0,0,0
1779555818.165590,0.0,0.0,0.0,0.0,0.0,0.0,0,0
1779555818.196572,0.0,0.0,0.0,0.0,0.0,0.0,0,0
1779555818.227598,0.0,0.0,0.0,0.0,0.0,0.0,0,0
1779555818.258535,0.0,0.0,0.0,0.0,0.0,0.0,0,0
1779555818.289527,0.0,0.0,0.0,0.0,0.0,0.0,0,0
1779555818.320539,0.0,0.0,0.0,0.0,0.0,0.0,0,0
1779555818.351586,0.0,0.0,0.0,0.0,0.0,0.0,0,0
1779555818.382612,0.0,0.0,0.0,0.0,0.0,0.0,0,0
1779555818.413612,0.0,0.0,0.0,0.0,0.0,0.0,0,0
1779555818.444573,0.0,0.0,0.0,0.0,0.0,0.0,0,0
1779555818.475564,0.0,0.0,0.0,0.0,0.0,0.0,0,0
1779555818.506621,0.0,0.0,0.0,0.0,0.0,0.0,0,0
1779555818.537605,0.0,0.0,0.0,0.0,0.0,0.0,0,0
1779555818.568569,0.0,0.0,0.0,0.0,0.0,0.0,0,0
1779555818.599554,0.0,0.0,0.0,0.0,0.0,0.0,0,0
1779555818.630532,0.0,0.0,0.0,0.0,0.0,0.0,0,0
1779555818.661552,0.0,0.0,0.0,0.0,0.0,0.0,0,0
1779555818.692582,0.0,0.0,0.0,0.0,0.0,0.0,0,0
1779555818.723569,0.0,0.0,0.0,0.0,0.0,0.0,0,0
1779555818.754565,0.0,0.0,0.0,0.0,0.0,0.0,0,0
1779555818.785608,0.0,0.0,0.0,0.0,0.0,0.0,0,0
1779555818.816582,0.0,0.0,0.0,0.0,0.0,0.0,0,0
1779555818.847601,0.0,0.0,0.0,0.0,0.0,0.0,0,0
1779555818.878602,0.0,0.0,0.0,0.0,0.0,0.0,0,0
1779555818.909607,0.0,0.0,0.0,0.0,0.0,0.0,0,0
1779555818.940556,0.0,0.0,0.0,0.0,0.0,0.0,0,0
1779555818.971606,0.0,0.0,0.0,0.0,0.0,0.0,0,0
1779555819.002556,0.0,0.0,0.0,0.0,0.0,0.0,0,0
1779555819.033605,0.0,0.0,0.0,0.0,0.0,0.0,0,0
1779555819.064597,0.0,0.0,0.0,0.0,0.0,0.0,0,0
1779555819.095614,0.0,0.0,0.0,0.0,0.0,0.0,0,0
1779555819.126607,0.0,0.0,0.0,0.0,0.0,0.0,0,0
1779555819.157571,0.0,0.0,0.0,0.0,0.0,0.0,0,0
1779555819.188570,0.0,0.0,0.0,0.0,0.0,0.0,0,0
1779555819.219559,0.0,0.0,0.0,0.0,0.0,0.0,0,0
1779555819.250553,0.0,0.0,0.0,0.0,0.0,0.0,0,0
1779555819.281558,0.0,0.0,0.0,0.0,0.0,0.0,0,0
1779555819.312613,0.0,0.0,0.0,0.0,0.0,0.0,0,0
1779555819.343561,0.0,0.0,0.0,0.0,0.0,0.0,0,0
1779555819.374543,0.0,0.0,0.0,0.0,0.0,0.0,0,0
1779555819.405570,0.0,0.0,0.0,0.0,0.0,0.0,0,0
1779555819.436607,0.0,0.0,0.0,0.0,0.0,0.0,0,0
1779555819.467605,0.0,0.0,0.0,0.0,0.0,0.0,0,0
1779555819.498583,0.0,0.0,0.0,0.0,0.0,0.0,0,0
1779555819.529557,0.0,0.0,0.0,0.0,0.0,0.0,0,0
1779555819.560573,0.0,0.0,0.0,0.0,0.0,0.0,0,0
1779555819.591621,0.0,0.0,0.0,0.0,0.0,0.0,0,0
1779555819.622580,0.0,0.0,0.0,0.0,0.0,0.0,0,0
1779555819.653589,0.0,0.0,0.0,0.0,0.0,0.0,0,0
1779555819.684556,0.0,0.0,0.0,0.0,0.0,0.0,0,0
1779555819.715559,0.0,0.0,0.0,0.0,0.0,0.0,0,0
1779555819.746554,0.0,0.0,0.0,0.0,0.0,0.0,0,0
1779555819.777559,0.0,0.0,0.0,0.0,0.0,0.0,0,0
1779555819.808565,0.0,0.0,0.0,0.0,0.0,0.0,0,0
1779555819.839550,0.0,0.0,0.0,0.0,0.0,0.0,0,0
1779555819.870608,0.0,0.0,0.0,0.0,0.0,0.0,0,0
1779555819.901598,0.0,0.0,0.0,0.0,0.0,0.0,0,0
1779555819.932607,0.0,0.0,0.0,0.0,0.0,0.0,0,0
1779555819.963666,0.0,0.0,0.0,0.0,0.0,0.0,0,0
1779555819.994554,0.0,0.0,0.0,0.0,0.0,0.0,0,0
1779555820.025555,0.0,0.0,0.0,0.0,0.0,0.0,0,0
1779555820.056604,0.0,0.0,0.0,0.0,0.0,0.0,0,0
1779555820.087584,0.0,0.0,0.0,0.0,0.0,0.0,0,0
1779555820.118576,0.0,0.0,0.0,0.0,0.0,0.0,0,0
1779555820.149567,0.0,0.0,0.0,0.0,0.0,0.0,0,0
1779555820.180592,0.0,0.0,0.0,0.0,0.0,0.0,0,0
1779555820.211595,0.0,0.0,0.0,0.0,0.0,0.0,0,0
1779555820.242561,0.0,0.0,0.0,0.0,0.0,0.0,0,0
1779555820.273579,0.0,0.0,0.0,0.0,0.0,0.0,0,0
1779555820.304605,0.0,0.0,0.0,0.0,0.0,0.0,0,0
1779555820.335582,0.0,0.0,0.0,0.0,0.0,0.0,0,0
1779555820.366536,0.0,0.0,0.0,0.0,0.0,0.0,0,0
1779555820.397644,0.0,0.0,0.0,0.0,0.0,0.0,0,0
1779555820.428635,0.0,0.0,0.0,0.0,0.0,0.0,0,0
1779555820.459605,0.0,0.0,0.0,0.0,0.0,0.0,0,0
1779555820.490573,0.0,0.0,0.0,0.0,0.0,0.0,0,0
1779555820.521593,0.0,0.0,0.0,0.0,0.0,0.0,0,0
1779555820.552585,0.0,0.0,0.0,0.0,0.0,0.0,0,0
1779555820.583575,0.0,0.0,0.0,0.0,0.0,0.0,0,0
1779555820.614538,0.0,0.0,0.0,0.0,0.0,0.0,0,0
1779555820.645594,0.0,0.0,0.0,0.0,0.0,0.0,0,0
1779555820.676532,0.0,0.0,0.0,0.0,0.0,0.0,0,0
1779555820.707531,0.0,0.0,0.0,0.0,0.0,0.0,0,0
1779555820.738525,0.0,0.0,0.0,0.0,0.0,0.0,0,0
1779555820.769531,0.0,0.0,0.0,0.0,0.0,0.0,0,0
1779555820.800566,0.0,0.0,0.0,0.0,0.0,0.0,0,0
1779555820.831656,0.0,0.0,0.0,0.0,0.0,0.0,0,0
1779555820.862602,0.0,0.0,0.0,0.0,0.0,0.0,0,0
1779555820.893603,0.0,0.0,0.0,0.0,0.0,0.0,0,0
1779555820.924617,0.0,0.0,0.0,0.0,0.0,0.0,0,0
1779555820.955594,0.0,0.0,0.0,0.0,0.0,0.0,0,0
1779555820.986564,0.0,0.0,0.0,0.0,0.0,0.0,0,0
1779555821.017565,0.0,0.0,0.0,0.0,0.0,0.0,0,0
1779555821.048618,0.0,0.0,0.0,0.0,0.0,0.0,0,0
1779555821.079607,0.0,0.0,0.0,0.0,0.0,0.0,0,0
1779555821.110570,0.0,0.0,0.0,0.0,0.0,0.0,0,0
1779555821.141540,0.0,0.0,0.0,0.0,0.0,0.0,0,0
1779555821.172604,0.0,0.0,0.0,0.0,0.0,0.0,0,0
1779555821.203599,0.0,0.0,0.0,0.0,0.0,0.0,0,0
1779555821.234577,0.0,0.0,0.0,0.0,0.0,0.0,0,0
1779555821.265560,0.0,0.0,0.0,0.0,0.0,0.0,0,0
1779555821.296579,0.0,0.0,0.0,0.0,0.0,0.0,0,0
1779555821.327591,0.0,0.0,0.0,0.0,0.0,0.0,0,0
1779555821.358538,0.0,0.0,0.0,0.0,0.0,0.0,0,0
1779555821.389610,0.0,0.0,0.0,0.0,0.0,0.0,0,0
1779555821.420553,0.0,0.0,0.0,0.0,0.0,0.0,0,0
1779555821.451608,0.0,0.0,0.0,0.0,0.0,0.0,0,0
1779555821.482566,0.0,0.0,0.0,0.0,0.0,0.0,0,0
1779555821.513615,0.0,0.0,0.0,0.0,0.0,0.0,0,0
1779555821.544629,0.0,0.0,0.0,0.0,0.0,0.0,0,0
1779555821.575613,0.0,0.0,0.0,0.0,0.0,0.0,0,0
1779555821.606564,0.0,0.0,0.0,0.0,0.0,0.0,0,0
1779555821.637606,0.0,0.0,0.0,0.0,0.0,0.0,0,0
1779555821.647607,0.029296875,-0.01171875,0.0,0.0234375,-0.0234375,-0.029296875,0,0
1779555821.672535,0.029296875,-0.01171875,0.0,0.0390625,-0.0234375,-0.029296875,0,0
1779555821.680615,0.029296875,-0.00390625,0.0,0.0390625,-0.0234375,-0.029296875,0,0
1779555821.688596,0.029296875,-0.00390625,0.0,0.046875,-0.0234375,-0.029296875,0,0
1779555821.696562,0.029296875,-0.04296875,0.052734375,0.046875,-0.0234375,-0.029296875,0,0
1779555821.704592,0.029296875,-0.04296875,0.052734375,0.08203125,-0.0234375,-0.029296875,0,0
1779555821.712594,0.029296875,-0.07421875,0.125,0.08203125,-0.0234375,-0.029296875,0,0
1779555821.720616,0.029296875,-0.07421875,0.125,0.099609375,-0.0234375,-0.029296875,0,0
1779555821.728590,0.029296875,-0.0859375,0.158203125,0.099609375,-0.0234375,-0.029296875,0,0
1779555821.736584,0.029296875,-0.0859375,0.158203125,0.107421875,-0.0234375,-0.029296875,0,0
1779555821.744574,0.029296875,-0.0859375,0.20703125,0.107421875,-0.0234375,-0.029296875,0,0
1779555821.752584,0.029296875,-0.0859375,0.20703125,0.1171875,-0.0234375,-0.029296875,0,0
1779555821.760569,0.029296875,-0.09375,0.279296875,0.1171875,-0.0234375,-0.029296875,0,0
1779555821.768601,0.029296875,-0.09375,0.279296875,0.138671875,-0.0234375,-0.009765625,0,0
1779555821.776647,0.029296875,-0.111328125,0.349609375,0.138671875,-0.0234375,-0.009765625,0,0
1779555821.784554,0.029296875,-0.111328125,0.349609375,0.171875,-0.0234375,-0.01953125,0,0
1779555821.792612,0.029296875,-0.123046875,0.396484375,0.171875,-0.0234375,-0.01953125,0,0
1779555821.800565,0.029296875,-0.123046875,0.396484375,0.205078125,-0.0234375,-0.0234375,0,0
1779555821.808556,0.029296875,-0.123046875,0.42578125,0.205078125,-0.0234375,-0.0234375,0,0
1779555821.816527,0.029296875,-0.123046875,0.42578125,0.216796875,-0.0234375,-0.01953125,0,0
1779555821.824528,0.029296875,-0.115234375,0.443359375,0.216796875,-0.0234375,-0.01953125,0,0
1779555821.832567,0.029296875,-0.115234375,0.443359375,0.2265625,-0.0234375,-0.0078125,0,0
1779555821.839530,0.029296875,-0.10546875,0.458984375,0.2265625,-0.0234375,-0.0078125,0,0
1779555821.848554,0.029296875,-0.10546875,0.458984375,0.23046875,-0.0234375,-0.00390625,0,0
1779555821.855524,0.029296875,-0.09375,0.486328125,0.23046875,-0.0234375,-0.00390625,0,0
1779555821.864686,0.029296875,-0.09375,0.486328125,0.236328125,-0.0234375,-0.00390625,0,0
1779555821.872589,0.029296875,-0.09375,0.517578125,0.236328125,-0.0234375,-0.00390625,0,0
1779555821.880631,0.029296875,-0.09375,0.517578125,0.236328125,-0.0234375,-0.005859375,0,0
1779555821.887587,0.029296875,-0.09375,0.533203125,0.236328125,-0.0234375,-0.005859375,0,0
1779555821.896584,0.029296875,-0.09375,0.533203125,0.2265625,-0.0234375,-0.01171875,0,0
1779555821.904612,0.029296875,-0.08984375,0.54296875,0.2265625,-0.0234375,-0.01171875,0,0
1779555821.912553,0.029296875,-0.08984375,0.54296875,0.21875,-0.0234375,-0.01171875,0,0
1779555821.920584,0.029296875,-0.087890625,0.55078125,0.21875,-0.0234375,-0.01171875,0,0
1779555821.928592,0.029296875,-0.087890625,0.55078125,0.2109375,-0.0234375,-0.009765625,0,0
1779555821.936576,0.029296875,-0.080078125,0.556640625,0.2109375,-0.0234375,-0.009765625,0,0
1779555821.944575,0.029296875,-0.080078125,0.556640625,0.205078125,-0.0234375,-0.005859375,0,0
1779555821.952573,0.029296875,-0.07421875,0.568359375,0.205078125,-0.0234375,-0.005859375,0,0
1779555821.959563,0.029296875,-0.07421875,0.568359375,0.205078125,-0.0234375,0.0,0,0
1779555821.968576,0.029296875,-0.07421875,0.57421875,0.205078125,-0.0234375,0.0,0,0
1779555821.976571,0.029296875,-0.07421875,0.57421875,0.201171875,-0.0234375,0.0,0,0
1779555821.984615,0.0,-0.080078125,0.580078125,0.201171875,-0.0234375,0.0,0,0
1779555821.992581,0.0,-0.080078125,0.580078125,0.19921875,-0.0234375,0.0,0,0
1779555822.000623,0.005859375,-0.087890625,0.572265625,0.19921875,-0.0234375,0.0,0,0
1779555822.007630,0.005859375,-0.087890625,0.572265625,0.201171875,-0.0234375,0.0,0,0
1779555822.016596,0.0078125,-0.095703125,0.5625,0.201171875,-0.0234375,0.0,0,0
1779555822.024623,0.0078125,-0.095703125,0.5625,0.19921875,-0.0234375,0.0,0,0
1779555822.032715,0.015625,-0.09375,0.560546875,0.19921875,-0.0234375,0.0,0,0
1779555822.040644,0.015625,-0.09375,0.560546875,0.19921875,-0.0234375,0.0,0,0
1779555822.048621,0.02734375,-0.087890625,0.5625,0.19921875,-0.0234375,0.0,0,0
1779555822.056500,0.02734375,-0.087890625,0.5625,0.1953125,-0.0234375,0.0,0,0
1779555822.064697,0.03125,-0.095703125,0.568359375,0.1953125,-0.0234375,0.0,0,0
1779555822.072559,0.03125,-0.095703125,0.568359375,0.189453125,-0.0234375,0.0,0,0
1779555822.080653,0.03125,-0.115234375,0.560546875,0.189453125,-0.0234375,0.0,0,0
1779555822.088563,0.03125,-0.115234375,0.560546875,0.18359375,-0.0234375,0.0,0,0
1779555822.096547,0.02734375,-0.126953125,0.546875,0.18359375,-0.0234375,0.0,0,0
1779555822.104571,0.02734375,-0.126953125,0.546875,0.177734375,-0.0234375,0.0,0,0
1779555822.112597,0.02734375,-0.126953125,0.5390625,0.177734375,-0.0234375,0.0,0,0
1779555822.120547,0.02734375,-0.126953125,0.5390625,0.17578125,-0.0234375,0.0,0,0
1779555822.128563,0.037109375,-0.115234375,0.541015625,0.17578125,-0.0234375,0.0,0,0
1779555822.135678,0.037109375,-0.115234375,0.541015625,0.1640625,-0.0234375,0.0,0,0
1779555822.143618,0.04296875,-0.10546875,0.54296875,0.1640625,-0.0234375,0.0,0,0
1779555822.152663,0.04296875,-0.10546875,0.54296875,0.158203125,-0.0234375,0.0,0,0
1779555822.160574,0.041015625,-0.10546875,0.546875,0.158203125,-0.0234375,0.0,0,0
1779555822.168604,0.041015625,-0.10546875,0.546875,0.15234375,-0.0234375,0.0,0,0
1779555822.176568,0.029296875,-0.1171875,0.548828125,0.15234375,-0.0234375,0.0,0,0
1779555822.183566,0.029296875,-0.1171875,0.548828125,0.150390625,-0.0234375,0.0,0,0
1779555822.191551,0.029296875,-0.12109375,0.548828125,0.150390625,-0.0234375,0.0,0,0
1779555822.200590,0.029296875,-0.12109375,0.548828125,0.1484375,-0.0234375,0.0,0,0
1779555822.207615,0.033203125,-0.12109375,0.544921875,0.1484375,-0.0234375,0.0,0,0
1779555822.215581,0.033203125,-0.12109375,0.544921875,0.142578125,-0.0234375,0.0,0,0
1779555822.223557,0.048828125,-0.119140625,0.544921875,0.142578125,-0.0234375,0.0,0,0
1779555822.231700,0.048828125,-0.119140625,0.544921875,0.140625,-0.0234375,0.0,0,0
1779555822.240592,0.056640625,-0.115234375,0.548828125,0.140625,-0.0234375,0.0,0,0
1779555822.248600,0.056640625,-0.115234375,0.548828125,0.142578125,-0.0234375,0.0,0,0
1779555822.255590,0.046875,-0.123046875,0.552734375,0.142578125,-0.0234375,0.0,0,0
1779555822.264765,0.046875,-0.123046875,0.552734375,0.1484375,-0.0234375,0.0,0,0
1779555822.272623,0.04296875,-0.130859375,0.5546875,0.1484375,-0.0234375,0.0,0,0
1779555822.279629,0.04296875,-0.130859375,0.5546875,0.154296875,-0.0234375,0.0,0,0
1779555822.287571,0.04296875,-0.1328125,0.556640625,0.154296875,-0.0234375,0.0,0,0
1779555822.295595,0.04296875,-0.1328125,0.556640625,0.15625,-0.0234375,0.0,0,0
1779555822.304629,0.05078125,-0.130859375,0.556640625,0.15625,-0.0234375,0.0,0,0
1779555822.312644,0.05078125,-0.130859375,0.556640625,0.15234375,-0.0234375,0.0,0,0
1779555822.319659,0.056640625,-0.126953125,0.5546875,0.15234375,-0.0234375,0.0,0,0
1779555822.328616,0.056640625,-0.126953125,0.5546875,0.150390625,-0.0234375,0.0,0,0
1779555822.336610,0.05859375,-0.126953125,0.5546875,0.150390625,-0.0234375,0.0,0,0
1779555822.344597,0.05859375,-0.126953125,0.5546875,0.146484375,-0.0234375,0.0,0,0
1779555822.359591,0.046875,-0.1328125,0.552734375,0.146484375,-0.0234375,0.0,0,0
1779555822.368567,0.046875,-0.1328125,0.552734375,0.150390625,-0.0234375,0.0,0,0
1779555822.376584,0.0390625,-0.138671875,0.54296875,0.150390625,-0.0234375,0.0,0,0
1779555822.384582,0.0390625,-0.138671875,0.54296875,0.154296875,-0.0234375,0.0,0,0
1779555822.391579,0.037109375,-0.134765625,0.54296875,0.154296875,-0.0234375,0.0,0,0
1779555822.399607,0.037109375,-0.134765625,0.54296875,0.15625,-0.0234375,0.0,0,0
1779555822.408619,0.05078125,-0.126953125,0.541015625,0.15625,-0.0234375,0.0,0,0
1779555822.416591,0.05078125,-0.126953125,0.541015625,0.154296875,-0.0234375,0.0,0,0
1779555822.423597,0.060546875,-0.126953125,0.544921875,0.154296875,-0.0234375,0.0,0,0
1779555822.431668,0.060546875,-0.126953125,0.544921875,0.15234375,-0.0234375,0.0,0,0
1779555822.440584,0.060546875,-0.134765625,0.546875,0.15234375,-0.0234375,0.0,0,0
1779555822.448582,0.060546875,-0.134765625,0.546875,0.154296875,-0.0234375,0.0,0,0
1779555822.455568,0.05078125,-0.14453125,0.54296875,0.154296875,-0.0234375,0.0,0,0
1779555822.464664,0.05078125,-0.14453125,0.54296875,0.154296875,-0.0234375,0.0,0,0
1779555822.472608,0.048828125,-0.146484375,0.541015625,0.154296875,-0.0234375,0.0,0,0
1779555822.479621,0.048828125,-0.146484375,0.541015625,0.150390625,-0.0234375,0.0,0,0
1779555822.488566,0.052734375,-0.13671875,0.5390625,0.150390625,-0.0234375,0.0,0,0
1779555822.495583,0.052734375,-0.13671875,0.5390625,0.140625,-0.0234375,0.0,0,0
1779555822.504618,0.052734375,-0.134765625,0.537109375,0.140625,-0.0234375,0.0,0,0
1779555822.511597,0.052734375,-0.134765625,0.537109375,0.13671875,-0.0234375,0.0,0,0
1779555822.520574,0.052734375,-0.134765625,0.541015625,0.13671875,-0.0234375,0.0,0,0
1779555822.527607,0.052734375,-0.134765625,0.541015625,0.134765625,-0.0234375,0.0,0,0
1779555822.536595,0.052734375,-0.140625,0.546875,0.134765625,-0.0234375,0.0,0,0
1779555822.544547,0.052734375,-0.140625,0.546875,0.134765625,-0.0234375,0.0,0,0
1779555822.552649,0.048828125,-0.140625,0.544921875,0.134765625,-0.0234375,0.0,0,0
1779555822.560609,0.048828125,-0.140625,0.544921875,0.12890625,-0.0234375,0.0,0,0
1779555822.568715,0.052734375,-0.140625,0.544921875,0.12890625,-0.0234375,0.0,0,0
1779555822.576611,0.052734375,-0.140625,0.544921875,0.126953125,-0.0234375,0.0,0,0
1779555822.584616,0.0546875,-0.140625,0.541015625,0.126953125,-0.0234375,0.0,0,0
1779555822.592563,0.0546875,-0.140625,0.541015625,0.123046875,-0.0234375,0.0,0,0
1779555822.600590,0.05859375,-0.138671875,0.537109375,0.123046875,-0.0234375,0.0,0,0
1779555822.608581,0.05859375,-0.138671875,0.537109375,0.12109375,-0.0234375,0.0,0,0
1779555822.616569,0.056640625,-0.134765625,0.5390625,0.12109375,-0.0234375,0.0,0,0
1779555822.624574,0.056640625,-0.134765625,0.5390625,0.1171875,-0.0234375,0.0,0,0
1779555822.632639,0.0546875,-0.1328125,0.5390625,0.1171875,-0.0234375,0.0,0,0
1779555822.640597,0.0546875,-0.1328125,0.5390625,0.11328125,-0.0234375,0.0,0,0
1779555822.648581,0.05078125,-0.134765625,0.533203125,0.11328125,-0.0234375,0.0,0,0
1779555822.656553,0.05078125,-0.134765625,0.533203125,0.109375,-0.0234375,0.0,0,0
1779555822.663566,0.0546875,-0.140625,0.517578125,0.109375,-0.0234375,0.0,0,0
1779555822.671625,0.0546875,-0.140625,0.517578125,0.107421875,-0.0234375,0.0,0,0
1779555822.680588,0.0625,-0.14453125,0.509765625,0.107421875,-0.0234375,0.0,0,0
1779555822.688566,0.0625,-0.14453125,0.509765625,0.10546875,-0.0234375,0.0,0,0
1779555822.696563,0.064453125,-0.150390625,0.498046875,0.10546875,-0.0234375,0.0,0,0
1779555822.704580,0.064453125,-0.150390625,0.498046875,0.103515625,-0.0234375,0.0,0,0
1779555822.712610,0.06640625,-0.15234375,0.4765625,0.103515625,-0.0234375,0.0,0,0
1779555822.720643,0.06640625,-0.15234375,0.4765625,0.099609375,-0.0234375,0.0,0,0
1779555822.728599,0.0625,-0.15234375,0.4453125,0.099609375,-0.0234375,0.0,0,0
1779555822.736607,0.0625,-0.15234375,0.4453125,0.09765625,-0.0234375,0.0,0,0
1779555822.744627,0.060546875,-0.15234375,0.40625,0.09765625,-0.0234375,0.0,0,0
1779555822.752613,0.060546875,-0.15234375,0.40625,0.095703125,-0.0234375,0.0,0,0
1779555822.760565,0.068359375,-0.150390625,0.365234375,0.095703125,-0.0234375,0.0,0,0
1779555822.767581,0.068359375,-0.150390625,0.365234375,0.1015625,-0.0234375,0.0,0,0
1779555822.775580,0.068359375,-0.158203125,0.314453125,0.1015625,-0.0234375,0.0,0,0
1779555822.784561,0.068359375,-0.158203125,0.314453125,0.1171875,-0.0234375,0.0,0,0
1779555822.791562,0.060546875,-0.171875,0.265625,0.1171875,-0.0234375,0.0,0,0
1779555822.800617,0.060546875,-0.171875,0.265625,0.12890625,-0.0234375,0.0,0,0
1779555822.807612,0.0625,-0.17578125,0.212890625,0.12890625,-0.0234375,0.0,0,0
1779555822.816586,0.0625,-0.17578125,0.212890625,0.134765625,-0.0234375,0.0,0,0
1779555822.824539,0.064453125,-0.171875,0.173828125,0.134765625,-0.0234375,0.0,0,0
1779555822.832637,0.064453125,-0.171875,0.173828125,0.140625,-0.0234375,0.0,0,0
1779555822.840580,0.060546875,-0.154296875,0.15625,0.140625,-0.0234375,0.0,0,0
1779555822.848570,0.060546875,-0.154296875,0.15625,0.154296875,-0.0234375,0.0,0,0
1779555822.856573,0.056640625,-0.10546875,0.158203125,0.154296875,-0.0234375,0.0,0,0
1779555822.863585,0.056640625,-0.10546875,0.158203125,0.14453125,0.00390625,0.0,0,0
1779555822.872616,0.044921875,-0.083984375,0.15234375,0.14453125,0.00390625,0.0,0,0
1779555822.879576,0.044921875,-0.083984375,0.15234375,0.130859375,0.00390625,0.0,0,0
1779555822.887583,0.037109375,-0.068359375,0.14453125,0.130859375,0.00390625,0.0,0,0
1779555822.896542,0.037109375,-0.068359375,0.14453125,0.12109375,0.0,0.0,0,0
1779555822.904626,0.03515625,-0.0625,0.12890625,0.12109375,0.0,0.0,0,0
1779555822.912576,0.03515625,-0.0625,0.12890625,0.115234375,0.0,0.0,0,0
1779555822.920613,0.03515625,-0.05859375,0.125,0.115234375,0.0,0.0,0,0
1779555822.927667,0.03515625,-0.05859375,0.125,0.115234375,0.0,0.0,0,0
1779555822.936699,0.03125,-0.0546875,0.10546875,0.115234375,0.0,0.0,0,0
1779555822.944659,0.03125,-0.0546875,0.10546875,0.10546875,0.0,0.0,0,0
1779555822.951607,0.029296875,-0.046875,0.09375,0.10546875,0.0,0.0,0,0
1779555822.959576,0.029296875,-0.046875,0.09375,0.1015625,0.0,0.0,0,0
1779555822.968595,0.02734375,-0.046875,0.078125,0.1015625,0.0,0.0,0,0
1779555822.976595,0.02734375,-0.046875,0.078125,0.1015625,0.0,0.0,0,0
1779555822.984597,0.0234375,-0.046875,0.060546875,0.1015625,0.0,0.0,0,0
1779555822.991612,0.0234375,-0.046875,0.060546875,0.09765625,0.0,0.0,0,0
1779555823.000598,0.00390625,-0.0234375,0.037109375,0.09765625,0.0,0.0,0,0
1779555823.008622,0.00390625,-0.0234375,0.037109375,0.078125,0.0,0.0,0,0
1779555823.024581,0.00390625,-0.0234375,0.037109375,0.07421875,0.0,0.0,0,0
1779555823.040577,0.00390625,-0.0234375,0.037109375,0.05078125,0.0,0.0,0,0
1779555823.055560,0.00390625,-0.0234375,0.037109375,0.025390625,0.0,0.0,0,0
1779555823.085598,0.0,0.0,0.0,0.0,0.0,0.0,0,0
1779555823.116602,0.0,0.0,0.0,0.0,0.0,0.0,0,0
1779555823.147608,0.0,0.0,0.0,0.0,0.0,0.0,0,0
1779555823.178570,0.0,0.0,0.0,0.0,0.0,0.0,0,0
1779555823.209590,0.0,0.0,0.0,0.0,0.0,0.0,0,0
1779555823.240608,0.0,0.0,0.0,0.0,0.0,0.0,0,0
1779555823.271612,0.0,0.0,0.0,0.0,0.0,0.0,0,0
1779555823.302576,0.0,0.0,0.0,0.0,0.0,0.0,0,0
1779555823.333617,0.0,0.0,0.0,0.0,0.0,0.0,0,0
1779555823.364600,0.0,0.0,0.0,0.0,0.0,0.0,0,0
1779555823.395596,0.0,0.0,0.0,0.0,0.0,0.0,0,0
1779555823.426622,0.0,0.0,0.0,0.0,0.0,0.0,0,0
1779555823.457613,0.0,0.0,0.0,0.0,0.0,0.0,0,0
1779555823.488566,0.0,0.0,0.0,0.0,0.0,0.0,0,0
1779555823.519599,0.0,0.0,0.0,0.0,0.0,0.0,0,0
1779555823.550564,0.0,0.0,0.0,0.0,0.0,0.0,0,0
1779555823.581554,0.0,0.0,0.0,0.0,0.0,0.0,0,0
1779555823.612550,0.0,0.0,0.0,0.0,0.0,0.0,0,0
1779555823.643540,0.0,0.0,0.0,0.0,0.0,0.0,0,0
1779555823.674489,0.0,0.0,0.0,0.0,0.0,0.0,0,0
1779555823.705533,0.0,0.0,0.0,0.0,0.0,0.0,0,0
1779555823.736624,0.0,0.0,0.0,0.0,0.0,0.0,0,0
1779555823.767587,0.0,0.0,0.0,0.0,0.0,0.0,0,0
1779555823.798658,0.0,0.0,0.0,0.0,0.0,0.0,0,0
1779555823.829559,0.0,0.0,0.0,0.0,0.0,0.0,0,0
1779555823.860576,0.0,0.0,0.0,0.0,0.0,0.0,0,0
1779555823.891567,0.0,0.0,0.0,0.0,0.0,0.0,0,0
1779555823.922537,0.0,0.0,0.0,0.0,0.0,0.0,0,0
1779555823.953600,0.0,0.0,0.0,0.0,0.0,0.0,0,0
1779555823.984538,0.0,0.0,0.0,0.0,0.0,0.0,0,0
1779555824.015589,0.0,0.0,0.0,0.0,0.0,0.0,0,0
1779555824.046565,0.0,0.0,0.0,0.0,0.0,0.0,0,0
1779555824.077570,0.0,0.0,0.0,0.0,0.0,0.0,0,0
1779555824.095593,-0.00390625,-0.0234375,0.037109375,0.025390625,0.0,0.0,0,0
1779555824.111663,-0.01171875,-0.0234375,0.037109375,0.025390625,0.0,0.0,0,0
1779555824.127621,-0.041015625,-0.0234375,0.037109375,0.025390625,0.0,0.0,0,0
1779555824.135592,-0.041015625,-0.0234375,0.037109375,0.017578125,-0.01171875,0.0,0,0
1779555824.143605,-0.048828125,-0.013671875,0.03125,0.017578125,-0.01171875,0.0,0,0
1779555824.152634,-0.048828125,-0.013671875,0.03125,0.03125,-0.015625,0.0,0,0
1779555824.159600,-0.05078125,-0.02734375,0.078125,0.03125,-0.015625,0.0,0,0
1779555824.168579,-0.05078125,-0.02734375,0.078125,0.017578125,-0.01171875,0.00390625,0,0
1779555824.175581,-0.05078125,0.0,0.123046875,0.017578125,-0.01171875,0.00390625,0,0
1779555824.183610,-0.05078125,0.0,0.123046875,0.0,-0.0078125,0.0078125,0,0
1779555824.192580,-0.056640625,0.0,0.189453125,0.0,-0.0078125,0.0078125,0,0
1779555824.200616,-0.056640625,0.0,0.189453125,0.0,-0.009765625,0.005859375,0,0
1779555824.208593,-0.0703125,0.0,0.255859375,0.0,-0.009765625,0.005859375,0,0
1779555824.216611,-0.0703125,0.0,0.255859375,0.0,-0.013671875,0.009765625,0,0
1779555824.224609,-0.072265625,0.0,0.306640625,0.0,-0.013671875,0.009765625,0,0
1779555824.232761,-0.072265625,0.0,0.306640625,0.0,-0.021484375,0.009765625,0,0
1779555824.240600,-0.068359375,0.0,0.330078125,0.0,-0.021484375,0.009765625,0,0
1779555824.248548,-0.068359375,0.0,0.330078125,0.0,-0.021484375,0.009765625,0,0
1779555824.256588,-0.04296875,0.0,0.345703125,0.0,-0.021484375,0.009765625,0,0
1779555824.264608,-0.04296875,0.0,0.345703125,0.0,-0.0078125,0.005859375,0,0
1779555824.272591,-0.005859375,0.0,0.34375,0.0,-0.0078125,0.005859375,0,0
1779555824.279643,-0.005859375,0.0,0.34375,0.0,-0.0078125,0.005859375,0,0
1779555824.288620,-0.005859375,0.0,0.326171875,0.0,-0.0078125,0.005859375,0,0
1779555824.296582,-0.005859375,0.0,0.326171875,0.0,-0.0078125,0.005859375,0,0
1779555824.304609,-0.005859375,-0.00390625,0.3046875,0.0,-0.0078125,0.005859375,0,0
1779555824.312605,-0.005859375,-0.00390625,0.3046875,0.0,-0.0078125,0.009765625,0,0
1779555824.320608,-0.005859375,-0.0234375,0.271484375,0.0,-0.0078125,0.009765625,0,0
1779555824.328561,-0.005859375,-0.0234375,0.271484375,0.0,-0.0078125,0.0234375,0,0
1779555824.336594,-0.005859375,-0.029296875,0.22265625,0.0,-0.0078125,0.0234375,0,0
1779555824.343566,-0.005859375,-0.029296875,0.22265625,0.0,-0.0078125,0.02734375,0,0
1779555824.352590,-0.005859375,-0.00390625,0.181640625,0.0,-0.0078125,0.02734375,0,0
1779555824.360570,-0.005859375,-0.00390625,0.181640625,0.060546875,-0.0078125,0.02734375,0,0
1779555824.368633,-0.005859375,-0.00390625,0.068359375,0.060546875,-0.0078125,0.02734375,0,0
1779555824.376571,-0.005859375,-0.00390625,0.068359375,0.138671875,-0.0078125,0.02734375,0,0
1779555824.384538,-0.005859375,0.060546875,0.025390625,0.138671875,-0.0078125,0.02734375,0,0
1779555824.414613,0.0,0.0,0.0,0.0,0.0,0.0,0,0
1779555824.445617,0.0,0.0,0.0,0.0,0.0,0.0,0,0
1779555824.472674,-0.005859375,0.060546875,0.025390625,0.0,-0.0078125,0.02734375,0,0
1779555824.502616,0.0,0.0,0.0,0.0,0.0,0.0,0,0
1779555824.533629,0.0,0.0,0.0,0.0,0.0,0.0,0,0
1779555824.564616,0.0,0.0,0.0,0.0,0.0,0.0,0,0
1779555824.595628,0.0,0.0,0.0,0.0,0.0,0.0,0,0
1779555824.626606,0.0,0.0,0.0,0.0,0.0,0.0,0,0
1779555824.657588,0.0,0.0,0.0,0.0,0.0,0.0,0,0
1779555824.688576,0.0,0.0,0.0,0.0,0.0,0.0,0,0
1779555824.719539,0.0,0.0,0.0,0.0,0.0,0.0,0,0
1779555824.750554,0.0,0.0,0.0,0.0,0.0,0.0,0,0
1779555824.781621,0.0,0.0,0.0,0.0,0.0,0.0,0,0
1779555824.812612,0.0,0.0,0.0,0.0,0.0,0.0,0,0
1779555824.843554,0.0,0.0,0.0,0.0,0.0,0.0,0,0
1779555824.874554,0.0,0.0,0.0,0.0,0.0,0.0,0,0
1779555824.905560,0.0,0.0,0.0,0.0,0.0,0.0,0,0
1779555824.936627,0.0,0.0,0.0,0.0,0.0,0.0,0,0
1779555824.967598,0.0,0.0,0.0,0.0,0.0,0.0,0,0
1779555824.998623,0.0,0.0,0.0,0.0,0.0,0.0,0,0
1779555825.029572,0.0,0.0,0.0,0.0,0.0,0.0,0,0
1779555825.060588,0.0,0.0,0.0,0.0,0.0,0.0,0,0
1779555825.091626,0.0,0.0,0.0,0.0,0.0,0.0,0,0
1779555825.122589,0.0,0.0,0.0,0.0,0.0,0.0,0,0
1779555825.153557,0.0,0.0,0.0,0.0,0.0,0.0,0,0
1779555825.184522,0.0,0.0,0.0,0.0,0.0,0.0,0,0
1779555825.215544,0.0,0.0,0.0,0.0,0.0,0.0,0,0
1779555825.246555,0.0,0.0,0.0,0.0,0.0,0.0,0,0
1779555825.277554,0.0,0.0,0.0,0.0,0.0,0.0,0,0
1779555825.308607,0.0,0.0,0.0,0.0,0.0,0.0,0,0
1779555825.339557,0.0,0.0,0.0,0.0,0.0,0.0,0,0
1779555825.370578,0.0,0.0,0.0,0.0,0.0,0.0,0,0
1779555825.401599,0.0,0.0,0.0,0.0,0.0,0.0,0,0
1779555825.432665,0.0,0.0,0.0,0.0,0.0,0.0,0,0
1779555825.463621,0.0,0.0,0.0,0.0,0.0,0.0,0,0
1779555825.494603,0.0,0.0,0.0,0.0,0.0,0.0,0,0
1779555825.525575,0.0,0.0,0.0,0.0,0.0,0.0,0,0
1779555825.556554,0.0,0.0,0.0,0.0,0.0,0.0,0,0
1779555825.587576,0.0,0.0,0.0,0.0,0.0,0.0,0,0
1779555825.618589,0.0,0.0,0.0,0.0,0.0,0.0,0,0
1779555825.649577,0.0,0.0,0.0,0.0,0.0,0.0,0,0
1779555825.680564,0.0,0.0,0.0,0.0,0.0,0.0,0,0
1779555825.711565,0.0,0.0,0.0,0.0,0.0,0.0,0,0
1779555825.742569,0.0,0.0,0.0,0.0,0.0,0.0,0,0
1779555825.773530,0.0,0.0,0.0,0.0,0.0,0.0,0,0
1779555825.804615,0.0,0.0,0.0,0.0,0.0,0.0,0,0
1779555825.835660,0.0,0.0,0.0,0.0,0.0,0.0,0,0
1779555825.866633,0.0,0.0,0.0,0.0,0.0,0.0,0,0
1779555825.897579,0.0,0.0,0.0,0.0,0.0,0.0,0,0
1779555825.928625,0.0,0.0,0.0,0.0,0.0,0.0,0,0
1779555825.959597,0.0,0.0,0.0,0.0,0.0,0.0,0,0
1779555825.990579,0.0,0.0,0.0,0.0,0.0,0.0,0,0
1779555826.021593,0.0,0.0,0.0,0.0,0.0,0.0,0,0
1779555826.052571,0.0,0.0,0.0,0.0,0.0,0.0,0,0
1779555826.083612,0.0,0.0,0.0,0.0,0.0,0.0,0,0
1779555826.114573,0.0,0.0,0.0,0.0,0.0,0.0,0,0
1779555826.145601,0.0,0.0,0.0,0.0,0.0,0.0,0,0
1779555826.176569,0.0,0.0,0.0,0.0,0.0,0.0,0,0
1779555826.207599,0.0,0.0,0.0,0.0,0.0,0.0,0,0
1779555826.238581,0.0,0.0,0.0,0.0,0.0,0.0,0,0
1779555826.269615,0.0,0.0,0.0,0.0,0.0,0.0,0,0
1779555826.300683,0.0,0.0,0.0,0.0,0.0,0.0,0,0
1779555826.331595,0.0,0.0,0.0,0.0,0.0,0.0,0,0
1779555826.362581,0.0,0.0,0.0,0.0,0.0,0.0,0,0
1779555826.393564,0.0,0.0,0.0,0.0,0.0,0.0,0,0
1779555826.424581,0.0,0.0,0.0,0.0,0.0,0.0,0,0
1779555826.455616,0.0,0.0,0.0,0.0,0.0,0.0,0,0
1779555826.486628,0.0,0.0,0.0,0.0,0.0,0.0,0,0
1779555826.517569,0.0,0.0,0.0,0.0,0.0,0.0,0,0
1779555826.548607,0.0,0.0,0.0,0.0,0.0,0.0,0,0
1779555826.579602,0.0,0.0,0.0,0.0,0.0,0.0,0,0
1779555826.610610,0.0,0.0,0.0,0.0,0.0,0.0,0,0
1779555826.641609,0.0,0.0,0.0,0.0,0.0,0.0,0,0
1779555826.672634,0.0,0.0,0.0,0.0,0.0,0.0,0,0
1779555826.703646,0.0,0.0,0.0,0.0,0.0,0.0,0,0
1779555826.734638,0.0,0.0,0.0,0.0,0.0,0.0,0,0
1779555826.765785,0.0,0.0,0.0,0.0,0.0,0.0,0,0
1779555826.796590,0.0,0.0,0.0,0.0,0.0,0.0,0,0
