ts,vx,vy,vz,wx,wy,wz,gripper_btn,mode_btn
1779558886.838298,0.0234375,-0.076171875,-0.02734375,0.017578125,-0.0078125,-0.029296875,0,0
1779558886.846376,0.0234375,-0.076171875,-0.02734375,-0.078125,-0.0078125,-0.029296875,0,0
1779558886.854349,0.16015625,-0.166015625,-0.064453125,-0.078125,-0.0078125,-0.029296875,0,0
1779558886.862339,0.16015625,-0.166015625,-0.064453125,-0.078125,-0.0078125,-0.037109375,0,0
1779558886.870338,0.255859375,-0.23828125,-0.0234375,-0.078125,-0.0078125,-0.037109375,0,0
1779558886.878297,0.255859375,-0.23828125,-0.0234375,-0.142578125,-0.05859375,-0.2890625,0,0
1779558886.886287,0.26953125,-0.173828125,-0.0234375,-0.142578125,-0.05859375,-0.2890625,0,0
1779558886.894384,0.26953125,-0.173828125,-0.0234375,-0.22265625,-0.013671875,-0.3828125,0,0
1779558886.902394,0.2265625,-0.138671875,0.0078125,-0.22265625,-0.013671875,-0.3828125,0,0
1779558886.910333,0.2265625,-0.138671875,0.0078125,-0.263671875,-0.0390625,-0.40625,0,0
1779558886.918359,0.18359375,-0.10546875,0.021484375,-0.263671875,-0.0390625,-0.40625,0,0
1779558886.926385,0.18359375,-0.10546875,0.021484375,-0.296875,-0.080078125,-0.423828125,0,0
1779558886.934361,0.18359375,-0.095703125,0.046875,-0.296875,-0.080078125,-0.423828125,0,0
1779558886.942372,0.18359375,-0.095703125,0.046875,-0.322265625,-0.08984375,-0.41796875,0,0
1779558886.950360,0.1953125,-0.123046875,0.05859375,-0.322265625,-0.08984375,-0.41796875,0,0
1779558886.958358,0.1953125,-0.123046875,0.05859375,-0.3125,-0.095703125,-0.392578125,0,0
1779558886.966337,0.193359375,-0.171875,0.03125,-0.3125,-0.095703125,-0.392578125,0,0
1779558886.974339,0.193359375,-0.171875,0.03125,-0.2578125,-0.11328125,-0.373046875,0,0
1779558886.982359,0.189453125,-0.21484375,0.0078125,-0.2578125,-0.11328125,-0.373046875,0,0
1779558886.990364,0.189453125,-0.21484375,0.0078125,-0.1953125,-0.123046875,-0.359375,0,0
1779558886.998338,0.181640625,-0.236328125,0.01953125,-0.1953125,-0.123046875,-0.359375,0,0
1779558887.006415,0.181640625,-0.236328125,0.01953125,-0.15625,-0.109375,-0.35546875,0,0
1779558887.014431,0.177734375,-0.232421875,0.041015625,-0.15625,-0.109375,-0.35546875,0,0
1779558887.022352,0.177734375,-0.232421875,0.041015625,-0.13671875,-0.083984375,-0.365234375,0,0
1779558887.030396,0.181640625,-0.2421875,0.052734375,-0.13671875,-0.083984375,-0.365234375,0,0
1779558887.038411,0.181640625,-0.2421875,0.052734375,-0.0859375,-0.060546875,-0.375,0,0
1779558887.046359,0.173828125,-0.240234375,0.0546875,-0.0859375,-0.060546875,-0.375,0,0
1779558887.054350,0.173828125,-0.240234375,0.0546875,-0.01171875,-0.033203125,-0.400390625,0,0
1779558887.062332,0.181640625,-0.25,0.060546875,-0.01171875,-0.033203125,-0.400390625,0,0
1779558887.070368,0.181640625,-0.25,0.060546875,-0.01171875,-0.009765625,-0.404296875,0,0
1779558887.078387,0.203125,-0.2578125,0.060546875,-0.01171875,-0.009765625,-0.404296875,0,0
1779558887.086415,0.203125,-0.2578125,0.060546875,-0.01171875,-0.005859375,-0.392578125,0,0
1779558887.094377,0.224609375,-0.255859375,0.037109375,-0.01171875,-0.005859375,-0.392578125,0,0
1779558887.102395,0.224609375,-0.255859375,0.037109375,-0.01171875,-0.0234375,-0.388671875,0,0
1779558887.110350,0.228515625,-0.25390625,0.029296875,-0.01171875,-0.0234375,-0.388671875,0,0
1779558887.118352,0.228515625,-0.25390625,0.029296875,-0.01171875,-0.033203125,-0.388671875,0,0
1779558887.126314,0.228515625,-0.244140625,0.03515625,-0.01171875,-0.033203125,-0.388671875,0,0
1779558887.134332,0.228515625,-0.244140625,0.03515625,-0.01171875,-0.03125,-0.390625,0,0
1779558887.142389,0.212890625,-0.251953125,0.041015625,-0.01171875,-0.03125,-0.390625,0,0
1779558887.150314,0.212890625,-0.251953125,0.041015625,-0.01171875,-0.02734375,-0.390625,0,0
1779558887.158376,0.189453125,-0.2734375,0.044921875,-0.01171875,-0.02734375,-0.390625,0,0
1779558887.166380,0.189453125,-0.2734375,0.044921875,-0.01171875,-0.015625,-0.380859375,0,0
1779558887.174317,0.18359375,-0.3046875,0.046875,-0.01171875,-0.015625,-0.380859375,0,0
1779558887.182380,0.18359375,-0.3046875,0.046875,-0.01171875,-0.015625,-0.35546875,0,0
1779558887.190412,0.189453125,-0.330078125,0.046875,-0.01171875,-0.015625,-0.35546875,0,0
1779558887.198366,0.189453125,-0.330078125,0.046875,-0.01171875,-0.017578125,-0.328125,0,0
1779558887.206382,0.19921875,-0.357421875,0.046875,-0.01171875,-0.017578125,-0.328125,0,0
1779558887.214375,0.19921875,-0.357421875,0.046875,-0.01171875,-0.01953125,-0.298828125,0,0
1779558887.222370,0.205078125,-0.365234375,0.052734375,-0.01171875,-0.01953125,-0.298828125,0,0
1779558887.230303,0.205078125,-0.365234375,0.052734375,-0.01171875,-0.015625,-0.2890625,0,0
1779558887.238335,0.205078125,-0.369140625,0.05859375,-0.01171875,-0.015625,-0.2890625,0,0
1779558887.246300,0.205078125,-0.369140625,0.05859375,-0.01171875,-0.013671875,-0.287109375,0,0
1779558887.254352,0.205078125,-0.369140625,0.05859375,-0.01171875,-0.013671875,-0.287109375,0,0
1779558887.262401,0.205078125,-0.369140625,0.05859375,-0.01171875,-0.01171875,-0.287109375,0,0
1779558887.270388,0.1640625,-0.380859375,0.048828125,-0.01171875,-0.01171875,-0.287109375,0,0
1779558887.278360,0.1640625,-0.380859375,0.048828125,-0.01171875,-0.009765625,-0.283203125,0,0
1779558887.286340,0.119140625,-0.39453125,0.037109375,-0.01171875,-0.009765625,-0.283203125,0,0
1779558887.294347,0.119140625,-0.39453125,0.037109375,-0.01171875,-0.013671875,-0.28125,0,0
1779558887.302339,0.091796875,-0.400390625,0.029296875,-0.01171875,-0.013671875,-0.28125,0,0
1779558887.310372,0.091796875,-0.400390625,0.029296875,-0.01171875,-0.021484375,-0.28125,0,0
1779558887.318381,0.087890625,-0.400390625,0.0234375,-0.01171875,-0.021484375,-0.28125,0,0
1779558887.326392,0.087890625,-0.400390625,0.0234375,-0.01171875,-0.02734375,-0.28515625,0,0
1779558887.334350,0.087890625,-0.400390625,0.021484375,-0.01171875,-0.02734375,-0.28515625,0,0
1779558887.342290,0.087890625,-0.400390625,0.021484375,-0.01171875,-0.029296875,-0.28515625,0,0
1779558887.350334,0.087890625,-0.3984375,0.021484375,-0.01171875,-0.029296875,-0.28515625,0,0
1779558887.358331,0.087890625,-0.3984375,0.021484375,-0.01171875,-0.029296875,-0.287109375,0,0
1779558887.366341,0.078125,-0.39453125,0.017578125,-0.01171875,-0.029296875,-0.287109375,0,0
1779558887.374320,0.078125,-0.39453125,0.017578125,-0.01171875,-0.03125,-0.294921875,0,0
1779558887.382363,0.056640625,-0.392578125,0.013671875,-0.01171875,-0.03125,-0.294921875,0,0
1779558887.390368,0.056640625,-0.392578125,0.013671875,-0.01171875,-0.041015625,-0.296875,0,0
1779558887.398320,0.021484375,-0.39453125,0.00390625,-0.01171875,-0.041015625,-0.296875,0,0
1779558887.406330,0.021484375,-0.39453125,0.00390625,-0.01171875,-0.056640625,-0.30078125,0,0
1779558887.414311,0.0078125,-0.392578125,0.00390625,-0.01171875,-0.056640625,-0.30078125,0,0
1779558887.422305,0.0078125,-0.392578125,0.00390625,0.0,-0.05859375,-0.306640625,0,0
1779558887.430373,0.0,-0.380859375,0.00390625,0.0,-0.05859375,-0.306640625,0,0
1779558887.438361,0.0,-0.380859375,0.00390625,0.0,-0.05859375,-0.318359375,0,0
1779558887.446375,0.0,-0.37109375,0.0,0.0,-0.05859375,-0.318359375,0,0
1779558887.454373,0.0,-0.37109375,0.0,0.0,-0.056640625,-0.333984375,0,0
1779558887.462434,0.0,-0.3515625,0.009765625,0.0,-0.056640625,-0.333984375,0,0
1779558887.470364,0.0,-0.3515625,0.009765625,0.00390625,-0.04296875,-0.35546875,0,0
1779558887.478366,0.0,-0.330078125,0.01953125,0.00390625,-0.04296875,-0.35546875,0,0
1779558887.486367,0.0,-0.330078125,0.01953125,0.005859375,-0.033203125,-0.3828125,0,0
1779558887.494430,0.0,-0.302734375,0.01953125,0.005859375,-0.033203125,-0.3828125,0,0
1779558887.502427,0.0,-0.302734375,0.01953125,0.009765625,-0.02734375,-0.412109375,0,0
1779558887.510358,0.0,-0.28515625,0.01953125,0.009765625,-0.02734375,-0.412109375,0,0
1779558887.518410,0.0,-0.28515625,0.01953125,0.013671875,-0.025390625,-0.435546875,0,0
1779558887.526359,0.0,-0.2734375,0.029296875,0.013671875,-0.025390625,-0.435546875,0,0
1779558887.534398,0.0,-0.2734375,0.029296875,0.015625,-0.01953125,-0.44921875,0,0
1779558887.542418,-0.029296875,-0.271484375,0.04296875,0.015625,-0.01953125,-0.44921875,0,0
1779558887.550376,-0.029296875,-0.271484375,0.04296875,0.0234375,-0.0078125,-0.45703125,0,0
1779558887.558370,-0.05859375,-0.283203125,0.056640625,0.0234375,-0.0078125,-0.45703125,0,0
1779558887.566364,-0.05859375,-0.283203125,0.056640625,0.03515625,-0.0078125,-0.4453125,0,0
1779558887.574312,-0.06640625,-0.294921875,0.06640625,0.03515625,-0.0078125,-0.4453125,0,0
1779558887.582307,-0.06640625,-0.294921875,0.06640625,0.041015625,-0.0078125,-0.431640625,0,0
1779558887.590300,-0.0703125,-0.3046875,0.07421875,0.041015625,-0.0078125,-0.431640625,0,0
1779558887.598330,-0.0703125,-0.3046875,0.07421875,0.044921875,-0.0078125,-0.419921875,0,0
1779558887.606342,-0.076171875,-0.314453125,0.08203125,0.044921875,-0.0078125,-0.419921875,0,0
1779558887.614323,-0.076171875,-0.314453125,0.08203125,0.046875,-0.0078125,-0.40625,0,0
1779558887.622331,-0.091796875,-0.32421875,0.09765625,0.046875,-0.0078125,-0.40625,0,0
1779558887.630391,-0.091796875,-0.32421875,0.09765625,0.056640625,-0.0078125,-0.392578125,0,0
1779558887.638319,-0.109375,-0.337890625,0.115234375,0.056640625,-0.0078125,-0.392578125,0,0
1779558887.646352,-0.109375,-0.337890625,0.115234375,0.056640625,-0.0078125,-0.375,0,0
1779558887.654343,-0.12109375,-0.359375,0.126953125,0.056640625,-0.0078125,-0.375,0,0
1779558887.662357,-0.12109375,-0.359375,0.126953125,0.048828125,-0.0078125,-0.357421875,0,0
1779558887.670372,-0.130859375,-0.376953125,0.142578125,0.048828125,-0.0078125,-0.357421875,0,0
1779558887.678367,-0.130859375,-0.376953125,0.142578125,0.041015625,-0.0078125,-0.33984375,0,0
1779558887.686361,-0.14453125,-0.388671875,0.158203125,0.041015625,-0.0078125,-0.33984375,0,0
1779558887.694350,-0.14453125,-0.388671875,0.158203125,0.04296875,-0.0078125,-0.328125,0,0
1779558887.702370,-0.162109375,-0.3984375,0.173828125,0.04296875,-0.0078125,-0.328125,0,0
1779558887.710320,-0.162109375,-0.3984375,0.173828125,0.044921875,-0.0078125,-0.310546875,0,0
1779558887.718344,-0.173828125,-0.41015625,0.193359375,0.044921875,-0.0078125,-0.310546875,0,0
1779558887.726424,-0.173828125,-0.41015625,0.193359375,0.048828125,-0.0078125,-0.296875,0,0
1779558887.734337,-0.1796875,-0.423828125,0.203125,0.048828125,-0.0078125,-0.296875,0,0
1779558887.742327,-0.1796875,-0.423828125,0.203125,0.05078125,-0.0078125,-0.279296875,0,0
1779558887.750302,-0.18359375,-0.43359375,0.2109375,0.05078125,-0.0078125,-0.279296875,0,0
1779558887.758358,-0.18359375,-0.43359375,0.2109375,0.05078125,-0.0078125,-0.263671875,0,0
1779558887.766341,-0.18359375,-0.4375,0.212890625,0.05078125,-0.0078125,-0.263671875,0,0
1779558887.774344,-0.18359375,-0.4375,0.212890625,0.0546875,-0.0078125,-0.25390625,0,0
1779558887.782332,-0.18359375,-0.44140625,0.216796875,0.0546875,-0.0078125,-0.25390625,0,0
1779558887.790316,-0.18359375,-0.44140625,0.216796875,0.0625,-0.0078125,-0.24609375,0,0
1779558887.798305,-0.185546875,-0.447265625,0.220703125,0.0625,-0.0078125,-0.24609375,0,0
1779558887.806315,-0.185546875,-0.447265625,0.220703125,0.06640625,-0.0078125,-0.23828125,0,0
1779558887.814338,-0.1875,-0.453125,0.2265625,0.06640625,-0.0078125,-0.23828125,0,0
1779558887.822352,-0.1875,-0.453125,0.2265625,0.0703125,-0.0078125,-0.2265625,0,0
1779558887.830375,-0.19140625,-0.45703125,0.234375,0.0703125,-0.0078125,-0.2265625,0,0
1779558887.838335,-0.19140625,-0.45703125,0.234375,0.0703125,-0.0078125,-0.216796875,0,0
1779558887.846300,-0.19140625,-0.462890625,0.23828125,0.0703125,-0.0078125,-0.216796875,0,0
1779558887.854322,-0.19140625,-0.462890625,0.23828125,0.0703125,-0.0078125,-0.2109375,0,0
1779558887.862352,-0.193359375,-0.462890625,0.2421875,0.0703125,-0.0078125,-0.2109375,0,0
1779558887.870352,-0.193359375,-0.462890625,0.2421875,0.072265625,-0.0078125,-0.2109375,0,0
1779558887.878386,-0.203125,-0.4609375,0.25,0.072265625,-0.0078125,-0.2109375,0,0
1779558887.886383,-0.203125,-0.4609375,0.25,0.076171875,-0.0078125,-0.2109375,0,0
1779558887.894350,-0.21484375,-0.45703125,0.263671875,0.076171875,-0.0078125,-0.2109375,0,0
1779558887.902374,-0.21484375,-0.45703125,0.263671875,0.078125,-0.0078125,-0.212890625,0,0
1779558887.910396,-0.22265625,-0.45703125,0.279296875,0.078125,-0.0078125,-0.212890625,0,0
1779558887.918352,-0.22265625,-0.45703125,0.279296875,0.08203125,0.00390625,-0.212890625,0,0
1779558887.926417,-0.224609375,-0.45703125,0.28515625,0.08203125,0.00390625,-0.212890625,0,0
1779558887.934343,-0.224609375,-0.45703125,0.28515625,0.080078125,0.00390625,-0.208984375,0,0
1779558887.942409,-0.220703125,-0.4609375,0.291015625,0.080078125,0.00390625,-0.208984375,0,0
1779558887.950410,-0.220703125,-0.4609375,0.291015625,0.078125,0.005859375,-0.205078125,0,0
1779558887.958325,-0.216796875,-0.462890625,0.302734375,0.078125,0.005859375,-0.205078125,0,0
1779558887.966356,-0.216796875,-0.462890625,0.302734375,0.076171875,0.009765625,-0.201171875,0,0
1779558887.974319,-0.20703125,-0.470703125,0.328125,0.076171875,0.009765625,-0.201171875,0,0
1779558887.982376,-0.20703125,-0.470703125,0.328125,0.07421875,0.013671875,-0.1953125,0,0
1779558887.990327,-0.193359375,-0.47265625,0.35546875,0.07421875,0.013671875,-0.1953125,0,0
1779558887.998308,-0.193359375,-0.47265625,0.35546875,0.07421875,0.0234375,-0.185546875,0,0
1779558888.006408,-0.18359375,-0.4765625,0.37890625,0.07421875,0.0234375,-0.185546875,0,0
1779558888.014364,-0.18359375,-0.4765625,0.37890625,0.078125,0.025390625,-0.181640625,0,0
1779558888.022359,-0.181640625,-0.47265625,0.3984375,0.078125,0.025390625,-0.181640625,0,0
1779558888.030362,-0.181640625,-0.47265625,0.3984375,0.0859375,0.0234375,-0.1796875,0,0
1779558888.038418,-0.1796875,-0.46875,0.423828125,0.0859375,0.0234375,-0.1796875,0,0
1779558888.046341,-0.1796875,-0.46875,0.423828125,0.091796875,0.0234375,-0.177734375,0,0
1779558888.054367,-0.173828125,-0.466796875,0.45703125,0.091796875,0.0234375,-0.177734375,0,0
1779558888.062376,-0.173828125,-0.466796875,0.45703125,0.1015625,0.025390625,-0.173828125,0,0
1779558888.070376,-0.16796875,-0.466796875,0.4921875,0.1015625,0.025390625,-0.173828125,0,0
1779558888.078383,-0.16796875,-0.466796875,0.4921875,0.103515625,0.029296875,-0.166015625,0,0
1779558888.094383,-0.158203125,-0.474609375,0.5078125,0.103515625,0.029296875,-0.166015625,0,0
1779558888.102370,-0.158203125,-0.474609375,0.5078125,0.103515625,0.029296875,-0.16015625,0,0
1779558888.110370,-0.1484375,-0.478515625,0.509765625,0.103515625,0.029296875,-0.16015625,0,0
1779558888.118367,-0.1484375,-0.478515625,0.509765625,0.095703125,0.029296875,-0.154296875,0,0
1779558888.126353,-0.140625,-0.484375,0.509765625,0.095703125,0.029296875,-0.154296875,0,0
1779558888.134337,-0.140625,-0.484375,0.509765625,0.087890625,0.029296875,-0.15234375,0,0
1779558888.142380,-0.134765625,-0.48828125,0.505859375,0.087890625,0.029296875,-0.15234375,0,0
1779558888.150332,-0.134765625,-0.48828125,0.505859375,0.08203125,0.02734375,-0.150390625,0,0
1779558888.158415,-0.12890625,-0.4921875,0.50390625,0.08203125,0.02734375,-0.150390625,0,0
1779558888.166324,-0.12890625,-0.4921875,0.50390625,0.080078125,0.025390625,-0.150390625,0,0
1779558888.174361,-0.11328125,-0.5,0.48828125,0.080078125,0.025390625,-0.150390625,0,0
1779558888.182328,-0.11328125,-0.5,0.48828125,0.06640625,0.017578125,-0.1484375,0,0
1779558888.190333,-0.103515625,-0.50390625,0.478515625,0.06640625,0.017578125,-0.1484375,0,0
1779558888.198355,-0.103515625,-0.50390625,0.478515625,0.052734375,0.0078125,-0.146484375,0,0
1779558888.206386,-0.08984375,-0.505859375,0.46875,0.052734375,0.0078125,-0.146484375,0,0
1779558888.214329,-0.08984375,-0.505859375,0.46875,0.046875,0.0078125,-0.146484375,0,0
1779558888.222319,-0.0859375,-0.50390625,0.4609375,0.046875,0.0078125,-0.146484375,0,0
1779558888.230337,-0.0859375,-0.50390625,0.4609375,0.044921875,0.0078125,-0.15234375,0,0
1779558888.238371,-0.083984375,-0.49609375,0.453125,0.044921875,0.0078125,-0.15234375,0,0
1779558888.246340,-0.083984375,-0.49609375,0.453125,0.041015625,0.0078125,-0.16015625,0,0
1779558888.254335,-0.078125,-0.484375,0.439453125,0.041015625,0.0078125,-0.16015625,0,0
1779558888.262368,-0.078125,-0.484375,0.439453125,0.037109375,0.0078125,-0.17578125,0,0
1779558888.270405,-0.078125,-0.478515625,0.4375,0.037109375,0.0078125,-0.17578125,0,0
1779558888.278393,-0.078125,-0.478515625,0.4375,0.03515625,0.0078125,-0.1796875,0,0
1779558888.286306,-0.080078125,-0.47265625,0.435546875,0.03515625,0.0078125,-0.1796875,0,0
1779558888.294317,-0.080078125,-0.47265625,0.435546875,0.03515625,0.0078125,-0.1875,0,0
1779558888.302308,-0.080078125,-0.47265625,0.4296875,0.03515625,0.0078125,-0.1875,0,0
1779558888.310375,-0.080078125,-0.47265625,0.4296875,0.037109375,0.0078125,-0.189453125,0,0
1779558888.318301,-0.076171875,-0.47265625,0.4296875,0.037109375,0.0078125,-0.189453125,0,0
1779558888.326324,-0.076171875,-0.47265625,0.4296875,0.037109375,0.0078125,-0.189453125,0,0
1779558888.334416,-0.072265625,-0.474609375,0.427734375,0.037109375,0.0078125,-0.189453125,0,0
1779558888.342340,-0.072265625,-0.474609375,0.427734375,0.033203125,0.0078125,-0.1875,0,0
1779558888.350376,-0.06640625,-0.474609375,0.42578125,0.033203125,0.0078125,-0.1875,0,0
1779558888.358398,-0.06640625,-0.474609375,0.42578125,0.033203125,0.0078125,-0.1875,0,0
1779558888.366392,-0.0625,-0.46875,0.423828125,0.033203125,0.0078125,-0.1875,0,0
1779558888.374347,-0.0625,-0.46875,0.423828125,0.033203125,0.0078125,-0.1953125,0,0
1779558888.382367,-0.0625,-0.455078125,0.41796875,0.033203125,0.0078125,-0.1953125,0,0
1779558888.390417,-0.0625,-0.455078125,0.41796875,0.033203125,0.0078125,-0.208984375,0,0
1779558888.398370,-0.0625,-0.443359375,0.4140625,0.033203125,0.0078125,-0.208984375,0,0
1779558888.406409,-0.0625,-0.443359375,0.4140625,0.0390625,0.0078125,-0.224609375,0,0
1779558888.414423,-0.06640625,-0.423828125,0.408203125,0.0390625,0.0078125,-0.224609375,0,0
1779558888.422380,-0.06640625,-0.423828125,0.408203125,0.041015625,0.0078125,-0.24609375,0,0
1779558888.430381,-0.068359375,-0.404296875,0.40234375,0.041015625,0.0078125,-0.24609375,0,0
1779558888.438315,-0.068359375,-0.404296875,0.40234375,0.044921875,0.0078125,-0.267578125,0,0
1779558888.446359,-0.0703125,-0.38671875,0.39453125,0.044921875,0.0078125,-0.267578125,0,0
1779558888.454393,-0.0703125,-0.38671875,0.39453125,0.046875,0.0078125,-0.2890625,0,0
1779558888.462335,-0.0703125,-0.359375,0.3828125,0.046875,0.0078125,-0.2890625,0,0
1779558888.470366,-0.0703125,-0.359375,0.3828125,0.046875,0.0078125,-0.3203125,0,0
1779558888.478366,-0.076171875,-0.33203125,0.37109375,0.046875,0.0078125,-0.3203125,0,0
1779558888.486350,-0.076171875,-0.33203125,0.37109375,0.05078125,0.0078125,-0.3515625,0,0
1779558888.494371,-0.078125,-0.30859375,0.36328125,0.05078125,0.0078125,-0.3515625,0,0
1779558888.502406,-0.078125,-0.30859375,0.36328125,0.05078125,-0.00390625,-0.37890625,0,0
1779558888.510408,-0.078125,-0.28515625,0.3515625,0.05078125,-0.00390625,-0.37890625,0,0
1779558888.518365,-0.078125,-0.28515625,0.3515625,0.05078125,-0.013671875,-0.404296875,0,0
1779558888.526379,-0.06640625,-0.2578125,0.3359375,0.05078125,-0.013671875,-0.404296875,0,0
1779558888.534350,-0.06640625,-0.2578125,0.3359375,0.048828125,-0.025390625,-0.435546875,0,0
1779558888.542344,-0.060546875,-0.236328125,0.330078125,0.048828125,-0.025390625,-0.435546875,0,0
1779558888.550377,-0.060546875,-0.236328125,0.330078125,0.05078125,-0.03515625,-0.458984375,0,0
1779558888.558317,-0.056640625,-0.205078125,0.32421875,0.05078125,-0.03515625,-0.458984375,0,0
1779558888.566438,-0.056640625,-0.205078125,0.32421875,0.052734375,-0.037109375,-0.494140625,0,0
1779558888.574334,-0.05859375,-0.19140625,0.328125,0.052734375,-0.037109375,-0.494140625,0,0
1779558888.582382,-0.05859375,-0.19140625,0.328125,0.060546875,-0.03125,-0.5078125,0,0
1779558888.590361,-0.05859375,-0.18359375,0.33203125,0.060546875,-0.03125,-0.5078125,0,0
1779558888.598360,-0.05859375,-0.18359375,0.33203125,0.06640625,-0.025390625,-0.517578125,0,0
1779558888.606350,-0.052734375,-0.17578125,0.328125,0.06640625,-0.025390625,-0.517578125,0,0
1779558888.614347,-0.052734375,-0.17578125,0.328125,0.064453125,-0.0234375,-0.525390625,0,0
1779558888.622308,-0.046875,-0.171875,0.32421875,0.064453125,-0.0234375,-0.525390625,0,0
1779558888.630407,-0.046875,-0.171875,0.32421875,0.0625,-0.025390625,-0.533203125,0,0
1779558888.638376,-0.033203125,-0.16015625,0.318359375,0.0625,-0.025390625,-0.533203125,0,0
1779558888.646324,-0.033203125,-0.16015625,0.318359375,0.0546875,-0.025390625,-0.54296875,0,0
1779558888.654358,-0.029296875,-0.15234375,0.3125,0.0546875,-0.025390625,-0.54296875,0,0
1779558888.662361,-0.029296875,-0.15234375,0.3125,0.048828125,-0.02734375,-0.55078125,0,0
1779558888.670351,-0.025390625,-0.146484375,0.3125,0.048828125,-0.02734375,-0.55078125,0,0
1779558888.678367,-0.025390625,-0.146484375,0.3125,0.046875,-0.02734375,-0.552734375,0,0
1779558888.686359,-0.025390625,-0.146484375,0.310546875,0.046875,-0.02734375,-0.552734375,0,0
1779558888.694362,-0.025390625,-0.146484375,0.310546875,0.046875,-0.02734375,-0.556640625,0,0
1779558888.702364,-0.0234375,-0.14453125,0.30859375,0.046875,-0.02734375,-0.556640625,0,0
1779558888.710336,-0.0234375,-0.14453125,0.30859375,0.046875,-0.02734375,-0.55859375,0,0
1779558888.718373,-0.0234375,-0.138671875,0.306640625,0.046875,-0.02734375,-0.55859375,0,0
1779558888.726326,-0.0234375,-0.138671875,0.306640625,0.046875,-0.02734375,-0.564453125,0,0
1779558888.734380,-0.01953125,-0.1328125,0.302734375,0.046875,-0.02734375,-0.564453125,0,0
1779558888.742312,-0.01953125,-0.1328125,0.302734375,0.046875,-0.02734375,-0.568359375,0,0
1779558888.750371,-0.01953125,-0.130859375,0.30078125,0.046875,-0.02734375,-0.568359375,0,0
1779558888.758384,-0.01953125,-0.130859375,0.30078125,0.046875,-0.02734375,-0.5703125,0,0
1779558888.766366,-0.01953125,-0.126953125,0.30078125,0.046875,-0.02734375,-0.5703125,0,0
1779558888.774371,-0.01953125,-0.126953125,0.30078125,0.048828125,-0.025390625,-0.572265625,0,0
1779558888.782445,-0.01953125,-0.125,0.298828125,0.048828125,-0.025390625,-0.572265625,0,0
1779558888.790405,-0.01953125,-0.125,0.298828125,0.048828125,-0.025390625,-0.57421875,0,0
1779558888.798342,-0.013671875,-0.123046875,0.294921875,0.048828125,-0.025390625,-0.57421875,0,0
1779558888.806346,-0.013671875,-0.123046875,0.294921875,0.04296875,-0.029296875,-0.578125,0,0
1779558888.814351,-0.0078125,-0.1171875,0.287109375,0.04296875,-0.029296875,-0.578125,0,0
1779558888.822373,-0.0078125,-0.1171875,0.287109375,0.037109375,-0.03515625,-0.58203125,0,0
1779558888.830400,-0.00390625,-0.115234375,0.28125,0.037109375,-0.03515625,-0.58203125,0,0
1779558888.838340,-0.00390625,-0.115234375,0.28125,0.03515625,-0.037109375,-0.583984375,0,0
1779558888.846425,0.0,-0.107421875,0.279296875,0.03515625,-0.037109375,-0.583984375,0,0
1779558888.854416,0.0,-0.107421875,0.279296875,0.033203125,-0.037109375,-0.58984375,0,0
1779558888.862355,0.0,-0.103515625,0.275390625,0.033203125,-0.037109375,-0.58984375,0,0
1779558888.870332,0.0,-0.103515625,0.275390625,0.03125,-0.037109375,-0.591796875,0,0
1779558888.878356,0.0,-0.099609375,0.271484375,0.03125,-0.037109375,-0.591796875,0,0
1779558888.886312,0.0,-0.099609375,0.271484375,0.03125,-0.037109375,-0.595703125,0,0
1779558888.894322,0.0,-0.095703125,0.265625,0.03125,-0.037109375,-0.595703125,0,0
1779558888.902315,0.0,-0.095703125,0.265625,0.025390625,-0.04296875,-0.599609375,0,0
1779558888.910328,0.0,-0.087890625,0.2578125,0.025390625,-0.04296875,-0.599609375,0,0
1779558888.918328,0.0,-0.087890625,0.2578125,0.021484375,-0.046875,-0.603515625,0,0
1779558888.926368,0.0,-0.072265625,0.24609375,0.021484375,-0.046875,-0.603515625,0,0
1779558888.934370,0.0,-0.072265625,0.24609375,0.013671875,-0.052734375,-0.615234375,0,0
1779558888.942341,0.0,-0.05859375,0.236328125,0.013671875,-0.052734375,-0.615234375,0,0
1779558888.950391,0.0,-0.05859375,0.236328125,0.0078125,-0.056640625,-0.623046875,0,0
1779558888.958422,0.0,-0.052734375,0.232421875,0.0078125,-0.056640625,-0.623046875,0,0
1779558888.966374,0.0,-0.052734375,0.232421875,0.005859375,-0.05859375,-0.626953125,0,0
1779558888.974399,0.0,-0.046875,0.2265625,0.005859375,-0.05859375,-0.626953125,0,0
1779558888.982285,0.0,-0.046875,0.2265625,0.005859375,-0.05859375,-0.630859375,0,0
1779558888.990347,0.0,-0.04296875,0.22265625,0.005859375,-0.05859375,-0.630859375,0,0
1779558888.998385,0.0,-0.04296875,0.22265625,0.0,-0.05859375,-0.634765625,0,0
1779558889.006395,0.0,-0.03515625,0.220703125,0.0,-0.05859375,-0.634765625,0,0
1779558889.014367,0.0,-0.03515625,0.220703125,0.0,-0.05859375,-0.638671875,0,0
1779558889.022370,0.0,-0.033203125,0.216796875,0.0,-0.05859375,-0.638671875,0,0
1779558889.030416,0.0,-0.033203125,0.216796875,0.0,-0.05859375,-0.640625,0,0
1779558889.038427,0.0,-0.029296875,0.216796875,0.0,-0.05859375,-0.640625,0,0
1779558889.046387,0.0,-0.029296875,0.216796875,0.0,-0.05859375,-0.64453125,0,0
1779558889.054360,0.0,-0.025390625,0.212890625,0.0,-0.05859375,-0.64453125,0,0
1779558889.062378,0.0,-0.025390625,0.212890625,0.0,-0.060546875,-0.64453125,0,0
1779558889.070298,0.0,-0.025390625,0.208984375,0.0,-0.060546875,-0.64453125,0,0
1779558889.078382,0.0,-0.025390625,0.208984375,0.0,-0.0625,-0.646484375,0,0
1779558889.086369,0.0,-0.021484375,0.20703125,0.0,-0.0625,-0.646484375,0,0
1779558889.094326,0.0,-0.021484375,0.20703125,0.0,-0.0625,-0.6484375,0,0
1779558889.102380,0.0,-0.01953125,0.205078125,0.0,-0.0625,-0.6484375,0,0
1779558889.110348,0.0,-0.01953125,0.205078125,0.0,-0.064453125,-0.650390625,0,0
1779558889.126323,0.0,-0.017578125,0.205078125,0.0,-0.064453125,-0.650390625,0,0
1779558889.134395,0.0,-0.017578125,0.205078125,0.0,-0.064453125,-0.650390625,0,0
1779558889.142326,0.0,-0.015625,0.201171875,0.0,-0.064453125,-0.650390625,0,0
1779558889.150393,0.0,-0.015625,0.201171875,0.0,-0.064453125,-0.65234375,0,0
1779558889.158424,0.0,-0.015625,0.201171875,0.0,-0.064453125,-0.65234375,0,0
1779558889.166378,0.0,-0.015625,0.201171875,0.0,-0.064453125,-0.65234375,0,0
1779558889.174394,0.0,-0.013671875,0.19921875,0.0,-0.064453125,-0.65234375,0,0
1779558889.182334,0.0,-0.013671875,0.19921875,0.0,-0.06640625,-0.65234375,0,0
1779558889.190341,0.0,-0.013671875,0.197265625,0.0,-0.06640625,-0.65234375,0,0
1779558889.198328,0.0,-0.013671875,0.197265625,0.0,-0.068359375,-0.65234375,0,0
1779558889.206372,0.0,-0.01171875,0.197265625,0.0,-0.068359375,-0.65234375,0,0
1779558889.214328,0.0,-0.01171875,0.197265625,0.0,-0.068359375,-0.654296875,0,0
1779558889.222368,0.0,-0.01171875,0.1953125,0.0,-0.068359375,-0.654296875,0,0
1779558889.230333,0.0,-0.01171875,0.1953125,0.0,-0.068359375,-0.654296875,0,0
1779558889.238308,0.0,-0.009765625,0.1953125,0.0,-0.068359375,-0.654296875,0,0
1779558889.246388,0.0,-0.009765625,0.1953125,0.0,-0.068359375,-0.654296875,0,0
1779558889.254399,0.0,-0.009765625,0.1953125,0.0,-0.068359375,-0.654296875,0,0
1779558889.262401,0.0,-0.009765625,0.1953125,0.0,-0.068359375,-0.654296875,0,0
1779558889.270424,0.0,-0.009765625,0.1953125,0.0,-0.068359375,-0.654296875,0,0
1779558889.278423,0.0,-0.009765625,0.1953125,0.0,-0.068359375,-0.654296875,0,0
1779558889.286426,0.0,-0.009765625,0.193359375,0.0,-0.068359375,-0.654296875,0,0
1779558889.294377,0.0,-0.009765625,0.193359375,0.0,-0.068359375,-0.654296875,0,0
1779558889.302337,0.0,-0.009765625,0.193359375,0.0,-0.068359375,-0.654296875,0,0
1779558889.310368,0.0,-0.009765625,0.193359375,0.0,-0.0703125,-0.654296875,0,0
1779558889.318400,0.0,-0.009765625,0.189453125,0.0,-0.0703125,-0.654296875,0,0
1779558889.326348,0.0,-0.009765625,0.189453125,0.0,-0.076171875,-0.654296875,0,0
1779558889.334386,0.0,-0.009765625,0.1875,0.0,-0.076171875,-0.654296875,0,0
1779558889.342388,0.0,-0.009765625,0.1875,0.0,-0.076171875,-0.65234375,0,0
1779558889.350377,0.0,-0.009765625,0.1875,0.0,-0.076171875,-0.65234375,0,0
1779558889.358384,0.0,-0.009765625,0.1875,0.0,-0.078125,-0.65234375,0,0
1779558889.366374,0.0,-0.009765625,0.1875,0.0,-0.078125,-0.65234375,0,0
1779558889.374395,0.0,-0.009765625,0.1875,0.0,-0.078125,-0.65234375,0,0
1779558889.382365,0.0,-0.009765625,0.185546875,0.0,-0.078125,-0.65234375,0,0
1779558889.390350,0.0,-0.009765625,0.185546875,0.0,-0.078125,-0.65234375,0,0
1779558889.398346,0.0,-0.0078125,0.181640625,0.0,-0.078125,-0.65234375,0,0
1779558889.406326,0.0,-0.0078125,0.181640625,0.0,-0.080078125,-0.65234375,0,0
1779558889.414325,0.0,-0.005859375,0.177734375,0.0,-0.080078125,-0.65234375,0,0
1779558889.422314,0.0,-0.005859375,0.177734375,0.0,-0.083984375,-0.65234375,0,0
1779558889.430408,0.0,-0.00390625,0.173828125,0.0,-0.083984375,-0.65234375,0,0
1779558889.438417,0.0,-0.00390625,0.173828125,0.0,-0.08984375,-0.65234375,0,0
1779558889.446417,0.0,-0.00390625,0.169921875,0.0,-0.08984375,-0.65234375,0,0
1779558889.454362,0.0,-0.00390625,0.169921875,0.0,-0.08984375,-0.65234375,0,0
1779558889.462412,0.0,0.0,0.166015625,0.0,-0.08984375,-0.65234375,0,0
1779558889.470360,0.0,0.0,0.166015625,0.0,-0.095703125,-0.654296875,0,0
1779558889.478426,0.0,0.0,0.158203125,0.0,-0.095703125,-0.654296875,0,0
1779558889.486385,0.0,0.0,0.158203125,0.0,-0.1015625,-0.654296875,0,0
1779558889.494411,0.0,0.0,0.14453125,0.0,-0.1015625,-0.654296875,0,0
1779558889.502405,0.0,0.0,0.14453125,0.0,-0.115234375,-0.654296875,0,0
1779558889.510320,0.0,0.0,0.12890625,0.0,-0.115234375,-0.654296875,0,0
1779558889.518352,0.0,0.0,0.12890625,0.0,-0.125,-0.65625,0,0
1779558889.526356,0.0,0.0,0.1171875,0.0,-0.125,-0.65625,0,0
1779558889.534348,0.0,0.0,0.1171875,0.005859375,-0.1328125,-0.658203125,0,0
1779558889.542379,0.0,0.0,0.111328125,0.005859375,-0.1328125,-0.658203125,0,0
1779558889.550396,0.0,0.0,0.111328125,0.013671875,-0.1328125,-0.658203125,0,0
1779558889.558353,0.0,0.0,0.10546875,0.013671875,-0.1328125,-0.658203125,0,0
1779558889.566349,0.0,0.0,0.10546875,0.021484375,-0.12890625,-0.66015625,0,0
1779558889.574347,0.0,0.0,0.103515625,0.021484375,-0.12890625,-0.66015625,0,0
1779558889.582362,0.0,0.0,0.103515625,0.03515625,-0.126953125,-0.66015625,0,0
1779558889.590330,0.0,0.0,0.099609375,0.03515625,-0.126953125,-0.66015625,0,0
1779558889.598339,0.0,0.0,0.099609375,0.048828125,-0.125,-0.66015625,0,0
1779558889.606376,0.0,0.0,0.099609375,0.048828125,-0.125,-0.66015625,0,0
1779558889.614340,0.0,0.0,0.099609375,0.064453125,-0.115234375,-0.662109375,0,0
1779558889.622369,0.0,0.0,0.099609375,0.064453125,-0.115234375,-0.662109375,0,0
1779558889.630314,0.0,0.0,0.099609375,0.07421875,-0.11328125,-0.6640625,0,0
1779558889.638369,0.0,0.0,0.09765625,0.07421875,-0.11328125,-0.6640625,0,0
1779558889.646364,0.0,0.0,0.09765625,0.0859375,-0.103515625,-0.666015625,0,0
1779558889.654364,0.0,0.0,0.09765625,0.0859375,-0.103515625,-0.666015625,0,0
1779558889.662408,0.0,0.0,0.09765625,0.091796875,-0.1015625,-0.666015625,0,0
1779558889.670345,0.0,0.0,0.09765625,0.091796875,-0.1015625,-0.666015625,0,0
1779558889.678436,0.0,0.0,0.09765625,0.1015625,-0.09375,-0.66796875,0,0
1779558889.686424,0.0,0.0,0.095703125,0.1015625,-0.09375,-0.66796875,0,0
1779558889.694426,0.0,0.0,0.095703125,0.107421875,-0.08984375,-0.66796875,0,0
1779558889.702420,0.0,0.0,0.095703125,0.107421875,-0.08984375,-0.66796875,0,0
1779558889.710378,0.0,0.0,0.095703125,0.109375,-0.083984375,-0.669921875,0,0
1779558889.718436,0.0,0.0,0.09375,0.109375,-0.083984375,-0.669921875,0,0
1779558889.726370,0.0,0.0,0.09375,0.109375,-0.08203125,-0.669921875,0,0
1779558889.734360,0.0,0.0,0.09375,0.109375,-0.08203125,-0.669921875,0,0
1779558889.742407,0.0,0.0,0.09375,0.109375,-0.080078125,-0.671875,0,0
1779558889.750329,0.0,0.0,0.091796875,0.109375,-0.080078125,-0.671875,0,0
1779558889.758434,0.0,0.0,0.091796875,0.111328125,-0.078125,-0.673828125,0,0
1779558889.766430,0.0,0.0,0.08984375,0.111328125,-0.078125,-0.673828125,0,0
1779558889.774426,0.0,0.0,0.08984375,0.111328125,-0.076171875,-0.673828125,0,0
1779558889.782412,0.0,0.0,0.087890625,0.111328125,-0.076171875,-0.673828125,0,0
1779558889.790306,0.0,0.0,0.087890625,0.111328125,-0.076171875,-0.673828125,0,0
1779558889.806404,0.0,0.0,0.087890625,0.111328125,-0.076171875,-0.673828125,0,0
1779558889.814308,0.0,0.0,0.087890625,0.111328125,-0.07421875,-0.673828125,0,0
1779558889.822371,0.0,0.0,0.083984375,0.111328125,-0.07421875,-0.673828125,0,0
1779558889.830415,0.0,0.0,0.083984375,0.11328125,-0.072265625,-0.67578125,0,0
1779558889.838374,0.0,0.0,0.08203125,0.11328125,-0.072265625,-0.67578125,0,0
1779558889.846371,0.0,0.0,0.08203125,0.11328125,-0.0703125,-0.67578125,0,0
1779558889.854344,0.0,0.0,0.076171875,0.11328125,-0.0703125,-0.67578125,0,0
1779558889.862363,0.0,0.0,0.076171875,0.11328125,-0.0703125,-0.67578125,0,0
1779558889.870397,0.0,0.0,0.072265625,0.11328125,-0.0703125,-0.67578125,0,0
1779558889.878358,0.0,0.0,0.072265625,0.11328125,-0.068359375,-0.67578125,0,0
1779558889.886397,0.0,0.0,0.05078125,0.11328125,-0.068359375,-0.67578125,0,0
1779558889.894454,0.0,0.0,0.05078125,0.125,-0.068359375,-0.677734375,0,0
1779558889.902334,0.0,0.0,0.013671875,0.125,-0.068359375,-0.677734375,0,0
1779558889.910336,0.0,0.0,0.013671875,0.14453125,-0.0703125,-0.677734375,0,0
1779558889.926349,0.0,0.0,0.013671875,0.15625,-0.072265625,-0.677734375,0,0
1779558889.942320,0.0,0.0,0.013671875,0.16015625,-0.0703125,-0.6796875,0,0
1779558889.958345,0.0,0.0,0.013671875,0.16015625,-0.072265625,-0.6796875,0,0
1779558889.974366,0.0,0.0,0.013671875,0.166015625,-0.072265625,-0.681640625,0,0
1779558889.990426,0.0,0.0,0.013671875,0.169921875,-0.072265625,-0.681640625,0,0
1779558889.998357,0.0,0.0,-0.013671875,0.169921875,-0.072265625,-0.681640625,0,0
1779558890.006403,0.0,0.0,-0.013671875,0.17578125,-0.068359375,-0.681640625,0,0
1779558890.014396,0.0,0.0,-0.01953125,0.17578125,-0.068359375,-0.681640625,0,0
1779558890.022326,0.0,0.0,-0.01953125,0.185546875,-0.068359375,-0.681640625,0,0
1779558890.030319,0.0,0.0,-0.025390625,0.185546875,-0.068359375,-0.681640625,0,0
1779558890.038447,0.0,0.0,-0.025390625,0.189453125,-0.06640625,-0.681640625,0,0
1779558890.046307,0.0,0.0,-0.029296875,0.189453125,-0.06640625,-0.681640625,0,0
1779558890.054312,0.0,0.0,-0.029296875,0.193359375,-0.064453125,-0.681640625,0,0
1779558890.062318,0.0,0.0,-0.02734375,0.193359375,-0.064453125,-0.681640625,0,0
1779558890.070355,0.0,0.0,-0.02734375,0.197265625,-0.060546875,-0.6796875,0,0
1779558890.078344,0.0,0.0,-0.025390625,0.197265625,-0.060546875,-0.6796875,0,0
1779558890.086387,0.0,0.0,-0.025390625,0.203125,-0.056640625,-0.677734375,0,0
1779558890.094375,-0.00390625,0.0,-0.03515625,0.203125,-0.056640625,-0.677734375,0,0
1779558890.102381,-0.00390625,0.0,-0.03515625,0.20703125,-0.05859375,-0.673828125,0,0
1779558890.110389,-0.013671875,0.0,-0.056640625,0.20703125,-0.05859375,-0.673828125,0,0
1779558890.118428,-0.013671875,0.0,-0.056640625,0.2109375,-0.0625,-0.66796875,0,0
1779558890.126435,-0.021484375,0.0,-0.078125,0.2109375,-0.0625,-0.66796875,0,0
1779558890.134370,-0.021484375,0.0,-0.078125,0.216796875,-0.0625,-0.6640625,0,0
1779558890.142348,-0.03125,0.0,-0.08984375,0.216796875,-0.0625,-0.6640625,0,0
1779558890.150352,-0.03125,0.0,-0.08984375,0.220703125,-0.060546875,-0.66015625,0,0
1779558890.158336,-0.03515625,0.0,-0.09765625,0.220703125,-0.060546875,-0.66015625,0,0
1779558890.166326,-0.03515625,0.0,-0.09765625,0.22265625,-0.05859375,-0.658203125,0,0
1779558890.174346,-0.048828125,0.0,-0.123046875,0.22265625,-0.05859375,-0.658203125,0,0
1779558890.182347,-0.048828125,0.0,-0.123046875,0.224609375,-0.05859375,-0.650390625,0,0
1779558890.190347,-0.0625,-0.00390625,-0.150390625,0.224609375,-0.05859375,-0.650390625,0,0
1779558890.198337,-0.0625,-0.00390625,-0.150390625,0.224609375,-0.056640625,-0.642578125,0,0
1779558890.206348,-0.0703125,-0.01171875,-0.17578125,0.224609375,-0.056640625,-0.642578125,0,0
1779558890.214379,-0.0703125,-0.01171875,-0.17578125,0.22265625,-0.0546875,-0.638671875,0,0
1779558890.222281,-0.07421875,-0.017578125,-0.193359375,0.22265625,-0.0546875,-0.638671875,0,0
1779558890.230422,-0.07421875,-0.017578125,-0.193359375,0.21875,-0.052734375,-0.638671875,0,0
1779558890.238356,-0.078125,-0.021484375,-0.20703125,0.21875,-0.052734375,-0.638671875,0,0
1779558890.246390,-0.078125,-0.021484375,-0.20703125,0.21484375,-0.052734375,-0.638671875,0,0
1779558890.254386,-0.08203125,-0.029296875,-0.220703125,0.21484375,-0.052734375,-0.638671875,0,0
1779558890.262359,-0.08203125,-0.029296875,-0.220703125,0.208984375,-0.048828125,-0.634765625,0,0
1779558890.270357,-0.08984375,-0.0390625,-0.23828125,0.208984375,-0.048828125,-0.634765625,0,0
1779558890.278365,-0.08984375,-0.0390625,-0.23828125,0.20703125,-0.046875,-0.6328125,0,0
1779558890.286372,-0.09375,-0.04296875,-0.248046875,0.20703125,-0.046875,-0.6328125,0,0
1779558890.294327,-0.09375,-0.04296875,-0.248046875,0.205078125,-0.04296875,-0.6328125,0,0
1779558890.302386,-0.09765625,-0.044921875,-0.2578125,0.205078125,-0.04296875,-0.6328125,0,0
1779558890.310325,-0.09765625,-0.044921875,-0.2578125,0.205078125,-0.0390625,-0.6328125,0,0
1779558890.318348,-0.099609375,-0.046875,-0.265625,0.205078125,-0.0390625,-0.6328125,0,0
1779558890.326434,-0.099609375,-0.046875,-0.265625,0.203125,-0.037109375,-0.630859375,0,0
1779558890.334354,-0.103515625,-0.05078125,-0.26953125,0.203125,-0.037109375,-0.630859375,0,0
1779558890.342342,-0.103515625,-0.05078125,-0.26953125,0.19921875,-0.033203125,-0.630859375,0,0
1779558890.350348,-0.11328125,-0.0546875,-0.27734375,0.19921875,-0.033203125,-0.630859375,0,0
1779558890.358349,-0.11328125,-0.0546875,-0.27734375,0.19921875,-0.033203125,-0.626953125,0,0
1779558890.366368,-0.1171875,-0.05859375,-0.283203125,0.19921875,-0.033203125,-0.626953125,0,0
1779558890.374333,-0.1171875,-0.05859375,-0.283203125,0.197265625,-0.029296875,-0.626953125,0,0
1779558890.382323,-0.1171875,-0.060546875,-0.28515625,0.197265625,-0.029296875,-0.626953125,0,0
1779558890.390310,-0.1171875,-0.060546875,-0.28515625,0.197265625,-0.0234375,-0.625,0,0
1779558890.398371,-0.123046875,-0.064453125,-0.29296875,0.197265625,-0.0234375,-0.625,0,0
1779558890.406354,-0.123046875,-0.064453125,-0.29296875,0.1953125,-0.025390625,-0.623046875,0,0
1779558890.414360,-0.125,-0.06640625,-0.29296875,0.1953125,-0.025390625,-0.623046875,0,0
1779558890.422325,-0.125,-0.06640625,-0.29296875,0.1953125,-0.025390625,-0.62109375,0,0
1779558890.430425,-0.126953125,-0.06640625,-0.296875,0.1953125,-0.025390625,-0.62109375,0,0
1779558890.438426,-0.126953125,-0.06640625,-0.296875,0.19140625,-0.0234375,-0.62109375,0,0
1779558890.446357,-0.130859375,-0.0703125,-0.30078125,0.19140625,-0.0234375,-0.62109375,0,0
1779558890.454335,-0.130859375,-0.0703125,-0.30078125,0.189453125,-0.0234375,-0.619140625,0,0
1779558890.462370,-0.13671875,-0.076171875,-0.30859375,0.189453125,-0.0234375,-0.619140625,0,0
1779558890.470413,-0.13671875,-0.076171875,-0.30859375,0.181640625,-0.021484375,-0.615234375,0,0
1779558890.478356,-0.14453125,-0.083984375,-0.31640625,0.181640625,-0.021484375,-0.615234375,0,0
1779558890.486355,-0.14453125,-0.083984375,-0.31640625,0.177734375,-0.021484375,-0.609375,0,0
1779558890.494330,-0.150390625,-0.08984375,-0.322265625,0.177734375,-0.021484375,-0.609375,0,0
1779558890.502307,-0.150390625,-0.08984375,-0.322265625,0.17578125,-0.021484375,-0.607421875,0,0
1779558890.510328,-0.15625,-0.09375,-0.333984375,0.17578125,-0.021484375,-0.607421875,0,0
1779558890.518369,-0.15625,-0.09375,-0.333984375,0.16796875,-0.0234375,-0.603515625,0,0
1779558890.526308,-0.16015625,-0.099609375,-0.341796875,0.16796875,-0.0234375,-0.603515625,0,0
1779558890.534388,-0.16015625,-0.099609375,-0.341796875,0.16796875,-0.0234375,-0.6015625,0,0
1779558890.542377,-0.162109375,-0.1015625,-0.34765625,0.16796875,-0.0234375,-0.6015625,0,0
1779558890.550425,-0.162109375,-0.1015625,-0.34765625,0.1640625,-0.025390625,-0.599609375,0,0
1779558890.558363,-0.166015625,-0.103515625,-0.361328125,0.1640625,-0.025390625,-0.599609375,0,0
1779558890.566348,-0.166015625,-0.103515625,-0.361328125,0.16796875,-0.02734375,-0.59765625,0,0
1779558890.574332,-0.166015625,-0.1015625,-0.376953125,0.16796875,-0.02734375,-0.59765625,0,0
1779558890.582345,-0.166015625,-0.1015625,-0.376953125,0.171875,-0.03125,-0.595703125,0,0
1779558890.590338,-0.16796875,-0.1015625,-0.38671875,0.171875,-0.03125,-0.595703125,0,0
1779558890.598397,-0.16796875,-0.1015625,-0.38671875,0.173828125,-0.03125,-0.59375,0,0
1779558890.606351,-0.171875,-0.103515625,-0.392578125,0.173828125,-0.03125,-0.59375,0,0
1779558890.614371,-0.171875,-0.103515625,-0.392578125,0.169921875,-0.03125,-0.591796875,0,0
1779558890.622373,-0.177734375,-0.107421875,-0.396484375,0.169921875,-0.03125,-0.591796875,0,0
1779558890.630414,-0.177734375,-0.107421875,-0.396484375,0.16796875,-0.03125,-0.58984375,0,0
1779558890.638396,-0.177734375,-0.107421875,-0.3984375,0.16796875,-0.03125,-0.58984375,0,0
1779558890.646417,-0.177734375,-0.107421875,-0.3984375,0.16796875,-0.02734375,-0.587890625,0,0
1779558890.654391,-0.181640625,-0.107421875,-0.3984375,0.16796875,-0.02734375,-0.587890625,0,0
1779558890.662317,-0.181640625,-0.107421875,-0.3984375,0.166015625,-0.02734375,-0.587890625,0,0
1779558890.670399,-0.181640625,-0.107421875,-0.400390625,0.166015625,-0.02734375,-0.587890625,0,0
1779558890.678334,-0.181640625,-0.107421875,-0.400390625,0.166015625,-0.02734375,-0.587890625,0,0
1779558890.686403,-0.181640625,-0.109375,-0.400390625,0.166015625,-0.02734375,-0.587890625,0,0
1779558890.694441,-0.181640625,-0.109375,-0.400390625,0.16796875,-0.02734375,-0.587890625,0,0
1779558890.702397,-0.18359375,-0.109375,-0.400390625,0.16796875,-0.02734375,-0.587890625,0,0
1779558890.710313,-0.18359375,-0.109375,-0.400390625,0.166015625,-0.025390625,-0.587890625,0,0
1779558890.718408,-0.185546875,-0.109375,-0.396484375,0.166015625,-0.025390625,-0.587890625,0,0
1779558890.726377,-0.185546875,-0.109375,-0.396484375,0.16796875,-0.021484375,-0.587890625,0,0
1779558890.734376,-0.1875,-0.109375,-0.39453125,0.16796875,-0.021484375,-0.587890625,0,0
1779558890.742311,-0.1875,-0.109375,-0.39453125,0.173828125,-0.01953125,-0.587890625,0,0
1779558890.750350,-0.189453125,-0.109375,-0.392578125,0.173828125,-0.01953125,-0.587890625,0,0
1779558890.758374,-0.189453125,-0.109375,-0.392578125,0.177734375,-0.015625,-0.587890625,0,0
1779558890.766330,-0.19140625,-0.109375,-0.390625,0.177734375,-0.015625,-0.587890625,0,0
1779558890.774381,-0.19140625,-0.109375,-0.390625,0.177734375,-0.013671875,-0.5859375,0,0
1779558890.782316,-0.1953125,-0.109375,-0.388671875,0.177734375,-0.013671875,-0.5859375,0,0
1779558890.790327,-0.1953125,-0.109375,-0.388671875,0.1796875,-0.013671875,-0.583984375,0,0
1779558890.798321,-0.197265625,-0.107421875,-0.384765625,0.1796875,-0.013671875,-0.583984375,0,0
1779558890.806326,-0.197265625,-0.107421875,-0.384765625,0.18359375,-0.009765625,-0.58203125,0,0
1779558890.814351,-0.203125,-0.107421875,-0.375,0.18359375,-0.009765625,-0.58203125,0,0
1779558890.822345,-0.203125,-0.107421875,-0.375,0.19140625,-0.009765625,-0.578125,0,0
1779558890.830381,-0.205078125,-0.107421875,-0.37109375,0.19140625,-0.009765625,-0.578125,0,0
1779558890.838405,-0.205078125,-0.107421875,-0.37109375,0.193359375,-0.005859375,-0.576171875,0,0
1779558890.846391,-0.2109375,-0.107421875,-0.36328125,0.193359375,-0.005859375,-0.576171875,0,0
1779558890.854359,-0.2109375,-0.107421875,-0.36328125,0.201171875,-0.00390625,-0.57421875,0,0
1779558890.862398,-0.216796875,-0.107421875,-0.35546875,0.201171875,-0.00390625,-0.57421875,0,0
1779558890.870366,-0.216796875,-0.107421875,-0.35546875,0.20703125,0.0,-0.5703125,0,0
1779558890.878347,-0.220703125,-0.107421875,-0.345703125,0.20703125,0.0,-0.5703125,0,0
1779558890.886365,-0.220703125,-0.107421875,-0.345703125,0.220703125,0.0,-0.568359375,0,0
1779558890.894371,-0.2265625,-0.10546875,-0.33203125,0.220703125,0.0,-0.568359375,0,0
1779558890.902364,-0.2265625,-0.10546875,-0.33203125,0.23046875,0.0,-0.564453125,0,0
1779558890.910319,-0.228515625,-0.103515625,-0.3203125,0.23046875,0.0,-0.564453125,0,0
1779558890.918360,-0.228515625,-0.103515625,-0.3203125,0.2421875,0.0,-0.560546875,0,0
1779558890.926318,-0.232421875,-0.1015625,-0.310546875,0.2421875,0.0,-0.560546875,0,0
1779558890.934355,-0.232421875,-0.1015625,-0.310546875,0.25,0.0,-0.55859375,0,0
1779558890.942321,-0.236328125,-0.099609375,-0.294921875,0.25,0.0,-0.55859375,0,0
1779558890.950356,-0.236328125,-0.099609375,-0.294921875,0.259765625,0.0,-0.5546875,0,0
1779558890.958400,-0.240234375,-0.09765625,-0.271484375,0.259765625,0.0,-0.5546875,0,0
1779558890.966361,-0.240234375,-0.09765625,-0.271484375,0.271484375,0.0,-0.548828125,0,0
1779558890.974353,-0.2421875,-0.09765625,-0.240234375,0.271484375,0.0,-0.548828125,0,0
1779558890.982337,-0.2421875,-0.09765625,-0.240234375,0.291015625,0.0,-0.541015625,0,0
1779558890.990341,-0.248046875,-0.09765625,-0.21875,0.291015625,0.0,-0.541015625,0,0
1779558890.998389,-0.248046875,-0.09765625,-0.21875,0.306640625,0.0,-0.53125,0,0
1779558891.006448,-0.25,-0.09765625,-0.205078125,0.306640625,0.0,-0.53125,0,0
1779558891.014429,-0.25,-0.09765625,-0.205078125,0.31640625,0.0,-0.525390625,0,0
1779558891.022417,-0.25,-0.09765625,-0.197265625,0.31640625,0.0,-0.525390625,0,0
1779558891.030465,-0.25,-0.09765625,-0.197265625,0.326171875,0.0,-0.521484375,0,0
1779558891.038401,-0.25,-0.09765625,-0.1875,0.326171875,0.0,-0.521484375,0,0
1779558891.046356,-0.25,-0.09765625,-0.1875,0.3359375,0.0,-0.51953125,0,0
1779558891.054354,-0.25,-0.08984375,-0.171875,0.3359375,0.0,-0.51953125,0,0
1779558891.062373,-0.25,-0.08984375,-0.171875,0.349609375,0.0,-0.517578125,0,0
1779558891.070416,-0.25,-0.0859375,-0.15625,0.349609375,0.0,-0.517578125,0,0
1779558891.078382,-0.25,-0.0859375,-0.15625,0.3671875,0.0,-0.515625,0,0
1779558891.086429,-0.24609375,-0.076171875,-0.142578125,0.3671875,0.0,-0.515625,0,0
1779558891.094366,-0.24609375,-0.076171875,-0.142578125,0.37890625,0.0,-0.51171875,0,0
1779558891.102388,-0.24609375,-0.07421875,-0.130859375,0.37890625,0.0,-0.51171875,0,0
1779558891.110371,-0.24609375,-0.07421875,-0.130859375,0.396484375,0.0,-0.5078125,0,0
1779558891.118364,-0.2421875,-0.0703125,-0.119140625,0.396484375,0.0,-0.5078125,0,0
1779558891.126362,-0.2421875,-0.0703125,-0.119140625,0.4140625,0.0,-0.501953125,0,0
1779558891.134389,-0.240234375,-0.06640625,-0.115234375,0.4140625,0.0,-0.501953125,0,0
1779558891.142337,-0.240234375,-0.06640625,-0.115234375,0.416015625,0.0,-0.498046875,0,0
1779558891.150377,-0.23828125,-0.0625,-0.109375,0.416015625,0.0,-0.498046875,0,0
1779558891.158321,-0.23828125,-0.0625,-0.109375,0.4296875,0.0,-0.494140625,0,0
1779558891.166338,-0.236328125,-0.0546875,-0.099609375,0.4296875,0.0,-0.494140625,0,0
1779558891.174405,-0.236328125,-0.0546875,-0.099609375,0.4453125,0.0,-0.4921875,0,0
1779558891.182392,-0.234375,-0.048828125,-0.095703125,0.4453125,0.0,-0.4921875,0,0
1779558891.190292,-0.234375,-0.048828125,-0.095703125,0.458984375,0.0,-0.490234375,0,0
1779558891.198365,-0.23046875,-0.041015625,-0.091796875,0.458984375,0.0,-0.490234375,0,0
1779558891.206407,-0.23046875,-0.041015625,-0.091796875,0.47265625,0.0,-0.490234375,0,0
1779558891.214373,-0.228515625,-0.03515625,-0.08984375,0.47265625,0.0,-0.490234375,0,0
1779558891.222409,-0.228515625,-0.03515625,-0.08984375,0.478515625,0.00390625,-0.486328125,0,0
1779558891.230431,-0.22265625,-0.03125,-0.08203125,0.478515625,0.00390625,-0.486328125,0,0
1779558891.238414,-0.22265625,-0.03125,-0.08203125,0.484375,0.013671875,-0.484375,0,0
1779558891.246418,-0.216796875,-0.02734375,-0.076171875,0.484375,0.013671875,-0.484375,0,0
1779558891.254387,-0.216796875,-0.02734375,-0.076171875,0.48828125,0.021484375,-0.482421875,0,0
1779558891.262364,-0.2109375,-0.01953125,-0.06640625,0.48828125,0.021484375,-0.482421875,0,0
1779558891.270381,-0.2109375,-0.01953125,-0.06640625,0.490234375,0.03125,-0.482421875,0,0
1779558891.278358,-0.203125,-0.015625,-0.05859375,0.490234375,0.03125,-0.482421875,0,0
1779558891.286325,-0.203125,-0.015625,-0.05859375,0.49609375,0.0390625,-0.48046875,0,0
1779558891.294388,-0.1953125,-0.009765625,-0.05078125,0.49609375,0.0390625,-0.48046875,0,0
1779558891.302329,-0.1953125,-0.009765625,-0.05078125,0.501953125,0.05078125,-0.478515625,0,0
1779558891.310346,-0.1875,-0.00390625,-0.0390625,0.501953125,0.05078125,-0.478515625,0,0
1779558891.318428,-0.1875,-0.00390625,-0.0390625,0.51171875,0.0625,-0.474609375,0,0
1779558891.326363,-0.181640625,-0.00390625,-0.029296875,0.51171875,0.0625,-0.474609375,0,0
1779558891.334398,-0.181640625,-0.00390625,-0.029296875,0.525390625,0.072265625,-0.46875,0,0
1779558891.342374,-0.177734375,-0.00390625,-0.02734375,0.525390625,0.072265625,-0.46875,0,0
1779558891.350383,-0.177734375,-0.00390625,-0.02734375,0.53125,0.078125,-0.46484375,0,0
1779558891.358307,-0.173828125,-0.00390625,-0.021484375,0.53125,0.078125,-0.46484375,0,0
1779558891.366434,-0.173828125,-0.00390625,-0.021484375,0.544921875,0.08203125,-0.45703125,0,0
1779558891.374373,-0.169921875,-0.00390625,-0.015625,0.544921875,0.08203125,-0.45703125,0,0
1779558891.382423,-0.169921875,-0.00390625,-0.015625,0.5625,0.08984375,-0.447265625,0,0
1779558891.390345,-0.162109375,-0.00390625,-0.005859375,0.5625,0.08984375,-0.447265625,0,0
1779558891.398421,-0.162109375,-0.00390625,-0.005859375,0.580078125,0.1015625,-0.4375,0,0
1779558891.406411,-0.15625,-0.00390625,-0.005859375,0.580078125,0.1015625,-0.4375,0,0
1779558891.414369,-0.15625,-0.00390625,-0.005859375,0.599609375,0.115234375,-0.42578125,0,0
1779558891.422421,-0.15234375,-0.00390625,-0.005859375,0.599609375,0.115234375,-0.42578125,0,0
1779558891.430379,-0.15234375,-0.00390625,-0.005859375,0.619140625,0.123046875,-0.416015625,0,0
1779558891.438364,-0.14453125,-0.00390625,-0.005859375,0.619140625,0.123046875,-0.416015625,0,0
1779558891.446357,-0.14453125,-0.00390625,-0.005859375,0.630859375,0.12890625,-0.40625,0,0
1779558891.454359,-0.140625,-0.00390625,-0.005859375,0.630859375,0.12890625,-0.40625,0,0
1779558891.462359,-0.140625,-0.00390625,-0.005859375,0.658203125,0.142578125,-0.390625,0,0
1779558891.470324,-0.134765625,-0.00390625,-0.005859375,0.658203125,0.142578125,-0.390625,0,0
1779558891.478414,-0.134765625,-0.00390625,-0.005859375,0.66796875,0.146484375,-0.384765625,0,0
1779558891.486376,-0.12890625,-0.00390625,-0.005859375,0.66796875,0.146484375,-0.384765625,0,0
1779558891.494390,-0.12890625,-0.00390625,-0.005859375,0.68359375,0.15625,-0.373046875,0,0
1779558891.502324,-0.123046875,-0.00390625,-0.005859375,0.68359375,0.15625,-0.373046875,0,0
1779558891.510396,-0.123046875,-0.00390625,-0.005859375,0.68359375,0.16015625,-0.365234375,0,0
1779558891.518327,-0.119140625,-0.00390625,-0.005859375,0.68359375,0.16015625,-0.365234375,0,0
1779558891.526367,-0.119140625,-0.00390625,-0.005859375,0.68359375,0.166015625,-0.357421875,0,0
1779558891.534385,-0.115234375,-0.00390625,-0.005859375,0.68359375,0.166015625,-0.357421875,0,0
1779558891.542367,-0.115234375,-0.00390625,-0.005859375,0.68359375,0.177734375,-0.34375,0,0
1779558891.550330,-0.111328125,-0.00390625,-0.005859375,0.68359375,0.177734375,-0.34375,0,0
1779558891.558363,-0.111328125,-0.00390625,-0.005859375,0.68359375,0.189453125,-0.33203125,0,0
1779558891.566386,-0.109375,-0.00390625,-0.005859375,0.68359375,0.189453125,-0.33203125,0,0
1779558891.574361,-0.109375,-0.00390625,-0.005859375,0.68359375,0.1953125,-0.3203125,0,0
1779558891.582407,-0.107421875,-0.00390625,-0.005859375,0.68359375,0.1953125,-0.3203125,0,0
1779558891.590425,-0.107421875,-0.00390625,-0.005859375,0.68359375,0.19921875,-0.30859375,0,0
1779558891.598356,-0.1015625,-0.00390625,-0.005859375,0.68359375,0.19921875,-0.30859375,0,0
1779558891.606380,-0.1015625,-0.00390625,-0.005859375,0.68359375,0.19921875,-0.302734375,0,0
1779558891.614403,-0.1015625,-0.00390625,-0.005859375,0.68359375,0.19921875,-0.302734375,0,0
1779558891.622354,-0.1015625,-0.00390625,-0.005859375,0.68359375,0.1953125,-0.30078125,0,0
1779558891.630354,-0.1015625,-0.00390625,-0.005859375,0.68359375,0.1953125,-0.30078125,0,0
1779558891.638341,-0.1015625,-0.00390625,-0.005859375,0.68359375,0.1953125,-0.30078125,0,0
1779558891.646421,-0.099609375,-0.00390625,-0.005859375,0.68359375,0.1953125,-0.30078125,0,0
1779558891.654359,-0.099609375,-0.00390625,-0.005859375,0.68359375,0.193359375,-0.30078125,0,0
1779558891.662450,-0.099609375,-0.00390625,-0.005859375,0.68359375,0.193359375,-0.30078125,0,0
1779558891.670397,-0.099609375,-0.00390625,-0.005859375,0.68359375,0.193359375,-0.298828125,0,0
1779558891.678386,-0.099609375,-0.00390625,-0.005859375,0.68359375,0.193359375,-0.298828125,0,0
1779558891.686353,-0.099609375,-0.00390625,-0.005859375,0.68359375,0.19140625,-0.298828125,0,0
1779558891.694379,-0.099609375,-0.00390625,-0.005859375,0.68359375,0.19140625,-0.298828125,0,0
1779558891.702381,-0.099609375,-0.00390625,-0.005859375,0.68359375,0.189453125,-0.296875,0,0
1779558891.710359,-0.099609375,-0.00390625,-0.005859375,0.68359375,0.189453125,-0.296875,0,0
1779558891.718370,-0.099609375,-0.00390625,-0.005859375,0.68359375,0.189453125,-0.296875,0,0
1779558891.726352,-0.099609375,-0.00390625,-0.005859375,0.68359375,0.189453125,-0.296875,0,0
1779558891.734385,-0.099609375,-0.00390625,-0.005859375,0.68359375,0.185546875,-0.294921875,0,0
1779558891.742371,-0.099609375,-0.00390625,-0.005859375,0.68359375,0.185546875,-0.294921875,0,0
1779558891.750367,-0.099609375,-0.00390625,-0.005859375,0.68359375,0.1875,-0.294921875,0,0
1779558891.758348,-0.099609375,-0.00390625,-0.005859375,0.68359375,0.1875,-0.294921875,0,0
1779558891.766335,-0.099609375,-0.00390625,-0.005859375,0.68359375,0.1875,-0.294921875,0,0
1779558891.774410,-0.099609375,-0.00390625,-0.005859375,0.68359375,0.1875,-0.294921875,0,0
1779558891.782393,-0.099609375,-0.00390625,-0.005859375,0.68359375,0.189453125,-0.294921875,0,0
1779558891.790402,-0.099609375,-0.00390625,-0.005859375,0.68359375,0.189453125,-0.294921875,0,0
1779558891.798382,-0.099609375,-0.00390625,-0.005859375,0.68359375,0.189453125,-0.294921875,0,0
1779558891.806377,-0.099609375,-0.00390625,-0.005859375,0.68359375,0.189453125,-0.294921875,0,0
1779558891.814371,-0.099609375,-0.00390625,-0.005859375,0.68359375,0.1875,-0.294921875,0,0
1779558891.822366,-0.09765625,-0.00390625,-0.005859375,0.68359375,0.1875,-0.294921875,0,0
1779558891.830322,-0.09765625,-0.00390625,-0.005859375,0.68359375,0.1875,-0.294921875,0,0
1779558891.838373,-0.09765625,-0.00390625,-0.005859375,0.68359375,0.1875,-0.294921875,0,0
1779558891.846396,-0.09765625,-0.00390625,-0.005859375,0.68359375,0.1875,-0.294921875,0,0
1779558891.854367,-0.09765625,-0.00390625,-0.005859375,0.68359375,0.1875,-0.294921875,0,0
1779558891.862369,-0.09765625,-0.00390625,-0.005859375,0.68359375,0.1875,-0.294921875,0,0
1779558891.870384,-0.09765625,-0.00390625,-0.005859375,0.68359375,0.1875,-0.294921875,0,0
1779558891.878336,-0.09765625,-0.00390625,-0.005859375,0.68359375,0.1875,-0.294921875,0,0
1779558891.886366,-0.09765625,-0.00390625,-0.005859375,0.68359375,0.1875,-0.294921875,0,0
1779558891.894330,-0.09765625,-0.00390625,-0.005859375,0.68359375,0.1875,-0.294921875,0,0
1779558891.902436,-0.09765625,-0.00390625,-0.005859375,0.68359375,0.1875,-0.294921875,0,0
1779558891.910365,-0.09765625,-0.00390625,-0.005859375,0.68359375,0.1875,-0.294921875,0,0
1779558891.918434,-0.09765625,-0.00390625,-0.005859375,0.68359375,0.1875,-0.294921875,0,0
1779558891.926376,-0.09765625,-0.00390625,-0.005859375,0.68359375,0.1875,-0.294921875,0,0
1779558891.934395,-0.09765625,-0.00390625,-0.005859375,0.68359375,0.1875,-0.294921875,0,0
1779558891.942405,-0.09765625,-0.00390625,-0.005859375,0.68359375,0.1875,-0.294921875,0,0
1779558891.950327,-0.09765625,-0.00390625,-0.005859375,0.68359375,0.1875,-0.294921875,0,0
1779558891.958357,-0.09765625,-0.00390625,-0.005859375,0.68359375,0.185546875,-0.294921875,0,0
1779558891.966356,-0.09765625,-0.00390625,-0.005859375,0.68359375,0.185546875,-0.294921875,0,0
1779558891.974403,-0.09765625,-0.00390625,-0.005859375,0.68359375,0.185546875,-0.294921875,0,0
1779558891.982388,-0.09765625,-0.00390625,-0.005859375,0.68359375,0.185546875,-0.294921875,0,0
1779558891.990334,-0.09765625,-0.00390625,-0.005859375,0.68359375,0.185546875,-0.294921875,0,0
1779558891.998351,-0.09765625,-0.00390625,-0.005859375,0.68359375,0.185546875,-0.294921875,0,0
1779558892.006324,-0.09765625,-0.00390625,-0.005859375,0.68359375,0.185546875,-0.294921875,0,0
1779558892.014338,-0.09765625,-0.00390625,-0.005859375,0.68359375,0.185546875,-0.294921875,0,0
1779558892.022331,-0.09765625,-0.00390625,-0.005859375,0.68359375,0.185546875,-0.294921875,0,0
1779558892.030373,-0.09765625,-0.00390625,-0.005859375,0.68359375,0.185546875,-0.294921875,0,0
1779558892.038355,-0.09765625,-0.00390625,-0.005859375,0.68359375,0.185546875,-0.294921875,0,0
1779558892.046377,-0.099609375,-0.00390625,-0.005859375,0.68359375,0.185546875,-0.294921875,0,0
1779558892.054329,-0.099609375,-0.00390625,-0.005859375,0.68359375,0.18359375,-0.294921875,0,0
1779558892.062410,-0.099609375,-0.00390625,-0.005859375,0.68359375,0.18359375,-0.294921875,0,0
1779558892.070374,-0.099609375,-0.00390625,-0.005859375,0.68359375,0.18359375,-0.296875,0,0
1779558892.078417,-0.099609375,-0.00390625,-0.005859375,0.68359375,0.18359375,-0.296875,0,0
1779558892.086426,-0.099609375,-0.00390625,-0.005859375,0.68359375,0.18359375,-0.296875,0,0
1779558892.094430,-0.099609375,-0.00390625,-0.005859375,0.68359375,0.18359375,-0.296875,0,0
1779558892.102311,-0.099609375,-0.00390625,-0.005859375,0.68359375,0.181640625,-0.296875,0,0
1779558892.110340,-0.099609375,-0.00390625,-0.005859375,0.68359375,0.181640625,-0.296875,0,0
1779558892.118342,-0.099609375,-0.00390625,-0.005859375,0.68359375,0.181640625,-0.298828125,0,0
1779558892.126324,-0.099609375,-0.00390625,-0.005859375,0.68359375,0.181640625,-0.298828125,0,0
1779558892.134355,-0.099609375,-0.00390625,-0.005859375,0.68359375,0.181640625,-0.298828125,0,0
1779558892.142394,-0.099609375,-0.00390625,-0.005859375,0.68359375,0.181640625,-0.298828125,0,0
1779558892.150351,-0.099609375,-0.00390625,-0.005859375,0.68359375,0.181640625,-0.298828125,0,0
1779558892.158357,-0.099609375,-0.00390625,-0.005859375,0.68359375,0.181640625,-0.298828125,0,0
1779558892.166351,-0.099609375,-0.00390625,-0.005859375,0.68359375,0.181640625,-0.298828125,0,0
1779558892.174399,-0.099609375,-0.00390625,-0.005859375,0.68359375,0.181640625,-0.298828125,0,0
1779558892.182415,-0.099609375,-0.00390625,-0.005859375,0.68359375,0.18359375,-0.298828125,0,0
1779558892.190346,-0.099609375,-0.00390625,-0.005859375,0.68359375,0.18359375,-0.298828125,0,0
1779558892.198331,-0.099609375,-0.00390625,-0.005859375,0.68359375,0.18359375,-0.298828125,0,0
1779558892.206322,-0.099609375,-0.00390625,-0.005859375,0.68359375,0.18359375,-0.298828125,0,0
1779558892.214338,-0.099609375,-0.00390625,-0.005859375,0.68359375,0.1796875,-0.298828125,0,0
1779558892.222386,-0.099609375,-0.00390625,-0.005859375,0.68359375,0.1796875,-0.298828125,0,0
1779558892.230341,-0.099609375,-0.00390625,-0.005859375,0.68359375,0.1796875,-0.298828125,0,0
1779558892.238309,-0.099609375,-0.00390625,-0.005859375,0.68359375,0.1796875,-0.298828125,0,0
1779558892.246327,-0.099609375,-0.00390625,-0.005859375,0.68359375,0.177734375,-0.298828125,0,0
1779558892.254366,-0.099609375,-0.00390625,-0.005859375,0.68359375,0.177734375,-0.298828125,0,0
1779558892.262352,-0.099609375,-0.00390625,-0.005859375,0.68359375,0.177734375,-0.298828125,0,0
1779558892.270440,-0.099609375,-0.00390625,-0.005859375,0.68359375,0.177734375,-0.298828125,0,0
1779558892.278345,-0.099609375,-0.00390625,-0.005859375,0.68359375,0.177734375,-0.298828125,0,0
1779558892.286369,-0.099609375,-0.00390625,-0.005859375,0.68359375,0.177734375,-0.298828125,0,0
1779558892.294378,-0.099609375,-0.00390625,-0.005859375,0.68359375,0.177734375,-0.298828125,0,0
1779558892.302352,-0.099609375,-0.00390625,-0.005859375,0.68359375,0.177734375,-0.298828125,0,0
1779558892.310356,-0.099609375,-0.00390625,-0.005859375,0.68359375,0.177734375,-0.298828125,0,0
1779558892.318342,-0.099609375,-0.00390625,-0.005859375,0.68359375,0.177734375,-0.298828125,0,0
1779558892.326350,-0.099609375,-0.00390625,-0.005859375,0.68359375,0.173828125,-0.298828125,0,0
1779558892.334382,-0.099609375,-0.00390625,-0.005859375,0.68359375,0.173828125,-0.298828125,0,0
1779558892.342357,-0.099609375,-0.00390625,-0.005859375,0.68359375,0.171875,-0.298828125,0,0
1779558892.350318,-0.1015625,-0.00390625,-0.005859375,0.68359375,0.171875,-0.298828125,0,0
1779558892.358295,-0.1015625,-0.00390625,-0.005859375,0.68359375,0.16796875,-0.298828125,0,0
1779558892.366342,-0.099609375,-0.00390625,-0.005859375,0.68359375,0.16796875,-0.298828125,0,0
1779558892.374318,-0.099609375,-0.00390625,-0.005859375,0.68359375,0.162109375,-0.302734375,0,0
1779558892.382317,-0.09375,-0.00390625,-0.005859375,0.68359375,0.162109375,-0.302734375,0,0
1779558892.390368,-0.09375,-0.00390625,-0.005859375,0.68359375,0.158203125,-0.3046875,0,0
1779558892.398416,-0.091796875,-0.00390625,-0.005859375,0.68359375,0.158203125,-0.3046875,0,0
1779558892.406404,-0.091796875,-0.00390625,-0.005859375,0.68359375,0.146484375,-0.310546875,0,0
1779558892.414416,-0.09765625,-0.00390625,-0.005859375,0.68359375,0.146484375,-0.310546875,0,0
1779558892.422350,-0.09765625,-0.00390625,-0.005859375,0.68359375,0.126953125,-0.314453125,0,0
1779558892.430340,-0.119140625,-0.00390625,-0.005859375,0.68359375,0.126953125,-0.314453125,0,0
1779558892.438354,-0.119140625,-0.00390625,-0.005859375,0.68359375,0.103515625,-0.322265625,0,0
1779558892.446346,-0.1484375,-0.00390625,-0.005859375,0.68359375,0.103515625,-0.322265625,0,0
1779558892.454332,-0.1484375,-0.00390625,-0.005859375,0.68359375,0.083984375,-0.328125,0,0
1779558892.462370,-0.1640625,-0.0078125,-0.005859375,0.68359375,0.083984375,-0.328125,0,0
1779558892.470334,-0.1640625,-0.0078125,-0.005859375,0.68359375,0.07421875,-0.328125,0,0
1779558892.478312,-0.171875,-0.04296875,-0.005859375,0.68359375,0.07421875,-0.328125,0,0
1779558892.486355,-0.171875,-0.04296875,-0.005859375,0.68359375,0.072265625,-0.3203125,0,0
1779558892.494357,-0.177734375,-0.08203125,-0.005859375,0.68359375,0.072265625,-0.3203125,0,0
1779558892.502356,-0.177734375,-0.08203125,-0.005859375,0.65234375,0.068359375,-0.3046875,0,0
1779558892.510324,-0.17578125,-0.130859375,-0.005859375,0.65234375,0.068359375,-0.3046875,0,0
1779558892.518350,-0.17578125,-0.130859375,-0.005859375,0.61328125,0.060546875,-0.279296875,0,0
1779558892.526291,-0.1640625,-0.1875,0.013671875,0.61328125,0.060546875,-0.279296875,0,0
1779558892.534427,-0.1640625,-0.1875,0.013671875,0.560546875,0.037109375,-0.25,0,0
1779558892.542366,-0.140625,-0.234375,0.015625,0.560546875,0.037109375,-0.25,0,0
1779558892.550364,-0.140625,-0.234375,0.015625,0.505859375,0.015625,-0.228515625,0,0
1779558892.558368,-0.1015625,-0.298828125,0.015625,0.505859375,0.015625,-0.228515625,0,0
1779558892.566356,-0.1015625,-0.298828125,0.015625,0.435546875,0.015625,-0.197265625,0,0
1779558892.574421,-0.0625,-0.32421875,0.015625,0.435546875,0.015625,-0.197265625,0,0
1779558892.582418,-0.0625,-0.32421875,0.015625,0.39453125,0.00390625,-0.17578125,0,0
1779558892.590340,-0.03125,-0.24609375,0.00390625,0.39453125,0.00390625,-0.17578125,0,0
1779558892.598419,-0.03125,-0.24609375,0.00390625,0.337890625,0.005859375,-0.138671875,0,0
1779558892.606411,-0.03125,-0.197265625,0.0,0.337890625,0.005859375,-0.138671875,0,0
1779558892.614382,-0.03125,-0.197265625,0.0,0.287109375,0.01171875,-0.09375,0,0
1779558892.622349,-0.03125,-0.15234375,0.0,0.287109375,0.01171875,-0.09375,0,0
1779558892.630327,-0.03125,-0.15234375,0.0,0.234375,0.005859375,-0.048828125,0,0
1779558892.638361,-0.03125,-0.103515625,0.00390625,0.234375,0.005859375,-0.048828125,0,0
1779558892.646379,-0.03125,-0.103515625,0.00390625,0.20703125,0.005859375,-0.01171875,0,0
1779558892.654350,-0.03125,-0.064453125,0.0,0.20703125,0.005859375,-0.01171875,0,0
1779558892.662344,-0.03125,-0.064453125,0.0,0.1796875,0.005859375,-0.01171875,0,0
1779558892.670332,-0.03125,-0.052734375,0.0,0.1796875,0.005859375,-0.01171875,0,0
1779558892.678339,-0.03125,-0.052734375,0.0,0.11328125,0.005859375,-0.01171875,0,0
1779558892.686375,0.009765625,-0.0390625,0.0,0.11328125,0.005859375,-0.01171875,0,0
1779558892.694400,0.009765625,-0.0390625,0.0,0.083984375,0.005859375,-0.01171875,0,0
1779558892.702358,0.01171875,-0.03515625,0.0,0.083984375,0.005859375,-0.01171875,0,0
1779558892.710416,0.01171875,-0.03515625,0.0,0.056640625,0.005859375,-0.01171875,0,0
1779558892.718410,0.01171875,-0.025390625,0.0,0.056640625,0.005859375,-0.01171875,0,0
1779558892.726302,0.01171875,-0.025390625,0.0,0.04296875,0.005859375,-0.01171875,0,0
1779558892.742360,0.01171875,-0.025390625,0.0,0.021484375,0.005859375,-0.01171875,0,0
1779558892.772386,0.0,0.0,0.0,0.0,0.0,0.0,0,0
1779558892.803351,0.0,0.0,0.0,0.0,0.0,0.0,0,0
1779558892.834339,0.0,0.0,0.0,0.0,0.0,0.0,0,0
1779558892.865314,0.0,0.0,0.0,0.0,0.0,0.0,0,0
1779558892.896339,0.0,0.0,0.0,0.0,0.0,0.0,0,0
1779558892.927348,0.0,0.0,0.0,0.0,0.0,0.0,0,0
1779558892.958386,0.01171875,-0.025390625,0.0,0.013671875,0.005859375,-0.01171875,0,0
1779558892.974377,0.01171875,-0.025390625,0.0,0.08984375,0.005859375,-0.015625,0,0
1779558892.982357,-0.025390625,-0.06640625,0.0,0.08984375,0.005859375,-0.015625,0,0
1779558892.990307,-0.025390625,-0.06640625,0.0,0.322265625,0.005859375,-0.1015625,0,0
1779558892.998345,-0.060546875,-0.1171875,0.0,0.322265625,0.005859375,-0.1015625,0,0
1779558893.006323,-0.060546875,-0.1171875,0.0,0.46484375,0.005859375,-0.16015625,0,0
1779558893.014347,-0.072265625,-0.162109375,0.0,0.46484375,0.005859375,-0.16015625,0,0
1779558893.022331,-0.072265625,-0.162109375,0.0,0.623046875,0.005859375,-0.208984375,0,0
1779558893.030384,-0.072265625,-0.091796875,0.0,0.623046875,0.005859375,-0.208984375,0,0
1779558893.038358,-0.072265625,-0.091796875,0.0,0.68359375,0.005859375,-0.228515625,0,0
1779558893.046384,-0.078125,-0.033203125,0.0,0.68359375,0.005859375,-0.228515625,0,0
1779558893.054364,-0.078125,-0.033203125,0.0,0.68359375,0.0234375,-0.2421875,0,0
1779558893.062352,-0.078125,0.0,0.0,0.68359375,0.0234375,-0.2421875,0,0
1779558893.070359,-0.078125,0.0,0.0,0.68359375,0.052734375,-0.244140625,0,0
1779558893.078350,-0.078125,0.0,0.0,0.68359375,0.052734375,-0.244140625,0,0
1779558893.086330,-0.078125,0.0,0.0,0.68359375,0.072265625,-0.240234375,0,0
1779558893.094395,-0.080078125,0.0,0.0,0.68359375,0.072265625,-0.240234375,0,0
1779558893.102350,-0.080078125,0.0,0.0,0.68359375,0.09765625,-0.232421875,0,0
1779558893.110336,-0.083984375,0.0,0.0,0.68359375,0.09765625,-0.232421875,0,0
1779558893.118400,-0.083984375,0.0,0.0,0.68359375,0.107421875,-0.228515625,0,0
1779558893.126345,-0.08984375,0.0,0.0,0.68359375,0.107421875,-0.228515625,0,0
1779558893.134333,-0.08984375,0.0,0.0,0.68359375,0.115234375,-0.228515625,0,0
1779558893.142359,-0.095703125,0.0,0.0,0.68359375,0.115234375,-0.228515625,0,0
1779558893.150365,-0.095703125,0.0,0.0,0.68359375,0.126953125,-0.228515625,0,0
1779558893.158328,-0.10546875,0.0,0.0,0.68359375,0.126953125,-0.228515625,0,0
1779558893.166410,-0.10546875,0.0,0.0,0.68359375,0.130859375,-0.228515625,0,0
1779558893.174376,-0.107421875,0.0,0.0,0.68359375,0.130859375,-0.228515625,0,0
1779558893.182389,-0.107421875,0.0,0.0,0.68359375,0.134765625,-0.228515625,0,0
1779558893.190370,-0.107421875,0.0,0.0,0.68359375,0.134765625,-0.228515625,0,0
1779558893.198416,-0.107421875,0.0,0.0,0.68359375,0.138671875,-0.23046875,0,0
1779558893.206354,-0.11328125,0.0,0.0,0.68359375,0.138671875,-0.23046875,0,0
1779558893.214406,-0.11328125,0.0,0.0,0.68359375,0.142578125,-0.23046875,0,0
1779558893.222385,-0.11328125,0.0,0.0,0.68359375,0.142578125,-0.23046875,0,0
1779558893.230423,-0.11328125,0.0,0.0,0.68359375,0.14453125,-0.23046875,0,0
1779558893.238384,-0.119140625,0.0,0.0,0.68359375,0.14453125,-0.23046875,0,0
1779558893.246380,-0.119140625,0.0,0.0,0.68359375,0.146484375,-0.232421875,0,0
1779558893.254369,-0.119140625,0.0,0.0,0.68359375,0.146484375,-0.232421875,0,0
1779558893.262486,-0.119140625,0.0,0.0,0.68359375,0.15234375,-0.234375,0,0
1779558893.270336,-0.125,0.0,0.0,0.68359375,0.15234375,-0.234375,0,0
1779558893.278345,-0.125,0.0,0.0,0.68359375,0.154296875,-0.234375,0,0
1779558893.286332,-0.126953125,0.0,0.0,0.68359375,0.154296875,-0.234375,0,0
1779558893.294343,-0.126953125,0.0,0.0,0.68359375,0.16015625,-0.236328125,0,0
1779558893.302375,-0.130859375,0.0,0.0,0.68359375,0.16015625,-0.236328125,0,0
1779558893.310410,-0.130859375,0.0,0.0,0.68359375,0.1640625,-0.23828125,0,0
1779558893.318396,-0.138671875,0.0,0.0,0.68359375,0.1640625,-0.23828125,0,0
1779558893.326330,-0.138671875,0.0,0.0,0.68359375,0.16796875,-0.2578125,0,0
1779558893.334384,-0.138671875,0.0,0.0,0.68359375,0.16796875,-0.2578125,0,0
1779558893.342380,-0.138671875,0.0,0.0,0.68359375,0.16796875,-0.259765625,0,0
1779558893.350385,-0.140625,0.0,0.0,0.68359375,0.16796875,-0.259765625,0,0
1779558893.358432,-0.140625,0.0,0.0,0.68359375,0.166015625,-0.263671875,0,0
1779558893.366332,-0.138671875,0.0,0.0,0.68359375,0.166015625,-0.263671875,0,0
1779558893.374375,-0.138671875,0.0,0.0,0.68359375,0.166015625,-0.26953125,0,0
1779558893.382328,-0.130859375,0.0,0.0,0.68359375,0.166015625,-0.26953125,0,0
1779558893.390328,-0.130859375,0.0,0.0,0.68359375,0.16015625,-0.27734375,0,0
1779558893.398400,-0.123046875,0.0,0.0,0.68359375,0.16015625,-0.27734375,0,0
1779558893.406303,-0.123046875,0.0,0.0,0.68359375,0.15625,-0.28515625,0,0
1779558893.414370,-0.11328125,0.0,-0.0078125,0.68359375,0.15625,-0.28515625,0,0
1779558893.422318,-0.11328125,0.0,-0.0078125,0.68359375,0.146484375,-0.294921875,0,0
1779558893.430391,-0.111328125,0.0,-0.015625,0.68359375,0.146484375,-0.294921875,0,0
1779558893.438333,-0.111328125,0.0,-0.015625,0.68359375,0.138671875,-0.30078125,0,0
1779558893.446318,-0.1171875,0.0,-0.0234375,0.68359375,0.138671875,-0.30078125,0,0
1779558893.454376,-0.1171875,0.0,-0.0234375,0.68359375,0.13671875,-0.30078125,0,0
1779558893.462390,-0.126953125,0.0,-0.029296875,0.68359375,0.13671875,-0.30078125,0,0
1779558893.470363,-0.126953125,0.0,-0.029296875,0.68359375,0.1328125,-0.30078125,0,0
1779558893.478388,-0.14453125,0.0,-0.03515625,0.68359375,0.1328125,-0.30078125,0,0
1779558893.486347,-0.14453125,0.0,-0.03515625,0.68359375,0.130859375,-0.298828125,0,0
1779558893.494407,-0.173828125,-0.0078125,-0.04296875,0.68359375,0.130859375,-0.298828125,0,0
1779558893.502390,-0.173828125,-0.0078125,-0.04296875,0.68359375,0.12890625,-0.296875,0,0
1779558893.510344,-0.185546875,-0.0234375,-0.044921875,0.68359375,0.12890625,-0.296875,0,0
1779558893.518415,-0.185546875,-0.0234375,-0.044921875,0.68359375,0.126953125,-0.294921875,0,0
1779558893.526354,-0.205078125,-0.04296875,-0.05078125,0.68359375,0.126953125,-0.294921875,0,0
1779558893.534379,-0.205078125,-0.04296875,-0.05078125,0.68359375,0.125,-0.291015625,0,0
1779558893.542350,-0.220703125,-0.056640625,-0.05078125,0.68359375,0.125,-0.291015625,0,0
1779558893.550387,-0.220703125,-0.056640625,-0.05078125,0.68359375,0.12109375,-0.28515625,0,0
1779558893.558425,-0.232421875,-0.07421875,-0.05078125,0.68359375,0.12109375,-0.28515625,0,0
1779558893.566378,-0.232421875,-0.07421875,-0.05078125,0.68359375,0.119140625,-0.279296875,0,0
1779558893.574360,-0.240234375,-0.083984375,-0.05078125,0.68359375,0.119140625,-0.279296875,0,0
1779558893.582375,-0.240234375,-0.083984375,-0.05078125,0.68359375,0.119140625,-0.2734375,0,0
1779558893.590346,-0.244140625,-0.09765625,-0.05078125,0.68359375,0.119140625,-0.2734375,0,0
1779558893.598437,-0.244140625,-0.09765625,-0.05078125,0.68359375,0.119140625,-0.263671875,0,0
1779558893.606371,-0.248046875,-0.111328125,-0.048828125,0.68359375,0.119140625,-0.263671875,0,0
1779558893.614363,-0.248046875,-0.111328125,-0.048828125,0.68359375,0.123046875,-0.25,0,0
1779558893.622312,-0.248046875,-0.130859375,-0.044921875,0.68359375,0.123046875,-0.25,0,0
1779558893.630414,-0.248046875,-0.130859375,-0.044921875,0.68359375,0.126953125,-0.234375,0,0
1779558893.638359,-0.251953125,-0.146484375,-0.041015625,0.68359375,0.126953125,-0.234375,0,0
1779558893.646369,-0.251953125,-0.146484375,-0.041015625,0.68359375,0.12890625,-0.22265625,0,0
1779558893.654323,-0.26171875,-0.1640625,-0.03515625,0.68359375,0.12890625,-0.22265625,0,0
1779558893.662378,-0.26171875,-0.1640625,-0.03515625,0.68359375,0.130859375,-0.212890625,0,0
1779558893.670350,-0.275390625,-0.173828125,-0.033203125,0.68359375,0.130859375,-0.212890625,0,0
1779558893.678378,-0.275390625,-0.173828125,-0.033203125,0.68359375,0.12890625,-0.20703125,0,0
1779558893.686447,-0.28125,-0.1796875,-0.02734375,0.68359375,0.12890625,-0.20703125,0,0
1779558893.694312,-0.28125,-0.1796875,-0.02734375,0.68359375,0.1328125,-0.205078125,0,0
1779558893.702375,-0.28515625,-0.19140625,-0.0234375,0.68359375,0.1328125,-0.205078125,0,0
1779558893.710371,-0.28515625,-0.19140625,-0.0234375,0.68359375,0.130859375,-0.201171875,0,0
1779558893.718359,-0.2890625,-0.21484375,-0.01953125,0.68359375,0.130859375,-0.201171875,0,0
1779558893.726375,-0.2890625,-0.21484375,-0.01953125,0.681640625,0.123046875,-0.189453125,0,0
1779558893.734348,-0.2890625,-0.21875,-0.021484375,0.681640625,0.123046875,-0.189453125,0,0
1779558893.742387,-0.2890625,-0.21875,-0.021484375,0.677734375,0.12109375,-0.185546875,0,0
1779558893.750399,-0.2890625,-0.228515625,-0.021484375,0.677734375,0.12109375,-0.185546875,0,0
1779558893.758393,-0.2890625,-0.228515625,-0.021484375,0.67578125,0.12109375,-0.1796875,0,0
1779558893.766385,-0.29296875,-0.234375,-0.021484375,0.67578125,0.12109375,-0.1796875,0,0
1779558893.774383,-0.29296875,-0.234375,-0.021484375,0.671875,0.1171875,-0.173828125,0,0
1779558893.782428,-0.29296875,-0.244140625,-0.017578125,0.671875,0.1171875,-0.173828125,0,0
1779558893.790415,-0.29296875,-0.244140625,-0.017578125,0.66796875,0.12109375,-0.16796875,0,0
1779558893.798437,-0.29296875,-0.2578125,-0.005859375,0.66796875,0.12109375,-0.16796875,0,0
1779558893.806366,-0.29296875,-0.2578125,-0.005859375,0.66015625,0.12109375,-0.158203125,0,0
1779558893.814332,-0.294921875,-0.2734375,-0.005859375,0.66015625,0.12109375,-0.158203125,0,0
1779558893.822351,-0.294921875,-0.2734375,-0.005859375,0.65234375,0.1171875,-0.150390625,0,0
1779558893.830422,-0.29296875,-0.279296875,-0.005859375,0.65234375,0.1171875,-0.150390625,0,0
1779558893.838378,-0.29296875,-0.279296875,-0.005859375,0.640625,0.115234375,-0.146484375,0,0
1779558893.846375,-0.2890625,-0.28515625,-0.005859375,0.640625,0.115234375,-0.146484375,0,0
1779558893.854366,-0.2890625,-0.28515625,-0.005859375,0.6328125,0.107421875,-0.146484375,0,0
1779558893.862404,-0.287109375,-0.2890625,-0.005859375,0.6328125,0.107421875,-0.146484375,0,0
1779558893.870380,-0.287109375,-0.2890625,-0.005859375,0.626953125,0.1015625,-0.142578125,0,0
1779558893.878432,-0.28515625,-0.296875,-0.005859375,0.626953125,0.1015625,-0.142578125,0,0
1779558893.886344,-0.28515625,-0.296875,-0.005859375,0.62109375,0.09765625,-0.13671875,0,0
1779558893.894417,-0.283203125,-0.306640625,-0.005859375,0.62109375,0.09765625,-0.13671875,0,0
1779558893.902369,-0.283203125,-0.306640625,-0.005859375,0.619140625,0.095703125,-0.1328125,0,0
1779558893.910485,-0.28125,-0.30859375,-0.005859375,0.619140625,0.095703125,-0.1328125,0,0
1779558893.918368,-0.28125,-0.30859375,-0.005859375,0.611328125,0.09375,-0.130859375,0,0
1779558893.926375,-0.27734375,-0.310546875,-0.005859375,0.611328125,0.09375,-0.130859375,0,0
1779558893.934345,-0.27734375,-0.310546875,-0.005859375,0.609375,0.08984375,-0.130859375,0,0
1779558893.942347,-0.275390625,-0.310546875,-0.0078125,0.609375,0.08984375,-0.130859375,0,0
1779558893.950325,-0.275390625,-0.310546875,-0.0078125,0.609375,0.083984375,-0.130859375,0,0
1779558893.958339,-0.26953125,-0.3125,-0.015625,0.609375,0.083984375,-0.130859375,0,0
1779558893.966346,-0.26953125,-0.3125,-0.015625,0.609375,0.08203125,-0.130859375,0,0
1779558893.974388,-0.26953125,-0.31640625,-0.017578125,0.609375,0.08203125,-0.130859375,0,0
1779558893.982411,-0.26953125,-0.31640625,-0.017578125,0.611328125,0.080078125,-0.126953125,0,0
1779558893.990363,-0.265625,-0.3203125,-0.021484375,0.611328125,0.080078125,-0.126953125,0,0
1779558893.998397,-0.265625,-0.3203125,-0.021484375,0.611328125,0.078125,-0.123046875,0,0
1779558894.006423,-0.263671875,-0.322265625,-0.0234375,0.611328125,0.078125,-0.123046875,0,0
1779558894.014358,-0.263671875,-0.322265625,-0.0234375,0.615234375,0.076171875,-0.12109375,0,0
1779558894.022392,-0.26171875,-0.322265625,-0.02734375,0.615234375,0.076171875,-0.12109375,0,0
1779558894.030375,-0.26171875,-0.322265625,-0.02734375,0.615234375,0.076171875,-0.1171875,0,0
1779558894.038411,-0.259765625,-0.32421875,-0.033203125,0.615234375,0.076171875,-0.1171875,0,0
1779558894.046363,-0.259765625,-0.32421875,-0.033203125,0.61328125,0.072265625,-0.1171875,0,0
1779558894.054324,-0.259765625,-0.328125,-0.0390625,0.61328125,0.072265625,-0.1171875,0,0
1779558894.062396,-0.259765625,-0.328125,-0.0390625,0.611328125,0.0703125,-0.115234375,0,0
1779558894.070381,-0.259765625,-0.33203125,-0.04296875,0.611328125,0.0703125,-0.115234375,0,0
1779558894.078357,-0.259765625,-0.33203125,-0.04296875,0.60546875,0.068359375,-0.11328125,0,0
1779558894.086408,-0.259765625,-0.3359375,-0.04296875,0.60546875,0.068359375,-0.11328125,0,0
1779558894.094400,-0.259765625,-0.3359375,-0.04296875,0.60546875,0.068359375,-0.109375,0,0
1779558894.102360,-0.26171875,-0.33984375,-0.04296875,0.60546875,0.068359375,-0.109375,0,0
1779558894.110419,-0.26171875,-0.33984375,-0.04296875,0.60546875,0.06640625,-0.107421875,0,0
1779558894.118424,-0.26171875,-0.34375,-0.04296875,0.60546875,0.06640625,-0.107421875,0,0
1779558894.126410,-0.26171875,-0.34375,-0.04296875,0.60546875,0.06640625,-0.103515625,0,0
1779558894.134406,-0.26171875,-0.34375,-0.04296875,0.60546875,0.06640625,-0.103515625,0,0
1779558894.142380,-0.26171875,-0.34375,-0.04296875,0.6015625,0.06640625,-0.103515625,0,0
1779558894.150334,-0.26171875,-0.34765625,-0.04296875,0.6015625,0.06640625,-0.103515625,0,0
1779558894.158353,-0.26171875,-0.34765625,-0.04296875,0.6015625,0.06640625,-0.1015625,0,0
1779558894.166414,-0.26171875,-0.349609375,-0.044921875,0.6015625,0.06640625,-0.1015625,0,0
1779558894.174397,-0.26171875,-0.349609375,-0.044921875,0.6015625,0.064453125,-0.1015625,0,0
1779558894.182400,-0.259765625,-0.349609375,-0.046875,0.6015625,0.064453125,-0.1015625,0,0
1779558894.190398,-0.259765625,-0.349609375,-0.046875,0.6015625,0.064453125,-0.099609375,0,0
1779558894.198422,-0.2578125,-0.349609375,-0.05078125,0.6015625,0.064453125,-0.099609375,0,0
1779558894.206400,-0.2578125,-0.349609375,-0.05078125,0.603515625,0.064453125,-0.099609375,0,0
1779558894.214378,-0.255859375,-0.349609375,-0.0546875,0.603515625,0.064453125,-0.099609375,0,0
1779558894.222405,-0.255859375,-0.349609375,-0.0546875,0.607421875,0.064453125,-0.09765625,0,0
1779558894.230353,-0.255859375,-0.34765625,-0.056640625,0.607421875,0.064453125,-0.09765625,0,0
1779558894.238346,-0.255859375,-0.34765625,-0.056640625,0.609375,0.064453125,-0.09765625,0,0
1779558894.246326,-0.255859375,-0.345703125,-0.056640625,0.609375,0.064453125,-0.09765625,0,0
1779558894.254382,-0.255859375,-0.345703125,-0.056640625,0.611328125,0.068359375,-0.099609375,0,0
1779558894.262346,-0.255859375,-0.34375,-0.056640625,0.611328125,0.068359375,-0.099609375,0,0
1779558894.270348,-0.255859375,-0.34375,-0.056640625,0.607421875,0.068359375,-0.1015625,0,0
1779558894.278361,-0.25390625,-0.341796875,-0.05859375,0.607421875,0.068359375,-0.1015625,0,0
1779558894.286314,-0.25390625,-0.341796875,-0.05859375,0.607421875,0.068359375,-0.103515625,0,0
1779558894.294353,-0.248046875,-0.341796875,-0.06640625,0.607421875,0.068359375,-0.103515625,0,0
1779558894.302380,-0.248046875,-0.341796875,-0.06640625,0.607421875,0.06640625,-0.103515625,0,0
1779558894.310374,-0.244140625,-0.341796875,-0.0703125,0.607421875,0.06640625,-0.103515625,0,0
1779558894.318397,-0.244140625,-0.341796875,-0.0703125,0.607421875,0.06640625,-0.103515625,0,0
1779558894.326374,-0.23828125,-0.34375,-0.078125,0.607421875,0.06640625,-0.103515625,0,0
1779558894.334392,-0.23828125,-0.34375,-0.078125,0.609375,0.06640625,-0.10546875,0,0
1779558894.342412,-0.232421875,-0.34375,-0.083984375,0.609375,0.06640625,-0.10546875,0,0
1779558894.350425,-0.232421875,-0.34375,-0.083984375,0.609375,0.06640625,-0.10546875,0,0
1779558894.358367,-0.228515625,-0.34375,-0.09375,0.609375,0.06640625,-0.10546875,0,0
1779558894.366349,-0.228515625,-0.34375,-0.09375,0.607421875,0.0625,-0.10546875,0,0
1779558894.374344,-0.22265625,-0.345703125,-0.099609375,0.607421875,0.0625,-0.10546875,0,0
1779558894.382337,-0.22265625,-0.345703125,-0.099609375,0.607421875,0.060546875,-0.10546875,0,0
1779558894.390337,-0.216796875,-0.34765625,-0.107421875,0.607421875,0.060546875,-0.10546875,0,0
1779558894.398375,-0.216796875,-0.34765625,-0.107421875,0.607421875,0.05859375,-0.107421875,0,0
1779558894.406330,-0.212890625,-0.34375,-0.11328125,0.607421875,0.05859375,-0.107421875,0,0
1779558894.414360,-0.212890625,-0.34375,-0.11328125,0.611328125,0.0625,-0.111328125,0,0
1779558894.422343,-0.212890625,-0.337890625,-0.115234375,0.611328125,0.0625,-0.111328125,0,0
1779558894.430394,-0.212890625,-0.337890625,-0.115234375,0.615234375,0.064453125,-0.11328125,0,0
1779558894.438335,-0.212890625,-0.337890625,-0.119140625,0.615234375,0.064453125,-0.11328125,0,0
1779558894.446376,-0.212890625,-0.337890625,-0.119140625,0.62109375,0.06640625,-0.11328125,0,0
1779558894.454381,-0.2109375,-0.337890625,-0.119140625,0.62109375,0.06640625,-0.11328125,0,0
1779558894.462324,-0.2109375,-0.337890625,-0.119140625,0.62109375,0.06640625,-0.11328125,0,0
1779558894.470331,-0.208984375,-0.33984375,-0.125,0.62109375,0.06640625,-0.11328125,0,0
1779558894.478305,-0.208984375,-0.33984375,-0.125,0.623046875,0.06640625,-0.111328125,0,0
1779558894.486288,-0.20703125,-0.341796875,-0.126953125,0.623046875,0.06640625,-0.111328125,0,0
1779558894.494357,-0.20703125,-0.341796875,-0.126953125,0.625,0.06640625,-0.109375,0,0
1779558894.502347,-0.205078125,-0.341796875,-0.130859375,0.625,0.06640625,-0.109375,0,0
1779558894.510347,-0.205078125,-0.341796875,-0.130859375,0.625,0.064453125,-0.107421875,0,0
1779558894.518357,-0.201171875,-0.34375,-0.134765625,0.625,0.064453125,-0.107421875,0,0
1779558894.526363,-0.201171875,-0.34375,-0.134765625,0.630859375,0.064453125,-0.10546875,0,0
1779558894.534339,-0.197265625,-0.34765625,-0.138671875,0.630859375,0.064453125,-0.10546875,0,0
1779558894.542354,-0.197265625,-0.34765625,-0.138671875,0.6328125,0.068359375,-0.103515625,0,0
1779558894.550384,-0.1953125,-0.3515625,-0.142578125,0.6328125,0.068359375,-0.103515625,0,0
1779558894.558421,-0.1953125,-0.3515625,-0.142578125,0.630859375,0.068359375,-0.09765625,0,0
1779558894.566447,-0.19140625,-0.359375,-0.14453125,0.630859375,0.068359375,-0.09765625,0,0
1779558894.574420,-0.19140625,-0.359375,-0.14453125,0.62890625,0.064453125,-0.091796875,0,0
1779558894.582374,-0.1875,-0.3671875,-0.1484375,0.62890625,0.064453125,-0.091796875,0,0
1779558894.590369,-0.1875,-0.3671875,-0.1484375,0.626953125,0.0625,-0.0859375,0,0
1779558894.598401,-0.1875,-0.369140625,-0.150390625,0.626953125,0.0625,-0.0859375,0,0
1779558894.606369,-0.1875,-0.369140625,-0.150390625,0.623046875,0.060546875,-0.083984375,0,0
1779558894.614354,-0.185546875,-0.375,-0.15234375,0.623046875,0.060546875,-0.083984375,0,0
1779558894.622360,-0.185546875,-0.375,-0.15234375,0.6171875,0.05859375,-0.083984375,0,0
1779558894.630419,-0.18359375,-0.37890625,-0.15234375,0.6171875,0.05859375,-0.083984375,0,0
1779558894.638427,-0.18359375,-0.37890625,-0.15234375,0.611328125,0.0546875,-0.080078125,0,0
1779558894.646414,-0.1796875,-0.3828125,-0.15625,0.611328125,0.0546875,-0.080078125,0,0
1779558894.654379,-0.1796875,-0.3828125,-0.15625,0.611328125,0.05078125,-0.078125,0,0
1779558894.662436,-0.1796875,-0.388671875,-0.158203125,0.611328125,0.05078125,-0.078125,0,0
1779558894.670393,-0.1796875,-0.388671875,-0.158203125,0.611328125,0.05078125,-0.072265625,0,0
1779558894.678374,-0.177734375,-0.396484375,-0.158203125,0.611328125,0.05078125,-0.072265625,0,0
1779558894.686387,-0.177734375,-0.396484375,-0.158203125,0.611328125,0.048828125,-0.06640625,0,0
1779558894.694350,-0.177734375,-0.40234375,-0.158203125,0.611328125,0.048828125,-0.06640625,0,0
1779558894.702382,-0.177734375,-0.40234375,-0.158203125,0.609375,0.048828125,-0.060546875,0,0
1779558894.710385,-0.17578125,-0.408203125,-0.15625,0.609375,0.048828125,-0.060546875,0,0
1779558894.718435,-0.17578125,-0.408203125,-0.15625,0.607421875,0.048828125,-0.05859375,0,0
1779558894.726376,-0.173828125,-0.41015625,-0.154296875,0.607421875,0.048828125,-0.05859375,0,0
1779558894.734386,-0.173828125,-0.41015625,-0.154296875,0.60546875,0.048828125,-0.056640625,0,0
1779558894.742382,-0.173828125,-0.412109375,-0.15625,0.60546875,0.048828125,-0.056640625,0,0
1779558894.750399,-0.173828125,-0.412109375,-0.15625,0.6015625,0.046875,-0.0546875,0,0
1779558894.758386,-0.173828125,-0.416015625,-0.15625,0.6015625,0.046875,-0.0546875,0,0
1779558894.766383,-0.173828125,-0.416015625,-0.15625,0.6015625,0.044921875,-0.052734375,0,0
1779558894.774354,-0.169921875,-0.41796875,-0.158203125,0.6015625,0.044921875,-0.052734375,0,0
1779558894.782379,-0.169921875,-0.41796875,-0.158203125,0.6015625,0.04296875,-0.05078125,0,0
1779558894.790414,-0.169921875,-0.423828125,-0.158203125,0.6015625,0.04296875,-0.05078125,0,0
1779558894.798411,-0.169921875,-0.423828125,-0.158203125,0.595703125,0.0390625,-0.046875,0,0
1779558894.806397,-0.169921875,-0.423828125,-0.158203125,0.595703125,0.0390625,-0.046875,0,0
1779558894.814369,-0.169921875,-0.423828125,-0.158203125,0.591796875,0.0390625,-0.044921875,0,0
1779558894.822369,-0.169921875,-0.431640625,-0.16015625,0.591796875,0.0390625,-0.044921875,0,0
1779558894.830381,-0.169921875,-0.431640625,-0.16015625,0.591796875,0.037109375,-0.041015625,0,0
1779558894.838396,-0.1640625,-0.435546875,-0.16015625,0.591796875,0.037109375,-0.041015625,0,0
1779558894.846414,-0.1640625,-0.435546875,-0.16015625,0.591796875,0.037109375,-0.037109375,0,0
1779558894.854412,-0.1640625,-0.439453125,-0.162109375,0.591796875,0.037109375,-0.037109375,0,0
1779558894.862439,-0.1640625,-0.439453125,-0.162109375,0.58984375,0.03515625,-0.03515625,0,0
1779558894.870369,-0.162109375,-0.44140625,-0.1640625,0.58984375,0.03515625,-0.03515625,0,0
1779558894.878408,-0.162109375,-0.44140625,-0.1640625,0.587890625,0.033203125,-0.033203125,0,0
1779558894.886396,-0.16015625,-0.443359375,-0.166015625,0.587890625,0.033203125,-0.033203125,0,0
1779558894.894365,-0.16015625,-0.443359375,-0.166015625,0.5859375,0.029296875,-0.03125,0,0
1779558894.902361,-0.158203125,-0.443359375,-0.166015625,0.5859375,0.029296875,-0.03125,0,0
1779558894.910392,-0.158203125,-0.443359375,-0.166015625,0.5859375,0.029296875,-0.03125,0,0
1779558894.918352,-0.158203125,-0.443359375,-0.16796875,0.5859375,0.029296875,-0.03125,0,0
1779558894.926385,-0.158203125,-0.443359375,-0.16796875,0.587890625,0.029296875,-0.029296875,0,0
1779558894.934426,-0.158203125,-0.443359375,-0.16796875,0.587890625,0.029296875,-0.029296875,0,0
1779558894.942367,-0.158203125,-0.443359375,-0.16796875,0.59375,0.029296875,-0.029296875,0,0
1779558894.950351,-0.158203125,-0.443359375,-0.169921875,0.59375,0.029296875,-0.029296875,0,0
1779558894.958352,-0.158203125,-0.443359375,-0.169921875,0.6015625,0.03515625,-0.02734375,0,0
1779558894.966381,-0.15625,-0.4453125,-0.171875,0.6015625,0.03515625,-0.02734375,0,0
1779558894.974395,-0.15625,-0.4453125,-0.171875,0.6015625,0.03515625,-0.025390625,0,0
1779558894.982375,-0.154296875,-0.4453125,-0.171875,0.6015625,0.03515625,-0.025390625,0,0
1779558894.990387,-0.154296875,-0.4453125,-0.171875,0.59765625,0.037109375,-0.025390625,0,0
1779558894.998364,-0.154296875,-0.44921875,-0.16796875,0.59765625,0.037109375,-0.025390625,0,0
1779558895.006374,-0.154296875,-0.44921875,-0.16796875,0.591796875,0.037109375,-0.0234375,0,0
1779558895.014310,-0.15234375,-0.451171875,-0.16796875,0.591796875,0.037109375,-0.0234375,0,0
1779558895.022374,-0.15234375,-0.451171875,-0.16796875,0.587890625,0.03515625,-0.021484375,0,0
1779558895.030385,-0.15234375,-0.455078125,-0.16796875,0.587890625,0.03515625,-0.021484375,0,0
1779558895.038350,-0.15234375,-0.455078125,-0.16796875,0.58984375,0.03515625,-0.017578125,0,0
1779558895.046321,-0.15234375,-0.458984375,-0.16796875,0.58984375,0.03515625,-0.017578125,0,0
1779558895.054335,-0.15234375,-0.458984375,-0.16796875,0.58984375,0.03125,-0.015625,0,0
1779558895.062398,-0.150390625,-0.4609375,-0.169921875,0.58984375,0.03125,-0.015625,0,0
1779558895.070389,-0.150390625,-0.4609375,-0.169921875,0.587890625,0.03125,-0.01171875,0,0
1779558895.078366,-0.146484375,-0.46484375,-0.169921875,0.587890625,0.03125,-0.01171875,0,0
1779558895.086380,-0.146484375,-0.46484375,-0.169921875,0.583984375,0.029296875,-0.009765625,0,0
1779558895.094373,-0.14453125,-0.470703125,-0.171875,0.583984375,0.029296875,-0.009765625,0,0
1779558895.102386,-0.14453125,-0.470703125,-0.171875,0.580078125,0.02734375,-0.0078125,0,0
1779558895.110341,-0.142578125,-0.47265625,-0.173828125,0.580078125,0.02734375,-0.0078125,0,0
1779558895.118352,-0.142578125,-0.47265625,-0.173828125,0.576171875,0.025390625,-0.005859375,0,0
1779558895.126338,-0.138671875,-0.4765625,-0.173828125,0.576171875,0.025390625,-0.005859375,0,0
1779558895.134349,-0.138671875,-0.4765625,-0.173828125,0.57421875,0.025390625,-0.00390625,0,0
1779558895.142359,-0.13671875,-0.478515625,-0.173828125,0.57421875,0.025390625,-0.00390625,0,0
1779558895.150434,-0.13671875,-0.478515625,-0.173828125,0.572265625,0.025390625,0.0,0,0
1779558895.158310,-0.12890625,-0.484375,-0.177734375,0.572265625,0.025390625,0.0,0,0
1779558895.166371,-0.12890625,-0.484375,-0.177734375,0.5703125,0.025390625,0.0,0,0
1779558895.174391,-0.119140625,-0.4921875,-0.18359375,0.5703125,0.025390625,0.0,0,0
1779558895.182361,-0.119140625,-0.4921875,-0.18359375,0.568359375,0.025390625,0.0,0,0
1779558895.190379,-0.109375,-0.498046875,-0.1875,0.568359375,0.025390625,0.0,0,0
1779558895.198368,-0.109375,-0.498046875,-0.1875,0.564453125,0.025390625,0.0,0,0
1779558895.206336,-0.09765625,-0.501953125,-0.193359375,0.564453125,0.025390625,0.0,0,0
1779558895.214369,-0.09765625,-0.501953125,-0.193359375,0.560546875,0.02734375,0.0,0,0
1779558895.222379,-0.08203125,-0.50390625,-0.19921875,0.560546875,0.02734375,0.0,0,0
1779558895.230398,-0.08203125,-0.50390625,-0.19921875,0.55859375,0.037109375,0.0,0,0
1779558895.238364,-0.0625,-0.509765625,-0.203125,0.55859375,0.037109375,0.0,0,0
1779558895.246374,-0.0625,-0.509765625,-0.203125,0.552734375,0.046875,0.0,0,0
1779558895.254299,-0.04296875,-0.51171875,-0.20703125,0.552734375,0.046875,0.0,0,0
1779558895.262410,-0.04296875,-0.51171875,-0.20703125,0.544921875,0.052734375,0.0,0,0
1779558895.270401,-0.0234375,-0.51171875,-0.205078125,0.544921875,0.052734375,0.0,0,0
1779558895.278325,-0.0234375,-0.51171875,-0.205078125,0.541015625,0.068359375,0.0,0,0
1779558895.286327,-0.005859375,-0.501953125,-0.1953125,0.541015625,0.068359375,0.0,0,0
1779558895.294359,-0.005859375,-0.501953125,-0.1953125,0.544921875,0.0859375,0.0,0,0
1779558895.302466,-0.005859375,-0.470703125,-0.171875,0.544921875,0.0859375,0.0,0,0
1779558895.310402,-0.005859375,-0.470703125,-0.171875,0.556640625,0.12890625,-0.009765625,0,0
1779558895.318367,-0.005859375,-0.435546875,-0.1484375,0.556640625,0.12890625,-0.009765625,0,0
1779558895.326348,-0.005859375,-0.435546875,-0.1484375,0.5625,0.16796875,-0.03125,0,0
1779558895.334346,-0.005859375,-0.390625,-0.130859375,0.5625,0.16796875,-0.03125,0,0
1779558895.342358,-0.005859375,-0.390625,-0.130859375,0.578125,0.2109375,-0.05859375,0,0
1779558895.350384,-0.005859375,-0.34375,-0.115234375,0.578125,0.2109375,-0.05859375,0,0
1779558895.358360,-0.005859375,-0.34375,-0.115234375,0.603515625,0.248046875,-0.08984375,0,0
1779558895.366361,-0.005859375,-0.291015625,-0.10546875,0.603515625,0.248046875,-0.08984375,0,0
1779558895.374380,-0.005859375,-0.291015625,-0.10546875,0.64453125,0.28125,-0.119140625,0,0
1779558895.382340,-0.005859375,-0.2421875,-0.099609375,0.64453125,0.28125,-0.119140625,0,0
1779558895.390396,-0.005859375,-0.2421875,-0.099609375,0.68359375,0.318359375,-0.140625,0,0
1779558895.398360,-0.005859375,-0.205078125,-0.09375,0.68359375,0.318359375,-0.140625,0,0
1779558895.406401,-0.005859375,-0.205078125,-0.09375,0.68359375,0.353515625,-0.150390625,0,0
1779558895.414312,-0.005859375,-0.1875,-0.068359375,0.68359375,0.353515625,-0.150390625,0,0
1779558895.422376,-0.005859375,-0.1875,-0.068359375,0.68359375,0.375,-0.150390625,0,0
1779558895.430382,-0.005859375,-0.18359375,-0.041015625,0.68359375,0.375,-0.150390625,0,0
1779558895.438450,-0.005859375,-0.18359375,-0.041015625,0.68359375,0.39453125,-0.126953125,0,0
1779558895.446361,-0.005859375,-0.189453125,-0.0390625,0.68359375,0.39453125,-0.126953125,0,0
1779558895.454347,-0.005859375,-0.189453125,-0.0390625,0.68359375,0.396484375,-0.111328125,0,0
1779558895.462360,-0.005859375,-0.203125,-0.04296875,0.68359375,0.396484375,-0.111328125,0,0
1779558895.470376,-0.005859375,-0.203125,-0.04296875,0.68359375,0.390625,-0.0859375,0,0
1779558895.478375,-0.005859375,-0.220703125,-0.046875,0.68359375,0.390625,-0.0859375,0,0
1779558895.486416,-0.005859375,-0.220703125,-0.046875,0.68359375,0.390625,-0.060546875,0,0
1779558895.494368,0.009765625,-0.220703125,-0.05078125,0.68359375,0.390625,-0.060546875,0,0
1779558895.502390,0.009765625,-0.220703125,-0.05078125,0.68359375,0.408203125,-0.02734375,0,0
1779558895.510412,0.037109375,-0.205078125,-0.052734375,0.68359375,0.408203125,-0.02734375,0,0
1779558895.518392,0.037109375,-0.205078125,-0.052734375,0.68359375,0.42578125,-0.02734375,0,0
1779558895.526411,0.06640625,-0.189453125,-0.052734375,0.68359375,0.42578125,-0.02734375,0,0
1779558895.534355,0.06640625,-0.189453125,-0.052734375,0.68359375,0.435546875,-0.02734375,0,0
1779558895.542373,0.08984375,-0.173828125,-0.052734375,0.68359375,0.435546875,-0.02734375,0,0
1779558895.550378,0.08984375,-0.173828125,-0.052734375,0.68359375,0.439453125,-0.02734375,0,0
1779558895.558366,0.109375,-0.162109375,-0.048828125,0.68359375,0.439453125,-0.02734375,0,0
1779558895.566386,0.109375,-0.162109375,-0.048828125,0.68359375,0.451171875,0.02734375,0,0
1779558895.574410,0.125,-0.150390625,-0.04296875,0.68359375,0.451171875,0.02734375,0,0
1779558895.582377,0.125,-0.150390625,-0.04296875,0.68359375,0.462890625,0.05859375,0,0
1779558895.590383,0.119140625,-0.1484375,-0.041015625,0.68359375,0.462890625,0.05859375,0,0
1779558895.598341,0.119140625,-0.1484375,-0.041015625,0.68359375,0.46875,0.072265625,0,0
1779558895.614392,0.111328125,-0.1484375,-0.0390625,0.68359375,0.46875,0.072265625,0,0
1779558895.622362,0.111328125,-0.1484375,-0.0390625,0.68359375,0.474609375,0.08203125,0,0
1779558895.630386,0.091796875,-0.158203125,-0.037109375,0.68359375,0.474609375,0.08203125,0,0
1779558895.638410,0.091796875,-0.158203125,-0.037109375,0.68359375,0.48046875,0.09765625,0,0
1779558895.646411,0.08984375,-0.158203125,-0.037109375,0.68359375,0.48046875,0.09765625,0,0
1779558895.654311,0.08984375,-0.158203125,-0.037109375,0.68359375,0.48046875,0.1015625,0,0
1779558895.662392,0.08984375,-0.158203125,-0.03515625,0.68359375,0.48046875,0.1015625,0,0
1779558895.670306,0.08984375,-0.158203125,-0.03515625,0.68359375,0.48046875,0.103515625,0,0
1779558895.678398,0.08984375,-0.162109375,-0.03125,0.68359375,0.48046875,0.103515625,0,0
1779558895.686319,0.08984375,-0.162109375,-0.03125,0.68359375,0.484375,0.103515625,0,0
1779558895.694363,0.08984375,-0.166015625,-0.03125,0.68359375,0.484375,0.103515625,0,0
1779558895.702375,0.08984375,-0.166015625,-0.03125,0.68359375,0.494140625,0.09375,0,0
1779558895.710373,0.123046875,-0.15625,-0.03125,0.68359375,0.494140625,0.09375,0,0
1779558895.718399,0.123046875,-0.15625,-0.03125,0.68359375,0.5234375,0.0390625,0,0
1779558895.726336,0.171875,-0.140625,-0.03125,0.68359375,0.5234375,0.0390625,0,0
1779558895.734373,0.171875,-0.140625,-0.03125,0.671875,0.556640625,0.0390625,0,0
1779558895.742424,0.2421875,-0.138671875,-0.05859375,0.671875,0.556640625,0.0390625,0,0
1779558895.750384,0.2421875,-0.138671875,-0.05859375,0.634765625,0.568359375,0.0390625,0,0
1779558895.758382,0.248046875,-0.1484375,-0.060546875,0.634765625,0.568359375,0.0390625,0,0
1779558895.766423,0.248046875,-0.1484375,-0.060546875,0.59375,0.54296875,-0.048828125,0,0
1779558895.774350,0.2265625,-0.185546875,-0.0390625,0.59375,0.54296875,-0.048828125,0,0
1779558895.782417,0.2265625,-0.185546875,-0.0390625,0.546875,0.509765625,-0.08984375,0,0
1779558895.790377,0.203125,-0.2421875,-0.013671875,0.546875,0.509765625,-0.08984375,0,0
1779558895.798401,0.203125,-0.2421875,-0.013671875,0.51953125,0.46484375,-0.099609375,0,0
1779558895.806358,0.17578125,-0.263671875,-0.013671875,0.51953125,0.46484375,-0.099609375,0,0
1779558895.814340,0.17578125,-0.263671875,-0.013671875,0.462890625,0.388671875,-0.080078125,0,0
1779558895.822372,0.15234375,-0.263671875,-0.013671875,0.462890625,0.388671875,-0.080078125,0,0
1779558895.830425,0.15234375,-0.263671875,-0.013671875,0.37890625,0.2890625,-0.01953125,0,0
1779558895.838422,0.103515625,-0.23046875,-0.013671875,0.37890625,0.2890625,-0.01953125,0,0
1779558895.846353,0.103515625,-0.23046875,-0.013671875,0.2734375,0.19140625,-0.01953125,0,0
1779558895.854349,0.05859375,-0.16796875,-0.013671875,0.2734375,0.19140625,-0.01953125,0,0
1779558895.862387,0.05859375,-0.16796875,-0.013671875,0.19140625,0.091796875,0.099609375,0,0
1779558895.870361,-0.01953125,-0.119140625,-0.013671875,0.19140625,0.091796875,0.099609375,0,0
1779558895.878357,-0.01953125,-0.119140625,-0.013671875,0.158203125,0.091796875,0.1328125,0,0
1779558895.886346,-0.009765625,-0.109375,-0.013671875,0.158203125,0.091796875,0.1328125,0,0
1779558895.894405,-0.009765625,-0.109375,-0.013671875,0.12890625,-0.025390625,0.107421875,0,0
1779558895.902346,-0.009765625,-0.037109375,-0.013671875,0.12890625,-0.025390625,0.107421875,0,0
1779558895.910369,-0.009765625,-0.037109375,-0.013671875,0.02734375,-0.025390625,0.037109375,0,0
1779558895.918410,-0.009765625,-0.052734375,-0.013671875,0.02734375,-0.025390625,0.037109375,0,0
1779558895.926370,-0.009765625,-0.052734375,-0.013671875,0.060546875,-0.025390625,0.00390625,0,0
1779558895.934368,-0.009765625,-0.064453125,-0.013671875,0.060546875,-0.025390625,0.00390625,0,0
1779558895.942364,-0.009765625,-0.064453125,-0.013671875,0.080078125,-0.025390625,0.0078125,0,0
1779558895.950333,-0.009765625,-0.07421875,-0.005859375,0.080078125,-0.025390625,0.0078125,0,0
1779558895.958353,-0.009765625,-0.07421875,-0.005859375,0.05078125,-0.025390625,0.021484375,0,0
1779558895.966405,-0.009765625,-0.068359375,-0.03125,0.05078125,-0.025390625,0.021484375,0,0
1779558895.974379,-0.009765625,-0.068359375,-0.03125,0.021484375,-0.025390625,0.021484375,0,0
1779558895.982351,-0.009765625,-0.126953125,-0.0859375,0.021484375,-0.025390625,0.021484375,0,0
1779558895.990363,-0.009765625,-0.126953125,-0.0859375,0.083984375,-0.025390625,0.021484375,0,0
1779558895.998341,-0.009765625,-0.119140625,-0.068359375,0.083984375,-0.025390625,0.021484375,0,0
1779558896.006373,-0.009765625,-0.119140625,-0.068359375,0.10546875,0.015625,-0.115234375,0,0
1779558896.014308,-0.009765625,-0.115234375,-0.029296875,0.10546875,0.015625,-0.115234375,0,0
1779558896.022344,-0.009765625,-0.115234375,-0.029296875,0.09375,0.060546875,-0.28515625,0,0
1779558896.030350,0.025390625,-0.130859375,-0.015625,0.09375,0.060546875,-0.28515625,0,0
1779558896.038368,0.025390625,-0.130859375,-0.015625,0.08984375,0.1015625,-0.412109375,0,0
1779558896.046345,0.04296875,-0.119140625,-0.01953125,0.08984375,0.1015625,-0.412109375,0,0
1779558896.054349,0.04296875,-0.119140625,-0.01953125,0.103515625,0.140625,-0.52734375,0,0
1779558896.062358,0.015625,-0.0546875,-0.01953125,0.103515625,0.140625,-0.52734375,0,0
1779558896.070377,0.015625,-0.0546875,-0.01953125,0.09375,0.154296875,-0.609375,0,0
1779558896.078361,0.015625,-0.033203125,-0.025390625,0.09375,0.154296875,-0.609375,0,0
1779558896.086443,0.015625,-0.033203125,-0.025390625,0.076171875,0.15234375,-0.669921875,0,0
1779558896.094310,0.015625,-0.03125,-0.037109375,0.076171875,0.15234375,-0.669921875,0,0
1779558896.102331,0.015625,-0.03125,-0.037109375,0.060546875,0.119140625,-0.68359375,0,0
1779558896.110399,0.015625,-0.025390625,-0.041015625,0.060546875,0.119140625,-0.68359375,0,0
1779558896.118345,0.015625,-0.025390625,-0.041015625,0.05078125,0.099609375,-0.68359375,0,0
1779558896.126332,0.015625,-0.0234375,-0.04296875,0.05078125,0.099609375,-0.68359375,0,0
1779558896.134406,0.015625,-0.0234375,-0.04296875,0.046875,0.091796875,-0.68359375,0,0
1779558896.142379,0.015625,-0.021484375,-0.046875,0.046875,0.091796875,-0.68359375,0,0
1779558896.150371,0.015625,-0.021484375,-0.046875,0.04296875,0.087890625,-0.68359375,0,0
1779558896.158391,0.015625,-0.021484375,-0.046875,0.04296875,0.087890625,-0.68359375,0,0
1779558896.166375,0.015625,-0.021484375,-0.046875,0.04296875,0.083984375,-0.68359375,0,0
1779558896.174330,0.015625,-0.021484375,-0.046875,0.04296875,0.083984375,-0.68359375,0,0
1779558896.182354,0.015625,-0.021484375,-0.046875,0.04296875,0.0859375,-0.68359375,0,0
1779558896.190351,0.015625,-0.021484375,-0.046875,0.04296875,0.0859375,-0.68359375,0,0
1779558896.198411,0.015625,-0.021484375,-0.046875,0.044921875,0.0859375,-0.68359375,0,0
1779558896.206328,0.015625,-0.021484375,-0.046875,0.044921875,0.0859375,-0.68359375,0,0
1779558896.214366,0.015625,-0.021484375,-0.046875,0.044921875,0.0859375,-0.68359375,0,0
1779558896.222316,0.015625,-0.021484375,-0.046875,0.044921875,0.0859375,-0.68359375,0,0
1779558896.230342,0.015625,-0.021484375,-0.046875,0.046875,0.087890625,-0.68359375,0,0
1779558896.238318,0.015625,-0.021484375,-0.046875,0.046875,0.087890625,-0.68359375,0,0
1779558896.246317,0.015625,-0.021484375,-0.046875,0.046875,0.087890625,-0.68359375,0,0
1779558896.254344,0.015625,-0.021484375,-0.046875,0.046875,0.087890625,-0.68359375,0,0
1779558896.262315,0.015625,-0.021484375,-0.046875,0.048828125,0.0859375,-0.68359375,0,0
1779558896.270323,0.015625,-0.021484375,-0.046875,0.048828125,0.0859375,-0.68359375,0,0
1779558896.278310,0.015625,-0.021484375,-0.046875,0.048828125,0.0859375,-0.68359375,0,0
1779558896.286301,0.015625,-0.021484375,-0.046875,0.048828125,0.0859375,-0.68359375,0,0
1779558896.294362,0.015625,-0.021484375,-0.046875,0.05078125,0.0859375,-0.68359375,0,0
1779558896.302360,0.015625,-0.021484375,-0.046875,0.05078125,0.0859375,-0.68359375,0,0
1779558896.310357,0.015625,-0.021484375,-0.046875,0.05078125,0.0859375,-0.68359375,0,0
1779558896.318354,0.015625,-0.01953125,-0.044921875,0.05078125,0.0859375,-0.68359375,0,0
1779558896.326331,0.015625,-0.01953125,-0.044921875,0.05078125,0.0859375,-0.68359375,0,0
1779558896.334378,0.015625,-0.01953125,-0.044921875,0.05078125,0.0859375,-0.68359375,0,0
1779558896.342359,0.015625,-0.01953125,-0.044921875,0.05078125,0.0859375,-0.68359375,0,0
1779558896.350347,0.015625,-0.01953125,-0.044921875,0.05078125,0.0859375,-0.68359375,0,0
1779558896.358398,0.015625,-0.01953125,-0.044921875,0.05078125,0.0859375,-0.68359375,0,0
1779558896.366423,0.015625,-0.01953125,-0.044921875,0.05078125,0.0859375,-0.68359375,0,0
1779558896.374367,0.015625,-0.01953125,-0.044921875,0.05078125,0.0859375,-0.68359375,0,0
1779558896.382421,0.015625,-0.01953125,-0.044921875,0.05078125,0.0859375,-0.68359375,0,0
1779558896.390371,0.015625,-0.01953125,-0.044921875,0.05078125,0.0859375,-0.68359375,0,0
1779558896.398355,0.015625,-0.01953125,-0.044921875,0.05078125,0.0859375,-0.68359375,0,0
1779558896.406373,0.015625,-0.01953125,-0.044921875,0.05078125,0.0859375,-0.68359375,0,0
1779558896.414385,0.015625,-0.01953125,-0.044921875,0.05078125,0.0859375,-0.68359375,0,0
1779558896.422383,0.015625,-0.01953125,-0.044921875,0.05078125,0.0859375,-0.68359375,0,0
1779558896.430408,0.015625,-0.01953125,-0.044921875,0.05078125,0.0859375,-0.68359375,0,0
1779558896.438369,0.015625,-0.01953125,-0.044921875,0.05078125,0.0859375,-0.68359375,0,0
1779558896.446372,0.015625,-0.01953125,-0.044921875,0.05078125,0.0859375,-0.68359375,0,0
1779558896.454349,0.015625,-0.01953125,-0.044921875,0.052734375,0.0859375,-0.68359375,0,0
1779558896.462408,0.015625,-0.01953125,-0.044921875,0.052734375,0.0859375,-0.68359375,0,0
1779558896.470391,0.015625,-0.01953125,-0.044921875,0.052734375,0.0859375,-0.68359375,0,0
1779558896.478356,0.015625,-0.01953125,-0.044921875,0.052734375,0.0859375,-0.68359375,0,0
1779558896.486346,0.015625,-0.01953125,-0.044921875,0.052734375,0.083984375,-0.68359375,0,0
1779558896.494395,0.015625,-0.01953125,-0.044921875,0.052734375,0.083984375,-0.68359375,0,0
1779558896.502404,0.015625,-0.01953125,-0.044921875,0.052734375,0.0859375,-0.68359375,0,0
1779558896.510412,0.015625,-0.01953125,-0.044921875,0.052734375,0.0859375,-0.68359375,0,0
1779558896.518351,0.015625,-0.01953125,-0.044921875,0.052734375,0.0859375,-0.68359375,0,0
1779558896.526309,0.015625,-0.01953125,-0.044921875,0.052734375,0.0859375,-0.68359375,0,0
1779558896.534312,0.015625,-0.01953125,-0.044921875,0.052734375,0.087890625,-0.68359375,0,0
1779558896.542395,0.015625,-0.01953125,-0.044921875,0.052734375,0.087890625,-0.68359375,0,0
1779558896.550325,0.015625,-0.01953125,-0.044921875,0.052734375,0.087890625,-0.68359375,0,0
1779558896.558363,0.015625,-0.01953125,-0.044921875,0.052734375,0.087890625,-0.68359375,0,0
1779558896.566327,0.015625,-0.01953125,-0.044921875,0.05078125,0.0859375,-0.68359375,0,0
1779558896.574370,0.015625,-0.01953125,-0.044921875,0.05078125,0.0859375,-0.68359375,0,0
1779558896.582383,0.015625,-0.01953125,-0.044921875,0.05078125,0.0859375,-0.68359375,0,0
1779558896.590344,0.015625,-0.01953125,-0.044921875,0.05078125,0.0859375,-0.68359375,0,0
1779558896.598426,0.015625,-0.01953125,-0.044921875,0.05078125,0.0859375,-0.68359375,0,0
1779558896.606361,0.015625,-0.01953125,-0.044921875,0.05078125,0.0859375,-0.68359375,0,0
1779558896.614382,0.015625,-0.01953125,-0.044921875,0.05078125,0.0859375,-0.68359375,0,0
1779558896.622371,0.015625,-0.01953125,-0.044921875,0.05078125,0.0859375,-0.68359375,0,0
1779558896.630378,0.015625,-0.01953125,-0.044921875,0.052734375,0.0859375,-0.68359375,0,0
1779558896.638357,0.015625,-0.01953125,-0.04296875,0.052734375,0.0859375,-0.68359375,0,0
1779558896.646377,0.015625,-0.01953125,-0.04296875,0.052734375,0.083984375,-0.68359375,0,0
1779558896.654422,0.015625,-0.01953125,-0.04296875,0.052734375,0.083984375,-0.68359375,0,0
1779558896.662415,0.015625,-0.01953125,-0.04296875,0.052734375,0.083984375,-0.68359375,0,0
1779558896.670364,0.015625,-0.01953125,-0.041015625,0.052734375,0.083984375,-0.68359375,0,0
1779558896.678400,0.015625,-0.01953125,-0.041015625,0.05078125,0.083984375,-0.68359375,0,0
1779558896.686391,0.015625,-0.01953125,-0.041015625,0.05078125,0.083984375,-0.68359375,0,0
1779558896.694438,0.015625,-0.01953125,-0.041015625,0.05078125,0.083984375,-0.68359375,0,0
1779558896.702364,0.015625,-0.01953125,-0.041015625,0.05078125,0.083984375,-0.68359375,0,0
1779558896.710397,0.015625,-0.01953125,-0.041015625,0.05078125,0.083984375,-0.68359375,0,0
1779558896.718338,0.015625,-0.01953125,-0.041015625,0.05078125,0.083984375,-0.68359375,0,0
1779558896.726369,0.015625,-0.01953125,-0.041015625,0.05078125,0.083984375,-0.68359375,0,0
1779558896.734380,0.015625,-0.01953125,-0.041015625,0.05078125,0.083984375,-0.68359375,0,0
1779558896.742380,0.015625,-0.01953125,-0.041015625,0.05078125,0.083984375,-0.68359375,0,0
1779558896.750440,0.015625,-0.01953125,-0.041015625,0.05078125,0.083984375,-0.68359375,0,0
1779558896.758416,0.015625,-0.01953125,-0.041015625,0.052734375,0.083984375,-0.68359375,0,0
1779558896.766338,0.015625,-0.01953125,-0.041015625,0.052734375,0.083984375,-0.68359375,0,0
1779558896.774389,0.015625,-0.01953125,-0.041015625,0.052734375,0.08203125,-0.68359375,0,0
1779558896.782318,0.015625,-0.01953125,-0.041015625,0.052734375,0.08203125,-0.68359375,0,0
1779558896.790406,0.015625,-0.01953125,-0.041015625,0.052734375,0.08203125,-0.68359375,0,0
1779558896.798381,0.015625,-0.01953125,-0.0390625,0.052734375,0.08203125,-0.68359375,0,0
1779558896.806401,0.015625,-0.01953125,-0.0390625,0.052734375,0.08203125,-0.68359375,0,0
1779558896.814367,0.015625,-0.01953125,-0.0390625,0.052734375,0.08203125,-0.68359375,0,0
1779558896.822417,0.015625,-0.01953125,-0.0390625,0.052734375,0.083984375,-0.68359375,0,0
1779558896.830397,0.015625,-0.01953125,-0.041015625,0.052734375,0.083984375,-0.68359375,0,0
1779558896.838420,0.015625,-0.01953125,-0.041015625,0.052734375,0.083984375,-0.68359375,0,0
1779558896.846292,0.015625,-0.01953125,-0.041015625,0.052734375,0.083984375,-0.68359375,0,0
1779558896.854451,0.015625,-0.01953125,-0.041015625,0.052734375,0.083984375,-0.68359375,0,0
1779558896.862395,0.015625,-0.01953125,-0.041015625,0.052734375,0.083984375,-0.68359375,0,0
1779558896.870397,0.015625,-0.01953125,-0.041015625,0.052734375,0.083984375,-0.68359375,0,0
1779558896.878398,0.015625,-0.01953125,-0.041015625,0.052734375,0.083984375,-0.68359375,0,0
1779558896.886383,0.015625,-0.01953125,-0.041015625,0.052734375,0.083984375,-0.68359375,0,0
1779558896.894397,0.015625,-0.01953125,-0.041015625,0.052734375,0.083984375,-0.68359375,0,0
1779558896.902376,0.015625,-0.01953125,-0.041015625,0.052734375,0.083984375,-0.68359375,0,0
1779558896.910363,0.015625,-0.01953125,-0.041015625,0.052734375,0.083984375,-0.68359375,0,0
1779558896.918391,0.015625,-0.01953125,-0.041015625,0.052734375,0.083984375,-0.68359375,0,0
1779558896.926396,0.015625,-0.01953125,-0.041015625,0.052734375,0.083984375,-0.68359375,0,0
1779558896.934358,0.015625,-0.01953125,-0.041015625,0.052734375,0.083984375,-0.68359375,0,0
1779558896.942338,0.015625,-0.01953125,-0.041015625,0.052734375,0.083984375,-0.68359375,0,0
1779558896.950359,0.015625,-0.01953125,-0.041015625,0.052734375,0.083984375,-0.68359375,0,0
1779558896.958307,0.015625,-0.01953125,-0.041015625,0.052734375,0.083984375,-0.68359375,0,0
1779558896.966414,0.015625,-0.01953125,-0.041015625,0.052734375,0.083984375,-0.68359375,0,0
1779558896.974351,0.015625,-0.01953125,-0.041015625,0.052734375,0.083984375,-0.68359375,0,0
1779558896.982333,0.015625,-0.01953125,-0.041015625,0.05078125,0.08203125,-0.68359375,0,0
1779558896.990309,0.015625,-0.01953125,-0.041015625,0.05078125,0.08203125,-0.68359375,0,0
1779558896.998339,0.015625,-0.01953125,-0.041015625,0.05078125,0.08203125,-0.68359375,0,0
1779558897.006360,0.015625,-0.01953125,-0.041015625,0.05078125,0.08203125,-0.68359375,0,0
1779558897.014347,0.015625,-0.01953125,-0.041015625,0.048828125,0.08203125,-0.68359375,0,0
1779558897.022350,0.015625,-0.01953125,-0.041015625,0.048828125,0.08203125,-0.68359375,0,0
1779558897.030339,0.015625,-0.01953125,-0.041015625,0.048828125,0.08203125,-0.68359375,0,0
1779558897.038377,0.015625,-0.01953125,-0.041015625,0.048828125,0.08203125,-0.68359375,0,0
1779558897.046376,0.015625,-0.01953125,-0.041015625,0.048828125,0.08203125,-0.68359375,0,0
1779558897.054346,0.015625,-0.01953125,-0.041015625,0.048828125,0.08203125,-0.68359375,0,0
1779558897.062351,0.015625,-0.01953125,-0.041015625,0.048828125,0.08203125,-0.68359375,0,0
1779558897.070349,0.015625,-0.01953125,-0.041015625,0.048828125,0.08203125,-0.68359375,0,0
1779558897.078362,0.015625,-0.01953125,-0.041015625,0.048828125,0.08203125,-0.68359375,0,0
1779558897.086313,0.015625,-0.017578125,-0.041015625,0.048828125,0.08203125,-0.68359375,0,0
1779558897.094364,0.015625,-0.017578125,-0.041015625,0.048828125,0.08203125,-0.68359375,0,0
1779558897.102380,0.015625,-0.017578125,-0.041015625,0.048828125,0.08203125,-0.68359375,0,0
1779558897.110423,0.015625,-0.017578125,-0.041015625,0.048828125,0.08203125,-0.68359375,0,0
1779558897.118366,0.015625,-0.017578125,-0.041015625,0.048828125,0.08203125,-0.68359375,0,0
1779558897.126410,0.015625,-0.017578125,-0.041015625,0.048828125,0.08203125,-0.68359375,0,0
1779558897.134357,0.015625,-0.017578125,-0.041015625,0.048828125,0.08203125,-0.68359375,0,0
1779558897.142365,0.015625,-0.017578125,-0.041015625,0.048828125,0.08203125,-0.68359375,0,0
1779558897.150364,0.015625,-0.017578125,-0.041015625,0.048828125,0.08203125,-0.68359375,0,0
1779558897.158362,0.015625,-0.017578125,-0.041015625,0.048828125,0.08203125,-0.68359375,0,0
1779558897.166382,0.015625,-0.017578125,-0.041015625,0.048828125,0.08203125,-0.68359375,0,0
1779558897.174331,0.015625,-0.017578125,-0.041015625,0.048828125,0.08203125,-0.68359375,0,0
1779558897.182354,0.015625,-0.017578125,-0.041015625,0.048828125,0.08203125,-0.68359375,0,0
1779558897.190421,0.015625,-0.017578125,-0.041015625,0.048828125,0.08203125,-0.68359375,0,0
1779558897.198327,0.015625,-0.017578125,-0.041015625,0.048828125,0.08203125,-0.68359375,0,0
1779558897.206378,0.015625,-0.017578125,-0.041015625,0.048828125,0.08203125,-0.68359375,0,0
1779558897.214403,0.015625,-0.017578125,-0.041015625,0.048828125,0.08203125,-0.68359375,0,0
1779558897.222325,0.015625,-0.017578125,-0.041015625,0.048828125,0.08203125,-0.68359375,0,0
1779558897.230337,0.015625,-0.017578125,-0.041015625,0.048828125,0.08203125,-0.68359375,0,0
1779558897.238331,0.015625,-0.017578125,-0.041015625,0.048828125,0.08203125,-0.68359375,0,0
1779558897.246313,0.015625,-0.017578125,-0.041015625,0.048828125,0.08203125,-0.68359375,0,0
1779558897.254344,0.015625,-0.017578125,-0.041015625,0.046875,0.08203125,-0.68359375,0,0
1779558897.262340,0.015625,-0.017578125,-0.041015625,0.046875,0.08203125,-0.68359375,0,0
1779558897.270344,0.015625,-0.017578125,-0.041015625,0.046875,0.08203125,-0.68359375,0,0
1779558897.278371,0.015625,-0.01953125,-0.041015625,0.046875,0.08203125,-0.68359375,0,0
1779558897.286341,0.015625,-0.01953125,-0.041015625,0.05078125,0.08203125,-0.68359375,0,0
1779558897.294308,0.015625,-0.01953125,-0.041015625,0.05078125,0.08203125,-0.68359375,0,0
1779558897.302396,0.015625,-0.01953125,-0.041015625,0.05078125,0.08203125,-0.68359375,0,0
1779558897.310366,0.015625,-0.01953125,-0.041015625,0.05078125,0.08203125,-0.68359375,0,0
1779558897.318403,0.015625,-0.01953125,-0.041015625,0.05078125,0.08203125,-0.68359375,0,0
1779558897.326391,0.015625,-0.01953125,-0.041015625,0.05078125,0.08203125,-0.68359375,0,0
1779558897.334360,0.015625,-0.01953125,-0.041015625,0.05078125,0.08203125,-0.68359375,0,0
1779558897.342384,0.015625,-0.01953125,-0.041015625,0.05078125,0.08203125,-0.68359375,0,0
1779558897.350394,0.015625,-0.01953125,-0.041015625,0.048828125,0.08203125,-0.68359375,0,0
1779558897.358333,0.015625,-0.01953125,-0.041015625,0.048828125,0.08203125,-0.68359375,0,0
1779558897.366335,0.015625,-0.01953125,-0.041015625,0.048828125,0.08203125,-0.68359375,0,0
1779558897.374351,0.015625,-0.01953125,-0.041015625,0.048828125,0.08203125,-0.68359375,0,0
1779558897.382309,0.015625,-0.01953125,-0.041015625,0.048828125,0.08203125,-0.68359375,0,0
1779558897.390351,0.015625,-0.01953125,-0.041015625,0.048828125,0.08203125,-0.68359375,0,0
1779558897.398323,0.015625,-0.01953125,-0.041015625,0.048828125,0.08203125,-0.68359375,0,0
1779558897.406339,0.015625,-0.01953125,-0.041015625,0.048828125,0.08203125,-0.68359375,0,0
1779558897.414311,0.015625,-0.01953125,-0.041015625,0.048828125,0.08203125,-0.68359375,0,0
1779558897.422349,0.015625,-0.017578125,-0.041015625,0.048828125,0.08203125,-0.68359375,0,0
1779558897.430315,0.015625,-0.017578125,-0.041015625,0.048828125,0.08203125,-0.68359375,0,0
1779558897.438354,0.015625,-0.017578125,-0.041015625,0.048828125,0.08203125,-0.68359375,0,0
1779558897.446313,0.015625,-0.017578125,-0.041015625,0.048828125,0.08203125,-0.68359375,0,0
1779558897.454348,0.015625,-0.017578125,-0.041015625,0.048828125,0.08203125,-0.68359375,0,0
1779558897.462384,0.015625,-0.017578125,-0.041015625,0.048828125,0.08203125,-0.68359375,0,0
1779558897.470344,0.015625,-0.017578125,-0.041015625,0.048828125,0.08203125,-0.68359375,0,0
1779558897.478406,0.015625,-0.017578125,-0.041015625,0.048828125,0.08203125,-0.68359375,0,0
1779558897.486418,0.015625,-0.01953125,-0.0390625,0.048828125,0.08203125,-0.68359375,0,0
1779558897.494411,0.015625,-0.01953125,-0.0390625,0.052734375,0.08203125,-0.68359375,0,0
1779558897.502433,0.015625,-0.01953125,-0.0390625,0.052734375,0.08203125,-0.68359375,0,0
1779558897.510362,0.015625,-0.01953125,-0.0390625,0.052734375,0.083984375,-0.68359375,0,0
1779558897.518394,0.015625,-0.01953125,-0.0390625,0.052734375,0.083984375,-0.68359375,0,0
1779558897.526421,0.015625,-0.01953125,-0.0390625,0.0546875,0.083984375,-0.68359375,0,0
1779558897.534408,0.015625,-0.01953125,-0.0390625,0.0546875,0.083984375,-0.68359375,0,0
1779558897.542351,0.015625,-0.01953125,-0.0390625,0.056640625,0.083984375,-0.68359375,0,0
1779558897.550389,0.015625,-0.01953125,-0.0390625,0.056640625,0.083984375,-0.68359375,0,0
1779558897.558340,0.015625,-0.01953125,-0.0390625,0.056640625,0.0859375,-0.68359375,0,0
1779558897.566348,0.015625,-0.01953125,-0.037109375,0.056640625,0.0859375,-0.68359375,0,0
1779558897.574410,0.015625,-0.01953125,-0.037109375,0.056640625,0.0859375,-0.68359375,0,0
1779558897.582428,0.015625,-0.01953125,-0.037109375,0.056640625,0.0859375,-0.68359375,0,0
1779558897.590427,0.015625,-0.01953125,-0.037109375,0.056640625,0.0859375,-0.68359375,0,0
1779558897.598347,0.015625,-0.01953125,-0.037109375,0.056640625,0.0859375,-0.68359375,0,0
1779558897.606347,0.015625,-0.01953125,-0.037109375,0.056640625,0.0859375,-0.68359375,0,0
1779558897.614337,0.015625,-0.01953125,-0.03515625,0.056640625,0.0859375,-0.68359375,0,0
1779558897.622346,0.015625,-0.01953125,-0.03515625,0.05859375,0.087890625,-0.68359375,0,0
1779558897.630344,0.015625,-0.01953125,-0.03515625,0.05859375,0.087890625,-0.68359375,0,0
1779558897.638332,0.015625,-0.01953125,-0.03515625,0.060546875,0.08984375,-0.68359375,0,0
1779558897.646376,0.015625,-0.01953125,-0.03515625,0.060546875,0.08984375,-0.68359375,0,0
1779558897.654366,0.015625,-0.01953125,-0.03515625,0.0625,0.08984375,-0.68359375,0,0
1779558897.662421,0.015625,-0.01953125,-0.03515625,0.0625,0.08984375,-0.68359375,0,0
1779558897.670408,0.015625,-0.01953125,-0.03515625,0.06640625,0.08984375,-0.68359375,0,0
1779558897.678429,0.015625,-0.01953125,-0.033203125,0.06640625,0.08984375,-0.68359375,0,0
1779558897.686394,0.015625,-0.01953125,-0.033203125,0.06640625,0.08984375,-0.68359375,0,0
1779558897.694354,0.015625,-0.01953125,-0.033203125,0.06640625,0.08984375,-0.68359375,0,0
1779558897.702362,0.015625,-0.01953125,-0.033203125,0.064453125,0.08984375,-0.68359375,0,0
1779558897.710399,0.015625,-0.01953125,-0.033203125,0.064453125,0.08984375,-0.68359375,0,0
1779558897.718406,0.015625,-0.01953125,-0.033203125,0.064453125,0.08984375,-0.68359375,0,0
1779558897.726353,0.015625,-0.01953125,-0.033203125,0.064453125,0.08984375,-0.68359375,0,0
1779558897.734382,0.015625,-0.01953125,-0.033203125,0.064453125,0.08984375,-0.68359375,0,0
1779558897.742363,0.015625,-0.01953125,-0.033203125,0.064453125,0.08984375,-0.68359375,0,0
1779558897.750407,0.015625,-0.01953125,-0.033203125,0.064453125,0.08984375,-0.68359375,0,0
1779558897.758359,0.015625,-0.01953125,-0.033203125,0.064453125,0.08984375,-0.68359375,0,0
1779558897.766437,0.015625,-0.01953125,-0.033203125,0.064453125,0.08984375,-0.68359375,0,0
1779558897.774392,0.015625,-0.01953125,-0.033203125,0.064453125,0.08984375,-0.68359375,0,0
1779558897.782385,0.015625,-0.01953125,-0.033203125,0.064453125,0.08984375,-0.68359375,0,0
1779558897.790346,0.015625,-0.01953125,-0.033203125,0.064453125,0.08984375,-0.68359375,0,0
1779558897.798383,0.015625,-0.01953125,-0.033203125,0.064453125,0.08984375,-0.68359375,0,0
1779558897.806376,0.015625,-0.01953125,-0.033203125,0.064453125,0.08984375,-0.68359375,0,0
1779558897.814350,0.015625,-0.01953125,-0.033203125,0.064453125,0.08984375,-0.68359375,0,0
1779558897.822407,0.015625,-0.01953125,-0.033203125,0.064453125,0.08984375,-0.68359375,0,0
1779558897.830392,0.015625,-0.01953125,-0.033203125,0.064453125,0.08984375,-0.68359375,0,0
1779558897.838376,0.015625,-0.01953125,-0.033203125,0.064453125,0.08984375,-0.68359375,0,0
1779558897.846452,0.015625,-0.01953125,-0.033203125,0.064453125,0.08984375,-0.68359375,0,0
1779558897.854371,0.015625,-0.01953125,-0.033203125,0.064453125,0.08984375,-0.68359375,0,0
1779558897.862370,0.015625,-0.01953125,-0.033203125,0.064453125,0.08984375,-0.68359375,0,0
1779558897.870379,0.015625,-0.01953125,-0.033203125,0.064453125,0.08984375,-0.68359375,0,0
1779558897.878396,0.015625,-0.01953125,-0.033203125,0.0625,0.08984375,-0.68359375,0,0
1779558897.886377,0.015625,-0.01953125,-0.033203125,0.0625,0.08984375,-0.68359375,0,0
1779558897.894389,0.015625,-0.01953125,-0.033203125,0.0625,0.091796875,-0.68359375,0,0
1779558897.902334,0.015625,-0.01953125,-0.033203125,0.0625,0.091796875,-0.68359375,0,0
1779558897.910408,0.015625,-0.01953125,-0.033203125,0.0625,0.091796875,-0.68359375,0,0
1779558897.918403,0.015625,-0.01953125,-0.033203125,0.0625,0.091796875,-0.68359375,0,0
1779558897.926358,0.015625,-0.01953125,-0.033203125,0.0625,0.091796875,-0.68359375,0,0
1779558897.934415,0.015625,-0.01953125,-0.033203125,0.0625,0.091796875,-0.68359375,0,0
1779558897.942399,0.015625,-0.01953125,-0.033203125,0.0625,0.091796875,-0.68359375,0,0
1779558897.950376,0.015625,-0.01953125,-0.033203125,0.0625,0.091796875,-0.68359375,0,0
1779558897.958334,0.015625,-0.01953125,-0.033203125,0.0625,0.091796875,-0.68359375,0,0
1779558897.966461,0.015625,-0.01953125,-0.033203125,0.0625,0.091796875,-0.68359375,0,0
1779558897.974438,0.015625,-0.01953125,-0.033203125,0.0625,0.091796875,-0.68359375,0,0
1779558897.982397,0.015625,-0.01953125,-0.033203125,0.0625,0.091796875,-0.68359375,0,0
1779558897.990367,0.015625,-0.01953125,-0.033203125,0.0625,0.091796875,-0.68359375,0,0
1779558897.998351,0.015625,-0.01953125,-0.033203125,0.0625,0.091796875,-0.68359375,0,0
1779558898.006391,0.015625,-0.01953125,-0.033203125,0.0625,0.091796875,-0.68359375,0,0
1779558898.014402,0.015625,-0.01953125,-0.033203125,0.0625,0.091796875,-0.68359375,0,0
1779558898.022351,0.015625,-0.01953125,-0.033203125,0.0625,0.091796875,-0.68359375,0,0
1779558898.030360,0.015625,-0.01953125,-0.033203125,0.0625,0.091796875,-0.68359375,0,0
1779558898.038388,0.015625,-0.01953125,-0.033203125,0.0625,0.091796875,-0.68359375,0,0
1779558898.046426,0.015625,-0.017578125,-0.033203125,0.0625,0.091796875,-0.68359375,0,0
1779558898.054382,0.015625,-0.017578125,-0.033203125,0.0625,0.091796875,-0.68359375,0,0
1779558898.062356,0.015625,-0.017578125,-0.03125,0.0625,0.091796875,-0.68359375,0,0
1779558898.070371,0.015625,-0.017578125,-0.03125,0.0625,0.091796875,-0.68359375,0,0
1779558898.078412,0.015625,-0.017578125,-0.03125,0.0625,0.091796875,-0.68359375,0,0
1779558898.086416,0.015625,-0.017578125,-0.03125,0.0625,0.091796875,-0.68359375,0,0
1779558898.094365,0.015625,-0.017578125,-0.03125,0.0625,0.091796875,-0.68359375,0,0
1779558898.102385,0.015625,-0.017578125,-0.03125,0.0625,0.08984375,-0.68359375,0,0
1779558898.110426,0.015625,-0.017578125,-0.03125,0.0625,0.08984375,-0.68359375,0,0
1779558898.118381,0.015625,-0.017578125,-0.03125,0.060546875,0.08984375,-0.68359375,0,0
1779558898.126393,0.015625,-0.017578125,-0.03125,0.060546875,0.08984375,-0.68359375,0,0
1779558898.134336,0.015625,-0.017578125,-0.03125,0.060546875,0.087890625,-0.68359375,0,0
1779558898.142437,0.015625,-0.017578125,-0.03125,0.060546875,0.087890625,-0.68359375,0,0
1779558898.150409,0.015625,-0.017578125,-0.03125,0.060546875,0.087890625,-0.68359375,0,0
1779558898.158427,0.015625,-0.017578125,-0.03125,0.060546875,0.087890625,-0.68359375,0,0
1779558898.166431,0.015625,-0.017578125,-0.03125,0.060546875,0.08984375,-0.68359375,0,0
1779558898.174370,0.015625,-0.017578125,-0.03125,0.060546875,0.08984375,-0.68359375,0,0
1779558898.182389,0.015625,-0.017578125,-0.03125,0.060546875,0.08984375,-0.68359375,0,0
1779558898.190431,0.015625,-0.017578125,-0.03125,0.060546875,0.08984375,-0.68359375,0,0
1779558898.198413,0.015625,-0.017578125,-0.03125,0.060546875,0.087890625,-0.68359375,0,0
1779558898.206401,0.015625,-0.017578125,-0.03125,0.060546875,0.087890625,-0.68359375,0,0
1779558898.214387,0.015625,-0.017578125,-0.03125,0.0625,0.087890625,-0.68359375,0,0
1779558898.222458,0.015625,-0.017578125,-0.02734375,0.0625,0.087890625,-0.68359375,0,0
1779558898.230333,0.015625,-0.017578125,-0.02734375,0.064453125,0.087890625,-0.68359375,0,0
1779558898.238353,0.015625,-0.015625,-0.0234375,0.064453125,0.087890625,-0.68359375,0,0
1779558898.246370,0.015625,-0.015625,-0.0234375,0.068359375,0.09375,-0.68359375,0,0
1779558898.254344,0.015625,-0.015625,-0.01953125,0.068359375,0.09375,-0.68359375,0,0
1779558898.262393,0.015625,-0.015625,-0.01953125,0.072265625,0.09375,-0.68359375,0,0
1779558898.270340,0.015625,-0.01171875,-0.015625,0.072265625,0.09375,-0.68359375,0,0
1779558898.278377,0.015625,-0.01171875,-0.015625,0.07421875,0.095703125,-0.68359375,0,0
1779558898.286371,0.015625,-0.013671875,-0.015625,0.07421875,0.095703125,-0.68359375,0,0
1779558898.294331,0.015625,-0.013671875,-0.015625,0.078125,0.095703125,-0.68359375,0,0
1779558898.302298,0.015625,-0.01171875,-0.013671875,0.078125,0.095703125,-0.68359375,0,0
1779558898.310406,0.015625,-0.01171875,-0.013671875,0.078125,0.095703125,-0.68359375,0,0
1779558898.318417,0.015625,-0.01171875,-0.013671875,0.078125,0.095703125,-0.68359375,0,0
1779558898.326374,0.015625,-0.01171875,-0.013671875,0.078125,0.09375,-0.68359375,0,0
1779558898.334391,0.015625,-0.009765625,-0.009765625,0.078125,0.09375,-0.68359375,0,0
1779558898.342316,0.015625,-0.009765625,-0.009765625,0.080078125,0.09375,-0.68359375,0,0
1779558898.350352,0.015625,-0.009765625,-0.005859375,0.080078125,0.09375,-0.68359375,0,0
1779558898.358300,0.015625,-0.009765625,-0.005859375,0.083984375,0.09375,-0.68359375,0,0
1779558898.366388,0.015625,-0.005859375,-0.005859375,0.083984375,0.09375,-0.68359375,0,0
1779558898.374364,0.015625,-0.005859375,-0.005859375,0.0859375,0.095703125,-0.68359375,0,0
1779558898.382365,0.015625,-0.005859375,-0.005859375,0.0859375,0.095703125,-0.68359375,0,0
1779558898.390404,0.015625,-0.005859375,-0.005859375,0.0859375,0.095703125,-0.68359375,0,0
1779558898.398388,0.015625,-0.00390625,-0.005859375,0.0859375,0.095703125,-0.68359375,0,0
1779558898.406428,0.015625,-0.00390625,-0.005859375,0.0859375,0.09375,-0.68359375,0,0
1779558898.414362,0.015625,-0.00390625,-0.005859375,0.0859375,0.09375,-0.68359375,0,0
1779558898.422424,0.015625,-0.00390625,-0.005859375,0.0859375,0.09375,-0.68359375,0,0
1779558898.430415,0.015625,-0.00390625,-0.005859375,0.0859375,0.09375,-0.68359375,0,0
1779558898.438327,0.015625,-0.00390625,-0.005859375,0.0859375,0.095703125,-0.68359375,0,0
1779558898.446313,0.015625,-0.00390625,-0.005859375,0.0859375,0.095703125,-0.68359375,0,0
1779558898.454360,0.015625,-0.00390625,-0.005859375,0.0859375,0.095703125,-0.68359375,0,0
1779558898.462340,0.015625,-0.00390625,-0.005859375,0.0859375,0.095703125,-0.68359375,0,0
1779558898.470373,0.015625,-0.00390625,-0.005859375,0.0859375,0.09375,-0.68359375,0,0
1779558898.478363,0.015625,-0.00390625,-0.005859375,0.0859375,0.09375,-0.68359375,0,0
1779558898.486334,0.015625,-0.00390625,-0.005859375,0.0859375,0.09375,-0.68359375,0,0
1779558898.494386,0.015625,-0.00390625,-0.005859375,0.0859375,0.09375,-0.68359375,0,0
1779558898.502403,0.015625,-0.00390625,-0.005859375,0.0859375,0.091796875,-0.68359375,0,0
1779558898.510385,0.015625,-0.00390625,-0.005859375,0.0859375,0.091796875,-0.68359375,0,0
1779558898.518316,0.015625,-0.00390625,-0.005859375,0.0859375,0.091796875,-0.68359375,0,0
1779558898.526300,0.015625,-0.00390625,-0.005859375,0.0859375,0.091796875,-0.68359375,0,0
1779558898.534370,0.015625,-0.00390625,-0.005859375,0.083984375,0.087890625,-0.68359375,0,0
1779558898.542314,0.015625,-0.00390625,-0.005859375,0.083984375,0.087890625,-0.68359375,0,0
1779558898.550310,0.015625,-0.00390625,-0.005859375,0.083984375,0.087890625,-0.68359375,0,0
1779558898.558365,0.015625,-0.00390625,-0.005859375,0.083984375,0.087890625,-0.68359375,0,0
1779558898.566379,0.015625,-0.00390625,-0.005859375,0.083984375,0.087890625,-0.68359375,0,0
1779558898.574426,0.015625,-0.00390625,-0.005859375,0.083984375,0.087890625,-0.68359375,0,0
1779558898.582342,0.015625,-0.00390625,-0.005859375,0.083984375,0.087890625,-0.68359375,0,0
1779558898.590359,0.015625,-0.00390625,-0.005859375,0.083984375,0.087890625,-0.68359375,0,0
1779558898.598326,0.015625,-0.00390625,-0.005859375,0.083984375,0.087890625,-0.68359375,0,0
1779558898.606363,0.015625,-0.00390625,-0.005859375,0.083984375,0.087890625,-0.68359375,0,0
1779558898.614354,0.015625,-0.00390625,-0.005859375,0.083984375,0.087890625,-0.68359375,0,0
1779558898.622358,0.015625,-0.00390625,-0.005859375,0.083984375,0.087890625,-0.68359375,0,0
1779558898.630348,0.015625,-0.00390625,-0.005859375,0.083984375,0.087890625,-0.68359375,0,0
1779558898.638407,0.015625,-0.00390625,-0.005859375,0.083984375,0.087890625,-0.68359375,0,0
1779558898.646419,0.015625,-0.00390625,-0.005859375,0.083984375,0.087890625,-0.68359375,0,0
1779558898.654352,0.015625,-0.00390625,-0.005859375,0.083984375,0.087890625,-0.68359375,0,0
1779558898.662432,0.015625,-0.00390625,-0.005859375,0.083984375,0.087890625,-0.68359375,0,0
1779558898.670388,0.015625,-0.00390625,-0.005859375,0.083984375,0.087890625,-0.68359375,0,0
1779558898.678391,0.015625,-0.00390625,-0.005859375,0.083984375,0.0859375,-0.68359375,0,0
1779558898.686414,0.015625,-0.00390625,0.0,0.083984375,0.0859375,-0.68359375,0,0
1779558898.694383,0.015625,-0.00390625,0.0,0.083984375,0.0859375,-0.68359375,0,0
1779558898.702398,0.015625,-0.00390625,0.0,0.083984375,0.0859375,-0.68359375,0,0
1779558898.710397,0.015625,-0.00390625,0.0,0.083984375,0.087890625,-0.68359375,0,0
1779558898.718380,0.015625,-0.00390625,0.0,0.083984375,0.087890625,-0.68359375,0,0
1779558898.726398,0.015625,-0.00390625,0.0,0.0859375,0.0859375,-0.68359375,0,0
1779558898.734395,0.015625,-0.00390625,0.0,0.0859375,0.0859375,-0.68359375,0,0
1779558898.742389,0.015625,-0.00390625,0.0,0.0859375,0.087890625,-0.68359375,0,0
1779558898.750391,0.015625,-0.00390625,0.0,0.0859375,0.087890625,-0.68359375,0,0
1779558898.758363,0.015625,-0.00390625,0.0,0.0859375,0.0859375,-0.68359375,0,0
1779558898.766370,0.015625,-0.00390625,0.0,0.0859375,0.0859375,-0.68359375,0,0
1779558898.774386,0.015625,-0.00390625,0.0,0.0859375,0.083984375,-0.68359375,0,0
1779558898.782366,0.015625,-0.00390625,0.0,0.0859375,0.083984375,-0.68359375,0,0
1779558898.790379,0.015625,-0.00390625,0.0,0.083984375,0.08203125,-0.68359375,0,0
1779558898.798321,0.015625,0.0,-0.00390625,0.083984375,0.08203125,-0.68359375,0,0
1779558898.806401,0.015625,0.0,-0.00390625,0.08203125,0.08203125,-0.68359375,0,0
1779558898.814399,0.015625,0.0,-0.005859375,0.08203125,0.08203125,-0.68359375,0,0
1779558898.822400,0.015625,0.0,-0.005859375,0.083984375,0.080078125,-0.68359375,0,0
1779558898.830440,0.015625,0.0,-0.005859375,0.083984375,0.080078125,-0.68359375,0,0
1779558898.838354,0.015625,0.0,-0.005859375,0.083984375,0.078125,-0.68359375,0,0
1779558898.846342,0.015625,0.0,-0.005859375,0.083984375,0.078125,-0.68359375,0,0
1779558898.854363,0.015625,0.0,-0.005859375,0.08203125,0.078125,-0.68359375,0,0
1779558898.862351,0.015625,0.0,-0.0078125,0.08203125,0.078125,-0.68359375,0,0
1779558898.870372,0.015625,0.0,-0.0078125,0.078125,0.07421875,-0.68359375,0,0
1779558898.878299,0.015625,0.0,-0.009765625,0.078125,0.07421875,-0.68359375,0,0
1779558898.886399,0.015625,0.0,-0.009765625,0.078125,0.072265625,-0.68359375,0,0
1779558898.894362,0.015625,0.0,-0.01171875,0.078125,0.072265625,-0.68359375,0,0
1779558898.902342,0.015625,0.0,-0.01171875,0.07421875,0.068359375,-0.68359375,0,0
1779558898.910321,0.015625,0.0,-0.013671875,0.07421875,0.068359375,-0.68359375,0,0
1779558898.918449,0.015625,0.0,-0.013671875,0.07421875,0.06640625,-0.68359375,0,0
1779558898.926352,0.015625,0.0,-0.013671875,0.07421875,0.06640625,-0.68359375,0,0
1779558898.934387,0.015625,0.0,-0.013671875,0.07421875,0.064453125,-0.68359375,0,0
1779558898.942347,0.015625,0.0,-0.013671875,0.07421875,0.064453125,-0.68359375,0,0
1779558898.950310,0.015625,0.0,-0.013671875,0.07421875,0.064453125,-0.68359375,0,0
1779558898.958332,0.015625,0.0,-0.013671875,0.07421875,0.064453125,-0.68359375,0,0
1779558898.966385,0.015625,0.0,-0.013671875,0.07421875,0.064453125,-0.68359375,0,0
1779558898.974400,0.015625,0.0,-0.013671875,0.07421875,0.064453125,-0.68359375,0,0
1779558898.982322,0.015625,0.0,-0.013671875,0.07421875,0.064453125,-0.68359375,0,0
1779558898.990391,0.015625,0.0,-0.013671875,0.07421875,0.064453125,-0.68359375,0,0
1779558898.998403,0.015625,0.0,-0.013671875,0.072265625,0.064453125,-0.68359375,0,0
1779558899.006319,0.015625,0.0,-0.013671875,0.072265625,0.064453125,-0.68359375,0,0
1779558899.014364,0.015625,0.0,-0.013671875,0.072265625,0.064453125,-0.68359375,0,0
1779558899.022353,0.015625,0.0,-0.013671875,0.072265625,0.064453125,-0.68359375,0,0
1779558899.030345,0.015625,0.0,-0.013671875,0.072265625,0.064453125,-0.68359375,0,0
1779558899.038417,0.015625,0.0,-0.013671875,0.072265625,0.064453125,-0.68359375,0,0
1779558899.046395,0.015625,0.0,-0.013671875,0.072265625,0.064453125,-0.68359375,0,0
1779558899.054386,0.015625,0.0,-0.013671875,0.072265625,0.064453125,-0.68359375,0,0
1779558899.062334,0.015625,0.0,-0.013671875,0.072265625,0.064453125,-0.68359375,0,0
1779558899.070332,0.015625,0.0,-0.013671875,0.072265625,0.064453125,-0.68359375,0,0
1779558899.078333,0.015625,0.0,-0.013671875,0.072265625,0.064453125,-0.68359375,0,0
1779558899.086361,0.015625,0.0,-0.013671875,0.072265625,0.064453125,-0.68359375,0,0
1779558899.094343,0.015625,0.0,-0.013671875,0.0703125,0.064453125,-0.68359375,0,0
1779558899.102359,0.015625,0.0,-0.013671875,0.0703125,0.064453125,-0.68359375,0,0
1779558899.110332,0.015625,0.0,-0.013671875,0.0703125,0.064453125,-0.68359375,0,0
1779558899.118372,0.015625,0.0,-0.013671875,0.0703125,0.064453125,-0.68359375,0,0
1779558899.126300,0.015625,0.0,-0.013671875,0.0703125,0.064453125,-0.68359375,0,0
1779558899.134369,0.015625,0.0,-0.013671875,0.0703125,0.064453125,-0.68359375,0,0
1779558899.142401,0.015625,0.0,-0.013671875,0.0703125,0.064453125,-0.68359375,0,0
1779558899.150342,0.015625,0.0,-0.013671875,0.0703125,0.064453125,-0.68359375,0,0
1779558899.158333,0.015625,0.0,-0.013671875,0.0703125,0.064453125,-0.68359375,0,0
1779558899.166312,0.015625,0.0,-0.013671875,0.0703125,0.064453125,-0.68359375,0,0
1779558899.174348,0.015625,0.0,-0.013671875,0.0703125,0.064453125,-0.68359375,0,0
1779558899.182373,0.015625,0.0,-0.015625,0.0703125,0.064453125,-0.68359375,0,0
1779558899.190409,0.015625,0.0,-0.015625,0.072265625,0.064453125,-0.68359375,0,0
1779558899.198407,0.015625,0.0,-0.015625,0.072265625,0.064453125,-0.68359375,0,0
1779558899.206382,0.015625,0.0,-0.015625,0.072265625,0.064453125,-0.68359375,0,0
1779558899.214318,0.015625,0.0,-0.015625,0.072265625,0.064453125,-0.68359375,0,0
1779558899.222361,0.015625,0.0,-0.015625,0.072265625,0.064453125,-0.68359375,0,0
1779558899.230330,0.015625,0.0,-0.013671875,0.072265625,0.064453125,-0.68359375,0,0
1779558899.238384,0.015625,0.0,-0.013671875,0.072265625,0.064453125,-0.68359375,0,0
1779558899.246297,0.015625,0.0,-0.013671875,0.072265625,0.064453125,-0.68359375,0,0
1779558899.254307,0.015625,0.0,-0.013671875,0.072265625,0.064453125,-0.68359375,0,0
1779558899.262349,0.015625,0.0,-0.013671875,0.072265625,0.064453125,-0.68359375,0,0
1779558899.270350,0.015625,0.0,-0.013671875,0.072265625,0.064453125,-0.68359375,0,0
1779558899.278362,0.015625,0.0,-0.013671875,0.072265625,0.064453125,-0.68359375,0,0
1779558899.286374,0.015625,0.0,-0.013671875,0.072265625,0.064453125,-0.68359375,0,0
1779558899.294359,0.015625,0.0,-0.013671875,0.072265625,0.064453125,-0.68359375,0,0
1779558899.302388,0.015625,0.0,-0.013671875,0.072265625,0.0625,-0.68359375,0,0
1779558899.310329,0.015625,0.0,-0.013671875,0.072265625,0.0625,-0.68359375,0,0
1779558899.318419,0.015625,0.0,-0.013671875,0.072265625,0.0625,-0.68359375,0,0
1779558899.326371,0.015625,0.0,-0.013671875,0.072265625,0.0625,-0.68359375,0,0
1779558899.334350,0.015625,0.0,-0.013671875,0.072265625,0.0625,-0.68359375,0,0
1779558899.342390,0.015625,0.0,-0.013671875,0.072265625,0.0625,-0.68359375,0,0
1779558899.350369,0.015625,0.0,-0.013671875,0.072265625,0.0625,-0.68359375,0,0
1779558899.358382,0.015625,0.0,-0.013671875,0.072265625,0.0625,-0.68359375,0,0
1779558899.366390,0.015625,0.0,-0.013671875,0.072265625,0.0625,-0.68359375,0,0
1779558899.374353,0.015625,0.0,-0.013671875,0.072265625,0.0625,-0.68359375,0,0
1779558899.382357,0.015625,0.0,-0.013671875,0.072265625,0.0625,-0.68359375,0,0
1779558899.390360,0.015625,0.0,-0.015625,0.072265625,0.0625,-0.68359375,0,0
1779558899.398361,0.015625,0.0,-0.015625,0.072265625,0.064453125,-0.68359375,0,0
1779558899.406391,0.015625,0.0,-0.015625,0.072265625,0.064453125,-0.68359375,0,0
1779558899.414369,0.015625,0.0,-0.015625,0.07421875,0.06640625,-0.68359375,0,0
1779558899.422347,0.015625,0.0,-0.015625,0.07421875,0.06640625,-0.68359375,0,0
1779558899.430357,0.015625,0.0,-0.015625,0.072265625,0.0625,-0.68359375,0,0
1779558899.438404,0.015625,0.0,-0.013671875,0.072265625,0.0625,-0.68359375,0,0
1779558899.446313,0.015625,0.0,-0.013671875,0.072265625,0.064453125,-0.68359375,0,0
1779558899.454316,0.015625,0.0,-0.01171875,0.072265625,0.064453125,-0.68359375,0,0
1779558899.462331,0.015625,0.0,-0.01171875,0.07421875,0.06640625,-0.68359375,0,0
1779558899.470343,0.015625,0.0,-0.01171875,0.07421875,0.06640625,-0.68359375,0,0
1779558899.478375,0.015625,0.0,-0.01171875,0.076171875,0.068359375,-0.68359375,0,0
1779558899.486372,0.015625,0.0,-0.01171875,0.076171875,0.068359375,-0.68359375,0,0
1779558899.494353,0.015625,0.0,-0.01171875,0.076171875,0.068359375,-0.68359375,0,0
1779558899.502383,0.015625,0.0,-0.01171875,0.076171875,0.068359375,-0.68359375,0,0
1779558899.510311,0.015625,0.0,-0.01171875,0.076171875,0.068359375,-0.68359375,0,0
1779558899.518367,0.015625,0.0,-0.01171875,0.076171875,0.068359375,-0.68359375,0,0
1779558899.526369,0.015625,0.0,-0.01171875,0.076171875,0.068359375,-0.68359375,0,0
1779558899.534343,0.015625,0.0,-0.01171875,0.076171875,0.068359375,-0.68359375,0,0
1779558899.542379,0.015625,0.0,-0.01171875,0.076171875,0.068359375,-0.68359375,0,0
1779558899.550286,0.015625,0.0,-0.01171875,0.076171875,0.068359375,-0.68359375,0,0
1779558899.558360,0.015625,0.0,-0.01171875,0.076171875,0.068359375,-0.68359375,0,0
1779558899.566308,0.015625,0.0,-0.01171875,0.076171875,0.068359375,-0.68359375,0,0
1779558899.574371,0.015625,0.0,-0.01171875,0.076171875,0.068359375,-0.68359375,0,0
1779558899.582413,0.015625,0.0,-0.01171875,0.076171875,0.068359375,-0.68359375,0,0
1779558899.590438,0.015625,0.0,-0.01171875,0.076171875,0.068359375,-0.68359375,0,0
1779558899.598368,0.015625,0.0,-0.01171875,0.076171875,0.068359375,-0.68359375,0,0
1779558899.606391,0.015625,0.0,-0.01171875,0.076171875,0.068359375,-0.68359375,0,0
1779558899.614398,0.015625,0.0,-0.01171875,0.076171875,0.068359375,-0.68359375,0,0
1779558899.622341,0.015625,0.0,-0.01171875,0.076171875,0.068359375,-0.68359375,0,0
1779558899.630373,0.015625,0.0,-0.01171875,0.076171875,0.068359375,-0.68359375,0,0
1779558899.638448,0.015625,0.0,-0.01171875,0.076171875,0.068359375,-0.68359375,0,0
1779558899.646351,0.015625,0.0,-0.01171875,0.076171875,0.068359375,-0.68359375,0,0
1779558899.654382,0.015625,0.0,-0.01171875,0.076171875,0.068359375,-0.68359375,0,0
1779558899.662424,0.015625,0.0,-0.01171875,0.076171875,0.068359375,-0.68359375,0,0
1779558899.670322,0.015625,0.0,-0.01171875,0.078125,0.068359375,-0.68359375,0,0
1779558899.678365,0.015625,0.0,-0.01171875,0.078125,0.068359375,-0.68359375,0,0
1779558899.686375,0.015625,0.0,-0.01171875,0.078125,0.068359375,-0.68359375,0,0
1779558899.694380,0.015625,0.0,-0.01171875,0.078125,0.068359375,-0.68359375,0,0
1779558899.702327,0.015625,0.0,-0.01171875,0.078125,0.068359375,-0.68359375,0,0
1779558899.718318,0.015625,0.0,-0.009765625,0.078125,0.068359375,-0.68359375,0,0
1779558899.726337,0.015625,0.0,-0.009765625,0.078125,0.068359375,-0.68359375,0,0
1779558899.734353,0.015625,0.0,-0.009765625,0.078125,0.068359375,-0.68359375,0,0
1779558899.742393,0.015625,0.0,-0.009765625,0.076171875,0.068359375,-0.68359375,0,0
1779558899.750350,0.015625,0.0,-0.009765625,0.076171875,0.068359375,-0.68359375,0,0
1779558899.758364,0.015625,0.0,-0.009765625,0.078125,0.068359375,-0.68359375,0,0
1779558899.766371,0.015625,0.0,-0.009765625,0.078125,0.068359375,-0.68359375,0,0
1779558899.774338,0.015625,0.0,-0.009765625,0.078125,0.068359375,-0.68359375,0,0
1779558899.782325,0.015625,0.0,-0.009765625,0.078125,0.068359375,-0.68359375,0,0
1779558899.790339,0.015625,0.0,-0.009765625,0.078125,0.068359375,-0.68359375,0,0
1779558899.798362,0.015625,0.0,-0.01171875,0.078125,0.068359375,-0.68359375,0,0
1779558899.806347,0.015625,0.0,-0.01171875,0.078125,0.068359375,-0.68359375,0,0
1779558899.814338,0.015625,0.0,-0.01171875,0.078125,0.068359375,-0.68359375,0,0
1779558899.822349,0.015625,0.0,-0.01171875,0.078125,0.068359375,-0.68359375,0,0
1779558899.830393,0.015625,0.0,-0.01171875,0.078125,0.068359375,-0.68359375,0,0
1779558899.838383,0.015625,0.0,-0.01171875,0.078125,0.068359375,-0.68359375,0,0
1779558899.846349,0.015625,0.0,-0.01171875,0.078125,0.068359375,-0.68359375,0,0
1779558899.854342,0.015625,0.0,-0.01171875,0.078125,0.068359375,-0.68359375,0,0
1779558899.862333,0.015625,0.0,-0.01171875,0.078125,0.068359375,-0.68359375,0,0
1779558899.870350,0.015625,0.0,-0.01171875,0.078125,0.068359375,-0.68359375,0,0
1779558899.878331,0.015625,0.0,-0.01171875,0.078125,0.068359375,-0.68359375,0,0
1779558899.886396,0.015625,0.0,-0.01171875,0.078125,0.068359375,-0.68359375,0,0
1779558899.894328,0.015625,0.0,-0.01171875,0.078125,0.068359375,-0.68359375,0,0
1779558899.902332,0.015625,0.0,-0.01171875,0.076171875,0.068359375,-0.68359375,0,0
1779558899.910386,0.015625,0.0,-0.013671875,0.076171875,0.068359375,-0.68359375,0,0
1779558899.918355,0.015625,0.0,-0.013671875,0.076171875,0.068359375,-0.68359375,0,0
1779558899.926339,0.015625,0.0,-0.013671875,0.076171875,0.068359375,-0.68359375,0,0
1779558899.934370,0.015625,0.0,-0.013671875,0.076171875,0.068359375,-0.68359375,0,0
1779558899.942418,0.015625,0.0,-0.013671875,0.076171875,0.068359375,-0.68359375,0,0
1779558899.950416,0.015625,0.0,-0.013671875,0.076171875,0.068359375,-0.68359375,0,0
1779558899.958353,0.015625,0.0,-0.013671875,0.076171875,0.068359375,-0.68359375,0,0
1779558899.966395,0.015625,0.0,-0.013671875,0.076171875,0.068359375,-0.68359375,0,0
1779558899.974326,0.015625,0.0,-0.013671875,0.076171875,0.068359375,-0.68359375,0,0
1779558899.982301,0.015625,0.0,-0.013671875,0.076171875,0.068359375,-0.68359375,0,0
1779558899.990317,0.015625,0.0,-0.013671875,0.076171875,0.068359375,-0.68359375,0,0
1779558899.998371,0.015625,0.0,-0.013671875,0.076171875,0.068359375,-0.68359375,0,0
1779558900.006367,0.015625,0.0,-0.013671875,0.076171875,0.068359375,-0.68359375,0,0
1779558900.014365,0.015625,0.0,-0.013671875,0.076171875,0.068359375,-0.68359375,0,0
1779558900.022317,0.015625,0.0,-0.013671875,0.076171875,0.068359375,-0.68359375,0,0
1779558900.030352,0.015625,0.0,-0.013671875,0.076171875,0.068359375,-0.68359375,0,0
1779558900.038448,0.015625,0.0,-0.013671875,0.076171875,0.068359375,-0.68359375,0,0
1779558900.046342,0.015625,0.0,-0.013671875,0.076171875,0.068359375,-0.68359375,0,0
1779558900.054431,0.015625,0.0,-0.013671875,0.076171875,0.068359375,-0.68359375,0,0
1779558900.062390,0.015625,0.0,-0.013671875,0.076171875,0.068359375,-0.68359375,0,0
1779558900.070360,0.015625,0.0,-0.013671875,0.076171875,0.068359375,-0.68359375,0,0
1779558900.078363,0.015625,0.0,-0.013671875,0.076171875,0.068359375,-0.68359375,0,0
1779558900.086348,0.015625,0.0,-0.013671875,0.076171875,0.068359375,-0.68359375,0,0
1779558900.094332,0.015625,0.0,-0.013671875,0.076171875,0.068359375,-0.68359375,0,0
1779558900.102340,0.015625,0.0,-0.013671875,0.076171875,0.068359375,-0.68359375,0,0
1779558900.110364,0.015625,0.0,-0.013671875,0.076171875,0.068359375,-0.68359375,0,0
1779558900.118335,0.015625,0.0,-0.013671875,0.076171875,0.068359375,-0.68359375,0,0
1779558900.126355,0.015625,0.0,-0.013671875,0.076171875,0.068359375,-0.68359375,0,0
1779558900.134390,0.015625,0.0,-0.013671875,0.076171875,0.068359375,-0.68359375,0,0
1779558900.142391,0.015625,0.0,-0.013671875,0.078125,0.068359375,-0.68359375,0,0
1779558900.150385,0.015625,0.0,-0.013671875,0.078125,0.068359375,-0.68359375,0,0
1779558900.158345,0.015625,0.0,-0.013671875,0.078125,0.068359375,-0.68359375,0,0
1779558900.166399,0.015625,0.0,-0.013671875,0.078125,0.068359375,-0.68359375,0,0
1779558900.174359,0.015625,0.0,-0.013671875,0.078125,0.068359375,-0.68359375,0,0
1779558900.182330,0.015625,0.0,-0.013671875,0.078125,0.068359375,-0.68359375,0,0
1779558900.190313,0.015625,0.0,-0.013671875,0.078125,0.068359375,-0.68359375,0,0
1779558900.198361,0.015625,0.0,-0.013671875,0.078125,0.068359375,-0.68359375,0,0
1779558900.206385,0.015625,0.0,-0.013671875,0.078125,0.068359375,-0.68359375,0,0
1779558900.214343,0.015625,0.0,-0.013671875,0.078125,0.068359375,-0.68359375,0,0
1779558900.222322,0.015625,0.0,-0.013671875,0.078125,0.068359375,-0.68359375,0,0
1779558900.230426,0.015625,0.0,-0.013671875,0.078125,0.068359375,-0.68359375,0,0
1779558900.238426,0.015625,0.0,-0.013671875,0.078125,0.068359375,-0.68359375,0,0
1779558900.246369,0.015625,0.0,-0.013671875,0.078125,0.068359375,-0.68359375,0,0
1779558900.254428,0.015625,0.0,-0.013671875,0.076171875,0.068359375,-0.68359375,0,0
1779558900.262342,0.015625,0.0,-0.013671875,0.076171875,0.068359375,-0.68359375,0,0
1779558900.270379,0.015625,0.0,-0.013671875,0.076171875,0.068359375,-0.68359375,0,0
1779558900.278400,0.015625,0.0,-0.013671875,0.076171875,0.068359375,-0.68359375,0,0
1779558900.286401,0.015625,0.0,-0.013671875,0.076171875,0.068359375,-0.68359375,0,0
1779558900.294394,0.015625,0.0,-0.013671875,0.076171875,0.068359375,-0.68359375,0,0
1779558900.302360,0.015625,0.0,-0.013671875,0.078125,0.068359375,-0.68359375,0,0
1779558900.310434,0.015625,0.0,-0.013671875,0.078125,0.068359375,-0.68359375,0,0
1779558900.318362,0.015625,0.0,-0.013671875,0.078125,0.068359375,-0.68359375,0,0
1779558900.326419,0.015625,-0.00390625,-0.013671875,0.078125,0.068359375,-0.68359375,0,0
1779558900.334409,0.015625,-0.00390625,-0.013671875,0.08203125,0.068359375,-0.68359375,0,0
1779558900.342375,0.015625,-0.00390625,-0.029296875,0.08203125,0.068359375,-0.68359375,0,0
1779558900.350373,0.015625,-0.00390625,-0.029296875,0.1015625,0.06640625,-0.68359375,0,0
1779558900.358333,0.015625,-0.00390625,-0.044921875,0.1015625,0.06640625,-0.68359375,0,0
1779558900.366373,0.015625,-0.00390625,-0.044921875,0.126953125,0.068359375,-0.68359375,0,0
1779558900.374356,0.015625,-0.00390625,-0.076171875,0.126953125,0.068359375,-0.68359375,0,0
1779558900.382331,0.015625,-0.00390625,-0.076171875,0.154296875,0.068359375,-0.68359375,0,0
1779558900.390353,0.015625,-0.00390625,-0.11328125,0.154296875,0.068359375,-0.68359375,0,0
1779558900.398374,0.015625,-0.00390625,-0.11328125,0.1875,0.07421875,-0.68359375,0,0
1779558900.406362,0.015625,-0.00390625,-0.130859375,0.1875,0.07421875,-0.68359375,0,0
1779558900.414352,0.015625,-0.00390625,-0.130859375,0.212890625,0.0859375,-0.681640625,0,0
1779558900.422436,0.015625,-0.00390625,-0.146484375,0.212890625,0.0859375,-0.681640625,0,0
1779558900.430383,0.015625,-0.00390625,-0.146484375,0.24609375,0.103515625,-0.666015625,0,0
1779558900.438432,0.015625,-0.00390625,-0.158203125,0.24609375,0.103515625,-0.666015625,0,0
1779558900.446389,0.015625,-0.00390625,-0.158203125,0.2734375,0.125,-0.650390625,0,0
1779558900.454415,-0.0078125,-0.00390625,-0.1640625,0.2734375,0.125,-0.650390625,0,0
1779558900.462411,-0.0078125,-0.00390625,-0.1640625,0.3046875,0.150390625,-0.62890625,0,0
1779558900.470383,-0.025390625,-0.00390625,-0.1640625,0.3046875,0.150390625,-0.62890625,0,0
1779558900.478386,-0.025390625,-0.00390625,-0.1640625,0.337890625,0.171875,-0.60546875,0,0
1779558900.486398,-0.029296875,-0.00390625,-0.162109375,0.337890625,0.171875,-0.60546875,0,0
1779558900.494375,-0.029296875,-0.00390625,-0.162109375,0.369140625,0.197265625,-0.587890625,0,0
1779558900.502381,-0.03515625,-0.00390625,-0.16015625,0.369140625,0.197265625,-0.587890625,0,0
1779558900.510377,-0.03515625,-0.00390625,-0.16015625,0.396484375,0.212890625,-0.5703125,0,0
1779558900.518368,-0.0390625,-0.00390625,-0.158203125,0.396484375,0.212890625,-0.5703125,0,0
1779558900.526386,-0.0390625,-0.00390625,-0.158203125,0.421875,0.228515625,-0.556640625,0,0
1779558900.534383,-0.0390625,-0.00390625,-0.158203125,0.421875,0.228515625,-0.556640625,0,0
1779558900.542373,-0.0390625,-0.00390625,-0.158203125,0.4375,0.2421875,-0.546875,0,0
1779558900.550377,-0.041015625,-0.00390625,-0.158203125,0.4375,0.2421875,-0.546875,0,0
1779558900.558424,-0.041015625,-0.00390625,-0.158203125,0.44921875,0.25,-0.541015625,0,0
1779558900.566358,-0.041015625,-0.00390625,-0.158203125,0.44921875,0.25,-0.541015625,0,0
1779558900.574385,-0.041015625,-0.00390625,-0.158203125,0.453125,0.25390625,-0.537109375,0,0
1779558900.582388,-0.04296875,-0.00390625,-0.158203125,0.453125,0.25390625,-0.537109375,0,0
1779558900.590405,-0.04296875,-0.00390625,-0.158203125,0.455078125,0.255859375,-0.53515625,0,0
1779558900.598403,-0.041015625,-0.00390625,-0.16015625,0.455078125,0.255859375,-0.53515625,0,0
1779558900.606411,-0.041015625,-0.00390625,-0.16015625,0.458984375,0.259765625,-0.533203125,0,0
1779558900.614408,-0.037109375,-0.00390625,-0.162109375,0.458984375,0.259765625,-0.533203125,0,0
1779558900.622428,-0.037109375,-0.00390625,-0.162109375,0.458984375,0.263671875,-0.53125,0,0
1779558900.630435,-0.029296875,-0.00390625,-0.1640625,0.458984375,0.263671875,-0.53125,0,0
1779558900.638436,-0.029296875,-0.00390625,-0.1640625,0.458984375,0.265625,-0.53125,0,0
1779558900.646439,-0.025390625,-0.00390625,-0.16796875,0.458984375,0.265625,-0.53125,0,0
1779558900.654423,-0.025390625,-0.00390625,-0.16796875,0.458984375,0.267578125,-0.53125,0,0
1779558900.662348,-0.0234375,-0.00390625,-0.16796875,0.458984375,0.267578125,-0.53125,0,0
1779558900.670382,-0.0234375,-0.00390625,-0.16796875,0.455078125,0.267578125,-0.533203125,0,0
1779558900.678367,-0.01953125,-0.00390625,-0.16796875,0.455078125,0.267578125,-0.533203125,0,0
1779558900.686418,-0.01953125,-0.00390625,-0.16796875,0.455078125,0.26953125,-0.533203125,0,0
1779558900.694373,-0.01953125,-0.00390625,-0.16796875,0.455078125,0.26953125,-0.533203125,0,0
1779558900.702321,-0.01953125,-0.00390625,-0.16796875,0.45703125,0.26953125,-0.533203125,0,0
1779558900.710393,-0.01953125,-0.00390625,-0.16796875,0.45703125,0.26953125,-0.533203125,0,0
1779558900.718393,-0.01953125,-0.00390625,-0.16796875,0.458984375,0.2734375,-0.53125,0,0
1779558900.726372,-0.021484375,-0.00390625,-0.16796875,0.458984375,0.2734375,-0.53125,0,0
1779558900.734324,-0.021484375,-0.00390625,-0.16796875,0.466796875,0.27734375,-0.52734375,0,0
1779558900.742320,-0.021484375,-0.00390625,-0.16796875,0.466796875,0.27734375,-0.52734375,0,0
1779558900.750373,-0.021484375,-0.00390625,-0.16796875,0.47265625,0.28125,-0.5234375,0,0
1779558900.758381,-0.021484375,-0.00390625,-0.16796875,0.47265625,0.28125,-0.5234375,0,0
1779558900.766343,-0.021484375,-0.00390625,-0.16796875,0.474609375,0.28515625,-0.521484375,0,0
1779558900.774381,-0.01953125,-0.00390625,-0.16796875,0.474609375,0.28515625,-0.521484375,0,0
1779558900.782344,-0.01953125,-0.00390625,-0.16796875,0.48046875,0.287109375,-0.51953125,0,0
1779558900.790442,-0.01953125,-0.00390625,-0.16796875,0.48046875,0.287109375,-0.51953125,0,0
1779558900.798352,-0.01953125,-0.00390625,-0.16796875,0.486328125,0.29296875,-0.515625,0,0
1779558900.806434,-0.01953125,-0.00390625,-0.16796875,0.486328125,0.29296875,-0.515625,0,0
1779558900.814411,-0.01953125,-0.00390625,-0.16796875,0.486328125,0.29296875,-0.515625,0,0
1779558900.822335,-0.021484375,-0.00390625,-0.16796875,0.486328125,0.29296875,-0.515625,0,0
1779558900.830383,-0.021484375,-0.00390625,-0.16796875,0.490234375,0.294921875,-0.513671875,0,0
1779558900.838403,-0.025390625,-0.00390625,-0.166015625,0.490234375,0.294921875,-0.513671875,0,0
1779558900.846380,-0.025390625,-0.00390625,-0.166015625,0.498046875,0.298828125,-0.5078125,0,0
1779558900.854418,-0.03125,-0.00390625,-0.1640625,0.498046875,0.298828125,-0.5078125,0,0
1779558900.862405,-0.03125,-0.00390625,-0.1640625,0.505859375,0.30078125,-0.50390625,0,0
1779558900.870373,-0.033203125,-0.00390625,-0.1640625,0.505859375,0.30078125,-0.50390625,0,0
1779558900.878354,-0.033203125,-0.00390625,-0.1640625,0.51171875,0.302734375,-0.5,0,0
1779558900.886364,-0.03515625,-0.00390625,-0.1640625,0.51171875,0.302734375,-0.5,0,0
1779558900.894375,-0.03515625,-0.00390625,-0.1640625,0.515625,0.306640625,-0.498046875,0,0
1779558900.902336,-0.03515625,-0.00390625,-0.162109375,0.515625,0.306640625,-0.498046875,0,0
1779558900.910359,-0.03515625,-0.00390625,-0.162109375,0.51953125,0.30859375,-0.49609375,0,0
1779558900.918353,-0.037109375,-0.00390625,-0.162109375,0.51953125,0.30859375,-0.49609375,0,0
1779558900.926327,-0.037109375,-0.00390625,-0.162109375,0.525390625,0.310546875,-0.494140625,0,0
1779558900.934358,-0.0390625,-0.00390625,-0.162109375,0.525390625,0.310546875,-0.494140625,0,0
1779558900.942348,-0.0390625,-0.00390625,-0.162109375,0.52734375,0.3125,-0.4921875,0,0
1779558900.950340,-0.044921875,-0.00390625,-0.158203125,0.52734375,0.3125,-0.4921875,0,0
1779558900.958321,-0.044921875,-0.00390625,-0.158203125,0.533203125,0.314453125,-0.48828125,0,0
1779558900.966335,-0.046875,-0.00390625,-0.158203125,0.533203125,0.314453125,-0.48828125,0,0
1779558900.974327,-0.046875,-0.00390625,-0.158203125,0.544921875,0.318359375,-0.482421875,0,0
1779558900.982310,-0.0546875,0.0,-0.15625,0.544921875,0.318359375,-0.482421875,0,0
1779558900.990371,-0.0546875,0.0,-0.15625,0.552734375,0.3203125,-0.4765625,0,0
1779558900.998417,-0.056640625,-0.00390625,-0.15625,0.552734375,0.3203125,-0.4765625,0,0
1779558901.006377,-0.056640625,-0.00390625,-0.15625,0.55859375,0.322265625,-0.474609375,0,0
1779558901.014415,-0.05859375,-0.00390625,-0.15625,0.55859375,0.322265625,-0.474609375,0,0
1779558901.022346,-0.05859375,-0.00390625,-0.15625,0.55859375,0.322265625,-0.47265625,0,0
1779558901.030377,-0.05859375,-0.00390625,-0.15625,0.55859375,0.322265625,-0.47265625,0,0
1779558901.038369,-0.05859375,-0.00390625,-0.15625,0.560546875,0.322265625,-0.47265625,0,0
1779558901.046372,-0.05859375,-0.00390625,-0.15625,0.560546875,0.322265625,-0.47265625,0,0
1779558901.054338,-0.05859375,-0.00390625,-0.15625,0.560546875,0.32421875,-0.47265625,0,0
1779558901.062400,-0.05859375,-0.00390625,-0.15625,0.560546875,0.32421875,-0.47265625,0,0
1779558901.070403,-0.05859375,-0.00390625,-0.15625,0.560546875,0.32421875,-0.47265625,0,0
1779558901.078380,-0.0625,-0.005859375,-0.154296875,0.560546875,0.32421875,-0.47265625,0,0
1779558901.086407,-0.0625,-0.005859375,-0.154296875,0.568359375,0.32421875,-0.46875,0,0
1779558901.094312,-0.06640625,-0.0078125,-0.154296875,0.568359375,0.32421875,-0.46875,0,0
1779558901.102326,-0.06640625,-0.0078125,-0.154296875,0.572265625,0.326171875,-0.46484375,0,0
1779558901.110343,-0.068359375,-0.009765625,-0.15234375,0.572265625,0.326171875,-0.46484375,0,0
1779558901.118347,-0.068359375,-0.009765625,-0.15234375,0.578125,0.33203125,-0.4609375,0,0
1779558901.126367,-0.072265625,-0.015625,-0.146484375,0.578125,0.33203125,-0.4609375,0,0
1779558901.134393,-0.072265625,-0.015625,-0.146484375,0.591796875,0.341796875,-0.451171875,0,0
1779558901.142357,-0.076171875,-0.01953125,-0.142578125,0.591796875,0.341796875,-0.451171875,0,0
1779558901.150349,-0.076171875,-0.01953125,-0.142578125,0.607421875,0.35546875,-0.439453125,0,0
1779558901.158365,-0.076171875,-0.021484375,-0.140625,0.607421875,0.35546875,-0.439453125,0,0
1779558901.166340,-0.076171875,-0.021484375,-0.140625,0.62109375,0.3671875,-0.4296875,0,0
1779558901.174398,-0.072265625,-0.021484375,-0.14453125,0.62109375,0.3671875,-0.4296875,0,0
1779558901.182376,-0.072265625,-0.021484375,-0.14453125,0.62109375,0.3671875,-0.427734375,0,0
1779558901.190374,-0.0703125,-0.017578125,-0.1484375,0.62109375,0.3671875,-0.427734375,0,0
1779558901.198380,-0.0703125,-0.017578125,-0.1484375,0.619140625,0.36328125,-0.4296875,0,0
1779558901.206349,-0.068359375,-0.013671875,-0.150390625,0.619140625,0.36328125,-0.4296875,0,0
1779558901.214373,-0.068359375,-0.013671875,-0.150390625,0.611328125,0.357421875,-0.431640625,0,0
1779558901.222321,-0.06640625,-0.01171875,-0.15234375,0.611328125,0.357421875,-0.431640625,0,0
1779558901.230396,-0.06640625,-0.01171875,-0.15234375,0.60546875,0.353515625,-0.435546875,0,0
1779558901.238319,-0.0703125,-0.01171875,-0.150390625,0.60546875,0.353515625,-0.435546875,0,0
1779558901.246360,-0.0703125,-0.01171875,-0.150390625,0.607421875,0.349609375,-0.435546875,0,0
1779558901.254416,-0.07421875,-0.013671875,-0.1484375,0.607421875,0.349609375,-0.435546875,0,0
1779558901.262354,-0.07421875,-0.013671875,-0.1484375,0.609375,0.349609375,-0.435546875,0,0
1779558901.270384,-0.078125,-0.013671875,-0.1484375,0.609375,0.349609375,-0.435546875,0,0
1779558901.278370,-0.078125,-0.013671875,-0.1484375,0.60546875,0.333984375,-0.435546875,0,0
1779558901.286373,-0.076171875,-0.009765625,-0.150390625,0.60546875,0.333984375,-0.435546875,0,0
1779558901.294344,-0.076171875,-0.009765625,-0.150390625,0.587890625,0.314453125,-0.4453125,0,0
1779558901.302329,-0.06640625,-0.009765625,-0.15625,0.587890625,0.314453125,-0.4453125,0,0
1779558901.310355,-0.06640625,-0.009765625,-0.15625,0.560546875,0.2890625,-0.462890625,0,0
1779558901.318380,-0.05859375,-0.009765625,-0.15625,0.560546875,0.2890625,-0.462890625,0,0
1779558901.326350,-0.05859375,-0.009765625,-0.15625,0.52734375,0.267578125,-0.478515625,0,0
1779558901.334401,-0.04296875,-0.009765625,-0.16015625,0.52734375,0.267578125,-0.478515625,0,0
1779558901.342364,-0.04296875,-0.009765625,-0.16015625,0.48046875,0.236328125,-0.50390625,0,0
1779558901.350399,-0.037109375,-0.009765625,-0.171875,0.48046875,0.236328125,-0.50390625,0,0
1779558901.358379,-0.037109375,-0.009765625,-0.171875,0.416015625,0.1875,-0.5390625,0,0
1779558901.366313,-0.087890625,-0.009765625,-0.1953125,0.416015625,0.1875,-0.5390625,0,0
1779558901.374370,-0.087890625,-0.009765625,-0.1953125,0.306640625,0.060546875,-0.603515625,0,0
1779558901.382409,-0.083984375,-0.029296875,-0.205078125,0.306640625,0.060546875,-0.603515625,0,0
1779558901.390393,-0.083984375,-0.029296875,-0.205078125,0.177734375,0.060546875,-0.65234375,0,0
1779558901.398394,-0.052734375,-0.03515625,-0.23828125,0.177734375,0.060546875,-0.65234375,0,0
1779558901.406369,-0.052734375,-0.03515625,-0.23828125,0.123046875,0.060546875,-0.6796875,0,0
1779558901.414370,-0.03125,-0.048828125,-0.251953125,0.123046875,0.060546875,-0.6796875,0,0
1779558901.422361,-0.03125,-0.048828125,-0.251953125,0.08984375,-0.013671875,-0.68359375,0,0
1779558901.430351,-0.02734375,-0.072265625,-0.234375,0.08984375,-0.013671875,-0.68359375,0,0
1779558901.438339,-0.02734375,-0.072265625,-0.234375,0.046875,-0.009765625,-0.68359375,0,0
1779558901.446362,-0.017578125,-0.0859375,-0.21875,0.046875,-0.009765625,-0.68359375,0,0
1779558901.454369,-0.017578125,-0.0859375,-0.21875,0.021484375,-0.0234375,-0.68359375,0,0
1779558901.462363,-0.017578125,-0.078125,-0.20703125,0.021484375,-0.0234375,-0.68359375,0,0
1779558901.470381,-0.017578125,-0.078125,-0.20703125,0.013671875,-0.060546875,-0.68359375,0,0
1779558901.478375,-0.017578125,-0.068359375,-0.19140625,0.013671875,-0.060546875,-0.68359375,0,0
1779558901.486393,-0.017578125,-0.068359375,-0.19140625,0.01171875,-0.10546875,-0.6796875,0,0
1779558901.494353,-0.017578125,-0.064453125,-0.1875,0.01171875,-0.10546875,-0.6796875,0,0
1779558901.502423,-0.017578125,-0.064453125,-0.1875,0.005859375,-0.150390625,-0.671875,0,0
1779558901.510412,-0.017578125,-0.060546875,-0.1796875,0.005859375,-0.150390625,-0.671875,0,0
1779558901.518396,-0.017578125,-0.060546875,-0.1796875,0.0,-0.1796875,-0.6640625,0,0
1779558901.526390,-0.017578125,-0.056640625,-0.17578125,0.0,-0.1796875,-0.6640625,0,0
1779558901.534383,-0.017578125,-0.056640625,-0.17578125,0.0,-0.197265625,-0.662109375,0,0
1779558901.542448,0.005859375,-0.052734375,-0.1640625,0.0,-0.197265625,-0.662109375,0,0
1779558901.550447,0.005859375,-0.052734375,-0.1640625,0.0078125,-0.201171875,-0.662109375,0,0
1779558901.558361,0.005859375,-0.048828125,-0.15234375,0.0078125,-0.201171875,-0.662109375,0,0
1779558901.566365,0.005859375,-0.048828125,-0.15234375,0.013671875,-0.1953125,-0.666015625,0,0
1779558901.574372,0.00390625,-0.041015625,-0.14453125,0.013671875,-0.1953125,-0.666015625,0,0
1779558901.582444,0.00390625,-0.041015625,-0.14453125,0.01953125,-0.181640625,-0.671875,0,0
1779558901.590409,0.00390625,-0.037109375,-0.134765625,0.01953125,-0.181640625,-0.671875,0,0
1779558901.598428,0.00390625,-0.037109375,-0.134765625,0.025390625,-0.171875,-0.673828125,0,0
1779558901.606429,0.00390625,-0.037109375,-0.126953125,0.025390625,-0.171875,-0.673828125,0,0
1779558901.614423,0.00390625,-0.037109375,-0.126953125,0.037109375,-0.158203125,-0.67578125,0,0
1779558901.622333,0.00390625,-0.021484375,-0.08984375,0.037109375,-0.158203125,-0.67578125,0,0
1779558901.630343,0.00390625,-0.021484375,-0.08984375,0.080078125,-0.111328125,-0.67578125,0,0
1779558901.638433,0.0,-0.021484375,-0.046875,0.080078125,-0.111328125,-0.67578125,0,0
1779558901.646422,0.0,-0.021484375,-0.046875,0.1328125,-0.052734375,-0.67578125,0,0
1779558901.654349,-0.01953125,-0.021484375,-0.029296875,0.1328125,-0.052734375,-0.67578125,0,0
1779558901.662329,-0.01953125,-0.021484375,-0.029296875,0.16015625,-0.03515625,-0.669921875,0,0
1779558901.670345,-0.0390625,-0.021484375,-0.0234375,0.16015625,-0.03515625,-0.669921875,0,0
1779558901.678375,-0.0390625,-0.021484375,-0.0234375,0.21875,-0.013671875,-0.658203125,0,0
1779558901.686349,-0.015625,-0.021484375,-0.04296875,0.21875,-0.013671875,-0.658203125,0,0
1779558901.694362,-0.015625,-0.021484375,-0.04296875,0.29296875,-0.013671875,-0.63671875,0,0
1779558901.702368,-0.021484375,-0.021484375,-0.015625,0.29296875,-0.013671875,-0.63671875,0,0
1779558901.710338,-0.021484375,-0.021484375,-0.015625,0.359375,0.005859375,-0.59765625,0,0
1779558901.718367,-0.041015625,-0.021484375,-0.015625,0.359375,0.005859375,-0.59765625,0,0
1779558901.726357,-0.041015625,-0.021484375,-0.015625,0.412109375,0.05078125,-0.568359375,0,0
1779558901.734353,-0.048828125,-0.021484375,-0.015625,0.412109375,0.05078125,-0.568359375,0,0
1779558901.742351,-0.048828125,-0.021484375,-0.015625,0.470703125,0.09765625,-0.53515625,0,0
1779558901.750397,-0.07421875,-0.021484375,-0.015625,0.470703125,0.09765625,-0.53515625,0,0
1779558901.758356,-0.07421875,-0.021484375,-0.015625,0.53125,0.125,-0.501953125,0,0
1779558901.766363,-0.091796875,-0.021484375,-0.015625,0.53125,0.125,-0.501953125,0,0
1779558901.774400,-0.091796875,-0.021484375,-0.015625,0.56640625,0.140625,-0.482421875,0,0
1779558901.782414,-0.10546875,-0.021484375,-0.015625,0.56640625,0.140625,-0.482421875,0,0
1779558901.790364,-0.10546875,-0.021484375,-0.015625,0.609375,0.166015625,-0.455078125,0,0
1779558901.798394,-0.1171875,-0.021484375,-0.015625,0.609375,0.166015625,-0.455078125,0,0
1779558901.806383,-0.1171875,-0.021484375,-0.015625,0.6484375,0.185546875,-0.431640625,0,0
1779558901.814365,-0.123046875,-0.021484375,-0.015625,0.6484375,0.185546875,-0.431640625,0,0
1779558901.822395,-0.123046875,-0.021484375,-0.015625,0.677734375,0.205078125,-0.41015625,0,0
1779558901.830378,-0.123046875,-0.021484375,-0.015625,0.677734375,0.205078125,-0.41015625,0,0
1779558901.838372,-0.123046875,-0.021484375,-0.015625,0.68359375,0.22265625,-0.390625,0,0
1779558901.846368,-0.119140625,-0.021484375,-0.015625,0.68359375,0.22265625,-0.390625,0,0
1779558901.854372,-0.119140625,-0.021484375,-0.015625,0.68359375,0.232421875,-0.380859375,0,0
1779558901.862377,-0.115234375,-0.021484375,-0.015625,0.68359375,0.232421875,-0.380859375,0,0
1779558901.870386,-0.115234375,-0.021484375,-0.015625,0.68359375,0.232421875,-0.376953125,0,0
1779558901.878364,-0.111328125,-0.021484375,-0.015625,0.68359375,0.232421875,-0.376953125,0,0
1779558901.886425,-0.111328125,-0.021484375,-0.015625,0.68359375,0.23046875,-0.376953125,0,0
1779558901.894391,-0.107421875,-0.021484375,-0.015625,0.68359375,0.23046875,-0.376953125,0,0
1779558901.902367,-0.107421875,-0.021484375,-0.015625,0.68359375,0.216796875,-0.384765625,0,0
1779558901.910367,-0.103515625,-0.021484375,-0.015625,0.68359375,0.216796875,-0.384765625,0,0
1779558901.918350,-0.103515625,-0.021484375,-0.015625,0.68359375,0.205078125,-0.392578125,0,0
1779558901.926334,-0.107421875,-0.021484375,-0.015625,0.68359375,0.205078125,-0.392578125,0,0
1779558901.934368,-0.107421875,-0.021484375,-0.015625,0.68359375,0.203125,-0.392578125,0,0
1779558901.942402,-0.109375,-0.021484375,-0.015625,0.68359375,0.203125,-0.392578125,0,0
1779558901.950350,-0.109375,-0.021484375,-0.015625,0.68359375,0.19921875,-0.392578125,0,0
1779558901.958361,-0.10546875,-0.021484375,-0.015625,0.68359375,0.19921875,-0.392578125,0,0
1779558901.966392,-0.10546875,-0.021484375,-0.015625,0.6796875,0.19140625,-0.39453125,0,0
1779558901.974382,-0.10546875,-0.021484375,-0.00390625,0.6796875,0.19140625,-0.39453125,0,0
1779558901.982407,-0.10546875,-0.021484375,-0.00390625,0.671875,0.181640625,-0.3984375,0,0
1779558901.990339,-0.099609375,-0.021484375,-0.01171875,0.671875,0.181640625,-0.3984375,0,0
1779558901.998343,-0.099609375,-0.021484375,-0.01171875,0.666015625,0.1796875,-0.40234375,0,0
1779558902.006406,-0.095703125,-0.021484375,-0.017578125,0.666015625,0.1796875,-0.40234375,0,0
1779558902.014391,-0.095703125,-0.021484375,-0.017578125,0.654296875,0.173828125,-0.408203125,0,0
1779558902.022341,-0.0859375,-0.021484375,-0.025390625,0.654296875,0.173828125,-0.408203125,0,0
1779558902.030404,-0.0859375,-0.021484375,-0.025390625,0.63671875,0.166015625,-0.416015625,0,0
1779558902.038418,-0.07421875,-0.021484375,-0.03125,0.63671875,0.166015625,-0.416015625,0,0
1779558902.046344,-0.07421875,-0.021484375,-0.03125,0.61328125,0.15625,-0.4296875,0,0
1779558902.054318,-0.06640625,-0.021484375,-0.037109375,0.61328125,0.15625,-0.4296875,0,0
1779558902.062362,-0.06640625,-0.021484375,-0.037109375,0.591796875,0.14453125,-0.439453125,0,0
1779558902.070317,-0.0703125,-0.021484375,-0.046875,0.591796875,0.14453125,-0.439453125,0,0
1779558902.078414,-0.0703125,-0.021484375,-0.046875,0.572265625,0.12890625,-0.447265625,0,0
1779558902.086323,-0.07421875,-0.021484375,-0.052734375,0.572265625,0.12890625,-0.447265625,0,0
1779558902.094400,-0.07421875,-0.021484375,-0.052734375,0.56640625,0.115234375,-0.44921875,0,0
1779558902.102362,-0.076171875,-0.021484375,-0.0625,0.56640625,0.115234375,-0.44921875,0,0
1779558902.110376,-0.076171875,-0.021484375,-0.0625,0.55078125,0.1015625,-0.455078125,0,0
1779558902.118353,-0.076171875,-0.021484375,-0.06640625,0.55078125,0.1015625,-0.455078125,0,0
1779558902.126413,-0.076171875,-0.021484375,-0.06640625,0.5390625,0.091796875,-0.458984375,0,0
1779558902.134337,-0.07421875,-0.021484375,-0.076171875,0.5390625,0.091796875,-0.458984375,0,0
1779558902.142387,-0.07421875,-0.021484375,-0.076171875,0.517578125,0.078125,-0.46875,0,0
1779558902.150385,-0.076171875,-0.021484375,-0.08203125,0.517578125,0.078125,-0.46875,0,0
1779558902.158384,-0.076171875,-0.021484375,-0.08203125,0.4921875,0.060546875,-0.48046875,0,0
1779558902.166342,-0.083984375,-0.021484375,-0.087890625,0.4921875,0.060546875,-0.48046875,0,0
1779558902.174341,-0.083984375,-0.021484375,-0.087890625,0.46875,0.037109375,-0.48828125,0,0
1779558902.182362,-0.099609375,-0.021484375,-0.091796875,0.46875,0.037109375,-0.48828125,0,0
1779558902.190384,-0.099609375,-0.021484375,-0.091796875,0.455078125,0.015625,-0.490234375,0,0
1779558902.198319,-0.12109375,-0.021484375,-0.091796875,0.455078125,0.015625,-0.490234375,0,0
1779558902.206416,-0.12109375,-0.021484375,-0.091796875,0.455078125,0.015625,-0.484375,0,0
1779558902.214369,-0.134765625,-0.021484375,-0.087890625,0.455078125,0.015625,-0.484375,0,0
1779558902.222393,-0.134765625,-0.021484375,-0.087890625,0.462890625,0.015625,-0.4765625,0,0
1779558902.230358,-0.14453125,-0.021484375,-0.078125,0.462890625,0.015625,-0.4765625,0,0
1779558902.238372,-0.14453125,-0.021484375,-0.078125,0.478515625,0.015625,-0.46875,0,0
1779558902.246374,-0.15234375,-0.021484375,-0.0703125,0.478515625,0.015625,-0.46875,0,0
1779558902.254355,-0.15234375,-0.021484375,-0.0703125,0.48828125,0.0078125,-0.4609375,0,0
1779558902.262357,-0.15625,-0.021484375,-0.064453125,0.48828125,0.0078125,-0.4609375,0,0
1779558902.270363,-0.15625,-0.021484375,-0.064453125,0.498046875,0.015625,-0.45703125,0,0
1779558902.278411,-0.15625,-0.021484375,-0.060546875,0.498046875,0.015625,-0.45703125,0,0
1779558902.286331,-0.15625,-0.021484375,-0.060546875,0.498046875,0.021484375,-0.45703125,0,0
1779558902.294341,-0.146484375,-0.021484375,-0.060546875,0.498046875,0.021484375,-0.45703125,0,0
1779558902.302355,-0.146484375,-0.021484375,-0.060546875,0.4921875,0.02734375,-0.462890625,0,0
1779558902.310397,-0.13671875,-0.021484375,-0.052734375,0.4921875,0.02734375,-0.462890625,0,0
1779558902.318398,-0.13671875,-0.021484375,-0.052734375,0.484375,0.033203125,-0.470703125,0,0
1779558902.326405,-0.1171875,-0.021484375,-0.052734375,0.484375,0.033203125,-0.470703125,0,0
1779558902.334356,-0.1171875,-0.021484375,-0.052734375,0.470703125,0.037109375,-0.482421875,0,0
1779558902.342346,-0.0859375,-0.021484375,-0.056640625,0.470703125,0.037109375,-0.482421875,0,0
1779558902.350368,-0.0859375,-0.021484375,-0.056640625,0.439453125,0.03515625,-0.505859375,0,0
1779558902.358360,-0.0546875,-0.021484375,-0.06640625,0.439453125,0.03515625,-0.505859375,0,0
1779558902.366409,-0.0546875,-0.021484375,-0.06640625,0.404296875,0.021484375,-0.529296875,0,0
1779558902.374332,-0.013671875,-0.021484375,-0.08203125,0.404296875,0.021484375,-0.529296875,0,0
1779558902.382418,-0.013671875,-0.021484375,-0.08203125,0.357421875,0.005859375,-0.5625,0,0
1779558902.390438,-0.013671875,-0.021484375,-0.109375,0.357421875,0.005859375,-0.5625,0,0
1779558902.398396,-0.013671875,-0.021484375,-0.109375,0.3125,0.005859375,-0.58984375,0,0
1779558902.406371,-0.013671875,-0.021484375,-0.12890625,0.3125,0.005859375,-0.58984375,0,0
1779558902.414378,-0.013671875,-0.021484375,-0.12890625,0.29296875,0.005859375,-0.60546875,0,0
1779558902.422418,-0.013671875,-0.021484375,-0.15234375,0.29296875,0.005859375,-0.60546875,0,0
1779558902.430360,-0.013671875,-0.021484375,-0.15234375,0.263671875,0.005859375,-0.625,0,0
1779558902.438398,-0.013671875,-0.021484375,-0.16796875,0.263671875,0.005859375,-0.625,0,0
1779558902.446378,-0.013671875,-0.021484375,-0.16796875,0.248046875,0.005859375,-0.63671875,0,0
1779558902.454405,-0.013671875,-0.021484375,-0.177734375,0.248046875,0.005859375,-0.63671875,0,0
1779558902.462357,-0.013671875,-0.021484375,-0.177734375,0.23828125,0.005859375,-0.64453125,0,0
1779558902.470434,-0.013671875,-0.021484375,-0.1875,0.23828125,0.005859375,-0.64453125,0,0
1779558902.478363,-0.013671875,-0.021484375,-0.1875,0.2265625,0.005859375,-0.65234375,0,0
1779558902.486370,-0.013671875,-0.021484375,-0.197265625,0.2265625,0.005859375,-0.65234375,0,0
1779558902.494368,-0.013671875,-0.021484375,-0.197265625,0.216796875,0.005859375,-0.658203125,0,0
1779558902.502367,-0.013671875,-0.021484375,-0.20703125,0.216796875,0.005859375,-0.658203125,0,0
1779558902.510364,-0.013671875,-0.021484375,-0.20703125,0.2109375,0.005859375,-0.6640625,0,0
1779558902.518368,-0.013671875,-0.021484375,-0.220703125,0.2109375,0.005859375,-0.6640625,0,0
1779558902.526359,-0.013671875,-0.021484375,-0.220703125,0.201171875,0.005859375,-0.669921875,0,0
1779558902.534334,-0.013671875,-0.021484375,-0.240234375,0.201171875,0.005859375,-0.669921875,0,0
1779558902.542381,-0.013671875,-0.021484375,-0.240234375,0.181640625,0.005859375,-0.681640625,0,0
1779558902.550366,-0.013671875,-0.021484375,-0.251953125,0.181640625,0.005859375,-0.681640625,0,0
1779558902.558388,-0.013671875,-0.021484375,-0.251953125,0.173828125,0.005859375,-0.68359375,0,0
1779558902.566369,-0.013671875,-0.021484375,-0.26171875,0.173828125,0.005859375,-0.68359375,0,0
1779558902.574371,-0.013671875,-0.021484375,-0.26171875,0.1640625,0.005859375,-0.68359375,0,0
1779558902.582336,-0.013671875,-0.021484375,-0.267578125,0.1640625,0.005859375,-0.68359375,0,0
1779558902.590407,-0.013671875,-0.021484375,-0.267578125,0.15625,-0.005859375,-0.68359375,0,0
1779558902.598372,-0.013671875,-0.021484375,-0.2734375,0.15625,-0.005859375,-0.68359375,0,0
1779558902.606393,-0.013671875,-0.021484375,-0.2734375,0.14453125,-0.01953125,-0.68359375,0,0
1779558902.614406,-0.013671875,-0.021484375,-0.28125,0.14453125,-0.01953125,-0.68359375,0,0
1779558902.622404,-0.013671875,-0.021484375,-0.28125,0.134765625,-0.03125,-0.68359375,0,0
1779558902.630402,-0.013671875,-0.021484375,-0.28125,0.134765625,-0.03125,-0.68359375,0,0
1779558902.638425,-0.013671875,-0.021484375,-0.28125,0.1171875,-0.03125,-0.68359375,0,0
1779558902.646413,-0.013671875,-0.021484375,-0.275390625,0.1171875,-0.03125,-0.68359375,0,0
1779558902.654402,-0.013671875,-0.021484375,-0.275390625,0.09765625,-0.029296875,-0.68359375,0,0
1779558902.662411,-0.013671875,-0.021484375,-0.271484375,0.09765625,-0.029296875,-0.68359375,0,0
1779558902.670350,-0.013671875,-0.021484375,-0.271484375,0.0859375,-0.02734375,-0.68359375,0,0
1779558902.678416,-0.013671875,-0.021484375,-0.26953125,0.0859375,-0.02734375,-0.68359375,0,0
1779558902.686367,-0.013671875,-0.021484375,-0.26953125,0.083984375,-0.025390625,-0.68359375,0,0
1779558902.694355,-0.013671875,-0.021484375,-0.267578125,0.083984375,-0.025390625,-0.68359375,0,0
1779558902.702420,-0.013671875,-0.021484375,-0.267578125,0.08203125,-0.0234375,-0.68359375,0,0
1779558902.710366,-0.013671875,-0.021484375,-0.263671875,0.08203125,-0.0234375,-0.68359375,0,0
1779558902.718355,-0.013671875,-0.021484375,-0.263671875,0.078125,-0.0234375,-0.68359375,0,0
1779558902.726382,-0.013671875,-0.021484375,-0.26171875,0.078125,-0.0234375,-0.68359375,0,0
1779558902.734358,-0.013671875,-0.021484375,-0.26171875,0.07421875,-0.01953125,-0.68359375,0,0
1779558902.742350,-0.013671875,-0.021484375,-0.259765625,0.07421875,-0.01953125,-0.68359375,0,0
1779558902.750358,-0.013671875,-0.021484375,-0.259765625,0.0703125,-0.017578125,-0.68359375,0,0
1779558902.758385,-0.013671875,0.0,-0.2578125,0.0703125,-0.017578125,-0.68359375,0,0
1779558902.766408,-0.013671875,0.0,-0.2578125,0.060546875,-0.015625,-0.68359375,0,0
1779558902.774394,-0.013671875,-0.00390625,-0.25390625,0.060546875,-0.015625,-0.68359375,0,0
1779558902.782385,-0.013671875,-0.00390625,-0.25390625,0.0546875,-0.015625,-0.68359375,0,0
1779558902.790392,-0.013671875,-0.005859375,-0.25,0.0546875,-0.015625,-0.68359375,0,0
1779558902.798428,-0.013671875,-0.005859375,-0.25,0.048828125,-0.015625,-0.68359375,0,0
1779558902.806395,-0.013671875,-0.005859375,-0.248046875,0.048828125,-0.015625,-0.68359375,0,0
1779558902.814413,-0.013671875,-0.005859375,-0.248046875,0.04296875,-0.013671875,-0.68359375,0,0
1779558902.822426,-0.013671875,-0.009765625,-0.244140625,0.04296875,-0.013671875,-0.68359375,0,0
1779558902.830368,-0.013671875,-0.009765625,-0.244140625,0.04296875,-0.009765625,-0.68359375,0,0
1779558902.838475,-0.013671875,-0.009765625,-0.240234375,0.04296875,-0.009765625,-0.68359375,0,0
1779558902.846331,-0.013671875,-0.009765625,-0.240234375,0.041015625,-0.009765625,-0.68359375,0,0
1779558902.854388,-0.013671875,-0.009765625,-0.23828125,0.041015625,-0.009765625,-0.68359375,0,0
1779558902.862347,-0.013671875,-0.009765625,-0.23828125,0.03515625,-0.0078125,-0.68359375,0,0
1779558902.870340,-0.013671875,-0.013671875,-0.236328125,0.03515625,-0.0078125,-0.68359375,0,0
1779558902.878430,-0.013671875,-0.013671875,-0.236328125,0.03125,-0.009765625,-0.68359375,0,0
1779558902.886436,-0.013671875,-0.015625,-0.236328125,0.03125,-0.009765625,-0.68359375,0,0
1779558902.894361,-0.013671875,-0.015625,-0.236328125,0.0234375,-0.01171875,-0.68359375,0,0
1779558902.902409,-0.013671875,-0.017578125,-0.236328125,0.0234375,-0.01171875,-0.68359375,0,0
1779558902.910348,-0.013671875,-0.017578125,-0.236328125,0.01953125,-0.013671875,-0.68359375,0,0
1779558902.918398,-0.013671875,-0.01953125,-0.2265625,0.01953125,-0.013671875,-0.68359375,0,0
1779558902.926377,-0.013671875,-0.01953125,-0.2265625,0.013671875,-0.01171875,-0.68359375,0,0
1779558902.934342,-0.013671875,-0.021484375,-0.1875,0.013671875,-0.01171875,-0.68359375,0,0
1779558902.942386,-0.013671875,-0.021484375,-0.1875,0.013671875,-0.013671875,-0.68359375,0,0
1779558902.950356,-0.013671875,-0.029296875,-0.12109375,0.013671875,-0.013671875,-0.68359375,0,0
1779558902.958373,-0.013671875,-0.029296875,-0.12109375,0.013671875,-0.025390625,-0.68359375,0,0
1779558902.966363,0.029296875,-0.0625,-0.09765625,0.013671875,-0.025390625,-0.68359375,0,0
1779558902.974407,0.029296875,-0.0625,-0.09765625,0.013671875,-0.0390625,-0.634765625,0,0
1779558902.982401,0.080078125,-0.123046875,-0.07421875,0.013671875,-0.0390625,-0.634765625,0,0
1779558902.990407,0.080078125,-0.123046875,-0.07421875,-0.005859375,-0.080078125,-0.5078125,0,0
1779558902.998408,0.095703125,-0.080078125,-0.037109375,-0.005859375,-0.080078125,-0.5078125,0,0
1779558903.006465,0.095703125,-0.080078125,-0.037109375,0.0,-0.11328125,-0.326171875,0,0
1779558903.014321,0.052734375,-0.080078125,-0.017578125,0.0,-0.11328125,-0.326171875,0,0
1779558903.022390,0.052734375,-0.080078125,-0.017578125,-0.013671875,-0.1328125,-0.173828125,0,0
1779558903.030365,0.052734375,0.009765625,-0.03515625,-0.013671875,-0.1328125,-0.173828125,0,0
1779558903.038415,0.052734375,0.009765625,-0.03515625,-0.013671875,-0.126953125,-0.103515625,0,0
1779558903.046377,-0.017578125,0.009765625,-0.017578125,-0.013671875,-0.126953125,-0.103515625,0,0
1779558903.054371,-0.017578125,0.009765625,-0.017578125,-0.013671875,-0.095703125,-0.103515625,0,0
1779558903.062362,-0.0078125,0.009765625,-0.03125,-0.013671875,-0.095703125,-0.103515625,0,0
1779558903.070357,-0.0078125,0.009765625,-0.03125,-0.013671875,-0.0703125,-0.103515625,0,0
1779558903.078366,-0.0078125,0.009765625,-0.013671875,-0.013671875,-0.0703125,-0.103515625,0,0
1779558903.094337,-0.0078125,0.009765625,-0.005859375,-0.013671875,-0.0703125,-0.103515625,0,0
1779558903.110374,-0.0078125,0.009765625,-0.013671875,-0.013671875,-0.0703125,-0.103515625,0,0
1779558903.126356,-0.0078125,0.009765625,-0.02734375,-0.013671875,-0.0703125,-0.103515625,0,0
1779558903.142354,-0.0078125,0.009765625,-0.05859375,-0.013671875,-0.0703125,-0.103515625,0,0
1779558903.150369,-0.0078125,0.009765625,-0.05859375,-0.013671875,-0.01953125,-0.103515625,0,0
1779558903.158355,-0.0078125,-0.009765625,-0.05859375,-0.013671875,-0.01953125,-0.103515625,0,0
1779558903.166384,-0.0078125,-0.009765625,-0.05859375,-0.013671875,-0.046875,-0.103515625,0,0
1779558903.174347,-0.0078125,-0.0390625,-0.05078125,-0.013671875,-0.046875,-0.103515625,0,0
1779558903.182337,-0.0078125,-0.0390625,-0.05078125,0.037109375,-0.052734375,-0.103515625,0,0
1779558903.190376,-0.0546875,-0.080078125,-0.05859375,0.037109375,-0.052734375,-0.103515625,0,0
1779558903.198355,-0.0546875,-0.080078125,-0.05859375,0.08984375,-0.08984375,-0.03515625,0,0
1779558903.206326,-0.123046875,-0.111328125,-0.052734375,0.08984375,-0.08984375,-0.03515625,0,0
1779558903.214360,-0.123046875,-0.111328125,-0.052734375,0.13671875,-0.12890625,-0.103515625,0,0
1779558903.222354,-0.17578125,-0.14453125,-0.029296875,0.13671875,-0.12890625,-0.103515625,0,0
1779558903.230377,-0.17578125,-0.14453125,-0.029296875,0.17578125,-0.171875,-0.1796875,0,0
1779558903.238430,-0.216796875,-0.17578125,-0.00390625,0.17578125,-0.171875,-0.1796875,0,0
1779558903.246310,-0.216796875,-0.17578125,-0.00390625,0.20703125,-0.201171875,-0.25,0,0
1779558903.254368,-0.2578125,-0.197265625,-0.00390625,0.20703125,-0.201171875,-0.25,0,0
1779558903.262365,-0.2578125,-0.197265625,-0.00390625,0.232421875,-0.224609375,-0.31640625,0,0
1779558903.270364,-0.259765625,-0.166015625,-0.005859375,0.232421875,-0.224609375,-0.31640625,0,0
1779558903.278402,-0.259765625,-0.166015625,-0.005859375,0.232421875,-0.232421875,-0.349609375,0,0
1779558903.286369,-0.220703125,-0.1640625,-0.005859375,0.232421875,-0.232421875,-0.349609375,0,0
1779558903.294312,-0.220703125,-0.1640625,-0.005859375,0.23828125,-0.2265625,-0.3671875,0,0
1779558903.302342,-0.1875,-0.171875,-0.005859375,0.23828125,-0.2265625,-0.3671875,0,0
1779558903.310310,-0.1875,-0.171875,-0.005859375,0.2265625,-0.216796875,-0.380859375,0,0
1779558903.318319,-0.1796875,-0.15625,-0.005859375,0.2265625,-0.216796875,-0.380859375,0,0
1779558903.326306,-0.1796875,-0.15625,-0.005859375,0.205078125,-0.2109375,-0.41796875,0,0
1779558903.334355,-0.1796875,-0.140625,-0.005859375,0.205078125,-0.2109375,-0.41796875,0,0
1779558903.342324,-0.1796875,-0.140625,-0.005859375,0.193359375,-0.208984375,-0.447265625,0,0
1779558903.350370,-0.1796875,-0.1328125,-0.005859375,0.193359375,-0.208984375,-0.447265625,0,0
1779558903.358343,-0.1796875,-0.1328125,-0.005859375,0.197265625,-0.201171875,-0.455078125,0,0
1779558903.366385,-0.16796875,-0.123046875,-0.005859375,0.197265625,-0.201171875,-0.455078125,0,0
1779558903.374419,-0.16796875,-0.123046875,-0.005859375,0.197265625,-0.1875,-0.470703125,0,0
1779558903.382427,-0.1484375,-0.11328125,-0.005859375,0.197265625,-0.1875,-0.470703125,0,0
1779558903.390405,-0.1484375,-0.11328125,-0.005859375,0.197265625,-0.1796875,-0.494140625,0,0
1779558903.398401,-0.123046875,-0.08984375,-0.005859375,0.197265625,-0.1796875,-0.494140625,0,0
1779558903.406387,-0.123046875,-0.08984375,-0.005859375,0.197265625,-0.154296875,-0.525390625,0,0
1779558903.414337,-0.103515625,-0.06640625,-0.005859375,0.197265625,-0.154296875,-0.525390625,0,0
1779558903.422338,-0.103515625,-0.06640625,-0.005859375,0.201171875,-0.130859375,-0.5546875,0,0
1779558903.430360,-0.08984375,-0.04296875,-0.005859375,0.201171875,-0.130859375,-0.5546875,0,0
1779558903.438376,-0.08984375,-0.04296875,-0.005859375,0.205078125,-0.111328125,-0.580078125,0,0
1779558903.446340,-0.076171875,-0.017578125,-0.005859375,0.205078125,-0.111328125,-0.580078125,0,0
1779558903.454328,-0.076171875,-0.017578125,-0.005859375,0.208984375,-0.09765625,-0.6015625,0,0
1779558903.462427,-0.060546875,-0.00390625,-0.005859375,0.208984375,-0.09765625,-0.6015625,0,0
1779558903.470364,-0.060546875,-0.00390625,-0.005859375,0.208984375,-0.087890625,-0.615234375,0,0
1779558903.478400,-0.05078125,-0.00390625,-0.005859375,0.208984375,-0.087890625,-0.615234375,0,0
1779558903.486366,-0.05078125,-0.00390625,-0.005859375,0.20703125,-0.083984375,-0.625,0,0
1779558903.494376,-0.0390625,-0.00390625,-0.005859375,0.20703125,-0.083984375,-0.625,0,0
1779558903.502378,-0.0390625,-0.00390625,-0.005859375,0.197265625,-0.08203125,-0.634765625,0,0
1779558903.510372,-0.03515625,-0.00390625,-0.005859375,0.197265625,-0.08203125,-0.634765625,0,0
1779558903.518442,-0.03515625,-0.00390625,-0.005859375,0.197265625,-0.076171875,-0.640625,0,0
1779558903.526458,-0.02734375,-0.00390625,-0.005859375,0.197265625,-0.076171875,-0.640625,0,0
1779558903.534354,-0.02734375,-0.00390625,-0.005859375,0.19140625,-0.0703125,-0.6484375,0,0
1779558903.542429,-0.017578125,-0.00390625,-0.005859375,0.19140625,-0.0703125,-0.6484375,0,0
1779558903.550393,-0.017578125,-0.00390625,-0.005859375,0.18359375,-0.06640625,-0.65625,0,0
1779558903.558412,-0.005859375,-0.00390625,-0.005859375,0.18359375,-0.06640625,-0.65625,0,0
1779558903.566383,-0.005859375,-0.00390625,-0.005859375,0.173828125,-0.06640625,-0.6640625,0,0
1779558903.582403,-0.005859375,-0.00390625,-0.005859375,0.158203125,-0.06640625,-0.669921875,0,0
1779558903.598428,-0.005859375,-0.00390625,-0.005859375,0.146484375,-0.068359375,-0.67578125,0,0
1779558903.614402,-0.005859375,-0.00390625,-0.005859375,0.140625,-0.068359375,-0.677734375,0,0
1779558903.630421,-0.005859375,-0.00390625,-0.005859375,0.140625,-0.068359375,-0.677734375,0,0
1779558903.646379,-0.005859375,-0.00390625,-0.005859375,0.138671875,-0.068359375,-0.67578125,0,0
1779558903.662354,-0.005859375,-0.00390625,-0.005859375,0.138671875,-0.06640625,-0.673828125,0,0
1779558903.678371,-0.005859375,-0.00390625,-0.005859375,0.13671875,-0.05859375,-0.66796875,0,0
1779558903.686395,-0.0078125,0.0,-0.005859375,0.13671875,-0.05859375,-0.66796875,0,0
1779558903.694347,-0.0078125,0.0,-0.005859375,0.125,-0.046875,-0.654296875,0,0
1779558903.702380,-0.037109375,-0.037109375,-0.005859375,0.125,-0.046875,-0.654296875,0,0
1779558903.710389,-0.037109375,-0.037109375,-0.005859375,0.103515625,-0.05078125,-0.623046875,0,0
1779558903.718400,-0.05078125,-0.037109375,-0.005859375,0.103515625,-0.05078125,-0.623046875,0,0
1779558903.726339,-0.05078125,-0.037109375,-0.005859375,0.07421875,-0.07421875,-0.55078125,0,0
1779558903.734330,-0.01953125,-0.037109375,0.009765625,0.07421875,-0.07421875,-0.55078125,0,0
1779558903.742293,-0.01953125,-0.037109375,0.009765625,0.046875,-0.080078125,-0.439453125,0,0
1779558903.750284,-0.0234375,-0.037109375,0.009765625,0.046875,-0.080078125,-0.439453125,0,0
1779558903.758337,-0.0234375,-0.037109375,0.009765625,0.017578125,-0.060546875,-0.341796875,0,0
1779558903.766352,-0.0234375,0.005859375,0.00390625,0.017578125,-0.060546875,-0.341796875,0,0
1779558903.774373,-0.0234375,0.005859375,0.00390625,0.017578125,-0.01953125,-0.240234375,0,0
1779558903.782373,-0.0234375,0.03125,0.00390625,0.017578125,-0.01953125,-0.240234375,0,0
1779558903.790306,-0.0234375,0.03125,0.00390625,0.017578125,-0.005859375,-0.193359375,0,0
1779558903.798340,-0.0234375,0.048828125,0.00390625,0.017578125,-0.005859375,-0.193359375,0,0
1779558903.806334,-0.0234375,0.048828125,0.00390625,0.017578125,-0.005859375,-0.146484375,0,0
1779558903.814336,-0.0234375,0.05859375,0.00390625,0.017578125,-0.005859375,-0.146484375,0,0
1779558903.822398,-0.0234375,0.05859375,0.00390625,0.017578125,-0.005859375,-0.103515625,0,0
1779558903.830348,-0.0234375,0.017578125,0.00390625,0.017578125,-0.005859375,-0.103515625,0,0
1779558903.838388,-0.0234375,0.017578125,0.00390625,-0.109375,-0.005859375,-0.103515625,0,0
1779558903.846433,-0.0234375,0.01953125,0.00390625,-0.109375,-0.005859375,-0.103515625,0,0
1779558903.854395,-0.0234375,0.01953125,0.00390625,-0.046875,-0.005859375,-0.009765625,0,0
1779558903.862370,-0.0234375,0.046875,0.00390625,-0.046875,-0.005859375,-0.009765625,0,0
1779558903.870391,-0.0234375,0.046875,0.00390625,-0.07421875,-0.005859375,-0.009765625,0,0
1779558903.900376,0.0,0.0,0.0,0.0,0.0,0.0,0,0
1779558903.902332,-0.0234375,0.046875,0.00390625,0.0,-0.005859375,-0.009765625,0,0
1779558903.918389,-0.0234375,0.046875,0.00390625,0.0234375,-0.005859375,-0.009765625,0,0
1779558903.948422,0.0,0.0,0.0,0.0,0.0,0.0,0,0
1779558903.979378,0.0,0.0,0.0,0.0,0.0,0.0,0,0
1779558904.010370,0.0,0.0,0.0,0.0,0.0,0.0,0,0
1779558904.041380,0.0,0.0,0.0,0.0,0.0,0.0,0,0
1779558904.072433,0.0,0.0,0.0,0.0,0.0,0.0,0,0
1779558904.103384,0.0,0.0,0.0,0.0,0.0,0.0,0,0
1779558904.134391,0.0,0.0,0.0,0.0,0.0,0.0,0,0
1779558904.165352,0.0,0.0,0.0,0.0,0.0,0.0,0,0
1779558904.196389,0.0,0.0,0.0,0.0,0.0,0.0,0,0
1779558904.227346,0.0,0.0,0.0,0.0,0.0,0.0,0,0
1779558904.258454,0.0,0.0,0.0,0.0,0.0,0.0,0,0
1779558904.289363,0.0,0.0,0.0,0.0,0.0,0.0,0,0
1779558904.320415,0.0,0.0,0.0,0.0,0.0,0.0,0,0
1779558904.351408,0.0,0.0,0.0,0.0,0.0,0.0,0,0
1779558904.382412,0.0,0.0,0.0,0.0,0.0,0.0,0,0
1779558904.413422,0.0,0.0,0.0,0.0,0.0,0.0,0,0
1779558904.444357,0.0,0.0,0.0,0.0,0.0,0.0,0,0
1779558904.475390,0.0,0.0,0.0,0.0,0.0,0.0,0,0
1779558904.506375,0.0,0.0,0.0,0.0,0.0,0.0,0,0
1779558904.537422,0.0,0.0,0.0,0.0,0.0,0.0,0,0
1779558904.568420,0.0,0.0,0.0,0.0,0.0,0.0,0,0
1779558904.599376,0.0,0.0,0.0,0.0,0.0,0.0,0,0
1779558904.630331,0.0,0.0,0.0,0.0,0.0,0.0,0,0
1779558904.661333,0.0,0.0,0.0,0.0,0.0,0.0,0,0
1779558904.692458,0.0,0.0,0.0,0.0,0.0,0.0,0,0
1779558904.723316,0.0,0.0,0.0,0.0,0.0,0.0,0,0
1779558904.726340,-0.0234375,-0.00390625,0.00390625,0.0234375,-0.005859375,-0.009765625,0,0
1779558904.742458,-0.0234375,-0.01953125,0.00390625,0.0234375,-0.005859375,-0.009765625,0,0
1779558904.758334,-0.0234375,-0.033203125,0.00390625,0.0234375,-0.005859375,-0.009765625,0,0
1779558904.766383,-0.0234375,-0.033203125,0.00390625,0.00390625,-0.005859375,-0.009765625,0,0
1779558904.774373,-0.0234375,-0.05078125,0.00390625,0.00390625,-0.005859375,-0.009765625,0,0
1779558904.782347,-0.0234375,-0.05078125,0.00390625,0.021484375,-0.005859375,-0.009765625,0,0
1779558904.790368,0.005859375,-0.076171875,0.00390625,0.021484375,-0.005859375,-0.009765625,0,0
1779558904.798365,0.005859375,-0.076171875,0.00390625,0.037109375,-0.005859375,-0.009765625,0,0
1779558904.806404,0.03515625,-0.119140625,0.00390625,0.037109375,-0.005859375,-0.009765625,0,0
1779558904.814385,0.03515625,-0.119140625,0.00390625,0.064453125,-0.005859375,-0.015625,0,0
1779558904.822369,0.056640625,-0.1328125,0.00390625,0.064453125,-0.005859375,-0.015625,0,0
1779558904.830352,0.056640625,-0.1328125,0.00390625,0.0859375,-0.005859375,-0.0546875,0,0
1779558904.838355,0.068359375,-0.146484375,0.00390625,0.0859375,-0.005859375,-0.0546875,0,0
1779558904.846344,0.068359375,-0.146484375,0.00390625,0.099609375,-0.005859375,-0.080078125,0,0
1779558904.854310,0.078125,-0.158203125,0.00390625,0.099609375,-0.005859375,-0.080078125,0,0
1779558904.862391,0.078125,-0.158203125,0.00390625,0.1171875,-0.005859375,-0.107421875,0,0
1779558904.870417,0.095703125,-0.16796875,0.00390625,0.1171875,-0.005859375,-0.107421875,0,0
1779558904.878388,0.095703125,-0.16796875,0.00390625,0.13671875,-0.005859375,-0.134765625,0,0
1779558904.886306,0.109375,-0.197265625,0.00390625,0.13671875,-0.005859375,-0.134765625,0,0
1779558904.894425,0.109375,-0.197265625,0.00390625,0.150390625,-0.005859375,-0.173828125,0,0
1779558904.902348,0.09375,-0.21484375,0.00390625,0.150390625,-0.005859375,-0.173828125,0,0
1779558904.910387,0.09375,-0.21484375,0.00390625,0.201171875,-0.005859375,-0.2578125,0,0
1779558904.918417,0.083984375,-0.23046875,0.00390625,0.201171875,-0.005859375,-0.2578125,0,0
1779558904.926368,0.083984375,-0.23046875,0.00390625,0.236328125,-0.005859375,-0.333984375,0,0
1779558904.934401,0.076171875,-0.201171875,0.00390625,0.236328125,-0.005859375,-0.333984375,0,0
1779558904.942370,0.076171875,-0.201171875,0.00390625,0.228515625,-0.005859375,-0.3671875,0,0
1779558904.950354,0.064453125,-0.16796875,0.00390625,0.228515625,-0.005859375,-0.3671875,0,0
1779558904.958422,0.064453125,-0.16796875,0.00390625,0.224609375,-0.005859375,-0.40234375,0,0
1779558904.966382,0.05859375,-0.146484375,-0.005859375,0.224609375,-0.005859375,-0.40234375,0,0
1779558904.974385,0.05859375,-0.146484375,-0.005859375,0.201171875,0.0,-0.4375,0,0
1779558904.982368,0.046875,-0.111328125,-0.013671875,0.201171875,0.0,-0.4375,0,0
1779558904.990419,0.046875,-0.111328125,-0.013671875,0.185546875,-0.01171875,-0.48828125,0,0
1779558904.998407,0.029296875,-0.0703125,-0.021484375,0.185546875,-0.01171875,-0.48828125,0,0
1779558905.006415,0.029296875,-0.0703125,-0.021484375,0.177734375,-0.017578125,-0.537109375,0,0
1779558905.014385,0.009765625,-0.037109375,-0.0234375,0.177734375,-0.017578125,-0.537109375,0,0
1779558905.022400,0.009765625,-0.037109375,-0.0234375,0.17578125,-0.017578125,-0.57421875,0,0
1779558905.030359,0.009765625,-0.037109375,-0.02734375,0.17578125,-0.017578125,-0.57421875,0,0
1779558905.038400,0.009765625,-0.037109375,-0.02734375,0.17578125,-0.015625,-0.625,0,0
1779558905.046335,0.009765625,-0.037109375,-0.021484375,0.17578125,-0.015625,-0.625,0,0
1779558905.054374,0.009765625,-0.037109375,-0.021484375,0.17578125,-0.009765625,-0.650390625,0,0
1779558905.062332,0.009765625,-0.037109375,-0.015625,0.17578125,-0.009765625,-0.650390625,0,0
1779558905.070383,0.009765625,-0.037109375,-0.015625,0.171875,-0.005859375,-0.65625,0,0
1779558905.078437,0.009765625,-0.037109375,-0.01171875,0.171875,-0.005859375,-0.65625,0,0
1779558905.086370,0.009765625,-0.037109375,-0.01171875,0.17578125,0.0,-0.65625,0,0
1779558905.094353,0.009765625,-0.037109375,-0.009765625,0.17578125,0.0,-0.65625,0,0
1779558905.102405,0.009765625,-0.037109375,-0.009765625,0.1796875,0.0,-0.6484375,0,0
1779558905.110370,0.009765625,-0.037109375,-0.005859375,0.1796875,0.0,-0.6484375,0,0
1779558905.118357,0.009765625,-0.037109375,-0.005859375,0.17578125,0.0,-0.626953125,0,0
1779558905.126325,0.009765625,-0.025390625,0.0,0.17578125,0.0,-0.626953125,0,0
1779558905.134409,0.009765625,-0.025390625,0.0,0.16015625,0.0,-0.595703125,0,0
1779558905.142394,0.00390625,-0.05078125,0.0,0.16015625,0.0,-0.595703125,0,0
1779558905.150369,0.00390625,-0.05078125,0.0,0.15625,0.0,-0.572265625,0,0
1779558905.158321,0.013671875,-0.076171875,0.0,0.15625,0.0,-0.572265625,0,0
1779558905.166398,0.013671875,-0.076171875,0.0,0.15625,0.0,-0.54296875,0,0
1779558905.174335,0.0234375,-0.111328125,0.0,0.15625,0.0,-0.54296875,0,0
1779558905.182346,0.0234375,-0.111328125,0.0,0.162109375,0.0,-0.501953125,0,0
1779558905.190362,0.033203125,-0.138671875,0.0,0.162109375,0.0,-0.501953125,0,0
1779558905.198366,0.033203125,-0.138671875,0.0,0.162109375,0.0,-0.470703125,0,0
1779558905.206391,0.068359375,-0.17578125,0.0,0.162109375,0.0,-0.470703125,0,0
1779558905.214336,0.068359375,-0.17578125,0.0,0.158203125,0.0,-0.42578125,0,0
1779558905.222359,0.119140625,-0.205078125,0.0,0.158203125,0.0,-0.42578125,0,0
1779558905.230342,0.119140625,-0.205078125,0.0,0.13671875,0.0,-0.37109375,0,0
1779558905.238327,0.15234375,-0.19140625,0.0,0.13671875,0.0,-0.37109375,0,0
1779558905.246305,0.15234375,-0.19140625,0.0,0.115234375,0.0,-0.302734375,0,0
1779558905.254391,0.150390625,-0.18359375,0.0,0.115234375,0.0,-0.302734375,0,0
1779558905.262393,0.150390625,-0.18359375,0.0,0.11328125,0.0,-0.24609375,0,0
1779558905.270386,0.125,-0.16796875,0.0,0.11328125,0.0,-0.24609375,0,0
1779558905.278392,0.125,-0.16796875,0.0,0.107421875,0.0,-0.205078125,0,0
1779558905.286326,0.091796875,-0.146484375,0.0,0.107421875,0.0,-0.205078125,0,0
1779558905.294371,0.091796875,-0.146484375,0.0,0.103515625,0.0,-0.1796875,0,0
1779558905.302366,0.1015625,-0.08984375,0.0,0.103515625,0.0,-0.1796875,0,0
1779558905.310363,0.1015625,-0.08984375,0.0,0.05859375,0.0,-0.1015625,0,0
1779558905.318347,0.05078125,-0.05078125,0.0,0.05859375,0.0,-0.1015625,0,0
1779558905.326326,0.05078125,-0.05078125,0.0,0.013671875,0.0,-0.078125,0,0
1779558905.334354,0.015625,-0.013671875,0.0,0.013671875,0.0,-0.078125,0,0
1779558905.342455,0.015625,-0.013671875,0.0,0.013671875,0.0,-0.052734375,0,0
1779558905.358338,0.015625,-0.013671875,0.0,0.013671875,0.0,-0.03515625,0,0
1779558905.374377,0.015625,-0.013671875,0.0,0.013671875,0.0,-0.013671875,0,0
1779558905.404411,0.0,0.0,0.0,0.0,0.0,0.0,0,0
1779558905.435373,0.0,0.0,0.0,0.0,0.0,0.0,0,0
1779558905.466375,0.0,0.0,0.0,0.0,0.0,0.0,0,0
1779558905.470374,0.015625,-0.013671875,-0.00390625,0.013671875,0.0,-0.013671875,0,0
1779558905.486318,0.0625,-0.029296875,-0.04296875,0.013671875,0.0,-0.013671875,0,0
1779558905.502378,0.138671875,-0.078125,-0.080078125,0.013671875,0.0,-0.013671875,0,0
1779558905.510391,0.138671875,-0.078125,-0.080078125,0.0234375,0.0,-0.013671875,0,0
1779558905.518367,0.173828125,-0.09765625,-0.115234375,0.0234375,0.0,-0.013671875,0,0
1779558905.526370,0.173828125,-0.09765625,-0.115234375,0.03515625,0.0,-0.013671875,0,0
1779558905.534424,0.19921875,-0.09765625,-0.13671875,0.03515625,0.0,-0.013671875,0,0
1779558905.542435,0.19921875,-0.09765625,-0.13671875,0.064453125,0.0,-0.029296875,0,0
1779558905.550346,0.21484375,-0.087890625,-0.169921875,0.064453125,0.0,-0.029296875,0,0
1779558905.558402,0.21484375,-0.087890625,-0.169921875,0.1015625,0.0,-0.048828125,0,0
1779558905.566378,0.216796875,-0.072265625,-0.220703125,0.1015625,0.0,-0.048828125,0,0
1779558905.574380,0.216796875,-0.072265625,-0.220703125,0.138671875,0.0,-0.06640625,0,0
1779558905.582403,0.212890625,-0.08203125,-0.2734375,0.138671875,0.0,-0.06640625,0,0
1779558905.590353,0.212890625,-0.08203125,-0.2734375,0.185546875,-0.009765625,-0.07421875,0,0
1779558905.598385,0.2265625,-0.109375,-0.302734375,0.185546875,-0.009765625,-0.07421875,0,0
1779558905.606336,0.2265625,-0.109375,-0.302734375,0.2265625,-0.013671875,-0.0703125,0,0
1779558905.614337,0.240234375,-0.126953125,-0.314453125,0.2265625,-0.013671875,-0.0703125,0,0
1779558905.622381,0.240234375,-0.126953125,-0.314453125,0.251953125,-0.015625,-0.06640625,0,0
1779558905.630412,0.248046875,-0.130859375,-0.318359375,0.251953125,-0.015625,-0.06640625,0,0
1779558905.638366,0.248046875,-0.130859375,-0.318359375,0.2578125,-0.015625,-0.060546875,0,0
1779558905.646368,0.2578125,-0.12109375,-0.30078125,0.2578125,-0.015625,-0.060546875,0,0
1779558905.654367,0.2578125,-0.12109375,-0.30078125,0.25390625,0.0,-0.05859375,0,0
1779558905.662359,0.263671875,-0.107421875,-0.28125,0.25390625,0.0,-0.05859375,0,0
1779558905.670355,0.263671875,-0.107421875,-0.28125,0.2421875,0.0,-0.05859375,0,0
1779558905.678383,0.263671875,-0.08984375,-0.251953125,0.2421875,0.0,-0.05859375,0,0
1779558905.686352,0.263671875,-0.08984375,-0.251953125,0.2265625,0.0,-0.05859375,0,0
1779558905.694429,0.2578125,-0.087890625,-0.23828125,0.2265625,0.0,-0.05859375,0,0
1779558905.702404,0.2578125,-0.087890625,-0.23828125,0.220703125,0.0,-0.056640625,0,0
1779558905.710392,0.2421875,-0.078125,-0.216796875,0.220703125,0.0,-0.056640625,0,0
1779558905.718400,0.2421875,-0.078125,-0.216796875,0.208984375,0.0,-0.0546875,0,0
1779558905.726366,0.22265625,-0.0625,-0.19140625,0.208984375,0.0,-0.0546875,0,0
1779558905.734374,0.22265625,-0.0625,-0.19140625,0.19140625,0.0,-0.052734375,0,0
1779558905.742368,0.205078125,-0.041015625,-0.154296875,0.19140625,0.0,-0.052734375,0,0
1779558905.750410,0.205078125,-0.041015625,-0.154296875,0.171875,0.0,-0.05078125,0,0
1779558905.758400,0.18359375,-0.021484375,-0.109375,0.171875,0.0,-0.05078125,0,0
1779558905.766429,0.18359375,-0.021484375,-0.109375,0.1484375,0.0,-0.048828125,0,0
1779558905.774415,0.171875,-0.017578125,-0.080078125,0.1484375,0.0,-0.048828125,0,0
1779558905.782406,0.171875,-0.017578125,-0.080078125,0.125,0.0,-0.044921875,0,0
1779558905.790370,0.15625,-0.015625,-0.0546875,0.125,0.0,-0.044921875,0,0
1779558905.798361,0.15625,-0.015625,-0.0546875,0.095703125,0.0,-0.041015625,0,0
1779558905.806513,0.146484375,-0.01171875,-0.044921875,0.095703125,0.0,-0.041015625,0,0
1779558905.814369,0.146484375,-0.01171875,-0.044921875,0.07421875,0.0,-0.0390625,0,0
1779558905.822398,0.142578125,-0.009765625,-0.037109375,0.07421875,0.0,-0.0390625,0,0
1779558905.830386,0.142578125,-0.009765625,-0.037109375,0.064453125,0.0,-0.037109375,0,0
1779558905.838340,0.13671875,0.0,-0.029296875,0.064453125,0.0,-0.037109375,0,0
1779558905.846371,0.13671875,0.0,-0.029296875,0.05078125,0.0,-0.03515625,0,0
1779558905.854347,0.126953125,0.0,-0.015625,0.05078125,0.0,-0.03515625,0,0
1779558905.862374,0.126953125,0.0,-0.015625,0.041015625,0.0,-0.037109375,0,0
1779558905.870385,0.123046875,0.0,-0.015625,0.041015625,0.0,-0.037109375,0,0
1779558905.878388,0.123046875,0.0,-0.015625,0.03125,0.0,-0.041015625,0,0
1779558905.886444,0.119140625,0.0,-0.015625,0.03125,0.0,-0.041015625,0,0
1779558905.894385,0.119140625,0.0,-0.015625,0.021484375,0.00390625,-0.048828125,0,0
1779558905.902371,0.095703125,0.0,-0.015625,0.021484375,0.00390625,-0.048828125,0,0
1779558905.910400,0.095703125,0.0,-0.015625,0.0078125,0.00390625,-0.048828125,0,0
1779558905.918401,0.072265625,0.0,-0.015625,0.0078125,0.00390625,-0.048828125,0,0
1779558905.926428,0.072265625,0.0,-0.015625,0.0078125,0.00390625,-0.046875,0,0
1779558905.934405,0.0390625,0.0,-0.015625,0.0078125,0.00390625,-0.046875,0,0
1779558905.942412,0.0390625,0.0,-0.015625,0.0078125,0.00390625,-0.0546875,0,0
1779558905.950391,0.029296875,0.00390625,-0.015625,0.0078125,0.00390625,-0.0546875,0,0
1779558905.958402,0.029296875,0.00390625,-0.015625,0.0078125,0.00390625,-0.048828125,0,0
1779558905.974367,0.029296875,0.00390625,-0.015625,0.0078125,-0.021484375,-0.048828125,0,0
1779558905.990320,0.029296875,0.00390625,-0.015625,0.00390625,-0.021484375,-0.048828125,0,0
1779558906.020372,0.0,0.0,0.0,0.0,0.0,0.0,0,0
1779558906.046368,0.029296875,0.044921875,-0.03125,0.00390625,-0.021484375,-0.048828125,0,0
1779558906.062347,-0.005859375,0.017578125,-0.052734375,0.00390625,-0.021484375,-0.048828125,0,0
1779558906.070364,-0.005859375,0.017578125,-0.052734375,0.00390625,-0.013671875,-0.048828125,0,0
1779558906.078356,-0.01171875,0.01171875,-0.068359375,0.00390625,-0.013671875,-0.048828125,0,0
1779558906.086360,-0.01171875,0.01171875,-0.068359375,0.00390625,-0.025390625,-0.048828125,0,0
1779558906.094352,-0.025390625,0.01171875,-0.072265625,0.00390625,-0.025390625,-0.048828125,0,0
1779558906.102377,-0.025390625,0.01171875,-0.072265625,0.119140625,-0.044921875,-0.048828125,0,0
1779558906.110406,-0.025390625,0.01171875,-0.1015625,0.119140625,-0.044921875,-0.048828125,0,0
1779558906.118341,-0.025390625,0.01171875,-0.1015625,0.24609375,-0.05859375,-0.048828125,0,0
1779558906.126338,-0.01171875,0.01171875,-0.115234375,0.24609375,-0.05859375,-0.048828125,0,0
1779558906.134377,-0.01171875,0.01171875,-0.115234375,0.384765625,-0.05078125,-0.048828125,0,0
1779558906.142445,-0.01171875,0.0,-0.076171875,0.384765625,-0.05078125,-0.048828125,0,0
1779558906.150361,-0.01171875,0.0,-0.076171875,0.51953125,-0.0234375,-0.048828125,0,0
1779558906.158396,-0.01171875,0.0,-0.05078125,0.51953125,-0.0234375,-0.048828125,0,0
1779558906.166368,-0.01171875,0.0,-0.05078125,0.630859375,-0.0234375,-0.048828125,0,0
1779558906.174334,-0.01171875,0.0,-0.046875,0.630859375,-0.0234375,-0.048828125,0,0
1779558906.182445,-0.01171875,0.0,-0.046875,0.68359375,-0.0234375,-0.048828125,0,0
1779558906.190321,-0.01171875,0.0,-0.0078125,0.68359375,-0.0234375,-0.048828125,0,0
1779558906.198377,-0.01171875,0.0,-0.0078125,0.68359375,-0.0234375,-0.048828125,0,0
1779558906.214370,-0.01171875,0.0,-0.0078125,0.68359375,-0.0234375,-0.048828125,0,0
1779558906.230377,-0.01171875,0.0,-0.0078125,0.68359375,-0.0234375,-0.048828125,0,0
1779558906.246402,-0.01171875,0.0,-0.0078125,0.68359375,-0.0234375,-0.048828125,0,0
1779558906.262356,-0.01171875,0.0,-0.0078125,0.68359375,-0.0234375,-0.048828125,0,0
1779558906.278431,-0.01171875,0.0,-0.0078125,0.68359375,0.005859375,-0.048828125,0,0
1779558906.294345,-0.01171875,0.0,-0.0078125,0.68359375,0.015625,-0.048828125,0,0
1779558906.310427,-0.01171875,0.0,-0.0078125,0.68359375,0.02734375,-0.048828125,0,0
1779558906.326342,-0.01171875,0.0,-0.0078125,0.68359375,0.03125,-0.048828125,0,0
1779558906.342334,-0.01171875,0.0,-0.0078125,0.68359375,0.03515625,-0.048828125,0,0
1779558906.358427,-0.01171875,0.0,-0.0078125,0.68359375,0.0390625,-0.048828125,0,0
1779558906.374366,-0.01171875,0.0,-0.0078125,0.68359375,0.0390625,-0.048828125,0,0
1779558906.390364,-0.01171875,0.0,-0.0078125,0.68359375,0.041015625,-0.048828125,0,0
1779558906.406396,-0.01171875,0.0,-0.0078125,0.68359375,0.041015625,-0.048828125,0,0
1779558906.422363,-0.01171875,0.0,-0.0078125,0.68359375,0.04296875,-0.048828125,0,0
1779558906.438462,-0.01171875,0.0,-0.0078125,0.68359375,0.046875,-0.048828125,0,0
1779558906.454355,-0.01171875,0.0,-0.0078125,0.68359375,0.046875,-0.048828125,0,0
1779558906.462368,-0.00390625,0.0,-0.0078125,0.68359375,0.046875,-0.048828125,0,0
1779558906.470412,-0.00390625,0.0,-0.0078125,0.68359375,0.048828125,-0.048828125,0,0
1779558906.478352,-0.00390625,0.0,-0.0078125,0.68359375,0.048828125,-0.048828125,0,0
1779558906.486390,-0.00390625,0.0,-0.0078125,0.68359375,0.056640625,-0.048828125,0,0
1779558906.494317,-0.005859375,0.0,-0.0078125,0.68359375,0.056640625,-0.048828125,0,0
1779558906.502412,-0.005859375,0.0,-0.0078125,0.68359375,0.056640625,-0.048828125,0,0
1779558906.510408,-0.005859375,0.0,-0.0078125,0.68359375,0.056640625,-0.048828125,0,0
1779558906.518351,-0.005859375,0.0,-0.0078125,0.68359375,0.056640625,-0.048828125,0,0
1779558906.526406,-0.005859375,0.0,-0.0078125,0.68359375,0.056640625,-0.048828125,0,0
1779558906.534394,-0.005859375,0.0,-0.0078125,0.68359375,0.056640625,-0.048828125,0,0
1779558906.542417,-0.005859375,0.0,-0.0078125,0.68359375,0.056640625,-0.048828125,0,0
1779558906.550422,-0.005859375,0.0,-0.0078125,0.68359375,0.056640625,-0.048828125,0,0
1779558906.558409,-0.005859375,0.0,-0.0078125,0.68359375,0.056640625,-0.048828125,0,0
1779558906.566403,-0.005859375,0.0,-0.0078125,0.68359375,0.056640625,-0.048828125,0,0
1779558906.574406,-0.005859375,0.0,-0.0078125,0.68359375,0.056640625,-0.048828125,0,0
1779558906.582370,-0.005859375,0.0,-0.0078125,0.68359375,0.056640625,-0.048828125,0,0
1779558906.590379,-0.005859375,0.0,-0.0078125,0.68359375,0.056640625,-0.048828125,0,0
1779558906.598326,-0.005859375,0.0,-0.0078125,0.68359375,0.05859375,-0.048828125,0,0
1779558906.606378,-0.0078125,0.0,-0.0078125,0.68359375,0.05859375,-0.048828125,0,0
1779558906.614391,-0.0078125,0.0,-0.0078125,0.68359375,0.05859375,-0.048828125,0,0
1779558906.622380,-0.0078125,0.0,-0.0078125,0.68359375,0.05859375,-0.048828125,0,0
1779558906.630325,-0.0078125,0.0,-0.0078125,0.68359375,0.05859375,-0.048828125,0,0
1779558906.638345,-0.0078125,0.0,-0.0078125,0.68359375,0.05859375,-0.048828125,0,0
1779558906.646392,-0.0078125,0.0,-0.0078125,0.68359375,0.05859375,-0.048828125,0,0
1779558906.654351,-0.0078125,0.0,-0.0078125,0.68359375,0.05859375,-0.048828125,0,0
1779558906.662352,-0.0078125,0.0,-0.0078125,0.68359375,0.056640625,-0.048828125,0,0
1779558906.670385,-0.0078125,0.0,-0.0078125,0.68359375,0.056640625,-0.048828125,0,0
1779558906.678395,-0.0078125,0.0,-0.0078125,0.68359375,0.056640625,-0.048828125,0,0
1779558906.694383,-0.0078125,0.0,-0.0078125,0.68359375,0.056640625,-0.048828125,0,0
1779558906.710390,-0.0078125,0.0,-0.0078125,0.68359375,0.080078125,-0.048828125,0,0
1779558906.718420,-0.0078125,-0.013671875,-0.0078125,0.68359375,0.080078125,-0.048828125,0,0
1779558906.726392,-0.0078125,-0.013671875,-0.0078125,0.66796875,0.09375,-0.015625,0,0
1779558906.734339,0.01171875,-0.033203125,-0.0078125,0.66796875,0.09375,-0.015625,0,0
1779558906.742333,0.01171875,-0.033203125,-0.0078125,0.451171875,0.08203125,-0.015625,0,0
1779558906.750384,0.01171875,-0.04296875,-0.0078125,0.451171875,0.08203125,-0.015625,0,0
1779558906.758383,0.01171875,-0.04296875,-0.0078125,0.259765625,0.05078125,-0.015625,0,0
1779558906.766397,0.01171875,-0.046875,-0.0078125,0.259765625,0.05078125,-0.015625,0,0
1779558906.774460,0.01171875,-0.046875,-0.0078125,0.119140625,0.0,-0.015625,0,0
1779558906.782399,0.01171875,-0.0234375,-0.0078125,0.119140625,0.0,-0.015625,0,0
1779558906.790361,0.01171875,-0.0234375,-0.0078125,0.021484375,0.0,0.0234375,0,0
1779558906.798389,-0.01171875,-0.0234375,-0.0078125,0.021484375,0.0,0.0234375,0,0
1779558906.806368,-0.01171875,-0.0234375,-0.0078125,0.021484375,-0.005859375,0.052734375,0,0
1779558906.814382,-0.07421875,-0.0234375,-0.0078125,0.021484375,-0.005859375,0.052734375,0,0
1779558906.822335,-0.07421875,-0.0234375,-0.0078125,0.021484375,-0.037109375,0.064453125,0,0
1779558906.830396,-0.029296875,-0.0234375,-0.0078125,0.021484375,-0.037109375,0.064453125,0,0
1779558906.838370,-0.029296875,-0.0234375,-0.0078125,0.021484375,-0.068359375,0.037109375,0,0
1779558906.846394,-0.048828125,-0.0234375,-0.0078125,0.021484375,-0.068359375,0.037109375,0,0
1779558906.854359,-0.048828125,-0.0234375,-0.0078125,0.021484375,-0.064453125,0.03515625,0,0
1779558906.862373,0.017578125,-0.0234375,-0.0078125,0.021484375,-0.064453125,0.03515625,0,0
1779558906.870432,0.017578125,-0.0234375,-0.0078125,0.021484375,0.017578125,0.03515625,0,0
1779558906.878360,-0.025390625,-0.0234375,-0.0078125,0.021484375,0.017578125,0.03515625,0,0
1779558906.886410,-0.025390625,-0.0234375,-0.0078125,0.021484375,-0.046875,0.03515625,0,0
1779558906.902418,-0.025390625,-0.0234375,-0.0078125,0.021484375,0.02734375,0.03515625,0,0
1779558906.910372,-0.041015625,-0.009765625,-0.0078125,0.021484375,0.02734375,0.03515625,0,0
1779558906.918365,-0.041015625,-0.009765625,-0.0078125,0.021484375,-0.0625,0.03515625,0,0
1779558906.934404,-0.041015625,-0.009765625,-0.0078125,0.0078125,-0.025390625,0.013671875,0,0
1779558906.942410,-0.041015625,-0.05859375,-0.0078125,0.0078125,-0.025390625,0.013671875,0,0
1779558906.950380,-0.041015625,-0.05859375,-0.0078125,0.0859375,-0.017578125,0.013671875,0,0
1779558906.958435,0.04296875,-0.064453125,-0.0078125,0.0859375,-0.017578125,0.013671875,0,0
1779558906.966400,0.04296875,-0.064453125,-0.0078125,0.099609375,-0.017578125,0.013671875,0,0
1779558906.974360,0.10546875,-0.046875,-0.0078125,0.099609375,-0.017578125,0.013671875,0,0
1779558906.982386,0.10546875,-0.046875,-0.0078125,0.0859375,-0.009765625,0.013671875,0,0
1779558906.990381,0.193359375,-0.048828125,-0.0078125,0.0859375,-0.009765625,0.013671875,0,0
1779558906.998354,0.193359375,-0.048828125,-0.0078125,0.08203125,-0.017578125,0.0,0,0
1779558907.006345,0.267578125,-0.091796875,0.013671875,0.08203125,-0.017578125,0.0,0,0
1779558907.014372,0.267578125,-0.091796875,0.013671875,0.087890625,-0.03125,-0.005859375,0,0
1779558907.022374,0.298828125,-0.142578125,0.017578125,0.087890625,-0.03125,-0.005859375,0,0
1779558907.030369,0.298828125,-0.142578125,0.017578125,0.095703125,-0.048828125,-0.005859375,0,0
1779558907.038387,0.296875,-0.166015625,0.01171875,0.095703125,-0.048828125,-0.005859375,0,0
1779558907.046366,0.296875,-0.166015625,0.01171875,0.095703125,-0.06640625,-0.005859375,0,0
1779558907.054411,0.287109375,-0.166015625,0.005859375,0.095703125,-0.06640625,-0.005859375,0,0
1779558907.062380,0.287109375,-0.166015625,0.005859375,0.095703125,-0.076171875,-0.005859375,0,0
1779558907.070395,0.296875,-0.166015625,0.0078125,0.095703125,-0.076171875,-0.005859375,0,0
1779558907.078409,0.296875,-0.166015625,0.0078125,0.09765625,-0.07421875,-0.005859375,0,0
1779558907.086450,0.33203125,-0.173828125,0.015625,0.09765625,-0.07421875,-0.005859375,0,0
1779558907.094363,0.33203125,-0.173828125,0.015625,0.095703125,-0.060546875,-0.013671875,0,0
1779558907.102377,0.357421875,-0.185546875,0.015625,0.095703125,-0.060546875,-0.013671875,0,0
1779558907.110365,0.357421875,-0.185546875,0.015625,0.087890625,-0.048828125,-0.029296875,0,0
1779558907.118372,0.369140625,-0.19140625,0.01171875,0.087890625,-0.048828125,-0.029296875,0,0
1779558907.126436,0.369140625,-0.19140625,0.01171875,0.076171875,-0.04296875,-0.041015625,0,0
1779558907.134392,0.373046875,-0.197265625,0.01171875,0.076171875,-0.04296875,-0.041015625,0,0
1779558907.142410,0.373046875,-0.197265625,0.01171875,0.0703125,-0.041015625,-0.05078125,0,0
1779558907.150330,0.375,-0.19921875,0.013671875,0.0703125,-0.041015625,-0.05078125,0,0
1779558907.158402,0.375,-0.19921875,0.013671875,0.068359375,-0.041015625,-0.0546875,0,0
1779558907.166390,0.373046875,-0.197265625,0.015625,0.068359375,-0.041015625,-0.0546875,0,0
1779558907.174379,0.373046875,-0.197265625,0.015625,0.0703125,-0.04296875,-0.060546875,0,0
1779558907.182368,0.375,-0.193359375,0.017578125,0.0703125,-0.04296875,-0.060546875,0,0
1779558907.190378,0.375,-0.193359375,0.017578125,0.06640625,-0.044921875,-0.064453125,0,0
1779558907.198341,0.384765625,-0.185546875,0.0234375,0.06640625,-0.044921875,-0.064453125,0,0
1779558907.206315,0.384765625,-0.185546875,0.0234375,0.05859375,-0.041015625,-0.0703125,0,0
1779558907.214337,0.390625,-0.181640625,0.0234375,0.05859375,-0.041015625,-0.0703125,0,0
1779558907.222332,0.390625,-0.181640625,0.0234375,0.0546875,-0.037109375,-0.07421875,0,0
1779558907.230322,0.390625,-0.1796875,0.021484375,0.0546875,-0.037109375,-0.07421875,0,0
1779558907.238347,0.390625,-0.1796875,0.021484375,0.0546875,-0.033203125,-0.078125,0,0
1779558907.246382,0.384765625,-0.17578125,0.017578125,0.0546875,-0.033203125,-0.078125,0,0
1779558907.254377,0.384765625,-0.17578125,0.017578125,0.0625,-0.02734375,-0.083984375,0,0
1779558907.262319,0.37890625,-0.171875,0.017578125,0.0625,-0.02734375,-0.083984375,0,0
1779558907.270366,0.37890625,-0.171875,0.017578125,0.068359375,-0.015625,-0.091796875,0,0
1779558907.278359,0.369140625,-0.158203125,0.015625,0.068359375,-0.015625,-0.091796875,0,0
1779558907.286353,0.369140625,-0.158203125,0.015625,0.0703125,-0.005859375,-0.09765625,0,0
1779558907.294358,0.353515625,-0.142578125,0.015625,0.0703125,-0.005859375,-0.09765625,0,0
1779558907.302341,0.353515625,-0.142578125,0.015625,0.0703125,-0.005859375,-0.099609375,0,0
1779558907.310362,0.330078125,-0.12109375,0.01953125,0.0703125,-0.005859375,-0.099609375,0,0
1779558907.318366,0.330078125,-0.12109375,0.01953125,0.06640625,-0.005859375,-0.09765625,0,0
1779558907.326381,0.30078125,-0.091796875,0.03125,0.06640625,-0.005859375,-0.09765625,0,0
1779558907.334341,0.30078125,-0.091796875,0.03125,0.0625,-0.005859375,-0.087890625,0,0
1779558907.342428,0.265625,-0.0625,0.041015625,0.0625,-0.005859375,-0.087890625,0,0
1779558907.350391,0.265625,-0.0625,0.041015625,0.0625,-0.005859375,-0.07421875,0,0
1779558907.358367,0.2265625,-0.033203125,0.04296875,0.0625,-0.005859375,-0.07421875,0,0
1779558907.366427,0.2265625,-0.033203125,0.04296875,0.056640625,0.01953125,-0.060546875,0,0
1779558907.374432,0.18359375,-0.005859375,0.0390625,0.056640625,0.01953125,-0.060546875,0,0
1779558907.382391,0.18359375,-0.005859375,0.0390625,0.0390625,0.041015625,-0.041015625,0,0
1779558907.390392,0.138671875,-0.005859375,0.029296875,0.0390625,0.041015625,-0.041015625,0,0
1779558907.398404,0.138671875,-0.005859375,0.029296875,0.013671875,0.046875,-0.01953125,0,0
1779558907.406330,0.08984375,-0.005859375,0.017578125,0.013671875,0.046875,-0.01953125,0,0
1779558907.414390,0.08984375,-0.005859375,0.017578125,0.005859375,0.037109375,-0.0078125,0,0
1779558907.422390,0.0234375,-0.005859375,0.0,0.005859375,0.037109375,-0.0078125,0,0
1779558907.430401,0.0234375,-0.005859375,0.0,0.01953125,0.0,-0.005859375,0,0
1779558907.460444,0.0,0.0,0.0,0.0,0.0,0.0,0,0
1779558907.491379,0.0,0.0,0.0,0.0,0.0,0.0,0,0
1779558907.522371,0.0,0.0,0.0,0.0,0.0,0.0,0,0
1779558907.534412,0.0234375,-0.0234375,0.0,0.01953125,0.0,-0.005859375,0,0
1779558907.550421,0.025390625,-0.005859375,0.0,0.01953125,0.0,-0.005859375,0,0
1779558907.566394,0.048828125,-0.041015625,0.0,0.01953125,0.0,-0.005859375,0,0
1779558907.574368,0.048828125,-0.041015625,0.0,0.03515625,0.0,-0.017578125,0,0
1779558907.582406,0.021484375,-0.068359375,0.0,0.03515625,0.0,-0.017578125,0,0
1779558907.590372,0.021484375,-0.068359375,0.0,0.064453125,0.0,-0.029296875,0,0
1779558907.598394,0.02734375,-0.07421875,0.0234375,0.064453125,0.0,-0.029296875,0,0
1779558907.606372,0.02734375,-0.07421875,0.0234375,0.07421875,0.0,-0.046875,0,0
1779558907.614366,0.037109375,-0.08984375,0.056640625,0.07421875,0.0,-0.046875,0,0
1779558907.622405,0.037109375,-0.08984375,0.056640625,0.068359375,0.0,-0.064453125,0,0
1779558907.630351,0.0546875,-0.080078125,0.0859375,0.068359375,0.0,-0.064453125,0,0
1779558907.638445,0.0546875,-0.080078125,0.0859375,0.044921875,0.0,-0.0859375,0,0
1779558907.646427,0.056640625,-0.068359375,0.12890625,0.044921875,0.0,-0.0859375,0,0
1779558907.654361,0.056640625,-0.068359375,0.12890625,0.0234375,0.0,-0.10546875,0,0
1779558907.662356,0.044921875,-0.07421875,0.177734375,0.0234375,0.0,-0.10546875,0,0
1779558907.670367,0.044921875,-0.07421875,0.177734375,0.017578125,0.0,-0.11328125,0,0
1779558907.678370,0.0390625,-0.099609375,0.234375,0.017578125,0.0,-0.11328125,0,0
1779558907.686379,0.0390625,-0.099609375,0.234375,0.01953125,0.0,-0.11328125,0,0
1779558907.694395,0.04296875,-0.109375,0.267578125,0.01953125,0.0,-0.11328125,0,0
1779558907.702382,0.04296875,-0.109375,0.267578125,0.03125,0.0,-0.111328125,0,0
1779558907.710372,0.052734375,-0.11328125,0.296875,0.03125,0.0,-0.111328125,0,0
1779558907.718420,0.052734375,-0.11328125,0.296875,0.041015625,0.0,-0.111328125,0,0
1779558907.726418,0.06640625,-0.11328125,0.314453125,0.041015625,0.0,-0.111328125,0,0
1779558907.734393,0.06640625,-0.11328125,0.314453125,0.044921875,0.00390625,-0.111328125,0,0
1779558907.742418,0.0703125,-0.11328125,0.32421875,0.044921875,0.00390625,-0.111328125,0,0
1779558907.750346,0.0703125,-0.11328125,0.32421875,0.048828125,0.00390625,-0.111328125,0,0
1779558907.758369,0.0703125,-0.111328125,0.3359375,0.048828125,0.00390625,-0.111328125,0,0
1779558907.766371,0.0703125,-0.111328125,0.3359375,0.048828125,0.005859375,-0.109375,0,0
1779558907.774390,0.06640625,-0.107421875,0.34765625,0.048828125,0.005859375,-0.109375,0,0
1779558907.782381,0.06640625,-0.107421875,0.34765625,0.046875,0.00390625,-0.111328125,0,0
1779558907.790388,0.05859375,-0.09765625,0.353515625,0.046875,0.00390625,-0.111328125,0,0
1779558907.798406,0.05859375,-0.09765625,0.353515625,0.04296875,0.0,-0.1171875,0,0
1779558907.806421,0.046875,-0.08984375,0.357421875,0.04296875,0.0,-0.1171875,0,0
1779558907.814409,0.046875,-0.08984375,0.357421875,0.03125,0.0,-0.123046875,0,0
1779558907.822416,0.03515625,-0.087890625,0.357421875,0.03125,0.0,-0.123046875,0,0
1779558907.830380,0.03515625,-0.087890625,0.357421875,0.025390625,0.0,-0.126953125,0,0
1779558907.838386,0.033203125,-0.083984375,0.365234375,0.025390625,0.0,-0.126953125,0,0
1779558907.846405,0.033203125,-0.083984375,0.365234375,0.017578125,0.0,-0.1328125,0,0
1779558907.854441,0.029296875,-0.083984375,0.3671875,0.017578125,0.0,-0.1328125,0,0
1779558907.862363,0.029296875,-0.083984375,0.3671875,0.009765625,0.0,-0.13671875,0,0
1779558907.870463,0.025390625,-0.07421875,0.369140625,0.009765625,0.0,-0.13671875,0,0
1779558907.878394,0.025390625,-0.07421875,0.369140625,0.009765625,0.0,-0.13671875,0,0
1779558907.886379,0.017578125,-0.07421875,0.37109375,0.009765625,0.0,-0.13671875,0,0
1779558907.894412,0.017578125,-0.07421875,0.37109375,0.009765625,0.0,-0.140625,0,0
1779558907.902434,0.015625,-0.072265625,0.373046875,0.009765625,0.0,-0.140625,0,0
1779558907.910432,0.015625,-0.072265625,0.373046875,0.009765625,0.0,-0.140625,0,0
1779558907.918465,0.017578125,-0.072265625,0.373046875,0.009765625,0.0,-0.140625,0,0
1779558907.926366,0.017578125,-0.072265625,0.373046875,0.009765625,0.0,-0.142578125,0,0
1779558907.934451,0.025390625,-0.07421875,0.369140625,0.009765625,0.0,-0.142578125,0,0
1779558907.942393,0.025390625,-0.07421875,0.369140625,0.009765625,0.0,-0.14453125,0,0
1779558907.950475,0.041015625,-0.091796875,0.3671875,0.009765625,0.0,-0.14453125,0,0
1779558907.958500,0.041015625,-0.091796875,0.3671875,0.009765625,0.0,-0.14453125,0,0
1779558907.966391,0.064453125,-0.111328125,0.365234375,0.009765625,0.0,-0.14453125,0,0
1779558907.974393,0.064453125,-0.111328125,0.365234375,0.009765625,0.0,-0.14453125,0,0
1779558907.982399,0.095703125,-0.142578125,0.345703125,0.009765625,0.0,-0.14453125,0,0
1779558907.990399,0.095703125,-0.142578125,0.345703125,0.009765625,0.0,-0.1484375,0,0
1779558907.998402,0.126953125,-0.17578125,0.31640625,0.009765625,0.0,-0.1484375,0,0
1779558908.006384,0.126953125,-0.17578125,0.31640625,-0.01171875,0.0,-0.158203125,0,0
1779558908.014390,0.1484375,-0.197265625,0.294921875,-0.01171875,0.0,-0.158203125,0,0
1779558908.022411,0.1484375,-0.197265625,0.294921875,-0.02734375,-0.01953125,-0.171875,0,0
1779558908.030346,0.154296875,-0.212890625,0.2734375,-0.02734375,-0.01953125,-0.171875,0,0
1779558908.038367,0.154296875,-0.212890625,0.2734375,-0.04296875,-0.037109375,-0.18359375,0,0
1779558908.046404,0.16796875,-0.2265625,0.25,-0.04296875,-0.037109375,-0.18359375,0,0
1779558908.054381,0.16796875,-0.2265625,0.25,-0.05859375,-0.044921875,-0.193359375,0,0
1779558908.062329,0.18359375,-0.265625,0.220703125,-0.05859375,-0.044921875,-0.193359375,0,0
1779558908.070425,0.18359375,-0.265625,0.220703125,-0.06640625,-0.05859375,-0.203125,0,0
1779558908.078371,0.205078125,-0.310546875,0.1953125,-0.06640625,-0.05859375,-0.203125,0,0
1779558908.086437,0.205078125,-0.310546875,0.1953125,-0.072265625,-0.068359375,-0.216796875,0,0
1779558908.094415,0.22265625,-0.33203125,0.185546875,-0.072265625,-0.068359375,-0.216796875,0,0
1779558908.102352,0.22265625,-0.33203125,0.185546875,-0.078125,-0.0703125,-0.22265625,0,0
1779558908.110395,0.236328125,-0.345703125,0.18359375,-0.078125,-0.0703125,-0.22265625,0,0
1779558908.118396,0.236328125,-0.345703125,0.18359375,-0.083984375,-0.0703125,-0.228515625,0,0
1779558908.126392,0.2421875,-0.349609375,0.177734375,-0.083984375,-0.0703125,-0.228515625,0,0
1779558908.134388,0.2421875,-0.349609375,0.177734375,-0.083984375,-0.0703125,-0.23046875,0,0
1779558908.142472,0.244140625,-0.353515625,0.17578125,-0.083984375,-0.0703125,-0.23046875,0,0
1779558908.150391,0.244140625,-0.353515625,0.17578125,-0.08203125,-0.0703125,-0.23046875,0,0
1779558908.158382,0.2421875,-0.357421875,0.16796875,-0.08203125,-0.0703125,-0.23046875,0,0
1779558908.166350,0.2421875,-0.357421875,0.16796875,-0.07421875,-0.06640625,-0.23046875,0,0
1779558908.174368,0.236328125,-0.36328125,0.162109375,-0.07421875,-0.06640625,-0.23046875,0,0
1779558908.182404,0.236328125,-0.36328125,0.162109375,-0.064453125,-0.06640625,-0.23046875,0,0
1779558908.190369,0.232421875,-0.3671875,0.16015625,-0.064453125,-0.06640625,-0.23046875,0,0
1779558908.198375,0.232421875,-0.3671875,0.16015625,-0.064453125,-0.068359375,-0.228515625,0,0
1779558908.206357,0.23046875,-0.37109375,0.162109375,-0.064453125,-0.068359375,-0.228515625,0,0
1779558908.214400,0.23046875,-0.37109375,0.162109375,-0.060546875,-0.068359375,-0.228515625,0,0
1779558908.222370,0.224609375,-0.37890625,0.166015625,-0.060546875,-0.068359375,-0.228515625,0,0
1779558908.230405,0.224609375,-0.37890625,0.166015625,-0.056640625,-0.06640625,-0.22265625,0,0
1779558908.238389,0.21875,-0.38671875,0.169921875,-0.056640625,-0.06640625,-0.22265625,0,0
1779558908.246422,0.21875,-0.38671875,0.169921875,-0.0546875,-0.0625,-0.21484375,0,0
1779558908.254395,0.2109375,-0.39453125,0.169921875,-0.0546875,-0.0625,-0.21484375,0,0
1779558908.262386,0.2109375,-0.39453125,0.169921875,-0.048828125,-0.0625,-0.2109375,0,0
1779558908.270382,0.19921875,-0.404296875,0.166015625,-0.048828125,-0.0625,-0.2109375,0,0
1779558908.278420,0.19921875,-0.404296875,0.166015625,-0.0390625,-0.0625,-0.205078125,0,0
1779558908.286393,0.1875,-0.416015625,0.162109375,-0.0390625,-0.0625,-0.205078125,0,0
1779558908.294404,0.1875,-0.416015625,0.162109375,-0.03125,-0.0625,-0.201171875,0,0
1779558908.302425,0.17578125,-0.421875,0.162109375,-0.03125,-0.0625,-0.201171875,0,0
1779558908.310363,0.17578125,-0.421875,0.162109375,-0.029296875,-0.064453125,-0.197265625,0,0
1779558908.318426,0.169921875,-0.431640625,0.158203125,-0.029296875,-0.064453125,-0.197265625,0,0
1779558908.326350,0.169921875,-0.431640625,0.158203125,-0.0234375,-0.0625,-0.193359375,0,0
1779558908.334388,0.16015625,-0.4375,0.158203125,-0.0234375,-0.0625,-0.193359375,0,0
1779558908.342420,0.16015625,-0.4375,0.158203125,-0.0234375,-0.060546875,-0.1875,0,0
1779558908.350368,0.15234375,-0.439453125,0.1640625,-0.0234375,-0.060546875,-0.1875,0,0
1779558908.358379,0.15234375,-0.439453125,0.1640625,-0.025390625,-0.0546875,-0.185546875,0,0
1779558908.366383,0.142578125,-0.443359375,0.1640625,-0.025390625,-0.0546875,-0.185546875,0,0
1779558908.374396,0.142578125,-0.443359375,0.1640625,-0.0234375,-0.048828125,-0.185546875,0,0
1779558908.382346,0.130859375,-0.447265625,0.1640625,-0.0234375,-0.048828125,-0.185546875,0,0
1779558908.390326,0.130859375,-0.447265625,0.1640625,-0.017578125,-0.048828125,-0.185546875,0,0
1779558908.398376,0.125,-0.453125,0.16796875,-0.017578125,-0.048828125,-0.185546875,0,0
1779558908.406415,0.125,-0.453125,0.16796875,-0.009765625,-0.041015625,-0.18359375,0,0
1779558908.414361,0.123046875,-0.45703125,0.171875,-0.009765625,-0.041015625,-0.18359375,0,0
1779558908.422375,0.123046875,-0.45703125,0.171875,-0.009765625,-0.037109375,-0.18359375,0,0
1779558908.430372,0.12109375,-0.45703125,0.171875,-0.009765625,-0.037109375,-0.18359375,0,0
1779558908.438421,0.12109375,-0.45703125,0.171875,-0.009765625,-0.03515625,-0.18359375,0,0
1779558908.446438,0.12109375,-0.458984375,0.17578125,-0.009765625,-0.03515625,-0.18359375,0,0
1779558908.454382,0.12109375,-0.458984375,0.17578125,-0.009765625,-0.03125,-0.181640625,0,0
1779558908.462389,0.12109375,-0.4609375,0.181640625,-0.009765625,-0.03125,-0.181640625,0,0
1779558908.470366,0.12109375,-0.4609375,0.181640625,-0.009765625,-0.029296875,-0.181640625,0,0
1779558908.478406,0.119140625,-0.4609375,0.18359375,-0.009765625,-0.029296875,-0.181640625,0,0
1779558908.486434,0.119140625,-0.4609375,0.18359375,-0.009765625,-0.025390625,-0.181640625,0,0
1779558908.494372,0.1171875,-0.4609375,0.185546875,-0.009765625,-0.025390625,-0.181640625,0,0
1779558908.502382,0.1171875,-0.4609375,0.185546875,-0.009765625,-0.025390625,-0.181640625,0,0
1779558908.510376,0.1171875,-0.4609375,0.1875,-0.009765625,-0.025390625,-0.181640625,0,0
1779558908.518469,0.1171875,-0.4609375,0.1875,-0.009765625,-0.0234375,-0.181640625,0,0
1779558908.526423,0.1171875,-0.462890625,0.189453125,-0.009765625,-0.0234375,-0.181640625,0,0
1779558908.534389,0.1171875,-0.462890625,0.189453125,-0.009765625,-0.01953125,-0.181640625,0,0
1779558908.542364,0.1171875,-0.462890625,0.19140625,-0.009765625,-0.01953125,-0.181640625,0,0
1779558908.550386,0.1171875,-0.462890625,0.19140625,-0.009765625,-0.01953125,-0.1796875,0,0
1779558908.558404,0.119140625,-0.462890625,0.19140625,-0.009765625,-0.01953125,-0.1796875,0,0
1779558908.566321,0.119140625,-0.462890625,0.19140625,-0.009765625,-0.021484375,-0.1796875,0,0
1779558908.574429,0.1171875,-0.462890625,0.189453125,-0.009765625,-0.021484375,-0.1796875,0,0
1779558908.582366,0.1171875,-0.462890625,0.189453125,-0.009765625,-0.025390625,-0.1796875,0,0
1779558908.590348,0.11328125,-0.462890625,0.18359375,-0.009765625,-0.025390625,-0.1796875,0,0
1779558908.598397,0.11328125,-0.462890625,0.18359375,-0.009765625,-0.02734375,-0.1796875,0,0
1779558908.606340,0.111328125,-0.46484375,0.177734375,-0.009765625,-0.02734375,-0.1796875,0,0
1779558908.614364,0.111328125,-0.46484375,0.177734375,-0.009765625,-0.02734375,-0.1796875,0,0
1779558908.622390,0.103515625,-0.466796875,0.169921875,-0.009765625,-0.02734375,-0.1796875,0,0
1779558908.630409,0.103515625,-0.466796875,0.169921875,-0.009765625,-0.02734375,-0.1796875,0,0
1779558908.638371,0.1015625,-0.466796875,0.1640625,-0.009765625,-0.02734375,-0.1796875,0,0
1779558908.646348,0.1015625,-0.466796875,0.1640625,-0.009765625,-0.0234375,-0.181640625,0,0
1779558908.654381,0.087890625,-0.458984375,0.154296875,-0.009765625,-0.0234375,-0.181640625,0,0
1779558908.662367,0.087890625,-0.458984375,0.154296875,-0.009765625,-0.0234375,-0.181640625,0,0
1779558908.670396,0.07421875,-0.431640625,0.140625,-0.009765625,-0.0234375,-0.181640625,0,0
1779558908.678369,0.07421875,-0.431640625,0.140625,-0.009765625,-0.021484375,-0.171875,0,0
1779558908.686347,0.056640625,-0.404296875,0.130859375,-0.009765625,-0.021484375,-0.171875,0,0
1779558908.694412,0.056640625,-0.404296875,0.130859375,-0.00390625,-0.015625,-0.15625,0,0
1779558908.702389,0.037109375,-0.37890625,0.125,-0.00390625,-0.015625,-0.15625,0,0
1779558908.710417,0.037109375,-0.37890625,0.125,-0.005859375,-0.009765625,-0.140625,0,0
1779558908.718324,0.03515625,-0.365234375,0.134765625,-0.005859375,-0.009765625,-0.140625,0,0
1779558908.726370,0.03515625,-0.365234375,0.134765625,-0.01171875,-0.009765625,-0.1328125,0,0
1779558908.734437,0.037109375,-0.36328125,0.150390625,-0.01171875,-0.009765625,-0.1328125,0,0
1779558908.742371,0.037109375,-0.36328125,0.150390625,-0.009765625,-0.009765625,-0.130859375,0,0
1779558908.750303,0.03515625,-0.36328125,0.158203125,-0.009765625,-0.009765625,-0.130859375,0,0
1779558908.758389,0.03515625,-0.36328125,0.158203125,-0.0078125,0.0,-0.126953125,0,0
1779558908.766362,0.025390625,-0.375,0.15625,-0.0078125,0.0,-0.126953125,0,0
1779558908.774365,0.025390625,-0.375,0.15625,-0.005859375,-0.009765625,-0.125,0,0
1779558908.782407,0.01953125,-0.3984375,0.154296875,-0.005859375,-0.009765625,-0.125,0,0
1779558908.790385,0.01953125,-0.3984375,0.154296875,-0.005859375,-0.015625,-0.125,0,0
1779558908.798400,0.029296875,-0.435546875,0.158203125,-0.005859375,-0.015625,-0.125,0,0
1779558908.806401,0.029296875,-0.435546875,0.158203125,-0.005859375,-0.015625,-0.125,0,0
1779558908.814372,0.03515625,-0.45703125,0.166015625,-0.005859375,-0.015625,-0.125,0,0
1779558908.822421,0.03515625,-0.45703125,0.166015625,-0.005859375,-0.017578125,-0.123046875,0,0
1779558908.830348,0.046875,-0.486328125,0.177734375,-0.005859375,-0.017578125,-0.123046875,0,0
1779558908.838347,0.046875,-0.486328125,0.177734375,-0.005859375,-0.015625,-0.12109375,0,0
1779558908.846345,0.05078125,-0.513671875,0.1875,-0.005859375,-0.015625,-0.12109375,0,0
1779558908.854395,0.05078125,-0.513671875,0.1875,-0.005859375,-0.01171875,-0.119140625,0,0
1779558908.862377,0.05078125,-0.533203125,0.1953125,-0.005859375,-0.01171875,-0.119140625,0,0
1779558908.870418,0.05078125,-0.533203125,0.1953125,-0.005859375,-0.01171875,-0.12109375,0,0
1779558908.878397,0.05078125,-0.537109375,0.193359375,-0.005859375,-0.01171875,-0.12109375,0,0
1779558908.886401,0.05078125,-0.537109375,0.193359375,-0.005859375,-0.013671875,-0.12109375,0,0
1779558908.894409,0.05078125,-0.5390625,0.193359375,-0.005859375,-0.013671875,-0.12109375,0,0
1779558908.902417,0.05078125,-0.5390625,0.193359375,-0.005859375,-0.013671875,-0.12109375,0,0
1779558908.910407,0.05078125,-0.541015625,0.193359375,-0.005859375,-0.013671875,-0.12109375,0,0
1779558908.918439,0.05078125,-0.541015625,0.193359375,-0.005859375,-0.013671875,-0.12109375,0,0
1779558908.926391,0.05078125,-0.541015625,0.193359375,-0.005859375,-0.013671875,-0.12109375,0,0
1779558908.934393,0.05078125,-0.541015625,0.193359375,-0.005859375,-0.013671875,-0.12109375,0,0
1779558908.942450,0.048828125,-0.5390625,0.1953125,-0.005859375,-0.013671875,-0.12109375,0,0
1779558908.950380,0.048828125,-0.5390625,0.1953125,-0.005859375,-0.017578125,-0.12109375,0,0
1779558908.958380,0.048828125,-0.537109375,0.19921875,-0.005859375,-0.017578125,-0.12109375,0,0
1779558908.966362,0.048828125,-0.537109375,0.19921875,-0.005859375,-0.017578125,-0.12109375,0,0
1779558908.974375,0.046875,-0.53515625,0.19921875,-0.005859375,-0.017578125,-0.12109375,0,0
1779558908.982358,0.046875,-0.53515625,0.19921875,-0.005859375,-0.017578125,-0.123046875,0,0
1779558908.990353,0.048828125,-0.53515625,0.19921875,-0.005859375,-0.017578125,-0.123046875,0,0
1779558908.998463,0.048828125,-0.53515625,0.19921875,-0.005859375,-0.017578125,-0.125,0,0
1779558909.006341,0.052734375,-0.53515625,0.19921875,-0.005859375,-0.017578125,-0.125,0,0
1779558909.014411,0.052734375,-0.53515625,0.19921875,-0.005859375,-0.015625,-0.125,0,0
1779558909.022366,0.0546875,-0.53515625,0.201171875,-0.005859375,-0.015625,-0.125,0,0
1779558909.030357,0.0546875,-0.53515625,0.201171875,-0.005859375,-0.015625,-0.125,0,0
1779558909.038371,0.0546875,-0.53515625,0.201171875,-0.005859375,-0.015625,-0.125,0,0
1779558909.046357,0.0546875,-0.53515625,0.201171875,-0.005859375,-0.015625,-0.125,0,0
1779558909.054376,0.0546875,-0.53125,0.201171875,-0.005859375,-0.015625,-0.125,0,0
1779558909.062380,0.0546875,-0.53125,0.201171875,-0.005859375,-0.015625,-0.126953125,0,0
1779558909.070417,0.052734375,-0.53125,0.205078125,-0.005859375,-0.015625,-0.126953125,0,0
1779558909.078402,0.052734375,-0.53125,0.205078125,-0.005859375,-0.017578125,-0.12890625,0,0
1779558909.086374,0.052734375,-0.53125,0.20703125,-0.005859375,-0.017578125,-0.12890625,0,0
1779558909.094397,0.052734375,-0.53125,0.20703125,-0.005859375,-0.017578125,-0.12890625,0,0
1779558909.102381,0.056640625,-0.53125,0.212890625,-0.005859375,-0.017578125,-0.12890625,0,0
1779558909.110437,0.056640625,-0.53125,0.212890625,-0.005859375,-0.015625,-0.12890625,0,0
1779558909.118384,0.0625,-0.53125,0.216796875,-0.005859375,-0.015625,-0.12890625,0,0
1779558909.126430,0.0625,-0.53125,0.216796875,-0.005859375,-0.015625,-0.126953125,0,0
1779558909.134361,0.0703125,-0.533203125,0.220703125,-0.005859375,-0.015625,-0.126953125,0,0
1779558909.142342,0.0703125,-0.533203125,0.220703125,-0.005859375,-0.015625,-0.123046875,0,0
1779558909.150393,0.07421875,-0.53515625,0.220703125,-0.005859375,-0.015625,-0.123046875,0,0
1779558909.158398,0.07421875,-0.53515625,0.220703125,-0.005859375,-0.015625,-0.123046875,0,0
1779558909.166373,0.078125,-0.53515625,0.22265625,-0.005859375,-0.015625,-0.123046875,0,0
1779558909.174394,0.078125,-0.53515625,0.22265625,-0.005859375,-0.015625,-0.12109375,0,0
1779558909.182370,0.080078125,-0.53515625,0.224609375,-0.005859375,-0.015625,-0.12109375,0,0
1779558909.190394,0.080078125,-0.53515625,0.224609375,-0.005859375,-0.015625,-0.12109375,0,0
1779558909.198410,0.083984375,-0.533203125,0.228515625,-0.005859375,-0.015625,-0.12109375,0,0
1779558909.206455,0.083984375,-0.533203125,0.228515625,-0.005859375,-0.013671875,-0.12109375,0,0
1779558909.214422,0.0859375,-0.533203125,0.228515625,-0.005859375,-0.013671875,-0.12109375,0,0
1779558909.222410,0.0859375,-0.533203125,0.228515625,-0.005859375,-0.013671875,-0.12109375,0,0
1779558909.230419,0.091796875,-0.53125,0.234375,-0.005859375,-0.013671875,-0.12109375,0,0
1779558909.238371,0.091796875,-0.53125,0.234375,-0.005859375,-0.013671875,-0.12109375,0,0
1779558909.246424,0.095703125,-0.53125,0.240234375,-0.005859375,-0.013671875,-0.12109375,0,0
1779558909.254422,0.095703125,-0.53125,0.240234375,-0.005859375,-0.01171875,-0.12109375,0,0
1779558909.262368,0.1015625,-0.53125,0.25,-0.005859375,-0.01171875,-0.12109375,0,0
1779558909.270428,0.1015625,-0.53125,0.25,-0.005859375,-0.01171875,-0.1171875,0,0
1779558909.278437,0.111328125,-0.53125,0.2578125,-0.005859375,-0.01171875,-0.1171875,0,0
1779558909.286464,0.111328125,-0.53125,0.2578125,-0.005859375,-0.009765625,-0.115234375,0,0
1779558909.294386,0.1171875,-0.53125,0.263671875,-0.005859375,-0.009765625,-0.115234375,0,0
1779558909.302432,0.1171875,-0.53125,0.263671875,-0.005859375,-0.005859375,-0.11328125,0,0
1779558909.310412,0.123046875,-0.53125,0.267578125,-0.005859375,-0.005859375,-0.11328125,0,0
1779558909.318393,0.123046875,-0.53125,0.267578125,-0.005859375,-0.005859375,-0.11328125,0,0
1779558909.326442,0.123046875,-0.53125,0.267578125,-0.005859375,-0.005859375,-0.11328125,0,0
1779558909.334397,0.123046875,-0.53125,0.267578125,-0.005859375,-0.0078125,-0.11328125,0,0
1779558909.342391,0.123046875,-0.53125,0.271484375,-0.005859375,-0.0078125,-0.11328125,0,0
1779558909.350386,0.123046875,-0.53125,0.271484375,-0.005859375,-0.0078125,-0.11328125,0,0
1779558909.358390,0.125,-0.53125,0.275390625,-0.005859375,-0.0078125,-0.11328125,0,0
1779558909.366391,0.125,-0.53125,0.275390625,-0.005859375,-0.009765625,-0.111328125,0,0
1779558909.374418,0.12890625,-0.529296875,0.28125,-0.005859375,-0.009765625,-0.111328125,0,0
1779558909.382378,0.12890625,-0.529296875,0.28125,-0.005859375,-0.013671875,-0.107421875,0,0
1779558909.390396,0.12890625,-0.529296875,0.28125,-0.005859375,-0.013671875,-0.107421875,0,0
1779558909.398380,0.12890625,-0.529296875,0.28125,-0.00390625,-0.015625,-0.10546875,0,0
1779558909.406417,0.1328125,-0.529296875,0.283203125,-0.00390625,-0.015625,-0.10546875,0,0
1779558909.414370,0.1328125,-0.529296875,0.283203125,-0.0078125,-0.017578125,-0.103515625,0,0
1779558909.422382,0.1328125,-0.533203125,0.283203125,-0.0078125,-0.017578125,-0.103515625,0,0
1779558909.430386,0.1328125,-0.533203125,0.283203125,-0.00390625,-0.017578125,-0.1015625,0,0
1779558909.438438,0.1328125,-0.533203125,0.283203125,-0.00390625,-0.017578125,-0.1015625,0,0
1779558909.446419,0.1328125,-0.533203125,0.283203125,0.0,-0.021484375,-0.1015625,0,0
1779558909.454386,0.134765625,-0.53515625,0.28125,0.0,-0.021484375,-0.1015625,0,0
1779558909.462426,0.134765625,-0.53515625,0.28125,0.0,-0.021484375,-0.1015625,0,0
1779558909.470364,0.134765625,-0.533203125,0.283203125,0.0,-0.021484375,-0.1015625,0,0
1779558909.478367,0.134765625,-0.533203125,0.283203125,-0.00390625,-0.025390625,-0.1015625,0,0
1779558909.486356,0.134765625,-0.533203125,0.28515625,-0.00390625,-0.025390625,-0.1015625,0,0
1779558909.494356,0.134765625,-0.533203125,0.28515625,-0.0078125,-0.025390625,-0.1015625,0,0
1779558909.502383,0.134765625,-0.53125,0.28515625,-0.0078125,-0.025390625,-0.1015625,0,0
1779558909.510412,0.134765625,-0.53125,0.28515625,-0.013671875,-0.029296875,-0.099609375,0,0
1779558909.518338,0.134765625,-0.53125,0.291015625,-0.013671875,-0.029296875,-0.099609375,0,0
1779558909.526334,0.134765625,-0.53125,0.291015625,-0.021484375,-0.03125,-0.09765625,0,0
1779558909.534376,0.1328125,-0.529296875,0.29296875,-0.021484375,-0.03125,-0.09765625,0,0
1779558909.542375,0.1328125,-0.529296875,0.29296875,-0.02734375,-0.03515625,-0.09765625,0,0
1779558909.550398,0.1328125,-0.529296875,0.291015625,-0.02734375,-0.03515625,-0.09765625,0,0
1779558909.558364,0.1328125,-0.529296875,0.291015625,-0.03125,-0.037109375,-0.095703125,0,0
1779558909.566372,0.1328125,-0.53125,0.291015625,-0.03125,-0.037109375,-0.095703125,0,0
1779558909.574447,0.1328125,-0.53125,0.291015625,-0.033203125,-0.041015625,-0.091796875,0,0
1779558909.582366,0.1328125,-0.53515625,0.2890625,-0.033203125,-0.041015625,-0.091796875,0,0
1779558909.590386,0.1328125,-0.53515625,0.2890625,-0.033203125,-0.04296875,-0.08984375,0,0
1779558909.598365,0.130859375,-0.537109375,0.2890625,-0.033203125,-0.04296875,-0.08984375,0,0
1779558909.606366,0.130859375,-0.537109375,0.2890625,-0.03125,-0.046875,-0.08984375,0,0
1779558909.614375,0.1328125,-0.5390625,0.287109375,-0.03125,-0.046875,-0.08984375,0,0
1779558909.622385,0.1328125,-0.5390625,0.287109375,-0.02734375,-0.048828125,-0.087890625,0,0
1779558909.630321,0.1328125,-0.54296875,0.287109375,-0.02734375,-0.048828125,-0.087890625,0,0
1779558909.638398,0.1328125,-0.54296875,0.287109375,-0.025390625,-0.05078125,-0.0859375,0,0
1779558909.646388,0.1328125,-0.544921875,0.283203125,-0.025390625,-0.05078125,-0.0859375,0,0
1779558909.654367,0.1328125,-0.544921875,0.283203125,-0.025390625,-0.0546875,-0.083984375,0,0
1779558909.662386,0.1328125,-0.55078125,0.28125,-0.025390625,-0.0546875,-0.083984375,0,0
1779558909.670381,0.1328125,-0.55078125,0.28125,-0.021484375,-0.056640625,-0.080078125,0,0
1779558909.678429,0.13671875,-0.552734375,0.28125,-0.021484375,-0.056640625,-0.080078125,0,0
1779558909.686409,0.13671875,-0.552734375,0.28125,-0.01953125,-0.05859375,-0.078125,0,0
1779558909.694408,0.140625,-0.556640625,0.28125,-0.01953125,-0.05859375,-0.078125,0,0
1779558909.702419,0.140625,-0.556640625,0.28125,-0.015625,-0.05859375,-0.076171875,0,0
1779558909.710374,0.14453125,-0.55859375,0.279296875,-0.015625,-0.05859375,-0.076171875,0,0
1779558909.718399,0.14453125,-0.55859375,0.279296875,-0.013671875,-0.05859375,-0.07421875,0,0
1779558909.726404,0.14453125,-0.5625,0.27734375,-0.013671875,-0.05859375,-0.07421875,0,0
1779558909.734390,0.14453125,-0.5625,0.27734375,-0.0078125,-0.05859375,-0.072265625,0,0
1779558909.742380,0.14453125,-0.56640625,0.2734375,-0.0078125,-0.05859375,-0.072265625,0,0
1779558909.750410,0.14453125,-0.56640625,0.2734375,0.0,-0.0625,-0.0703125,0,0
1779558909.758410,0.142578125,-0.572265625,0.271484375,0.0,-0.0625,-0.0703125,0,0
1779558909.766427,0.142578125,-0.572265625,0.271484375,0.0,-0.064453125,-0.068359375,0,0
1779558909.774423,0.1484375,-0.580078125,0.267578125,0.0,-0.064453125,-0.068359375,0,0
1779558909.782357,0.1484375,-0.580078125,0.267578125,0.0,-0.064453125,-0.0625,0,0
1779558909.790415,0.154296875,-0.583984375,0.263671875,0.0,-0.064453125,-0.0625,0,0
1779558909.798370,0.154296875,-0.583984375,0.263671875,0.0,-0.064453125,-0.060546875,0,0
1779558909.806434,0.158203125,-0.587890625,0.259765625,0.0,-0.064453125,-0.060546875,0,0
1779558909.814367,0.158203125,-0.587890625,0.259765625,0.0,-0.064453125,-0.05859375,0,0
1779558909.822388,0.158203125,-0.58984375,0.2578125,0.0,-0.064453125,-0.05859375,0,0
1779558909.830426,0.158203125,-0.58984375,0.2578125,0.0,-0.064453125,-0.056640625,0,0
1779558909.838414,0.158203125,-0.59375,0.25390625,0.0,-0.064453125,-0.056640625,0,0
1779558909.846357,0.158203125,-0.59375,0.25390625,0.0,-0.068359375,-0.056640625,0,0
1779558909.854391,0.158203125,-0.59375,0.25,0.0,-0.068359375,-0.056640625,0,0
1779558909.862427,0.158203125,-0.59375,0.25,0.0,-0.068359375,-0.056640625,0,0
1779558909.870397,0.15625,-0.595703125,0.240234375,0.0,-0.068359375,-0.056640625,0,0
1779558909.878438,0.15625,-0.595703125,0.240234375,0.0,-0.068359375,-0.056640625,0,0
1779558909.886379,0.158203125,-0.599609375,0.23046875,0.0,-0.068359375,-0.056640625,0,0
1779558909.894382,0.158203125,-0.599609375,0.23046875,0.0,-0.068359375,-0.056640625,0,0
1779558909.902425,0.158203125,-0.6015625,0.220703125,0.0,-0.068359375,-0.056640625,0,0
1779558909.910428,0.158203125,-0.6015625,0.220703125,0.0,-0.068359375,-0.056640625,0,0
1779558909.918367,0.158203125,-0.6015625,0.21875,0.0,-0.068359375,-0.056640625,0,0
1779558909.926347,0.158203125,-0.6015625,0.21875,0.0,-0.068359375,-0.056640625,0,0
1779558909.934385,0.162109375,-0.60546875,0.21484375,0.0,-0.068359375,-0.056640625,0,0
1779558909.942365,0.162109375,-0.60546875,0.21484375,0.0,-0.0625,-0.0546875,0,0
1779558909.950409,0.162109375,-0.609375,0.2109375,0.0,-0.0625,-0.0546875,0,0
1779558909.958379,0.162109375,-0.609375,0.2109375,0.0,-0.0625,-0.052734375,0,0
1779558909.966434,0.1640625,-0.611328125,0.208984375,0.0,-0.0625,-0.052734375,0,0
1779558909.974399,0.1640625,-0.611328125,0.208984375,0.0,-0.064453125,-0.05078125,0,0
1779558909.982374,0.16796875,-0.611328125,0.201171875,0.0,-0.064453125,-0.05078125,0,0
1779558909.990402,0.16796875,-0.611328125,0.201171875,0.0,-0.0625,-0.05078125,0,0
1779558909.998439,0.16796875,-0.611328125,0.1953125,0.0,-0.0625,-0.05078125,0,0
1779558910.006379,0.16796875,-0.611328125,0.1953125,0.0,-0.0625,-0.05078125,0,0
1779558910.014327,0.16796875,-0.611328125,0.1875,0.0,-0.0625,-0.05078125,0,0
1779558910.022372,0.16796875,-0.611328125,0.1875,0.0,-0.060546875,-0.05078125,0,0
1779558910.030405,0.169921875,-0.611328125,0.181640625,0.0,-0.060546875,-0.05078125,0,0
1779558910.038364,0.169921875,-0.611328125,0.181640625,0.0,-0.0625,-0.052734375,0,0
1779558910.046373,0.169921875,-0.607421875,0.169921875,0.0,-0.0625,-0.052734375,0,0
1779558910.054395,0.169921875,-0.607421875,0.169921875,0.0,-0.06640625,-0.056640625,0,0
1779558910.062383,0.169921875,-0.60546875,0.158203125,0.0,-0.06640625,-0.056640625,0,0
1779558910.070394,0.169921875,-0.60546875,0.158203125,0.0,-0.068359375,-0.05859375,0,0
1779558910.078359,0.16796875,-0.60546875,0.15234375,0.0,-0.068359375,-0.05859375,0,0
1779558910.086363,0.16796875,-0.60546875,0.15234375,0.0,-0.072265625,-0.060546875,0,0
1779558910.094362,0.166015625,-0.603515625,0.1484375,0.0,-0.072265625,-0.060546875,0,0
1779558910.102390,0.166015625,-0.603515625,0.1484375,0.0,-0.072265625,-0.0625,0,0
1779558910.110412,0.166015625,-0.603515625,0.146484375,0.0,-0.072265625,-0.0625,0,0
1779558910.118393,0.166015625,-0.603515625,0.146484375,0.0,-0.072265625,-0.0625,0,0
1779558910.126328,0.166015625,-0.603515625,0.146484375,0.0,-0.072265625,-0.0625,0,0
1779558910.134382,0.166015625,-0.603515625,0.146484375,0.0,-0.072265625,-0.0625,0,0
1779558910.142354,0.166015625,-0.603515625,0.14453125,0.0,-0.072265625,-0.0625,0,0
1779558910.150383,0.166015625,-0.603515625,0.14453125,0.0,-0.072265625,-0.0625,0,0
1779558910.158370,0.16796875,-0.603515625,0.142578125,0.0,-0.072265625,-0.0625,0,0
1779558910.166406,0.16796875,-0.603515625,0.142578125,0.0,-0.0703125,-0.0625,0,0
1779558910.174433,0.16796875,-0.603515625,0.140625,0.0,-0.0703125,-0.0625,0,0
1779558910.182413,0.16796875,-0.603515625,0.140625,0.0,-0.0703125,-0.0625,0,0
1779558910.190378,0.16796875,-0.603515625,0.140625,0.0,-0.0703125,-0.0625,0,0
1779558910.198439,0.16796875,-0.603515625,0.140625,0.0,-0.072265625,-0.0625,0,0
1779558910.206398,0.16796875,-0.603515625,0.140625,0.0,-0.072265625,-0.0625,0,0
1779558910.214439,0.16796875,-0.603515625,0.140625,0.0,-0.072265625,-0.0625,0,0
1779558910.222350,0.169921875,-0.603515625,0.138671875,0.0,-0.072265625,-0.0625,0,0
1779558910.230397,0.169921875,-0.603515625,0.138671875,0.0,-0.0703125,-0.0625,0,0
1779558910.238402,0.171875,-0.603515625,0.138671875,0.0,-0.0703125,-0.0625,0,0
1779558910.246407,0.171875,-0.603515625,0.138671875,0.0,-0.0703125,-0.0625,0,0
1779558910.254418,0.171875,-0.603515625,0.138671875,0.0,-0.0703125,-0.0625,0,0
1779558910.262402,0.171875,-0.603515625,0.138671875,0.0,-0.0703125,-0.0625,0,0
1779558910.270443,0.171875,-0.603515625,0.138671875,0.0,-0.0703125,-0.0625,0,0
1779558910.278422,0.171875,-0.603515625,0.138671875,0.0,-0.0703125,-0.0625,0,0
1779558910.286387,0.171875,-0.603515625,0.138671875,0.0,-0.0703125,-0.0625,0,0
1779558910.294399,0.171875,-0.603515625,0.138671875,0.0,-0.0703125,-0.0625,0,0
1779558910.302467,0.171875,-0.6015625,0.138671875,0.0,-0.0703125,-0.0625,0,0
1779558910.310374,0.171875,-0.6015625,0.138671875,0.0,-0.0703125,-0.0625,0,0
1779558910.318416,0.171875,-0.6015625,0.138671875,0.0,-0.0703125,-0.0625,0,0
1779558910.326338,0.171875,-0.6015625,0.138671875,0.0,-0.0703125,-0.0625,0,0
1779558910.334423,0.173828125,-0.6015625,0.13671875,0.0,-0.0703125,-0.0625,0,0
1779558910.342367,0.173828125,-0.6015625,0.13671875,0.0,-0.0703125,-0.0625,0,0
1779558910.350421,0.17578125,-0.6015625,0.13671875,0.0,-0.0703125,-0.0625,0,0
1779558910.358344,0.17578125,-0.6015625,0.13671875,0.0,-0.068359375,-0.0625,0,0
1779558910.366402,0.177734375,-0.6015625,0.13671875,0.0,-0.068359375,-0.0625,0,0
1779558910.374361,0.177734375,-0.6015625,0.13671875,0.0,-0.064453125,-0.0625,0,0
1779558910.382380,0.1796875,-0.6015625,0.134765625,0.0,-0.064453125,-0.0625,0,0
1779558910.390428,0.1796875,-0.6015625,0.134765625,0.0,-0.064453125,-0.0625,0,0
1779558910.398408,0.1796875,-0.6015625,0.134765625,0.0,-0.064453125,-0.0625,0,0
1779558910.406403,0.1796875,-0.6015625,0.134765625,0.0,-0.06640625,-0.0625,0,0
1779558910.414410,0.18359375,-0.6015625,0.1328125,0.0,-0.06640625,-0.0625,0,0
1779558910.422392,0.18359375,-0.6015625,0.1328125,0.0,-0.064453125,-0.0625,0,0
1779558910.430417,0.18359375,-0.6015625,0.12890625,0.0,-0.064453125,-0.0625,0,0
1779558910.438395,0.18359375,-0.6015625,0.12890625,0.0,-0.064453125,-0.0625,0,0
1779558910.446421,0.18359375,-0.6015625,0.126953125,0.0,-0.064453125,-0.0625,0,0
1779558910.454409,0.18359375,-0.6015625,0.126953125,0.0,-0.06640625,-0.0625,0,0
1779558910.462449,0.185546875,-0.6015625,0.126953125,0.0,-0.06640625,-0.0625,0,0
1779558910.470387,0.185546875,-0.6015625,0.126953125,0.0,-0.06640625,-0.0625,0,0
1779558910.478418,0.185546875,-0.603515625,0.125,0.0,-0.06640625,-0.0625,0,0
1779558910.486448,0.185546875,-0.603515625,0.125,0.0,-0.06640625,-0.0625,0,0
1779558910.494387,0.1875,-0.603515625,0.12109375,0.0,-0.06640625,-0.0625,0,0
1779558910.502391,0.1875,-0.603515625,0.12109375,0.0,-0.068359375,-0.0625,0,0
1779558910.510456,0.1875,-0.603515625,0.12109375,0.0,-0.068359375,-0.0625,0,0
1779558910.518392,0.1875,-0.603515625,0.12109375,0.0,-0.068359375,-0.060546875,0,0
1779558910.526312,0.1875,-0.603515625,0.1171875,0.0,-0.068359375,-0.060546875,0,0
1779558910.534427,0.1875,-0.603515625,0.1171875,0.0,-0.0703125,-0.060546875,0,0
1779558910.542388,0.189453125,-0.603515625,0.11328125,0.0,-0.0703125,-0.060546875,0,0
1779558910.550405,0.189453125,-0.603515625,0.11328125,0.0,-0.072265625,-0.060546875,0,0
1779558910.558424,0.189453125,-0.603515625,0.11328125,0.0,-0.072265625,-0.060546875,0,0
1779558910.566390,0.189453125,-0.603515625,0.11328125,0.0,-0.07421875,-0.060546875,0,0
1779558910.574390,0.189453125,-0.603515625,0.111328125,0.0,-0.07421875,-0.060546875,0,0
1779558910.582393,0.189453125,-0.603515625,0.111328125,0.0,-0.07421875,-0.060546875,0,0
1779558910.590345,0.189453125,-0.603515625,0.111328125,0.0,-0.07421875,-0.060546875,0,0
1779558910.598357,0.189453125,-0.603515625,0.111328125,0.0,-0.07421875,-0.060546875,0,0
1779558910.606378,0.189453125,-0.603515625,0.111328125,0.0,-0.07421875,-0.060546875,0,0
1779558910.614345,0.189453125,-0.603515625,0.111328125,0.0,-0.07421875,-0.060546875,0,0
1779558910.622350,0.189453125,-0.6015625,0.109375,0.0,-0.07421875,-0.060546875,0,0
1779558910.630419,0.189453125,-0.6015625,0.109375,0.0,-0.07421875,-0.060546875,0,0
1779558910.638390,0.189453125,-0.6015625,0.107421875,0.0,-0.07421875,-0.060546875,0,0
1779558910.646392,0.189453125,-0.6015625,0.107421875,0.0,-0.076171875,-0.060546875,0,0
1779558910.654396,0.19140625,-0.6015625,0.10546875,0.0,-0.076171875,-0.060546875,0,0
1779558910.662408,0.19140625,-0.6015625,0.10546875,0.0,-0.076171875,-0.060546875,0,0
1779558910.670429,0.19140625,-0.6015625,0.10546875,0.0,-0.076171875,-0.060546875,0,0
1779558910.678399,0.19140625,-0.6015625,0.10546875,0.0,-0.076171875,-0.060546875,0,0
1779558910.686390,0.19140625,-0.6015625,0.10546875,0.0,-0.076171875,-0.060546875,0,0
1779558910.694374,0.19140625,-0.6015625,0.10546875,0.0,-0.076171875,-0.060546875,0,0
1779558910.702427,0.193359375,-0.6015625,0.1015625,0.0,-0.076171875,-0.060546875,0,0
1779558910.710366,0.193359375,-0.6015625,0.1015625,0.0,-0.076171875,-0.060546875,0,0
1779558910.718361,0.193359375,-0.6015625,0.1015625,0.0,-0.076171875,-0.060546875,0,0
1779558910.726361,0.193359375,-0.6015625,0.1015625,0.0,-0.076171875,-0.0625,0,0
1779558910.734359,0.193359375,-0.6015625,0.1015625,0.0,-0.076171875,-0.0625,0,0
1779558910.742371,0.193359375,-0.6015625,0.1015625,0.0,-0.076171875,-0.0625,0,0
1779558910.750368,0.193359375,-0.6015625,0.1015625,0.0,-0.076171875,-0.0625,0,0
1779558910.758404,0.193359375,-0.6015625,0.1015625,0.0,-0.076171875,-0.0625,0,0
1779558910.766392,0.193359375,-0.6015625,0.1015625,0.0,-0.076171875,-0.0625,0,0
1779558910.774369,0.193359375,-0.6015625,0.1015625,0.0,-0.076171875,-0.0625,0,0
1779558910.782371,0.193359375,-0.6015625,0.1015625,0.0,-0.076171875,-0.0625,0,0
1779558910.790362,0.193359375,-0.6015625,0.1015625,0.0,-0.076171875,-0.0625,0,0
1779558910.798335,0.1953125,-0.599609375,0.1015625,0.0,-0.076171875,-0.0625,0,0
1779558910.806390,0.1953125,-0.599609375,0.1015625,0.0,-0.07421875,-0.0625,0,0
1779558910.814413,0.19921875,-0.599609375,0.1015625,0.0,-0.07421875,-0.0625,0,0
1779558910.822363,0.19921875,-0.599609375,0.1015625,0.0,-0.0703125,-0.0625,0,0
1779558910.830342,0.201171875,-0.59765625,0.099609375,0.0,-0.0703125,-0.0625,0,0
1779558910.838383,0.201171875,-0.59765625,0.099609375,0.0,-0.0703125,-0.0625,0,0
1779558910.846371,0.201171875,-0.59765625,0.099609375,0.0,-0.0703125,-0.0625,0,0
1779558910.854326,0.201171875,-0.59765625,0.099609375,0.0,-0.0703125,-0.064453125,0,0
1779558910.862372,0.201171875,-0.595703125,0.099609375,0.0,-0.0703125,-0.064453125,0,0
1779558910.870373,0.201171875,-0.595703125,0.099609375,0.0,-0.068359375,-0.064453125,0,0
1779558910.878391,0.203125,-0.595703125,0.1015625,0.0,-0.068359375,-0.064453125,0,0
1779558910.886366,0.203125,-0.595703125,0.1015625,0.0,-0.06640625,-0.064453125,0,0
1779558910.894392,0.205078125,-0.595703125,0.1015625,0.0,-0.06640625,-0.064453125,0,0
1779558910.902389,0.205078125,-0.595703125,0.1015625,0.0,-0.064453125,-0.064453125,0,0
1779558910.910395,0.2109375,-0.595703125,0.1015625,0.0,-0.064453125,-0.064453125,0,0
1779558910.918374,0.2109375,-0.595703125,0.1015625,0.0,-0.060546875,-0.064453125,0,0
1779558910.926425,0.2109375,-0.595703125,0.1015625,0.0,-0.060546875,-0.064453125,0,0
1779558910.934366,0.2109375,-0.595703125,0.1015625,0.0,-0.060546875,-0.064453125,0,0
1779558910.942358,0.2109375,-0.595703125,0.1015625,0.0,-0.060546875,-0.064453125,0,0
1779558910.950431,0.2109375,-0.595703125,0.1015625,0.0,-0.060546875,-0.064453125,0,0
1779558910.958424,0.2109375,-0.59375,0.1015625,0.0,-0.060546875,-0.064453125,0,0
1779558910.966408,0.2109375,-0.59375,0.1015625,0.0,-0.060546875,-0.064453125,0,0
1779558910.974402,0.2109375,-0.58984375,0.103515625,0.0,-0.060546875,-0.064453125,0,0
1779558910.982395,0.2109375,-0.58984375,0.103515625,0.0,-0.060546875,-0.068359375,0,0
1779558910.990372,0.2109375,-0.58984375,0.103515625,0.0,-0.060546875,-0.068359375,0,0
1779558910.998393,0.2109375,-0.58984375,0.103515625,0.0,-0.060546875,-0.068359375,0,0
1779558911.006414,0.208984375,-0.587890625,0.103515625,0.0,-0.060546875,-0.068359375,0,0
1779558911.014390,0.208984375,-0.587890625,0.103515625,0.0,-0.060546875,-0.0703125,0,0
1779558911.022372,0.208984375,-0.5859375,0.107421875,0.0,-0.060546875,-0.0703125,0,0
1779558911.030383,0.208984375,-0.5859375,0.107421875,0.0,-0.056640625,-0.072265625,0,0
1779558911.038318,0.208984375,-0.583984375,0.107421875,0.0,-0.056640625,-0.072265625,0,0
1779558911.046405,0.208984375,-0.583984375,0.107421875,0.0,-0.056640625,-0.072265625,0,0
1779558911.054394,0.208984375,-0.583984375,0.107421875,0.0,-0.056640625,-0.072265625,0,0
1779558911.062402,0.208984375,-0.583984375,0.107421875,0.0,-0.056640625,-0.07421875,0,0
1779558911.070410,0.20703125,-0.58203125,0.107421875,0.0,-0.056640625,-0.07421875,0,0
1779558911.078420,0.20703125,-0.58203125,0.107421875,0.0,-0.056640625,-0.07421875,0,0
1779558911.086367,0.20703125,-0.578125,0.107421875,0.0,-0.056640625,-0.07421875,0,0
1779558911.094382,0.20703125,-0.578125,0.107421875,0.0,-0.056640625,-0.078125,0,0
1779558911.102443,0.203125,-0.57421875,0.107421875,0.0,-0.056640625,-0.078125,0,0
1779558911.110387,0.203125,-0.57421875,0.107421875,0.0,-0.0546875,-0.080078125,0,0
1779558911.118435,0.193359375,-0.5703125,0.103515625,0.0,-0.0546875,-0.080078125,0,0
1779558911.126436,0.193359375,-0.5703125,0.103515625,0.0,-0.05078125,-0.0859375,0,0
1779558911.134411,0.189453125,-0.56640625,0.099609375,0.0,-0.05078125,-0.0859375,0,0
1779558911.142411,0.189453125,-0.56640625,0.099609375,0.0,-0.048828125,-0.087890625,0,0
1779558911.150431,0.1875,-0.5625,0.099609375,0.0,-0.048828125,-0.087890625,0,0
1779558911.158390,0.1875,-0.5625,0.099609375,0.0,-0.046875,-0.087890625,0,0
1779558911.166441,0.185546875,-0.560546875,0.09765625,0.0,-0.046875,-0.087890625,0,0
1779558911.174380,0.185546875,-0.560546875,0.09765625,0.0,-0.046875,-0.08984375,0,0
1779558911.182434,0.185546875,-0.560546875,0.095703125,0.0,-0.046875,-0.08984375,0,0
1779558911.190419,0.185546875,-0.560546875,0.095703125,0.0,-0.044921875,-0.091796875,0,0
1779558911.198356,0.18359375,-0.560546875,0.095703125,0.0,-0.044921875,-0.091796875,0,0
1779558911.206395,0.18359375,-0.560546875,0.095703125,0.0,-0.044921875,-0.09375,0,0
1779558911.214408,0.1796875,-0.560546875,0.095703125,0.0,-0.044921875,-0.09375,0,0
1779558911.222421,0.1796875,-0.560546875,0.095703125,0.0,-0.044921875,-0.095703125,0,0
1779558911.230428,0.17578125,-0.560546875,0.09765625,0.0,-0.044921875,-0.095703125,0,0
1779558911.238388,0.17578125,-0.560546875,0.09765625,0.0,-0.046875,-0.09765625,0,0
1779558911.246389,0.17578125,-0.560546875,0.09765625,0.0,-0.046875,-0.09765625,0,0
1779558911.254386,0.17578125,-0.560546875,0.09765625,0.0,-0.046875,-0.09765625,0,0
1779558911.262382,0.177734375,-0.560546875,0.095703125,0.0,-0.046875,-0.09765625,0,0
1779558911.270390,0.177734375,-0.560546875,0.095703125,0.0,-0.046875,-0.09765625,0,0
1779558911.278417,0.177734375,-0.560546875,0.09375,0.0,-0.046875,-0.09765625,0,0
1779558911.286443,0.177734375,-0.560546875,0.09375,0.0,-0.048828125,-0.099609375,0,0
1779558911.294380,0.1796875,-0.55859375,0.091796875,0.0,-0.048828125,-0.099609375,0,0
1779558911.302370,0.1796875,-0.55859375,0.091796875,0.0,-0.048828125,-0.1015625,0,0
1779558911.310382,0.1796875,-0.55859375,0.08984375,0.0,-0.048828125,-0.1015625,0,0
1779558911.318386,0.1796875,-0.55859375,0.08984375,0.0,-0.052734375,-0.1015625,0,0
1779558911.326385,0.1796875,-0.556640625,0.087890625,0.0,-0.052734375,-0.1015625,0,0
1779558911.334404,0.1796875,-0.556640625,0.087890625,0.0,-0.05078125,-0.1015625,0,0
1779558911.342391,0.18359375,-0.552734375,0.083984375,0.0,-0.05078125,-0.1015625,0,0
1779558911.350353,0.18359375,-0.552734375,0.083984375,0.0,-0.048828125,-0.1015625,0,0
1779558911.358427,0.185546875,-0.548828125,0.078125,0.0,-0.048828125,-0.1015625,0,0
1779558911.366434,0.185546875,-0.548828125,0.078125,0.0,-0.048828125,-0.099609375,0,0
1779558911.374408,0.185546875,-0.54296875,0.0703125,0.0,-0.048828125,-0.099609375,0,0
1779558911.382378,0.185546875,-0.54296875,0.0703125,0.01171875,-0.046875,-0.099609375,0,0
1779558911.390360,0.189453125,-0.53515625,0.064453125,0.01171875,-0.046875,-0.099609375,0,0
1779558911.398395,0.189453125,-0.53515625,0.064453125,0.0234375,-0.037109375,-0.1015625,0,0
1779558911.406404,0.189453125,-0.517578125,0.056640625,0.0234375,-0.037109375,-0.1015625,0,0
1779558911.414389,0.189453125,-0.517578125,0.056640625,0.033203125,-0.02734375,-0.107421875,0,0
1779558911.422385,0.189453125,-0.501953125,0.05078125,0.033203125,-0.02734375,-0.107421875,0,0
1779558911.430410,0.189453125,-0.501953125,0.05078125,0.048828125,-0.017578125,-0.11328125,0,0
1779558911.438351,0.189453125,-0.48828125,0.0390625,0.048828125,-0.017578125,-0.11328125,0,0
1779558911.446373,0.189453125,-0.48828125,0.0390625,0.0625,0.0,-0.1171875,0,0
1779558911.454359,0.189453125,-0.4765625,0.02734375,0.0625,0.0,-0.1171875,0,0
1779558911.462372,0.189453125,-0.4765625,0.02734375,0.078125,0.0,-0.119140625,0,0
1779558911.470352,0.189453125,-0.4609375,0.0234375,0.078125,0.0,-0.119140625,0,0
1779558911.478423,0.189453125,-0.4609375,0.0234375,0.09765625,0.0,-0.123046875,0,0
1779558911.486380,0.189453125,-0.431640625,0.029296875,0.09765625,0.0,-0.123046875,0,0
1779558911.494343,0.189453125,-0.431640625,0.029296875,0.1171875,0.0,-0.12109375,0,0
1779558911.502385,0.177734375,-0.404296875,0.029296875,0.1171875,0.0,-0.12109375,0,0
1779558911.510404,0.177734375,-0.404296875,0.029296875,0.119140625,0.0,-0.11328125,0,0
1779558911.518381,0.154296875,-0.376953125,0.029296875,0.119140625,0.0,-0.11328125,0,0
1779558911.526351,0.154296875,-0.376953125,0.029296875,0.12890625,0.0,-0.09765625,0,0
1779558911.534373,0.13671875,-0.3515625,0.01953125,0.12890625,0.0,-0.09765625,0,0
1779558911.542368,0.13671875,-0.3515625,0.01953125,0.12890625,0.0,-0.083984375,0,0
1779558911.550401,0.119140625,-0.328125,0.013671875,0.12890625,0.0,-0.083984375,0,0
1779558911.558382,0.119140625,-0.328125,0.013671875,0.1328125,0.0,-0.07421875,0,0
1779558911.566400,0.115234375,-0.298828125,0.00390625,0.1328125,0.0,-0.07421875,0,0
1779558911.574406,0.115234375,-0.298828125,0.00390625,0.125,0.0,-0.064453125,0,0
1779558911.582414,0.10546875,-0.267578125,0.00390625,0.125,0.0,-0.064453125,0,0
1779558911.590408,0.10546875,-0.267578125,0.00390625,0.115234375,0.0,-0.052734375,0,0
1779558911.598389,0.09765625,-0.228515625,0.00390625,0.115234375,0.0,-0.052734375,0,0
1779558911.606373,0.09765625,-0.228515625,0.00390625,0.10546875,0.0,-0.04296875,0,0
1779558911.614395,0.087890625,-0.177734375,0.00390625,0.10546875,0.0,-0.04296875,0,0
1779558911.622402,0.087890625,-0.177734375,0.00390625,0.087890625,0.0,-0.037109375,0,0
1779558911.630343,0.07421875,-0.126953125,0.00390625,0.087890625,0.0,-0.037109375,0,0
1779558911.638395,0.07421875,-0.126953125,0.00390625,0.068359375,0.00390625,-0.02734375,0,0
1779558911.646355,0.0546875,-0.0859375,0.00390625,0.068359375,0.00390625,-0.02734375,0,0
1779558911.654325,0.0546875,-0.0859375,0.00390625,0.052734375,0.0,-0.017578125,0,0
1779558911.662387,0.03125,-0.04296875,0.00390625,0.052734375,0.0,-0.017578125,0,0
1779558911.670369,0.03125,-0.04296875,0.00390625,0.044921875,0.0,-0.015625,0,0
1779558911.678398,0.021484375,-0.017578125,0.00390625,0.044921875,0.0,-0.015625,0,0
1779558911.686393,0.021484375,-0.017578125,0.00390625,0.03515625,0.0,-0.021484375,0,0
1779558911.694374,0.013671875,-0.017578125,0.00390625,0.03515625,0.0,-0.021484375,0,0
1779558911.702374,0.013671875,-0.017578125,0.00390625,0.0234375,0.0,-0.021484375,0,0
1779558911.710405,0.013671875,-0.017578125,0.013671875,0.0234375,0.0,-0.021484375,0,0
1779558911.718361,0.013671875,-0.017578125,0.013671875,0.03125,0.0,-0.029296875,0,0
1779558911.726372,0.01953125,-0.017578125,0.03515625,0.03125,0.0,-0.029296875,0,0
1779558911.734419,0.01953125,-0.017578125,0.03515625,0.048828125,0.0,-0.03125,0,0
1779558911.764417,0.0,0.0,0.0,0.0,0.0,0.0,0,0
1779558911.795422,0.0,0.0,0.0,0.0,0.0,0.0,0,0
1779558911.826400,0.0,0.0,0.0,0.0,0.0,0.0,0,0
1779558911.857355,0.0,0.0,0.0,0.0,0.0,0.0,0,0
1779558911.886357,0.01953125,-0.00390625,0.03515625,0.048828125,0.0,-0.03125,0,0
1779558911.916420,0.0,0.0,0.0,0.0,0.0,0.0,0,0
1779558911.947355,0.0,0.0,0.0,0.0,0.0,0.0,0,0
1779558911.978399,0.0,0.0,0.0,0.0,0.0,0.0,0,0
1779558912.009364,0.0,0.0,0.0,0.0,0.0,0.0,0,0
1779558912.040394,0.0,0.0,0.0,0.0,0.0,0.0,0,0
1779558912.071355,0.0,0.0,0.0,0.0,0.0,0.0,0,0
1779558912.102385,0.0,0.0,0.0,0.0,0.0,0.0,0,0
1779558912.133416,0.0,0.0,0.0,0.0,0.0,0.0,0,0
1779558912.164394,0.0,0.0,0.0,0.0,0.0,0.0,0,0
1779558912.195369,0.0,0.0,0.0,0.0,0.0,0.0,0,0
1779558912.226346,0.0,0.0,0.0,0.0,0.0,0.0,0,0
1779558912.257394,0.0,0.0,0.0,0.0,0.0,0.0,0,0
1779558912.288385,0.0,0.0,0.0,0.0,0.0,0.0,0,0
1779558912.319388,0.0,0.0,0.0,0.0,0.0,0.0,0,0
1779558912.350388,0.0,0.0,0.0,0.0,0.0,0.0,0,0
1779558912.381372,0.0,0.0,0.0,0.0,0.0,0.0,0,0
1779558912.412344,0.0,0.0,0.0,0.0,0.0,0.0,0,0
1779558912.443388,0.0,0.0,0.0,0.0,0.0,0.0,0,0
1779558912.474374,0.0,0.0,0.0,0.0,0.0,0.0,0,0
1779558912.505369,0.0,0.0,0.0,0.0,0.0,0.0,0,0
1779558912.536340,0.0,0.0,0.0,0.0,0.0,0.0,0,0
1779558912.567346,0.0,0.0,0.0,0.0,0.0,0.0,0,0
1779558912.598405,0.0,0.0,0.0,0.0,0.0,0.0,0,0
1779558912.629394,0.0,0.0,0.0,0.0,0.0,0.0,0,0
1779558912.660400,0.0,0.0,0.0,0.0,0.0,0.0,0,0
1779558912.691404,0.0,0.0,0.0,0.0,0.0,0.0,0,0
1779558912.710344,0.01953125,-0.00390625,-0.00390625,0.048828125,0.0,-0.03125,0,0
1779558912.726373,0.0078125,-0.00390625,-0.056640625,0.048828125,0.0,-0.03125,0,0
1779558912.742378,0.015625,-0.00390625,-0.109375,0.048828125,0.0,-0.03125,0,0
1779558912.758375,0.005859375,-0.00390625,-0.162109375,0.048828125,0.0,-0.03125,0,0
1779558912.766392,0.005859375,-0.00390625,-0.162109375,0.048828125,-0.033203125,-0.03125,0,0
1779558912.774402,0.005859375,-0.00390625,-0.21484375,0.048828125,-0.033203125,-0.03125,0,0
1779558912.782430,0.005859375,-0.00390625,-0.21484375,0.048828125,-0.080078125,-0.03125,0,0
1779558912.790365,0.005859375,-0.00390625,-0.259765625,0.048828125,-0.080078125,-0.03125,0,0
1779558912.798401,0.005859375,-0.00390625,-0.259765625,0.009765625,-0.11328125,-0.03125,0,0
1779558912.806382,0.005859375,-0.00390625,-0.296875,0.009765625,-0.11328125,-0.03125,0,0
1779558912.814462,0.005859375,-0.00390625,-0.296875,0.015625,-0.134765625,-0.03125,0,0
1779558912.822425,0.005859375,-0.00390625,-0.3359375,0.015625,-0.134765625,-0.03125,0,0
1779558912.830448,0.005859375,-0.00390625,-0.3359375,0.0078125,-0.162109375,-0.03125,0,0
1779558912.838410,0.005859375,-0.00390625,-0.365234375,0.0078125,-0.162109375,-0.03125,0,0
1779558912.846371,0.005859375,-0.00390625,-0.365234375,0.0078125,-0.18359375,-0.03125,0,0
1779558912.854366,0.005859375,-0.00390625,-0.3671875,0.0078125,-0.18359375,-0.03125,0,0
1779558912.862401,0.005859375,-0.00390625,-0.3671875,0.0078125,-0.189453125,-0.03125,0,0
1779558912.870381,0.005859375,-0.00390625,-0.359375,0.0078125,-0.189453125,-0.03125,0,0
1779558912.878413,0.005859375,-0.00390625,-0.359375,0.0,-0.189453125,-0.03125,0,0
1779558912.886417,0.005859375,-0.00390625,-0.353515625,0.0,-0.189453125,-0.03125,0,0
1779558912.894359,0.005859375,-0.00390625,-0.353515625,0.0,-0.18359375,-0.03125,0,0
1779558912.902394,0.005859375,-0.00390625,-0.349609375,0.0,-0.18359375,-0.03125,0,0
1779558912.910465,0.005859375,-0.00390625,-0.349609375,0.0,-0.173828125,-0.03125,0,0
1779558912.918406,0.005859375,-0.00390625,-0.33203125,0.0,-0.173828125,-0.03125,0,0
1779558912.926428,0.005859375,-0.00390625,-0.33203125,0.0,-0.158203125,-0.03125,0,0
1779558912.934398,0.005859375,-0.00390625,-0.318359375,0.0,-0.158203125,-0.03125,0,0
1779558912.942395,0.005859375,-0.00390625,-0.318359375,0.0,-0.13671875,-0.03125,0,0
1779558912.950388,0.017578125,-0.00390625,-0.314453125,0.0,-0.13671875,-0.03125,0,0
1779558912.958390,0.017578125,-0.00390625,-0.314453125,0.0,-0.123046875,-0.03125,0,0
1779558912.966383,0.0234375,-0.00390625,-0.310546875,0.0,-0.123046875,-0.03125,0,0
1779558912.974418,0.0234375,-0.00390625,-0.310546875,0.0,-0.11328125,-0.03125,0,0
1779558912.982388,0.02734375,-0.00390625,-0.30859375,0.0,-0.11328125,-0.03125,0,0
1779558912.990371,0.02734375,-0.00390625,-0.30859375,0.0,-0.103515625,-0.03125,0,0
1779558912.998361,0.02734375,-0.00390625,-0.30078125,0.0,-0.103515625,-0.03125,0,0
1779558913.006388,0.02734375,-0.00390625,-0.30078125,0.0,-0.099609375,-0.03125,0,0
1779558913.014359,0.021484375,-0.00390625,-0.294921875,0.0,-0.099609375,-0.03125,0,0
1779558913.022379,0.021484375,-0.00390625,-0.294921875,0.0,-0.099609375,-0.03125,0,0
1779558913.030378,0.017578125,-0.00390625,-0.279296875,0.0,-0.099609375,-0.03125,0,0
1779558913.038403,0.017578125,-0.00390625,-0.279296875,0.0,-0.09375,-0.03125,0,0
1779558913.046392,0.017578125,-0.00390625,-0.267578125,0.0,-0.09375,-0.03125,0,0
1779558913.054416,0.017578125,-0.00390625,-0.267578125,0.0,-0.087890625,-0.03125,0,0
1779558913.062374,0.01953125,-0.00390625,-0.25390625,0.0,-0.087890625,-0.03125,0,0
1779558913.070460,0.01953125,-0.00390625,-0.25390625,0.0,-0.080078125,-0.03125,0,0
1779558913.078458,0.0234375,-0.00390625,-0.240234375,0.0,-0.080078125,-0.03125,0,0
1779558913.086410,0.0234375,-0.00390625,-0.240234375,0.0,-0.072265625,-0.03125,0,0
1779558913.094423,0.02734375,-0.00390625,-0.23046875,0.0,-0.072265625,-0.03125,0,0
1779558913.102399,0.02734375,-0.00390625,-0.23046875,0.0,-0.06640625,-0.03125,0,0
1779558913.110394,0.03125,-0.00390625,-0.21875,0.0,-0.06640625,-0.03125,0,0
1779558913.118413,0.03125,-0.00390625,-0.21875,0.0,-0.05859375,-0.03125,0,0
1779558913.126414,0.03515625,-0.00390625,-0.205078125,0.0,-0.05859375,-0.03125,0,0
1779558913.134388,0.03515625,-0.00390625,-0.205078125,0.0,-0.046875,-0.03125,0,0
1779558913.142435,0.037109375,-0.00390625,-0.193359375,0.0,-0.046875,-0.03125,0,0
1779558913.150342,0.037109375,-0.00390625,-0.193359375,0.0,-0.0390625,-0.03125,0,0
1779558913.158448,0.0390625,-0.00390625,-0.18359375,0.0,-0.0390625,-0.03125,0,0
1779558913.166372,0.0390625,-0.00390625,-0.18359375,0.0,-0.03515625,-0.03125,0,0
1779558913.174401,0.037109375,-0.00390625,-0.173828125,0.0,-0.03515625,-0.03125,0,0
1779558913.182401,0.037109375,-0.00390625,-0.173828125,0.0,-0.029296875,-0.03125,0,0
1779558913.190359,0.037109375,-0.00390625,-0.1640625,0.0,-0.029296875,-0.03125,0,0
1779558913.198369,0.037109375,-0.00390625,-0.1640625,0.0,-0.025390625,-0.03125,0,0
1779558913.206409,0.033203125,-0.00390625,-0.150390625,0.0,-0.025390625,-0.03125,0,0
1779558913.214395,0.033203125,-0.00390625,-0.150390625,0.0,-0.0234375,-0.03125,0,0
1779558913.222465,0.033203125,-0.00390625,-0.134765625,0.0,-0.0234375,-0.03125,0,0
1779558913.230399,0.033203125,-0.00390625,-0.134765625,0.0,-0.015625,-0.03125,0,0
1779558913.238389,0.033203125,0.0,-0.095703125,0.0,-0.015625,-0.03125,0,0
1779558913.254391,0.0390625,-0.009765625,-0.04296875,0.0,-0.015625,-0.03125,0,0
1779558913.262438,0.0390625,-0.009765625,-0.04296875,0.00390625,-0.015625,-0.03125,0,0
1779558913.270405,0.046875,-0.01171875,-0.04296875,0.00390625,-0.015625,-0.03125,0,0
1779558913.278388,0.046875,-0.01171875,-0.04296875,0.015625,-0.015625,-0.03125,0,0
1779558913.286407,0.048828125,-0.013671875,-0.04296875,0.015625,-0.015625,-0.03125,0,0
1779558913.294370,0.048828125,-0.013671875,-0.04296875,0.01953125,-0.015625,-0.03125,0,0
1779558913.302373,0.03515625,-0.0234375,-0.04296875,0.01953125,-0.015625,-0.03125,0,0
1779558913.310453,0.03515625,-0.0234375,-0.04296875,0.01953125,-0.015625,-0.03125,0,0
1779558913.318382,0.025390625,-0.02734375,-0.04296875,0.01953125,-0.015625,-0.03125,0,0
1779558913.326377,0.025390625,-0.02734375,-0.04296875,0.025390625,-0.015625,-0.03125,0,0
1779558913.334378,0.021484375,-0.017578125,-0.04296875,0.025390625,-0.015625,-0.03125,0,0
1779558913.342401,0.021484375,-0.017578125,-0.04296875,0.033203125,-0.015625,-0.03125,0,0
1779558913.350376,0.02734375,-0.015625,-0.04296875,0.033203125,-0.015625,-0.03125,0,0
1779558913.358376,0.02734375,-0.015625,-0.04296875,0.037109375,0.013671875,-0.03125,0,0
1779558913.366395,0.0234375,-0.01171875,-0.04296875,0.037109375,0.013671875,-0.03125,0,0
1779558913.374398,0.0234375,-0.01171875,-0.04296875,0.044921875,0.013671875,-0.03125,0,0
1779558913.382401,0.017578125,-0.009765625,-0.04296875,0.044921875,0.013671875,-0.03125,0,0
1779558913.390389,0.017578125,-0.009765625,-0.04296875,0.044921875,0.005859375,-0.03125,0,0
1779558913.398402,0.013671875,-0.009765625,-0.04296875,0.044921875,0.005859375,-0.03125,0,0
1779558913.406409,0.013671875,-0.009765625,-0.04296875,0.044921875,0.00390625,-0.03125,0,0
1779558913.414377,0.0078125,-0.0078125,-0.04296875,0.044921875,0.00390625,-0.03125,0,0
1779558913.422396,0.0078125,-0.0078125,-0.04296875,0.0390625,0.00390625,-0.03125,0,0
1779558913.430413,0.005859375,-0.0078125,-0.04296875,0.0390625,0.00390625,-0.03125,0,0
1779558913.438371,0.005859375,-0.0078125,-0.04296875,0.03125,0.00390625,-0.03125,0,0
1779558913.446411,0.00390625,-0.0078125,-0.04296875,0.03125,0.00390625,-0.03125,0,0
1779558913.454371,0.00390625,-0.0078125,-0.04296875,0.02734375,0.00390625,-0.03125,0,0
1779558913.462415,0.0,-0.0078125,-0.04296875,0.02734375,0.00390625,-0.03125,0,0
1779558913.470404,0.0,-0.0078125,-0.04296875,0.01953125,0.00390625,-0.03125,0,0
1779558913.486413,0.0,-0.0078125,-0.04296875,0.015625,0.00390625,-0.03125,0,0
1779558913.502423,0.0,-0.0078125,-0.04296875,0.0078125,0.00390625,-0.03125,0,0
1779558913.518387,0.0,-0.0078125,-0.04296875,0.009765625,0.00390625,-0.03125,0,0
1779558913.534364,0.0,-0.0078125,-0.04296875,0.009765625,0.00390625,-0.03125,0,0
1779558913.550367,0.0,-0.0078125,-0.04296875,0.01171875,0.00390625,-0.03125,0,0
1779558913.566378,0.0,-0.0078125,-0.04296875,0.009765625,0.00390625,-0.03125,0,0
1779558913.582402,0.0,-0.0078125,-0.04296875,0.005859375,0.00390625,-0.03125,0,0
1779558913.606453,0.0,-0.0078125,-0.01171875,0.005859375,0.00390625,-0.03125,0,0
1779558913.622390,0.0,-0.0078125,-0.03125,0.005859375,0.00390625,-0.03125,0,0
1779558913.638395,0.0,-0.0078125,-0.05859375,0.005859375,0.00390625,-0.03125,0,0
1779558913.654375,0.0,-0.0078125,-0.09375,0.005859375,0.00390625,-0.03125,0,0
1779558913.662369,0.0,-0.0078125,-0.09375,0.005859375,-0.009765625,-0.03125,0,0
1779558913.670446,0.0,-0.0078125,-0.134765625,0.005859375,-0.009765625,-0.03125,0,0
1779558913.678410,0.0,-0.0078125,-0.134765625,0.005859375,-0.037109375,-0.03125,0,0
1779558913.686393,0.00390625,-0.0078125,-0.1796875,0.005859375,-0.037109375,-0.03125,0,0
1779558913.694407,0.00390625,-0.0078125,-0.1796875,0.00390625,-0.068359375,-0.03125,0,0
1779558913.702405,0.005859375,-0.0078125,-0.21484375,0.00390625,-0.068359375,-0.03125,0,0
1779558913.710383,0.005859375,-0.0078125,-0.21484375,0.0,-0.091796875,-0.03125,0,0
1779558913.718413,0.005859375,-0.0078125,-0.248046875,0.0,-0.091796875,-0.03125,0,0
1779558913.726367,0.005859375,-0.0078125,-0.248046875,0.0,-0.115234375,-0.03125,0,0
1779558913.734380,0.005859375,-0.0078125,-0.259765625,0.0,-0.115234375,-0.03125,0,0
1779558913.742354,0.005859375,-0.0078125,-0.259765625,0.0,-0.125,-0.03125,0,0
1779558913.750391,0.005859375,-0.0078125,-0.26171875,0.0,-0.125,-0.03125,0,0
1779558913.758358,0.005859375,-0.0078125,-0.26171875,0.0,-0.1328125,-0.03125,0,0
1779558913.766370,0.005859375,-0.0078125,-0.244140625,0.0,-0.1328125,-0.03125,0,0
1779558913.774439,0.005859375,-0.0078125,-0.244140625,0.0,-0.125,-0.03125,0,0
1779558913.782404,0.005859375,-0.0078125,-0.216796875,0.0,-0.125,-0.03125,0,0
1779558913.790381,0.005859375,-0.0078125,-0.216796875,0.0,-0.103515625,-0.03125,0,0
1779558913.798435,0.005859375,-0.0078125,-0.1796875,0.0,-0.103515625,-0.03125,0,0
1779558913.806467,0.005859375,-0.0078125,-0.1796875,0.0,-0.076171875,-0.03125,0,0
1779558913.814420,0.005859375,-0.0078125,-0.13671875,0.0,-0.076171875,-0.03125,0,0
1779558913.822402,0.005859375,-0.0078125,-0.13671875,0.0,-0.052734375,-0.03125,0,0
1779558913.830431,0.005859375,-0.0078125,-0.08203125,0.0,-0.052734375,-0.03125,0,0
1779558913.838435,0.005859375,-0.0078125,-0.08203125,0.0,-0.01953125,-0.03125,0,0
1779558913.846416,0.005859375,-0.0078125,-0.025390625,0.0,-0.01953125,-0.03125,0,0
1779558913.862425,0.0078125,-0.0078125,-0.025390625,0.0,-0.01953125,-0.03125,0,0
1779558913.878422,0.0078125,-0.0078125,-0.025390625,0.0,-0.01953125,-0.03125,0,0
1779558913.894404,0.005859375,-0.0078125,-0.025390625,0.0,-0.01953125,-0.03125,0,0
1779558913.910431,0.005859375,-0.0078125,-0.025390625,0.0,-0.01953125,-0.03125,0,0
1779558913.926407,0.00390625,-0.0078125,-0.025390625,0.0,-0.01953125,-0.03125,0,0
1779558913.942491,0.00390625,-0.0078125,-0.025390625,0.0,-0.01953125,-0.03125,0,0
1779558913.958442,0.0078125,-0.0078125,-0.025390625,0.0,-0.01953125,-0.03125,0,0
1779558913.966404,0.0078125,-0.0078125,-0.025390625,0.013671875,-0.01953125,-0.03125,0,0
1779558913.974414,0.0078125,-0.0078125,-0.025390625,0.013671875,-0.01953125,-0.03125,0,0
1779558913.982416,0.0078125,-0.0078125,-0.025390625,0.013671875,-0.01953125,-0.03125,0,0
1779558913.990376,0.009765625,-0.0078125,-0.025390625,0.013671875,-0.01953125,-0.03125,0,0
1779558913.998456,0.009765625,-0.0078125,-0.025390625,0.013671875,-0.01953125,-0.03125,0,0
1779558914.006394,0.0078125,-0.0078125,-0.025390625,0.013671875,-0.01953125,-0.03125,0,0
1779558914.014403,0.0078125,-0.0078125,-0.025390625,0.01171875,-0.01953125,-0.03125,0,0
1779558914.022406,0.00390625,-0.0078125,-0.025390625,0.01171875,-0.01953125,-0.03125,0,0
1779558914.030398,0.00390625,-0.0078125,-0.025390625,0.005859375,-0.01953125,-0.03125,0,0
1779558914.060396,0.0,0.0,0.0,0.0,0.0,0.0,0,0
1779558914.062377,0.00390625,-0.0078125,-0.025390625,0.00390625,-0.01953125,-0.03125,0,0
1779558914.078424,0.00390625,-0.0078125,-0.025390625,0.00390625,-0.01953125,-0.03125,0,0
1779558914.094445,0.00390625,-0.0078125,-0.025390625,0.0,-0.01953125,-0.03125,0,0
1779558914.110423,0.00390625,-0.0078125,-0.025390625,0.0,-0.01953125,-0.03125,0,0
1779558914.140394,0.0,0.0,0.0,0.0,0.0,0.0,0,0
1779558914.171386,0.0,0.0,0.0,0.0,0.0,0.0,0,0
1779558914.202403,0.0,0.0,0.0,0.0,0.0,0.0,0,0
1779558914.233441,0.0,0.0,0.0,0.0,0.0,0.0,0,0
1779558914.264462,0.0,0.0,0.0,0.0,0.0,0.0,0,0
1779558914.295428,0.0,0.0,0.0,0.0,0.0,0.0,0,0
1779558914.326433,0.0,0.0,0.0,0.0,0.0,0.0,0,0
1779558914.357415,0.0,0.0,0.0,0.0,0.0,0.0,0,0
1779558914.388412,0.0,0.0,0.0,0.0,0.0,0.0,0,0
1779558914.419398,0.0,0.0,0.0,0.0,0.0,0.0,0,0
1779558914.450375,0.0,0.0,0.0,0.0,0.0,0.0,0,0
1779558914.481353,0.0,0.0,0.0,0.0,0.0,0.0,0,0
1779558914.512369,0.0,0.0,0.0,0.0,0.0,0.0,0,0
1779558914.543394,0.0,0.0,0.0,0.0,0.0,0.0,0,0
1779558914.574409,0.0,0.0,0.0,0.0,0.0,0.0,0,0
1779558914.605357,0.0,0.0,0.0,0.0,0.0,0.0,0,0
1779558914.636381,0.0,0.0,0.0,0.0,0.0,0.0,0,0
1779558914.667408,0.0,0.0,0.0,0.0,0.0,0.0,0,0
1779558914.698411,0.0,0.0,0.0,0.0,0.0,0.0,0,0
1779558914.729381,0.0,0.0,0.0,0.0,0.0,0.0,0,0
1779558914.760385,0.0,0.0,0.0,0.0,0.0,0.0,0,0
1779558914.791374,0.0,0.0,0.0,0.0,0.0,0.0,0,0
1779558914.822371,0.0,0.0,0.0,0.0,0.0,0.0,0,0
1779558914.853390,0.0,0.0,0.0,0.0,0.0,0.0,0,0
1779558914.884432,0.0,0.0,0.0,0.0,0.0,0.0,0,0
1779558914.915416,0.0,0.0,0.0,0.0,0.0,0.0,0,0
1779558914.946427,0.0,0.0,0.0,0.0,0.0,0.0,0,0
1779558914.977355,0.0,0.0,0.0,0.0,0.0,0.0,0,0
1779558915.008365,0.0,0.0,0.0,0.0,0.0,0.0,0,0
1779558915.039340,0.0,0.0,0.0,0.0,0.0,0.0,0,0
1779558915.070399,0.0,0.0,0.0,0.0,0.0,0.0,0,0
1779558915.101423,0.0,0.0,0.0,0.0,0.0,0.0,0,0
1779558915.132371,0.0,0.0,0.0,0.0,0.0,0.0,0,0
1779558915.163425,0.0,0.0,0.0,0.0,0.0,0.0,0,0
1779558915.194425,0.0,0.0,0.0,0.0,0.0,0.0,0,0
1779558915.225389,0.0,0.0,0.0,0.0,0.0,0.0,0,0
1779558915.256397,0.0,0.0,0.0,0.0,0.0,0.0,0,0
1779558915.287382,0.0,0.0,0.0,0.0,0.0,0.0,0,0
1779558915.318367,0.0,0.0,0.0,0.0,0.0,0.0,0,0
1779558915.349341,0.0,0.0,0.0,0.0,0.0,0.0,0,0
1779558915.380381,0.0,0.0,0.0,0.0,0.0,0.0,0,0
1779558915.411386,0.0,0.0,0.0,0.0,0.0,0.0,0,0
1779558915.442386,0.0,0.0,0.0,0.0,0.0,0.0,0,0
1779558915.473388,0.0,0.0,0.0,0.0,0.0,0.0,0,0
1779558915.504377,0.0,0.0,0.0,0.0,0.0,0.0,0,0
1779558915.535395,0.0,0.0,0.0,0.0,0.0,0.0,0,0
1779558915.566443,0.0,0.0,0.0,0.0,0.0,0.0,0,0
1779558915.597388,0.0,0.0,0.0,0.0,0.0,0.0,0,0
1779558915.628400,0.0,0.0,0.0,0.0,0.0,0.0,0,0
1779558915.659351,0.0,0.0,0.0,0.0,0.0,0.0,0,0
1779558915.690353,0.0,0.0,0.0,0.0,0.0,0.0,0,0
1779558915.721418,0.0,0.0,0.0,0.0,0.0,0.0,0,0
1779558915.752403,0.0,0.0,0.0,0.0,0.0,0.0,0,0
1779558915.783444,0.0,0.0,0.0,0.0,0.0,0.0,0,0
1779558915.814415,0.0,0.0,0.0,0.0,0.0,0.0,0,0
1779558915.845429,0.0,0.0,0.0,0.0,0.0,0.0,0,0
1779558915.876413,0.0,0.0,0.0,0.0,0.0,0.0,0,0
1779558915.907397,0.0,0.0,0.0,0.0,0.0,0.0,0,0
1779558915.938416,0.0,0.0,0.0,0.0,0.0,0.0,0,0
1779558915.969387,0.0,0.0,0.0,0.0,0.0,0.0,0,0
1779558916.000371,0.0,0.0,0.0,0.0,0.0,0.0,0,0
1779558916.022399,0.00390625,0.0,-0.025390625,0.0,-0.01953125,-0.03125,0,0
1779558916.038373,0.00390625,-0.01953125,-0.025390625,0.0,-0.01953125,-0.03125,0,0
1779558916.054370,0.00390625,-0.009765625,-0.025390625,0.0,-0.01953125,-0.03125,0,0
1779558916.062370,0.00390625,-0.009765625,-0.025390625,0.0,-0.01953125,-0.03125,0,0
1779558916.070394,0.00390625,-0.044921875,0.0390625,0.0,-0.01953125,-0.03125,0,0
1779558916.078360,0.00390625,-0.044921875,0.0390625,0.029296875,0.013671875,-0.03125,0,0
1779558916.086405,0.015625,-0.072265625,0.126953125,0.029296875,0.013671875,-0.03125,0,0
1779558916.094393,0.015625,-0.072265625,0.126953125,0.046875,0.0625,-0.03125,0,0
1779558916.102398,0.037109375,-0.076171875,0.1796875,0.046875,0.0625,-0.03125,0,0
1779558916.110422,0.037109375,-0.076171875,0.1796875,0.046875,0.09375,-0.03125,0,0
1779558916.118372,0.0390625,-0.078125,0.197265625,0.046875,0.09375,-0.03125,0,0
1779558916.126390,0.0390625,-0.078125,0.197265625,0.03515625,0.103515625,-0.03125,0,0
1779558916.134418,0.03515625,-0.080078125,0.208984375,0.03515625,0.103515625,-0.03125,0,0
1779558916.142379,0.03515625,-0.080078125,0.208984375,0.0078125,0.107421875,-0.03125,0,0
1779558916.150427,0.017578125,-0.080078125,0.220703125,0.0078125,0.107421875,-0.03125,0,0
1779558916.158372,0.017578125,-0.080078125,0.220703125,0.0078125,0.103515625,-0.03125,0,0
1779558916.166384,0.017578125,-0.076171875,0.251953125,0.0078125,0.103515625,-0.03125,0,0
1779558916.174400,0.017578125,-0.076171875,0.251953125,0.0078125,0.10546875,-0.03125,0,0
1779558916.182380,0.017578125,-0.072265625,0.287109375,0.0078125,0.10546875,-0.03125,0,0
1779558916.190424,0.017578125,-0.072265625,0.287109375,0.0,0.109375,-0.03125,0,0
1779558916.198425,0.017578125,-0.07421875,0.3046875,0.0,0.109375,-0.03125,0,0
1779558916.206406,0.017578125,-0.07421875,0.3046875,0.009765625,0.103515625,-0.03125,0,0
1779558916.214414,0.017578125,-0.0703125,0.3046875,0.009765625,0.103515625,-0.03125,0,0
1779558916.222386,0.017578125,-0.0703125,0.3046875,0.01171875,0.09765625,-0.03125,0,0
1779558916.230381,0.017578125,-0.0625,0.291015625,0.01171875,0.09765625,-0.03125,0,0
1779558916.238401,0.017578125,-0.0625,0.291015625,0.013671875,0.095703125,-0.03125,0,0
1779558916.246439,0.017578125,-0.052734375,0.279296875,0.013671875,0.095703125,-0.03125,0,0
1779558916.254434,0.017578125,-0.052734375,0.279296875,0.005859375,0.095703125,-0.03125,0,0
1779558916.262404,0.017578125,-0.048828125,0.2734375,0.005859375,0.095703125,-0.03125,0,0
1779558916.270396,0.017578125,-0.048828125,0.2734375,0.0,0.095703125,-0.03125,0,0
1779558916.278417,0.017578125,-0.04296875,0.265625,0.0,0.095703125,-0.03125,0,0
1779558916.286432,0.017578125,-0.04296875,0.265625,0.0078125,0.091796875,-0.03125,0,0
1779558916.294448,0.017578125,-0.0390625,0.259765625,0.0078125,0.091796875,-0.03125,0,0
1779558916.302401,0.017578125,-0.0390625,0.259765625,0.009765625,0.08984375,-0.03125,0,0
1779558916.310450,0.017578125,-0.041015625,0.248046875,0.009765625,0.08984375,-0.03125,0,0
1779558916.318392,0.017578125,-0.041015625,0.248046875,0.013671875,0.080078125,-0.03125,0,0
1779558916.326353,0.017578125,-0.044921875,0.234375,0.013671875,0.080078125,-0.03125,0,0
1779558916.334453,0.017578125,-0.044921875,0.234375,0.017578125,0.072265625,-0.03125,0,0
1779558916.342414,0.017578125,-0.05078125,0.22265625,0.017578125,0.072265625,-0.03125,0,0
1779558916.350429,0.017578125,-0.05078125,0.22265625,0.01953125,0.0625,-0.03125,0,0
1779558916.358398,0.017578125,-0.052734375,0.2109375,0.01953125,0.0625,-0.03125,0,0
1779558916.366416,0.017578125,-0.052734375,0.2109375,0.025390625,0.060546875,-0.03125,0,0
1779558916.374413,0.017578125,-0.0546875,0.205078125,0.025390625,0.060546875,-0.03125,0,0
1779558916.382388,0.017578125,-0.0546875,0.205078125,0.033203125,0.05859375,-0.03125,0,0
1779558916.390383,0.017578125,-0.056640625,0.197265625,0.033203125,0.05859375,-0.03125,0,0
1779558916.398456,0.017578125,-0.056640625,0.197265625,0.033203125,0.05859375,-0.03125,0,0
1779558916.406372,0.017578125,-0.056640625,0.1953125,0.033203125,0.05859375,-0.03125,0,0
1779558916.414391,0.017578125,-0.056640625,0.1953125,0.033203125,0.05859375,-0.03125,0,0
1779558916.422386,0.017578125,-0.0546875,0.19140625,0.033203125,0.05859375,-0.03125,0,0
1779558916.430389,0.017578125,-0.0546875,0.19140625,0.029296875,0.05859375,-0.03125,0,0
1779558916.438430,0.017578125,-0.056640625,0.185546875,0.029296875,0.05859375,-0.03125,0,0
1779558916.446412,0.017578125,-0.056640625,0.185546875,0.029296875,0.0546875,-0.03125,0,0
1779558916.454404,0.017578125,-0.060546875,0.1796875,0.029296875,0.0546875,-0.03125,0,0
1779558916.462415,0.017578125,-0.060546875,0.1796875,0.029296875,0.052734375,-0.03125,0,0
1779558916.470373,0.017578125,-0.06640625,0.171875,0.029296875,0.052734375,-0.03125,0,0
1779558916.478428,0.017578125,-0.06640625,0.171875,0.029296875,0.052734375,-0.03125,0,0
1779558916.486352,0.017578125,-0.0703125,0.162109375,0.029296875,0.052734375,-0.03125,0,0
1779558916.494424,0.017578125,-0.0703125,0.162109375,0.033203125,0.048828125,-0.03125,0,0
1779558916.502441,0.017578125,-0.07421875,0.15234375,0.033203125,0.048828125,-0.03125,0,0
1779558916.510385,0.017578125,-0.07421875,0.15234375,0.0390625,0.052734375,-0.03125,0,0
1779558916.518383,0.017578125,-0.07421875,0.138671875,0.0390625,0.052734375,-0.03125,0,0
1779558916.526376,0.017578125,-0.07421875,0.138671875,0.046875,0.046875,-0.03125,0,0
1779558916.534447,0.017578125,-0.0703125,0.123046875,0.046875,0.046875,-0.03125,0,0
1779558916.542422,0.017578125,-0.0703125,0.123046875,0.048828125,0.0390625,-0.03125,0,0
1779558916.550373,0.017578125,-0.064453125,0.109375,0.048828125,0.0390625,-0.03125,0,0
1779558916.558408,0.017578125,-0.064453125,0.109375,0.046875,0.02734375,-0.03125,0,0
1779558916.566450,0.017578125,-0.05859375,0.087890625,0.046875,0.02734375,-0.03125,0,0
1779558916.574429,0.017578125,-0.05859375,0.087890625,0.037109375,0.015625,-0.03125,0,0
1779558916.582416,0.017578125,-0.05859375,0.076171875,0.037109375,0.015625,-0.03125,0,0
1779558916.590468,0.017578125,-0.05859375,0.076171875,0.03515625,0.005859375,-0.03125,0,0
1779558916.598425,0.017578125,-0.05859375,0.0703125,0.03515625,0.005859375,-0.03125,0,0
1779558916.606434,0.017578125,-0.05859375,0.0703125,0.03515625,0.0078125,-0.03125,0,0
1779558916.614454,0.017578125,-0.060546875,0.0703125,0.03515625,0.0078125,-0.03125,0,0
1779558916.622440,0.017578125,-0.060546875,0.0703125,0.04296875,0.009765625,-0.03125,0,0
1779558916.630432,0.017578125,-0.0625,0.06640625,0.04296875,0.009765625,-0.03125,0,0
1779558916.638378,0.017578125,-0.0625,0.06640625,0.048828125,0.009765625,-0.03125,0,0
1779558916.646343,0.017578125,-0.06640625,0.05859375,0.048828125,0.009765625,-0.03125,0,0
1779558916.654377,0.017578125,-0.06640625,0.05859375,0.052734375,0.0078125,-0.03125,0,0
1779558916.662423,0.017578125,-0.06640625,0.05078125,0.052734375,0.0078125,-0.03125,0,0
1779558916.670378,0.017578125,-0.06640625,0.05078125,0.0546875,0.0078125,-0.03125,0,0
1779558916.678432,0.017578125,-0.0625,0.048828125,0.0546875,0.0078125,-0.03125,0,0
1779558916.686441,0.017578125,-0.0625,0.048828125,0.0546875,0.00390625,-0.03125,0,0
1779558916.694480,0.017578125,-0.05859375,0.048828125,0.0546875,0.00390625,-0.03125,0,0
1779558916.702458,0.017578125,-0.05859375,0.048828125,0.056640625,0.0078125,-0.03125,0,0
1779558916.710450,0.017578125,-0.060546875,0.05078125,0.056640625,0.0078125,-0.03125,0,0
1779558916.718422,0.017578125,-0.060546875,0.05078125,0.05859375,0.0078125,-0.03125,0,0
1779558916.726469,0.017578125,-0.064453125,0.056640625,0.05859375,0.0078125,-0.03125,0,0
1779558916.734429,0.017578125,-0.064453125,0.056640625,0.068359375,0.01171875,-0.03125,0,0
1779558916.742378,0.0,-0.07421875,0.0625,0.068359375,0.01171875,-0.03125,0,0
1779558916.750440,0.0,-0.07421875,0.0625,0.08203125,0.013671875,-0.03125,0,0
1779558916.758401,0.00390625,-0.076171875,0.0625,0.08203125,0.013671875,-0.03125,0,0
1779558916.766413,0.00390625,-0.076171875,0.0625,0.0859375,0.015625,-0.03125,0,0
1779558916.774434,0.0078125,-0.076171875,0.05859375,0.0859375,0.015625,-0.03125,0,0
1779558916.782438,0.0078125,-0.076171875,0.05859375,0.08984375,0.017578125,-0.03125,0,0
1779558916.790413,0.009765625,-0.076171875,0.056640625,0.08984375,0.017578125,-0.03125,0,0
1779558916.798392,0.009765625,-0.076171875,0.056640625,0.095703125,0.017578125,-0.03125,0,0
1779558916.806377,0.013671875,-0.076171875,0.0546875,0.095703125,0.017578125,-0.03125,0,0
1779558916.814421,0.013671875,-0.076171875,0.0546875,0.099609375,0.01953125,-0.03125,0,0
1779558916.822456,0.017578125,-0.072265625,0.052734375,0.099609375,0.01953125,-0.03125,0,0
1779558916.830362,0.017578125,-0.072265625,0.052734375,0.09765625,0.01953125,-0.03125,0,0
1779558916.838394,0.017578125,-0.0703125,0.052734375,0.09765625,0.01953125,-0.03125,0,0
1779558916.846435,0.017578125,-0.0703125,0.052734375,0.09765625,0.01953125,-0.03125,0,0
1779558916.854445,0.01953125,-0.068359375,0.046875,0.09765625,0.01953125,-0.03125,0,0
1779558916.862417,0.01953125,-0.068359375,0.046875,0.09375,0.017578125,-0.03125,0,0
1779558916.870426,0.01953125,-0.0546875,0.03515625,0.09375,0.017578125,-0.03125,0,0
1779558916.878435,0.01953125,-0.0546875,0.03515625,0.078125,0.01171875,-0.03125,0,0
1779558916.886430,0.01953125,-0.033203125,0.025390625,0.078125,0.01171875,-0.03125,0,0
1779558916.894411,0.01953125,-0.033203125,0.025390625,0.05859375,0.005859375,0.0,0,0
1779558916.902443,0.01953125,-0.033203125,0.021484375,0.05859375,0.005859375,0.0,0,0
1779558916.910395,0.01953125,-0.033203125,0.021484375,0.02734375,0.005859375,-0.013671875,0,0
1779558916.918413,0.01953125,-0.033203125,0.013671875,0.02734375,0.005859375,-0.013671875,0,0
1779558916.926430,0.01953125,-0.033203125,0.013671875,0.009765625,0.015625,-0.013671875,0,0
1779558916.942412,0.01953125,-0.033203125,0.013671875,0.005859375,0.015625,-0.013671875,0,0
1779558916.972388,0.0,0.0,0.0,0.0,0.0,0.0,0,0
1779558917.003427,0.0,0.0,0.0,0.0,0.0,0.0,0,0
1779558917.034389,0.0,0.0,0.0,0.0,0.0,0.0,0,0
1779558917.065378,0.0,0.0,0.0,0.0,0.0,0.0,0,0
1779558917.096386,0.0,0.0,0.0,0.0,0.0,0.0,0,0
1779558917.127388,0.0,0.0,0.0,0.0,0.0,0.0,0,0
1779558917.158377,0.0,0.0,0.0,0.0,0.0,0.0,0,0
1779558917.189436,0.0,0.0,0.0,0.0,0.0,0.0,0,0
1779558917.220456,0.0,0.0,0.0,0.0,0.0,0.0,0,0
1779558917.251379,0.0,0.0,0.0,0.0,0.0,0.0,0,0
1779558917.282444,0.0,0.0,0.0,0.0,0.0,0.0,0,0
1779558917.313381,0.0,0.0,0.0,0.0,0.0,0.0,0,0
1779558917.344373,0.0,0.0,0.0,0.0,0.0,0.0,0,0
1779558917.375398,0.0,0.0,0.0,0.0,0.0,0.0,0,0
1779558917.406400,0.0,0.0,0.0,0.0,0.0,0.0,0,0
1779558917.437409,0.0,0.0,0.0,0.0,0.0,0.0,0,0
1779558917.468370,0.0,0.0,0.0,0.0,0.0,0.0,0,0
1779558917.494375,0.01953125,0.0,-0.046875,0.005859375,0.015625,-0.013671875,0,0
1779558917.510364,0.01953125,0.0,-0.025390625,0.005859375,0.015625,-0.013671875,0,0
1779558917.526386,0.01953125,-0.01171875,-0.068359375,0.005859375,0.015625,-0.013671875,0,0
1779558917.542380,0.01953125,-0.025390625,-0.11328125,0.005859375,0.015625,-0.013671875,0,0
1779558917.550372,0.01953125,-0.025390625,-0.11328125,0.005859375,0.015625,-0.013671875,0,0
1779558917.558372,0.0078125,-0.041015625,-0.16015625,0.005859375,0.015625,-0.013671875,0,0
1779558917.566386,0.0078125,-0.041015625,-0.16015625,0.02734375,0.015625,-0.013671875,0,0
1779558917.574404,0.017578125,-0.0546875,-0.193359375,0.02734375,0.015625,-0.013671875,0,0
1779558917.582426,0.017578125,-0.0546875,-0.193359375,0.03125,0.015625,-0.013671875,0,0
1779558917.590378,0.02734375,-0.05859375,-0.1953125,0.03125,0.015625,-0.013671875,0,0
1779558917.598381,0.02734375,-0.05859375,-0.1953125,0.025390625,0.015625,-0.013671875,0,0
1779558917.606391,0.04296875,-0.044921875,-0.1484375,0.025390625,0.015625,-0.013671875,0,0
1779558917.614394,0.04296875,-0.044921875,-0.1484375,0.01171875,0.015625,-0.013671875,0,0
1779558917.622424,0.048828125,-0.01953125,-0.060546875,0.01171875,0.015625,-0.013671875,0,0
1779558917.630441,0.048828125,-0.01953125,-0.060546875,0.01171875,0.00390625,-0.013671875,0,0
1779558917.638445,0.029296875,-0.00390625,-0.060546875,0.01171875,0.00390625,-0.013671875,0,0
1779558917.646399,0.029296875,-0.00390625,-0.060546875,0.0,0.009765625,-0.013671875,0,0
1779558917.662389,0.029296875,-0.00390625,-0.060546875,0.005859375,0.009765625,-0.013671875,0,0
1779558917.692447,0.0,0.0,0.0,0.0,0.0,0.0,0,0
1779558917.723500,0.0,0.0,0.0,0.0,0.0,0.0,0,0
1779558917.754403,0.0,0.0,0.0,0.0,0.0,0.0,0,0
1779558917.785395,0.0,0.0,0.0,0.0,0.0,0.0,0,0
1779558917.816450,0.0,0.0,0.0,0.0,0.0,0.0,0,0
1779558917.847401,0.0,0.0,0.0,0.0,0.0,0.0,0,0
1779558917.878382,0.0,0.0,0.0,0.0,0.0,0.0,0,0
1779558917.909407,0.0,0.0,0.0,0.0,0.0,0.0,0,0
1779558917.940410,0.0,0.0,0.0,0.0,0.0,0.0,0,0
1779558917.971434,0.0,0.0,0.0,0.0,0.0,0.0,0,0
1779558917.990453,0.005859375,-0.00390625,-0.0859375,0.005859375,0.009765625,-0.013671875,0,0
1779558918.006432,0.005859375,-0.00390625,-0.09765625,0.005859375,0.009765625,-0.013671875,0,0
1779558918.014413,0.005859375,-0.00390625,-0.09765625,0.005859375,0.0,-0.013671875,0,0
1779558918.022449,0.005859375,-0.068359375,-0.19921875,0.005859375,0.0,-0.013671875,0,0
1779558918.038367,0.005859375,-0.091796875,-0.244140625,0.005859375,0.0,-0.013671875,0,0
1779558918.046372,0.005859375,-0.091796875,-0.244140625,0.005859375,-0.03125,0.00390625,0,0
1779558918.054374,0.005859375,-0.083984375,-0.24609375,0.005859375,-0.03125,0.00390625,0,0
1779558918.062376,0.005859375,-0.083984375,-0.24609375,0.005859375,-0.025390625,0.0,0,0
1779558918.070356,0.005859375,-0.05859375,-0.2109375,0.005859375,-0.025390625,0.0,0,0
1779558918.078379,0.005859375,-0.05859375,-0.2109375,-0.025390625,-0.025390625,0.0,0,0
1779558918.086430,0.013671875,-0.03125,-0.140625,-0.025390625,-0.025390625,0.0,0,0
1779558918.094405,0.013671875,-0.03125,-0.140625,-0.0390625,-0.025390625,0.0,0,0
1779558918.102419,0.021484375,-0.0078125,-0.05078125,-0.0390625,-0.025390625,0.0,0,0
1779558918.110416,0.021484375,-0.0078125,-0.05078125,-0.03125,-0.025390625,0.0,0,0
1779558918.118429,0.015625,-0.0078125,-0.05078125,-0.03125,-0.025390625,0.0,0,0
1779558918.126440,0.015625,-0.0078125,-0.05078125,0.0,-0.025390625,0.0,0,0
1779558918.156383,0.0,0.0,0.0,0.0,0.0,0.0,0,0
1779558918.158373,0.015625,-0.0078125,-0.05078125,0.005859375,-0.025390625,0.0,0,0
1779558918.188434,0.0,0.0,0.0,0.0,0.0,0.0,0,0
1779558918.219432,0.0,0.0,0.0,0.0,0.0,0.0,0,0
1779558918.250367,0.0,0.0,0.0,0.0,0.0,0.0,0,0
1779558918.281389,0.0,0.0,0.0,0.0,0.0,0.0,0,0
1779558918.312392,0.0,0.0,0.0,0.0,0.0,0.0,0,0
1779558918.343452,0.0,0.0,0.0,0.0,0.0,0.0,0,0
1779558918.374398,0.0,0.0,0.0,0.0,0.0,0.0,0,0
1779558918.405357,0.0,0.0,0.0,0.0,0.0,0.0,0,0
1779558918.436388,0.0,0.0,0.0,0.0,0.0,0.0,0,0
1779558918.467413,0.0,0.0,0.0,0.0,0.0,0.0,1,0
1779558918.498449,0.0,0.0,0.0,0.0,0.0,0.0,1,0
1779558918.529368,0.0,0.0,0.0,0.0,0.0,0.0,1,0
1779558918.560391,0.0,0.0,0.0,0.0,0.0,0.0,0,0
1779558918.591418,0.0,0.0,0.0,0.0,0.0,0.0,0,0
1779558918.622392,0.0,0.0,0.0,0.0,0.0,0.0,0,0
1779558918.653404,0.0,0.0,0.0,0.0,0.0,0.0,0,0
1779558918.684422,0.0,0.0,0.0,0.0,0.0,0.0,0,0
1779558918.715411,0.0,0.0,0.0,0.0,0.0,0.0,0,0
1779558918.746426,0.0,0.0,0.0,0.0,0.0,0.0,0,0
1779558918.777388,0.0,0.0,0.0,0.0,0.0,0.0,0,0
1779558918.808429,0.0,0.0,0.0,0.0,0.0,0.0,0,0
1779558918.839409,0.0,0.0,0.0,0.0,0.0,0.0,0,0
1779558918.870433,0.0,0.0,0.0,0.0,0.0,0.0,0,0
1779558918.901456,0.0,0.0,0.0,0.0,0.0,0.0,0,0
1779558918.932379,0.0,0.0,0.0,0.0,0.0,0.0,0,0
1779558918.963476,0.0,0.0,0.0,0.0,0.0,0.0,0,0
1779558918.994377,0.0,0.0,0.0,0.0,0.0,0.0,0,0
1779558919.025360,0.0,0.0,0.0,0.0,0.0,0.0,0,0
1779558919.056416,0.0,0.0,0.0,0.0,0.0,0.0,0,0
1779558919.087366,0.0,0.0,0.0,0.0,0.0,0.0,0,0
1779558919.118426,0.0,0.0,0.0,0.0,0.0,0.0,0,0
1779558919.149405,0.0,0.0,0.0,0.0,0.0,0.0,0,0
1779558919.180420,0.0,0.0,0.0,0.0,0.0,0.0,0,0
1779558919.211422,0.0,0.0,0.0,0.0,0.0,0.0,0,0
1779558919.242420,0.0,0.0,0.0,0.0,0.0,0.0,0,0
1779558919.273443,0.0,0.0,0.0,0.0,0.0,0.0,0,0
1779558919.304414,0.0,0.0,0.0,0.0,0.0,0.0,0,0
1779558919.335447,0.0,0.0,0.0,0.0,0.0,0.0,0,0
1779558919.366414,0.0,0.0,0.0,0.0,0.0,0.0,0,0
1779558919.397470,0.0,0.0,0.0,0.0,0.0,0.0,0,0
1779558919.428396,0.0,0.0,0.0,0.0,0.0,0.0,0,0
1779558919.459427,0.0,0.0,0.0,0.0,0.0,0.0,0,0
1779558919.490463,0.0,0.0,0.0,0.0,0.0,0.0,0,0
1779558919.521395,0.0,0.0,0.0,0.0,0.0,0.0,0,0
1779558919.552372,0.0,0.0,0.0,0.0,0.0,0.0,0,0
1779558919.583452,0.0,0.0,0.0,0.0,0.0,0.0,0,0
1779558919.614408,0.0,0.0,0.0,0.0,0.0,0.0,0,0
1779558919.645411,0.0,0.0,0.0,0.0,0.0,0.0,0,0
1779558919.676365,0.0,0.0,0.0,0.0,0.0,0.0,0,0
1779558919.707400,0.0,0.0,0.0,0.0,0.0,0.0,0,0
1779558919.738407,0.0,0.0,0.0,0.0,0.0,0.0,0,0
1779558919.769417,0.0,0.0,0.0,0.0,0.0,0.0,0,0
1779558919.800446,0.0,0.0,0.0,0.0,0.0,0.0,0,0
1779558919.831374,0.0,0.0,0.0,0.0,0.0,0.0,0,0
1779558919.862414,0.0,0.0,0.0,0.0,0.0,0.0,0,0
1779558919.893441,0.0,0.0,0.0,0.0,0.0,0.0,0,0
1779558919.924410,0.0,0.0,0.0,0.0,0.0,0.0,0,0
1779558919.955371,0.0,0.0,0.0,0.0,0.0,0.0,0,0
1779558919.986387,0.0,0.0,0.0,0.0,0.0,0.0,0,0
1779558920.017391,0.0,0.0,0.0,0.0,0.0,0.0,0,0
1779558920.048392,0.0,0.0,0.0,0.0,0.0,0.0,0,0
1779558920.079394,0.0,0.0,0.0,0.0,0.0,0.0,0,0
1779558920.110386,0.0,0.0,0.0,0.0,0.0,0.0,0,0
1779558920.141418,0.0,0.0,0.0,0.0,0.0,0.0,0,0
1779558920.172424,0.0,0.0,0.0,0.0,0.0,0.0,0,0
1779558920.203426,0.0,0.0,0.0,0.0,0.0,0.0,0,0
1779558920.234435,0.0,0.0,0.0,0.0,0.0,0.0,0,0
1779558920.265405,0.0,0.0,0.0,0.0,0.0,0.0,0,0
1779558920.296402,0.0,0.0,0.0,0.0,0.0,0.0,0,0
1779558920.327422,0.0,0.0,0.0,0.0,0.0,0.0,0,0
1779558920.358427,0.0,0.0,0.0,0.0,0.0,0.0,0,0
1779558920.389417,0.0,0.0,0.0,0.0,0.0,0.0,0,0
1779558920.420474,0.0,0.0,0.0,0.0,0.0,0.0,0,0
1779558920.451415,0.0,0.0,0.0,0.0,0.0,0.0,0,0
1779558920.482396,0.0,0.0,0.0,0.0,0.0,0.0,0,0
1779558920.513466,0.0,0.0,0.0,0.0,0.0,0.0,0,0
1779558920.544501,0.0,0.0,0.0,0.0,0.0,0.0,0,0
1779558920.575480,0.0,0.0,0.0,0.0,0.0,0.0,0,0
1779558920.606439,0.0,0.0,0.0,0.0,0.0,0.0,0,0
1779558920.637432,0.0,0.0,0.0,0.0,0.0,0.0,0,0
1779558920.668489,0.0,0.0,0.0,0.0,0.0,0.0,0,0
1779558920.699416,0.0,0.0,0.0,0.0,0.0,0.0,0,0
1779558920.730481,0.0,0.0,0.0,0.0,0.0,0.0,0,0
1779558920.761416,0.0,0.0,0.0,0.0,0.0,0.0,0,0
1779558920.792389,0.0,0.0,0.0,0.0,0.0,0.0,0,0
1779558920.823385,0.0,0.0,0.0,0.0,0.0,0.0,0,0
1779558920.854430,0.0,0.0,0.0,0.0,0.0,0.0,0,0
1779558920.885482,0.0,0.0,0.0,0.0,0.0,0.0,0,0
1779558920.916395,0.0,0.0,0.0,0.0,0.0,0.0,0,0
1779558920.947406,0.0,0.0,0.0,0.0,0.0,0.0,0,0
1779558920.978383,0.0,0.0,0.0,0.0,0.0,0.0,0,0
1779558921.009439,0.0,0.0,0.0,0.0,0.0,0.0,0,0
1779558921.040404,0.0,0.0,0.0,0.0,0.0,0.0,0,0
1779558921.071448,0.0,0.0,0.0,0.0,0.0,0.0,0,0
1779558921.102462,0.0,0.0,0.0,0.0,0.0,0.0,0,0
1779558921.133437,0.0,0.0,0.0,0.0,0.0,0.0,0,0
1779558921.164461,0.0,0.0,0.0,0.0,0.0,0.0,0,0
1779558921.195440,0.0,0.0,0.0,0.0,0.0,0.0,0,0
1779558921.226446,0.0,0.0,0.0,0.0,0.0,0.0,0,0
1779558921.257427,0.0,0.0,0.0,0.0,0.0,0.0,0,0
1779558921.288406,0.0,0.0,0.0,0.0,0.0,0.0,0,0
1779558921.319376,0.0,0.0,0.0,0.0,0.0,0.0,0,0
1779558921.350415,0.0,0.0,0.0,0.0,0.0,0.0,0,0
1779558921.381458,0.0,0.0,0.0,0.0,0.0,0.0,0,0
1779558921.412459,0.0,0.0,0.0,0.0,0.0,0.0,0,0
1779558921.443385,0.0,0.0,0.0,0.0,0.0,0.0,0,0
1779558921.474421,0.0,0.0,0.0,0.0,0.0,0.0,0,0
1779558921.505438,0.0,0.0,0.0,0.0,0.0,0.0,0,0
1779558921.536449,0.0,0.0,0.0,0.0,0.0,0.0,0,0
1779558921.567417,0.0,0.0,0.0,0.0,0.0,0.0,0,0
1779558921.598393,0.0,0.0,0.0,0.0,0.0,0.0,0,0
1779558921.629442,0.0,0.0,0.0,0.0,0.0,0.0,0,0
1779558921.660422,0.0,0.0,0.0,0.0,0.0,0.0,0,0
1779558921.691381,0.0,0.0,0.0,0.0,0.0,0.0,0,0
1779558921.722440,0.0,0.0,0.0,0.0,0.0,0.0,0,0
1779558921.753429,0.0,0.0,0.0,0.0,0.0,0.0,0,0
1779558921.758367,0.015625,-0.0078125,-0.05078125,0.00390625,-0.025390625,0.0,0,0
1779558921.774392,0.015625,-0.0078125,-0.05078125,0.021484375,-0.025390625,0.0,0,0
1779558921.790463,0.015625,-0.0078125,-0.05078125,0.037109375,-0.025390625,0.0,0,0
1779558921.798450,0.015625,-0.0078125,0.009765625,0.037109375,-0.025390625,0.0,0,0
1779558921.806398,0.015625,-0.0078125,0.009765625,0.03125,-0.025390625,0.0,0,0
1779558921.814443,0.015625,-0.0078125,0.037109375,0.03125,-0.025390625,0.0,0,0
1779558921.822446,0.015625,-0.0078125,0.037109375,0.0390625,-0.025390625,0.0,0,0
1779558921.830388,0.015625,-0.0078125,0.09765625,0.0390625,-0.025390625,0.0,0,0
1779558921.838472,0.015625,-0.0078125,0.09765625,0.05859375,-0.025390625,0.0,0,0
1779558921.846398,0.015625,-0.0078125,0.173828125,0.05859375,-0.025390625,0.0,0,0
1779558921.854425,0.015625,-0.0078125,0.173828125,0.0859375,0.015625,-0.017578125,0,0
1779558921.862443,0.015625,-0.025390625,0.224609375,0.0859375,0.015625,-0.017578125,0,0
1779558921.870463,0.015625,-0.025390625,0.224609375,0.10546875,0.029296875,-0.0390625,0,0
1779558921.878457,0.015625,-0.041015625,0.248046875,0.10546875,0.029296875,-0.0390625,0,0
1779558921.886478,0.015625,-0.041015625,0.248046875,0.119140625,0.03515625,-0.056640625,0,0
1779558921.894367,0.015625,-0.048828125,0.275390625,0.119140625,0.03515625,-0.056640625,0,0
1779558921.902437,0.015625,-0.048828125,0.275390625,0.12890625,0.0390625,-0.072265625,0,0
1779558921.910433,0.0,-0.0546875,0.3125,0.12890625,0.0390625,-0.072265625,0,0
1779558921.918417,0.0,-0.0546875,0.3125,0.130859375,0.046875,-0.080078125,0,0
1779558921.926428,0.0,-0.0546875,0.3359375,0.130859375,0.046875,-0.080078125,0,0
1779558921.934403,0.0,-0.0546875,0.3359375,0.125,0.052734375,-0.0859375,0,0
1779558921.942420,0.005859375,-0.0546875,0.35546875,0.125,0.052734375,-0.0859375,0,0
1779558921.950378,0.005859375,-0.0546875,0.35546875,0.107421875,0.060546875,-0.08984375,0,0
1779558921.958454,0.005859375,-0.044921875,0.375,0.107421875,0.060546875,-0.08984375,0,0
1779558921.966431,0.005859375,-0.044921875,0.375,0.08984375,0.06640625,-0.095703125,0,0
1779558921.974439,0.005859375,-0.037109375,0.40234375,0.08984375,0.06640625,-0.095703125,0,0
1779558921.982471,0.005859375,-0.037109375,0.40234375,0.0859375,0.0703125,-0.099609375,0,0
1779558921.990387,0.005859375,-0.03515625,0.42578125,0.0859375,0.0703125,-0.099609375,0,0
1779558921.998447,0.005859375,-0.03515625,0.42578125,0.08984375,0.0703125,-0.103515625,0,0
1779558922.006420,0.005859375,-0.03515625,0.439453125,0.08984375,0.0703125,-0.103515625,0,0
1779558922.014380,0.005859375,-0.03515625,0.439453125,0.08984375,0.068359375,-0.10546875,0,0
1779558922.022357,0.005859375,-0.037109375,0.443359375,0.08984375,0.068359375,-0.10546875,0,0
1779558922.030345,0.005859375,-0.037109375,0.443359375,0.0859375,0.0625,-0.10546875,0,0
1779558922.038437,0.005859375,-0.03125,0.44921875,0.0859375,0.0625,-0.10546875,0,0
1779558922.046377,0.005859375,-0.03125,0.44921875,0.078125,0.060546875,-0.103515625,0,0
1779558922.054437,0.005859375,-0.02734375,0.453125,0.078125,0.060546875,-0.103515625,0,0
1779558922.062377,0.005859375,-0.02734375,0.453125,0.072265625,0.0625,-0.103515625,0,0
1779558922.070447,0.005859375,-0.0234375,0.462890625,0.072265625,0.0625,-0.103515625,0,0
1779558922.078437,0.005859375,-0.0234375,0.462890625,0.068359375,0.0625,-0.103515625,0,0
1779558922.086390,0.005859375,-0.021484375,0.470703125,0.068359375,0.0625,-0.103515625,0,0
1779558922.094392,0.005859375,-0.021484375,0.470703125,0.0703125,0.06640625,-0.10546875,0,0
1779558922.102417,0.005859375,-0.021484375,0.474609375,0.0703125,0.06640625,-0.10546875,0,0
1779558922.110475,0.005859375,-0.021484375,0.474609375,0.0703125,0.06640625,-0.10546875,0,0
1779558922.118423,0.005859375,-0.0234375,0.470703125,0.0703125,0.06640625,-0.10546875,0,0
1779558922.126439,0.005859375,-0.0234375,0.470703125,0.0703125,0.06640625,-0.107421875,0,0
1779558922.134418,0.005859375,-0.0234375,0.4609375,0.0703125,0.06640625,-0.107421875,0,0
1779558922.142421,0.005859375,-0.0234375,0.4609375,0.06640625,0.0625,-0.107421875,0,0
1779558922.150417,0.005859375,-0.017578125,0.451171875,0.06640625,0.0625,-0.107421875,0,0
1779558922.158470,0.005859375,-0.017578125,0.451171875,0.060546875,0.060546875,-0.107421875,0,0
1779558922.166416,0.005859375,-0.015625,0.4453125,0.060546875,0.060546875,-0.107421875,0,0
1779558922.174462,0.005859375,-0.015625,0.4453125,0.056640625,0.060546875,-0.10546875,0,0
1779558922.182451,0.005859375,-0.0078125,0.4375,0.056640625,0.060546875,-0.10546875,0,0
1779558922.190480,0.005859375,-0.0078125,0.4375,0.052734375,0.0546875,-0.10546875,0,0
1779558922.198490,0.005859375,-0.00390625,0.4296875,0.052734375,0.0546875,-0.10546875,0,0
1779558922.206400,0.005859375,-0.00390625,0.4296875,0.048828125,0.048828125,-0.10546875,0,0
1779558922.214449,0.005859375,-0.00390625,0.423828125,0.048828125,0.048828125,-0.10546875,0,0
1779558922.222399,0.005859375,-0.00390625,0.423828125,0.05078125,0.048828125,-0.10546875,0,0
1779558922.230372,0.005859375,-0.00390625,0.41015625,0.05078125,0.048828125,-0.10546875,0,0
1779558922.238443,0.005859375,-0.00390625,0.41015625,0.0546875,0.046875,-0.10546875,0,0
1779558922.246432,0.005859375,0.0,0.396484375,0.0546875,0.046875,-0.10546875,0,0
1779558922.254424,0.005859375,0.0,0.396484375,0.0546875,0.044921875,-0.1015625,0,0
1779558922.262428,0.005859375,0.0,0.384765625,0.0546875,0.044921875,-0.1015625,0,0
1779558922.270421,0.005859375,0.0,0.384765625,0.052734375,0.04296875,-0.099609375,0,0
1779558922.278404,0.005859375,0.0,0.375,0.052734375,0.04296875,-0.099609375,0,0
1779558922.286362,0.005859375,0.0,0.375,0.05078125,0.041015625,-0.09765625,0,0
1779558922.294384,0.005859375,0.0,0.3671875,0.05078125,0.041015625,-0.09765625,0,0
1779558922.302441,0.005859375,0.0,0.3671875,0.046875,0.0390625,-0.09375,0,0
1779558922.310454,0.005859375,0.0,0.357421875,0.046875,0.0390625,-0.09375,0,0
1779558922.318398,0.005859375,0.0,0.357421875,0.046875,0.037109375,-0.08984375,0,0
1779558922.326396,0.005859375,0.0,0.3515625,0.046875,0.037109375,-0.08984375,0,0
1779558922.334381,0.005859375,0.0,0.3515625,0.044921875,0.037109375,-0.083984375,0,0
1779558922.342425,0.005859375,0.0,0.337890625,0.044921875,0.037109375,-0.083984375,0,0
1779558922.350443,0.005859375,0.0,0.337890625,0.04296875,0.03125,-0.080078125,0,0
1779558922.358502,0.005859375,0.0,0.330078125,0.04296875,0.03125,-0.080078125,0,0
1779558922.366475,0.005859375,0.0,0.330078125,0.046875,0.02734375,-0.080078125,0,0
1779558922.374447,0.005859375,0.0,0.32421875,0.046875,0.02734375,-0.080078125,0,0
1779558922.382478,0.005859375,0.0,0.32421875,0.048828125,0.02734375,-0.080078125,0,0
1779558922.390442,0.005859375,0.0,0.3203125,0.048828125,0.02734375,-0.080078125,0,0
1779558922.398450,0.005859375,0.0,0.3203125,0.0625,0.02734375,-0.08203125,0,0
1779558922.406453,0.005859375,0.0,0.31640625,0.0625,0.02734375,-0.08203125,0,0
1779558922.414487,0.005859375,0.0,0.31640625,0.0703125,0.029296875,-0.0859375,0,0
1779558922.422488,0.005859375,0.0,0.31640625,0.0703125,0.029296875,-0.0859375,0,0
1779558922.430394,0.005859375,0.0,0.31640625,0.076171875,0.03125,-0.087890625,0,0
1779558922.438432,0.005859375,-0.00390625,0.310546875,0.076171875,0.03125,-0.087890625,0,0
1779558922.446410,0.005859375,-0.00390625,0.310546875,0.076171875,0.03125,-0.087890625,0,0
1779558922.454401,0.005859375,-0.00390625,0.30078125,0.076171875,0.03125,-0.087890625,0,0
1779558922.462381,0.005859375,-0.00390625,0.30078125,0.076171875,0.029296875,-0.087890625,0,0
1779558922.470445,0.005859375,-0.00390625,0.29296875,0.076171875,0.029296875,-0.087890625,0,0
1779558922.478379,0.005859375,-0.00390625,0.29296875,0.07421875,0.02734375,-0.087890625,0,0
1779558922.486502,0.005859375,0.0,0.283203125,0.07421875,0.02734375,-0.087890625,0,0
1779558922.494380,0.005859375,0.0,0.283203125,0.072265625,0.02734375,-0.087890625,0,0
1779558922.502459,0.005859375,0.0,0.26953125,0.072265625,0.02734375,-0.087890625,0,0
1779558922.510400,0.005859375,0.0,0.26953125,0.06640625,0.025390625,-0.0859375,0,0
1779558922.518404,0.005859375,0.0,0.25,0.06640625,0.025390625,-0.0859375,0,0
1779558922.526394,0.005859375,0.0,0.25,0.060546875,0.025390625,-0.083984375,0,0
1779558922.534389,0.005859375,0.0,0.228515625,0.060546875,0.025390625,-0.083984375,0,0
1779558922.542388,0.005859375,0.0,0.228515625,0.0546875,0.021484375,-0.078125,0,0
1779558922.550392,0.005859375,0.0,0.208984375,0.0546875,0.021484375,-0.078125,0,0
1779558922.558375,0.005859375,0.0,0.208984375,0.052734375,0.01953125,-0.07421875,0,0
1779558922.566378,0.005859375,0.0,0.18359375,0.052734375,0.01953125,-0.07421875,0,0
1779558922.574386,0.005859375,0.0,0.18359375,0.0546875,0.015625,-0.068359375,0,0
1779558922.582379,0.005859375,0.0,0.171875,0.0546875,0.015625,-0.068359375,0,0
1779558922.590463,0.005859375,0.0,0.171875,0.056640625,0.015625,-0.06640625,0,0
1779558922.598444,0.005859375,0.0,0.154296875,0.056640625,0.015625,-0.06640625,0,0
1779558922.606394,0.005859375,0.0,0.154296875,0.064453125,0.013671875,-0.064453125,0,0
1779558922.614405,0.005859375,0.0,0.142578125,0.064453125,0.013671875,-0.064453125,0,0
1779558922.622399,0.005859375,0.0,0.142578125,0.064453125,0.01171875,-0.064453125,0,0
1779558922.630388,0.005859375,0.0,0.130859375,0.064453125,0.01171875,-0.064453125,0,0
1779558922.638456,0.005859375,0.0,0.130859375,0.056640625,0.0078125,-0.05859375,0,0
1779558922.646380,0.005859375,0.0,0.12109375,0.056640625,0.0078125,-0.05859375,0,0
1779558922.654423,0.005859375,0.0,0.12109375,0.04296875,0.005859375,-0.04296875,0,0
1779558922.662435,0.005859375,-0.009765625,0.10546875,0.04296875,0.005859375,-0.04296875,0,0
1779558922.670431,0.005859375,-0.009765625,0.10546875,0.03125,0.005859375,-0.017578125,0,0
1779558922.686482,0.005859375,-0.009765625,0.10546875,0.09765625,0.0078125,-0.017578125,0,0
1779558922.702499,0.005859375,-0.009765625,0.10546875,0.0390625,0.0078125,-0.017578125,0,0
1779558922.732387,0.0,0.0,0.0,0.0,0.0,0.0,0,0
1779558922.763400,0.0,0.0,0.0,0.0,0.0,0.0,0,0
1779558922.794424,0.0,0.0,0.0,0.0,0.0,0.0,0,0
1779558922.825454,0.0,0.0,0.0,0.0,0.0,0.0,0,0
1779558922.856449,0.0,0.0,0.0,0.0,0.0,0.0,0,0
1779558922.887415,0.0,0.0,0.0,0.0,0.0,0.0,0,0
1779558922.918401,0.0,0.0,0.0,0.0,0.0,0.0,0,0
1779558922.949405,0.0,0.0,0.0,0.0,0.0,0.0,0,0
1779558922.980374,0.0,0.0,0.0,0.0,0.0,0.0,0,0
1779558923.011432,0.0,0.0,0.0,0.0,0.0,0.0,0,0
1779558923.042411,0.0,0.0,0.0,0.0,0.0,0.0,0,0
1779558923.073417,0.0,0.0,0.0,0.0,0.0,0.0,0,0
1779558923.104482,0.0,0.0,0.0,0.0,0.0,0.0,0,0
1779558923.135366,0.0,0.0,0.0,0.0,0.0,0.0,0,0
1779558923.166427,0.0,0.0,0.0,0.0,0.0,0.0,0,0
1779558923.197403,0.0,0.0,0.0,0.0,0.0,0.0,0,0
1779558923.228457,0.0,0.0,0.0,0.0,0.0,0.0,0,0
1779558923.259448,0.0,0.0,0.0,0.0,0.0,0.0,0,0
1779558923.290358,0.0,0.0,0.0,0.0,0.0,0.0,0,0
1779558923.321415,0.0,0.0,0.0,0.0,0.0,0.0,1,0
1779558923.352372,0.0,0.0,0.0,0.0,0.0,0.0,1,0
1779558923.383410,0.0,0.0,0.0,0.0,0.0,0.0,1,0
1779558923.414377,0.0,0.0,0.0,0.0,0.0,0.0,1,0
1779558923.445372,0.0,0.0,0.0,0.0,0.0,0.0,1,0
1779558923.476432,0.0,0.0,0.0,0.0,0.0,0.0,0,0
1779558923.507412,0.0,0.0,0.0,0.0,0.0,0.0,0,0
1779558923.534453,0.005859375,-0.009765625,0.0,0.0390625,0.0078125,-0.017578125,0,0
1779558923.550410,-0.013671875,-0.009765625,-0.03125,0.0390625,0.0078125,-0.017578125,0,0
1779558923.558435,-0.013671875,-0.009765625,-0.03125,0.0390625,-0.03125,-0.017578125,0,0
1779558923.566434,-0.025390625,-0.009765625,-0.05078125,0.0390625,-0.03125,-0.017578125,0,0
1779558923.574417,-0.025390625,-0.009765625,-0.05078125,0.0390625,-0.04296875,-0.017578125,0,0
1779558923.582440,-0.033203125,-0.009765625,-0.07421875,0.0390625,-0.04296875,-0.017578125,0,0
1779558923.590372,-0.033203125,-0.009765625,-0.07421875,0.017578125,-0.064453125,-0.017578125,0,0
1779558923.598387,-0.041015625,-0.009765625,-0.1015625,0.017578125,-0.064453125,-0.017578125,0,0
1779558923.606418,-0.041015625,-0.009765625,-0.1015625,0.041015625,-0.076171875,-0.017578125,0,0
1779558923.614424,-0.056640625,-0.005859375,-0.134765625,0.041015625,-0.076171875,-0.017578125,0,0
1779558923.622394,-0.056640625,-0.005859375,-0.134765625,0.064453125,-0.08984375,-0.017578125,0,0
1779558923.630399,-0.064453125,-0.0078125,-0.150390625,0.064453125,-0.08984375,-0.017578125,0,0
1779558923.638435,-0.064453125,-0.0078125,-0.150390625,0.078125,-0.1015625,-0.017578125,0,0
1779558923.646469,-0.080078125,-0.00390625,-0.177734375,0.078125,-0.1015625,-0.017578125,0,0
1779558923.654391,-0.080078125,-0.00390625,-0.177734375,0.103515625,-0.11328125,-0.017578125,0,0
1779558923.662390,-0.107421875,-0.0078125,-0.20703125,0.103515625,-0.11328125,-0.017578125,0,0
1779558923.670506,-0.107421875,-0.0078125,-0.20703125,0.1328125,-0.134765625,-0.0078125,0,0
1779558923.678372,-0.150390625,-0.025390625,-0.23046875,0.1328125,-0.134765625,-0.0078125,0,0
1779558923.686423,-0.150390625,-0.025390625,-0.23046875,0.162109375,-0.16796875,-0.0078125,0,0
1779558923.694407,-0.1875,-0.044921875,-0.248046875,0.162109375,-0.16796875,-0.0078125,0,0
1779558923.702412,-0.1875,-0.044921875,-0.248046875,0.1875,-0.19921875,0.0,0,0
1779558923.710408,-0.21875,-0.056640625,-0.25390625,0.1875,-0.19921875,0.0,0,0
1779558923.718442,-0.21875,-0.056640625,-0.25390625,0.212890625,-0.2109375,0.0,0,0
1779558923.726373,-0.23828125,-0.05078125,-0.25390625,0.212890625,-0.2109375,0.0,0,0
1779558923.734362,-0.23828125,-0.05078125,-0.25390625,0.24609375,-0.21484375,0.0,0,0
1779558923.742375,-0.244140625,-0.044921875,-0.255859375,0.24609375,-0.21484375,0.0,0,0
1779558923.750362,-0.244140625,-0.044921875,-0.255859375,0.26171875,-0.208984375,-0.00390625,0,0
1779558923.758377,-0.251953125,-0.037109375,-0.255859375,0.26171875,-0.208984375,-0.00390625,0,0
1779558923.766378,-0.251953125,-0.037109375,-0.255859375,0.2890625,-0.201171875,-0.005859375,0,0
1779558923.774419,-0.255859375,-0.037109375,-0.244140625,0.2890625,-0.201171875,-0.005859375,0,0
1779558923.782357,-0.255859375,-0.037109375,-0.244140625,0.326171875,-0.19921875,-0.01171875,0,0
1779558923.790412,-0.265625,-0.046875,-0.2265625,0.326171875,-0.19921875,-0.01171875,0,0
1779558923.798373,-0.265625,-0.046875,-0.2265625,0.375,-0.193359375,-0.015625,0,0
1779558923.806408,-0.28125,-0.05859375,-0.22265625,0.375,-0.193359375,-0.015625,0,0
1779558923.814405,-0.28125,-0.05859375,-0.22265625,0.423828125,-0.19140625,-0.01953125,0,0
1779558923.822418,-0.294921875,-0.0625,-0.21484375,0.423828125,-0.19140625,-0.01953125,0,0
1779558923.830391,-0.294921875,-0.0625,-0.21484375,0.45703125,-0.181640625,-0.0234375,0,0
1779558923.838430,-0.30078125,-0.056640625,-0.197265625,0.45703125,-0.181640625,-0.0234375,0,0
1779558923.846396,-0.30078125,-0.056640625,-0.197265625,0.4921875,-0.169921875,-0.029296875,0,0
1779558923.854388,-0.2890625,-0.0546875,-0.173828125,0.4921875,-0.169921875,-0.029296875,0,0
1779558923.862394,-0.2890625,-0.0546875,-0.173828125,0.51953125,-0.14453125,-0.033203125,0,0
1779558923.870434,-0.26171875,-0.052734375,-0.138671875,0.51953125,-0.14453125,-0.033203125,0,0
1779558923.878392,-0.26171875,-0.052734375,-0.138671875,0.529296875,-0.111328125,-0.033203125,0,0
1779558923.886381,-0.224609375,-0.0390625,-0.103515625,0.529296875,-0.111328125,-0.033203125,0,0
1779558923.894423,-0.224609375,-0.0390625,-0.103515625,0.525390625,-0.0703125,-0.03515625,0,0
1779558923.902463,-0.19140625,-0.0234375,-0.0703125,0.525390625,-0.0703125,-0.03515625,0,0
1779558923.910450,-0.19140625,-0.0234375,-0.0703125,0.515625,-0.037109375,-0.0390625,0,0
1779558923.918390,-0.166015625,-0.0234375,-0.046875,0.515625,-0.037109375,-0.0390625,0,0
1779558923.926393,-0.166015625,-0.0234375,-0.046875,0.50390625,-0.01171875,-0.048828125,0,0
1779558923.934390,-0.16015625,-0.0234375,-0.01953125,0.50390625,-0.01171875,-0.048828125,0,0
1779558923.942409,-0.16015625,-0.0234375,-0.01953125,0.498046875,-0.01171875,-0.056640625,0,0
1779558923.950402,-0.16015625,-0.0234375,0.0,0.498046875,-0.01171875,-0.056640625,0,0
1779558923.958404,-0.16015625,-0.0234375,0.0,0.494140625,-0.01171875,-0.060546875,0,0
1779558923.966392,-0.171875,-0.0234375,0.0,0.494140625,-0.01171875,-0.060546875,0,0
1779558923.974392,-0.171875,-0.0234375,0.0,0.49609375,-0.01171875,-0.0625,0,0
1779558923.982406,-0.181640625,-0.0234375,0.0,0.49609375,-0.01171875,-0.0625,0,0
1779558923.990458,-0.181640625,-0.0234375,0.0,0.50390625,-0.01171875,-0.0625,0,0
1779558923.998426,-0.1796875,-0.0234375,0.0,0.50390625,-0.01171875,-0.0625,0,0
1779558924.006409,-0.1796875,-0.0234375,0.0,0.505859375,-0.01171875,-0.0625,0,0
1779558924.014454,-0.158203125,-0.0234375,0.0,0.505859375,-0.01171875,-0.0625,0,0
1779558924.022467,-0.158203125,-0.0234375,0.0,0.49609375,-0.01171875,-0.0625,0,0
1779558924.030435,-0.12890625,-0.0234375,0.0,0.49609375,-0.01171875,-0.0625,0,0
1779558924.038461,-0.12890625,-0.0234375,0.0,0.44921875,-0.01171875,-0.056640625,0,0
1779558924.046484,-0.08984375,-0.0234375,0.0,0.44921875,-0.01171875,-0.056640625,0,0
1779558924.054488,-0.08984375,-0.0234375,0.0,0.369140625,-0.01171875,-0.048828125,0,0
1779558924.062485,-0.080078125,-0.0234375,0.0,0.369140625,-0.01171875,-0.048828125,0,0
1779558924.070460,-0.080078125,-0.0234375,0.0,0.30078125,-0.01171875,-0.046875,0,0
1779558924.078442,-0.080078125,-0.0234375,0.0,0.30078125,-0.01171875,-0.046875,0,0
1779558924.086411,-0.080078125,-0.0234375,0.0,0.275390625,-0.01171875,-0.046875,0,0
1779558924.094409,-0.080078125,-0.0234375,0.0,0.275390625,-0.01171875,-0.046875,0,0
1779558924.102401,-0.080078125,-0.0234375,0.0,0.25,-0.01171875,-0.044921875,0,0
1779558924.110445,-0.08203125,-0.0234375,0.0,0.25,-0.01171875,-0.044921875,0,0
1779558924.118442,-0.08203125,-0.0234375,0.0,0.212890625,-0.01171875,-0.0390625,0,0
1779558924.126445,-0.0703125,-0.0234375,0.0,0.212890625,-0.01171875,-0.0390625,0,0
1779558924.134414,-0.0703125,-0.0234375,0.0,0.169921875,-0.01171875,-0.029296875,0,0
1779558924.142392,-0.05859375,-0.0234375,0.0,0.169921875,-0.01171875,-0.029296875,0,0
1779558924.150415,-0.05859375,-0.0234375,0.0,0.126953125,-0.01171875,-0.017578125,0,0
1779558924.158388,-0.033203125,-0.0234375,0.0,0.126953125,-0.01171875,-0.017578125,0,0
1779558924.166449,-0.033203125,-0.0234375,0.0,0.0546875,-0.01171875,-0.017578125,0,0
1779558924.196412,0.0,0.0,0.0,0.0,0.0,0.0,0,0
1779558924.227432,0.0,0.0,0.0,0.0,0.0,0.0,0,0
1779558924.258517,0.0,0.0,0.0,0.0,0.0,0.0,0,0
1779558924.289437,0.0,0.0,0.0,0.0,0.0,0.0,0,0
1779558924.320419,0.0,0.0,0.0,0.0,0.0,0.0,0,0
1779558924.351442,0.0,0.0,0.0,0.0,0.0,0.0,0,0
1779558924.382430,0.0,0.0,0.0,0.0,0.0,0.0,0,0
1779558924.413441,0.0,0.0,0.0,0.0,0.0,0.0,0,0
1779558924.430454,-0.00390625,-0.005859375,0.0,0.0546875,-0.01171875,-0.017578125,0,0
1779558924.446457,-0.005859375,-0.025390625,0.0,0.0546875,-0.01171875,-0.017578125,0,0
1779558924.462523,-0.005859375,-0.03515625,0.0,0.0546875,-0.01171875,-0.017578125,0,0
1779558924.470476,-0.005859375,-0.03515625,0.0,0.013671875,-0.01171875,-0.017578125,0,0
1779558924.478453,-0.005859375,-0.033203125,0.0,0.013671875,-0.01171875,-0.017578125,0,0
1779558924.486410,-0.005859375,-0.033203125,0.0,0.013671875,-0.01171875,-0.017578125,0,0
1779558924.494472,-0.005859375,-0.03515625,0.0,0.013671875,-0.01171875,-0.017578125,0,0
1779558924.502379,-0.005859375,-0.03515625,0.0,0.01171875,-0.01171875,-0.017578125,0,0
1779558924.510413,-0.03125,-0.048828125,0.0,0.01171875,-0.01171875,-0.017578125,0,0
1779558924.518395,-0.03125,-0.048828125,0.0,0.009765625,0.0,-0.017578125,0,0
1779558924.526391,-0.0859375,-0.076171875,0.0,0.009765625,0.0,-0.017578125,0,0
1779558924.534403,-0.0859375,-0.076171875,0.0,0.021484375,-0.021484375,-0.017578125,0,0
1779558924.542378,-0.138671875,-0.123046875,0.0,0.021484375,-0.021484375,-0.017578125,0,0
1779558924.550440,-0.138671875,-0.123046875,0.0,0.052734375,-0.0546875,-0.017578125,0,0
1779558924.558429,-0.162109375,-0.16015625,0.0,0.052734375,-0.0546875,-0.017578125,0,0
1779558924.566393,-0.162109375,-0.16015625,0.0,0.07421875,-0.060546875,-0.017578125,0,0
1779558924.574434,-0.181640625,-0.19921875,0.0,0.07421875,-0.060546875,-0.017578125,0,0
1779558924.582398,-0.181640625,-0.19921875,0.0,0.09375,-0.072265625,-0.017578125,0,0
1779558924.590414,-0.189453125,-0.22265625,0.0,0.09375,-0.072265625,-0.017578125,0,0
1779558924.598397,-0.189453125,-0.22265625,0.0,0.109375,-0.076171875,-0.017578125,0,0
1779558924.606425,-0.1953125,-0.23828125,0.0,0.109375,-0.076171875,-0.017578125,0,0
1779558924.614405,-0.1953125,-0.23828125,0.0,0.12109375,-0.080078125,-0.017578125,0,0
1779558924.622416,-0.212890625,-0.244140625,0.0,0.12109375,-0.080078125,-0.017578125,0,0
1779558924.630407,-0.212890625,-0.244140625,0.0,0.123046875,-0.0859375,-0.017578125,0,0
1779558924.638436,-0.2421875,-0.24609375,-0.00390625,0.123046875,-0.0859375,-0.017578125,0,0
1779558924.646401,-0.2421875,-0.24609375,-0.00390625,0.119140625,-0.1015625,-0.017578125,0,0
1779558924.654374,-0.259765625,-0.24609375,-0.0078125,0.119140625,-0.1015625,-0.017578125,0,0
1779558924.662429,-0.259765625,-0.24609375,-0.0078125,0.11328125,-0.109375,-0.017578125,0,0
1779558924.670433,-0.271484375,-0.2421875,-0.009765625,0.11328125,-0.109375,-0.017578125,0,0
1779558924.678447,-0.271484375,-0.2421875,-0.009765625,0.107421875,-0.115234375,-0.017578125,0,0
1779558924.686398,-0.26171875,-0.2421875,-0.00390625,0.107421875,-0.115234375,-0.017578125,0,0
1779558924.694414,-0.26171875,-0.2421875,-0.00390625,0.107421875,-0.115234375,-0.017578125,0,0
1779558924.702436,-0.24609375,-0.232421875,-0.00390625,0.107421875,-0.115234375,-0.017578125,0,0
1779558924.710410,-0.24609375,-0.232421875,-0.00390625,0.103515625,-0.10546875,-0.017578125,0,0
1779558924.718432,-0.228515625,-0.224609375,-0.00390625,0.103515625,-0.10546875,-0.017578125,0,0
1779558924.726431,-0.228515625,-0.224609375,-0.00390625,0.099609375,-0.09765625,-0.017578125,0,0
1779558924.734419,-0.20703125,-0.205078125,-0.00390625,0.099609375,-0.09765625,-0.017578125,0,0
1779558924.742365,-0.20703125,-0.205078125,-0.00390625,0.09765625,-0.08984375,-0.017578125,0,0
1779558924.750389,-0.166015625,-0.17578125,-0.00390625,0.09765625,-0.08984375,-0.017578125,0,0
1779558924.758439,-0.166015625,-0.17578125,-0.00390625,0.099609375,-0.0703125,-0.017578125,0,0
1779558924.766392,-0.119140625,-0.146484375,-0.00390625,0.099609375,-0.0703125,-0.017578125,0,0
1779558924.774418,-0.119140625,-0.146484375,-0.00390625,0.09375,-0.041015625,-0.017578125,0,0
1779558924.782387,-0.080078125,-0.111328125,-0.00390625,0.09375,-0.041015625,-0.017578125,0,0
1779558924.790427,-0.080078125,-0.111328125,-0.00390625,0.072265625,-0.01953125,-0.017578125,0,0
1779558924.798398,-0.05078125,-0.068359375,-0.00390625,0.072265625,-0.01953125,-0.017578125,0,0
1779558924.806422,-0.05078125,-0.068359375,-0.00390625,0.037109375,-0.005859375,-0.017578125,0,0
1779558924.814466,-0.033203125,-0.05078125,-0.00390625,0.037109375,-0.005859375,-0.017578125,0,0
1779558924.822409,-0.033203125,-0.05078125,-0.00390625,0.0234375,-0.005859375,-0.017578125,0,0
1779558924.830370,-0.033203125,-0.029296875,-0.00390625,0.0234375,-0.005859375,-0.017578125,0,0
1779558924.838427,-0.033203125,-0.029296875,-0.00390625,0.015625,-0.005859375,-0.017578125,0,0
1779558924.846454,-0.033203125,-0.015625,-0.00390625,0.015625,-0.005859375,-0.017578125,0,0
1779558924.854417,-0.033203125,-0.015625,-0.00390625,0.005859375,-0.005859375,-0.017578125,0,0
1779558924.862503,-0.033203125,0.0,-0.00390625,0.005859375,-0.005859375,-0.017578125,0,0
1779558924.878461,-0.033203125,0.0,-0.00390625,0.005859375,-0.005859375,-0.017578125,0,0
1779558924.894431,-0.025390625,0.0,-0.00390625,0.005859375,-0.005859375,-0.017578125,0,0
1779558924.910483,-0.0234375,0.0,-0.00390625,0.005859375,-0.005859375,-0.017578125,0,0
1779558924.926466,-0.021484375,0.0,-0.00390625,0.005859375,-0.005859375,-0.017578125,0,0
1779558924.934451,-0.021484375,0.0,-0.00390625,0.005859375,-0.005859375,0.00390625,0,0
1779558924.942476,-0.021484375,0.0,-0.00390625,0.005859375,-0.005859375,0.00390625,0,0
1779558924.950496,-0.021484375,0.0,-0.00390625,0.005859375,-0.005859375,0.00390625,0,0
1779558924.958480,-0.017578125,0.0,-0.00390625,0.005859375,-0.005859375,0.00390625,0,0
1779558924.966489,-0.017578125,0.0,-0.00390625,0.0,-0.005859375,0.0,0,0
1779558924.974416,-0.005859375,0.0,-0.00390625,0.0,-0.005859375,0.0,0,0
1779558924.982423,-0.005859375,0.0,-0.00390625,0.0,-0.005859375,0.0,0,0
1779558924.998439,-0.005859375,0.0,-0.00390625,0.00390625,-0.005859375,0.0,0,0
1779558925.014493,-0.005859375,0.0,-0.00390625,0.00390625,-0.005859375,0.0,0,0
1779558925.030402,-0.005859375,0.0,-0.00390625,0.009765625,-0.005859375,0.0,0,0
1779558925.046451,-0.005859375,0.0,-0.00390625,0.01171875,-0.005859375,0.0,0,0
1779558925.062504,-0.005859375,0.0,-0.00390625,0.013671875,-0.005859375,0.0,0,0
1779558925.078421,-0.005859375,0.0,-0.00390625,0.015625,-0.005859375,0.0,0,0
1779558925.094473,-0.005859375,0.0,-0.00390625,0.0078125,-0.005859375,0.0,0,0
1779558925.110438,-0.005859375,0.0,-0.00390625,0.005859375,-0.005859375,0.0,0,0
1779558925.140439,0.0,0.0,0.0,0.0,0.0,0.0,0,0
1779558925.171371,0.0,0.0,0.0,0.0,0.0,0.0,0,0
1779558925.174415,-0.005859375,0.0,-0.00390625,0.0,-0.005859375,0.0,0,0
1779558925.190428,-0.005859375,0.0,-0.00390625,0.005859375,-0.005859375,0.0,0,0
1779558925.198367,-0.00390625,0.0,-0.00390625,0.005859375,-0.005859375,0.0,0,0
1779558925.206455,-0.00390625,0.0,-0.00390625,0.01171875,-0.005859375,0.0,0,0
1779558925.214403,-0.01171875,0.0,-0.00390625,0.01171875,-0.005859375,0.0,0,0
1779558925.222462,-0.01171875,0.0,-0.00390625,0.01171875,-0.005859375,0.0,0,0
1779558925.252415,0.0,0.0,0.0,0.0,0.0,0.0,0,0
1779558925.283432,0.0,0.0,0.0,0.0,0.0,0.0,0,0
1779558925.294412,-0.01171875,0.0,-0.00390625,-0.009765625,-0.005859375,0.0,0,0
1779558925.302425,-0.013671875,0.0,-0.00390625,-0.009765625,-0.005859375,0.0,0,0
1779558925.310434,-0.013671875,0.0,-0.00390625,-0.046875,-0.005859375,0.0,0,0
1779558925.318407,-0.017578125,0.0,-0.00390625,-0.046875,-0.005859375,0.0,0,0
1779558925.326411,-0.017578125,0.0,-0.00390625,-0.05859375,-0.005859375,0.0,0,0
1779558925.334450,-0.0234375,0.0,0.015625,-0.05859375,-0.005859375,0.0,0,0
1779558925.342373,-0.0234375,0.0,0.015625,-0.0703125,-0.005859375,0.0,0,0
1779558925.350372,-0.033203125,0.0,0.04296875,-0.0703125,-0.005859375,0.0,0,0
1779558925.358378,-0.033203125,0.0,0.04296875,-0.0859375,-0.005859375,0.0,0,0
1779558925.366418,-0.029296875,0.0,0.08203125,-0.0859375,-0.005859375,0.0,0,0
1779558925.374444,-0.029296875,0.0,0.08203125,-0.099609375,-0.005859375,0.0,0,0
1779558925.382452,-0.015625,0.0,0.13671875,-0.099609375,-0.005859375,0.0,0,0
1779558925.390453,-0.015625,0.0,0.13671875,-0.109375,-0.005859375,-0.013671875,0,0
1779558925.398442,-0.009765625,0.0,0.181640625,-0.109375,-0.005859375,-0.013671875,0,0
1779558925.406522,-0.009765625,0.0,0.181640625,-0.115234375,-0.005859375,-0.01953125,0,0
1779558925.414405,-0.017578125,0.0,0.201171875,-0.115234375,-0.005859375,-0.01953125,0,0
1779558925.422467,-0.017578125,0.0,0.201171875,-0.119140625,-0.005859375,-0.02734375,0,0
1779558925.430485,-0.033203125,0.0,0.224609375,-0.119140625,-0.005859375,-0.02734375,0,0
1779558925.438489,-0.033203125,0.0,0.224609375,-0.13671875,-0.005859375,-0.033203125,0,0
1779558925.446465,-0.05859375,0.0,0.251953125,-0.13671875,-0.005859375,-0.033203125,0,0
1779558925.454467,-0.05859375,0.0,0.251953125,-0.15625,-0.005859375,-0.048828125,0,0
1779558925.462467,-0.07421875,0.0,0.279296875,-0.15625,-0.005859375,-0.048828125,0,0
1779558925.470488,-0.07421875,0.0,0.279296875,-0.173828125,-0.005859375,-0.0625,0,0
1779558925.478461,-0.095703125,0.0,0.30078125,-0.173828125,-0.005859375,-0.0625,0,0
1779558925.486400,-0.095703125,0.0,0.30078125,-0.189453125,-0.005859375,-0.072265625,0,0
1779558925.494390,-0.115234375,0.0,0.32421875,-0.189453125,-0.005859375,-0.072265625,0,0
1779558925.502404,-0.115234375,0.0,0.32421875,-0.19921875,-0.005859375,-0.080078125,0,0
1779558925.510450,-0.1171875,0.005859375,0.34375,-0.19921875,-0.005859375,-0.080078125,0,0
1779558925.518384,-0.1171875,0.005859375,0.34375,-0.19921875,-0.005859375,-0.0859375,0,0
1779558925.526474,-0.126953125,0.01171875,0.365234375,-0.19921875,-0.005859375,-0.0859375,0,0
1779558925.534465,-0.126953125,0.01171875,0.365234375,-0.193359375,-0.005859375,-0.091796875,0,0
1779558925.542459,-0.12890625,0.0234375,0.380859375,-0.193359375,-0.005859375,-0.091796875,0,0
1779558925.550472,-0.12890625,0.0234375,0.380859375,-0.1953125,-0.005859375,-0.099609375,0,0
1779558925.558496,-0.13671875,0.0390625,0.388671875,-0.1953125,-0.005859375,-0.099609375,0,0
1779558925.566431,-0.13671875,0.0390625,0.388671875,-0.203125,-0.005859375,-0.109375,0,0
1779558925.574475,-0.142578125,0.0546875,0.392578125,-0.203125,-0.005859375,-0.109375,0,0
1779558925.582471,-0.142578125,0.0546875,0.392578125,-0.2109375,0.0,-0.119140625,0,0
1779558925.590470,-0.146484375,0.068359375,0.39453125,-0.2109375,0.0,-0.119140625,0,0
1779558925.598375,-0.146484375,0.068359375,0.39453125,-0.21875,-0.005859375,-0.12890625,0,0
1779558925.606622,-0.154296875,0.078125,0.408203125,-0.21875,-0.005859375,-0.12890625,0,0
1779558925.614378,-0.154296875,0.078125,0.408203125,-0.224609375,-0.0078125,-0.13671875,0,0
1779558925.622402,-0.162109375,0.08203125,0.421875,-0.224609375,-0.0078125,-0.13671875,0,0
1779558925.630490,-0.162109375,0.08203125,0.421875,-0.224609375,-0.01171875,-0.142578125,0,0
1779558925.638391,-0.166015625,0.087890625,0.423828125,-0.224609375,-0.01171875,-0.142578125,0,0
1779558925.646487,-0.166015625,0.087890625,0.423828125,-0.22265625,-0.013671875,-0.1484375,0,0
1779558925.654424,-0.16796875,0.09375,0.431640625,-0.22265625,-0.013671875,-0.1484375,0,0
1779558925.662427,-0.16796875,0.09375,0.431640625,-0.216796875,-0.013671875,-0.15625,0,0
1779558925.670438,-0.16796875,0.099609375,0.435546875,-0.216796875,-0.013671875,-0.15625,0,0
1779558925.678401,-0.16796875,0.099609375,0.435546875,-0.212890625,-0.017578125,-0.16015625,0,0
1779558925.686447,-0.16796875,0.1015625,0.435546875,-0.212890625,-0.017578125,-0.16015625,0,0
1779558925.694491,-0.16796875,0.1015625,0.435546875,-0.20703125,-0.017578125,-0.162109375,0,0
1779558925.702405,-0.166015625,0.107421875,0.435546875,-0.20703125,-0.017578125,-0.162109375,0,0
1779558925.710411,-0.166015625,0.107421875,0.435546875,-0.205078125,-0.017578125,-0.1640625,0,0
1779558925.718403,-0.1640625,0.107421875,0.431640625,-0.205078125,-0.017578125,-0.1640625,0,0
1779558925.726435,-0.1640625,0.107421875,0.431640625,-0.19921875,-0.01953125,-0.1640625,0,0
1779558925.734441,-0.1640625,0.107421875,0.419921875,-0.19921875,-0.01953125,-0.1640625,0,0
1779558925.742462,-0.1640625,0.107421875,0.419921875,-0.19921875,-0.01953125,-0.1640625,0,0
1779558925.750378,-0.1640625,0.10546875,0.40234375,-0.19921875,-0.01953125,-0.1640625,0,0
1779558925.758462,-0.1640625,0.10546875,0.40234375,-0.1953125,-0.02734375,-0.162109375,0,0
1779558925.766450,-0.162109375,0.09765625,0.384765625,-0.1953125,-0.02734375,-0.162109375,0,0
1779558925.774429,-0.162109375,0.09765625,0.384765625,-0.185546875,-0.029296875,-0.158203125,0,0
1779558925.782400,-0.158203125,0.095703125,0.3671875,-0.185546875,-0.029296875,-0.158203125,0,0
1779558925.790430,-0.158203125,0.095703125,0.3671875,-0.173828125,-0.03125,-0.158203125,0,0
1779558925.798454,-0.158203125,0.095703125,0.35546875,-0.173828125,-0.03125,-0.158203125,0,0
1779558925.806544,-0.158203125,0.095703125,0.35546875,-0.16796875,-0.03515625,-0.158203125,0,0
1779558925.814482,-0.15625,0.095703125,0.3359375,-0.16796875,-0.03515625,-0.158203125,0,0
1779558925.822395,-0.15625,0.095703125,0.3359375,-0.169921875,-0.037109375,-0.154296875,0,0
1779558925.830444,-0.154296875,0.08984375,0.30859375,-0.169921875,-0.037109375,-0.154296875,0,0
1779558925.838404,-0.154296875,0.08984375,0.30859375,-0.1640625,-0.04296875,-0.1484375,0,0
1779558925.846400,-0.146484375,0.078125,0.2734375,-0.1640625,-0.04296875,-0.1484375,0,0
1779558925.854387,-0.146484375,0.078125,0.2734375,-0.154296875,-0.041015625,-0.138671875,0,0
1779558925.862412,-0.138671875,0.072265625,0.24609375,-0.154296875,-0.041015625,-0.138671875,0,0
1779558925.870393,-0.138671875,0.072265625,0.24609375,-0.142578125,-0.04296875,-0.130859375,0,0
1779558925.878489,-0.1171875,0.056640625,0.2109375,-0.142578125,-0.04296875,-0.130859375,0,0
1779558925.886475,-0.1171875,0.056640625,0.2109375,-0.123046875,-0.037109375,-0.1171875,0,0
1779558925.894398,-0.091796875,0.0390625,0.16796875,-0.123046875,-0.037109375,-0.1171875,0,0
1779558925.902401,-0.091796875,0.0390625,0.16796875,-0.091796875,-0.03125,-0.1015625,0,0
1779558925.910498,-0.0625,0.025390625,0.126953125,-0.091796875,-0.03125,-0.1015625,0,0
1779558925.918471,-0.0625,0.025390625,0.126953125,-0.052734375,-0.017578125,-0.087890625,0,0
1779558925.926424,-0.037109375,0.009765625,0.083984375,-0.052734375,-0.017578125,-0.087890625,0,0
1779558925.934415,-0.037109375,0.009765625,0.083984375,-0.01953125,-0.0078125,-0.06640625,0,0
1779558925.942441,-0.005859375,0.009765625,0.041015625,-0.01953125,-0.0078125,-0.06640625,0,0
1779558925.950433,-0.005859375,0.009765625,0.041015625,-0.00390625,-0.0078125,-0.03125,0,0
1779558925.958369,-0.005859375,0.009765625,0.005859375,-0.00390625,-0.0078125,-0.03125,0,0
1779558925.966367,-0.005859375,0.009765625,0.005859375,-0.009765625,-0.0078125,-0.03125,0,0
1779558925.996403,0.0,0.0,0.0,0.0,0.0,0.0,0,0
1779558926.027395,0.0,0.0,0.0,0.0,0.0,0.0,0,0
1779558926.058366,0.0,0.0,0.0,0.0,0.0,0.0,0,0
1779558926.089393,0.0,0.0,0.0,0.0,0.0,0.0,0,0
1779558926.120477,0.0,0.0,0.0,0.0,0.0,0.0,0,0
1779558926.126390,0.0,0.0,0.005859375,-0.009765625,-0.0078125,-0.03125,0,0
1779558926.142425,-0.025390625,-0.0546875,0.005859375,-0.009765625,-0.0078125,-0.03125,0,0
1779558926.158435,-0.06640625,-0.119140625,0.005859375,-0.009765625,-0.0078125,-0.03125,0,0
1779558926.166432,-0.06640625,-0.119140625,0.005859375,0.025390625,-0.0078125,-0.03125,0,0
1779558926.174423,-0.109375,-0.154296875,0.005859375,0.025390625,-0.0078125,-0.03125,0,0
1779558926.182489,-0.109375,-0.154296875,0.005859375,0.033203125,-0.0078125,-0.03125,0,0
1779558926.190481,-0.13671875,-0.169921875,0.005859375,0.033203125,-0.0078125,-0.03125,0,0
1779558926.198443,-0.13671875,-0.169921875,0.005859375,0.033203125,-0.0078125,-0.03125,0,0
1779558926.206516,-0.15625,-0.17578125,0.005859375,0.033203125,-0.0078125,-0.03125,0,0
1779558926.214538,-0.15625,-0.17578125,0.005859375,0.021484375,-0.013671875,-0.03125,0,0
1779558926.222516,-0.1875,-0.185546875,0.005859375,0.021484375,-0.013671875,-0.03125,0,0
1779558926.230431,-0.1875,-0.185546875,0.005859375,0.017578125,-0.0234375,-0.03125,0,0
1779558926.238414,-0.2265625,-0.20703125,0.005859375,0.017578125,-0.0234375,-0.03125,0,0
1779558926.246382,-0.2265625,-0.20703125,0.005859375,0.017578125,-0.0390625,-0.03125,0,0
1779558926.254385,-0.265625,-0.23828125,0.005859375,0.017578125,-0.0390625,-0.03125,0,0
1779558926.262370,-0.265625,-0.23828125,0.005859375,0.03125,-0.05859375,-0.03125,0,0
1779558926.270401,-0.296875,-0.271484375,0.005859375,0.03125,-0.05859375,-0.03125,0,0
1779558926.278429,-0.296875,-0.271484375,0.005859375,0.04296875,-0.076171875,-0.03125,0,0
1779558926.286390,-0.30859375,-0.298828125,0.005859375,0.04296875,-0.076171875,-0.03125,0,0
1779558926.294493,-0.30859375,-0.298828125,0.005859375,0.052734375,-0.0859375,-0.03125,0,0
1779558926.302458,-0.30859375,-0.30859375,0.005859375,0.052734375,-0.0859375,-0.03125,0,0
1779558926.310471,-0.30859375,-0.30859375,0.005859375,0.052734375,-0.0859375,-0.03125,0,0
1779558926.318408,-0.30859375,-0.306640625,0.005859375,0.052734375,-0.0859375,-0.03125,0,0
1779558926.326436,-0.30859375,-0.306640625,0.005859375,0.052734375,-0.0859375,-0.03125,0,0
1779558926.334412,-0.322265625,-0.302734375,0.005859375,0.052734375,-0.0859375,-0.03125,0,0
1779558926.342432,-0.322265625,-0.302734375,0.005859375,0.056640625,-0.08984375,-0.03125,0,0
1779558926.350422,-0.333984375,-0.294921875,0.005859375,0.056640625,-0.08984375,-0.03125,0,0
1779558926.358439,-0.333984375,-0.294921875,0.005859375,0.056640625,-0.095703125,-0.03125,0,0
1779558926.366450,-0.345703125,-0.294921875,0.005859375,0.056640625,-0.095703125,-0.03125,0,0
1779558926.374444,-0.345703125,-0.294921875,0.005859375,0.060546875,-0.103515625,-0.03125,0,0
1779558926.382406,-0.3515625,-0.29296875,0.005859375,0.060546875,-0.103515625,-0.03125,0,0
1779558926.390458,-0.3515625,-0.29296875,0.005859375,0.06640625,-0.111328125,-0.03125,0,0
1779558926.398425,-0.3359375,-0.28125,0.005859375,0.06640625,-0.111328125,-0.03125,0,0
1779558926.406400,-0.3359375,-0.28125,0.005859375,0.06640625,-0.11328125,-0.03125,0,0
1779558926.414372,-0.3203125,-0.2734375,0.005859375,0.06640625,-0.11328125,-0.03125,0,0
1779558926.422359,-0.3203125,-0.2734375,0.005859375,0.0703125,-0.11328125,-0.03125,0,0
1779558926.430389,-0.2890625,-0.2578125,0.005859375,0.0703125,-0.11328125,-0.03125,0,0
1779558926.438390,-0.2890625,-0.2578125,0.005859375,0.07421875,-0.10546875,-0.03125,0,0
1779558926.446493,-0.255859375,-0.23828125,0.005859375,0.07421875,-0.10546875,-0.03125,0,0
1779558926.454477,-0.255859375,-0.23828125,0.005859375,0.08203125,-0.099609375,-0.03125,0,0
1779558926.462494,-0.224609375,-0.2109375,0.005859375,0.08203125,-0.099609375,-0.03125,0,0
1779558926.470416,-0.224609375,-0.2109375,0.005859375,0.087890625,-0.091796875,-0.03125,0,0
1779558926.478453,-0.197265625,-0.17578125,0.005859375,0.087890625,-0.091796875,-0.03125,0,0
1779558926.486495,-0.197265625,-0.17578125,0.005859375,0.087890625,-0.083984375,-0.03125,0,0
1779558926.494484,-0.16796875,-0.130859375,0.005859375,0.087890625,-0.083984375,-0.03125,0,0
1779558926.502430,-0.16796875,-0.130859375,0.005859375,0.08203125,-0.078125,-0.03125,0,0
1779558926.510490,-0.140625,-0.0859375,0.005859375,0.08203125,-0.078125,-0.03125,0,0
1779558926.518458,-0.140625,-0.0859375,0.005859375,0.05859375,-0.0703125,-0.03125,0,0
1779558926.526526,-0.1171875,-0.033203125,0.005859375,0.05859375,-0.0703125,-0.03125,0,0
1779558926.534467,-0.1171875,-0.033203125,0.005859375,0.021484375,-0.048828125,-0.03125,0,0
1779558926.542380,-0.107421875,-0.033203125,0.005859375,0.021484375,-0.048828125,-0.03125,0,0
1779558926.550438,-0.107421875,-0.033203125,0.005859375,0.021484375,-0.04296875,-0.03125,0,0
1779558926.558449,-0.0859375,-0.033203125,0.005859375,0.021484375,-0.04296875,-0.03125,0,0
1779558926.566423,-0.0859375,-0.033203125,0.005859375,0.021484375,-0.02734375,-0.03125,0,0
1779558926.574427,-0.060546875,-0.033203125,0.005859375,0.021484375,-0.02734375,-0.03125,0,0
1779558926.582487,-0.060546875,-0.033203125,0.005859375,0.021484375,0.0,-0.03125,0,0
1779558926.590441,-0.041015625,-0.033203125,0.005859375,0.021484375,0.0,-0.03125,0,0
1779558926.606481,-0.025390625,-0.033203125,0.005859375,0.021484375,0.0,-0.03125,0,0
1779558926.636467,0.0,0.0,0.0,0.0,0.0,0.0,0,0
1779558926.667452,0.0,0.0,0.0,0.0,0.0,0.0,0,0
1779558926.698450,0.0,0.0,0.0,0.0,0.0,0.0,0,0
1779558926.729382,0.0,0.0,0.0,0.0,0.0,0.0,0,0
1779558926.760379,0.0,0.0,0.0,0.0,0.0,0.0,0,0
1779558926.791421,0.0,0.0,0.0,0.0,0.0,0.0,0,0
1779558926.822485,0.0,0.0,0.0,0.0,0.0,0.0,0,0
1779558926.846421,0.013671875,-0.033203125,0.005859375,0.021484375,0.0,-0.03125,0,0
1779558926.862510,0.052734375,-0.033203125,0.005859375,0.021484375,0.0,-0.03125,0,0
1779558926.878470,0.0859375,-0.033203125,0.005859375,0.021484375,0.0,-0.03125,0,0
1779558926.886422,0.0859375,-0.033203125,0.005859375,0.021484375,0.00390625,-0.03125,0,0
1779558926.894428,0.109375,-0.033203125,0.005859375,0.021484375,0.00390625,-0.03125,0,0
1779558926.902460,0.109375,-0.033203125,0.005859375,0.021484375,0.01171875,-0.03125,0,0
1779558926.910467,0.125,-0.033203125,0.005859375,0.021484375,0.01171875,-0.03125,0,0
1779558926.918463,0.125,-0.033203125,0.005859375,0.021484375,0.013671875,-0.03125,0,0
1779558926.926414,0.15234375,-0.033203125,0.005859375,0.021484375,0.013671875,-0.03125,0,0
1779558926.934397,0.15234375,-0.033203125,0.005859375,0.0,0.021484375,-0.03125,0,0
1779558926.942509,0.1875,-0.033203125,0.005859375,0.0,0.021484375,-0.03125,0,0
1779558926.950443,0.1875,-0.033203125,0.005859375,0.0078125,0.033203125,-0.03125,0,0
1779558926.958405,0.2265625,-0.033203125,0.005859375,0.0078125,0.033203125,-0.03125,0,0
1779558926.966421,0.2265625,-0.033203125,0.005859375,0.013671875,0.044921875,-0.03125,0,0
1779558926.974425,0.25390625,-0.033203125,0.005859375,0.013671875,0.044921875,-0.03125,0,0
1779558926.982431,0.25390625,-0.033203125,0.005859375,0.013671875,0.052734375,-0.03125,0,0
1779558926.990400,0.271484375,-0.033203125,0.005859375,0.013671875,0.052734375,-0.03125,0,0
1779558926.998412,0.271484375,-0.033203125,0.005859375,0.01171875,0.0546875,-0.03125,0,0
1779558927.006439,0.283203125,-0.033203125,0.005859375,0.01171875,0.0546875,-0.03125,0,0
1779558927.014475,0.283203125,-0.033203125,0.005859375,0.00390625,0.05859375,-0.03125,0,0
1779558927.022455,0.291015625,-0.033203125,0.005859375,0.00390625,0.05859375,-0.03125,0,0
1779558927.030542,0.291015625,-0.033203125,0.005859375,0.00390625,0.0625,-0.03125,0,0
1779558927.038477,0.3046875,-0.033203125,0.005859375,0.00390625,0.0625,-0.03125,0,0
1779558927.046527,0.3046875,-0.033203125,0.005859375,0.00390625,0.068359375,-0.03125,0,0
1779558927.054493,0.314453125,-0.033203125,0.005859375,0.00390625,0.068359375,-0.03125,0,0
1779558927.062436,0.314453125,-0.033203125,0.005859375,0.00390625,0.072265625,-0.03125,0,0
1779558927.070468,0.32421875,-0.033203125,0.005859375,0.00390625,0.072265625,-0.03125,0,0
1779558927.078450,0.32421875,-0.033203125,0.005859375,0.00390625,0.076171875,-0.03125,0,0
1779558927.086365,0.32421875,-0.033203125,0.005859375,0.00390625,0.076171875,-0.03125,0,0
1779558927.094464,0.32421875,-0.033203125,0.005859375,0.00390625,0.080078125,-0.03125,0,0
1779558927.102440,0.322265625,-0.033203125,0.005859375,0.00390625,0.080078125,-0.03125,0,0
1779558927.110404,0.322265625,-0.033203125,0.005859375,0.00390625,0.080078125,-0.03125,0,0
1779558927.118476,0.31640625,-0.033203125,0.005859375,0.00390625,0.080078125,-0.03125,0,0
1779558927.126486,0.31640625,-0.033203125,0.005859375,0.00390625,0.080078125,-0.03125,0,0
1779558927.134435,0.314453125,-0.033203125,0.005859375,0.00390625,0.080078125,-0.03125,0,0
1779558927.142437,0.314453125,-0.033203125,0.005859375,0.00390625,0.080078125,-0.03125,0,0
1779558927.150470,0.30859375,-0.033203125,0.005859375,0.00390625,0.080078125,-0.03125,0,0
1779558927.158459,0.30859375,-0.033203125,0.005859375,0.00390625,0.076171875,-0.03125,0,0
1779558927.166412,0.30859375,-0.033203125,0.005859375,0.00390625,0.076171875,-0.03125,0,0
1779558927.174446,0.30859375,-0.033203125,0.005859375,0.00390625,0.076171875,-0.03125,0,0
1779558927.182416,0.30859375,-0.033203125,0.005859375,0.00390625,0.076171875,-0.03125,0,0
1779558927.190380,0.30859375,-0.033203125,0.005859375,0.00390625,0.076171875,-0.03125,0,0
1779558927.198451,0.30859375,-0.033203125,0.005859375,0.00390625,0.076171875,-0.03125,0,0
1779558927.206447,0.30859375,-0.033203125,0.005859375,0.00390625,0.080078125,-0.03125,0,0
1779558927.214431,0.306640625,-0.033203125,0.005859375,0.00390625,0.080078125,-0.03125,0,0
1779558927.222389,0.306640625,-0.033203125,0.005859375,0.00390625,0.080078125,-0.03125,0,0
1779558927.230384,0.30078125,-0.00390625,0.005859375,0.00390625,0.080078125,-0.03125,0,0
1779558927.238401,0.30078125,-0.00390625,0.005859375,0.005859375,0.076171875,-0.03125,0,0
1779558927.246382,0.296875,-0.015625,0.005859375,0.005859375,0.076171875,-0.03125,0,0
1779558927.254399,0.296875,-0.015625,0.005859375,0.009765625,0.07421875,-0.03125,0,0
1779558927.262494,0.28515625,-0.025390625,0.005859375,0.009765625,0.07421875,-0.03125,0,0
1779558927.270480,0.28515625,-0.025390625,0.005859375,0.01171875,0.0703125,-0.03125,0,0
1779558927.278425,0.2734375,-0.033203125,0.005859375,0.01171875,0.0703125,-0.03125,0,0
1779558927.286404,0.2734375,-0.033203125,0.005859375,0.01171875,0.064453125,-0.03125,0,0
1779558927.294426,0.259765625,-0.04296875,0.005859375,0.01171875,0.064453125,-0.03125,0,0
1779558927.302361,0.259765625,-0.04296875,0.005859375,0.009765625,0.05859375,-0.03125,0,0
1779558927.310361,0.24609375,-0.046875,0.005859375,0.009765625,0.05859375,-0.03125,0,0
1779558927.318431,0.24609375,-0.046875,0.005859375,0.005859375,0.05078125,-0.03125,0,0
1779558927.326363,0.228515625,-0.052734375,0.005859375,0.005859375,0.05078125,-0.03125,0,0
1779558927.334386,0.228515625,-0.052734375,0.005859375,0.0078125,0.048828125,-0.03125,0,0
1779558927.342415,0.208984375,-0.056640625,0.005859375,0.0078125,0.048828125,-0.03125,0,0
1779558927.350399,0.208984375,-0.056640625,0.005859375,0.0078125,0.041015625,-0.03125,0,0
1779558927.358408,0.189453125,-0.064453125,0.005859375,0.0078125,0.041015625,-0.03125,0,0
1779558927.366380,0.189453125,-0.064453125,0.005859375,0.01171875,0.037109375,-0.03125,0,0
1779558927.374455,0.1640625,-0.06640625,0.005859375,0.01171875,0.037109375,-0.03125,0,0
1779558927.382404,0.1640625,-0.06640625,0.005859375,0.01953125,0.029296875,-0.03125,0,0
1779558927.390457,0.146484375,-0.068359375,0.005859375,0.01953125,0.029296875,-0.03125,0,0
1779558927.398424,0.146484375,-0.068359375,0.005859375,0.025390625,0.025390625,-0.03125,0,0
1779558927.406438,0.12890625,-0.068359375,0.005859375,0.025390625,0.025390625,-0.03125,0,0
1779558927.414428,0.12890625,-0.068359375,0.005859375,0.03125,0.0234375,-0.03125,0,0
1779558927.422399,0.11328125,-0.060546875,0.005859375,0.03125,0.0234375,-0.03125,0,0
1779558927.430380,0.11328125,-0.060546875,0.005859375,0.029296875,0.017578125,-0.03125,0,0
1779558927.438491,0.09375,-0.056640625,0.005859375,0.029296875,0.017578125,-0.03125,0,0
1779558927.446460,0.09375,-0.056640625,0.005859375,0.03125,0.015625,-0.03125,0,0
1779558927.454403,0.080078125,-0.046875,0.005859375,0.03125,0.015625,-0.03125,0,0
1779558927.462456,0.080078125,-0.046875,0.005859375,0.029296875,0.009765625,-0.03125,0,0
1779558927.470503,0.06640625,-0.037109375,0.005859375,0.029296875,0.009765625,-0.03125,0,0
1779558927.478419,0.06640625,-0.037109375,0.005859375,0.0234375,0.0,-0.03125,0,0
1779558927.486406,0.05859375,-0.029296875,0.005859375,0.0234375,0.0,-0.03125,0,0
1779558927.494455,0.05859375,-0.029296875,0.005859375,0.01953125,0.0,-0.03125,0,0
1779558927.502407,0.048828125,-0.0234375,0.005859375,0.01953125,0.0,-0.03125,0,0
1779558927.510436,0.048828125,-0.0234375,0.005859375,0.017578125,0.0,-0.03125,0,0
1779558927.518445,0.048828125,-0.017578125,0.005859375,0.017578125,0.0,-0.03125,0,0
1779558927.526435,0.048828125,-0.017578125,0.005859375,0.01953125,0.0,-0.03125,0,0
1779558927.534436,0.056640625,-0.013671875,0.005859375,0.01953125,0.0,-0.03125,0,0
1779558927.542409,0.056640625,-0.013671875,0.005859375,0.01953125,0.0,-0.03125,0,0
1779558927.550493,0.076171875,-0.005859375,0.005859375,0.01953125,0.0,-0.03125,0,0
1779558927.558419,0.076171875,-0.005859375,0.005859375,0.02734375,0.01171875,-0.03125,0,0
1779558927.566455,0.103515625,-0.005859375,0.009765625,0.02734375,0.01171875,-0.03125,0,0
1779558927.574511,0.103515625,-0.005859375,0.009765625,0.03125,0.0234375,-0.03125,0,0
1779558927.582474,0.17578125,-0.005859375,0.025390625,0.03125,0.0234375,-0.03125,0,0
1779558927.590505,0.17578125,-0.005859375,0.025390625,0.033203125,0.046875,-0.03125,0,0
1779558927.598402,0.26171875,-0.005859375,0.021484375,0.033203125,0.046875,-0.03125,0,0
1779558927.606436,0.26171875,-0.005859375,0.021484375,0.01953125,0.06640625,0.0234375,0,0
1779558927.614454,0.296875,-0.005859375,0.0078125,0.01953125,0.06640625,0.0234375,0,0
1779558927.622454,0.296875,-0.005859375,0.0078125,0.0078125,0.0703125,0.0703125,0,0
1779558927.630448,0.3046875,0.00390625,0.0078125,0.0078125,0.0703125,0.0703125,0,0
1779558927.638485,0.3046875,0.00390625,0.0078125,0.009765625,0.0703125,0.083984375,0,0
1779558927.646490,0.306640625,0.052734375,0.005859375,0.009765625,0.0703125,0.083984375,0,0
1779558927.654455,0.306640625,0.052734375,0.005859375,0.0,0.076171875,0.08984375,0,0
1779558927.662493,0.314453125,0.111328125,0.009765625,0.0,0.076171875,0.08984375,0,0
1779558927.670487,0.314453125,0.111328125,0.009765625,0.0,0.083984375,0.08984375,0,0
1779558927.678478,0.328125,0.126953125,0.009765625,0.0,0.083984375,0.08984375,0,0
1779558927.686425,0.328125,0.126953125,0.009765625,0.0,0.091796875,0.0859375,0,0
1779558927.694436,0.359375,0.138671875,0.015625,0.0,0.091796875,0.0859375,0,0
1779558927.702436,0.359375,0.138671875,0.015625,0.0,0.107421875,0.083984375,0,0
1779558927.710424,0.384765625,0.146484375,0.015625,0.0,0.107421875,0.083984375,0,0
1779558927.718378,0.384765625,0.146484375,0.015625,0.0,0.115234375,0.080078125,0,0
1779558927.726426,0.40234375,0.15234375,0.021484375,0.0,0.115234375,0.080078125,0,0
1779558927.734429,0.40234375,0.15234375,0.021484375,0.0,0.125,0.07421875,0,0
1779558927.742434,0.41015625,0.154296875,0.021484375,0.0,0.125,0.07421875,0,0
1779558927.750471,0.41015625,0.154296875,0.021484375,0.0,0.130859375,0.06640625,0,0
1779558927.758426,0.416015625,0.15234375,0.0234375,0.0,0.130859375,0.06640625,0,0
1779558927.766444,0.416015625,0.15234375,0.0234375,0.0,0.134765625,0.060546875,0,0
1779558927.774444,0.423828125,0.146484375,0.021484375,0.0,0.134765625,0.060546875,0,0
1779558927.782478,0.423828125,0.146484375,0.021484375,0.0,0.13671875,0.060546875,0,0
1779558927.790467,0.43359375,0.146484375,0.021484375,0.0,0.13671875,0.060546875,0,0
1779558927.798387,0.43359375,0.146484375,0.021484375,0.0,0.140625,0.060546875,0,0
1779558927.806425,0.44140625,0.146484375,0.021484375,0.0,0.140625,0.060546875,0,0
1779558927.814443,0.44140625,0.146484375,0.021484375,0.0,0.14453125,0.060546875,0,0
1779558927.822433,0.443359375,0.146484375,0.01953125,0.0,0.14453125,0.060546875,0,0
1779558927.830415,0.443359375,0.146484375,0.01953125,0.0,0.14453125,0.060546875,0,0
1779558927.838447,0.451171875,0.146484375,0.015625,0.0,0.14453125,0.060546875,0,0
1779558927.846431,0.451171875,0.146484375,0.015625,0.0,0.146484375,0.068359375,0,0
1779558927.854413,0.4609375,0.146484375,0.013671875,0.0,0.146484375,0.068359375,0,0
1779558927.862424,0.4609375,0.146484375,0.013671875,0.0,0.146484375,0.076171875,0,0
1779558927.870421,0.4609375,0.150390625,0.013671875,0.0,0.146484375,0.076171875,0,0
1779558927.878458,0.4609375,0.150390625,0.013671875,0.0,0.146484375,0.078125,0,0
1779558927.886438,0.458984375,0.150390625,0.013671875,0.0,0.146484375,0.078125,0,0
1779558927.894457,0.458984375,0.150390625,0.013671875,0.0,0.14453125,0.078125,0,0
1779558927.902496,0.45703125,0.15234375,0.013671875,0.0,0.14453125,0.078125,0,0
1779558927.910495,0.45703125,0.15234375,0.013671875,0.0,0.14453125,0.078125,0,0
1779558927.918402,0.45703125,0.15234375,0.015625,0.0,0.14453125,0.078125,0,0
1779558927.926394,0.45703125,0.15234375,0.015625,0.0,0.14453125,0.076171875,0,0
1779558927.934410,0.45703125,0.154296875,0.0234375,0.0,0.14453125,0.076171875,0,0
1779558927.942471,0.45703125,0.154296875,0.0234375,0.0,0.1484375,0.0703125,0,0
1779558927.950477,0.46484375,0.16015625,0.029296875,0.0,0.1484375,0.0703125,0,0
1779558927.958453,0.46484375,0.16015625,0.029296875,-0.00390625,0.15625,0.068359375,0,0
1779558927.966471,0.474609375,0.16015625,0.03125,-0.00390625,0.15625,0.068359375,0,0
1779558927.974404,0.474609375,0.16015625,0.03125,-0.00390625,0.1640625,0.06640625,0,0
1779558927.982406,0.4765625,0.162109375,0.029296875,-0.00390625,0.1640625,0.06640625,0,0
1779558927.990407,0.4765625,0.162109375,0.029296875,-0.00390625,0.166015625,0.06640625,0,0
1779558927.998429,0.474609375,0.1640625,0.02734375,-0.00390625,0.166015625,0.06640625,0,0
1779558928.006429,0.474609375,0.1640625,0.02734375,-0.00390625,0.166015625,0.06640625,0,0
1779558928.014492,0.470703125,0.166015625,0.025390625,-0.00390625,0.166015625,0.06640625,0,0
1779558928.022488,0.470703125,0.166015625,0.025390625,-0.005859375,0.1640625,0.06640625,0,0
1779558928.030471,0.470703125,0.17578125,0.025390625,-0.005859375,0.1640625,0.06640625,0,0
1779558928.038418,0.470703125,0.17578125,0.025390625,-0.013671875,0.166015625,0.064453125,0,0
1779558928.046392,0.47265625,0.1875,0.02734375,-0.013671875,0.166015625,0.064453125,0,0
1779558928.054407,0.47265625,0.1875,0.02734375,-0.017578125,0.16796875,0.060546875,0,0
1779558928.062416,0.47265625,0.197265625,0.029296875,-0.017578125,0.16796875,0.060546875,0,0
1779558928.070394,0.47265625,0.197265625,0.029296875,-0.025390625,0.169921875,0.05859375,0,0
1779558928.078405,0.46875,0.197265625,0.03515625,-0.025390625,0.169921875,0.05859375,0,0
1779558928.086377,0.46875,0.197265625,0.03515625,-0.025390625,0.171875,0.0546875,0,0
1779558928.094363,0.4609375,0.197265625,0.03515625,-0.025390625,0.171875,0.0546875,0,0
1779558928.102366,0.4609375,0.197265625,0.03515625,-0.025390625,0.169921875,0.052734375,0,0
1779558928.110477,0.455078125,0.193359375,0.03515625,-0.025390625,0.169921875,0.052734375,0,0
1779558928.118359,0.455078125,0.193359375,0.03515625,-0.01953125,0.16796875,0.052734375,0,0
1779558928.126372,0.455078125,0.19140625,0.033203125,-0.01953125,0.16796875,0.052734375,0,0
1779558928.134382,0.455078125,0.19140625,0.033203125,-0.01953125,0.16796875,0.052734375,0,0
1779558928.142413,0.462890625,0.19140625,0.025390625,-0.01953125,0.16796875,0.052734375,0,0
1779558928.150398,0.462890625,0.19140625,0.025390625,-0.01953125,0.16796875,0.056640625,0,0
1779558928.158436,0.47265625,0.19921875,0.0234375,-0.01953125,0.16796875,0.056640625,0,0
1779558928.166366,0.47265625,0.19921875,0.0234375,-0.025390625,0.173828125,0.060546875,0,0
1779558928.174381,0.48046875,0.20703125,0.0234375,-0.025390625,0.173828125,0.060546875,0,0
1779558928.182395,0.48046875,0.20703125,0.0234375,-0.033203125,0.177734375,0.0625,0,0
1779558928.190404,0.48046875,0.212890625,0.025390625,-0.033203125,0.177734375,0.0625,0,0
1779558928.198479,0.48046875,0.212890625,0.025390625,-0.037109375,0.177734375,0.0625,0,0
1779558928.206465,0.48046875,0.21484375,0.025390625,-0.037109375,0.177734375,0.0625,0,0
1779558928.214430,0.48046875,0.21484375,0.025390625,-0.041015625,0.1796875,0.0625,0,0
1779558928.222412,0.4765625,0.21875,0.0234375,-0.041015625,0.1796875,0.0625,0,0
1779558928.230395,0.4765625,0.21875,0.0234375,-0.046875,0.1796875,0.0625,0,0
1779558928.238423,0.474609375,0.22265625,0.025390625,-0.046875,0.1796875,0.0625,0,0
1779558928.246406,0.474609375,0.22265625,0.025390625,-0.048828125,0.1796875,0.060546875,0,0
1779558928.254412,0.474609375,0.2265625,0.02734375,-0.048828125,0.1796875,0.060546875,0,0
1779558928.262401,0.474609375,0.2265625,0.02734375,-0.05078125,0.181640625,0.05859375,0,0
1779558928.270395,0.4765625,0.23046875,0.02734375,-0.05078125,0.181640625,0.05859375,0,0
1779558928.278414,0.4765625,0.23046875,0.02734375,-0.052734375,0.185546875,0.05859375,0,0
1779558928.286466,0.474609375,0.228515625,0.025390625,-0.052734375,0.185546875,0.05859375,0,0
1779558928.294488,0.474609375,0.228515625,0.025390625,-0.05078125,0.181640625,0.060546875,0,0
1779558928.302430,0.46875,0.208984375,0.025390625,-0.05078125,0.181640625,0.060546875,0,0
1779558928.310436,0.46875,0.208984375,0.025390625,-0.0390625,0.1796875,0.068359375,0,0
1779558928.318409,0.4453125,0.177734375,0.033203125,-0.0390625,0.1796875,0.068359375,0,0
1779558928.326482,0.4453125,0.177734375,0.033203125,-0.021484375,0.171875,0.08203125,0,0
1779558928.334483,0.40234375,0.138671875,0.033203125,-0.021484375,0.171875,0.08203125,0,0
1779558928.342428,0.40234375,0.138671875,0.033203125,-0.021484375,0.162109375,0.099609375,0,0
1779558928.350363,0.359375,0.115234375,0.03125,-0.021484375,0.162109375,0.099609375,0,0
1779558928.358406,0.359375,0.115234375,0.03125,-0.021484375,0.14453125,0.111328125,0,0
1779558928.366390,0.330078125,0.1015625,0.03125,-0.021484375,0.14453125,0.111328125,0,0
1779558928.374445,0.330078125,0.1015625,0.03125,-0.021484375,0.134765625,0.115234375,0,0
1779558928.382424,0.298828125,0.078125,0.0390625,-0.021484375,0.134765625,0.115234375,0,0
1779558928.390473,0.298828125,0.078125,0.0390625,-0.021484375,0.126953125,0.11328125,0,0
1779558928.398440,0.24609375,0.05078125,0.04296875,-0.021484375,0.126953125,0.11328125,0,0
1779558928.406490,0.24609375,0.05078125,0.04296875,-0.021484375,0.1171875,0.09765625,0,0
1779558928.414453,0.1875,0.025390625,0.037109375,-0.021484375,0.1171875,0.09765625,0,0
1779558928.422415,0.1875,0.025390625,0.037109375,-0.021484375,0.09765625,0.068359375,0,0
1779558928.430479,0.09375,0.025390625,0.015625,-0.021484375,0.09765625,0.068359375,0,0
1779558928.438468,0.09375,0.025390625,0.015625,-0.021484375,0.056640625,0.025390625,0,0
1779558928.446496,0.009765625,0.025390625,0.015625,-0.021484375,0.056640625,0.025390625,0,0
1779558928.454485,0.009765625,0.025390625,0.015625,-0.021484375,0.005859375,0.025390625,0,0
1779558928.484476,0.0,0.0,0.0,0.0,0.0,0.0,0,0
1779558928.515459,0.0,0.0,0.0,0.0,0.0,0.0,0,0
1779558928.546459,0.0,0.0,0.0,0.0,0.0,0.0,0,0
1779558928.577456,0.0,0.0,0.0,0.0,0.0,0.0,0,0
1779558928.608386,0.0,0.0,0.0,0.0,0.0,0.0,0,0
1779558928.622395,0.0,0.025390625,0.015625,-0.021484375,0.005859375,0.025390625,0,0
1779558928.638418,-0.021484375,0.025390625,0.015625,-0.021484375,0.005859375,0.025390625,0,0
1779558928.654488,-0.033203125,0.025390625,0.015625,-0.021484375,0.005859375,0.025390625,0,0
1779558928.670509,-0.033203125,0.025390625,0.00390625,-0.021484375,0.005859375,0.025390625,0,0
1779558928.686388,-0.03125,0.025390625,0.00390625,-0.021484375,0.005859375,0.025390625,0,0
1779558928.702486,-0.025390625,0.025390625,0.00390625,-0.021484375,0.005859375,0.025390625,0,0
1779558928.718491,-0.013671875,0.025390625,0.005859375,-0.021484375,0.005859375,0.025390625,0,0
1779558928.734418,0.0,0.025390625,0.005859375,-0.021484375,0.005859375,0.025390625,0,0
1779558928.750437,0.0,-0.009765625,0.00390625,-0.021484375,0.005859375,0.025390625,0,0
1779558928.766499,0.0,-0.013671875,0.00390625,-0.021484375,0.005859375,0.025390625,0,0
1779558928.782497,0.0,-0.01953125,0.00390625,-0.021484375,0.005859375,0.025390625,0,0
1779558928.798492,0.0,-0.0234375,0.00390625,-0.021484375,0.005859375,0.025390625,0,0
1779558928.814458,0.0,-0.033203125,0.00390625,-0.021484375,0.005859375,0.025390625,0,0
1779558928.830463,0.0,-0.046875,0.00390625,-0.021484375,0.005859375,0.025390625,0,0
1779558928.846394,0.0,-0.06640625,0.00390625,-0.021484375,0.005859375,0.025390625,0,0
1779558928.854382,0.0,-0.06640625,0.00390625,-0.021484375,-0.005859375,0.025390625,0,0
1779558928.862380,0.0,-0.095703125,0.00390625,-0.021484375,-0.005859375,0.025390625,0,0
1779558928.870385,0.0,-0.095703125,0.00390625,-0.021484375,-0.01953125,0.025390625,0,0
1779558928.878407,0.0,-0.126953125,-0.01171875,-0.021484375,-0.01953125,0.025390625,0,0
1779558928.886374,0.0,-0.126953125,-0.01171875,-0.009765625,-0.02734375,0.025390625,0,0
1779558928.894408,0.0,-0.169921875,-0.0390625,-0.009765625,-0.02734375,0.025390625,0,0
1779558928.902363,0.0,-0.169921875,-0.0390625,-0.029296875,-0.03515625,0.025390625,0,0
1779558928.910442,0.0,-0.203125,-0.056640625,-0.029296875,-0.03515625,0.025390625,0,0
1779558928.918405,0.0,-0.203125,-0.056640625,-0.037109375,-0.0390625,0.025390625,0,0
1779558928.926453,0.0,-0.22265625,-0.0703125,-0.037109375,-0.0390625,0.025390625,0,0
1779558928.934386,0.0,-0.22265625,-0.0703125,-0.044921875,-0.044921875,0.025390625,0,0
1779558928.942447,0.0,-0.25390625,-0.0859375,-0.044921875,-0.044921875,0.025390625,0,0
1779558928.950409,0.0,-0.25390625,-0.0859375,-0.046875,-0.046875,0.025390625,0,0
1779558928.958390,0.0,-0.27734375,-0.103515625,-0.046875,-0.046875,0.025390625,0,0
1779558928.966418,0.0,-0.27734375,-0.103515625,-0.046875,-0.048828125,0.025390625,0,0
1779558928.974432,0.0,-0.29296875,-0.11328125,-0.046875,-0.048828125,0.025390625,0,0
1779558928.982464,0.0,-0.29296875,-0.11328125,-0.046875,-0.05078125,0.025390625,0,0
1779558928.990477,0.0,-0.294921875,-0.115234375,-0.046875,-0.05078125,0.025390625,0,0
1779558928.998450,0.0,-0.294921875,-0.115234375,-0.05078125,-0.048828125,0.025390625,0,0
1779558929.006480,0.00390625,-0.29296875,-0.1171875,-0.05078125,-0.048828125,0.025390625,0,0
1779558929.014399,0.00390625,-0.29296875,-0.1171875,-0.052734375,-0.05078125,0.025390625,0,0
1779558929.022388,0.005859375,-0.28515625,-0.115234375,-0.052734375,-0.05078125,0.025390625,0,0
1779558929.030458,0.005859375,-0.28515625,-0.115234375,-0.056640625,-0.048828125,0.025390625,0,0
1779558929.038391,0.009765625,-0.26953125,-0.103515625,-0.056640625,-0.048828125,0.025390625,0,0
1779558929.046417,0.009765625,-0.26953125,-0.103515625,-0.05859375,-0.044921875,0.025390625,0,0
1779558929.054417,0.01171875,-0.25,-0.083984375,-0.05859375,-0.044921875,0.025390625,0,0
1779558929.062428,0.01171875,-0.25,-0.083984375,-0.0546875,-0.03515625,0.025390625,0,0
1779558929.070375,0.015625,-0.21875,-0.0625,-0.0546875,-0.03515625,0.025390625,0,0
1779558929.078449,0.015625,-0.21875,-0.0625,-0.048828125,-0.01953125,0.025390625,0,0
1779558929.086372,0.015625,-0.1875,-0.03125,-0.048828125,-0.01953125,0.025390625,0,0
1779558929.094368,0.015625,-0.1875,-0.03125,-0.03125,-0.005859375,0.025390625,0,0
1779558929.102379,0.013671875,-0.162109375,-0.01171875,-0.03125,-0.005859375,0.025390625,0,0
1779558929.110376,0.013671875,-0.162109375,-0.01171875,-0.013671875,-0.005859375,0.025390625,0,0
1779558929.118373,0.00390625,-0.1328125,-0.01171875,-0.013671875,-0.005859375,0.025390625,0,0
1779558929.134390,0.00390625,-0.11328125,-0.01171875,-0.013671875,-0.005859375,0.025390625,0,0
1779558929.150413,0.00390625,-0.08984375,-0.01171875,-0.013671875,-0.005859375,0.025390625,0,0
1779558929.166420,0.00390625,-0.06640625,-0.01171875,-0.013671875,-0.005859375,0.025390625,0,0
1779558929.182405,0.00390625,-0.0546875,-0.01171875,-0.013671875,-0.005859375,0.025390625,0,0
1779558929.198438,0.00390625,-0.041015625,-0.01171875,-0.013671875,-0.005859375,0.025390625,0,0
1779558929.214391,0.00390625,-0.029296875,-0.01171875,-0.013671875,-0.005859375,0.025390625,0,0
1779558929.230426,0.00390625,-0.017578125,-0.01171875,-0.013671875,-0.005859375,0.025390625,0,0
1779558929.246449,0.00390625,-0.01171875,-0.01171875,-0.013671875,-0.005859375,0.025390625,0,0
1779558929.262433,0.00390625,-0.009765625,-0.01171875,-0.013671875,-0.005859375,0.025390625,0,0
1779558929.278442,0.00390625,-0.009765625,-0.01171875,-0.013671875,-0.005859375,0.025390625,0,0
1779558929.294425,0.00390625,-0.009765625,-0.01171875,-0.013671875,-0.005859375,0.025390625,0,0
1779558929.310440,0.00390625,-0.0078125,-0.01171875,-0.013671875,-0.005859375,0.025390625,0,0
1779558929.326455,0.00390625,-0.0078125,-0.01171875,-0.013671875,-0.005859375,0.025390625,0,0
1779558929.342405,0.00390625,-0.005859375,-0.01171875,-0.013671875,-0.005859375,0.025390625,0,0
1779558929.358418,0.00390625,-0.0078125,-0.01171875,-0.013671875,-0.005859375,0.025390625,0,0
1779558929.366480,0.00390625,-0.0078125,-0.01171875,-0.013671875,-0.005859375,0.025390625,0,0
1779558929.374477,0.00390625,-0.013671875,-0.01171875,-0.013671875,-0.005859375,0.025390625,0,0
1779558929.382527,0.00390625,-0.013671875,-0.01171875,-0.013671875,-0.013671875,0.025390625,0,0
1779558929.390460,0.00390625,-0.01953125,0.0,-0.013671875,-0.013671875,0.025390625,0,0
1779558929.398523,0.00390625,-0.01953125,0.0,-0.013671875,-0.021484375,0.025390625,0,0
1779558929.406430,0.00390625,-0.021484375,-0.01953125,-0.013671875,-0.021484375,0.025390625,0,0
1779558929.414420,0.00390625,-0.021484375,-0.01953125,-0.013671875,-0.029296875,0.025390625,0,0
1779558929.422371,0.00390625,-0.0234375,-0.03515625,-0.013671875,-0.029296875,0.025390625,0,0
1779558929.430444,0.00390625,-0.0234375,-0.03515625,-0.013671875,-0.03515625,0.025390625,0,0
1779558929.438456,0.00390625,-0.025390625,-0.048828125,-0.013671875,-0.03515625,0.025390625,0,0
1779558929.446438,0.00390625,-0.025390625,-0.048828125,-0.013671875,-0.046875,0.025390625,0,0
1779558929.454397,0.00390625,-0.03125,-0.06640625,-0.013671875,-0.046875,0.025390625,0,0
1779558929.462442,0.00390625,-0.03125,-0.06640625,-0.013671875,-0.052734375,0.025390625,0,0
1779558929.470371,0.00390625,-0.033203125,-0.076171875,-0.013671875,-0.052734375,0.025390625,0,0
1779558929.478397,0.00390625,-0.033203125,-0.076171875,-0.013671875,-0.052734375,0.025390625,0,0
1779558929.486473,0.00390625,-0.037109375,-0.08203125,-0.013671875,-0.052734375,0.025390625,0,0
1779558929.494457,0.00390625,-0.037109375,-0.08203125,-0.013671875,-0.0546875,0.025390625,0,0
1779558929.502471,0.00390625,-0.0390625,-0.087890625,-0.013671875,-0.0546875,0.025390625,0,0
1779558929.510408,0.00390625,-0.0390625,-0.087890625,-0.013671875,-0.05859375,0.025390625,0,0
1779558929.518399,0.00390625,-0.0390625,-0.09375,-0.013671875,-0.05859375,0.025390625,0,0
1779558929.526435,0.00390625,-0.0390625,-0.09375,-0.013671875,-0.05859375,0.025390625,0,0
1779558929.534480,0.00390625,-0.03515625,-0.099609375,-0.013671875,-0.05859375,0.025390625,0,0
1779558929.542414,0.00390625,-0.03515625,-0.099609375,-0.013671875,-0.064453125,0.025390625,0,0
1779558929.550425,0.00390625,-0.029296875,-0.109375,-0.013671875,-0.064453125,0.025390625,0,0
1779558929.558377,0.00390625,-0.029296875,-0.109375,-0.013671875,-0.068359375,0.025390625,0,0
1779558929.566428,0.00390625,-0.02734375,-0.1171875,-0.013671875,-0.068359375,0.025390625,0,0
1779558929.574409,0.00390625,-0.02734375,-0.1171875,-0.013671875,-0.07421875,0.025390625,0,0
1779558929.582466,0.00390625,-0.01953125,-0.125,-0.013671875,-0.07421875,0.025390625,0,0
1779558929.590378,0.00390625,-0.01953125,-0.125,-0.013671875,-0.076171875,0.025390625,0,0
1779558929.598491,0.00390625,-0.015625,-0.134765625,-0.013671875,-0.076171875,0.025390625,0,0
1779558929.606456,0.00390625,-0.015625,-0.134765625,-0.013671875,-0.08203125,0.025390625,0,0
1779558929.614454,0.00390625,-0.01171875,-0.146484375,-0.013671875,-0.08203125,0.025390625,0,0
1779558929.622478,0.00390625,-0.01171875,-0.146484375,-0.013671875,-0.08984375,0.025390625,0,0
1779558929.630493,0.00390625,-0.005859375,-0.16015625,-0.013671875,-0.08984375,0.025390625,0,0
1779558929.638428,0.00390625,-0.005859375,-0.16015625,-0.013671875,-0.1015625,0.025390625,0,0
1779558929.646464,0.00390625,-0.005859375,-0.1640625,-0.013671875,-0.1015625,0.025390625,0,0
1779558929.654416,0.00390625,-0.005859375,-0.1640625,-0.013671875,-0.10546875,0.025390625,0,0
1779558929.662432,0.00390625,-0.00390625,-0.1640625,-0.013671875,-0.10546875,0.025390625,0,0
1779558929.670429,0.00390625,-0.00390625,-0.1640625,-0.013671875,-0.10546875,0.025390625,0,0
1779558929.678421,0.00390625,0.0,-0.16796875,-0.013671875,-0.10546875,0.025390625,0,0
1779558929.686398,0.00390625,0.0,-0.16796875,-0.013671875,-0.103515625,0.025390625,0,0
1779558929.694404,0.00390625,0.0,-0.166015625,-0.013671875,-0.103515625,0.025390625,0,0
1779558929.702375,0.00390625,0.0,-0.166015625,-0.013671875,-0.099609375,0.025390625,0,0
1779558929.710432,0.00390625,0.0,-0.166015625,-0.013671875,-0.099609375,0.025390625,0,0
1779558929.718408,0.00390625,0.0,-0.166015625,-0.013671875,-0.091796875,0.025390625,0,0
1779558929.726438,0.00390625,0.0,-0.162109375,-0.013671875,-0.091796875,0.025390625,0,0
1779558929.734424,0.00390625,0.0,-0.162109375,-0.013671875,-0.087890625,0.025390625,0,0
1779558929.742375,0.00390625,0.0,-0.15234375,-0.013671875,-0.087890625,0.025390625,0,0
1779558929.750443,0.00390625,0.0,-0.15234375,-0.013671875,-0.076171875,0.025390625,0,0
1779558929.758398,0.00390625,0.0,-0.134765625,-0.013671875,-0.076171875,0.025390625,0,0
1779558929.766398,0.00390625,0.0,-0.134765625,-0.013671875,-0.06640625,0.025390625,0,0
1779558929.782393,0.00390625,0.0,-0.1015625,-0.013671875,-0.06640625,0.025390625,0,0
1779558929.790436,0.00390625,0.0,-0.1015625,-0.013671875,-0.044921875,0.025390625,0,0
1779558929.798452,0.00390625,0.0,-0.068359375,-0.013671875,-0.044921875,0.025390625,0,0
1779558929.806440,0.00390625,0.0,-0.068359375,-0.013671875,-0.025390625,0.025390625,0,0
1779558929.814437,0.00390625,0.0,-0.03515625,-0.013671875,-0.025390625,0.025390625,0,0
1779558929.822448,0.00390625,0.0,-0.03515625,-0.013671875,-0.00390625,0.025390625,0,0
1779558929.830442,0.00390625,0.0,-0.013671875,-0.013671875,-0.00390625,0.025390625,0,0
1779558929.860384,0.0,0.0,0.0,0.0,0.0,0.0,0,0
1779558929.891451,0.0,0.0,0.0,0.0,0.0,0.0,0,0
1779558929.922485,0.0,0.0,0.0,0.0,0.0,0.0,0,0
1779558929.953453,0.0,0.0,0.0,0.0,0.0,0.0,0,0
1779558929.984475,0.0,0.0,0.0,0.0,0.0,0.0,0,0
1779558930.015452,0.0,0.0,0.0,0.0,0.0,0.0,0,0
1779558930.046465,0.0,0.0,0.0,0.0,0.0,0.0,0,0
1779558930.077426,0.0,0.0,0.0,0.0,0.0,0.0,0,0
1779558930.108453,0.0,0.0,0.0,0.0,0.0,0.0,0,0
1779558930.139494,0.0,0.0,0.0,0.0,0.0,0.0,0,0
1779558930.170425,0.0,0.0,0.0,0.0,0.0,0.0,0,0
1779558930.201504,0.0,0.0,0.0,0.0,0.0,0.0,0,0
1779558930.232426,0.0,0.0,0.0,0.0,0.0,0.0,0,0
1779558930.254468,0.00390625,0.0,-0.013671875,0.0,-0.00390625,0.025390625,0,0
1779558930.270460,0.00390625,0.0,-0.013671875,0.0078125,-0.00390625,0.025390625,0,0
1779558930.286487,0.00390625,0.0,-0.013671875,0.021484375,-0.00390625,0.025390625,0,0
1779558930.302401,0.00390625,0.0,-0.013671875,0.0390625,-0.00390625,0.025390625,0,0
1779558930.318527,0.00390625,0.0,-0.013671875,0.05078125,-0.00390625,0.025390625,0,0
1779558930.334450,0.00390625,0.0,-0.013671875,0.060546875,-0.00390625,0.025390625,0,0
1779558930.350494,0.00390625,0.0,-0.013671875,0.076171875,-0.00390625,0.025390625,0,0
1779558930.358477,0.00390625,-0.005859375,-0.013671875,0.076171875,-0.00390625,0.025390625,0,0
1779558930.366425,0.00390625,-0.005859375,-0.013671875,0.095703125,-0.00390625,0.025390625,0,0
1779558930.374456,0.00390625,-0.015625,-0.013671875,0.095703125,-0.00390625,0.025390625,0,0
1779558930.382405,0.00390625,-0.015625,-0.013671875,0.11328125,-0.00390625,0.025390625,0,0
1779558930.390416,0.00390625,-0.01953125,-0.013671875,0.11328125,-0.00390625,0.025390625,0,0
1779558930.398409,0.00390625,-0.01953125,-0.013671875,0.1171875,-0.00390625,0.025390625,0,0
1779558930.406403,0.00390625,-0.021484375,-0.013671875,0.1171875,-0.00390625,0.025390625,0,0
1779558930.414385,0.00390625,-0.021484375,-0.013671875,0.115234375,-0.00390625,0.025390625,0,0
1779558930.422422,0.00390625,-0.021484375,0.0,0.115234375,-0.00390625,0.025390625,0,0
1779558930.430472,0.00390625,-0.021484375,0.0,0.11328125,-0.00390625,0.025390625,0,0
1779558930.438465,0.00390625,-0.025390625,0.005859375,0.11328125,-0.00390625,0.025390625,0,0
1779558930.446462,0.00390625,-0.025390625,0.005859375,0.11328125,-0.00390625,0.025390625,0,0
1779558930.454450,0.00390625,-0.02734375,0.01171875,0.11328125,-0.00390625,0.025390625,0,0
1779558930.462475,0.00390625,-0.02734375,0.01171875,0.111328125,-0.00390625,0.025390625,0,0
1779558930.470472,0.00390625,-0.029296875,0.013671875,0.111328125,-0.00390625,0.025390625,0,0
1779558930.478484,0.00390625,-0.029296875,0.013671875,0.11328125,-0.00390625,0.025390625,0,0
1779558930.486401,0.00390625,-0.025390625,0.01953125,0.11328125,-0.00390625,0.025390625,0,0
1779558930.494418,0.00390625,-0.025390625,0.01953125,0.10546875,-0.00390625,0.025390625,0,0
1779558930.502445,-0.0078125,-0.021484375,0.021484375,0.10546875,-0.00390625,0.025390625,0,0
1779558930.510419,-0.0078125,-0.021484375,0.021484375,0.099609375,-0.00390625,0.025390625,0,0
1779558930.518373,-0.033203125,-0.01953125,0.0234375,0.099609375,-0.00390625,0.025390625,0,0
1779558930.526428,-0.033203125,-0.01953125,0.0234375,0.091796875,-0.00390625,0.025390625,0,0
1779558930.534483,-0.068359375,-0.01171875,0.01953125,0.091796875,-0.00390625,0.025390625,0,0
1779558930.542476,-0.068359375,-0.01171875,0.01953125,0.08203125,0.0,0.025390625,0,0
1779558930.550424,-0.099609375,-0.005859375,0.017578125,0.08203125,0.0,0.025390625,0,0
1779558930.558483,-0.099609375,-0.005859375,0.017578125,0.07421875,-0.0234375,0.025390625,0,0
1779558930.566473,-0.111328125,-0.005859375,0.01953125,0.07421875,-0.0234375,0.025390625,0,0
1779558930.574453,-0.111328125,-0.005859375,0.01953125,0.068359375,-0.03125,0.025390625,0,0
1779558930.582503,-0.1015625,-0.005859375,0.015625,0.068359375,-0.03125,0.025390625,0,0
1779558930.590462,-0.1015625,-0.005859375,0.015625,0.0546875,-0.029296875,0.025390625,0,0
1779558930.598443,-0.06640625,-0.005859375,0.0078125,0.0546875,-0.029296875,0.025390625,0,0
1779558930.606455,-0.06640625,-0.005859375,0.0078125,0.0390625,-0.013671875,0.025390625,0,0
1779558930.614470,-0.01171875,-0.005859375,0.00390625,0.0390625,-0.013671875,0.025390625,0,0
1779558930.622471,-0.01171875,-0.005859375,0.00390625,0.021484375,-0.013671875,0.025390625,0,0
1779558930.638407,-0.01171875,-0.005859375,0.00390625,0.005859375,-0.013671875,0.025390625,0,0
1779558930.662439,0.013671875,-0.005859375,0.00390625,0.005859375,-0.013671875,0.025390625,0,0
1779558930.678501,0.01953125,-0.005859375,0.00390625,0.005859375,-0.013671875,0.025390625,0,0
1779558930.694386,0.01171875,-0.005859375,0.00390625,0.005859375,-0.013671875,0.025390625,0,0
1779558930.724418,0.0,0.0,0.0,0.0,0.0,0.0,0,0
1779558930.755473,0.0,0.0,0.0,0.0,0.0,0.0,0,0
1779558930.786468,0.0,0.0,0.0,0.0,0.0,0.0,0,0
1779558930.817420,0.0,0.0,0.0,0.0,0.0,0.0,0,0
1779558930.848476,0.0,0.0,0.0,0.0,0.0,0.0,0,0
1779558930.854427,0.01171875,-0.005859375,0.00390625,0.0,-0.013671875,0.025390625,0,0
1779558930.884485,0.0,0.0,0.0,0.0,0.0,0.0,0,0
1779558930.910410,0.01171875,0.0,0.00390625,0.0,-0.013671875,0.025390625,0,0
1779558930.926458,0.01171875,-0.017578125,0.00390625,0.0,-0.013671875,0.025390625,0,0
1779558930.942421,0.01171875,-0.02734375,0.00390625,0.0,-0.013671875,0.025390625,0,0
1779558930.958427,0.01171875,-0.037109375,0.00390625,0.0,-0.013671875,0.025390625,0,0
1779558930.974385,0.01171875,-0.0390625,0.00390625,0.0,-0.013671875,0.025390625,0,0
1779558930.990440,0.01171875,-0.0390625,0.00390625,0.0,-0.013671875,0.025390625,0,0
1779558931.006433,0.01171875,-0.0390625,0.00390625,0.0,-0.013671875,0.025390625,0,0
1779558931.022464,0.01171875,-0.033203125,0.00390625,0.0,-0.013671875,0.025390625,0,0
1779558931.038468,0.00390625,-0.03125,0.00390625,0.0,-0.013671875,0.025390625,0,0
1779558931.054479,0.009765625,-0.03125,0.00390625,0.0,-0.013671875,0.025390625,0,0
1779558931.070424,0.015625,-0.03125,0.00390625,0.0,-0.013671875,0.025390625,0,0
1779558931.086449,0.0234375,-0.03125,0.00390625,0.0,-0.013671875,0.025390625,0,0
1779558931.094498,0.0234375,-0.03125,0.00390625,0.0,-0.013671875,0.025390625,0,0
1779558931.102437,0.029296875,-0.033203125,0.00390625,0.0,-0.013671875,0.025390625,0,0
1779558931.110452,0.029296875,-0.033203125,0.00390625,0.005859375,-0.013671875,0.025390625,0,0
1779558931.118456,0.03125,-0.033203125,0.00390625,0.005859375,-0.013671875,0.025390625,0,0
1779558931.126378,0.03125,-0.033203125,0.00390625,0.01171875,-0.013671875,0.025390625,0,0
1779558931.134407,0.03125,-0.029296875,0.00390625,0.01171875,-0.013671875,0.025390625,0,0
1779558931.142414,0.03125,-0.029296875,0.00390625,0.01171875,-0.013671875,0.025390625,0,0
1779558931.150377,0.03125,-0.0234375,0.00390625,0.01171875,-0.013671875,0.025390625,0,0
1779558931.158463,0.03125,-0.0234375,0.00390625,0.013671875,-0.013671875,0.0,0,0
1779558931.166404,0.03125,-0.021484375,0.00390625,0.013671875,-0.013671875,0.0,0,0
1779558931.174439,0.03125,-0.021484375,0.00390625,0.01171875,-0.013671875,-0.00390625,0,0
1779558931.182493,0.037109375,-0.029296875,0.00390625,0.01171875,-0.013671875,-0.00390625,0,0
1779558931.190484,0.037109375,-0.029296875,0.00390625,0.015625,-0.013671875,-0.00390625,0,0
1779558931.198391,0.044921875,-0.0390625,0.00390625,0.015625,-0.013671875,-0.00390625,0,0
1779558931.206431,0.044921875,-0.0390625,0.00390625,0.021484375,-0.013671875,-0.00390625,0,0
1779558931.214398,0.052734375,-0.046875,0.00390625,0.021484375,-0.013671875,-0.00390625,0,0
1779558931.222470,0.052734375,-0.046875,0.00390625,0.029296875,-0.013671875,-0.00390625,0,0
1779558931.230467,0.060546875,-0.048828125,0.00390625,0.029296875,-0.013671875,-0.00390625,0,0
1779558931.238396,0.060546875,-0.048828125,0.00390625,0.03515625,-0.013671875,-0.0078125,0,0
1779558931.246460,0.060546875,-0.0546875,-0.005859375,0.03515625,-0.013671875,-0.0078125,0,0
1779558931.254406,0.060546875,-0.0546875,-0.005859375,0.041015625,-0.013671875,-0.0078125,0,0
1779558931.262548,0.056640625,-0.0625,-0.03125,0.041015625,-0.013671875,-0.0078125,0,0
1779558931.270380,0.056640625,-0.0625,-0.03125,0.044921875,-0.013671875,-0.009765625,0,0
1779558931.278464,0.052734375,-0.078125,-0.068359375,0.044921875,-0.013671875,-0.009765625,0,0
1779558931.286363,0.052734375,-0.078125,-0.068359375,0.05859375,-0.013671875,-0.01171875,0,0
1779558931.294405,0.05078125,-0.09375,-0.10546875,0.05859375,-0.013671875,-0.01171875,0,0
1779558931.302367,0.05078125,-0.09375,-0.10546875,0.07421875,-0.013671875,-0.01171875,0,0
1779558931.310408,0.0546875,-0.107421875,-0.154296875,0.07421875,-0.013671875,-0.01171875,0,0
1779558931.318436,0.0546875,-0.107421875,-0.154296875,0.080078125,-0.00390625,-0.013671875,0,0
1779558931.326459,0.064453125,-0.107421875,-0.185546875,0.080078125,-0.00390625,-0.013671875,0,0
1779558931.334442,0.064453125,-0.107421875,-0.185546875,0.0859375,-0.00390625,-0.015625,0,0
1779558931.342384,0.0703125,-0.125,-0.236328125,0.0859375,-0.00390625,-0.015625,0,0
1779558931.350491,0.0703125,-0.125,-0.236328125,0.0859375,-0.00390625,-0.015625,0,0
1779558931.358491,0.076171875,-0.140625,-0.2890625,0.0859375,-0.00390625,-0.015625,0,0
1779558931.366477,0.076171875,-0.140625,-0.2890625,0.09765625,-0.005859375,-0.01171875,0,0
1779558931.374479,0.08203125,-0.140625,-0.3046875,0.09765625,-0.005859375,-0.01171875,0,0
1779558931.382469,0.08203125,-0.140625,-0.3046875,0.09765625,-0.009765625,-0.009765625,0,0
1779558931.390428,0.09375,-0.138671875,-0.322265625,0.09765625,-0.009765625,-0.009765625,0,0
1779558931.398469,0.09375,-0.138671875,-0.322265625,0.099609375,-0.00390625,-0.009765625,0,0
1779558931.406396,0.09765625,-0.1328125,-0.34375,0.099609375,-0.00390625,-0.009765625,0,0
1779558931.414480,0.09765625,-0.1328125,-0.34375,0.109375,0.0,-0.01171875,0,0
1779558931.422480,0.095703125,-0.12890625,-0.349609375,0.109375,0.0,-0.01171875,0,0
1779558931.430476,0.095703125,-0.12890625,-0.349609375,0.11328125,0.0,-0.01171875,0,0
1779558931.438460,0.0859375,-0.125,-0.349609375,0.11328125,0.0,-0.01171875,0,0
1779558931.446419,0.0859375,-0.125,-0.349609375,0.11328125,-0.00390625,-0.01171875,0,0
1779558931.454353,0.078125,-0.119140625,-0.34375,0.11328125,-0.00390625,-0.01171875,0,0
1779558931.462501,0.078125,-0.119140625,-0.34375,0.10546875,-0.009765625,-0.009765625,0,0
1779558931.470444,0.0703125,-0.11328125,-0.328125,0.10546875,-0.009765625,-0.009765625,0,0
1779558931.478462,0.0703125,-0.11328125,-0.328125,0.087890625,-0.01171875,-0.009765625,0,0
1779558931.486455,0.0625,-0.09375,-0.29296875,0.087890625,-0.01171875,-0.009765625,0,0
1779558931.494586,0.0625,-0.09375,-0.29296875,0.05078125,-0.01171875,-0.0078125,0,0
1779558931.502383,0.05859375,-0.078125,-0.26953125,0.05078125,-0.01171875,-0.0078125,0,0
1779558931.510448,0.05859375,-0.078125,-0.26953125,0.025390625,-0.009765625,-0.005859375,0,0
1779558931.518461,0.046875,-0.060546875,-0.240234375,0.025390625,-0.009765625,-0.005859375,0,0
1779558931.526496,0.046875,-0.060546875,-0.240234375,0.025390625,-0.01171875,-0.00390625,0,0
1779558931.534396,0.0390625,-0.052734375,-0.2109375,0.025390625,-0.01171875,-0.00390625,0,0
1779558931.542470,0.0390625,-0.052734375,-0.2109375,0.025390625,-0.013671875,-0.00390625,0,0
1779558931.550437,0.0390625,-0.041015625,-0.16796875,0.025390625,-0.013671875,-0.00390625,0,0
1779558931.558452,0.0390625,-0.041015625,-0.16796875,0.025390625,-0.005859375,-0.00390625,0,0
1779558931.566424,0.044921875,-0.02734375,-0.10546875,0.025390625,-0.005859375,-0.00390625,0,0
1779558931.582427,0.052734375,-0.017578125,-0.046875,0.025390625,-0.005859375,-0.00390625,0,0
1779558931.598507,0.0546875,-0.0078125,-0.015625,0.025390625,-0.005859375,-0.00390625,0,0
1779558931.614507,0.041015625,-0.0078125,-0.015625,0.025390625,-0.005859375,-0.00390625,0,0
1779558931.630535,0.025390625,-0.0078125,-0.015625,0.025390625,-0.005859375,-0.00390625,0,0
1779558931.646484,0.017578125,-0.0078125,-0.015625,0.025390625,-0.005859375,-0.00390625,0,0
1779558931.662384,0.013671875,-0.0078125,-0.015625,0.025390625,-0.005859375,-0.00390625,0,0
1779558931.678492,0.005859375,-0.0078125,-0.015625,0.025390625,-0.005859375,-0.00390625,0,0
1779558931.694411,0.00390625,-0.0078125,-0.015625,0.025390625,-0.005859375,-0.00390625,0,0
1779558931.710402,0.00390625,-0.0078125,-0.015625,0.025390625,-0.005859375,-0.00390625,0,0
1779558931.726395,0.005859375,-0.0078125,-0.015625,0.025390625,-0.005859375,-0.00390625,0,0
1779558931.742384,0.005859375,-0.0078125,-0.015625,0.025390625,-0.005859375,-0.00390625,0,0
1779558931.758482,0.00390625,-0.0078125,-0.015625,0.025390625,-0.005859375,-0.00390625,0,0
1779558931.774429,0.00390625,-0.0078125,-0.015625,0.025390625,-0.005859375,-0.00390625,0,0
1779558931.790418,0.0078125,-0.0078125,-0.015625,0.025390625,-0.005859375,-0.00390625,0,0
1779558931.806477,0.013671875,-0.0078125,-0.015625,0.025390625,-0.005859375,-0.00390625,0,0
1779558931.822436,0.017578125,-0.0078125,-0.015625,0.025390625,-0.005859375,-0.00390625,0,0
1779558931.838459,0.017578125,-0.0078125,-0.015625,0.025390625,-0.005859375,-0.00390625,0,0
1779558931.854400,0.015625,-0.0078125,-0.015625,0.025390625,-0.005859375,-0.00390625,0,0
1779558931.870514,0.01171875,-0.0078125,-0.015625,0.025390625,-0.005859375,-0.00390625,0,0
1779558931.886518,0.0,-0.0078125,-0.005859375,0.025390625,-0.005859375,-0.00390625,0,0
1779558931.902467,0.0,-0.0078125,-0.025390625,0.025390625,-0.005859375,-0.00390625,0,0
1779558931.918382,0.0,-0.015625,-0.0625,0.025390625,-0.005859375,-0.00390625,0,0
1779558931.934412,0.005859375,-0.033203125,-0.083984375,0.025390625,-0.005859375,-0.00390625,0,0
1779558931.950421,0.0078125,-0.0546875,-0.12109375,0.025390625,-0.005859375,-0.00390625,0,0
1779558931.958428,0.0078125,-0.0546875,-0.12109375,0.025390625,-0.017578125,-0.00390625,0,0
1779558931.966374,0.00390625,-0.0703125,-0.1796875,0.025390625,-0.017578125,-0.00390625,0,0
1779558931.974456,0.00390625,-0.0703125,-0.1796875,-0.00390625,-0.044921875,-0.00390625,0,0
1779558931.982525,0.00390625,-0.099609375,-0.251953125,-0.00390625,-0.044921875,-0.00390625,0,0
1779558931.990505,0.00390625,-0.099609375,-0.251953125,-0.00390625,-0.083984375,-0.00390625,0,0
1779558931.998511,0.00390625,-0.14453125,-0.33203125,-0.00390625,-0.083984375,-0.00390625,0,0
1779558932.006420,0.00390625,-0.14453125,-0.33203125,-0.00390625,-0.130859375,-0.00390625,0,0
1779558932.014415,0.00390625,-0.181640625,-0.3828125,-0.00390625,-0.130859375,-0.00390625,0,0
1779558932.022381,0.00390625,-0.181640625,-0.3828125,-0.0078125,-0.150390625,-0.00390625,0,0
1779558932.030398,0.00390625,-0.197265625,-0.404296875,-0.0078125,-0.150390625,-0.00390625,0,0
1779558932.038409,0.00390625,-0.197265625,-0.404296875,-0.021484375,-0.142578125,-0.00390625,0,0
1779558932.046420,0.00390625,-0.1953125,-0.404296875,-0.021484375,-0.142578125,-0.00390625,0,0
1779558932.054395,0.00390625,-0.1953125,-0.404296875,-0.046875,-0.125,-0.00390625,0,0
1779558932.062380,0.00390625,-0.177734375,-0.39453125,-0.046875,-0.125,-0.00390625,0,0
1779558932.070425,0.00390625,-0.177734375,-0.39453125,-0.076171875,-0.111328125,-0.00390625,0,0
1779558932.078391,0.00390625,-0.154296875,-0.376953125,-0.076171875,-0.111328125,-0.00390625,0,0
1779558932.086456,0.00390625,-0.154296875,-0.376953125,-0.109375,-0.1015625,-0.00390625,0,0
1779558932.094445,0.00390625,-0.13671875,-0.36328125,-0.109375,-0.1015625,-0.00390625,0,0
1779558932.102444,0.00390625,-0.13671875,-0.36328125,-0.12109375,-0.10546875,-0.00390625,0,0
1779558932.110467,0.00390625,-0.126953125,-0.3359375,-0.12109375,-0.10546875,-0.00390625,0,0
1779558932.118425,0.00390625,-0.126953125,-0.3359375,-0.119140625,-0.10546875,-0.00390625,0,0
1779558932.126408,0.00390625,-0.111328125,-0.29296875,-0.119140625,-0.10546875,-0.00390625,0,0
1779558932.134390,0.00390625,-0.111328125,-0.29296875,-0.103515625,-0.09375,-0.00390625,0,0
1779558932.142484,0.00390625,-0.08984375,-0.232421875,-0.103515625,-0.09375,-0.00390625,0,0
1779558932.150378,0.00390625,-0.08984375,-0.232421875,-0.083984375,-0.0703125,-0.00390625,0,0
1779558932.158444,0.00390625,-0.0703125,-0.1640625,-0.083984375,-0.0703125,-0.00390625,0,0
1779558932.166423,0.00390625,-0.0703125,-0.1640625,-0.052734375,-0.037109375,-0.00390625,0,0
1779558932.174439,0.00390625,-0.060546875,-0.115234375,-0.052734375,-0.037109375,-0.00390625,0,0
1779558932.182469,0.00390625,-0.060546875,-0.115234375,-0.03125,-0.009765625,-0.00390625,0,0
1779558932.190426,0.005859375,-0.0390625,-0.060546875,-0.03125,-0.009765625,-0.00390625,0,0
1779558932.198469,0.005859375,-0.0390625,-0.060546875,-0.009765625,-0.009765625,-0.00390625,0,0
1779558932.206458,0.0078125,-0.017578125,-0.021484375,-0.009765625,-0.009765625,-0.00390625,0,0
1779558932.222505,0.005859375,-0.005859375,-0.021484375,-0.009765625,-0.009765625,-0.00390625,0,0
1779558932.252459,0.0,0.0,0.0,0.0,0.0,0.0,0,0
1779558932.283461,0.0,0.0,0.0,0.0,0.0,0.0,0,0
1779558932.314542,0.0,0.0,0.0,0.0,0.0,0.0,0,0
1779558932.345442,0.0,0.0,0.0,0.0,0.0,0.0,0,0
1779558932.376435,0.0,0.0,0.0,0.0,0.0,0.0,0,0
1779558932.407477,0.0,0.0,0.0,0.0,0.0,0.0,0,0
1779558932.430450,0.005859375,-0.005859375,-0.021484375,0.0,-0.009765625,-0.00390625,0,0
1779558932.446470,0.005859375,-0.005859375,-0.021484375,-0.01171875,-0.009765625,-0.00390625,0,0
1779558932.462444,0.005859375,-0.005859375,-0.021484375,-0.033203125,-0.009765625,-0.00390625,0,0
1779558932.478468,0.005859375,-0.005859375,-0.021484375,-0.041015625,-0.009765625,-0.00390625,0,0
1779558932.486458,0.005859375,-0.005859375,0.013671875,-0.041015625,-0.009765625,-0.00390625,0,0
1779558932.494446,0.005859375,-0.005859375,0.013671875,-0.05078125,-0.009765625,-0.00390625,0,0
1779558932.502476,0.005859375,-0.046875,0.033203125,-0.05078125,-0.009765625,-0.00390625,0,0
1779558932.510439,0.005859375,-0.046875,0.033203125,-0.0625,-0.009765625,-0.00390625,0,0
1779558932.518501,0.005859375,-0.080078125,0.044921875,-0.0625,-0.009765625,-0.00390625,0,0
1779558932.526537,0.005859375,-0.080078125,0.044921875,-0.072265625,-0.009765625,-0.00390625,0,0
1779558932.534492,0.005859375,-0.10546875,0.046875,-0.072265625,-0.009765625,-0.00390625,0,0
1779558932.542457,0.005859375,-0.10546875,0.046875,-0.087890625,-0.009765625,-0.00390625,0,0
1779558932.550423,0.005859375,-0.125,0.056640625,-0.087890625,-0.009765625,-0.00390625,0,0
1779558932.558395,0.005859375,-0.125,0.056640625,-0.111328125,-0.009765625,-0.00390625,0,0
1779558932.566472,0.005859375,-0.1328125,0.060546875,-0.111328125,-0.009765625,-0.00390625,0,0
1779558932.574395,0.005859375,-0.1328125,0.060546875,-0.126953125,-0.009765625,-0.00390625,0,0
1779558932.582406,0.005859375,-0.1328125,0.060546875,-0.126953125,-0.009765625,-0.00390625,0,0
1779558932.590496,0.005859375,-0.1328125,0.060546875,-0.150390625,-0.005859375,-0.00390625,0,0
1779558932.598384,0.005859375,-0.14453125,0.05859375,-0.150390625,-0.005859375,-0.00390625,0,0
1779558932.606459,0.005859375,-0.14453125,0.05859375,-0.166015625,-0.0234375,-0.00390625,0,0
1779558932.614369,0.005859375,-0.158203125,0.064453125,-0.166015625,-0.0234375,-0.00390625,0,0
1779558932.622399,0.005859375,-0.158203125,0.064453125,-0.1796875,-0.033203125,-0.00390625,0,0
1779558932.630523,0.005859375,-0.16015625,0.078125,-0.1796875,-0.033203125,-0.00390625,0,0
1779558932.638485,0.005859375,-0.16015625,0.078125,-0.197265625,-0.037109375,-0.00390625,0,0
1779558932.646456,0.005859375,-0.16015625,0.08203125,-0.197265625,-0.037109375,-0.00390625,0,0
1779558932.654506,0.005859375,-0.16015625,0.08203125,-0.2109375,-0.041015625,-0.00390625,0,0
1779558932.662460,0.005859375,-0.162109375,0.083984375,-0.2109375,-0.041015625,-0.00390625,0,0
1779558932.670474,0.005859375,-0.162109375,0.083984375,-0.22265625,-0.046875,-0.00390625,0,0
1779558932.678446,0.005859375,-0.162109375,0.08203125,-0.22265625,-0.046875,-0.00390625,0,0
1779558932.686502,0.005859375,-0.162109375,0.08203125,-0.236328125,-0.048828125,-0.00390625,0,0
1779558932.694477,0.005859375,-0.162109375,0.078125,-0.236328125,-0.048828125,-0.00390625,0,0
1779558932.702445,0.005859375,-0.162109375,0.078125,-0.240234375,-0.048828125,-0.00390625,0,0
1779558932.710490,0.005859375,-0.166015625,0.068359375,-0.240234375,-0.048828125,-0.00390625,0,0
1779558932.718528,0.005859375,-0.166015625,0.068359375,-0.244140625,-0.048828125,-0.00390625,0,0
1779558932.726488,0.005859375,-0.169921875,0.060546875,-0.244140625,-0.048828125,-0.00390625,0,0
1779558932.734414,0.005859375,-0.169921875,0.060546875,-0.24609375,-0.048828125,0.0,0,0
1779558932.742464,0.005859375,-0.173828125,0.048828125,-0.24609375,-0.048828125,0.0,0,0
1779558932.750496,0.005859375,-0.173828125,0.048828125,-0.244140625,-0.048828125,0.0,0,0
1779558932.758457,0.005859375,-0.1796875,0.04296875,-0.244140625,-0.048828125,0.0,0,0
1779558932.766393,0.005859375,-0.1796875,0.04296875,-0.2421875,-0.05078125,0.0,0,0
1779558932.774405,0.005859375,-0.189453125,0.0390625,-0.2421875,-0.05078125,0.0,0,0
1779558932.782474,0.005859375,-0.189453125,0.0390625,-0.244140625,-0.060546875,0.0,0,0
1779558932.790467,0.005859375,-0.197265625,0.029296875,-0.244140625,-0.060546875,0.0,0,0
1779558932.798403,0.005859375,-0.197265625,0.029296875,-0.25390625,-0.068359375,0.0,0,0
1779558932.806456,0.005859375,-0.19921875,0.01953125,-0.25390625,-0.068359375,0.0,0,0
1779558932.814483,0.005859375,-0.19921875,0.01953125,-0.259765625,-0.072265625,0.0,0,0
1779558932.822382,0.005859375,-0.201171875,0.01171875,-0.259765625,-0.072265625,0.0,0,0
1779558932.830508,0.005859375,-0.201171875,0.01171875,-0.259765625,-0.0703125,0.0,0,0
1779558932.838460,0.005859375,-0.208984375,0.01171875,-0.259765625,-0.0703125,0.0,0,0
1779558932.846502,0.005859375,-0.208984375,0.01171875,-0.25390625,-0.072265625,0.0,0,0
1779558932.854407,0.005859375,-0.22265625,0.01171875,-0.25390625,-0.072265625,0.0,0,0
1779558932.862430,0.005859375,-0.22265625,0.01171875,-0.244140625,-0.076171875,0.0,0,0
1779558932.870440,0.005859375,-0.236328125,0.01171875,-0.244140625,-0.076171875,0.0,0,0
1779558932.878448,0.005859375,-0.236328125,0.01171875,-0.232421875,-0.08203125,0.0,0,0
1779558932.886505,0.005859375,-0.25390625,0.01171875,-0.232421875,-0.08203125,0.0,0,0
1779558932.894467,0.005859375,-0.25390625,0.01171875,-0.224609375,-0.087890625,0.0,0,0
1779558932.902462,0.005859375,-0.26171875,0.01171875,-0.224609375,-0.087890625,0.0,0,0
1779558932.910458,0.005859375,-0.26171875,0.01171875,-0.224609375,-0.087890625,0.0,0,0
1779558932.918499,0.005859375,-0.27734375,0.01171875,-0.224609375,-0.087890625,0.0,0,0
1779558932.926450,0.005859375,-0.27734375,0.01171875,-0.21875,-0.091796875,0.0,0,0
1779558932.934494,-0.00390625,-0.287109375,-0.013671875,-0.21875,-0.091796875,0.0,0,0
1779558932.942481,-0.00390625,-0.287109375,-0.013671875,-0.216796875,-0.1015625,0.0,0,0
1779558932.950458,-0.015625,-0.296875,-0.029296875,-0.216796875,-0.1015625,0.0,0,0
1779558932.958413,-0.015625,-0.296875,-0.029296875,-0.2109375,-0.111328125,0.0,0,0
1779558932.966459,-0.0234375,-0.306640625,-0.044921875,-0.2109375,-0.111328125,0.0,0,0
1779558932.974495,-0.0234375,-0.306640625,-0.044921875,-0.205078125,-0.11328125,0.0,0,0
1779558932.982448,-0.029296875,-0.3125,-0.056640625,-0.205078125,-0.11328125,0.0,0,0
1779558932.990478,-0.029296875,-0.3125,-0.056640625,-0.1953125,-0.115234375,0.0,0,0
1779558932.998435,-0.03515625,-0.322265625,-0.07421875,-0.1953125,-0.115234375,0.0,0,0
1779558933.006399,-0.03515625,-0.322265625,-0.07421875,-0.181640625,-0.119140625,0.0,0,0
1779558933.014423,-0.037109375,-0.333984375,-0.0859375,-0.181640625,-0.119140625,0.0,0,0
1779558933.022374,-0.037109375,-0.333984375,-0.0859375,-0.173828125,-0.12109375,0.0,0,0
1779558933.030408,-0.037109375,-0.33984375,-0.087890625,-0.173828125,-0.12109375,0.0,0,0
1779558933.038455,-0.037109375,-0.33984375,-0.087890625,-0.166015625,-0.12109375,0.0,0,0
1779558933.046447,-0.03125,-0.3359375,-0.087890625,-0.166015625,-0.12109375,0.0,0,0
1779558933.054533,-0.03125,-0.3359375,-0.087890625,-0.1640625,-0.115234375,0.0,0,0
1779558933.062402,-0.03125,-0.328125,-0.083984375,-0.1640625,-0.115234375,0.0,0,0
1779558933.070457,-0.03125,-0.328125,-0.083984375,-0.154296875,-0.11328125,0.0,0,0
1779558933.078458,-0.033203125,-0.31640625,-0.080078125,-0.154296875,-0.11328125,0.0,0,0
1779558933.086474,-0.033203125,-0.31640625,-0.080078125,-0.138671875,-0.107421875,0.0,0,0
1779558933.094381,-0.03515625,-0.3046875,-0.072265625,-0.138671875,-0.107421875,0.0,0,0
1779558933.102400,-0.03515625,-0.3046875,-0.072265625,-0.11328125,-0.099609375,0.0,0,0
1779558933.110381,-0.03515625,-0.294921875,-0.056640625,-0.11328125,-0.099609375,0.0,0,0
1779558933.118458,-0.03515625,-0.294921875,-0.056640625,-0.08203125,-0.087890625,0.0,0,0
1779558933.126444,-0.029296875,-0.2734375,-0.037109375,-0.08203125,-0.087890625,0.0,0,0
1779558933.134451,-0.029296875,-0.2734375,-0.037109375,-0.056640625,-0.072265625,0.0,0,0
1779558933.142467,-0.025390625,-0.24609375,-0.01953125,-0.056640625,-0.072265625,0.0,0,0
1779558933.150499,-0.025390625,-0.24609375,-0.01953125,-0.041015625,-0.0546875,0.0,0,0
1779558933.158438,-0.0234375,-0.23046875,-0.0078125,-0.041015625,-0.0546875,0.0,0,0
1779558933.166440,-0.0234375,-0.23046875,-0.0078125,-0.02734375,-0.04296875,0.0,0,0
1779558933.174420,-0.021484375,-0.22265625,0.0,-0.02734375,-0.04296875,0.0,0,0
1779558933.182438,-0.021484375,-0.22265625,0.0,-0.015625,-0.033203125,0.0,0,0
1779558933.190419,-0.0234375,-0.216796875,0.0,-0.015625,-0.033203125,0.0,0,0
1779558933.198446,-0.0234375,-0.216796875,0.0,-0.01171875,-0.025390625,0.0,0,0
1779558933.206397,-0.0234375,-0.208984375,0.0,-0.01171875,-0.025390625,0.0,0,0
1779558933.214401,-0.0234375,-0.208984375,0.0,-0.01171875,-0.017578125,0.0,0,0
1779558933.222428,-0.025390625,-0.19140625,0.0,-0.01171875,-0.017578125,0.0,0,0
1779558933.230473,-0.025390625,-0.19140625,0.0,-0.013671875,-0.015625,0.0,0,0
1779558933.238425,-0.03125,-0.185546875,0.0,-0.013671875,-0.015625,0.0,0,0
1779558933.246436,-0.03125,-0.185546875,0.0,-0.01171875,-0.015625,0.0,0,0
1779558933.254400,-0.033203125,-0.185546875,0.0,-0.01171875,-0.015625,0.0,0,0
1779558933.262405,-0.033203125,-0.185546875,0.0,-0.005859375,-0.01171875,0.0,0,0
1779558933.270397,-0.033203125,-0.193359375,0.0,-0.005859375,-0.01171875,0.0,0,0
1779558933.278445,-0.033203125,-0.193359375,0.0,-0.005859375,-0.01171875,0.0,0,0
1779558933.286381,-0.03515625,-0.193359375,0.0,-0.005859375,-0.01171875,0.0,0,0
1779558933.294386,-0.03515625,-0.193359375,0.0,-0.005859375,-0.01171875,0.0,0,0
1779558933.302412,-0.033203125,-0.193359375,-0.00390625,-0.005859375,-0.01171875,0.0,0,0
1779558933.310405,-0.033203125,-0.193359375,-0.00390625,-0.005859375,-0.01171875,0.0,0,0
1779558933.318481,-0.03125,-0.193359375,-0.0078125,-0.005859375,-0.01171875,0.0,0,0
1779558933.326440,-0.03125,-0.193359375,-0.0078125,-0.005859375,-0.01171875,0.0,0,0
1779558933.334469,-0.029296875,-0.19140625,-0.01171875,-0.005859375,-0.01171875,0.0,0,0
1779558933.342493,-0.029296875,-0.19140625,-0.01171875,-0.005859375,-0.0078125,0.0,0,0
1779558933.350516,-0.033203125,-0.189453125,-0.01953125,-0.005859375,-0.0078125,0.0,0,0
1779558933.358504,-0.033203125,-0.189453125,-0.01953125,-0.005859375,-0.01171875,0.0,0,0
1779558933.366512,-0.037109375,-0.19140625,-0.0234375,-0.005859375,-0.01171875,0.0,0,0
1779558933.374521,-0.037109375,-0.19140625,-0.0234375,-0.005859375,-0.013671875,0.0,0,0
1779558933.382511,-0.041015625,-0.19140625,-0.033203125,-0.005859375,-0.013671875,0.0,0,0
1779558933.390475,-0.041015625,-0.19140625,-0.033203125,-0.005859375,-0.017578125,0.0,0,0
1779558933.398475,-0.04296875,-0.193359375,-0.044921875,-0.005859375,-0.017578125,0.0,0,0
1779558933.406466,-0.04296875,-0.193359375,-0.044921875,-0.005859375,-0.017578125,0.0,0,0
1779558933.414471,-0.046875,-0.201171875,-0.05859375,-0.005859375,-0.017578125,0.0,0,0
1779558933.422392,-0.046875,-0.201171875,-0.05859375,-0.005859375,-0.0234375,0.0,0,0
1779558933.430406,-0.056640625,-0.22265625,-0.083984375,-0.005859375,-0.0234375,0.0,0,0
1779558933.438458,-0.056640625,-0.22265625,-0.083984375,0.009765625,-0.03125,0.0,0,0
1779558933.446433,-0.05859375,-0.244140625,-0.109375,0.009765625,-0.03125,0.0,0,0
1779558933.454442,-0.05859375,-0.244140625,-0.109375,0.029296875,-0.03515625,0.0,0,0
1779558933.462411,-0.068359375,-0.283203125,-0.15625,0.029296875,-0.03515625,0.0,0,0
1779558933.470449,-0.068359375,-0.283203125,-0.15625,0.033203125,-0.052734375,0.0,0,0
1779558933.478412,-0.072265625,-0.306640625,-0.1953125,0.033203125,-0.052734375,0.0,0,0
1779558933.486464,-0.072265625,-0.306640625,-0.1953125,0.048828125,-0.064453125,0.0,0,0
1779558933.494426,-0.068359375,-0.3359375,-0.2421875,0.048828125,-0.064453125,0.0,0,0
1779558933.502493,-0.068359375,-0.3359375,-0.2421875,0.0625,-0.072265625,0.0,0,0
1779558933.510435,-0.0625,-0.359375,-0.28515625,0.0625,-0.072265625,0.0,0,0
1779558933.518494,-0.0625,-0.359375,-0.28515625,0.087890625,-0.080078125,0.0,0,0
1779558933.526479,-0.0546875,-0.369140625,-0.33203125,0.087890625,-0.080078125,0.0,0,0
1779558933.534498,-0.0546875,-0.369140625,-0.33203125,0.11328125,-0.080078125,0.0,0,0
1779558933.542445,-0.052734375,-0.373046875,-0.359375,0.11328125,-0.080078125,0.0,0,0
1779558933.550454,-0.052734375,-0.373046875,-0.359375,0.126953125,-0.080078125,0.0,0,0
1779558933.558488,-0.0625,-0.37890625,-0.390625,0.126953125,-0.080078125,0.0,0,0
1779558933.566495,-0.0625,-0.37890625,-0.390625,0.13671875,-0.08984375,0.0,0,0
1779558933.574406,-0.068359375,-0.390625,-0.39453125,0.13671875,-0.08984375,0.0,0,0
1779558933.582414,-0.068359375,-0.390625,-0.39453125,0.1484375,-0.08984375,0.0,0,0
1779558933.590413,-0.06640625,-0.384765625,-0.349609375,0.1484375,-0.08984375,0.0,0,0
1779558933.598450,-0.06640625,-0.384765625,-0.349609375,0.16015625,-0.08203125,0.0,0,0
1779558933.606443,-0.0390625,-0.357421875,-0.2578125,0.16015625,-0.08203125,0.0,0,0
1779558933.614486,-0.0390625,-0.357421875,-0.2578125,0.162109375,-0.044921875,0.0,0,0
1779558933.622477,-0.013671875,-0.3125,-0.173828125,0.162109375,-0.044921875,0.0,0,0
1779558933.630415,-0.013671875,-0.3125,-0.173828125,0.13671875,-0.005859375,0.0,0,0
1779558933.638524,-0.00390625,-0.26171875,-0.111328125,0.13671875,-0.005859375,0.0,0,0
1779558933.646477,-0.00390625,-0.26171875,-0.111328125,0.103515625,-0.005859375,0.0,0,0
1779558933.654495,-0.013671875,-0.21484375,-0.0703125,0.103515625,-0.005859375,0.0,0,0
1779558933.662472,-0.013671875,-0.21484375,-0.0703125,0.08984375,-0.005859375,0.0,0,0
1779558933.670488,-0.01953125,-0.171875,-0.03515625,0.08984375,-0.005859375,0.0,0,0
1779558933.678423,-0.01953125,-0.171875,-0.03515625,0.09765625,-0.005859375,0.0,0,0
1779558933.686487,-0.015625,-0.140625,-0.00390625,0.09765625,-0.005859375,0.0,0,0
1779558933.694471,-0.015625,-0.140625,-0.00390625,0.107421875,-0.005859375,0.0,0,0
1779558933.702449,-0.005859375,-0.109375,-0.00390625,0.107421875,-0.005859375,0.0,0,0
1779558933.710409,-0.005859375,-0.109375,-0.00390625,0.109375,-0.005859375,0.0,0,0
1779558933.718403,-0.005859375,-0.09375,-0.00390625,0.109375,-0.005859375,0.0,0,0
1779558933.726377,-0.005859375,-0.09375,-0.00390625,0.1015625,-0.005859375,0.0,0,0
1779558933.734492,-0.005859375,-0.07421875,-0.00390625,0.1015625,-0.005859375,0.0,0,0
1779558933.742502,-0.005859375,-0.07421875,-0.00390625,0.087890625,-0.005859375,0.0,0,0
1779558933.750494,-0.005859375,-0.052734375,-0.00390625,0.087890625,-0.005859375,0.0,0,0
1779558933.758462,-0.005859375,-0.052734375,-0.00390625,0.076171875,-0.005859375,0.0,0,0
1779558933.766379,-0.005859375,-0.037109375,-0.00390625,0.076171875,-0.005859375,0.0,0,0
1779558933.774378,-0.005859375,-0.037109375,-0.00390625,0.0703125,-0.005859375,0.0,0,0
1779558933.782484,-0.005859375,-0.021484375,-0.00390625,0.0703125,-0.005859375,0.0,0,0
1779558933.790474,-0.005859375,-0.021484375,-0.00390625,0.06640625,-0.005859375,0.0,0,0
1779558933.798451,-0.005859375,-0.0078125,-0.00390625,0.06640625,-0.005859375,0.0,0,0
1779558933.806497,-0.005859375,-0.0078125,-0.00390625,0.046875,-0.005859375,0.0,0,0
1779558933.814450,-0.005859375,-0.005859375,-0.00390625,0.046875,-0.005859375,0.0,0,0
1779558933.822397,-0.005859375,-0.005859375,-0.00390625,0.044921875,-0.005859375,0.0,0,0
1779558933.838417,-0.005859375,-0.005859375,-0.00390625,0.03125,-0.005859375,0.0,0,0
1779558933.854475,-0.005859375,-0.005859375,-0.00390625,0.01953125,-0.005859375,0.0,0,0
1779558933.870442,-0.005859375,-0.005859375,-0.00390625,0.00390625,-0.005859375,0.0,0,0
1779558933.900382,0.0,0.0,0.0,0.0,0.0,0.0,0,0
1779558933.931451,0.0,0.0,0.0,0.0,0.0,0.0,0,0
1779558933.962458,0.0,0.0,0.0,0.0,0.0,0.0,0,0
1779558933.993412,0.0,0.0,0.0,0.0,0.0,0.0,0,0
1779558934.024489,0.0,0.0,0.0,0.0,0.0,0.0,0,0
1779558934.055407,0.0,0.0,0.0,0.0,0.0,0.0,0,0
1779558934.086476,0.0,0.0,0.0,0.0,0.0,0.0,0,0
1779558934.117450,0.0,0.0,0.0,0.0,0.0,0.0,0,0
1779558934.148425,0.0,0.0,0.0,0.0,0.0,0.0,0,0
1779558934.179367,0.0,0.0,0.0,0.0,0.0,0.0,0,0
1779558934.210422,0.0,0.0,0.0,0.0,0.0,0.0,0,0
1779558934.241379,0.0,0.0,0.0,0.0,0.0,0.0,0,0
1779558934.272480,0.0,0.0,0.0,0.0,0.0,0.0,0,0
1779558934.303444,0.0,0.0,0.0,0.0,0.0,0.0,0,0
1779558934.334422,0.0,0.0,0.0,0.0,0.0,0.0,0,0
1779558934.365396,0.0,0.0,0.0,0.0,0.0,0.0,0,0
1779558934.396395,0.0,0.0,0.0,0.0,0.0,0.0,0,0
1779558934.427365,0.0,0.0,0.0,0.0,0.0,0.0,0,0
1779558934.458466,0.0,0.0,0.0,0.0,0.0,0.0,0,0
1779558934.489512,0.0,0.0,0.0,0.0,0.0,0.0,0,0
1779558934.520484,0.0,0.0,0.0,0.0,0.0,0.0,0,0
1779558934.551502,0.0,0.0,0.0,0.0,0.0,0.0,0,0
1779558934.582513,0.0,0.0,0.0,0.0,0.0,0.0,0,0
1779558934.613503,0.0,0.0,0.0,0.0,0.0,0.0,0,0
1779558934.644493,0.0,0.0,0.0,0.0,0.0,0.0,0,0
1779558934.675435,0.0,0.0,0.0,0.0,0.0,0.0,0,0
1779558934.706429,0.0,0.0,0.0,0.0,0.0,0.0,0,0
1779558934.737469,0.0,0.0,0.0,0.0,0.0,0.0,1,0
1779558934.768412,0.0,0.0,0.0,0.0,0.0,0.0,1,0
1779558934.799383,0.0,0.0,0.0,0.0,0.0,0.0,1,0
1779558934.830462,0.0,0.0,0.0,0.0,0.0,0.0,1,0
1779558934.861371,0.0,0.0,0.0,0.0,0.0,0.0,0,0
1779558934.892378,0.0,0.0,0.0,0.0,0.0,0.0,0,0
1779558934.923426,0.0,0.0,0.0,0.0,0.0,0.0,0,0
1779558934.954454,0.0,0.0,0.0,0.0,0.0,0.0,0,0
1779558934.985496,0.0,0.0,0.0,0.0,0.0,0.0,0,0
1779558935.016486,0.0,0.0,0.0,0.0,0.0,0.0,0,0
1779558935.047440,0.0,0.0,0.0,0.0,0.0,0.0,0,0
1779558935.078403,0.0,0.0,0.0,0.0,0.0,0.0,0,0
1779558935.109419,0.0,0.0,0.0,0.0,0.0,0.0,0,0
1779558935.140521,0.0,0.0,0.0,0.0,0.0,0.0,0,0
1779558935.171445,0.0,0.0,0.0,0.0,0.0,0.0,0,0
1779558935.202426,0.0,0.0,0.0,0.0,0.0,0.0,0,0
1779558935.233429,0.0,0.0,0.0,0.0,0.0,0.0,0,0
1779558935.264385,0.0,0.0,0.0,0.0,0.0,0.0,0,0
1779558935.295376,0.0,0.0,0.0,0.0,0.0,0.0,0,0
1779558935.326489,0.0,0.0,0.0,0.0,0.0,0.0,0,0
1779558935.357447,0.0,0.0,0.0,0.0,0.0,0.0,0,0
1779558935.388505,0.0,0.0,0.0,0.0,0.0,0.0,0,0
1779558935.419411,0.0,0.0,0.0,0.0,0.0,0.0,0,0
1779558935.450471,0.0,0.0,0.0,0.0,0.0,0.0,0,0
1779558935.481480,0.0,0.0,0.0,0.0,0.0,0.0,0,0
1779558935.512496,0.0,0.0,0.0,0.0,0.0,0.0,0,0
1779558935.543406,0.0,0.0,0.0,0.0,0.0,0.0,0,0
1779558935.574433,0.0,0.0,0.0,0.0,0.0,0.0,0,0
1779558935.605426,0.0,0.0,0.0,0.0,0.0,0.0,0,0
1779558935.636405,0.0,0.0,0.0,0.0,0.0,0.0,0,0
1779558935.667458,0.0,0.0,0.0,0.0,0.0,0.0,0,0
1779558935.698432,0.0,0.0,0.0,0.0,0.0,0.0,0,0
1779558935.729416,0.0,0.0,0.0,0.0,0.0,0.0,0,0
1779558935.760468,0.0,0.0,0.0,0.0,0.0,0.0,0,0
1779558935.791507,0.0,0.0,0.0,0.0,0.0,0.0,0,0
1779558935.822431,0.0,0.0,0.0,0.0,0.0,0.0,0,0
1779558935.853492,0.0,0.0,0.0,0.0,0.0,0.0,0,0
1779558935.884474,0.0,0.0,0.0,0.0,0.0,0.0,0,0
1779558935.915419,0.0,0.0,0.0,0.0,0.0,0.0,0,0
1779558935.946467,0.0,0.0,0.0,0.0,0.0,0.0,0,0
1779558935.977354,0.0,0.0,0.0,0.0,0.0,0.0,0,0
1779558936.008477,0.0,0.0,0.0,0.0,0.0,0.0,0,0
1779558936.039480,0.0,0.0,0.0,0.0,0.0,0.0,0,0
1779558936.070404,0.0,0.0,0.0,0.0,0.0,0.0,0,0
1779558936.101453,0.0,0.0,0.0,0.0,0.0,0.0,0,0
1779558936.132444,0.0,0.0,0.0,0.0,0.0,0.0,0,0
1779558936.163439,0.0,0.0,0.0,0.0,0.0,0.0,0,0
1779558936.194435,0.0,0.0,0.0,0.0,0.0,0.0,0,0
1779558936.225541,0.0,0.0,0.0,0.0,0.0,0.0,0,0
1779558936.256437,0.0,0.0,0.0,0.0,0.0,0.0,0,0
1779558936.287497,0.0,0.0,0.0,0.0,0.0,0.0,0,0
1779558936.318467,0.0,0.0,0.0,0.0,0.0,0.0,0,0
1779558936.349431,0.0,0.0,0.0,0.0,0.0,0.0,0,0
1779558936.380424,0.0,0.0,0.0,0.0,0.0,0.0,0,0
1779558936.411392,0.0,0.0,0.0,0.0,0.0,0.0,0,0
1779558936.442428,0.0,0.0,0.0,0.0,0.0,0.0,0,0
1779558936.473398,0.0,0.0,0.0,0.0,0.0,0.0,0,0
1779558936.504443,0.0,0.0,0.0,0.0,0.0,0.0,0,0
1779558936.535374,0.0,0.0,0.0,0.0,0.0,0.0,0,0
1779558936.566432,0.0,0.0,0.0,0.0,0.0,0.0,0,0
1779558936.597455,0.0,0.0,0.0,0.0,0.0,0.0,0,0
1779558936.628453,0.0,0.0,0.0,0.0,0.0,0.0,0,0
1779558936.659372,0.0,0.0,0.0,0.0,0.0,0.0,0,0
1779558936.690437,0.0,0.0,0.0,0.0,0.0,0.0,0,0
1779558936.721483,0.0,0.0,0.0,0.0,0.0,0.0,0,0
1779558936.752450,0.0,0.0,0.0,0.0,0.0,0.0,0,0
1779558936.783434,0.0,0.0,0.0,0.0,0.0,0.0,0,0
1779558936.814444,0.0,0.0,0.0,0.0,0.0,0.0,0,0
1779558936.845415,0.0,0.0,0.0,0.0,0.0,0.0,0,0
1779558936.876389,0.0,0.0,0.0,0.0,0.0,0.0,0,0
1779558936.907460,0.0,0.0,0.0,0.0,0.0,0.0,0,0
1779558936.938462,0.0,0.0,0.0,0.0,0.0,0.0,0,0
1779558936.969384,0.0,0.0,0.0,0.0,0.0,0.0,0,0
1779558937.000391,0.0,0.0,0.0,0.0,0.0,0.0,0,0
1779558937.031449,0.0,0.0,0.0,0.0,0.0,0.0,0,0
1779558937.062397,0.0,0.0,0.0,0.0,0.0,0.0,0,0
1779558937.093468,0.0,0.0,0.0,0.0,0.0,0.0,0,0
1779558937.124403,0.0,0.0,0.0,0.0,0.0,0.0,0,0
1779558937.155395,0.0,0.0,0.0,0.0,0.0,0.0,0,0
1779558937.186538,0.0,0.0,0.0,0.0,0.0,0.0,0,0
1779558937.217491,0.0,0.0,0.0,0.0,0.0,0.0,0,0
1779558937.248481,0.0,0.0,0.0,0.0,0.0,0.0,0,0
1779558937.279477,0.0,0.0,0.0,0.0,0.0,0.0,0,0
1779558937.310421,0.0,0.0,0.0,0.0,0.0,0.0,0,0
1779558937.341376,0.0,0.0,0.0,0.0,0.0,0.0,0,0
1779558937.372431,0.0,0.0,0.0,0.0,0.0,0.0,0,0
1779558937.403400,0.0,0.0,0.0,0.0,0.0,0.0,0,0
1779558937.434392,0.0,0.0,0.0,0.0,0.0,0.0,0,0
1779558937.465455,0.0,0.0,0.0,0.0,0.0,0.0,0,0
1779558937.496389,0.0,0.0,0.0,0.0,0.0,0.0,0,0
1779558937.527406,0.0,0.0,0.0,0.0,0.0,0.0,0,0
1779558937.558368,0.0,0.0,0.0,0.0,0.0,0.0,0,0
1779558937.589432,0.0,0.0,0.0,0.0,0.0,0.0,0,0
1779558937.620380,0.0,0.0,0.0,0.0,0.0,0.0,0,0
1779558937.651384,0.0,0.0,0.0,0.0,0.0,0.0,0,0
1779558937.682414,0.0,0.0,0.0,0.0,0.0,0.0,0,0
1779558937.713398,0.0,0.0,0.0,0.0,0.0,0.0,0,0
1779558937.726431,-0.005859375,-0.00390625,-0.00390625,0.00390625,-0.005859375,0.0,0,0
1779558937.742384,-0.005859375,-0.0390625,-0.00390625,0.00390625,-0.005859375,0.0,0,0
1779558937.750434,-0.005859375,-0.0390625,-0.00390625,0.0078125,-0.005859375,0.0,0,0
1779558937.758500,-0.005859375,-0.072265625,-0.00390625,0.0078125,-0.005859375,0.0,0,0
1779558937.766485,-0.005859375,-0.072265625,-0.00390625,0.04296875,-0.005859375,0.0,0,0
1779558937.774442,-0.005859375,-0.015625,-0.00390625,0.04296875,-0.005859375,0.0,0,0
1779558937.782531,-0.005859375,-0.015625,-0.00390625,0.060546875,-0.005859375,0.0,0,0
1779558937.790510,-0.005859375,-0.015625,0.03125,0.060546875,-0.005859375,0.0,0,0
1779558937.798488,-0.005859375,-0.015625,0.03125,0.05859375,-0.005859375,0.0,0,0
1779558937.806490,-0.005859375,-0.00390625,0.123046875,0.05859375,-0.005859375,0.0,0,0
1779558937.814405,-0.005859375,-0.00390625,0.123046875,0.072265625,-0.005859375,0.0,0,0
1779558937.822436,-0.005859375,-0.00390625,0.19140625,0.072265625,-0.005859375,0.0,0,0
1779558937.830362,-0.005859375,-0.00390625,0.19140625,0.076171875,0.015625,0.0,0,0
1779558937.838425,-0.005859375,-0.00390625,0.2421875,0.076171875,0.015625,0.0,0,0
1779558937.846379,-0.005859375,-0.00390625,0.2421875,0.072265625,0.0234375,-0.013671875,0,0
1779558937.854412,-0.005859375,-0.00390625,0.265625,0.072265625,0.0234375,-0.013671875,0,0
1779558937.862367,-0.005859375,-0.00390625,0.265625,0.056640625,0.025390625,-0.02734375,0,0
1779558937.870511,-0.005859375,-0.00390625,0.302734375,0.056640625,0.025390625,-0.02734375,0,0
1779558937.878438,-0.005859375,-0.00390625,0.302734375,0.0390625,0.029296875,-0.029296875,0,0
1779558937.886492,-0.005859375,0.0,0.345703125,0.0390625,0.029296875,-0.029296875,0,0
1779558937.894424,-0.005859375,0.0,0.345703125,0.025390625,0.033203125,-0.02734375,0,0
1779558937.902448,-0.005859375,-0.005859375,0.37109375,0.025390625,0.033203125,-0.02734375,0,0
1779558937.910426,-0.005859375,-0.005859375,0.37109375,0.021484375,0.037109375,-0.021484375,0,0
1779558937.918457,-0.005859375,-0.015625,0.380859375,0.021484375,0.037109375,-0.021484375,0,0
1779558937.926422,-0.005859375,-0.015625,0.380859375,0.01953125,0.041015625,-0.017578125,0,0
1779558937.934465,-0.005859375,-0.021484375,0.384765625,0.01953125,0.041015625,-0.017578125,0,0
1779558937.942407,-0.005859375,-0.021484375,0.384765625,0.013671875,0.046875,-0.015625,0,0
1779558937.951659,-0.005859375,-0.025390625,0.384765625,0.013671875,0.046875,-0.015625,0,0
1779558937.958478,-0.005859375,-0.025390625,0.384765625,0.00390625,0.046875,-0.015625,0,0
1779558937.966510,-0.005859375,-0.03125,0.38671875,0.00390625,0.046875,-0.015625,0,0
1779558937.974447,-0.005859375,-0.03125,0.38671875,0.00390625,0.048828125,-0.021484375,0,0
1779558937.982471,-0.005859375,-0.03515625,0.388671875,0.00390625,0.048828125,-0.021484375,0,0
1779558937.990508,-0.005859375,-0.03515625,0.388671875,0.00390625,0.05078125,-0.025390625,0,0
1779558937.998439,-0.005859375,-0.02734375,0.392578125,0.00390625,0.05078125,-0.025390625,0,0
1779558938.006464,-0.005859375,-0.02734375,0.392578125,0.00390625,0.056640625,-0.025390625,0,0
1779558938.014446,-0.005859375,-0.01953125,0.3984375,0.00390625,0.056640625,-0.025390625,0,0
1779558938.022425,-0.005859375,-0.01953125,0.3984375,0.00390625,0.056640625,-0.029296875,0,0
1779558938.030373,-0.005859375,-0.00390625,0.40234375,0.00390625,0.056640625,-0.029296875,0,0
1779558938.038387,-0.005859375,-0.00390625,0.40234375,0.00390625,0.048828125,-0.033203125,0,0
1779558938.046446,-0.005859375,-0.00390625,0.40625,0.00390625,0.048828125,-0.033203125,0,0
1779558938.054413,-0.005859375,-0.00390625,0.40625,0.00390625,0.044921875,-0.0390625,0,0
1779558938.062397,-0.005859375,-0.00390625,0.40625,0.00390625,0.044921875,-0.0390625,0,0
1779558938.070462,-0.005859375,-0.00390625,0.40625,0.00390625,0.0390625,-0.04296875,0,0
1779558938.078420,-0.005859375,-0.00390625,0.41015625,0.00390625,0.0390625,-0.04296875,0,0
1779558938.086520,-0.005859375,-0.00390625,0.41015625,0.00390625,0.037109375,-0.048828125,0,0
1779558938.094377,-0.005859375,-0.00390625,0.412109375,0.00390625,0.037109375,-0.048828125,0,0
1779558938.102506,-0.005859375,-0.00390625,0.412109375,0.00390625,0.044921875,-0.05078125,0,0
1779558938.110442,-0.005859375,-0.00390625,0.4140625,0.00390625,0.044921875,-0.05078125,0,0
1779558938.118426,-0.005859375,-0.00390625,0.4140625,0.00390625,0.048828125,-0.0546875,0,0
1779558938.126508,-0.005859375,-0.00390625,0.412109375,0.00390625,0.048828125,-0.0546875,0,0
1779558938.134462,-0.005859375,-0.00390625,0.412109375,0.00390625,0.056640625,-0.056640625,0,0
1779558938.142514,-0.005859375,-0.005859375,0.40234375,0.00390625,0.056640625,-0.056640625,0,0
1779558938.150532,-0.005859375,-0.005859375,0.40234375,0.00390625,0.056640625,-0.060546875,0,0
1779558938.158449,-0.005859375,-0.005859375,0.396484375,0.00390625,0.056640625,-0.060546875,0,0
1779558938.166458,-0.005859375,-0.005859375,0.396484375,0.00390625,0.05859375,-0.060546875,0,0
1779558938.174421,-0.005859375,0.0,0.380859375,0.00390625,0.05859375,-0.060546875,0,0
1779558938.182514,-0.005859375,0.0,0.380859375,0.00390625,0.0546875,-0.06640625,0,0
1779558938.190508,-0.005859375,0.0,0.376953125,0.00390625,0.0546875,-0.06640625,0,0
1779558938.198498,-0.005859375,0.0,0.376953125,0.00390625,0.05078125,-0.0703125,0,0
1779558938.206517,-0.005859375,0.0,0.375,0.00390625,0.05078125,-0.0703125,0,0
1779558938.214439,-0.005859375,0.0,0.375,0.00390625,0.05078125,-0.076171875,0,0
1779558938.222399,-0.005859375,0.0,0.37109375,0.00390625,0.05078125,-0.076171875,0,0
1779558938.230484,-0.005859375,0.0,0.37109375,0.00390625,0.046875,-0.080078125,0,0
1779558938.238533,-0.005859375,0.0,0.3671875,0.00390625,0.046875,-0.080078125,0,0
1779558938.246439,-0.005859375,0.0,0.3671875,0.00390625,0.041015625,-0.08203125,0,0
1779558938.254436,-0.005859375,0.0,0.35546875,0.00390625,0.041015625,-0.08203125,0,0
1779558938.262486,-0.005859375,0.0,0.35546875,0.00390625,0.0390625,-0.08203125,0,0
1779558938.270428,-0.005859375,0.0,0.34375,0.00390625,0.0390625,-0.08203125,0,0
1779558938.278517,-0.005859375,0.0,0.34375,0.00390625,0.037109375,-0.08203125,0,0
1779558938.286409,-0.005859375,0.0,0.3359375,0.00390625,0.037109375,-0.08203125,0,0
1779558938.294470,-0.005859375,0.0,0.3359375,0.00390625,0.037109375,-0.08203125,0,0
1779558938.302424,-0.005859375,0.0,0.333984375,0.00390625,0.037109375,-0.08203125,0,0
1779558938.310491,-0.005859375,0.0,0.333984375,0.00390625,0.04296875,-0.08203125,0,0
1779558938.318429,-0.005859375,0.0,0.3359375,0.00390625,0.04296875,-0.08203125,0,0
1779558938.326391,-0.005859375,0.0,0.3359375,0.00390625,0.046875,-0.083984375,0,0
1779558938.334489,-0.005859375,0.0,0.3359375,0.00390625,0.046875,-0.083984375,0,0
1779558938.342474,-0.005859375,0.0,0.3359375,0.00390625,0.048828125,-0.083984375,0,0
1779558938.350434,-0.005859375,0.0,0.330078125,0.00390625,0.048828125,-0.083984375,0,0
1779558938.358437,-0.005859375,0.0,0.330078125,0.00390625,0.048828125,-0.083984375,0,0
1779558938.366396,-0.005859375,0.0,0.326171875,0.00390625,0.048828125,-0.083984375,0,0
1779558938.374374,-0.005859375,0.0,0.326171875,0.00390625,0.048828125,-0.080078125,0,0
1779558938.382484,-0.005859375,0.0,0.33203125,0.00390625,0.048828125,-0.080078125,0,0
1779558938.390452,-0.005859375,0.0,0.33203125,0.00390625,0.048828125,-0.078125,0,0
1779558938.398461,-0.005859375,0.0,0.333984375,0.00390625,0.048828125,-0.078125,0,0
1779558938.406461,-0.005859375,0.0,0.333984375,0.00390625,0.048828125,-0.078125,0,0
1779558938.414464,-0.005859375,0.0,0.3359375,0.00390625,0.048828125,-0.078125,0,0
1779558938.422486,-0.005859375,0.0,0.3359375,0.00390625,0.048828125,-0.080078125,0,0
1779558938.430428,-0.005859375,0.0,0.341796875,0.00390625,0.048828125,-0.080078125,0,0
1779558938.438415,-0.005859375,0.0,0.341796875,0.00390625,0.052734375,-0.08203125,0,0
1779558938.446461,-0.005859375,0.0,0.341796875,0.00390625,0.052734375,-0.08203125,0,0
1779558938.454359,-0.005859375,0.0,0.341796875,0.00390625,0.0546875,-0.083984375,0,0
1779558938.462353,-0.005859375,0.0,0.33984375,0.00390625,0.0546875,-0.083984375,0,0
1779558938.470471,-0.005859375,0.0,0.33984375,0.00390625,0.052734375,-0.083984375,0,0
1779558938.478480,-0.005859375,0.0,0.341796875,0.00390625,0.052734375,-0.083984375,0,0
1779558938.486454,-0.005859375,0.0,0.341796875,0.00390625,0.052734375,-0.083984375,0,0
1779558938.494401,-0.005859375,0.0,0.341796875,0.00390625,0.052734375,-0.083984375,0,0
1779558938.502464,-0.005859375,0.0,0.341796875,0.00390625,0.052734375,-0.083984375,0,0
1779558938.510442,-0.005859375,0.0,0.341796875,0.00390625,0.052734375,-0.083984375,0,0
1779558938.518424,-0.005859375,0.0,0.341796875,0.00390625,0.052734375,-0.08203125,0,0
1779558938.526452,-0.005859375,0.0,0.333984375,0.00390625,0.052734375,-0.08203125,0,0
1779558938.534516,-0.005859375,0.0,0.333984375,0.00390625,0.0546875,-0.080078125,0,0
1779558938.542471,-0.005859375,0.0,0.330078125,0.00390625,0.0546875,-0.080078125,0,0
1779558938.550424,-0.005859375,0.0,0.330078125,0.00390625,0.0546875,-0.080078125,0,0
1779558938.558382,-0.005859375,0.0,0.328125,0.00390625,0.0546875,-0.080078125,0,0
1779558938.566419,-0.005859375,0.0,0.328125,0.00390625,0.052734375,-0.080078125,0,0
1779558938.574407,-0.005859375,0.0,0.3203125,0.00390625,0.052734375,-0.080078125,0,0
1779558938.582464,-0.005859375,0.0,0.3203125,0.00390625,0.052734375,-0.08203125,0,0
1779558938.590408,-0.005859375,0.0,0.3125,0.00390625,0.052734375,-0.08203125,0,0
1779558938.598450,-0.005859375,0.0,0.3125,0.00390625,0.0546875,-0.0859375,0,0
1779558938.606442,-0.005859375,0.0,0.306640625,0.00390625,0.0546875,-0.0859375,0,0
1779558938.614470,-0.005859375,0.0,0.306640625,0.00390625,0.0546875,-0.0859375,0,0
1779558938.622431,-0.005859375,0.0,0.296875,0.00390625,0.0546875,-0.0859375,0,0
1779558938.630369,-0.005859375,0.0,0.296875,0.00390625,0.052734375,-0.0859375,0,0
1779558938.638376,-0.005859375,0.0,0.291015625,0.00390625,0.052734375,-0.0859375,0,0
1779558938.646445,-0.005859375,0.0,0.291015625,0.00390625,0.048828125,-0.080078125,0,0
1779558938.654429,-0.005859375,0.0,0.27734375,0.00390625,0.048828125,-0.080078125,0,0
1779558938.662363,-0.005859375,0.0,0.27734375,0.00390625,0.048828125,-0.07421875,0,0
1779558938.670377,-0.005859375,0.0,0.263671875,0.00390625,0.048828125,-0.07421875,0,0
1779558938.678407,-0.005859375,0.0,0.263671875,0.00390625,0.044921875,-0.0703125,0,0
1779558938.686411,-0.005859375,0.0,0.244140625,0.00390625,0.044921875,-0.0703125,0,0
1779558938.694402,-0.005859375,0.0,0.244140625,0.00390625,0.0390625,-0.06640625,0,0
1779558938.702441,-0.005859375,0.0,0.22265625,0.00390625,0.0390625,-0.06640625,0,0
1779558938.710422,-0.005859375,0.0,0.22265625,0.00390625,0.0390625,-0.0625,0,0
1779558938.718447,-0.005859375,0.0,0.189453125,0.00390625,0.0390625,-0.0625,0,0
1779558938.726516,-0.005859375,0.0,0.189453125,0.00390625,0.037109375,-0.0546875,0,0
1779558938.734476,-0.005859375,0.0,0.150390625,0.00390625,0.037109375,-0.0546875,0,0
1779558938.742461,-0.005859375,0.0,0.150390625,0.00390625,0.037109375,-0.046875,0,0
1779558938.750517,-0.005859375,0.0,0.11328125,0.00390625,0.037109375,-0.046875,0,0
1779558938.758436,-0.005859375,0.0,0.11328125,0.00390625,0.033203125,-0.0390625,0,0
1779558938.766459,-0.005859375,0.0,0.080078125,0.00390625,0.033203125,-0.0390625,0,0
1779558938.774418,-0.005859375,0.0,0.080078125,0.00390625,0.029296875,-0.029296875,0,0
1779558938.782424,-0.005859375,0.0,0.056640625,0.00390625,0.029296875,-0.029296875,0,0
1779558938.790368,-0.005859375,0.0,0.056640625,0.00390625,0.025390625,-0.017578125,0,0
1779558938.798424,0.0078125,0.0,0.0390625,0.00390625,0.025390625,-0.017578125,0,0
1779558938.806416,0.0078125,0.0,0.0390625,0.00390625,0.0234375,-0.009765625,0,0
1779558938.814413,0.01171875,0.0,0.0234375,0.00390625,0.0234375,-0.009765625,0,0
1779558938.822417,0.01171875,0.0,0.0234375,0.00390625,0.015625,-0.0078125,0,0
1779558938.830407,0.013671875,0.0,0.015625,0.00390625,0.015625,-0.0078125,0,0
1779558938.838398,0.013671875,0.0,0.015625,0.00390625,0.0078125,-0.005859375,0,0
1779558938.846403,0.01171875,0.0,0.0,0.00390625,0.0078125,-0.005859375,0,0
1779558938.854426,0.01171875,0.0,0.0,0.00390625,0.0,-0.00390625,0,0
1779558938.884396,0.0,0.0,0.0,0.0,0.0,0.0,0,0
1779558938.915480,0.0,0.0,0.0,0.0,0.0,0.0,0,0
1779558938.946490,0.0,0.0,0.0,0.0,0.0,0.0,0,0
1779558938.977384,0.0,0.0,0.0,0.0,0.0,0.0,0,0
1779558939.008442,0.0,0.0,0.0,0.0,0.0,0.0,0,0
1779558939.039485,0.0,0.0,0.0,0.0,0.0,0.0,0,0
1779558939.070495,0.0,0.0,0.0,0.0,0.0,0.0,0,0
1779558939.101468,0.0,0.0,0.0,0.0,0.0,0.0,0,0
1779558939.118472,0.01171875,0.0,0.0078125,0.00390625,0.0,-0.00390625,0,0
1779558939.134417,0.01171875,0.0,0.025390625,0.00390625,0.0,-0.00390625,0,0
1779558939.150419,0.01171875,0.0,0.05859375,0.00390625,0.0,-0.00390625,0,0
1779558939.166442,0.01171875,0.0,0.08984375,0.00390625,0.0,-0.00390625,0,0
1779558939.182404,0.01171875,0.0,0.111328125,0.00390625,0.0,-0.00390625,0,0
1779558939.198440,0.01171875,0.0,0.146484375,0.00390625,0.0,-0.00390625,0,0
1779558939.214418,0.01171875,0.0,0.189453125,0.00390625,0.0,-0.00390625,0,0
1779558939.230380,0.01171875,0.0,0.234375,0.00390625,0.0,-0.00390625,0,0
1779558939.238443,0.01171875,0.0,0.234375,0.00390625,0.0,-0.00390625,0,0
1779558939.246456,0.01171875,0.0,0.251953125,0.00390625,0.0,-0.00390625,0,0
1779558939.254472,0.01171875,0.0,0.251953125,0.00390625,0.00390625,-0.00390625,0,0
1779558939.262370,0.01171875,0.0,0.26953125,0.00390625,0.00390625,-0.00390625,0,0
1779558939.270398,0.01171875,0.0,0.26953125,0.00390625,0.00390625,-0.00390625,0,0
1779558939.278478,-0.005859375,0.0,0.283203125,0.00390625,0.00390625,-0.00390625,0,0
1779558939.286534,-0.005859375,0.0,0.283203125,0.00390625,0.0,0.0,0,0
1779558939.294473,-0.01953125,0.0,0.296875,0.00390625,0.0,0.0,0,0
1779558939.302437,-0.01953125,0.0,0.296875,0.00390625,0.0,-0.005859375,0,0
1779558939.310456,-0.033203125,0.0,0.314453125,0.00390625,0.0,-0.005859375,0,0
1779558939.318408,-0.033203125,0.0,0.314453125,0.00390625,0.0,-0.01171875,0,0
1779558939.326460,-0.0390625,0.0,0.330078125,0.00390625,0.0,-0.01171875,0,0
1779558939.334455,-0.0390625,0.0,0.330078125,0.00390625,0.0,-0.015625,0,0
1779558939.342486,-0.03515625,0.0,0.3359375,0.00390625,0.0,-0.015625,0,0
1779558939.350489,-0.03515625,0.0,0.3359375,0.00390625,0.0,-0.01953125,0,0
1779558939.358451,-0.033203125,0.0,0.341796875,0.00390625,0.0,-0.01953125,0,0
1779558939.366409,-0.033203125,0.0,0.341796875,0.00390625,0.0,-0.025390625,0,0
1779558939.374413,-0.02734375,0.0,0.353515625,0.00390625,0.0,-0.025390625,0,0
1779558939.382487,-0.02734375,0.0,0.353515625,0.00390625,0.0,-0.029296875,0,0
1779558939.390480,-0.02734375,0.0,0.36328125,0.00390625,0.0,-0.029296875,0,0
1779558939.398392,-0.02734375,0.0,0.36328125,0.00390625,0.0,-0.03515625,0,0
1779558939.406463,-0.03125,0.0,0.3671875,0.00390625,0.0,-0.03515625,0,0
1779558939.414427,-0.03125,0.0,0.3671875,0.00390625,0.0,-0.0390625,0,0
1779558939.422456,-0.033203125,0.0,0.3671875,0.00390625,0.0,-0.0390625,0,0
1779558939.430444,-0.033203125,0.0,0.3671875,0.00390625,0.0,-0.04296875,0,0
1779558939.438395,-0.03125,0.0,0.357421875,0.00390625,0.0,-0.04296875,0,0
1779558939.446417,-0.03125,0.0,0.357421875,0.00390625,0.0,-0.05078125,0,0
1779558939.454445,-0.01953125,0.0,0.3359375,0.00390625,0.0,-0.05078125,0,0
1779558939.462408,-0.01953125,0.0,0.3359375,0.00390625,0.0,-0.056640625,0,0
1779558939.470384,-0.01953125,0.0,0.3046875,0.00390625,0.0,-0.056640625,0,0
1779558939.478467,-0.01953125,0.0,0.3046875,0.00390625,0.0,-0.060546875,0,0
1779558939.486457,-0.01953125,0.0,0.265625,0.00390625,0.0,-0.060546875,0,0
1779558939.494424,-0.01953125,0.0,0.265625,0.015625,0.0,-0.0625,0,0
1779558939.502461,-0.01953125,0.0,0.22265625,0.015625,0.0,-0.0625,0,0
1779558939.510469,-0.01953125,0.0,0.22265625,0.02734375,0.009765625,-0.060546875,0,0
1779558939.518465,-0.01953125,0.0,0.189453125,0.02734375,0.009765625,-0.060546875,0,0
1779558939.526397,-0.01953125,0.0,0.189453125,0.037109375,0.017578125,-0.052734375,0,0
1779558939.534467,0.009765625,0.0,0.1484375,0.037109375,0.017578125,-0.052734375,0,0
1779558939.542391,0.009765625,0.0,0.1484375,0.033203125,0.0234375,-0.037109375,0,0
1779558939.550412,0.025390625,0.0,0.103515625,0.033203125,0.0234375,-0.037109375,0,0
1779558939.558435,0.025390625,0.0,0.103515625,0.01953125,0.025390625,-0.015625,0,0
1779558939.566422,0.029296875,0.0,0.056640625,0.01953125,0.025390625,-0.015625,0,0
1779558939.574445,0.029296875,0.0,0.056640625,0.01953125,0.0234375,-0.015625,0,0
1779558939.582476,0.021484375,0.0,0.01953125,0.01953125,0.0234375,-0.015625,0,0
1779558939.590441,0.021484375,0.0,0.01953125,0.01953125,0.01171875,-0.015625,0,0
1779558939.598421,0.01953125,0.0,0.005859375,0.01953125,0.01171875,-0.015625,0,0
1779558939.606467,0.01953125,0.0,0.005859375,0.01953125,0.0078125,-0.015625,0,0
1779558939.636466,0.0,0.0,0.0,0.0,0.0,0.0,0,0
1779558939.667383,0.0,0.0,0.0,0.0,0.0,0.0,0,0
1779558939.698420,0.0,0.0,0.0,0.0,0.0,0.0,0,0
1779558939.726505,0.01953125,-0.00390625,0.005859375,0.01953125,0.0078125,-0.015625,0,0
1779558939.756501,0.0,0.0,0.0,0.0,0.0,0.0,0,0
1779558939.766447,0.01953125,-0.00390625,0.005859375,0.015625,0.0078125,-0.015625,0,0
1779558939.774491,0.01953125,-0.00390625,0.01171875,0.015625,0.0078125,-0.015625,0,0
1779558939.782425,0.01953125,-0.00390625,0.01171875,0.021484375,0.0078125,-0.015625,0,0
1779558939.790393,-0.009765625,0.0078125,0.046875,0.021484375,0.0078125,-0.015625,0,0
1779558939.798407,-0.009765625,0.0078125,0.046875,0.01953125,0.0078125,-0.025390625,0,0
1779558939.806497,-0.013671875,0.033203125,0.083984375,0.01953125,0.0078125,-0.025390625,0,0
1779558939.814414,-0.013671875,0.033203125,0.083984375,0.00390625,0.0078125,-0.046875,0,0
1779558939.822446,-0.025390625,0.05078125,0.11328125,0.00390625,0.0078125,-0.046875,0,0
1779558939.830399,-0.025390625,0.05078125,0.11328125,0.00390625,0.0078125,-0.05859375,0,0
1779558939.838385,-0.044921875,0.080078125,0.142578125,0.00390625,0.0078125,-0.05859375,0,0
1779558939.846410,-0.044921875,0.080078125,0.142578125,0.00390625,0.0078125,-0.072265625,0,0
1779558939.854420,-0.072265625,0.111328125,0.171875,0.00390625,0.0078125,-0.072265625,0,0
1779558939.862383,-0.072265625,0.111328125,0.171875,0.00390625,0.0078125,-0.091796875,0,0
1779558939.870366,-0.09375,0.13671875,0.189453125,0.00390625,0.0078125,-0.091796875,0,0
1779558939.878366,-0.09375,0.13671875,0.189453125,0.00390625,0.0078125,-0.107421875,0,0
1779558939.886410,-0.125,0.166015625,0.203125,0.00390625,0.0078125,-0.107421875,0,0
1779558939.894430,-0.125,0.166015625,0.203125,0.00390625,0.0078125,-0.12890625,0,0
1779558939.902420,-0.14453125,0.1953125,0.21875,0.00390625,0.0078125,-0.12890625,0,0
1779558939.910379,-0.14453125,0.1953125,0.21875,0.00390625,0.0078125,-0.14453125,0,0
1779558939.918425,-0.15625,0.21875,0.2265625,0.00390625,0.0078125,-0.14453125,0,0
1779558939.926407,-0.15625,0.21875,0.2265625,0.00390625,0.0078125,-0.1484375,0,0
1779558939.934437,-0.166015625,0.240234375,0.2265625,0.00390625,0.0078125,-0.1484375,0,0
1779558939.942456,-0.166015625,0.240234375,0.2265625,0.00390625,0.0078125,-0.1484375,0,0
1779558939.950465,-0.177734375,0.25,0.23046875,0.00390625,0.0078125,-0.1484375,0,0
1779558939.958436,-0.177734375,0.25,0.23046875,0.00390625,0.0078125,-0.1484375,0,0
1779558939.966447,-0.193359375,0.265625,0.224609375,0.00390625,0.0078125,-0.1484375,0,0
1779558939.974458,-0.193359375,0.265625,0.224609375,-0.00390625,0.0078125,-0.1484375,0,0
1779558939.982479,-0.197265625,0.28125,0.224609375,-0.00390625,0.0078125,-0.1484375,0,0
1779558939.990474,-0.197265625,0.28125,0.224609375,-0.005859375,0.0078125,-0.1484375,0,0
1779558939.998472,-0.193359375,0.298828125,0.220703125,-0.005859375,0.0078125,-0.1484375,0,0
1779558940.006488,-0.193359375,0.298828125,0.220703125,-0.015625,0.0078125,-0.142578125,0,0
1779558940.014473,-0.1796875,0.314453125,0.22265625,-0.015625,0.0078125,-0.142578125,0,0
1779558940.022381,-0.1796875,0.314453125,0.22265625,-0.021484375,0.0078125,-0.138671875,0,0
1779558940.030410,-0.169921875,0.330078125,0.2265625,-0.021484375,0.0078125,-0.138671875,0,0
1779558940.038408,-0.169921875,0.330078125,0.2265625,-0.02734375,0.0078125,-0.134765625,0,0
1779558940.046419,-0.158203125,0.34765625,0.2265625,-0.02734375,0.0078125,-0.134765625,0,0
1779558940.054466,-0.158203125,0.34765625,0.2265625,-0.037109375,0.0078125,-0.134765625,0,0
1779558940.062441,-0.154296875,0.359375,0.228515625,-0.037109375,0.0078125,-0.134765625,0,0
1779558940.070503,-0.154296875,0.359375,0.228515625,-0.0390625,0.0078125,-0.134765625,0,0
1779558940.078509,-0.158203125,0.365234375,0.2265625,-0.0390625,0.0078125,-0.134765625,0,0
1779558940.086557,-0.158203125,0.365234375,0.2265625,-0.041015625,0.0078125,-0.138671875,0,0
1779558940.094404,-0.162109375,0.37890625,0.224609375,-0.041015625,0.0078125,-0.138671875,0,0
1779558940.102445,-0.162109375,0.37890625,0.224609375,-0.041015625,0.0078125,-0.14453125,0,0
1779558940.110437,-0.158203125,0.3828125,0.224609375,-0.041015625,0.0078125,-0.14453125,0,0
1779558940.118496,-0.158203125,0.3828125,0.224609375,-0.03515625,0.0078125,-0.146484375,0,0
1779558940.126487,-0.146484375,0.38671875,0.21875,-0.03515625,0.0078125,-0.146484375,0,0
1779558940.134469,-0.146484375,0.38671875,0.21875,-0.03125,0.0078125,-0.146484375,0,0
1779558940.142384,-0.1328125,0.400390625,0.220703125,-0.03125,0.0078125,-0.146484375,0,0
1779558940.150413,-0.1328125,0.400390625,0.220703125,-0.029296875,0.0078125,-0.146484375,0,0
1779558940.158469,-0.1171875,0.4140625,0.22265625,-0.029296875,0.0078125,-0.146484375,0,0
1779558940.166431,-0.1171875,0.4140625,0.22265625,-0.029296875,0.0078125,-0.146484375,0,0
1779558940.174406,-0.10546875,0.416015625,0.22265625,-0.029296875,0.0078125,-0.146484375,0,0
1779558940.182408,-0.10546875,0.416015625,0.22265625,-0.025390625,0.0078125,-0.146484375,0,0
1779558940.190407,-0.099609375,0.423828125,0.22265625,-0.025390625,0.0078125,-0.146484375,0,0
1779558940.198387,-0.099609375,0.423828125,0.22265625,-0.02734375,0.0078125,-0.14453125,0,0
1779558940.206436,-0.1015625,0.423828125,0.21875,-0.02734375,0.0078125,-0.14453125,0,0
1779558940.214495,-0.1015625,0.423828125,0.21875,-0.029296875,0.0078125,-0.14453125,0,0
1779558940.222416,-0.1015625,0.43359375,0.216796875,-0.029296875,0.0078125,-0.14453125,0,0
1779558940.230478,-0.1015625,0.43359375,0.216796875,-0.02734375,0.0078125,-0.142578125,0,0
1779558940.238408,-0.09765625,0.43359375,0.21484375,-0.02734375,0.0078125,-0.142578125,0,0
1779558940.246386,-0.09765625,0.43359375,0.21484375,-0.01953125,0.0078125,-0.138671875,0,0
1779558940.254467,-0.08984375,0.439453125,0.212890625,-0.01953125,0.0078125,-0.138671875,0,0
1779558940.262417,-0.08984375,0.439453125,0.212890625,-0.017578125,0.0078125,-0.13671875,0,0
1779558940.270390,-0.08203125,0.443359375,0.208984375,-0.017578125,0.0078125,-0.13671875,0,0
1779558940.278420,-0.08203125,0.443359375,0.208984375,-0.01171875,0.0078125,-0.1328125,0,0
1779558940.286418,-0.0703125,0.451171875,0.203125,-0.01171875,0.0078125,-0.1328125,0,0
1779558940.294416,-0.0703125,0.451171875,0.203125,-0.0078125,0.0078125,-0.12890625,0,0
1779558940.302483,-0.0625,0.458984375,0.1953125,-0.0078125,0.0078125,-0.12890625,0,0
1779558940.310402,-0.0625,0.458984375,0.1953125,-0.00390625,0.0078125,-0.126953125,0,0
1779558940.318464,-0.052734375,0.46484375,0.189453125,-0.00390625,0.0078125,-0.126953125,0,0
1779558940.326461,-0.052734375,0.46484375,0.189453125,-0.00390625,0.0078125,-0.123046875,0,0
1779558940.334468,-0.04296875,0.47265625,0.1875,-0.00390625,0.0078125,-0.123046875,0,0
1779558940.342478,-0.04296875,0.47265625,0.1875,-0.00390625,0.0078125,-0.123046875,0,0
1779558940.350463,-0.037109375,0.478515625,0.18359375,-0.00390625,0.0078125,-0.123046875,0,0
1779558940.358432,-0.037109375,0.478515625,0.18359375,-0.00390625,0.0078125,-0.12109375,0,0
1779558940.366397,-0.03125,0.486328125,0.181640625,-0.00390625,0.0078125,-0.12109375,0,0
1779558940.374411,-0.03125,0.486328125,0.181640625,0.0,0.0078125,-0.119140625,0,0
1779558940.382440,-0.033203125,0.494140625,0.173828125,0.0,0.0078125,-0.119140625,0,0
1779558940.390480,-0.033203125,0.494140625,0.173828125,-0.005859375,0.0078125,-0.1171875,0,0
1779558940.398409,-0.037109375,0.50390625,0.166015625,-0.005859375,0.0078125,-0.1171875,0,0
1779558940.406427,-0.037109375,0.50390625,0.166015625,-0.009765625,0.0078125,-0.115234375,0,0
1779558940.414446,-0.0390625,0.513671875,0.166015625,-0.009765625,0.0078125,-0.115234375,0,0
1779558940.422387,-0.0390625,0.513671875,0.166015625,-0.01171875,0.0078125,-0.115234375,0,0
1779558940.430380,-0.041015625,0.5234375,0.162109375,-0.01171875,0.0078125,-0.115234375,0,0
1779558940.438380,-0.041015625,0.5234375,0.162109375,-0.013671875,0.0078125,-0.115234375,0,0
1779558940.446496,-0.041015625,0.53125,0.154296875,-0.013671875,0.0078125,-0.115234375,0,0
1779558940.454428,-0.041015625,0.53125,0.154296875,-0.017578125,0.0078125,-0.11328125,0,0
1779558940.462397,-0.033203125,0.53515625,0.1484375,-0.017578125,0.0078125,-0.11328125,0,0
1779558940.470450,-0.033203125,0.53515625,0.1484375,-0.017578125,0.0078125,-0.111328125,0,0
1779558940.478393,-0.01953125,0.537109375,0.14453125,-0.017578125,0.0078125,-0.111328125,0,0
1779558940.486466,-0.01953125,0.537109375,0.14453125,-0.015625,0.0078125,-0.107421875,0,0
1779558940.494355,-0.00390625,0.5390625,0.13671875,-0.015625,0.0078125,-0.107421875,0,0
1779558940.502504,-0.00390625,0.5390625,0.13671875,-0.01171875,0.0078125,-0.10546875,0,0
1779558940.510468,-0.00390625,0.544921875,0.1328125,-0.01171875,0.0078125,-0.10546875,0,0
1779558940.518502,-0.00390625,0.544921875,0.1328125,-0.013671875,0.0078125,-0.103515625,0,0
1779558940.526499,-0.00390625,0.548828125,0.126953125,-0.013671875,0.0078125,-0.103515625,0,0
1779558940.534437,-0.00390625,0.548828125,0.126953125,-0.01171875,0.0078125,-0.099609375,0,0
1779558940.542432,-0.00390625,0.548828125,0.125,-0.01171875,0.0078125,-0.099609375,0,0
1779558940.550391,-0.00390625,0.548828125,0.125,-0.009765625,0.0078125,-0.09765625,0,0
1779558940.558400,-0.00390625,0.548828125,0.119140625,-0.009765625,0.0078125,-0.09765625,0,0
1779558940.566438,-0.00390625,0.548828125,0.119140625,-0.005859375,0.0078125,-0.095703125,0,0
1779558940.574458,-0.00390625,0.548828125,0.119140625,-0.005859375,0.0078125,-0.095703125,0,0
1779558940.582389,-0.00390625,0.548828125,0.119140625,-0.005859375,0.0078125,-0.095703125,0,0
1779558940.590508,-0.00390625,0.55078125,0.1171875,-0.005859375,0.0078125,-0.095703125,0,0
1779558940.598448,-0.00390625,0.55078125,0.1171875,-0.0078125,0.0078125,-0.09375,0,0
1779558940.606467,-0.00390625,0.55078125,0.115234375,-0.0078125,0.0078125,-0.09375,0,0
1779558940.614448,-0.00390625,0.55078125,0.115234375,-0.009765625,0.0078125,-0.091796875,0,0
1779558940.622465,-0.00390625,0.55078125,0.111328125,-0.009765625,0.0078125,-0.091796875,0,0
1779558940.630494,-0.00390625,0.55078125,0.111328125,-0.009765625,0.0078125,-0.087890625,0,0
1779558940.638487,-0.00390625,0.552734375,0.111328125,-0.009765625,0.0078125,-0.087890625,0,0
1779558940.646426,-0.00390625,0.552734375,0.111328125,-0.009765625,0.0078125,-0.0859375,0,0
1779558940.654469,-0.00390625,0.5546875,0.107421875,-0.009765625,0.0078125,-0.0859375,0,0
1779558940.662474,-0.00390625,0.5546875,0.107421875,-0.013671875,0.0078125,-0.083984375,0,0
1779558940.670449,-0.00390625,0.5546875,0.107421875,-0.013671875,0.0078125,-0.083984375,0,0
1779558940.678474,-0.00390625,0.5546875,0.107421875,-0.013671875,0.0078125,-0.080078125,0,0
1779558940.686469,-0.00390625,0.548828125,0.109375,-0.013671875,0.0078125,-0.080078125,0,0
1779558940.694445,-0.00390625,0.548828125,0.109375,-0.009765625,0.0078125,-0.080078125,0,0
1779558940.702444,-0.00390625,0.54296875,0.109375,-0.009765625,0.0078125,-0.080078125,0,0
1779558940.710401,-0.00390625,0.54296875,0.109375,-0.005859375,0.0078125,-0.080078125,0,0
1779558940.718406,0.0,0.537109375,0.107421875,-0.005859375,0.0078125,-0.080078125,0,0
1779558940.726388,0.0,0.537109375,0.107421875,0.0,0.0078125,-0.078125,0,0
1779558940.734370,0.015625,0.533203125,0.103515625,0.0,0.0078125,-0.078125,0,0
1779558940.742387,0.015625,0.533203125,0.103515625,0.0,0.0078125,-0.076171875,0,0
1779558940.750433,0.021484375,0.529296875,0.099609375,0.0,0.0078125,-0.076171875,0,0
1779558940.758413,0.021484375,0.529296875,0.099609375,0.0,0.0078125,-0.07421875,0,0
1779558940.766395,0.02734375,0.529296875,0.095703125,0.0,0.0078125,-0.07421875,0,0
1779558940.774452,0.02734375,0.529296875,0.095703125,0.0,0.0,-0.0703125,0,0
1779558940.782445,0.02734375,0.529296875,0.095703125,0.0,0.0,-0.0703125,0,0
1779558940.790449,0.02734375,0.529296875,0.095703125,0.0,0.00390625,-0.0703125,0,0
1779558940.798447,0.02734375,0.529296875,0.095703125,0.0,0.00390625,-0.0703125,0,0
1779558940.806393,0.02734375,0.529296875,0.095703125,0.0,0.00390625,-0.0703125,0,0
1779558940.814383,0.025390625,0.529296875,0.091796875,0.0,0.00390625,-0.0703125,0,0
1779558940.822391,0.025390625,0.529296875,0.091796875,0.0,0.00390625,-0.0703125,0,0
1779558940.830374,0.025390625,0.52734375,0.087890625,0.0,0.00390625,-0.0703125,0,0
1779558940.838394,0.025390625,0.52734375,0.087890625,0.0,0.00390625,-0.0703125,0,0
1779558940.846411,0.02734375,0.51953125,0.08203125,0.0,0.00390625,-0.0703125,0,0
1779558940.854411,0.02734375,0.51953125,0.08203125,0.0,0.00390625,-0.0703125,0,0
1779558940.862375,0.0390625,0.51171875,0.07421875,0.0,0.00390625,-0.0703125,0,0
1779558940.870386,0.0390625,0.51171875,0.07421875,0.0,0.00390625,-0.0703125,0,0
1779558940.878381,0.048828125,0.501953125,0.06640625,0.0,0.00390625,-0.0703125,0,0
1779558940.886484,0.048828125,0.501953125,0.06640625,0.0,0.0,-0.0703125,0,0
1779558940.894470,0.0546875,0.5,0.0625,0.0,0.0,-0.0703125,0,0
1779558940.902444,0.0546875,0.5,0.0625,0.0,0.00390625,-0.0703125,0,0
1779558940.910514,0.05859375,0.4921875,0.0546875,0.0,0.00390625,-0.0703125,0,0
1779558940.918469,0.05859375,0.4921875,0.0546875,0.0,0.0,-0.068359375,0,0
1779558940.926525,0.064453125,0.486328125,0.041015625,0.0,0.0,-0.068359375,0,0
1779558940.934404,0.064453125,0.486328125,0.041015625,0.0,0.0,-0.068359375,0,0
1779558940.942497,0.06640625,0.482421875,0.03125,0.0,0.0,-0.068359375,0,0
1779558940.950490,0.06640625,0.482421875,0.03125,0.0,0.0,-0.068359375,0,0
1779558940.958422,0.06640625,0.482421875,0.021484375,0.0,0.0,-0.068359375,0,0
1779558940.966381,0.06640625,0.482421875,0.021484375,0.0,0.0,-0.068359375,0,0
1779558940.974504,0.0625,0.482421875,0.0078125,0.0,0.0,-0.068359375,0,0
1779558940.982430,0.0625,0.482421875,0.0078125,0.0,0.0,-0.068359375,0,0
1779558940.990423,0.060546875,0.478515625,0.0078125,0.0,0.0,-0.068359375,0,0
1779558940.998370,0.060546875,0.478515625,0.0078125,0.0,0.0,-0.068359375,0,0
1779558941.006393,0.064453125,0.484375,0.0078125,0.0,0.0,-0.068359375,0,0
1779558941.014423,0.064453125,0.484375,0.0078125,0.0,0.0,-0.068359375,0,0
1779558941.022424,0.0703125,0.4921875,0.0078125,0.0,0.0,-0.068359375,0,0
1779558941.030365,0.0703125,0.4921875,0.0078125,0.0,0.0,-0.068359375,0,0
1779558941.038389,0.072265625,0.494140625,0.0078125,0.0,0.0,-0.068359375,0,0
1779558941.046367,0.072265625,0.494140625,0.0078125,0.0,0.0,-0.068359375,0,0
1779558941.054414,0.0703125,0.494140625,0.0078125,0.0,0.0,-0.068359375,0,0
1779558941.062382,0.0703125,0.494140625,0.0078125,0.0,0.0,-0.068359375,0,0
1779558941.070375,0.068359375,0.49609375,0.0078125,0.0,0.0,-0.068359375,0,0
1779558941.078517,0.068359375,0.49609375,0.0078125,0.0,0.0,-0.068359375,0,0
1779558941.086450,0.0625,0.501953125,0.0078125,0.0,0.0,-0.068359375,0,0
1779558941.094379,0.0625,0.501953125,0.0078125,0.0,0.0,-0.068359375,0,0
1779558941.102370,0.060546875,0.5078125,0.0078125,0.0,0.0,-0.068359375,0,0
1779558941.110437,0.060546875,0.5078125,0.0078125,0.0,0.0,-0.068359375,0,0
1779558941.118390,0.0546875,0.509765625,0.0078125,0.0,0.0,-0.068359375,0,0
1779558941.126408,0.0546875,0.509765625,0.0078125,0.0,0.0,-0.0703125,0,0
1779558941.134414,0.05078125,0.51171875,0.0078125,0.0,0.0,-0.0703125,0,0
1779558941.142457,0.05078125,0.51171875,0.0078125,0.0,0.0,-0.0703125,0,0
1779558941.150451,0.052734375,0.513671875,0.0078125,0.0,0.0,-0.0703125,0,0
1779558941.158414,0.052734375,0.513671875,0.0078125,0.0,0.0,-0.0703125,0,0
1779558941.166388,0.05859375,0.513671875,0.0078125,0.0,0.0,-0.0703125,0,0
1779558941.174453,0.05859375,0.513671875,0.0078125,0.0,0.0,-0.072265625,0,0
1779558941.182432,0.060546875,0.515625,0.0078125,0.0,0.0,-0.072265625,0,0
1779558941.190400,0.060546875,0.515625,0.0078125,0.0,0.0,-0.072265625,0,0
1779558941.198390,0.05859375,0.515625,0.0078125,0.0,0.0,-0.072265625,0,0
1779558941.206453,0.05859375,0.515625,0.0078125,0.0,0.0,-0.0703125,0,0
1779558941.214418,0.052734375,0.517578125,0.0078125,0.0,0.0,-0.0703125,0,0
1779558941.222419,0.052734375,0.517578125,0.0078125,0.0,0.0,-0.0703125,0,0
1779558941.230408,0.044921875,0.525390625,0.0078125,0.0,0.0,-0.0703125,0,0
1779558941.238434,0.044921875,0.525390625,0.0078125,0.0,0.0,-0.0703125,0,0
1779558941.246421,0.04296875,0.533203125,0.0078125,0.0,0.0,-0.0703125,0,0
1779558941.254435,0.04296875,0.533203125,0.0078125,0.0,0.0,-0.0703125,0,0
1779558941.262420,0.0390625,0.53515625,0.0078125,0.0,0.0,-0.0703125,0,0
1779558941.270442,0.0390625,0.53515625,0.0078125,0.0,0.0,-0.072265625,0,0
1779558941.278488,0.037109375,0.5390625,0.0078125,0.0,0.0,-0.072265625,0,0
1779558941.286483,0.037109375,0.5390625,0.0078125,0.0,0.0,-0.072265625,0,0
1779558941.294396,0.033203125,0.54296875,0.0078125,0.0,0.0,-0.072265625,0,0
1779558941.302433,0.033203125,0.54296875,0.0078125,0.0,0.0,-0.07421875,0,0
1779558941.310464,0.025390625,0.548828125,0.0078125,0.0,0.0,-0.07421875,0,0
1779558941.318474,0.025390625,0.548828125,0.0078125,0.0,0.0,-0.076171875,0,0
1779558941.326385,0.01953125,0.5546875,0.0078125,0.0,0.0,-0.076171875,0,0
1779558941.334421,0.01953125,0.5546875,0.0078125,0.0,0.0,-0.076171875,0,0
1779558941.342425,0.01171875,0.5625,0.0078125,0.0,0.0,-0.076171875,0,0
1779558941.350468,0.01171875,0.5625,0.0078125,0.0,0.0,-0.076171875,0,0
1779558941.358418,0.0078125,0.56640625,0.0078125,0.0,0.0,-0.076171875,0,0
1779558941.366396,0.0078125,0.56640625,0.0078125,0.0,0.0,-0.078125,0,0
1779558941.374399,0.005859375,0.5703125,0.0078125,0.0,0.0,-0.078125,0,0
1779558941.382420,0.005859375,0.5703125,0.0078125,0.0,0.0,-0.078125,0,0
1779558941.390407,0.005859375,0.572265625,0.0078125,0.0,0.0,-0.078125,0,0
1779558941.398395,0.005859375,0.572265625,0.0078125,0.0,0.0,-0.078125,0,0
1779558941.406412,0.0,0.572265625,0.0078125,0.0,0.0,-0.078125,0,0
1779558941.414469,0.0,0.572265625,0.0078125,0.0,0.0,-0.080078125,0,0
1779558941.422505,0.0,0.57421875,0.0078125,0.0,0.0,-0.080078125,0,0
1779558941.430480,0.0,0.57421875,0.0078125,0.0,0.0,-0.08203125,0,0
1779558941.438481,0.0,0.576171875,0.0078125,0.0,0.0,-0.08203125,0,0
1779558941.446405,0.0,0.576171875,0.0078125,0.0,0.0,-0.08203125,0,0
1779558941.454436,0.0,0.580078125,0.0078125,0.0,0.0,-0.08203125,0,0
1779558941.462403,0.0,0.580078125,0.0078125,0.0,0.0,-0.083984375,0,0
1779558941.470426,0.0,0.58203125,0.0078125,0.0,0.0,-0.083984375,0,0
1779558941.478441,0.0,0.58203125,0.0078125,0.0,0.0,-0.083984375,0,0
1779558941.486436,0.0,0.5859375,0.0078125,0.0,0.0,-0.083984375,0,0
1779558941.494386,0.0,0.5859375,0.0078125,0.0,0.0,-0.0859375,0,0
1779558941.502436,0.0,0.5859375,0.0078125,0.0,0.0,-0.0859375,0,0
1779558941.510436,0.0,0.5859375,0.0078125,0.0,0.0,-0.087890625,0,0
1779558941.518527,0.0,0.587890625,0.0078125,0.0,0.0,-0.087890625,0,0
1779558941.526482,0.0,0.587890625,0.0078125,0.0,0.0,-0.087890625,0,0
1779558941.534416,0.0,0.587890625,0.0078125,0.0,0.0,-0.087890625,0,0
1779558941.542499,0.0,0.587890625,0.0078125,0.0,0.0,-0.087890625,0,0
1779558941.550450,0.0,0.58984375,0.0078125,0.0,0.0,-0.087890625,0,0
1779558941.558525,0.0,0.58984375,0.0078125,0.0,0.0,-0.087890625,0,0
1779558941.566491,0.0,0.58984375,0.0078125,0.0,0.0,-0.087890625,0,0
1779558941.574431,0.0,0.58984375,0.0078125,0.0,0.0,-0.087890625,0,0
1779558941.582404,0.0,0.58984375,0.0078125,0.0,0.0,-0.087890625,0,0
1779558941.590493,0.0,0.58984375,0.0078125,0.0,0.0,-0.087890625,0,0
1779558941.598475,0.0,0.58984375,0.0078125,0.0,0.0,-0.087890625,0,0
1779558941.606427,0.0,0.58984375,0.0078125,0.0,0.0,-0.08984375,0,0
1779558941.614485,0.0,0.591796875,0.0078125,0.0,0.0,-0.08984375,0,0
1779558941.622408,0.0,0.591796875,0.0078125,0.0,0.0,-0.08984375,0,0
1779558941.630373,0.0,0.59375,0.0078125,0.0,0.0,-0.08984375,0,0
1779558941.638414,0.0,0.59375,0.0078125,0.0,0.0,-0.08984375,0,0
1779558941.646390,0.0,0.59375,0.0078125,0.0,0.0,-0.08984375,0,0
1779558941.654468,0.0,0.59375,0.0078125,0.0,0.0,-0.08984375,0,0
1779558941.662474,0.0,0.59375,0.0078125,0.0,0.0,-0.08984375,0,0
1779558941.670428,0.0,0.59375,0.0078125,0.0,0.0,-0.08984375,0,0
1779558941.678476,0.0,0.595703125,0.0078125,0.0,0.0,-0.08984375,0,0
1779558941.686396,0.0,0.595703125,0.0078125,0.0,0.0,-0.08984375,0,0
1779558941.694494,0.0,0.595703125,0.0078125,0.0,0.0,-0.08984375,0,0
1779558941.702491,0.0,0.595703125,0.0078125,0.0,0.0,-0.08984375,0,0
1779558941.710475,0.0,0.59375,0.0078125,0.0,0.0,-0.08984375,0,0
1779558941.718461,0.0,0.59375,0.0078125,0.0,0.0,-0.08984375,0,0
1779558941.726468,0.0,0.59375,0.0078125,0.0,0.0,-0.08984375,0,0
1779558941.734431,0.0,0.59375,0.0078125,0.0,0.0,-0.08984375,0,0
1779558941.742447,0.0,0.595703125,0.0078125,0.0,0.0,-0.08984375,0,0
1779558941.750404,0.0,0.595703125,0.0078125,0.0,0.0,-0.08984375,0,0
1779558941.758404,0.0,0.595703125,0.0078125,0.0,0.0,-0.08984375,0,0
1779558941.766456,0.0,0.595703125,0.0078125,0.0,0.0,-0.08984375,0,0
1779558941.774473,0.0,0.59375,0.0078125,0.0,0.0,-0.08984375,0,0
1779558941.782430,0.0,0.59375,0.0078125,0.0,0.0,-0.08984375,0,0
1779558941.790492,0.0,0.59375,0.0078125,0.0,0.0,-0.08984375,0,0
1779558941.798465,0.0,0.59375,0.0078125,0.0,0.0,-0.091796875,0,0
1779558941.806488,0.0,0.59375,0.0078125,0.0,0.0,-0.091796875,0,0
1779558941.814477,0.0,0.59375,0.0078125,0.0,0.0,-0.091796875,0,0
1779558941.822479,0.0,0.58984375,0.0078125,0.0,0.0,-0.091796875,0,0
1779558941.830472,0.0,0.58984375,0.0078125,0.0,0.0,-0.091796875,0,0
1779558941.838522,0.0,0.587890625,0.0078125,0.0,0.0,-0.091796875,0,0
1779558941.846450,0.0,0.587890625,0.0078125,0.0,0.0,-0.09375,0,0
1779558941.854456,0.0,0.58203125,0.0078125,0.0,0.0,-0.09375,0,0
1779558941.862487,0.0,0.58203125,0.0078125,0.0,0.0,-0.09375,0,0
1779558941.870460,0.0,0.580078125,0.0078125,0.0,0.0,-0.09375,0,0
1779558941.878471,0.0,0.580078125,0.0078125,0.0,0.0,-0.09375,0,0
1779558941.886498,0.0,0.5703125,0.0078125,0.0,0.0,-0.09375,0,0
1779558941.894470,0.0,0.5703125,0.0078125,0.0,0.0,-0.095703125,0,0
1779558941.902487,0.0,0.556640625,0.0078125,0.0,0.0,-0.095703125,0,0
1779558941.910504,0.0,0.556640625,0.0078125,0.0,0.0,-0.099609375,0,0
1779558941.918439,0.0,0.541015625,0.0078125,0.0,0.0,-0.099609375,0,0
1779558941.926472,0.0,0.541015625,0.0078125,0.0,0.0,-0.103515625,0,0
1779558941.934477,0.0,0.513671875,0.0078125,0.0,0.0,-0.103515625,0,0
1779558941.942470,0.0,0.513671875,0.0078125,0.0,0.0,-0.11328125,0,0
1779558941.950463,0.0,0.478515625,0.0,0.0,0.0,-0.11328125,0,0
1779558941.958477,0.0,0.478515625,0.0,0.0,0.0,-0.12109375,0,0
1779558941.966452,0.0,0.453125,-0.03125,0.0,0.0,-0.12109375,0,0
1779558941.975336,0.0,0.453125,-0.03125,0.0,0.0,-0.125,0,0
1779558941.982536,-0.00390625,0.41796875,-0.09375,0.0,0.0,-0.125,0,0
1779558941.990511,-0.00390625,0.41796875,-0.09375,0.0,-0.013671875,-0.119140625,0,0
1779558941.998462,-0.048828125,0.37890625,-0.154296875,0.0,-0.013671875,-0.119140625,0,0
1779558942.006468,-0.048828125,0.37890625,-0.154296875,0.0,-0.052734375,-0.111328125,0,0
1779558942.014461,-0.080078125,0.341796875,-0.22265625,0.0,-0.052734375,-0.111328125,0,0
1779558942.022438,-0.080078125,0.341796875,-0.22265625,0.0,-0.083984375,-0.1015625,0,0
1779558942.030483,-0.08984375,0.318359375,-0.271484375,0.0,-0.083984375,-0.1015625,0,0
1779558942.038473,-0.08984375,0.318359375,-0.271484375,0.0,-0.10546875,-0.095703125,0,0
1779558942.046473,-0.076171875,0.302734375,-0.296875,0.0,-0.10546875,-0.095703125,0,0
1779558942.054477,-0.076171875,0.302734375,-0.296875,0.0,-0.111328125,-0.08984375,0,0
1779558942.062484,-0.056640625,0.294921875,-0.30859375,0.0,-0.111328125,-0.08984375,0,0
1779558942.070483,-0.056640625,0.294921875,-0.30859375,0.0,-0.103515625,-0.08984375,0,0
1779558942.078450,-0.05078125,0.2890625,-0.318359375,0.0,-0.103515625,-0.08984375,0,0
1779558942.086507,-0.05078125,0.2890625,-0.318359375,0.0,-0.099609375,-0.08984375,0,0
1779558942.094483,-0.068359375,0.28515625,-0.341796875,0.0,-0.099609375,-0.08984375,0,0
1779558942.102450,-0.068359375,0.28515625,-0.341796875,0.0,-0.11328125,-0.09375,0,0
1779558942.110502,-0.099609375,0.2734375,-0.369140625,0.0,-0.11328125,-0.09375,0,0
1779558942.118492,-0.099609375,0.2734375,-0.369140625,0.0,-0.125,-0.099609375,0,0
1779558942.126479,-0.130859375,0.259765625,-0.39453125,0.0,-0.125,-0.099609375,0,0
1779558942.134495,-0.130859375,0.259765625,-0.39453125,0.0,-0.142578125,-0.10546875,0,0
1779558942.142456,-0.14453125,0.244140625,-0.416015625,0.0,-0.142578125,-0.10546875,0,0
1779558942.150466,-0.14453125,0.244140625,-0.416015625,0.0,-0.15234375,-0.107421875,0,0
1779558942.158449,-0.134765625,0.236328125,-0.41796875,0.0,-0.15234375,-0.107421875,0,0
1779558942.166432,-0.134765625,0.236328125,-0.41796875,0.0,-0.146484375,-0.107421875,0,0
1779558942.174446,-0.115234375,0.236328125,-0.416015625,0.0,-0.146484375,-0.107421875,0,0
1779558942.182545,-0.115234375,0.236328125,-0.416015625,0.0,-0.138671875,-0.1015625,0,0
1779558942.190510,-0.103515625,0.2421875,-0.41796875,0.0,-0.138671875,-0.1015625,0,0
1779558942.198456,-0.103515625,0.2421875,-0.41796875,0.0,-0.1328125,-0.099609375,0,0
1779558942.206490,-0.103515625,0.248046875,-0.435546875,0.0,-0.1328125,-0.099609375,0,0
1779558942.214505,-0.103515625,0.248046875,-0.435546875,0.0,-0.134765625,-0.09765625,0,0
1779558942.222491,-0.1171875,0.24609375,-0.44140625,0.0,-0.134765625,-0.09765625,0,0
1779558942.230449,-0.1171875,0.24609375,-0.44140625,0.0,-0.14453125,-0.09765625,0,0
1779558942.238486,-0.130859375,0.23828125,-0.44921875,0.0,-0.14453125,-0.09765625,0,0
1779558942.246455,-0.130859375,0.23828125,-0.44921875,0.0,-0.15234375,-0.099609375,0,0
1779558942.254487,-0.1328125,0.236328125,-0.451171875,0.0,-0.15234375,-0.099609375,0,0
1779558942.262439,-0.1328125,0.236328125,-0.451171875,0.0,-0.15625,-0.099609375,0,0
1779558942.270516,-0.12109375,0.23046875,-0.443359375,0.0,-0.15625,-0.099609375,0,0
1779558942.278485,-0.12109375,0.23046875,-0.443359375,0.0,-0.150390625,-0.099609375,0,0
1779558942.286508,-0.1015625,0.2265625,-0.435546875,0.0,-0.150390625,-0.099609375,0,0
1779558942.294473,-0.1015625,0.2265625,-0.435546875,0.0,-0.142578125,-0.095703125,0,0
1779558942.302490,-0.083984375,0.220703125,-0.43359375,0.0,-0.142578125,-0.095703125,0,0
1779558942.310503,-0.083984375,0.220703125,-0.43359375,0.0,-0.1328125,-0.09375,0,0
1779558942.318471,-0.08203125,0.212890625,-0.435546875,0.0,-0.1328125,-0.09375,0,0
1779558942.326466,-0.08203125,0.212890625,-0.435546875,0.0,-0.1328125,-0.09375,0,0
1779558942.334472,-0.08203125,0.201171875,-0.435546875,0.0,-0.1328125,-0.09375,0,0
1779558942.342542,-0.08203125,0.201171875,-0.435546875,0.0,-0.134765625,-0.09375,0,0
1779558942.350525,-0.08203125,0.19140625,-0.43359375,0.0,-0.134765625,-0.09375,0,0
1779558942.358488,-0.08203125,0.19140625,-0.43359375,0.0,-0.134765625,-0.09375,0,0
1779558942.366452,-0.078125,0.185546875,-0.431640625,0.0,-0.134765625,-0.09375,0,0
1779558942.374492,-0.078125,0.185546875,-0.431640625,0.0,-0.134765625,-0.091796875,0,0
1779558942.382452,-0.0703125,0.181640625,-0.431640625,0.0,-0.134765625,-0.091796875,0,0
1779558942.390501,-0.0703125,0.181640625,-0.431640625,0.0,-0.12890625,-0.08984375,0,0
1779558942.398436,-0.06640625,0.177734375,-0.43359375,0.0,-0.12890625,-0.08984375,0,0
1779558942.406448,-0.06640625,0.177734375,-0.43359375,0.0,-0.12890625,-0.087890625,0,0
1779558942.414470,-0.06640625,0.177734375,-0.435546875,0.0,-0.12890625,-0.087890625,0,0
1779558942.422462,-0.06640625,0.177734375,-0.435546875,0.0,-0.130859375,-0.0859375,0,0
1779558942.430507,-0.0703125,0.1796875,-0.439453125,0.0,-0.130859375,-0.0859375,0,0
1779558942.438407,-0.0703125,0.1796875,-0.439453125,0.0,-0.1328125,-0.0859375,0,0
1779558942.446516,-0.078125,0.1796875,-0.439453125,0.0,-0.1328125,-0.0859375,0,0
1779558942.454486,-0.078125,0.1796875,-0.439453125,0.0,-0.134765625,-0.0859375,0,0
1779558942.462482,-0.08203125,0.171875,-0.4453125,0.0,-0.134765625,-0.0859375,0,0
1779558942.470486,-0.08203125,0.171875,-0.4453125,0.0,-0.140625,-0.083984375,0,0
1779558942.478425,-0.078125,0.1640625,-0.4453125,0.0,-0.140625,-0.083984375,0,0
1779558942.486464,-0.078125,0.1640625,-0.4453125,0.0,-0.140625,-0.08203125,0,0
1779558942.494424,-0.0703125,0.16015625,-0.443359375,0.0,-0.140625,-0.08203125,0,0
1779558942.502469,-0.0703125,0.16015625,-0.443359375,0.0,-0.138671875,-0.080078125,0,0
1779558942.510484,-0.0625,0.15625,-0.443359375,0.0,-0.138671875,-0.080078125,0,0
1779558942.518475,-0.0625,0.15625,-0.443359375,0.0,-0.13671875,-0.080078125,0,0
1779558942.526453,-0.064453125,0.154296875,-0.4453125,0.0,-0.13671875,-0.080078125,0,0
1779558942.534487,-0.064453125,0.154296875,-0.4453125,0.0,-0.140625,-0.080078125,0,0
1779558942.542466,-0.076171875,0.1484375,-0.451171875,0.0,-0.140625,-0.080078125,0,0
1779558942.550467,-0.076171875,0.1484375,-0.451171875,0.0,-0.15234375,-0.078125,0,0
1779558942.558491,-0.0859375,0.142578125,-0.451171875,0.0,-0.15234375,-0.078125,0,0
1779558942.566442,-0.0859375,0.142578125,-0.451171875,0.0,-0.1640625,-0.076171875,0,0
1779558942.574461,-0.087890625,0.13671875,-0.447265625,0.0,-0.1640625,-0.076171875,0,0
1779558942.582507,-0.087890625,0.13671875,-0.447265625,0.0,-0.16796875,-0.07421875,0,0
1779558942.590505,-0.087890625,0.134765625,-0.44140625,0.0,-0.16796875,-0.07421875,0,0
1779558942.598475,-0.087890625,0.134765625,-0.44140625,0.0,-0.16796875,-0.072265625,0,0
1779558942.606429,-0.087890625,0.134765625,-0.4375,0.0,-0.16796875,-0.072265625,0,0
1779558942.614492,-0.087890625,0.134765625,-0.4375,0.0,-0.16796875,-0.0703125,0,0
1779558942.622496,-0.087890625,0.13671875,-0.435546875,0.0,-0.16796875,-0.0703125,0,0
1779558942.630467,-0.087890625,0.13671875,-0.435546875,0.0,-0.16796875,-0.068359375,0,0
1779558942.638481,-0.091796875,0.1328125,-0.4296875,0.0,-0.16796875,-0.068359375,0,0
1779558942.646461,-0.091796875,0.1328125,-0.4296875,0.0,-0.171875,-0.064453125,0,0
1779558942.654454,-0.09375,0.126953125,-0.408203125,0.0,-0.171875,-0.064453125,0,0
1779558942.662439,-0.09375,0.126953125,-0.408203125,0.0,-0.171875,-0.060546875,0,0
1779558942.670541,-0.0703125,0.115234375,-0.33984375,0.0,-0.171875,-0.060546875,0,0
1779558942.678461,-0.0703125,0.115234375,-0.33984375,0.0,-0.146484375,-0.052734375,0,0
1779558942.686471,-0.015625,0.0703125,-0.1953125,0.0,-0.146484375,-0.052734375,0,0
1779558942.694487,-0.015625,0.0703125,-0.1953125,0.005859375,-0.08984375,-0.03125,0,0
1779558942.702485,-0.015625,0.0703125,-0.021484375,0.005859375,-0.08984375,-0.03125,0,0
1779558942.710519,-0.015625,0.0703125,-0.021484375,0.064453125,-0.009765625,-0.03125,0,0
1779558942.726461,-0.015625,0.0703125,-0.021484375,0.052734375,-0.009765625,-0.03125,0,0
1779558942.756498,0.0,0.0,0.0,0.0,0.0,0.0,0,0
1779558942.766479,-0.015625,0.0703125,0.0078125,0.052734375,-0.009765625,-0.03125,0,0
1779558942.774493,-0.015625,0.0703125,0.0078125,0.01953125,-0.009765625,-0.03125,0,0
1779558942.782498,-0.015625,0.0703125,0.037109375,0.01953125,-0.009765625,-0.03125,0,0
1779558942.790479,-0.015625,0.0703125,0.037109375,0.064453125,-0.009765625,-0.03125,0,0
1779558942.798464,-0.015625,0.0703125,-0.009765625,0.064453125,-0.009765625,-0.03125,0,0
1779558942.806474,-0.015625,0.0703125,-0.009765625,-0.021484375,-0.009765625,-0.03125,0,0
1779558942.814515,-0.015625,-0.017578125,-0.009765625,-0.021484375,-0.009765625,-0.03125,0,0
1779558942.838510,-0.015625,-0.017578125,-0.009765625,-0.01953125,-0.009765625,-0.03125,0,0
1779558942.868485,0.0,0.0,0.0,0.0,0.0,0.0,0,0
1779558942.899447,0.0,0.0,0.0,0.0,0.0,0.0,0,0
1779558942.930456,0.0,0.0,0.0,0.0,0.0,0.0,0,0
1779558942.934486,-0.015625,-0.017578125,-0.005859375,-0.01953125,-0.009765625,-0.03125,0,0
1779558942.950482,-0.00390625,-0.017578125,-0.015625,-0.01953125,-0.009765625,-0.03125,0,0
1779558942.958502,-0.00390625,-0.017578125,-0.015625,-0.01953125,-0.013671875,-0.03125,0,0
1779558942.966496,0.0,-0.017578125,-0.03515625,-0.01953125,-0.013671875,-0.03125,0,0
1779558942.974474,0.0,-0.017578125,-0.03515625,-0.01953125,-0.013671875,-0.03125,0,0
1779558942.982471,-0.01953125,-0.017578125,-0.068359375,-0.01953125,-0.013671875,-0.03125,0,0
1779558942.990485,-0.01953125,-0.017578125,-0.068359375,-0.01953125,-0.03125,-0.03125,0,0
1779558942.998523,-0.05078125,-0.017578125,-0.103515625,-0.01953125,-0.03125,-0.03125,0,0
1779558943.006449,-0.05078125,-0.017578125,-0.103515625,-0.01953125,-0.05859375,-0.03125,0,0
1779558943.014460,-0.08984375,-0.017578125,-0.13671875,-0.01953125,-0.05859375,-0.03125,0,0
1779558943.022496,-0.08984375,-0.017578125,-0.13671875,-0.01953125,-0.091796875,-0.03125,0,0
1779558943.030468,-0.125,-0.017578125,-0.162109375,-0.01953125,-0.091796875,-0.03125,0,0
1779558943.038504,-0.125,-0.017578125,-0.162109375,-0.01953125,-0.115234375,-0.03125,0,0
1779558943.046440,-0.15625,-0.017578125,-0.181640625,-0.01953125,-0.115234375,-0.03125,0,0
1779558943.054477,-0.15625,-0.017578125,-0.181640625,0.0234375,-0.134765625,-0.03125,0,0
1779558943.062426,-0.19140625,-0.017578125,-0.205078125,0.0234375,-0.134765625,-0.03125,0,0
1779558943.070425,-0.19140625,-0.017578125,-0.205078125,0.0546875,-0.15234375,-0.03125,0,0
1779558943.078436,-0.224609375,-0.005859375,-0.2265625,0.0546875,-0.15234375,-0.03125,0,0
1779558943.086454,-0.224609375,-0.005859375,-0.2265625,0.0859375,-0.166015625,-0.03125,0,0
1779558943.094506,-0.25,-0.015625,-0.251953125,0.0859375,-0.166015625,-0.03125,0,0
1779558943.102435,-0.25,-0.015625,-0.251953125,0.109375,-0.177734375,-0.03125,0,0
1779558943.110496,-0.263671875,-0.02734375,-0.263671875,0.109375,-0.177734375,-0.03125,0,0
1779558943.118505,-0.263671875,-0.02734375,-0.263671875,0.126953125,-0.18359375,-0.03125,0,0
1779558943.126498,-0.27734375,-0.03125,-0.283203125,0.126953125,-0.18359375,-0.03125,0,0
1779558943.134487,-0.27734375,-0.03125,-0.283203125,0.140625,-0.189453125,-0.00390625,0,0
1779558943.142482,-0.283203125,-0.03125,-0.298828125,0.140625,-0.189453125,-0.00390625,0,0
1779558943.150438,-0.283203125,-0.03125,-0.298828125,0.146484375,-0.189453125,-0.009765625,0,0
1779558943.158440,-0.29296875,-0.029296875,-0.30859375,0.146484375,-0.189453125,-0.009765625,0,0
1779558943.166433,-0.29296875,-0.029296875,-0.30859375,0.15234375,-0.1953125,-0.013671875,0,0
1779558943.174467,-0.302734375,-0.021484375,-0.318359375,0.15234375,-0.1953125,-0.013671875,0,0
1779558943.182444,-0.302734375,-0.021484375,-0.318359375,0.15234375,-0.201171875,-0.017578125,0,0
1779558943.190505,-0.3125,-0.017578125,-0.328125,0.15234375,-0.201171875,-0.017578125,0,0
1779558943.198434,-0.3125,-0.017578125,-0.328125,0.16015625,-0.203125,-0.025390625,0,0
1779558943.206503,-0.322265625,-0.017578125,-0.337890625,0.16015625,-0.203125,-0.025390625,0,0
1779558943.214474,-0.322265625,-0.017578125,-0.337890625,0.173828125,-0.203125,-0.033203125,0,0
1779558943.222450,-0.326171875,-0.01171875,-0.341796875,0.173828125,-0.203125,-0.033203125,0,0
1779558943.230468,-0.326171875,-0.01171875,-0.341796875,0.181640625,-0.203125,-0.041015625,0,0
1779558943.238510,-0.328125,-0.00390625,-0.341796875,0.181640625,-0.203125,-0.041015625,0,0
1779558943.246495,-0.328125,-0.00390625,-0.341796875,0.1875,-0.197265625,-0.048828125,0,0
1779558943.254466,-0.326171875,-0.00390625,-0.34765625,0.1875,-0.197265625,-0.048828125,0,0
1779558943.262491,-0.326171875,-0.00390625,-0.34765625,0.19140625,-0.19140625,-0.056640625,0,0
1779558943.270488,-0.31640625,-0.00390625,-0.345703125,0.19140625,-0.19140625,-0.056640625,0,0
1779558943.278446,-0.31640625,-0.00390625,-0.345703125,0.19140625,-0.185546875,-0.056640625,0,0
1779558943.286441,-0.30078125,-0.00390625,-0.341796875,0.19140625,-0.185546875,-0.056640625,0,0
1779558943.294436,-0.30078125,-0.00390625,-0.341796875,0.18359375,-0.177734375,-0.056640625,0,0
1779558943.302441,-0.271484375,-0.00390625,-0.32421875,0.18359375,-0.177734375,-0.056640625,0,0
1779558943.310487,-0.271484375,-0.00390625,-0.32421875,0.177734375,-0.162109375,-0.052734375,0,0
1779558943.318450,-0.23828125,-0.00390625,-0.2890625,0.177734375,-0.162109375,-0.052734375,0,0
1779558943.326508,-0.23828125,-0.00390625,-0.2890625,0.1640625,-0.146484375,-0.044921875,0,0
1779558943.334469,-0.201171875,-0.00390625,-0.232421875,0.1640625,-0.146484375,-0.044921875,0,0
1779558943.342448,-0.201171875,-0.00390625,-0.232421875,0.140625,-0.125,-0.033203125,0,0
1779558943.350495,-0.16796875,-0.00390625,-0.16796875,0.140625,-0.125,-0.033203125,0,0
1779558943.358517,-0.16796875,-0.00390625,-0.16796875,0.12890625,-0.1015625,-0.01953125,0,0
1779558943.366523,-0.1484375,-0.00390625,-0.123046875,0.12890625,-0.1015625,-0.01953125,0,0
1779558943.374500,-0.1484375,-0.00390625,-0.123046875,0.119140625,-0.08203125,-0.013671875,0,0
1779558943.382506,-0.140625,-0.00390625,-0.1015625,0.119140625,-0.08203125,-0.013671875,0,0
1779558943.390497,-0.140625,-0.00390625,-0.1015625,0.107421875,-0.07421875,-0.009765625,0,0
1779558943.398475,-0.140625,-0.00390625,-0.087890625,0.107421875,-0.07421875,-0.009765625,0,0
1779558943.406466,-0.140625,-0.00390625,-0.087890625,0.087890625,-0.068359375,-0.009765625,0,0
1779558943.414515,-0.13671875,-0.00390625,-0.080078125,0.087890625,-0.068359375,-0.009765625,0,0
1779558943.422532,-0.13671875,-0.00390625,-0.080078125,0.078125,-0.06640625,-0.013671875,0,0
1779558943.430511,-0.109375,-0.00390625,-0.0546875,0.078125,-0.06640625,-0.013671875,0,0
1779558943.438422,-0.109375,-0.00390625,-0.0546875,0.068359375,-0.046875,-0.015625,0,0
1779558943.446483,-0.091796875,-0.00390625,-0.041015625,0.068359375,-0.046875,-0.015625,0,0
1779558943.454486,-0.091796875,-0.00390625,-0.041015625,0.06640625,-0.033203125,-0.015625,0,0
1779558943.462494,-0.05859375,-0.00390625,-0.01171875,0.06640625,-0.033203125,-0.015625,0,0
1779558943.470497,-0.05859375,-0.00390625,-0.01171875,0.06640625,-0.009765625,-0.015625,0,0
1779558943.478474,-0.03515625,-0.00390625,-0.01171875,0.06640625,-0.009765625,-0.015625,0,0
1779558943.486423,-0.03515625,-0.00390625,-0.01171875,0.060546875,-0.009765625,-0.01171875,0,0
1779558943.494485,-0.013671875,-0.00390625,-0.01171875,0.060546875,-0.009765625,-0.01171875,0,0
1779558943.502425,-0.013671875,-0.00390625,-0.01171875,0.046875,-0.009765625,-0.01171875,0,0
1779558943.518461,-0.013671875,-0.00390625,-0.01171875,0.037109375,-0.009765625,-0.01171875,0,0
1779558943.534446,-0.013671875,-0.00390625,-0.01171875,0.017578125,-0.009765625,-0.01171875,0,0
1779558943.564454,0.0,0.0,0.0,0.0,0.0,0.0,0,0
1779558943.595436,0.0,0.0,0.0,0.0,0.0,0.0,0,0
1779558943.626512,0.0,0.0,0.0,0.0,0.0,0.0,0,0
1779558943.657452,0.0,0.0,0.0,0.0,0.0,0.0,0,0
1779558943.688481,0.0,0.0,0.0,0.0,0.0,0.0,0,0
1779558943.719460,0.0,0.0,0.0,0.0,0.0,0.0,0,0
1779558943.750449,0.0,0.0,0.0,0.0,0.0,0.0,0,0
1779558943.781494,0.0,0.0,0.0,0.0,0.0,0.0,0,0
1779558943.812522,0.0,0.0,0.0,0.0,0.0,0.0,0,0
1779558943.843477,0.0,0.0,0.0,0.0,0.0,0.0,0,0
1779558943.862438,-0.013671875,-0.00390625,-0.01171875,0.017578125,-0.009765625,-0.01171875,0,0
1779558943.878492,-0.013671875,-0.005859375,-0.01171875,0.017578125,-0.009765625,-0.01171875,0,0
1779558943.894448,-0.013671875,-0.009765625,-0.01171875,0.017578125,-0.009765625,-0.01171875,0,0
1779558943.910466,-0.013671875,-0.01171875,-0.01171875,0.017578125,-0.009765625,-0.01171875,0,0
1779558943.926550,-0.013671875,-0.01171875,-0.01171875,0.017578125,-0.009765625,-0.01171875,0,0
1779558943.942478,-0.013671875,-0.009765625,-0.01171875,0.017578125,-0.009765625,-0.01171875,0,0
1779558943.958446,-0.013671875,-0.009765625,-0.01171875,0.017578125,-0.009765625,-0.01171875,0,0
1779558943.974471,-0.013671875,-0.0078125,-0.01171875,0.017578125,-0.009765625,-0.01171875,0,0
1779558943.990531,-0.013671875,-0.005859375,-0.01171875,0.017578125,-0.009765625,-0.01171875,0,0
1779558944.006540,-0.013671875,-0.00390625,-0.01171875,0.017578125,-0.009765625,-0.01171875,0,0
1779558944.022476,-0.013671875,-0.00390625,-0.01171875,0.017578125,-0.009765625,-0.01171875,0,0
1779558944.038514,-0.013671875,-0.01171875,-0.01171875,0.017578125,-0.009765625,-0.01171875,0,0
1779558944.054495,-0.013671875,-0.01171875,-0.01171875,0.017578125,-0.009765625,-0.01171875,0,0
1779558944.070487,-0.013671875,-0.01171875,-0.01171875,0.017578125,-0.009765625,-0.01171875,0,0
1779558944.086500,-0.013671875,-0.01171875,-0.01171875,0.017578125,-0.009765625,-0.01171875,0,0
1779558944.102478,-0.013671875,-0.009765625,-0.01171875,0.017578125,-0.009765625,-0.01171875,0,0
1779558944.118482,-0.013671875,-0.009765625,-0.01171875,0.017578125,-0.009765625,-0.01171875,0,0
1779558944.134446,-0.013671875,-0.009765625,-0.01171875,0.017578125,-0.009765625,-0.01171875,0,0
1779558944.150441,-0.013671875,0.0,-0.01171875,0.017578125,-0.009765625,-0.01171875,0,0
1779558944.180449,0.0,0.0,0.0,0.0,0.0,0.0,0,0
1779558944.211478,0.0,0.0,0.0,0.0,0.0,0.0,0,0
1779558944.242475,0.0,0.0,0.0,0.0,0.0,0.0,0,0
1779558944.273525,0.0,0.0,0.0,0.0,0.0,0.0,0,0
1779558944.304489,0.0,0.0,0.0,0.0,0.0,0.0,0,0
1779558944.335529,0.0,0.0,0.0,0.0,0.0,0.0,0,0
1779558944.366431,-0.01171875,0.0,-0.01171875,0.017578125,-0.009765625,-0.01171875,0,0
1779558944.382487,-0.03125,0.0,-0.01171875,0.017578125,-0.009765625,-0.01171875,0,0
1779558944.398453,-0.052734375,-0.01953125,-0.01171875,0.017578125,-0.009765625,-0.01171875,0,0
1779558944.406471,-0.052734375,-0.01953125,-0.01171875,0.017578125,0.0,-0.01171875,0,0
1779558944.414489,-0.072265625,-0.0390625,-0.01171875,0.017578125,0.0,-0.01171875,0,0
1779558944.422468,-0.072265625,-0.0390625,-0.01171875,0.017578125,0.0,-0.01171875,0,0
1779558944.430455,-0.115234375,-0.0703125,-0.01171875,0.017578125,0.0,-0.01171875,0,0
1779558944.438432,-0.115234375,-0.0703125,-0.01171875,0.017578125,-0.015625,-0.01171875,0,0
1779558944.446447,-0.158203125,-0.107421875,-0.01171875,0.017578125,-0.015625,-0.01171875,0,0
1779558944.454481,-0.158203125,-0.107421875,-0.01171875,0.017578125,-0.03515625,-0.01171875,0,0
1779558944.462478,-0.19921875,-0.13671875,-0.01171875,0.017578125,-0.03515625,-0.01171875,0,0
1779558944.470464,-0.19921875,-0.13671875,-0.01171875,0.017578125,-0.060546875,-0.01171875,0,0
1779558944.478435,-0.224609375,-0.15625,-0.00390625,0.017578125,-0.060546875,-0.01171875,0,0
1779558944.486481,-0.224609375,-0.15625,-0.00390625,0.013671875,-0.07421875,-0.01171875,0,0
1779558944.494469,-0.25390625,-0.166015625,-0.017578125,0.013671875,-0.07421875,-0.01171875,0,0
1779558944.502468,-0.25390625,-0.166015625,-0.017578125,0.02734375,-0.08984375,-0.01171875,0,0
1779558944.510471,-0.26953125,-0.173828125,-0.02734375,0.02734375,-0.08984375,-0.01171875,0,0
1779558944.518519,-0.26953125,-0.173828125,-0.02734375,0.037109375,-0.099609375,-0.01171875,0,0
1779558944.526497,-0.27734375,-0.1796875,-0.0390625,0.037109375,-0.099609375,-0.01171875,0,0
1779558944.534476,-0.27734375,-0.1796875,-0.0390625,0.048828125,-0.107421875,-0.01171875,0,0
1779558944.542485,-0.28125,-0.18359375,-0.05078125,0.048828125,-0.107421875,-0.01171875,0,0
1779558944.550492,-0.28125,-0.18359375,-0.05078125,0.056640625,-0.109375,-0.01171875,0,0
1779558944.558544,-0.28515625,-0.1875,-0.060546875,0.056640625,-0.109375,-0.01171875,0,0
1779558944.566514,-0.28515625,-0.1875,-0.060546875,0.06640625,-0.11328125,-0.01171875,0,0
1779558944.574421,-0.287109375,-0.193359375,-0.068359375,0.06640625,-0.11328125,-0.01171875,0,0
1779558944.582489,-0.287109375,-0.193359375,-0.068359375,0.07421875,-0.115234375,-0.01171875,0,0
1779558944.590506,-0.287109375,-0.19921875,-0.0703125,0.07421875,-0.115234375,-0.01171875,0,0
1779558944.598485,-0.287109375,-0.19921875,-0.0703125,0.083984375,-0.1171875,-0.01171875,0,0
1779558944.606486,-0.283203125,-0.201171875,-0.076171875,0.083984375,-0.1171875,-0.01171875,0,0
1779558944.614442,-0.283203125,-0.201171875,-0.076171875,0.08984375,-0.1171875,-0.01171875,0,0
1779558944.622484,-0.26953125,-0.19921875,-0.07421875,0.08984375,-0.1171875,-0.01171875,0,0
1779558944.630459,-0.26953125,-0.19921875,-0.07421875,0.08984375,-0.111328125,-0.01171875,0,0
1779558944.638516,-0.25390625,-0.1953125,-0.0703125,0.08984375,-0.111328125,-0.01171875,0,0
1779558944.646464,-0.25390625,-0.1953125,-0.0703125,0.08984375,-0.103515625,-0.01171875,0,0
1779558944.654503,-0.236328125,-0.193359375,-0.06640625,0.08984375,-0.103515625,-0.01171875,0,0
1779558944.662467,-0.236328125,-0.193359375,-0.06640625,0.09375,-0.09765625,-0.01171875,0,0
1779558944.670427,-0.216796875,-0.185546875,-0.056640625,0.09375,-0.09765625,-0.01171875,0,0
1779558944.678457,-0.216796875,-0.185546875,-0.056640625,0.09765625,-0.0859375,-0.01171875,0,0
1779558944.686423,-0.197265625,-0.181640625,-0.046875,0.09765625,-0.0859375,-0.01171875,0,0
1779558944.694444,-0.197265625,-0.181640625,-0.046875,0.109375,-0.07421875,-0.01171875,0,0
1779558944.702419,-0.1796875,-0.177734375,-0.04296875,0.109375,-0.07421875,-0.01171875,0,0
1779558944.710472,-0.1796875,-0.177734375,-0.04296875,0.111328125,-0.06640625,-0.01171875,0,0
1779558944.718481,-0.166015625,-0.171875,-0.033203125,0.111328125,-0.06640625,-0.01171875,0,0
1779558944.726443,-0.166015625,-0.171875,-0.033203125,0.111328125,-0.060546875,-0.01171875,0,0
1779558944.734435,-0.1484375,-0.162109375,-0.0234375,0.111328125,-0.060546875,-0.01171875,0,0
1779558944.742414,-0.1484375,-0.162109375,-0.0234375,0.103515625,-0.052734375,-0.01171875,0,0
1779558944.750416,-0.125,-0.142578125,-0.0078125,0.103515625,-0.052734375,-0.01171875,0,0
1779558944.758461,-0.125,-0.142578125,-0.0078125,0.08984375,-0.044921875,-0.01171875,0,0
1779558944.766404,-0.099609375,-0.12109375,-0.0078125,0.08984375,-0.044921875,-0.01171875,0,0
1779558944.774446,-0.099609375,-0.12109375,-0.0078125,0.07421875,-0.03125,-0.01171875,0,0
1779558944.782454,-0.072265625,-0.103515625,-0.0078125,0.07421875,-0.03125,-0.01171875,0,0
1779558944.790458,-0.072265625,-0.103515625,-0.0078125,0.05859375,-0.017578125,-0.01171875,0,0
1779558944.798485,-0.0546875,-0.08984375,-0.0078125,0.05859375,-0.017578125,-0.01171875,0,0
1779558944.806450,-0.0546875,-0.08984375,-0.0078125,0.046875,-0.01171875,-0.01171875,0,0
1779558944.814442,-0.04296875,-0.078125,-0.0078125,0.046875,-0.01171875,-0.01171875,0,0
1779558944.822476,-0.04296875,-0.078125,-0.0078125,0.0390625,-0.005859375,-0.01171875,0,0
1779558944.830462,-0.01953125,-0.052734375,-0.0078125,0.0390625,-0.005859375,-0.01171875,0,0
1779558944.838446,-0.01953125,-0.052734375,-0.0078125,0.015625,-0.005859375,-0.01171875,0,0
1779558944.846479,-0.01953125,-0.015625,-0.0078125,0.015625,-0.005859375,-0.01171875,0,0
1779558944.862453,-0.01953125,-0.00390625,-0.0078125,0.015625,-0.005859375,-0.01171875,0,0
1779558944.892454,0.0,0.0,0.0,0.0,0.0,0.0,0,0
1779558944.918407,-0.01953125,-0.00390625,-0.0078125,0.005859375,-0.005859375,-0.01171875,0,0
1779558944.948499,0.0,0.0,0.0,0.0,0.0,0.0,0,0
1779558944.979473,0.0,0.0,0.0,0.0,0.0,0.0,0,0
1779558945.010501,0.0,0.0,0.0,0.0,0.0,0.0,0,0
1779558945.022454,-0.01953125,-0.00390625,-0.025390625,0.005859375,-0.005859375,-0.01171875,0,0
1779558945.038481,-0.01953125,-0.00390625,-0.03125,0.005859375,-0.005859375,-0.01171875,0,0
1779558945.054450,-0.01953125,-0.013671875,-0.048828125,0.005859375,-0.005859375,-0.01171875,0,0
1779558945.070508,-0.01953125,-0.04296875,-0.0859375,0.005859375,-0.005859375,-0.01171875,0,0
1779558945.086447,-0.01953125,-0.072265625,-0.13671875,0.005859375,-0.005859375,-0.01171875,0,0
1779558945.094444,-0.01953125,-0.072265625,-0.13671875,0.005859375,-0.009765625,-0.01171875,0,0
1779558945.102463,-0.01953125,-0.0859375,-0.173828125,0.005859375,-0.009765625,-0.01171875,0,0
1779558945.110488,-0.01953125,-0.0859375,-0.173828125,0.005859375,-0.03125,-0.01171875,0,0
1779558945.118468,-0.01953125,-0.1015625,-0.21484375,0.005859375,-0.03125,-0.01171875,0,0
1779558945.126497,-0.01953125,-0.1015625,-0.21484375,0.005859375,-0.046875,-0.01171875,0,0
1779558945.134475,-0.01953125,-0.1171875,-0.251953125,0.005859375,-0.046875,-0.01171875,0,0
1779558945.142494,-0.01953125,-0.1171875,-0.251953125,0.005859375,-0.060546875,-0.01171875,0,0
1779558945.150514,-0.01953125,-0.125,-0.275390625,0.005859375,-0.060546875,-0.01171875,0,0
1779558945.158506,-0.01953125,-0.125,-0.275390625,0.005859375,-0.068359375,-0.01171875,0,0
1779558945.166514,-0.01953125,-0.1328125,-0.283203125,0.005859375,-0.068359375,-0.01171875,0,0
1779558945.174514,-0.01953125,-0.1328125,-0.283203125,0.005859375,-0.068359375,-0.01171875,0,0
1779558945.182494,-0.01953125,-0.138671875,-0.2890625,0.005859375,-0.068359375,-0.01171875,0,0
1779558945.190510,-0.01953125,-0.138671875,-0.2890625,0.005859375,-0.060546875,-0.01171875,0,0
1779558945.198491,-0.01953125,-0.14453125,-0.2890625,0.005859375,-0.060546875,-0.01171875,0,0
1779558945.206483,-0.01953125,-0.14453125,-0.2890625,0.005859375,-0.05859375,-0.01171875,0,0
1779558945.214442,-0.01953125,-0.14453125,-0.287109375,0.005859375,-0.05859375,-0.01171875,0,0
1779558945.222514,-0.01953125,-0.14453125,-0.287109375,0.005859375,-0.052734375,-0.01171875,0,0
1779558945.230412,-0.01953125,-0.142578125,-0.275390625,0.005859375,-0.052734375,-0.01171875,0,0
1779558945.238456,-0.01953125,-0.142578125,-0.275390625,0.005859375,-0.048828125,-0.01171875,0,0
1779558945.246451,-0.01953125,-0.138671875,-0.265625,0.005859375,-0.048828125,-0.01171875,0,0
1779558945.254467,-0.01953125,-0.138671875,-0.265625,0.005859375,-0.046875,-0.01171875,0,0
1779558945.262450,-0.01953125,-0.1328125,-0.25390625,0.005859375,-0.046875,-0.01171875,0,0
1779558945.270453,-0.01953125,-0.1328125,-0.25390625,0.005859375,-0.052734375,-0.01171875,0,0
1779558945.278438,-0.01953125,-0.125,-0.23828125,0.005859375,-0.052734375,-0.01171875,0,0
1779558945.286438,-0.01953125,-0.125,-0.23828125,0.005859375,-0.048828125,-0.01171875,0,0
1779558945.294443,-0.01953125,-0.11328125,-0.21875,0.005859375,-0.048828125,-0.01171875,0,0
1779558945.302419,-0.01953125,-0.11328125,-0.21875,0.005859375,-0.048828125,-0.01171875,0,0
1779558945.310458,-0.01953125,-0.1015625,-0.1875,0.005859375,-0.048828125,-0.01171875,0,0
1779558945.318443,-0.01953125,-0.1015625,-0.1875,0.005859375,-0.037109375,-0.01171875,0,0
1779558945.326470,-0.01953125,-0.091796875,-0.15234375,0.005859375,-0.037109375,-0.01171875,0,0
1779558945.334466,-0.01953125,-0.091796875,-0.15234375,0.005859375,-0.021484375,-0.01171875,0,0
1779558945.342443,-0.01953125,-0.078125,-0.1171875,0.005859375,-0.021484375,-0.01171875,0,0
1779558945.350482,-0.01953125,-0.078125,-0.1171875,0.005859375,-0.005859375,-0.01171875,0,0
1779558945.358512,-0.01953125,-0.06640625,-0.09375,0.005859375,-0.005859375,-0.01171875,0,0
1779558945.374437,-0.01953125,-0.052734375,-0.07421875,0.005859375,-0.005859375,-0.01171875,0,0
1779558945.390471,-0.01953125,-0.0390625,-0.05078125,0.005859375,-0.005859375,-0.01171875,0,0
1779558945.406464,-0.01953125,-0.01953125,-0.01953125,0.005859375,-0.005859375,-0.01171875,0,0
1779558945.436465,0.0,0.0,0.0,0.0,0.0,0.0,0,0
1779558945.467522,0.0,0.0,0.0,0.0,0.0,0.0,0,0
1779558945.498475,0.0,0.0,0.0,0.0,0.0,0.0,0,0
1779558945.529530,0.0,0.0,0.0,0.0,0.0,0.0,0,0
1779558945.560492,0.0,0.0,0.0,0.0,0.0,0.0,0,0
1779558945.591491,0.0,0.0,0.0,0.0,0.0,0.0,0,0
1779558945.622493,0.0,0.0,0.0,0.0,0.0,0.0,0,0
1779558945.653491,0.0,0.0,0.0,0.0,0.0,0.0,0,0
1779558945.684447,0.0,0.0,0.0,0.0,0.0,0.0,0,0
1779558945.715487,0.0,0.0,0.0,0.0,0.0,0.0,0,0
1779558945.746492,0.0,0.0,0.0,0.0,0.0,0.0,0,0
1779558945.777443,0.0,0.0,0.0,0.0,0.0,0.0,0,0
1779558945.808456,0.0,0.0,0.0,0.0,0.0,0.0,0,0
1779558945.839418,0.0,0.0,0.0,0.0,0.0,0.0,0,0
1779558945.870450,0.0,0.0,0.0,0.0,0.0,0.0,0,0
1779558945.901446,0.0,0.0,0.0,0.0,0.0,0.0,0,0
1779558945.932457,0.0,0.0,0.0,0.0,0.0,0.0,0,0
1779558945.963446,0.0,0.0,0.0,0.0,0.0,0.0,0,0
1779558945.994468,0.0,0.0,0.0,0.0,0.0,0.0,0,0
1779558946.025444,0.0,0.0,0.0,0.0,0.0,0.0,0,0
1779558946.056502,0.0,0.0,0.0,0.0,0.0,0.0,0,0
1779558946.087497,0.0,0.0,0.0,0.0,0.0,0.0,0,0
1779558946.118519,0.0,0.0,0.0,0.0,0.0,0.0,0,0
1779558946.149466,0.0,0.0,0.0,0.0,0.0,0.0,0,0
1779558946.180498,0.0,0.0,0.0,0.0,0.0,0.0,0,0
1779558946.211490,0.0,0.0,0.0,0.0,0.0,0.0,0,0
1779558946.214483,0.015625,-0.01953125,-0.01953125,0.005859375,-0.005859375,-0.01171875,0,0
1779558946.230494,0.099609375,0.021484375,-0.01953125,0.005859375,-0.005859375,-0.01171875,0,0
1779558946.238480,0.099609375,0.021484375,-0.01953125,0.005859375,0.0078125,-0.01171875,0,0
1779558946.246453,0.16015625,0.037109375,-0.01953125,0.005859375,0.0078125,-0.01171875,0,0
1779558946.254543,0.16015625,0.037109375,-0.01953125,0.013671875,0.029296875,-0.01171875,0,0
1779558946.262512,0.181640625,0.048828125,-0.01953125,0.013671875,0.029296875,-0.01171875,0,0
1779558946.270505,0.181640625,0.048828125,-0.01953125,0.029296875,0.03125,-0.01171875,0,0
1779558946.278478,0.19921875,0.05859375,-0.01953125,0.029296875,0.03125,-0.01171875,0,0
1779558946.286474,0.19921875,0.05859375,-0.01953125,0.041015625,0.029296875,-0.01171875,0,0
1779558946.294481,0.216796875,0.064453125,-0.01953125,0.041015625,0.029296875,-0.01171875,0,0
1779558946.302503,0.216796875,0.064453125,-0.01953125,0.041015625,0.03125,-0.01171875,0,0
1779558946.310500,0.228515625,0.0859375,-0.01953125,0.041015625,0.03125,-0.01171875,0,0
1779558946.318474,0.228515625,0.0859375,-0.01953125,0.03515625,0.03515625,0.01171875,0,0
1779558946.326502,0.236328125,0.1015625,-0.01953125,0.03515625,0.03515625,0.01171875,0,0
1779558946.334475,0.236328125,0.1015625,-0.01953125,0.029296875,0.03515625,0.021484375,0,0
1779558946.342494,0.2421875,0.115234375,-0.01953125,0.029296875,0.03515625,0.021484375,0,0
1779558946.350421,0.2421875,0.115234375,-0.01953125,0.021484375,0.03515625,0.03125,0,0
1779558946.358477,0.244140625,0.12109375,-0.01953125,0.021484375,0.03515625,0.03125,0,0
1779558946.366477,0.244140625,0.12109375,-0.01953125,0.017578125,0.03515625,0.03515625,0,0
1779558946.374508,0.2421875,0.123046875,-0.01953125,0.017578125,0.03515625,0.03515625,0,0
1779558946.382472,0.2421875,0.123046875,-0.01953125,0.013671875,0.033203125,0.03515625,0,0
1779558946.390467,0.2421875,0.119140625,-0.01953125,0.013671875,0.033203125,0.03515625,0,0
1779558946.398515,0.2421875,0.119140625,-0.01953125,0.013671875,0.03515625,0.03515625,0,0
1779558946.406463,0.2421875,0.1171875,-0.01953125,0.013671875,0.03515625,0.03515625,0,0
1779558946.414457,0.2421875,0.1171875,-0.01953125,0.013671875,0.03515625,0.03515625,0,0
1779558946.422468,0.24609375,0.1171875,-0.01953125,0.013671875,0.03515625,0.03515625,0,0
1779558946.430433,0.24609375,0.1171875,-0.01953125,0.013671875,0.0390625,0.033203125,0,0
1779558946.438478,0.248046875,0.1171875,-0.01953125,0.013671875,0.0390625,0.033203125,0,0
1779558946.446465,0.248046875,0.1171875,-0.01953125,0.013671875,0.04296875,0.03125,0,0
1779558946.454502,0.248046875,0.119140625,-0.01953125,0.013671875,0.04296875,0.03125,0,0
1779558946.462448,0.248046875,0.119140625,-0.01953125,0.01171875,0.04296875,0.029296875,0,0
1779558946.470448,0.2421875,0.119140625,-0.01953125,0.01171875,0.04296875,0.029296875,0,0
1779558946.478486,0.2421875,0.119140625,-0.01953125,0.0078125,0.04296875,0.029296875,0,0
1779558946.486502,0.232421875,0.123046875,-0.01953125,0.0078125,0.04296875,0.029296875,0,0
1779558946.494495,0.232421875,0.123046875,-0.01953125,0.005859375,0.037109375,0.029296875,0,0
1779558946.502452,0.228515625,0.123046875,-0.01953125,0.005859375,0.037109375,0.029296875,0,0
1779558946.510448,0.228515625,0.123046875,-0.01953125,0.005859375,0.037109375,0.02734375,0,0
1779558946.518460,0.228515625,0.1328125,-0.01953125,0.005859375,0.037109375,0.02734375,0,0
1779558946.526457,0.228515625,0.1328125,-0.01953125,0.00390625,0.037109375,0.025390625,0,0
1779558946.534452,0.232421875,0.140625,-0.01953125,0.00390625,0.037109375,0.025390625,0,0
1779558946.542527,0.232421875,0.140625,-0.01953125,0.0,0.04296875,0.025390625,0,0
1779558946.550446,0.240234375,0.150390625,-0.01953125,0.0,0.04296875,0.025390625,0,0
1779558946.558447,0.240234375,0.150390625,-0.01953125,0.0,0.046875,0.025390625,0,0
1779558946.566458,0.25,0.154296875,-0.01953125,0.0,0.046875,0.025390625,0,0
1779558946.574495,0.25,0.154296875,-0.01953125,0.0,0.046875,0.03125,0,0
1779558946.582455,0.265625,0.154296875,-0.01953125,0.0,0.046875,0.03125,0,0
1779558946.590483,0.265625,0.154296875,-0.01953125,0.0,0.048828125,0.04296875,0,0
1779558946.598499,0.2734375,0.154296875,-0.01953125,0.0,0.048828125,0.04296875,0,0
1779558946.606490,0.2734375,0.154296875,-0.01953125,0.0,0.048828125,0.048828125,0,0
1779558946.614455,0.279296875,0.15625,-0.01953125,0.0,0.048828125,0.048828125,0,0
1779558946.622452,0.279296875,0.15625,-0.01953125,0.0,0.0546875,0.048828125,0,0
1779558946.630489,0.279296875,0.16015625,-0.01953125,0.0,0.0546875,0.048828125,0,0
1779558946.638464,0.279296875,0.16015625,-0.01953125,0.0,0.056640625,0.048828125,0,0
1779558946.646440,0.275390625,0.16015625,-0.01953125,0.0,0.056640625,0.048828125,0,0
1779558946.654471,0.275390625,0.16015625,-0.01953125,0.0,0.056640625,0.044921875,0,0
1779558946.662506,0.275390625,0.154296875,-0.01953125,0.0,0.056640625,0.044921875,0,0
1779558946.670466,0.275390625,0.154296875,-0.01953125,0.0,0.05859375,0.04296875,0,0
1779558946.678457,0.2734375,0.146484375,-0.01953125,0.0,0.05859375,0.04296875,0,0
1779558946.686449,0.2734375,0.146484375,-0.01953125,0.0,0.0625,0.041015625,0,0
1779558946.694499,0.267578125,0.140625,-0.01953125,0.0,0.0625,0.041015625,0,0
1779558946.702491,0.267578125,0.140625,-0.01953125,0.0,0.060546875,0.037109375,0,0
1779558946.710524,0.25390625,0.13671875,-0.01953125,0.0,0.060546875,0.037109375,0,0
1779558946.718494,0.25390625,0.13671875,-0.01953125,0.0,0.05859375,0.03125,0,0
1779558946.726462,0.2421875,0.12890625,-0.01953125,0.0,0.05859375,0.03125,0,0
1779558946.734472,0.2421875,0.12890625,-0.01953125,0.0,0.05859375,0.025390625,0,0
1779558946.742470,0.23046875,0.12109375,-0.01953125,0.0,0.05859375,0.025390625,0,0
1779558946.750463,0.23046875,0.12109375,-0.01953125,0.0,0.056640625,0.017578125,0,0
1779558946.758502,0.224609375,0.111328125,-0.01953125,0.0,0.056640625,0.017578125,0,0
1779558946.766441,0.224609375,0.111328125,-0.01953125,0.0,0.060546875,0.0078125,0,0
1779558946.774491,0.21484375,0.095703125,-0.01953125,0.0,0.060546875,0.0078125,0,0
1779558946.782498,0.21484375,0.095703125,-0.01953125,0.0,0.05859375,0.0078125,0,0
1779558946.790526,0.201171875,0.0859375,-0.01953125,0.0,0.05859375,0.0078125,0,0
1779558946.798449,0.201171875,0.0859375,-0.01953125,0.0,0.056640625,0.0078125,0,0
1779558946.806464,0.1953125,0.08984375,-0.01953125,0.0,0.056640625,0.0078125,0,0
1779558946.814458,0.1953125,0.08984375,-0.01953125,0.0,0.048828125,0.0078125,0,0
1779558946.822496,0.193359375,0.091796875,-0.01953125,0.0,0.048828125,0.0078125,0,0
1779558946.830455,0.193359375,0.091796875,-0.01953125,0.0,0.046875,0.0078125,0,0
1779558946.838473,0.1953125,0.091796875,-0.01953125,0.0,0.046875,0.0078125,0,0
1779558946.846421,0.1953125,0.091796875,-0.01953125,0.0,0.04296875,0.0078125,0,0
1779558946.854460,0.1953125,0.083984375,-0.01953125,0.0,0.04296875,0.0078125,0,0
1779558946.862473,0.1953125,0.083984375,-0.01953125,0.0,0.041015625,0.0078125,0,0
1779558946.870463,0.197265625,0.080078125,-0.01953125,0.0,0.041015625,0.0078125,0,0
1779558946.878459,0.197265625,0.080078125,-0.01953125,0.0,0.0390625,0.0078125,0,0
1779558946.886455,0.20703125,0.076171875,-0.01953125,0.0,0.0390625,0.0078125,0,0
1779558946.894486,0.20703125,0.076171875,-0.01953125,0.0,0.037109375,0.0078125,0,0
1779558946.902478,0.220703125,0.080078125,-0.01953125,0.0,0.037109375,0.0078125,0,0
1779558946.910490,0.220703125,0.080078125,-0.01953125,0.0,0.0390625,0.0078125,0,0
1779558946.918478,0.23828125,0.080078125,-0.01953125,0.0,0.0390625,0.0078125,0,0
1779558946.926460,0.23828125,0.080078125,-0.01953125,0.0,0.046875,0.00390625,0,0
1779558946.934430,0.25,0.08203125,-0.01953125,0.0,0.046875,0.00390625,0,0
1779558946.942511,0.25,0.08203125,-0.01953125,0.0,0.046875,0.00390625,0,0
1779558946.950460,0.26171875,0.072265625,-0.01953125,0.0,0.046875,0.00390625,0,0
1779558946.958472,0.26171875,0.072265625,-0.01953125,0.0,0.046875,0.00390625,0,0
1779558946.966500,0.275390625,0.056640625,-0.01953125,0.0,0.046875,0.00390625,0,0
1779558946.974464,0.275390625,0.056640625,-0.01953125,0.0078125,0.048828125,0.0,0,0
1779558946.982525,0.283203125,0.037109375,-0.01953125,0.0078125,0.048828125,0.0,0,0
1779558946.990522,0.283203125,0.037109375,-0.01953125,0.013671875,0.048828125,0.0,0,0
1779558946.998495,0.27734375,0.017578125,-0.01953125,0.013671875,0.048828125,0.0,0,0
1779558947.006510,0.27734375,0.017578125,-0.01953125,0.015625,0.04296875,0.0,0,0
1779558947.014456,0.26953125,0.017578125,-0.01953125,0.015625,0.04296875,0.0,0,0
1779558947.022499,0.26953125,0.017578125,-0.01953125,0.01171875,0.029296875,0.0,0,0
1779558947.030451,0.255859375,0.017578125,-0.005859375,0.01171875,0.029296875,0.0,0,0
1779558947.038446,0.255859375,0.017578125,-0.005859375,0.01171875,0.015625,0.0,0,0
1779558947.046482,0.248046875,0.017578125,-0.0234375,0.01171875,0.015625,0.0,0,0
1779558947.054478,0.248046875,0.017578125,-0.0234375,0.0078125,0.005859375,0.0,0,0
1779558947.062460,0.23046875,0.017578125,-0.056640625,0.0078125,0.005859375,0.0,0,0
1779558947.070480,0.23046875,0.017578125,-0.056640625,0.0,0.005859375,0.0,0,0
1779558947.078484,0.205078125,0.017578125,-0.091796875,0.0,0.005859375,0.0,0,0
1779558947.094528,0.177734375,-0.02734375,-0.126953125,0.0,0.005859375,0.0,0,0
1779558947.110454,0.15625,-0.052734375,-0.15625,0.0,0.005859375,0.0,0,0
1779558947.126544,0.142578125,-0.068359375,-0.18359375,0.0,0.005859375,0.0,0,0
1779558947.134526,0.142578125,-0.068359375,-0.18359375,0.0,-0.00390625,0.0,0,0
1779558947.142519,0.13671875,-0.076171875,-0.19921875,0.0,-0.00390625,0.0,0,0
1779558947.150462,0.13671875,-0.076171875,-0.19921875,0.0,-0.00390625,0.0,0,0
1779558947.158485,0.12890625,-0.080078125,-0.203125,0.0,-0.00390625,0.0,0,0
1779558947.166453,0.12890625,-0.080078125,-0.203125,0.0,-0.005859375,0.0,0,0
1779558947.174575,0.123046875,-0.078125,-0.201171875,0.0,-0.005859375,0.0,0,0
1779558947.182503,0.123046875,-0.078125,-0.201171875,0.0,-0.005859375,0.0,0,0
1779558947.190501,0.109375,-0.076171875,-0.205078125,0.0,-0.005859375,0.0,0,0
1779558947.198518,0.109375,-0.076171875,-0.205078125,-0.0078125,-0.013671875,0.0,0,0
1779558947.206491,0.09375,-0.072265625,-0.2109375,-0.0078125,-0.013671875,0.0,0,0
1779558947.214435,0.09375,-0.072265625,-0.2109375,-0.009765625,-0.0234375,0.0,0,0
1779558947.222440,0.07421875,-0.060546875,-0.212890625,-0.009765625,-0.0234375,0.0,0,0
1779558947.230424,0.07421875,-0.060546875,-0.212890625,-0.009765625,-0.03515625,0.0,0,0
1779558947.238421,0.0625,-0.052734375,-0.2109375,-0.009765625,-0.03515625,0.0,0,0
1779558947.246481,0.0625,-0.052734375,-0.2109375,-0.013671875,-0.041015625,0.0,0,0
1779558947.254447,0.0546875,-0.044921875,-0.201171875,-0.013671875,-0.041015625,0.0,0,0
1779558947.262474,0.0546875,-0.044921875,-0.201171875,-0.015625,-0.046875,0.0,0,0
1779558947.270402,0.0625,-0.037109375,-0.18359375,-0.015625,-0.046875,0.0,0,0
1779558947.278448,0.0625,-0.037109375,-0.18359375,-0.015625,-0.037109375,0.0,0,0
1779558947.286478,0.076171875,-0.029296875,-0.166015625,-0.015625,-0.037109375,0.0,0,0
1779558947.294461,0.076171875,-0.029296875,-0.166015625,-0.015625,-0.02734375,0.0,0,0
1779558947.302453,0.080078125,-0.021484375,-0.1484375,-0.015625,-0.02734375,0.0,0,0
1779558947.310536,0.080078125,-0.021484375,-0.1484375,-0.01171875,-0.017578125,0.0,0,0
1779558947.318506,0.083984375,-0.0078125,-0.099609375,-0.01171875,-0.017578125,0.0,0,0
1779558947.334495,0.09375,-0.0078125,-0.025390625,-0.01171875,-0.017578125,0.0,0,0
1779558947.350549,0.080078125,-0.0078125,-0.025390625,-0.01171875,-0.017578125,0.0,0,0
1779558947.366498,0.056640625,-0.0078125,-0.025390625,-0.01171875,-0.017578125,0.0,0,0
1779558947.382498,0.04296875,-0.0078125,-0.025390625,-0.01171875,-0.017578125,0.0,0,0
1779558947.398460,0.033203125,-0.0078125,-0.025390625,-0.01171875,-0.017578125,0.0,0,0
1779558947.414460,0.03515625,-0.0078125,-0.025390625,-0.01171875,-0.017578125,0.0,0,0
1779558947.430538,0.03125,-0.0078125,-0.025390625,-0.01171875,-0.017578125,0.0,0,0
1779558947.446503,0.0078125,-0.0078125,-0.025390625,-0.01171875,-0.017578125,0.0,0,0
1779558947.462475,0.0078125,-0.0078125,-0.025390625,-0.01171875,-0.017578125,0.0,0,0
1779558947.492491,0.0,0.0,0.0,0.0,0.0,0.0,0,0
1779558947.523514,0.0,0.0,0.0,0.0,0.0,0.0,0,0
1779558947.554469,0.0,0.0,0.0,0.0,0.0,0.0,0,0
1779558947.585474,0.0,0.0,0.0,0.0,0.0,0.0,0,0
1779558947.616515,0.0,0.0,0.0,0.0,0.0,0.0,0,0
1779558947.647471,0.0,0.0,0.0,0.0,0.0,0.0,0,0
1779558947.678501,0.0,0.0,0.0,0.0,0.0,0.0,0,0
1779558947.709558,0.0,0.0,0.0,0.0,0.0,0.0,0,0
1779558947.740430,0.0,0.0,0.0,0.0,0.0,0.0,0,0
1779558947.771486,0.0,0.0,0.0,0.0,0.0,0.0,0,0
1779558947.802467,0.0,0.0,0.0,0.0,0.0,0.0,0,0
1779558947.814471,0.0078125,-0.0078125,0.0,-0.01171875,-0.017578125,0.0,0,0
1779558947.830499,0.0078125,-0.0078125,-0.005859375,-0.01171875,-0.017578125,0.0,0,0
1779558947.846482,0.0078125,-0.0078125,-0.0234375,-0.01171875,-0.017578125,0.0,0,0
1779558947.862491,0.0078125,-0.0078125,-0.041015625,-0.01171875,-0.017578125,0.0,0,0
1779558947.886472,0.0078125,-0.0078125,-0.05859375,-0.01171875,-0.017578125,0.0,0,0
1779558947.902425,0.0078125,-0.0078125,-0.08203125,-0.01171875,-0.017578125,0.0,0,0
1779558947.918535,0.0078125,-0.0078125,-0.115234375,-0.01171875,-0.017578125,0.0,0,0
1779558947.926542,0.0078125,-0.0078125,-0.115234375,-0.01171875,-0.013671875,0.0,0,0
1779558947.934456,0.0078125,-0.0078125,-0.158203125,-0.01171875,-0.013671875,0.0,0,0
1779558947.942535,0.0078125,-0.0078125,-0.158203125,-0.01171875,-0.0390625,0.0,0,0
1779558947.950459,0.0078125,0.01171875,-0.19921875,-0.01171875,-0.0390625,0.0,0,0
1779558947.958483,0.0078125,0.01171875,-0.19921875,-0.01171875,-0.06640625,0.0,0,0
1779558947.966469,-0.0078125,0.02734375,-0.23828125,-0.01171875,-0.06640625,0.0,0,0
1779558947.974449,-0.0078125,0.02734375,-0.23828125,-0.01171875,-0.091796875,0.0,0,0
1779558947.982495,-0.029296875,0.037109375,-0.265625,-0.01171875,-0.091796875,0.0,0,0
1779558947.990513,-0.029296875,0.037109375,-0.265625,-0.021484375,-0.123046875,0.0,0,0
1779558947.998506,-0.03125,0.0234375,-0.271484375,-0.021484375,-0.123046875,0.0,0,0
1779558948.006453,-0.03125,0.0234375,-0.271484375,-0.0234375,-0.125,0.0,0,0
1779558948.014466,-0.009765625,0.015625,-0.248046875,-0.0234375,-0.125,0.0,0,0
1779558948.022478,-0.009765625,0.015625,-0.248046875,-0.017578125,-0.103515625,0.0,0,0
1779558948.030529,-0.009765625,0.01171875,-0.208984375,-0.017578125,-0.103515625,0.0,0,0
1779558948.038496,-0.009765625,0.01171875,-0.208984375,-0.015625,-0.0703125,0.0,0,0
1779558948.046533,-0.009765625,0.01171875,-0.158203125,-0.015625,-0.0703125,0.0,0,0
1779558948.054517,-0.009765625,0.01171875,-0.158203125,-0.013671875,-0.03125,0.0,0,0
1779558948.062483,-0.009765625,0.0078125,-0.126953125,-0.013671875,-0.03125,0.0,0,0
1779558948.070451,-0.009765625,0.0078125,-0.126953125,-0.005859375,-0.0078125,0.0,0,0
1779558948.078518,-0.009765625,0.0078125,-0.078125,-0.005859375,-0.0078125,0.0,0,0
1779558948.094488,-0.009765625,0.0078125,-0.01171875,-0.005859375,-0.0078125,0.0,0,0
1779558948.124541,0.0,0.0,0.0,0.0,0.0,0.0,0,0
1779558948.155454,0.0,0.0,0.0,0.0,0.0,0.0,0,0
1779558948.186470,0.0,0.0,0.0,0.0,0.0,0.0,0,0
1779558948.217513,0.0,0.0,0.0,0.0,0.0,0.0,0,0
1779558948.248472,0.0,0.0,0.0,0.0,0.0,0.0,0,0
1779558948.279513,0.0,0.0,0.0,0.0,0.0,0.0,0,0
1779558948.310591,0.0,0.0,0.0,0.0,0.0,0.0,0,0
1779558948.341487,0.0,0.0,0.0,0.0,0.0,0.0,0,0
1779558948.372469,0.0,0.0,0.0,0.0,0.0,0.0,0,0
1779558948.403459,0.0,0.0,0.0,0.0,0.0,0.0,0,0
1779558948.434421,0.0,0.0,0.0,0.0,0.0,0.0,0,0
1779558948.465495,0.0,0.0,0.0,0.0,0.0,0.0,0,0
1779558948.496475,0.0,0.0,0.0,0.0,0.0,0.0,0,0
1779558948.527470,0.0,0.0,0.0,0.0,0.0,0.0,0,0
1779558948.558511,0.0,0.0,0.0,0.0,0.0,0.0,0,0
1779558948.589455,0.0,0.0,0.0,0.0,0.0,0.0,0,0
1779558948.620441,0.0,0.0,0.0,0.0,0.0,0.0,0,0
1779558948.651492,0.0,0.0,0.0,0.0,0.0,0.0,0,0
1779558948.682459,0.0,0.0,0.0,0.0,0.0,0.0,0,0
1779558948.713480,0.0,0.0,0.0,0.0,0.0,0.0,0,0
1779558948.744628,0.0,0.0,0.0,0.0,0.0,0.0,0,0
1779558948.775555,0.0,0.0,0.0,0.0,0.0,0.0,0,0
1779558948.790505,-0.009765625,0.0078125,-0.033203125,-0.005859375,-0.0078125,0.0,0,0
1779558948.806539,-0.009765625,0.0078125,-0.146484375,-0.005859375,-0.0078125,0.0,0,0
1779558948.814526,-0.009765625,0.0078125,-0.146484375,0.015625,-0.03125,0.0,0,0
1779558948.822470,-0.009765625,0.0078125,-0.177734375,0.015625,-0.03125,0.0,0,0
1779558948.830488,-0.009765625,0.0078125,-0.177734375,0.02734375,-0.05859375,0.0,0,0
1779558948.838472,-0.015625,0.0078125,-0.216796875,0.02734375,-0.05859375,0.0,0,0
1779558948.846475,-0.015625,0.0078125,-0.216796875,0.03515625,-0.09375,0.0,0,0
1779558948.854447,-0.025390625,0.0078125,-0.2265625,0.03515625,-0.09375,0.0,0,0
1779558948.862446,-0.025390625,0.0078125,-0.2265625,0.02734375,-0.111328125,0.0,0,0
1779558948.870476,-0.025390625,0.0078125,-0.142578125,0.02734375,-0.111328125,0.0,0,0
1779558948.878492,-0.025390625,0.0078125,-0.142578125,0.0078125,-0.056640625,0.0,0,0
1779558948.908530,0.0,0.0,0.0,0.0,0.0,0.0,0,0
1779558948.910519,-0.025390625,0.0078125,-0.142578125,0.0078125,0.00390625,0.0,0,0
1779558948.940504,0.0,0.0,0.0,0.0,0.0,0.0,0,0
1779558948.971472,0.0,0.0,0.0,0.0,0.0,0.0,0,0
1779558949.002513,0.0,0.0,0.0,0.0,0.0,0.0,0,0
1779558949.033444,0.0,0.0,0.0,0.0,0.0,0.0,0,0
1779558949.064519,0.0,0.0,0.0,0.0,0.0,0.0,0,0
1779558949.095480,0.0,0.0,0.0,0.0,0.0,0.0,0,0
1779558949.126453,0.0,0.0,0.0,0.0,0.0,0.0,0,0
1779558949.157494,0.0,0.0,0.0,0.0,0.0,0.0,0,0
1779558949.188481,0.0,0.0,0.0,0.0,0.0,0.0,0,0
1779558949.219524,0.0,0.0,0.0,0.0,0.0,0.0,0,0
1779558949.250449,0.0,0.0,0.0,0.0,0.0,0.0,0,0
1779558949.281498,0.0,0.0,0.0,0.0,0.0,0.0,0,0
1779558949.312427,0.0,0.0,0.0,0.0,0.0,0.0,0,0
1779558949.343527,0.0,0.0,0.0,0.0,0.0,0.0,0,0
1779558949.374447,0.0,0.0,0.0,0.0,0.0,0.0,0,0
1779558949.405451,0.0,0.0,0.0,0.0,0.0,0.0,0,0
1779558949.436440,0.0,0.0,0.0,0.0,0.0,0.0,0,0
1779558949.467445,0.0,0.0,0.0,0.0,0.0,0.0,0,0
1779558949.498486,0.0,0.0,0.0,0.0,0.0,0.0,0,0
1779558949.529470,0.0,0.0,0.0,0.0,0.0,0.0,0,0
1779558949.560514,0.0,0.0,0.0,0.0,0.0,0.0,0,0
1779558949.591484,0.0,0.0,0.0,0.0,0.0,0.0,0,0
1779558949.622439,0.0,0.0,0.0,0.0,0.0,0.0,0,0
1779558949.653458,0.0,0.0,0.0,0.0,0.0,0.0,0,0
1779558949.684493,0.0,0.0,0.0,0.0,0.0,0.0,0,0
1779558949.715461,0.0,0.0,0.0,0.0,0.0,0.0,0,0
1779558949.746495,0.0,0.0,0.0,0.0,0.0,0.0,0,0
1779558949.777614,0.0,0.0,0.0,0.0,0.0,0.0,0,0
1779558949.798488,-0.025390625,0.0078125,-0.142578125,-0.00390625,0.00390625,0.0,0,0
1779558949.828525,0.0,0.0,0.0,0.0,0.0,0.0,0,0
1779558949.859510,0.0,0.0,0.0,0.0,0.0,0.0,1,0
1779558949.890450,0.0,0.0,0.0,0.0,0.0,0.0,1,0
1779558949.921507,0.0,0.0,0.0,0.0,0.0,0.0,0,0
1779558949.952478,0.0,0.0,0.0,0.0,0.0,0.0,0,0
1779558949.983496,0.0,0.0,0.0,0.0,0.0,0.0,0,0
1779558950.014459,0.0,0.0,0.0,0.0,0.0,0.0,0,0
1779558950.045471,0.0,0.0,0.0,0.0,0.0,0.0,0,0
1779558950.076514,0.0,0.0,0.0,0.0,0.0,0.0,0,0
1779558950.107476,0.0,0.0,0.0,0.0,0.0,0.0,0,0
1779558950.138502,0.0,0.0,0.0,0.0,0.0,0.0,0,0
1779558950.169436,0.0,0.0,0.0,0.0,0.0,0.0,0,0
1779558950.200395,0.0,0.0,0.0,0.0,0.0,0.0,0,0
1779558950.231483,0.0,0.0,0.0,0.0,0.0,0.0,0,0
1779558950.262513,0.0,0.0,0.0,0.0,0.0,0.0,0,0
1779558950.293465,0.0,0.0,0.0,0.0,0.0,0.0,0,0
1779558950.324477,0.0,0.0,0.0,0.0,0.0,0.0,0,0
1779558950.355481,0.0,0.0,0.0,0.0,0.0,0.0,0,0
1779558950.386496,0.0,0.0,0.0,0.0,0.0,0.0,0,0
1779558950.417452,0.0,0.0,0.0,0.0,0.0,0.0,0,0
1779558950.448466,0.0,0.0,0.0,0.0,0.0,0.0,0,0
1779558950.479529,0.0,0.0,0.0,0.0,0.0,0.0,0,0
1779558950.510519,0.0,0.0,0.0,0.0,0.0,0.0,0,0
1779558950.541503,0.0,0.0,0.0,0.0,0.0,0.0,0,0
1779558950.572447,0.0,0.0,0.0,0.0,0.0,0.0,0,0
1779558950.603497,0.0,0.0,0.0,0.0,0.0,0.0,0,0
1779558950.634433,0.0,0.0,0.0,0.0,0.0,0.0,0,0
1779558950.665437,0.0,0.0,0.0,0.0,0.0,0.0,0,0
1779558950.696490,0.0,0.0,0.0,0.0,0.0,0.0,0,0
1779558950.727498,0.0,0.0,0.0,0.0,0.0,0.0,0,0
1779558950.758479,0.0,0.0,0.0,0.0,0.0,0.0,0,0
1779558950.789495,0.0,0.0,0.0,0.0,0.0,0.0,0,0
1779558950.820464,0.0,0.0,0.0,0.0,0.0,0.0,0,0
1779558950.851521,0.0,0.0,0.0,0.0,0.0,0.0,0,0
1779558950.882484,0.0,0.0,0.0,0.0,0.0,0.0,0,0
1779558950.913514,0.0,0.0,0.0,0.0,0.0,0.0,0,0
1779558950.944590,0.0,0.0,0.0,0.0,0.0,0.0,0,0
1779558950.975560,0.0,0.0,0.0,0.0,0.0,0.0,0,0
1779558951.006497,0.0,0.0,0.0,0.0,0.0,0.0,0,0
1779558951.037514,0.0,0.0,0.0,0.0,0.0,0.0,0,0
1779558951.068505,0.0,0.0,0.0,0.0,0.0,0.0,0,0
1779558951.099499,0.0,0.0,0.0,0.0,0.0,0.0,0,0
1779558951.130494,0.0,0.0,0.0,0.0,0.0,0.0,0,0
1779558951.161499,0.0,0.0,0.0,0.0,0.0,0.0,0,0
1779558951.192464,0.0,0.0,0.0,0.0,0.0,0.0,0,0
1779558951.223567,0.0,0.0,0.0,0.0,0.0,0.0,0,0
1779558951.254529,0.0,0.0,0.0,0.0,0.0,0.0,0,0
1779558951.285501,0.0,0.0,0.0,0.0,0.0,0.0,0,0
1779558951.316480,0.0,0.0,0.0,0.0,0.0,0.0,0,0
1779558951.347508,0.0,0.0,0.0,0.0,0.0,0.0,0,0
1779558951.378523,0.0,0.0,0.0,0.0,0.0,0.0,0,0
1779558951.409442,0.0,0.0,0.0,0.0,0.0,0.0,0,0
1779558951.440467,0.0,0.0,0.0,0.0,0.0,0.0,0,0
1779558951.471464,0.0,0.0,0.0,0.0,0.0,0.0,0,0
1779558951.502447,0.0,0.0,0.0,0.0,0.0,0.0,0,0
1779558951.533507,0.0,0.0,0.0,0.0,0.0,0.0,0,0
1779558951.564479,0.0,0.0,0.0,0.0,0.0,0.0,0,0
1779558951.595495,0.0,0.0,0.0,0.0,0.0,0.0,0,0
1779558951.626558,0.0,0.0,0.0,0.0,0.0,0.0,0,0
1779558951.657512,0.0,0.0,0.0,0.0,0.0,0.0,0,0
1779558951.688530,0.0,0.0,0.0,0.0,0.0,0.0,0,0
1779558951.719412,0.0,0.0,0.0,0.0,0.0,0.0,0,0
1779558951.750428,0.0,0.0,0.0,0.0,0.0,0.0,0,0
1779558951.781442,0.0,0.0,0.0,0.0,0.0,0.0,0,0
1779558951.812543,0.0,0.0,0.0,0.0,0.0,0.0,0,0
1779558951.843529,0.0,0.0,0.0,0.0,0.0,0.0,0,0
1779558951.874540,0.0,0.0,0.0,0.0,0.0,0.0,0,0
1779558951.905476,0.0,0.0,0.0,0.0,0.0,0.0,0,0
1779558951.936535,0.0,0.0,0.0,0.0,0.0,0.0,0,0
1779558951.967493,0.0,0.0,0.0,0.0,0.0,0.0,0,0
1779558951.998471,0.0,0.0,0.0,0.0,0.0,0.0,0,0
1779558952.029438,0.0,0.0,0.0,0.0,0.0,0.0,0,0
1779558952.060485,0.0,0.0,0.0,0.0,0.0,0.0,0,0
1779558952.091506,0.0,0.0,0.0,0.0,0.0,0.0,0,0
1779558952.122490,0.0,0.0,0.0,0.0,0.0,0.0,0,0
1779558952.153511,0.0,0.0,0.0,0.0,0.0,0.0,0,0
1779558952.184499,0.0,0.0,0.0,0.0,0.0,0.0,0,0
1779558952.215450,0.0,0.0,0.0,0.0,0.0,0.0,0,0
1779558952.246516,0.0,0.0,0.0,0.0,0.0,0.0,0,0
1779558952.277456,0.0,0.0,0.0,0.0,0.0,0.0,0,0
1779558952.308455,0.0,0.0,0.0,0.0,0.0,0.0,0,0
1779558952.339464,0.0,0.0,0.0,0.0,0.0,0.0,0,0
1779558952.370528,0.0,0.0,0.0,0.0,0.0,0.0,0,0
1779558952.401445,0.0,0.0,0.0,0.0,0.0,0.0,0,0
1779558952.432467,0.0,0.0,0.0,0.0,0.0,0.0,0,0
1779558952.463489,0.0,0.0,0.0,0.0,0.0,0.0,0,0
1779558952.494503,0.0,0.0,0.0,0.0,0.0,0.0,0,0
1779558952.525510,0.0,0.0,0.0,0.0,0.0,0.0,0,0
1779558952.556491,0.0,0.0,0.0,0.0,0.0,0.0,0,0
1779558952.587525,0.0,0.0,0.0,0.0,0.0,0.0,0,0
1779558952.618448,0.0,0.0,0.0,0.0,0.0,0.0,0,0
1779558952.649500,0.0,0.0,0.0,0.0,0.0,0.0,0,0
1779558952.680486,0.0,0.0,0.0,0.0,0.0,0.0,0,0
1779558952.711488,0.0,0.0,0.0,0.0,0.0,0.0,0,0
1779558952.742481,0.0,0.0,0.0,0.0,0.0,0.0,0,0
1779558952.773476,0.0,0.0,0.0,0.0,0.0,0.0,0,0
1779558952.804499,0.0,0.0,0.0,0.0,0.0,0.0,0,0
1779558952.835443,0.0,0.0,0.0,0.0,0.0,0.0,0,0
1779558952.866467,0.0,0.0,0.0,0.0,0.0,0.0,0,0
1779558952.897457,0.0,0.0,0.0,0.0,0.0,0.0,0,0
1779558952.928443,0.0,0.0,0.0,0.0,0.0,0.0,0,0
1779558952.959503,0.0,0.0,0.0,0.0,0.0,0.0,0,0
1779558952.990475,0.0,0.0,0.0,0.0,0.0,0.0,0,0
1779558953.021494,0.0,0.0,0.0,0.0,0.0,0.0,0,0
1779558953.052515,0.0,0.0,0.0,0.0,0.0,0.0,0,0
1779558953.083527,0.0,0.0,0.0,0.0,0.0,0.0,0,0
1779558953.114507,0.0,0.0,0.0,0.0,0.0,0.0,0,0
1779558953.145546,0.0,0.0,0.0,0.0,0.0,0.0,0,0
1779558953.176515,0.0,0.0,0.0,0.0,0.0,0.0,0,0
1779558953.207497,0.0,0.0,0.0,0.0,0.0,0.0,0,0
1779558953.238421,0.0,0.0,0.0,0.0,0.0,0.0,0,0
1779558953.269516,0.0,0.0,0.0,0.0,0.0,0.0,0,0
1779558953.278506,-0.025390625,0.0078125,-0.142578125,0.0,0.00390625,0.0,0,0
1779558953.294518,-0.025390625,0.0078125,-0.142578125,0.0078125,0.00390625,0.0,0,0
1779558953.310501,-0.025390625,0.0078125,-0.142578125,0.015625,0.00390625,0.0,0,0
1779558953.326505,-0.025390625,0.0078125,-0.142578125,0.017578125,0.00390625,0.0,0,0
1779558953.342523,-0.025390625,0.0078125,-0.142578125,0.01953125,0.00390625,0.0,0,0
1779558953.358495,-0.025390625,0.0078125,-0.142578125,0.021484375,0.00390625,0.0,0,0
1779558953.374458,-0.025390625,0.0078125,-0.142578125,0.02734375,0.00390625,0.0,0,0
1779558953.390490,-0.025390625,0.0078125,-0.142578125,0.03125,0.00390625,0.0,0,0
1779558953.406495,-0.025390625,0.0078125,-0.142578125,0.03125,0.00390625,0.0,0,0
1779558953.422488,-0.025390625,0.0078125,-0.142578125,0.033203125,0.00390625,0.0,0,0
1779558953.438498,-0.025390625,0.0078125,-0.142578125,0.03515625,0.00390625,0.0,0,0
1779558953.454445,-0.025390625,0.0078125,-0.142578125,0.03515625,0.00390625,0.0,0,0
1779558953.470483,-0.025390625,0.0078125,-0.142578125,0.03515625,0.00390625,0.0,0,0
1779558953.486458,-0.025390625,0.0078125,-0.142578125,0.03125,0.00390625,0.0,0,0
1779558953.502479,-0.025390625,0.0078125,-0.142578125,0.025390625,0.00390625,0.0,0,0
1779558953.518426,-0.025390625,0.0078125,-0.142578125,0.017578125,0.00390625,0.0,0,0
1779558953.526444,-0.025390625,0.0078125,0.00390625,0.017578125,0.00390625,0.0,0,0
1779558953.534510,-0.025390625,0.0078125,0.00390625,0.009765625,0.00390625,0.0,0,0
1779558953.542484,-0.025390625,0.0078125,0.009765625,0.009765625,0.00390625,0.0,0,0
1779558953.558504,-0.025390625,0.0078125,0.0234375,0.009765625,0.00390625,0.0,0,0
1779558953.574454,-0.025390625,0.0078125,0.041015625,0.009765625,0.00390625,0.0,0,0
1779558953.582450,-0.025390625,0.0078125,0.041015625,0.0,0.00390625,0.0,0,0
1779558953.590454,-0.025390625,0.0078125,0.07421875,0.0,0.00390625,0.0,0,0
1779558953.598496,-0.025390625,0.0078125,0.07421875,0.017578125,0.00390625,0.0,0,0
1779558953.606422,-0.025390625,0.0078125,0.103515625,0.017578125,0.00390625,0.0,0,0
1779558953.614505,-0.025390625,0.0078125,0.103515625,0.037109375,0.00390625,0.0,0,0
1779558953.622475,-0.025390625,0.0078125,0.12109375,0.037109375,0.00390625,0.0,0,0
1779558953.630489,-0.025390625,0.0078125,0.12109375,0.04296875,0.00390625,0.0,0,0
1779558953.638463,-0.025390625,-0.005859375,0.12890625,0.04296875,0.00390625,0.0,0,0
1779558953.646569,-0.025390625,-0.005859375,0.12890625,0.037109375,0.00390625,0.0,0,0
1779558953.654545,-0.025390625,-0.009765625,0.150390625,0.037109375,0.00390625,0.0,0,0
1779558953.662507,-0.025390625,-0.009765625,0.150390625,0.029296875,0.0,0.0,0,0
1779558953.670449,0.01171875,0.0,0.1953125,0.029296875,0.0,0.0,0,0
1779558953.678494,0.01171875,0.0,0.1953125,0.02734375,0.017578125,0.0,0,0
1779558953.686483,0.01171875,0.0,0.244140625,0.02734375,0.017578125,0.0,0,0
1779558953.694477,0.01171875,0.0,0.244140625,0.03515625,0.03125,0.0,0,0
1779558953.702513,0.01171875,0.0,0.265625,0.03515625,0.03125,0.0,0,0
1779558953.710520,0.01171875,0.0,0.265625,0.025390625,0.02734375,0.0,0,0
1779558953.718490,0.01171875,0.0,0.283203125,0.025390625,0.02734375,0.0,0,0
1779558953.726526,0.01171875,0.0,0.283203125,0.015625,0.025390625,0.0,0,0
1779558953.734492,0.01171875,0.0,0.3046875,0.015625,0.025390625,0.0,0,0
1779558953.742461,0.01171875,0.0,0.3046875,0.015625,0.015625,0.0,0,0
1779558953.750496,0.01171875,0.0,0.32421875,0.015625,0.015625,0.0,0,0
1779558953.758515,0.01171875,0.0,0.32421875,0.015625,0.0078125,0.0,0,0
1779558953.766504,0.01171875,0.0,0.345703125,0.015625,0.0078125,0.0,0,0
1779558953.782484,0.01171875,0.0,0.369140625,0.015625,0.0078125,0.0,0,0
1779558953.790486,0.01171875,0.0,0.369140625,0.015625,0.0,0.0,0,0
1779558953.798525,0.01171875,0.0,0.390625,0.015625,0.0,0.0,0,0
1779558953.806481,0.01171875,0.0,0.390625,0.015625,0.009765625,0.0,0,0
1779558953.814525,0.01171875,0.0,0.400390625,0.015625,0.009765625,0.0,0,0
1779558953.822491,0.01171875,0.0,0.400390625,0.015625,0.015625,0.0,0,0
1779558953.830482,0.01171875,0.0,0.40625,0.015625,0.015625,0.0,0,0
1779558953.838468,0.01171875,0.0,0.40625,0.015625,0.021484375,0.0,0,0
1779558953.846468,0.01171875,0.0,0.408203125,0.015625,0.021484375,0.0,0,0
1779558953.854510,0.01171875,0.0,0.408203125,0.015625,0.021484375,0.0,0,0
1779558953.862472,0.01171875,0.0,0.40625,0.015625,0.021484375,0.0,0,0
1779558953.870426,0.01171875,0.0,0.40625,0.015625,0.01953125,0.0,0,0
1779558953.878477,0.01171875,0.0,0.40625,0.015625,0.01953125,0.0,0,0
1779558953.886448,0.01171875,0.0,0.40625,0.015625,0.015625,0.0,0,0
1779558953.894453,0.01171875,0.0,0.40625,0.015625,0.015625,0.0,0,0
1779558953.902449,0.01171875,0.0,0.40625,0.015625,0.009765625,0.0,0,0
1779558953.910486,0.01171875,0.0,0.41015625,0.015625,0.009765625,0.0,0,0
1779558953.918486,0.01171875,0.0,0.41015625,0.015625,0.0078125,0.0,0,0
1779558953.926463,0.01171875,0.0,0.4140625,0.015625,0.0078125,0.0,0,0
1779558953.934463,0.01171875,0.0,0.4140625,0.015625,0.005859375,0.0,0,0
1779558953.942451,0.01171875,0.0,0.412109375,0.015625,0.005859375,0.0,0,0
1779558953.950472,0.01171875,0.0,0.412109375,0.015625,0.00390625,0.0,0,0
1779558953.958469,0.01171875,0.0,0.404296875,0.015625,0.00390625,0.0,0,0
1779558953.966507,0.01171875,0.0,0.404296875,0.015625,0.0,0.0,0,0
1779558953.974513,0.01171875,0.0,0.3984375,0.015625,0.0,0.0,0,0
1779558953.990573,0.01171875,0.0,0.400390625,0.015625,0.0,0.0,0,0
1779558953.998500,0.01171875,0.0,0.400390625,0.015625,0.0,0.0,0,0
1779558954.006526,0.01171875,0.0,0.400390625,0.015625,0.0,0.0,0,0
1779558954.014534,0.01171875,0.0,0.400390625,0.015625,0.00390625,0.0,0,0
1779558954.022500,0.01171875,0.0,0.400390625,0.015625,0.00390625,0.0,0,0
1779558954.030524,0.01171875,0.0,0.400390625,0.015625,0.00390625,0.0,0,0
1779558954.038436,0.01171875,0.0,0.392578125,0.015625,0.00390625,0.0,0,0
1779558954.046526,0.01171875,0.0,0.392578125,0.015625,0.00390625,0.0,0,0
1779558954.054494,0.01171875,0.0,0.390625,0.015625,0.00390625,0.0,0,0
1779558954.070503,0.01171875,0.0,0.390625,0.015625,0.00390625,0.0,0,0
1779558954.086476,0.01171875,0.0,0.38671875,0.015625,0.00390625,0.0,0,0
1779558954.102486,0.01171875,0.0,0.3828125,0.015625,0.00390625,0.0,0,0
1779558954.110513,0.01171875,0.0,0.3828125,0.015625,0.0,0.0,0,0
1779558954.118523,0.01171875,0.0,0.375,0.015625,0.0,0.0,0,0
1779558954.134542,0.01171875,0.0,0.3671875,0.015625,0.0,0.0,0,0
1779558954.150490,0.01171875,0.0,0.36328125,0.015625,0.0,0.0,0,0
1779558954.166516,0.01171875,0.0,0.3515625,0.015625,0.0,0.0,0,0
1779558954.182456,0.01171875,0.0,0.337890625,0.015625,0.0,0.0,0,0
1779558954.198539,0.01171875,0.0,0.328125,0.015625,0.0,0.0,0,0
1779558954.214525,0.01171875,0.0,0.318359375,0.015625,0.0,0.0,0,0
1779558954.230540,0.01171875,0.0,0.298828125,0.015625,0.0,0.0,0,0
1779558954.246521,0.01171875,0.0,0.279296875,0.015625,0.0,0.0,0,0
1779558954.262505,0.01171875,0.0,0.25390625,0.015625,0.0,0.0,0,0
1779558954.278492,0.01171875,0.0,0.216796875,0.015625,0.0,0.0,0,0
1779558954.294484,0.01171875,0.0,0.19921875,0.015625,0.0,0.0,0,0
1779558954.302548,0.01171875,0.0,0.19921875,0.0,0.0,0.0,0,0
1779558954.310556,0.01171875,0.0,0.16796875,0.0,0.0,0.0,0,0
1779558954.318517,0.01171875,0.0,0.16796875,0.00390625,0.0,0.0,0,0
1779558954.326482,0.01171875,0.0,0.142578125,0.00390625,0.0,0.0,0,0
1779558954.334486,0.01171875,0.0,0.142578125,0.005859375,0.0,0.0,0,0
1779558954.342503,0.01171875,0.0,0.12109375,0.005859375,0.0,0.0,0,0
1779558954.350526,0.01171875,0.0,0.12109375,0.013671875,0.0,0.0,0,0
1779558954.358496,0.01171875,0.0,0.1015625,0.013671875,0.0,0.0,0,0
1779558954.366507,0.01171875,0.0,0.1015625,0.01171875,0.0,0.0,0,0
1779558954.374529,0.01171875,0.0,0.052734375,0.01171875,0.0,0.0,0,0
1779558954.382494,0.01171875,0.0,0.052734375,0.03515625,0.0,0.0,0,0
1779558954.390498,0.01171875,0.0,0.052734375,0.03515625,0.0,0.0,0,0
1779558954.398540,0.01171875,0.0,0.052734375,0.05078125,0.0,0.0,0,0
1779558954.406511,0.01171875,0.0,0.04296875,0.05078125,0.0,0.0,0,0
1779558954.414546,0.01171875,0.0,0.04296875,0.0625,0.0,0.0,0,0
1779558954.422540,0.01171875,0.0,0.037109375,0.0625,0.0,0.0,0,0
1779558954.430553,0.01171875,0.0,0.037109375,0.060546875,0.0,0.0,0,0
1779558954.438518,0.01171875,0.0,0.021484375,0.060546875,0.0,0.0,0,0
1779558954.446532,0.01171875,0.0,0.021484375,0.048828125,0.0,0.0,0,0
1779558954.476523,0.0,0.0,0.0,0.0,0.0,0.0,0,0
1779558954.507484,0.0,0.0,0.0,0.0,0.0,0.0,0,0
1779558954.538530,0.0,0.0,0.0,0.0,0.0,0.0,0,0
1779558954.569491,0.0,0.0,0.0,0.0,0.0,0.0,0,0
1779558954.600482,0.0,0.0,0.0,0.0,0.0,0.0,0,0
1779558954.631481,0.0,0.0,0.0,0.0,0.0,0.0,0,0
1779558954.662489,0.00390625,0.0,0.021484375,0.048828125,0.0,0.0,0,0
1779558954.678495,0.01171875,0.0,0.021484375,0.048828125,0.0,0.0,0,0
1779558954.686523,0.01171875,0.0,0.021484375,0.0078125,0.0,0.0,0,0
1779558954.694474,0.021484375,0.0,0.021484375,0.0078125,0.0,0.0,0,0
1779558954.702478,0.021484375,0.0,0.021484375,0.013671875,0.0,0.0,0,0
1779558954.710522,0.013671875,0.0,0.021484375,0.013671875,0.0,0.0,0,0
1779558954.718520,0.013671875,0.0,0.021484375,0.00390625,0.0,0.0,0,0
1779558954.726505,0.00390625,0.0,0.0078125,0.00390625,0.0,0.0,0,0
1779558954.742512,0.00390625,0.0,0.017578125,0.00390625,0.0,0.0,0,0
1779558954.758511,0.00390625,0.0,0.029296875,0.00390625,0.0,0.0,0,0
1779558954.774448,0.00390625,0.0,0.037109375,0.00390625,0.0,0.0,0,0
1779558954.790459,0.00390625,0.0,0.044921875,0.00390625,0.0,0.0,0,0
1779558954.806511,0.00390625,0.0,0.05859375,0.00390625,0.0,0.0,0,0
1779558954.814507,0.00390625,0.0,0.05859375,-0.013671875,0.0,0.0,0,0
1779558954.822509,0.00390625,0.0,0.068359375,-0.013671875,0.0,0.0,0,0
1779558954.830506,0.00390625,0.0,0.068359375,-0.0390625,0.0,0.0,0,0
1779558954.838490,0.01171875,0.0,0.08203125,-0.0390625,0.0,0.0,0,0
1779558954.846493,0.01171875,0.0,0.08203125,-0.07421875,0.0,-0.01953125,0,0
1779558954.854432,0.01953125,-0.009765625,0.09765625,-0.07421875,0.0,-0.01953125,0,0
1779558954.862475,0.01953125,-0.009765625,0.09765625,-0.111328125,0.0,-0.04296875,0,0
1779558954.870456,0.0234375,-0.015625,0.109375,-0.111328125,0.0,-0.04296875,0,0
1779558954.878513,0.0234375,-0.015625,0.109375,-0.15625,0.0,-0.060546875,0,0
1779558954.886566,0.0234375,-0.01171875,0.126953125,-0.15625,0.0,-0.060546875,0,0
1779558954.894471,0.0234375,-0.01171875,0.126953125,-0.197265625,-0.025390625,-0.0703125,0,0
1779558954.902525,0.021484375,-0.01171875,0.130859375,-0.197265625,-0.025390625,-0.0703125,0,0
1779558954.910524,0.021484375,-0.01171875,0.130859375,-0.232421875,-0.044921875,-0.076171875,0,0
1779558954.918455,0.017578125,-0.015625,0.140625,-0.232421875,-0.044921875,-0.076171875,0,0
1779558954.926495,0.017578125,-0.015625,0.140625,-0.28125,-0.068359375,-0.0859375,0,0
1779558954.934479,0.0234375,-0.03125,0.140625,-0.28125,-0.068359375,-0.0859375,0,0
1779558954.942472,0.0234375,-0.03125,0.140625,-0.328125,-0.08984375,-0.10546875,0,0
1779558954.950476,0.0234375,-0.041015625,0.146484375,-0.328125,-0.08984375,-0.10546875,0,0
1779558954.958434,0.0234375,-0.041015625,0.146484375,-0.369140625,-0.11328125,-0.126953125,0,0
1779558954.966536,0.01953125,-0.046875,0.146484375,-0.369140625,-0.11328125,-0.126953125,0,0
1779558954.974499,0.01953125,-0.046875,0.146484375,-0.3984375,-0.1328125,-0.15234375,0,0
1779558954.982492,0.021484375,-0.046875,0.146484375,-0.3984375,-0.1328125,-0.15234375,0,0
1779558954.990481,0.021484375,-0.046875,0.146484375,-0.421875,-0.146484375,-0.1796875,0,0
1779558954.998534,0.01953125,-0.041015625,0.146484375,-0.421875,-0.146484375,-0.1796875,0,0
1779558955.006479,0.01953125,-0.041015625,0.146484375,-0.44140625,-0.158203125,-0.201171875,0,0
1779558955.014473,0.013671875,-0.041015625,0.14453125,-0.44140625,-0.158203125,-0.201171875,0,0
1779558955.022556,0.013671875,-0.041015625,0.14453125,-0.453125,-0.17578125,-0.220703125,0,0
1779558955.030488,0.013671875,-0.037109375,0.13671875,-0.453125,-0.17578125,-0.220703125,0,0
1779558955.038482,0.013671875,-0.037109375,0.13671875,-0.46484375,-0.189453125,-0.2421875,0,0
1779558955.046513,0.021484375,-0.037109375,0.130859375,-0.46484375,-0.189453125,-0.2421875,0,0
1779558955.054544,0.021484375,-0.037109375,0.130859375,-0.474609375,-0.19921875,-0.26171875,0,0
1779558955.062528,0.025390625,-0.033203125,0.130859375,-0.474609375,-0.19921875,-0.26171875,0,0
1779558955.070471,0.025390625,-0.033203125,0.130859375,-0.484375,-0.203125,-0.271484375,0,0
1779558955.078447,0.015625,-0.025390625,0.12890625,-0.484375,-0.203125,-0.271484375,0,0
1779558955.086523,0.015625,-0.025390625,0.12890625,-0.490234375,-0.216796875,-0.28515625,0,0
1779558955.094491,0.01171875,-0.0234375,0.119140625,-0.490234375,-0.216796875,-0.28515625,0,0
1779558955.102477,0.01171875,-0.0234375,0.119140625,-0.494140625,-0.228515625,-0.291015625,0,0
1779558955.110516,0.017578125,-0.0234375,0.1171875,-0.494140625,-0.228515625,-0.291015625,0,0
1779558955.118490,0.017578125,-0.0234375,0.1171875,-0.494140625,-0.240234375,-0.29296875,0,0
1779558955.126498,0.025390625,-0.0234375,0.1171875,-0.494140625,-0.240234375,-0.29296875,0,0
1779558955.134492,0.025390625,-0.0234375,0.1171875,-0.49609375,-0.24609375,-0.294921875,0,0
1779558955.142467,0.029296875,-0.025390625,0.115234375,-0.49609375,-0.24609375,-0.294921875,0,0
1779558955.150461,0.029296875,-0.025390625,0.115234375,-0.49609375,-0.25,-0.298828125,0,0
1779558955.158493,0.033203125,-0.025390625,0.109375,-0.49609375,-0.25,-0.298828125,0,0
1779558955.166500,0.033203125,-0.025390625,0.109375,-0.49609375,-0.2578125,-0.298828125,0,0
1779558955.174477,0.03515625,-0.0234375,0.10546875,-0.49609375,-0.2578125,-0.298828125,0,0
1779558955.182524,0.03515625,-0.0234375,0.10546875,-0.49609375,-0.26953125,-0.298828125,0,0
1779558955.190506,0.033203125,-0.0234375,0.1015625,-0.49609375,-0.26953125,-0.298828125,0,0
1779558955.198496,0.033203125,-0.0234375,0.1015625,-0.4921875,-0.28125,-0.296875,0,0
1779558955.206495,0.03515625,-0.021484375,0.1015625,-0.4921875,-0.28125,-0.296875,0,0
1779558955.214494,0.03515625,-0.021484375,0.1015625,-0.490234375,-0.2890625,-0.296875,0,0
1779558955.222529,0.03515625,-0.025390625,0.09375,-0.490234375,-0.2890625,-0.296875,0,0
1779558955.230478,0.03515625,-0.025390625,0.09375,-0.484375,-0.298828125,-0.298828125,0,0
1779558955.238459,0.03515625,-0.02734375,0.08984375,-0.484375,-0.298828125,-0.298828125,0,0
1779558955.246503,0.03515625,-0.02734375,0.08984375,-0.4765625,-0.30859375,-0.30078125,0,0
1779558955.254498,0.03515625,-0.03125,0.078125,-0.4765625,-0.30859375,-0.30078125,0,0
1779558955.262501,0.03515625,-0.03125,0.078125,-0.466796875,-0.318359375,-0.3046875,0,0
1779558955.270482,0.0390625,-0.037109375,0.072265625,-0.466796875,-0.318359375,-0.3046875,0,0
1779558955.278501,0.0390625,-0.037109375,0.072265625,-0.455078125,-0.326171875,-0.310546875,0,0
1779558955.286457,0.04296875,-0.041015625,0.068359375,-0.455078125,-0.326171875,-0.310546875,0,0
1779558955.294509,0.04296875,-0.041015625,0.068359375,-0.447265625,-0.33203125,-0.318359375,0,0
1779558955.302459,0.046875,-0.04296875,0.064453125,-0.447265625,-0.33203125,-0.318359375,0,0
1779558955.310546,0.046875,-0.04296875,0.064453125,-0.443359375,-0.3359375,-0.3203125,0,0
1779558955.318516,0.046875,-0.04296875,0.064453125,-0.443359375,-0.3359375,-0.3203125,0,0
1779558955.326473,0.046875,-0.04296875,0.064453125,-0.4375,-0.341796875,-0.322265625,0,0
1779558955.334522,0.044921875,-0.044921875,0.0625,-0.4375,-0.341796875,-0.322265625,0,0
1779558955.342442,0.044921875,-0.044921875,0.0625,-0.431640625,-0.3515625,-0.322265625,0,0
1779558955.350513,0.0390625,-0.046875,0.060546875,-0.431640625,-0.3515625,-0.322265625,0,0
1779558955.358506,0.0390625,-0.046875,0.060546875,-0.419921875,-0.359375,-0.322265625,0,0
1779558955.366497,0.037109375,-0.048828125,0.056640625,-0.419921875,-0.359375,-0.322265625,0,0
1779558955.374526,0.037109375,-0.048828125,0.056640625,-0.412109375,-0.36328125,-0.32421875,0,0
1779558955.382593,0.041015625,-0.052734375,0.05078125,-0.412109375,-0.36328125,-0.32421875,0,0
1779558955.390483,0.041015625,-0.052734375,0.05078125,-0.412109375,-0.361328125,-0.328125,0,0
1779558955.398529,0.044921875,-0.0546875,0.04296875,-0.412109375,-0.361328125,-0.328125,0,0
1779558955.406456,0.044921875,-0.0546875,0.04296875,-0.416015625,-0.3671875,-0.330078125,0,0
1779558955.414539,0.048828125,-0.056640625,0.04296875,-0.416015625,-0.3671875,-0.330078125,0,0
1779558955.422500,0.048828125,-0.056640625,0.04296875,-0.41796875,-0.37109375,-0.330078125,0,0
1779558955.430481,0.048828125,-0.05859375,0.04296875,-0.41796875,-0.37109375,-0.330078125,0,0
1779558955.438504,0.048828125,-0.05859375,0.04296875,-0.416015625,-0.375,-0.330078125,0,0
1779558955.446494,0.048828125,-0.056640625,0.04296875,-0.416015625,-0.375,-0.330078125,0,0
1779558955.454516,0.048828125,-0.056640625,0.04296875,-0.416015625,-0.380859375,-0.328125,0,0
1779558955.462531,0.05078125,-0.056640625,0.04296875,-0.416015625,-0.380859375,-0.328125,0,0
1779558955.470539,0.05078125,-0.056640625,0.04296875,-0.416015625,-0.388671875,-0.326171875,0,0
1779558955.478499,0.056640625,-0.056640625,0.04296875,-0.416015625,-0.388671875,-0.326171875,0,0
1779558955.486547,0.056640625,-0.056640625,0.04296875,-0.421875,-0.396484375,-0.326171875,0,0
1779558955.494548,0.060546875,-0.05859375,0.0390625,-0.421875,-0.396484375,-0.326171875,0,0
1779558955.502517,0.060546875,-0.05859375,0.0390625,-0.423828125,-0.400390625,-0.326171875,0,0
1779558955.510497,0.060546875,-0.05859375,0.0390625,-0.423828125,-0.400390625,-0.326171875,0,0
1779558955.518453,0.060546875,-0.05859375,0.0390625,-0.423828125,-0.408203125,-0.32421875,0,0
1779558955.526537,0.0625,-0.05859375,0.0390625,-0.423828125,-0.408203125,-0.32421875,0,0
1779558955.534499,0.0625,-0.05859375,0.0390625,-0.42578125,-0.408203125,-0.32421875,0,0
1779558955.542458,0.0625,-0.05859375,0.037109375,-0.42578125,-0.408203125,-0.32421875,0,0
1779558955.550509,0.0625,-0.05859375,0.037109375,-0.42578125,-0.412109375,-0.322265625,0,0
1779558955.558498,0.06640625,-0.0625,0.033203125,-0.42578125,-0.412109375,-0.322265625,0,0
1779558955.566532,0.06640625,-0.0625,0.033203125,-0.4296875,-0.419921875,-0.318359375,0,0
1779558955.574499,0.068359375,-0.0625,0.029296875,-0.4296875,-0.419921875,-0.318359375,0,0
1779558955.582494,0.068359375,-0.0625,0.029296875,-0.43359375,-0.431640625,-0.31640625,0,0
1779558955.590500,0.072265625,-0.064453125,0.029296875,-0.43359375,-0.431640625,-0.31640625,0,0
1779558955.598487,0.072265625,-0.064453125,0.029296875,-0.435546875,-0.44140625,-0.310546875,0,0
1779558955.606500,0.072265625,-0.0625,0.033203125,-0.435546875,-0.44140625,-0.310546875,0,0
1779558955.614526,0.072265625,-0.0625,0.033203125,-0.435546875,-0.451171875,-0.30859375,0,0
1779558955.622530,0.07421875,-0.060546875,0.03515625,-0.435546875,-0.451171875,-0.30859375,0,0
1779558955.630468,0.07421875,-0.060546875,0.03515625,-0.4375,-0.453125,-0.3046875,0,0
1779558955.638441,0.078125,-0.060546875,0.033203125,-0.4375,-0.453125,-0.3046875,0,0
1779558955.646484,0.078125,-0.060546875,0.033203125,-0.443359375,-0.458984375,-0.3046875,0,0
1779558955.654514,0.08203125,-0.064453125,0.02734375,-0.443359375,-0.458984375,-0.3046875,0,0
1779558955.662488,0.08203125,-0.064453125,0.02734375,-0.44921875,-0.458984375,-0.3046875,0,0
1779558955.670463,0.083984375,-0.06640625,0.021484375,-0.44921875,-0.458984375,-0.3046875,0,0
1779558955.678442,0.083984375,-0.06640625,0.021484375,-0.451171875,-0.462890625,-0.3046875,0,0
1779558955.686448,0.083984375,-0.06640625,0.021484375,-0.451171875,-0.462890625,-0.3046875,0,0
1779558955.694487,0.083984375,-0.06640625,0.021484375,-0.451171875,-0.462890625,-0.3046875,0,0
1779558955.702489,0.0859375,-0.06640625,0.01953125,-0.451171875,-0.462890625,-0.3046875,0,0
1779558955.710486,0.0859375,-0.06640625,0.01953125,-0.453125,-0.462890625,-0.3046875,0,0
1779558955.718537,0.0859375,-0.06640625,0.01953125,-0.453125,-0.462890625,-0.3046875,0,0
1779558955.726476,0.0859375,-0.06640625,0.01953125,-0.453125,-0.462890625,-0.3046875,0,0
1779558955.734524,0.087890625,-0.068359375,0.015625,-0.453125,-0.462890625,-0.3046875,0,0
1779558955.742513,0.087890625,-0.068359375,0.015625,-0.4609375,-0.46484375,-0.3046875,0,0
1779558955.750513,0.087890625,-0.0703125,0.013671875,-0.4609375,-0.46484375,-0.3046875,0,0
1779558955.758467,0.087890625,-0.0703125,0.013671875,-0.4609375,-0.466796875,-0.3046875,0,0
1779558955.766510,0.087890625,-0.072265625,0.005859375,-0.4609375,-0.466796875,-0.3046875,0,0
1779558955.774486,0.087890625,-0.072265625,0.005859375,-0.46484375,-0.470703125,-0.302734375,0,0
1779558955.782544,0.087890625,-0.07421875,0.00390625,-0.46484375,-0.470703125,-0.302734375,0,0
1779558955.790525,0.087890625,-0.07421875,0.00390625,-0.466796875,-0.47265625,-0.30078125,0,0
1779558955.798538,0.087890625,-0.07421875,0.00390625,-0.466796875,-0.47265625,-0.30078125,0,0
1779558955.806477,0.087890625,-0.07421875,0.00390625,-0.46875,-0.474609375,-0.298828125,0,0
1779558955.814520,0.087890625,-0.076171875,0.00390625,-0.46875,-0.474609375,-0.298828125,0,0
1779558955.822499,0.087890625,-0.076171875,0.00390625,-0.46875,-0.474609375,-0.298828125,0,0
1779558955.830489,0.087890625,-0.076171875,0.00390625,-0.46875,-0.474609375,-0.298828125,0,0
1779558955.838452,0.087890625,-0.076171875,0.00390625,-0.46875,-0.4765625,-0.298828125,0,0
1779558955.846487,0.0859375,-0.076171875,0.00390625,-0.46875,-0.4765625,-0.298828125,0,0
1779558955.854495,0.0859375,-0.076171875,0.00390625,-0.46875,-0.478515625,-0.298828125,0,0
1779558955.862486,0.0859375,-0.076171875,0.00390625,-0.46875,-0.478515625,-0.298828125,0,0
1779558955.870535,0.0859375,-0.076171875,0.00390625,-0.47265625,-0.478515625,-0.296875,0,0
1779558955.878527,0.0859375,-0.07421875,0.00390625,-0.47265625,-0.478515625,-0.296875,0,0
1779558955.886539,0.0859375,-0.07421875,0.00390625,-0.47265625,-0.484375,-0.29296875,0,0
1779558955.894493,0.0859375,-0.07421875,0.00390625,-0.47265625,-0.484375,-0.29296875,0,0
1779558955.902473,0.0859375,-0.07421875,0.00390625,-0.47265625,-0.484375,-0.29296875,0,0
1779558955.910477,0.083984375,-0.07421875,0.00390625,-0.47265625,-0.484375,-0.29296875,0,0
1779558955.918465,0.083984375,-0.07421875,0.00390625,-0.47265625,-0.48828125,-0.29296875,0,0
1779558955.926517,0.083984375,-0.07421875,0.00390625,-0.47265625,-0.48828125,-0.29296875,0,0
1779558955.934467,0.083984375,-0.07421875,0.00390625,-0.47265625,-0.48828125,-0.29296875,0,0
1779558955.942493,0.083984375,-0.07421875,0.00390625,-0.47265625,-0.48828125,-0.29296875,0,0
1779558955.950438,0.083984375,-0.07421875,0.00390625,-0.470703125,-0.490234375,-0.29296875,0,0
1779558955.958462,0.0859375,-0.072265625,0.00390625,-0.470703125,-0.490234375,-0.29296875,0,0
1779558955.966438,0.0859375,-0.072265625,0.00390625,-0.470703125,-0.490234375,-0.29296875,0,0
1779558955.974513,0.0859375,-0.0703125,0.00390625,-0.470703125,-0.490234375,-0.29296875,0,0
1779558955.982497,0.0859375,-0.0703125,0.00390625,-0.470703125,-0.490234375,-0.29296875,0,0
1779558955.990468,0.0859375,-0.0703125,0.00390625,-0.470703125,-0.490234375,-0.29296875,0,0
1779558955.998465,0.0859375,-0.0703125,0.00390625,-0.470703125,-0.4921875,-0.29296875,0,0
1779558956.006467,0.0859375,-0.0703125,0.00390625,-0.470703125,-0.4921875,-0.29296875,0,0
1779558956.014437,0.0859375,-0.0703125,0.00390625,-0.470703125,-0.4921875,-0.29296875,0,0
1779558956.022534,0.0859375,-0.0703125,0.00390625,-0.470703125,-0.4921875,-0.29296875,0,0
1779558956.030553,0.0859375,-0.0703125,0.00390625,-0.470703125,-0.4921875,-0.29296875,0,0
1779558956.038465,0.087890625,-0.068359375,0.00390625,-0.470703125,-0.4921875,-0.29296875,0,0
1779558956.046536,0.087890625,-0.068359375,0.00390625,-0.470703125,-0.494140625,-0.29296875,0,0
1779558956.054488,0.087890625,-0.068359375,0.00390625,-0.470703125,-0.494140625,-0.29296875,0,0
1779558956.062510,0.087890625,-0.068359375,0.00390625,-0.470703125,-0.49609375,-0.29296875,0,0
1779558956.070499,0.087890625,-0.068359375,0.00390625,-0.470703125,-0.49609375,-0.29296875,0,0
1779558956.078544,0.087890625,-0.068359375,0.00390625,-0.46875,-0.49609375,-0.294921875,0,0
1779558956.086527,0.087890625,-0.064453125,0.00390625,-0.46875,-0.49609375,-0.294921875,0,0
1779558956.094531,0.087890625,-0.064453125,0.00390625,-0.466796875,-0.498046875,-0.294921875,0,0
1779558956.102466,0.087890625,-0.0625,0.00390625,-0.466796875,-0.498046875,-0.294921875,0,0
1779558956.110492,0.087890625,-0.0625,0.00390625,-0.4609375,-0.5,-0.294921875,0,0
1779558956.118528,0.0859375,-0.0546875,0.01171875,-0.4609375,-0.5,-0.294921875,0,0
1779558956.126517,0.0859375,-0.0546875,0.01171875,-0.455078125,-0.501953125,-0.294921875,0,0
1779558956.134480,0.083984375,-0.052734375,0.017578125,-0.455078125,-0.501953125,-0.294921875,0,0
1779558956.142537,0.083984375,-0.052734375,0.017578125,-0.447265625,-0.501953125,-0.294921875,0,0
1779558956.150572,0.076171875,-0.04296875,0.03515625,-0.447265625,-0.501953125,-0.294921875,0,0
1779558956.158494,0.076171875,-0.04296875,0.03515625,-0.435546875,-0.501953125,-0.294921875,0,0
1779558956.166516,0.068359375,-0.03125,0.056640625,-0.435546875,-0.501953125,-0.294921875,0,0
1779558956.174478,0.068359375,-0.03125,0.056640625,-0.419921875,-0.494140625,-0.294921875,0,0
1779558956.182576,0.052734375,-0.015625,0.083984375,-0.419921875,-0.494140625,-0.294921875,0,0
1779558956.190475,0.052734375,-0.015625,0.083984375,-0.400390625,-0.490234375,-0.294921875,0,0
1779558956.198436,0.0390625,-0.015625,0.1171875,-0.400390625,-0.490234375,-0.294921875,0,0
1779558956.206443,0.0390625,-0.015625,0.1171875,-0.380859375,-0.482421875,-0.29296875,0,0
1779558956.214435,0.025390625,-0.015625,0.1484375,-0.380859375,-0.482421875,-0.29296875,0,0
1779558956.222462,0.025390625,-0.015625,0.1484375,-0.361328125,-0.474609375,-0.29296875,0,0
1779558956.230501,0.013671875,-0.015625,0.17578125,-0.361328125,-0.474609375,-0.29296875,0,0
1779558956.238453,0.013671875,-0.015625,0.17578125,-0.34375,-0.46484375,-0.291015625,0,0
1779558956.246514,0.013671875,-0.015625,0.201171875,-0.34375,-0.46484375,-0.291015625,0,0
1779558956.254470,0.013671875,-0.015625,0.201171875,-0.322265625,-0.455078125,-0.2890625,0,0
1779558956.262455,0.013671875,-0.015625,0.220703125,-0.322265625,-0.455078125,-0.2890625,0,0
1779558956.270501,0.013671875,-0.015625,0.220703125,-0.3125,-0.453125,-0.2890625,0,0
1779558956.278497,0.013671875,-0.015625,0.234375,-0.3125,-0.453125,-0.2890625,0,0
1779558956.286490,0.013671875,-0.015625,0.234375,-0.302734375,-0.443359375,-0.287109375,0,0
1779558956.294490,0.013671875,-0.015625,0.255859375,-0.302734375,-0.443359375,-0.287109375,0,0
1779558956.302481,0.013671875,-0.015625,0.255859375,-0.287109375,-0.4375,-0.28515625,0,0
1779558956.310556,0.013671875,-0.015625,0.275390625,-0.287109375,-0.4375,-0.28515625,0,0
1779558956.318511,0.013671875,-0.015625,0.275390625,-0.2734375,-0.431640625,-0.283203125,0,0
1779558956.326461,0.013671875,-0.015625,0.30078125,-0.2734375,-0.431640625,-0.283203125,0,0
1779558956.334456,0.013671875,-0.015625,0.30078125,-0.25390625,-0.421875,-0.28125,0,0
1779558956.342453,0.013671875,0.0,0.326171875,-0.25390625,-0.421875,-0.28125,0,0
1779558956.350558,0.013671875,0.0,0.326171875,-0.232421875,-0.41015625,-0.275390625,0,0
1779558956.358535,0.013671875,0.005859375,0.34765625,-0.232421875,-0.41015625,-0.275390625,0,0
1779558956.366527,0.013671875,0.005859375,0.34765625,-0.216796875,-0.396484375,-0.2734375,0,0
1779558956.374508,0.013671875,0.01171875,0.361328125,-0.216796875,-0.396484375,-0.2734375,0,0
1779558956.382504,0.013671875,0.01171875,0.361328125,-0.2109375,-0.388671875,-0.271484375,0,0
1779558956.390437,-0.005859375,0.01171875,0.37109375,-0.2109375,-0.388671875,-0.271484375,0,0
1779558956.398492,-0.005859375,0.01171875,0.37109375,-0.201171875,-0.380859375,-0.267578125,0,0
1779558956.406421,-0.013671875,0.01171875,0.3828125,-0.201171875,-0.380859375,-0.267578125,0,0
1779558956.414504,-0.013671875,0.01171875,0.3828125,-0.193359375,-0.376953125,-0.265625,0,0
1779558956.422418,-0.0234375,0.015625,0.396484375,-0.193359375,-0.376953125,-0.265625,0,0
1779558956.430514,-0.0234375,0.015625,0.396484375,-0.181640625,-0.3671875,-0.265625,0,0
1779558956.438516,-0.033203125,0.017578125,0.412109375,-0.181640625,-0.3671875,-0.265625,0,0
1779558956.446489,-0.033203125,0.017578125,0.412109375,-0.16796875,-0.361328125,-0.263671875,0,0
1779558956.454456,-0.046875,0.0234375,0.435546875,-0.16796875,-0.361328125,-0.263671875,0,0
1779558956.462467,-0.046875,0.0234375,0.435546875,-0.150390625,-0.353515625,-0.259765625,0,0
1779558956.470529,-0.060546875,0.025390625,0.44921875,-0.150390625,-0.353515625,-0.259765625,0,0
1779558956.478494,-0.060546875,0.025390625,0.44921875,-0.1328125,-0.34375,-0.2578125,0,0
1779558956.486516,-0.0703125,0.02734375,0.46484375,-0.1328125,-0.34375,-0.2578125,0,0
1779558956.494496,-0.0703125,0.02734375,0.46484375,-0.125,-0.3359375,-0.255859375,0,0
1779558956.502496,-0.078125,0.025390625,0.474609375,-0.125,-0.3359375,-0.255859375,0,0
1779558956.510491,-0.078125,0.025390625,0.474609375,-0.1171875,-0.326171875,-0.251953125,0,0
1779558956.518527,-0.083984375,0.025390625,0.48046875,-0.1171875,-0.326171875,-0.251953125,0,0
1779558956.526454,-0.083984375,0.025390625,0.48046875,-0.11328125,-0.322265625,-0.25,0,0
1779558956.534533,-0.0859375,0.0234375,0.48046875,-0.11328125,-0.322265625,-0.25,0,0
1779558956.542501,-0.0859375,0.0234375,0.48046875,-0.11328125,-0.322265625,-0.24609375,0,0
1779558956.550514,-0.087890625,0.0234375,0.484375,-0.11328125,-0.322265625,-0.24609375,0,0
1779558956.558499,-0.087890625,0.0234375,0.484375,-0.111328125,-0.322265625,-0.2421875,0,0
1779558956.566518,-0.087890625,0.021484375,0.4921875,-0.111328125,-0.322265625,-0.2421875,0,0
1779558956.574491,-0.087890625,0.021484375,0.4921875,-0.103515625,-0.3203125,-0.240234375,0,0
1779558956.582500,-0.083984375,0.01953125,0.5,-0.103515625,-0.3203125,-0.240234375,0,0
1779558956.590491,-0.083984375,0.01953125,0.5,-0.091796875,-0.3125,-0.240234375,0,0
1779558956.598471,-0.08203125,0.01953125,0.509765625,-0.091796875,-0.3125,-0.240234375,0,0
1779558956.606518,-0.08203125,0.01953125,0.509765625,-0.08203125,-0.3125,-0.240234375,0,0
1779558956.614514,-0.076171875,0.013671875,0.51171875,-0.08203125,-0.3125,-0.240234375,0,0
1779558956.622523,-0.076171875,0.013671875,0.51171875,-0.080078125,-0.310546875,-0.236328125,0,0
1779558956.630511,-0.072265625,0.0078125,0.51171875,-0.080078125,-0.310546875,-0.236328125,0,0
1779558956.638478,-0.072265625,0.0078125,0.51171875,-0.080078125,-0.306640625,-0.234375,0,0
1779558956.646498,-0.068359375,0.0,0.509765625,-0.080078125,-0.306640625,-0.234375,0,0
1779558956.654517,-0.068359375,0.0,0.509765625,-0.08203125,-0.3046875,-0.23046875,0,0
1779558956.662526,-0.06640625,0.0,0.509765625,-0.08203125,-0.3046875,-0.23046875,0,0
1779558956.670511,-0.06640625,0.0,0.509765625,-0.083984375,-0.306640625,-0.228515625,0,0
1779558956.678530,-0.060546875,0.0,0.509765625,-0.083984375,-0.306640625,-0.228515625,0,0
1779558956.686499,-0.060546875,0.0,0.509765625,-0.091796875,-0.302734375,-0.224609375,0,0
1779558956.694470,-0.056640625,0.0,0.509765625,-0.091796875,-0.302734375,-0.224609375,0,0
1779558956.702458,-0.056640625,0.0,0.509765625,-0.099609375,-0.30078125,-0.22265625,0,0
1779558956.710414,-0.0546875,0.0,0.509765625,-0.099609375,-0.30078125,-0.22265625,0,0
1779558956.718438,-0.0546875,0.0,0.509765625,-0.099609375,-0.30078125,-0.220703125,0,0
1779558956.726450,-0.052734375,0.0,0.515625,-0.099609375,-0.30078125,-0.220703125,0,0
1779558956.734464,-0.052734375,0.0,0.515625,-0.095703125,-0.296875,-0.220703125,0,0
1779558956.742450,-0.05078125,0.005859375,0.517578125,-0.095703125,-0.296875,-0.220703125,0,0
1779558956.750561,-0.05078125,0.005859375,0.517578125,-0.08984375,-0.298828125,-0.220703125,0,0
1779558956.758469,-0.046875,0.0078125,0.51953125,-0.08984375,-0.298828125,-0.220703125,0,0
1779558956.766484,-0.046875,0.0078125,0.51953125,-0.0859375,-0.29296875,-0.220703125,0,0
1779558956.774427,-0.04296875,0.0078125,0.521484375,-0.0859375,-0.29296875,-0.220703125,0,0
1779558956.782516,-0.04296875,0.0078125,0.521484375,-0.08203125,-0.2890625,-0.220703125,0,0
1779558956.790496,-0.0390625,0.00390625,0.525390625,-0.08203125,-0.2890625,-0.220703125,0,0
1779558956.798510,-0.0390625,0.00390625,0.525390625,-0.08203125,-0.287109375,-0.21875,0,0
1779558956.806480,-0.033203125,0.0,0.525390625,-0.08203125,-0.287109375,-0.21875,0,0
1779558956.814517,-0.033203125,0.0,0.525390625,-0.08203125,-0.28125,-0.216796875,0,0
1779558956.822509,-0.033203125,0.0,0.525390625,-0.08203125,-0.28125,-0.216796875,0,0
1779558956.830494,-0.033203125,0.0,0.525390625,-0.080078125,-0.28125,-0.216796875,0,0
1779558956.838479,-0.029296875,0.0,0.53125,-0.080078125,-0.28125,-0.216796875,0,0
1779558956.846484,-0.029296875,0.0,0.53125,-0.07421875,-0.275390625,-0.21484375,0,0
1779558956.854509,-0.029296875,0.0,0.53515625,-0.07421875,-0.275390625,-0.21484375,0,0
1779558956.862494,-0.029296875,0.0,0.53515625,-0.068359375,-0.271484375,-0.212890625,0,0
1779558956.870439,-0.02734375,0.00390625,0.53515625,-0.068359375,-0.271484375,-0.212890625,0,0
1779558956.878523,-0.02734375,0.00390625,0.53515625,-0.0703125,-0.267578125,-0.2109375,0,0
1779558956.886520,-0.02734375,0.0,0.53515625,-0.0703125,-0.267578125,-0.2109375,0,0
1779558956.894505,-0.02734375,0.0,0.53515625,-0.068359375,-0.267578125,-0.208984375,0,0
1779558956.902501,-0.025390625,0.0,0.53515625,-0.068359375,-0.267578125,-0.208984375,0,0
1779558956.910517,-0.025390625,0.0,0.53515625,-0.060546875,-0.263671875,-0.208984375,0,0
1779558956.918467,-0.025390625,0.0,0.5390625,-0.060546875,-0.263671875,-0.208984375,0,0
1779558956.926478,-0.025390625,0.0,0.5390625,-0.060546875,-0.259765625,-0.208984375,0,0
1779558956.942507,-0.02734375,0.005859375,0.546875,-0.060546875,-0.259765625,-0.208984375,0,0
1779558956.950473,-0.02734375,0.005859375,0.546875,-0.0625,-0.2578125,-0.208984375,0,0
1779558956.958490,-0.02734375,0.005859375,0.552734375,-0.0625,-0.2578125,-0.208984375,0,0
1779558956.966552,-0.02734375,0.005859375,0.552734375,-0.0625,-0.25390625,-0.20703125,0,0
1779558956.974485,-0.025390625,0.005859375,0.5546875,-0.0625,-0.25390625,-0.20703125,0,0
1779558956.982507,-0.025390625,0.005859375,0.5546875,-0.0625,-0.25390625,-0.205078125,0,0
1779558956.990495,-0.025390625,0.005859375,0.5546875,-0.0625,-0.25390625,-0.205078125,0,0
1779558956.998494,-0.025390625,0.005859375,0.5546875,-0.0625,-0.25390625,-0.203125,0,0
1779558957.006479,-0.01953125,0.013671875,0.552734375,-0.0625,-0.25390625,-0.203125,0,0
1779558957.014512,-0.01953125,0.013671875,0.552734375,-0.05859375,-0.251953125,-0.201171875,0,0
1779558957.022528,-0.013671875,0.017578125,0.552734375,-0.05859375,-0.251953125,-0.201171875,0,0
1779558957.030477,-0.013671875,0.017578125,0.552734375,-0.05078125,-0.24609375,-0.197265625,0,0
1779558957.038498,-0.005859375,0.017578125,0.552734375,-0.05078125,-0.24609375,-0.197265625,0,0
1779558957.046519,-0.005859375,0.017578125,0.552734375,-0.0390625,-0.240234375,-0.1953125,0,0
1779558957.054517,-0.005859375,0.017578125,0.560546875,-0.0390625,-0.240234375,-0.1953125,0,0
1779558957.062529,-0.005859375,0.017578125,0.560546875,-0.037109375,-0.23046875,-0.19140625,0,0
1779558957.070507,-0.005859375,0.0234375,0.564453125,-0.037109375,-0.23046875,-0.19140625,0,0
1779558957.078520,-0.005859375,0.0234375,0.564453125,-0.041015625,-0.228515625,-0.189453125,0,0
1779558957.086529,-0.005859375,0.02734375,0.572265625,-0.041015625,-0.228515625,-0.189453125,0,0
1779558957.094512,-0.005859375,0.02734375,0.572265625,-0.0390625,-0.224609375,-0.185546875,0,0
1779558957.102465,-0.005859375,0.033203125,0.578125,-0.0390625,-0.224609375,-0.185546875,0,0
1779558957.110471,-0.005859375,0.033203125,0.578125,-0.037109375,-0.22265625,-0.1796875,0,0
1779558957.118581,-0.005859375,0.037109375,0.576171875,-0.037109375,-0.22265625,-0.1796875,0,0
1779558957.126549,-0.005859375,0.037109375,0.576171875,-0.03125,-0.220703125,-0.17578125,0,0
1779558957.134557,-0.005859375,0.046875,0.568359375,-0.03125,-0.220703125,-0.17578125,0,0
1779558957.142519,-0.005859375,0.046875,0.568359375,-0.01171875,-0.216796875,-0.171875,0,0
1779558957.150812,-0.005859375,0.056640625,0.5625,-0.01171875,-0.216796875,-0.171875,0,0
1779558957.158478,-0.005859375,0.056640625,0.5625,-0.01171875,-0.212890625,-0.166015625,0,0
1779558957.166520,-0.005859375,0.0625,0.5546875,-0.01171875,-0.212890625,-0.166015625,0,0
1779558957.174478,-0.005859375,0.0625,0.5546875,-0.01171875,-0.2109375,-0.16015625,0,0
1779558957.182572,-0.005859375,0.072265625,0.5546875,-0.01171875,-0.2109375,-0.16015625,0,0
1779558957.190509,-0.005859375,0.072265625,0.5546875,-0.01171875,-0.203125,-0.15625,0,0
1779558957.198494,-0.005859375,0.091796875,0.556640625,-0.01171875,-0.203125,-0.15625,0,0
1779558957.206455,-0.005859375,0.091796875,0.556640625,-0.01171875,-0.203125,-0.146484375,0,0
1779558957.214544,-0.005859375,0.1171875,0.55078125,-0.01171875,-0.203125,-0.146484375,0,0
1779558957.222509,-0.005859375,0.1171875,0.55078125,-0.01171875,-0.19921875,-0.134765625,0,0
1779558957.230482,-0.005859375,0.12890625,0.54296875,-0.01171875,-0.19921875,-0.134765625,0,0
1779558957.238456,-0.005859375,0.12890625,0.54296875,0.017578125,-0.19921875,-0.1171875,0,0
1779558957.246502,-0.005859375,0.146484375,0.53515625,0.017578125,-0.19921875,-0.1171875,0,0
1779558957.254527,-0.005859375,0.146484375,0.53515625,0.029296875,-0.19921875,-0.107421875,0,0
1779558957.263350,-0.005859375,0.166015625,0.537109375,0.029296875,-0.19921875,-0.107421875,0,0
1779558957.270518,-0.005859375,0.166015625,0.537109375,0.048828125,-0.201171875,-0.095703125,0,0
1779558957.278476,-0.005859375,0.193359375,0.5390625,0.048828125,-0.201171875,-0.095703125,0,0
1779558957.286516,-0.005859375,0.193359375,0.5390625,0.0859375,-0.197265625,-0.087890625,0,0
1779558957.294526,-0.005859375,0.208984375,0.5390625,0.0859375,-0.197265625,-0.087890625,0,0
1779558957.302482,-0.005859375,0.208984375,0.5390625,0.109375,-0.1953125,-0.08203125,0,0
1779558957.310462,-0.005859375,0.220703125,0.52734375,0.109375,-0.1953125,-0.08203125,0,0
1779558957.318531,-0.005859375,0.220703125,0.52734375,0.13671875,-0.193359375,-0.0703125,0,0
1779558957.326485,-0.005859375,0.240234375,0.5078125,0.13671875,-0.193359375,-0.0703125,0,0
1779558957.334526,-0.005859375,0.240234375,0.5078125,0.154296875,-0.193359375,-0.05078125,0,0
1779558957.342476,-0.005859375,0.248046875,0.48828125,0.154296875,-0.193359375,-0.05078125,0,0
1779558957.350521,-0.005859375,0.248046875,0.48828125,0.177734375,-0.19140625,-0.0234375,0,0
1779558957.358505,-0.005859375,0.26171875,0.4765625,0.177734375,-0.19140625,-0.0234375,0,0
1779558957.366554,-0.005859375,0.26171875,0.4765625,0.201171875,-0.185546875,-0.0234375,0,0
1779558957.374533,-0.005859375,0.2734375,0.458984375,0.201171875,-0.185546875,-0.0234375,0,0
1779558957.382587,-0.005859375,0.2734375,0.458984375,0.22265625,-0.1796875,-0.0234375,0,0
1779558957.390538,-0.005859375,0.283203125,0.443359375,0.22265625,-0.1796875,-0.0234375,0,0
1779558957.398561,-0.005859375,0.283203125,0.443359375,0.236328125,-0.17578125,-0.0234375,0,0
1779558957.406536,-0.005859375,0.28515625,0.43359375,0.236328125,-0.17578125,-0.0234375,0,0
1779558957.414532,-0.005859375,0.28515625,0.43359375,0.25390625,-0.17578125,-0.0234375,0,0
1779558957.422521,-0.005859375,0.28515625,0.42578125,0.25390625,-0.17578125,-0.0234375,0,0
1779558957.430519,-0.005859375,0.28515625,0.42578125,0.259765625,-0.177734375,-0.0234375,0,0
1779558957.438516,-0.005859375,0.28515625,0.41015625,0.259765625,-0.177734375,-0.0234375,0,0
1779558957.446517,-0.005859375,0.28515625,0.41015625,0.26953125,-0.185546875,-0.0234375,0,0
1779558957.454515,-0.005859375,0.28125,0.404296875,0.26953125,-0.185546875,-0.0234375,0,0
1779558957.462520,-0.005859375,0.28125,0.404296875,0.26953125,-0.189453125,-0.0234375,0,0
1779558957.470461,-0.005859375,0.27734375,0.404296875,0.26953125,-0.189453125,-0.0234375,0,0
1779558957.478496,-0.005859375,0.27734375,0.404296875,0.279296875,-0.189453125,-0.0234375,0,0
1779558957.486523,-0.005859375,0.271484375,0.40625,0.279296875,-0.189453125,-0.0234375,0,0
1779558957.494525,-0.005859375,0.271484375,0.40625,0.28515625,-0.189453125,-0.0234375,0,0
1779558957.502506,-0.005859375,0.267578125,0.40625,0.28515625,-0.189453125,-0.0234375,0,0
1779558957.510501,-0.005859375,0.267578125,0.40625,0.291015625,-0.189453125,-0.0234375,0,0
1779558957.518539,-0.005859375,0.26171875,0.404296875,0.291015625,-0.189453125,-0.0234375,0,0
1779558957.526547,-0.005859375,0.26171875,0.404296875,0.29296875,-0.1953125,-0.0234375,0,0
1779558957.534523,-0.005859375,0.25390625,0.396484375,0.29296875,-0.1953125,-0.0234375,0,0
1779558957.542485,-0.005859375,0.25390625,0.396484375,0.291015625,-0.201171875,0.0,0,0
1779558957.550537,-0.005859375,0.244140625,0.38671875,0.291015625,-0.201171875,0.0,0,0
1779558957.558502,-0.005859375,0.244140625,0.38671875,0.279296875,-0.2109375,0.0078125,0,0
1779558957.566473,-0.005859375,0.236328125,0.384765625,0.279296875,-0.2109375,0.0078125,0,0
1779558957.574449,-0.005859375,0.236328125,0.384765625,0.271484375,-0.21875,0.01171875,0,0
1779558957.582481,-0.005859375,0.224609375,0.38671875,0.271484375,-0.21875,0.01171875,0,0
1779558957.590539,-0.005859375,0.224609375,0.38671875,0.259765625,-0.2265625,0.013671875,0,0
1779558957.598493,-0.005859375,0.2109375,0.392578125,0.259765625,-0.2265625,0.013671875,0,0
1779558957.606490,-0.005859375,0.2109375,0.392578125,0.24609375,-0.23046875,0.017578125,0,0
1779558957.614516,-0.005859375,0.193359375,0.40234375,0.24609375,-0.23046875,0.017578125,0,0
1779558957.622506,-0.005859375,0.193359375,0.40234375,0.224609375,-0.234375,0.0234375,0,0
1779558957.630447,-0.005859375,0.185546875,0.408203125,0.224609375,-0.234375,0.0234375,0,0
1779558957.638539,-0.005859375,0.185546875,0.408203125,0.2109375,-0.240234375,0.029296875,0,0
1779558957.646521,-0.005859375,0.189453125,0.427734375,0.2109375,-0.240234375,0.029296875,0,0
1779558957.654488,-0.005859375,0.189453125,0.427734375,0.19921875,-0.2421875,0.03125,0,0
1779558957.662505,-0.005859375,0.185546875,0.44140625,0.19921875,-0.2421875,0.03125,0,0
1779558957.670497,-0.005859375,0.185546875,0.44140625,0.1953125,-0.244140625,0.033203125,0,0
1779558957.678505,-0.005859375,0.173828125,0.44921875,0.1953125,-0.244140625,0.033203125,0,0
1779558957.686473,-0.005859375,0.173828125,0.44921875,0.193359375,-0.24609375,0.03515625,0,0
1779558957.694452,-0.005859375,0.15625,0.4609375,0.193359375,-0.24609375,0.03515625,0,0
1779558957.702477,-0.005859375,0.15625,0.4609375,0.18359375,-0.24609375,0.033203125,0,0
1779558957.710509,-0.005859375,0.150390625,0.470703125,0.18359375,-0.24609375,0.033203125,0,0
1779558957.718529,-0.005859375,0.150390625,0.470703125,0.17578125,-0.24609375,0.033203125,0,0
1779558957.726473,-0.005859375,0.146484375,0.482421875,0.17578125,-0.24609375,0.033203125,0,0
1779558957.734552,-0.005859375,0.146484375,0.482421875,0.16015625,-0.248046875,0.029296875,0,0
1779558957.742524,-0.005859375,0.140625,0.490234375,0.16015625,-0.248046875,0.029296875,0,0
1779558957.750520,-0.005859375,0.140625,0.490234375,0.15234375,-0.248046875,0.025390625,0,0
1779558957.758419,-0.005859375,0.134765625,0.501953125,0.15234375,-0.248046875,0.025390625,0,0
1779558957.766470,-0.005859375,0.134765625,0.501953125,0.142578125,-0.24609375,0.0234375,0,0
1779558957.774463,-0.005859375,0.126953125,0.51171875,0.142578125,-0.24609375,0.0234375,0,0
1779558957.782469,-0.005859375,0.126953125,0.51171875,0.134765625,-0.24609375,0.021484375,0,0
1779558957.790466,-0.005859375,0.1171875,0.517578125,0.134765625,-0.24609375,0.021484375,0,0
1779558957.798467,-0.005859375,0.1171875,0.517578125,0.126953125,-0.24609375,0.021484375,0,0
1779558957.806461,-0.005859375,0.111328125,0.525390625,0.126953125,-0.24609375,0.021484375,0,0
1779558957.814585,-0.005859375,0.111328125,0.525390625,0.115234375,-0.2421875,0.021484375,0,0
1779558957.822597,-0.005859375,0.10546875,0.53515625,0.115234375,-0.2421875,0.021484375,0,0
1779558957.830496,-0.005859375,0.10546875,0.53515625,0.10546875,-0.2421875,0.01953125,0,0
1779558957.838524,-0.005859375,0.103515625,0.541015625,0.10546875,-0.2421875,0.01953125,0,0
1779558957.846568,-0.005859375,0.103515625,0.541015625,0.091796875,-0.244140625,0.01953125,0,0
1779558957.854512,-0.005859375,0.099609375,0.54296875,0.091796875,-0.244140625,0.01953125,0,0
1779558957.862527,-0.005859375,0.099609375,0.54296875,0.072265625,-0.240234375,0.01953125,0,0
1779558957.870527,-0.005859375,0.087890625,0.54296875,0.072265625,-0.240234375,0.01953125,0,0
1779558957.878481,-0.005859375,0.087890625,0.54296875,0.05078125,-0.240234375,0.015625,0,0
1779558957.886532,-0.005859375,0.07421875,0.5390625,0.05078125,-0.240234375,0.015625,0,0
1779558957.894469,-0.005859375,0.07421875,0.5390625,0.029296875,-0.240234375,0.009765625,0,0
1779558957.902523,-0.005859375,0.060546875,0.52734375,0.029296875,-0.240234375,0.009765625,0,0
1779558957.910511,-0.005859375,0.060546875,0.52734375,0.017578125,-0.240234375,0.009765625,0,0
1779558957.918559,-0.005859375,0.046875,0.515625,0.017578125,-0.240234375,0.009765625,0,0
1779558957.926513,-0.005859375,0.046875,0.515625,0.0078125,-0.23828125,0.009765625,0,0
1779558957.934493,-0.005859375,0.0390625,0.5,0.0078125,-0.23828125,0.009765625,0,0
1779558957.942480,-0.005859375,0.0390625,0.5,0.0078125,-0.234375,0.009765625,0,0
1779558957.950520,-0.005859375,0.015625,0.455078125,0.0078125,-0.234375,0.009765625,0,0
1779558957.958518,-0.005859375,0.015625,0.455078125,0.005859375,-0.2265625,0.009765625,0,0
1779558957.966531,-0.01171875,0.015625,0.396484375,0.005859375,-0.2265625,0.009765625,0,0
1779558957.974543,-0.01171875,0.015625,0.396484375,0.0078125,-0.212890625,0.009765625,0,0
1779558957.982487,-0.021484375,0.015625,0.33984375,0.0078125,-0.212890625,0.009765625,0,0
1779558957.990477,-0.021484375,0.015625,0.33984375,0.0078125,-0.1875,0.009765625,0,0
1779558957.998502,-0.021484375,0.015625,0.263671875,0.0078125,-0.1875,0.009765625,0,0
1779558958.006530,-0.021484375,0.015625,0.263671875,0.0078125,-0.15234375,0.009765625,0,0
1779558958.014562,-0.021484375,0.015625,0.203125,0.0078125,-0.15234375,0.009765625,0,0
1779558958.022514,-0.021484375,0.015625,0.203125,0.0078125,-0.103515625,0.009765625,0,0
1779558958.030478,-0.021484375,0.015625,0.166015625,0.0078125,-0.103515625,0.009765625,0,0
1779558958.038458,-0.021484375,0.015625,0.166015625,0.0078125,-0.048828125,0.009765625,0,0
1779558958.046517,-0.021484375,0.015625,0.154296875,0.0078125,-0.048828125,0.009765625,0,0
1779558958.054511,-0.021484375,0.015625,0.154296875,0.01171875,-0.048828125,0.009765625,0,0
1779558958.062480,-0.021484375,0.015625,0.13671875,0.01171875,-0.048828125,0.009765625,0,0
1779558958.070505,-0.021484375,0.015625,0.13671875,0.0390625,-0.048828125,0.009765625,0,0
1779558958.078573,-0.021484375,0.015625,0.111328125,0.0390625,-0.048828125,0.009765625,0,0
1779558958.086478,-0.021484375,0.015625,0.111328125,0.064453125,-0.048828125,0.009765625,0,0
1779558958.102520,-0.021484375,0.015625,0.111328125,-0.021484375,-0.048828125,0.009765625,0,0
1779558958.132474,0.0,0.0,0.0,0.0,0.0,0.0,0,0
1779558958.134507,-0.021484375,0.015625,0.111328125,-0.00390625,-0.048828125,0.009765625,0,0
1779558958.164514,0.0,0.0,0.0,0.0,0.0,0.0,0,0
1779558958.195489,0.0,0.0,0.0,0.0,0.0,0.0,0,0
1779558958.226504,0.0,0.0,0.0,0.0,0.0,0.0,0,0
1779558958.257543,0.0,0.0,0.0,0.0,0.0,0.0,0,0
1779558958.288466,0.0,0.0,0.0,0.0,0.0,0.0,0,0
1779558958.319550,0.0,0.0,0.0,0.0,0.0,0.0,0,0
1779558958.350532,0.0,0.0,0.0,0.0,0.0,0.0,0,0
1779558958.381511,0.0,0.0,0.0,0.0,0.0,0.0,0,0
1779558958.412431,0.0,0.0,0.0,0.0,0.0,0.0,0,0
1779558958.443572,0.0,0.0,0.0,0.0,0.0,0.0,0,0
1779558958.474468,0.0,0.0,0.0,0.0,0.0,0.0,0,0
1779558958.505481,0.0,0.0,0.0,0.0,0.0,0.0,0,0
1779558958.536533,0.0,0.0,0.0,0.0,0.0,0.0,0,0
1779558958.567628,0.0,0.0,0.0,0.0,0.0,0.0,0,0
1779558958.598493,0.0,0.0,0.0,0.0,0.0,0.0,0,0
1779558958.629538,0.0,0.0,0.0,0.0,0.0,0.0,0,0
1779558958.660425,0.0,0.0,0.0,0.0,0.0,0.0,0,0
1779558958.691425,0.0,0.0,0.0,0.0,0.0,0.0,0,0
1779558958.722466,0.0,0.0,0.0,0.0,0.0,0.0,0,0
1779558958.753471,0.0,0.0,0.0,0.0,0.0,0.0,0,0
1779558958.784518,0.0,0.0,0.0,0.0,0.0,0.0,0,0
1779558958.815501,0.0,0.0,0.0,0.0,0.0,0.0,0,0
1779558958.846461,0.0,0.0,0.0,0.0,0.0,0.0,0,0
1779558958.877506,0.0,0.0,0.0,0.0,0.0,0.0,0,0
1779558958.908504,0.0,0.0,0.0,0.0,0.0,0.0,0,0
1779558958.939497,0.0,0.0,0.0,0.0,0.0,0.0,0,0
1779558958.970443,0.0,0.0,0.0,0.0,0.0,0.0,0,0
1779558959.001467,0.0,0.0,0.0,0.0,0.0,0.0,0,0
1779558959.032467,0.0,0.0,0.0,0.0,0.0,0.0,0,0
1779558959.063498,0.0,0.0,0.0,0.0,0.0,0.0,0,0
1779558959.094549,0.0,0.0,0.0,0.0,0.0,0.0,0,0
1779558959.125570,0.0,0.0,0.0,0.0,0.0,0.0,0,0
1779558959.156563,0.0,0.0,0.0,0.0,0.0,0.0,0,0
1779558959.187503,0.0,0.0,0.0,0.0,0.0,0.0,0,0
1779558959.218571,0.0,0.0,0.0,0.0,0.0,0.0,0,0
1779558959.249534,0.0,0.0,0.0,0.0,0.0,0.0,0,0
1779558959.280532,0.0,0.0,0.0,0.0,0.0,0.0,0,0
1779558959.311525,0.0,0.0,0.0,0.0,0.0,0.0,0,0
1779558959.342503,0.0,0.0,0.0,0.0,0.0,0.0,0,0
1779558959.373507,0.0,0.0,0.0,0.0,0.0,0.0,0,0
1779558959.404520,0.0,0.0,0.0,0.0,0.0,0.0,0,0
1779558959.435522,0.0,0.0,0.0,0.0,0.0,0.0,0,0
1779558959.466474,0.0,0.0,0.0,0.0,0.0,0.0,0,0
1779558959.497505,0.0,0.0,0.0,0.0,0.0,0.0,0,0
1779558959.528482,0.0,0.0,0.0,0.0,0.0,0.0,0,0
1779558959.559498,0.0,0.0,0.0,0.0,0.0,0.0,0,0
1779558959.590529,0.0,0.0,0.0,0.0,0.0,0.0,0,0
1779558959.621471,0.0,0.0,0.0,0.0,0.0,0.0,0,0
1779558959.652552,0.0,0.0,0.0,0.0,0.0,0.0,0,0
1779558959.683495,0.0,0.0,0.0,0.0,0.0,0.0,0,0
1779558959.714523,0.0,0.0,0.0,0.0,0.0,0.0,0,0
1779558959.745472,0.0,0.0,0.0,0.0,0.0,0.0,0,0
1779558959.776430,0.0,0.0,0.0,0.0,0.0,0.0,0,0
1779558959.807445,0.0,0.0,0.0,0.0,0.0,0.0,0,0
1779558959.838422,0.0,0.0,0.0,0.0,0.0,0.0,0,0
1779558959.869567,0.0,0.0,0.0,0.0,0.0,0.0,0,0
1779558959.900510,0.0,0.0,0.0,0.0,0.0,0.0,0,0
1779558959.931515,0.0,0.0,0.0,0.0,0.0,0.0,0,0
1779558959.962537,0.0,0.0,0.0,0.0,0.0,0.0,0,0
1779558959.993497,0.0,0.0,0.0,0.0,0.0,0.0,0,0
1779558960.024545,0.0,0.0,0.0,0.0,0.0,0.0,0,0
1779558960.055554,0.0,0.0,0.0,0.0,0.0,0.0,0,0
1779558960.086566,0.0,0.0,0.0,0.0,0.0,0.0,0,0
1779558960.117501,0.0,0.0,0.0,0.0,0.0,0.0,0,0
1779558960.148537,0.0,0.0,0.0,0.0,0.0,0.0,0,0
1779558960.179526,0.0,0.0,0.0,0.0,0.0,0.0,0,0
1779558960.210522,0.0,0.0,0.0,0.0,0.0,0.0,0,0
1779558960.241547,0.0,0.0,0.0,0.0,0.0,0.0,0,0
1779558960.272585,0.0,0.0,0.0,0.0,0.0,0.0,0,0
1779558960.303546,0.0,0.0,0.0,0.0,0.0,0.0,0,0
1779558960.334583,0.0,0.0,0.0,0.0,0.0,0.0,0,0
1779558960.365491,0.0,0.0,0.0,0.0,0.0,0.0,0,0
1779558960.396505,0.0,0.0,0.0,0.0,0.0,0.0,0,0
1779558960.427465,0.0,0.0,0.0,0.0,0.0,0.0,0,0
1779558960.458516,0.0,0.0,0.0,0.0,0.0,0.0,0,0
1779558960.489532,0.0,0.0,0.0,0.0,0.0,0.0,0,0
1779558960.520568,0.0,0.0,0.0,0.0,0.0,0.0,0,0
1779558960.551539,0.0,0.0,0.0,0.0,0.0,0.0,0,0
1779558960.582509,0.0,0.0,0.0,0.0,0.0,0.0,0,0
1779558960.613474,0.0,0.0,0.0,0.0,0.0,0.0,0,0
1779558960.644557,0.0,0.0,0.0,0.0,0.0,0.0,0,0
1779558960.675506,0.0,0.0,0.0,0.0,0.0,0.0,0,0
1779558960.706510,0.0,0.0,0.0,0.0,0.0,0.0,0,0
1779558960.737565,0.0,0.0,0.0,0.0,0.0,0.0,0,0
1779558960.768570,0.0,0.0,0.0,0.0,0.0,0.0,0,0
1779558960.799516,0.0,0.0,0.0,0.0,0.0,0.0,0,0
1779558960.830555,0.0,0.0,0.0,0.0,0.0,0.0,0,0
1779558960.861545,0.0,0.0,0.0,0.0,0.0,0.0,0,0
1779558960.892522,0.0,0.0,0.0,0.0,0.0,0.0,0,0
1779558960.923513,0.0,0.0,0.0,0.0,0.0,0.0,0,0
1779558960.954567,0.0,0.0,0.0,0.0,0.0,0.0,0,0
