ts,vx,vy,vz,wx,wy,wz,gripper_btn,mode_btn
1779556817.704010,0.0,-0.0078125,-0.021484375,0.01171875,0.017578125,-0.00390625,0,0
1779556817.720032,0.0,-0.044921875,-0.021484375,0.01171875,0.017578125,-0.00390625,0,0
1779556817.727975,0.0,-0.044921875,-0.021484375,0.02734375,0.017578125,-0.00390625,0,0
1779556817.735976,0.0,-0.1015625,-0.021484375,0.02734375,0.017578125,-0.00390625,0,0
1779556817.743919,0.0,-0.1015625,-0.021484375,0.09765625,0.017578125,-0.00390625,0,0
1779556817.752008,0.0,-0.1484375,-0.021484375,0.09765625,0.017578125,-0.00390625,0,0
1779556817.759981,0.0,-0.1484375,-0.021484375,0.203125,-0.0078125,-0.00390625,0,0
1779556817.768001,0.0,-0.181640625,-0.021484375,0.203125,-0.0078125,-0.00390625,0,0
1779556817.775947,0.0,-0.181640625,-0.021484375,0.275390625,-0.0078125,-0.00390625,0,0
1779556817.783993,0.0,-0.23828125,-0.021484375,0.275390625,-0.0078125,-0.00390625,0,0
1779556817.792004,0.0,-0.23828125,-0.021484375,0.267578125,-0.00390625,-0.017578125,0,0
1779556817.800006,0.0,-0.25390625,-0.021484375,0.267578125,-0.00390625,-0.017578125,0,0
1779556817.808014,0.0,-0.25390625,-0.021484375,0.1875,-0.013671875,-0.015625,0,0
1779556817.815968,-0.0546875,-0.28125,-0.056640625,0.1875,-0.013671875,-0.015625,0,0
1779556817.823910,-0.0546875,-0.28125,-0.056640625,0.0625,-0.01171875,-0.021484375,0,0
1779556817.832010,-0.072265625,-0.232421875,-0.037109375,0.0625,-0.01171875,-0.021484375,0,0
1779556817.839950,-0.072265625,-0.232421875,-0.037109375,0.01171875,-0.01171875,-0.05078125,0,0
1779556817.847937,-0.078125,-0.197265625,-0.037109375,0.01171875,-0.01171875,-0.05078125,0,0
1779556817.855974,-0.078125,-0.197265625,-0.037109375,0.01171875,-0.01171875,-0.09375,0,0
1779556817.863918,-0.103515625,-0.205078125,-0.01171875,0.01171875,-0.01171875,-0.09375,0,0
1779556817.871927,-0.103515625,-0.205078125,-0.01171875,0.01171875,-0.01171875,-0.142578125,0,0
1779556817.879906,-0.126953125,-0.251953125,-0.0546875,0.01171875,-0.01171875,-0.142578125,0,0
1779556817.887952,-0.126953125,-0.251953125,-0.0546875,0.0,-0.01171875,-0.228515625,0,0
1779556817.895967,-0.154296875,-0.26953125,-0.068359375,0.0,-0.01171875,-0.228515625,0,0
1779556817.903943,-0.154296875,-0.26953125,-0.068359375,-0.025390625,-0.01171875,-0.328125,0,0
1779556817.912018,-0.166015625,-0.28515625,-0.048828125,-0.025390625,-0.01171875,-0.328125,0,0
1779556817.919966,-0.166015625,-0.28515625,-0.048828125,-0.021484375,-0.01171875,-0.4296875,0,0
1779556817.927948,-0.154296875,-0.21484375,-0.015625,-0.021484375,-0.01171875,-0.4296875,0,0
1779556817.936018,-0.154296875,-0.21484375,-0.015625,-0.021484375,-0.01171875,-0.51953125,0,0
1779556817.944004,-0.158203125,-0.16015625,0.0,-0.021484375,-0.01171875,-0.51953125,0,0
1779556817.951961,-0.158203125,-0.16015625,0.0,-0.021484375,-0.01171875,-0.587890625,0,0
1779556817.960003,-0.146484375,-0.15625,0.0,-0.021484375,-0.01171875,-0.587890625,0,0
1779556817.967927,-0.146484375,-0.15625,0.0,-0.021484375,-0.01171875,-0.599609375,0,0
1779556817.975967,-0.13671875,-0.154296875,0.0,-0.021484375,-0.01171875,-0.599609375,0,0
1779556817.983955,-0.13671875,-0.154296875,0.0,-0.021484375,-0.01171875,-0.60546875,0,0
1779556817.991993,-0.119140625,-0.146484375,0.0,-0.021484375,-0.01171875,-0.60546875,0,0
1779556817.999959,-0.119140625,-0.146484375,0.0,-0.021484375,-0.01171875,-0.619140625,0,0
1779556818.007961,-0.09375,-0.13671875,0.0,-0.021484375,-0.01171875,-0.619140625,0,0
1779556818.015975,-0.09375,-0.13671875,0.0,-0.021484375,-0.01171875,-0.634765625,0,0
1779556818.023978,-0.076171875,-0.125,0.0,-0.021484375,-0.01171875,-0.634765625,0,0
1779556818.031972,-0.076171875,-0.125,0.0,-0.021484375,-0.01171875,-0.650390625,0,0
1779556818.039942,-0.05859375,-0.11328125,0.0,-0.021484375,-0.01171875,-0.650390625,0,0
1779556818.047991,-0.05859375,-0.11328125,0.0,-0.021484375,-0.01171875,-0.662109375,0,0
1779556818.055999,-0.052734375,-0.107421875,0.0,-0.021484375,-0.01171875,-0.662109375,0,0
1779556818.063922,-0.052734375,-0.107421875,0.0,0.00390625,-0.01171875,-0.666015625,0,0
1779556818.071968,-0.046875,-0.107421875,0.0,0.00390625,-0.01171875,-0.666015625,0,0
1779556818.079971,-0.046875,-0.107421875,0.0,0.0,-0.01171875,-0.66796875,0,0
1779556818.088015,-0.046875,-0.103515625,0.0,0.0,-0.01171875,-0.66796875,0,0
1779556818.095999,-0.046875,-0.103515625,0.0,0.0,-0.01171875,-0.66796875,0,0
1779556818.103943,-0.041015625,-0.099609375,0.0,0.0,-0.01171875,-0.66796875,0,0
1779556818.112000,-0.041015625,-0.099609375,0.0,0.0,-0.01171875,-0.669921875,0,0
1779556818.119940,-0.0234375,-0.087890625,0.0,0.0,-0.01171875,-0.669921875,0,0
1779556818.127996,-0.0234375,-0.087890625,0.0,0.0,-0.01171875,-0.677734375,0,0
1779556818.135914,-0.01953125,-0.08203125,0.0,0.0,-0.01171875,-0.677734375,0,0
1779556818.143961,-0.01953125,-0.08203125,0.0,0.0,-0.01171875,-0.6796875,0,0
1779556818.152067,-0.009765625,-0.076171875,0.0,0.0,-0.01171875,-0.6796875,0,0
1779556818.159945,-0.009765625,-0.076171875,0.0,0.0,-0.01171875,-0.68359375,0,0
1779556818.167978,-0.0078125,-0.07421875,0.0,0.0,-0.01171875,-0.68359375,0,0
1779556818.175934,-0.0078125,-0.07421875,0.0,0.0,-0.01171875,-0.68359375,0,0
1779556818.183945,-0.005859375,-0.072265625,0.0,0.0,-0.01171875,-0.68359375,0,0
1779556818.191971,-0.005859375,-0.072265625,0.0,0.0,-0.01171875,-0.68359375,0,0
1779556818.199964,-0.0078125,-0.072265625,0.0,0.0,-0.01171875,-0.68359375,0,0
1779556818.207954,-0.0078125,-0.072265625,0.0,0.0,-0.01171875,-0.68359375,0,0
1779556818.215983,-0.0078125,-0.072265625,0.0,0.0,-0.01171875,-0.68359375,0,0
1779556818.224003,-0.0078125,-0.072265625,0.0,0.0,-0.01171875,-0.68359375,0,0
1779556818.231957,-0.009765625,-0.072265625,-0.009765625,0.0,-0.01171875,-0.68359375,0,0
1779556818.239928,-0.009765625,-0.072265625,-0.009765625,0.0,-0.01171875,-0.681640625,0,0
1779556818.247967,-0.021484375,-0.076171875,-0.029296875,0.0,-0.01171875,-0.681640625,0,0
1779556818.255989,-0.021484375,-0.076171875,-0.029296875,0.0,-0.01171875,-0.671875,0,0
1779556818.263970,-0.044921875,-0.087890625,-0.052734375,0.0,-0.01171875,-0.671875,0,0
1779556818.271967,-0.044921875,-0.087890625,-0.052734375,-0.015625,-0.01171875,-0.654296875,0,0
1779556818.279977,-0.06640625,-0.09765625,-0.056640625,-0.015625,-0.01171875,-0.654296875,0,0
1779556818.287977,-0.06640625,-0.09765625,-0.056640625,-0.056640625,-0.01171875,-0.6328125,0,0
1779556818.295989,-0.068359375,-0.09765625,-0.048828125,-0.056640625,-0.01171875,-0.6328125,0,0
1779556818.303940,-0.068359375,-0.09765625,-0.048828125,-0.0859375,-0.01171875,-0.62109375,0,0
1779556818.312028,-0.0703125,-0.09765625,-0.041015625,-0.0859375,-0.01171875,-0.62109375,0,0
1779556818.319930,-0.0703125,-0.09765625,-0.041015625,-0.095703125,-0.01171875,-0.619140625,0,0
1779556818.328027,-0.072265625,-0.09375,-0.03515625,-0.095703125,-0.01171875,-0.619140625,0,0
1779556818.335933,-0.072265625,-0.09375,-0.03515625,-0.1015625,-0.01171875,-0.619140625,0,0
1779556818.343916,-0.07421875,-0.095703125,-0.033203125,-0.1015625,-0.01171875,-0.619140625,0,0
1779556818.351965,-0.07421875,-0.095703125,-0.033203125,-0.09765625,-0.01171875,-0.619140625,0,0
1779556818.359994,-0.080078125,-0.09765625,-0.02734375,-0.09765625,-0.01171875,-0.619140625,0,0
1779556818.367958,-0.080078125,-0.09765625,-0.02734375,-0.095703125,-0.01171875,-0.61328125,0,0
1779556818.375977,-0.099609375,-0.111328125,-0.017578125,-0.095703125,-0.01171875,-0.61328125,0,0
1779556818.383965,-0.099609375,-0.111328125,-0.017578125,-0.08984375,-0.01171875,-0.599609375,0,0
1779556818.391979,-0.119140625,-0.125,-0.005859375,-0.08984375,-0.01171875,-0.599609375,0,0
1779556818.399911,-0.119140625,-0.125,-0.005859375,-0.083984375,-0.01171875,-0.5859375,0,0
1779556818.407944,-0.138671875,-0.13671875,-0.005859375,-0.083984375,-0.01171875,-0.5859375,0,0
1779556818.415904,-0.138671875,-0.13671875,-0.005859375,-0.0703125,-0.01171875,-0.57421875,0,0
1779556818.423960,-0.146484375,-0.142578125,-0.005859375,-0.0703125,-0.01171875,-0.57421875,0,0
1779556818.431941,-0.146484375,-0.142578125,-0.005859375,-0.056640625,-0.01171875,-0.572265625,0,0
1779556818.439939,-0.146484375,-0.14453125,-0.005859375,-0.056640625,-0.01171875,-0.572265625,0,0
1779556818.447923,-0.146484375,-0.14453125,-0.005859375,-0.041015625,-0.01171875,-0.57421875,0,0
1779556818.455979,-0.14453125,-0.14453125,-0.005859375,-0.041015625,-0.01171875,-0.57421875,0,0
1779556818.463959,-0.14453125,-0.14453125,-0.005859375,-0.03125,-0.01171875,-0.576171875,0,0
1779556818.471960,-0.14453125,-0.14453125,-0.005859375,-0.03125,-0.01171875,-0.576171875,0,0
1779556818.479922,-0.14453125,-0.14453125,-0.005859375,-0.02734375,-0.01171875,-0.578125,0,0
1779556818.487983,-0.140625,-0.146484375,-0.005859375,-0.02734375,-0.01171875,-0.578125,0,0
1779556818.495982,-0.140625,-0.146484375,-0.005859375,-0.01953125,-0.01171875,-0.580078125,0,0
1779556818.503981,-0.134765625,-0.146484375,-0.005859375,-0.01953125,-0.01171875,-0.580078125,0,0
1779556818.512004,-0.134765625,-0.146484375,-0.005859375,-0.0078125,-0.01171875,-0.5859375,0,0
1779556818.520000,-0.125,-0.146484375,-0.005859375,-0.0078125,-0.01171875,-0.5859375,0,0
1779556818.527958,-0.125,-0.146484375,-0.005859375,-0.0078125,-0.01171875,-0.595703125,0,0
1779556818.535968,-0.115234375,-0.146484375,0.0078125,-0.0078125,-0.01171875,-0.595703125,0,0
1779556818.543939,-0.115234375,-0.146484375,0.0078125,-0.0078125,-0.01171875,-0.60546875,0,0
1779556818.551960,-0.10546875,-0.142578125,0.029296875,-0.0078125,-0.01171875,-0.60546875,0,0
1779556818.559949,-0.10546875,-0.142578125,0.029296875,-0.0078125,-0.01171875,-0.61328125,0,0
1779556818.567940,-0.095703125,-0.140625,0.048828125,-0.0078125,-0.01171875,-0.61328125,0,0
1779556818.575972,-0.095703125,-0.140625,0.048828125,-0.0078125,-0.01171875,-0.623046875,0,0
1779556818.583930,-0.0859375,-0.138671875,0.064453125,-0.0078125,-0.01171875,-0.623046875,0,0
1779556818.592003,-0.0859375,-0.138671875,0.064453125,-0.0078125,-0.01171875,-0.630859375,0,0
1779556818.600002,-0.07421875,-0.130859375,0.078125,-0.0078125,-0.01171875,-0.630859375,0,0
1779556818.607984,-0.07421875,-0.130859375,0.078125,0.00390625,-0.01171875,-0.638671875,0,0
1779556818.616038,-0.068359375,-0.125,0.083984375,0.00390625,-0.01171875,-0.638671875,0,0
1779556818.623977,-0.068359375,-0.125,0.083984375,0.01171875,-0.01171875,-0.64453125,0,0
1779556818.631981,-0.064453125,-0.123046875,0.083984375,0.01171875,-0.01171875,-0.64453125,0,0
1779556818.640024,-0.064453125,-0.123046875,0.083984375,0.009765625,-0.01171875,-0.64453125,0,0
1779556818.647969,-0.0625,-0.123046875,0.08203125,0.009765625,-0.01171875,-0.64453125,0,0
1779556818.656000,-0.0625,-0.123046875,0.08203125,0.009765625,-0.01171875,-0.6484375,0,0
1779556818.663970,-0.052734375,-0.115234375,0.078125,0.009765625,-0.01171875,-0.6484375,0,0
1779556818.671991,-0.052734375,-0.115234375,0.078125,0.00390625,-0.01171875,-0.65234375,0,0
1779556818.679968,-0.044921875,-0.111328125,0.072265625,0.00390625,-0.01171875,-0.65234375,0,0
1779556818.687941,-0.044921875,-0.111328125,0.072265625,0.00390625,-0.01171875,-0.65625,0,0
1779556818.695943,-0.041015625,-0.107421875,0.06640625,0.00390625,-0.01171875,-0.65625,0,0
1779556818.703959,-0.041015625,-0.107421875,0.06640625,0.00390625,-0.01171875,-0.65625,0,0
1779556818.711990,-0.0390625,-0.10546875,0.064453125,0.00390625,-0.01171875,-0.65625,0,0
1779556818.719966,-0.0390625,-0.10546875,0.064453125,0.00390625,-0.01171875,-0.658203125,0,0
1779556818.727944,-0.037109375,-0.10546875,0.0625,0.00390625,-0.01171875,-0.658203125,0,0
1779556818.735925,-0.037109375,-0.10546875,0.0625,0.00390625,-0.01171875,-0.66015625,0,0
1779556818.743943,-0.033203125,-0.099609375,0.048828125,0.00390625,-0.01171875,-0.66015625,0,0
1779556818.751966,-0.033203125,-0.099609375,0.048828125,0.00390625,-0.01171875,-0.66015625,0,0
1779556818.759962,-0.033203125,-0.09765625,0.029296875,0.00390625,-0.01171875,-0.66015625,0,0
1779556818.767982,-0.033203125,-0.09765625,0.029296875,0.00390625,-0.01171875,-0.66015625,0,0
1779556818.775991,-0.037109375,-0.099609375,0.01171875,0.00390625,-0.01171875,-0.66015625,0,0
1779556818.783965,-0.037109375,-0.099609375,0.01171875,0.00390625,-0.01171875,-0.65625,0,0
1779556818.791963,-0.046875,-0.1015625,0.01171875,0.00390625,-0.01171875,-0.65625,0,0
1779556818.799926,-0.046875,-0.1015625,0.01171875,0.00390625,-0.01171875,-0.6484375,0,0
1779556818.807965,-0.056640625,-0.10546875,0.01171875,0.00390625,-0.01171875,-0.6484375,0,0
1779556818.816005,-0.056640625,-0.10546875,0.01171875,0.00390625,-0.01171875,-0.642578125,0,0
1779556818.823960,-0.05859375,-0.10546875,0.01171875,0.00390625,-0.01171875,-0.642578125,0,0
1779556818.831955,-0.05859375,-0.10546875,0.01171875,0.00390625,-0.01171875,-0.640625,0,0
1779556818.839972,-0.064453125,-0.107421875,0.01171875,0.00390625,-0.01171875,-0.640625,0,0
1779556818.847959,-0.064453125,-0.107421875,0.01171875,0.0,-0.01171875,-0.634765625,0,0
1779556818.855968,-0.072265625,-0.109375,0.01171875,0.0,-0.01171875,-0.634765625,0,0
1779556818.863953,-0.072265625,-0.109375,0.01171875,-0.01171875,-0.01171875,-0.630859375,0,0
1779556818.871980,-0.08203125,-0.111328125,0.01171875,-0.01171875,-0.01171875,-0.630859375,0,0
1779556818.879971,-0.08203125,-0.111328125,0.01171875,-0.017578125,-0.01171875,-0.625,0,0
1779556818.887965,-0.091796875,-0.115234375,0.01171875,-0.017578125,-0.01171875,-0.625,0,0
1779556818.895947,-0.091796875,-0.115234375,0.01171875,-0.025390625,-0.01171875,-0.619140625,0,0
1779556818.903931,-0.12109375,-0.12890625,0.01171875,-0.025390625,-0.01171875,-0.619140625,0,0
1779556818.911982,-0.12109375,-0.12890625,0.01171875,-0.0390625,-0.01171875,-0.599609375,0,0
1779556818.919994,-0.146484375,-0.140625,0.01171875,-0.0390625,-0.01171875,-0.599609375,0,0
1779556818.927937,-0.146484375,-0.140625,0.01171875,-0.048828125,-0.01171875,-0.580078125,0,0
1779556818.935998,-0.166015625,-0.1484375,0.01171875,-0.048828125,-0.01171875,-0.580078125,0,0
1779556818.943980,-0.166015625,-0.1484375,0.01171875,-0.052734375,-0.01171875,-0.56640625,0,0
1779556818.951962,-0.181640625,-0.158203125,0.01171875,-0.052734375,-0.01171875,-0.56640625,0,0
1779556818.959928,-0.181640625,-0.158203125,0.01171875,-0.0546875,-0.01171875,-0.55078125,0,0
1779556818.967941,-0.201171875,-0.16796875,0.01171875,-0.0546875,-0.01171875,-0.55078125,0,0
1779556818.975953,-0.201171875,-0.16796875,0.01171875,-0.05859375,-0.01171875,-0.53515625,0,0
1779556818.983949,-0.21875,-0.1796875,0.01171875,-0.05859375,-0.01171875,-0.53515625,0,0
1779556818.991893,-0.21875,-0.1796875,0.01171875,-0.05859375,-0.01171875,-0.51953125,0,0
1779556818.999977,-0.234375,-0.19140625,0.01171875,-0.05859375,-0.01171875,-0.51953125,0,0
1779556819.007954,-0.234375,-0.19140625,0.01171875,-0.05859375,-0.01171875,-0.501953125,0,0
1779556819.015965,-0.251953125,-0.203125,0.01171875,-0.05859375,-0.01171875,-0.501953125,0,0
1779556819.023937,-0.251953125,-0.203125,0.01171875,-0.0625,-0.01171875,-0.48046875,0,0
1779556819.031897,-0.26953125,-0.2109375,0.01171875,-0.0625,-0.01171875,-0.48046875,0,0
1779556819.039929,-0.26953125,-0.2109375,0.01171875,-0.0625,-0.01171875,-0.466796875,0,0
1779556819.047945,-0.27734375,-0.21875,0.01171875,-0.0625,-0.01171875,-0.466796875,0,0
1779556819.055948,-0.27734375,-0.21875,0.01171875,-0.0625,-0.01171875,-0.45703125,0,0
1779556819.063946,-0.279296875,-0.22265625,0.01171875,-0.0625,-0.01171875,-0.45703125,0,0
1779556819.071980,-0.279296875,-0.22265625,0.01171875,-0.0625,-0.01171875,-0.451171875,0,0
1779556819.079965,-0.28125,-0.224609375,0.01171875,-0.0625,-0.01171875,-0.451171875,0,0
1779556819.087975,-0.28125,-0.224609375,0.01171875,-0.064453125,-0.01171875,-0.4453125,0,0
1779556819.095962,-0.28515625,-0.2265625,0.01171875,-0.064453125,-0.01171875,-0.4453125,0,0
1779556819.103930,-0.28515625,-0.2265625,0.01171875,-0.064453125,-0.01171875,-0.44140625,0,0
1779556819.111985,-0.291015625,-0.23046875,0.01171875,-0.064453125,-0.01171875,-0.44140625,0,0
1779556819.120019,-0.291015625,-0.23046875,0.01171875,-0.056640625,-0.01171875,-0.439453125,0,0
1779556819.127968,-0.30078125,-0.234375,0.01171875,-0.056640625,-0.01171875,-0.439453125,0,0
1779556819.136013,-0.30078125,-0.234375,0.01171875,-0.048828125,-0.01171875,-0.43359375,0,0
1779556819.143973,-0.306640625,-0.2421875,0.01171875,-0.048828125,-0.01171875,-0.43359375,0,0
1779556819.152026,-0.306640625,-0.2421875,0.01171875,-0.0390625,-0.01171875,-0.427734375,0,0
1779556819.159966,-0.306640625,-0.244140625,0.01171875,-0.0390625,-0.01171875,-0.427734375,0,0
1779556819.168006,-0.306640625,-0.244140625,0.01171875,-0.037109375,-0.01171875,-0.423828125,0,0
1779556819.175970,-0.3046875,-0.24609375,0.01171875,-0.037109375,-0.01171875,-0.423828125,0,0
1779556819.183980,-0.3046875,-0.24609375,0.01171875,-0.041015625,-0.01171875,-0.41796875,0,0
1779556819.191937,-0.30078125,-0.248046875,0.01171875,-0.041015625,-0.01171875,-0.41796875,0,0
1779556819.199987,-0.30078125,-0.248046875,0.01171875,-0.05078125,-0.01171875,-0.412109375,0,0
1779556819.207985,-0.306640625,-0.25,0.01171875,-0.05078125,-0.01171875,-0.412109375,0,0
1779556819.215945,-0.306640625,-0.25,0.01171875,-0.0546875,-0.01171875,-0.408203125,0,0
1779556819.223920,-0.318359375,-0.24609375,0.01171875,-0.0546875,-0.01171875,-0.408203125,0,0
1779556819.231902,-0.318359375,-0.24609375,0.01171875,-0.0546875,-0.01171875,-0.40625,0,0
1779556819.239958,-0.322265625,-0.248046875,0.01171875,-0.0546875,-0.01171875,-0.40625,0,0
1779556819.247899,-0.322265625,-0.248046875,0.01171875,-0.05078125,-0.01171875,-0.404296875,0,0
1779556819.255924,-0.32421875,-0.248046875,0.01171875,-0.05078125,-0.01171875,-0.404296875,0,0
1779556819.263914,-0.32421875,-0.248046875,0.01171875,-0.05078125,-0.01171875,-0.40234375,0,0
1779556819.271918,-0.326171875,-0.25,0.01171875,-0.05078125,-0.01171875,-0.40234375,0,0
1779556819.279967,-0.326171875,-0.25,0.01171875,-0.048828125,-0.01171875,-0.400390625,0,0
1779556819.287948,-0.330078125,-0.25390625,0.01171875,-0.048828125,-0.01171875,-0.400390625,0,0
1779556819.295968,-0.330078125,-0.25390625,0.01171875,-0.046875,-0.01171875,-0.3984375,0,0
1779556819.303917,-0.337890625,-0.25390625,0.01171875,-0.046875,-0.01171875,-0.3984375,0,0
1779556819.311968,-0.337890625,-0.25390625,0.01171875,-0.046875,-0.01171875,-0.39453125,0,0
1779556819.319976,-0.337890625,-0.2578125,0.01171875,-0.046875,-0.01171875,-0.39453125,0,0
1779556819.327953,-0.337890625,-0.2578125,0.01171875,-0.04296875,-0.01171875,-0.392578125,0,0
1779556819.335969,-0.33984375,-0.2578125,0.01171875,-0.04296875,-0.01171875,-0.392578125,0,0
1779556819.343933,-0.33984375,-0.2578125,0.01171875,-0.041015625,-0.01171875,-0.392578125,0,0
1779556819.351956,-0.345703125,-0.259765625,0.01171875,-0.041015625,-0.01171875,-0.392578125,0,0
1779556819.359944,-0.345703125,-0.259765625,0.01171875,-0.037109375,-0.01171875,-0.390625,0,0
1779556819.367968,-0.35546875,-0.265625,0.01171875,-0.037109375,-0.01171875,-0.390625,0,0
1779556819.375986,-0.35546875,-0.265625,0.01171875,-0.03125,-0.01171875,-0.384765625,0,0
1779556819.383940,-0.36328125,-0.271484375,0.01171875,-0.03125,-0.01171875,-0.384765625,0,0
1779556819.391969,-0.36328125,-0.271484375,0.01171875,-0.025390625,-0.01171875,-0.37890625,0,0
1779556819.399955,-0.369140625,-0.275390625,0.01171875,-0.025390625,-0.01171875,-0.37890625,0,0
1779556819.407973,-0.369140625,-0.275390625,0.01171875,-0.0234375,-0.01171875,-0.37109375,0,0
1779556819.415937,-0.37109375,-0.27734375,0.01171875,-0.0234375,-0.01171875,-0.37109375,0,0
1779556819.423970,-0.37109375,-0.27734375,0.01171875,-0.025390625,-0.01171875,-0.369140625,0,0
1779556819.431954,-0.37109375,-0.28125,0.01171875,-0.025390625,-0.01171875,-0.369140625,0,0
1779556819.440018,-0.37109375,-0.28125,0.01171875,-0.029296875,-0.01171875,-0.365234375,0,0
1779556819.447957,-0.369140625,-0.28125,0.01171875,-0.029296875,-0.01171875,-0.365234375,0,0
1779556819.455953,-0.369140625,-0.28125,0.01171875,-0.0390625,-0.01171875,-0.359375,0,0
1779556819.463945,-0.369140625,-0.28515625,0.01171875,-0.0390625,-0.01171875,-0.359375,0,0
1779556819.471970,-0.369140625,-0.28515625,0.01171875,-0.04296875,-0.01171875,-0.35546875,0,0
1779556819.479986,-0.3671875,-0.291015625,0.01171875,-0.04296875,-0.01171875,-0.35546875,0,0
1779556819.487983,-0.3671875,-0.291015625,0.01171875,-0.046875,-0.01171875,-0.34765625,0,0
1779556819.495966,-0.36328125,-0.298828125,0.01171875,-0.046875,-0.01171875,-0.34765625,0,0
1779556819.503951,-0.36328125,-0.298828125,0.01171875,-0.052734375,-0.01171875,-0.33984375,0,0
1779556819.512028,-0.361328125,-0.30078125,0.01171875,-0.052734375,-0.01171875,-0.33984375,0,0
1779556819.519968,-0.361328125,-0.30078125,0.01171875,-0.052734375,-0.01171875,-0.3359375,0,0
1779556819.527940,-0.357421875,-0.3046875,0.01171875,-0.052734375,-0.01171875,-0.3359375,0,0
1779556819.535926,-0.357421875,-0.3046875,0.01171875,-0.052734375,-0.01171875,-0.333984375,0,0
1779556819.543948,-0.34765625,-0.31640625,0.01171875,-0.052734375,-0.01171875,-0.333984375,0,0
1779556819.551950,-0.34765625,-0.31640625,0.01171875,-0.046875,-0.01171875,-0.330078125,0,0
1779556819.559967,-0.33984375,-0.328125,0.01171875,-0.046875,-0.01171875,-0.330078125,0,0
1779556819.567966,-0.33984375,-0.328125,0.01171875,-0.041015625,-0.01171875,-0.32421875,0,0
1779556819.575996,-0.32421875,-0.3359375,0.01171875,-0.041015625,-0.01171875,-0.32421875,0,0
1779556819.584013,-0.32421875,-0.3359375,0.01171875,-0.041015625,-0.01171875,-0.3203125,0,0
1779556819.591992,-0.318359375,-0.34375,0.01171875,-0.041015625,-0.01171875,-0.3203125,0,0
1779556819.599986,-0.318359375,-0.34375,0.01171875,-0.0390625,-0.01171875,-0.3125,0,0
1779556819.607986,-0.30859375,-0.3515625,0.01171875,-0.0390625,-0.01171875,-0.3125,0,0
1779556819.615941,-0.30859375,-0.3515625,0.01171875,-0.0390625,-0.01171875,-0.30859375,0,0
1779556819.623974,-0.3046875,-0.35546875,0.01171875,-0.0390625,-0.01171875,-0.30859375,0,0
1779556819.631998,-0.3046875,-0.35546875,0.01171875,-0.0390625,-0.01171875,-0.3046875,0,0
1779556819.639964,-0.30078125,-0.357421875,0.01171875,-0.0390625,-0.01171875,-0.3046875,0,0
1779556819.647928,-0.30078125,-0.357421875,0.01171875,-0.04296875,-0.01171875,-0.302734375,0,0
1779556819.656001,-0.298828125,-0.357421875,0.01171875,-0.04296875,-0.01171875,-0.302734375,0,0
1779556819.663960,-0.298828125,-0.357421875,0.01171875,-0.044921875,-0.01171875,-0.30078125,0,0
1779556819.671986,-0.296875,-0.359375,0.01171875,-0.044921875,-0.01171875,-0.30078125,0,0
1779556819.679969,-0.296875,-0.359375,0.01171875,-0.046875,-0.01171875,-0.298828125,0,0
1779556819.687985,-0.296875,-0.361328125,0.01171875,-0.046875,-0.01171875,-0.298828125,0,0
1779556819.695959,-0.296875,-0.361328125,0.01171875,-0.052734375,-0.01171875,-0.296875,0,0
1779556819.703986,-0.294921875,-0.365234375,0.01171875,-0.052734375,-0.01171875,-0.296875,0,0
1779556819.712049,-0.294921875,-0.365234375,0.01171875,-0.05078125,-0.00390625,-0.29296875,0,0
1779556819.720067,-0.294921875,-0.3671875,0.01171875,-0.05078125,-0.00390625,-0.29296875,0,0
1779556819.728015,-0.294921875,-0.3671875,0.01171875,-0.05078125,-0.00390625,-0.29296875,0,0
1779556819.735995,-0.29296875,-0.3671875,0.01171875,-0.05078125,-0.00390625,-0.29296875,0,0
1779556819.743996,-0.29296875,-0.3671875,0.01171875,-0.052734375,-0.00390625,-0.291015625,0,0
1779556819.751969,-0.29296875,-0.3671875,0.01171875,-0.052734375,-0.00390625,-0.291015625,0,0
1779556819.760016,-0.29296875,-0.3671875,0.01171875,-0.0546875,-0.00390625,-0.291015625,0,0
1779556819.767970,-0.2890625,-0.37109375,0.01171875,-0.0546875,-0.00390625,-0.291015625,0,0
1779556819.775964,-0.2890625,-0.37109375,0.01171875,-0.052734375,-0.00390625,-0.287109375,0,0
1779556819.783996,-0.28515625,-0.376953125,0.01171875,-0.052734375,-0.00390625,-0.287109375,0,0
1779556819.792009,-0.28515625,-0.376953125,0.01171875,-0.052734375,-0.00390625,-0.283203125,0,0
1779556819.799955,-0.283203125,-0.37890625,0.01171875,-0.052734375,-0.00390625,-0.283203125,0,0
1779556819.808008,-0.283203125,-0.37890625,0.01171875,-0.052734375,-0.00390625,-0.28125,0,0
1779556819.815973,-0.28125,-0.37890625,0.01171875,-0.052734375,-0.00390625,-0.28125,0,0
1779556819.824004,-0.28125,-0.37890625,0.01171875,-0.05078125,-0.00390625,-0.28125,0,0
1779556819.831948,-0.28125,-0.37890625,0.01171875,-0.05078125,-0.00390625,-0.28125,0,0
1779556819.840007,-0.28125,-0.37890625,0.01171875,-0.046875,-0.00390625,-0.283203125,0,0
1779556819.847970,-0.28125,-0.37890625,0.01171875,-0.046875,-0.00390625,-0.283203125,0,0
1779556819.856038,-0.28125,-0.37890625,0.01171875,-0.044921875,-0.00390625,-0.283203125,0,0
1779556819.863964,-0.28125,-0.37890625,0.01171875,-0.044921875,-0.00390625,-0.283203125,0,0
1779556819.871958,-0.28125,-0.37890625,0.01171875,-0.04296875,-0.00390625,-0.283203125,0,0
1779556819.879996,-0.28125,-0.37890625,0.01171875,-0.04296875,-0.00390625,-0.283203125,0,0
1779556819.887994,-0.28125,-0.37890625,0.01171875,-0.04296875,-0.00390625,-0.283203125,0,0
1779556819.895973,-0.283203125,-0.37890625,0.01171875,-0.04296875,-0.00390625,-0.283203125,0,0
1779556819.904024,-0.283203125,-0.37890625,0.01171875,-0.041015625,-0.00390625,-0.283203125,0,0
1779556819.911977,-0.283203125,-0.376953125,0.01171875,-0.041015625,-0.00390625,-0.283203125,0,0
1779556819.919955,-0.283203125,-0.376953125,0.01171875,-0.0390625,-0.00390625,-0.287109375,0,0
1779556819.927944,-0.28515625,-0.37890625,0.01171875,-0.0390625,-0.00390625,-0.287109375,0,0
1779556819.935967,-0.28515625,-0.37890625,0.01171875,-0.029296875,-0.00390625,-0.2890625,0,0
1779556819.943964,-0.2890625,-0.37890625,0.01171875,-0.029296875,-0.00390625,-0.2890625,0,0
1779556819.951966,-0.2890625,-0.37890625,0.01171875,-0.0234375,-0.00390625,-0.291015625,0,0
1779556819.959981,-0.30078125,-0.37890625,0.01171875,-0.0234375,-0.00390625,-0.291015625,0,0
1779556819.967969,-0.30078125,-0.37890625,0.01171875,-0.013671875,-0.00390625,-0.29296875,0,0
1779556819.976034,-0.310546875,-0.373046875,0.01171875,-0.013671875,-0.00390625,-0.29296875,0,0
1779556819.983963,-0.310546875,-0.373046875,0.01171875,-0.013671875,-0.00390625,-0.296875,0,0
1779556819.991968,-0.3203125,-0.3671875,0.01171875,-0.013671875,-0.00390625,-0.296875,0,0
1779556819.999964,-0.3203125,-0.3671875,0.01171875,-0.01171875,-0.00390625,-0.30078125,0,0
1779556820.008002,-0.328125,-0.361328125,0.01171875,-0.01171875,-0.00390625,-0.30078125,0,0
1779556820.016021,-0.328125,-0.361328125,0.01171875,-0.009765625,-0.00390625,-0.3046875,0,0
1779556820.024003,-0.3359375,-0.359375,0.01171875,-0.009765625,-0.00390625,-0.3046875,0,0
1779556820.031986,-0.3359375,-0.359375,0.01171875,-0.00390625,-0.00390625,-0.30859375,0,0
1779556820.039961,-0.345703125,-0.349609375,0.01171875,-0.00390625,-0.00390625,-0.30859375,0,0
1779556820.048002,-0.345703125,-0.349609375,0.01171875,0.0,-0.00390625,-0.31640625,0,0
1779556820.056018,-0.35546875,-0.341796875,0.01171875,0.0,-0.00390625,-0.31640625,0,0
1779556820.063961,-0.35546875,-0.341796875,0.01171875,0.0,-0.00390625,-0.32421875,0,0
1779556820.071990,-0.37109375,-0.330078125,0.01171875,0.0,-0.00390625,-0.32421875,0,0
1779556820.079978,-0.37109375,-0.330078125,0.01171875,0.0,-0.00390625,-0.337890625,0,0
1779556820.087918,-0.3828125,-0.3125,0.01171875,0.0,-0.00390625,-0.337890625,0,0
1779556820.095942,-0.3828125,-0.3125,0.01171875,0.0,-0.00390625,-0.3515625,0,0
1779556820.103921,-0.3984375,-0.296875,0.01171875,0.0,-0.00390625,-0.3515625,0,0
1779556820.111941,-0.3984375,-0.296875,0.01171875,0.0,-0.00390625,-0.369140625,0,0
1779556820.120010,-0.3984375,-0.291015625,0.01171875,0.0,-0.00390625,-0.369140625,0,0
1779556820.127941,-0.3984375,-0.291015625,0.01171875,0.0,-0.00390625,-0.380859375,0,0
1779556820.135925,-0.392578125,-0.283203125,0.01171875,0.0,-0.00390625,-0.380859375,0,0
1779556820.143903,-0.392578125,-0.283203125,0.01171875,0.0,-0.00390625,-0.390625,0,0
1779556820.151975,-0.37890625,-0.28125,0.01171875,0.0,-0.00390625,-0.390625,0,0
1779556820.159959,-0.37890625,-0.28125,0.01171875,0.0,-0.00390625,-0.404296875,0,0
1779556820.167997,-0.35546875,-0.275390625,0.01171875,0.0,-0.00390625,-0.404296875,0,0
1779556820.175942,-0.35546875,-0.275390625,0.01171875,0.0,-0.00390625,-0.42578125,0,0
1779556820.183934,-0.330078125,-0.265625,0.01171875,0.0,-0.00390625,-0.42578125,0,0
1779556820.191937,-0.330078125,-0.265625,0.01171875,0.0,-0.00390625,-0.44921875,0,0
1779556820.199919,-0.294921875,-0.25390625,0.01171875,0.0,-0.00390625,-0.44921875,0,0
1779556820.207940,-0.294921875,-0.25390625,0.01171875,0.0,-0.00390625,-0.48046875,0,0
1779556820.215935,-0.271484375,-0.2421875,0.01171875,0.0,-0.00390625,-0.48046875,0,0
1779556820.223952,-0.271484375,-0.2421875,0.01171875,0.005859375,-0.00390625,-0.50390625,0,0
1779556820.231946,-0.24609375,-0.228515625,0.01171875,0.005859375,-0.00390625,-0.50390625,0,0
1779556820.239927,-0.24609375,-0.228515625,0.01171875,0.013671875,-0.00390625,-0.529296875,0,0
1779556820.247920,-0.2265625,-0.216796875,0.01171875,0.013671875,-0.00390625,-0.529296875,0,0
1779556820.255984,-0.2265625,-0.216796875,0.01171875,0.01953125,-0.00390625,-0.546875,0,0
1779556820.263946,-0.208984375,-0.208984375,0.01171875,0.01953125,-0.00390625,-0.546875,0,0
1779556820.271959,-0.208984375,-0.208984375,0.01171875,0.0234375,-0.00390625,-0.560546875,0,0
1779556820.280035,-0.1953125,-0.19921875,0.01171875,0.0234375,-0.00390625,-0.560546875,0,0
1779556820.287966,-0.1953125,-0.19921875,0.01171875,0.025390625,-0.00390625,-0.57421875,0,0
1779556820.295979,-0.181640625,-0.19140625,0.01171875,0.025390625,-0.00390625,-0.57421875,0,0
1779556820.303975,-0.181640625,-0.19140625,0.01171875,0.025390625,-0.00390625,-0.583984375,0,0
1779556820.311998,-0.16796875,-0.18359375,0.01171875,0.025390625,-0.00390625,-0.583984375,0,0
1779556820.319986,-0.16796875,-0.18359375,0.01171875,0.025390625,-0.00390625,-0.595703125,0,0
1779556820.328015,-0.15234375,-0.17578125,0.01171875,0.025390625,-0.00390625,-0.595703125,0,0
1779556820.335934,-0.15234375,-0.17578125,0.01171875,0.025390625,-0.00390625,-0.60546875,0,0
1779556820.343987,-0.138671875,-0.166015625,0.01171875,0.025390625,-0.00390625,-0.60546875,0,0
1779556820.351948,-0.138671875,-0.166015625,0.01171875,0.021484375,-0.00390625,-0.6171875,0,0
1779556820.359966,-0.123046875,-0.158203125,0.01171875,0.021484375,-0.00390625,-0.6171875,0,0
1779556820.367984,-0.123046875,-0.158203125,0.01171875,0.021484375,-0.00390625,-0.625,0,0
1779556820.375991,-0.103515625,-0.14453125,0.01171875,0.021484375,-0.00390625,-0.625,0,0
1779556820.384011,-0.103515625,-0.14453125,0.01171875,0.015625,-0.00390625,-0.638671875,0,0
1779556820.391982,-0.09375,-0.13671875,0.01171875,0.015625,-0.00390625,-0.638671875,0,0
1779556820.399983,-0.09375,-0.13671875,0.01171875,0.017578125,-0.00390625,-0.646484375,0,0
1779556820.407981,-0.087890625,-0.12890625,0.01171875,0.017578125,-0.00390625,-0.646484375,0,0
1779556820.415955,-0.087890625,-0.12890625,0.01171875,0.01171875,-0.00390625,-0.65234375,0,0
1779556820.423966,-0.078125,-0.123046875,0.01171875,0.01171875,-0.00390625,-0.65234375,0,0
1779556820.431973,-0.078125,-0.123046875,0.01171875,0.01171875,-0.00390625,-0.66015625,0,0
1779556820.439962,-0.0625,-0.115234375,0.01171875,0.01171875,-0.00390625,-0.66015625,0,0
1779556820.447994,-0.0625,-0.115234375,0.01171875,0.009765625,-0.00390625,-0.66796875,0,0
1779556820.456008,-0.05078125,-0.107421875,0.01171875,0.009765625,-0.00390625,-0.66796875,0,0
1779556820.463999,-0.05078125,-0.107421875,0.01171875,0.0078125,-0.00390625,-0.677734375,0,0
1779556820.471996,-0.04296875,-0.09765625,0.01171875,0.0078125,-0.00390625,-0.677734375,0,0
1779556820.479942,-0.04296875,-0.09765625,0.01171875,0.00390625,-0.00390625,-0.68359375,0,0
1779556820.487979,-0.033203125,-0.091796875,0.01171875,0.00390625,-0.00390625,-0.68359375,0,0
1779556820.495940,-0.033203125,-0.091796875,0.01171875,0.0,-0.00390625,-0.68359375,0,0
1779556820.503963,-0.029296875,-0.087890625,0.01171875,0.0,-0.00390625,-0.68359375,0,0
1779556820.511986,-0.029296875,-0.087890625,0.01171875,0.0,-0.00390625,-0.68359375,0,0
1779556820.520026,-0.021484375,-0.083984375,0.01171875,0.0,-0.00390625,-0.68359375,0,0
1779556820.527987,-0.021484375,-0.083984375,0.01171875,0.0,-0.00390625,-0.68359375,0,0
1779556820.535932,-0.01953125,-0.080078125,0.01171875,0.0,-0.00390625,-0.68359375,0,0
1779556820.544014,-0.01953125,-0.080078125,0.01171875,0.0,-0.00390625,-0.68359375,0,0
1779556820.551990,-0.01171875,-0.076171875,0.01171875,0.0,-0.00390625,-0.68359375,0,0
1779556820.559995,-0.01171875,-0.076171875,0.01171875,0.0,-0.00390625,-0.68359375,0,0
1779556820.567973,-0.00390625,-0.0703125,0.01171875,0.0,-0.00390625,-0.68359375,0,0
1779556820.575917,-0.00390625,-0.0703125,0.01171875,0.0,-0.00390625,-0.68359375,0,0
1779556820.583927,-0.00390625,-0.064453125,0.01171875,0.0,-0.00390625,-0.68359375,0,0
1779556820.591931,-0.00390625,-0.064453125,0.01171875,0.0,-0.00390625,-0.68359375,0,0
1779556820.599931,-0.00390625,-0.0625,0.01171875,0.0,-0.00390625,-0.68359375,0,0
1779556820.607969,-0.00390625,-0.0625,0.01171875,0.0,-0.00390625,-0.68359375,0,0
1779556820.615988,-0.00390625,-0.0625,0.01171875,0.0,-0.00390625,-0.68359375,0,0
1779556820.623975,-0.00390625,-0.0625,0.01171875,0.0,-0.00390625,-0.68359375,0,0
1779556820.631998,-0.00390625,-0.05859375,0.01171875,0.0,-0.00390625,-0.68359375,0,0
1779556820.639975,-0.00390625,-0.05859375,0.01171875,0.0,-0.00390625,-0.68359375,0,0
1779556820.647980,-0.00390625,-0.056640625,0.01171875,0.0,-0.00390625,-0.68359375,0,0
1779556820.655926,-0.00390625,-0.056640625,0.01171875,0.0,-0.00390625,-0.68359375,0,0
1779556820.663901,-0.00390625,-0.05078125,0.01171875,0.0,-0.00390625,-0.68359375,0,0
1779556820.671961,-0.00390625,-0.05078125,0.01171875,0.0,-0.00390625,-0.68359375,0,0
1779556820.679965,-0.00390625,-0.04296875,0.01171875,0.0,-0.00390625,-0.68359375,0,0
1779556820.687959,-0.00390625,-0.04296875,0.01171875,0.0,-0.00390625,-0.68359375,0,0
1779556820.695994,-0.00390625,-0.0390625,0.01171875,0.0,-0.00390625,-0.68359375,0,0
1779556820.703980,-0.00390625,-0.0390625,0.01171875,0.0,-0.00390625,-0.68359375,0,0
1779556820.711943,-0.00390625,-0.037109375,0.01171875,0.0,-0.00390625,-0.68359375,0,0
1779556820.719963,-0.00390625,-0.037109375,0.01171875,0.0,-0.00390625,-0.68359375,0,0
1779556820.727967,-0.00390625,-0.029296875,0.01171875,0.0,-0.00390625,-0.68359375,0,0
1779556820.735945,-0.00390625,-0.029296875,0.01171875,0.0,-0.00390625,-0.68359375,0,0
1779556820.743939,-0.00390625,-0.0234375,0.01171875,0.0,-0.00390625,-0.68359375,0,0
1779556820.751928,-0.00390625,-0.0234375,0.01171875,0.0,-0.00390625,-0.68359375,0,0
1779556820.759977,-0.00390625,-0.021484375,0.01171875,0.0,-0.00390625,-0.68359375,0,0
1779556820.767984,-0.00390625,-0.021484375,0.01171875,0.0,-0.00390625,-0.68359375,0,0
1779556820.775993,-0.00390625,-0.021484375,0.01171875,0.0,-0.00390625,-0.68359375,0,0
1779556820.783984,-0.00390625,-0.021484375,0.01171875,0.0,-0.00390625,-0.68359375,0,0
1779556820.791987,-0.00390625,-0.01953125,0.01171875,0.0,-0.00390625,-0.68359375,0,0
1779556820.799972,-0.00390625,-0.01953125,0.01171875,0.0,-0.00390625,-0.68359375,0,0
1779556820.807998,-0.00390625,-0.01953125,0.01171875,0.0,-0.00390625,-0.68359375,0,0
1779556820.815992,-0.00390625,-0.01953125,0.01171875,0.0,-0.00390625,-0.68359375,0,0
1779556820.823988,-0.00390625,-0.01953125,0.01171875,0.0,-0.00390625,-0.68359375,0,0
1779556820.832032,-0.00390625,-0.01953125,0.01171875,0.0,-0.00390625,-0.68359375,0,0
1779556820.839943,-0.00390625,-0.01953125,0.01171875,0.0,-0.00390625,-0.68359375,0,0
1779556820.847929,-0.00390625,-0.01953125,0.01171875,0.0,-0.00390625,-0.68359375,0,0
1779556820.856002,-0.00390625,-0.01953125,0.01171875,0.0,-0.00390625,-0.68359375,0,0
1779556820.863988,-0.00390625,-0.01953125,0.01171875,0.0,-0.00390625,-0.68359375,0,0
1779556820.871928,-0.00390625,-0.01953125,0.01171875,0.0,-0.00390625,-0.68359375,0,0
1779556820.879977,-0.00390625,-0.01953125,0.01171875,0.0,-0.00390625,-0.68359375,0,0
1779556820.887994,-0.00390625,-0.01953125,0.01171875,0.0,-0.00390625,-0.68359375,0,0
1779556820.895993,-0.00390625,-0.01953125,0.01171875,0.0,-0.00390625,-0.68359375,0,0
1779556820.904035,-0.00390625,-0.01953125,0.01171875,0.0,-0.00390625,-0.68359375,0,0
1779556820.912010,-0.00390625,-0.01953125,0.01171875,0.0,-0.00390625,-0.68359375,0,0
1779556820.919984,-0.00390625,-0.01953125,0.01171875,0.0,-0.00390625,-0.68359375,0,0
1779556820.928012,-0.00390625,-0.01953125,0.01171875,0.0,-0.00390625,-0.68359375,0,0
1779556820.936024,-0.00390625,-0.017578125,0.01171875,0.0,-0.00390625,-0.68359375,0,0
1779556820.943962,-0.00390625,-0.017578125,0.01171875,0.0,-0.00390625,-0.68359375,0,0
1779556820.951936,-0.00390625,-0.015625,0.01171875,0.0,-0.00390625,-0.68359375,0,0
1779556820.960024,-0.00390625,-0.015625,0.01171875,0.0,-0.00390625,-0.68359375,0,0
1779556820.967995,-0.00390625,-0.015625,0.01171875,0.0,-0.00390625,-0.68359375,0,0
1779556820.976016,-0.00390625,-0.015625,0.01171875,0.0,-0.00390625,-0.68359375,0,0
1779556820.983942,-0.00390625,-0.015625,0.01171875,0.0,-0.00390625,-0.68359375,0,0
1779556820.991964,-0.00390625,-0.015625,0.01171875,0.0,-0.00390625,-0.68359375,0,0
1779556820.999963,-0.00390625,-0.015625,0.0,0.0,-0.00390625,-0.68359375,0,0
1779556821.007952,-0.00390625,-0.015625,0.0,0.0,-0.00390625,-0.68359375,0,0
1779556821.015929,-0.00390625,-0.015625,0.0,0.0,-0.00390625,-0.68359375,0,0
1779556821.023955,-0.00390625,-0.015625,0.0,0.0,-0.00390625,-0.68359375,0,0
1779556821.031945,-0.00390625,-0.015625,0.0,0.0,-0.00390625,-0.68359375,0,0
1779556821.039978,-0.00390625,-0.015625,0.0,0.0,-0.00390625,-0.68359375,0,0
1779556821.047957,-0.00390625,-0.015625,0.0,0.0,-0.00390625,-0.68359375,0,0
1779556821.055997,-0.00390625,-0.015625,0.0,0.0,-0.00390625,-0.68359375,0,0
1779556821.064002,-0.00390625,-0.015625,0.0,0.0,-0.00390625,-0.68359375,0,0
1779556821.071985,-0.00390625,-0.015625,0.0,0.0,-0.00390625,-0.68359375,0,0
1779556821.079920,-0.00390625,-0.015625,0.0,0.0,-0.00390625,-0.68359375,0,0
1779556821.087962,-0.00390625,-0.015625,0.0,0.0,-0.00390625,-0.68359375,0,0
1779556821.095978,-0.00390625,-0.015625,-0.00390625,0.0,-0.00390625,-0.68359375,0,0
1779556821.103911,-0.00390625,-0.015625,-0.00390625,0.0,-0.00390625,-0.68359375,0,0
1779556821.111970,-0.00390625,-0.015625,-0.00390625,0.0,-0.00390625,-0.68359375,0,0
1779556821.120007,-0.00390625,-0.015625,-0.00390625,0.0,-0.00390625,-0.68359375,0,0
1779556821.127981,-0.00390625,-0.015625,-0.00390625,0.0,-0.00390625,-0.68359375,0,0
1779556821.135951,-0.00390625,-0.015625,-0.00390625,0.0,-0.00390625,-0.68359375,0,0
1779556821.143967,-0.00390625,-0.015625,-0.00390625,0.0,-0.00390625,-0.68359375,0,0
1779556821.151980,-0.00390625,-0.015625,-0.00390625,0.0,-0.00390625,-0.68359375,0,0
1779556821.160014,-0.00390625,-0.015625,-0.00390625,0.0,-0.00390625,-0.68359375,0,0
1779556821.167990,-0.00390625,-0.015625,-0.00390625,0.0,-0.00390625,-0.68359375,0,0
1779556821.175981,-0.00390625,-0.015625,0.0,0.0,-0.00390625,-0.68359375,0,0
1779556821.183981,-0.00390625,-0.015625,0.0,0.0,-0.00390625,-0.68359375,0,0
1779556821.191952,-0.00390625,-0.015625,0.0,0.0,-0.00390625,-0.68359375,0,0
1779556821.200014,-0.00390625,-0.015625,0.0,0.0,-0.00390625,-0.68359375,0,0
1779556821.207976,-0.00390625,-0.015625,0.0,0.0,-0.00390625,-0.68359375,0,0
1779556821.215935,-0.00390625,-0.015625,0.0,0.0,-0.00390625,-0.68359375,0,0
1779556821.224014,-0.00390625,-0.015625,0.0,0.0,-0.00390625,-0.68359375,0,0
1779556821.231934,-0.00390625,-0.015625,0.0,0.0,-0.00390625,-0.68359375,0,0
1779556821.239969,-0.00390625,-0.015625,0.0,0.0,-0.00390625,-0.68359375,0,0
1779556821.247923,-0.00390625,-0.015625,0.0,0.0,-0.00390625,-0.68359375,0,0
1779556821.255920,-0.00390625,-0.015625,0.0,0.0,-0.00390625,-0.68359375,0,0
1779556821.263967,-0.00390625,-0.015625,0.0,0.0,-0.00390625,-0.68359375,0,0
1779556821.271966,-0.00390625,-0.015625,0.0,0.0,-0.00390625,-0.68359375,0,0
1779556821.279935,-0.00390625,-0.015625,0.0,0.0,-0.00390625,-0.68359375,0,0
1779556821.287986,-0.00390625,-0.015625,0.0,0.0,-0.00390625,-0.68359375,0,0
1779556821.296010,-0.00390625,-0.015625,0.0,0.0,-0.00390625,-0.68359375,0,0
1779556821.304024,-0.00390625,-0.015625,0.0,0.0,-0.00390625,-0.68359375,0,0
1779556821.311973,-0.00390625,-0.015625,0.0,0.0,-0.00390625,-0.68359375,0,0
1779556821.319946,-0.00390625,-0.015625,0.0,0.0,-0.00390625,-0.68359375,0,0
1779556821.328006,-0.00390625,-0.015625,0.0,0.0,-0.00390625,-0.68359375,0,0
1779556821.335950,-0.00390625,-0.015625,0.0,0.0,-0.00390625,-0.68359375,0,0
1779556821.343914,-0.00390625,-0.015625,0.0,0.0,-0.00390625,-0.68359375,0,0
1779556821.351908,-0.00390625,-0.015625,0.0,0.0,-0.00390625,-0.68359375,0,0
1779556821.359945,-0.00390625,-0.015625,0.0,0.0,-0.00390625,-0.68359375,0,0
1779556821.367952,-0.00390625,-0.015625,0.0,0.0,-0.00390625,-0.68359375,0,0
1779556821.375974,-0.00390625,-0.015625,0.0,0.0,-0.00390625,-0.68359375,0,0
1779556821.384006,-0.00390625,-0.015625,0.0,0.0,-0.00390625,-0.68359375,0,0
1779556821.392005,-0.00390625,-0.015625,0.0,0.0,-0.00390625,-0.68359375,0,0
1779556821.399988,-0.00390625,-0.015625,0.0,0.0,-0.00390625,-0.68359375,0,0
1779556821.407965,-0.00390625,-0.015625,0.0,0.0,-0.00390625,-0.68359375,0,0
1779556821.415997,-0.00390625,-0.017578125,0.0,0.0,-0.00390625,-0.68359375,0,0
1779556821.423995,-0.00390625,-0.017578125,0.0,0.0,-0.00390625,-0.68359375,0,0
1779556821.431967,-0.00390625,-0.017578125,0.0,0.0,-0.00390625,-0.68359375,0,0
1779556821.440002,-0.00390625,-0.017578125,0.0,0.0,-0.00390625,-0.68359375,0,0
1779556821.447956,-0.00390625,-0.017578125,0.0,0.0,-0.00390625,-0.68359375,0,0
1779556821.455960,-0.00390625,-0.017578125,0.0,0.0,-0.00390625,-0.68359375,0,0
1779556821.463953,-0.00390625,-0.017578125,0.0,0.0,-0.00390625,-0.68359375,0,0
1779556821.471928,-0.00390625,-0.017578125,0.0,0.0,-0.00390625,-0.68359375,0,0
1779556821.479974,-0.00390625,-0.017578125,0.0,0.0,-0.00390625,-0.68359375,0,0
1779556821.487988,-0.00390625,-0.017578125,0.0,0.0,-0.00390625,-0.68359375,0,0
1779556821.496010,-0.00390625,-0.017578125,0.0,0.0,-0.00390625,-0.68359375,0,0
1779556821.504038,-0.00390625,-0.017578125,0.0,0.0,-0.00390625,-0.68359375,0,0
1779556821.511941,-0.00390625,-0.017578125,0.0,0.0,-0.00390625,-0.68359375,0,0
1779556821.519973,-0.00390625,-0.017578125,0.0,0.0,-0.00390625,-0.68359375,0,0
1779556821.527957,-0.00390625,-0.017578125,0.0,0.0,-0.00390625,-0.68359375,0,0
1779556821.535940,-0.00390625,-0.017578125,0.0,0.0,-0.00390625,-0.68359375,0,0
1779556821.543920,-0.00390625,-0.017578125,0.0,0.0,-0.00390625,-0.68359375,0,0
1779556821.551951,-0.00390625,-0.017578125,0.0,0.0,-0.00390625,-0.68359375,0,0
1779556821.560030,-0.00390625,-0.017578125,0.0,0.0,-0.00390625,-0.68359375,0,0
1779556821.568014,-0.00390625,-0.017578125,0.0,0.0,-0.00390625,-0.68359375,0,0
1779556821.575931,-0.00390625,-0.017578125,0.0,0.0,-0.00390625,-0.68359375,0,0
1779556821.583925,-0.00390625,-0.017578125,0.0,0.0,-0.00390625,-0.68359375,0,0
1779556821.591972,-0.00390625,-0.017578125,0.0,0.0,-0.00390625,-0.68359375,0,0
1779556821.599880,-0.00390625,-0.017578125,0.0,0.0,-0.00390625,-0.68359375,0,0
1779556821.607963,-0.00390625,-0.017578125,0.0,0.0,-0.00390625,-0.68359375,0,0
1779556821.615936,-0.00390625,-0.017578125,0.0,0.0,-0.00390625,-0.68359375,0,0
1779556821.623965,-0.00390625,-0.017578125,0.0,0.0,-0.00390625,-0.68359375,0,0
1779556821.631958,-0.00390625,-0.017578125,0.0,0.0,-0.00390625,-0.68359375,0,0
1779556821.639970,-0.00390625,-0.017578125,0.0,0.0,-0.00390625,-0.68359375,0,0
1779556821.647941,-0.00390625,-0.017578125,0.0,0.0,-0.00390625,-0.68359375,0,0
1779556821.655967,-0.00390625,-0.0234375,-0.015625,0.0,-0.00390625,-0.68359375,0,0
1779556821.663963,-0.00390625,-0.0234375,-0.015625,0.0,-0.00390625,-0.68359375,0,0
1779556821.671965,-0.00390625,-0.029296875,-0.02734375,0.0,-0.00390625,-0.68359375,0,0
1779556821.679961,-0.00390625,-0.029296875,-0.02734375,0.0,-0.00390625,-0.68359375,0,0
1779556821.687965,-0.00390625,-0.04296875,-0.033203125,0.0,-0.00390625,-0.68359375,0,0
1779556821.695971,-0.00390625,-0.04296875,-0.033203125,0.0,-0.00390625,-0.68359375,0,0
1779556821.703936,-0.021484375,-0.0703125,-0.033203125,0.0,-0.00390625,-0.68359375,0,0
1779556821.711978,-0.021484375,-0.0703125,-0.033203125,0.0,-0.00390625,-0.68359375,0,0
1779556821.719966,-0.056640625,-0.09375,-0.029296875,0.0,-0.00390625,-0.68359375,0,0
1779556821.728013,-0.056640625,-0.09375,-0.029296875,0.0,-0.00390625,-0.666015625,0,0
1779556821.735954,-0.078125,-0.109375,-0.02734375,0.0,-0.00390625,-0.666015625,0,0
1779556821.743976,-0.078125,-0.109375,-0.02734375,0.0,-0.00390625,-0.654296875,0,0
1779556821.751943,-0.1015625,-0.12109375,-0.01953125,0.0,-0.00390625,-0.654296875,0,0
1779556821.760017,-0.1015625,-0.12109375,-0.01953125,0.0,-0.00390625,-0.638671875,0,0
1779556821.767988,-0.125,-0.138671875,-0.01171875,0.0,-0.00390625,-0.638671875,0,0
1779556821.775966,-0.125,-0.138671875,-0.01171875,0.0,-0.00390625,-0.623046875,0,0
1779556821.783978,-0.1484375,-0.150390625,-0.005859375,0.0,-0.00390625,-0.623046875,0,0
1779556821.791992,-0.1484375,-0.150390625,-0.005859375,0.0,-0.00390625,-0.607421875,0,0
1779556821.799995,-0.166015625,-0.1640625,0.0,0.0,-0.00390625,-0.607421875,0,0
1779556821.807981,-0.166015625,-0.1640625,0.0,0.0,-0.00390625,-0.59375,0,0
1779556821.816042,-0.181640625,-0.171875,0.0,0.0,-0.00390625,-0.59375,0,0
1779556821.824022,-0.181640625,-0.171875,0.0,0.0,-0.00390625,-0.587890625,0,0
1779556821.831967,-0.189453125,-0.17578125,0.0,0.0,-0.00390625,-0.587890625,0,0
1779556821.840000,-0.189453125,-0.17578125,0.0,0.0,-0.00390625,-0.580078125,0,0
1779556821.847977,-0.1953125,-0.181640625,0.0,0.0,-0.00390625,-0.580078125,0,0
1779556821.856010,-0.1953125,-0.181640625,0.0,0.0,-0.00390625,-0.57421875,0,0
1779556821.863937,-0.20703125,-0.185546875,0.0,0.0,-0.00390625,-0.57421875,0,0
1779556821.871979,-0.20703125,-0.185546875,0.0,0.0,-0.00390625,-0.56640625,0,0
1779556821.879948,-0.220703125,-0.189453125,0.0,0.0,-0.00390625,-0.56640625,0,0
1779556821.887947,-0.220703125,-0.189453125,0.0,0.0,-0.00390625,-0.5546875,0,0
1779556821.895927,-0.23046875,-0.1953125,0.0,0.0,-0.00390625,-0.5546875,0,0
1779556821.903931,-0.23046875,-0.1953125,0.0,0.0,-0.00390625,-0.546875,0,0
1779556821.911962,-0.2421875,-0.203125,0.0,0.0,-0.00390625,-0.546875,0,0
1779556821.919981,-0.2421875,-0.203125,0.0,0.0,-0.00390625,-0.5390625,0,0
1779556821.927993,-0.25,-0.205078125,0.0,0.0,-0.00390625,-0.5390625,0,0
1779556821.935953,-0.25,-0.205078125,0.0,0.0,-0.00390625,-0.53125,0,0
1779556821.943903,-0.25,-0.208984375,0.0,0.0,-0.00390625,-0.53125,0,0
1779556821.952002,-0.25,-0.208984375,0.0,0.0,-0.00390625,-0.529296875,0,0
1779556821.959978,-0.25,-0.208984375,0.0,0.0,-0.00390625,-0.529296875,0,0
1779556821.967953,-0.25,-0.208984375,0.0,0.0,-0.00390625,-0.52734375,0,0
1779556821.975990,-0.25,-0.208984375,0.0,0.0,-0.00390625,-0.52734375,0,0
1779556821.983991,-0.25,-0.208984375,0.0,0.0,-0.00390625,-0.52734375,0,0
1779556821.991981,-0.25,-0.2109375,0.0,0.0,-0.00390625,-0.52734375,0,0
1779556821.999956,-0.25,-0.2109375,0.0,0.0,-0.00390625,-0.52734375,0,0
1779556822.007950,-0.25,-0.2109375,0.0,0.0,-0.00390625,-0.52734375,0,0
1779556822.015928,-0.25,-0.2109375,0.0,0.0,-0.00390625,-0.529296875,0,0
1779556822.023988,-0.248046875,-0.2109375,0.0,0.0,-0.00390625,-0.529296875,0,0
1779556822.031996,-0.248046875,-0.2109375,0.0,0.0,-0.00390625,-0.53125,0,0
1779556822.039918,-0.24609375,-0.2109375,0.0,0.0,-0.00390625,-0.53125,0,0
1779556822.047943,-0.24609375,-0.2109375,0.0,0.0,-0.00390625,-0.533203125,0,0
1779556822.056018,-0.244140625,-0.2109375,0.0,0.0,-0.00390625,-0.533203125,0,0
1779556822.063967,-0.244140625,-0.2109375,0.0,0.0,-0.00390625,-0.53515625,0,0
1779556822.072013,-0.244140625,-0.212890625,0.0,0.0,-0.00390625,-0.53515625,0,0
1779556822.079971,-0.244140625,-0.212890625,0.0,0.0,-0.00390625,-0.537109375,0,0
1779556822.087979,-0.240234375,-0.212890625,0.0,0.0,-0.00390625,-0.537109375,0,0
1779556822.096024,-0.240234375,-0.212890625,0.0,0.0,-0.00390625,-0.5390625,0,0
1779556822.103961,-0.240234375,-0.212890625,0.0,0.0,-0.00390625,-0.5390625,0,0
1779556822.111978,-0.240234375,-0.212890625,0.0,0.0,-0.00390625,-0.541015625,0,0
1779556822.119930,-0.236328125,-0.212890625,0.0,0.0,-0.00390625,-0.541015625,0,0
1779556822.127993,-0.236328125,-0.212890625,0.0,0.0,-0.00390625,-0.54296875,0,0
1779556822.135986,-0.236328125,-0.212890625,0.0,0.0,-0.00390625,-0.54296875,0,0
1779556822.143960,-0.236328125,-0.212890625,0.0,0.0,-0.00390625,-0.54296875,0,0
1779556822.151918,-0.236328125,-0.212890625,0.0,0.0,-0.00390625,-0.54296875,0,0
1779556822.160020,-0.236328125,-0.212890625,0.0,0.0,-0.00390625,-0.54296875,0,0
1779556822.167950,-0.236328125,-0.212890625,0.0,0.0,-0.00390625,-0.54296875,0,0
1779556822.175988,-0.236328125,-0.212890625,0.0,0.0,-0.00390625,-0.54296875,0,0
1779556822.184029,-0.236328125,-0.212890625,0.0,0.0,-0.00390625,-0.54296875,0,0
1779556822.191983,-0.236328125,-0.212890625,0.0,0.0,-0.00390625,-0.54296875,0,0
1779556822.200033,-0.236328125,-0.212890625,0.0,0.0,-0.00390625,-0.54296875,0,0
1779556822.207999,-0.236328125,-0.212890625,0.0,0.0,-0.00390625,-0.54296875,0,0
1779556822.215962,-0.234375,-0.212890625,0.0,0.0,-0.00390625,-0.54296875,0,0
1779556822.223952,-0.234375,-0.212890625,0.0,0.0,-0.00390625,-0.54296875,0,0
1779556822.231967,-0.234375,-0.212890625,0.0,0.0,-0.00390625,-0.54296875,0,0
1779556822.239968,-0.234375,-0.212890625,0.0,0.0,-0.00390625,-0.54296875,0,0
1779556822.247935,-0.234375,-0.212890625,0.0,0.0,-0.00390625,-0.54296875,0,0
1779556822.255959,-0.234375,-0.212890625,0.0,0.0,-0.00390625,-0.54296875,0,0
1779556822.263956,-0.234375,-0.212890625,0.0,0.0,-0.00390625,-0.54296875,0,0
1779556822.271944,-0.234375,-0.212890625,0.0,0.0,-0.00390625,-0.54296875,0,0
1779556822.279986,-0.234375,-0.212890625,0.0,0.0,-0.00390625,-0.54296875,0,0
1779556822.288011,-0.234375,-0.212890625,0.0,0.0,-0.00390625,-0.54296875,0,0
1779556822.295930,-0.234375,-0.212890625,0.0,0.0,-0.00390625,-0.54296875,0,0
1779556822.303951,-0.234375,-0.212890625,0.0,0.0,-0.00390625,-0.54296875,0,0
1779556822.311936,-0.234375,-0.212890625,0.0,0.0,-0.00390625,-0.54296875,0,0
1779556822.319984,-0.234375,-0.212890625,0.0,0.0,-0.00390625,-0.54296875,0,0
1779556822.327959,-0.236328125,-0.212890625,0.0,0.0,-0.00390625,-0.54296875,0,0
1779556822.335973,-0.236328125,-0.212890625,0.0,0.0,-0.00390625,-0.54296875,0,0
1779556822.344008,-0.236328125,-0.212890625,0.0,0.0,-0.00390625,-0.54296875,0,0
1779556822.351968,-0.236328125,-0.212890625,0.0,0.0,-0.00390625,-0.54296875,0,0
1779556822.359932,-0.236328125,-0.212890625,0.0,0.0,-0.00390625,-0.54296875,0,0
1779556822.367962,-0.236328125,-0.212890625,0.0,0.0,-0.00390625,-0.544921875,0,0
1779556822.375930,-0.234375,-0.212890625,0.0,0.0,-0.00390625,-0.544921875,0,0
1779556822.383965,-0.234375,-0.212890625,0.0,0.0,-0.00390625,-0.544921875,0,0
1779556822.392005,-0.234375,-0.212890625,0.0,0.0,-0.00390625,-0.544921875,0,0
1779556822.399972,-0.234375,-0.212890625,0.0,0.005859375,-0.00390625,-0.546875,0,0
1779556822.407962,-0.234375,-0.212890625,0.0,0.005859375,-0.00390625,-0.546875,0,0
1779556822.416007,-0.234375,-0.212890625,0.0,0.005859375,-0.00390625,-0.546875,0,0
1779556822.423955,-0.232421875,-0.212890625,0.0,0.005859375,-0.00390625,-0.546875,0,0
1779556822.431940,-0.232421875,-0.212890625,0.0,0.0078125,-0.00390625,-0.546875,0,0
1779556822.440007,-0.228515625,-0.212890625,0.0,0.0078125,-0.00390625,-0.546875,0,0
1779556822.447999,-0.228515625,-0.212890625,0.0,0.01171875,-0.00390625,-0.548828125,0,0
1779556822.456042,-0.228515625,-0.212890625,0.0,0.01171875,-0.00390625,-0.548828125,0,0
1779556822.463991,-0.228515625,-0.212890625,0.0,0.015625,-0.00390625,-0.55078125,0,0
1779556822.471999,-0.2265625,-0.212890625,0.0,0.015625,-0.00390625,-0.55078125,0,0
1779556822.480052,-0.2265625,-0.212890625,0.0,0.01953125,-0.00390625,-0.552734375,0,0
1779556822.488056,-0.224609375,-0.212890625,0.0,0.01953125,-0.00390625,-0.552734375,0,0
1779556822.495928,-0.224609375,-0.212890625,0.0,0.02734375,-0.00390625,-0.5546875,0,0
1779556822.503936,-0.22265625,-0.2109375,0.0,0.02734375,-0.00390625,-0.5546875,0,0
1779556822.511921,-0.22265625,-0.2109375,0.0,0.029296875,-0.00390625,-0.556640625,0,0
1779556822.519931,-0.22265625,-0.2109375,0.0,0.029296875,-0.00390625,-0.556640625,0,0
1779556822.527982,-0.22265625,-0.2109375,0.0,0.03125,-0.00390625,-0.556640625,0,0
1779556822.535949,-0.220703125,-0.2109375,0.0,0.03125,-0.00390625,-0.556640625,0,0
1779556822.543946,-0.220703125,-0.2109375,0.0,0.03125,-0.00390625,-0.55859375,0,0
1779556822.551987,-0.220703125,-0.2109375,0.0,0.03125,-0.00390625,-0.55859375,0,0
1779556822.559970,-0.220703125,-0.2109375,0.0,0.03125,-0.00390625,-0.55859375,0,0
1779556822.567939,-0.21875,-0.208984375,0.0,0.03125,-0.00390625,-0.55859375,0,0
1779556822.576016,-0.21875,-0.208984375,0.0,0.033203125,-0.00390625,-0.560546875,0,0
1779556822.583987,-0.21875,-0.208984375,0.0,0.033203125,-0.00390625,-0.560546875,0,0
1779556822.591954,-0.21875,-0.208984375,0.0,0.037109375,-0.00390625,-0.5625,0,0
1779556822.599962,-0.216796875,-0.208984375,0.0,0.037109375,-0.00390625,-0.5625,0,0
1779556822.608019,-0.216796875,-0.208984375,0.0,0.037109375,-0.00390625,-0.564453125,0,0
1779556822.616034,-0.2109375,-0.205078125,0.0,0.037109375,-0.00390625,-0.564453125,0,0
1779556822.623950,-0.2109375,-0.205078125,0.0,0.04296875,-0.00390625,-0.568359375,0,0
1779556822.631976,-0.20703125,-0.201171875,0.005859375,0.04296875,-0.00390625,-0.568359375,0,0
1779556822.639991,-0.20703125,-0.201171875,0.005859375,0.044921875,-0.00390625,-0.572265625,0,0
1779556822.647991,-0.205078125,-0.201171875,0.0078125,0.044921875,-0.00390625,-0.572265625,0,0
1779556822.656041,-0.205078125,-0.201171875,0.0078125,0.048828125,-0.00390625,-0.576171875,0,0
1779556822.663969,-0.203125,-0.197265625,0.0078125,0.048828125,-0.00390625,-0.576171875,0,0
1779556822.671968,-0.203125,-0.197265625,0.0078125,0.048828125,-0.00390625,-0.576171875,0,0
1779556822.679968,-0.201171875,-0.197265625,0.0078125,0.048828125,-0.00390625,-0.576171875,0,0
1779556822.688017,-0.201171875,-0.197265625,0.0078125,0.048828125,-0.00390625,-0.578125,0,0
1779556822.695956,-0.1953125,-0.197265625,0.0078125,0.048828125,-0.00390625,-0.578125,0,0
1779556822.703964,-0.1953125,-0.197265625,0.0078125,0.05078125,-0.00390625,-0.580078125,0,0
1779556822.711985,-0.189453125,-0.193359375,0.0078125,0.05078125,-0.00390625,-0.580078125,0,0
1779556822.719979,-0.189453125,-0.193359375,0.0078125,0.048828125,-0.00390625,-0.58203125,0,0
1779556822.727993,-0.189453125,-0.193359375,0.0078125,0.048828125,-0.00390625,-0.58203125,0,0
1779556822.735969,-0.189453125,-0.193359375,0.0078125,0.048828125,-0.00390625,-0.583984375,0,0
1779556822.743936,-0.189453125,-0.193359375,0.0078125,0.048828125,-0.00390625,-0.583984375,0,0
1779556822.751948,-0.189453125,-0.193359375,0.0078125,0.05078125,-0.00390625,-0.583984375,0,0
1779556822.760012,-0.189453125,-0.19140625,0.0078125,0.05078125,-0.00390625,-0.583984375,0,0
1779556822.768008,-0.189453125,-0.19140625,0.0078125,0.048828125,-0.00390625,-0.5859375,0,0
1779556822.775935,-0.185546875,-0.19140625,0.0078125,0.048828125,-0.00390625,-0.5859375,0,0
1779556822.783978,-0.185546875,-0.19140625,0.0078125,0.052734375,-0.00390625,-0.58984375,0,0
1779556822.791990,-0.1796875,-0.185546875,0.0078125,0.052734375,-0.00390625,-0.58984375,0,0
1779556822.799958,-0.1796875,-0.185546875,0.0078125,0.052734375,-0.00390625,-0.591796875,0,0
1779556822.807939,-0.17578125,-0.18359375,0.0078125,0.052734375,-0.00390625,-0.591796875,0,0
1779556822.815934,-0.17578125,-0.18359375,0.0078125,0.05078125,-0.00390625,-0.59375,0,0
1779556822.823972,-0.173828125,-0.18359375,0.0078125,0.05078125,-0.00390625,-0.59375,0,0
1779556822.831990,-0.173828125,-0.18359375,0.0078125,0.05078125,-0.00390625,-0.595703125,0,0
1779556822.839988,-0.169921875,-0.1796875,0.0078125,0.05078125,-0.00390625,-0.595703125,0,0
1779556822.847980,-0.169921875,-0.1796875,0.0078125,0.048828125,-0.00390625,-0.59765625,0,0
1779556822.855986,-0.166015625,-0.177734375,0.0078125,0.048828125,-0.00390625,-0.59765625,0,0
1779556822.863920,-0.166015625,-0.177734375,0.0078125,0.048828125,-0.00390625,-0.6015625,0,0
1779556822.871957,-0.16015625,-0.17578125,0.005859375,0.048828125,-0.00390625,-0.6015625,0,0
1779556822.880008,-0.16015625,-0.17578125,0.005859375,0.048828125,-0.00390625,-0.603515625,0,0
1779556822.887938,-0.158203125,-0.173828125,0.005859375,0.048828125,-0.00390625,-0.603515625,0,0
1779556822.896028,-0.158203125,-0.173828125,0.005859375,0.048828125,-0.00390625,-0.60546875,0,0
1779556822.904029,-0.15625,-0.171875,0.005859375,0.048828125,-0.00390625,-0.60546875,0,0
1779556822.911987,-0.15625,-0.171875,0.005859375,0.048828125,-0.00390625,-0.607421875,0,0
1779556822.920021,-0.150390625,-0.169921875,0.005859375,0.048828125,-0.00390625,-0.607421875,0,0
1779556822.927979,-0.150390625,-0.169921875,0.005859375,0.048828125,-0.00390625,-0.611328125,0,0
1779556822.935958,-0.14453125,-0.162109375,0.005859375,0.048828125,-0.00390625,-0.611328125,0,0
1779556822.943988,-0.14453125,-0.162109375,0.005859375,0.046875,-0.00390625,-0.6171875,0,0
1779556822.951964,-0.13671875,-0.16015625,0.0,0.046875,-0.00390625,-0.6171875,0,0
1779556822.959986,-0.13671875,-0.16015625,0.0,0.044921875,-0.00390625,-0.62109375,0,0
1779556822.967988,-0.134765625,-0.158203125,0.0,0.044921875,-0.00390625,-0.62109375,0,0
1779556822.976022,-0.134765625,-0.158203125,0.0,0.046875,-0.00390625,-0.623046875,0,0
1779556822.983962,-0.1328125,-0.15625,0.0,0.046875,-0.00390625,-0.623046875,0,0
1779556822.992051,-0.1328125,-0.15625,0.0,0.044921875,-0.00390625,-0.623046875,0,0
1779556822.999968,-0.126953125,-0.154296875,0.0,0.044921875,-0.00390625,-0.623046875,0,0
1779556823.008038,-0.126953125,-0.154296875,0.0,0.04296875,-0.00390625,-0.626953125,0,0
1779556823.015955,-0.12109375,-0.150390625,0.0,0.04296875,-0.00390625,-0.626953125,0,0
1779556823.023959,-0.12109375,-0.150390625,0.0,0.04296875,-0.00390625,-0.630859375,0,0
1779556823.031989,-0.1171875,-0.1484375,0.0,0.04296875,-0.00390625,-0.630859375,0,0
1779556823.039992,-0.1171875,-0.1484375,0.0,0.04296875,-0.00390625,-0.634765625,0,0
1779556823.047973,-0.11328125,-0.142578125,0.0,0.04296875,-0.00390625,-0.634765625,0,0
1779556823.056041,-0.11328125,-0.142578125,0.0,0.041015625,-0.00390625,-0.638671875,0,0
1779556823.063949,-0.109375,-0.142578125,0.0,0.041015625,-0.00390625,-0.638671875,0,0
1779556823.071984,-0.109375,-0.142578125,0.0,0.0390625,-0.00390625,-0.640625,0,0
1779556823.079992,-0.107421875,-0.138671875,0.0,0.0390625,-0.00390625,-0.640625,0,0
1779556823.088022,-0.107421875,-0.138671875,0.0,0.0390625,-0.00390625,-0.64453125,0,0
1779556823.095969,-0.103515625,-0.13671875,0.0,0.0390625,-0.00390625,-0.64453125,0,0
1779556823.103986,-0.103515625,-0.13671875,0.0,0.0390625,-0.00390625,-0.64453125,0,0
1779556823.111980,-0.09765625,-0.1328125,0.0,0.0390625,-0.00390625,-0.64453125,0,0
1779556823.119953,-0.09765625,-0.1328125,0.0,0.037109375,-0.00390625,-0.6484375,0,0
1779556823.128002,-0.09765625,-0.1328125,0.0,0.037109375,-0.00390625,-0.6484375,0,0
1779556823.135969,-0.09765625,-0.1328125,0.0,0.037109375,-0.00390625,-0.650390625,0,0
1779556823.144004,-0.095703125,-0.12890625,0.0,0.037109375,-0.00390625,-0.650390625,0,0
1779556823.152001,-0.095703125,-0.12890625,0.0,0.037109375,-0.00390625,-0.65234375,0,0
1779556823.159964,-0.091796875,-0.126953125,0.0,0.037109375,-0.00390625,-0.65234375,0,0
1779556823.167881,-0.091796875,-0.126953125,0.0,0.037109375,-0.00390625,-0.654296875,0,0
1779556823.175985,-0.08984375,-0.126953125,0.0,0.037109375,-0.00390625,-0.654296875,0,0
1779556823.183990,-0.08984375,-0.126953125,0.0,0.0390625,-0.00390625,-0.65625,0,0
1779556823.191965,-0.087890625,-0.125,0.0,0.0390625,-0.00390625,-0.65625,0,0
1779556823.199968,-0.087890625,-0.125,0.0,0.0390625,-0.00390625,-0.658203125,0,0
1779556823.207966,-0.0859375,-0.123046875,0.0,0.0390625,-0.00390625,-0.658203125,0,0
1779556823.215972,-0.0859375,-0.123046875,0.0,0.0390625,-0.00390625,-0.658203125,0,0
1779556823.223977,-0.0859375,-0.123046875,0.0,0.0390625,-0.00390625,-0.658203125,0,0
1779556823.231965,-0.0859375,-0.123046875,0.0,0.0390625,-0.00390625,-0.658203125,0,0
1779556823.239938,-0.083984375,-0.12109375,0.0,0.0390625,-0.00390625,-0.658203125,0,0
1779556823.247972,-0.083984375,-0.12109375,0.0,0.037109375,-0.00390625,-0.66015625,0,0
1779556823.255989,-0.08203125,-0.12109375,0.0,0.037109375,-0.00390625,-0.66015625,0,0
1779556823.263940,-0.08203125,-0.12109375,0.0,0.037109375,-0.00390625,-0.66015625,0,0
1779556823.272002,-0.080078125,-0.119140625,0.0,0.037109375,-0.00390625,-0.66015625,0,0
1779556823.280013,-0.080078125,-0.119140625,0.0,0.037109375,-0.00390625,-0.662109375,0,0
1779556823.287975,-0.080078125,-0.119140625,0.0,0.037109375,-0.00390625,-0.662109375,0,0
1779556823.295981,-0.080078125,-0.119140625,0.0,0.037109375,-0.00390625,-0.662109375,0,0
1779556823.303995,-0.080078125,-0.119140625,0.0,0.037109375,-0.00390625,-0.662109375,0,0
1779556823.311988,-0.080078125,-0.119140625,0.0,0.03515625,-0.00390625,-0.662109375,0,0
1779556823.320047,-0.080078125,-0.119140625,0.0,0.03515625,-0.00390625,-0.662109375,0,0
1779556823.327991,-0.080078125,-0.119140625,0.0,0.03515625,-0.00390625,-0.662109375,0,0
1779556823.335954,-0.078125,-0.119140625,0.0,0.03515625,-0.00390625,-0.662109375,0,0
1779556823.343976,-0.078125,-0.119140625,0.0,0.037109375,-0.00390625,-0.6640625,0,0
1779556823.351971,-0.080078125,-0.119140625,0.0,0.037109375,-0.00390625,-0.6640625,0,0
1779556823.359977,-0.080078125,-0.119140625,0.0,0.037109375,-0.00390625,-0.6640625,0,0
1779556823.367969,-0.080078125,-0.1171875,0.0,0.037109375,-0.00390625,-0.6640625,0,0
1779556823.376002,-0.080078125,-0.1171875,0.0,0.037109375,-0.00390625,-0.6640625,0,0
1779556823.383991,-0.080078125,-0.1171875,0.0,0.037109375,-0.00390625,-0.6640625,0,0
1779556823.392023,-0.080078125,-0.1171875,0.0,0.037109375,-0.00390625,-0.6640625,0,0
1779556823.399966,-0.078125,-0.1171875,0.0,0.037109375,-0.00390625,-0.6640625,0,0
1779556823.407964,-0.078125,-0.1171875,0.0,0.037109375,-0.00390625,-0.6640625,0,0
1779556823.415962,-0.078125,-0.1171875,0.0,0.037109375,-0.00390625,-0.6640625,0,0
1779556823.423988,-0.078125,-0.1171875,0.0,0.037109375,-0.00390625,-0.6640625,0,0
1779556823.431980,-0.076171875,-0.1171875,0.0,0.037109375,-0.00390625,-0.6640625,0,0
1779556823.439953,-0.076171875,-0.1171875,0.0,0.037109375,-0.00390625,-0.6640625,0,0
1779556823.447941,-0.076171875,-0.1171875,0.0,0.037109375,-0.00390625,-0.6640625,0,0
1779556823.455982,-0.076171875,-0.1171875,0.0,0.037109375,-0.00390625,-0.666015625,0,0
1779556823.463959,-0.076171875,-0.1171875,0.0,0.037109375,-0.00390625,-0.666015625,0,0
1779556823.471977,-0.076171875,-0.1171875,0.0,0.0390625,-0.00390625,-0.666015625,0,0
1779556823.480002,-0.076171875,-0.1171875,0.0,0.0390625,-0.00390625,-0.666015625,0,0
1779556823.487966,-0.076171875,-0.1171875,0.0,0.0390625,-0.00390625,-0.666015625,0,0
1779556823.495988,-0.076171875,-0.115234375,0.0,0.0390625,-0.00390625,-0.666015625,0,0
1779556823.504009,-0.076171875,-0.115234375,0.0,0.037109375,-0.00390625,-0.666015625,0,0
1779556823.511934,-0.076171875,-0.115234375,0.0,0.037109375,-0.00390625,-0.666015625,0,0
1779556823.519963,-0.076171875,-0.115234375,0.0,0.037109375,-0.00390625,-0.666015625,0,0
1779556823.527943,-0.07421875,-0.115234375,0.0,0.037109375,-0.00390625,-0.666015625,0,0
1779556823.535913,-0.07421875,-0.115234375,0.0,0.037109375,-0.00390625,-0.666015625,0,0
1779556823.543988,-0.07421875,-0.115234375,0.0,0.037109375,-0.00390625,-0.666015625,0,0
1779556823.551969,-0.07421875,-0.115234375,0.0,0.037109375,-0.00390625,-0.666015625,0,0
1779556823.559981,-0.07421875,-0.115234375,0.0,0.037109375,-0.00390625,-0.666015625,0,0
1779556823.567961,-0.07421875,-0.115234375,0.0,0.037109375,-0.00390625,-0.666015625,0,0
1779556823.575991,-0.07421875,-0.115234375,0.0,0.037109375,-0.00390625,-0.666015625,0,0
1779556823.583992,-0.07421875,-0.115234375,0.0,0.037109375,-0.00390625,-0.666015625,0,0
1779556823.591955,-0.07421875,-0.115234375,0.0,0.037109375,-0.00390625,-0.666015625,0,0
1779556823.599976,-0.07421875,-0.115234375,0.0,0.037109375,-0.00390625,-0.666015625,0,0
1779556823.607913,-0.07421875,-0.115234375,0.0,0.037109375,-0.00390625,-0.666015625,0,0
1779556823.615893,-0.07421875,-0.115234375,0.0,0.037109375,-0.00390625,-0.666015625,0,0
1779556823.623954,-0.07421875,-0.115234375,0.0,0.037109375,-0.00390625,-0.666015625,0,0
1779556823.631887,-0.07421875,-0.115234375,0.0,0.03515625,-0.00390625,-0.666015625,0,0
1779556823.639963,-0.07421875,-0.115234375,0.0,0.03515625,-0.00390625,-0.666015625,0,0
1779556823.647942,-0.07421875,-0.115234375,0.0,0.03515625,-0.00390625,-0.666015625,0,0
1779556823.656345,-0.07421875,-0.115234375,0.0,0.03515625,-0.00390625,-0.666015625,0,0
1779556823.663922,-0.07421875,-0.115234375,0.0,0.03515625,-0.00390625,-0.666015625,0,0
1779556823.671940,-0.07421875,-0.115234375,0.0,0.03515625,-0.00390625,-0.666015625,0,0
1779556823.680019,-0.07421875,-0.115234375,0.0,0.03515625,-0.00390625,-0.666015625,0,0
1779556823.687937,-0.07421875,-0.115234375,0.0,0.03515625,-0.00390625,-0.666015625,0,0
1779556823.695907,-0.07421875,-0.115234375,0.0,0.03515625,-0.00390625,-0.666015625,0,0
1779556823.703955,-0.07421875,-0.115234375,0.0,0.03515625,-0.00390625,-0.666015625,0,0
1779556823.711965,-0.07421875,-0.115234375,0.0,0.03515625,-0.00390625,-0.666015625,0,0
1779556823.720001,-0.07421875,-0.115234375,0.0,0.03515625,-0.00390625,-0.666015625,0,0
1779556823.727957,-0.07421875,-0.115234375,0.0,0.03515625,-0.00390625,-0.666015625,0,0
1779556823.735950,-0.07421875,-0.115234375,0.0,0.03515625,-0.00390625,-0.666015625,0,0
1779556823.743929,-0.07421875,-0.115234375,0.0,0.03515625,-0.00390625,-0.666015625,0,0
1779556823.751942,-0.07421875,-0.115234375,0.0,0.03515625,-0.00390625,-0.666015625,0,0
1779556823.759941,-0.07421875,-0.115234375,0.0,0.03515625,-0.00390625,-0.666015625,0,0
1779556823.775967,-0.07421875,-0.11328125,0.0,0.03515625,-0.00390625,-0.666015625,0,0
1779556823.783964,-0.07421875,-0.11328125,0.0,0.03515625,-0.00390625,-0.666015625,0,0
1779556823.791959,-0.07421875,-0.11328125,0.0,0.03515625,-0.00390625,-0.666015625,0,0
1779556823.799996,-0.07421875,-0.11328125,0.0,0.033203125,-0.00390625,-0.666015625,0,0
1779556823.808019,-0.072265625,-0.11328125,0.0,0.033203125,-0.00390625,-0.666015625,0,0
1779556823.815943,-0.072265625,-0.11328125,0.0,0.033203125,-0.00390625,-0.666015625,0,0
1779556823.823994,-0.072265625,-0.11328125,0.0,0.033203125,-0.00390625,-0.666015625,0,0
1779556823.832045,-0.072265625,-0.11328125,0.0,0.033203125,-0.00390625,-0.666015625,0,0
1779556823.839968,-0.072265625,-0.11328125,0.0,0.033203125,-0.00390625,-0.666015625,0,0
1779556823.847979,-0.072265625,-0.11328125,0.0,0.033203125,-0.00390625,-0.666015625,0,0
1779556823.856016,-0.072265625,-0.11328125,0.0,0.033203125,-0.00390625,-0.666015625,0,0
1779556823.863976,-0.072265625,-0.11328125,0.0,0.033203125,-0.00390625,-0.666015625,0,0
1779556823.871951,-0.072265625,-0.11328125,0.0,0.033203125,-0.00390625,-0.666015625,0,0
1779556823.879982,-0.072265625,-0.11328125,0.0,0.033203125,-0.00390625,-0.666015625,0,0
1779556823.887953,-0.072265625,-0.11328125,0.0,0.033203125,-0.00390625,-0.666015625,0,0
1779556823.895973,-0.072265625,-0.11328125,0.0,0.033203125,-0.00390625,-0.666015625,0,0
1779556823.903972,-0.072265625,-0.111328125,0.0,0.033203125,-0.00390625,-0.666015625,0,0
1779556823.911987,-0.072265625,-0.111328125,0.0,0.03125,-0.00390625,-0.666015625,0,0
1779556823.920029,-0.072265625,-0.11328125,0.0,0.03125,-0.00390625,-0.666015625,0,0
1779556823.927954,-0.072265625,-0.11328125,0.0,0.033203125,-0.00390625,-0.66796875,0,0
1779556823.935968,-0.072265625,-0.11328125,0.0,0.033203125,-0.00390625,-0.66796875,0,0
1779556823.943962,-0.072265625,-0.11328125,0.0,0.033203125,-0.00390625,-0.66796875,0,0
1779556823.951941,-0.072265625,-0.11328125,0.0,0.033203125,-0.00390625,-0.66796875,0,0
1779556823.959925,-0.072265625,-0.11328125,0.0,0.033203125,-0.00390625,-0.66796875,0,0
1779556823.967943,-0.072265625,-0.11328125,0.0,0.033203125,-0.00390625,-0.66796875,0,0
1779556823.975959,-0.072265625,-0.11328125,0.0,0.033203125,-0.00390625,-0.66796875,0,0
1779556823.983948,-0.072265625,-0.11328125,0.0,0.033203125,-0.00390625,-0.66796875,0,0
1779556823.991986,-0.072265625,-0.11328125,0.0,0.033203125,-0.00390625,-0.66796875,0,0
1779556823.999916,-0.0703125,-0.11328125,0.0,0.033203125,-0.00390625,-0.66796875,0,0
1779556824.007968,-0.0703125,-0.11328125,0.0,0.033203125,-0.00390625,-0.66796875,0,0
1779556824.015941,-0.0703125,-0.11328125,0.0,0.033203125,-0.00390625,-0.66796875,0,0
1779556824.024062,-0.0703125,-0.11328125,0.0,0.03515625,-0.00390625,-0.66796875,0,0
1779556824.031938,-0.0703125,-0.11328125,0.0,0.03515625,-0.00390625,-0.66796875,0,0
1779556824.040009,-0.0703125,-0.11328125,0.0,0.03515625,-0.00390625,-0.66796875,0,0
1779556824.047983,-0.0703125,-0.11328125,0.0,0.03515625,-0.00390625,-0.66796875,0,0
1779556824.055973,-0.0703125,-0.11328125,0.0,0.03515625,-0.00390625,-0.66796875,0,0
1779556824.063985,-0.0703125,-0.11328125,0.0,0.03515625,-0.00390625,-0.66796875,0,0
1779556824.071952,-0.0703125,-0.11328125,0.0,0.03515625,-0.00390625,-0.66796875,0,0
1779556824.079989,-0.0703125,-0.11328125,0.0,0.03515625,-0.00390625,-0.66796875,0,0
1779556824.088012,-0.0703125,-0.11328125,0.0,0.03515625,-0.00390625,-0.66796875,0,0
1779556824.095966,-0.0703125,-0.11328125,0.0,0.03515625,-0.00390625,-0.66796875,0,0
1779556824.103946,-0.0703125,-0.11328125,0.0,0.03515625,-0.00390625,-0.66796875,0,0
1779556824.112005,-0.0703125,-0.11328125,0.0,0.03515625,-0.00390625,-0.66796875,0,0
1779556824.119944,-0.0703125,-0.11328125,0.0,0.033203125,-0.00390625,-0.66796875,0,0
1779556824.127998,-0.0703125,-0.11328125,0.0,0.033203125,-0.00390625,-0.66796875,0,0
1779556824.135991,-0.0703125,-0.11328125,0.0,0.033203125,-0.00390625,-0.66796875,0,0
1779556824.144029,-0.0703125,-0.11328125,0.0,0.033203125,-0.00390625,-0.66796875,0,0
1779556824.151937,-0.0703125,-0.11328125,0.0,0.033203125,-0.00390625,-0.66796875,0,0
1779556824.159992,-0.0703125,-0.11328125,0.0,0.033203125,-0.00390625,-0.66796875,0,0
1779556824.167976,-0.0703125,-0.11328125,0.0,0.033203125,-0.00390625,-0.66796875,0,0
1779556824.175988,-0.0703125,-0.11328125,0.0,0.033203125,-0.00390625,-0.66796875,0,0
1779556824.183938,-0.0703125,-0.11328125,0.0,0.033203125,-0.00390625,-0.66796875,0,0
1779556824.192009,-0.0703125,-0.11328125,0.0,0.033203125,-0.00390625,-0.66796875,0,0
1779556824.199989,-0.0703125,-0.11328125,0.0,0.033203125,-0.00390625,-0.66796875,0,0
1779556824.207978,-0.072265625,-0.11328125,0.0,0.033203125,-0.00390625,-0.66796875,0,0
1779556824.216029,-0.072265625,-0.11328125,0.0,0.033203125,-0.00390625,-0.66796875,0,0
1779556824.223953,-0.072265625,-0.11328125,0.0,0.033203125,-0.00390625,-0.66796875,0,0
1779556824.231987,-0.072265625,-0.11328125,0.0,0.033203125,-0.00390625,-0.66796875,0,0
1779556824.239962,-0.072265625,-0.11328125,0.0,0.033203125,-0.00390625,-0.66796875,0,0
1779556824.247970,-0.072265625,-0.11328125,0.0,0.033203125,-0.00390625,-0.66796875,0,0
1779556824.256007,-0.0703125,-0.11328125,0.0,0.033203125,-0.00390625,-0.66796875,0,0
1779556824.263957,-0.0703125,-0.11328125,0.0,0.033203125,-0.00390625,-0.66796875,0,0
1779556824.271952,-0.0703125,-0.111328125,0.0,0.033203125,-0.00390625,-0.66796875,0,0
1779556824.279980,-0.0703125,-0.111328125,0.0,0.033203125,-0.00390625,-0.66796875,0,0
1779556824.287989,-0.0703125,-0.111328125,0.0,0.033203125,-0.00390625,-0.66796875,0,0
1779556824.295987,-0.0703125,-0.111328125,0.0,0.033203125,-0.00390625,-0.66796875,0,0
1779556824.303977,-0.0703125,-0.111328125,0.0,0.033203125,-0.00390625,-0.66796875,0,0
1779556824.311987,-0.0703125,-0.111328125,0.0,0.033203125,-0.00390625,-0.66796875,0,0
1779556824.320028,-0.0703125,-0.11328125,0.0,0.033203125,-0.00390625,-0.66796875,0,0
1779556824.328023,-0.0703125,-0.11328125,0.0,0.03515625,-0.00390625,-0.66796875,0,0
1779556824.335982,-0.0703125,-0.11328125,0.0,0.03515625,-0.00390625,-0.66796875,0,0
1779556824.344000,-0.0703125,-0.11328125,0.0,0.03515625,-0.00390625,-0.66796875,0,0
1779556824.351956,-0.0703125,-0.11328125,0.0,0.03515625,-0.00390625,-0.66796875,0,0
1779556824.360002,-0.0703125,-0.11328125,0.0,0.03515625,-0.00390625,-0.66796875,0,0
1779556824.367990,-0.0703125,-0.111328125,0.0,0.03515625,-0.00390625,-0.66796875,0,0
1779556824.375974,-0.0703125,-0.111328125,0.0,0.03515625,-0.00390625,-0.66796875,0,0
1779556824.383963,-0.0703125,-0.111328125,0.0,0.03515625,-0.00390625,-0.66796875,0,0
1779556824.391937,-0.0703125,-0.111328125,0.0,0.03515625,-0.00390625,-0.66796875,0,0
1779556824.399932,-0.0703125,-0.111328125,0.0,0.03515625,-0.00390625,-0.66796875,0,0
1779556824.407956,-0.0703125,-0.111328125,0.0,0.03515625,-0.00390625,-0.66796875,0,0
1779556824.415907,-0.0703125,-0.111328125,0.0,0.03515625,-0.00390625,-0.66796875,0,0
1779556824.423935,-0.0703125,-0.111328125,0.0,0.03515625,-0.00390625,-0.66796875,0,0
1779556824.431941,-0.0703125,-0.111328125,0.0,0.03515625,-0.00390625,-0.66796875,0,0
1779556824.439946,-0.0703125,-0.111328125,0.0,0.03515625,-0.00390625,-0.66796875,0,0
1779556824.447944,-0.0703125,-0.111328125,0.0,0.03515625,-0.00390625,-0.66796875,0,0
1779556824.455914,-0.0703125,-0.111328125,0.0,0.03515625,-0.00390625,-0.66796875,0,0
1779556824.463954,-0.0703125,-0.111328125,0.0,0.03515625,-0.00390625,-0.66796875,0,0
1779556824.471917,-0.0703125,-0.111328125,0.0,0.03515625,-0.00390625,-0.66796875,0,0
1779556824.479985,-0.0703125,-0.111328125,0.0,0.03515625,-0.00390625,-0.66796875,0,0
1779556824.487977,-0.0703125,-0.111328125,0.0,0.03515625,-0.00390625,-0.66796875,0,0
1779556824.495959,-0.0703125,-0.111328125,0.0,0.03515625,-0.00390625,-0.66796875,0,0
1779556824.503992,-0.0703125,-0.111328125,0.0,0.03515625,-0.00390625,-0.66796875,0,0
1779556824.512006,-0.0703125,-0.111328125,0.0,0.03515625,-0.00390625,-0.66796875,0,0
1779556824.520013,-0.0703125,-0.111328125,0.0,0.03515625,-0.00390625,-0.66796875,0,0
1779556824.527981,-0.0703125,-0.111328125,0.0,0.03515625,-0.00390625,-0.66796875,0,0
1779556824.536015,-0.0703125,-0.111328125,0.0,0.03515625,-0.00390625,-0.66796875,0,0
1779556824.544024,-0.0703125,-0.111328125,0.0,0.03515625,-0.00390625,-0.66796875,0,0
1779556824.552026,-0.0703125,-0.111328125,0.0,0.03515625,-0.00390625,-0.66796875,0,0
1779556824.560032,-0.072265625,-0.111328125,0.0,0.03515625,-0.00390625,-0.66796875,0,0
1779556824.568004,-0.072265625,-0.111328125,0.0,0.03515625,-0.00390625,-0.66796875,0,0
1779556824.575942,-0.0703125,-0.111328125,0.0,0.03515625,-0.00390625,-0.66796875,0,0
1779556824.583952,-0.0703125,-0.111328125,0.0,0.037109375,-0.00390625,-0.66796875,0,0
1779556824.591935,-0.0703125,-0.111328125,0.0,0.037109375,-0.00390625,-0.66796875,0,0
1779556824.599953,-0.0703125,-0.111328125,0.0,0.037109375,-0.00390625,-0.66796875,0,0
1779556824.607943,-0.0703125,-0.111328125,0.0,0.037109375,-0.00390625,-0.66796875,0,0
1779556824.615990,-0.0703125,-0.111328125,0.0,0.037109375,-0.00390625,-0.66796875,0,0
1779556824.624018,-0.0703125,-0.109375,0.0,0.037109375,-0.00390625,-0.66796875,0,0
1779556824.631957,-0.0703125,-0.109375,0.0,0.03515625,-0.00390625,-0.66796875,0,0
1779556824.639929,-0.068359375,-0.109375,0.0,0.03515625,-0.00390625,-0.66796875,0,0
1779556824.647981,-0.068359375,-0.109375,0.0,0.03515625,-0.00390625,-0.66796875,0,0
1779556824.655986,-0.068359375,-0.109375,0.0,0.03515625,-0.00390625,-0.66796875,0,0
1779556824.663988,-0.068359375,-0.109375,0.0,0.03515625,-0.00390625,-0.66796875,0,0
1779556824.672001,-0.068359375,-0.109375,0.0,0.03515625,-0.00390625,-0.66796875,0,0
1779556824.680015,-0.068359375,-0.109375,0.0,0.03515625,-0.00390625,-0.669921875,0,0
1779556824.688025,-0.068359375,-0.109375,0.0,0.03515625,-0.00390625,-0.669921875,0,0
1779556824.696018,-0.068359375,-0.109375,0.0,0.03515625,-0.00390625,-0.669921875,0,0
1779556824.704011,-0.06640625,-0.109375,0.0,0.03515625,-0.00390625,-0.669921875,0,0
1779556824.711950,-0.06640625,-0.109375,0.0,0.03515625,-0.00390625,-0.669921875,0,0
1779556824.719977,-0.068359375,-0.109375,0.0,0.03515625,-0.00390625,-0.669921875,0,0
1779556824.727968,-0.068359375,-0.109375,0.0,0.033203125,-0.00390625,-0.669921875,0,0
1779556824.735956,-0.06640625,-0.109375,0.0,0.033203125,-0.00390625,-0.669921875,0,0
1779556824.744007,-0.06640625,-0.109375,0.0,0.033203125,-0.00390625,-0.669921875,0,0
1779556824.751983,-0.06640625,-0.109375,0.0,0.033203125,-0.00390625,-0.669921875,0,0
1779556824.759984,-0.06640625,-0.109375,0.0,0.033203125,-0.00390625,-0.669921875,0,0
1779556824.767987,-0.06640625,-0.109375,0.0,0.033203125,-0.00390625,-0.669921875,0,0
1779556824.776017,-0.06640625,-0.109375,0.0,0.033203125,-0.00390625,-0.669921875,0,0
1779556824.783990,-0.064453125,-0.109375,0.0,0.033203125,-0.00390625,-0.669921875,0,0
1779556824.792014,-0.064453125,-0.109375,0.0,0.033203125,-0.00390625,-0.669921875,0,0
1779556824.799994,-0.064453125,-0.107421875,0.0,0.033203125,-0.00390625,-0.669921875,0,0
1779556824.808023,-0.064453125,-0.107421875,0.0,0.03125,-0.00390625,-0.671875,0,0
1779556824.815986,-0.064453125,-0.107421875,0.0,0.03125,-0.00390625,-0.671875,0,0
1779556824.824013,-0.064453125,-0.107421875,0.0,0.03125,-0.00390625,-0.671875,0,0
1779556824.831993,-0.064453125,-0.107421875,0.0,0.03125,-0.00390625,-0.671875,0,0
1779556824.839931,-0.064453125,-0.107421875,0.0,0.03125,-0.00390625,-0.673828125,0,0
1779556824.848010,-0.064453125,-0.107421875,0.0,0.03125,-0.00390625,-0.673828125,0,0
1779556824.856001,-0.064453125,-0.107421875,0.0,0.03125,-0.00390625,-0.673828125,0,0
1779556824.863976,-0.0625,-0.10546875,0.0,0.03125,-0.00390625,-0.673828125,0,0
1779556824.871954,-0.0625,-0.10546875,0.0,0.03125,-0.00390625,-0.673828125,0,0
1779556824.879996,-0.0625,-0.103515625,0.0,0.03125,-0.00390625,-0.673828125,0,0
1779556824.887964,-0.0625,-0.103515625,0.0,0.03125,-0.00390625,-0.673828125,0,0
1779556824.896000,-0.0625,-0.103515625,0.0,0.03125,-0.00390625,-0.673828125,0,0
1779556824.903995,-0.0625,-0.103515625,0.0,0.03125,-0.00390625,-0.673828125,0,0
1779556824.911943,-0.0625,-0.103515625,0.0,0.03125,-0.00390625,-0.673828125,0,0
1779556824.919978,-0.0625,-0.103515625,0.0,0.029296875,-0.00390625,-0.67578125,0,0
1779556824.927972,-0.0625,-0.103515625,0.0,0.029296875,-0.00390625,-0.67578125,0,0
1779556824.935934,-0.0625,-0.103515625,0.0,0.029296875,-0.00390625,-0.67578125,0,0
1779556824.944018,-0.0625,-0.103515625,0.0,0.029296875,-0.00390625,-0.67578125,0,0
1779556824.951972,-0.0625,-0.103515625,0.0,0.029296875,-0.00390625,-0.67578125,0,0
1779556824.960013,-0.0625,-0.103515625,0.0,0.029296875,-0.00390625,-0.67578125,0,0
1779556824.968043,-0.0625,-0.103515625,0.0,0.03125,-0.00390625,-0.67578125,0,0
1779556824.975922,-0.0625,-0.103515625,0.0,0.03125,-0.00390625,-0.67578125,0,0
1779556824.983963,-0.0625,-0.103515625,0.0,0.03125,-0.00390625,-0.67578125,0,0
1779556824.991952,-0.0625,-0.103515625,0.0,0.03125,-0.00390625,-0.67578125,0,0
1779556824.999985,-0.0625,-0.103515625,0.0,0.03125,-0.00390625,-0.67578125,0,0
1779556825.007959,-0.0625,-0.1015625,0.0,0.03125,-0.00390625,-0.67578125,0,0
1779556825.015964,-0.0625,-0.1015625,0.0,0.03125,-0.00390625,-0.677734375,0,0
1779556825.024005,-0.0625,-0.1015625,0.0,0.03125,-0.00390625,-0.677734375,0,0
1779556825.032008,-0.0625,-0.1015625,0.0,0.03125,-0.00390625,-0.677734375,0,0
1779556825.039976,-0.0625,-0.1015625,0.0,0.03125,-0.00390625,-0.677734375,0,0
1779556825.047967,-0.0625,-0.1015625,0.0,0.03125,-0.00390625,-0.677734375,0,0
1779556825.056045,-0.0625,-0.1015625,0.0,0.03125,-0.00390625,-0.677734375,0,0
1779556825.063987,-0.0625,-0.1015625,0.0,0.03125,-0.00390625,-0.677734375,0,0
1779556825.071973,-0.0625,-0.1015625,0.0,0.03125,-0.00390625,-0.677734375,0,0
1779556825.079973,-0.0625,-0.1015625,0.0,0.03125,-0.00390625,-0.677734375,0,0
1779556825.087974,-0.0625,-0.1015625,0.0,0.03125,-0.00390625,-0.677734375,0,0
1779556825.096021,-0.0625,-0.1015625,0.0,0.03125,-0.00390625,-0.677734375,0,0
1779556825.103989,-0.0625,-0.1015625,0.0,0.03125,-0.00390625,-0.677734375,0,0
1779556825.111978,-0.0625,-0.1015625,0.0,0.03125,-0.00390625,-0.677734375,0,0
1779556825.120012,-0.0625,-0.1015625,0.0,0.03125,-0.00390625,-0.677734375,0,0
1779556825.127975,-0.0625,-0.1015625,0.0,0.03515625,-0.00390625,-0.677734375,0,0
1779556825.135997,-0.0625,-0.1015625,0.0,0.03515625,-0.00390625,-0.677734375,0,0
1779556825.144038,-0.0625,-0.1015625,0.0,0.03515625,-0.00390625,-0.677734375,0,0
1779556825.151969,-0.0625,-0.1015625,0.0,0.03515625,-0.00390625,-0.677734375,0,0
1779556825.159937,-0.0625,-0.1015625,0.0,0.03515625,-0.00390625,-0.677734375,0,0
1779556825.168000,-0.0625,-0.1015625,0.0,0.03515625,-0.00390625,-0.677734375,0,0
1779556825.175984,-0.0625,-0.1015625,0.0,0.03515625,-0.00390625,-0.677734375,0,0
1779556825.183941,-0.0625,-0.1015625,0.0,0.03515625,-0.00390625,-0.677734375,0,0
1779556825.191950,-0.0625,-0.1015625,0.0,0.037109375,-0.00390625,-0.677734375,0,0
1779556825.199955,-0.064453125,-0.1015625,0.0,0.037109375,-0.00390625,-0.677734375,0,0
1779556825.207984,-0.064453125,-0.1015625,0.0,0.0390625,-0.00390625,-0.677734375,0,0
1779556825.215964,-0.06640625,-0.1015625,0.0,0.0390625,-0.00390625,-0.677734375,0,0
1779556825.223990,-0.06640625,-0.1015625,0.0,0.04296875,-0.00390625,-0.67578125,0,0
1779556825.231956,-0.0703125,-0.1015625,0.0,0.04296875,-0.00390625,-0.67578125,0,0
1779556825.239959,-0.0703125,-0.1015625,0.0,0.046875,-0.00390625,-0.67578125,0,0
1779556825.247952,-0.07421875,-0.1015625,0.0,0.046875,-0.00390625,-0.67578125,0,0
1779556825.255963,-0.07421875,-0.1015625,0.0,0.0546875,-0.00390625,-0.673828125,0,0
1779556825.263948,-0.07421875,-0.095703125,0.0078125,0.0546875,-0.00390625,-0.673828125,0,0
1779556825.271944,-0.07421875,-0.095703125,0.0078125,0.06640625,-0.00390625,-0.671875,0,0
1779556825.279950,-0.07421875,-0.078125,0.02734375,0.06640625,-0.00390625,-0.671875,0,0
1779556825.287974,-0.07421875,-0.078125,0.02734375,0.08984375,-0.00390625,-0.671875,0,0
1779556825.295978,-0.060546875,-0.0390625,0.05078125,0.08984375,-0.00390625,-0.671875,0,0
1779556825.303943,-0.060546875,-0.0390625,0.05078125,0.134765625,-0.00390625,-0.673828125,0,0
1779556825.311986,-0.05078125,-0.005859375,0.056640625,0.134765625,-0.00390625,-0.673828125,0,0
1779556825.319969,-0.05078125,-0.005859375,0.056640625,0.1640625,-0.00390625,-0.673828125,0,0
1779556825.328016,-0.044921875,-0.005859375,0.056640625,0.1640625,-0.00390625,-0.673828125,0,0
1779556825.335958,-0.044921875,-0.005859375,0.056640625,0.19921875,-0.00390625,-0.669921875,0,0
1779556825.344033,-0.046875,-0.005859375,0.056640625,0.19921875,-0.00390625,-0.669921875,0,0
1779556825.352019,-0.046875,-0.005859375,0.056640625,0.236328125,-0.00390625,-0.66015625,0,0
1779556825.359980,-0.056640625,-0.005859375,0.056640625,0.236328125,-0.00390625,-0.66015625,0,0
1779556825.367984,-0.056640625,-0.005859375,0.056640625,0.287109375,-0.00390625,-0.64453125,0,0
1779556825.375960,-0.068359375,-0.005859375,0.064453125,0.287109375,-0.00390625,-0.64453125,0,0
1779556825.383953,-0.068359375,-0.005859375,0.064453125,0.314453125,-0.00390625,-0.630859375,0,0
1779556825.392015,-0.0859375,-0.005859375,0.083984375,0.314453125,-0.00390625,-0.630859375,0,0
1779556825.399995,-0.0859375,-0.005859375,0.083984375,0.35546875,0.0,-0.607421875,0,0
1779556825.407968,-0.103515625,-0.005859375,0.1015625,0.35546875,0.0,-0.607421875,0,0
1779556825.416002,-0.103515625,-0.005859375,0.1015625,0.392578125,-0.00390625,-0.583984375,0,0
1779556825.424005,-0.123046875,-0.005859375,0.115234375,0.392578125,-0.00390625,-0.583984375,0,0
1779556825.432019,-0.123046875,-0.005859375,0.115234375,0.427734375,-0.009765625,-0.564453125,0,0
1779556825.439938,-0.140625,-0.005859375,0.125,0.427734375,-0.009765625,-0.564453125,0,0
1779556825.447943,-0.140625,-0.005859375,0.125,0.4609375,-0.013671875,-0.54296875,0,0
1779556825.455938,-0.154296875,-0.005859375,0.12890625,0.4609375,-0.013671875,-0.54296875,0,0
1779556825.463973,-0.154296875,-0.005859375,0.12890625,0.4765625,-0.017578125,-0.529296875,0,0
1779556825.471977,-0.16796875,-0.005859375,0.13671875,0.4765625,-0.017578125,-0.529296875,0,0
1779556825.479967,-0.16796875,-0.005859375,0.13671875,0.494140625,-0.0234375,-0.515625,0,0
1779556825.487966,-0.171875,-0.005859375,0.13671875,0.494140625,-0.0234375,-0.515625,0,0
1779556825.495988,-0.171875,-0.005859375,0.13671875,0.50390625,-0.0234375,-0.509765625,0,0
1779556825.504011,-0.177734375,-0.005859375,0.13671875,0.50390625,-0.0234375,-0.509765625,0,0
1779556825.511984,-0.177734375,-0.005859375,0.13671875,0.5078125,-0.025390625,-0.501953125,0,0
1779556825.520005,-0.1796875,-0.005859375,0.13671875,0.5078125,-0.025390625,-0.501953125,0,0
1779556825.527977,-0.1796875,-0.005859375,0.13671875,0.515625,-0.0234375,-0.49609375,0,0
1779556825.536017,-0.181640625,-0.005859375,0.138671875,0.515625,-0.0234375,-0.49609375,0,0
1779556825.543931,-0.181640625,-0.005859375,0.138671875,0.5234375,-0.01953125,-0.4921875,0,0
1779556825.551925,-0.185546875,-0.005859375,0.138671875,0.5234375,-0.01953125,-0.4921875,0,0
1779556825.559985,-0.185546875,-0.005859375,0.138671875,0.529296875,-0.015625,-0.486328125,0,0
1779556825.567940,-0.1875,-0.005859375,0.138671875,0.529296875,-0.015625,-0.486328125,0,0
1779556825.575958,-0.1875,-0.005859375,0.138671875,0.5390625,-0.015625,-0.478515625,0,0
1779556825.583959,-0.189453125,-0.005859375,0.140625,0.5390625,-0.015625,-0.478515625,0,0
1779556825.591940,-0.189453125,-0.005859375,0.140625,0.544921875,-0.01171875,-0.47265625,0,0
1779556825.600016,-0.193359375,-0.005859375,0.140625,0.544921875,-0.01171875,-0.47265625,0,0
1779556825.607936,-0.193359375,-0.005859375,0.140625,0.548828125,-0.009765625,-0.46875,0,0
1779556825.616020,-0.1953125,-0.005859375,0.140625,0.548828125,-0.009765625,-0.46875,0,0
1779556825.623955,-0.1953125,-0.005859375,0.140625,0.55078125,-0.0078125,-0.466796875,0,0
1779556825.631974,-0.19921875,-0.005859375,0.142578125,0.55078125,-0.0078125,-0.466796875,0,0
1779556825.639966,-0.19921875,-0.005859375,0.142578125,0.55078125,-0.009765625,-0.46484375,0,0
1779556825.647942,-0.201171875,-0.005859375,0.142578125,0.55078125,-0.009765625,-0.46484375,0,0
1779556825.655985,-0.201171875,-0.005859375,0.142578125,0.5546875,-0.009765625,-0.4609375,0,0
1779556825.664010,-0.203125,-0.005859375,0.142578125,0.5546875,-0.009765625,-0.4609375,0,0
1779556825.671907,-0.203125,-0.005859375,0.142578125,0.55859375,-0.009765625,-0.458984375,0,0
1779556825.679917,-0.208984375,-0.005859375,0.142578125,0.55859375,-0.009765625,-0.458984375,0,0
1779556825.687963,-0.208984375,-0.005859375,0.142578125,0.55859375,-0.013671875,-0.45703125,0,0
1779556825.696023,-0.21484375,-0.005859375,0.142578125,0.55859375,-0.013671875,-0.45703125,0,0
1779556825.704018,-0.21484375,-0.005859375,0.142578125,0.560546875,-0.015625,-0.453125,0,0
1779556825.711974,-0.21484375,-0.005859375,0.142578125,0.560546875,-0.015625,-0.453125,0,0
1779556825.719964,-0.21484375,-0.005859375,0.142578125,0.5625,-0.015625,-0.451171875,0,0
1779556825.728023,-0.21875,-0.005859375,0.142578125,0.5625,-0.015625,-0.451171875,0,0
1779556825.735915,-0.21875,-0.005859375,0.142578125,0.5625,-0.015625,-0.44921875,0,0
1779556825.744033,-0.224609375,-0.005859375,0.142578125,0.5625,-0.015625,-0.44921875,0,0
1779556825.751935,-0.224609375,-0.005859375,0.142578125,0.564453125,-0.017578125,-0.447265625,0,0
1779556825.760017,-0.23046875,-0.005859375,0.14453125,0.564453125,-0.017578125,-0.447265625,0,0
1779556825.767943,-0.23046875,-0.005859375,0.14453125,0.56640625,-0.01953125,-0.443359375,0,0
1779556825.775986,-0.236328125,-0.005859375,0.14453125,0.56640625,-0.01953125,-0.443359375,0,0
1779556825.783957,-0.236328125,-0.005859375,0.14453125,0.568359375,-0.0234375,-0.44140625,0,0
1779556825.792004,-0.240234375,-0.005859375,0.142578125,0.568359375,-0.0234375,-0.44140625,0,0
1779556825.799970,-0.240234375,-0.005859375,0.142578125,0.568359375,-0.025390625,-0.439453125,0,0
1779556825.807992,-0.240234375,-0.005859375,0.140625,0.568359375,-0.025390625,-0.439453125,0,0
1779556825.816003,-0.240234375,-0.005859375,0.140625,0.56640625,-0.029296875,-0.439453125,0,0
1779556825.824029,-0.240234375,-0.005859375,0.134765625,0.56640625,-0.029296875,-0.439453125,0,0
1779556825.832003,-0.240234375,-0.005859375,0.134765625,0.560546875,-0.03515625,-0.439453125,0,0
1779556825.839960,-0.2421875,-0.005859375,0.130859375,0.560546875,-0.03515625,-0.439453125,0,0
1779556825.847973,-0.2421875,-0.005859375,0.130859375,0.55859375,-0.041015625,-0.439453125,0,0
1779556825.855978,-0.244140625,-0.005859375,0.126953125,0.55859375,-0.041015625,-0.439453125,0,0
1779556825.863979,-0.244140625,-0.005859375,0.126953125,0.5546875,-0.044921875,-0.439453125,0,0
1779556825.871968,-0.24609375,-0.005859375,0.123046875,0.5546875,-0.044921875,-0.439453125,0,0
1779556825.879938,-0.24609375,-0.005859375,0.123046875,0.55078125,-0.048828125,-0.439453125,0,0
1779556825.887975,-0.24609375,-0.005859375,0.12109375,0.55078125,-0.048828125,-0.439453125,0,0
1779556825.896017,-0.24609375,-0.005859375,0.12109375,0.546875,-0.052734375,-0.44140625,0,0
1779556825.904010,-0.251953125,-0.005859375,0.11328125,0.546875,-0.052734375,-0.44140625,0,0
1779556825.911987,-0.251953125,-0.005859375,0.11328125,0.5390625,-0.060546875,-0.44140625,0,0
1779556825.919979,-0.25390625,-0.005859375,0.10546875,0.5390625,-0.060546875,-0.44140625,0,0
1779556825.927993,-0.25390625,-0.005859375,0.10546875,0.53515625,-0.06640625,-0.44140625,0,0
1779556825.935985,-0.2578125,-0.005859375,0.09375,0.53515625,-0.06640625,-0.44140625,0,0
1779556825.944002,-0.2578125,-0.005859375,0.09375,0.525390625,-0.0703125,-0.44140625,0,0
1779556825.951989,-0.265625,-0.005859375,0.0859375,0.525390625,-0.0703125,-0.44140625,0,0
1779556825.959984,-0.265625,-0.005859375,0.0859375,0.521484375,-0.0703125,-0.44140625,0,0
1779556825.967957,-0.279296875,-0.005859375,0.07421875,0.521484375,-0.0703125,-0.44140625,0,0
1779556825.975972,-0.279296875,-0.005859375,0.07421875,0.509765625,-0.07421875,-0.4375,0,0
1779556825.983975,-0.294921875,-0.005859375,0.05859375,0.509765625,-0.07421875,-0.4375,0,0
1779556825.991981,-0.294921875,-0.005859375,0.05859375,0.501953125,-0.076171875,-0.431640625,0,0
1779556825.999993,-0.302734375,-0.005859375,0.05078125,0.501953125,-0.076171875,-0.431640625,0,0
1779556826.007959,-0.302734375,-0.005859375,0.05078125,0.494140625,-0.076171875,-0.427734375,0,0
1779556826.015978,-0.310546875,-0.005859375,0.04296875,0.494140625,-0.076171875,-0.427734375,0,0
1779556826.023967,-0.310546875,-0.005859375,0.04296875,0.490234375,-0.076171875,-0.423828125,0,0
1779556826.031950,-0.318359375,-0.005859375,0.0390625,0.490234375,-0.076171875,-0.423828125,0,0
1779556826.039957,-0.318359375,-0.005859375,0.0390625,0.486328125,-0.080078125,-0.421875,0,0
1779556826.047935,-0.322265625,-0.005859375,0.0390625,0.486328125,-0.080078125,-0.421875,0,0
1779556826.055954,-0.322265625,-0.005859375,0.0390625,0.484375,-0.078125,-0.421875,0,0
1779556826.063989,-0.326171875,-0.005859375,0.03515625,0.484375,-0.078125,-0.421875,0,0
1779556826.071932,-0.326171875,-0.005859375,0.03515625,0.484375,-0.076171875,-0.41796875,0,0
1779556826.079991,-0.33203125,-0.005859375,0.033203125,0.484375,-0.076171875,-0.41796875,0,0
1779556826.087981,-0.33203125,-0.005859375,0.033203125,0.484375,-0.076171875,-0.416015625,0,0
1779556826.095943,-0.337890625,-0.005859375,0.029296875,0.484375,-0.076171875,-0.416015625,0,0
1779556826.103948,-0.337890625,-0.005859375,0.029296875,0.48046875,-0.07421875,-0.4140625,0,0
1779556826.111986,-0.341796875,-0.005859375,0.02734375,0.48046875,-0.07421875,-0.4140625,0,0
1779556826.120022,-0.341796875,-0.005859375,0.02734375,0.478515625,-0.076171875,-0.412109375,0,0
1779556826.127958,-0.345703125,-0.005859375,0.025390625,0.478515625,-0.076171875,-0.412109375,0,0
1779556826.135957,-0.345703125,-0.005859375,0.025390625,0.478515625,-0.076171875,-0.408203125,0,0
1779556826.144006,-0.3515625,-0.005859375,0.01953125,0.478515625,-0.076171875,-0.408203125,0,0
1779556826.151975,-0.3515625,-0.005859375,0.01953125,0.47265625,-0.07421875,-0.40625,0,0
1779556826.160017,-0.35546875,-0.005859375,0.01171875,0.47265625,-0.07421875,-0.40625,0,0
1779556826.167943,-0.35546875,-0.005859375,0.01171875,0.470703125,-0.07421875,-0.404296875,0,0
1779556826.176033,-0.357421875,-0.005859375,0.0078125,0.470703125,-0.07421875,-0.404296875,0,0
1779556826.183984,-0.357421875,-0.005859375,0.0078125,0.4609375,-0.07421875,-0.404296875,0,0
1779556826.192043,-0.359375,-0.005859375,0.0078125,0.4609375,-0.07421875,-0.404296875,0,0
1779556826.199988,-0.359375,-0.005859375,0.0078125,0.455078125,-0.07421875,-0.404296875,0,0
1779556826.208003,-0.36328125,-0.005859375,0.0078125,0.455078125,-0.07421875,-0.404296875,0,0
1779556826.215978,-0.36328125,-0.005859375,0.0078125,0.447265625,-0.07421875,-0.40234375,0,0
1779556826.223979,-0.365234375,-0.00390625,0.0078125,0.447265625,-0.07421875,-0.40234375,0,0
1779556826.232015,-0.365234375,-0.00390625,0.0078125,0.4453125,-0.07421875,-0.40234375,0,0
1779556826.239955,-0.365234375,-0.00390625,0.0078125,0.4453125,-0.07421875,-0.40234375,0,0
1779556826.247972,-0.365234375,-0.00390625,0.0078125,0.439453125,-0.07421875,-0.40234375,0,0
1779556826.255978,-0.365234375,-0.005859375,0.0078125,0.439453125,-0.07421875,-0.40234375,0,0
1779556826.263976,-0.365234375,-0.005859375,0.0078125,0.439453125,-0.072265625,-0.40234375,0,0
1779556826.271981,-0.365234375,-0.005859375,0.0078125,0.439453125,-0.072265625,-0.40234375,0,0
1779556826.279990,-0.365234375,-0.005859375,0.0078125,0.4375,-0.0703125,-0.40234375,0,0
1779556826.287951,-0.365234375,-0.0078125,0.0078125,0.4375,-0.0703125,-0.40234375,0,0
1779556826.295951,-0.365234375,-0.0078125,0.0078125,0.4375,-0.0703125,-0.404296875,0,0
1779556826.303956,-0.361328125,-0.0078125,0.0078125,0.4375,-0.0703125,-0.404296875,0,0
1779556826.312000,-0.361328125,-0.0078125,0.0078125,0.435546875,-0.0703125,-0.40625,0,0
1779556826.319971,-0.361328125,-0.009765625,0.0078125,0.435546875,-0.0703125,-0.40625,0,0
1779556826.327983,-0.361328125,-0.009765625,0.0078125,0.43359375,-0.0703125,-0.408203125,0,0
1779556826.335942,-0.359375,-0.009765625,0.0078125,0.43359375,-0.0703125,-0.408203125,0,0
1779556826.343886,-0.359375,-0.009765625,0.0078125,0.431640625,-0.06640625,-0.408203125,0,0
1779556826.351964,-0.361328125,-0.013671875,0.0078125,0.431640625,-0.06640625,-0.408203125,0,0
1779556826.359972,-0.361328125,-0.013671875,0.0078125,0.427734375,-0.06640625,-0.41015625,0,0
1779556826.367957,-0.361328125,-0.013671875,0.0078125,0.427734375,-0.06640625,-0.41015625,0,0
1779556826.375953,-0.361328125,-0.013671875,0.0078125,0.427734375,-0.064453125,-0.41015625,0,0
1779556826.383976,-0.361328125,-0.013671875,0.0078125,0.427734375,-0.064453125,-0.41015625,0,0
1779556826.392016,-0.361328125,-0.013671875,0.0078125,0.42578125,-0.06640625,-0.41015625,0,0
1779556826.399981,-0.361328125,-0.013671875,0.0078125,0.42578125,-0.06640625,-0.41015625,0,0
1779556826.407989,-0.361328125,-0.013671875,0.0078125,0.42578125,-0.064453125,-0.41015625,0,0
1779556826.415985,-0.361328125,-0.015625,0.0078125,0.42578125,-0.064453125,-0.41015625,0,0
1779556826.423972,-0.361328125,-0.015625,0.0078125,0.427734375,-0.06640625,-0.412109375,0,0
1779556826.431985,-0.361328125,-0.015625,0.0078125,0.427734375,-0.06640625,-0.412109375,0,0
1779556826.439998,-0.361328125,-0.015625,0.0078125,0.4296875,-0.06640625,-0.412109375,0,0
1779556826.448008,-0.359375,-0.015625,0.0078125,0.4296875,-0.06640625,-0.412109375,0,0
1779556826.455999,-0.359375,-0.015625,0.0078125,0.4296875,-0.06640625,-0.412109375,0,0
1779556826.463945,-0.357421875,-0.015625,0.0078125,0.4296875,-0.06640625,-0.412109375,0,0
1779556826.471940,-0.357421875,-0.015625,0.0078125,0.42578125,-0.06640625,-0.4140625,0,0
1779556826.479984,-0.35546875,-0.015625,0.0078125,0.42578125,-0.06640625,-0.4140625,0,0
1779556826.487994,-0.35546875,-0.015625,0.0078125,0.42578125,-0.064453125,-0.416015625,0,0
1779556826.495979,-0.353515625,-0.017578125,0.0078125,0.42578125,-0.064453125,-0.416015625,0,0
1779556826.503944,-0.353515625,-0.017578125,0.0078125,0.42578125,-0.0625,-0.41796875,0,0
1779556826.511972,-0.353515625,-0.017578125,0.0078125,0.42578125,-0.0625,-0.41796875,0,0
1779556826.519922,-0.353515625,-0.017578125,0.0078125,0.42578125,-0.0625,-0.41796875,0,0
1779556826.527962,-0.3515625,-0.017578125,0.0078125,0.42578125,-0.0625,-0.41796875,0,0
1779556826.535906,-0.3515625,-0.017578125,0.0078125,0.423828125,-0.0625,-0.41796875,0,0
1779556826.543956,-0.3515625,-0.017578125,0.0078125,0.423828125,-0.0625,-0.41796875,0,0
1779556826.551963,-0.3515625,-0.017578125,0.0078125,0.423828125,-0.0625,-0.41796875,0,0
1779556826.559982,-0.349609375,-0.017578125,0.0078125,0.423828125,-0.0625,-0.41796875,0,0
1779556826.567973,-0.349609375,-0.017578125,0.0078125,0.42578125,-0.060546875,-0.419921875,0,0
1779556826.575984,-0.349609375,-0.017578125,0.0078125,0.42578125,-0.060546875,-0.419921875,0,0
1779556826.584002,-0.349609375,-0.017578125,0.0078125,0.421875,-0.0625,-0.421875,0,0
1779556826.592023,-0.34765625,-0.01953125,0.0078125,0.421875,-0.0625,-0.421875,0,0
1779556826.600010,-0.34765625,-0.01953125,0.0078125,0.419921875,-0.064453125,-0.423828125,0,0
1779556826.607998,-0.34375,-0.01953125,0.0078125,0.419921875,-0.064453125,-0.423828125,0,0
1779556826.615998,-0.34375,-0.01953125,0.0078125,0.416015625,-0.060546875,-0.42578125,0,0
1779556826.623961,-0.34375,-0.01953125,0.0078125,0.416015625,-0.060546875,-0.42578125,0,0
1779556826.631984,-0.34375,-0.01953125,0.0078125,0.4140625,-0.0625,-0.427734375,0,0
1779556826.640007,-0.33984375,-0.021484375,0.0078125,0.4140625,-0.0625,-0.427734375,0,0
1779556826.647918,-0.33984375,-0.021484375,0.0078125,0.41015625,-0.060546875,-0.4296875,0,0
1779556826.655999,-0.337890625,-0.0234375,0.0078125,0.41015625,-0.060546875,-0.4296875,0,0
1779556826.664008,-0.337890625,-0.0234375,0.0078125,0.41015625,-0.060546875,-0.431640625,0,0
1779556826.671977,-0.3359375,-0.025390625,0.0078125,0.41015625,-0.060546875,-0.431640625,0,0
1779556826.679979,-0.3359375,-0.025390625,0.0078125,0.41015625,-0.060546875,-0.43359375,0,0
1779556826.687926,-0.3359375,-0.025390625,0.0078125,0.41015625,-0.060546875,-0.43359375,0,0
1779556826.695987,-0.3359375,-0.025390625,0.0078125,0.408203125,-0.060546875,-0.435546875,0,0
1779556826.703976,-0.3359375,-0.025390625,0.0078125,0.408203125,-0.060546875,-0.435546875,0,0
1779556826.712002,-0.3359375,-0.025390625,0.0078125,0.408203125,-0.060546875,-0.435546875,0,0
1779556826.719989,-0.333984375,-0.02734375,0.0078125,0.408203125,-0.060546875,-0.435546875,0,0
1779556826.728023,-0.333984375,-0.02734375,0.0078125,0.40625,-0.05859375,-0.435546875,0,0
1779556826.735990,-0.33203125,-0.02734375,0.0078125,0.40625,-0.05859375,-0.435546875,0,0
1779556826.743943,-0.33203125,-0.02734375,0.0078125,0.404296875,-0.056640625,-0.439453125,0,0
1779556826.751926,-0.330078125,-0.02734375,0.0078125,0.404296875,-0.056640625,-0.439453125,0,0
1779556826.759986,-0.330078125,-0.02734375,0.0078125,0.400390625,-0.056640625,-0.439453125,0,0
1779556826.767975,-0.330078125,-0.02734375,0.0078125,0.400390625,-0.056640625,-0.439453125,0,0
1779556826.775975,-0.330078125,-0.02734375,0.0078125,0.400390625,-0.05859375,-0.44140625,0,0
1779556826.783988,-0.330078125,-0.02734375,0.0078125,0.400390625,-0.05859375,-0.44140625,0,0
1779556826.791989,-0.330078125,-0.02734375,0.0078125,0.400390625,-0.05859375,-0.44140625,0,0
1779556826.799992,-0.330078125,-0.02734375,0.0078125,0.400390625,-0.05859375,-0.44140625,0,0
1779556826.807973,-0.330078125,-0.02734375,0.0078125,0.400390625,-0.05859375,-0.44140625,0,0
1779556826.815989,-0.326171875,-0.029296875,0.0078125,0.400390625,-0.05859375,-0.44140625,0,0
1779556826.823933,-0.326171875,-0.029296875,0.0078125,0.3984375,-0.0546875,-0.443359375,0,0
1779556826.831990,-0.326171875,-0.029296875,0.0078125,0.3984375,-0.0546875,-0.443359375,0,0
1779556826.839959,-0.326171875,-0.029296875,0.0078125,0.3984375,-0.056640625,-0.4453125,0,0
1779556826.847993,-0.326171875,-0.029296875,0.0078125,0.3984375,-0.056640625,-0.4453125,0,0
1779556826.855966,-0.326171875,-0.029296875,0.0078125,0.396484375,-0.056640625,-0.4453125,0,0
1779556826.863975,-0.326171875,-0.029296875,0.0078125,0.396484375,-0.056640625,-0.4453125,0,0
1779556826.871936,-0.326171875,-0.029296875,0.0078125,0.392578125,-0.056640625,-0.4453125,0,0
1779556826.879902,-0.326171875,-0.03125,0.0078125,0.392578125,-0.056640625,-0.4453125,0,0
1779556826.887955,-0.326171875,-0.03125,0.0078125,0.392578125,-0.056640625,-0.4453125,0,0
1779556826.896019,-0.326171875,-0.03125,0.0078125,0.392578125,-0.056640625,-0.4453125,0,0
1779556826.903928,-0.326171875,-0.03125,0.0078125,0.392578125,-0.05859375,-0.447265625,0,0
1779556826.911988,-0.326171875,-0.03125,0.0078125,0.392578125,-0.05859375,-0.447265625,0,0
1779556826.919992,-0.326171875,-0.03125,0.0078125,0.392578125,-0.056640625,-0.447265625,0,0
1779556826.928002,-0.326171875,-0.033203125,0.0078125,0.392578125,-0.056640625,-0.447265625,0,0
1779556826.935973,-0.326171875,-0.033203125,0.0078125,0.39453125,-0.056640625,-0.447265625,0,0
1779556826.944008,-0.32421875,-0.033203125,0.0078125,0.39453125,-0.056640625,-0.447265625,0,0
1779556826.951984,-0.32421875,-0.033203125,0.0078125,0.392578125,-0.056640625,-0.447265625,0,0
1779556826.960018,-0.322265625,-0.033203125,0.0078125,0.392578125,-0.056640625,-0.447265625,0,0
1779556826.967970,-0.322265625,-0.033203125,0.0078125,0.390625,-0.056640625,-0.44921875,0,0
1779556826.975945,-0.322265625,-0.033203125,0.0078125,0.390625,-0.056640625,-0.44921875,0,0
1779556826.983953,-0.322265625,-0.033203125,0.0078125,0.390625,-0.056640625,-0.44921875,0,0
1779556826.991957,-0.322265625,-0.033203125,0.0078125,0.390625,-0.056640625,-0.44921875,0,0
1779556826.999975,-0.322265625,-0.033203125,0.0078125,0.388671875,-0.056640625,-0.44921875,0,0
1779556827.007991,-0.3203125,-0.033203125,0.0078125,0.388671875,-0.056640625,-0.44921875,0,0
1779556827.015986,-0.3203125,-0.033203125,0.0078125,0.38671875,-0.056640625,-0.451171875,0,0
1779556827.023970,-0.318359375,-0.033203125,0.0078125,0.38671875,-0.056640625,-0.451171875,0,0
1779556827.031972,-0.318359375,-0.033203125,0.0078125,0.38671875,-0.056640625,-0.453125,0,0
1779556827.039938,-0.318359375,-0.03515625,0.0078125,0.38671875,-0.056640625,-0.453125,0,0
1779556827.048013,-0.318359375,-0.03515625,0.0078125,0.388671875,-0.056640625,-0.453125,0,0
1779556827.055974,-0.31640625,-0.03515625,0.0078125,0.388671875,-0.056640625,-0.453125,0,0
1779556827.063990,-0.31640625,-0.03515625,0.0078125,0.38671875,-0.052734375,-0.455078125,0,0
1779556827.071963,-0.314453125,-0.03515625,0.0078125,0.38671875,-0.052734375,-0.455078125,0,0
1779556827.079991,-0.314453125,-0.03515625,0.0078125,0.384765625,-0.0546875,-0.455078125,0,0
1779556827.087956,-0.3125,-0.03515625,0.0078125,0.384765625,-0.0546875,-0.455078125,0,0
1779556827.096004,-0.3125,-0.03515625,0.0078125,0.384765625,-0.0546875,-0.458984375,0,0
1779556827.104019,-0.30859375,-0.03515625,0.0078125,0.384765625,-0.0546875,-0.458984375,0,0
1779556827.111965,-0.30859375,-0.03515625,0.0078125,0.384765625,-0.0546875,-0.4609375,0,0
1779556827.119945,-0.30859375,-0.03515625,0.0078125,0.384765625,-0.0546875,-0.4609375,0,0
1779556827.128027,-0.30859375,-0.03515625,0.0078125,0.38671875,-0.052734375,-0.4609375,0,0
1779556827.135978,-0.30859375,-0.03515625,0.0078125,0.38671875,-0.052734375,-0.4609375,0,0
1779556827.143997,-0.30859375,-0.03515625,0.0078125,0.38671875,-0.052734375,-0.462890625,0,0
1779556827.151939,-0.306640625,-0.03515625,0.0078125,0.38671875,-0.052734375,-0.462890625,0,0
1779556827.160019,-0.306640625,-0.03515625,0.0078125,0.3828125,-0.052734375,-0.46484375,0,0
1779556827.167975,-0.302734375,-0.03515625,0.0078125,0.3828125,-0.052734375,-0.46484375,0,0
1779556827.175936,-0.302734375,-0.03515625,0.0078125,0.384765625,-0.05078125,-0.466796875,0,0
1779556827.183975,-0.30078125,-0.037109375,0.0078125,0.384765625,-0.05078125,-0.466796875,0,0
1779556827.191944,-0.30078125,-0.037109375,0.0078125,0.384765625,-0.05078125,-0.46875,0,0
1779556827.199953,-0.30078125,-0.037109375,0.0078125,0.384765625,-0.05078125,-0.46875,0,0
1779556827.207977,-0.30078125,-0.037109375,0.0078125,0.38671875,-0.05078125,-0.470703125,0,0
1779556827.215955,-0.294921875,-0.037109375,0.0078125,0.38671875,-0.05078125,-0.470703125,0,0
1779556827.223969,-0.294921875,-0.037109375,0.0078125,0.384765625,-0.05078125,-0.474609375,0,0
1779556827.231959,-0.29296875,-0.037109375,0.0078125,0.384765625,-0.05078125,-0.474609375,0,0
1779556827.239941,-0.29296875,-0.037109375,0.0078125,0.384765625,-0.048828125,-0.4765625,0,0
1779556827.247934,-0.2890625,-0.037109375,0.0078125,0.384765625,-0.048828125,-0.4765625,0,0
1779556827.255981,-0.2890625,-0.037109375,0.0078125,0.384765625,-0.048828125,-0.48046875,0,0
1779556827.263991,-0.28125,-0.037109375,0.0078125,0.384765625,-0.048828125,-0.48046875,0,0
1779556827.271967,-0.28125,-0.037109375,0.0078125,0.3828125,-0.048828125,-0.48828125,0,0
1779556827.280013,-0.271484375,-0.037109375,0.0078125,0.3828125,-0.048828125,-0.48828125,0,0
1779556827.287974,-0.271484375,-0.037109375,0.0078125,0.37890625,-0.048828125,-0.49609375,0,0
1779556827.295965,-0.26171875,-0.037109375,0.0078125,0.37890625,-0.048828125,-0.49609375,0,0
1779556827.303947,-0.26171875,-0.037109375,0.0078125,0.375,-0.048828125,-0.50390625,0,0
1779556827.311954,-0.25390625,-0.037109375,0.0,0.375,-0.048828125,-0.50390625,0,0
1779556827.319968,-0.25390625,-0.037109375,0.0,0.369140625,-0.05078125,-0.51171875,0,0
1779556827.327996,-0.24609375,-0.037109375,-0.005859375,0.369140625,-0.05078125,-0.51171875,0,0
1779556827.335941,-0.24609375,-0.037109375,-0.005859375,0.365234375,-0.05078125,-0.51953125,0,0
1779556827.343968,-0.236328125,-0.03515625,-0.013671875,0.365234375,-0.05078125,-0.51953125,0,0
1779556827.351976,-0.236328125,-0.03515625,-0.013671875,0.361328125,-0.05078125,-0.52734375,0,0
1779556827.360000,-0.228515625,-0.033203125,-0.015625,0.361328125,-0.05078125,-0.52734375,0,0
1779556827.368024,-0.228515625,-0.033203125,-0.015625,0.35546875,-0.048828125,-0.533203125,0,0
1779556827.376039,-0.216796875,-0.029296875,-0.01953125,0.35546875,-0.048828125,-0.533203125,0,0
1779556827.383960,-0.216796875,-0.029296875,-0.01953125,0.34765625,-0.048828125,-0.544921875,0,0
1779556827.391965,-0.203125,-0.02734375,-0.025390625,0.34765625,-0.048828125,-0.544921875,0,0
1779556827.399943,-0.203125,-0.02734375,-0.025390625,0.341796875,-0.046875,-0.5546875,0,0
1779556827.407939,-0.1953125,-0.025390625,-0.03125,0.341796875,-0.046875,-0.5546875,0,0
1779556827.415998,-0.1953125,-0.025390625,-0.03125,0.3359375,-0.046875,-0.5625,0,0
1779556827.423975,-0.189453125,-0.021484375,-0.03515625,0.3359375,-0.046875,-0.5625,0,0
1779556827.431993,-0.189453125,-0.021484375,-0.03515625,0.330078125,-0.046875,-0.568359375,0,0
1779556827.439981,-0.18359375,-0.021484375,-0.037109375,0.330078125,-0.046875,-0.568359375,0,0
1779556827.447980,-0.18359375,-0.021484375,-0.037109375,0.326171875,-0.044921875,-0.572265625,0,0
1779556827.455993,-0.1796875,-0.021484375,-0.041015625,0.326171875,-0.044921875,-0.572265625,0,0
1779556827.463959,-0.1796875,-0.021484375,-0.041015625,0.32421875,-0.044921875,-0.576171875,0,0
1779556827.471977,-0.173828125,-0.01953125,-0.044921875,0.32421875,-0.044921875,-0.576171875,0,0
1779556827.479954,-0.173828125,-0.01953125,-0.044921875,0.318359375,-0.044921875,-0.578125,0,0
1779556827.488000,-0.169921875,-0.01953125,-0.046875,0.318359375,-0.044921875,-0.578125,0,0
1779556827.495997,-0.169921875,-0.01953125,-0.046875,0.314453125,-0.044921875,-0.58203125,0,0
1779556827.503985,-0.166015625,-0.017578125,-0.05078125,0.314453125,-0.044921875,-0.58203125,0,0
1779556827.511991,-0.166015625,-0.017578125,-0.05078125,0.310546875,-0.041015625,-0.583984375,0,0
1779556827.520057,-0.1640625,-0.017578125,-0.052734375,0.310546875,-0.041015625,-0.583984375,0,0
1779556827.527999,-0.1640625,-0.017578125,-0.052734375,0.310546875,-0.041015625,-0.587890625,0,0
1779556827.535964,-0.16015625,-0.017578125,-0.052734375,0.310546875,-0.041015625,-0.587890625,0,0
1779556827.544007,-0.16015625,-0.017578125,-0.052734375,0.310546875,-0.0390625,-0.58984375,0,0
1779556827.551966,-0.158203125,-0.015625,-0.056640625,0.310546875,-0.0390625,-0.58984375,0,0
1779556827.559934,-0.158203125,-0.015625,-0.056640625,0.3046875,-0.0390625,-0.591796875,0,0
1779556827.567977,-0.154296875,-0.015625,-0.05859375,0.3046875,-0.0390625,-0.591796875,0,0
1779556827.576017,-0.154296875,-0.015625,-0.05859375,0.302734375,-0.037109375,-0.59375,0,0
1779556827.584022,-0.150390625,-0.015625,-0.0625,0.302734375,-0.037109375,-0.59375,0,0
1779556827.591998,-0.150390625,-0.015625,-0.0625,0.298828125,-0.037109375,-0.595703125,0,0
1779556827.600014,-0.146484375,-0.015625,-0.068359375,0.298828125,-0.037109375,-0.595703125,0,0
1779556827.608005,-0.146484375,-0.015625,-0.068359375,0.294921875,-0.03515625,-0.599609375,0,0
1779556827.616022,-0.14453125,-0.015625,-0.0703125,0.294921875,-0.03515625,-0.599609375,0,0
1779556827.623990,-0.14453125,-0.015625,-0.0703125,0.29296875,-0.03515625,-0.6015625,0,0
1779556827.632004,-0.142578125,-0.013671875,-0.072265625,0.29296875,-0.03515625,-0.6015625,0,0
1779556827.639958,-0.142578125,-0.013671875,-0.072265625,0.2890625,-0.033203125,-0.603515625,0,0
1779556827.648007,-0.142578125,-0.013671875,-0.072265625,0.2890625,-0.033203125,-0.603515625,0,0
1779556827.655986,-0.142578125,-0.013671875,-0.072265625,0.2890625,-0.033203125,-0.603515625,0,0
1779556827.664000,-0.140625,-0.015625,-0.07421875,0.2890625,-0.033203125,-0.603515625,0,0
1779556827.671993,-0.140625,-0.015625,-0.07421875,0.2890625,-0.03125,-0.60546875,0,0
1779556827.679950,-0.138671875,-0.015625,-0.07421875,0.2890625,-0.03125,-0.60546875,0,0
1779556827.687980,-0.138671875,-0.015625,-0.07421875,0.2890625,-0.03125,-0.60546875,0,0
1779556827.696022,-0.138671875,-0.015625,-0.076171875,0.2890625,-0.03125,-0.60546875,0,0
1779556827.703974,-0.138671875,-0.015625,-0.076171875,0.287109375,-0.03125,-0.60546875,0,0
1779556827.711946,-0.138671875,-0.015625,-0.076171875,0.287109375,-0.03125,-0.60546875,0,0
1779556827.719942,-0.138671875,-0.015625,-0.076171875,0.28515625,-0.03125,-0.607421875,0,0
1779556827.728000,-0.13671875,-0.015625,-0.078125,0.28515625,-0.03125,-0.607421875,0,0
1779556827.735988,-0.13671875,-0.015625,-0.078125,0.283203125,-0.033203125,-0.607421875,0,0
1779556827.743995,-0.134765625,-0.013671875,-0.080078125,0.283203125,-0.033203125,-0.607421875,0,0
1779556827.752011,-0.134765625,-0.013671875,-0.080078125,0.279296875,-0.033203125,-0.609375,0,0
1779556827.760045,-0.1328125,-0.013671875,-0.083984375,0.279296875,-0.033203125,-0.609375,0,0
1779556827.767943,-0.1328125,-0.013671875,-0.083984375,0.27734375,-0.03515625,-0.611328125,0,0
1779556827.776020,-0.130859375,-0.013671875,-0.0859375,0.27734375,-0.03515625,-0.611328125,0,0
1779556827.784000,-0.130859375,-0.013671875,-0.0859375,0.2734375,-0.03515625,-0.611328125,0,0
1779556827.791984,-0.130859375,-0.013671875,-0.0859375,0.2734375,-0.03515625,-0.611328125,0,0
1779556827.799941,-0.130859375,-0.013671875,-0.0859375,0.2734375,-0.03515625,-0.611328125,0,0
1779556827.808015,-0.130859375,-0.013671875,-0.087890625,0.2734375,-0.03515625,-0.611328125,0,0
1779556827.815976,-0.130859375,-0.013671875,-0.087890625,0.271484375,-0.033203125,-0.61328125,0,0
1779556827.824017,-0.130859375,-0.013671875,-0.087890625,0.271484375,-0.033203125,-0.61328125,0,0
1779556827.831954,-0.130859375,-0.013671875,-0.087890625,0.271484375,-0.033203125,-0.61328125,0,0
1779556827.839947,-0.12890625,-0.013671875,-0.087890625,0.271484375,-0.033203125,-0.61328125,0,0
1779556827.847948,-0.12890625,-0.013671875,-0.087890625,0.271484375,-0.033203125,-0.61328125,0,0
1779556827.855962,-0.126953125,-0.013671875,-0.091796875,0.271484375,-0.033203125,-0.61328125,0,0
1779556827.863989,-0.126953125,-0.013671875,-0.091796875,0.26953125,-0.033203125,-0.61328125,0,0
1779556827.872000,-0.126953125,-0.013671875,-0.09375,0.26953125,-0.033203125,-0.61328125,0,0
1779556827.879942,-0.126953125,-0.013671875,-0.09375,0.267578125,-0.033203125,-0.615234375,0,0
1779556827.887987,-0.126953125,-0.013671875,-0.09375,0.267578125,-0.033203125,-0.615234375,0,0
1779556827.895962,-0.126953125,-0.013671875,-0.09375,0.267578125,-0.033203125,-0.615234375,0,0
1779556827.903989,-0.126953125,-0.013671875,-0.095703125,0.267578125,-0.033203125,-0.615234375,0,0
1779556827.911983,-0.126953125,-0.013671875,-0.095703125,0.267578125,-0.033203125,-0.615234375,0,0
1779556827.919999,-0.126953125,-0.013671875,-0.095703125,0.267578125,-0.033203125,-0.615234375,0,0
1779556827.928010,-0.126953125,-0.013671875,-0.095703125,0.265625,-0.033203125,-0.615234375,0,0
1779556827.935987,-0.126953125,-0.013671875,-0.095703125,0.265625,-0.033203125,-0.615234375,0,0
1779556827.944056,-0.126953125,-0.013671875,-0.095703125,0.265625,-0.03125,-0.6171875,0,0
1779556827.951958,-0.126953125,-0.015625,-0.099609375,0.265625,-0.03125,-0.6171875,0,0
1779556827.959988,-0.126953125,-0.015625,-0.099609375,0.265625,-0.033203125,-0.6171875,0,0
1779556827.968005,-0.125,-0.015625,-0.099609375,0.265625,-0.033203125,-0.6171875,0,0
1779556827.975970,-0.125,-0.015625,-0.099609375,0.263671875,-0.033203125,-0.619140625,0,0
1779556827.983984,-0.123046875,-0.015625,-0.099609375,0.263671875,-0.033203125,-0.619140625,0,0
1779556827.991981,-0.123046875,-0.015625,-0.099609375,0.26171875,-0.03125,-0.619140625,0,0
1779556827.999982,-0.123046875,-0.015625,-0.1015625,0.26171875,-0.03125,-0.619140625,0,0
1779556828.007970,-0.123046875,-0.015625,-0.1015625,0.259765625,-0.033203125,-0.619140625,0,0
1779556828.015967,-0.123046875,-0.015625,-0.103515625,0.259765625,-0.033203125,-0.619140625,0,0
1779556828.024007,-0.123046875,-0.015625,-0.103515625,0.2578125,-0.03515625,-0.619140625,0,0
1779556828.031979,-0.12109375,-0.015625,-0.107421875,0.2578125,-0.03515625,-0.619140625,0,0
1779556828.039985,-0.12109375,-0.015625,-0.107421875,0.2578125,-0.033203125,-0.619140625,0,0
1779556828.048002,-0.12109375,-0.015625,-0.107421875,0.2578125,-0.033203125,-0.619140625,0,0
1779556828.055972,-0.12109375,-0.015625,-0.107421875,0.255859375,-0.033203125,-0.62109375,0,0
1779556828.063993,-0.12109375,-0.015625,-0.111328125,0.255859375,-0.033203125,-0.62109375,0,0
1779556828.072025,-0.12109375,-0.015625,-0.111328125,0.25390625,-0.033203125,-0.62109375,0,0
1779556828.080005,-0.119140625,-0.015625,-0.11328125,0.25390625,-0.033203125,-0.62109375,0,0
1779556828.087981,-0.119140625,-0.015625,-0.11328125,0.251953125,-0.03125,-0.623046875,0,0
1779556828.095985,-0.119140625,-0.015625,-0.11328125,0.251953125,-0.03125,-0.623046875,0,0
1779556828.103971,-0.119140625,-0.015625,-0.11328125,0.25,-0.033203125,-0.623046875,0,0
1779556828.111957,-0.119140625,-0.015625,-0.11328125,0.25,-0.033203125,-0.623046875,0,0
1779556828.119966,-0.119140625,-0.015625,-0.11328125,0.25,-0.03125,-0.623046875,0,0
1779556828.127952,-0.12109375,-0.017578125,-0.11328125,0.25,-0.03125,-0.623046875,0,0
1779556828.135934,-0.12109375,-0.017578125,-0.11328125,0.25,-0.029296875,-0.623046875,0,0
1779556828.143970,-0.12109375,-0.017578125,-0.11328125,0.25,-0.029296875,-0.623046875,0,0
1779556828.151943,-0.12109375,-0.017578125,-0.11328125,0.25,-0.02734375,-0.623046875,0,0
1779556828.159969,-0.12109375,-0.017578125,-0.11328125,0.25,-0.02734375,-0.623046875,0,0
1779556828.168014,-0.12109375,-0.017578125,-0.11328125,0.251953125,-0.0234375,-0.623046875,0,0
1779556828.176076,-0.123046875,-0.017578125,-0.11328125,0.251953125,-0.0234375,-0.623046875,0,0
1779556828.183999,-0.123046875,-0.017578125,-0.11328125,0.25,-0.01953125,-0.623046875,0,0
1779556828.192035,-0.125,-0.017578125,-0.115234375,0.25,-0.01953125,-0.623046875,0,0
1779556828.199965,-0.125,-0.017578125,-0.115234375,0.251953125,-0.017578125,-0.623046875,0,0
1779556828.208006,-0.126953125,-0.01953125,-0.11328125,0.251953125,-0.017578125,-0.623046875,0,0
1779556828.215984,-0.126953125,-0.01953125,-0.11328125,0.255859375,-0.01171875,-0.623046875,0,0
1779556828.223932,-0.12890625,-0.01953125,-0.11328125,0.255859375,-0.01171875,-0.623046875,0,0
1779556828.232002,-0.12890625,-0.01953125,-0.11328125,0.2578125,-0.0078125,-0.623046875,0,0
1779556828.239999,-0.130859375,-0.01953125,-0.111328125,0.2578125,-0.0078125,-0.623046875,0,0
1779556828.248037,-0.130859375,-0.01953125,-0.111328125,0.2578125,-0.005859375,-0.623046875,0,0
1779556828.255970,-0.130859375,-0.01953125,-0.111328125,0.2578125,-0.005859375,-0.623046875,0,0
1779556828.263986,-0.130859375,-0.01953125,-0.111328125,0.26171875,0.0,-0.62109375,0,0
1779556828.271942,-0.13671875,-0.01953125,-0.107421875,0.26171875,0.0,-0.62109375,0,0
1779556828.279968,-0.13671875,-0.01953125,-0.107421875,0.263671875,0.0,-0.62109375,0,0
1779556828.288018,-0.138671875,-0.021484375,-0.10546875,0.263671875,0.0,-0.62109375,0,0
1779556828.295961,-0.138671875,-0.021484375,-0.10546875,0.271484375,0.0,-0.619140625,0,0
1779556828.304018,-0.138671875,-0.021484375,-0.103515625,0.271484375,0.0,-0.619140625,0,0
1779556828.311986,-0.138671875,-0.021484375,-0.103515625,0.2734375,0.0,-0.619140625,0,0
1779556828.319968,-0.140625,-0.021484375,-0.1015625,0.2734375,0.0,-0.619140625,0,0
1779556828.328019,-0.140625,-0.021484375,-0.1015625,0.2734375,0.0,-0.6171875,0,0
1779556828.335974,-0.142578125,-0.021484375,-0.1015625,0.2734375,0.0,-0.6171875,0,0
1779556828.343995,-0.142578125,-0.021484375,-0.1015625,0.2734375,0.0,-0.6171875,0,0
1779556828.351920,-0.142578125,-0.021484375,-0.1015625,0.2734375,0.0,-0.6171875,0,0
1779556828.359968,-0.142578125,-0.021484375,-0.1015625,0.2734375,0.0,-0.6171875,0,0
1779556828.367963,-0.140625,-0.021484375,-0.103515625,0.2734375,0.0,-0.6171875,0,0
1779556828.375953,-0.140625,-0.021484375,-0.103515625,0.271484375,0.0,-0.6171875,0,0
1779556828.383969,-0.138671875,-0.021484375,-0.10546875,0.271484375,0.0,-0.6171875,0,0
1779556828.391951,-0.138671875,-0.021484375,-0.10546875,0.267578125,0.0,-0.6171875,0,0
1779556828.399934,-0.138671875,-0.021484375,-0.107421875,0.267578125,0.0,-0.6171875,0,0
1779556828.407927,-0.138671875,-0.021484375,-0.107421875,0.265625,0.0,-0.619140625,0,0
1779556828.415976,-0.138671875,-0.021484375,-0.109375,0.265625,0.0,-0.619140625,0,0
1779556828.423958,-0.138671875,-0.021484375,-0.109375,0.263671875,0.0,-0.619140625,0,0
1779556828.431965,-0.138671875,-0.021484375,-0.111328125,0.263671875,0.0,-0.619140625,0,0
1779556828.439941,-0.138671875,-0.021484375,-0.111328125,0.2578125,0.0,-0.619140625,0,0
1779556828.448008,-0.138671875,-0.021484375,-0.119140625,0.2578125,0.0,-0.619140625,0,0
1779556828.455968,-0.138671875,-0.021484375,-0.119140625,0.255859375,0.0,-0.619140625,0,0
1779556828.463969,-0.13671875,-0.0234375,-0.125,0.255859375,0.0,-0.619140625,0,0
1779556828.471977,-0.13671875,-0.0234375,-0.125,0.251953125,0.0,-0.62109375,0,0
1779556828.479997,-0.134765625,-0.0234375,-0.130859375,0.251953125,0.0,-0.62109375,0,0
1779556828.488055,-0.134765625,-0.0234375,-0.130859375,0.244140625,0.0,-0.623046875,0,0
1779556828.496020,-0.134765625,-0.025390625,-0.13671875,0.244140625,0.0,-0.623046875,0,0
1779556828.503954,-0.134765625,-0.025390625,-0.13671875,0.236328125,0.0,-0.625,0,0
1779556828.512025,-0.130859375,-0.025390625,-0.142578125,0.236328125,0.0,-0.625,0,0
1779556828.520005,-0.130859375,-0.025390625,-0.142578125,0.232421875,0.0,-0.626953125,0,0
1779556828.528021,-0.130859375,-0.02734375,-0.14453125,0.232421875,0.0,-0.626953125,0,0
1779556828.536005,-0.130859375,-0.02734375,-0.14453125,0.228515625,0.0,-0.62890625,0,0
1779556828.543963,-0.130859375,-0.02734375,-0.146484375,0.228515625,0.0,-0.62890625,0,0
1779556828.551970,-0.130859375,-0.02734375,-0.146484375,0.2265625,0.0,-0.62890625,0,0
1779556828.560008,-0.134765625,-0.0390625,-0.146484375,0.2265625,0.0,-0.62890625,0,0
1779556828.567987,-0.134765625,-0.0390625,-0.146484375,0.21484375,0.0,-0.62890625,0,0
1779556828.575957,-0.134765625,-0.04296875,-0.1484375,0.21484375,0.0,-0.62890625,0,0
1779556828.583933,-0.134765625,-0.04296875,-0.1484375,0.20703125,0.0,-0.62890625,0,0
1779556828.592008,-0.13671875,-0.044921875,-0.150390625,0.20703125,0.0,-0.62890625,0,0
1779556828.599953,-0.13671875,-0.044921875,-0.150390625,0.205078125,0.0,-0.62890625,0,0
1779556828.607964,-0.13671875,-0.048828125,-0.154296875,0.205078125,0.0,-0.62890625,0,0
1779556828.615994,-0.13671875,-0.048828125,-0.154296875,0.201171875,0.0,-0.62890625,0,0
1779556828.624030,-0.138671875,-0.048828125,-0.154296875,0.201171875,0.0,-0.62890625,0,0
1779556828.632001,-0.138671875,-0.048828125,-0.154296875,0.197265625,0.0,-0.62890625,0,0
1779556828.639966,-0.138671875,-0.05078125,-0.154296875,0.197265625,0.0,-0.62890625,0,0
1779556828.648024,-0.138671875,-0.05078125,-0.154296875,0.197265625,0.0,-0.630859375,0,0
1779556828.655993,-0.138671875,-0.05078125,-0.154296875,0.197265625,0.0,-0.630859375,0,0
1779556828.663997,-0.138671875,-0.05078125,-0.154296875,0.197265625,0.0,-0.630859375,0,0
1779556828.672003,-0.138671875,-0.05078125,-0.154296875,0.197265625,0.0,-0.630859375,0,0
1779556828.679969,-0.138671875,-0.05078125,-0.154296875,0.197265625,0.0,-0.630859375,0,0
1779556828.687951,-0.138671875,-0.05078125,-0.154296875,0.197265625,0.0,-0.630859375,0,0
1779556828.695974,-0.138671875,-0.05078125,-0.154296875,0.197265625,0.0,-0.630859375,0,0
1779556828.703906,-0.138671875,-0.05078125,-0.154296875,0.197265625,0.0,-0.630859375,0,0
1779556828.711974,-0.138671875,-0.05078125,-0.154296875,0.197265625,0.0,-0.630859375,0,0
1779556828.719989,-0.138671875,-0.05078125,-0.154296875,0.197265625,0.0,-0.630859375,0,0
1779556828.727934,-0.138671875,-0.05078125,-0.154296875,0.197265625,0.0,-0.630859375,0,0
1779556828.735914,-0.138671875,-0.05078125,-0.154296875,0.197265625,0.0,-0.630859375,0,0
1779556828.744000,-0.138671875,-0.05078125,-0.154296875,0.197265625,0.0,-0.630859375,0,0
1779556828.751942,-0.138671875,-0.05078125,-0.15234375,0.197265625,0.0,-0.630859375,0,0
1779556828.759952,-0.138671875,-0.05078125,-0.15234375,0.19921875,0.0,-0.630859375,0,0
1779556828.767985,-0.140625,-0.05078125,-0.150390625,0.19921875,0.0,-0.630859375,0,0
1779556828.775954,-0.140625,-0.05078125,-0.150390625,0.19921875,0.0,-0.630859375,0,0
1779556828.783982,-0.142578125,-0.05078125,-0.150390625,0.19921875,0.0,-0.630859375,0,0
1779556828.792015,-0.142578125,-0.05078125,-0.150390625,0.201171875,0.0,-0.630859375,0,0
1779556828.800041,-0.14453125,-0.052734375,-0.1484375,0.201171875,0.0,-0.630859375,0,0
1779556828.808004,-0.14453125,-0.052734375,-0.1484375,0.20703125,0.0,-0.630859375,0,0
1779556828.816014,-0.14453125,-0.052734375,-0.1484375,0.20703125,0.0,-0.630859375,0,0
1779556828.823956,-0.14453125,-0.052734375,-0.1484375,0.20703125,0.0,-0.630859375,0,0
1779556828.832025,-0.146484375,-0.052734375,-0.146484375,0.20703125,0.0,-0.630859375,0,0
1779556828.839915,-0.146484375,-0.052734375,-0.146484375,0.208984375,0.0,-0.62890625,0,0
1779556828.847981,-0.1484375,-0.052734375,-0.14453125,0.208984375,0.0,-0.62890625,0,0
1779556828.855957,-0.1484375,-0.052734375,-0.14453125,0.2109375,0.0,-0.62890625,0,0
1779556828.863980,-0.1484375,-0.052734375,-0.14453125,0.2109375,0.0,-0.62890625,0,0
1779556828.871974,-0.1484375,-0.052734375,-0.14453125,0.2109375,0.0,-0.62890625,0,0
1779556828.879984,-0.150390625,-0.052734375,-0.142578125,0.2109375,0.0,-0.62890625,0,0
1779556828.887979,-0.150390625,-0.052734375,-0.142578125,0.21484375,0.0,-0.626953125,0,0
1779556828.896003,-0.154296875,-0.0546875,-0.138671875,0.21484375,0.0,-0.626953125,0,0
1779556828.903965,-0.154296875,-0.0546875,-0.138671875,0.220703125,0.0,-0.625,0,0
1779556828.912015,-0.158203125,-0.0546875,-0.13671875,0.220703125,0.0,-0.625,0,0
1779556828.919968,-0.158203125,-0.0546875,-0.13671875,0.220703125,0.0,-0.623046875,0,0
1779556828.927963,-0.16015625,-0.0546875,-0.1328125,0.220703125,0.0,-0.623046875,0,0
1779556828.935967,-0.16015625,-0.0546875,-0.1328125,0.224609375,0.0,-0.623046875,0,0
1779556828.944021,-0.16015625,-0.0546875,-0.1328125,0.224609375,0.0,-0.623046875,0,0
1779556828.952000,-0.16015625,-0.0546875,-0.1328125,0.224609375,0.0,-0.623046875,0,0
1779556828.960051,-0.16015625,-0.0546875,-0.130859375,0.224609375,0.0,-0.623046875,0,0
1779556828.968020,-0.16015625,-0.0546875,-0.130859375,0.228515625,0.0,-0.62109375,0,0
1779556828.976015,-0.1640625,-0.05859375,-0.126953125,0.228515625,0.0,-0.62109375,0,0
1779556828.983959,-0.1640625,-0.05859375,-0.126953125,0.236328125,0.0,-0.6171875,0,0
1779556828.991997,-0.169921875,-0.060546875,-0.11328125,0.236328125,0.0,-0.6171875,0,0
1779556828.999995,-0.169921875,-0.060546875,-0.11328125,0.248046875,0.0,-0.609375,0,0
1779556829.008025,-0.181640625,-0.0625,-0.095703125,0.248046875,0.0,-0.609375,0,0
1779556829.015996,-0.181640625,-0.0625,-0.095703125,0.267578125,0.0,-0.59765625,0,0
1779556829.023982,-0.19921875,-0.064453125,-0.068359375,0.267578125,0.0,-0.59765625,0,0
1779556829.031984,-0.19921875,-0.064453125,-0.068359375,0.291015625,0.0,-0.583984375,0,0
1779556829.039952,-0.205078125,-0.056640625,-0.0390625,0.291015625,0.0,-0.583984375,0,0
1779556829.047997,-0.205078125,-0.056640625,-0.0390625,0.318359375,0.0,-0.576171875,0,0
1779556829.055975,-0.205078125,-0.046875,-0.01953125,0.318359375,0.0,-0.576171875,0,0
1779556829.063992,-0.205078125,-0.046875,-0.01953125,0.3359375,0.0,-0.5703125,0,0
1779556829.071978,-0.205078125,-0.04296875,-0.01171875,0.3359375,0.0,-0.5703125,0,0
1779556829.079947,-0.205078125,-0.04296875,-0.01171875,0.34375,0.0,-0.568359375,0,0
1779556829.087941,-0.205078125,-0.0390625,-0.01171875,0.34375,0.0,-0.568359375,0,0
1779556829.095978,-0.205078125,-0.0390625,-0.01171875,0.35546875,0.0,-0.564453125,0,0
1779556829.103980,-0.205078125,-0.03125,-0.01171875,0.35546875,0.0,-0.564453125,0,0
1779556829.111963,-0.205078125,-0.03125,-0.01171875,0.37109375,0.0,-0.560546875,0,0
1779556829.119947,-0.208984375,-0.025390625,-0.01171875,0.37109375,0.0,-0.560546875,0,0
1779556829.128004,-0.208984375,-0.025390625,-0.01171875,0.388671875,0.0,-0.5546875,0,0
1779556829.135947,-0.208984375,-0.017578125,-0.01171875,0.388671875,0.0,-0.5546875,0,0
1779556829.143966,-0.208984375,-0.017578125,-0.01171875,0.412109375,0.0,-0.544921875,0,0
1779556829.152009,-0.208984375,-0.005859375,-0.01171875,0.412109375,0.0,-0.544921875,0,0
1779556829.160003,-0.208984375,-0.005859375,-0.01171875,0.427734375,0.0,-0.5390625,0,0
1779556829.168021,-0.2109375,-0.005859375,-0.01171875,0.427734375,0.0,-0.5390625,0,0
1779556829.175966,-0.2109375,-0.005859375,-0.01171875,0.44921875,0.0,-0.529296875,0,0
1779556829.183964,-0.212890625,-0.005859375,-0.01171875,0.44921875,0.0,-0.529296875,0,0
1779556829.191986,-0.212890625,-0.005859375,-0.01171875,0.46875,0.0,-0.5234375,0,0
1779556829.200050,-0.212890625,-0.005859375,-0.01171875,0.46875,0.0,-0.5234375,0,0
1779556829.207911,-0.212890625,-0.005859375,-0.01171875,0.47265625,0.0,-0.51953125,0,0
1779556829.215941,-0.212890625,-0.005859375,-0.01171875,0.47265625,0.0,-0.51953125,0,0
1779556829.223918,-0.212890625,-0.005859375,-0.01171875,0.484375,0.0,-0.515625,0,0
1779556829.231972,-0.212890625,-0.005859375,-0.01171875,0.484375,0.0,-0.515625,0,0
1779556829.239919,-0.212890625,-0.005859375,-0.01171875,0.494140625,0.0,-0.509765625,0,0
1779556829.247981,-0.212890625,-0.005859375,0.0078125,0.494140625,0.0,-0.509765625,0,0
1779556829.256045,-0.212890625,-0.005859375,0.0078125,0.501953125,0.0,-0.50390625,0,0
1779556829.263982,-0.21484375,-0.005859375,0.017578125,0.501953125,0.0,-0.50390625,0,0
1779556829.271971,-0.21484375,-0.005859375,0.017578125,0.51171875,0.0,-0.498046875,0,0
1779556829.280022,-0.21484375,-0.005859375,0.0234375,0.51171875,0.0,-0.498046875,0,0
1779556829.288077,-0.21484375,-0.005859375,0.0234375,0.517578125,0.0,-0.494140625,0,0
1779556829.295924,-0.216796875,-0.005859375,0.029296875,0.517578125,0.0,-0.494140625,0,0
1779556829.304001,-0.216796875,-0.005859375,0.029296875,0.5234375,0.0,-0.490234375,0,0
1779556829.311984,-0.21484375,-0.005859375,0.033203125,0.5234375,0.0,-0.490234375,0,0
1779556829.320012,-0.21484375,-0.005859375,0.033203125,0.525390625,0.0,-0.484375,0,0
1779556829.327977,-0.212890625,-0.005859375,0.037109375,0.525390625,0.0,-0.484375,0,0
1779556829.335935,-0.212890625,-0.005859375,0.037109375,0.533203125,0.0,-0.48046875,0,0
1779556829.343942,-0.20703125,-0.005859375,0.041015625,0.533203125,0.0,-0.48046875,0,0
1779556829.351979,-0.20703125,-0.005859375,0.041015625,0.541015625,0.0,-0.4765625,0,0
1779556829.359939,-0.205078125,-0.005859375,0.04296875,0.541015625,0.0,-0.4765625,0,0
1779556829.368009,-0.205078125,-0.005859375,0.04296875,0.544921875,0.0,-0.470703125,0,0
1779556829.375975,-0.205078125,-0.005859375,0.04296875,0.544921875,0.0,-0.470703125,0,0
1779556829.383980,-0.205078125,-0.005859375,0.04296875,0.55078125,0.0,-0.46484375,0,0
1779556829.391993,-0.203125,-0.005859375,0.046875,0.55078125,0.0,-0.46484375,0,0
1779556829.399988,-0.203125,-0.005859375,0.046875,0.556640625,0.0,-0.458984375,0,0
1779556829.408009,-0.20703125,-0.005859375,0.048828125,0.556640625,0.0,-0.458984375,0,0
1779556829.415980,-0.20703125,-0.005859375,0.048828125,0.560546875,0.0,-0.455078125,0,0
1779556829.423971,-0.212890625,-0.005859375,0.05078125,0.560546875,0.0,-0.455078125,0,0
1779556829.431969,-0.212890625,-0.005859375,0.05078125,0.5625,0.0,-0.451171875,0,0
1779556829.439990,-0.216796875,-0.005859375,0.05078125,0.5625,0.0,-0.451171875,0,0
1779556829.448083,-0.216796875,-0.005859375,0.05078125,0.572265625,0.0,-0.443359375,0,0
1779556829.456002,-0.220703125,-0.005859375,0.048828125,0.572265625,0.0,-0.443359375,0,0
1779556829.463957,-0.220703125,-0.005859375,0.048828125,0.578125,0.0,-0.435546875,0,0
1779556829.471943,-0.22265625,-0.005859375,0.05078125,0.578125,0.0,-0.435546875,0,0
1779556829.479946,-0.22265625,-0.005859375,0.05078125,0.583984375,0.0,-0.4296875,0,0
1779556829.487998,-0.224609375,-0.005859375,0.05078125,0.583984375,0.0,-0.4296875,0,0
1779556829.496030,-0.224609375,-0.005859375,0.05078125,0.587890625,0.0,-0.427734375,0,0
1779556829.503985,-0.228515625,-0.005859375,0.05078125,0.587890625,0.0,-0.427734375,0,0
1779556829.511979,-0.228515625,-0.005859375,0.05078125,0.583984375,0.0,-0.427734375,0,0
1779556829.519967,-0.23046875,-0.005859375,0.05078125,0.583984375,0.0,-0.427734375,0,0
1779556829.527955,-0.23046875,-0.005859375,0.05078125,0.583984375,0.0,-0.42578125,0,0
1779556829.535976,-0.232421875,-0.005859375,0.05078125,0.583984375,0.0,-0.42578125,0,0
1779556829.543977,-0.232421875,-0.005859375,0.05078125,0.583984375,0.0,-0.42578125,0,0
1779556829.551963,-0.232421875,-0.005859375,0.048828125,0.583984375,0.0,-0.42578125,0,0
1779556829.559917,-0.232421875,-0.005859375,0.048828125,0.583984375,0.0,-0.423828125,0,0
1779556829.568017,-0.232421875,-0.005859375,0.046875,0.583984375,0.0,-0.423828125,0,0
1779556829.575966,-0.232421875,-0.005859375,0.046875,0.578125,0.0,-0.423828125,0,0
1779556829.583964,-0.232421875,-0.005859375,0.046875,0.578125,0.0,-0.423828125,0,0
1779556829.591997,-0.232421875,-0.005859375,0.046875,0.576171875,0.0,-0.42578125,0,0
1779556829.599963,-0.224609375,-0.005859375,0.04296875,0.576171875,0.0,-0.42578125,0,0
1779556829.607960,-0.224609375,-0.005859375,0.04296875,0.572265625,0.0,-0.4296875,0,0
1779556829.616011,-0.224609375,-0.005859375,0.04296875,0.572265625,0.0,-0.4296875,0,0
1779556829.623995,-0.224609375,-0.005859375,0.04296875,0.56640625,0.0,-0.431640625,0,0
1779556829.632000,-0.220703125,-0.005859375,0.04296875,0.56640625,0.0,-0.431640625,0,0
1779556829.639987,-0.220703125,-0.005859375,0.04296875,0.5625,0.0,-0.43359375,0,0
1779556829.648025,-0.21875,-0.005859375,0.0390625,0.5625,0.0,-0.43359375,0,0
1779556829.655957,-0.21875,-0.005859375,0.0390625,0.556640625,0.0,-0.4375,0,0
1779556829.664024,-0.216796875,-0.005859375,0.037109375,0.556640625,0.0,-0.4375,0,0
1779556829.672004,-0.216796875,-0.005859375,0.037109375,0.55078125,0.0,-0.439453125,0,0
1779556829.679932,-0.21484375,-0.005859375,0.037109375,0.55078125,0.0,-0.439453125,0,0
1779556829.688020,-0.21484375,-0.005859375,0.037109375,0.546875,0.0,-0.44140625,0,0
1779556829.695992,-0.212890625,-0.005859375,0.037109375,0.546875,0.0,-0.44140625,0,0
1779556829.703993,-0.212890625,-0.005859375,0.037109375,0.54296875,0.0,-0.443359375,0,0
1779556829.712000,-0.212890625,-0.005859375,0.037109375,0.54296875,0.0,-0.443359375,0,0
1779556829.720026,-0.212890625,-0.005859375,0.037109375,0.54296875,0.0,-0.443359375,0,0
1779556829.727985,-0.212890625,-0.005859375,0.037109375,0.54296875,0.0,-0.443359375,0,0
1779556829.735923,-0.212890625,-0.005859375,0.037109375,0.54296875,0.0,-0.4453125,0,0
1779556829.743978,-0.212890625,-0.005859375,0.037109375,0.54296875,0.0,-0.4453125,0,0
1779556829.751910,-0.212890625,-0.005859375,0.037109375,0.541015625,0.0,-0.4453125,0,0
1779556829.759951,-0.2109375,-0.005859375,0.037109375,0.541015625,0.0,-0.4453125,0,0
1779556829.767969,-0.2109375,-0.005859375,0.037109375,0.541015625,0.0,-0.4453125,0,0
1779556829.775954,-0.208984375,-0.005859375,0.033203125,0.541015625,0.0,-0.4453125,0,0
1779556829.783977,-0.208984375,-0.005859375,0.033203125,0.53515625,0.0,-0.44921875,0,0
1779556829.792008,-0.20703125,-0.005859375,0.029296875,0.53515625,0.0,-0.44921875,0,0
1779556829.800006,-0.20703125,-0.005859375,0.029296875,0.52734375,0.0,-0.451171875,0,0
1779556829.807991,-0.203125,-0.005859375,0.029296875,0.52734375,0.0,-0.451171875,0,0
1779556829.816024,-0.203125,-0.005859375,0.029296875,0.525390625,0.0,-0.453125,0,0
1779556829.823986,-0.203125,-0.005859375,0.025390625,0.525390625,0.0,-0.453125,0,0
1779556829.832021,-0.203125,-0.005859375,0.025390625,0.525390625,0.0,-0.453125,0,0
1779556829.840002,-0.201171875,-0.005859375,0.025390625,0.525390625,0.0,-0.453125,0,0
1779556829.848047,-0.201171875,-0.005859375,0.025390625,0.525390625,0.0,-0.455078125,0,0
1779556829.856009,-0.201171875,-0.005859375,0.025390625,0.525390625,0.0,-0.455078125,0,0
1779556829.864016,-0.201171875,-0.005859375,0.025390625,0.521484375,0.0,-0.45703125,0,0
1779556829.872000,-0.19921875,-0.005859375,0.0234375,0.521484375,0.0,-0.45703125,0,0
1779556829.879954,-0.19921875,-0.005859375,0.0234375,0.51953125,0.0,-0.45703125,0,0
1779556829.887964,-0.197265625,-0.005859375,0.021484375,0.51953125,0.0,-0.45703125,0,0
1779556829.895977,-0.197265625,-0.005859375,0.021484375,0.513671875,0.0,-0.4609375,0,0
1779556829.903974,-0.1953125,-0.005859375,0.017578125,0.513671875,0.0,-0.4609375,0,0
1779556829.912020,-0.1953125,-0.005859375,0.017578125,0.5078125,0.0,-0.462890625,0,0
1779556829.920064,-0.1953125,-0.005859375,0.015625,0.5078125,0.0,-0.462890625,0,0
1779556829.928016,-0.1953125,-0.005859375,0.015625,0.50390625,0.0,-0.46484375,0,0
1779556829.935981,-0.193359375,-0.005859375,0.013671875,0.50390625,0.0,-0.46484375,0,0
1779556829.944090,-0.193359375,-0.005859375,0.013671875,0.501953125,0.0,-0.466796875,0,0
1779556829.951998,-0.189453125,-0.005859375,0.009765625,0.501953125,0.0,-0.466796875,0,0
1779556829.959974,-0.189453125,-0.005859375,0.009765625,0.49609375,0.0,-0.46875,0,0
1779556829.967968,-0.189453125,-0.005859375,0.009765625,0.49609375,0.0,-0.46875,0,0
1779556829.975992,-0.189453125,-0.005859375,0.009765625,0.49609375,0.0,-0.46875,0,0
1779556829.984013,-0.1875,-0.005859375,0.005859375,0.49609375,0.0,-0.46875,0,0
1779556829.991991,-0.1875,-0.005859375,0.005859375,0.494140625,0.0,-0.470703125,0,0
1779556830.000018,-0.1875,-0.005859375,0.005859375,0.494140625,0.0,-0.470703125,0,0
1779556830.008005,-0.1875,-0.005859375,0.005859375,0.494140625,0.0,-0.470703125,0,0
1779556830.016023,-0.1875,-0.005859375,0.0078125,0.494140625,0.0,-0.470703125,0,0
1779556830.024000,-0.1875,-0.005859375,0.0078125,0.4921875,0.0,-0.470703125,0,0
1779556830.031971,-0.1875,-0.005859375,0.0078125,0.4921875,0.0,-0.470703125,0,0
1779556830.039917,-0.1875,-0.005859375,0.0078125,0.4921875,0.0,-0.470703125,0,0
1779556830.048002,-0.1875,-0.005859375,0.0078125,0.4921875,0.0,-0.470703125,0,0
1779556830.055982,-0.1875,-0.005859375,0.0078125,0.4921875,0.0,-0.470703125,0,0
1779556830.064043,-0.1875,-0.005859375,0.0078125,0.4921875,0.0,-0.470703125,0,0
1779556830.071971,-0.1875,-0.005859375,0.0078125,0.4921875,0.0,-0.470703125,0,0
1779556830.079977,-0.1875,-0.005859375,0.0078125,0.4921875,0.0,-0.470703125,0,0
1779556830.087956,-0.1875,-0.005859375,0.0078125,0.4921875,0.0,-0.470703125,0,0
1779556830.095999,-0.185546875,-0.005859375,0.005859375,0.4921875,0.0,-0.470703125,0,0
1779556830.103985,-0.185546875,-0.005859375,0.005859375,0.4921875,0.0,-0.470703125,0,0
1779556830.112043,-0.185546875,-0.005859375,0.005859375,0.4921875,0.0,-0.470703125,0,0
1779556830.119988,-0.185546875,-0.005859375,0.005859375,0.4921875,0.0,-0.47265625,0,0
1779556830.128029,-0.185546875,-0.005859375,0.005859375,0.4921875,0.0,-0.47265625,0,0
1779556830.135943,-0.185546875,-0.005859375,0.005859375,0.4921875,0.0,-0.47265625,0,0
1779556830.143988,-0.185546875,-0.005859375,0.005859375,0.4921875,0.0,-0.47265625,0,0
1779556830.151961,-0.185546875,-0.005859375,0.005859375,0.490234375,0.0,-0.47265625,0,0
1779556830.159942,-0.185546875,-0.005859375,0.005859375,0.490234375,0.0,-0.47265625,0,0
1779556830.167987,-0.185546875,-0.005859375,0.005859375,0.490234375,0.0,-0.47265625,0,0
1779556830.175979,-0.185546875,-0.005859375,0.005859375,0.490234375,0.0,-0.47265625,0,0
1779556830.183991,-0.185546875,-0.005859375,0.005859375,0.490234375,0.0,-0.47265625,0,0
1779556830.191995,-0.185546875,-0.005859375,0.00390625,0.490234375,0.0,-0.47265625,0,0
1779556830.199994,-0.185546875,-0.005859375,0.00390625,0.490234375,0.0,-0.474609375,0,0
1779556830.207991,-0.18359375,-0.005859375,0.00390625,0.490234375,0.0,-0.474609375,0,0
1779556830.215996,-0.18359375,-0.005859375,0.00390625,0.490234375,0.0,-0.474609375,0,0
1779556830.223985,-0.18359375,-0.005859375,0.00390625,0.490234375,0.0,-0.474609375,0,0
1779556830.231984,-0.18359375,-0.005859375,0.00390625,0.490234375,0.0,-0.474609375,0,0
1779556830.239970,-0.18359375,-0.005859375,0.00390625,0.490234375,0.0,-0.474609375,0,0
1779556830.247982,-0.18359375,-0.005859375,0.00390625,0.490234375,0.0,-0.474609375,0,0
1779556830.256010,-0.18359375,-0.005859375,0.0,0.490234375,0.0,-0.474609375,0,0
1779556830.263995,-0.18359375,-0.005859375,0.0,0.48828125,0.0,-0.474609375,0,0
1779556830.271986,-0.1796875,-0.005859375,0.0,0.48828125,0.0,-0.474609375,0,0
1779556830.279990,-0.1796875,-0.005859375,0.0,0.482421875,0.0,-0.4765625,0,0
1779556830.287975,-0.1796875,-0.005859375,0.0,0.482421875,0.0,-0.4765625,0,0
1779556830.295976,-0.1796875,-0.005859375,0.0,0.482421875,0.0,-0.478515625,0,0
1779556830.303981,-0.1796875,-0.005859375,0.0,0.482421875,0.0,-0.478515625,0,0
1779556830.311942,-0.1796875,-0.005859375,0.0,0.48046875,0.0,-0.48046875,0,0
1779556830.319973,-0.1796875,-0.005859375,0.0,0.48046875,0.0,-0.48046875,0,0
1779556830.328017,-0.1796875,-0.005859375,0.0,0.478515625,0.0,-0.48046875,0,0
1779556830.336006,-0.177734375,-0.005859375,0.0,0.478515625,0.0,-0.48046875,0,0
1779556830.343998,-0.177734375,-0.005859375,0.0,0.478515625,0.0,-0.48046875,0,0
1779556830.352012,-0.177734375,-0.005859375,0.0,0.478515625,0.0,-0.48046875,0,0
1779556830.359959,-0.177734375,-0.005859375,0.0,0.478515625,0.0,-0.482421875,0,0
1779556830.368041,-0.17578125,-0.005859375,0.0,0.478515625,0.0,-0.482421875,0,0
1779556830.375988,-0.17578125,-0.005859375,0.0,0.474609375,0.0,-0.482421875,0,0
1779556830.383990,-0.17578125,-0.005859375,0.0,0.474609375,0.0,-0.482421875,0,0
1779556830.392007,-0.17578125,-0.005859375,0.0,0.474609375,0.0,-0.484375,0,0
1779556830.400004,-0.177734375,-0.005859375,0.0,0.474609375,0.0,-0.484375,0,0
1779556830.407964,-0.177734375,-0.005859375,0.0,0.470703125,-0.00390625,-0.486328125,0,0
1779556830.415957,-0.177734375,-0.005859375,0.0,0.470703125,-0.00390625,-0.486328125,0,0
1779556830.423982,-0.177734375,-0.005859375,0.0,0.466796875,-0.005859375,-0.48828125,0,0
1779556830.431989,-0.177734375,-0.005859375,0.0,0.466796875,-0.005859375,-0.48828125,0,0
1779556830.439947,-0.177734375,-0.005859375,0.0,0.466796875,-0.005859375,-0.48828125,0,0
1779556830.448002,-0.177734375,-0.005859375,0.0,0.466796875,-0.005859375,-0.48828125,0,0
1779556830.455929,-0.177734375,-0.005859375,0.0,0.466796875,-0.005859375,-0.48828125,0,0
1779556830.464050,-0.177734375,-0.005859375,0.0,0.466796875,-0.005859375,-0.48828125,0,0
1779556830.471992,-0.177734375,-0.005859375,0.0,0.466796875,-0.005859375,-0.48828125,0,0
1779556830.479949,-0.177734375,-0.005859375,0.0,0.466796875,-0.005859375,-0.48828125,0,0
1779556830.487977,-0.177734375,-0.005859375,0.0,0.466796875,-0.005859375,-0.490234375,0,0
1779556830.496015,-0.17578125,-0.005859375,0.0,0.466796875,-0.005859375,-0.490234375,0,0
1779556830.503985,-0.17578125,-0.005859375,0.0,0.46484375,-0.005859375,-0.490234375,0,0
1779556830.512068,-0.17578125,-0.005859375,0.0,0.46484375,-0.005859375,-0.490234375,0,0
1779556830.519976,-0.17578125,-0.005859375,0.0,0.46484375,-0.005859375,-0.4921875,0,0
1779556830.527974,-0.173828125,-0.005859375,0.0,0.46484375,-0.005859375,-0.4921875,0,0
1779556830.536016,-0.173828125,-0.005859375,0.0,0.462890625,-0.005859375,-0.494140625,0,0
1779556830.543970,-0.171875,-0.005859375,0.0,0.462890625,-0.005859375,-0.494140625,0,0
1779556830.552000,-0.171875,-0.005859375,0.0,0.4609375,-0.005859375,-0.494140625,0,0
1779556830.560014,-0.171875,-0.005859375,0.0,0.4609375,-0.005859375,-0.494140625,0,0
1779556830.567974,-0.171875,-0.005859375,0.0,0.45703125,-0.005859375,-0.49609375,0,0
1779556830.575963,-0.169921875,-0.005859375,0.0,0.45703125,-0.005859375,-0.49609375,0,0
1779556830.583982,-0.169921875,-0.005859375,0.0,0.455078125,-0.005859375,-0.498046875,0,0
1779556830.591973,-0.166015625,-0.005859375,0.0,0.455078125,-0.005859375,-0.498046875,0,0
1779556830.599996,-0.166015625,-0.005859375,0.0,0.455078125,-0.005859375,-0.498046875,0,0
1779556830.607989,-0.166015625,-0.005859375,0.0,0.455078125,-0.005859375,-0.498046875,0,0
1779556830.616011,-0.166015625,-0.005859375,0.0,0.453125,-0.005859375,-0.5,0,0
1779556830.623993,-0.162109375,-0.005859375,0.0,0.453125,-0.005859375,-0.5,0,0
1779556830.632000,-0.162109375,-0.005859375,0.0,0.451171875,-0.005859375,-0.501953125,0,0
1779556830.639982,-0.16015625,-0.005859375,0.0,0.451171875,-0.005859375,-0.501953125,0,0
1779556830.647980,-0.16015625,-0.005859375,0.0,0.451171875,-0.005859375,-0.50390625,0,0
1779556830.655963,-0.158203125,-0.005859375,0.0,0.451171875,-0.005859375,-0.50390625,0,0
1779556830.663940,-0.158203125,-0.005859375,0.0,0.44921875,-0.005859375,-0.505859375,0,0
1779556830.671948,-0.158203125,-0.005859375,0.0,0.44921875,-0.005859375,-0.505859375,0,0
1779556830.679993,-0.158203125,-0.005859375,0.0,0.447265625,-0.005859375,-0.505859375,0,0
1779556830.687947,-0.158203125,-0.005859375,0.0,0.447265625,-0.005859375,-0.505859375,0,0
1779556830.696037,-0.158203125,-0.005859375,0.0,0.4453125,-0.005859375,-0.505859375,0,0
1779556830.703992,-0.158203125,-0.005859375,0.0,0.4453125,-0.005859375,-0.505859375,0,0
1779556830.712027,-0.158203125,-0.005859375,0.0,0.4453125,-0.005859375,-0.505859375,0,0
1779556830.719980,-0.158203125,-0.005859375,0.0,0.4453125,-0.005859375,-0.505859375,0,0
1779556830.727988,-0.158203125,-0.005859375,0.0,0.4453125,-0.005859375,-0.505859375,0,0
1779556830.735971,-0.15625,-0.005859375,0.0,0.4453125,-0.005859375,-0.505859375,0,0
1779556830.743968,-0.15625,-0.005859375,0.0,0.4453125,-0.00390625,-0.5078125,0,0
1779556830.751917,-0.154296875,-0.005859375,0.0,0.4453125,-0.00390625,-0.5078125,0,0
1779556830.759957,-0.154296875,-0.005859375,0.0,0.4453125,0.0,-0.5078125,0,0
1779556830.767978,-0.154296875,-0.005859375,0.0,0.4453125,0.0,-0.5078125,0,0
1779556830.775944,-0.154296875,-0.005859375,0.0,0.447265625,0.0,-0.5078125,0,0
1779556830.783975,-0.154296875,-0.005859375,0.0,0.447265625,0.0,-0.5078125,0,0
1779556830.791944,-0.154296875,-0.005859375,0.0,0.451171875,0.0,-0.5078125,0,0
1779556830.799958,-0.15234375,-0.005859375,0.0,0.451171875,0.0,-0.5078125,0,0
1779556830.807967,-0.15234375,-0.005859375,0.0,0.451171875,0.0,-0.5078125,0,0
1779556830.815962,-0.15234375,-0.005859375,0.0,0.451171875,0.0,-0.5078125,0,0
1779556830.823944,-0.15234375,-0.005859375,0.0,0.451171875,0.0,-0.5078125,0,0
1779556830.831986,-0.15234375,-0.005859375,0.0,0.451171875,0.0,-0.5078125,0,0
1779556830.840003,-0.15234375,-0.005859375,0.0,0.44921875,0.0,-0.5078125,0,0
1779556830.847979,-0.15234375,-0.005859375,0.0,0.44921875,0.0,-0.5078125,0,0
1779556830.856009,-0.15234375,-0.005859375,0.0,0.447265625,0.0,-0.5078125,0,0
1779556830.864003,-0.15234375,-0.005859375,0.0,0.447265625,0.0,-0.5078125,0,0
1779556830.871952,-0.15234375,-0.005859375,0.0,0.447265625,0.0,-0.5078125,0,0
1779556830.879982,-0.15234375,-0.005859375,0.0,0.447265625,0.0,-0.5078125,0,0
1779556830.887966,-0.15234375,-0.005859375,0.0,0.447265625,0.0,-0.5078125,0,0
1779556830.896001,-0.15234375,-0.005859375,0.0,0.447265625,0.0,-0.5078125,0,0
1779556830.903953,-0.15234375,-0.005859375,0.0,0.447265625,0.0,-0.5078125,0,0
1779556830.911988,-0.150390625,-0.005859375,0.0,0.447265625,0.0,-0.5078125,0,0
1779556830.919992,-0.150390625,-0.005859375,0.0,0.44921875,0.0,-0.5078125,0,0
1779556830.927987,-0.150390625,-0.005859375,0.0,0.44921875,0.0,-0.5078125,0,0
1779556830.935939,-0.150390625,-0.005859375,0.0,0.44921875,0.0,-0.5078125,0,0
1779556830.943947,-0.150390625,-0.005859375,0.0,0.44921875,0.0,-0.5078125,0,0
1779556830.951995,-0.150390625,-0.005859375,0.0,0.44921875,0.0,-0.509765625,0,0
1779556830.959997,-0.1484375,-0.005859375,0.0,0.44921875,0.0,-0.509765625,0,0
1779556830.967975,-0.1484375,-0.005859375,0.0,0.447265625,0.0,-0.509765625,0,0
1779556830.976039,-0.1484375,-0.005859375,0.0,0.447265625,0.0,-0.509765625,0,0
1779556830.984005,-0.1484375,-0.005859375,0.0,0.443359375,0.0,-0.51171875,0,0
1779556830.992008,-0.146484375,-0.005859375,0.0,0.443359375,0.0,-0.51171875,0,0
1779556830.999968,-0.146484375,-0.005859375,0.0,0.4453125,0.0,-0.51171875,0,0
1779556831.007993,-0.146484375,-0.005859375,0.0,0.4453125,0.0,-0.51171875,0,0
1779556831.016012,-0.146484375,-0.005859375,0.0,0.4453125,0.0,-0.51171875,0,0
1779556831.023970,-0.146484375,-0.005859375,0.0,0.4453125,0.0,-0.51171875,0,0
1779556831.031990,-0.146484375,-0.005859375,0.0,0.4453125,0.0,-0.51171875,0,0
1779556831.039990,-0.146484375,-0.005859375,0.0,0.4453125,0.0,-0.51171875,0,0
1779556831.048015,-0.146484375,-0.005859375,0.0,0.4453125,0.0,-0.51171875,0,0
1779556831.055977,-0.14453125,-0.005859375,0.0,0.4453125,0.0,-0.51171875,0,0
1779556831.064042,-0.14453125,-0.005859375,0.0,0.447265625,0.0,-0.51171875,0,0
1779556831.072018,-0.14453125,-0.005859375,0.0,0.447265625,0.0,-0.51171875,0,0
1779556831.080031,-0.14453125,-0.005859375,0.0,0.447265625,0.0,-0.513671875,0,0
1779556831.088014,-0.14453125,-0.005859375,0.0,0.447265625,0.0,-0.513671875,0,0
1779556831.095965,-0.14453125,-0.005859375,0.0,0.447265625,0.0,-0.513671875,0,0
1779556831.103956,-0.14453125,-0.005859375,0.0,0.447265625,0.0,-0.513671875,0,0
1779556831.112030,-0.14453125,-0.005859375,0.0,0.4453125,0.0,-0.513671875,0,0
1779556831.120004,-0.142578125,-0.005859375,0.0,0.4453125,0.0,-0.513671875,0,0
1779556831.127968,-0.142578125,-0.005859375,0.0,0.4453125,0.0,-0.513671875,0,0
1779556831.136034,-0.142578125,-0.005859375,0.0,0.4453125,0.0,-0.513671875,0,0
1779556831.143924,-0.142578125,-0.005859375,0.0,0.4453125,0.0,-0.513671875,0,0
1779556831.152009,-0.142578125,-0.005859375,0.0,0.4453125,0.0,-0.513671875,0,0
1779556831.160006,-0.142578125,-0.005859375,0.0,0.4453125,0.0,-0.513671875,0,0
1779556831.167963,-0.142578125,-0.005859375,0.0,0.4453125,0.0,-0.513671875,0,0
1779556831.175967,-0.142578125,-0.005859375,0.0,0.4453125,0.0,-0.515625,0,0
1779556831.184016,-0.142578125,-0.005859375,0.0,0.4453125,0.0,-0.515625,0,0
1779556831.191970,-0.142578125,-0.005859375,0.0,0.4453125,0.0,-0.515625,0,0
1779556831.200015,-0.142578125,-0.005859375,0.0,0.4453125,0.0,-0.515625,0,0
1779556831.207935,-0.142578125,-0.005859375,0.0,0.4453125,0.0,-0.515625,0,0
1779556831.215993,-0.142578125,-0.005859375,0.0,0.4453125,0.0,-0.515625,0,0
1779556831.223980,-0.142578125,-0.005859375,0.0,0.4453125,0.0,-0.515625,0,0
1779556831.232002,-0.142578125,-0.005859375,0.0,0.4453125,0.0,-0.515625,0,0
1779556831.239989,-0.142578125,-0.005859375,0.0,0.4453125,0.0,-0.515625,0,0
1779556831.247969,-0.142578125,-0.005859375,0.0,0.4453125,0.0,-0.515625,0,0
1779556831.256031,-0.142578125,-0.005859375,0.0,0.4453125,0.0,-0.515625,0,0
1779556831.264000,-0.142578125,-0.005859375,0.0,0.4453125,0.0,-0.515625,0,0
1779556831.271919,-0.142578125,-0.005859375,0.0,0.4453125,0.0,-0.515625,0,0
1779556831.279989,-0.142578125,-0.005859375,0.0,0.4453125,0.0,-0.515625,0,0
1779556831.287971,-0.142578125,-0.005859375,0.0,0.4453125,0.0,-0.515625,0,0
1779556831.295959,-0.142578125,-0.005859375,0.0,0.4453125,0.0,-0.515625,0,0
1779556831.303991,-0.142578125,-0.005859375,0.0,0.4453125,0.0,-0.515625,0,0
1779556831.311973,-0.142578125,-0.005859375,0.0,0.4453125,0.0,-0.515625,0,0
1779556831.319927,-0.142578125,-0.005859375,0.0,0.4453125,0.0,-0.515625,0,0
1779556831.328014,-0.142578125,-0.005859375,0.0,0.4453125,0.0,-0.515625,0,0
1779556831.335980,-0.142578125,-0.005859375,0.0,0.447265625,0.0,-0.515625,0,0
1779556831.344020,-0.142578125,-0.005859375,0.0,0.447265625,0.0,-0.515625,0,0
1779556831.352010,-0.142578125,-0.005859375,0.0,0.447265625,0.0,-0.515625,0,0
1779556831.359950,-0.142578125,-0.005859375,0.0,0.447265625,0.0,-0.515625,0,0
1779556831.368003,-0.142578125,-0.005859375,0.0,0.447265625,0.0,-0.515625,0,0
1779556831.375991,-0.142578125,-0.005859375,0.0,0.447265625,0.0,-0.515625,0,0
1779556831.383984,-0.142578125,-0.005859375,0.0,0.447265625,0.0,-0.515625,0,0
1779556831.391958,-0.140625,-0.005859375,0.0,0.447265625,0.0,-0.515625,0,0
1779556831.400002,-0.140625,-0.005859375,0.0,0.4453125,0.0,-0.515625,0,0
1779556831.408025,-0.140625,-0.005859375,0.0,0.4453125,0.0,-0.515625,0,0
1779556831.415993,-0.140625,-0.005859375,0.0,0.4453125,0.0,-0.515625,0,0
1779556831.423966,-0.140625,-0.005859375,0.0,0.4453125,0.0,-0.515625,0,0
1779556831.431995,-0.140625,-0.005859375,0.0,0.4453125,0.0,-0.515625,0,0
1779556831.440002,-0.140625,-0.005859375,0.0,0.4453125,0.0,-0.515625,0,0
1779556831.447998,-0.140625,-0.005859375,0.0,0.4453125,0.0,-0.515625,0,0
1779556831.455995,-0.140625,-0.005859375,0.0,0.4453125,0.0,-0.515625,0,0
1779556831.463989,-0.140625,-0.005859375,0.0,0.4453125,0.0,-0.515625,0,0
1779556831.471971,-0.138671875,-0.005859375,0.0,0.4453125,0.0,-0.515625,0,0
1779556831.480068,-0.138671875,-0.005859375,0.0,0.44921875,0.0,-0.515625,0,0
1779556831.488026,-0.138671875,-0.005859375,0.0,0.44921875,0.0,-0.515625,0,0
1779556831.496004,-0.138671875,-0.005859375,0.0,0.44921875,0.0,-0.515625,0,0
1779556831.504034,-0.138671875,-0.005859375,0.0,0.44921875,0.0,-0.515625,0,0
1779556831.511999,-0.138671875,-0.005859375,0.0,0.451171875,0.0,-0.515625,0,0
1779556831.519985,-0.138671875,-0.005859375,0.0,0.451171875,0.0,-0.515625,0,0
1779556831.528014,-0.138671875,-0.005859375,0.0,0.451171875,0.0,-0.515625,0,0
1779556831.535967,-0.138671875,-0.005859375,0.0,0.451171875,0.0,-0.515625,0,0
1779556831.543958,-0.138671875,-0.005859375,0.0,0.451171875,0.0,-0.515625,0,0
1779556831.551972,-0.138671875,-0.005859375,0.0,0.451171875,0.0,-0.515625,0,0
1779556831.559947,-0.138671875,-0.005859375,0.0,0.453125,0.0,-0.515625,0,0
1779556831.567983,-0.138671875,-0.005859375,0.0,0.453125,0.0,-0.515625,0,0
1779556831.575976,-0.138671875,-0.005859375,0.0,0.453125,0.0,-0.515625,0,0
1779556831.583988,-0.138671875,-0.005859375,0.0,0.453125,0.0,-0.515625,0,0
1779556831.591973,-0.138671875,-0.005859375,0.0,0.453125,0.0,-0.515625,0,0
1779556831.599980,-0.13671875,-0.005859375,0.0,0.453125,0.0,-0.515625,0,0
1779556831.607973,-0.13671875,-0.005859375,0.0,0.453125,0.0,-0.515625,0,0
1779556831.615990,-0.13671875,-0.005859375,0.0,0.453125,0.0,-0.515625,0,0
1779556831.623988,-0.13671875,-0.005859375,0.0,0.453125,0.0,-0.515625,0,0
1779556831.631995,-0.13671875,-0.005859375,0.0,0.453125,0.0,-0.515625,0,0
1779556831.639951,-0.13671875,-0.005859375,0.0,0.453125,0.0,-0.515625,0,0
1779556831.648040,-0.13671875,-0.005859375,0.0,0.453125,0.0,-0.515625,0,0
1779556831.655972,-0.13671875,-0.005859375,0.0,0.453125,0.0,-0.515625,0,0
1779556831.663943,-0.13671875,-0.005859375,0.0,0.453125,0.0,-0.515625,0,0
1779556831.672001,-0.13671875,-0.005859375,0.0,0.453125,0.0,-0.515625,0,0
1779556831.679980,-0.138671875,-0.005859375,0.0,0.453125,0.0,-0.515625,0,0
1779556831.687998,-0.138671875,-0.005859375,0.0,0.455078125,0.0,-0.515625,0,0
1779556831.696048,-0.138671875,-0.005859375,0.0,0.455078125,0.0,-0.515625,0,0
1779556831.703993,-0.138671875,-0.005859375,0.0,0.455078125,0.0,-0.515625,0,0
1779556831.711998,-0.138671875,-0.005859375,0.0,0.455078125,0.0,-0.515625,0,0
1779556831.719982,-0.138671875,-0.005859375,0.0,0.455078125,0.0,-0.515625,0,0
1779556831.727930,-0.138671875,-0.005859375,0.0,0.455078125,0.0,-0.515625,0,0
1779556831.735983,-0.138671875,-0.005859375,0.0,0.455078125,0.0,-0.515625,0,0
1779556831.743997,-0.138671875,-0.005859375,0.0,0.455078125,0.0,-0.515625,0,0
1779556831.751959,-0.138671875,-0.005859375,0.0,0.45703125,0.0,-0.515625,0,0
1779556831.760017,-0.138671875,-0.005859375,0.0,0.45703125,0.0,-0.515625,0,0
1779556831.767990,-0.138671875,-0.005859375,0.0,0.45703125,0.0,-0.515625,0,0
1779556831.775970,-0.138671875,-0.005859375,0.0,0.45703125,0.0,-0.515625,0,0
1779556831.783940,-0.138671875,-0.005859375,0.0,0.45703125,0.0,-0.515625,0,0
1779556831.791960,-0.138671875,-0.005859375,0.0,0.45703125,0.0,-0.515625,0,0
1779556831.799898,-0.138671875,-0.005859375,0.0,0.45703125,0.0,-0.515625,0,0
1779556831.807980,-0.138671875,-0.005859375,0.0,0.45703125,0.0,-0.515625,0,0
1779556831.815972,-0.138671875,-0.005859375,0.0,0.45703125,0.0,-0.515625,0,0
1779556831.823974,-0.13671875,-0.005859375,0.0,0.45703125,0.0,-0.515625,0,0
1779556831.831999,-0.13671875,-0.005859375,0.0,0.45703125,0.0,-0.515625,0,0
1779556831.839970,-0.13671875,-0.005859375,0.0,0.45703125,0.0,-0.515625,0,0
1779556831.847979,-0.13671875,-0.005859375,0.0,0.45703125,0.0,-0.515625,0,0
1779556831.855980,-0.13671875,-0.005859375,0.0,0.45703125,0.0,-0.515625,0,0
1779556831.863968,-0.13671875,-0.005859375,0.0,0.45703125,0.0,-0.515625,0,0
1779556831.872027,-0.13671875,-0.005859375,0.0,0.45703125,0.0,-0.515625,0,0
1779556831.879983,-0.13671875,-0.005859375,0.0,0.4609375,0.0,-0.515625,0,0
1779556831.888009,-0.13671875,-0.005859375,0.0,0.4609375,0.0,-0.515625,0,0
1779556831.895930,-0.13671875,-0.005859375,0.0,0.4609375,0.0,-0.515625,0,0
1779556831.903963,-0.134765625,-0.005859375,0.0,0.4609375,0.0,-0.515625,0,0
1779556831.911964,-0.134765625,-0.005859375,0.0,0.458984375,0.0,-0.515625,0,0
1779556831.919962,-0.1328125,-0.005859375,0.0,0.458984375,0.0,-0.515625,0,0
1779556831.927990,-0.1328125,-0.005859375,0.0,0.458984375,0.0,-0.515625,0,0
1779556831.935971,-0.1328125,-0.005859375,0.0,0.458984375,0.0,-0.515625,0,0
1779556831.943943,-0.1328125,-0.005859375,0.0,0.458984375,0.0,-0.515625,0,0
1779556831.951989,-0.1328125,-0.005859375,0.0,0.458984375,0.0,-0.515625,0,0
1779556831.959969,-0.1328125,-0.005859375,0.0,0.45703125,0.0,-0.515625,0,0
1779556831.967997,-0.1328125,-0.005859375,0.0,0.45703125,0.0,-0.515625,0,0
1779556831.975992,-0.1328125,-0.005859375,0.0,0.458984375,0.0,-0.515625,0,0
1779556831.983942,-0.1328125,-0.005859375,0.0,0.458984375,0.0,-0.515625,0,0
1779556831.991975,-0.1328125,-0.005859375,0.0,0.4609375,0.0,-0.515625,0,0
1779556831.999973,-0.134765625,-0.005859375,0.0,0.4609375,0.0,-0.515625,0,0
1779556832.007990,-0.134765625,-0.005859375,0.0,0.4609375,0.0,-0.515625,0,0
1779556832.016026,-0.134765625,-0.005859375,0.0,0.4609375,0.0,-0.515625,0,0
1779556832.023955,-0.134765625,-0.005859375,0.0,0.462890625,0.0,-0.515625,0,0
1779556832.031973,-0.134765625,-0.005859375,0.0,0.462890625,0.0,-0.515625,0,0
1779556832.039946,-0.134765625,-0.005859375,0.0,0.462890625,0.0,-0.515625,0,0
1779556832.048038,-0.134765625,-0.005859375,0.0,0.462890625,0.0,-0.515625,0,0
1779556832.055985,-0.134765625,-0.005859375,0.0,0.466796875,0.0,-0.513671875,0,0
1779556832.064013,-0.138671875,-0.005859375,0.0,0.466796875,0.0,-0.513671875,0,0
1779556832.071992,-0.138671875,-0.005859375,0.0,0.466796875,0.0,-0.51171875,0,0
1779556832.080005,-0.138671875,-0.005859375,0.0,0.466796875,0.0,-0.51171875,0,0
1779556832.087930,-0.138671875,-0.005859375,0.0,0.46875,0.0,-0.51171875,0,0
1779556832.095975,-0.138671875,-0.005859375,0.0,0.46875,0.0,-0.51171875,0,0
1779556832.103983,-0.138671875,-0.005859375,0.0,0.46875,0.0,-0.51171875,0,0
1779556832.111975,-0.138671875,-0.005859375,0.0,0.46875,0.0,-0.51171875,0,0
1779556832.119972,-0.138671875,-0.005859375,0.0,0.46875,0.0,-0.51171875,0,0
1779556832.128006,-0.138671875,-0.005859375,0.0,0.46875,0.0,-0.51171875,0,0
1779556832.136014,-0.138671875,-0.005859375,0.0,0.46875,0.0,-0.51171875,0,0
1779556832.143920,-0.138671875,-0.005859375,0.0,0.46875,0.0,-0.51171875,0,0
1779556832.151975,-0.138671875,-0.005859375,0.0,0.46875,0.0,-0.51171875,0,0
1779556832.160003,-0.138671875,-0.005859375,0.0,0.46875,0.0,-0.51171875,0,0
1779556832.167964,-0.138671875,-0.005859375,0.0,0.470703125,0.0,-0.51171875,0,0
1779556832.175998,-0.140625,-0.005859375,0.0,0.470703125,0.0,-0.51171875,0,0
1779556832.183961,-0.140625,-0.005859375,0.0,0.470703125,0.0,-0.509765625,0,0
1779556832.191991,-0.140625,-0.005859375,0.0,0.470703125,0.0,-0.509765625,0,0
1779556832.199965,-0.140625,-0.005859375,0.0,0.470703125,0.0,-0.509765625,0,0
1779556832.207966,-0.138671875,-0.005859375,0.0,0.470703125,0.0,-0.509765625,0,0
1779556832.215980,-0.138671875,-0.005859375,0.0,0.46875,0.0,-0.509765625,0,0
1779556832.223958,-0.138671875,-0.005859375,0.0,0.46875,0.0,-0.509765625,0,0
1779556832.231956,-0.138671875,-0.005859375,0.0,0.46875,0.0,-0.509765625,0,0
1779556832.239970,-0.13671875,-0.005859375,0.0,0.46875,0.0,-0.509765625,0,0
1779556832.248046,-0.13671875,-0.005859375,0.0,0.46875,0.0,-0.51171875,0,0
1779556832.255991,-0.13671875,-0.005859375,0.0,0.46875,0.0,-0.51171875,0,0
1779556832.263993,-0.13671875,-0.005859375,0.0,0.46875,0.0,-0.51171875,0,0
1779556832.271945,-0.134765625,-0.005859375,0.0,0.46875,0.0,-0.51171875,0,0
1779556832.279985,-0.134765625,-0.005859375,0.0,0.46875,0.0,-0.51171875,0,0
1779556832.287992,-0.134765625,-0.005859375,0.0,0.46875,0.0,-0.51171875,0,0
1779556832.296021,-0.134765625,-0.005859375,0.0,0.46875,0.0,-0.51171875,0,0
1779556832.304006,-0.134765625,-0.005859375,0.0,0.46875,0.0,-0.51171875,0,0
1779556832.311961,-0.134765625,-0.005859375,0.0,0.46875,0.0,-0.51171875,0,0
1779556832.320008,-0.134765625,-0.005859375,0.0,0.46875,0.0,-0.51171875,0,0
1779556832.327976,-0.134765625,-0.005859375,0.0,0.470703125,0.0,-0.51171875,0,0
1779556832.336003,-0.1328125,-0.005859375,0.0,0.470703125,0.0,-0.51171875,0,0
1779556832.343934,-0.1328125,-0.005859375,0.0,0.470703125,0.0,-0.513671875,0,0
1779556832.351925,-0.1328125,-0.005859375,0.0,0.470703125,0.0,-0.513671875,0,0
1779556832.359972,-0.1328125,-0.005859375,0.0,0.470703125,0.0,-0.513671875,0,0
1779556832.367989,-0.1328125,-0.005859375,0.0,0.470703125,0.0,-0.513671875,0,0
1779556832.375949,-0.1328125,-0.005859375,0.0,0.470703125,0.0,-0.513671875,0,0
1779556832.383979,-0.1328125,-0.005859375,0.0,0.470703125,0.0,-0.513671875,0,0
1779556832.391995,-0.1328125,-0.005859375,0.0,0.46875,0.0,-0.513671875,0,0
1779556832.399992,-0.130859375,-0.005859375,0.0,0.46875,0.0,-0.513671875,0,0
1779556832.407936,-0.130859375,-0.005859375,0.0,0.466796875,0.0,-0.513671875,0,0
1779556832.416012,-0.130859375,-0.005859375,0.0,0.466796875,0.0,-0.513671875,0,0
1779556832.423950,-0.130859375,-0.005859375,0.0,0.46484375,0.0,-0.515625,0,0
1779556832.432020,-0.130859375,-0.005859375,0.0,0.46484375,0.0,-0.515625,0,0
1779556832.439966,-0.130859375,-0.005859375,0.0,0.46484375,0.0,-0.515625,0,0
1779556832.448050,-0.130859375,-0.005859375,0.0,0.46484375,0.0,-0.515625,0,0
1779556832.455963,-0.130859375,-0.005859375,0.0,0.466796875,0.0,-0.515625,0,0
1779556832.463966,-0.130859375,-0.005859375,0.0,0.466796875,0.0,-0.515625,0,0
1779556832.471916,-0.130859375,-0.005859375,0.0,0.466796875,0.0,-0.515625,0,0
1779556832.479977,-0.130859375,-0.005859375,0.0,0.466796875,0.0,-0.515625,0,0
1779556832.487999,-0.130859375,-0.005859375,0.0,0.466796875,0.0,-0.515625,0,0
1779556832.495981,-0.12890625,-0.005859375,0.0,0.466796875,0.0,-0.515625,0,0
1779556832.503966,-0.12890625,-0.005859375,0.0,0.466796875,0.0,-0.515625,0,0
1779556832.512026,-0.126953125,-0.005859375,0.0,0.466796875,0.0,-0.515625,0,0
1779556832.520018,-0.126953125,-0.005859375,0.0,0.4609375,0.0,-0.517578125,0,0
1779556832.527988,-0.125,-0.005859375,0.0,0.4609375,0.0,-0.517578125,0,0
1779556832.535964,-0.125,-0.005859375,0.0,0.458984375,0.0,-0.517578125,0,0
1779556832.544001,-0.123046875,-0.005859375,0.0,0.458984375,0.0,-0.517578125,0,0
1779556832.551989,-0.123046875,-0.005859375,0.0,0.453125,0.0,-0.521484375,0,0
1779556832.560009,-0.119140625,-0.005859375,0.0,0.453125,0.0,-0.521484375,0,0
1779556832.568007,-0.119140625,-0.005859375,0.0,0.451171875,0.0,-0.5234375,0,0
1779556832.575942,-0.1171875,-0.005859375,0.0,0.451171875,0.0,-0.5234375,0,0
1779556832.583928,-0.1171875,-0.005859375,0.0,0.447265625,0.0,-0.525390625,0,0
1779556832.592004,-0.1171875,-0.005859375,0.0,0.447265625,0.0,-0.525390625,0,0
1779556832.600016,-0.1171875,-0.005859375,0.0,0.4453125,0.0,-0.525390625,0,0
1779556832.608021,-0.11328125,-0.005859375,0.0,0.4453125,0.0,-0.525390625,0,0
1779556832.615981,-0.11328125,-0.005859375,0.0,0.4453125,0.0,-0.52734375,0,0
1779556832.624003,-0.11328125,-0.005859375,0.0,0.4453125,0.0,-0.52734375,0,0
1779556832.631982,-0.11328125,-0.005859375,0.0,0.443359375,0.0,-0.52734375,0,0
1779556832.639974,-0.11328125,-0.005859375,0.0,0.443359375,0.0,-0.52734375,0,0
1779556832.647997,-0.11328125,-0.005859375,0.0,0.443359375,0.0,-0.52734375,0,0
1779556832.656026,-0.11328125,-0.005859375,0.0,0.443359375,0.0,-0.52734375,0,0
1779556832.663941,-0.11328125,-0.005859375,0.0,0.443359375,0.0,-0.52734375,0,0
1779556832.672011,-0.111328125,-0.005859375,0.0,0.443359375,0.0,-0.52734375,0,0
1779556832.679995,-0.111328125,-0.005859375,0.0,0.44140625,0.0,-0.529296875,0,0
1779556832.687999,-0.111328125,-0.005859375,0.0,0.44140625,0.0,-0.529296875,0,0
1779556832.695976,-0.111328125,-0.005859375,0.0,0.44140625,0.0,-0.529296875,0,0
1779556832.704004,-0.111328125,-0.005859375,0.0,0.44140625,0.0,-0.529296875,0,0
1779556832.711961,-0.111328125,-0.005859375,0.0,0.44140625,0.0,-0.529296875,0,0
1779556832.720001,-0.109375,-0.005859375,0.0,0.44140625,0.0,-0.529296875,0,0
1779556832.727999,-0.109375,-0.005859375,0.0,0.439453125,0.0,-0.529296875,0,0
1779556832.735996,-0.107421875,-0.005859375,0.0,0.439453125,0.0,-0.529296875,0,0
1779556832.743987,-0.107421875,-0.005859375,0.0,0.435546875,0.0,-0.533203125,0,0
1779556832.751996,-0.107421875,-0.005859375,0.0,0.435546875,0.0,-0.533203125,0,0
1779556832.760000,-0.107421875,-0.005859375,0.0,0.435546875,0.0,-0.533203125,0,0
1779556832.768017,-0.107421875,-0.005859375,0.0,0.435546875,0.0,-0.533203125,0,0
1779556832.776018,-0.107421875,-0.005859375,0.0,0.435546875,0.0,-0.533203125,0,0
1779556832.783978,-0.107421875,-0.005859375,0.0,0.435546875,0.0,-0.533203125,0,0
1779556832.791994,-0.107421875,-0.005859375,0.0,0.4375,0.0,-0.533203125,0,0
1779556832.800007,-0.107421875,-0.005859375,0.0,0.4375,0.0,-0.533203125,0,0
1779556832.808005,-0.107421875,-0.005859375,0.0,0.4375,0.0,-0.533203125,0,0
1779556832.816006,-0.107421875,-0.005859375,0.0,0.4375,0.0,-0.533203125,0,0
1779556832.824005,-0.107421875,-0.005859375,0.0,0.4375,0.0,-0.533203125,0,0
1779556832.832013,-0.107421875,-0.005859375,0.0,0.4375,0.0,-0.533203125,0,0
1779556832.840013,-0.107421875,-0.005859375,0.0,0.4375,0.0,-0.533203125,0,0
1779556832.848018,-0.107421875,-0.005859375,0.0,0.4375,0.0,-0.533203125,0,0
1779556832.856009,-0.107421875,-0.005859375,0.0,0.435546875,0.0,-0.533203125,0,0
1779556832.863963,-0.107421875,-0.005859375,0.0,0.435546875,0.0,-0.533203125,0,0
1779556832.871983,-0.107421875,-0.005859375,0.0,0.435546875,0.0,-0.533203125,0,0
1779556832.880016,-0.10546875,-0.005859375,0.0,0.435546875,0.0,-0.533203125,0,0
1779556832.887923,-0.10546875,-0.005859375,0.0,0.435546875,0.0,-0.533203125,0,0
1779556832.895970,-0.10546875,-0.005859375,0.0,0.435546875,0.0,-0.533203125,0,0
1779556832.904015,-0.10546875,-0.005859375,0.0,0.435546875,0.0,-0.533203125,0,0
1779556832.912009,-0.10546875,-0.005859375,0.0,0.435546875,0.0,-0.533203125,0,0
1779556832.919995,-0.10546875,-0.005859375,0.0,0.435546875,0.0,-0.533203125,0,0
1779556832.928008,-0.103515625,-0.005859375,0.0,0.435546875,0.0,-0.533203125,0,0
1779556832.935949,-0.103515625,-0.005859375,0.0,0.43359375,0.0,-0.53515625,0,0
1779556832.943934,-0.099609375,-0.005859375,0.0,0.43359375,0.0,-0.53515625,0,0
1779556832.951986,-0.099609375,-0.005859375,0.0,0.4296875,0.0,-0.537109375,0,0
1779556832.959957,-0.099609375,-0.005859375,0.0,0.4296875,0.0,-0.537109375,0,0
1779556832.967965,-0.099609375,-0.005859375,0.0,0.427734375,0.0,-0.537109375,0,0
1779556832.976006,-0.095703125,-0.005859375,0.0,0.427734375,0.0,-0.537109375,0,0
1779556832.984004,-0.095703125,-0.005859375,0.0,0.42578125,0.0,-0.5390625,0,0
1779556832.992023,-0.095703125,-0.005859375,0.0,0.42578125,0.0,-0.5390625,0,0
1779556833.000013,-0.095703125,-0.005859375,0.0,0.42578125,0.0,-0.541015625,0,0
1779556833.007970,-0.095703125,-0.005859375,0.0,0.42578125,0.0,-0.541015625,0,0
1779556833.016032,-0.095703125,-0.005859375,0.0,0.423828125,0.0,-0.541015625,0,0
1779556833.023976,-0.095703125,-0.005859375,0.0,0.423828125,0.0,-0.541015625,0,0
1779556833.031964,-0.095703125,-0.005859375,0.0,0.423828125,0.0,-0.541015625,0,0
1779556833.039890,-0.09375,-0.005859375,0.0,0.423828125,0.0,-0.541015625,0,0
1779556833.048040,-0.09375,-0.005859375,0.0,0.41796875,0.0,-0.54296875,0,0
1779556833.055971,-0.091796875,-0.005859375,0.0,0.41796875,0.0,-0.54296875,0,0
1779556833.063984,-0.091796875,-0.005859375,0.0,0.41796875,0.0,-0.54296875,0,0
1779556833.072005,-0.091796875,-0.005859375,0.0,0.41796875,0.0,-0.54296875,0,0
1779556833.079933,-0.091796875,-0.005859375,0.0,0.419921875,0.0,-0.54296875,0,0
1779556833.087973,-0.08984375,-0.005859375,0.0,0.419921875,0.0,-0.54296875,0,0
1779556833.096011,-0.08984375,-0.005859375,0.0,0.419921875,0.0,-0.544921875,0,0
1779556833.103995,-0.08984375,-0.005859375,0.0,0.419921875,0.0,-0.544921875,0,0
1779556833.112022,-0.08984375,-0.005859375,0.0,0.419921875,0.0,-0.544921875,0,0
1779556833.119981,-0.087890625,-0.005859375,0.0,0.419921875,0.0,-0.544921875,0,0
1779556833.127973,-0.087890625,-0.005859375,0.0,0.419921875,0.0,-0.544921875,0,0
1779556833.135996,-0.087890625,-0.005859375,0.0,0.419921875,0.0,-0.544921875,0,0
1779556833.144012,-0.087890625,-0.005859375,0.0,0.41796875,0.0,-0.546875,0,0
1779556833.151968,-0.087890625,-0.005859375,0.0,0.41796875,0.0,-0.546875,0,0
1779556833.159992,-0.087890625,-0.005859375,0.0,0.41796875,0.0,-0.546875,0,0
1779556833.167994,-0.087890625,-0.005859375,0.0,0.41796875,0.0,-0.546875,0,0
1779556833.175926,-0.087890625,-0.005859375,0.0,0.41796875,0.0,-0.546875,0,0
1779556833.184001,-0.087890625,-0.005859375,0.0,0.41796875,0.0,-0.546875,0,0
1779556833.191924,-0.087890625,-0.005859375,0.0,0.41796875,0.0,-0.546875,0,0
1779556833.200019,-0.087890625,-0.005859375,0.0,0.41796875,0.0,-0.546875,0,0
1779556833.207985,-0.087890625,-0.005859375,0.0,0.41796875,0.0,-0.546875,0,0
1779556833.216068,-0.087890625,-0.005859375,0.0,0.41796875,0.0,-0.546875,0,0
1779556833.224024,-0.087890625,-0.005859375,0.0,0.416015625,0.0,-0.546875,0,0
1779556833.232002,-0.087890625,-0.005859375,0.0,0.416015625,0.0,-0.546875,0,0
1779556833.240020,-0.087890625,-0.005859375,0.0,0.4140625,0.0,-0.548828125,0,0
1779556833.247960,-0.087890625,-0.005859375,0.0,0.4140625,0.0,-0.548828125,0,0
1779556833.256015,-0.087890625,-0.005859375,0.0,0.4140625,0.0,-0.548828125,0,0
1779556833.264038,-0.087890625,-0.005859375,0.0,0.4140625,0.0,-0.548828125,0,0
1779556833.272036,-0.087890625,-0.005859375,0.0,0.4140625,0.0,-0.546875,0,0
1779556833.279981,-0.08984375,-0.005859375,0.0,0.4140625,0.0,-0.546875,0,0
1779556833.287984,-0.08984375,-0.005859375,0.0,0.416015625,0.0,-0.544921875,0,0
1779556833.296005,-0.12109375,-0.005859375,0.0,0.416015625,0.0,-0.544921875,0,0
1779556833.303981,-0.12109375,-0.005859375,0.0,0.42578125,0.0,-0.541015625,0,0
1779556833.311976,-0.142578125,-0.005859375,0.0,0.42578125,0.0,-0.541015625,0,0
1779556833.319986,-0.142578125,-0.005859375,0.0,0.43359375,0.0,-0.53515625,0,0
1779556833.327979,-0.169921875,-0.005859375,0.0,0.43359375,0.0,-0.53515625,0,0
1779556833.335996,-0.169921875,-0.005859375,0.0,0.44140625,0.0,-0.521484375,0,0
1779556833.343985,-0.1875,-0.005859375,0.0,0.44140625,0.0,-0.521484375,0,0
1779556833.351983,-0.1875,-0.005859375,0.0,0.4453125,0.0,-0.509765625,0,0
1779556833.360026,-0.20703125,-0.005859375,0.0,0.4453125,0.0,-0.509765625,0,0
1779556833.367978,-0.20703125,-0.005859375,0.0,0.443359375,0.0,-0.4921875,0,0
1779556833.375954,-0.232421875,-0.02734375,0.0,0.443359375,0.0,-0.4921875,0,0
1779556833.384001,-0.232421875,-0.02734375,0.0,0.43359375,0.0,-0.4765625,0,0
1779556833.391993,-0.263671875,-0.0546875,0.0,0.43359375,0.0,-0.4765625,0,0
1779556833.400023,-0.263671875,-0.0546875,0.0,0.412109375,0.0,-0.455078125,0,0
1779556833.408001,-0.263671875,-0.076171875,0.0,0.412109375,0.0,-0.455078125,0,0
1779556833.416082,-0.263671875,-0.076171875,0.0,0.36328125,0.0,-0.42578125,0,0
1779556833.424018,-0.21875,-0.083984375,0.0,0.36328125,0.0,-0.42578125,0,0
1779556833.431980,-0.21875,-0.083984375,0.0,0.29296875,0.0,-0.376953125,0,0
1779556833.440014,-0.15234375,-0.078125,0.0,0.29296875,0.0,-0.376953125,0,0
1779556833.448016,-0.15234375,-0.078125,0.0,0.212890625,0.0,-0.30078125,0,0
1779556833.456035,-0.0703125,-0.056640625,0.0234375,0.212890625,0.0,-0.30078125,0,0
1779556833.464041,-0.0703125,-0.056640625,0.0234375,0.142578125,0.00390625,-0.216796875,0,0
1779556833.472022,-0.017578125,-0.05859375,0.0390625,0.142578125,0.00390625,-0.216796875,0,0
1779556833.479983,-0.017578125,-0.05859375,0.0390625,0.09765625,0.013671875,-0.1328125,0,0
1779556833.488001,-0.037109375,-0.068359375,0.0390625,0.09765625,0.013671875,-0.1328125,0,0
1779556833.496040,-0.037109375,-0.068359375,0.0390625,0.09765625,0.013671875,-0.025390625,0,0
1779556833.503999,-0.01953125,-0.068359375,0.0390625,0.09765625,0.013671875,-0.025390625,0,0
1779556833.520014,-0.01953125,-0.01953125,0.0390625,0.09765625,0.013671875,-0.025390625,0,0
1779556833.528019,-0.01953125,-0.01953125,0.0390625,0.0078125,0.013671875,-0.025390625,0,0
1779556833.557959,0.0,0.0,0.0,0.0,0.0,0.0,0,0
1779556833.567980,0.0,-0.01953125,0.0390625,0.0078125,0.013671875,-0.025390625,0,0
1779556833.583996,-0.01171875,-0.01953125,0.0390625,0.0078125,0.013671875,-0.025390625,0,0
1779556833.600032,-0.0078125,-0.01953125,0.0390625,0.0078125,0.013671875,-0.025390625,0,0
1779556833.607992,-0.0078125,-0.01953125,0.0390625,-0.013671875,0.013671875,-0.025390625,0,0
1779556833.638019,0.0,0.0,0.0,0.0,0.0,0.0,0,0
1779556833.668997,0.0,0.0,0.0,0.0,0.0,0.0,0,0
1779556833.700017,0.0,0.0,0.0,0.0,0.0,0.0,0,0
1779556833.730977,0.0,0.0,0.0,0.0,0.0,0.0,0,0
1779556833.735999,-0.0078125,-0.005859375,0.0390625,-0.013671875,0.013671875,-0.025390625,0,0
1779556833.751975,-0.0078125,-0.03125,0.0390625,-0.013671875,0.013671875,-0.025390625,0,0
1779556833.760048,-0.0078125,-0.03125,0.0390625,0.0078125,0.013671875,-0.025390625,0,0
1779556833.768025,-0.0078125,-0.064453125,0.0390625,0.0078125,0.013671875,-0.025390625,0,0
1779556833.775945,-0.0078125,-0.064453125,0.0390625,0.029296875,0.013671875,-0.025390625,0,0
1779556833.783956,-0.0078125,-0.080078125,0.0390625,0.029296875,0.013671875,-0.025390625,0,0
1779556833.791947,-0.0078125,-0.080078125,0.0390625,0.03515625,0.013671875,-0.025390625,0,0
1779556833.799962,0.01171875,-0.1171875,0.0390625,0.03515625,0.013671875,-0.025390625,0,0
1779556833.807962,0.01171875,-0.1171875,0.0390625,0.072265625,0.013671875,-0.025390625,0,0
1779556833.816081,0.064453125,-0.111328125,-0.01171875,0.072265625,0.013671875,-0.025390625,0,0
1779556833.823970,0.064453125,-0.111328125,-0.01171875,0.111328125,0.013671875,-0.025390625,0,0
1779556833.831944,0.0859375,-0.05859375,-0.01171875,0.111328125,0.013671875,-0.025390625,0,0
1779556833.839981,0.0859375,-0.05859375,-0.01171875,0.08984375,0.068359375,-0.025390625,0,0
1779556833.848014,0.09375,-0.03515625,-0.01171875,0.08984375,0.068359375,-0.025390625,0,0
1779556833.856020,0.09375,-0.03515625,-0.01171875,0.0859375,0.09375,-0.0234375,0,0
1779556833.863994,0.1015625,-0.021484375,-0.01171875,0.0859375,0.09375,-0.0234375,0,0
1779556833.871993,0.1015625,-0.021484375,-0.01171875,0.07421875,0.1015625,-0.03515625,0,0
1779556833.879936,0.07421875,-0.021484375,-0.01171875,0.07421875,0.1015625,-0.03515625,0,0
1779556833.888028,0.07421875,-0.021484375,-0.01171875,0.068359375,0.09375,-0.029296875,0,0
1779556833.896014,0.00390625,-0.03515625,-0.01171875,0.068359375,0.09375,-0.029296875,0,0
1779556833.904030,0.00390625,-0.03515625,-0.01171875,0.033203125,0.0390625,-0.029296875,0,0
1779556833.912022,0.00390625,-0.029296875,-0.01171875,0.033203125,0.0390625,-0.029296875,0,0
1779556833.920045,0.00390625,-0.029296875,-0.01171875,0.0078125,0.0390625,-0.029296875,0,0
1779556833.928004,0.00390625,-0.00390625,-0.01171875,0.0078125,0.0390625,-0.029296875,0,0
1779556833.957922,0.0,0.0,0.0,0.0,0.0,0.0,0,0
1779556833.967961,0.00390625,-0.00390625,-0.01171875,0.0078125,-0.00390625,-0.029296875,0,0
1779556833.975984,-0.0078125,-0.00390625,-0.01171875,0.0078125,-0.00390625,-0.029296875,0,0
1779556833.983984,-0.0078125,-0.00390625,-0.01171875,0.0078125,-0.005859375,-0.005859375,0,0
1779556834.013996,0.0,0.0,0.0,0.0,0.0,0.0,0,0
1779556834.044968,0.0,0.0,0.0,0.0,0.0,0.0,0,0
1779556834.071945,0.0,-0.00390625,-0.01171875,0.0078125,-0.005859375,-0.005859375,0,0
1779556834.088010,-0.01171875,-0.00390625,-0.01171875,0.0078125,-0.005859375,-0.005859375,0,0
1779556834.117983,0.0,0.0,0.0,0.0,0.0,0.0,0,0
1779556834.127982,-0.01171875,-0.00390625,-0.01171875,0.0078125,0.017578125,-0.005859375,0,0
1779556834.143954,-0.01171875,-0.00390625,-0.01171875,0.0078125,0.078125,-0.01953125,0,0
1779556834.152011,0.048828125,-0.00390625,-0.01171875,0.0078125,0.078125,-0.01953125,0,0
1779556834.160005,0.048828125,-0.00390625,-0.01171875,0.015625,0.123046875,-0.05078125,0,0
1779556834.167999,0.025390625,-0.00390625,-0.01171875,0.015625,0.123046875,-0.05078125,0,0
1779556834.175990,0.025390625,-0.00390625,-0.01171875,0.01171875,0.119140625,-0.05859375,0,0
1779556834.184026,0.021484375,-0.00390625,-0.01171875,0.01171875,0.119140625,-0.05859375,0,0
1779556834.192029,0.021484375,-0.00390625,-0.01171875,0.025390625,0.146484375,-0.091796875,0,0
1779556834.200019,0.04296875,-0.00390625,-0.01171875,0.025390625,0.146484375,-0.091796875,0,0
1779556834.208030,0.04296875,-0.00390625,-0.01171875,0.02734375,0.189453125,-0.1328125,0,0
1779556834.216111,0.009765625,-0.00390625,-0.01171875,0.02734375,0.189453125,-0.1328125,0,0
1779556834.223968,0.009765625,-0.00390625,-0.01171875,0.015625,0.224609375,-0.1953125,0,0
1779556834.231976,0.025390625,-0.013671875,-0.068359375,0.015625,0.224609375,-0.1953125,0,0
1779556834.240027,0.025390625,-0.013671875,-0.068359375,0.009765625,0.228515625,-0.2265625,0,0
1779556834.247971,0.01171875,-0.013671875,-0.0546875,0.009765625,0.228515625,-0.2265625,0,0
1779556834.256022,0.01171875,-0.013671875,-0.0546875,0.009765625,0.248046875,-0.2578125,0,0
1779556834.263996,0.01953125,-0.013671875,-0.06640625,0.009765625,0.248046875,-0.2578125,0,0
1779556834.272029,0.01953125,-0.013671875,-0.06640625,0.009765625,0.265625,-0.265625,0,0
1779556834.279984,0.03515625,-0.013671875,-0.07421875,0.009765625,0.265625,-0.265625,0,0
1779556834.287979,0.03515625,-0.013671875,-0.07421875,0.009765625,0.279296875,-0.27734375,0,0
1779556834.295999,0.05859375,-0.013671875,-0.09375,0.009765625,0.279296875,-0.27734375,0,0
1779556834.303995,0.05859375,-0.013671875,-0.09375,0.009765625,0.287109375,-0.2890625,0,0
1779556834.311936,0.060546875,-0.017578125,-0.107421875,0.009765625,0.287109375,-0.2890625,0,0
1779556834.319911,0.060546875,-0.017578125,-0.107421875,0.025390625,0.27734375,-0.302734375,0,0
1779556834.327947,0.060546875,-0.029296875,-0.13671875,0.025390625,0.27734375,-0.302734375,0,0
1779556834.335929,0.060546875,-0.029296875,-0.13671875,0.041015625,0.24609375,-0.333984375,0,0
1779556834.343922,0.060546875,-0.044921875,-0.177734375,0.041015625,0.24609375,-0.333984375,0,0
1779556834.351943,0.060546875,-0.044921875,-0.177734375,0.03515625,0.20703125,-0.349609375,0,0
1779556834.359960,0.060546875,-0.09375,-0.228515625,0.03515625,0.20703125,-0.349609375,0,0
1779556834.367983,0.060546875,-0.09375,-0.228515625,0.0234375,0.166015625,-0.3515625,0,0
1779556834.376003,0.060546875,-0.123046875,-0.259765625,0.0234375,0.166015625,-0.3515625,0,0
1779556834.383971,0.060546875,-0.123046875,-0.259765625,0.015625,0.1328125,-0.35546875,0,0
1779556834.391987,0.060546875,-0.1484375,-0.294921875,0.015625,0.1328125,-0.35546875,0,0
1779556834.399968,0.060546875,-0.1484375,-0.294921875,0.015625,0.10546875,-0.365234375,0,0
1779556834.408017,0.060546875,-0.16796875,-0.322265625,0.015625,0.10546875,-0.365234375,0,0
1779556834.416074,0.060546875,-0.16796875,-0.322265625,0.0,0.08984375,-0.375,0,0
1779556834.423980,0.060546875,-0.171875,-0.34375,0.0,0.08984375,-0.375,0,0
1779556834.431967,0.060546875,-0.171875,-0.34375,0.0,0.08984375,-0.390625,0,0
1779556834.439970,0.060546875,-0.162109375,-0.353515625,0.0,0.08984375,-0.390625,0,0
1779556834.447967,0.060546875,-0.162109375,-0.353515625,0.0,0.08984375,-0.412109375,0,0
1779556834.455984,0.060546875,-0.13671875,-0.361328125,0.0,0.08984375,-0.412109375,0,0
1779556834.463989,0.060546875,-0.13671875,-0.361328125,0.0,0.09765625,-0.42578125,0,0
1779556834.471983,0.060546875,-0.125,-0.388671875,0.0,0.09765625,-0.42578125,0,0
1779556834.479945,0.060546875,-0.125,-0.388671875,0.0,0.1015625,-0.435546875,0,0
1779556834.487981,0.060546875,-0.1171875,-0.423828125,0.0,0.1015625,-0.435546875,0,0
1779556834.495974,0.060546875,-0.1171875,-0.423828125,0.0,0.103515625,-0.431640625,0,0
1779556834.503967,0.060546875,-0.111328125,-0.45703125,0.0,0.103515625,-0.431640625,0,0
1779556834.511964,0.060546875,-0.111328125,-0.45703125,0.0,0.099609375,-0.4296875,0,0
1779556834.519956,0.060546875,-0.109375,-0.490234375,0.0,0.099609375,-0.4296875,0,0
1779556834.527970,0.060546875,-0.109375,-0.490234375,0.0,0.08984375,-0.4296875,0,0
1779556834.535975,0.060546875,-0.12109375,-0.515625,0.0,0.08984375,-0.4296875,0,0
1779556834.543992,0.060546875,-0.12109375,-0.515625,0.0,0.080078125,-0.4296875,0,0
1779556834.552032,0.01171875,-0.146484375,-0.54296875,0.0,0.080078125,-0.4296875,0,0
1779556834.559979,0.01171875,-0.146484375,-0.54296875,0.0,0.0625,-0.43359375,0,0
1779556834.567942,0.029296875,-0.17578125,-0.568359375,0.0,0.0625,-0.43359375,0,0
1779556834.575968,0.029296875,-0.17578125,-0.568359375,0.0,0.0546875,-0.435546875,0,0
1779556834.584007,0.0390625,-0.189453125,-0.58984375,0.0,0.0546875,-0.435546875,0,0
1779556834.591972,0.0390625,-0.189453125,-0.58984375,0.0,0.05078125,-0.44140625,0,0
1779556834.599972,0.05859375,-0.169921875,-0.5703125,0.0,0.05078125,-0.44140625,0,0
1779556834.607909,0.05859375,-0.169921875,-0.5703125,0.0,0.08203125,-0.451171875,0,0
1779556834.616072,0.078125,-0.15625,-0.548828125,0.0,0.08203125,-0.451171875,0,0
1779556834.623979,0.078125,-0.15625,-0.548828125,0.0,0.103515625,-0.453125,0,0
1779556834.632015,0.095703125,-0.125,-0.521484375,0.0,0.103515625,-0.453125,0,0
1779556834.640027,0.095703125,-0.125,-0.521484375,0.0,0.12890625,-0.453125,0,0
1779556834.647969,0.095703125,-0.115234375,-0.521484375,0.0,0.12890625,-0.453125,0,0
1779556834.655972,0.095703125,-0.115234375,-0.521484375,0.0,0.140625,-0.453125,0,0
1779556834.664019,0.078125,-0.12109375,-0.54296875,0.0,0.140625,-0.453125,0,0
1779556834.672025,0.078125,-0.12109375,-0.54296875,0.0,0.150390625,-0.453125,0,0
1779556834.679966,0.056640625,-0.13671875,-0.560546875,0.0,0.150390625,-0.453125,0,0
1779556834.687979,0.056640625,-0.13671875,-0.560546875,0.00390625,0.162109375,-0.451171875,0,0
1779556834.696018,0.044921875,-0.140625,-0.544921875,0.00390625,0.162109375,-0.451171875,0,0
1779556834.703986,0.044921875,-0.140625,-0.544921875,0.0390625,0.19140625,-0.443359375,0,0
1779556834.711987,0.048828125,-0.14453125,-0.521484375,0.0390625,0.19140625,-0.443359375,0,0
1779556834.719988,0.048828125,-0.14453125,-0.521484375,0.08203125,0.240234375,-0.44140625,0,0
1779556834.728014,0.0625,-0.12890625,-0.5,0.08203125,0.240234375,-0.44140625,0,0
1779556834.736007,0.0625,-0.12890625,-0.5,0.111328125,0.2890625,-0.443359375,0,0
1779556834.744009,0.099609375,-0.12109375,-0.474609375,0.111328125,0.2890625,-0.443359375,0,0
1779556834.751966,0.099609375,-0.12109375,-0.474609375,0.171875,0.37109375,-0.458984375,0,0
1779556834.760009,0.087890625,-0.10546875,-0.404296875,0.171875,0.37109375,-0.458984375,0,0
1779556834.768027,0.087890625,-0.10546875,-0.404296875,0.19921875,0.4375,-0.451171875,0,0
1779556834.776475,0.076171875,-0.1015625,-0.380859375,0.19921875,0.4375,-0.451171875,0,0
1779556834.784015,0.076171875,-0.1015625,-0.380859375,0.208984375,0.46484375,-0.43359375,0,0
1779556834.792025,0.056640625,-0.109375,-0.353515625,0.208984375,0.46484375,-0.43359375,0,0
1779556834.800011,0.056640625,-0.109375,-0.353515625,0.21484375,0.4921875,-0.4140625,0,0
1779556834.807939,0.03125,-0.109375,-0.310546875,0.21484375,0.4921875,-0.4140625,0,0
1779556834.816103,0.03125,-0.109375,-0.310546875,0.244140625,0.529296875,-0.38671875,0,0
1779556834.823977,0.015625,-0.115234375,-0.2734375,0.244140625,0.529296875,-0.38671875,0,0
1779556834.832007,0.015625,-0.115234375,-0.2734375,0.265625,0.5625,-0.35546875,0,0
1779556834.839939,0.009765625,-0.115234375,-0.24609375,0.265625,0.5625,-0.35546875,0,0
1779556834.847986,0.009765625,-0.115234375,-0.24609375,0.279296875,0.587890625,-0.33203125,0,0
1779556834.855984,0.009765625,-0.10546875,-0.220703125,0.279296875,0.587890625,-0.33203125,0,0
1779556834.863981,0.009765625,-0.10546875,-0.220703125,0.302734375,0.611328125,-0.318359375,0,0
1779556834.872019,0.009765625,-0.09375,-0.197265625,0.302734375,0.611328125,-0.318359375,0,0
1779556834.880020,0.009765625,-0.09375,-0.197265625,0.32421875,0.634765625,-0.314453125,0,0
1779556834.888031,0.009765625,-0.087890625,-0.18359375,0.32421875,0.634765625,-0.314453125,0,0
1779556834.896038,0.009765625,-0.087890625,-0.18359375,0.3359375,0.646484375,-0.3125,0,0
1779556834.903949,0.009765625,-0.087890625,-0.166015625,0.3359375,0.646484375,-0.3125,0,0
1779556834.911962,0.009765625,-0.087890625,-0.166015625,0.345703125,0.6640625,-0.296875,0,0
1779556834.919989,0.009765625,-0.08984375,-0.154296875,0.345703125,0.6640625,-0.296875,0,0
1779556834.927971,0.009765625,-0.08984375,-0.154296875,0.349609375,0.67578125,-0.283203125,0,0
1779556834.935964,0.009765625,-0.08984375,-0.142578125,0.349609375,0.67578125,-0.283203125,0,0
1779556834.943955,0.009765625,-0.08984375,-0.142578125,0.357421875,0.68359375,-0.2734375,0,0
1779556834.951933,0.009765625,-0.08984375,-0.130859375,0.357421875,0.68359375,-0.2734375,0,0
1779556834.959985,0.009765625,-0.08984375,-0.130859375,0.36328125,0.68359375,-0.2578125,0,0
1779556834.967997,0.009765625,-0.083984375,-0.1171875,0.36328125,0.68359375,-0.2578125,0,0
1779556834.975990,0.009765625,-0.083984375,-0.1171875,0.36328125,0.68359375,-0.240234375,0,0
1779556834.983984,0.009765625,-0.083984375,-0.10546875,0.36328125,0.68359375,-0.240234375,0,0
1779556834.991991,0.009765625,-0.083984375,-0.10546875,0.3671875,0.68359375,-0.220703125,0,0
1779556834.999997,0.009765625,-0.0859375,-0.091796875,0.3671875,0.68359375,-0.220703125,0,0
1779556835.008019,0.009765625,-0.0859375,-0.091796875,0.369140625,0.68359375,-0.212890625,0,0
1779556835.016011,0.009765625,-0.087890625,-0.08203125,0.369140625,0.68359375,-0.212890625,0,0
1779556835.023934,0.009765625,-0.087890625,-0.08203125,0.375,0.68359375,-0.20703125,0,0
1779556835.031963,0.009765625,-0.087890625,-0.076171875,0.375,0.68359375,-0.20703125,0,0
1779556835.039929,0.009765625,-0.087890625,-0.076171875,0.37890625,0.68359375,-0.205078125,0,0
1779556835.047957,0.009765625,-0.087890625,-0.072265625,0.37890625,0.68359375,-0.205078125,0,0
1779556835.055992,0.009765625,-0.087890625,-0.072265625,0.380859375,0.68359375,-0.205078125,0,0
1779556835.063946,0.009765625,-0.087890625,-0.068359375,0.380859375,0.68359375,-0.205078125,0,0
1779556835.072037,0.009765625,-0.087890625,-0.068359375,0.384765625,0.68359375,-0.203125,0,0
1779556835.080038,0.009765625,-0.087890625,-0.0625,0.384765625,0.68359375,-0.203125,0,0
1779556835.088033,0.009765625,-0.087890625,-0.0625,0.3828125,0.68359375,-0.197265625,0,0
1779556835.096022,0.009765625,-0.087890625,-0.060546875,0.3828125,0.68359375,-0.197265625,0,0
1779556835.104019,0.009765625,-0.087890625,-0.060546875,0.3828125,0.68359375,-0.1953125,0,0
1779556835.112029,0.009765625,-0.087890625,-0.060546875,0.3828125,0.68359375,-0.1953125,0,0
1779556835.120031,0.009765625,-0.087890625,-0.060546875,0.3828125,0.68359375,-0.1953125,0,0
1779556835.128021,0.009765625,-0.087890625,-0.060546875,0.3828125,0.68359375,-0.1953125,0,0
1779556835.135960,0.009765625,-0.087890625,-0.060546875,0.384765625,0.68359375,-0.1953125,0,0
1779556835.143998,0.009765625,-0.087890625,-0.060546875,0.384765625,0.68359375,-0.1953125,0,0
1779556835.152001,0.009765625,-0.087890625,-0.060546875,0.384765625,0.68359375,-0.1953125,0,0
1779556835.159923,0.009765625,-0.087890625,-0.060546875,0.384765625,0.68359375,-0.1953125,0,0
1779556835.167979,0.009765625,-0.087890625,-0.060546875,0.384765625,0.68359375,-0.1953125,0,0
1779556835.175899,0.009765625,-0.087890625,-0.060546875,0.384765625,0.68359375,-0.1953125,0,0
1779556835.183976,0.009765625,-0.087890625,-0.060546875,0.384765625,0.68359375,-0.1953125,0,0
1779556835.191920,0.009765625,-0.0859375,-0.060546875,0.384765625,0.68359375,-0.1953125,0,0
1779556835.199998,0.009765625,-0.0859375,-0.060546875,0.380859375,0.68359375,-0.193359375,0,0
1779556835.207992,0.009765625,-0.083984375,-0.05859375,0.380859375,0.68359375,-0.193359375,0,0
1779556835.216051,0.009765625,-0.083984375,-0.05859375,0.373046875,0.68359375,-0.185546875,0,0
1779556835.223954,0.009765625,-0.08203125,-0.05859375,0.373046875,0.68359375,-0.185546875,0,0
1779556835.231921,0.009765625,-0.08203125,-0.05859375,0.37109375,0.68359375,-0.1796875,0,0
1779556835.239897,0.009765625,-0.080078125,-0.05859375,0.37109375,0.68359375,-0.1796875,0,0
1779556835.247899,0.009765625,-0.080078125,-0.05859375,0.37109375,0.68359375,-0.177734375,0,0
1779556835.255932,0.009765625,-0.078125,-0.05859375,0.37109375,0.68359375,-0.177734375,0,0
1779556835.263913,0.009765625,-0.078125,-0.05859375,0.37109375,0.68359375,-0.17578125,0,0
1779556835.271908,0.009765625,-0.078125,-0.05859375,0.37109375,0.68359375,-0.17578125,0,0
1779556835.279899,0.009765625,-0.078125,-0.05859375,0.37109375,0.68359375,-0.17578125,0,0
1779556835.287939,0.009765625,-0.078125,-0.05859375,0.37109375,0.68359375,-0.17578125,0,0
1779556835.295932,0.009765625,-0.078125,-0.05859375,0.37109375,0.68359375,-0.17578125,0,0
1779556835.303974,0.009765625,-0.080078125,-0.05859375,0.37109375,0.68359375,-0.17578125,0,0
1779556835.311993,0.009765625,-0.080078125,-0.05859375,0.373046875,0.68359375,-0.173828125,0,0
1779556835.320009,0.009765625,-0.078125,-0.05859375,0.373046875,0.68359375,-0.173828125,0,0
1779556835.327954,0.009765625,-0.078125,-0.05859375,0.369140625,0.68359375,-0.169921875,0,0
1779556835.335922,0.009765625,-0.076171875,-0.05859375,0.369140625,0.68359375,-0.169921875,0,0
1779556835.343925,0.009765625,-0.076171875,-0.05859375,0.369140625,0.68359375,-0.166015625,0,0
1779556835.351954,0.009765625,-0.07421875,-0.05859375,0.369140625,0.68359375,-0.166015625,0,0
1779556835.359980,0.009765625,-0.07421875,-0.05859375,0.3671875,0.68359375,-0.162109375,0,0
1779556835.367994,0.009765625,-0.072265625,-0.056640625,0.3671875,0.68359375,-0.162109375,0,0
1779556835.375967,0.009765625,-0.072265625,-0.056640625,0.365234375,0.68359375,-0.158203125,0,0
1779556835.384012,0.009765625,-0.072265625,-0.056640625,0.365234375,0.68359375,-0.158203125,0,0
1779556835.392004,0.009765625,-0.072265625,-0.056640625,0.3671875,0.68359375,-0.154296875,0,0
1779556835.399960,0.009765625,-0.0703125,-0.056640625,0.3671875,0.68359375,-0.154296875,0,0
1779556835.408017,0.009765625,-0.0703125,-0.056640625,0.369140625,0.68359375,-0.154296875,0,0
1779556835.416018,0.009765625,-0.0703125,-0.056640625,0.369140625,0.68359375,-0.154296875,0,0
1779556835.423962,0.009765625,-0.0703125,-0.056640625,0.369140625,0.68359375,-0.154296875,0,0
1779556835.432001,0.009765625,-0.0703125,-0.056640625,0.369140625,0.68359375,-0.154296875,0,0
1779556835.439952,0.009765625,-0.0703125,-0.056640625,0.369140625,0.68359375,-0.154296875,0,0
1779556835.448020,0.009765625,-0.068359375,-0.060546875,0.369140625,0.68359375,-0.154296875,0,0
1779556835.456005,0.009765625,-0.068359375,-0.060546875,0.369140625,0.68359375,-0.154296875,0,0
1779556835.463974,0.009765625,-0.068359375,-0.060546875,0.369140625,0.68359375,-0.154296875,0,0
1779556835.471998,0.009765625,-0.068359375,-0.060546875,0.369140625,0.68359375,-0.154296875,0,0
1779556835.479951,0.009765625,-0.06640625,-0.05859375,0.369140625,0.68359375,-0.154296875,0,0
1779556835.487945,0.009765625,-0.06640625,-0.05859375,0.369140625,0.68359375,-0.16015625,0,0
1779556835.496027,0.009765625,-0.03515625,-0.076171875,0.369140625,0.68359375,-0.16015625,0,0
1779556835.503990,0.009765625,-0.03515625,-0.076171875,0.361328125,0.68359375,-0.193359375,0,0
1779556835.511993,0.0,-0.01171875,-0.1015625,0.361328125,0.68359375,-0.193359375,0,0
1779556835.519950,0.0,-0.01171875,-0.1015625,0.33203125,0.68359375,-0.216796875,0,0
1779556835.527966,0.04296875,-0.01171875,-0.140625,0.33203125,0.68359375,-0.216796875,0,0
1779556835.535959,0.04296875,-0.01171875,-0.140625,0.240234375,0.68359375,-0.232421875,0,0
1779556835.543912,0.083984375,-0.01171875,-0.12890625,0.240234375,0.68359375,-0.232421875,0,0
1779556835.551975,0.083984375,-0.01171875,-0.12890625,0.10546875,0.6484375,-0.248046875,0,0
1779556835.559954,0.111328125,-0.01171875,-0.109375,0.10546875,0.6484375,-0.248046875,0,0
1779556835.567962,0.111328125,-0.01171875,-0.109375,0.10546875,0.564453125,-0.263671875,0,0
1779556835.575919,0.115234375,-0.01171875,-0.06640625,0.10546875,0.564453125,-0.263671875,0,0
1779556835.584058,0.115234375,-0.01171875,-0.06640625,-0.091796875,0.38671875,-0.2421875,0,0
1779556835.591985,0.068359375,-0.00390625,-0.0859375,-0.091796875,0.38671875,-0.2421875,0,0
1779556835.599989,0.068359375,-0.00390625,-0.0859375,-0.11328125,0.23828125,-0.181640625,0,0
1779556835.607966,-0.0546875,-0.00390625,-0.0859375,-0.11328125,0.23828125,-0.181640625,0,0
1779556835.615998,-0.0546875,-0.00390625,-0.0859375,-0.11328125,0.23828125,0.0078125,0,0
1779556835.624046,0.013671875,-0.00390625,-0.0859375,-0.11328125,0.23828125,0.0078125,0,0
1779556835.632025,0.013671875,-0.00390625,-0.0859375,-0.11328125,0.07421875,-0.060546875,0,0
1779556835.640032,-0.07421875,-0.00390625,-0.0859375,-0.11328125,0.07421875,-0.060546875,0,0
1779556835.647971,-0.07421875,-0.00390625,-0.0859375,0.04296875,-0.083984375,-0.060546875,0,0
1779556835.656006,0.041015625,-0.00390625,-0.0859375,0.04296875,-0.083984375,-0.060546875,0,0
1779556835.663996,0.041015625,-0.00390625,-0.0859375,0.04296875,0.08984375,-0.060546875,0,0
1779556835.671961,-0.02734375,-0.00390625,-0.0859375,0.04296875,0.08984375,-0.060546875,0,0
1779556835.679934,-0.02734375,-0.00390625,-0.0859375,0.04296875,-0.017578125,-0.060546875,0,0
1779556835.709965,0.0,0.0,0.0,0.0,0.0,0.0,0,0
1779556835.711948,-0.02734375,-0.00390625,-0.0859375,0.04296875,0.013671875,-0.060546875,0,0
1779556835.719947,-0.017578125,-0.00390625,-0.0859375,0.04296875,0.013671875,-0.060546875,0,0
1779556835.727940,-0.017578125,-0.00390625,-0.0859375,0.04296875,-0.021484375,-0.060546875,0,0
1779556835.743970,-0.017578125,-0.00390625,-0.0859375,0.04296875,0.015625,-0.060546875,0,0
1779556835.759935,-0.017578125,-0.00390625,-0.0859375,0.04296875,-0.013671875,-0.060546875,0,0
1779556835.789945,0.0,0.0,0.0,0.0,0.0,0.0,0,0
1779556835.799974,-0.017578125,-0.044921875,-0.0859375,0.04296875,-0.013671875,-0.060546875,0,0
1779556835.816020,-0.017578125,-0.08203125,-0.0859375,0.04296875,-0.013671875,-0.060546875,0,0
1779556835.831967,-0.017578125,-0.140625,-0.0859375,0.04296875,-0.013671875,-0.060546875,0,0
1779556835.847965,-0.017578125,-0.189453125,-0.0859375,0.04296875,-0.013671875,-0.060546875,0,0
1779556835.864000,-0.017578125,-0.169921875,-0.0859375,0.04296875,-0.013671875,-0.060546875,0,0
1779556835.872017,-0.017578125,-0.169921875,-0.0859375,0.021484375,-0.013671875,-0.060546875,0,0
1779556835.880008,-0.095703125,-0.166015625,-0.0859375,0.021484375,-0.013671875,-0.060546875,0,0
1779556835.887984,-0.095703125,-0.166015625,-0.0859375,0.021484375,-0.0234375,0.005859375,0,0
1779556835.896002,-0.228515625,-0.1875,-0.01171875,0.021484375,-0.0234375,0.005859375,0,0
1779556835.903995,-0.228515625,-0.1875,-0.01171875,0.01953125,-0.125,0.017578125,0,0
1779556835.911981,-0.32421875,-0.19921875,-0.03515625,0.01953125,-0.125,0.017578125,0,0
1779556835.919984,-0.32421875,-0.19921875,-0.03515625,0.02734375,-0.212890625,0.021484375,0,0
1779556835.927961,-0.44921875,-0.2109375,-0.04296875,0.02734375,-0.212890625,0.021484375,0,0
1779556835.935977,-0.44921875,-0.2109375,-0.04296875,0.078125,-0.330078125,0.0390625,0,0
1779556835.943953,-0.521484375,-0.185546875,-0.041015625,0.078125,-0.330078125,0.0390625,0,0
1779556835.951969,-0.521484375,-0.185546875,-0.041015625,0.109375,-0.41015625,0.04296875,0,0
1779556835.959982,-0.52734375,-0.1640625,-0.056640625,0.109375,-0.41015625,0.04296875,0,0
1779556835.967983,-0.52734375,-0.1640625,-0.056640625,0.103515625,-0.44140625,0.02734375,0,0
1779556835.975984,-0.525390625,-0.154296875,-0.078125,0.103515625,-0.44140625,0.02734375,0,0
1779556835.984026,-0.525390625,-0.154296875,-0.078125,0.078125,-0.458984375,0.013671875,0,0
1779556835.991991,-0.5234375,-0.1484375,-0.1015625,0.078125,-0.458984375,0.013671875,0,0
1779556835.999990,-0.5234375,-0.1484375,-0.1015625,0.044921875,-0.474609375,0.005859375,0,0
1779556836.007937,-0.525390625,-0.130859375,-0.119140625,0.044921875,-0.474609375,0.005859375,0,0
1779556836.015946,-0.525390625,-0.130859375,-0.119140625,0.0390625,-0.484375,0.005859375,0,0
1779556836.023955,-0.517578125,-0.11328125,-0.138671875,0.0390625,-0.484375,0.005859375,0,0
1779556836.031948,-0.517578125,-0.11328125,-0.138671875,0.0390625,-0.49609375,0.005859375,0,0
1779556836.039972,-0.505859375,-0.119140625,-0.1640625,0.0390625,-0.49609375,0.005859375,0,0
1779556836.048017,-0.505859375,-0.119140625,-0.1640625,0.046875,-0.515625,0.005859375,0,0
1779556836.055980,-0.494140625,-0.130859375,-0.1796875,0.046875,-0.515625,0.005859375,0,0
1779556836.064003,-0.494140625,-0.130859375,-0.1796875,0.0546875,-0.521484375,0.005859375,0,0
1779556836.071923,-0.49609375,-0.12890625,-0.177734375,0.0546875,-0.521484375,0.005859375,0,0
1779556836.079970,-0.49609375,-0.12890625,-0.177734375,0.0703125,-0.517578125,0.005859375,0,0
1779556836.087977,-0.50390625,-0.103515625,-0.173828125,0.0703125,-0.517578125,0.005859375,0,0
1779556836.095978,-0.50390625,-0.103515625,-0.173828125,0.09375,-0.509765625,0.005859375,0,0
1779556836.103989,-0.50390625,-0.08203125,-0.171875,0.09375,-0.509765625,0.005859375,0,0
1779556836.111987,-0.50390625,-0.08203125,-0.171875,0.111328125,-0.5,0.005859375,0,0
1779556836.120019,-0.505859375,-0.06640625,-0.17578125,0.111328125,-0.5,0.005859375,0,0
1779556836.127974,-0.505859375,-0.06640625,-0.17578125,0.111328125,-0.501953125,0.005859375,0,0
1779556836.135959,-0.505859375,-0.056640625,-0.18359375,0.111328125,-0.501953125,0.005859375,0,0
1779556836.144027,-0.505859375,-0.056640625,-0.18359375,0.109375,-0.5078125,0.005859375,0,0
1779556836.152013,-0.50390625,-0.056640625,-0.1953125,0.109375,-0.5078125,0.005859375,0,0
1779556836.159978,-0.50390625,-0.056640625,-0.1953125,0.126953125,-0.5078125,-0.00390625,0,0
1779556836.167977,-0.501953125,-0.056640625,-0.193359375,0.126953125,-0.5078125,-0.00390625,0,0
1779556836.176015,-0.501953125,-0.056640625,-0.193359375,0.146484375,-0.5,-0.00390625,0,0
1779556836.184030,-0.501953125,-0.052734375,-0.19140625,0.146484375,-0.5,-0.00390625,0,0
1779556836.192003,-0.501953125,-0.052734375,-0.19140625,0.150390625,-0.498046875,-0.005859375,0,0
1779556836.199978,-0.501953125,-0.04296875,-0.193359375,0.150390625,-0.498046875,-0.005859375,0,0
1779556836.207965,-0.501953125,-0.04296875,-0.193359375,0.154296875,-0.498046875,-0.01171875,0,0
1779556836.215996,-0.5,-0.0390625,-0.201171875,0.154296875,-0.498046875,-0.01171875,0,0
1779556836.223989,-0.5,-0.0390625,-0.201171875,0.150390625,-0.50390625,-0.017578125,0,0
1779556836.231964,-0.498046875,-0.0390625,-0.20703125,0.150390625,-0.50390625,-0.017578125,0,0
1779556836.240010,-0.498046875,-0.0390625,-0.20703125,0.146484375,-0.5078125,-0.017578125,0,0
1779556836.247978,-0.498046875,-0.041015625,-0.20703125,0.146484375,-0.5078125,-0.017578125,0,0
1779556836.255951,-0.498046875,-0.041015625,-0.20703125,0.1484375,-0.5078125,-0.017578125,0,0
1779556836.263943,-0.5,-0.041015625,-0.19921875,0.1484375,-0.5078125,-0.017578125,0,0
1779556836.271957,-0.5,-0.041015625,-0.19921875,0.1484375,-0.5,-0.017578125,0,0
1779556836.279944,-0.5078125,-0.03515625,-0.18359375,0.1484375,-0.5,-0.017578125,0,0
1779556836.287939,-0.5078125,-0.03515625,-0.18359375,0.1484375,-0.486328125,-0.0234375,0,0
1779556836.295995,-0.51953125,-0.02734375,-0.16796875,0.1484375,-0.486328125,-0.0234375,0,0
1779556836.303997,-0.51953125,-0.02734375,-0.16796875,0.150390625,-0.466796875,-0.029296875,0,0
1779556836.312026,-0.53125,-0.0234375,-0.150390625,0.150390625,-0.466796875,-0.029296875,0,0
1779556836.320007,-0.53125,-0.0234375,-0.150390625,0.15625,-0.44140625,-0.03125,0,0
1779556836.327983,-0.54296875,-0.03125,-0.130859375,0.15625,-0.44140625,-0.03125,0,0
1779556836.335980,-0.54296875,-0.03125,-0.130859375,0.162109375,-0.41015625,-0.033203125,0,0
1779556836.344024,-0.5234375,-0.044921875,-0.111328125,0.162109375,-0.41015625,-0.033203125,0,0
1779556836.352005,-0.5234375,-0.044921875,-0.111328125,0.177734375,-0.357421875,-0.033203125,0,0
1779556836.359999,-0.4453125,-0.03125,-0.060546875,0.177734375,-0.357421875,-0.033203125,0,0
1779556836.368029,-0.4453125,-0.03125,-0.060546875,0.18359375,-0.267578125,-0.041015625,0,0
1779556836.375998,-0.33984375,-0.013671875,-0.015625,0.18359375,-0.267578125,-0.041015625,0,0
1779556836.384003,-0.33984375,-0.013671875,-0.015625,0.1953125,-0.138671875,-0.048828125,0,0
1779556836.391993,-0.1875,-0.009765625,-0.015625,0.1953125,-0.138671875,-0.048828125,0,0
1779556836.399971,-0.1875,-0.009765625,-0.015625,0.18359375,-0.048828125,-0.056640625,0,0
1779556836.408027,-0.0390625,-0.021484375,-0.015625,0.18359375,-0.048828125,-0.056640625,0,0
1779556836.416038,-0.0390625,-0.021484375,-0.015625,0.162109375,-0.048828125,-0.04296875,0,0
1779556836.424005,-0.0390625,-0.0390625,-0.015625,0.162109375,-0.048828125,-0.04296875,0,0
1779556836.431938,-0.0390625,-0.0390625,-0.015625,0.142578125,-0.048828125,-0.013671875,0,0
1779556836.439938,-0.0390625,-0.02734375,-0.015625,0.142578125,-0.048828125,-0.013671875,0,0
1779556836.447956,-0.0390625,-0.02734375,-0.015625,0.04296875,-0.048828125,-0.013671875,0,0
1779556836.456020,-0.0390625,-0.0078125,-0.015625,0.04296875,-0.048828125,-0.013671875,0,0
1779556836.485997,0.0,0.0,0.0,0.0,0.0,0.0,0,0
1779556836.516998,0.0,0.0,0.0,0.0,0.0,0.0,0,0
1779556836.547973,0.0,0.0,0.0,0.0,0.0,0.0,0,0
1779556836.578960,0.0,0.0,0.0,0.0,0.0,0.0,0,0
1779556836.610014,0.0,0.0,0.0,0.0,0.0,0.0,0,0
1779556836.641002,0.0,0.0,0.0,0.0,0.0,0.0,0,0
1779556836.671953,0.0,0.0,0.0,0.0,0.0,0.0,0,0
1779556836.703020,0.0,0.0,0.0,0.0,0.0,0.0,0,0
1779556836.734017,0.0,0.0,0.0,0.0,0.0,0.0,0,0
1779556836.764968,0.0,0.0,0.0,0.0,0.0,0.0,0,0
1779556836.796031,0.0,0.0,0.0,0.0,0.0,0.0,0,0
1779556836.826994,0.0,0.0,0.0,0.0,0.0,0.0,0,0
1779556836.847960,-0.0390625,-0.005859375,-0.015625,0.04296875,-0.048828125,-0.013671875,0,0
1779556836.863978,-0.0390625,-0.0234375,-0.015625,0.04296875,-0.048828125,-0.013671875,0,0
1779556836.879973,-0.0390625,-0.0390625,-0.015625,0.04296875,-0.048828125,-0.013671875,0,0
1779556836.896005,-0.0390625,-0.056640625,-0.015625,0.04296875,-0.048828125,-0.013671875,0,0
1779556836.911998,-0.0390625,-0.099609375,-0.015625,0.04296875,-0.048828125,-0.013671875,0,0
1779556836.919977,-0.0390625,-0.099609375,-0.015625,0.04296875,0.01953125,-0.025390625,0,0
1779556836.927958,-0.0390625,-0.09375,-0.015625,0.04296875,0.01953125,-0.025390625,0,0
1779556836.935929,-0.0390625,-0.09375,-0.015625,0.04296875,0.03515625,-0.056640625,0,0
1779556836.943971,-0.0390625,-0.08984375,0.029296875,0.04296875,0.03515625,-0.056640625,0,0
1779556836.951993,-0.0390625,-0.08984375,0.029296875,0.021484375,0.0625,-0.1015625,0,0
1779556836.959982,-0.0390625,-0.080078125,0.09765625,0.021484375,0.0625,-0.1015625,0,0
1779556836.968022,-0.0390625,-0.080078125,0.09765625,0.052734375,0.0859375,-0.142578125,0,0
1779556836.975995,-0.0390625,-0.080078125,0.14453125,0.052734375,0.0859375,-0.142578125,0,0
1779556836.984049,-0.0390625,-0.080078125,0.14453125,0.0703125,0.09375,-0.173828125,0,0
1779556836.991985,-0.0390625,-0.087890625,0.166015625,0.0703125,0.09375,-0.173828125,0,0
1779556837.000012,-0.0390625,-0.087890625,0.166015625,0.076171875,0.083984375,-0.189453125,0,0
1779556837.007996,-0.0390625,-0.099609375,0.173828125,0.076171875,0.083984375,-0.189453125,0,0
1779556837.016062,-0.0390625,-0.099609375,0.173828125,0.078125,0.0625,-0.185546875,0,0
1779556837.023984,-0.0390625,-0.109375,0.171875,0.078125,0.0625,-0.185546875,0,0
1779556837.031983,-0.0390625,-0.109375,0.171875,0.0625,0.05078125,-0.173828125,0,0
1779556837.039929,-0.0390625,-0.09765625,0.177734375,0.0625,0.05078125,-0.173828125,0,0
1779556837.047986,-0.0390625,-0.09765625,0.177734375,0.05078125,0.05078125,-0.162109375,0,0
1779556837.055999,-0.0390625,-0.060546875,0.203125,0.05078125,0.05078125,-0.162109375,0,0
1779556837.064020,-0.0390625,-0.060546875,0.203125,0.0546875,0.05078125,-0.16015625,0,0
1779556837.072011,0.00390625,-0.041015625,0.21484375,0.0546875,0.05078125,-0.16015625,0,0
1779556837.079972,0.00390625,-0.041015625,0.21484375,0.068359375,0.048828125,-0.16015625,0,0
1779556837.087984,0.00390625,-0.029296875,0.216796875,0.068359375,0.048828125,-0.16015625,0,0
1779556837.095988,0.00390625,-0.029296875,0.216796875,0.083984375,0.037109375,-0.150390625,0,0
1779556837.104026,0.00390625,-0.02734375,0.2109375,0.083984375,0.037109375,-0.150390625,0,0
1779556837.111941,0.00390625,-0.02734375,0.2109375,0.0859375,0.02734375,-0.140625,0,0
1779556837.120023,0.00390625,-0.01953125,0.19921875,0.0859375,0.02734375,-0.140625,0,0
1779556837.128028,0.00390625,-0.01953125,0.19921875,0.099609375,0.01171875,-0.123046875,0,0
1779556837.135948,0.00390625,-0.015625,0.18359375,0.099609375,0.01171875,-0.123046875,0,0
1779556837.143950,0.00390625,-0.015625,0.18359375,0.109375,0.00390625,-0.10546875,0,0
1779556837.152001,0.00390625,-0.0078125,0.15625,0.109375,0.00390625,-0.10546875,0,0
1779556837.159984,0.00390625,-0.0078125,0.15625,0.1015625,0.0,-0.078125,0,0
1779556837.167979,0.00390625,-0.005859375,0.10546875,0.1015625,0.0,-0.078125,0,0
1779556837.175975,0.00390625,-0.005859375,0.10546875,0.072265625,0.0,-0.044921875,0,0
1779556837.183971,0.00390625,-0.005859375,0.068359375,0.072265625,0.0,-0.044921875,0,0
1779556837.191976,0.00390625,-0.005859375,0.068359375,0.029296875,0.0,-0.015625,0,0
1779556837.199965,0.00390625,-0.005859375,0.05859375,0.029296875,0.0,-0.015625,0,0
1779556837.215991,0.00390625,-0.005859375,0.0546875,0.029296875,0.0,-0.015625,0,0
1779556837.231997,0.00390625,-0.005859375,0.056640625,0.029296875,0.0,-0.015625,0,0
1779556837.247978,0.00390625,-0.005859375,0.04296875,0.029296875,0.0,-0.015625,0,0
1779556837.255984,0.00390625,-0.005859375,0.04296875,0.029296875,0.00390625,-0.015625,0,0
1779556837.263968,0.00390625,-0.005859375,0.02734375,0.029296875,0.00390625,-0.015625,0,0
1779556837.279949,0.00390625,-0.005859375,0.033203125,0.029296875,0.00390625,-0.015625,0,0
1779556837.295948,0.00390625,-0.005859375,0.0625,0.029296875,0.00390625,-0.015625,0,0
1779556837.303951,0.00390625,-0.005859375,0.0625,0.029296875,0.013671875,-0.0078125,0,0
1779556837.312011,0.00390625,-0.005859375,0.076171875,0.029296875,0.013671875,-0.0078125,0,0
1779556837.319988,0.00390625,-0.005859375,0.076171875,0.029296875,0.013671875,-0.015625,0,0
1779556837.327990,0.00390625,-0.005859375,0.09375,0.029296875,0.013671875,-0.015625,0,0
1779556837.335973,0.00390625,-0.005859375,0.09375,-0.0078125,0.015625,-0.021484375,0,0
1779556837.343978,0.00390625,-0.005859375,0.119140625,-0.0078125,0.015625,-0.021484375,0,0
1779556837.351989,0.00390625,-0.005859375,0.119140625,-0.013671875,0.015625,-0.025390625,0,0
1779556837.360020,0.00390625,-0.005859375,0.134765625,-0.013671875,0.015625,-0.025390625,0,0
1779556837.368002,0.00390625,-0.005859375,0.134765625,-0.0234375,0.01171875,-0.02734375,0,0
1779556837.375998,0.00390625,-0.005859375,0.146484375,-0.0234375,0.01171875,-0.02734375,0,0
1779556837.384041,0.00390625,-0.005859375,0.146484375,-0.033203125,0.005859375,-0.02734375,0,0
1779556837.392006,0.00390625,0.0,0.171875,-0.033203125,0.005859375,-0.02734375,0,0
1779556837.399998,0.00390625,0.0,0.171875,-0.0390625,0.005859375,-0.033203125,0,0
1779556837.408003,0.00390625,0.0,0.1953125,-0.0390625,0.005859375,-0.033203125,0,0
1779556837.416010,0.00390625,0.0,0.1953125,-0.037109375,0.013671875,-0.037109375,0,0
1779556837.424039,0.00390625,0.0,0.2109375,-0.037109375,0.013671875,-0.037109375,0,0
1779556837.431969,0.00390625,0.0,0.2109375,-0.02734375,0.017578125,-0.041015625,0,0
1779556837.440013,0.00390625,0.0,0.22265625,-0.02734375,0.017578125,-0.041015625,0,0
1779556837.447997,0.00390625,0.0,0.22265625,-0.0234375,0.017578125,-0.046875,0,0
1779556837.455945,0.00390625,0.0,0.232421875,-0.0234375,0.017578125,-0.046875,0,0
1779556837.463954,0.00390625,0.0,0.232421875,-0.013671875,0.015625,-0.048828125,0,0
1779556837.472032,0.00390625,0.0,0.23828125,-0.013671875,0.015625,-0.048828125,0,0
1779556837.480013,0.00390625,0.0,0.23828125,-0.013671875,0.01171875,-0.048828125,0,0
1779556837.487994,0.00390625,0.0,0.23046875,-0.013671875,0.01171875,-0.048828125,0,0
1779556837.495999,0.00390625,0.0,0.23046875,-0.013671875,0.01171875,-0.044921875,0,0
1779556837.504008,0.00390625,0.0,0.220703125,-0.013671875,0.01171875,-0.044921875,0,0
1779556837.511997,0.00390625,0.0,0.220703125,-0.013671875,0.017578125,-0.04296875,0,0
1779556837.520009,0.00390625,0.0,0.205078125,-0.013671875,0.017578125,-0.04296875,0,0
1779556837.528014,0.00390625,0.0,0.205078125,-0.013671875,0.0234375,-0.037109375,0,0
1779556837.535999,0.009765625,0.0,0.19140625,-0.013671875,0.0234375,-0.037109375,0,0
1779556837.544008,0.009765625,0.0,0.19140625,-0.013671875,0.029296875,-0.03125,0,0
1779556837.551960,0.021484375,0.0,0.19140625,-0.013671875,0.029296875,-0.03125,0,0
1779556837.559992,0.021484375,0.0,0.19140625,0.0,0.0390625,-0.033203125,0,0
1779556837.568003,0.03125,0.0,0.197265625,0.0,0.0390625,-0.033203125,0,0
1779556837.576028,0.03125,0.0,0.197265625,-0.021484375,0.041015625,-0.0390625,0,0
1779556837.584007,0.04296875,0.0,0.216796875,-0.021484375,0.041015625,-0.0390625,0,0
1779556837.592010,0.04296875,0.0,0.216796875,-0.029296875,0.041015625,-0.04296875,0,0
1779556837.600009,0.052734375,0.0,0.271484375,-0.029296875,0.041015625,-0.04296875,0,0
1779556837.608014,0.052734375,0.0,0.271484375,-0.03515625,0.046875,-0.04296875,0,0
1779556837.615975,0.05078125,0.0,0.31640625,-0.03515625,0.046875,-0.04296875,0,0
1779556837.623973,0.05078125,0.0,0.31640625,-0.03125,0.046875,-0.05078125,0,0
1779556837.631982,0.029296875,0.0,0.369140625,-0.03125,0.046875,-0.05078125,0,0
1779556837.639996,0.029296875,0.0,0.369140625,-0.02734375,0.033203125,-0.068359375,0,0
1779556837.647999,0.029296875,0.0,0.408203125,-0.02734375,0.033203125,-0.068359375,0,0
1779556837.656011,0.029296875,0.0,0.408203125,-0.04296875,0.0078125,-0.076171875,0,0
1779556837.663984,0.029296875,0.009765625,0.421875,-0.04296875,0.0078125,-0.076171875,0,0
1779556837.672009,0.029296875,0.009765625,0.421875,-0.091796875,0.0078125,-0.08203125,0,0
1779556837.679997,-0.017578125,0.02734375,0.435546875,-0.091796875,0.0078125,-0.08203125,0,0
1779556837.688008,-0.017578125,0.02734375,0.435546875,-0.130859375,0.0078125,-0.095703125,0,0
1779556837.696036,-0.0078125,0.04296875,0.490234375,-0.130859375,0.0078125,-0.095703125,0,0
1779556837.703994,-0.0078125,0.04296875,0.490234375,-0.146484375,0.0078125,-0.11328125,0,0
1779556837.711969,-0.0078125,0.037109375,0.544921875,-0.146484375,0.0078125,-0.11328125,0,0
1779556837.720005,-0.0078125,0.037109375,0.544921875,-0.12890625,0.0078125,-0.12890625,0,0
1779556837.727998,-0.0078125,0.017578125,0.56640625,-0.12890625,0.0078125,-0.12890625,0,0
1779556837.735995,-0.0078125,0.017578125,0.56640625,-0.123046875,0.0078125,-0.12890625,0,0
1779556837.743954,-0.0078125,0.017578125,0.55859375,-0.123046875,0.0078125,-0.12890625,0,0
1779556837.752015,-0.0078125,0.017578125,0.55859375,-0.12890625,0.0078125,-0.111328125,0,0
1779556837.759985,-0.017578125,0.017578125,0.53515625,-0.12890625,0.0078125,-0.111328125,0,0
1779556837.767966,-0.017578125,0.017578125,0.53515625,-0.138671875,0.0078125,-0.09375,0,0
1779556837.775983,-0.02734375,0.017578125,0.517578125,-0.138671875,0.0078125,-0.09375,0,0
1779556837.784004,-0.02734375,0.017578125,0.517578125,-0.140625,0.0078125,-0.08203125,0,0
1779556837.791911,-0.03125,0.017578125,0.51171875,-0.140625,0.0078125,-0.08203125,0,0
1779556837.799977,-0.03125,0.017578125,0.51171875,-0.134765625,0.0078125,-0.078125,0,0
1779556837.807983,-0.021484375,0.017578125,0.50390625,-0.134765625,0.0078125,-0.078125,0,0
1779556837.815980,-0.021484375,0.017578125,0.50390625,-0.111328125,0.0078125,-0.078125,0,0
1779556837.823963,-0.009765625,0.017578125,0.494140625,-0.111328125,0.0078125,-0.078125,0,0
1779556837.831976,-0.009765625,0.017578125,0.494140625,-0.083984375,0.0078125,-0.08203125,0,0
1779556837.839991,-0.009765625,0.017578125,0.47265625,-0.083984375,0.0078125,-0.08203125,0,0
1779556837.847935,-0.009765625,0.017578125,0.47265625,-0.060546875,0.0078125,-0.083984375,0,0
1779556837.855961,-0.009765625,-0.029296875,0.4375,-0.060546875,0.0078125,-0.083984375,0,0
1779556837.863969,-0.009765625,-0.029296875,0.4375,-0.03515625,0.0078125,-0.083984375,0,0
1779556837.871941,-0.009765625,-0.04296875,0.416015625,-0.03515625,0.0078125,-0.083984375,0,0
1779556837.879982,-0.009765625,-0.04296875,0.416015625,-0.021484375,0.0078125,-0.080078125,0,0
1779556837.888025,0.0,-0.05078125,0.380859375,-0.021484375,0.0078125,-0.080078125,0,0
1779556837.896023,0.0,-0.05078125,0.380859375,0.0,0.0078125,-0.076171875,0,0
1779556837.903993,0.0,-0.052734375,0.341796875,0.0,0.0078125,-0.076171875,0,0
1779556837.911976,0.0,-0.052734375,0.341796875,0.0,0.0078125,-0.076171875,0,0
1779556837.919918,0.0,-0.0546875,0.28125,0.0,0.0078125,-0.076171875,0,0
1779556837.927943,0.0,-0.0546875,0.28125,0.0,0.0078125,-0.07421875,0,0
1779556837.936012,0.0,-0.0546875,0.203125,0.0,0.0078125,-0.07421875,0,0
1779556837.943963,0.0,-0.0546875,0.203125,0.0,0.0078125,-0.064453125,0,0
1779556837.951937,0.0,-0.05078125,0.146484375,0.0,0.0078125,-0.064453125,0,0
1779556837.960000,0.0,-0.05078125,0.146484375,0.0,0.0078125,-0.048828125,0,0
1779556837.967998,0.0,-0.037109375,0.08203125,0.0,0.0078125,-0.048828125,0,0
1779556837.975979,0.0,-0.037109375,0.08203125,0.0,0.0078125,-0.02734375,0,0
1779556837.984004,0.0,-0.025390625,0.08203125,0.0,0.0078125,-0.02734375,0,0
1779556837.992009,0.0,-0.025390625,0.08203125,0.013671875,0.0078125,-0.009765625,0,0
1779556838.007991,0.0,-0.025390625,0.08203125,0.03125,0.0078125,-0.009765625,0,0
1779556838.037912,0.0,0.0,0.0,0.0,0.0,0.0,0,0
1779556838.069005,0.0,0.0,0.0,0.0,0.0,0.0,0,0
1779556838.071913,-0.00390625,-0.025390625,0.08203125,0.03125,0.0078125,-0.009765625,0,0
1779556838.087962,-0.00390625,-0.025390625,0.08203125,0.03125,0.0078125,-0.009765625,0,0
1779556838.103944,-0.0078125,-0.025390625,0.08203125,0.03125,0.0078125,-0.009765625,0,0
1779556838.133953,0.0,0.0,0.0,0.0,0.0,0.0,0,0
1779556838.165001,0.0,0.0,0.0,0.0,0.0,0.0,0,0
1779556838.196027,0.0,0.0,0.0,0.0,0.0,0.0,0,0
1779556838.227012,0.0,0.0,0.0,0.0,0.0,0.0,0,0
1779556838.258001,0.0,0.0,0.0,0.0,0.0,0.0,0,0
1779556838.288982,0.0,0.0,0.0,0.0,0.0,0.0,0,0
1779556838.320021,0.0,0.0,0.0,0.0,0.0,0.0,0,0
1779556838.351044,0.0,0.0,0.0,0.0,0.0,0.0,0,0
1779556838.381967,0.0,0.0,0.0,0.0,0.0,0.0,0,0
1779556838.412960,0.0,0.0,0.0,0.0,0.0,0.0,0,0
1779556838.443985,0.0,0.0,0.0,0.0,0.0,0.0,0,0
1779556838.474995,0.0,0.0,0.0,0.0,0.0,0.0,0,0
1779556838.506022,0.0,0.0,0.0,0.0,0.0,0.0,0,0
1779556838.536978,0.0,0.0,0.0,0.0,0.0,0.0,0,0
1779556838.567994,0.0,0.0,0.0,0.0,0.0,0.0,0,0
1779556838.599025,0.0,0.0,0.0,0.0,0.0,0.0,0,0
1779556838.629951,0.0,0.0,0.0,0.0,0.0,0.0,0,0
1779556838.660959,0.0,0.0,0.0,0.0,0.0,0.0,0,0
1779556838.691996,0.0,0.0,0.0,0.0,0.0,0.0,0,0
1779556838.722976,0.0,0.0,0.0,0.0,0.0,0.0,0,0
1779556838.754015,0.0,0.0,0.0,0.0,0.0,0.0,0,0
1779556838.784989,0.0,0.0,0.0,0.0,0.0,0.0,0,0
1779556838.815938,0.0,0.0,0.0,0.0,0.0,0.0,0,0
1779556838.846983,0.0,0.0,0.0,0.0,0.0,0.0,0,0
1779556838.877968,0.0,0.0,0.0,0.0,0.0,0.0,0,0
1779556838.908980,0.0,0.0,0.0,0.0,0.0,0.0,0,0
1779556838.940002,0.0,0.0,0.0,0.0,0.0,0.0,0,0
1779556838.971030,0.0,0.0,0.0,0.0,0.0,0.0,0,0
1779556839.002037,0.0,0.0,0.0,0.0,0.0,0.0,0,0
1779556839.032968,0.0,0.0,0.0,0.0,0.0,0.0,0,0
1779556839.039969,-0.0078125,-0.025390625,0.08203125,0.00390625,0.0078125,-0.009765625,0,0
1779556839.056067,-0.0078125,-0.025390625,0.08203125,0.0078125,0.0078125,-0.009765625,0,0
1779556839.086022,0.0,0.0,0.0,0.0,0.0,0.0,0,0
1779556839.117099,0.0,0.0,0.0,0.0,0.0,0.0,0,0
1779556839.143991,-0.0078125,-0.025390625,0.08203125,0.00390625,0.0078125,-0.009765625,0,0
1779556839.159964,-0.0078125,-0.025390625,0.08203125,0.009765625,0.0078125,-0.009765625,0,0
1779556839.167951,-0.0078125,-0.025390625,0.08203125,0.009765625,0.0078125,-0.009765625,0,0
1779556839.175948,-0.0078125,-0.025390625,0.08203125,0.009765625,0.0078125,-0.009765625,0,0
1779556839.184125,-0.021484375,-0.025390625,0.08203125,0.009765625,0.0078125,-0.009765625,0,0
1779556839.191981,-0.021484375,-0.025390625,0.08203125,0.009765625,-0.00390625,-0.009765625,0,0
1779556839.200000,-0.00390625,-0.00390625,0.08203125,0.009765625,-0.00390625,-0.009765625,0,0
1779556839.216001,-0.00390625,-0.0234375,0.08203125,0.009765625,-0.00390625,-0.009765625,0,0
1779556839.231972,-0.005859375,-0.041015625,0.08203125,0.009765625,-0.00390625,-0.009765625,0,0
1779556839.239999,-0.005859375,-0.041015625,0.08203125,0.009765625,-0.0234375,-0.009765625,0,0
1779556839.247965,-0.025390625,-0.048828125,0.08203125,0.009765625,-0.0234375,-0.009765625,0,0
1779556839.256009,-0.025390625,-0.048828125,0.08203125,0.009765625,-0.05859375,-0.009765625,0,0
1779556839.264024,-0.03515625,-0.052734375,0.08203125,0.009765625,-0.05859375,-0.009765625,0,0
1779556839.272028,-0.03515625,-0.052734375,0.08203125,0.009765625,-0.095703125,-0.009765625,0,0
1779556839.280024,-0.044921875,-0.060546875,0.08203125,0.009765625,-0.095703125,-0.009765625,0,0
1779556839.288042,-0.044921875,-0.060546875,0.08203125,0.009765625,-0.13671875,-0.009765625,0,0
1779556839.295971,-0.0703125,-0.07421875,0.08203125,0.009765625,-0.13671875,-0.009765625,0,0
1779556839.303987,-0.0703125,-0.07421875,0.08203125,0.009765625,-0.197265625,-0.013671875,0,0
1779556839.311953,-0.111328125,-0.08203125,0.08203125,0.009765625,-0.197265625,-0.013671875,0,0
1779556839.320027,-0.111328125,-0.08203125,0.08203125,0.009765625,-0.27734375,-0.037109375,0,0
1779556839.328024,-0.146484375,-0.08203125,0.08203125,0.009765625,-0.27734375,-0.037109375,0,0
1779556839.335992,-0.146484375,-0.08203125,0.08203125,0.009765625,-0.33984375,-0.0390625,0,0
1779556839.343967,-0.17578125,-0.0703125,0.08203125,0.009765625,-0.33984375,-0.0390625,0,0
1779556839.351986,-0.17578125,-0.0703125,0.08203125,0.009765625,-0.408203125,-0.03125,0,0
1779556839.359990,-0.177734375,-0.05078125,0.08203125,0.009765625,-0.408203125,-0.03125,0,0
1779556839.368006,-0.177734375,-0.05078125,0.08203125,0.0,-0.453125,-0.021484375,0,0
1779556839.376005,-0.177734375,-0.041015625,0.08203125,0.0,-0.453125,-0.021484375,0,0
1779556839.384047,-0.177734375,-0.041015625,0.08203125,-0.03515625,-0.49609375,-0.015625,0,0
1779556839.392018,-0.177734375,-0.04296875,0.08203125,-0.03515625,-0.49609375,-0.015625,0,0
1779556839.399991,-0.177734375,-0.04296875,0.08203125,-0.044921875,-0.537109375,-0.01171875,0,0
1779556839.408008,-0.177734375,-0.05078125,0.08203125,-0.044921875,-0.537109375,-0.01171875,0,0
1779556839.415965,-0.177734375,-0.05078125,0.08203125,-0.04296875,-0.578125,-0.013671875,0,0
1779556839.423979,-0.17578125,-0.0703125,0.08203125,-0.04296875,-0.578125,-0.013671875,0,0
1779556839.431997,-0.17578125,-0.0703125,0.08203125,-0.033203125,-0.61328125,-0.033203125,0,0
1779556839.440010,-0.185546875,-0.083984375,0.08203125,-0.033203125,-0.61328125,-0.033203125,0,0
1779556839.447975,-0.185546875,-0.083984375,0.08203125,-0.033203125,-0.65234375,-0.044921875,0,0
1779556839.455988,-0.185546875,-0.087890625,0.08203125,-0.033203125,-0.65234375,-0.044921875,0,0
1779556839.463905,-0.185546875,-0.087890625,0.08203125,-0.04296875,-0.671875,-0.052734375,0,0
1779556839.471992,-0.185546875,-0.08203125,0.08203125,-0.04296875,-0.671875,-0.052734375,0,0
1779556839.480002,-0.185546875,-0.08203125,0.08203125,-0.060546875,-0.68359375,-0.056640625,0,0
1779556839.488030,-0.189453125,-0.078125,0.08203125,-0.060546875,-0.68359375,-0.056640625,0,0
1779556839.495997,-0.189453125,-0.078125,0.08203125,-0.072265625,-0.68359375,-0.056640625,0,0
1779556839.503989,-0.193359375,-0.07421875,0.08203125,-0.072265625,-0.68359375,-0.056640625,0,0
1779556839.511940,-0.193359375,-0.07421875,0.08203125,-0.08203125,-0.68359375,-0.048828125,0,0
1779556839.520009,-0.19140625,-0.072265625,0.08203125,-0.08203125,-0.68359375,-0.048828125,0,0
1779556839.527999,-0.19140625,-0.072265625,0.08203125,-0.091796875,-0.68359375,-0.037109375,0,0
1779556839.536022,-0.1953125,-0.064453125,0.08203125,-0.091796875,-0.68359375,-0.037109375,0,0
1779556839.543988,-0.1953125,-0.064453125,0.08203125,-0.10546875,-0.68359375,-0.029296875,0,0
1779556839.552025,-0.1953125,-0.05859375,0.08203125,-0.10546875,-0.68359375,-0.029296875,0,0
1779556839.560019,-0.1953125,-0.05859375,0.08203125,-0.11328125,-0.68359375,-0.01953125,0,0
1779556839.568012,-0.203125,-0.05859375,0.08203125,-0.11328125,-0.68359375,-0.01953125,0,0
1779556839.575973,-0.203125,-0.05859375,0.08203125,-0.1171875,-0.68359375,-0.009765625,0,0
1779556839.584043,-0.205078125,-0.056640625,0.08203125,-0.1171875,-0.68359375,-0.009765625,0,0
1779556839.591973,-0.205078125,-0.056640625,0.08203125,-0.119140625,-0.68359375,-0.005859375,0,0
1779556839.599967,-0.205078125,-0.0546875,0.08203125,-0.119140625,-0.68359375,-0.005859375,0,0
1779556839.608030,-0.205078125,-0.0546875,0.08203125,-0.111328125,-0.68359375,-0.00390625,0,0
1779556839.616000,-0.205078125,-0.052734375,0.08203125,-0.111328125,-0.68359375,-0.00390625,0,0
1779556839.623946,-0.205078125,-0.052734375,0.08203125,-0.1015625,-0.68359375,-0.00390625,0,0
1779556839.632011,-0.208984375,-0.0703125,0.08203125,-0.1015625,-0.68359375,-0.00390625,0,0
1779556839.639957,-0.208984375,-0.0703125,0.08203125,-0.09375,-0.68359375,0.0,0,0
1779556839.647940,-0.212890625,-0.080078125,0.08203125,-0.09375,-0.68359375,0.0,0,0
1779556839.656024,-0.212890625,-0.080078125,0.08203125,-0.091796875,-0.68359375,0.0,0,0
1779556839.664015,-0.212890625,-0.08203125,0.08203125,-0.091796875,-0.68359375,0.0,0,0
1779556839.671980,-0.212890625,-0.08203125,0.08203125,-0.091796875,-0.68359375,0.0,0,0
1779556839.679987,-0.212890625,-0.08203125,0.08203125,-0.091796875,-0.68359375,0.0,0,0
1779556839.687990,-0.212890625,-0.08203125,0.08203125,-0.08984375,-0.68359375,0.0,0,0
1779556839.695966,-0.212890625,-0.08984375,0.08203125,-0.08984375,-0.68359375,0.0,0,0
1779556839.703962,-0.212890625,-0.08984375,0.08203125,-0.08203125,-0.68359375,-0.005859375,0,0
1779556839.711971,-0.216796875,-0.109375,0.08203125,-0.08203125,-0.68359375,-0.005859375,0,0
1779556839.719993,-0.216796875,-0.109375,0.08203125,-0.06640625,-0.68359375,-0.009765625,0,0
1779556839.727967,-0.21875,-0.125,0.08203125,-0.06640625,-0.68359375,-0.009765625,0,0
1779556839.735941,-0.21875,-0.125,0.08203125,-0.052734375,-0.68359375,-0.01171875,0,0
1779556839.743986,-0.220703125,-0.12890625,0.08203125,-0.052734375,-0.68359375,-0.01171875,0,0
1779556839.752021,-0.220703125,-0.12890625,0.08203125,-0.046875,-0.68359375,-0.01171875,0,0
1779556839.760022,-0.220703125,-0.12890625,0.08203125,-0.046875,-0.68359375,-0.01171875,0,0
1779556839.767980,-0.220703125,-0.12890625,0.08203125,-0.046875,-0.68359375,-0.01171875,0,0
1779556839.776022,-0.22265625,-0.130859375,0.08203125,-0.046875,-0.68359375,-0.01171875,0,0
1779556839.784016,-0.22265625,-0.130859375,0.08203125,-0.044921875,-0.68359375,-0.01171875,0,0
1779556839.792008,-0.22265625,-0.130859375,0.08203125,-0.044921875,-0.68359375,-0.01171875,0,0
1779556839.799982,-0.22265625,-0.130859375,0.08203125,-0.044921875,-0.68359375,-0.01171875,0,0
1779556839.808009,-0.228515625,-0.130859375,0.08203125,-0.044921875,-0.68359375,-0.01171875,0,0
1779556839.815971,-0.228515625,-0.130859375,0.08203125,-0.0390625,-0.68359375,-0.01171875,0,0
1779556839.823950,-0.23046875,-0.130859375,0.08203125,-0.0390625,-0.68359375,-0.01171875,0,0
1779556839.831975,-0.23046875,-0.130859375,0.08203125,-0.02734375,-0.68359375,-0.01171875,0,0
1779556839.840005,-0.216796875,-0.140625,0.08203125,-0.02734375,-0.68359375,-0.01171875,0,0
1779556839.848015,-0.216796875,-0.140625,0.08203125,-0.00390625,-0.68359375,-0.015625,0,0
1779556839.855979,-0.177734375,-0.1640625,0.07421875,-0.00390625,-0.68359375,-0.015625,0,0
1779556839.864044,-0.177734375,-0.1640625,0.07421875,-0.00390625,-0.68359375,-0.0234375,0,0
1779556839.872019,-0.130859375,-0.17578125,0.111328125,-0.00390625,-0.68359375,-0.0234375,0,0
1779556839.879989,-0.130859375,-0.17578125,0.111328125,-0.00390625,-0.6171875,-0.03515625,0,0
1779556839.888035,-0.064453125,-0.181640625,0.142578125,-0.00390625,-0.6171875,-0.03515625,0,0
1779556839.895986,-0.064453125,-0.181640625,0.142578125,0.056640625,-0.470703125,-0.05859375,0,0
1779556839.904033,-0.064453125,-0.177734375,0.16015625,0.056640625,-0.470703125,-0.05859375,0,0
1779556839.911995,-0.064453125,-0.177734375,0.16015625,0.11328125,-0.298828125,-0.09375,0,0
1779556839.920002,-0.064453125,-0.1484375,0.146484375,0.11328125,-0.298828125,-0.09375,0,0
1779556839.928020,-0.064453125,-0.1484375,0.146484375,0.15625,-0.09765625,-0.119140625,0,0
1779556839.936014,0.0546875,-0.10546875,0.0859375,0.15625,-0.09765625,-0.119140625,0,0
1779556839.944005,0.0546875,-0.10546875,0.0859375,0.2265625,-0.09765625,-0.140625,0,0
1779556839.951980,0.0546875,-0.076171875,0.005859375,0.2265625,-0.09765625,-0.140625,0,0
1779556839.960029,0.0546875,-0.076171875,0.005859375,0.095703125,0.03125,-0.140625,0,0
1779556839.968004,0.0546875,-0.005859375,0.005859375,0.095703125,0.03125,-0.140625,0,0
1779556839.975977,0.0546875,-0.005859375,0.005859375,0.01171875,0.015625,-0.140625,0,0
1779556840.005991,0.0,0.0,0.0,0.0,0.0,0.0,0,0
1779556840.037016,0.0,0.0,0.0,0.0,0.0,0.0,0,0
1779556840.068009,0.0,0.0,0.0,0.0,0.0,0.0,0,0
1779556840.098981,0.0,0.0,0.0,0.0,0.0,0.0,0,0
1779556840.130007,0.0,0.0,0.0,0.0,0.0,0.0,0,0
1779556840.143993,0.0546875,-0.005859375,-0.0234375,0.01171875,0.015625,-0.140625,0,0
1779556840.151967,0.0546875,-0.005859375,-0.0234375,0.01171875,-0.037109375,-0.140625,0,0
1779556840.167987,0.0546875,-0.005859375,-0.0234375,0.01171875,-0.037109375,-0.140625,0,0
1779556840.175989,-0.009765625,-0.02734375,-0.0234375,0.01171875,-0.037109375,-0.140625,0,0
1779556840.184041,-0.009765625,-0.02734375,-0.0234375,0.01171875,-0.08984375,-0.140625,0,0
1779556840.192024,-0.0390625,-0.048828125,-0.009765625,0.01171875,-0.08984375,-0.140625,0,0
1779556840.200009,-0.0390625,-0.048828125,-0.009765625,0.01171875,-0.173828125,-0.140625,0,0
1779556840.208006,-0.078125,-0.07421875,-0.015625,0.01171875,-0.173828125,-0.140625,0,0
1779556840.215938,-0.078125,-0.07421875,-0.015625,0.01171875,-0.265625,-0.140625,0,0
1779556840.223984,-0.10546875,-0.080078125,-0.013671875,0.01171875,-0.265625,-0.140625,0,0
1779556840.232015,-0.10546875,-0.080078125,-0.013671875,0.01171875,-0.3359375,-0.140625,0,0
1779556840.240029,-0.115234375,-0.078125,-0.0078125,0.01171875,-0.3359375,-0.140625,0,0
1779556840.247943,-0.115234375,-0.078125,-0.0078125,-0.0078125,-0.40234375,-0.140625,0,0
1779556840.256021,-0.150390625,-0.07421875,-0.021484375,-0.0078125,-0.40234375,-0.140625,0,0
1779556840.263983,-0.150390625,-0.07421875,-0.021484375,-0.05078125,-0.482421875,-0.140625,0,0
1779556840.272016,-0.203125,-0.0703125,-0.037109375,-0.05078125,-0.482421875,-0.140625,0,0
1779556840.280000,-0.203125,-0.0703125,-0.037109375,-0.0859375,-0.5625,-0.140625,0,0
1779556840.287992,-0.26171875,-0.06640625,-0.0390625,-0.0859375,-0.5625,-0.140625,0,0
1779556840.295930,-0.26171875,-0.06640625,-0.0390625,-0.109375,-0.63671875,-0.140625,0,0
1779556840.304016,-0.32421875,-0.0625,-0.048828125,-0.109375,-0.63671875,-0.140625,0,0
1779556840.311966,-0.32421875,-0.0625,-0.048828125,-0.1328125,-0.68359375,-0.140625,0,0
1779556840.320048,-0.3203125,-0.0625,-0.0390625,-0.1328125,-0.68359375,-0.140625,0,0
1779556840.328034,-0.3203125,-0.0625,-0.0390625,-0.14453125,-0.68359375,-0.140625,0,0
1779556840.335990,-0.3046875,-0.064453125,-0.021484375,-0.14453125,-0.68359375,-0.140625,0,0
1779556840.343945,-0.3046875,-0.064453125,-0.021484375,-0.146484375,-0.68359375,-0.140625,0,0
1779556840.352025,-0.291015625,-0.068359375,-0.013671875,-0.146484375,-0.68359375,-0.140625,0,0
1779556840.359999,-0.291015625,-0.068359375,-0.013671875,-0.146484375,-0.68359375,-0.140625,0,0
1779556840.368021,-0.279296875,-0.0703125,-0.005859375,-0.146484375,-0.68359375,-0.140625,0,0
1779556840.376011,-0.279296875,-0.0703125,-0.005859375,-0.14453125,-0.68359375,-0.140625,0,0
1779556840.384112,-0.271484375,-0.072265625,-0.005859375,-0.14453125,-0.68359375,-0.140625,0,0
1779556840.392013,-0.271484375,-0.072265625,-0.005859375,-0.140625,-0.68359375,-0.140625,0,0
1779556840.400028,-0.263671875,-0.0703125,-0.005859375,-0.140625,-0.68359375,-0.140625,0,0
1779556840.408027,-0.263671875,-0.0703125,-0.005859375,-0.140625,-0.68359375,-0.140625,0,0
1779556840.415948,-0.259765625,-0.068359375,-0.005859375,-0.140625,-0.68359375,-0.140625,0,0
1779556840.423993,-0.259765625,-0.068359375,-0.005859375,-0.142578125,-0.68359375,-0.140625,0,0
1779556840.432034,-0.255859375,-0.07421875,-0.005859375,-0.142578125,-0.68359375,-0.140625,0,0
1779556840.439924,-0.255859375,-0.07421875,-0.005859375,-0.150390625,-0.68359375,-0.140625,0,0
1779556840.447945,-0.25390625,-0.080078125,-0.005859375,-0.150390625,-0.68359375,-0.140625,0,0
1779556840.455972,-0.25390625,-0.080078125,-0.005859375,-0.15625,-0.68359375,-0.140625,0,0
1779556840.463973,-0.25390625,-0.080078125,-0.005859375,-0.15625,-0.68359375,-0.140625,0,0
1779556840.472011,-0.25390625,-0.080078125,-0.005859375,-0.16015625,-0.68359375,-0.140625,0,0
1779556840.479975,-0.255859375,-0.083984375,-0.005859375,-0.16015625,-0.68359375,-0.140625,0,0
1779556840.488016,-0.255859375,-0.083984375,-0.005859375,-0.162109375,-0.68359375,-0.140625,0,0
1779556840.495956,-0.255859375,-0.09375,-0.005859375,-0.162109375,-0.68359375,-0.140625,0,0
1779556840.503976,-0.255859375,-0.09375,-0.005859375,-0.166015625,-0.68359375,-0.140625,0,0
1779556840.511967,-0.2578125,-0.099609375,-0.005859375,-0.166015625,-0.68359375,-0.140625,0,0
1779556840.520007,-0.2578125,-0.099609375,-0.005859375,-0.169921875,-0.68359375,-0.140625,0,0
1779556840.527994,-0.2578125,-0.1015625,-0.005859375,-0.169921875,-0.68359375,-0.140625,0,0
1779556840.536043,-0.2578125,-0.1015625,-0.005859375,-0.16796875,-0.68359375,-0.140625,0,0
1779556840.543968,-0.2578125,-0.103515625,-0.005859375,-0.16796875,-0.68359375,-0.140625,0,0
1779556840.552001,-0.2578125,-0.103515625,-0.005859375,-0.16796875,-0.68359375,-0.140625,0,0
1779556840.559998,-0.2578125,-0.10546875,-0.005859375,-0.16796875,-0.68359375,-0.140625,0,0
1779556840.567980,-0.2578125,-0.10546875,-0.005859375,-0.16796875,-0.68359375,-0.140625,0,0
1779556840.576011,-0.255859375,-0.10546875,-0.005859375,-0.16796875,-0.68359375,-0.140625,0,0
1779556840.583986,-0.255859375,-0.10546875,-0.005859375,-0.169921875,-0.68359375,-0.140625,0,0
1779556840.591983,-0.255859375,-0.107421875,-0.005859375,-0.169921875,-0.68359375,-0.140625,0,0
1779556840.600034,-0.255859375,-0.107421875,-0.005859375,-0.169921875,-0.68359375,-0.140625,0,0
1779556840.607955,-0.255859375,-0.107421875,-0.005859375,-0.169921875,-0.68359375,-0.140625,0,0
1779556840.615994,-0.255859375,-0.107421875,-0.005859375,-0.171875,-0.68359375,-0.140625,0,0
1779556840.623961,-0.255859375,-0.111328125,-0.005859375,-0.171875,-0.68359375,-0.140625,0,0
1779556840.631984,-0.255859375,-0.111328125,-0.005859375,-0.177734375,-0.68359375,-0.140625,0,0
1779556840.639995,-0.255859375,-0.11328125,-0.005859375,-0.177734375,-0.68359375,-0.140625,0,0
1779556840.647957,-0.255859375,-0.11328125,-0.005859375,-0.185546875,-0.68359375,-0.140625,0,0
1779556840.655997,-0.255859375,-0.115234375,-0.005859375,-0.185546875,-0.68359375,-0.140625,0,0
1779556840.663976,-0.255859375,-0.115234375,-0.005859375,-0.1875,-0.68359375,-0.140625,0,0
1779556840.671913,-0.255859375,-0.1171875,-0.005859375,-0.1875,-0.68359375,-0.140625,0,0
1779556840.679952,-0.255859375,-0.1171875,-0.005859375,-0.193359375,-0.68359375,-0.140625,0,0
1779556840.688023,-0.2578125,-0.119140625,-0.005859375,-0.193359375,-0.68359375,-0.140625,0,0
1779556840.695971,-0.2578125,-0.119140625,-0.005859375,-0.19921875,-0.68359375,-0.140625,0,0
1779556840.703961,-0.2578125,-0.12109375,-0.005859375,-0.19921875,-0.68359375,-0.140625,0,0
1779556840.711951,-0.2578125,-0.12109375,-0.005859375,-0.19921875,-0.68359375,-0.140625,0,0
1779556840.719994,-0.2578125,-0.12109375,-0.005859375,-0.19921875,-0.68359375,-0.140625,0,0
1779556840.728000,-0.2578125,-0.12109375,-0.005859375,-0.197265625,-0.68359375,-0.140625,0,0
1779556840.735962,-0.2578125,-0.12109375,-0.005859375,-0.197265625,-0.68359375,-0.140625,0,0
1779556840.743959,-0.2578125,-0.12109375,-0.005859375,-0.197265625,-0.68359375,-0.140625,0,0
1779556840.751971,-0.2578125,-0.119140625,-0.005859375,-0.197265625,-0.68359375,-0.140625,0,0
1779556840.760004,-0.2578125,-0.119140625,-0.005859375,-0.1953125,-0.68359375,-0.140625,0,0
1779556840.768022,-0.2578125,-0.119140625,-0.005859375,-0.1953125,-0.68359375,-0.140625,0,0
1779556840.776032,-0.2578125,-0.119140625,-0.005859375,-0.19140625,-0.68359375,-0.140625,0,0
1779556840.783982,-0.2578125,-0.12109375,-0.005859375,-0.19140625,-0.68359375,-0.140625,0,0
1779556840.792026,-0.2578125,-0.12109375,-0.005859375,-0.1796875,-0.68359375,-0.140625,0,0
1779556840.799957,-0.26171875,-0.12890625,-0.005859375,-0.1796875,-0.68359375,-0.140625,0,0
1779556840.807983,-0.26171875,-0.12890625,-0.005859375,-0.166015625,-0.68359375,-0.140625,0,0
1779556840.815979,-0.267578125,-0.130859375,-0.005859375,-0.166015625,-0.68359375,-0.140625,0,0
1779556840.823968,-0.267578125,-0.130859375,-0.005859375,-0.146484375,-0.68359375,-0.140625,0,0
1779556840.831962,-0.279296875,-0.125,-0.005859375,-0.146484375,-0.68359375,-0.140625,0,0
1779556840.839972,-0.279296875,-0.125,-0.005859375,-0.115234375,-0.68359375,-0.140625,0,0
1779556840.847995,-0.27734375,-0.12109375,-0.005859375,-0.115234375,-0.68359375,-0.140625,0,0
1779556840.855982,-0.27734375,-0.12109375,-0.005859375,-0.07421875,-0.669921875,-0.01171875,0,0
1779556840.863977,-0.23828125,-0.11328125,-0.005859375,-0.07421875,-0.669921875,-0.01171875,0,0
1779556840.872004,-0.23828125,-0.11328125,-0.005859375,-0.033203125,-0.5859375,-0.017578125,0,0
1779556840.879994,-0.171875,-0.09765625,0.00390625,-0.033203125,-0.5859375,-0.017578125,0,0
1779556840.888032,-0.171875,-0.09765625,0.00390625,-0.033203125,-0.443359375,-0.015625,0,0
1779556840.896005,-0.087890625,-0.0859375,0.017578125,-0.033203125,-0.443359375,-0.015625,0,0
1779556840.903983,-0.087890625,-0.0859375,0.017578125,-0.033203125,-0.2890625,-0.015625,0,0
1779556840.911977,-0.009765625,-0.04296875,0.01953125,-0.033203125,-0.2890625,-0.015625,0,0
1779556840.919973,-0.009765625,-0.04296875,0.01953125,0.017578125,-0.12109375,-0.015625,0,0
1779556840.927997,-0.009765625,-0.04296875,0.037109375,0.017578125,-0.12109375,-0.015625,0,0
1779556840.935964,-0.009765625,-0.04296875,0.037109375,0.013671875,-0.12109375,-0.01953125,0,0
1779556840.959969,-0.009765625,0.0,0.037109375,0.013671875,-0.12109375,-0.01953125,0,0
1779556840.989921,0.0,0.0,0.0,0.0,0.0,0.0,0,0
1779556841.020998,0.0,0.0,0.0,0.0,0.0,0.0,0,0
1779556841.052000,0.0,0.0,0.0,0.0,0.0,0.0,0,0
1779556841.083046,0.0,0.0,0.0,0.0,0.0,0.0,0,0
1779556841.113970,0.0,0.0,0.0,0.0,0.0,0.0,0,0
1779556841.145005,0.0,0.0,0.0,0.0,0.0,0.0,0,0
1779556841.176000,0.0,0.0,0.0,0.0,0.0,0.0,0,0
1779556841.207015,0.0,0.0,0.0,0.0,0.0,0.0,0,0
1779556841.237970,0.0,0.0,0.0,0.0,0.0,0.0,0,0
1779556841.268952,0.0,0.0,0.0,0.0,0.0,0.0,0,0
1779556841.300035,0.0,0.0,0.0,0.0,0.0,0.0,0,0
1779556841.303979,-0.009765625,-0.015625,0.037109375,0.013671875,-0.12109375,-0.01953125,0,0
1779556841.320014,0.0078125,-0.06640625,0.037109375,0.013671875,-0.12109375,-0.01953125,0,0
1779556841.336014,0.060546875,-0.134765625,0.037109375,0.013671875,-0.12109375,-0.01953125,0,0
1779556841.343957,0.060546875,-0.134765625,0.037109375,0.048828125,-0.12109375,-0.0078125,0,0
1779556841.351965,0.095703125,-0.193359375,0.037109375,0.048828125,-0.12109375,-0.0078125,0,0
1779556841.359970,0.095703125,-0.193359375,0.037109375,0.095703125,-0.12109375,-0.0234375,0,0
1779556841.367966,0.1015625,-0.236328125,0.037109375,0.095703125,-0.12109375,-0.0234375,0,0
1779556841.376021,0.1015625,-0.236328125,0.037109375,0.123046875,-0.12109375,-0.03125,0,0
1779556841.383971,0.111328125,-0.27734375,0.037109375,0.123046875,-0.12109375,-0.03125,0,0
1779556841.392027,0.111328125,-0.27734375,0.037109375,0.14453125,-0.12109375,-0.03515625,0,0
1779556841.399971,0.1015625,-0.310546875,0.037109375,0.14453125,-0.12109375,-0.03515625,0,0
1779556841.408008,0.1015625,-0.310546875,0.037109375,0.158203125,-0.12109375,-0.03125,0,0
1779556841.416003,0.091796875,-0.35546875,0.037109375,0.158203125,-0.12109375,-0.03125,0,0
1779556841.423983,0.091796875,-0.35546875,0.037109375,0.18359375,-0.12109375,-0.01953125,0,0
1779556841.431977,0.087890625,-0.40234375,0.037109375,0.18359375,-0.12109375,-0.01953125,0,0
1779556841.439993,0.087890625,-0.40234375,0.037109375,0.201171875,-0.12109375,-0.009765625,0,0
1779556841.447976,0.080078125,-0.45703125,0.037109375,0.201171875,-0.12109375,-0.009765625,0,0
1779556841.455979,0.080078125,-0.45703125,0.037109375,0.22265625,-0.12109375,-0.009765625,0,0
1779556841.463979,0.072265625,-0.478515625,0.037109375,0.22265625,-0.12109375,-0.009765625,0,0
1779556841.472006,0.072265625,-0.478515625,0.037109375,0.234375,-0.12109375,-0.009765625,0,0
1779556841.479973,0.056640625,-0.46875,0.037109375,0.234375,-0.12109375,-0.009765625,0,0
1779556841.488073,0.056640625,-0.46875,0.037109375,0.21484375,-0.017578125,-0.009765625,0,0
1779556841.495993,0.02734375,-0.447265625,0.037109375,0.21484375,-0.017578125,-0.009765625,0,0
1779556841.504064,0.02734375,-0.447265625,0.037109375,0.18359375,-0.046875,-0.009765625,0,0
1779556841.511971,0.02734375,-0.421875,0.037109375,0.18359375,-0.046875,-0.009765625,0,0
1779556841.519999,0.02734375,-0.421875,0.037109375,0.16015625,-0.068359375,-0.009765625,0,0
1779556841.527998,0.02734375,-0.396484375,0.037109375,0.16015625,-0.068359375,-0.009765625,0,0
1779556841.535979,0.02734375,-0.396484375,0.037109375,0.13671875,-0.076171875,-0.009765625,0,0
1779556841.544029,0.02734375,-0.375,0.037109375,0.13671875,-0.076171875,-0.009765625,0,0
1779556841.552025,0.02734375,-0.375,0.037109375,0.109375,-0.078125,-0.009765625,0,0
1779556841.560014,0.02734375,-0.33984375,0.037109375,0.109375,-0.078125,-0.009765625,0,0
1779556841.567996,0.02734375,-0.33984375,0.037109375,0.068359375,-0.07421875,-0.009765625,0,0
1779556841.575995,0.0078125,-0.28515625,0.009765625,0.068359375,-0.07421875,-0.009765625,0,0
1779556841.583985,0.0078125,-0.28515625,0.009765625,0.01953125,-0.06640625,-0.009765625,0,0
1779556841.591976,0.017578125,-0.23828125,0.025390625,0.01953125,-0.06640625,-0.009765625,0,0
1779556841.599992,0.017578125,-0.23828125,0.025390625,0.01953125,-0.068359375,-0.009765625,0,0
1779556841.608012,0.017578125,-0.21875,0.021484375,0.01953125,-0.068359375,-0.009765625,0,0
1779556841.616008,0.017578125,-0.21875,0.021484375,0.01953125,-0.060546875,-0.009765625,0,0
1779556841.623926,0.025390625,-0.1875,0.025390625,0.01953125,-0.060546875,-0.009765625,0,0
1779556841.631988,0.025390625,-0.1875,0.025390625,0.01953125,-0.048828125,-0.0078125,0,0
1779556841.639976,0.0390625,-0.162109375,0.0390625,0.01953125,-0.048828125,-0.0078125,0,0
1779556841.647945,0.0390625,-0.162109375,0.0390625,0.01953125,-0.052734375,-0.017578125,0,0
1779556841.655974,0.029296875,-0.16796875,0.04296875,0.01953125,-0.052734375,-0.017578125,0,0
1779556841.663954,0.029296875,-0.16796875,0.04296875,0.01953125,-0.078125,-0.02734375,0,0
1779556841.671958,0.0,-0.1875,0.033203125,0.01953125,-0.078125,-0.02734375,0,0
1779556841.680003,0.0,-0.1875,0.033203125,0.01953125,-0.1328125,-0.0390625,0,0
1779556841.688031,0.0,-0.208984375,0.033203125,0.01953125,-0.1328125,-0.0390625,0,0
1779556841.696013,0.0,-0.208984375,0.033203125,0.01953125,-0.189453125,-0.048828125,0,0
1779556841.703965,0.0,-0.25390625,0.037109375,0.01953125,-0.189453125,-0.048828125,0,0
1779556841.711982,0.0,-0.25390625,0.037109375,0.01953125,-0.248046875,-0.068359375,0,0
1779556841.719970,0.0,-0.291015625,0.052734375,0.01953125,-0.248046875,-0.068359375,0,0
1779556841.728018,0.0,-0.291015625,0.052734375,0.01953125,-0.287109375,-0.08984375,0,0
1779556841.735981,0.0,-0.34375,0.05078125,0.01953125,-0.287109375,-0.08984375,0,0
1779556841.743950,0.0,-0.34375,0.05078125,0.01953125,-0.359375,-0.125,0,0
1779556841.752019,-0.060546875,-0.3515625,0.04296875,0.01953125,-0.359375,-0.125,0,0
1779556841.760026,-0.060546875,-0.3515625,0.04296875,0.01953125,-0.44140625,-0.146484375,0,0
1779556841.768000,-0.126953125,-0.32421875,0.05078125,0.01953125,-0.44140625,-0.146484375,0,0
1779556841.775957,-0.126953125,-0.32421875,0.05078125,0.01953125,-0.517578125,-0.158203125,0,0
1779556841.783973,-0.162109375,-0.3125,0.068359375,0.01953125,-0.517578125,-0.158203125,0,0
1779556841.791956,-0.162109375,-0.3125,0.068359375,0.01953125,-0.5859375,-0.162109375,0,0
1779556841.799960,-0.154296875,-0.2890625,0.09375,0.01953125,-0.5859375,-0.162109375,0,0
1779556841.808067,-0.154296875,-0.2890625,0.09375,0.01953125,-0.64453125,-0.15234375,0,0
1779556841.816017,-0.1484375,-0.28515625,0.095703125,0.01953125,-0.64453125,-0.15234375,0,0
1779556841.823979,-0.1484375,-0.28515625,0.095703125,0.01953125,-0.66015625,-0.146484375,0,0
1779556841.831993,-0.13671875,-0.283203125,0.080078125,0.01953125,-0.66015625,-0.146484375,0,0
1779556841.839982,-0.13671875,-0.283203125,0.080078125,0.01953125,-0.6796875,-0.14453125,0,0
1779556841.847980,-0.126953125,-0.28515625,0.064453125,0.01953125,-0.6796875,-0.14453125,0,0
1779556841.856005,-0.126953125,-0.28515625,0.064453125,-0.005859375,-0.68359375,-0.14453125,0,0
1779556841.864002,-0.115234375,-0.28515625,0.04296875,-0.005859375,-0.68359375,-0.14453125,0,0
1779556841.871975,-0.115234375,-0.28515625,0.04296875,-0.01171875,-0.68359375,-0.14453125,0,0
1779556841.879934,-0.107421875,-0.2890625,0.033203125,-0.01171875,-0.68359375,-0.14453125,0,0
1779556841.887992,-0.107421875,-0.2890625,0.033203125,-0.013671875,-0.68359375,-0.14453125,0,0
1779556841.895975,-0.099609375,-0.2890625,0.021484375,-0.013671875,-0.68359375,-0.14453125,0,0
1779556841.903974,-0.099609375,-0.2890625,0.021484375,-0.01171875,-0.68359375,-0.14453125,0,0
1779556841.912008,-0.08984375,-0.291015625,0.01171875,-0.01171875,-0.68359375,-0.14453125,0,0
1779556841.919951,-0.08984375,-0.291015625,0.01171875,-0.01171875,-0.68359375,-0.13671875,0,0
1779556841.928038,-0.08203125,-0.294921875,0.0,-0.01171875,-0.68359375,-0.13671875,0,0
1779556841.935996,-0.08203125,-0.294921875,0.0,-0.0078125,-0.68359375,-0.12890625,0,0
1779556841.943986,-0.076171875,-0.294921875,0.0,-0.0078125,-0.68359375,-0.12890625,0,0
1779556841.951991,-0.076171875,-0.294921875,0.0,0.0,-0.68359375,-0.119140625,0,0
1779556841.959970,-0.0703125,-0.294921875,0.0,0.0,-0.68359375,-0.119140625,0,0
1779556841.968014,-0.0703125,-0.294921875,0.0,0.0,-0.68359375,-0.111328125,0,0
1779556841.975954,-0.06640625,-0.296875,0.0,0.0,-0.68359375,-0.111328125,0,0
1779556841.983997,-0.06640625,-0.296875,0.0,0.0,-0.68359375,-0.10546875,0,0
1779556841.991935,-0.0625,-0.296875,0.0,0.0,-0.68359375,-0.10546875,0,0
1779556841.999993,-0.0625,-0.296875,0.0,0.0,-0.68359375,-0.1015625,0,0
1779556842.007978,-0.056640625,-0.302734375,0.005859375,0.0,-0.68359375,-0.1015625,0,0
1779556842.015979,-0.056640625,-0.302734375,0.005859375,0.0,-0.68359375,-0.103515625,0,0
1779556842.023954,-0.05859375,-0.29296875,0.021484375,0.0,-0.68359375,-0.103515625,0,0
1779556842.031972,-0.05859375,-0.29296875,0.021484375,0.0,-0.68359375,-0.115234375,0,0
1779556842.047975,-0.07421875,-0.2734375,0.0703125,0.0,-0.68359375,-0.115234375,0,0
1779556842.056021,-0.07421875,-0.2734375,0.0703125,0.0,-0.68359375,-0.134765625,0,0
1779556842.064030,-0.052734375,-0.263671875,0.134765625,0.0,-0.68359375,-0.134765625,0,0
1779556842.071995,-0.052734375,-0.263671875,0.134765625,0.046875,-0.68359375,-0.162109375,0,0
1779556842.080006,-0.0078125,-0.248046875,0.1953125,0.046875,-0.68359375,-0.162109375,0,0
1779556842.088016,-0.0078125,-0.248046875,0.1953125,0.123046875,-0.60546875,-0.1953125,0,0
1779556842.096032,-0.0078125,-0.2265625,0.197265625,0.123046875,-0.60546875,-0.1953125,0,0
1779556842.103991,-0.0078125,-0.2265625,0.197265625,0.21875,-0.46484375,-0.22265625,0,0
1779556842.111950,-0.0078125,-0.236328125,0.173828125,0.21875,-0.46484375,-0.22265625,0,0
1779556842.119988,-0.0078125,-0.236328125,0.173828125,0.3125,-0.275390625,-0.2265625,0,0
1779556842.127944,0.0,-0.228515625,0.15234375,0.3125,-0.275390625,-0.2265625,0,0
1779556842.135930,0.0,-0.228515625,0.15234375,0.36328125,-0.091796875,-0.2109375,0,0
1779556842.143989,0.046875,-0.1796875,0.130859375,0.36328125,-0.091796875,-0.2109375,0,0
1779556842.151926,0.046875,-0.1796875,0.130859375,0.328125,-0.091796875,-0.16796875,0,0
1779556842.159963,0.046875,-0.078125,0.130859375,0.328125,-0.091796875,-0.16796875,0,0
1779556842.167956,0.046875,-0.078125,0.130859375,0.064453125,-0.091796875,-0.16796875,0,0
1779556842.176013,0.046875,-0.0390625,0.130859375,0.064453125,-0.091796875,-0.16796875,0,0
1779556842.184011,0.046875,-0.0390625,0.130859375,0.0078125,-0.091796875,-0.16796875,0,0
1779556842.214014,0.0,0.0,0.0,0.0,0.0,0.0,0,0
1779556842.244969,0.0,0.0,0.0,0.0,0.0,0.0,0,0
1779556842.275999,0.0,0.0,0.0,0.0,0.0,0.0,0,0
1779556842.306945,0.0,0.0,0.0,0.0,0.0,0.0,0,0
1779556842.338033,0.0,0.0,0.0,0.0,0.0,0.0,0,0
1779556842.368914,0.0,0.0,0.0,0.0,0.0,0.0,0,0
1779556842.383956,0.046875,-0.0390625,0.130859375,0.0,-0.091796875,-0.16796875,0,0
1779556842.400030,0.046875,-0.0390625,0.130859375,-0.005859375,-0.091796875,-0.16796875,0,0
1779556842.415987,0.046875,-0.0390625,0.130859375,-0.00390625,-0.091796875,-0.16796875,0,0
1779556842.431969,0.046875,-0.0390625,0.130859375,-0.01953125,-0.091796875,-0.033203125,0,0
1779556842.439955,0.046875,-0.025390625,0.005859375,-0.01953125,-0.091796875,-0.033203125,0,0
1779556842.447999,0.046875,-0.025390625,0.005859375,-0.0625,-0.04296875,-0.078125,0,0
1779556842.455991,0.046875,-0.037109375,0.029296875,-0.0625,-0.04296875,-0.078125,0,0
1779556842.463995,0.046875,-0.037109375,0.029296875,-0.107421875,-0.107421875,-0.115234375,0,0
1779556842.472010,0.046875,-0.04296875,0.048828125,-0.107421875,-0.107421875,-0.115234375,0,0
1779556842.480028,0.046875,-0.04296875,0.048828125,-0.166015625,-0.1875,-0.12890625,0,0
1779556842.487993,-0.017578125,-0.0234375,0.0546875,-0.166015625,-0.1875,-0.12890625,0,0
1779556842.495992,-0.017578125,-0.0234375,0.0546875,-0.224609375,-0.287109375,-0.130859375,0,0
1779556842.503988,-0.0703125,-0.0234375,0.07421875,-0.224609375,-0.287109375,-0.130859375,0,0
1779556842.511997,-0.0703125,-0.0234375,0.07421875,-0.271484375,-0.388671875,-0.12890625,0,0
1779556842.519989,-0.095703125,-0.0234375,0.09375,-0.271484375,-0.388671875,-0.12890625,0,0
1779556842.527952,-0.095703125,-0.0234375,0.09375,-0.294921875,-0.470703125,-0.126953125,0,0
1779556842.536027,-0.115234375,-0.0234375,0.083984375,-0.294921875,-0.470703125,-0.126953125,0,0
1779556842.543980,-0.115234375,-0.0234375,0.083984375,-0.310546875,-0.556640625,-0.11328125,0,0
1779556842.551944,-0.099609375,-0.0234375,0.0703125,-0.310546875,-0.556640625,-0.11328125,0,0
1779556842.559974,-0.099609375,-0.0234375,0.0703125,-0.328125,-0.6328125,-0.087890625,0,0
1779556842.567971,-0.095703125,-0.0234375,0.04296875,-0.328125,-0.6328125,-0.087890625,0,0
1779556842.576009,-0.095703125,-0.0234375,0.04296875,-0.345703125,-0.65625,-0.080078125,0,0
1779556842.583989,-0.08203125,-0.0234375,0.01171875,-0.345703125,-0.65625,-0.080078125,0,0
1779556842.592007,-0.08203125,-0.0234375,0.01171875,-0.357421875,-0.68359375,-0.07421875,0,0
1779556842.600025,-0.076171875,-0.00390625,0.01171875,-0.357421875,-0.68359375,-0.07421875,0,0
1779556842.608027,-0.076171875,-0.00390625,0.01171875,-0.361328125,-0.68359375,-0.0625,0,0
1779556842.615956,-0.076171875,-0.00390625,0.01171875,-0.361328125,-0.68359375,-0.0625,0,0
1779556842.624011,-0.076171875,-0.00390625,0.01171875,-0.36328125,-0.68359375,-0.048828125,0,0
1779556842.632034,-0.080078125,-0.0078125,0.01171875,-0.36328125,-0.68359375,-0.048828125,0,0
1779556842.640020,-0.080078125,-0.0078125,0.01171875,-0.36328125,-0.68359375,-0.044921875,0,0
1779556842.647965,-0.08203125,-0.0078125,0.01171875,-0.36328125,-0.68359375,-0.044921875,0,0
1779556842.656029,-0.08203125,-0.0078125,0.01171875,-0.3671875,-0.68359375,-0.041015625,0,0
1779556842.664020,-0.083984375,-0.0078125,0.01171875,-0.3671875,-0.68359375,-0.041015625,0,0
1779556842.671991,-0.083984375,-0.0078125,0.01171875,-0.369140625,-0.68359375,-0.041015625,0,0
1779556842.679996,-0.0859375,-0.0078125,0.01171875,-0.369140625,-0.68359375,-0.041015625,0,0
1779556842.687999,-0.0859375,-0.0078125,0.01171875,-0.37109375,-0.68359375,-0.0390625,0,0
1779556842.696002,-0.0859375,-0.0078125,0.01171875,-0.37109375,-0.68359375,-0.0390625,0,0
1779556842.703975,-0.0859375,-0.0078125,0.01171875,-0.373046875,-0.68359375,-0.0390625,0,0
1779556842.712014,-0.0859375,-0.009765625,0.01171875,-0.373046875,-0.68359375,-0.0390625,0,0
1779556842.719997,-0.0859375,-0.009765625,0.01171875,-0.373046875,-0.68359375,-0.0390625,0,0
1779556842.727999,-0.087890625,-0.009765625,0.01171875,-0.373046875,-0.68359375,-0.0390625,0,0
1779556842.735951,-0.087890625,-0.009765625,0.01171875,-0.373046875,-0.68359375,-0.037109375,0,0
1779556842.743977,-0.08984375,-0.009765625,0.01171875,-0.373046875,-0.68359375,-0.037109375,0,0
1779556842.751959,-0.08984375,-0.009765625,0.01171875,-0.373046875,-0.68359375,-0.03515625,0,0
1779556842.759993,-0.08984375,-0.009765625,0.01171875,-0.373046875,-0.68359375,-0.03515625,0,0
1779556842.768030,-0.08984375,-0.009765625,0.01171875,-0.373046875,-0.68359375,-0.03515625,0,0
1779556842.776030,-0.08984375,-0.009765625,0.01171875,-0.373046875,-0.68359375,-0.03515625,0,0
1779556842.783989,-0.08984375,-0.009765625,0.01171875,-0.380859375,-0.68359375,-0.03515625,0,0
1779556842.791949,-0.091796875,-0.01171875,0.01171875,-0.380859375,-0.68359375,-0.03515625,0,0
1779556842.800006,-0.091796875,-0.01171875,0.01171875,-0.380859375,-0.68359375,-0.03515625,0,0
1779556842.807953,-0.091796875,-0.01171875,0.01171875,-0.380859375,-0.68359375,-0.03515625,0,0
1779556842.815953,-0.091796875,-0.01171875,0.01171875,-0.380859375,-0.68359375,-0.03515625,0,0
1779556842.823986,-0.091796875,-0.01171875,0.01171875,-0.380859375,-0.68359375,-0.03515625,0,0
1779556842.832055,-0.091796875,-0.01171875,0.01171875,-0.380859375,-0.68359375,-0.03515625,0,0
1779556842.839978,-0.091796875,-0.013671875,0.01171875,-0.380859375,-0.68359375,-0.03515625,0,0
1779556842.847926,-0.091796875,-0.013671875,0.01171875,-0.380859375,-0.68359375,-0.03515625,0,0
1779556842.856047,-0.091796875,-0.013671875,0.01171875,-0.380859375,-0.68359375,-0.03515625,0,0
1779556842.863975,-0.091796875,-0.013671875,0.01171875,-0.37890625,-0.68359375,-0.03515625,0,0
1779556842.871999,-0.09375,-0.013671875,0.01171875,-0.37890625,-0.68359375,-0.03515625,0,0
1779556842.879966,-0.09375,-0.013671875,0.01171875,-0.380859375,-0.68359375,-0.03515625,0,0
1779556842.888015,-0.095703125,-0.009765625,0.01171875,-0.380859375,-0.68359375,-0.03515625,0,0
1779556842.895995,-0.095703125,-0.009765625,0.01171875,-0.376953125,-0.68359375,-0.03515625,0,0
1779556842.903944,-0.09765625,-0.0078125,0.01171875,-0.376953125,-0.68359375,-0.03515625,0,0
1779556842.911990,-0.09765625,-0.0078125,0.01171875,-0.37109375,-0.68359375,-0.037109375,0,0
1779556842.919956,-0.09765625,-0.0078125,0.01171875,-0.37109375,-0.68359375,-0.037109375,0,0
1779556842.927977,-0.09765625,-0.0078125,0.01171875,-0.3515625,-0.68359375,-0.052734375,0,0
1779556842.935957,-0.099609375,-0.0078125,0.064453125,-0.3515625,-0.68359375,-0.052734375,0,0
1779556842.943955,-0.099609375,-0.0078125,0.064453125,-0.333984375,-0.63671875,-0.083984375,0,0
1779556842.951989,-0.099609375,0.0,0.0859375,-0.333984375,-0.63671875,-0.083984375,0,0
1779556842.960004,-0.099609375,0.0,0.0859375,-0.3046875,-0.556640625,-0.115234375,0,0
1779556842.967985,-0.087890625,-0.01171875,0.083984375,-0.3046875,-0.556640625,-0.115234375,0,0
1779556842.976001,-0.087890625,-0.01171875,0.083984375,-0.265625,-0.482421875,-0.126953125,0,0
1779556842.984004,-0.068359375,-0.009765625,0.0859375,-0.265625,-0.482421875,-0.126953125,0,0
1779556842.991961,-0.068359375,-0.009765625,0.0859375,-0.2421875,-0.41015625,-0.125,0,0
1779556842.999985,-0.060546875,-0.009765625,0.08984375,-0.2421875,-0.41015625,-0.125,0,0
1779556843.008004,-0.060546875,-0.009765625,0.08984375,-0.220703125,-0.345703125,-0.115234375,0,0
1779556843.015965,-0.05859375,-0.009765625,0.0859375,-0.220703125,-0.345703125,-0.115234375,0,0
1779556843.023978,-0.05859375,-0.009765625,0.0859375,-0.18359375,-0.283203125,-0.107421875,0,0
1779556843.031981,-0.056640625,-0.009765625,0.07421875,-0.18359375,-0.283203125,-0.107421875,0,0
1779556843.040020,-0.056640625,-0.009765625,0.07421875,-0.1328125,-0.23046875,-0.107421875,0,0
1779556843.047976,-0.044921875,-0.009765625,0.0625,-0.1328125,-0.23046875,-0.107421875,0,0
1779556843.055979,-0.044921875,-0.009765625,0.0625,-0.076171875,-0.17578125,-0.103515625,0,0
1779556843.064011,-0.017578125,-0.009765625,0.064453125,-0.076171875,-0.17578125,-0.103515625,0,0
1779556843.072029,-0.017578125,-0.009765625,0.064453125,-0.0546875,-0.125,-0.087890625,0,0
1779556843.080005,-0.00390625,-0.009765625,0.05859375,-0.0546875,-0.125,-0.087890625,0,0
1779556843.087978,-0.00390625,-0.009765625,0.05859375,-0.05078125,-0.09765625,-0.080078125,0,0
1779556843.095985,-0.00390625,-0.009765625,0.046875,-0.05078125,-0.09765625,-0.080078125,0,0
1779556843.103997,-0.00390625,-0.009765625,0.046875,-0.05078125,-0.072265625,-0.068359375,0,0
1779556843.111982,-0.00390625,-0.009765625,0.04296875,-0.05078125,-0.072265625,-0.068359375,0,0
1779556843.119992,-0.00390625,-0.009765625,0.04296875,-0.03515625,-0.04296875,-0.0625,0,0
1779556843.127957,-0.00390625,-0.009765625,0.025390625,-0.03515625,-0.04296875,-0.0625,0,0
1779556843.136010,-0.00390625,-0.009765625,0.025390625,-0.03515625,-0.015625,-0.060546875,0,0
1779556843.144008,-0.00390625,-0.009765625,0.0078125,-0.03515625,-0.015625,-0.060546875,0,0
1779556843.151967,-0.00390625,-0.009765625,0.0078125,-0.03515625,-0.015625,-0.0546875,0,0
1779556843.167973,-0.00390625,-0.009765625,0.0078125,-0.03515625,-0.015625,-0.05078125,0,0
1779556843.175957,0.005859375,-0.009765625,0.0078125,-0.03515625,-0.015625,-0.05078125,0,0
1779556843.183963,0.005859375,-0.009765625,0.0078125,-0.03515625,-0.015625,-0.029296875,0,0
1779556843.191996,0.009765625,-0.009765625,0.0078125,-0.03515625,-0.015625,-0.029296875,0,0
1779556843.199972,0.009765625,-0.009765625,0.0078125,-0.03515625,-0.015625,-0.033203125,0,0
1779556843.215993,0.009765625,-0.009765625,0.0078125,-0.03515625,-0.015625,-0.02734375,0,0
1779556843.231979,0.009765625,-0.009765625,0.0078125,-0.03515625,-0.015625,-0.01171875,0,0
1779556843.261995,0.0,0.0,0.0,0.0,0.0,0.0,0,0
1779556843.287993,0.009765625,-0.0078125,0.0078125,-0.03515625,-0.015625,-0.01171875,0,0
1779556843.304009,0.009765625,-0.03125,0.0078125,-0.03515625,-0.015625,-0.01171875,0,0
1779556843.319983,0.009765625,-0.041015625,-0.00390625,-0.03515625,-0.015625,-0.01171875,0,0
1779556843.336039,0.009765625,-0.052734375,-0.01953125,-0.03515625,-0.015625,-0.01171875,0,0
1779556843.351956,0.009765625,-0.0546875,-0.021484375,-0.03515625,-0.015625,-0.01171875,0,0
1779556843.360029,0.009765625,-0.0546875,-0.021484375,-0.03515625,0.0,-0.01171875,0,0
1779556843.367957,-0.00390625,-0.046875,-0.037109375,-0.03515625,0.0,-0.01171875,0,0
1779556843.375964,-0.00390625,-0.046875,-0.037109375,-0.00390625,-0.029296875,-0.01171875,0,0
1779556843.384012,-0.017578125,-0.041015625,-0.046875,-0.00390625,-0.029296875,-0.01171875,0,0
1779556843.392016,-0.017578125,-0.041015625,-0.046875,-0.02734375,-0.05078125,-0.01171875,0,0
1779556843.400001,-0.02734375,-0.05078125,-0.087890625,-0.02734375,-0.05078125,-0.01171875,0,0
1779556843.407991,-0.02734375,-0.05078125,-0.087890625,-0.0625,-0.08984375,-0.01171875,0,0
1779556843.415954,-0.056640625,-0.05859375,-0.125,-0.0625,-0.08984375,-0.01171875,0,0
1779556843.424045,-0.056640625,-0.05859375,-0.125,-0.107421875,-0.1640625,-0.01171875,0,0
1779556843.432012,-0.083984375,-0.05859375,-0.14453125,-0.107421875,-0.1640625,-0.01171875,0,0
1779556843.440007,-0.083984375,-0.05859375,-0.14453125,-0.140625,-0.22265625,-0.01171875,0,0
1779556843.447974,-0.111328125,-0.052734375,-0.162109375,-0.140625,-0.22265625,-0.01171875,0,0
1779556843.456009,-0.111328125,-0.052734375,-0.162109375,-0.19140625,-0.294921875,-0.01171875,0,0
1779556843.464023,-0.12890625,-0.0546875,-0.197265625,-0.19140625,-0.294921875,-0.01171875,0,0
1779556843.472031,-0.12890625,-0.0546875,-0.197265625,-0.216796875,-0.341796875,-0.01171875,0,0
1779556843.479954,-0.1640625,-0.037109375,-0.232421875,-0.216796875,-0.341796875,-0.01171875,0,0
1779556843.487982,-0.1640625,-0.037109375,-0.232421875,-0.26171875,-0.435546875,-0.01171875,0,0
1779556843.495975,-0.220703125,-0.0234375,-0.25,-0.26171875,-0.435546875,-0.01171875,0,0
1779556843.503999,-0.220703125,-0.0234375,-0.25,-0.30078125,-0.51953125,-0.01171875,0,0
1779556843.511998,-0.25,-0.0078125,-0.185546875,-0.30078125,-0.51953125,-0.01171875,0,0
1779556843.519966,-0.25,-0.0078125,-0.185546875,-0.3515625,-0.564453125,-0.01171875,0,0
1779556843.527972,-0.259765625,-0.0078125,-0.11328125,-0.3515625,-0.564453125,-0.01171875,0,0
1779556843.535982,-0.259765625,-0.0078125,-0.11328125,-0.404296875,-0.609375,-0.01171875,0,0
1779556843.543964,-0.259765625,-0.0078125,-0.07421875,-0.404296875,-0.609375,-0.01171875,0,0
1779556843.551971,-0.259765625,-0.0078125,-0.07421875,-0.421875,-0.63671875,-0.01171875,0,0
1779556843.559987,-0.25,-0.0078125,-0.021484375,-0.421875,-0.63671875,-0.01171875,0,0
1779556843.567950,-0.25,-0.0078125,-0.021484375,-0.447265625,-0.666015625,-0.01171875,0,0
1779556843.575981,-0.21875,-0.0078125,-0.021484375,-0.447265625,-0.666015625,-0.01171875,0,0
1779556843.583974,-0.21875,-0.0078125,-0.021484375,-0.466796875,-0.681640625,-0.01171875,0,0
1779556843.591987,-0.205078125,-0.0078125,-0.021484375,-0.466796875,-0.681640625,-0.01171875,0,0
1779556843.599976,-0.205078125,-0.0078125,-0.021484375,-0.4765625,-0.68359375,-0.01171875,0,0
1779556843.607982,-0.201171875,-0.0078125,-0.021484375,-0.4765625,-0.68359375,-0.01171875,0,0
1779556843.615989,-0.201171875,-0.0078125,-0.021484375,-0.478515625,-0.68359375,-0.01171875,0,0
1779556843.623985,-0.1953125,-0.0078125,-0.021484375,-0.478515625,-0.68359375,-0.01171875,0,0
1779556843.631990,-0.1953125,-0.0078125,-0.021484375,-0.474609375,-0.68359375,-0.01171875,0,0
1779556843.639959,-0.19140625,-0.0078125,-0.021484375,-0.474609375,-0.68359375,-0.01171875,0,0
1779556843.648010,-0.19140625,-0.0078125,-0.021484375,-0.46875,-0.68359375,-0.01171875,0,0
1779556843.656013,-0.185546875,-0.0078125,-0.021484375,-0.46875,-0.68359375,-0.01171875,0,0
1779556843.663963,-0.185546875,-0.0078125,-0.021484375,-0.45703125,-0.68359375,-0.01171875,0,0
1779556843.671974,-0.1796875,-0.0078125,-0.021484375,-0.45703125,-0.68359375,-0.01171875,0,0
1779556843.679989,-0.1796875,-0.0078125,-0.021484375,-0.455078125,-0.68359375,-0.01171875,0,0
1779556843.688038,-0.1796875,-0.0078125,-0.021484375,-0.455078125,-0.68359375,-0.01171875,0,0
1779556843.696048,-0.1796875,-0.0078125,-0.021484375,-0.455078125,-0.68359375,-0.01171875,0,0
1779556843.704004,-0.1796875,-0.0078125,-0.021484375,-0.455078125,-0.68359375,-0.01171875,0,0
1779556843.712059,-0.1796875,-0.0078125,-0.021484375,-0.455078125,-0.68359375,-0.01171875,0,0
1779556843.720021,-0.177734375,-0.0078125,-0.021484375,-0.455078125,-0.68359375,-0.01171875,0,0
1779556843.728019,-0.177734375,-0.0078125,-0.021484375,-0.451171875,-0.68359375,-0.01171875,0,0
1779556843.735970,-0.173828125,-0.0078125,-0.021484375,-0.451171875,-0.68359375,-0.01171875,0,0
1779556843.744014,-0.173828125,-0.0078125,-0.021484375,-0.443359375,-0.68359375,-0.01171875,0,0
1779556843.751998,-0.169921875,-0.0078125,-0.021484375,-0.443359375,-0.68359375,-0.01171875,0,0
1779556843.760009,-0.169921875,-0.0078125,-0.021484375,-0.43359375,-0.68359375,-0.01171875,0,0
1779556843.767962,-0.169921875,-0.0078125,-0.021484375,-0.43359375,-0.68359375,-0.01171875,0,0
1779556843.776015,-0.169921875,-0.0078125,-0.021484375,-0.427734375,-0.68359375,-0.01171875,0,0
1779556843.783989,-0.166015625,-0.0078125,-0.021484375,-0.427734375,-0.68359375,-0.01171875,0,0
1779556843.792000,-0.166015625,-0.0078125,-0.021484375,-0.427734375,-0.68359375,-0.01171875,0,0
1779556843.799999,-0.162109375,-0.0078125,-0.021484375,-0.427734375,-0.68359375,-0.01171875,0,0
1779556843.807976,-0.162109375,-0.0078125,-0.021484375,-0.419921875,-0.68359375,-0.01171875,0,0
1779556843.815970,-0.16015625,-0.0078125,-0.021484375,-0.419921875,-0.68359375,-0.01171875,0,0
1779556843.823973,-0.16015625,-0.0078125,-0.021484375,-0.408203125,-0.68359375,-0.01171875,0,0
1779556843.831970,-0.16015625,-0.0078125,-0.021484375,-0.408203125,-0.68359375,-0.01171875,0,0
1779556843.839995,-0.16015625,-0.0078125,-0.021484375,-0.400390625,-0.68359375,-0.01171875,0,0
1779556843.847956,-0.16015625,-0.0078125,-0.021484375,-0.400390625,-0.68359375,-0.01171875,0,0
1779556843.855986,-0.16015625,-0.0078125,-0.021484375,-0.388671875,-0.68359375,-0.01171875,0,0
1779556843.864034,-0.158203125,-0.0078125,-0.021484375,-0.388671875,-0.68359375,-0.01171875,0,0
1779556843.872011,-0.158203125,-0.0078125,-0.021484375,-0.375,-0.68359375,-0.01171875,0,0
1779556843.880009,-0.15625,-0.0078125,-0.021484375,-0.375,-0.68359375,-0.01171875,0,0
1779556843.888024,-0.15625,-0.0078125,-0.021484375,-0.365234375,-0.68359375,-0.01171875,0,0
1779556843.895977,-0.1484375,-0.0078125,-0.021484375,-0.365234375,-0.68359375,-0.01171875,0,0
1779556843.904025,-0.1484375,-0.0078125,-0.021484375,-0.345703125,-0.68359375,-0.01171875,0,0
1779556843.912002,-0.1171875,-0.0078125,-0.021484375,-0.345703125,-0.68359375,-0.01171875,0,0
1779556843.920002,-0.1171875,-0.0078125,-0.021484375,-0.302734375,-0.68359375,-0.01953125,0,0
1779556843.928015,-0.0703125,-0.01953125,-0.021484375,-0.302734375,-0.68359375,-0.01953125,0,0
1779556843.935949,-0.0703125,-0.01953125,-0.021484375,-0.22265625,-0.68359375,-0.072265625,0,0
1779556843.943984,-0.064453125,-0.0546875,-0.021484375,-0.22265625,-0.68359375,-0.072265625,0,0
1779556843.951998,-0.064453125,-0.0546875,-0.021484375,-0.169921875,-0.68359375,-0.087890625,0,0
1779556843.959962,-0.068359375,-0.080078125,-0.021484375,-0.169921875,-0.68359375,-0.087890625,0,0
1779556843.967973,-0.068359375,-0.080078125,-0.021484375,-0.1484375,-0.68359375,-0.091796875,0,0
1779556843.975979,-0.072265625,-0.1015625,-0.021484375,-0.1484375,-0.68359375,-0.091796875,0,0
1779556843.983968,-0.072265625,-0.1015625,-0.021484375,-0.140625,-0.68359375,-0.091796875,0,0
1779556843.991954,-0.07421875,-0.107421875,-0.021484375,-0.140625,-0.68359375,-0.091796875,0,0
1779556843.999997,-0.07421875,-0.107421875,-0.021484375,-0.134765625,-0.68359375,-0.091796875,0,0
1779556844.007967,-0.07421875,-0.107421875,-0.021484375,-0.134765625,-0.68359375,-0.091796875,0,0
1779556844.016032,-0.07421875,-0.107421875,-0.021484375,-0.140625,-0.68359375,-0.091796875,0,0
1779556844.023976,-0.07421875,-0.107421875,-0.021484375,-0.140625,-0.68359375,-0.091796875,0,0
1779556844.031979,-0.07421875,-0.107421875,-0.021484375,-0.142578125,-0.68359375,-0.091796875,0,0
1779556844.039981,-0.07421875,-0.11328125,-0.021484375,-0.142578125,-0.68359375,-0.091796875,0,0
1779556844.047956,-0.07421875,-0.11328125,-0.021484375,-0.154296875,-0.68359375,-0.08984375,0,0
1779556844.055980,-0.07421875,-0.119140625,-0.021484375,-0.154296875,-0.68359375,-0.08984375,0,0
1779556844.063983,-0.07421875,-0.119140625,-0.021484375,-0.16015625,-0.68359375,-0.087890625,0,0
1779556844.072010,-0.07421875,-0.123046875,-0.021484375,-0.16015625,-0.68359375,-0.087890625,0,0
1779556844.080041,-0.07421875,-0.123046875,-0.021484375,-0.162109375,-0.68359375,-0.087890625,0,0
1779556844.087980,-0.07421875,-0.123046875,-0.021484375,-0.162109375,-0.68359375,-0.087890625,0,0
1779556844.096029,-0.07421875,-0.123046875,-0.021484375,-0.162109375,-0.68359375,-0.087890625,0,0
1779556844.103981,-0.07421875,-0.123046875,-0.021484375,-0.162109375,-0.68359375,-0.087890625,0,0
1779556844.112004,-0.07421875,-0.123046875,-0.021484375,-0.162109375,-0.68359375,-0.087890625,0,0
1779556844.120019,-0.07421875,-0.12109375,-0.021484375,-0.162109375,-0.68359375,-0.087890625,0,0
1779556844.127985,-0.07421875,-0.12109375,-0.021484375,-0.1640625,-0.68359375,-0.087890625,0,0
1779556844.135957,-0.07421875,-0.12109375,-0.021484375,-0.1640625,-0.68359375,-0.087890625,0,0
1779556844.143993,-0.07421875,-0.12109375,-0.021484375,-0.1640625,-0.68359375,-0.087890625,0,0
1779556844.152007,-0.076171875,-0.12109375,-0.021484375,-0.1640625,-0.68359375,-0.087890625,0,0
1779556844.159992,-0.076171875,-0.12109375,-0.021484375,-0.166015625,-0.68359375,-0.087890625,0,0
1779556844.167979,-0.076171875,-0.12109375,-0.021484375,-0.166015625,-0.68359375,-0.087890625,0,0
1779556844.176023,-0.076171875,-0.12109375,-0.021484375,-0.166015625,-0.68359375,-0.087890625,0,0
1779556844.183973,-0.076171875,-0.125,-0.021484375,-0.166015625,-0.68359375,-0.087890625,0,0
1779556844.191961,-0.076171875,-0.125,-0.021484375,-0.162109375,-0.68359375,-0.08984375,0,0
1779556844.199998,-0.076171875,-0.125,-0.021484375,-0.162109375,-0.68359375,-0.08984375,0,0
1779556844.207989,-0.076171875,-0.125,-0.021484375,-0.16015625,-0.68359375,-0.08984375,0,0
1779556844.215944,-0.080078125,-0.123046875,-0.021484375,-0.16015625,-0.68359375,-0.08984375,0,0
1779556844.224066,-0.080078125,-0.123046875,-0.021484375,-0.162109375,-0.68359375,-0.087890625,0,0
1779556844.232007,-0.0859375,-0.123046875,-0.021484375,-0.162109375,-0.68359375,-0.087890625,0,0
1779556844.240239,-0.0859375,-0.123046875,-0.021484375,-0.169921875,-0.68359375,-0.083984375,0,0
1779556844.248014,-0.08984375,-0.123046875,-0.021484375,-0.169921875,-0.68359375,-0.083984375,0,0
1779556844.255996,-0.08984375,-0.123046875,-0.021484375,-0.181640625,-0.68359375,-0.078125,0,0
1779556844.264008,-0.091796875,-0.125,-0.021484375,-0.181640625,-0.68359375,-0.078125,0,0
1779556844.271993,-0.091796875,-0.125,-0.021484375,-0.18359375,-0.68359375,-0.078125,0,0
1779556844.279994,-0.09375,-0.125,-0.021484375,-0.18359375,-0.68359375,-0.078125,0,0
1779556844.287980,-0.09375,-0.125,-0.021484375,-0.18359375,-0.68359375,-0.078125,0,0
1779556844.296063,-0.09765625,-0.125,-0.021484375,-0.18359375,-0.68359375,-0.078125,0,0
1779556844.304034,-0.09765625,-0.125,-0.021484375,-0.1796875,-0.68359375,-0.078125,0,0
1779556844.312022,-0.109375,-0.125,-0.021484375,-0.1796875,-0.68359375,-0.078125,0,0
1779556844.319992,-0.109375,-0.125,-0.021484375,-0.185546875,-0.68359375,-0.076171875,0,0
1779556844.328017,-0.12109375,-0.123046875,-0.021484375,-0.185546875,-0.68359375,-0.076171875,0,0
1779556844.336018,-0.12109375,-0.123046875,-0.021484375,-0.193359375,-0.68359375,-0.0703125,0,0
1779556844.343981,-0.126953125,-0.126953125,-0.021484375,-0.193359375,-0.68359375,-0.0703125,0,0
1779556844.352060,-0.126953125,-0.126953125,-0.021484375,-0.19921875,-0.68359375,-0.0703125,0,0
1779556844.360002,-0.12890625,-0.126953125,-0.021484375,-0.19921875,-0.68359375,-0.0703125,0,0
1779556844.367987,-0.12890625,-0.126953125,-0.021484375,-0.19921875,-0.68359375,-0.068359375,0,0
1779556844.375992,-0.134765625,-0.119140625,-0.021484375,-0.19921875,-0.68359375,-0.068359375,0,0
1779556844.383987,-0.134765625,-0.119140625,-0.021484375,-0.1953125,-0.68359375,-0.068359375,0,0
1779556844.391958,-0.134765625,-0.09375,-0.021484375,-0.1953125,-0.68359375,-0.068359375,0,0
1779556844.399961,-0.134765625,-0.09375,-0.021484375,-0.173828125,-0.68359375,-0.078125,0,0
1779556844.407980,-0.15234375,-0.076171875,-0.021484375,-0.173828125,-0.68359375,-0.078125,0,0
1779556844.415995,-0.15234375,-0.076171875,-0.021484375,-0.134765625,-0.68359375,-0.10546875,0,0
1779556844.424022,-0.1640625,-0.06640625,-0.021484375,-0.134765625,-0.68359375,-0.10546875,0,0
1779556844.432000,-0.1640625,-0.06640625,-0.021484375,-0.095703125,-0.576171875,-0.14453125,0,0
1779556844.440031,-0.14453125,-0.07421875,0.00390625,-0.095703125,-0.576171875,-0.14453125,0,0
1779556844.447988,-0.14453125,-0.07421875,0.00390625,-0.04296875,-0.455078125,-0.15234375,0,0
1779556844.455982,-0.111328125,-0.076171875,0.015625,-0.04296875,-0.455078125,-0.15234375,0,0
1779556844.464011,-0.111328125,-0.076171875,0.015625,-0.04296875,-0.34375,-0.146484375,0,0
1779556844.472007,-0.111328125,-0.0546875,0.015625,-0.04296875,-0.34375,-0.146484375,0,0
1779556844.480041,-0.111328125,-0.0546875,0.015625,0.029296875,-0.162109375,-0.08203125,0,0
1779556844.487971,-0.111328125,-0.03515625,0.033203125,0.029296875,-0.162109375,-0.08203125,0,0
1779556844.496022,-0.111328125,-0.03515625,0.033203125,0.08203125,-0.025390625,-0.083984375,0,0
1779556844.504027,0.037109375,-0.03515625,0.0234375,0.08203125,-0.025390625,-0.083984375,0,0
1779556844.512010,0.037109375,-0.03515625,0.0234375,0.08203125,-0.025390625,-0.05859375,0,0
1779556844.519958,0.037109375,-0.03515625,0.021484375,0.08203125,-0.025390625,-0.05859375,0,0
1779556844.527948,0.037109375,-0.03515625,0.021484375,0.068359375,-0.025390625,-0.033203125,0,0
1779556844.551969,0.037109375,-0.01171875,0.021484375,0.068359375,-0.025390625,-0.033203125,0,0
1779556844.581988,0.0,0.0,0.0,0.0,0.0,0.0,0,0
1779556844.612958,0.0,0.0,0.0,0.0,0.0,0.0,0,0
1779556844.643972,0.0,0.0,0.0,0.0,0.0,0.0,0,0
1779556844.675014,0.0,0.0,0.0,0.0,0.0,0.0,0,0
1779556844.705987,0.0,0.0,0.0,0.0,0.0,0.0,0,0
1779556844.736968,0.0,0.0,0.0,0.0,0.0,0.0,0,0
1779556844.768009,0.0,0.0,0.0,0.0,0.0,0.0,0,0
1779556844.799007,0.0,0.0,0.0,0.0,0.0,0.0,0,0
1779556844.830028,0.0,0.0,0.0,0.0,0.0,0.0,0,0
1779556844.861037,0.0,0.0,0.0,0.0,0.0,0.0,0,0
1779556844.892004,0.0,0.0,0.0,0.0,0.0,0.0,0,0
1779556844.923011,0.0,0.0,0.0,0.0,0.0,0.0,0,0
1779556844.954019,0.0,0.0,0.0,0.0,0.0,0.0,0,0
1779556844.984996,0.0,0.0,0.0,0.0,0.0,0.0,0,0
1779556845.016016,0.0,0.0,0.0,0.0,0.0,0.0,0,0
1779556845.047036,0.0,0.0,0.0,0.0,0.0,0.0,0,0
1779556845.078023,0.0,0.0,0.0,0.0,0.0,0.0,0,0
1779556845.109015,0.0,0.0,0.0,0.0,0.0,0.0,0,0
1779556845.139967,0.0,0.0,0.0,0.0,0.0,0.0,0,0
1779556845.170994,0.0,0.0,0.0,0.0,0.0,0.0,0,0
1779556845.201978,0.0,0.0,0.0,0.0,0.0,0.0,0,0
1779556845.215986,0.037109375,-0.01171875,-0.00390625,0.068359375,-0.025390625,-0.033203125,0,0
1779556845.232048,0.037109375,-0.01171875,-0.009765625,0.068359375,-0.025390625,-0.033203125,0,0
1779556845.247977,0.037109375,-0.01171875,-0.013671875,0.068359375,-0.025390625,-0.033203125,0,0
1779556845.264045,0.037109375,-0.01171875,-0.009765625,0.068359375,-0.025390625,-0.033203125,0,0
1779556845.293960,0.0,0.0,0.0,0.0,0.0,0.0,0,0
1779556845.325036,0.0,0.0,0.0,0.0,0.0,0.0,0,0
1779556845.355981,0.0,0.0,0.0,0.0,0.0,0.0,0,0
1779556845.386964,0.0,0.0,0.0,0.0,0.0,0.0,0,0
1779556845.418003,0.0,0.0,0.0,0.0,0.0,0.0,0,0
1779556845.448994,0.0,0.0,0.0,0.0,0.0,0.0,0,0
1779556845.480029,0.0,0.0,0.0,0.0,0.0,0.0,0,0
1779556845.510995,0.0,0.0,0.0,0.0,0.0,0.0,0,0
1779556845.528004,0.037109375,-0.013671875,-0.009765625,0.068359375,-0.025390625,-0.033203125,0,0
1779556845.544000,0.037109375,-0.021484375,-0.009765625,0.068359375,-0.025390625,-0.033203125,0,0
1779556845.559993,0.037109375,-0.03515625,-0.009765625,0.068359375,-0.025390625,-0.033203125,0,0
1779556845.567990,0.037109375,-0.03515625,-0.009765625,0.068359375,-0.025390625,-0.009765625,0,0
1779556845.576032,0.037109375,-0.01953125,-0.009765625,0.068359375,-0.025390625,-0.009765625,0,0
1779556845.583941,0.037109375,-0.01953125,-0.009765625,0.068359375,-0.025390625,-0.013671875,0,0
1779556845.592057,0.037109375,-0.005859375,-0.009765625,0.068359375,-0.025390625,-0.013671875,0,0
1779556845.600011,0.037109375,-0.005859375,-0.009765625,0.068359375,-0.025390625,-0.013671875,0,0
1779556845.607990,0.037109375,-0.00390625,-0.009765625,0.068359375,-0.025390625,-0.013671875,0,0
1779556845.616009,0.037109375,-0.00390625,-0.009765625,0.068359375,-0.025390625,-0.0078125,0,0
1779556845.631997,0.037109375,-0.00390625,-0.009765625,0.068359375,-0.025390625,0.0,0,0
1779556845.662047,0.0,0.0,0.0,0.0,0.0,0.0,0,0
1779556845.693042,0.0,0.0,0.0,0.0,0.0,0.0,0,0
1779556845.724004,0.0,0.0,0.0,0.0,0.0,0.0,0,0
1779556845.755004,0.0,0.0,0.0,0.0,0.0,0.0,0,0
1779556845.785990,0.0,0.0,0.0,0.0,0.0,0.0,0,0
1779556845.816984,0.0,0.0,0.0,0.0,0.0,0.0,0,0
1779556845.847990,0.0,0.0,0.0,0.0,0.0,0.0,0,0
1779556845.872013,0.037109375,0.0,-0.009765625,0.068359375,-0.025390625,0.0,0,0
1779556845.887984,0.037109375,-0.021484375,-0.009765625,0.068359375,-0.025390625,0.0,0,0
1779556845.895994,0.037109375,-0.021484375,-0.009765625,0.00390625,-0.025390625,0.0,0,0
1779556845.903958,0.0078125,-0.017578125,-0.009765625,0.00390625,-0.025390625,0.0,0,0
1779556845.911986,0.0078125,-0.017578125,-0.009765625,0.02734375,-0.025390625,-0.03515625,0,0
1779556845.920033,0.017578125,-0.03125,-0.009765625,0.02734375,-0.025390625,-0.03515625,0,0
1779556845.928004,0.017578125,-0.03125,-0.009765625,0.052734375,0.00390625,-0.111328125,0,0
1779556845.935997,0.03125,-0.0546875,-0.009765625,0.052734375,0.00390625,-0.111328125,0,0
1779556845.943989,0.03125,-0.0546875,-0.009765625,0.080078125,0.01171875,-0.240234375,0,0
1779556845.952037,0.0546875,-0.083984375,-0.009765625,0.080078125,0.01171875,-0.240234375,0,0
1779556845.959996,0.0546875,-0.083984375,-0.009765625,0.10546875,0.01953125,-0.3984375,0,0
1779556845.967974,0.0546875,-0.08203125,-0.009765625,0.10546875,0.01953125,-0.3984375,0,0
1779556845.975977,0.0546875,-0.08203125,-0.009765625,0.109375,0.015625,-0.529296875,0,0
1779556845.983953,0.02734375,-0.052734375,-0.009765625,0.109375,0.015625,-0.529296875,0,0
1779556845.992015,0.02734375,-0.052734375,-0.009765625,0.08984375,0.015625,-0.6015625,0,0
1779556846.007963,0.02734375,-0.052734375,-0.009765625,0.068359375,0.015625,-0.68359375,0,0
1779556846.024024,0.02734375,-0.052734375,-0.009765625,0.060546875,0.015625,-0.68359375,0,0
1779556846.040024,0.02734375,-0.052734375,-0.009765625,0.05859375,0.015625,-0.68359375,0,0
1779556846.056004,0.02734375,-0.052734375,-0.009765625,0.052734375,0.015625,-0.68359375,0,0
1779556846.072004,0.02734375,-0.052734375,-0.009765625,0.04296875,0.015625,-0.68359375,0,0
1779556846.088002,0.02734375,-0.052734375,-0.009765625,0.03125,0.015625,-0.68359375,0,0
1779556846.096013,0.02734375,-0.0078125,-0.009765625,0.03125,0.015625,-0.68359375,0,0
1779556846.103997,0.02734375,-0.0078125,-0.009765625,0.015625,0.015625,-0.68359375,0,0
1779556846.112002,0.02734375,-0.009765625,-0.009765625,0.015625,0.015625,-0.68359375,0,0
1779556846.119984,0.02734375,-0.009765625,-0.009765625,0.00390625,0.015625,-0.68359375,0,0
1779556846.127991,0.02734375,-0.009765625,-0.009765625,0.00390625,0.015625,-0.68359375,0,0
1779556846.136055,0.02734375,-0.009765625,-0.009765625,0.0,0.015625,-0.68359375,0,0
1779556846.144002,0.02734375,-0.009765625,-0.009765625,0.0,0.015625,-0.68359375,0,0
1779556846.152009,0.02734375,-0.009765625,-0.009765625,0.0,0.015625,-0.68359375,0,0
1779556846.159998,0.02734375,-0.01171875,-0.009765625,0.0,0.015625,-0.68359375,0,0
1779556846.168030,0.02734375,-0.01171875,-0.009765625,0.0,0.015625,-0.68359375,0,0
1779556846.176054,0.02734375,-0.01171875,-0.009765625,0.0,0.015625,-0.68359375,0,0
1779556846.183995,0.02734375,-0.01171875,-0.009765625,0.0,0.015625,-0.68359375,0,0
1779556846.192034,0.02734375,-0.01171875,-0.009765625,0.0,0.015625,-0.68359375,0,0
1779556846.200029,0.02734375,-0.01171875,-0.009765625,0.0,0.015625,-0.68359375,0,0
1779556846.208037,0.02734375,-0.01171875,-0.009765625,0.0,0.015625,-0.68359375,0,0
1779556846.216027,0.02734375,-0.01171875,-0.009765625,0.0,0.015625,-0.68359375,0,0
1779556846.224008,0.02734375,-0.01171875,-0.009765625,0.0,0.015625,-0.68359375,0,0
1779556846.231971,0.02734375,-0.01171875,-0.009765625,0.0,0.015625,-0.68359375,0,0
1779556846.240001,0.02734375,-0.01171875,-0.009765625,0.0,0.015625,-0.68359375,0,0
1779556846.248023,0.02734375,-0.01171875,-0.009765625,0.0,0.015625,-0.68359375,0,0
1779556846.256030,0.02734375,-0.01171875,-0.009765625,0.0,0.015625,-0.68359375,0,0
1779556846.263974,0.02734375,-0.01171875,-0.009765625,0.0,0.015625,-0.68359375,0,0
1779556846.271963,0.02734375,-0.01171875,-0.009765625,0.0,0.015625,-0.68359375,0,0
1779556846.280049,0.02734375,-0.01171875,-0.009765625,0.0,0.015625,-0.68359375,0,0
1779556846.288003,0.02734375,-0.01171875,-0.009765625,0.0,0.015625,-0.68359375,0,0
1779556846.295972,0.02734375,-0.01171875,-0.009765625,0.0,0.015625,-0.68359375,0,0
1779556846.303952,0.02734375,-0.01171875,-0.009765625,0.0,0.015625,-0.68359375,0,0
1779556846.311955,0.02734375,-0.01171875,-0.009765625,0.0,0.015625,-0.68359375,0,0
1779556846.319950,0.02734375,-0.01171875,-0.009765625,0.0,0.015625,-0.68359375,0,0
1779556846.328008,0.02734375,-0.01171875,-0.009765625,0.0,0.015625,-0.68359375,0,0
1779556846.336046,0.02734375,-0.01171875,-0.009765625,0.0,0.015625,-0.68359375,0,0
1779556846.343986,0.02734375,-0.01171875,-0.009765625,0.0,0.015625,-0.68359375,0,0
1779556846.351966,0.02734375,-0.01171875,-0.009765625,0.0,0.015625,-0.68359375,0,0
1779556846.360037,0.02734375,-0.01171875,-0.009765625,0.0,0.015625,-0.68359375,0,0
1779556846.368003,0.02734375,-0.01171875,-0.009765625,0.0,0.015625,-0.68359375,0,0
1779556846.376006,0.02734375,-0.01171875,-0.009765625,0.0,0.015625,-0.68359375,0,0
1779556846.383974,0.02734375,-0.01171875,-0.009765625,0.0,0.015625,-0.68359375,0,0
1779556846.392018,0.02734375,-0.01171875,-0.009765625,0.0,0.015625,-0.68359375,0,0
1779556846.399945,0.02734375,-0.01171875,-0.009765625,0.0,0.015625,-0.68359375,0,0
1779556846.407993,0.02734375,-0.01171875,-0.009765625,0.0,0.015625,-0.68359375,0,0
1779556846.415974,0.02734375,-0.01171875,-0.009765625,0.0,0.015625,-0.68359375,0,0
1779556846.423969,0.02734375,-0.01171875,-0.009765625,0.0,0.015625,-0.68359375,0,0
1779556846.431982,0.02734375,-0.01171875,-0.009765625,0.0,0.015625,-0.68359375,0,0
1779556846.439975,0.02734375,-0.01171875,-0.009765625,0.0,0.015625,-0.68359375,0,0
1779556846.447973,0.02734375,-0.01171875,-0.009765625,0.0,0.015625,-0.68359375,0,0
1779556846.455950,0.02734375,-0.01171875,-0.009765625,0.0,0.015625,-0.68359375,0,0
1779556846.463987,0.02734375,-0.01171875,-0.009765625,0.0,0.015625,-0.68359375,0,0
1779556846.471975,0.02734375,-0.01171875,-0.009765625,0.0,0.015625,-0.68359375,0,0
1779556846.479980,0.02734375,-0.01171875,-0.009765625,0.0,0.015625,-0.68359375,0,0
1779556846.487969,0.02734375,-0.01171875,-0.009765625,0.0,0.015625,-0.68359375,0,0
1779556846.495960,0.02734375,-0.01171875,-0.009765625,0.0,0.015625,-0.68359375,0,0
1779556846.503952,0.02734375,-0.01171875,-0.009765625,0.0,0.015625,-0.68359375,0,0
1779556846.511988,0.02734375,-0.01171875,-0.009765625,0.0,0.015625,-0.68359375,0,0
1779556846.519983,0.02734375,-0.01171875,-0.009765625,0.0,0.015625,-0.68359375,0,0
1779556846.527976,0.02734375,-0.01171875,-0.009765625,0.0,0.015625,-0.68359375,0,0
1779556846.535956,0.02734375,-0.01171875,-0.009765625,0.0,0.015625,-0.68359375,0,0
1779556846.543993,0.02734375,-0.01171875,-0.009765625,0.0,0.015625,-0.68359375,0,0
1779556846.552013,0.02734375,-0.01171875,-0.009765625,0.0,0.015625,-0.68359375,0,0
1779556846.560028,0.02734375,-0.01171875,-0.009765625,0.0,0.015625,-0.68359375,0,0
1779556846.567989,0.02734375,-0.01171875,-0.009765625,0.0,0.015625,-0.68359375,0,0
1779556846.576005,0.02734375,-0.01171875,-0.009765625,0.0,0.015625,-0.68359375,0,0
1779556846.583920,0.02734375,-0.01171875,-0.009765625,0.0,0.015625,-0.68359375,0,0
1779556846.591996,0.02734375,-0.01171875,-0.009765625,0.0,0.015625,-0.68359375,0,0
1779556846.599953,0.02734375,-0.01171875,-0.009765625,0.0,0.015625,-0.68359375,0,0
1779556846.607994,0.02734375,-0.01171875,-0.009765625,0.0,0.015625,-0.68359375,0,0
1779556846.615963,0.02734375,-0.01171875,-0.009765625,0.0,0.015625,-0.68359375,0,0
1779556846.623959,0.02734375,-0.01171875,-0.009765625,0.0,0.015625,-0.68359375,0,0
1779556846.631941,0.02734375,-0.01171875,-0.009765625,0.0,0.015625,-0.68359375,0,0
1779556846.639939,0.02734375,-0.01171875,-0.009765625,0.0,0.015625,-0.68359375,0,0
1779556846.647971,0.02734375,-0.01171875,-0.009765625,0.0,0.015625,-0.68359375,0,0
1779556846.656003,0.02734375,-0.01171875,-0.009765625,0.0,0.015625,-0.68359375,0,0
1779556846.663960,0.02734375,-0.01171875,-0.009765625,0.0,0.015625,-0.68359375,0,0
1779556846.671985,0.02734375,-0.01171875,-0.009765625,0.0,0.015625,-0.68359375,0,0
1779556846.679995,0.02734375,-0.01171875,-0.009765625,0.0,0.015625,-0.68359375,0,0
1779556846.687968,0.02734375,-0.01171875,-0.009765625,0.0,0.015625,-0.68359375,0,0
1779556846.695974,0.02734375,-0.01171875,-0.009765625,0.0,0.015625,-0.68359375,0,0
1779556846.703975,0.02734375,-0.01171875,-0.009765625,0.0,0.015625,-0.68359375,0,0
1779556846.711987,0.02734375,-0.01171875,-0.009765625,0.0,0.015625,-0.68359375,0,0
1779556846.720001,0.02734375,-0.01171875,-0.009765625,0.0,0.015625,-0.68359375,0,0
1779556846.727968,0.02734375,-0.01171875,-0.009765625,0.0,0.015625,-0.68359375,0,0
1779556846.735965,0.02734375,-0.01171875,-0.009765625,0.0,0.015625,-0.68359375,0,0
1779556846.743981,0.02734375,-0.01171875,-0.009765625,0.0,0.015625,-0.68359375,0,0
1779556846.751976,0.02734375,-0.01171875,-0.009765625,0.0,0.015625,-0.68359375,0,0
1779556846.760008,0.02734375,-0.01171875,-0.009765625,0.0,0.015625,-0.68359375,0,0
1779556846.767987,0.02734375,-0.01171875,-0.009765625,0.0,0.015625,-0.68359375,0,0
1779556846.775982,0.02734375,-0.01171875,-0.009765625,0.0,0.015625,-0.68359375,0,0
1779556846.784002,0.02734375,-0.01171875,-0.009765625,0.0,0.015625,-0.68359375,0,0
1779556846.791993,0.02734375,-0.01171875,-0.009765625,0.0,0.015625,-0.68359375,0,0
1779556846.800030,0.02734375,-0.01171875,-0.009765625,0.0,0.015625,-0.68359375,0,0
1779556846.807961,0.02734375,-0.01171875,-0.009765625,0.0,0.015625,-0.68359375,0,0
1779556846.815979,0.02734375,-0.01171875,-0.009765625,0.0,0.015625,-0.68359375,0,0
1779556846.823992,0.02734375,-0.01171875,-0.009765625,0.0,0.015625,-0.68359375,0,0
1779556846.831976,0.02734375,-0.01171875,-0.009765625,0.0,0.015625,-0.68359375,0,0
1779556846.840001,0.02734375,-0.01171875,-0.009765625,0.0,0.015625,-0.68359375,0,0
1779556846.848017,0.02734375,-0.01171875,-0.009765625,0.0,0.015625,-0.68359375,0,0
1779556846.856009,0.02734375,-0.01171875,-0.009765625,0.0,0.015625,-0.68359375,0,0
1779556846.863998,0.02734375,-0.01171875,-0.009765625,0.0,0.015625,-0.68359375,0,0
1779556846.871996,0.02734375,-0.01171875,-0.009765625,0.0,0.015625,-0.68359375,0,0
1779556846.880034,0.02734375,-0.01171875,-0.009765625,0.0,0.015625,-0.68359375,0,0
1779556846.888002,0.02734375,-0.01171875,-0.009765625,0.0,0.015625,-0.68359375,0,0
1779556846.895999,0.02734375,-0.01171875,-0.009765625,0.0,0.015625,-0.68359375,0,0
1779556846.903977,0.02734375,-0.01171875,-0.009765625,0.0,0.015625,-0.68359375,0,0
1779556846.911959,0.02734375,-0.01171875,-0.009765625,0.0,0.015625,-0.68359375,0,0
1779556846.919983,0.02734375,-0.01171875,-0.009765625,0.0,0.015625,-0.68359375,0,0
1779556846.927993,0.02734375,-0.013671875,-0.009765625,0.0,0.015625,-0.68359375,0,0
1779556846.935976,0.02734375,-0.013671875,-0.009765625,0.0,0.015625,-0.68359375,0,0
1779556846.943967,0.02734375,-0.013671875,-0.009765625,0.0,0.015625,-0.68359375,0,0
1779556846.951974,0.02734375,-0.013671875,-0.009765625,0.0,0.015625,-0.68359375,0,0
1779556846.959999,0.02734375,-0.013671875,-0.009765625,0.0,0.015625,-0.68359375,0,0
1779556846.968003,0.02734375,-0.013671875,-0.009765625,0.021484375,0.015625,-0.68359375,0,0
1779556846.975975,0.02734375,-0.05859375,-0.009765625,0.021484375,0.015625,-0.68359375,0,0
1779556846.983957,0.02734375,-0.05859375,-0.009765625,0.041015625,0.015625,-0.65625,0,0
1779556846.992067,0.048828125,-0.0390625,-0.009765625,0.041015625,0.015625,-0.65625,0,0
1779556846.999983,0.048828125,-0.0390625,-0.009765625,0.0546875,0.015625,-0.484375,0,0
1779556847.007995,0.177734375,-0.060546875,-0.009765625,0.0546875,0.015625,-0.484375,0,0
1779556847.015968,0.177734375,-0.060546875,-0.009765625,0.08984375,0.015625,-0.287109375,0,0
1779556847.023973,0.13671875,-0.0234375,0.013671875,0.08984375,0.015625,-0.287109375,0,0
1779556847.032005,0.13671875,-0.0234375,0.013671875,0.103515625,0.03515625,-0.224609375,0,0
1779556847.039988,0.083984375,-0.0234375,0.025390625,0.103515625,0.03515625,-0.224609375,0,0
1779556847.047994,0.083984375,-0.0234375,0.025390625,0.087890625,0.02734375,-0.16015625,0,0
1779556847.055996,0.021484375,-0.0234375,0.015625,0.087890625,0.02734375,-0.16015625,0,0
1779556847.064066,0.021484375,-0.0234375,0.015625,0.05859375,0.0,-0.083984375,0,0
1779556847.093988,0.0,0.0,0.0,0.0,0.0,0.0,0,0
1779556847.125014,0.0,0.0,0.0,0.0,0.0,0.0,0,0
1779556847.156010,0.0,0.0,0.0,0.0,0.0,0.0,0,0
1779556847.187002,0.0,0.0,0.0,0.0,0.0,0.0,0,0
1779556847.218009,0.0,0.0,0.0,0.0,0.0,0.0,0,0
1779556847.249002,0.0,0.0,0.0,0.0,0.0,0.0,0,0
1779556847.280039,0.0,0.0,0.0,0.0,0.0,0.0,0,0
1779556847.310971,0.0,0.0,0.0,0.0,0.0,0.0,0,0
1779556847.341939,0.0,0.0,0.0,0.0,0.0,0.0,0,0
1779556847.372988,0.0,0.0,0.0,0.0,0.0,0.0,0,0
1779556847.403967,0.0,0.0,0.0,0.0,0.0,0.0,0,0
1779556847.434975,0.0,0.0,0.0,0.0,0.0,0.0,0,0
1779556847.466013,0.0,0.0,0.0,0.0,0.0,0.0,0,0
1779556847.497004,0.0,0.0,0.0,0.0,0.0,0.0,0,0
1779556847.527992,0.0,0.0,0.0,0.0,0.0,0.0,0,0
1779556847.559051,0.0,0.0,0.0,0.0,0.0,0.0,0,0
1779556847.590018,0.0,0.0,0.0,0.0,0.0,0.0,0,0
1779556847.620999,0.0,0.0,0.0,0.0,0.0,0.0,0,0
1779556847.652007,0.0,0.0,0.0,0.0,0.0,0.0,0,0
1779556847.682942,0.0,0.0,0.0,0.0,0.0,0.0,0,0
1779556847.713986,0.0,0.0,0.0,0.0,0.0,0.0,0,0
1779556847.744976,0.0,0.0,0.0,0.0,0.0,0.0,0,0
1779556847.776073,0.0,0.0,0.0,0.0,0.0,0.0,0,0
1779556847.807055,0.0,0.0,0.0,0.0,0.0,0.0,0,0
1779556847.838040,0.0,0.0,0.0,0.0,0.0,0.0,0,0
1779556847.864046,0.021484375,-0.0234375,-0.021484375,0.05859375,0.0,-0.083984375,0,0
1779556847.879977,0.021484375,-0.0234375,-0.025390625,0.05859375,0.0,-0.083984375,0,0
1779556847.887938,0.021484375,-0.0234375,-0.025390625,0.013671875,0.0,-0.083984375,0,0
1779556847.895954,0.009765625,-0.01171875,-0.056640625,0.013671875,0.0,-0.083984375,0,0
1779556847.903948,0.009765625,-0.01171875,-0.056640625,0.04296875,0.0,-0.083984375,0,0
1779556847.911989,0.015625,-0.0234375,-0.12109375,0.04296875,0.0,-0.083984375,0,0
1779556847.919978,0.015625,-0.0234375,-0.12109375,0.068359375,0.0,-0.083984375,0,0
1779556847.928063,0.029296875,-0.0390625,-0.197265625,0.068359375,0.0,-0.083984375,0,0
1779556847.935954,0.029296875,-0.0390625,-0.197265625,0.083984375,0.0,-0.083984375,0,0
1779556847.943994,0.037109375,-0.044921875,-0.28125,0.083984375,0.0,-0.083984375,0,0
1779556847.952040,0.037109375,-0.044921875,-0.28125,0.091796875,0.0,-0.083984375,0,0
1779556847.960003,0.0234375,-0.052734375,-0.349609375,0.091796875,0.0,-0.083984375,0,0
1779556847.968014,0.0234375,-0.052734375,-0.349609375,0.111328125,0.0,-0.083984375,0,0
1779556847.976035,0.01171875,-0.0625,-0.40234375,0.111328125,0.0,-0.083984375,0,0
1779556847.983963,0.01171875,-0.0625,-0.40234375,0.13671875,0.0,-0.083984375,0,0
1779556847.992071,0.01171875,-0.0703125,-0.439453125,0.13671875,0.0,-0.083984375,0,0
1779556848.000032,0.01171875,-0.0703125,-0.439453125,0.162109375,-0.013671875,-0.083984375,0,0
1779556848.007973,0.01171875,-0.06640625,-0.474609375,0.162109375,-0.013671875,-0.083984375,0,0
1779556848.016060,0.01171875,-0.06640625,-0.474609375,0.171875,-0.01953125,-0.083984375,0,0
1779556848.023947,0.01171875,-0.05078125,-0.49609375,0.171875,-0.01953125,-0.083984375,0,0
1779556848.032013,0.01171875,-0.05078125,-0.49609375,0.171875,-0.021484375,-0.083984375,0,0
1779556848.039989,0.01171875,-0.03515625,-0.51953125,0.171875,-0.021484375,-0.083984375,0,0
1779556848.048007,0.01171875,-0.03515625,-0.51953125,0.166015625,-0.0234375,-0.083984375,0,0
1779556848.056002,0.01171875,-0.025390625,-0.529296875,0.166015625,-0.0234375,-0.083984375,0,0
1779556848.064001,0.01171875,-0.025390625,-0.529296875,0.1640625,-0.017578125,-0.083984375,0,0
1779556848.072004,0.01171875,-0.025390625,-0.533203125,0.1640625,-0.017578125,-0.083984375,0,0
1779556848.080034,0.01171875,-0.025390625,-0.533203125,0.1640625,-0.009765625,-0.083984375,0,0
1779556848.088026,0.01171875,-0.03515625,-0.53515625,0.1640625,-0.009765625,-0.083984375,0,0
1779556848.096045,0.01171875,-0.03515625,-0.53515625,0.173828125,-0.00390625,-0.083984375,0,0
1779556848.104043,0.0078125,-0.041015625,-0.53515625,0.173828125,-0.00390625,-0.083984375,0,0
1779556848.112038,0.0078125,-0.041015625,-0.53515625,0.181640625,-0.00390625,-0.083984375,0,0
1779556848.119987,0.015625,-0.0390625,-0.529296875,0.181640625,-0.00390625,-0.083984375,0,0
1779556848.127982,0.015625,-0.0390625,-0.529296875,0.177734375,-0.00390625,-0.083984375,0,0
1779556848.136015,0.021484375,-0.03515625,-0.521484375,0.177734375,-0.00390625,-0.083984375,0,0
1779556848.144022,0.021484375,-0.03515625,-0.521484375,0.16796875,-0.00390625,-0.083984375,0,0
1779556848.151986,0.021484375,-0.033203125,-0.515625,0.16796875,-0.00390625,-0.083984375,0,0
1779556848.160017,0.021484375,-0.033203125,-0.515625,0.16015625,-0.00390625,-0.083984375,0,0
1779556848.168389,0.021484375,-0.029296875,-0.509765625,0.16015625,-0.00390625,-0.083984375,0,0
1779556848.176011,0.021484375,-0.029296875,-0.509765625,0.158203125,-0.00390625,-0.083984375,0,0
1779556848.184035,0.0234375,-0.033203125,-0.50390625,0.158203125,-0.00390625,-0.083984375,0,0
1779556848.192046,0.0234375,-0.033203125,-0.50390625,0.154296875,-0.00390625,-0.083984375,0,0
1779556848.200004,0.029296875,-0.037109375,-0.49609375,0.154296875,-0.00390625,-0.083984375,0,0
1779556848.207994,0.029296875,-0.037109375,-0.49609375,0.1484375,-0.00390625,-0.083984375,0,0
1779556848.216005,0.03125,-0.041015625,-0.490234375,0.1484375,-0.00390625,-0.083984375,0,0
1779556848.223960,0.03125,-0.041015625,-0.490234375,0.140625,-0.00390625,-0.083984375,0,0
1779556848.231989,0.033203125,-0.04296875,-0.486328125,0.140625,-0.00390625,-0.083984375,0,0
1779556848.239972,0.033203125,-0.04296875,-0.486328125,0.125,-0.00390625,-0.083984375,0,0
1779556848.247989,0.025390625,-0.033203125,-0.484375,0.125,-0.00390625,-0.083984375,0,0
1779556848.255937,0.025390625,-0.033203125,-0.484375,0.1171875,-0.00390625,-0.083984375,0,0
1779556848.263949,0.013671875,-0.025390625,-0.486328125,0.1171875,-0.00390625,-0.083984375,0,0
1779556848.271942,0.013671875,-0.025390625,-0.486328125,0.11328125,-0.00390625,-0.083984375,0,0
1779556848.279968,0.0078125,-0.01953125,-0.490234375,0.11328125,-0.00390625,-0.083984375,0,0
1779556848.287998,0.0078125,-0.01953125,-0.490234375,0.11328125,-0.00390625,-0.083984375,0,0
1779556848.296005,0.0,-0.01953125,-0.490234375,0.11328125,-0.00390625,-0.083984375,0,0
1779556848.304020,0.0,-0.01953125,-0.490234375,0.115234375,-0.00390625,-0.083984375,0,0
1779556848.311954,0.0,-0.01953125,-0.490234375,0.115234375,-0.00390625,-0.083984375,0,0
1779556848.319967,0.0,-0.01953125,-0.490234375,0.1171875,-0.00390625,0.0,0,0
1779556848.328049,0.0078125,-0.021484375,-0.486328125,0.1171875,-0.00390625,0.0,0,0
1779556848.335983,0.0078125,-0.021484375,-0.486328125,0.115234375,-0.00390625,0.0,0,0
1779556848.344005,0.017578125,-0.0234375,-0.4765625,0.115234375,-0.00390625,0.0,0,0
1779556848.351933,0.017578125,-0.0234375,-0.4765625,0.1171875,-0.00390625,-0.00390625,0,0
1779556848.360048,0.021484375,-0.0234375,-0.470703125,0.1171875,-0.00390625,-0.00390625,0,0
1779556848.367979,0.021484375,-0.0234375,-0.470703125,0.123046875,-0.00390625,-0.005859375,0,0
1779556848.375950,0.021484375,-0.025390625,-0.470703125,0.123046875,-0.00390625,-0.005859375,0,0
1779556848.384000,0.021484375,-0.025390625,-0.470703125,0.126953125,-0.00390625,-0.005859375,0,0
1779556848.392065,0.021484375,-0.03125,-0.470703125,0.126953125,-0.00390625,-0.005859375,0,0
1779556848.400024,0.021484375,-0.03125,-0.470703125,0.13671875,-0.00390625,-0.005859375,0,0
1779556848.407984,0.025390625,-0.03125,-0.462890625,0.13671875,-0.00390625,-0.005859375,0,0
1779556848.416012,0.025390625,-0.03125,-0.462890625,0.140625,-0.00390625,-0.005859375,0,0
1779556848.423979,0.03515625,-0.021484375,-0.443359375,0.140625,-0.00390625,-0.005859375,0,0
1779556848.431976,0.03515625,-0.021484375,-0.443359375,0.13671875,-0.00390625,-0.0078125,0,0
1779556848.439944,0.0390625,-0.01171875,-0.43359375,0.13671875,-0.00390625,-0.0078125,0,0
1779556848.447985,0.0390625,-0.01171875,-0.43359375,0.130859375,-0.00390625,-0.009765625,0,0
1779556848.455986,0.037109375,0.0,-0.427734375,0.130859375,-0.00390625,-0.009765625,0,0
1779556848.463966,0.037109375,0.0,-0.427734375,0.130859375,-0.00390625,-0.013671875,0,0
1779556848.471982,0.025390625,0.0,-0.431640625,0.130859375,-0.00390625,-0.013671875,0,0
1779556848.479956,0.025390625,0.0,-0.431640625,0.1328125,-0.00390625,-0.017578125,0,0
1779556848.487953,0.01953125,0.0,-0.435546875,0.1328125,-0.00390625,-0.017578125,0,0
1779556848.496045,0.01953125,0.0,-0.435546875,0.1328125,-0.00390625,-0.017578125,0,0
1779556848.503958,0.017578125,-0.00390625,-0.43359375,0.1328125,-0.00390625,-0.017578125,0,0
1779556848.511962,0.017578125,-0.00390625,-0.43359375,0.138671875,-0.00390625,-0.017578125,0,0
1779556848.520004,0.0234375,-0.005859375,-0.4296875,0.138671875,-0.00390625,-0.017578125,0,0
1779556848.528070,0.0234375,-0.005859375,-0.4296875,0.140625,-0.00390625,-0.017578125,0,0
1779556848.535995,0.029296875,-0.009765625,-0.42578125,0.140625,-0.00390625,-0.017578125,0,0
1779556848.544011,0.029296875,-0.009765625,-0.42578125,0.1484375,-0.00390625,-0.017578125,0,0
1779556848.551994,0.029296875,-0.013671875,-0.427734375,0.1484375,-0.00390625,-0.017578125,0,0
1779556848.560063,0.029296875,-0.013671875,-0.427734375,0.15234375,-0.00390625,-0.017578125,0,0
1779556848.567972,0.02734375,-0.015625,-0.42578125,0.15234375,-0.00390625,-0.017578125,0,0
1779556848.576030,0.02734375,-0.015625,-0.42578125,0.15625,-0.00390625,-0.01953125,0,0
1779556848.584005,0.02734375,-0.01953125,-0.42578125,0.15625,-0.00390625,-0.01953125,0,0
1779556848.591985,0.02734375,-0.01953125,-0.42578125,0.1640625,-0.00390625,-0.021484375,0,0
1779556848.599992,0.02734375,-0.02734375,-0.427734375,0.1640625,-0.00390625,-0.021484375,0,0
1779556848.607987,0.02734375,-0.02734375,-0.427734375,0.17578125,-0.00390625,-0.0234375,0,0
1779556848.615981,0.03125,-0.033203125,-0.427734375,0.17578125,-0.00390625,-0.0234375,0,0
1779556848.623990,0.03125,-0.033203125,-0.427734375,0.181640625,-0.00390625,-0.025390625,0,0
1779556848.632016,0.037109375,-0.03515625,-0.419921875,0.181640625,-0.00390625,-0.025390625,0,0
1779556848.639978,0.037109375,-0.03515625,-0.419921875,0.185546875,-0.00390625,-0.02734375,0,0
1779556848.647994,0.044921875,-0.0390625,-0.408203125,0.185546875,-0.00390625,-0.02734375,0,0
1779556848.656024,0.044921875,-0.0390625,-0.408203125,0.189453125,-0.00390625,-0.02734375,0,0
1779556848.663976,0.046875,-0.03515625,-0.396484375,0.189453125,-0.00390625,-0.02734375,0,0
1779556848.671997,0.046875,-0.03515625,-0.396484375,0.1875,-0.00390625,-0.029296875,0,0
1779556848.679978,0.046875,-0.029296875,-0.376953125,0.1875,-0.00390625,-0.029296875,0,0
1779556848.687986,0.046875,-0.029296875,-0.376953125,0.185546875,-0.00390625,-0.03125,0,0
1779556848.696008,0.048828125,-0.0234375,-0.345703125,0.185546875,-0.00390625,-0.03125,0,0
1779556848.704027,0.048828125,-0.0234375,-0.345703125,0.18359375,-0.00390625,-0.033203125,0,0
1779556848.711996,0.048828125,-0.02734375,-0.29296875,0.18359375,-0.00390625,-0.033203125,0,0
1779556848.720015,0.048828125,-0.02734375,-0.29296875,0.18359375,-0.00390625,-0.03125,0,0
1779556848.728034,0.044921875,-0.029296875,-0.236328125,0.18359375,-0.00390625,-0.03125,0,0
1779556848.736006,0.044921875,-0.029296875,-0.236328125,0.1796875,-0.00390625,-0.025390625,0,0
1779556848.744012,0.05078125,-0.017578125,-0.13671875,0.1796875,-0.00390625,-0.025390625,0,0
1779556848.752040,0.05078125,-0.017578125,-0.13671875,0.17578125,-0.00390625,-0.0234375,0,0
1779556848.760088,0.076171875,-0.0078125,-0.05078125,0.17578125,-0.00390625,-0.0234375,0,0
1779556848.768079,0.076171875,-0.0078125,-0.05078125,0.177734375,-0.00390625,-0.03125,0,0
1779556848.776036,0.091796875,-0.0078125,-0.05078125,0.177734375,-0.00390625,-0.03125,0,0
1779556848.783986,0.091796875,-0.0078125,-0.05078125,0.158203125,0.0390625,-0.0390625,0,0
1779556848.792081,0.076171875,-0.0078125,-0.05078125,0.158203125,0.0390625,-0.0390625,0,0
1779556848.800031,0.076171875,-0.0078125,-0.05078125,0.109375,0.072265625,-0.02734375,0,0
1779556848.807990,0.076171875,-0.0078125,-0.05078125,0.109375,0.072265625,-0.02734375,0,0
1779556848.815977,0.076171875,-0.0078125,-0.05078125,0.068359375,0.060546875,-0.017578125,0,0
1779556848.824021,0.03515625,-0.013671875,-0.05078125,0.068359375,0.060546875,-0.017578125,0,0
1779556848.832009,0.03515625,-0.013671875,-0.05078125,0.052734375,0.015625,0.0,0,0
1779556848.840010,0.005859375,-0.013671875,-0.05078125,0.052734375,0.015625,0.0,0,0
1779556848.848039,0.005859375,-0.013671875,-0.05078125,0.01171875,0.015625,-0.00390625,0,0
1779556848.856009,0.005859375,-0.013671875,-0.05078125,0.01171875,0.015625,-0.00390625,0,0
1779556848.864012,0.005859375,-0.013671875,-0.05078125,0.005859375,0.015625,-0.0078125,0,0
1779556848.880045,0.009765625,-0.013671875,-0.05078125,0.005859375,0.015625,-0.0078125,0,0
1779556848.887986,0.009765625,-0.013671875,-0.05078125,0.00390625,0.015625,-0.009765625,0,0
1779556848.896033,0.005859375,-0.013671875,-0.05078125,0.00390625,0.015625,-0.009765625,0,0
1779556848.904008,0.005859375,-0.013671875,-0.05078125,0.00390625,0.015625,-0.0078125,0,0
1779556848.920001,0.005859375,-0.013671875,-0.05078125,0.00390625,0.015625,-0.005859375,0,0
1779556848.935959,0.005859375,-0.013671875,-0.05078125,0.00390625,0.015625,-0.00390625,0,0
1779556848.966003,0.0,0.0,0.0,0.0,0.0,0.0,0,0
1779556848.997074,0.0,0.0,0.0,0.0,0.0,0.0,0,0
1779556849.028027,0.0,0.0,0.0,0.0,0.0,0.0,0,0
1779556849.058958,0.0,0.0,0.0,0.0,0.0,0.0,0,0
1779556849.090033,0.0,0.0,0.0,0.0,0.0,0.0,0,0
1779556849.120980,0.0,0.0,0.0,0.0,0.0,0.0,0,0
1779556849.152003,0.0,0.0,0.0,0.0,0.0,0.0,0,0
1779556849.183045,0.0,0.0,0.0,0.0,0.0,0.0,0,0
1779556849.213980,0.0,0.0,0.0,0.0,0.0,0.0,0,0
1779556849.244985,0.0,0.0,0.0,0.0,0.0,0.0,0,0
1779556849.276037,0.0,0.0,0.0,0.0,0.0,0.0,0,0
1779556849.307007,0.0,0.0,0.0,0.0,0.0,0.0,0,0
1779556849.320002,0.005859375,-0.013671875,0.0,0.00390625,0.015625,-0.00390625,0,0
1779556849.335976,0.005859375,-0.013671875,-0.009765625,0.00390625,0.015625,-0.00390625,0,0
1779556849.352028,0.005859375,-0.013671875,-0.021484375,0.00390625,0.015625,-0.00390625,0,0
1779556849.367965,0.005859375,-0.013671875,-0.03125,0.00390625,0.015625,-0.00390625,0,0
1779556849.384010,0.005859375,-0.013671875,-0.04296875,0.00390625,0.015625,-0.00390625,0,0
1779556849.399985,0.005859375,-0.013671875,-0.05078125,0.00390625,0.015625,-0.00390625,0,0
1779556849.407968,0.005859375,-0.013671875,-0.05078125,0.005859375,0.015625,-0.00390625,0,0
1779556849.415991,0.0,-0.013671875,-0.060546875,0.005859375,0.015625,-0.00390625,0,0
1779556849.424028,0.0,-0.013671875,-0.060546875,0.021484375,0.015625,-0.00390625,0,0
1779556849.431990,0.009765625,-0.013671875,-0.07421875,0.021484375,0.015625,-0.00390625,0,0
1779556849.440022,0.009765625,-0.013671875,-0.07421875,0.03125,0.015625,-0.00390625,0,0
1779556849.448004,0.009765625,-0.013671875,-0.09375,0.03125,0.015625,-0.00390625,0,0
1779556849.456016,0.009765625,-0.013671875,-0.09375,0.044921875,0.015625,-0.00390625,0,0
1779556849.464020,0.015625,-0.013671875,-0.1015625,0.044921875,0.015625,-0.00390625,0,0
1779556849.472019,0.015625,-0.013671875,-0.1015625,0.052734375,0.015625,-0.00390625,0,0
1779556849.480018,0.017578125,-0.013671875,-0.111328125,0.052734375,0.015625,-0.00390625,0,0
1779556849.488003,0.017578125,-0.013671875,-0.111328125,0.0625,0.015625,-0.0078125,0,0
1779556849.496030,0.025390625,-0.013671875,-0.111328125,0.0625,0.015625,-0.0078125,0,0
1779556849.503973,0.025390625,-0.013671875,-0.111328125,0.072265625,0.015625,-0.009765625,0,0
1779556849.512004,0.025390625,-0.013671875,-0.119140625,0.072265625,0.015625,-0.009765625,0,0
1779556849.520038,0.025390625,-0.013671875,-0.119140625,0.083984375,0.015625,-0.009765625,0,0
1779556849.528090,0.025390625,-0.013671875,-0.13671875,0.083984375,0.015625,-0.009765625,0,0
1779556849.536007,0.025390625,-0.013671875,-0.13671875,0.0859375,0.015625,-0.009765625,0,0
1779556849.544024,0.0234375,-0.013671875,-0.15625,0.0859375,0.015625,-0.009765625,0,0
1779556849.551986,0.0234375,-0.013671875,-0.15625,0.08984375,0.015625,-0.009765625,0,0
1779556849.560074,0.02734375,-0.013671875,-0.17578125,0.08984375,0.015625,-0.009765625,0,0
1779556849.568012,0.02734375,-0.013671875,-0.17578125,0.0859375,0.015625,-0.01171875,0,0
1779556849.576009,0.041015625,-0.013671875,-0.1953125,0.0859375,0.015625,-0.01171875,0,0
1779556849.583975,0.041015625,-0.013671875,-0.1953125,0.0859375,0.015625,-0.01171875,0,0
1779556849.591986,0.05859375,-0.013671875,-0.21484375,0.0859375,0.015625,-0.01171875,0,0
1779556849.600010,0.05859375,-0.013671875,-0.21484375,0.09375,0.015625,-0.015625,0,0
1779556849.607967,0.0703125,-0.013671875,-0.232421875,0.09375,0.015625,-0.015625,0,0
1779556849.616005,0.0703125,-0.013671875,-0.232421875,0.111328125,0.015625,-0.021484375,0,0
1779556849.623987,0.06640625,-0.013671875,-0.251953125,0.111328125,0.015625,-0.021484375,0,0
1779556849.631987,0.06640625,-0.013671875,-0.251953125,0.130859375,0.015625,-0.02734375,0,0
1779556849.639980,0.05078125,-0.013671875,-0.287109375,0.130859375,0.015625,-0.02734375,0,0
1779556849.647989,0.05078125,-0.013671875,-0.287109375,0.154296875,0.015625,-0.033203125,0,0
1779556849.656004,0.03515625,-0.013671875,-0.33203125,0.154296875,0.015625,-0.033203125,0,0
1779556849.664016,0.03515625,-0.013671875,-0.33203125,0.173828125,0.015625,-0.03515625,0,0
1779556849.671994,0.029296875,0.0,-0.37109375,0.173828125,0.015625,-0.03515625,0,0
1779556849.679991,0.029296875,0.0,-0.37109375,0.197265625,0.015625,-0.0390625,0,0
1779556849.687990,0.033203125,-0.005859375,-0.388671875,0.197265625,0.015625,-0.0390625,0,0
1779556849.696021,0.033203125,-0.005859375,-0.388671875,0.20703125,0.015625,-0.0390625,0,0
1779556849.703968,0.041015625,-0.009765625,-0.3984375,0.20703125,0.015625,-0.0390625,0,0
1779556849.711979,0.041015625,-0.009765625,-0.3984375,0.216796875,0.015625,-0.0390625,0,0
1779556849.720036,0.04296875,-0.017578125,-0.40625,0.216796875,0.015625,-0.0390625,0,0
1779556849.728033,0.04296875,-0.017578125,-0.40625,0.224609375,0.015625,-0.0390625,0,0
1779556849.735959,0.0390625,-0.0234375,-0.416015625,0.224609375,0.015625,-0.0390625,0,0
1779556849.743961,0.0390625,-0.0234375,-0.416015625,0.224609375,-0.00390625,-0.03515625,0,0
1779556849.751970,0.033203125,-0.029296875,-0.421875,0.224609375,-0.00390625,-0.03515625,0,0
1779556849.760012,0.033203125,-0.029296875,-0.421875,0.224609375,-0.01171875,-0.033203125,0,0
1779556849.767998,0.025390625,-0.029296875,-0.4296875,0.224609375,-0.01171875,-0.033203125,0,0
1779556849.776026,0.025390625,-0.029296875,-0.4296875,0.208984375,-0.01953125,-0.03125,0,0
1779556849.783985,0.025390625,-0.03125,-0.42578125,0.208984375,-0.01953125,-0.03125,0,0
1779556849.792047,0.025390625,-0.03125,-0.42578125,0.201171875,-0.017578125,-0.029296875,0,0
1779556849.800016,0.029296875,-0.03125,-0.400390625,0.201171875,-0.017578125,-0.029296875,0,0
1779556849.807993,0.029296875,-0.03125,-0.400390625,0.189453125,-0.005859375,-0.029296875,0,0
1779556849.815983,0.0390625,-0.03515625,-0.353515625,0.189453125,-0.005859375,-0.029296875,0,0
1779556849.823983,0.0390625,-0.03515625,-0.353515625,0.1796875,-0.005859375,-0.025390625,0,0
1779556849.831995,0.052734375,-0.0234375,-0.232421875,0.1796875,-0.005859375,-0.025390625,0,0
1779556849.839991,0.052734375,-0.0234375,-0.232421875,0.1640625,-0.005859375,-0.0234375,0,0
1779556849.848010,0.072265625,-0.013671875,-0.087890625,0.1640625,-0.005859375,-0.0234375,0,0
1779556849.856001,0.072265625,-0.013671875,-0.087890625,0.158203125,-0.005859375,-0.02734375,0,0
1779556849.864002,0.091796875,-0.009765625,-0.087890625,0.158203125,-0.005859375,-0.02734375,0,0
1779556849.871993,0.091796875,-0.009765625,-0.087890625,0.15625,0.03515625,-0.037109375,0,0
1779556849.880054,0.08203125,-0.009765625,-0.087890625,0.15625,0.03515625,-0.037109375,0,0
1779556849.888034,0.08203125,-0.009765625,-0.087890625,0.109375,0.05859375,-0.048828125,0,0
1779556849.904037,0.08203125,-0.009765625,-0.087890625,0.109375,0.005859375,-0.048828125,0,0
1779556849.934052,0.0,0.0,0.0,0.0,0.0,0.0,0,0
1779556849.965019,0.0,0.0,0.0,0.0,0.0,0.0,0,0
1779556849.996033,0.0,0.0,0.0,0.0,0.0,0.0,0,0
1779556850.027015,0.0,0.0,0.0,0.0,0.0,0.0,0,0
1779556850.057989,0.0,0.0,0.0,0.0,0.0,0.0,0,0
1779556850.089011,0.0,0.0,0.0,0.0,0.0,0.0,0,0
1779556850.120026,0.0,0.0,0.0,0.0,0.0,0.0,0,0
1779556850.151033,0.0,0.0,0.0,0.0,0.0,0.0,0,0
1779556850.181986,0.0,0.0,0.0,0.0,0.0,0.0,0,0
1779556850.212933,0.0,0.0,0.0,0.0,0.0,0.0,0,0
1779556850.243998,0.0,0.0,0.0,0.0,0.0,0.0,0,0
1779556850.275027,0.0,0.0,0.0,0.0,0.0,0.0,0,0
1779556850.305988,0.0,0.0,0.0,0.0,0.0,0.0,0,0
1779556850.337000,0.0,0.0,0.0,0.0,0.0,0.0,0,0
1779556850.368006,0.0,0.0,0.0,0.0,0.0,0.0,0,0
1779556850.399048,0.0,0.0,0.0,0.0,0.0,0.0,0,0
1779556850.430095,0.0,0.0,0.0,0.0,0.0,0.0,0,0
1779556850.461015,0.0,0.0,0.0,0.0,0.0,0.0,0,0
1779556850.491988,0.0,0.0,0.0,0.0,0.0,0.0,0,0
1779556850.522960,0.0,0.0,0.0,0.0,0.0,0.0,0,0
1779556850.554009,0.0,0.0,0.0,0.0,0.0,0.0,0,0
1779556850.584980,0.0,0.0,0.0,0.0,0.0,0.0,0,0
1779556850.616042,0.0,0.0,0.0,0.0,0.0,0.0,0,0
1779556850.647026,0.0,0.0,0.0,0.0,0.0,0.0,0,0
1779556850.678035,0.0,0.0,0.0,0.0,0.0,0.0,0,0
1779556850.708972,0.0,0.0,0.0,0.0,0.0,0.0,0,0
1779556850.740020,0.0,0.0,0.0,0.0,0.0,0.0,0,0
1779556850.771053,0.0,0.0,0.0,0.0,0.0,0.0,0,0
1779556850.801979,0.0,0.0,0.0,0.0,0.0,0.0,0,0
1779556850.833004,0.0,0.0,0.0,0.0,0.0,0.0,0,0
1779556850.864037,0.0,0.0,0.0,0.0,0.0,0.0,0,0
1779556850.895022,0.0,0.0,0.0,0.0,0.0,0.0,0,0
1779556850.925988,0.0,0.0,0.0,0.0,0.0,0.0,0,0
1779556850.956980,0.0,0.0,0.0,0.0,0.0,0.0,0,0
1779556850.988024,0.0,0.0,0.0,0.0,0.0,0.0,0,0
1779556851.018935,0.0,0.0,0.0,0.0,0.0,0.0,0,0
1779556851.050029,0.0,0.0,0.0,0.0,0.0,0.0,0,0
1779556851.081007,0.0,0.0,0.0,0.0,0.0,0.0,0,0
1779556851.112043,0.0,0.0,0.0,0.0,0.0,0.0,0,0
1779556851.143059,0.0,0.0,0.0,0.0,0.0,0.0,0,0
1779556851.174005,0.0,0.0,0.0,0.0,0.0,0.0,0,0
1779556851.204984,0.0,0.0,0.0,0.0,0.0,0.0,0,0
1779556851.236032,0.0,0.0,0.0,0.0,0.0,0.0,0,0
1779556851.266968,0.0,0.0,0.0,0.0,0.0,0.0,0,0
1779556851.298028,0.0,0.0,0.0,0.0,0.0,0.0,0,0
1779556851.328998,0.0,0.0,0.0,0.0,0.0,0.0,0,0
1779556851.360015,0.0,0.0,0.0,0.0,0.0,0.0,0,0
1779556851.391042,0.0,0.0,0.0,0.0,0.0,0.0,0,0
1779556851.422006,0.0,0.0,0.0,0.0,0.0,0.0,0,0
1779556851.452977,0.0,0.0,0.0,0.0,0.0,0.0,0,0
1779556851.483965,0.0,0.0,0.0,0.0,0.0,0.0,0,0
1779556851.515043,0.0,0.0,0.0,0.0,0.0,0.0,0,0
1779556851.545998,0.0,0.0,0.0,0.0,0.0,0.0,0,0
1779556851.559991,0.08203125,-0.009765625,-0.087890625,0.109375,0.0078125,-0.048828125,0,0
1779556851.568036,0.08203125,-0.00390625,-0.087890625,0.109375,0.0078125,-0.048828125,0,0
1779556851.575984,0.08203125,-0.00390625,-0.087890625,0.109375,0.0234375,-0.048828125,0,0
1779556851.584022,0.0,-0.00390625,-0.087890625,0.109375,0.0234375,-0.048828125,0,0
1779556851.592013,0.0,-0.00390625,-0.087890625,0.109375,0.044921875,-0.048828125,0,0
1779556851.600065,0.013671875,-0.00390625,-0.087890625,0.109375,0.044921875,-0.048828125,0,0
1779556851.608052,0.013671875,-0.00390625,-0.087890625,0.109375,0.05859375,-0.048828125,0,0
1779556851.615995,0.03125,-0.00390625,-0.087890625,0.109375,0.05859375,-0.048828125,0,0
1779556851.624033,0.03125,-0.00390625,-0.087890625,0.109375,0.080078125,-0.048828125,0,0
1779556851.632047,0.052734375,-0.00390625,-0.087890625,0.109375,0.080078125,-0.048828125,0,0
1779556851.640002,0.052734375,-0.00390625,-0.087890625,0.109375,0.119140625,-0.048828125,0,0
1779556851.648000,0.07421875,-0.00390625,-0.087890625,0.109375,0.119140625,-0.048828125,0,0
1779556851.655966,0.07421875,-0.00390625,-0.087890625,0.109375,0.162109375,-0.048828125,0,0
1779556851.664002,0.083984375,-0.00390625,-0.087890625,0.109375,0.162109375,-0.048828125,0,0
1779556851.671991,0.083984375,-0.00390625,-0.087890625,0.109375,0.1875,-0.048828125,0,0
1779556851.679996,0.11328125,-0.00390625,-0.087890625,0.109375,0.1875,-0.048828125,0,0
1779556851.688007,0.11328125,-0.00390625,-0.087890625,0.109375,0.22265625,-0.048828125,0,0
1779556851.696043,0.140625,-0.00390625,-0.087890625,0.109375,0.22265625,-0.048828125,0,0
1779556851.703979,0.140625,-0.00390625,-0.087890625,0.109375,0.251953125,-0.048828125,0,0
1779556851.712010,0.171875,-0.00390625,-0.087890625,0.109375,0.251953125,-0.048828125,0,0
1779556851.720000,0.171875,-0.00390625,-0.087890625,0.109375,0.27734375,-0.009765625,0,0
1779556851.727968,0.22265625,-0.009765625,-0.087890625,0.109375,0.27734375,-0.009765625,0,0
1779556851.735958,0.22265625,-0.009765625,-0.087890625,0.01953125,0.3203125,-0.03515625,0,0
1779556851.743955,0.263671875,-0.01171875,-0.087890625,0.01953125,0.3203125,-0.03515625,0,0
1779556851.752032,0.263671875,-0.01171875,-0.087890625,0.052734375,0.365234375,-0.0625,0,0
1779556851.760046,0.271484375,-0.01171875,-0.087890625,0.052734375,0.365234375,-0.0625,0,0
1779556851.767982,0.271484375,-0.01171875,-0.087890625,0.083984375,0.400390625,-0.072265625,0,0
1779556851.775969,0.248046875,-0.01171875,-0.087890625,0.083984375,0.400390625,-0.072265625,0,0
1779556851.783972,0.248046875,-0.01171875,-0.087890625,0.095703125,0.4296875,-0.0625,0,0
1779556851.791964,0.224609375,-0.01171875,-0.087890625,0.095703125,0.4296875,-0.0625,0,0
1779556851.799980,0.224609375,-0.01171875,-0.087890625,0.09765625,0.453125,-0.052734375,0,0
1779556851.807966,0.22265625,-0.00390625,-0.087890625,0.09765625,0.453125,-0.052734375,0,0
1779556851.816046,0.22265625,-0.00390625,-0.087890625,0.095703125,0.474609375,-0.048828125,0,0
1779556851.824008,0.234375,-0.00390625,-0.087890625,0.095703125,0.474609375,-0.048828125,0,0
1779556851.831980,0.234375,-0.00390625,-0.087890625,0.099609375,0.517578125,-0.046875,0,0
1779556851.840009,0.24609375,-0.0078125,-0.087890625,0.099609375,0.517578125,-0.046875,0,0
1779556851.848019,0.24609375,-0.0078125,-0.087890625,0.109375,0.556640625,-0.044921875,0,0
1779556851.856031,0.248046875,-0.0078125,-0.087890625,0.109375,0.556640625,-0.044921875,0,0
1779556851.864025,0.248046875,-0.0078125,-0.087890625,0.107421875,0.58203125,-0.041015625,0,0
1779556851.871989,0.248046875,-0.0078125,-0.087890625,0.107421875,0.58203125,-0.041015625,0,0
1779556851.879980,0.248046875,-0.0078125,-0.087890625,0.11328125,0.60546875,-0.037109375,0,0
1779556851.888002,0.255859375,-0.005859375,-0.087890625,0.11328125,0.60546875,-0.037109375,0,0
1779556851.895993,0.255859375,-0.005859375,-0.087890625,0.119140625,0.62890625,-0.03125,0,0
1779556851.903969,0.263671875,-0.009765625,-0.087890625,0.119140625,0.62890625,-0.03125,0,0
1779556851.912010,0.263671875,-0.009765625,-0.087890625,0.125,0.642578125,-0.01953125,0,0
1779556851.919978,0.26953125,-0.0078125,-0.087890625,0.125,0.642578125,-0.01953125,0,0
1779556851.928038,0.26953125,-0.0078125,-0.087890625,0.125,0.64453125,-0.013671875,0,0
1779556851.935975,0.259765625,-0.00390625,-0.087890625,0.125,0.64453125,-0.013671875,0,0
1779556851.944027,0.259765625,-0.00390625,-0.087890625,0.12890625,0.62109375,-0.01171875,0,0
1779556851.951949,0.236328125,-0.009765625,-0.087890625,0.12890625,0.62109375,-0.01171875,0,0
1779556851.959993,0.236328125,-0.009765625,-0.087890625,0.14453125,0.552734375,-0.017578125,0,0
1779556851.967950,0.2109375,-0.009765625,0.01953125,0.14453125,0.552734375,-0.017578125,0,0
1779556851.975931,0.2109375,-0.009765625,0.01953125,0.17578125,0.447265625,-0.029296875,0,0
1779556851.983999,0.16796875,-0.009765625,0.041015625,0.17578125,0.447265625,-0.029296875,0,0
1779556851.992023,0.16796875,-0.009765625,0.041015625,0.1953125,0.326171875,-0.033203125,0,0
1779556851.999988,0.107421875,-0.009765625,0.044921875,0.1953125,0.326171875,-0.033203125,0,0
1779556852.007974,0.107421875,-0.009765625,0.044921875,0.18359375,0.224609375,-0.01171875,0,0
1779556852.016011,0.0234375,-0.009765625,0.013671875,0.18359375,0.224609375,-0.01171875,0,0
1779556852.024008,0.0234375,-0.009765625,0.013671875,0.126953125,0.125,-0.01171875,0,0
1779556852.032054,0.0234375,-0.009765625,0.01953125,0.126953125,0.125,-0.01171875,0,0
1779556852.040035,0.0234375,-0.009765625,0.01953125,0.09765625,0.0703125,-0.01171875,0,0
1779556852.048027,0.0234375,-0.009765625,0.013671875,0.09765625,0.0703125,-0.01171875,0,0
1779556852.055985,0.0234375,-0.009765625,0.013671875,0.07421875,0.048828125,-0.01171875,0,0
1779556852.064011,0.0234375,-0.009765625,0.00390625,0.07421875,0.048828125,-0.01171875,0,0
1779556852.072022,0.0234375,-0.009765625,0.00390625,0.048828125,0.037109375,-0.01171875,0,0
1779556852.087994,0.0234375,-0.009765625,0.00390625,0.029296875,0.017578125,-0.01171875,0,0
1779556852.104028,0.0234375,-0.009765625,0.00390625,0.021484375,0.0,-0.01171875,0,0
1779556852.120020,0.0234375,-0.009765625,0.00390625,0.009765625,0.0,-0.01171875,0,0
1779556852.135965,0.0234375,-0.009765625,0.00390625,0.0,0.0,-0.01171875,0,0
1779556852.166041,0.0,0.0,0.0,0.0,0.0,0.0,0,0
1779556852.197007,0.0,0.0,0.0,0.0,0.0,0.0,0,0
1779556852.228010,0.0,0.0,0.0,0.0,0.0,0.0,0,0
1779556852.259028,0.0,0.0,0.0,0.0,0.0,0.0,0,0
1779556852.289954,0.0,0.0,0.0,0.0,0.0,0.0,0,0
1779556852.320977,0.0,0.0,0.0,0.0,0.0,0.0,0,0
1779556852.351963,0.0,0.0,0.0,0.0,0.0,0.0,0,0
1779556852.383012,0.0,0.0,0.0,0.0,0.0,0.0,0,0
1779556852.414010,0.0,0.0,0.0,0.0,0.0,0.0,0,0
1779556852.444983,0.0,0.0,0.0,0.0,0.0,0.0,0,0
1779556852.475966,0.0,0.0,0.0,0.0,0.0,0.0,0,0
1779556852.507013,0.0,0.0,0.0,0.0,0.0,0.0,0,0
1779556852.538012,0.0,0.0,0.0,0.0,0.0,0.0,0,0
1779556852.568963,0.0,0.0,0.0,0.0,0.0,0.0,0,0
1779556852.600010,0.0,0.0,0.0,0.0,0.0,0.0,0,0
1779556852.630949,0.0,0.0,0.0,0.0,0.0,0.0,0,0
1779556852.648002,0.0234375,-0.00390625,0.00390625,0.0,0.0,-0.01171875,0,0
1779556852.664028,0.0234375,-0.013671875,0.00390625,0.0,0.0,-0.01171875,0,0
1779556852.672001,0.0234375,-0.013671875,0.00390625,0.0,-0.013671875,-0.01171875,0,0
1779556852.679959,0.0234375,-0.0234375,0.00390625,0.0,-0.013671875,-0.01171875,0,0
1779556852.687981,0.0234375,-0.0234375,0.00390625,0.0,-0.05078125,-0.01171875,0,0
1779556852.696022,0.0234375,-0.02734375,0.00390625,0.0,-0.05078125,-0.01171875,0,0
1779556852.703978,0.0234375,-0.02734375,0.00390625,0.0,-0.080078125,-0.01171875,0,0
1779556852.711964,0.0234375,-0.03125,0.00390625,0.0,-0.080078125,-0.01171875,0,0
1779556852.719969,0.0234375,-0.03125,0.00390625,0.0,-0.080078125,-0.01171875,0,0
1779556852.727986,0.0234375,-0.033203125,0.00390625,0.0,-0.080078125,-0.01171875,0,0
1779556852.735994,0.0234375,-0.033203125,0.00390625,0.0,-0.080078125,-0.01171875,0,0
1779556852.744018,0.0234375,-0.033203125,0.00390625,0.0,-0.080078125,-0.01171875,0,0
1779556852.752039,0.0234375,-0.033203125,0.00390625,0.0,-0.068359375,-0.01171875,0,0
1779556852.759958,0.0234375,-0.03515625,0.00390625,0.0,-0.068359375,-0.01171875,0,0
1779556852.768008,0.0234375,-0.03515625,0.00390625,0.0,-0.06640625,-0.01171875,0,0
1779556852.776007,0.0234375,-0.03125,0.0078125,0.0,-0.06640625,-0.01171875,0,0
1779556852.783971,0.0234375,-0.03125,0.0078125,0.0,-0.060546875,-0.00390625,0,0
1779556852.791994,0.0234375,-0.03125,0.025390625,0.0,-0.060546875,-0.00390625,0,0
1779556852.800055,0.0234375,-0.03125,0.025390625,0.0,-0.0625,-0.009765625,0,0
1779556852.807992,0.0234375,-0.033203125,0.0625,0.0,-0.0625,-0.009765625,0,0
1779556852.815937,0.0234375,-0.033203125,0.0625,0.0,-0.056640625,-0.017578125,0,0
1779556852.824008,0.0234375,-0.03125,0.0859375,0.0,-0.056640625,-0.017578125,0,0
1779556852.832027,0.0234375,-0.03125,0.0859375,0.0,-0.048828125,-0.0234375,0,0
1779556852.840041,0.0234375,-0.03125,0.126953125,0.0,-0.048828125,-0.0234375,0,0
1779556852.847974,0.0234375,-0.03125,0.126953125,0.0,-0.037109375,-0.025390625,0,0
1779556852.856009,0.0234375,-0.037109375,0.19921875,0.0,-0.037109375,-0.025390625,0,0
1779556852.864034,0.0234375,-0.037109375,0.19921875,0.017578125,-0.017578125,-0.03515625,0,0
1779556852.872038,0.0234375,-0.04296875,0.27734375,0.017578125,-0.017578125,-0.03515625,0,0
1779556852.880054,0.0234375,-0.04296875,0.27734375,0.05078125,-0.017578125,-0.0390625,0,0
1779556852.888036,0.0234375,-0.0546875,0.322265625,0.05078125,-0.017578125,-0.0390625,0,0
1779556852.896030,0.0234375,-0.0546875,0.322265625,0.05859375,-0.017578125,-0.03515625,0,0
1779556852.904050,0.0234375,-0.0625,0.349609375,0.05859375,-0.017578125,-0.03515625,0,0
1779556852.912015,0.0234375,-0.0625,0.349609375,0.056640625,-0.017578125,-0.03125,0,0
1779556852.919991,0.0,-0.060546875,0.37890625,0.056640625,-0.017578125,-0.03125,0,0
1779556852.928067,0.0,-0.060546875,0.37890625,0.044921875,-0.017578125,-0.025390625,0,0
1779556852.936059,0.0078125,-0.044921875,0.404296875,0.044921875,-0.017578125,-0.025390625,0,0
1779556852.943923,0.0078125,-0.044921875,0.404296875,0.03125,-0.017578125,-0.01953125,0,0
1779556852.951960,0.0078125,-0.0234375,0.416015625,0.03125,-0.017578125,-0.01953125,0,0
1779556852.960017,0.0078125,-0.0234375,0.416015625,0.017578125,-0.017578125,-0.01953125,0,0
1779556852.967965,0.0078125,-0.005859375,0.421875,0.017578125,-0.017578125,-0.01953125,0,0
1779556852.975987,0.0078125,-0.005859375,0.421875,0.017578125,-0.017578125,-0.01953125,0,0
1779556852.983965,0.0078125,-0.005859375,0.42578125,0.017578125,-0.017578125,-0.01953125,0,0
1779556852.991973,0.0078125,-0.005859375,0.42578125,0.017578125,-0.017578125,-0.01953125,0,0
1779556852.999990,0.0078125,-0.005859375,0.421875,0.017578125,-0.017578125,-0.01953125,0,0
1779556853.007988,0.0078125,-0.005859375,0.421875,0.017578125,-0.017578125,-0.03125,0,0
1779556853.015995,0.0078125,-0.005859375,0.41015625,0.017578125,-0.017578125,-0.03125,0,0
1779556853.023991,0.0078125,-0.005859375,0.41015625,0.009765625,-0.017578125,-0.033203125,0,0
1779556853.031984,0.0078125,-0.0078125,0.384765625,0.009765625,-0.017578125,-0.033203125,0,0
1779556853.040004,0.0078125,-0.0078125,0.384765625,0.01171875,-0.017578125,-0.0390625,0,0
1779556853.047971,0.0078125,-0.005859375,0.365234375,0.01171875,-0.017578125,-0.0390625,0,0
1779556853.055974,0.0078125,-0.005859375,0.365234375,0.0078125,-0.017578125,-0.0390625,0,0
1779556853.064001,0.0078125,-0.005859375,0.3359375,0.0078125,-0.017578125,-0.0390625,0,0
1779556853.071972,0.0078125,-0.005859375,0.3359375,0.0078125,-0.017578125,-0.0390625,0,0
1779556853.080017,0.0078125,0.0,0.302734375,0.0078125,-0.017578125,-0.0390625,0,0
1779556853.088057,0.0078125,0.0,0.302734375,0.0078125,-0.017578125,-0.029296875,0,0
1779556853.096027,0.0078125,0.0,0.255859375,0.0078125,-0.017578125,-0.029296875,0,0
1779556853.103950,0.0078125,0.0,0.255859375,0.0078125,-0.017578125,-0.01171875,0,0
1779556853.111916,0.0078125,0.0,0.228515625,0.0078125,-0.017578125,-0.01171875,0,0
1779556853.119992,0.0078125,0.0,0.228515625,0.0078125,-0.017578125,-0.00390625,0,0
1779556853.127978,0.0078125,0.0,0.224609375,0.0078125,-0.017578125,-0.00390625,0,0
1779556853.143982,0.0078125,-0.005859375,0.23828125,0.0078125,-0.017578125,-0.00390625,0,0
1779556853.152052,0.0078125,-0.005859375,0.23828125,0.0078125,-0.017578125,-0.0078125,0,0
1779556853.160018,0.0078125,-0.009765625,0.240234375,0.0078125,-0.017578125,-0.0078125,0,0
1779556853.168055,0.0078125,-0.009765625,0.240234375,0.0078125,-0.017578125,-0.017578125,0,0
1779556853.176034,0.0078125,-0.017578125,0.244140625,0.0078125,-0.017578125,-0.017578125,0,0
1779556853.184021,0.0078125,-0.017578125,0.244140625,0.0078125,-0.017578125,-0.021484375,0,0
1779556853.191987,0.0078125,-0.02734375,0.236328125,0.0078125,-0.017578125,-0.021484375,0,0
1779556853.199996,0.0078125,-0.02734375,0.236328125,0.0078125,-0.017578125,-0.029296875,0,0
1779556853.207991,0.0078125,-0.029296875,0.234375,0.0078125,-0.017578125,-0.029296875,0,0
1779556853.215968,0.0078125,-0.029296875,0.234375,0.0078125,-0.017578125,-0.037109375,0,0
1779556853.224008,0.0078125,-0.01953125,0.248046875,0.0078125,-0.017578125,-0.037109375,0,0
1779556853.231130,0.0078125,-0.01953125,0.248046875,0.0078125,-0.017578125,-0.037109375,0,0
1779556853.239989,0.0078125,-0.0078125,0.2578125,0.0078125,-0.017578125,-0.037109375,0,0
1779556853.248023,0.0078125,-0.0078125,0.2578125,0.0078125,-0.017578125,-0.037109375,0,0
1779556853.256016,0.0078125,-0.0078125,0.28515625,0.0078125,-0.017578125,-0.037109375,0,0
1779556853.264045,0.0078125,-0.0078125,0.28515625,0.0078125,-0.017578125,-0.0390625,0,0
1779556853.271977,0.0078125,-0.0078125,0.298828125,0.0078125,-0.017578125,-0.0390625,0,0
1779556853.280027,0.0078125,-0.0078125,0.298828125,0.0078125,-0.017578125,-0.04296875,0,0
1779556853.287998,0.0078125,-0.0078125,0.294921875,0.0078125,-0.017578125,-0.04296875,0,0
1779556853.295972,0.0078125,-0.0078125,0.294921875,0.0078125,-0.017578125,-0.04296875,0,0
1779556853.303984,0.0078125,-0.0078125,0.287109375,0.0078125,-0.017578125,-0.04296875,0,0
1779556853.311978,0.0078125,-0.0078125,0.287109375,0.0078125,-0.017578125,-0.044921875,0,0
1779556853.320059,0.0078125,-0.0078125,0.28515625,0.0078125,-0.017578125,-0.044921875,0,0
1779556853.327984,0.0078125,-0.0078125,0.28515625,0.0078125,-0.017578125,-0.05078125,0,0
1779556853.335977,0.0078125,-0.0078125,0.27734375,0.0078125,-0.017578125,-0.05078125,0,0
1779556853.344021,0.0078125,-0.0078125,0.27734375,0.00390625,-0.017578125,-0.0546875,0,0
1779556853.352036,0.0078125,-0.0078125,0.263671875,0.00390625,-0.017578125,-0.0546875,0,0
1779556853.360009,0.0078125,-0.0078125,0.263671875,0.013671875,-0.017578125,-0.056640625,0,0
1779556853.368054,0.0078125,-0.0078125,0.251953125,0.013671875,-0.017578125,-0.056640625,0,0
1779556853.376050,0.0078125,-0.0078125,0.251953125,0.017578125,-0.017578125,-0.052734375,0,0
1779556853.384019,0.0078125,-0.0078125,0.22265625,0.017578125,-0.017578125,-0.052734375,0,0
1779556853.392036,0.0078125,-0.0078125,0.22265625,0.021484375,-0.017578125,-0.044921875,0,0
1779556853.400000,0.0078125,-0.0078125,0.201171875,0.021484375,-0.017578125,-0.044921875,0,0
1779556853.407992,0.0078125,-0.0078125,0.201171875,0.021484375,-0.017578125,-0.041015625,0,0
1779556853.416008,0.0078125,-0.0078125,0.171875,0.021484375,-0.017578125,-0.041015625,0,0
1779556853.424006,0.0078125,-0.0078125,0.171875,0.02734375,-0.017578125,-0.0390625,0,0
1779556853.432001,0.0078125,-0.00390625,0.140625,0.02734375,-0.017578125,-0.0390625,0,0
1779556853.439988,0.0078125,-0.00390625,0.140625,0.044921875,-0.017578125,-0.04296875,0,0
1779556853.448023,0.0078125,-0.013671875,0.111328125,0.044921875,-0.017578125,-0.04296875,0,0
1779556853.455983,0.0078125,-0.013671875,0.111328125,0.0703125,-0.017578125,-0.052734375,0,0
1779556853.463998,-0.01171875,-0.0078125,0.111328125,0.0703125,-0.017578125,-0.052734375,0,0
1779556853.471970,-0.01171875,-0.0078125,0.111328125,0.0078125,-0.013671875,-0.052734375,0,0
1779556853.501981,0.0,0.0,0.0,0.0,0.0,0.0,0,0
1779556853.533024,0.0,0.0,0.0,0.0,0.0,0.0,0,0
1779556853.564020,0.0,0.0,0.0,0.0,0.0,0.0,0,0
1779556853.595010,0.0,0.0,0.0,0.0,0.0,0.0,0,0
1779556853.625964,0.0,0.0,0.0,0.0,0.0,0.0,0,0
1779556853.656947,0.0,0.0,0.0,0.0,0.0,0.0,0,0
1779556853.687988,0.0,0.0,0.0,0.0,0.0,0.0,0,0
1779556853.711992,-0.01171875,-0.0078125,0.111328125,0.0078125,-0.013671875,-0.009765625,0,0
1779556853.719945,-0.01171875,-0.033203125,0.111328125,0.0078125,-0.013671875,-0.009765625,0,0
1779556853.728001,-0.01171875,-0.033203125,0.111328125,0.005859375,-0.013671875,-0.048828125,0,0
1779556853.736017,-0.01171875,-0.05078125,0.111328125,0.005859375,-0.013671875,-0.048828125,0,0
1779556853.743997,-0.01171875,-0.05078125,0.111328125,0.046875,-0.017578125,-0.087890625,0,0
1779556853.751982,-0.01171875,-0.0625,0.111328125,0.046875,-0.017578125,-0.087890625,0,0
1779556853.760007,-0.01171875,-0.0625,0.111328125,0.0703125,-0.046875,-0.134765625,0,0
1779556853.768020,-0.01171875,-0.05859375,0.111328125,0.0703125,-0.046875,-0.134765625,0,0
1779556853.776076,-0.01171875,-0.05859375,0.111328125,0.078125,-0.080078125,-0.169921875,0,0
1779556853.784029,-0.01171875,-0.0625,0.111328125,0.078125,-0.080078125,-0.169921875,0,0
1779556853.792035,-0.01171875,-0.0625,0.111328125,0.078125,-0.125,-0.189453125,0,0
1779556853.799996,-0.01171875,-0.052734375,0.111328125,0.078125,-0.125,-0.189453125,0,0
1779556853.808008,-0.01171875,-0.052734375,0.111328125,0.07421875,-0.18359375,-0.193359375,0,0
1779556853.816105,-0.01171875,-0.0390625,0.111328125,0.07421875,-0.18359375,-0.193359375,0,0
1779556853.824006,-0.01171875,-0.0390625,0.111328125,0.06640625,-0.232421875,-0.193359375,0,0
1779556853.832058,-0.01171875,-0.033203125,0.111328125,0.06640625,-0.232421875,-0.193359375,0,0
1779556853.840003,-0.01171875,-0.033203125,0.111328125,0.060546875,-0.27734375,-0.193359375,0,0
1779556853.848052,-0.01171875,-0.04296875,0.111328125,0.060546875,-0.27734375,-0.193359375,0,0
1779556853.856056,-0.01171875,-0.04296875,0.111328125,0.048828125,-0.310546875,-0.19921875,0,0
1779556853.863992,-0.01171875,-0.08203125,0.111328125,0.048828125,-0.310546875,-0.19921875,0,0
1779556853.871955,-0.01171875,-0.08203125,0.111328125,0.044921875,-0.361328125,-0.20703125,0,0
1779556853.880021,-0.01171875,-0.10546875,0.111328125,0.044921875,-0.361328125,-0.20703125,0,0
1779556853.888049,-0.01171875,-0.10546875,0.111328125,0.0546875,-0.408203125,-0.216796875,0,0
1779556853.895975,-0.01171875,-0.107421875,0.111328125,0.0546875,-0.408203125,-0.216796875,0,0
1779556853.904030,-0.01171875,-0.107421875,0.111328125,0.056640625,-0.4453125,-0.21875,0,0
1779556853.912048,-0.01171875,-0.103515625,-0.009765625,0.056640625,-0.4453125,-0.21875,0,0
1779556853.920013,-0.01171875,-0.103515625,-0.009765625,0.048828125,-0.474609375,-0.216796875,0,0
1779556853.928025,-0.01171875,-0.09765625,-0.013671875,0.048828125,-0.474609375,-0.216796875,0,0
1779556853.935983,-0.01171875,-0.09765625,-0.013671875,0.04296875,-0.49609375,-0.21484375,0,0
1779556853.943943,-0.01171875,-0.091796875,-0.013671875,0.04296875,-0.49609375,-0.21484375,0,0
1779556853.952008,-0.01171875,-0.091796875,-0.013671875,0.0390625,-0.51171875,-0.21484375,0,0
1779556853.960037,-0.01171875,-0.095703125,-0.013671875,0.0390625,-0.51171875,-0.21484375,0,0
1779556853.968001,-0.01171875,-0.095703125,-0.013671875,0.0390625,-0.53125,-0.21484375,0,0
1779556853.976001,-0.01171875,-0.095703125,-0.013671875,0.0390625,-0.53125,-0.21484375,0,0
1779556853.983979,-0.01171875,-0.095703125,-0.013671875,0.033203125,-0.544921875,-0.208984375,0,0
1779556853.991978,-0.01171875,-0.095703125,-0.013671875,0.033203125,-0.544921875,-0.208984375,0,0
1779556854.000046,-0.01171875,-0.095703125,-0.013671875,0.03125,-0.55078125,-0.205078125,0,0
1779556854.008000,-0.01171875,-0.095703125,-0.013671875,0.03125,-0.55078125,-0.205078125,0,0
1779556854.015978,-0.01171875,-0.095703125,-0.013671875,0.041015625,-0.546875,-0.205078125,0,0
1779556854.023977,-0.01171875,-0.095703125,-0.013671875,0.041015625,-0.546875,-0.205078125,0,0
1779556854.032024,-0.01171875,-0.095703125,-0.013671875,0.048828125,-0.53125,-0.205078125,0,0
1779556854.039955,-0.01171875,-0.103515625,-0.013671875,0.048828125,-0.53125,-0.205078125,0,0
1779556854.047999,-0.01171875,-0.103515625,-0.013671875,0.06640625,-0.5,-0.205078125,0,0
1779556854.056010,0.0,-0.115234375,0.015625,0.06640625,-0.5,-0.205078125,0,0
1779556854.064012,0.0,-0.115234375,0.015625,0.09375,-0.458984375,-0.20703125,0,0
1779556854.072001,0.0,-0.125,0.046875,0.09375,-0.458984375,-0.20703125,0,0
1779556854.080028,0.0,-0.125,0.046875,0.1328125,-0.392578125,-0.2109375,0,0
1779556854.087999,-0.0234375,-0.1171875,0.041015625,0.1328125,-0.392578125,-0.2109375,0,0
1779556854.095988,-0.0234375,-0.1171875,0.041015625,0.130859375,-0.29296875,-0.16015625,0,0
1779556854.104009,-0.015625,-0.07421875,0.03515625,0.130859375,-0.29296875,-0.16015625,0,0
1779556854.112023,-0.015625,-0.07421875,0.03515625,0.103515625,-0.19140625,-0.091796875,0,0
1779556854.120008,-0.015625,-0.068359375,0.037109375,0.103515625,-0.19140625,-0.091796875,0,0
1779556854.128038,-0.015625,-0.068359375,0.037109375,0.1015625,-0.095703125,-0.046875,0,0
1779556854.135978,-0.015625,-0.0703125,0.03125,0.1015625,-0.095703125,-0.046875,0,0
1779556854.144021,-0.015625,-0.0703125,0.03125,0.09375,-0.037109375,-0.01953125,0,0
1779556854.152043,-0.015625,-0.08203125,0.009765625,0.09375,-0.037109375,-0.01953125,0,0
1779556854.160004,-0.015625,-0.08203125,0.009765625,0.09375,-0.037109375,-0.009765625,0,0
1779556854.168029,-0.015625,-0.080078125,0.009765625,0.09375,-0.037109375,-0.009765625,0,0
1779556854.176006,-0.015625,-0.080078125,0.009765625,0.095703125,-0.037109375,0.0,0,0
1779556854.184013,-0.015625,-0.080078125,0.009765625,0.095703125,-0.037109375,0.0,0,0
1779556854.191989,-0.015625,-0.080078125,0.009765625,0.095703125,-0.037109375,0.0,0,0
1779556854.200040,-0.015625,-0.06640625,0.009765625,0.095703125,-0.037109375,0.0,0,0
1779556854.208020,-0.015625,-0.06640625,0.009765625,0.087890625,-0.037109375,0.0,0,0
1779556854.216030,-0.015625,-0.041015625,0.009765625,0.087890625,-0.037109375,0.0,0,0
1779556854.224017,-0.015625,-0.041015625,0.009765625,0.052734375,-0.037109375,0.0,0,0
1779556854.232028,-0.015625,-0.017578125,0.009765625,0.052734375,-0.037109375,0.0,0,0
1779556854.240029,-0.015625,-0.017578125,0.009765625,0.01953125,-0.037109375,0.0,0,0
1779556854.255989,-0.015625,-0.017578125,0.009765625,0.00390625,-0.037109375,0.0,0,0
1779556854.272031,-0.015625,-0.017578125,0.009765625,0.0,-0.037109375,0.0,0,0
1779556854.302005,0.0,0.0,0.0,0.0,0.0,0.0,0,0
1779556854.333036,0.0,0.0,0.0,0.0,0.0,0.0,0,0
1779556854.364035,0.0,0.0,0.0,0.0,0.0,0.0,0,0
1779556854.395037,0.0,0.0,0.0,0.0,0.0,0.0,0,0
1779556854.426011,0.0,0.0,0.0,0.0,0.0,0.0,0,0
1779556854.457046,0.0,0.0,0.0,0.0,0.0,0.0,0,0
1779556854.488002,0.0,0.0,0.0,0.0,0.0,0.0,0,0
1779556854.519024,0.0,0.0,0.0,0.0,0.0,0.0,0,0
1779556854.550029,0.0,0.0,0.0,0.0,0.0,0.0,0,0
1779556854.580978,0.0,0.0,0.0,0.0,0.0,0.0,0,0
1779556854.612000,0.0,0.0,0.0,0.0,0.0,0.0,0,0
1779556854.643002,0.0,0.0,0.0,0.0,0.0,0.0,0,0
1779556854.673998,0.0,0.0,0.0,0.0,0.0,0.0,0,0
1779556854.704970,0.0,0.0,0.0,0.0,0.0,0.0,0,0
1779556854.711936,0.0,-0.017578125,0.009765625,0.0,-0.037109375,0.0,0,0
1779556854.728032,0.013671875,-0.017578125,0.009765625,0.0,-0.037109375,0.0,0,0
1779556854.743991,0.013671875,-0.017578125,0.009765625,0.0,-0.037109375,0.0,0,0
1779556854.760026,0.009765625,-0.017578125,0.009765625,0.0,-0.037109375,0.0,0,0
1779556854.776013,0.01953125,-0.017578125,0.009765625,0.0,-0.037109375,0.0,0,0
1779556854.792041,0.015625,-0.017578125,0.009765625,0.0,-0.037109375,0.0,0,0
1779556854.807973,0.013671875,-0.017578125,0.009765625,0.0,-0.037109375,0.0,0,0
1779556854.824030,0.00390625,-0.017578125,0.009765625,0.0,-0.037109375,0.0,0,0
1779556854.854024,0.0,0.0,0.0,0.0,0.0,0.0,0,0
1779556854.864016,0.00390625,-0.017578125,0.009765625,0.0,0.00390625,0.0,0,0
1779556854.871987,0.005859375,-0.017578125,0.009765625,0.0,0.00390625,0.0,0,0
1779556854.879989,0.005859375,-0.017578125,0.009765625,0.0,0.005859375,0.0,0,0
1779556854.888077,0.005859375,-0.017578125,0.009765625,0.0,0.005859375,0.0,0,0
1779556854.896024,0.005859375,-0.017578125,0.009765625,0.0,0.005859375,0.0,0,0
1779556854.903993,0.005859375,-0.017578125,0.009765625,0.0,0.005859375,0.0,0,0
1779556854.934055,0.0,0.0,0.0,0.0,0.0,0.0,0,0
1779556854.965002,0.0,0.0,0.0,0.0,0.0,0.0,0,0
1779556854.968026,0.0,-0.017578125,0.009765625,0.0,0.005859375,0.0,0,0
1779556854.984068,0.0078125,-0.017578125,0.009765625,0.0,0.005859375,0.0,0,0
1779556854.999974,0.017578125,-0.017578125,0.009765625,0.0,0.005859375,0.0,0,0
1779556855.016017,0.03125,-0.017578125,0.009765625,0.0,0.005859375,0.0,0,0
1779556855.031977,0.0390625,-0.017578125,0.009765625,0.0,0.005859375,0.0,0,0
1779556855.048016,0.048828125,-0.017578125,0.009765625,0.0,0.005859375,0.0,0,0
1779556855.056040,0.048828125,-0.017578125,0.009765625,0.0,0.0,0.0,0,0
1779556855.064058,0.0703125,-0.017578125,0.009765625,0.0,0.0,0.0,0,0
1779556855.072017,0.0703125,-0.017578125,0.009765625,0.0,0.01171875,0.0,0,0
1779556855.080013,0.09765625,0.015625,0.00390625,0.0,0.01171875,0.0,0,0
1779556855.088064,0.09765625,0.015625,0.00390625,0.0,0.025390625,0.0,0,0
1779556855.096056,0.12890625,0.029296875,0.01171875,0.0,0.025390625,0.0,0,0
1779556855.104052,0.12890625,0.029296875,0.01171875,0.0,0.033203125,0.0,0,0
1779556855.111990,0.16015625,0.0390625,0.021484375,0.0,0.033203125,0.0,0,0
1779556855.120025,0.16015625,0.0390625,0.021484375,0.0,0.046875,0.0,0,0
1779556855.128025,0.177734375,0.0390625,0.025390625,0.0,0.046875,0.0,0,0
1779556855.135993,0.177734375,0.0390625,0.025390625,0.0,0.048828125,0.0,0,0
1779556855.144015,0.20703125,0.04296875,0.02734375,0.0,0.048828125,0.0,0,0
1779556855.152014,0.20703125,0.04296875,0.02734375,0.0,0.056640625,0.0,0,0
1779556855.159935,0.2265625,0.041015625,0.029296875,0.0,0.056640625,0.0,0,0
1779556855.167971,0.2265625,0.041015625,0.029296875,0.0,0.05859375,0.0,0,0
1779556855.176039,0.2421875,0.03515625,0.037109375,0.0,0.05859375,0.0,0,0
1779556855.183984,0.2421875,0.03515625,0.037109375,0.009765625,0.06640625,0.0,0,0
1779556855.191995,0.244140625,0.029296875,0.044921875,0.009765625,0.06640625,0.0,0,0
1779556855.200055,0.244140625,0.029296875,0.044921875,0.017578125,0.068359375,0.0,0,0
1779556855.208059,0.23828125,0.02734375,0.046875,0.017578125,0.068359375,0.0,0,0
1779556855.216053,0.23828125,0.02734375,0.046875,0.017578125,0.0703125,0.0,0,0
1779556855.223952,0.21484375,0.0234375,0.04296875,0.017578125,0.0703125,0.0,0,0
1779556855.232026,0.21484375,0.0234375,0.04296875,0.017578125,0.0625,0.0,0,0
1779556855.240039,0.18359375,0.01171875,0.03515625,0.017578125,0.0625,0.0,0,0
1779556855.247960,0.18359375,0.01171875,0.03515625,0.013671875,0.046875,0.0,0,0
1779556855.255988,0.1484375,0.01171875,0.029296875,0.013671875,0.046875,0.0,0,0
1779556855.264024,0.1484375,0.01171875,0.029296875,0.0078125,0.037109375,0.0,0,0
1779556855.272028,0.11328125,0.01171875,0.02734375,0.0078125,0.037109375,0.0,0,0
1779556855.279993,0.11328125,0.01171875,0.02734375,0.0,0.02734375,0.0,0,0
1779556855.288088,0.09375,0.01171875,0.0234375,0.0,0.02734375,0.0,0,0
1779556855.296021,0.09375,0.01171875,0.0234375,0.0,0.0234375,0.0,0,0
1779556855.303967,0.0859375,0.01171875,0.01953125,0.0,0.0234375,0.0,0,0
1779556855.312023,0.0859375,0.01171875,0.01953125,0.005859375,0.021484375,0.0,0,0
1779556855.320038,0.078125,0.01171875,0.017578125,0.005859375,0.021484375,0.0,0,0
1779556855.328017,0.078125,0.01171875,0.017578125,0.009765625,0.017578125,0.0,0,0
1779556855.336005,0.072265625,0.01171875,0.013671875,0.009765625,0.017578125,0.0,0,0
1779556855.343994,0.072265625,0.01171875,0.013671875,0.015625,0.013671875,0.0,0,0
1779556855.351985,0.0546875,0.01171875,0.005859375,0.015625,0.013671875,0.0,0,0
1779556855.360013,0.0546875,0.01171875,0.005859375,0.017578125,0.005859375,0.0,0,0
1779556855.367966,0.03515625,0.01171875,0.005859375,0.017578125,0.005859375,0.0,0,0
1779556855.376037,0.03515625,0.01171875,0.005859375,0.013671875,0.005859375,0.0,0,0
1779556855.383978,0.0234375,0.01171875,0.005859375,0.013671875,0.005859375,0.0,0,0
1779556855.392042,0.0234375,0.01171875,0.005859375,0.017578125,0.005859375,0.0,0,0
1779556855.400047,0.015625,0.01171875,0.005859375,0.017578125,0.005859375,0.0,0,0
1779556855.408052,0.015625,0.01171875,0.005859375,0.01953125,0.005859375,0.0,0,0
1779556855.416126,0.015625,0.01171875,0.005859375,0.01953125,0.005859375,0.0,0,0
1779556855.424018,0.015625,0.01171875,0.005859375,0.017578125,0.005859375,0.0,0,0
1779556855.431975,0.015625,0.01171875,0.005859375,0.017578125,0.005859375,0.0,0,0
1779556855.440008,0.015625,0.01171875,0.005859375,0.01171875,0.005859375,0.0,0,0
1779556855.447966,0.0078125,0.01171875,0.005859375,0.01171875,0.005859375,0.0,0,0
1779556855.455998,0.0078125,0.01171875,0.005859375,0.005859375,0.005859375,0.0,0,0
1779556855.485974,0.0,0.0,0.0,0.0,0.0,0.0,0,0
1779556855.516993,0.0,0.0,0.0,0.0,0.0,0.0,0,0
1779556855.548041,0.0,0.0,0.0,0.0,0.0,0.0,0,0
1779556855.560038,0.0078125,0.01171875,0.005859375,0.00390625,0.005859375,0.0,0,0
1779556855.576006,0.0078125,0.01171875,0.005859375,0.015625,0.005859375,0.0,0,0
1779556855.584112,-0.01171875,-0.00390625,0.005859375,0.015625,0.005859375,0.0,0,0
1779556855.592074,-0.01171875,-0.00390625,0.005859375,0.0234375,0.005859375,0.0,0,0
1779556855.600003,-0.068359375,-0.0078125,0.005859375,0.0234375,0.005859375,0.0,0,0
1779556855.608027,-0.068359375,-0.0078125,0.005859375,0.03125,-0.00390625,0.0,0,0
1779556855.616005,-0.130859375,-0.0078125,0.005859375,0.03125,-0.00390625,0.0,0,0
1779556855.623943,-0.130859375,-0.0078125,0.005859375,0.04296875,-0.0234375,0.0,0,0
1779556855.632001,-0.181640625,-0.005859375,0.005859375,0.04296875,-0.0234375,0.0,0,0
1779556855.639925,-0.181640625,-0.005859375,0.005859375,0.046875,-0.04296875,0.0,0,0
1779556855.647976,-0.216796875,-0.009765625,0.005859375,0.046875,-0.04296875,0.0,0,0
1779556855.656023,-0.216796875,-0.009765625,0.005859375,0.05078125,-0.0625,0.0,0,0
1779556855.663989,-0.2421875,-0.009765625,0.005859375,0.05078125,-0.0625,0.0,0,0
1779556855.671965,-0.2421875,-0.009765625,0.005859375,0.0546875,-0.078125,0.0,0,0
1779556855.679944,-0.263671875,-0.005859375,0.005859375,0.0546875,-0.078125,0.0,0,0
1779556855.688003,-0.263671875,-0.005859375,0.005859375,0.04296875,-0.0859375,0.0,0,0
1779556855.695981,-0.27734375,-0.005859375,0.005859375,0.04296875,-0.0859375,0.0,0,0
1779556855.703930,-0.27734375,-0.005859375,0.005859375,0.03515625,-0.09765625,0.0,0,0
1779556855.711950,-0.28125,-0.00390625,0.005859375,0.03515625,-0.09765625,0.0,0,0
1779556855.719931,-0.28125,-0.00390625,0.005859375,0.02734375,-0.103515625,0.0,0,0
1779556855.727962,-0.28515625,-0.00390625,0.005859375,0.02734375,-0.103515625,0.0,0,0
1779556855.735983,-0.28515625,-0.00390625,0.005859375,0.021484375,-0.107421875,0.0,0,0
1779556855.743981,-0.296875,-0.00390625,0.005859375,0.021484375,-0.107421875,0.0,0,0
1779556855.752018,-0.296875,-0.00390625,0.005859375,0.025390625,-0.1171875,0.0,0,0
1779556855.759974,-0.31640625,-0.00390625,0.005859375,0.025390625,-0.1171875,0.0,0,0
1779556855.767990,-0.31640625,-0.00390625,0.005859375,0.0234375,-0.125,0.0,0,0
1779556855.776000,-0.33203125,-0.00390625,0.005859375,0.0234375,-0.125,0.0,0,0
1779556855.784009,-0.33203125,-0.00390625,0.005859375,0.025390625,-0.1328125,0.0,0,0
1779556855.791989,-0.345703125,-0.00390625,0.005859375,0.025390625,-0.1328125,0.0,0,0
1779556855.799984,-0.345703125,-0.00390625,0.005859375,0.02734375,-0.140625,-0.005859375,0,0
1779556855.807938,-0.33984375,-0.00390625,0.005859375,0.02734375,-0.140625,-0.005859375,0,0
1779556855.816010,-0.33984375,-0.00390625,0.005859375,0.025390625,-0.140625,-0.01171875,0,0
1779556855.823999,-0.33203125,-0.00390625,0.005859375,0.025390625,-0.140625,-0.01171875,0,0
1779556855.832026,-0.33203125,-0.00390625,0.005859375,0.013671875,-0.13671875,-0.015625,0,0
1779556855.839983,-0.322265625,-0.00390625,0.005859375,0.013671875,-0.13671875,-0.015625,0,0
1779556855.847997,-0.322265625,-0.00390625,0.005859375,0.009765625,-0.13671875,-0.01953125,0,0
1779556855.855962,-0.322265625,-0.00390625,0.005859375,0.009765625,-0.13671875,-0.01953125,0,0
1779556855.863986,-0.322265625,-0.00390625,0.005859375,0.0078125,-0.13671875,-0.021484375,0,0
1779556855.871984,-0.330078125,-0.00390625,0.005859375,0.0078125,-0.13671875,-0.021484375,0,0
1779556855.880012,-0.330078125,-0.00390625,0.005859375,0.0078125,-0.142578125,-0.0234375,0,0
1779556855.888040,-0.333984375,-0.00390625,0.005859375,0.0078125,-0.142578125,-0.0234375,0,0
1779556855.895992,-0.333984375,-0.00390625,0.005859375,0.0,-0.14453125,-0.025390625,0,0
1779556855.904006,-0.33984375,-0.00390625,0.005859375,0.0,-0.14453125,-0.025390625,0,0
1779556855.911973,-0.33984375,-0.00390625,0.005859375,0.0,-0.146484375,-0.03125,0,0
1779556855.919939,-0.33984375,0.0078125,0.005859375,0.0,-0.146484375,-0.03125,0,0
1779556855.928005,-0.33984375,0.0078125,0.005859375,0.0,-0.146484375,-0.037109375,0,0
1779556855.935993,-0.337890625,0.015625,0.005859375,0.0,-0.146484375,-0.037109375,0,0
1779556855.943994,-0.337890625,0.015625,0.005859375,0.0,-0.14453125,-0.041015625,0,0
1779556855.951967,-0.330078125,0.01953125,0.005859375,0.0,-0.14453125,-0.041015625,0,0
1779556855.959972,-0.330078125,0.01953125,0.005859375,0.0,-0.140625,-0.04296875,0,0
1779556855.968061,-0.322265625,0.015625,0.005859375,0.0,-0.140625,-0.04296875,0,0
1779556855.976038,-0.322265625,0.015625,0.005859375,0.0,-0.13671875,-0.04296875,0,0
1779556855.983992,-0.31640625,0.015625,0.005859375,0.0,-0.13671875,-0.04296875,0,0
1779556855.991975,-0.31640625,0.015625,0.005859375,0.0,-0.134765625,-0.04296875,0,0
1779556855.999990,-0.31640625,0.03125,0.005859375,0.0,-0.134765625,-0.04296875,0,0
1779556856.008021,-0.31640625,0.03125,0.005859375,0.0,-0.126953125,-0.046875,0,0
1779556856.015990,-0.3203125,0.046875,0.005859375,0.0,-0.126953125,-0.046875,0,0
1779556856.024010,-0.3203125,0.046875,0.005859375,0.0,-0.125,-0.0546875,0,0
1779556856.032059,-0.318359375,0.05078125,0.005859375,0.0,-0.125,-0.0546875,0,0
1779556856.040033,-0.318359375,0.05078125,0.005859375,0.0,-0.12109375,-0.056640625,0,0
1779556856.048010,-0.30078125,0.048828125,0.005859375,0.0,-0.12109375,-0.056640625,0,0
1779556856.056033,-0.30078125,0.048828125,0.005859375,0.0,-0.10546875,-0.056640625,0,0
1779556856.063998,-0.2734375,0.048828125,0.005859375,0.0,-0.10546875,-0.056640625,0,0
1779556856.072025,-0.2734375,0.048828125,0.005859375,0.0,-0.091796875,-0.056640625,0,0
1779556856.080033,-0.224609375,0.0546875,0.005859375,0.0,-0.091796875,-0.056640625,0,0
1779556856.088012,-0.224609375,0.0546875,0.005859375,0.0,-0.0625,-0.056640625,0,0
1779556856.095988,-0.166015625,0.03125,0.005859375,0.0,-0.0625,-0.056640625,0,0
1779556856.103967,-0.166015625,0.03125,0.005859375,0.0,-0.041015625,-0.048828125,0,0
1779556856.111968,-0.109375,0.03125,0.005859375,0.0,-0.041015625,-0.048828125,0,0
1779556856.119966,-0.109375,0.03125,0.005859375,0.0,-0.021484375,-0.02734375,0,0
1779556856.127975,-0.08203125,0.03125,0.005859375,0.0,-0.021484375,-0.02734375,0,0
1779556856.135967,-0.08203125,0.03125,0.005859375,0.0,-0.005859375,-0.013671875,0,0
1779556856.143992,-0.0546875,0.03125,0.005859375,0.0,-0.005859375,-0.013671875,0,0
1779556856.152023,-0.0546875,0.03125,0.005859375,0.0078125,-0.005859375,-0.005859375,0,0
1779556856.160004,-0.025390625,0.03125,0.005859375,0.0078125,-0.005859375,-0.005859375,0,0
1779556856.168018,-0.025390625,0.03125,0.005859375,0.0078125,-0.005859375,-0.005859375,0,0
1779556856.184063,-0.025390625,0.03125,0.005859375,0.0078125,-0.005859375,-0.00390625,0,0
1779556856.214014,0.0,0.0,0.0,0.0,0.0,0.0,0,0
1779556856.245009,0.0,0.0,0.0,0.0,0.0,0.0,0,0
1779556856.276011,0.0,0.0,0.0,0.0,0.0,0.0,0,0
1779556856.306976,0.0,0.0,0.0,0.0,0.0,0.0,0,0
1779556856.311997,-0.025390625,0.03125,0.005859375,-0.00390625,-0.005859375,-0.00390625,0,0
1779556856.335972,-0.013671875,0.03125,0.005859375,-0.00390625,-0.005859375,-0.00390625,0,0
1779556856.352032,-0.021484375,0.03125,0.005859375,-0.00390625,-0.005859375,-0.00390625,0,0
1779556856.360035,-0.021484375,0.03125,0.005859375,-0.00390625,-0.005859375,-0.0078125,0,0
1779556856.368001,-0.013671875,0.03125,0.005859375,-0.00390625,-0.005859375,-0.0078125,0,0
1779556856.375995,-0.013671875,0.03125,0.005859375,0.04296875,-0.0078125,-0.009765625,0,0
1779556856.384014,-0.009765625,0.03125,0.005859375,0.04296875,-0.0078125,-0.009765625,0,0
1779556856.392038,-0.009765625,0.03125,0.005859375,0.142578125,-0.029296875,-0.009765625,0,0
1779556856.400026,-0.013671875,0.03125,0.005859375,0.142578125,-0.029296875,-0.009765625,0,0
1779556856.408027,-0.013671875,0.03125,0.005859375,0.23046875,-0.046875,-0.009765625,0,0
1779556856.416012,-0.013671875,0.03125,0.005859375,0.23046875,-0.046875,-0.009765625,0,0
1779556856.424000,-0.013671875,0.03125,0.005859375,0.322265625,-0.05859375,-0.009765625,0,0
1779556856.431974,-0.021484375,0.03125,0.005859375,0.322265625,-0.05859375,-0.009765625,0,0
1779556856.440018,-0.021484375,0.03125,0.005859375,0.38671875,-0.0703125,-0.009765625,0,0
1779556856.447984,-0.025390625,0.03125,0.005859375,0.38671875,-0.0703125,-0.009765625,0,0
1779556856.456007,-0.025390625,0.03125,0.005859375,0.44921875,-0.0859375,-0.009765625,0,0
1779556856.463988,-0.0234375,0.03125,0.01171875,0.44921875,-0.0859375,-0.009765625,0,0
1779556856.471990,-0.0234375,0.03125,0.01171875,0.509765625,-0.08984375,-0.009765625,0,0
1779556856.480011,-0.013671875,0.00390625,0.02734375,0.509765625,-0.08984375,-0.009765625,0,0
1779556856.487988,-0.013671875,0.00390625,0.02734375,0.564453125,-0.09375,-0.009765625,0,0
1779556856.495989,-0.009765625,0.005859375,0.02734375,0.564453125,-0.09375,-0.009765625,0,0
1779556856.504013,-0.009765625,0.005859375,0.02734375,0.6171875,-0.099609375,-0.009765625,0,0
1779556856.512017,-0.01953125,0.005859375,0.013671875,0.6171875,-0.099609375,-0.009765625,0,0
1779556856.520001,-0.01953125,0.005859375,0.013671875,0.67578125,-0.109375,-0.009765625,0,0
1779556856.528002,-0.021484375,0.005859375,0.009765625,0.67578125,-0.109375,-0.009765625,0,0
1779556856.535988,-0.021484375,0.005859375,0.009765625,0.68359375,-0.109375,-0.009765625,0,0
1779556856.544005,-0.015625,0.005859375,0.013671875,0.68359375,-0.109375,-0.009765625,0,0
1779556856.552037,-0.015625,0.005859375,0.013671875,0.68359375,-0.109375,-0.009765625,0,0
1779556856.560052,-0.01171875,0.009765625,0.013671875,0.68359375,-0.109375,-0.009765625,0,0
1779556856.568054,-0.01171875,0.009765625,0.013671875,0.68359375,-0.10546875,-0.009765625,0,0
1779556856.576048,-0.009765625,0.017578125,0.013671875,0.68359375,-0.10546875,-0.009765625,0,0
1779556856.584051,-0.009765625,0.017578125,0.013671875,0.68359375,-0.10546875,-0.009765625,0,0
1779556856.592022,-0.0078125,0.02734375,0.013671875,0.68359375,-0.10546875,-0.009765625,0,0
1779556856.600017,-0.0078125,0.02734375,0.013671875,0.68359375,-0.103515625,-0.009765625,0,0
1779556856.608065,-0.005859375,0.0390625,0.013671875,0.68359375,-0.103515625,-0.009765625,0,0
1779556856.616022,-0.005859375,0.0390625,0.013671875,0.68359375,-0.103515625,-0.009765625,0,0
1779556856.624019,-0.005859375,0.044921875,0.013671875,0.68359375,-0.103515625,-0.009765625,0,0
1779556856.632034,-0.005859375,0.044921875,0.013671875,0.68359375,-0.10546875,-0.009765625,0,0
1779556856.640014,0.0,0.046875,0.013671875,0.68359375,-0.10546875,-0.009765625,0,0
1779556856.648008,0.0,0.046875,0.013671875,0.68359375,-0.1015625,-0.009765625,0,0
1779556856.656040,0.0,0.046875,0.013671875,0.68359375,-0.1015625,-0.009765625,0,0
1779556856.663989,0.0,0.046875,0.013671875,0.68359375,-0.1015625,-0.009765625,0,0
1779556856.672016,0.0,0.046875,0.013671875,0.68359375,-0.1015625,-0.009765625,0,0
1779556856.680003,0.0,0.046875,0.013671875,0.68359375,-0.1015625,-0.009765625,0,0
1779556856.688016,0.0,0.046875,0.013671875,0.68359375,-0.1015625,-0.009765625,0,0
1779556856.695956,0.0,0.046875,0.013671875,0.68359375,-0.1015625,-0.009765625,0,0
1779556856.704001,0.0,0.046875,0.013671875,0.68359375,-0.1015625,-0.009765625,0,0
1779556856.712013,0.0,0.046875,0.013671875,0.68359375,-0.1015625,-0.009765625,0,0
1779556856.720034,0.0,0.046875,0.013671875,0.68359375,-0.1015625,-0.009765625,0,0
1779556856.728014,0.0,0.046875,0.013671875,0.68359375,-0.1015625,-0.009765625,0,0
1779556856.736028,0.0,0.044921875,0.013671875,0.68359375,-0.1015625,-0.009765625,0,0
1779556856.744000,0.0,0.044921875,0.013671875,0.68359375,-0.1015625,-0.009765625,0,0
1779556856.751962,0.0,0.046875,0.013671875,0.68359375,-0.1015625,-0.009765625,0,0
1779556856.759969,0.0,0.046875,0.013671875,0.68359375,-0.1015625,-0.009765625,0,0
1779556856.767941,0.0,0.046875,0.013671875,0.68359375,-0.1015625,-0.009765625,0,0
1779556856.775960,0.0,0.046875,0.013671875,0.68359375,-0.099609375,-0.009765625,0,0
1779556856.784020,-0.005859375,0.046875,0.013671875,0.68359375,-0.099609375,-0.009765625,0,0
1779556856.792001,-0.005859375,0.046875,0.013671875,0.68359375,-0.095703125,-0.009765625,0,0
1779556856.800007,-0.005859375,0.048828125,0.013671875,0.68359375,-0.095703125,-0.009765625,0,0
1779556856.808002,-0.005859375,0.048828125,0.013671875,0.68359375,-0.09375,-0.009765625,0,0
1779556856.815980,-0.005859375,0.048828125,0.013671875,0.68359375,-0.09375,-0.009765625,0,0
1779556856.824006,-0.005859375,0.048828125,0.013671875,0.68359375,-0.09375,-0.009765625,0,0
1779556856.831961,-0.005859375,0.046875,0.013671875,0.68359375,-0.09375,-0.009765625,0,0
1779556856.840015,-0.005859375,0.046875,0.013671875,0.68359375,-0.091796875,-0.009765625,0,0
1779556856.847980,-0.00390625,0.044921875,0.013671875,0.68359375,-0.091796875,-0.009765625,0,0
1779556856.856055,-0.00390625,0.044921875,0.013671875,0.68359375,-0.091796875,-0.009765625,0,0
1779556856.864053,-0.00390625,0.04296875,0.013671875,0.68359375,-0.091796875,-0.009765625,0,0
1779556856.871979,-0.00390625,0.04296875,0.013671875,0.68359375,-0.091796875,-0.009765625,0,0
1779556856.879924,-0.00390625,0.029296875,0.013671875,0.68359375,-0.091796875,-0.009765625,0,0
1779556856.887989,-0.00390625,0.029296875,0.013671875,0.68359375,-0.091796875,-0.009765625,0,0
1779556856.903961,-0.00390625,0.029296875,0.013671875,0.68359375,-0.083984375,-0.009765625,0,0
1779556856.911948,-0.00390625,0.029296875,0.01171875,0.68359375,-0.083984375,-0.009765625,0,0
1779556856.920040,-0.00390625,0.029296875,0.01171875,0.68359375,-0.068359375,-0.009765625,0,0
1779556856.928048,-0.00390625,0.029296875,0.025390625,0.68359375,-0.068359375,-0.009765625,0,0
1779556856.935996,-0.00390625,0.029296875,0.025390625,0.634765625,-0.048828125,-0.009765625,0,0
1779556856.944000,-0.00390625,0.029296875,0.04296875,0.634765625,-0.048828125,-0.009765625,0,0
1779556856.952046,-0.00390625,0.029296875,0.04296875,0.47265625,-0.025390625,-0.009765625,0,0
1779556856.960020,-0.00390625,-0.0078125,0.05078125,0.47265625,-0.025390625,-0.009765625,0,0
1779556856.968001,-0.00390625,-0.0078125,0.05078125,0.283203125,-0.025390625,-0.009765625,0,0
1779556856.975008,-0.00390625,-0.009765625,0.060546875,0.283203125,-0.025390625,-0.009765625,0,0
1779556856.984024,-0.00390625,-0.009765625,0.060546875,0.138671875,-0.025390625,-0.009765625,0,0
1779556856.992022,-0.00390625,-0.015625,0.06640625,0.138671875,-0.025390625,-0.009765625,0,0
1779556857.000051,-0.00390625,-0.015625,0.06640625,0.099609375,-0.025390625,-0.009765625,0,0
1779556857.008041,-0.00390625,-0.005859375,0.06640625,0.099609375,-0.025390625,-0.009765625,0,0
1779556857.016044,-0.00390625,-0.005859375,0.06640625,0.111328125,-0.025390625,-0.009765625,0,0
1779556857.023995,-0.00390625,-0.005859375,0.052734375,0.111328125,-0.025390625,-0.009765625,0,0
1779556857.032047,-0.00390625,-0.005859375,0.052734375,0.111328125,-0.025390625,-0.009765625,0,0
1779556857.040019,-0.00390625,-0.005859375,0.00390625,0.111328125,-0.025390625,-0.009765625,0,0
1779556857.070026,0.0,0.0,0.0,0.0,0.0,0.0,0,0
1779556857.100989,0.0,0.0,0.0,0.0,0.0,0.0,0,0
1779556857.132026,0.0,0.0,0.0,0.0,0.0,0.0,0,0
1779556857.160015,-0.00390625,-0.005859375,-0.03515625,0.111328125,-0.025390625,-0.009765625,0,0
1779556857.176028,-0.0859375,-0.005859375,-0.07421875,0.111328125,-0.025390625,-0.009765625,0,0
1779556857.184056,-0.0859375,-0.005859375,-0.07421875,0.111328125,-0.078125,-0.009765625,0,0
1779556857.192040,-0.09765625,-0.005859375,-0.064453125,0.111328125,-0.078125,-0.009765625,0,0
1779556857.200050,-0.09765625,-0.005859375,-0.064453125,-0.013671875,-0.10546875,-0.009765625,0,0
1779556857.207961,-0.09375,-0.005859375,-0.0234375,-0.013671875,-0.10546875,-0.009765625,0,0
1779556857.216033,-0.09375,-0.005859375,-0.0234375,-0.0078125,-0.16015625,-0.009765625,0,0
1779556857.223995,-0.095703125,-0.005859375,-0.005859375,-0.0078125,-0.16015625,-0.009765625,0,0
1779556857.232023,-0.095703125,-0.005859375,-0.005859375,-0.029296875,-0.244140625,-0.009765625,0,0
1779556857.240012,-0.115234375,-0.005859375,-0.044921875,-0.029296875,-0.244140625,-0.009765625,0,0
1779556857.248038,-0.115234375,-0.005859375,-0.044921875,-0.021484375,-0.353515625,-0.00390625,0,0
1779556857.256004,-0.1171875,-0.0234375,-0.03125,-0.021484375,-0.353515625,-0.00390625,0,0
1779556857.264043,-0.1171875,-0.0234375,-0.03125,0.0,-0.423828125,-0.0078125,0,0
1779556857.272018,-0.123046875,-0.033203125,-0.03125,0.0,-0.423828125,-0.0078125,0,0
1779556857.280012,-0.123046875,-0.033203125,-0.03125,0.0,-0.494140625,-0.009765625,0,0
1779556857.288044,-0.154296875,-0.0234375,-0.03125,0.0,-0.494140625,-0.009765625,0,0
1779556857.296027,-0.154296875,-0.0234375,-0.03125,0.0,-0.564453125,-0.009765625,0,0
1779556857.304030,-0.16796875,-0.009765625,-0.03125,0.0,-0.564453125,-0.009765625,0,0
1779556857.312027,-0.16796875,-0.009765625,-0.03125,-0.0234375,-0.626953125,-0.009765625,0,0
1779556857.320032,-0.15625,0.0,-0.03125,-0.0234375,-0.626953125,-0.009765625,0,0
1779556857.328002,-0.15625,0.0,-0.03125,-0.048828125,-0.67578125,-0.009765625,0,0
1779556857.336017,-0.1640625,0.0,-0.03125,-0.048828125,-0.67578125,-0.009765625,0,0
1779556857.343973,-0.1640625,0.0,-0.03125,-0.048828125,-0.68359375,-0.009765625,0,0
1779556857.351986,-0.203125,0.0,-0.03125,-0.048828125,-0.68359375,-0.009765625,0,0
1779556857.360002,-0.203125,0.0,-0.03125,-0.044921875,-0.68359375,-0.009765625,0,0
1779556857.367999,-0.22265625,0.0,-0.03125,-0.044921875,-0.68359375,-0.009765625,0,0
1779556857.376058,-0.22265625,0.0,-0.03125,-0.03515625,-0.68359375,-0.009765625,0,0
1779556857.383995,-0.21875,0.0,-0.03125,-0.03515625,-0.68359375,-0.009765625,0,0
1779556857.392070,-0.21875,0.0,-0.03125,-0.021484375,-0.68359375,-0.009765625,0,0
1779556857.400053,-0.21484375,0.0,-0.03125,-0.021484375,-0.68359375,-0.009765625,0,0
1779556857.408084,-0.21484375,0.0,-0.03125,0.0,-0.68359375,-0.009765625,0,0
1779556857.416014,-0.212890625,0.0,-0.03125,0.0,-0.68359375,-0.009765625,0,0
1779556857.424041,-0.212890625,0.0,-0.03125,0.0,-0.68359375,-0.009765625,0,0
1779556857.431995,-0.2109375,0.0,-0.03125,0.0,-0.68359375,-0.009765625,0,0
1779556857.439982,-0.2109375,0.0,-0.03125,0.0,-0.68359375,-0.009765625,0,0
1779556857.447991,-0.208984375,0.0,-0.03125,0.0,-0.68359375,-0.009765625,0,0
1779556857.456087,-0.208984375,0.0,-0.03125,0.0,-0.68359375,-0.009765625,0,0
1779556857.464026,-0.208984375,0.0,-0.03125,0.0,-0.68359375,-0.009765625,0,0
1779556857.472001,-0.208984375,0.0,-0.03125,0.0,-0.68359375,-0.009765625,0,0
1779556857.480017,-0.205078125,0.0,-0.03125,0.0,-0.68359375,-0.009765625,0,0
1779556857.488019,-0.205078125,0.0,-0.03125,0.0,-0.68359375,-0.009765625,0,0
1779556857.495990,-0.203125,0.0,-0.03125,0.0,-0.68359375,-0.009765625,0,0
1779556857.504031,-0.203125,0.0,-0.03125,0.0,-0.68359375,-0.009765625,0,0
1779556857.512001,-0.197265625,0.0,-0.03125,0.0,-0.68359375,-0.009765625,0,0
1779556857.520009,-0.197265625,0.0,-0.03125,0.013671875,-0.68359375,-0.009765625,0,0
1779556857.527994,-0.205078125,0.0,-0.03125,0.013671875,-0.68359375,-0.009765625,0,0
1779556857.535961,-0.205078125,0.0,-0.03125,0.037109375,-0.68359375,-0.009765625,0,0
1779556857.543942,-0.212890625,0.0,-0.03125,0.037109375,-0.68359375,-0.009765625,0,0
1779556857.551990,-0.212890625,0.0,-0.03125,0.056640625,-0.68359375,-0.00390625,0,0
1779556857.560020,-0.216796875,0.0,-0.03125,0.056640625,-0.68359375,-0.00390625,0,0
1779556857.568028,-0.216796875,0.0,-0.03125,0.0703125,-0.68359375,-0.0078125,0,0
1779556857.575996,-0.216796875,0.0,-0.03125,0.0703125,-0.68359375,-0.0078125,0,0
1779556857.584026,-0.216796875,0.0,-0.03125,0.072265625,-0.68359375,-0.009765625,0,0
1779556857.591996,-0.21875,0.0,-0.03125,0.072265625,-0.68359375,-0.009765625,0,0
1779556857.600011,-0.21875,0.0,-0.03125,0.0703125,-0.68359375,-0.009765625,0,0
1779556857.607979,-0.220703125,0.0,-0.03125,0.0703125,-0.68359375,-0.009765625,0,0
1779556857.616001,-0.220703125,0.0,-0.03125,0.060546875,-0.68359375,-0.005859375,0,0
1779556857.624014,-0.216796875,0.0,-0.03125,0.060546875,-0.68359375,-0.005859375,0,0
1779556857.632042,-0.216796875,0.0,-0.03125,0.056640625,-0.68359375,0.0,0,0
1779556857.640036,-0.20703125,0.0,0.015625,0.056640625,-0.68359375,0.0,0,0
1779556857.648000,-0.20703125,0.0,0.015625,0.052734375,-0.68359375,0.0,0,0
1779556857.655996,-0.197265625,0.0,0.091796875,0.052734375,-0.68359375,0.0,0,0
1779556857.664002,-0.197265625,0.0,0.091796875,0.056640625,-0.68359375,-0.0078125,0,0
1779556857.672013,-0.18359375,0.0,0.166015625,0.056640625,-0.68359375,-0.0078125,0,0
1779556857.679997,-0.18359375,0.0,0.166015625,0.076171875,-0.625,-0.02734375,0,0
1779556857.687951,-0.16796875,0.0,0.189453125,0.076171875,-0.625,-0.02734375,0,0
1779556857.696018,-0.16796875,0.0,0.189453125,0.1015625,-0.533203125,-0.052734375,0,0
1779556857.704017,-0.142578125,0.0,0.193359375,0.1015625,-0.533203125,-0.052734375,0,0
1779556857.711964,-0.142578125,0.0,0.193359375,0.12109375,-0.427734375,-0.07421875,0,0
1779556857.720018,-0.111328125,0.0,0.1640625,0.12109375,-0.427734375,-0.07421875,0,0
1779556857.728042,-0.111328125,0.0,0.1640625,0.125,-0.283203125,-0.083984375,0,0
1779556857.735967,-0.068359375,0.0,0.125,0.125,-0.283203125,-0.083984375,0,0
1779556857.743985,-0.068359375,0.0,0.125,0.11328125,-0.1484375,-0.0859375,0,0
1779556857.751988,-0.013671875,-0.00390625,0.0859375,0.11328125,-0.1484375,-0.0859375,0,0
1779556857.759986,-0.013671875,-0.00390625,0.0859375,0.099609375,-0.03125,-0.05859375,0,0
1779556857.768026,-0.013671875,-0.017578125,0.03125,0.099609375,-0.03125,-0.05859375,0,0
1779556857.775982,-0.013671875,-0.017578125,0.03125,0.1015625,-0.03125,-0.015625,0,0
1779556857.783981,-0.013671875,-0.0234375,0.0078125,0.1015625,-0.03125,-0.015625,0,0
1779556857.792003,-0.013671875,-0.0234375,0.0078125,0.09375,-0.03125,-0.015625,0,0
1779556857.807997,-0.013671875,-0.0234375,0.0078125,0.04296875,-0.03125,-0.015625,0,0
1779556857.838025,0.0,0.0,0.0,0.0,0.0,0.0,0,0
1779556857.869006,0.0,0.0,0.0,0.0,0.0,0.0,0,0
1779556857.899974,0.0,0.0,0.0,0.0,0.0,0.0,0,0
1779556857.930969,0.0,0.0,0.0,0.0,0.0,0.0,0,0
1779556857.962056,0.0,0.0,0.0,0.0,0.0,0.0,0,0
1779556857.968030,-0.013671875,-0.005859375,0.0078125,0.04296875,-0.03125,-0.015625,0,0
1779556857.984012,-0.013671875,-0.009765625,0.0078125,0.04296875,-0.03125,-0.015625,0,0
1779556858.000008,0.05078125,-0.009765625,0.0078125,0.04296875,-0.03125,-0.015625,0,0
1779556858.016023,0.115234375,-0.009765625,0.0078125,0.04296875,-0.03125,-0.015625,0,0
1779556858.023984,0.115234375,-0.009765625,0.0078125,0.04296875,0.00390625,-0.015625,0,0
1779556858.032037,0.14453125,-0.009765625,0.0078125,0.04296875,0.00390625,-0.015625,0,0
1779556858.040010,0.14453125,-0.009765625,0.0078125,0.04296875,0.00390625,-0.015625,0,0
1779556858.047969,0.15625,-0.009765625,0.0078125,0.04296875,0.00390625,-0.015625,0,0
1779556858.056006,0.15625,-0.009765625,0.0078125,0.01953125,0.00390625,-0.015625,0,0
1779556858.063979,0.173828125,-0.009765625,0.0078125,0.01953125,0.00390625,-0.015625,0,0
1779556858.072020,0.173828125,-0.009765625,0.0078125,0.046875,0.00390625,-0.015625,0,0
1779556858.079999,0.203125,-0.009765625,0.0078125,0.046875,0.00390625,-0.015625,0,0
1779556858.088063,0.203125,-0.009765625,0.0078125,0.05859375,0.00390625,-0.015625,0,0
1779556858.096040,0.244140625,-0.009765625,0.0078125,0.05859375,0.00390625,-0.015625,0,0
1779556858.104028,0.244140625,-0.009765625,0.0078125,0.076171875,0.01953125,-0.015625,0,0
1779556858.111980,0.26953125,-0.009765625,0.017578125,0.076171875,0.01953125,-0.015625,0,0
1779556858.119991,0.26953125,-0.009765625,0.017578125,0.0859375,0.03515625,-0.015625,0,0
1779556858.127967,0.283203125,-0.009765625,0.03125,0.0859375,0.03515625,-0.015625,0,0
1779556858.136010,0.283203125,-0.009765625,0.03125,0.1015625,0.04296875,-0.015625,0,0
1779556858.143988,0.283203125,-0.009765625,0.029296875,0.1015625,0.04296875,-0.015625,0,0
1779556858.151978,0.283203125,-0.009765625,0.029296875,0.111328125,0.041015625,-0.015625,0,0
1779556858.159998,0.27734375,-0.009765625,0.02734375,0.111328125,0.041015625,-0.015625,0,0
1779556858.168025,0.27734375,-0.009765625,0.02734375,0.1171875,0.037109375,-0.015625,0,0
1779556858.175988,0.26171875,-0.009765625,0.02734375,0.1171875,0.037109375,-0.015625,0,0
1779556858.184009,0.26171875,-0.009765625,0.02734375,0.115234375,0.033203125,-0.015625,0,0
1779556858.192029,0.248046875,-0.009765625,0.025390625,0.115234375,0.033203125,-0.015625,0,0
1779556858.200030,0.248046875,-0.009765625,0.025390625,0.111328125,0.033203125,-0.015625,0,0
1779556858.207937,0.232421875,-0.009765625,0.02734375,0.111328125,0.033203125,-0.015625,0,0
1779556858.215941,0.232421875,-0.009765625,0.02734375,0.10546875,0.03515625,-0.015625,0,0
1779556858.223959,0.220703125,-0.009765625,0.02734375,0.10546875,0.03515625,-0.015625,0,0
1779556858.231958,0.220703125,-0.009765625,0.02734375,0.09765625,0.037109375,-0.00390625,0,0
1779556858.239982,0.216796875,-0.009765625,0.025390625,0.09765625,0.037109375,-0.00390625,0,0
1779556858.247949,0.216796875,-0.009765625,0.025390625,0.09375,0.037109375,-0.00390625,0,0
1779556858.255989,0.203125,-0.009765625,0.021484375,0.09375,0.037109375,-0.00390625,0,0
1779556858.264008,0.203125,-0.009765625,0.021484375,0.087890625,0.033203125,-0.005859375,0,0
1779556858.272005,0.19140625,-0.009765625,0.005859375,0.087890625,0.033203125,-0.005859375,0,0
1779556858.279968,0.19140625,-0.009765625,0.005859375,0.083984375,0.02734375,-0.005859375,0,0
1779556858.288018,0.18359375,-0.009765625,0.005859375,0.083984375,0.02734375,-0.005859375,0,0
1779556858.295987,0.18359375,-0.009765625,0.005859375,0.080078125,0.0234375,-0.005859375,0,0
1779556858.304015,0.185546875,-0.009765625,0.0,0.080078125,0.0234375,-0.005859375,0,0
1779556858.311966,0.185546875,-0.009765625,0.0,0.072265625,0.025390625,-0.005859375,0,0
1779556858.319975,0.189453125,-0.009765625,0.005859375,0.072265625,0.025390625,-0.005859375,0,0
1779556858.327978,0.189453125,-0.009765625,0.005859375,0.064453125,0.029296875,-0.005859375,0,0
1779556858.336015,0.177734375,-0.005859375,0.005859375,0.064453125,0.029296875,-0.005859375,0,0
1779556858.344027,0.177734375,-0.005859375,0.005859375,0.0625,0.021484375,-0.00390625,0,0
1779556858.351995,0.15234375,-0.0078125,0.005859375,0.0625,0.021484375,-0.00390625,0,0
1779556858.359993,0.15234375,-0.0078125,0.005859375,0.068359375,0.01171875,0.0,0,0
1779556858.368008,0.123046875,-0.013671875,0.005859375,0.068359375,0.01171875,0.0,0,0
1779556858.376019,0.123046875,-0.013671875,0.005859375,0.080078125,0.01171875,0.0,0,0
1779556858.384012,0.099609375,-0.01953125,0.005859375,0.080078125,0.01171875,0.0,0,0
1779556858.391959,0.099609375,-0.01953125,0.005859375,0.0859375,0.01171875,0.0,0,0
1779556858.399977,0.091796875,-0.021484375,0.005859375,0.0859375,0.01171875,0.0,0,0
1779556858.408002,0.091796875,-0.021484375,0.005859375,0.0859375,0.01171875,0.0,0,0
1779556858.415947,0.080078125,-0.0234375,0.005859375,0.0859375,0.01171875,0.0,0,0
1779556858.423991,0.080078125,-0.0234375,0.005859375,0.0859375,0.01171875,0.0,0,0
1779556858.432015,0.05859375,-0.013671875,0.005859375,0.0859375,0.01171875,0.0,0,0
1779556858.440006,0.05859375,-0.013671875,0.005859375,0.083984375,0.01171875,-0.005859375,0,0
1779556858.447972,0.041015625,-0.013671875,0.005859375,0.083984375,0.01171875,-0.005859375,0,0
1779556858.456013,0.041015625,-0.013671875,0.005859375,0.072265625,0.01171875,-0.017578125,0,0
1779556858.464060,0.01953125,-0.013671875,0.0,0.072265625,0.01171875,-0.017578125,0,0
1779556858.472047,0.01953125,-0.013671875,0.0,0.060546875,0.01171875,-0.021484375,0,0
1779556858.502017,0.0,0.0,0.0,0.0,0.0,0.0,0,0
1779556858.533040,0.0,0.0,0.0,0.0,0.0,0.0,0,0
1779556858.564047,0.0,0.0,0.0,0.0,0.0,0.0,0,0
1779556858.576052,0.01953125,-0.013671875,-0.009765625,0.060546875,0.01171875,-0.021484375,0,0
1779556858.592028,0.01953125,-0.029296875,-0.044921875,0.060546875,0.01171875,-0.021484375,0,0
1779556858.607998,0.01953125,-0.06640625,-0.09765625,0.060546875,0.01171875,-0.021484375,0,0
1779556858.615974,0.01953125,-0.06640625,-0.09765625,0.060546875,-0.0078125,-0.021484375,0,0
1779556858.624016,0.01953125,-0.087890625,-0.138671875,0.060546875,-0.0078125,-0.021484375,0,0
1779556858.632058,0.01953125,-0.087890625,-0.138671875,0.060546875,-0.041015625,-0.021484375,0,0
1779556858.640032,0.01953125,-0.099609375,-0.19140625,0.060546875,-0.041015625,-0.021484375,0,0
1779556858.647998,0.01953125,-0.099609375,-0.19140625,0.009765625,-0.1015625,-0.021484375,0,0
1779556858.656016,0.01953125,-0.111328125,-0.234375,0.009765625,-0.1015625,-0.021484375,0,0
1779556858.664013,0.01953125,-0.111328125,-0.234375,0.0234375,-0.15234375,-0.021484375,0,0
1779556858.671961,0.01953125,-0.11328125,-0.26953125,0.0234375,-0.15234375,-0.021484375,0,0
1779556858.679957,0.01953125,-0.11328125,-0.26953125,0.037109375,-0.189453125,-0.021484375,0,0
1779556858.688043,0.01953125,-0.126953125,-0.287109375,0.037109375,-0.189453125,-0.021484375,0,0
1779556858.695977,0.01953125,-0.126953125,-0.287109375,0.048828125,-0.21484375,-0.021484375,0,0
1779556858.704008,0.01953125,-0.140625,-0.291015625,0.048828125,-0.21484375,-0.021484375,0,0
1779556858.712004,0.01953125,-0.140625,-0.291015625,0.0703125,-0.228515625,-0.021484375,0,0
1779556858.720035,0.01953125,-0.14453125,-0.271484375,0.0703125,-0.228515625,-0.021484375,0,0
1779556858.727969,0.01953125,-0.14453125,-0.271484375,0.078125,-0.224609375,-0.021484375,0,0
1779556858.735954,0.01953125,-0.14453125,-0.25390625,0.078125,-0.224609375,-0.021484375,0,0
1779556858.744008,0.01953125,-0.14453125,-0.25390625,0.078125,-0.21484375,-0.021484375,0,0
1779556858.751979,0.01953125,-0.13671875,-0.2265625,0.078125,-0.21484375,-0.021484375,0,0
1779556858.759963,0.01953125,-0.13671875,-0.2265625,0.078125,-0.189453125,-0.021484375,0,0
1779556858.768017,0.01953125,-0.119140625,-0.193359375,0.078125,-0.189453125,-0.021484375,0,0
1779556858.775986,0.01953125,-0.119140625,-0.193359375,0.0703125,-0.162109375,-0.021484375,0,0
1779556858.783999,0.01953125,-0.10546875,-0.15625,0.0703125,-0.162109375,-0.021484375,0,0
1779556858.791960,0.01953125,-0.10546875,-0.15625,0.0625,-0.130859375,-0.021484375,0,0
1779556858.800008,0.01953125,-0.09375,-0.134765625,0.0625,-0.130859375,-0.021484375,0,0
1779556858.808003,0.01953125,-0.09375,-0.134765625,0.052734375,-0.1171875,-0.021484375,0,0
1779556858.815992,0.01953125,-0.078125,-0.109375,0.052734375,-0.1171875,-0.021484375,0,0
1779556858.824027,0.01953125,-0.078125,-0.109375,0.02734375,-0.103515625,-0.021484375,0,0
1779556858.832027,0.01953125,-0.06640625,-0.1015625,0.02734375,-0.103515625,-0.021484375,0,0
1779556858.840018,0.01953125,-0.06640625,-0.1015625,0.01171875,-0.103515625,-0.021484375,0,0
1779556858.848012,0.01953125,-0.056640625,-0.08984375,0.01171875,-0.103515625,-0.021484375,0,0
1779556858.856020,0.01953125,-0.056640625,-0.08984375,0.0,-0.083984375,-0.021484375,0,0
1779556858.864001,0.01953125,-0.048828125,-0.076171875,0.0,-0.083984375,-0.021484375,0,0
1779556858.872015,0.01953125,-0.048828125,-0.076171875,0.0,-0.0703125,-0.021484375,0,0
1779556858.880013,0.01953125,-0.037109375,-0.05078125,0.0,-0.0703125,-0.021484375,0,0
1779556858.888032,0.01953125,-0.037109375,-0.05078125,0.0,-0.046875,-0.021484375,0,0
1779556858.896031,0.01953125,-0.015625,0.0,0.0,-0.046875,-0.021484375,0,0
1779556858.904012,0.01953125,-0.015625,0.0,0.009765625,-0.00390625,-0.021484375,0,0
1779556858.920036,0.01953125,-0.015625,0.0,0.013671875,-0.00390625,-0.021484375,0,0
1779556858.950020,0.0,0.0,0.0,0.0,0.0,0.0,0,0
1779556858.981003,0.0,0.0,0.0,0.0,0.0,0.0,0,0
1779556859.012015,0.0,0.0,0.0,0.0,0.0,0.0,0,0
1779556859.042989,0.0,0.0,0.0,0.0,0.0,0.0,0,0
1779556859.074008,0.0,0.0,0.0,0.0,0.0,0.0,0,0
1779556859.105056,0.0,0.0,0.0,0.0,0.0,0.0,0,0
1779556859.135989,0.0,0.0,0.0,0.0,0.0,0.0,0,0
1779556859.166991,0.0,0.0,0.0,0.0,0.0,0.0,0,0
1779556859.197988,0.0,0.0,0.0,0.0,0.0,0.0,0,0
1779556859.208014,0.01953125,-0.015625,-0.0078125,0.013671875,-0.00390625,-0.021484375,0,0
1779556859.223974,0.01953125,-0.015625,-0.046875,0.013671875,-0.00390625,-0.021484375,0,0
1779556859.231997,0.01953125,-0.015625,-0.046875,0.013671875,-0.03515625,-0.021484375,0,0
1779556859.240041,-0.017578125,-0.015625,-0.12890625,0.013671875,-0.03515625,-0.021484375,0,0
1779556859.247998,-0.017578125,-0.015625,-0.12890625,0.013671875,-0.123046875,-0.021484375,0,0
1779556859.256058,-0.07421875,-0.015625,-0.2421875,0.013671875,-0.123046875,-0.021484375,0,0
1779556859.263999,-0.07421875,-0.015625,-0.2421875,0.013671875,-0.244140625,-0.021484375,0,0
1779556859.272007,-0.12109375,-0.015625,-0.3359375,0.013671875,-0.244140625,-0.021484375,0,0
1779556859.280015,-0.12109375,-0.015625,-0.3359375,0.013671875,-0.3359375,-0.021484375,0,0
1779556859.288009,-0.1328125,-0.015625,-0.373046875,0.013671875,-0.3359375,-0.021484375,0,0
1779556859.295946,-0.1328125,-0.015625,-0.373046875,0.013671875,-0.369140625,-0.021484375,0,0
1779556859.303990,-0.1171875,-0.015625,-0.373046875,0.013671875,-0.369140625,-0.021484375,0,0
1779556859.311998,-0.1171875,-0.015625,-0.373046875,0.013671875,-0.36328125,-0.021484375,0,0
1779556859.320005,-0.080078125,-0.015625,-0.3515625,0.013671875,-0.36328125,-0.021484375,0,0
1779556859.328021,-0.080078125,-0.015625,-0.3515625,0.013671875,-0.3203125,-0.021484375,0,0
1779556859.336020,-0.037109375,-0.015625,-0.2890625,0.013671875,-0.3203125,-0.021484375,0,0
1779556859.343981,-0.037109375,-0.015625,-0.2890625,0.013671875,-0.248046875,-0.021484375,0,0
1779556859.351968,-0.01953125,-0.015625,-0.240234375,0.013671875,-0.248046875,-0.021484375,0,0
1779556859.360012,-0.01953125,-0.015625,-0.240234375,0.013671875,-0.2109375,-0.021484375,0,0
1779556859.367998,-0.017578125,-0.015625,-0.19140625,0.013671875,-0.2109375,-0.021484375,0,0
1779556859.376047,-0.017578125,-0.015625,-0.19140625,0.013671875,-0.189453125,-0.021484375,0,0
1779556859.383947,-0.0234375,-0.015625,-0.130859375,0.013671875,-0.189453125,-0.021484375,0,0
1779556859.392000,-0.0234375,-0.015625,-0.130859375,0.013671875,-0.162109375,-0.021484375,0,0
1779556859.400041,-0.033203125,-0.015625,-0.04296875,0.013671875,-0.162109375,-0.021484375,0,0
1779556859.408041,-0.033203125,-0.015625,-0.04296875,0.013671875,-0.130859375,-0.021484375,0,0
1779556859.416028,-0.041015625,-0.015625,-0.04296875,0.013671875,-0.130859375,-0.021484375,0,0
1779556859.423990,-0.041015625,-0.015625,-0.04296875,0.013671875,-0.0703125,-0.021484375,0,0
1779556859.432043,-0.009765625,-0.015625,-0.04296875,0.013671875,-0.0703125,-0.021484375,0,0
1779556859.440036,-0.009765625,-0.015625,-0.04296875,0.013671875,-0.005859375,-0.021484375,0,0
1779556859.470025,0.0,0.0,0.0,0.0,0.0,0.0,0,0
1779556859.501006,0.0,0.0,0.0,0.0,0.0,0.0,0,0
1779556859.532042,0.0,0.0,0.0,0.0,0.0,0.0,0,0
1779556859.563024,0.0,0.0,0.0,0.0,0.0,0.0,0,0
1779556859.594004,0.0,0.0,0.0,0.0,0.0,0.0,0,0
1779556859.624984,0.0,0.0,0.0,0.0,0.0,0.0,0,0
1779556859.656052,0.0,0.0,0.0,0.0,0.0,0.0,0,0
1779556859.687020,0.0,0.0,0.0,0.0,0.0,0.0,0,0
1779556859.718031,0.0,0.0,0.0,0.0,0.0,0.0,0,0
1779556859.749029,0.0,0.0,0.0,0.0,0.0,0.0,0,0
1779556859.780023,0.0,0.0,0.0,0.0,0.0,0.0,0,0
1779556859.800019,-0.009765625,-0.015625,-0.0078125,0.013671875,-0.005859375,-0.021484375,0,0
1779556859.815999,-0.009765625,-0.015625,-0.154296875,0.013671875,-0.005859375,-0.021484375,0,0
1779556859.824011,-0.009765625,-0.015625,-0.154296875,0.013671875,-0.072265625,-0.021484375,0,0
1779556859.832003,-0.009765625,-0.015625,-0.259765625,0.013671875,-0.072265625,-0.021484375,0,0
1779556859.840010,-0.009765625,-0.015625,-0.259765625,0.013671875,-0.140625,-0.021484375,0,0
1779556859.848004,-0.03125,-0.015625,-0.365234375,0.013671875,-0.140625,-0.021484375,0,0
1779556859.856020,-0.03125,-0.015625,-0.365234375,0.013671875,-0.232421875,-0.021484375,0,0
1779556859.863998,-0.046875,-0.015625,-0.388671875,0.013671875,-0.232421875,-0.021484375,0,0
1779556859.872020,-0.046875,-0.015625,-0.388671875,0.013671875,-0.267578125,-0.021484375,0,0
1779556859.880090,-0.02734375,-0.015625,-0.33984375,0.013671875,-0.267578125,-0.021484375,0,0
1779556859.888031,-0.02734375,-0.015625,-0.33984375,0.013671875,-0.224609375,-0.021484375,0,0
1779556859.896010,-0.02734375,-0.015625,-0.20703125,0.013671875,-0.224609375,-0.021484375,0,0
1779556859.903992,-0.02734375,-0.015625,-0.20703125,0.013671875,-0.125,-0.021484375,0,0
1779556859.912019,-0.02734375,-0.015625,-0.046875,0.013671875,-0.125,-0.021484375,0,0
1779556859.920012,-0.02734375,-0.015625,-0.046875,0.013671875,-0.02734375,-0.021484375,0,0
1779556859.950019,0.0,0.0,0.0,0.0,0.0,0.0,0,0
1779556859.981007,0.0,0.0,0.0,0.0,0.0,0.0,0,0
1779556860.011990,0.0,0.0,0.0,0.0,0.0,0.0,0,0
1779556860.043019,0.0,0.0,0.0,0.0,0.0,0.0,0,0
1779556860.073993,0.0,0.0,0.0,0.0,0.0,0.0,0,0
1779556860.105043,0.0,0.0,0.0,0.0,0.0,0.0,0,0
1779556860.135934,0.0,0.0,0.0,0.0,0.0,0.0,0,0
1779556860.167048,0.0,0.0,0.0,0.0,0.0,0.0,0,0
1779556860.198006,0.0,0.0,0.0,0.0,0.0,0.0,0,0
1779556860.229024,0.0,0.0,0.0,0.0,0.0,0.0,0,0
1779556860.260000,0.0,0.0,0.0,0.0,0.0,0.0,0,0
1779556860.291000,0.0,0.0,0.0,0.0,0.0,0.0,0,0
1779556860.322012,0.0,0.0,0.0,0.0,0.0,0.0,0,0
1779556860.335974,-0.02734375,-0.015625,-0.017578125,0.013671875,-0.02734375,-0.021484375,0,0
1779556860.352009,-0.107421875,-0.015625,-0.296875,0.013671875,-0.02734375,-0.021484375,0,0
1779556860.359950,-0.107421875,-0.015625,-0.296875,0.013671875,-0.244140625,-0.021484375,0,0
1779556860.367945,-0.11328125,-0.015625,-0.384765625,0.013671875,-0.244140625,-0.021484375,0,0
1779556860.375987,-0.11328125,-0.015625,-0.384765625,-0.041015625,-0.26953125,-0.021484375,0,0
1779556860.384033,-0.109375,-0.015625,-0.3671875,-0.041015625,-0.26953125,-0.021484375,0,0
1779556860.391975,-0.109375,-0.015625,-0.3671875,-0.037109375,-0.283203125,-0.021484375,0,0
1779556860.399971,-0.078125,-0.015625,-0.306640625,-0.037109375,-0.283203125,-0.021484375,0,0
1779556860.407954,-0.078125,-0.015625,-0.306640625,-0.029296875,-0.224609375,-0.021484375,0,0
1779556860.415964,-0.0390625,-0.015625,-0.134765625,-0.029296875,-0.224609375,-0.021484375,0,0
1779556860.423988,-0.0390625,-0.015625,-0.134765625,-0.009765625,-0.109375,-0.021484375,0,0
1779556860.439977,-0.0390625,-0.015625,-0.134765625,-0.009765625,-0.005859375,-0.021484375,0,0
1779556860.456040,-0.0390625,-0.015625,-0.134765625,-0.009765625,0.0,-0.021484375,0,0
1779556860.486020,0.0,0.0,0.0,0.0,0.0,0.0,0,0
1779556860.517036,0.0,0.0,0.0,0.0,0.0,0.0,0,0
1779556860.549012,0.0,0.0,0.0,0.0,0.0,0.0,0,0
1779556860.580019,0.0,0.0,0.0,0.0,0.0,0.0,0,0
1779556860.611002,0.0,0.0,0.0,0.0,0.0,0.0,0,0
1779556860.642008,0.0,0.0,0.0,0.0,0.0,0.0,0,0
1779556860.673052,0.0,0.0,0.0,0.0,0.0,0.0,0,0
1779556860.703966,0.0,0.0,0.0,0.0,0.0,0.0,0,0
1779556860.734958,0.0,0.0,0.0,0.0,0.0,0.0,0,0
1779556860.765979,0.0,0.0,0.0,0.0,0.0,0.0,0,0
1779556860.797020,0.0,0.0,0.0,0.0,0.0,0.0,0,0
1779556860.827983,0.0,0.0,0.0,0.0,0.0,0.0,0,0
1779556860.859009,0.0,0.0,0.0,0.0,0.0,0.0,0,0
1779556860.889986,0.0,0.0,0.0,0.0,0.0,0.0,0,0
1779556860.921070,0.0,0.0,0.0,0.0,0.0,0.0,0,0
1779556860.951984,0.0,0.0,0.0,0.0,0.0,0.0,0,0
1779556860.984020,0.0,0.0,0.0,0.0,0.0,0.0,0,0
1779556861.015010,0.0,0.0,0.0,0.0,0.0,0.0,0,0
1779556861.046040,0.0,0.0,0.0,0.0,0.0,0.0,0,0
1779556861.077014,0.0,0.0,0.0,0.0,0.0,0.0,0,0
1779556861.108021,0.0,0.0,0.0,0.0,0.0,0.0,0,0
1779556861.139026,0.0,0.0,0.0,0.0,0.0,0.0,0,0
1779556861.170031,0.0,0.0,0.0,0.0,0.0,0.0,0,0
1779556861.201026,0.0,0.0,0.0,0.0,0.0,0.0,0,0
1779556861.231994,0.0,0.0,0.0,0.0,0.0,0.0,0,0
1779556861.263065,0.0,0.0,0.0,0.0,0.0,0.0,0,0
1779556861.293998,0.0,0.0,0.0,0.0,0.0,0.0,0,0
1779556861.325042,0.0,0.0,0.0,0.0,0.0,0.0,0,0
1779556861.356055,0.0,0.0,0.0,0.0,0.0,0.0,0,0
1779556861.387014,0.0,0.0,0.0,0.0,0.0,0.0,0,0
1779556861.417967,0.0,0.0,0.0,0.0,0.0,0.0,0,0
1779556861.448967,0.0,0.0,0.0,0.0,0.0,0.0,0,0
1779556861.480021,0.0,0.0,0.0,0.0,0.0,0.0,0,0
1779556861.511043,0.0,0.0,0.0,0.0,0.0,0.0,0,0
1779556861.541969,0.0,0.0,0.0,0.0,0.0,0.0,0,0
1779556861.572962,0.0,0.0,0.0,0.0,0.0,0.0,1,0
1779556861.604023,0.0,0.0,0.0,0.0,0.0,0.0,1,0
1779556861.634974,0.0,0.0,0.0,0.0,0.0,0.0,1,0
1779556861.666012,0.0,0.0,0.0,0.0,0.0,0.0,0,0
1779556861.697026,0.0,0.0,0.0,0.0,0.0,0.0,0,0
1779556861.728044,0.0,0.0,0.0,0.0,0.0,0.0,0,0
1779556861.759001,0.0,0.0,0.0,0.0,0.0,0.0,0,0
1779556861.790040,0.0,0.0,0.0,0.0,0.0,0.0,0,0
1779556861.821004,0.0,0.0,0.0,0.0,0.0,0.0,0,0
1779556861.851996,0.0,0.0,0.0,0.0,0.0,0.0,0,0
1779556861.883029,0.0,0.0,0.0,0.0,0.0,0.0,0,0
1779556861.913999,0.0,0.0,0.0,0.0,0.0,0.0,0,0
1779556861.944982,0.0,0.0,0.0,0.0,0.0,0.0,0,0
1779556861.975974,0.0,0.0,0.0,0.0,0.0,0.0,0,0
1779556862.006978,0.0,0.0,0.0,0.0,0.0,0.0,0,0
1779556862.037982,0.0,0.0,0.0,0.0,0.0,0.0,0,0
1779556862.069037,0.0,0.0,0.0,0.0,0.0,0.0,0,0
1779556862.100062,0.0,0.0,0.0,0.0,0.0,0.0,0,0
1779556862.130955,0.0,0.0,0.0,0.0,0.0,0.0,0,0
1779556862.162060,0.0,0.0,0.0,0.0,0.0,0.0,0,0
1779556862.193023,0.0,0.0,0.0,0.0,0.0,0.0,0,0
1779556862.223992,0.0,0.0,0.0,0.0,0.0,0.0,0,0
1779556862.255025,0.0,0.0,0.0,0.0,0.0,0.0,0,0
1779556862.285986,0.0,0.0,0.0,0.0,0.0,0.0,0,0
1779556862.316972,0.0,0.0,0.0,0.0,0.0,0.0,0,0
1779556862.348013,0.0,0.0,0.0,0.0,0.0,0.0,0,0
1779556862.379000,0.0,0.0,0.0,0.0,0.0,0.0,0,0
1779556862.410039,0.0,0.0,0.0,0.0,0.0,0.0,0,0
1779556862.441032,0.0,0.0,0.0,0.0,0.0,0.0,0,0
1779556862.472029,0.0,0.0,0.0,0.0,0.0,0.0,0,0
1779556862.502991,0.0,0.0,0.0,0.0,0.0,0.0,0,0
1779556862.534035,0.0,0.0,0.0,0.0,0.0,0.0,0,0
1779556862.565049,0.0,0.0,0.0,0.0,0.0,0.0,0,0
1779556862.596035,0.0,0.0,0.0,0.0,0.0,0.0,0,0
1779556862.626982,0.0,0.0,0.0,0.0,0.0,0.0,0,0
1779556862.658030,0.0,0.0,0.0,0.0,0.0,0.0,0,0
1779556862.689060,0.0,0.0,0.0,0.0,0.0,0.0,0,0
1779556862.720057,0.0,0.0,0.0,0.0,0.0,0.0,0,0
1779556862.751081,0.0,0.0,0.0,0.0,0.0,0.0,0,0
1779556862.781998,0.0,0.0,0.0,0.0,0.0,0.0,0,0
1779556862.813009,0.0,0.0,0.0,0.0,0.0,0.0,0,0
1779556862.844029,0.0,0.0,0.0,0.0,0.0,0.0,0,0
1779556862.875016,0.0,0.0,0.0,0.0,0.0,0.0,0,0
1779556862.905994,0.0,0.0,0.0,0.0,0.0,0.0,0,0
1779556862.937005,0.0,0.0,0.0,0.0,0.0,0.0,0,0
1779556862.968087,0.0,0.0,0.0,0.0,0.0,0.0,0,0
1779556862.999006,0.0,0.0,0.0,0.0,0.0,0.0,0,0
1779556863.030007,0.0,0.0,0.0,0.0,0.0,0.0,0,0
1779556863.061011,0.0,0.0,0.0,0.0,0.0,0.0,0,0
1779556863.092016,0.0,0.0,0.0,0.0,0.0,0.0,0,0
1779556863.123003,0.0,0.0,0.0,0.0,0.0,0.0,0,0
1779556863.153998,0.0,0.0,0.0,0.0,0.0,0.0,0,0
1779556863.184976,0.0,0.0,0.0,0.0,0.0,0.0,0,0
1779556863.216047,0.0,0.0,0.0,0.0,0.0,0.0,0,0
1779556863.247015,0.0,0.0,0.0,0.0,0.0,0.0,0,0
1779556863.278040,0.0,0.0,0.0,0.0,0.0,0.0,0,0
1779556863.308995,0.0,0.0,0.0,0.0,0.0,0.0,0,0
1779556863.340017,0.0,0.0,0.0,0.0,0.0,0.0,0,0
1779556863.371051,0.0,0.0,0.0,0.0,0.0,0.0,0,0
1779556863.402034,0.0,0.0,0.0,0.0,0.0,0.0,0,0
1779556863.433016,0.0,0.0,0.0,0.0,0.0,0.0,0,0
1779556863.464072,0.0,0.0,0.0,0.0,0.0,0.0,0,0
1779556863.495065,0.0,0.0,0.0,0.0,0.0,0.0,0,0
1779556863.526051,0.0,0.0,0.0,0.0,0.0,0.0,0,0
1779556863.557091,0.0,0.0,0.0,0.0,0.0,0.0,0,0
1779556863.588013,0.0,0.0,0.0,0.0,0.0,0.0,0,0
1779556863.619059,0.0,0.0,0.0,0.0,0.0,0.0,0,0
1779556863.650002,0.0,0.0,0.0,0.0,0.0,0.0,0,0
1779556863.681062,0.0,0.0,0.0,0.0,0.0,0.0,0,0
1779556863.712020,0.0,0.0,0.0,0.0,0.0,0.0,0,0
1779556863.742967,0.0,0.0,0.0,0.0,0.0,0.0,0,0
1779556863.776051,0.0,0.0,0.0,0.0,0.0,0.0,0,0
1779556863.807009,0.0,0.0,0.0,0.0,0.0,0.0,0,0
1779556863.837989,0.0,0.0,0.0,0.0,0.0,0.0,0,0
1779556863.869041,0.0,0.0,0.0,0.0,0.0,0.0,0,0
1779556863.900090,0.0,0.0,0.0,0.0,0.0,0.0,0,0
1779556863.931026,0.0,0.0,0.0,0.0,0.0,0.0,0,0
1779556863.962010,0.0,0.0,0.0,0.0,0.0,0.0,0,0
1779556863.992957,0.0,0.0,0.0,0.0,0.0,0.0,0,0
1779556864.024025,0.0,0.0,0.0,0.0,0.0,0.0,0,0
1779556864.054997,0.0,0.0,0.0,0.0,0.0,0.0,0,0
1779556864.086016,0.0,0.0,0.0,0.0,0.0,0.0,0,0
1779556864.116988,0.0,0.0,0.0,0.0,0.0,0.0,0,0
1779556864.147983,0.0,0.0,0.0,0.0,0.0,0.0,0,0
1779556864.179074,0.0,0.0,0.0,0.0,0.0,0.0,0,0
1779556864.210025,0.0,0.0,0.0,0.0,0.0,0.0,0,0
1779556864.241024,0.0,0.0,0.0,0.0,0.0,0.0,0,0
1779556864.272014,0.0,0.0,0.0,0.0,0.0,0.0,0,0
1779556864.303034,0.0,0.0,0.0,0.0,0.0,0.0,0,0
1779556864.334013,0.0,0.0,0.0,0.0,0.0,0.0,0,0
1779556864.365026,0.0,0.0,0.0,0.0,0.0,0.0,0,0
1779556864.396031,0.0,0.0,0.0,0.0,0.0,0.0,0,0
1779556864.427029,0.0,0.0,0.0,0.0,0.0,0.0,0,0
1779556864.458068,0.0,0.0,0.0,0.0,0.0,0.0,0,0
1779556864.489066,0.0,0.0,0.0,0.0,0.0,0.0,0,0
1779556864.520047,0.0,0.0,0.0,0.0,0.0,0.0,0,0
1779556864.551049,0.0,0.0,0.0,0.0,0.0,0.0,0,0
1779556864.581984,0.0,0.0,0.0,0.0,0.0,0.0,0,0
1779556864.613033,0.0,0.0,0.0,0.0,0.0,0.0,0,0
1779556864.644018,0.0,0.0,0.0,0.0,0.0,0.0,0,0
1779556864.675044,0.0,0.0,0.0,0.0,0.0,0.0,0,0
1779556864.705983,0.0,0.0,0.0,0.0,0.0,0.0,0,0
1779556864.737005,0.0,0.0,0.0,0.0,0.0,0.0,0,0
1779556864.768048,0.0,0.0,0.0,0.0,0.0,0.0,0,0
1779556864.799016,0.0,0.0,0.0,0.0,0.0,0.0,0,0
1779556864.830027,0.0,0.0,0.0,0.0,0.0,0.0,0,0
1779556864.862025,0.0,0.0,0.0,0.0,0.0,0.0,0,0
1779556864.893054,0.0,0.0,0.0,0.0,0.0,0.0,0,0
1779556864.924119,0.0,0.0,0.0,0.0,0.0,0.0,0,0
1779556864.955015,0.0,0.0,0.0,0.0,0.0,0.0,0,0
1779556864.986041,0.0,0.0,0.0,0.0,0.0,0.0,0,0
1779556865.017027,0.0,0.0,0.0,0.0,0.0,0.0,0,0
1779556865.047992,0.0,0.0,0.0,0.0,0.0,0.0,0,0
1779556865.078989,0.0,0.0,0.0,0.0,0.0,0.0,0,0
1779556865.110094,0.0,0.0,0.0,0.0,0.0,0.0,0,0
1779556865.141043,0.0,0.0,0.0,0.0,0.0,0.0,0,0
1779556865.172076,0.0,0.0,0.0,0.0,0.0,0.0,0,0
1779556865.203059,0.0,0.0,0.0,0.0,0.0,0.0,0,0
1779556865.233976,0.0,0.0,0.0,0.0,0.0,0.0,0,0
1779556865.264991,0.0,0.0,0.0,0.0,0.0,0.0,0,0
1779556865.296054,0.0,0.0,0.0,0.0,0.0,0.0,0,0
1779556865.327009,0.0,0.0,0.0,0.0,0.0,0.0,0,0
1779556865.358066,0.0,0.0,0.0,0.0,0.0,0.0,0,0
1779556865.389017,0.0,0.0,0.0,0.0,0.0,0.0,0,0
1779556865.419955,0.0,0.0,0.0,0.0,0.0,0.0,0,0
1779556865.451036,0.0,0.0,0.0,0.0,0.0,0.0,0,0
1779556865.482040,0.0,0.0,0.0,0.0,0.0,0.0,0,0
1779556865.513015,0.0,0.0,0.0,0.0,0.0,0.0,0,0
1779556865.544039,0.0,0.0,0.0,0.0,0.0,0.0,0,0
1779556865.575004,0.0,0.0,0.0,0.0,0.0,0.0,0,0
1779556865.606025,0.0,0.0,0.0,0.0,0.0,0.0,0,0
1779556865.637058,0.0,0.0,0.0,0.0,0.0,0.0,0,0
1779556865.668018,0.0,0.0,0.0,0.0,0.0,0.0,0,0
1779556865.699060,0.0,0.0,0.0,0.0,0.0,0.0,0,0
1779556865.730031,0.0,0.0,0.0,0.0,0.0,0.0,0,0
1779556865.761025,0.0,0.0,0.0,0.0,0.0,0.0,0,0
1779556865.792027,0.0,0.0,0.0,0.0,0.0,0.0,0,0
1779556865.823027,0.0,0.0,0.0,0.0,0.0,0.0,0,0
1779556865.854028,0.0,0.0,0.0,0.0,0.0,0.0,0,0
1779556865.885041,0.0,0.0,0.0,0.0,0.0,0.0,0,0
1779556865.916041,0.0,0.0,0.0,0.0,0.0,0.0,0,0
1779556865.947051,0.0,0.0,0.0,0.0,0.0,0.0,0,0
1779556865.978019,0.0,0.0,0.0,0.0,0.0,0.0,0,0
1779556866.008975,0.0,0.0,0.0,0.0,0.0,0.0,0,0
1779556866.039968,0.0,0.0,0.0,0.0,0.0,0.0,0,0
1779556866.071028,0.0,0.0,0.0,0.0,0.0,0.0,0,0
1779556866.102034,0.0,0.0,0.0,0.0,0.0,0.0,0,0
1779556866.133012,0.0,0.0,0.0,0.0,0.0,0.0,0,0
1779556866.164004,0.0,0.0,0.0,0.0,0.0,0.0,0,0
1779556866.184002,0.0,-0.015625,-0.134765625,-0.009765625,0.0,-0.021484375,0,0
1779556866.200074,-0.015625,-0.015625,-0.134765625,-0.009765625,0.0,-0.021484375,0,0
1779556866.230000,0.0,0.0,0.0,0.0,0.0,0.0,0,0
1779556866.232063,-0.015625,-0.021484375,-0.134765625,-0.009765625,0.0,-0.021484375,0,0
1779556866.240013,-0.015625,-0.021484375,-0.134765625,0.060546875,0.0,-0.021484375,0,0
1779556866.248032,-0.015625,-0.046875,0.095703125,0.060546875,0.0,-0.021484375,0,0
1779556866.255966,-0.015625,-0.046875,0.095703125,0.12109375,0.0,-0.021484375,0,0
1779556866.264040,-0.015625,-0.06640625,0.107421875,0.12109375,0.0,-0.021484375,0,0
1779556866.272065,-0.015625,-0.06640625,0.107421875,0.115234375,0.0,-0.021484375,0,0
1779556866.280008,-0.015625,-0.025390625,0.146484375,0.115234375,0.0,-0.021484375,0,0
1779556866.287052,-0.015625,-0.025390625,0.146484375,0.06640625,0.0,-0.009765625,0,0
1779556866.296027,-0.015625,-0.01953125,0.212890625,0.06640625,0.0,-0.009765625,0,0
1779556866.304047,-0.015625,-0.01953125,0.212890625,0.068359375,0.0,-0.01953125,0,0
1779556866.312052,-0.015625,-0.033203125,0.3046875,0.068359375,0.0,-0.01953125,0,0
1779556866.320037,-0.015625,-0.033203125,0.3046875,0.08203125,0.0,-0.03515625,0,0
1779556866.328028,0.013671875,-0.060546875,0.431640625,0.08203125,0.0,-0.03515625,0,0
1779556866.336016,0.013671875,-0.060546875,0.431640625,0.095703125,0.01171875,-0.04296875,0,0
1779556866.344054,0.052734375,-0.0625,0.50390625,0.095703125,0.01171875,-0.04296875,0,0
1779556866.352023,0.052734375,-0.0625,0.50390625,0.10546875,0.03125,-0.03515625,0,0
1779556866.360014,0.068359375,-0.046875,0.5390625,0.10546875,0.03125,-0.03515625,0,0
1779556866.368034,0.068359375,-0.046875,0.5390625,0.10546875,0.0390625,-0.015625,0,0
1779556866.376025,0.078125,-0.033203125,0.564453125,0.10546875,0.0390625,-0.015625,0,0
1779556866.383997,0.078125,-0.033203125,0.564453125,0.09375,0.04296875,-0.00390625,0,0
1779556866.392073,0.076171875,-0.03125,0.6015625,0.09375,0.04296875,-0.00390625,0,0
1779556866.400044,0.076171875,-0.03125,0.6015625,0.07421875,0.044921875,-0.00390625,0,0
1779556866.408028,0.087890625,-0.033203125,0.666015625,0.07421875,0.044921875,-0.00390625,0,0
1779556866.415062,0.087890625,-0.033203125,0.666015625,0.05859375,0.052734375,-0.00390625,0,0
1779556866.424073,0.111328125,-0.037109375,0.68359375,0.05859375,0.052734375,-0.00390625,0,0
1779556866.432044,0.111328125,-0.037109375,0.68359375,0.056640625,0.0625,-0.0078125,0,0
1779556866.440042,0.130859375,-0.03515625,0.68359375,0.056640625,0.0625,-0.0078125,0,0
1779556866.448023,0.130859375,-0.03515625,0.68359375,0.05078125,0.056640625,-0.0078125,0,0
1779556866.456066,0.12890625,-0.033203125,0.68359375,0.05078125,0.056640625,-0.0078125,0,0
1779556866.464018,0.12890625,-0.033203125,0.68359375,0.046875,0.052734375,-0.00390625,0,0
1779556866.480048,0.1171875,-0.015625,0.68359375,0.046875,0.052734375,-0.00390625,0,0
1779556866.488018,0.1171875,-0.015625,0.68359375,0.0390625,0.046875,-0.00390625,0,0
1779556866.496025,0.115234375,-0.013671875,0.68359375,0.0390625,0.046875,-0.00390625,0,0
1779556866.504019,0.115234375,-0.013671875,0.68359375,0.01953125,0.046875,-0.00390625,0,0
1779556866.512011,0.115234375,-0.01171875,0.68359375,0.01953125,0.046875,-0.00390625,0,0
1779556866.520040,0.115234375,-0.01171875,0.68359375,0.01171875,0.0390625,-0.00390625,0,0
1779556866.528032,0.1171875,-0.015625,0.68359375,0.01171875,0.0390625,-0.00390625,0,0
1779556866.536008,0.1171875,-0.015625,0.68359375,0.0078125,0.037109375,-0.00390625,0,0
1779556866.544065,0.119140625,-0.021484375,0.68359375,0.0078125,0.037109375,-0.00390625,0,0
1779556866.551995,0.119140625,-0.021484375,0.68359375,0.0078125,0.037109375,-0.00390625,0,0
1779556866.560064,0.125,-0.0234375,0.68359375,0.0078125,0.037109375,-0.00390625,0,0
1779556866.568063,0.125,-0.0234375,0.68359375,0.0078125,0.03515625,-0.00390625,0,0
1779556866.576052,0.13671875,-0.021484375,0.68359375,0.0078125,0.03515625,-0.00390625,0,0
1779556866.584032,0.13671875,-0.021484375,0.68359375,0.0078125,0.03515625,-0.00390625,0,0
1779556866.592052,0.14453125,-0.021484375,0.68359375,0.0078125,0.03515625,-0.00390625,0,0
1779556866.600019,0.14453125,-0.021484375,0.68359375,0.0078125,0.03125,-0.00390625,0,0
1779556866.608023,0.146484375,-0.017578125,0.68359375,0.0078125,0.03125,-0.00390625,0,0
1779556866.616028,0.146484375,-0.017578125,0.68359375,0.0078125,0.02734375,-0.00390625,0,0
1779556866.624093,0.1484375,-0.017578125,0.68359375,0.0078125,0.02734375,-0.00390625,0,0
1779556866.632039,0.1484375,-0.017578125,0.68359375,0.0078125,0.02734375,-0.00390625,0,0
1779556866.640048,0.1484375,-0.021484375,0.68359375,0.0078125,0.02734375,-0.00390625,0,0
1779556866.648063,0.1484375,-0.021484375,0.68359375,0.0078125,0.029296875,-0.00390625,0,0
1779556866.656041,0.154296875,-0.02734375,0.68359375,0.0078125,0.029296875,-0.00390625,0,0
1779556866.664061,0.154296875,-0.02734375,0.68359375,0.0078125,0.03125,-0.00390625,0,0
1779556866.672023,0.154296875,-0.03515625,0.68359375,0.0078125,0.03125,-0.00390625,0,0
1779556866.680016,0.154296875,-0.03515625,0.68359375,0.0078125,0.029296875,-0.00390625,0,0
1779556866.688008,0.16015625,-0.041015625,0.68359375,0.0078125,0.029296875,-0.00390625,0,0
1779556866.696027,0.16015625,-0.041015625,0.68359375,0.0078125,0.03125,-0.00390625,0,0
1779556866.704015,0.162109375,-0.0390625,0.68359375,0.0078125,0.03125,-0.00390625,0,0
1779556866.711998,0.162109375,-0.0390625,0.68359375,0.0078125,0.029296875,-0.00390625,0,0
1779556866.719959,0.16015625,-0.0390625,0.68359375,0.0078125,0.029296875,-0.00390625,0,0
1779556866.728006,0.16015625,-0.0390625,0.68359375,0.0078125,0.029296875,-0.00390625,0,0
1779556866.736014,0.158203125,-0.0390625,0.68359375,0.0078125,0.029296875,-0.00390625,0,0
1779556866.743999,0.158203125,-0.0390625,0.68359375,0.0078125,0.033203125,-0.00390625,0,0
1779556866.752007,0.15625,-0.041015625,0.68359375,0.0078125,0.033203125,-0.00390625,0,0
1779556866.759104,0.15625,-0.041015625,0.68359375,0.0078125,0.033203125,-0.00390625,0,0
1779556866.767976,0.15625,-0.041015625,0.68359375,0.0078125,0.033203125,-0.00390625,0,0
1779556866.775990,0.15625,-0.041015625,0.68359375,0.0078125,0.033203125,-0.00390625,0,0
1779556866.783981,0.158203125,-0.0390625,0.68359375,0.0078125,0.033203125,-0.00390625,0,0
1779556866.791992,0.158203125,-0.0390625,0.68359375,0.0078125,0.02734375,-0.00390625,0,0
1779556866.800007,0.162109375,-0.03515625,0.68359375,0.0078125,0.02734375,-0.00390625,0,0
1779556866.807985,0.162109375,-0.03515625,0.68359375,0.0078125,0.02734375,-0.00390625,0,0
1779556866.815949,0.1640625,-0.03515625,0.68359375,0.0078125,0.02734375,-0.00390625,0,0
1779556866.822982,0.1640625,-0.03515625,0.68359375,0.0078125,0.02734375,-0.00390625,0,0
1779556866.832080,0.1640625,-0.03515625,0.68359375,0.0078125,0.02734375,-0.00390625,0,0
1779556866.839019,0.1640625,-0.03515625,0.68359375,0.0078125,0.02734375,-0.00390625,0,0
1779556866.848042,0.1640625,-0.03515625,0.68359375,0.0078125,0.02734375,-0.00390625,0,0
1779556866.856023,0.1640625,-0.03515625,0.68359375,0.0078125,0.02734375,-0.00390625,0,0
1779556866.864030,0.166015625,-0.03515625,0.68359375,0.0078125,0.02734375,-0.00390625,0,0
1779556866.872021,0.166015625,-0.03515625,0.68359375,0.0078125,0.02734375,-0.00390625,0,0
1779556866.880025,0.169921875,-0.041015625,0.68359375,0.0078125,0.02734375,-0.00390625,0,0
1779556866.888015,0.169921875,-0.041015625,0.68359375,0.0078125,0.02734375,-0.00390625,0,0
1779556866.896035,0.169921875,-0.04296875,0.68359375,0.0078125,0.02734375,-0.00390625,0,0
1779556866.903992,0.169921875,-0.04296875,0.68359375,0.0078125,0.029296875,-0.00390625,0,0
1779556866.912023,0.1640625,-0.046875,0.68359375,0.0078125,0.029296875,-0.00390625,0,0
1779556866.920042,0.1640625,-0.046875,0.68359375,0.0078125,0.02734375,-0.00390625,0,0
1779556866.928066,0.158203125,-0.046875,0.68359375,0.0078125,0.02734375,-0.00390625,0,0
1779556866.935982,0.158203125,-0.046875,0.68359375,0.0078125,0.02734375,-0.00390625,0,0
1779556866.944017,0.158203125,-0.0390625,0.68359375,0.0078125,0.02734375,-0.00390625,0,0
1779556866.952047,0.158203125,-0.0390625,0.68359375,0.0078125,0.02734375,-0.00390625,0,0
1779556866.960053,0.158203125,-0.037109375,0.68359375,0.0078125,0.02734375,-0.00390625,0,0
1779556866.968028,0.158203125,-0.037109375,0.68359375,0.0078125,0.02734375,-0.00390625,0,0
1779556866.974980,0.158203125,-0.037109375,0.68359375,0.0078125,0.02734375,-0.00390625,0,0
1779556866.983997,0.158203125,-0.037109375,0.68359375,0.0078125,0.02734375,-0.00390625,0,0
1779556866.992022,0.15625,-0.03515625,0.68359375,0.0078125,0.02734375,-0.00390625,0,0
1779556867.000018,0.15625,-0.03515625,0.68359375,0.0078125,0.02734375,-0.00390625,0,0
1779556867.008068,0.15625,-0.03515625,0.68359375,0.0078125,0.02734375,-0.00390625,0,0
1779556867.015026,0.15625,-0.03515625,0.68359375,0.0078125,0.029296875,-0.00390625,0,0
1779556867.023054,0.15625,-0.03515625,0.68359375,0.0078125,0.029296875,-0.00390625,0,0
1779556867.032078,0.15625,-0.03515625,0.68359375,0.0078125,0.029296875,-0.00390625,0,0
1779556867.040082,0.154296875,-0.03515625,0.68359375,0.0078125,0.029296875,-0.00390625,0,0
1779556867.047063,0.154296875,-0.03515625,0.68359375,0.0078125,0.029296875,-0.00390625,0,0
1779556867.056047,0.146484375,-0.037109375,0.68359375,0.0078125,0.029296875,-0.00390625,0,0
1779556867.064065,0.146484375,-0.037109375,0.68359375,0.0078125,0.03125,-0.00390625,0,0
1779556867.072102,0.142578125,-0.037109375,0.68359375,0.0078125,0.03125,-0.00390625,0,0
1779556867.080061,0.142578125,-0.037109375,0.68359375,0.0078125,0.029296875,-0.00390625,0,0
1779556867.088070,0.138671875,-0.037109375,0.68359375,0.0078125,0.029296875,-0.00390625,0,0
1779556867.095992,0.138671875,-0.037109375,0.68359375,0.0078125,0.02734375,-0.00390625,0,0
1779556867.104015,0.138671875,-0.037109375,0.68359375,0.0078125,0.02734375,-0.00390625,0,0
1779556867.112072,0.138671875,-0.037109375,0.68359375,0.0078125,0.02734375,-0.00390625,0,0
1779556867.119088,0.134765625,-0.037109375,0.68359375,0.0078125,0.02734375,-0.00390625,0,0
1779556867.128028,0.134765625,-0.037109375,0.68359375,0.0078125,0.029296875,-0.00390625,0,0
1779556867.136100,0.126953125,-0.033203125,0.68359375,0.0078125,0.029296875,-0.00390625,0,0
1779556867.144063,0.126953125,-0.033203125,0.68359375,0.0078125,0.02734375,-0.00390625,0,0
1779556867.152051,0.123046875,-0.02734375,0.68359375,0.0078125,0.02734375,-0.00390625,0,0
1779556867.160008,0.123046875,-0.02734375,0.68359375,0.0078125,0.029296875,-0.00390625,0,0
1779556867.167968,0.123046875,-0.0234375,0.68359375,0.0078125,0.029296875,-0.00390625,0,0
1779556867.176018,0.123046875,-0.0234375,0.68359375,0.0078125,0.029296875,-0.00390625,0,0
1779556867.184013,0.119140625,-0.0234375,0.68359375,0.0078125,0.029296875,-0.00390625,0,0
1779556867.192024,0.119140625,-0.0234375,0.68359375,0.0078125,0.02734375,-0.00390625,0,0
1779556867.199985,0.1171875,-0.037109375,0.68359375,0.0078125,0.02734375,-0.00390625,0,0
1779556867.207068,0.1171875,-0.037109375,0.68359375,0.0078125,0.02734375,-0.00390625,0,0
1779556867.216012,0.1171875,-0.04296875,0.68359375,0.0078125,0.02734375,-0.00390625,0,0
1779556867.224100,0.1171875,-0.04296875,0.68359375,0.0078125,0.02734375,-0.00390625,0,0
1779556867.232057,0.1171875,-0.048828125,0.68359375,0.0078125,0.02734375,-0.00390625,0,0
1779556867.239997,0.1171875,-0.048828125,0.68359375,0.0078125,0.0234375,-0.00390625,0,0
1779556867.248031,0.11328125,-0.048828125,0.68359375,0.0078125,0.0234375,-0.00390625,0,0
1779556867.256004,0.11328125,-0.048828125,0.68359375,0.0078125,0.0234375,-0.00390625,0,0
1779556867.264045,0.109375,-0.052734375,0.68359375,0.0078125,0.0234375,-0.00390625,0,0
1779556867.272042,0.109375,-0.052734375,0.68359375,0.0078125,0.021484375,-0.00390625,0,0
1779556867.280055,0.107421875,-0.0546875,0.68359375,0.0078125,0.021484375,-0.00390625,0,0
1779556867.287027,0.107421875,-0.0546875,0.68359375,0.0078125,0.021484375,-0.00390625,0,0
1779556867.296055,0.107421875,-0.0625,0.68359375,0.0078125,0.021484375,-0.00390625,0,0
1779556867.304034,0.107421875,-0.0625,0.68359375,0.0078125,0.01953125,-0.00390625,0,0
1779556867.312036,0.109375,-0.064453125,0.68359375,0.0078125,0.01953125,-0.00390625,0,0
1779556867.319046,0.109375,-0.064453125,0.68359375,0.0078125,0.021484375,-0.00390625,0,0
1779556867.328045,0.109375,-0.056640625,0.68359375,0.0078125,0.021484375,-0.00390625,0,0
1779556867.335994,0.109375,-0.056640625,0.68359375,0.0078125,0.0234375,-0.00390625,0,0
1779556867.344084,0.103515625,-0.052734375,0.68359375,0.0078125,0.0234375,-0.00390625,0,0
1779556867.352016,0.103515625,-0.052734375,0.68359375,0.0078125,0.021484375,-0.00390625,0,0
1779556867.359991,0.1015625,-0.05078125,0.68359375,0.0078125,0.021484375,-0.00390625,0,0
1779556867.368043,0.1015625,-0.05078125,0.68359375,0.0078125,0.017578125,-0.00390625,0,0
1779556867.376003,0.1015625,-0.048828125,0.68359375,0.0078125,0.017578125,-0.00390625,0,0
1779556867.383047,0.1015625,-0.048828125,0.68359375,0.0078125,0.015625,-0.00390625,0,0
1779556867.392064,0.1015625,-0.048828125,0.68359375,0.0078125,0.015625,-0.00390625,0,0
1779556867.400063,0.1015625,-0.048828125,0.68359375,0.0078125,0.015625,-0.00390625,0,0
1779556867.408055,0.103515625,-0.048828125,0.68359375,0.0078125,0.015625,-0.00390625,0,0
1779556867.416019,0.103515625,-0.048828125,0.68359375,0.0078125,0.013671875,-0.00390625,0,0
1779556867.424137,0.107421875,-0.0546875,0.68359375,0.0078125,0.013671875,-0.00390625,0,0
1779556867.432060,0.107421875,-0.0546875,0.68359375,0.0078125,0.013671875,-0.00390625,0,0
1779556867.440034,0.109375,-0.064453125,0.68359375,0.0078125,0.013671875,-0.00390625,0,0
1779556867.448058,0.109375,-0.064453125,0.68359375,0.0078125,0.013671875,-0.00390625,0,0
1779556867.456071,0.115234375,-0.068359375,0.68359375,0.0078125,0.013671875,-0.00390625,0,0
1779556867.464078,0.115234375,-0.068359375,0.68359375,0.0078125,0.013671875,-0.00390625,0,0
1779556867.472060,0.115234375,-0.072265625,0.68359375,0.0078125,0.013671875,-0.00390625,0,0
1779556867.480002,0.115234375,-0.072265625,0.68359375,0.0078125,0.013671875,-0.00390625,0,0
1779556867.487988,0.11328125,-0.0703125,0.68359375,0.0078125,0.013671875,-0.00390625,0,0
1779556867.496005,0.11328125,-0.0703125,0.68359375,0.0078125,0.015625,-0.00390625,0,0
1779556867.504022,0.109375,-0.0703125,0.6796875,0.0078125,0.015625,-0.00390625,0,0
1779556867.512018,0.109375,-0.0703125,0.6796875,0.0078125,0.015625,-0.00390625,0,0
1779556867.519008,0.109375,-0.0703125,0.67578125,0.0078125,0.015625,-0.00390625,0,0
1779556867.528058,0.109375,-0.0703125,0.67578125,0.0078125,0.015625,-0.00390625,0,0
1779556867.536000,0.111328125,-0.07421875,0.658203125,0.0078125,0.015625,-0.00390625,0,0
1779556867.544005,0.111328125,-0.07421875,0.658203125,0.0078125,0.013671875,-0.00390625,0,0
1779556867.552062,0.111328125,-0.078125,0.638671875,0.0078125,0.013671875,-0.00390625,0,0
1779556867.560063,0.111328125,-0.078125,0.638671875,0.0078125,0.0078125,-0.00390625,0,0
1779556867.568079,0.115234375,-0.08203125,0.623046875,0.0078125,0.0078125,-0.00390625,0,0
1779556867.576003,0.115234375,-0.08203125,0.623046875,0.0078125,0.0078125,-0.00390625,0,0
1779556867.584065,0.11328125,-0.0859375,0.599609375,0.0078125,0.0078125,-0.00390625,0,0
1779556867.591181,0.11328125,-0.0859375,0.599609375,0.0078125,0.005859375,-0.00390625,0,0
1779556867.600053,0.103515625,-0.09375,0.564453125,0.0078125,0.005859375,-0.00390625,0,0
1779556867.608054,0.103515625,-0.09375,0.564453125,0.0078125,0.00390625,-0.00390625,0,0
1779556867.616021,0.09765625,-0.103515625,0.51953125,0.0078125,0.00390625,-0.00390625,0,0
1779556867.623065,0.09765625,-0.103515625,0.51953125,0.0078125,0.0,-0.00390625,0,0
1779556867.632027,0.09375,-0.107421875,0.458984375,0.0078125,0.0,-0.00390625,0,0
1779556867.640033,0.09375,-0.107421875,0.458984375,0.0078125,0.0,-0.00390625,0,0
1779556867.647993,0.0859375,-0.125,0.3984375,0.0078125,0.0,-0.00390625,0,0
1779556867.656033,0.0859375,-0.125,0.3984375,0.0078125,0.00390625,-0.009765625,0,0
1779556867.663980,0.083984375,-0.146484375,0.34375,0.0078125,0.00390625,-0.009765625,0,0
1779556867.672018,0.083984375,-0.146484375,0.34375,0.029296875,0.013671875,-0.03515625,0,0
1779556867.680044,0.083984375,-0.15234375,0.30078125,0.029296875,0.013671875,-0.03515625,0,0
1779556867.688046,0.083984375,-0.15234375,0.30078125,0.064453125,0.0234375,-0.052734375,0,0
1779556867.696002,0.083984375,-0.140625,0.24609375,0.064453125,0.0234375,-0.052734375,0,0
1779556867.704025,0.083984375,-0.140625,0.24609375,0.083984375,0.033203125,-0.064453125,0,0
1779556867.712035,0.078125,-0.111328125,0.189453125,0.083984375,0.033203125,-0.064453125,0,0
1779556867.720034,0.078125,-0.111328125,0.189453125,0.080078125,0.037109375,-0.068359375,0,0
1779556867.728035,0.064453125,-0.078125,0.1328125,0.080078125,0.037109375,-0.068359375,0,0
1779556867.735976,0.064453125,-0.078125,0.1328125,0.0546875,0.0390625,-0.05859375,0,0
1779556867.744001,0.052734375,-0.05078125,0.10546875,0.0546875,0.0390625,-0.05859375,0,0
1779556867.751987,0.052734375,-0.05078125,0.10546875,0.060546875,0.04296875,-0.046875,0,0
1779556867.760046,0.052734375,-0.037109375,0.11328125,0.060546875,0.04296875,-0.046875,0,0
1779556867.767958,0.052734375,-0.037109375,0.11328125,0.0859375,0.046875,-0.04296875,0,0
1779556867.776055,0.044921875,-0.01953125,0.10546875,0.0859375,0.046875,-0.04296875,0,0
1779556867.783977,0.044921875,-0.01953125,0.10546875,0.107421875,0.044921875,-0.041015625,0,0
1779556867.792016,0.0234375,-0.01953125,0.08984375,0.107421875,0.044921875,-0.041015625,0,0
1779556867.799978,0.0234375,-0.01953125,0.08984375,0.1171875,0.017578125,-0.029296875,0,0
1779556867.808002,0.0234375,-0.01953125,0.01953125,0.1171875,0.017578125,-0.029296875,0,0
1779556867.816007,0.0234375,-0.01953125,0.01953125,0.029296875,0.017578125,-0.029296875,0,0
1779556867.824027,0.0234375,-0.01953125,0.00390625,0.029296875,0.017578125,-0.029296875,0,0
1779556867.853979,0.0,0.0,0.0,0.0,0.0,0.0,0,0
1779556867.885055,0.0,0.0,0.0,0.0,0.0,0.0,0,0
1779556867.916057,0.0,0.0,0.0,0.0,0.0,0.0,0,0
1779556867.947052,0.0,0.0,0.0,0.0,0.0,0.0,0,0
1779556867.978023,0.0,0.0,0.0,0.0,0.0,0.0,0,0
1779556868.009064,0.0,0.0,0.0,0.0,0.0,0.0,0,0
1779556868.040051,0.0,0.0,0.0,0.0,0.0,0.0,0,0
1779556868.071033,0.0,0.0,0.0,0.0,0.0,0.0,0,0
1779556868.101997,0.0,0.0,0.0,0.0,0.0,0.0,0,0
1779556868.132983,0.0,0.0,0.0,0.0,0.0,0.0,0,0
1779556868.164039,0.0,0.0,0.0,0.0,0.0,0.0,0,0
1779556868.195040,0.0,0.0,0.0,0.0,0.0,0.0,0,0
1779556868.226054,0.0,0.0,0.0,0.0,0.0,0.0,0,0
1779556868.257006,0.0,0.0,0.0,0.0,0.0,0.0,0,0
1779556868.288047,0.0,0.0,0.0,0.0,0.0,0.0,0,0
1779556868.319045,0.0,0.0,0.0,0.0,0.0,0.0,0,0
1779556868.350082,0.0,0.0,0.0,0.0,0.0,0.0,0,0
1779556868.381032,0.0,0.0,0.0,0.0,0.0,0.0,0,0
1779556868.412021,0.0,0.0,0.0,0.0,0.0,0.0,0,0
1779556868.443021,0.0,0.0,0.0,0.0,0.0,0.0,0,0
1779556868.474049,0.0,0.0,0.0,0.0,0.0,0.0,0,0
1779556868.505030,0.0,0.0,0.0,0.0,0.0,0.0,0,0
1779556868.535993,0.0,0.0,0.0,0.0,0.0,0.0,0,0
1779556868.566995,0.0,0.0,0.0,0.0,0.0,0.0,0,0
1779556868.598031,0.0,0.0,0.0,0.0,0.0,0.0,0,0
1779556868.629039,0.0,0.0,0.0,0.0,0.0,0.0,0,0
1779556868.660046,0.0,0.0,0.0,0.0,0.0,0.0,0,0
1779556868.691068,0.0,0.0,0.0,0.0,0.0,0.0,0,0
1779556868.704087,0.0234375,-0.00390625,0.00390625,0.029296875,0.017578125,-0.029296875,0,0
1779556868.734052,0.0,0.0,0.0,0.0,0.0,0.0,0,0
1779556868.736005,0.033203125,-0.00390625,0.00390625,0.029296875,0.017578125,-0.029296875,0,0
1779556868.752006,0.060546875,-0.00390625,0.00390625,0.029296875,0.017578125,-0.029296875,0,0
1779556868.768043,0.091796875,0.017578125,0.00390625,0.029296875,0.017578125,-0.029296875,0,0
1779556868.784054,0.134765625,0.0625,0.00390625,0.029296875,0.017578125,-0.029296875,0,0
1779556868.800064,0.18359375,0.091796875,0.00390625,0.029296875,0.017578125,-0.029296875,0,0
1779556868.816049,0.216796875,0.107421875,0.00390625,0.029296875,0.017578125,-0.029296875,0,0
1779556868.824047,0.216796875,0.107421875,0.00390625,0.029296875,0.00390625,-0.029296875,0,0
1779556868.832044,0.244140625,0.12109375,0.00390625,0.029296875,0.00390625,-0.029296875,0,0
1779556868.839996,0.244140625,0.12109375,0.00390625,0.029296875,0.013671875,-0.029296875,0,0
1779556868.847965,0.27734375,0.134765625,0.00390625,0.029296875,0.013671875,-0.029296875,0,0
1779556868.855961,0.27734375,0.134765625,0.00390625,0.029296875,0.025390625,-0.029296875,0,0
1779556868.864008,0.30859375,0.150390625,0.00390625,0.029296875,0.025390625,-0.029296875,0,0
1779556868.872027,0.30859375,0.150390625,0.00390625,0.029296875,0.03515625,-0.029296875,0,0
1779556868.880003,0.330078125,0.154296875,0.005859375,0.029296875,0.03515625,-0.029296875,0,0
1779556868.887979,0.330078125,0.154296875,0.005859375,0.0,0.041015625,-0.029296875,0,0
1779556868.895975,0.357421875,0.169921875,0.01953125,0.0,0.041015625,-0.029296875,0,0
1779556868.904010,0.357421875,0.169921875,0.01953125,0.0,0.05078125,-0.029296875,0,0
1779556868.912050,0.37109375,0.181640625,0.025390625,0.0,0.05078125,-0.029296875,0,0
1779556868.919033,0.37109375,0.181640625,0.025390625,0.0,0.056640625,-0.029296875,0,0
1779556868.927068,0.37890625,0.197265625,0.033203125,0.0,0.056640625,-0.029296875,0,0
1779556868.936024,0.37890625,0.197265625,0.033203125,0.0,0.056640625,-0.029296875,0,0
1779556868.944006,0.380859375,0.20703125,0.033203125,0.0,0.056640625,-0.029296875,0,0
1779556868.952028,0.380859375,0.20703125,0.033203125,0.0,0.056640625,-0.029296875,0,0
1779556868.959999,0.38671875,0.212890625,0.03515625,0.0,0.056640625,-0.029296875,0,0
1779556868.968061,0.38671875,0.212890625,0.03515625,0.0,0.056640625,-0.029296875,0,0
1779556868.976032,0.3984375,0.2265625,0.0390625,0.0,0.056640625,-0.029296875,0,0
1779556868.984048,0.3984375,0.2265625,0.0390625,0.0,0.060546875,-0.029296875,0,0
1779556868.991991,0.41015625,0.23046875,0.04296875,0.0,0.060546875,-0.029296875,0,0
1779556869.000026,0.41015625,0.23046875,0.04296875,0.0,0.068359375,-0.029296875,0,0
1779556869.008027,0.412109375,0.232421875,0.044921875,0.0,0.068359375,-0.029296875,0,0
1779556869.016050,0.412109375,0.232421875,0.044921875,0.0,0.068359375,-0.029296875,0,0
1779556869.024035,0.4140625,0.236328125,0.05078125,0.0,0.068359375,-0.029296875,0,0
1779556869.032038,0.4140625,0.236328125,0.05078125,0.0,0.068359375,-0.029296875,0,0
1779556869.040025,0.41796875,0.23828125,0.05078125,0.0,0.068359375,-0.029296875,0,0
1779556869.048004,0.41796875,0.23828125,0.05078125,0.0,0.068359375,-0.029296875,0,0
1779556869.056057,0.41796875,0.23828125,0.0546875,0.0,0.068359375,-0.029296875,0,0
1779556869.064015,0.41796875,0.23828125,0.0546875,0.0,0.068359375,-0.029296875,0,0
1779556869.072002,0.41796875,0.236328125,0.0546875,0.0,0.068359375,-0.029296875,0,0
1779556869.080026,0.41796875,0.236328125,0.0546875,0.0,0.068359375,-0.029296875,0,0
1779556869.088000,0.41796875,0.232421875,0.0546875,0.0,0.068359375,-0.029296875,0,0
1779556869.096076,0.41796875,0.232421875,0.0546875,0.0,0.068359375,-0.029296875,0,0
1779556869.104049,0.421875,0.23046875,0.056640625,0.0,0.068359375,-0.029296875,0,0
1779556869.112088,0.421875,0.23046875,0.056640625,0.0,0.072265625,-0.029296875,0,0
1779556869.120049,0.427734375,0.232421875,0.060546875,0.0,0.072265625,-0.029296875,0,0
1779556869.127026,0.427734375,0.232421875,0.060546875,0.0,0.072265625,-0.029296875,0,0
1779556869.136033,0.43359375,0.228515625,0.05859375,0.0,0.072265625,-0.029296875,0,0
1779556869.143002,0.43359375,0.228515625,0.05859375,0.0,0.072265625,-0.029296875,0,0
1779556869.151078,0.44140625,0.22265625,0.056640625,0.0,0.072265625,-0.029296875,0,0
1779556869.159039,0.44140625,0.22265625,0.056640625,0.0,0.072265625,-0.029296875,0,0
1779556869.168035,0.44921875,0.220703125,0.060546875,0.0,0.072265625,-0.029296875,0,0
1779556869.175972,0.44921875,0.220703125,0.060546875,0.0,0.072265625,-0.029296875,0,0
1779556869.184000,0.451171875,0.216796875,0.0625,0.0,0.072265625,-0.029296875,0,0
1779556869.192029,0.451171875,0.216796875,0.0625,0.0,0.072265625,-0.029296875,0,0
1779556869.200059,0.44921875,0.216796875,0.0625,0.0,0.072265625,-0.029296875,0,0
1779556869.208040,0.44921875,0.216796875,0.0625,0.0,0.072265625,-0.029296875,0,0
1779556869.216072,0.447265625,0.21484375,0.0625,0.0,0.072265625,-0.029296875,0,0
1779556869.224049,0.447265625,0.21484375,0.0625,0.0,0.0703125,-0.029296875,0,0
1779556869.232078,0.443359375,0.212890625,0.0625,0.0,0.0703125,-0.029296875,0,0
1779556869.239071,0.443359375,0.212890625,0.0625,0.0,0.0703125,-0.029296875,0,0
1779556869.248041,0.443359375,0.212890625,0.0625,0.0,0.0703125,-0.029296875,0,0
1779556869.255020,0.443359375,0.212890625,0.0625,0.0,0.0703125,-0.029296875,0,0
1779556869.263022,0.451171875,0.212890625,0.060546875,0.0,0.0703125,-0.029296875,0,0
1779556869.272037,0.451171875,0.212890625,0.060546875,0.0,0.072265625,-0.029296875,0,0
1779556869.280044,0.46875,0.212890625,0.064453125,0.0,0.072265625,-0.029296875,0,0
1779556869.288016,0.46875,0.212890625,0.064453125,0.0,0.080078125,-0.029296875,0,0
1779556869.296001,0.4765625,0.208984375,0.068359375,0.0,0.080078125,-0.029296875,0,0
1779556869.304070,0.4765625,0.208984375,0.068359375,0.0,0.08203125,-0.029296875,0,0
1779556869.312055,0.48046875,0.20703125,0.0703125,0.0,0.08203125,-0.029296875,0,0
1779556869.320000,0.48046875,0.20703125,0.0703125,0.0,0.08203125,-0.029296875,0,0
1779556869.328022,0.48046875,0.208984375,0.0703125,0.0,0.08203125,-0.029296875,0,0
1779556869.336119,0.48046875,0.208984375,0.0703125,0.0,0.083984375,-0.029296875,0,0
1779556869.344036,0.48046875,0.212890625,0.072265625,0.0,0.083984375,-0.029296875,0,0
1779556869.352045,0.48046875,0.212890625,0.072265625,0.0,0.083984375,-0.029296875,0,0
1779556869.360040,0.486328125,0.21484375,0.07421875,0.0,0.083984375,-0.029296875,0,0
1779556869.368007,0.486328125,0.21484375,0.07421875,0.0,0.08984375,-0.029296875,0,0
1779556869.376067,0.490234375,0.21484375,0.078125,0.0,0.08984375,-0.029296875,0,0
1779556869.384007,0.490234375,0.21484375,0.078125,0.0,0.08984375,-0.029296875,0,0
1779556869.392011,0.48828125,0.21484375,0.080078125,0.0,0.08984375,-0.029296875,0,0
1779556869.400043,0.48828125,0.21484375,0.080078125,0.0,0.091796875,-0.029296875,0,0
1779556869.407983,0.48828125,0.21484375,0.080078125,0.0,0.091796875,-0.029296875,0,0
1779556869.416049,0.48828125,0.21484375,0.080078125,0.0,0.091796875,-0.029296875,0,0
1779556869.423957,0.49609375,0.212890625,0.083984375,0.0,0.091796875,-0.029296875,0,0
1779556869.432027,0.49609375,0.212890625,0.083984375,0.0,0.09765625,-0.029296875,0,0
1779556869.439986,0.501953125,0.212890625,0.087890625,0.0,0.09765625,-0.029296875,0,0
1779556869.448012,0.501953125,0.212890625,0.087890625,0.0,0.1015625,-0.029296875,0,0
1779556869.455997,0.501953125,0.216796875,0.08984375,0.0,0.1015625,-0.029296875,0,0
1779556869.464029,0.501953125,0.216796875,0.08984375,0.0,0.1015625,-0.029296875,0,0
1779556869.472008,0.501953125,0.21875,0.09375,0.0,0.1015625,-0.029296875,0,0
1779556869.480050,0.501953125,0.21875,0.09375,0.0,0.10546875,-0.029296875,0,0
1779556869.488046,0.501953125,0.21875,0.09375,0.0,0.10546875,-0.029296875,0,0
1779556869.496025,0.501953125,0.21875,0.09375,0.0,0.10546875,-0.029296875,0,0
1779556869.503989,0.501953125,0.220703125,0.095703125,0.0,0.10546875,-0.029296875,0,0
1779556869.512002,0.501953125,0.220703125,0.095703125,0.0,0.109375,-0.029296875,0,0
1779556869.520010,0.501953125,0.220703125,0.095703125,0.0,0.109375,-0.029296875,0,0
1779556869.528082,0.501953125,0.220703125,0.095703125,0.0,0.109375,-0.029296875,0,0
1779556869.535979,0.50390625,0.22265625,0.095703125,0.0,0.109375,-0.029296875,0,0
1779556869.543983,0.50390625,0.22265625,0.095703125,0.0,0.111328125,-0.029296875,0,0
1779556869.552017,0.50390625,0.22265625,0.095703125,0.0,0.111328125,-0.029296875,0,0
1779556869.560048,0.50390625,0.22265625,0.095703125,0.0,0.111328125,-0.029296875,0,0
1779556869.568005,0.50390625,0.22265625,0.095703125,0.0,0.111328125,-0.029296875,0,0
1779556869.576017,0.50390625,0.22265625,0.095703125,0.0,0.11328125,-0.029296875,0,0
1779556869.584012,0.50390625,0.224609375,0.099609375,0.0,0.11328125,-0.029296875,0,0
1779556869.592048,0.50390625,0.224609375,0.099609375,0.0,0.11328125,-0.029296875,0,0
1779556869.600020,0.50390625,0.22265625,0.099609375,0.0,0.11328125,-0.029296875,0,0
1779556869.607971,0.50390625,0.22265625,0.099609375,0.0,0.115234375,-0.029296875,0,0
1779556869.616026,0.50390625,0.22265625,0.103515625,0.0,0.115234375,-0.029296875,0,0
1779556869.624054,0.50390625,0.22265625,0.103515625,0.0,0.1171875,-0.029296875,0,0
1779556869.632092,0.50390625,0.224609375,0.107421875,0.0,0.1171875,-0.029296875,0,0
1779556869.640018,0.50390625,0.224609375,0.107421875,0.0,0.1171875,-0.029296875,0,0
1779556869.648048,0.50390625,0.23046875,0.111328125,0.0,0.1171875,-0.029296875,0,0
1779556869.656020,0.50390625,0.23046875,0.111328125,0.0,0.12109375,-0.029296875,0,0
1779556869.664028,0.501953125,0.23046875,0.111328125,0.0,0.12109375,-0.029296875,0,0
1779556869.672013,0.501953125,0.23046875,0.111328125,0.0,0.12109375,-0.029296875,0,0
1779556869.680020,0.498046875,0.232421875,0.111328125,0.0,0.12109375,-0.029296875,0,0
1779556869.687967,0.498046875,0.232421875,0.111328125,0.0,0.123046875,-0.029296875,0,0
1779556869.695982,0.494140625,0.232421875,0.11328125,0.0,0.123046875,-0.029296875,0,0
1779556869.704021,0.494140625,0.232421875,0.11328125,0.0,0.123046875,-0.029296875,0,0
1779556869.712021,0.494140625,0.234375,0.11328125,0.0,0.123046875,-0.029296875,0,0
1779556869.720024,0.494140625,0.234375,0.11328125,0.0,0.123046875,-0.029296875,0,0
1779556869.728035,0.498046875,0.234375,0.11328125,0.0,0.123046875,-0.029296875,0,0
1779556869.736023,0.498046875,0.234375,0.11328125,0.0,0.123046875,-0.029296875,0,0
1779556869.744002,0.498046875,0.232421875,0.11328125,0.0,0.123046875,-0.029296875,0,0
1779556869.752027,0.498046875,0.232421875,0.11328125,0.0,0.125,-0.029296875,0,0
1779556869.760028,0.498046875,0.23046875,0.109375,0.0,0.125,-0.029296875,0,0
1779556869.768011,0.498046875,0.23046875,0.109375,0.0,0.126953125,-0.029296875,0,0
1779556869.776054,0.49609375,0.23046875,0.109375,0.0,0.126953125,-0.029296875,0,0
1779556869.784134,0.49609375,0.23046875,0.109375,0.0,0.126953125,-0.029296875,0,0
1779556869.792040,0.498046875,0.232421875,0.11328125,0.0,0.126953125,-0.029296875,0,0
1779556869.800034,0.498046875,0.232421875,0.11328125,0.0,0.130859375,-0.029296875,0,0
1779556869.808031,0.5,0.232421875,0.11328125,0.0,0.130859375,-0.029296875,0,0
1779556869.815035,0.5,0.232421875,0.11328125,0.0,0.130859375,-0.029296875,0,0
1779556869.824000,0.5,0.232421875,0.11328125,0.0,0.130859375,-0.029296875,0,0
1779556869.831019,0.5,0.232421875,0.11328125,0.0,0.130859375,-0.029296875,0,0
1779556869.839063,0.49609375,0.232421875,0.11328125,0.0,0.130859375,-0.029296875,0,0
1779556869.847101,0.49609375,0.232421875,0.11328125,0.0,0.1328125,-0.029296875,0,0
1779556869.856063,0.490234375,0.232421875,0.1171875,0.0,0.1328125,-0.029296875,0,0
1779556869.863020,0.490234375,0.232421875,0.1171875,0.0,0.1328125,-0.029296875,0,0
1779556869.872051,0.486328125,0.236328125,0.12109375,0.0,0.1328125,-0.029296875,0,0
1779556869.880027,0.486328125,0.236328125,0.12109375,0.0,0.1328125,-0.029296875,0,0
1779556869.887031,0.490234375,0.240234375,0.125,0.0,0.1328125,-0.029296875,0,0
1779556869.896092,0.490234375,0.240234375,0.125,0.0,0.13671875,-0.029296875,0,0
1779556869.904072,0.494140625,0.2421875,0.12890625,0.0,0.13671875,-0.029296875,0,0
1779556869.911058,0.494140625,0.2421875,0.12890625,0.0,0.140625,-0.029296875,0,0
1779556869.919082,0.498046875,0.2421875,0.12890625,0.0,0.140625,-0.029296875,0,0
1779556869.928074,0.498046875,0.2421875,0.12890625,0.0,0.142578125,-0.029296875,0,0
1779556869.935067,0.501953125,0.2421875,0.12890625,0.0,0.142578125,-0.029296875,0,0
1779556869.943059,0.501953125,0.2421875,0.12890625,0.0,0.14453125,-0.029296875,0,0
1779556869.952055,0.5078125,0.2421875,0.12890625,0.0,0.14453125,-0.029296875,0,0
1779556869.960046,0.5078125,0.2421875,0.12890625,0.0,0.146484375,-0.029296875,0,0
1779556869.968071,0.51171875,0.2421875,0.12890625,0.0,0.146484375,-0.029296875,0,0
1779556869.975067,0.51171875,0.2421875,0.12890625,0.0,0.146484375,-0.029296875,0,0
1779556869.984055,0.517578125,0.2421875,0.12890625,0.0,0.146484375,-0.029296875,0,0
1779556869.992037,0.517578125,0.2421875,0.12890625,0.0,0.150390625,-0.029296875,0,0
1779556870.000056,0.517578125,0.244140625,0.12890625,0.0,0.150390625,-0.029296875,0,0
1779556870.007968,0.517578125,0.244140625,0.12890625,0.0,0.150390625,-0.029296875,0,0
1779556870.016009,0.515625,0.24609375,0.12890625,0.0,0.150390625,-0.029296875,0,0
1779556870.022983,0.515625,0.24609375,0.12890625,0.0,0.1484375,-0.029296875,0,0
1779556870.032033,0.513671875,0.24609375,0.126953125,0.0,0.1484375,-0.029296875,0,0
1779556870.040050,0.513671875,0.24609375,0.126953125,0.0,0.146484375,-0.029296875,0,0
1779556870.048028,0.513671875,0.244140625,0.125,0.0,0.146484375,-0.029296875,0,0
1779556870.056006,0.513671875,0.244140625,0.125,0.0,0.146484375,-0.029296875,0,0
1779556870.064059,0.517578125,0.244140625,0.12109375,0.0,0.146484375,-0.029296875,0,0
1779556870.072055,0.517578125,0.244140625,0.12109375,0.0,0.1484375,-0.029296875,0,0
1779556870.080029,0.521484375,0.24609375,0.12109375,0.0,0.1484375,-0.029296875,0,0
1779556870.087994,0.521484375,0.24609375,0.12109375,0.0,0.1484375,-0.029296875,0,0
1779556870.096011,0.521484375,0.24609375,0.1171875,0.0,0.1484375,-0.029296875,0,0
1779556870.104011,0.521484375,0.24609375,0.1171875,0.0,0.146484375,-0.029296875,0,0
1779556870.112008,0.51953125,0.24609375,0.111328125,0.0,0.146484375,-0.029296875,0,0
1779556870.120041,0.51953125,0.24609375,0.111328125,0.0,0.14453125,-0.029296875,0,0
1779556870.128041,0.51953125,0.24609375,0.109375,0.0,0.14453125,-0.029296875,0,0
1779556870.136072,0.51953125,0.24609375,0.109375,0.0,0.142578125,-0.029296875,0,0
1779556870.144044,0.521484375,0.244140625,0.107421875,0.0,0.142578125,-0.029296875,0,0
1779556870.151997,0.521484375,0.244140625,0.107421875,0.0,0.142578125,-0.029296875,0,0
1779556870.160007,0.5234375,0.2421875,0.099609375,0.0,0.142578125,-0.029296875,0,0
1779556870.168023,0.5234375,0.2421875,0.099609375,0.0,0.138671875,-0.029296875,0,0
1779556870.176013,0.52734375,0.240234375,0.095703125,0.0,0.138671875,-0.029296875,0,0
1779556870.184028,0.52734375,0.240234375,0.095703125,0.0,0.13671875,-0.029296875,0,0
1779556870.192020,0.529296875,0.236328125,0.08203125,0.0,0.13671875,-0.029296875,0,0
1779556870.200044,0.529296875,0.236328125,0.08203125,0.0,0.13671875,-0.029296875,0,0
1779556870.208059,0.533203125,0.232421875,0.06640625,0.0,0.13671875,-0.029296875,0,0
1779556870.215978,0.533203125,0.232421875,0.06640625,0.0,0.1328125,-0.029296875,0,0
1779556870.224038,0.533203125,0.234375,0.0546875,0.0,0.1328125,-0.029296875,0,0
1779556870.231998,0.533203125,0.234375,0.0546875,0.0,0.126953125,-0.029296875,0,0
1779556870.240041,0.533203125,0.234375,0.04296875,0.0,0.126953125,-0.029296875,0,0
1779556870.247988,0.533203125,0.234375,0.04296875,0.0,0.125,-0.029296875,0,0
1779556870.256022,0.52734375,0.234375,0.025390625,0.0,0.125,-0.029296875,0,0
1779556870.264058,0.52734375,0.234375,0.025390625,0.0,0.1171875,-0.029296875,0,0
1779556870.272032,0.5234375,0.234375,0.0078125,0.0,0.1171875,-0.029296875,0,0
1779556870.280034,0.5234375,0.234375,0.0078125,0.0,0.109375,-0.029296875,0,0
1779556870.287994,0.51953125,0.228515625,0.0078125,0.0,0.109375,-0.029296875,0,0
1779556870.296040,0.51953125,0.228515625,0.0078125,0.0,0.1015625,-0.029296875,0,0
1779556870.304018,0.51953125,0.2265625,0.0078125,0.0,0.1015625,-0.029296875,0,0
1779556870.312053,0.51953125,0.2265625,0.0078125,0.0,0.09765625,-0.029296875,0,0
1779556870.320010,0.51953125,0.220703125,0.0078125,0.0,0.09765625,-0.029296875,0,0
1779556870.328042,0.51953125,0.220703125,0.0078125,0.0,0.091796875,-0.029296875,0,0
1779556870.336015,0.51953125,0.21484375,0.0078125,0.0,0.091796875,-0.029296875,0,0
1779556870.344022,0.51953125,0.21484375,0.0078125,0.0,0.087890625,-0.029296875,0,0
1779556870.351079,0.51953125,0.20703125,0.0078125,0.0,0.087890625,-0.029296875,0,0
1779556870.360066,0.51953125,0.20703125,0.0078125,0.0,0.0859375,-0.029296875,0,0
1779556870.368022,0.521484375,0.205078125,0.0078125,0.0,0.0859375,-0.029296875,0,0
1779556870.375072,0.521484375,0.205078125,0.0078125,-0.00390625,0.083984375,-0.029296875,0,0
1779556870.383069,0.51953125,0.203125,0.0078125,-0.00390625,0.083984375,-0.029296875,0,0
1779556870.392065,0.51953125,0.203125,0.0078125,-0.005859375,0.08203125,-0.029296875,0,0
1779556870.399088,0.515625,0.201171875,0.0078125,-0.005859375,0.08203125,-0.029296875,0,0
1779556870.408079,0.515625,0.201171875,0.0078125,-0.009765625,0.080078125,-0.029296875,0,0
1779556870.415044,0.513671875,0.197265625,0.0078125,-0.009765625,0.080078125,-0.029296875,0,0
1779556870.424067,0.513671875,0.197265625,0.0078125,-0.009765625,0.076171875,-0.029296875,0,0
1779556870.431074,0.513671875,0.197265625,0.0078125,-0.009765625,0.076171875,-0.029296875,0,0
1779556870.439078,0.513671875,0.197265625,0.0078125,-0.015625,0.07421875,-0.029296875,0,0
1779556870.448010,0.51953125,0.1953125,0.0078125,-0.015625,0.07421875,-0.029296875,0,0
1779556870.456040,0.51953125,0.1953125,0.0078125,-0.015625,0.072265625,-0.029296875,0,0
1779556870.464044,0.521484375,0.19140625,0.0078125,-0.015625,0.072265625,-0.029296875,0,0
1779556870.472009,0.521484375,0.19140625,0.0078125,-0.017578125,0.072265625,-0.029296875,0,0
1779556870.479039,0.521484375,0.1875,-0.013671875,-0.017578125,0.072265625,-0.029296875,0,0
1779556870.487058,0.521484375,0.1875,-0.013671875,-0.01953125,0.0703125,-0.029296875,0,0
1779556870.496096,0.51953125,0.18359375,-0.0234375,-0.01953125,0.0703125,-0.029296875,0,0
1779556870.503055,0.51953125,0.18359375,-0.0234375,-0.021484375,0.068359375,-0.029296875,0,0
1779556870.511000,0.51953125,0.18359375,-0.03125,-0.021484375,0.068359375,-0.029296875,0,0
1779556870.519051,0.51953125,0.18359375,-0.03125,-0.025390625,0.064453125,-0.029296875,0,0
1779556870.528082,0.521484375,0.185546875,-0.03515625,-0.025390625,0.064453125,-0.029296875,0,0
1779556870.536052,0.521484375,0.185546875,-0.03515625,-0.03125,0.06640625,-0.029296875,0,0
1779556870.543075,0.517578125,0.19140625,-0.044921875,-0.03125,0.06640625,-0.029296875,0,0
1779556870.552025,0.517578125,0.19140625,-0.044921875,-0.03515625,0.0625,-0.029296875,0,0
1779556870.560040,0.509765625,0.193359375,-0.060546875,-0.03515625,0.0625,-0.029296875,0,0
1779556870.568063,0.509765625,0.193359375,-0.060546875,-0.03515625,0.056640625,-0.029296875,0,0
1779556870.576010,0.509765625,0.19140625,-0.0703125,-0.03515625,0.056640625,-0.029296875,0,0
1779556870.584078,0.509765625,0.19140625,-0.0703125,-0.03515625,0.052734375,-0.029296875,0,0
1779556870.592039,0.513671875,0.1875,-0.076171875,-0.03515625,0.052734375,-0.029296875,0,0
1779556870.599042,0.513671875,0.1875,-0.076171875,-0.03515625,0.052734375,-0.029296875,0,0
1779556870.608001,0.51953125,0.18359375,-0.0859375,-0.03515625,0.052734375,-0.029296875,0,0
1779556870.615990,0.51953125,0.18359375,-0.0859375,-0.0390625,0.052734375,-0.029296875,0,0
1779556870.624019,0.51953125,0.181640625,-0.09375,-0.0390625,0.052734375,-0.029296875,0,0
1779556870.632068,0.51953125,0.181640625,-0.09375,-0.041015625,0.05078125,-0.029296875,0,0
1779556870.640029,0.51171875,0.181640625,-0.111328125,-0.041015625,0.05078125,-0.029296875,0,0
1779556870.648016,0.51171875,0.181640625,-0.111328125,-0.044921875,0.044921875,-0.029296875,0,0
1779556870.656026,0.498046875,0.181640625,-0.12890625,-0.044921875,0.044921875,-0.029296875,0,0
1779556870.664034,0.498046875,0.181640625,-0.12890625,-0.046875,0.029296875,-0.029296875,0,0
1779556870.672020,0.4921875,0.181640625,-0.138671875,-0.046875,0.029296875,-0.029296875,0,0
1779556870.680014,0.4921875,0.181640625,-0.138671875,-0.048828125,0.0234375,-0.029296875,0,0
1779556870.688034,0.48828125,0.177734375,-0.1484375,-0.048828125,0.0234375,-0.029296875,0,0
1779556870.696001,0.48828125,0.177734375,-0.1484375,-0.048828125,0.017578125,-0.029296875,0,0
1779556870.704043,0.48828125,0.17578125,-0.154296875,-0.048828125,0.017578125,-0.029296875,0,0
1779556870.711020,0.48828125,0.17578125,-0.154296875,-0.05078125,0.015625,-0.029296875,0,0
1779556870.719068,0.484375,0.173828125,-0.158203125,-0.05078125,0.015625,-0.029296875,0,0
1779556870.728039,0.484375,0.173828125,-0.158203125,-0.052734375,0.009765625,-0.029296875,0,0
1779556870.736143,0.48046875,0.171875,-0.1640625,-0.052734375,0.009765625,-0.029296875,0,0
1779556870.744049,0.48046875,0.171875,-0.1640625,-0.052734375,0.005859375,-0.029296875,0,0
1779556870.751966,0.478515625,0.16796875,-0.171875,-0.052734375,0.005859375,-0.029296875,0,0
1779556870.760015,0.478515625,0.16796875,-0.171875,-0.052734375,0.00390625,-0.029296875,0,0
1779556870.768018,0.470703125,0.158203125,-0.18359375,-0.052734375,0.00390625,-0.029296875,0,0
1779556870.775010,0.470703125,0.158203125,-0.18359375,-0.048828125,0.00390625,-0.029296875,0,0
1779556870.784065,0.46875,0.150390625,-0.1875,-0.048828125,0.00390625,-0.029296875,0,0
1779556870.792064,0.46875,0.150390625,-0.1875,-0.046875,0.00390625,-0.029296875,0,0
1779556870.800058,0.462890625,0.1484375,-0.193359375,-0.046875,0.00390625,-0.029296875,0,0
1779556870.808010,0.462890625,0.1484375,-0.193359375,-0.05078125,0.00390625,-0.029296875,0,0
1779556870.816023,0.4609375,0.146484375,-0.1953125,-0.05078125,0.00390625,-0.029296875,0,0
1779556870.823996,0.4609375,0.146484375,-0.1953125,-0.05078125,0.00390625,-0.029296875,0,0
1779556870.832024,0.455078125,0.140625,-0.208984375,-0.05078125,0.00390625,-0.029296875,0,0
1779556870.839993,0.455078125,0.140625,-0.208984375,-0.052734375,0.00390625,-0.029296875,0,0
1779556870.847997,0.4453125,0.134765625,-0.220703125,-0.052734375,0.00390625,-0.029296875,0,0
1779556870.856016,0.4453125,0.134765625,-0.220703125,-0.048828125,0.00390625,-0.029296875,0,0
1779556870.864058,0.4375,0.126953125,-0.236328125,-0.048828125,0.00390625,-0.029296875,0,0
1779556870.872071,0.4375,0.126953125,-0.236328125,-0.05078125,0.00390625,-0.029296875,0,0
1779556870.879064,0.43359375,0.12109375,-0.23828125,-0.05078125,0.00390625,-0.029296875,0,0
1779556870.887002,0.43359375,0.12109375,-0.23828125,-0.05078125,0.00390625,-0.029296875,0,0
1779556870.896011,0.43359375,0.1171875,-0.23828125,-0.05078125,0.00390625,-0.029296875,0,0
1779556870.904060,0.43359375,0.1171875,-0.23828125,-0.052734375,0.00390625,-0.029296875,0,0
1779556870.912052,0.43359375,0.109375,-0.244140625,-0.052734375,0.00390625,-0.029296875,0,0
1779556870.920054,0.43359375,0.109375,-0.244140625,-0.052734375,0.00390625,-0.029296875,0,0
1779556870.928069,0.42578125,0.107421875,-0.251953125,-0.052734375,0.00390625,-0.029296875,0,0
1779556870.935987,0.42578125,0.107421875,-0.251953125,-0.0546875,0.00390625,-0.029296875,0,0
1779556870.944060,0.412109375,0.103515625,-0.26953125,-0.0546875,0.00390625,-0.029296875,0,0
1779556870.952073,0.412109375,0.103515625,-0.26953125,-0.0546875,0.00390625,-0.029296875,0,0
1779556870.960087,0.3984375,0.1015625,-0.27734375,-0.0546875,0.00390625,-0.029296875,0,0
1779556870.968071,0.3984375,0.1015625,-0.27734375,-0.056640625,-0.0078125,-0.029296875,0,0
1779556870.976018,0.392578125,0.095703125,-0.28515625,-0.056640625,-0.0078125,-0.029296875,0,0
1779556870.984035,0.392578125,0.095703125,-0.28515625,-0.0546875,-0.013671875,-0.029296875,0,0
1779556870.991004,0.390625,0.083984375,-0.2890625,-0.0546875,-0.013671875,-0.029296875,0,0
1779556871.000092,0.390625,0.083984375,-0.2890625,-0.052734375,-0.021484375,-0.029296875,0,0
1779556871.007997,0.390625,0.072265625,-0.291015625,-0.052734375,-0.021484375,-0.029296875,0,0
1779556871.016064,0.390625,0.072265625,-0.291015625,-0.046875,-0.0234375,-0.029296875,0,0
1779556871.023050,0.384765625,0.06640625,-0.296875,-0.046875,-0.0234375,-0.029296875,0,0
1779556871.031047,0.384765625,0.06640625,-0.296875,-0.046875,-0.02734375,-0.029296875,0,0
1779556871.039030,0.376953125,0.0625,-0.3046875,-0.046875,-0.02734375,-0.029296875,0,0
1779556871.048027,0.376953125,0.0625,-0.3046875,-0.048828125,-0.03515625,-0.029296875,0,0
1779556871.055089,0.365234375,0.0546875,-0.310546875,-0.048828125,-0.03515625,-0.029296875,0,0
1779556871.064068,0.365234375,0.0546875,-0.310546875,-0.046875,-0.044921875,-0.029296875,0,0
1779556871.072083,0.357421875,0.046875,-0.31640625,-0.046875,-0.044921875,-0.029296875,0,0
1779556871.080037,0.357421875,0.046875,-0.31640625,-0.04296875,-0.048828125,-0.029296875,0,0
1779556871.087049,0.3515625,0.03515625,-0.3203125,-0.04296875,-0.048828125,-0.029296875,0,0
1779556871.096082,0.3515625,0.03515625,-0.3203125,-0.041015625,-0.0546875,-0.029296875,0,0
1779556871.104030,0.349609375,0.03125,-0.3203125,-0.041015625,-0.0546875,-0.029296875,0,0
1779556871.112013,0.349609375,0.03125,-0.3203125,-0.0390625,-0.056640625,-0.029296875,0,0
1779556871.120029,0.345703125,0.025390625,-0.3203125,-0.0390625,-0.056640625,-0.029296875,0,0
1779556871.128005,0.345703125,0.025390625,-0.3203125,-0.03515625,-0.05859375,-0.029296875,0,0
1779556871.135977,0.341796875,0.017578125,-0.3203125,-0.03515625,-0.05859375,-0.029296875,0,0
1779556871.144007,0.341796875,0.017578125,-0.3203125,-0.033203125,-0.05859375,-0.029296875,0,0
1779556871.152062,0.33984375,0.009765625,-0.32421875,-0.033203125,-0.05859375,-0.029296875,0,0
1779556871.159027,0.33984375,0.009765625,-0.32421875,-0.029296875,-0.05859375,-0.029296875,0,0
1779556871.168004,0.333984375,0.009765625,-0.328125,-0.029296875,-0.05859375,-0.029296875,0,0
1779556871.175981,0.333984375,0.009765625,-0.328125,-0.029296875,-0.0625,-0.029296875,0,0
1779556871.184031,0.330078125,0.009765625,-0.330078125,-0.029296875,-0.0625,-0.029296875,0,0
1779556871.191030,0.330078125,0.009765625,-0.330078125,-0.033203125,-0.064453125,-0.029296875,0,0
1779556871.200080,0.326171875,0.009765625,-0.330078125,-0.033203125,-0.064453125,-0.029296875,0,0
1779556871.208039,0.326171875,0.009765625,-0.330078125,-0.0390625,-0.068359375,-0.029296875,0,0
1779556871.216059,0.322265625,0.01171875,-0.330078125,-0.0390625,-0.068359375,-0.029296875,0,0
1779556871.223975,0.322265625,0.01171875,-0.330078125,-0.04296875,-0.0703125,-0.029296875,0,0
1779556871.232082,0.318359375,0.013671875,-0.33203125,-0.04296875,-0.0703125,-0.029296875,0,0
1779556871.240062,0.318359375,0.013671875,-0.33203125,-0.04296875,-0.07421875,-0.029296875,0,0
1779556871.248031,0.318359375,0.013671875,-0.333984375,-0.04296875,-0.07421875,-0.029296875,0,0
1779556871.256041,0.318359375,0.013671875,-0.333984375,-0.041015625,-0.072265625,-0.029296875,0,0
1779556871.264034,0.322265625,0.013671875,-0.337890625,-0.041015625,-0.072265625,-0.029296875,0,0
1779556871.272015,0.322265625,0.013671875,-0.337890625,-0.041015625,-0.068359375,-0.029296875,0,0
1779556871.280047,0.322265625,0.013671875,-0.341796875,-0.041015625,-0.068359375,-0.029296875,0,0
1779556871.288038,0.322265625,0.013671875,-0.341796875,-0.041015625,-0.068359375,-0.029296875,0,0
1779556871.296076,0.3203125,0.01171875,-0.345703125,-0.041015625,-0.068359375,-0.029296875,0,0
1779556871.304032,0.3203125,0.01171875,-0.345703125,-0.0390625,-0.064453125,-0.029296875,0,0
1779556871.312082,0.314453125,0.0078125,-0.3515625,-0.0390625,-0.064453125,-0.029296875,0,0
1779556871.320058,0.314453125,0.0078125,-0.3515625,-0.037109375,-0.068359375,-0.029296875,0,0
1779556871.328005,0.314453125,0.005859375,-0.3515625,-0.037109375,-0.068359375,-0.029296875,0,0
1779556871.336013,0.314453125,0.005859375,-0.3515625,-0.03125,-0.068359375,-0.029296875,0,0
1779556871.344007,0.314453125,0.005859375,-0.3515625,-0.03125,-0.068359375,-0.029296875,0,0
1779556871.352056,0.314453125,0.005859375,-0.3515625,-0.03125,-0.0703125,-0.029296875,0,0
1779556871.360033,0.310546875,0.005859375,-0.35546875,-0.03125,-0.0703125,-0.029296875,0,0
1779556871.368048,0.310546875,0.005859375,-0.35546875,-0.029296875,-0.072265625,-0.029296875,0,0
1779556871.375011,0.302734375,0.005859375,-0.357421875,-0.029296875,-0.072265625,-0.029296875,0,0
1779556871.384015,0.302734375,0.005859375,-0.357421875,-0.029296875,-0.078125,-0.029296875,0,0
1779556871.392048,0.30078125,0.0078125,-0.359375,-0.029296875,-0.078125,-0.029296875,0,0
1779556871.400007,0.30078125,0.0078125,-0.359375,-0.02734375,-0.080078125,-0.029296875,0,0
1779556871.407999,0.298828125,0.009765625,-0.35546875,-0.02734375,-0.080078125,-0.029296875,0,0
1779556871.416014,0.298828125,0.009765625,-0.35546875,-0.02734375,-0.080078125,-0.029296875,0,0
1779556871.424007,0.298828125,0.009765625,-0.349609375,-0.02734375,-0.080078125,-0.029296875,0,0
1779556871.432030,0.298828125,0.009765625,-0.349609375,-0.025390625,-0.080078125,-0.029296875,0,0
1779556871.440045,0.298828125,0.009765625,-0.33984375,-0.025390625,-0.080078125,-0.029296875,0,0
1779556871.447060,0.298828125,0.009765625,-0.33984375,-0.0234375,-0.07421875,-0.029296875,0,0
1779556871.456046,0.3046875,0.0078125,-0.32421875,-0.0234375,-0.07421875,-0.029296875,0,0
1779556871.463056,0.3046875,0.0078125,-0.32421875,-0.017578125,-0.064453125,-0.029296875,0,0
1779556871.471056,0.306640625,0.005859375,-0.2890625,-0.017578125,-0.064453125,-0.029296875,0,0
1779556871.479036,0.306640625,0.005859375,-0.2890625,-0.005859375,-0.04296875,-0.029296875,0,0
1779556871.487020,0.306640625,0.0078125,-0.263671875,-0.005859375,-0.04296875,-0.029296875,0,0
1779556871.495036,0.306640625,0.0078125,-0.263671875,-0.005859375,-0.03125,-0.029296875,0,0
1779556871.504027,0.302734375,0.015625,-0.224609375,-0.005859375,-0.03125,-0.029296875,0,0
1779556871.512034,0.302734375,0.015625,-0.224609375,-0.005859375,-0.015625,-0.029296875,0,0
1779556871.520059,0.2890625,0.015625,-0.169921875,-0.005859375,-0.015625,-0.029296875,0,0
1779556871.536016,0.283203125,0.005859375,-0.107421875,-0.005859375,-0.015625,-0.029296875,0,0
1779556871.552037,0.275390625,0.005859375,-0.05859375,-0.005859375,-0.015625,-0.029296875,0,0
1779556871.560028,0.275390625,0.005859375,-0.05859375,0.005859375,-0.015625,0.0,0,0
1779556871.568066,0.265625,0.005859375,-0.025390625,0.005859375,-0.015625,0.0,0,0
1779556871.576072,0.265625,0.005859375,-0.025390625,0.033203125,-0.015625,0.015625,0,0
1779556871.584042,0.265625,0.005859375,-0.025390625,0.033203125,-0.015625,0.015625,0,0
1779556871.591074,0.265625,0.005859375,-0.025390625,0.05078125,-0.015625,0.01953125,0,0
1779556871.600067,0.265625,0.005859375,-0.025390625,0.05078125,-0.015625,0.01953125,0,0
1779556871.607049,0.265625,0.005859375,-0.025390625,0.064453125,-0.015625,0.017578125,0,0
1779556871.616043,0.26171875,0.005859375,-0.025390625,0.064453125,-0.015625,0.017578125,0,0
1779556871.624037,0.26171875,0.005859375,-0.025390625,0.068359375,0.00390625,0.01171875,0,0
1779556871.631015,0.25,0.005859375,-0.025390625,0.068359375,0.00390625,0.01171875,0,0
1779556871.639083,0.25,0.005859375,-0.025390625,0.068359375,0.005859375,0.0078125,0,0
1779556871.648042,0.2421875,0.005859375,-0.025390625,0.068359375,0.005859375,0.0078125,0,0
1779556871.656027,0.2421875,0.005859375,-0.025390625,0.06640625,0.005859375,0.005859375,0,0
1779556871.663988,0.23828125,0.005859375,-0.025390625,0.06640625,0.005859375,0.005859375,0,0
1779556871.671972,0.23828125,0.005859375,-0.025390625,0.060546875,0.013671875,0.005859375,0,0
1779556871.679060,0.234375,0.005859375,-0.025390625,0.060546875,0.013671875,0.005859375,0,0
1779556871.688055,0.234375,0.005859375,-0.025390625,0.05859375,0.0234375,0.00390625,0,0
1779556871.695051,0.228515625,0.005859375,-0.025390625,0.05859375,0.0234375,0.00390625,0,0
1779556871.703998,0.228515625,0.005859375,-0.025390625,0.05859375,0.02734375,0.00390625,0,0
1779556871.711036,0.21875,0.005859375,-0.025390625,0.05859375,0.02734375,0.00390625,0,0
1779556871.719030,0.21875,0.005859375,-0.025390625,0.0625,0.033203125,0.00390625,0,0
1779556871.727076,0.212890625,0.005859375,-0.025390625,0.0625,0.033203125,0.00390625,0,0
1779556871.736130,0.212890625,0.005859375,-0.025390625,0.07421875,0.037109375,0.00390625,0,0
1779556871.744017,0.203125,0.005859375,0.005859375,0.07421875,0.037109375,0.00390625,0,0
1779556871.752048,0.203125,0.005859375,0.005859375,0.078125,0.044921875,0.00390625,0,0
1779556871.760036,0.19140625,0.005859375,0.013671875,0.078125,0.044921875,0.00390625,0,0
1779556871.768070,0.19140625,0.005859375,0.013671875,0.08203125,0.046875,0.00390625,0,0
1779556871.775068,0.19140625,0.005859375,0.017578125,0.08203125,0.046875,0.00390625,0,0
1779556871.784016,0.19140625,0.005859375,0.017578125,0.08203125,0.046875,0.00390625,0,0
1779556871.792051,0.193359375,0.005859375,0.025390625,0.08203125,0.046875,0.00390625,0,0
1779556871.800059,0.193359375,0.005859375,0.025390625,0.078125,0.052734375,0.00390625,0,0
1779556871.808025,0.193359375,0.005859375,0.033203125,0.078125,0.052734375,0.00390625,0,0
1779556871.816035,0.193359375,0.005859375,0.033203125,0.076171875,0.052734375,0.00390625,0,0
1779556871.824050,0.1875,0.005859375,0.0390625,0.076171875,0.052734375,0.00390625,0,0
1779556871.832032,0.1875,0.005859375,0.0390625,0.080078125,0.048828125,0.00390625,0,0
1779556871.840061,0.18359375,0.005859375,0.037109375,0.080078125,0.048828125,0.00390625,0,0
1779556871.848072,0.18359375,0.005859375,0.037109375,0.083984375,0.044921875,0.00390625,0,0
1779556871.855024,0.17578125,0.005859375,0.03515625,0.083984375,0.044921875,0.00390625,0,0
1779556871.864039,0.17578125,0.005859375,0.03515625,0.091796875,0.0390625,0.00390625,0,0
1779556871.872069,0.17578125,0.005859375,0.041015625,0.091796875,0.0390625,0.00390625,0,0
1779556871.880021,0.17578125,0.005859375,0.041015625,0.095703125,0.041015625,0.00390625,0,0
1779556871.888067,0.177734375,0.005859375,0.046875,0.095703125,0.041015625,0.00390625,0,0
1779556871.896029,0.177734375,0.005859375,0.046875,0.099609375,0.046875,0.00390625,0,0
1779556871.904024,0.185546875,0.005859375,0.060546875,0.099609375,0.046875,0.00390625,0,0
1779556871.912020,0.185546875,0.005859375,0.060546875,0.099609375,0.0546875,0.00390625,0,0
1779556871.920022,0.1875,0.005859375,0.06640625,0.099609375,0.0546875,0.00390625,0,0
1779556871.928102,0.1875,0.005859375,0.06640625,0.09765625,0.05859375,0.00390625,0,0
1779556871.936086,0.1953125,0.005859375,0.07421875,0.09765625,0.05859375,0.00390625,0,0
1779556871.944038,0.1953125,0.005859375,0.07421875,0.09375,0.064453125,0.00390625,0,0
1779556871.952014,0.1953125,0.005859375,0.083984375,0.09375,0.064453125,0.00390625,0,0
1779556871.959988,0.1953125,0.005859375,0.083984375,0.091796875,0.06640625,0.00390625,0,0
1779556871.968035,0.1953125,0.005859375,0.091796875,0.091796875,0.06640625,0.00390625,0,0
1779556871.976031,0.1953125,0.005859375,0.091796875,0.083984375,0.072265625,0.00390625,0,0
1779556871.984049,0.189453125,0.005859375,0.095703125,0.083984375,0.072265625,0.00390625,0,0
1779556871.992082,0.189453125,0.005859375,0.095703125,0.083984375,0.0703125,0.00390625,0,0
1779556871.999049,0.1875,0.005859375,0.09375,0.083984375,0.0703125,0.00390625,0,0
1779556872.008016,0.1875,0.005859375,0.09375,0.08203125,0.0703125,0.00390625,0,0
1779556872.016078,0.19140625,0.005859375,0.1015625,0.08203125,0.0703125,0.00390625,0,0
1779556872.024019,0.19140625,0.005859375,0.1015625,0.08203125,0.07421875,0.0,0,0
1779556872.032065,0.201171875,0.005859375,0.1015625,0.08203125,0.07421875,0.0,0,0
1779556872.039996,0.201171875,0.005859375,0.1015625,0.083984375,0.080078125,0.0,0,0
1779556872.047995,0.205078125,0.005859375,0.1015625,0.083984375,0.080078125,0.0,0,0
1779556872.056058,0.205078125,0.005859375,0.1015625,0.087890625,0.080078125,0.0,0,0
1779556872.063990,0.203125,0.005859375,0.09375,0.087890625,0.080078125,0.0,0,0
1779556872.072024,0.203125,0.005859375,0.09375,0.091796875,0.080078125,0.0,0,0
1779556872.080081,0.185546875,0.005859375,0.0859375,0.091796875,0.080078125,0.0,0,0
1779556872.088084,0.185546875,0.005859375,0.0859375,0.09765625,0.068359375,0.0,0,0
1779556872.096079,0.177734375,0.005859375,0.08203125,0.09765625,0.068359375,0.0,0,0
1779556872.104113,0.177734375,0.005859375,0.08203125,0.103515625,0.0625,0.0,0,0
1779556872.112057,0.169921875,0.005859375,0.08203125,0.103515625,0.0625,0.0,0,0
1779556872.120061,0.169921875,0.005859375,0.08203125,0.10546875,0.05859375,-0.00390625,0,0
1779556872.127026,0.162109375,0.005859375,0.08203125,0.10546875,0.05859375,-0.00390625,0,0
1779556872.135995,0.162109375,0.005859375,0.08203125,0.10546875,0.0546875,-0.005859375,0,0
1779556872.144059,0.142578125,0.005859375,0.076171875,0.10546875,0.0546875,-0.005859375,0,0
1779556872.152037,0.142578125,0.005859375,0.076171875,0.10546875,0.044921875,-0.005859375,0,0
1779556872.160020,0.130859375,0.005859375,0.072265625,0.10546875,0.044921875,-0.005859375,0,0
1779556872.168012,0.130859375,0.005859375,0.072265625,0.10546875,0.037109375,-0.005859375,0,0
1779556872.176051,0.119140625,-0.00390625,0.0703125,0.10546875,0.037109375,-0.005859375,0,0
1779556872.184023,0.119140625,-0.00390625,0.0703125,0.109375,0.02734375,-0.005859375,0,0
1779556872.192029,0.11328125,-0.0078125,0.0703125,0.109375,0.02734375,-0.005859375,0,0
1779556872.200051,0.11328125,-0.0078125,0.0703125,0.115234375,0.025390625,-0.005859375,0,0
1779556872.207033,0.10546875,-0.009765625,0.072265625,0.115234375,0.025390625,-0.005859375,0,0
1779556872.216039,0.10546875,-0.009765625,0.072265625,0.111328125,0.0234375,-0.005859375,0,0
1779556872.224020,0.08984375,-0.01171875,0.068359375,0.111328125,0.0234375,-0.005859375,0,0
1779556872.231046,0.08984375,-0.01171875,0.068359375,0.111328125,0.015625,0.0,0,0
1779556872.239028,0.078125,-0.015625,0.0625,0.111328125,0.015625,0.0,0,0
1779556872.247993,0.078125,-0.015625,0.0625,0.111328125,0.0078125,0.0,0,0
1779556872.256015,0.07421875,-0.017578125,0.052734375,0.111328125,0.0078125,0.0,0,0
1779556872.264013,0.07421875,-0.017578125,0.052734375,0.107421875,0.005859375,0.0,0,0
1779556872.272043,0.0703125,-0.01171875,0.052734375,0.107421875,0.005859375,0.0,0,0
1779556872.280052,0.0703125,-0.01171875,0.052734375,0.107421875,0.00390625,0.0,0,0
1779556872.288054,0.05859375,-0.005859375,0.046875,0.107421875,0.00390625,0.0,0,0
1779556872.296072,0.05859375,-0.005859375,0.046875,0.099609375,0.00390625,0.0,0,0
1779556872.304026,0.033203125,-0.005859375,0.015625,0.099609375,0.00390625,0.0,0,0
1779556872.312022,0.033203125,-0.005859375,0.015625,0.046875,0.00390625,0.0,0,0
1779556872.342043,0.0,0.0,0.0,0.0,0.0,0.0,0,0
1779556872.373030,0.0,0.0,0.0,0.0,0.0,0.0,0,0
1779556872.404043,0.0,0.0,0.0,0.0,0.0,0.0,0,0
1779556872.435051,0.0,0.0,0.0,0.0,0.0,0.0,0,0
1779556872.466033,0.0,0.0,0.0,0.0,0.0,0.0,0,0
1779556872.497053,0.0,0.0,0.0,0.0,0.0,0.0,0,0
1779556872.504035,0.033203125,-0.005859375,-0.00390625,0.046875,0.00390625,0.0,0,0
1779556872.520014,-0.005859375,0.00390625,-0.009765625,0.046875,0.00390625,0.0,0,0
1779556872.535989,-0.0390625,0.009765625,-0.013671875,0.046875,0.00390625,0.0,0,0
1779556872.544049,-0.0390625,0.009765625,-0.013671875,0.046875,-0.015625,0.0,0,0
1779556872.552003,-0.076171875,0.037109375,-0.029296875,0.046875,-0.015625,0.0,0,0
1779556872.559065,-0.076171875,0.037109375,-0.029296875,0.046875,-0.03515625,0.0,0,0
1779556872.568035,-0.11328125,0.068359375,-0.046875,0.046875,-0.03515625,0.0,0,0
1779556872.575013,-0.11328125,0.068359375,-0.046875,0.046875,-0.052734375,-0.01171875,0,0
1779556872.584004,-0.14453125,0.103515625,-0.05859375,0.046875,-0.052734375,-0.01171875,0,0
1779556872.592010,-0.14453125,0.103515625,-0.05859375,0.046875,-0.068359375,-0.02734375,0,0
1779556872.600023,-0.1640625,0.142578125,-0.05859375,0.046875,-0.068359375,-0.02734375,0,0
1779556872.608000,-0.1640625,0.142578125,-0.05859375,0.046875,-0.07421875,-0.04296875,0,0
1779556872.616055,-0.169921875,0.154296875,-0.05859375,0.046875,-0.07421875,-0.04296875,0,0
1779556872.624006,-0.169921875,0.154296875,-0.05859375,0.046875,-0.072265625,-0.048828125,0,0
1779556872.632016,-0.169921875,0.162109375,-0.052734375,0.046875,-0.072265625,-0.048828125,0,0
1779556872.640066,-0.169921875,0.162109375,-0.052734375,0.046875,-0.0703125,-0.052734375,0,0
1779556872.648095,-0.177734375,0.177734375,-0.046875,0.046875,-0.0703125,-0.052734375,0,0
1779556872.655982,-0.177734375,0.177734375,-0.046875,0.046875,-0.072265625,-0.0546875,0,0
1779556872.664037,-0.197265625,0.1875,-0.046875,0.046875,-0.072265625,-0.0546875,0,0
1779556872.671074,-0.197265625,0.1875,-0.046875,0.046875,-0.080078125,-0.05859375,0,0
1779556872.680040,-0.220703125,0.203125,-0.044921875,0.046875,-0.080078125,-0.05859375,0,0
1779556872.688051,-0.220703125,0.203125,-0.044921875,0.046875,-0.087890625,-0.064453125,0,0
1779556872.695972,-0.23828125,0.22265625,-0.041015625,0.046875,-0.087890625,-0.064453125,0,0
1779556872.703982,-0.23828125,0.22265625,-0.041015625,0.046875,-0.08984375,-0.072265625,0,0
1779556872.712016,-0.251953125,0.236328125,-0.029296875,0.046875,-0.08984375,-0.072265625,0,0
1779556872.719039,-0.251953125,0.236328125,-0.029296875,0.046875,-0.08984375,-0.078125,0,0
1779556872.727088,-0.265625,0.251953125,-0.0234375,0.046875,-0.08984375,-0.078125,0,0
1779556872.736020,-0.265625,0.251953125,-0.0234375,0.046875,-0.08984375,-0.083984375,0,0
1779556872.742998,-0.28125,0.265625,-0.01953125,0.046875,-0.08984375,-0.083984375,0,0
1779556872.751992,-0.28125,0.265625,-0.01953125,0.046875,-0.095703125,-0.087890625,0,0
1779556872.760005,-0.2890625,0.275390625,-0.017578125,0.046875,-0.095703125,-0.087890625,0,0
1779556872.768068,-0.2890625,0.275390625,-0.017578125,0.046875,-0.099609375,-0.091796875,0,0
1779556872.776060,-0.291015625,0.283203125,-0.013671875,0.046875,-0.099609375,-0.091796875,0,0
1779556872.783078,-0.291015625,0.283203125,-0.013671875,0.046875,-0.09765625,-0.09375,0,0
1779556872.791046,-0.291015625,0.2890625,-0.013671875,0.046875,-0.09765625,-0.09375,0,0
1779556872.800073,-0.291015625,0.2890625,-0.013671875,0.046875,-0.095703125,-0.095703125,0,0
1779556872.808041,-0.294921875,0.294921875,-0.009765625,0.046875,-0.095703125,-0.095703125,0,0
1779556872.816077,-0.294921875,0.294921875,-0.009765625,0.046875,-0.095703125,-0.09765625,0,0
1779556872.824004,-0.296875,0.3046875,-0.009765625,0.046875,-0.095703125,-0.09765625,0,0
1779556872.832098,-0.296875,0.3046875,-0.009765625,-0.005859375,-0.095703125,-0.1015625,0,0
1779556872.840080,-0.298828125,0.3125,-0.0078125,-0.005859375,-0.095703125,-0.1015625,0,0
1779556872.848076,-0.298828125,0.3125,-0.0078125,-0.0078125,-0.09765625,-0.10546875,0,0
1779556872.856017,-0.29296875,0.318359375,-0.0078125,-0.0078125,-0.09765625,-0.10546875,0,0
1779556872.864036,-0.29296875,0.318359375,-0.0078125,-0.009765625,-0.09375,-0.107421875,0,0
1779556872.872017,-0.28515625,0.322265625,-0.0078125,-0.009765625,-0.09375,-0.107421875,0,0
1779556872.880079,-0.28515625,0.322265625,-0.0078125,-0.015625,-0.091796875,-0.109375,0,0
1779556872.888020,-0.287109375,0.326171875,-0.0078125,-0.015625,-0.091796875,-0.109375,0,0
1779556872.895015,-0.287109375,0.326171875,-0.0078125,-0.01953125,-0.091796875,-0.111328125,0,0
1779556872.904076,-0.28515625,0.33203125,-0.00390625,-0.01953125,-0.091796875,-0.111328125,0,0
1779556872.912004,-0.28515625,0.33203125,-0.00390625,-0.021484375,-0.091796875,-0.11328125,0,0
1779556872.920008,-0.28125,0.33984375,-0.00390625,-0.021484375,-0.091796875,-0.11328125,0,0
1779556872.927015,-0.28125,0.33984375,-0.00390625,-0.02734375,-0.091796875,-0.119140625,0,0
1779556872.936040,-0.275390625,0.34765625,-0.00390625,-0.02734375,-0.091796875,-0.119140625,0,0
1779556872.944070,-0.275390625,0.34765625,-0.00390625,-0.03515625,-0.087890625,-0.123046875,0,0
1779556872.952082,-0.265625,0.349609375,-0.00390625,-0.03515625,-0.087890625,-0.123046875,0,0
1779556872.959996,-0.265625,0.349609375,-0.00390625,-0.037109375,-0.08203125,-0.126953125,0,0
1779556872.968074,-0.255859375,0.3515625,-0.00390625,-0.037109375,-0.08203125,-0.126953125,0,0
1779556872.976018,-0.255859375,0.3515625,-0.00390625,-0.037109375,-0.076171875,-0.130859375,0,0
1779556872.984051,-0.25,0.35546875,-0.00390625,-0.037109375,-0.076171875,-0.130859375,0,0
1779556872.991984,-0.25,0.35546875,-0.00390625,-0.041015625,-0.07421875,-0.1328125,0,0
1779556872.999057,-0.240234375,0.353515625,-0.00390625,-0.041015625,-0.07421875,-0.1328125,0,0
1779556873.008070,-0.240234375,0.353515625,-0.00390625,-0.041015625,-0.0703125,-0.134765625,0,0
1779556873.016055,-0.224609375,0.345703125,-0.00390625,-0.041015625,-0.0703125,-0.134765625,0,0
1779556873.023045,-0.224609375,0.345703125,-0.00390625,-0.04296875,-0.0625,-0.134765625,0,0
1779556873.031118,-0.216796875,0.33203125,-0.00390625,-0.04296875,-0.0625,-0.134765625,0,0
1779556873.040025,-0.216796875,0.33203125,-0.00390625,-0.0390625,-0.0625,-0.134765625,0,0
1779556873.047028,-0.212890625,0.33203125,-0.00390625,-0.0390625,-0.0625,-0.134765625,0,0
1779556873.055996,-0.212890625,0.33203125,-0.00390625,-0.0390625,-0.0625,-0.134765625,0,0
1779556873.064020,-0.20703125,0.330078125,-0.00390625,-0.0390625,-0.0625,-0.134765625,0,0
1779556873.071041,-0.20703125,0.330078125,-0.00390625,-0.0390625,-0.0625,-0.134765625,0,0
1779556873.078996,-0.197265625,0.322265625,-0.00390625,-0.0390625,-0.0625,-0.134765625,0,0
1779556873.087986,-0.197265625,0.322265625,-0.00390625,-0.0390625,-0.060546875,-0.134765625,0,0
1779556873.096014,-0.181640625,0.3125,-0.00390625,-0.0390625,-0.060546875,-0.134765625,0,0
1779556873.103989,-0.181640625,0.3125,-0.00390625,-0.04296875,-0.060546875,-0.130859375,0,0
1779556873.111961,-0.173828125,0.306640625,-0.015625,-0.04296875,-0.060546875,-0.130859375,0,0
1779556873.120026,-0.173828125,0.306640625,-0.015625,-0.041015625,-0.060546875,-0.12890625,0,0
1779556873.127017,-0.166015625,0.30078125,-0.02734375,-0.041015625,-0.060546875,-0.12890625,0,0
1779556873.136081,-0.166015625,0.30078125,-0.02734375,-0.033203125,-0.060546875,-0.12890625,0,0
1779556873.143047,-0.1484375,0.294921875,-0.033203125,-0.033203125,-0.060546875,-0.12890625,0,0
1779556873.151065,-0.1484375,0.294921875,-0.033203125,-0.03125,-0.05859375,-0.126953125,0,0
1779556873.160045,-0.115234375,0.275390625,-0.046875,-0.03125,-0.05859375,-0.126953125,0,0
1779556873.168056,-0.115234375,0.275390625,-0.046875,-0.025390625,-0.05078125,-0.119140625,0,0
1779556873.176005,-0.068359375,0.25,-0.064453125,-0.025390625,-0.05078125,-0.119140625,0,0
1779556873.184060,-0.068359375,0.25,-0.064453125,-0.015625,-0.041015625,-0.111328125,0,0
1779556873.192035,-0.03515625,0.232421875,-0.09375,-0.015625,-0.041015625,-0.111328125,0,0
1779556873.200032,-0.03515625,0.232421875,-0.09375,-0.00390625,-0.0390625,-0.10546875,0,0
1779556873.208033,-0.021484375,0.234375,-0.146484375,-0.00390625,-0.0390625,-0.10546875,0,0
1779556873.216009,-0.021484375,0.234375,-0.146484375,-0.00390625,-0.05859375,-0.10546875,0,0
1779556873.224032,-0.021484375,0.23046875,-0.2109375,-0.00390625,-0.05859375,-0.10546875,0,0
1779556873.232008,-0.021484375,0.23046875,-0.2109375,-0.00390625,-0.08984375,-0.107421875,0,0
1779556873.240022,-0.01953125,0.2109375,-0.271484375,-0.00390625,-0.08984375,-0.107421875,0,0
1779556873.247026,-0.01953125,0.2109375,-0.271484375,-0.00390625,-0.115234375,-0.10546875,0,0
1779556873.256040,-0.013671875,0.19140625,-0.3203125,-0.00390625,-0.115234375,-0.10546875,0,0
1779556873.264102,-0.013671875,0.19140625,-0.3203125,-0.00390625,-0.134765625,-0.1015625,0,0
1779556873.272056,-0.013671875,0.173828125,-0.3515625,-0.00390625,-0.134765625,-0.1015625,0,0
1779556873.279078,-0.013671875,0.173828125,-0.3515625,-0.00390625,-0.138671875,-0.09375,0,0
1779556873.288074,-0.013671875,0.171875,-0.365234375,-0.00390625,-0.138671875,-0.09375,0,0
1779556873.296077,-0.013671875,0.171875,-0.365234375,-0.009765625,-0.13671875,-0.08984375,0,0
1779556873.303996,-0.013671875,0.173828125,-0.37109375,-0.009765625,-0.13671875,-0.08984375,0,0
1779556873.312039,-0.013671875,0.173828125,-0.37109375,-0.01953125,-0.126953125,-0.087890625,0,0
1779556873.320024,-0.013671875,0.177734375,-0.37890625,-0.01953125,-0.126953125,-0.087890625,0,0
1779556873.328052,-0.013671875,0.177734375,-0.37890625,-0.013671875,-0.123046875,-0.087890625,0,0
1779556873.336097,-0.013671875,0.166015625,-0.396484375,-0.013671875,-0.123046875,-0.087890625,0,0
1779556873.344044,-0.013671875,0.166015625,-0.396484375,-0.0078125,-0.123046875,-0.0859375,0,0
1779556873.352027,-0.013671875,0.14453125,-0.396484375,-0.0078125,-0.123046875,-0.0859375,0,0
1779556873.360037,-0.013671875,0.14453125,-0.396484375,-0.0078125,-0.123046875,-0.08203125,0,0
1779556873.367993,-0.013671875,0.125,-0.376953125,-0.0078125,-0.123046875,-0.08203125,0,0
1779556873.376042,-0.013671875,0.125,-0.376953125,-0.0078125,-0.10546875,-0.076171875,0,0
1779556873.383047,-0.013671875,0.109375,-0.35546875,-0.0078125,-0.10546875,-0.076171875,0,0
1779556873.391073,-0.013671875,0.109375,-0.35546875,-0.0078125,-0.087890625,-0.0703125,0,0
1779556873.400094,0.01171875,0.1015625,-0.337890625,-0.0078125,-0.087890625,-0.0703125,0,0
1779556873.408009,0.01171875,0.1015625,-0.337890625,-0.0078125,-0.072265625,-0.06640625,0,0
1779556873.416027,0.033203125,0.09375,-0.3203125,-0.0078125,-0.072265625,-0.06640625,0,0
1779556873.423020,0.033203125,0.09375,-0.3203125,-0.0078125,-0.0546875,-0.05859375,0,0
1779556873.432064,0.03515625,0.095703125,-0.31640625,-0.0078125,-0.0546875,-0.05859375,0,0
1779556873.438989,0.03515625,0.095703125,-0.31640625,-0.0078125,-0.048828125,-0.056640625,0,0
1779556873.447976,0.0234375,0.09375,-0.330078125,-0.0078125,-0.048828125,-0.056640625,0,0
1779556873.454989,0.0234375,0.09375,-0.330078125,-0.0078125,-0.060546875,-0.056640625,0,0
1779556873.464049,0.009765625,0.087890625,-0.34375,-0.0078125,-0.060546875,-0.056640625,0,0
1779556873.470989,0.009765625,0.087890625,-0.34375,-0.0078125,-0.068359375,-0.056640625,0,0
1779556873.478989,0.0078125,0.07421875,-0.35546875,-0.0078125,-0.068359375,-0.056640625,0,0
1779556873.487992,0.0078125,0.07421875,-0.35546875,-0.0078125,-0.072265625,-0.0546875,0,0
1779556873.495000,0.013671875,0.06640625,-0.359375,-0.0078125,-0.072265625,-0.0546875,0,0
1779556873.504017,0.013671875,0.06640625,-0.359375,-0.0078125,-0.07421875,-0.052734375,0,0
1779556873.511026,0.025390625,0.05859375,-0.36328125,-0.0078125,-0.07421875,-0.052734375,0,0
1779556873.520023,0.025390625,0.05859375,-0.36328125,-0.0078125,-0.0703125,-0.048828125,0,0
1779556873.527012,0.029296875,0.05859375,-0.373046875,-0.0078125,-0.0703125,-0.048828125,0,0
1779556873.536081,0.029296875,0.05859375,-0.373046875,-0.0078125,-0.072265625,-0.046875,0,0
1779556873.544004,0.015625,0.0625,-0.400390625,-0.0078125,-0.072265625,-0.046875,0,0
1779556873.552003,0.015625,0.0625,-0.400390625,-0.0078125,-0.09375,-0.046875,0,0
1779556873.560003,0.015625,0.0625,-0.43359375,-0.0078125,-0.09375,-0.046875,0,0
1779556873.567990,0.015625,0.0625,-0.43359375,-0.0078125,-0.1171875,-0.05078125,0,0
1779556873.575968,0.015625,0.060546875,-0.45703125,-0.0078125,-0.1171875,-0.05078125,0,0
1779556873.584052,0.015625,0.060546875,-0.45703125,-0.0078125,-0.140625,-0.0546875,0,0
1779556873.591054,0.015625,0.05078125,-0.466796875,-0.0078125,-0.140625,-0.0546875,0,0
1779556873.600052,0.015625,0.05078125,-0.466796875,-0.0078125,-0.146484375,-0.0546875,0,0
1779556873.607077,0.015625,0.041015625,-0.4609375,-0.0078125,-0.146484375,-0.0546875,0,0
1779556873.616040,0.015625,0.041015625,-0.4609375,-0.0078125,-0.14453125,-0.052734375,0,0
1779556873.624068,0.009765625,0.02734375,-0.443359375,-0.0078125,-0.14453125,-0.052734375,0,0
1779556873.632078,0.009765625,0.02734375,-0.443359375,-0.0078125,-0.130859375,-0.05078125,0,0
1779556873.640023,0.015625,0.021484375,-0.431640625,-0.0078125,-0.130859375,-0.05078125,0,0
1779556873.648088,0.015625,0.021484375,-0.431640625,-0.0078125,-0.125,-0.05078125,0,0
1779556873.656050,0.01171875,0.01953125,-0.416015625,-0.0078125,-0.125,-0.05078125,0,0
1779556873.664049,0.01171875,0.01953125,-0.416015625,-0.0078125,-0.123046875,-0.05078125,0,0
1779556873.672055,0.01171875,0.015625,-0.38671875,-0.0078125,-0.123046875,-0.05078125,0,0
1779556873.680024,0.01171875,0.015625,-0.38671875,-0.0078125,-0.11328125,-0.05078125,0,0
1779556873.688024,0.009765625,0.00390625,-0.33203125,-0.0078125,-0.11328125,-0.05078125,0,0
1779556873.696006,0.009765625,0.00390625,-0.33203125,-0.0078125,-0.1015625,-0.046875,0,0
1779556873.704062,0.015625,0.00390625,-0.23828125,-0.0078125,-0.1015625,-0.046875,0,0
1779556873.712059,0.015625,0.00390625,-0.23828125,0.005859375,-0.078125,-0.033203125,0,0
1779556873.720068,0.021484375,0.00390625,-0.158203125,0.005859375,-0.078125,-0.033203125,0,0
1779556873.728041,0.021484375,0.00390625,-0.158203125,0.03125,-0.048828125,-0.021484375,0,0
1779556873.736096,0.03125,0.00390625,-0.11328125,0.03125,-0.048828125,-0.021484375,0,0
1779556873.744048,0.03125,0.00390625,-0.11328125,0.04296875,-0.021484375,-0.017578125,0,0
1779556873.752043,0.037109375,0.00390625,-0.07421875,0.04296875,-0.021484375,-0.017578125,0,0
1779556873.760041,0.037109375,0.00390625,-0.07421875,0.04296875,-0.021484375,-0.015625,0,0
1779556873.768016,0.048828125,0.00390625,-0.0234375,0.04296875,-0.021484375,-0.015625,0,0
1779556873.776011,0.048828125,0.00390625,-0.0234375,0.048828125,-0.021484375,-0.01171875,0,0
1779556873.784024,0.064453125,0.00390625,-0.0234375,0.048828125,-0.021484375,-0.01171875,0,0
1779556873.792029,0.064453125,0.00390625,-0.0234375,0.05859375,-0.021484375,-0.005859375,0,0
1779556873.800034,0.06640625,-0.0078125,-0.0234375,0.05859375,-0.021484375,-0.005859375,0,0
1779556873.808009,0.06640625,-0.0078125,-0.0234375,0.064453125,-0.021484375,-0.005859375,0,0
1779556873.816059,0.056640625,-0.021484375,-0.0234375,0.064453125,-0.021484375,-0.005859375,0,0
1779556873.823030,0.056640625,-0.021484375,-0.0234375,0.064453125,-0.021484375,-0.005859375,0,0
1779556873.832033,0.041015625,-0.025390625,-0.0234375,0.064453125,-0.021484375,-0.005859375,0,0
1779556873.839946,0.041015625,-0.025390625,-0.0234375,0.060546875,-0.021484375,-0.005859375,0,0
1779556873.847028,0.025390625,-0.01171875,-0.0234375,0.060546875,-0.021484375,-0.005859375,0,0
1779556873.855036,0.025390625,-0.01171875,-0.0234375,0.056640625,-0.021484375,-0.005859375,0,0
1779556873.864026,0.017578125,-0.01171875,-0.0234375,0.056640625,-0.021484375,-0.005859375,0,0
1779556873.872022,0.017578125,-0.01171875,-0.0234375,0.048828125,-0.021484375,-0.005859375,0,0
1779556873.880009,0.009765625,-0.01171875,-0.0234375,0.048828125,-0.021484375,-0.005859375,0,0
1779556873.888024,0.009765625,-0.01171875,-0.0234375,0.04296875,-0.021484375,-0.005859375,0,0
1779556873.895028,0.005859375,-0.01171875,-0.0234375,0.04296875,-0.021484375,-0.005859375,0,0
1779556873.904024,0.005859375,-0.01171875,-0.0234375,0.04296875,-0.021484375,-0.005859375,0,0
1779556873.919015,0.005859375,-0.01171875,-0.0234375,0.033203125,-0.021484375,-0.005859375,0,0
1779556873.949023,0.0,0.0,0.0,0.0,0.0,0.0,0,0
1779556873.979988,0.0,0.0,0.0,0.0,0.0,0.0,0,0
1779556874.011016,0.0,0.0,0.0,0.0,0.0,0.0,0,0
1779556874.042084,0.0,0.0,0.0,0.0,0.0,0.0,0,0
1779556874.073021,0.0,0.0,0.0,0.0,0.0,0.0,0,0
1779556874.104080,0.0,0.0,0.0,0.0,0.0,0.0,0,0
1779556874.135040,0.0,0.0,0.0,0.0,0.0,0.0,0,0
1779556874.152056,0.005859375,-0.01171875,0.005859375,0.033203125,-0.021484375,-0.005859375,0,0
1779556874.167122,0.005859375,-0.01171875,0.02734375,0.033203125,-0.021484375,-0.005859375,0,0
1779556874.184043,0.005859375,-0.01171875,0.064453125,0.033203125,-0.021484375,-0.005859375,0,0
1779556874.192048,0.005859375,-0.01171875,0.064453125,0.0078125,-0.021484375,-0.005859375,0,0
1779556874.200031,0.005859375,-0.01171875,0.087890625,0.0078125,-0.021484375,-0.005859375,0,0
1779556874.207999,0.005859375,-0.01171875,0.087890625,0.02734375,-0.021484375,-0.005859375,0,0
1779556874.216003,-0.015625,-0.01171875,0.150390625,0.02734375,-0.021484375,-0.005859375,0,0
1779556874.224049,-0.015625,-0.01171875,0.150390625,0.046875,-0.021484375,-0.005859375,0,0
1779556874.232024,-0.021484375,-0.01171875,0.228515625,0.046875,-0.021484375,-0.005859375,0,0
1779556874.240084,-0.021484375,-0.01171875,0.228515625,0.083984375,-0.021484375,-0.005859375,0,0
1779556874.248058,-0.033203125,-0.01953125,0.29296875,0.083984375,-0.021484375,-0.005859375,0,0
1779556874.256028,-0.033203125,-0.01953125,0.29296875,0.119140625,-0.021484375,0.0,0,0
1779556874.264023,-0.072265625,-0.041015625,0.322265625,0.119140625,-0.021484375,0.0,0,0
1779556874.272040,-0.072265625,-0.041015625,0.322265625,0.142578125,-0.021484375,-0.005859375,0,0
1779556874.280030,-0.115234375,-0.052734375,0.32421875,0.142578125,-0.021484375,-0.005859375,0,0
1779556874.288031,-0.115234375,-0.052734375,0.32421875,0.158203125,-0.01171875,-0.005859375,0,0
1779556874.295026,-0.150390625,-0.056640625,0.330078125,0.158203125,-0.01171875,-0.005859375,0,0
1779556874.304042,-0.150390625,-0.056640625,0.330078125,0.15625,-0.025390625,0.0,0,0
1779556874.312050,-0.18359375,-0.052734375,0.341796875,0.15625,-0.025390625,0.0,0,0
1779556874.320126,-0.18359375,-0.052734375,0.341796875,0.142578125,-0.041015625,0.0,0,0
1779556874.327085,-0.224609375,-0.0546875,0.34765625,0.142578125,-0.041015625,0.0,0,0
1779556874.335084,-0.224609375,-0.0546875,0.34765625,0.123046875,-0.05859375,0.0,0,0
1779556874.343068,-0.267578125,-0.056640625,0.34375,0.123046875,-0.05859375,0.0,0,0
1779556874.351066,-0.267578125,-0.056640625,0.34375,0.119140625,-0.078125,0.0,0,0
1779556874.360055,-0.322265625,-0.0546875,0.33203125,0.119140625,-0.078125,0.0,0,0
1779556874.368060,-0.322265625,-0.0546875,0.33203125,0.107421875,-0.109375,0.0,0,0
1779556874.376020,-0.3828125,-0.052734375,0.31640625,0.107421875,-0.109375,0.0,0,0
1779556874.384001,-0.3828125,-0.052734375,0.31640625,0.109375,-0.140625,-0.00390625,0,0
1779556874.392013,-0.435546875,-0.041015625,0.306640625,0.109375,-0.140625,-0.00390625,0,0
1779556874.399038,-0.435546875,-0.041015625,0.306640625,0.1171875,-0.16796875,-0.0078125,0,0
1779556874.407046,-0.482421875,-0.03125,0.29296875,0.1171875,-0.16796875,-0.0078125,0,0
1779556874.416059,-0.482421875,-0.03125,0.29296875,0.11328125,-0.193359375,-0.009765625,0,0
1779556874.423038,-0.5234375,-0.017578125,0.27734375,0.11328125,-0.193359375,-0.009765625,0,0
1779556874.432003,-0.5234375,-0.017578125,0.27734375,0.111328125,-0.216796875,-0.013671875,0,0
1779556874.440031,-0.544921875,0.0,0.259765625,0.111328125,-0.216796875,-0.013671875,0,0
1779556874.447085,-0.544921875,0.0,0.259765625,0.099609375,-0.232421875,-0.01953125,0,0
1779556874.456024,-0.5625,0.0,0.240234375,0.099609375,-0.232421875,-0.01953125,0,0
1779556874.464072,-0.5625,0.0,0.240234375,0.08203125,-0.2421875,-0.025390625,0,0
1779556874.472023,-0.568359375,0.0,0.2265625,0.08203125,-0.2421875,-0.025390625,0,0
1779556874.479998,-0.568359375,0.0,0.2265625,0.06640625,-0.240234375,-0.033203125,0,0
1779556874.487987,-0.568359375,0.0,0.216796875,0.06640625,-0.240234375,-0.033203125,0,0
1779556874.496011,-0.568359375,0.0,0.216796875,0.060546875,-0.236328125,-0.037109375,0,0
1779556874.504030,-0.568359375,0.0,0.203125,0.060546875,-0.236328125,-0.037109375,0,0
1779556874.511989,-0.568359375,0.0,0.203125,0.056640625,-0.234375,-0.04296875,0,0
1779556874.520030,-0.56640625,0.0,0.1875,0.056640625,-0.234375,-0.04296875,0,0
1779556874.528005,-0.56640625,0.0,0.1875,0.046875,-0.234375,-0.046875,0,0
1779556874.536069,-0.548828125,0.0,0.16796875,0.046875,-0.234375,-0.046875,0,0
1779556874.543997,-0.548828125,0.0,0.16796875,0.037109375,-0.228515625,-0.05078125,0,0
1779556874.552016,-0.515625,0.009765625,0.154296875,0.037109375,-0.228515625,-0.05078125,0,0
1779556874.560029,-0.515625,0.009765625,0.154296875,0.033203125,-0.216796875,-0.056640625,0,0
1779556874.568007,-0.474609375,0.02734375,0.146484375,0.033203125,-0.216796875,-0.056640625,0,0
1779556874.576020,-0.474609375,0.02734375,0.146484375,0.037109375,-0.203125,-0.060546875,0,0
1779556874.583958,-0.435546875,0.037109375,0.138671875,0.037109375,-0.203125,-0.060546875,0,0
1779556874.592003,-0.435546875,0.037109375,0.138671875,0.044921875,-0.185546875,-0.0625,0,0
1779556874.600061,-0.39453125,0.03515625,0.13671875,0.044921875,-0.185546875,-0.0625,0,0
1779556874.608060,-0.39453125,0.03515625,0.13671875,0.056640625,-0.169921875,-0.064453125,0,0
1779556874.615991,-0.349609375,0.021484375,0.138671875,0.056640625,-0.169921875,-0.064453125,0,0
1779556874.623022,-0.349609375,0.021484375,0.138671875,0.068359375,-0.14453125,-0.064453125,0,0
1779556874.631033,-0.29296875,0.00390625,0.13671875,0.068359375,-0.14453125,-0.064453125,0,0
1779556874.640026,-0.29296875,0.00390625,0.13671875,0.076171875,-0.123046875,-0.0546875,0,0
1779556874.647982,-0.2265625,0.00390625,0.13671875,0.076171875,-0.123046875,-0.0546875,0,0
1779556874.656013,-0.2265625,0.00390625,0.13671875,0.083984375,-0.091796875,-0.0390625,0,0
1779556874.663994,-0.150390625,0.00390625,0.134765625,0.083984375,-0.091796875,-0.0390625,0,0
1779556874.672035,-0.150390625,0.00390625,0.134765625,0.0859375,-0.064453125,-0.015625,0,0
1779556874.680058,-0.107421875,0.00390625,0.126953125,0.0859375,-0.064453125,-0.015625,0,0
1779556874.688010,-0.107421875,0.00390625,0.126953125,0.0859375,-0.046875,0.0,0,0
1779556874.696144,-0.060546875,0.00390625,0.1015625,0.0859375,-0.046875,0.0,0,0
1779556874.704060,-0.060546875,0.00390625,0.1015625,0.095703125,-0.0234375,0.0,0,0
1779556874.712024,-0.0234375,0.00390625,0.080078125,0.095703125,-0.0234375,0.0,0,0
1779556874.720020,-0.0234375,0.00390625,0.080078125,0.09765625,-0.01171875,0.0,0,0
1779556874.727040,-0.0234375,0.00390625,0.0625,0.09765625,-0.01171875,0.0,0,0
1779556874.736026,-0.0234375,0.00390625,0.0625,0.09375,-0.01171875,0.0,0,0
1779556874.743017,-0.0234375,0.00390625,0.05078125,0.09375,-0.01171875,0.0,0,0
1779556874.751032,-0.0234375,0.00390625,0.05078125,0.068359375,-0.01171875,0.0,0,0
1779556874.759024,-0.0234375,0.00390625,0.04296875,0.068359375,-0.01171875,0.0,0,0
1779556874.768046,-0.0234375,0.00390625,0.04296875,0.0390625,-0.01171875,0.0,0,0
1779556874.783995,-0.0234375,0.00390625,0.04296875,-0.00390625,-0.01171875,0.0,0,0
1779556874.792033,-0.0234375,-0.013671875,0.04296875,-0.00390625,-0.01171875,0.0,0,0
1779556874.822012,0.0,0.0,0.0,0.0,0.0,0.0,0,0
1779556874.853081,0.0,0.0,0.0,0.0,0.0,0.0,0,0
1779556874.884022,0.0,0.0,0.0,0.0,0.0,0.0,0,0
1779556874.915017,0.0,0.0,0.0,0.0,0.0,0.0,0,0
1779556874.946001,0.0,0.0,0.0,0.0,0.0,0.0,0,0
1779556874.977045,0.0,0.0,0.0,0.0,0.0,0.0,0,0
1779556875.008057,0.0,0.0,0.0,0.0,0.0,0.0,0,0
1779556875.039017,0.0,0.0,0.0,0.0,0.0,0.0,0,0
1779556875.070040,0.0,0.0,0.0,0.0,0.0,0.0,0,0
1779556875.101068,0.0,0.0,0.0,0.0,0.0,0.0,0,0
1779556875.132027,0.0,0.0,0.0,0.0,0.0,0.0,0,0
1779556875.163058,0.0,0.0,0.0,0.0,0.0,0.0,0,0
1779556875.193976,0.0,0.0,0.0,0.0,0.0,0.0,0,0
1779556875.200033,-0.0078125,-0.013671875,0.04296875,-0.00390625,-0.01171875,0.0,0,0
1779556875.215972,-0.0390625,-0.013671875,0.04296875,-0.00390625,-0.01171875,0.0,0,0
1779556875.224010,-0.0390625,-0.013671875,0.04296875,0.01171875,-0.01171875,0.0,0,0
1779556875.232020,-0.109375,-0.033203125,0.04296875,0.01171875,-0.01171875,0.0,0,0
1779556875.239041,-0.109375,-0.033203125,0.04296875,0.05078125,-0.01171875,0.0,0,0
1779556875.247036,-0.203125,-0.080078125,0.04296875,0.05078125,-0.01171875,0.0,0,0
1779556875.256067,-0.203125,-0.080078125,0.04296875,0.064453125,-0.01953125,0.0,0,0
1779556875.264029,-0.2890625,-0.0859375,0.04296875,0.064453125,-0.01953125,0.0,0,0
1779556875.272064,-0.2890625,-0.0859375,0.04296875,0.064453125,-0.046875,0.0,0,0
1779556875.280050,-0.349609375,-0.091796875,0.04296875,0.064453125,-0.046875,0.0,0,0
1779556875.288057,-0.349609375,-0.091796875,0.04296875,0.064453125,-0.0625,-0.01171875,0,0
1779556875.296089,-0.404296875,-0.099609375,0.04296875,0.064453125,-0.0625,-0.01171875,0,0
1779556875.304060,-0.404296875,-0.099609375,0.04296875,0.083984375,-0.072265625,-0.029296875,0,0
1779556875.312039,-0.462890625,-0.11328125,0.04296875,0.083984375,-0.072265625,-0.029296875,0,0
1779556875.320013,-0.462890625,-0.11328125,0.04296875,0.099609375,-0.091796875,-0.037109375,0,0
1779556875.328048,-0.53125,-0.134765625,0.04296875,0.099609375,-0.091796875,-0.037109375,0,0
1779556875.336066,-0.53125,-0.134765625,0.04296875,0.107421875,-0.123046875,-0.033203125,0,0
1779556875.344066,-0.583984375,-0.154296875,-0.021484375,0.107421875,-0.123046875,-0.033203125,0,0
1779556875.352074,-0.583984375,-0.154296875,-0.021484375,0.10546875,-0.150390625,-0.025390625,0,0
1779556875.359015,-0.61328125,-0.1640625,-0.041015625,0.10546875,-0.150390625,-0.025390625,0,0
1779556875.368081,-0.61328125,-0.1640625,-0.041015625,0.103515625,-0.16796875,-0.017578125,0,0
1779556875.375995,-0.619140625,-0.16796875,-0.05078125,0.103515625,-0.16796875,-0.017578125,0,0
1779556875.384021,-0.619140625,-0.16796875,-0.05078125,0.103515625,-0.17578125,-0.015625,0,0
1779556875.392061,-0.6171875,-0.17578125,-0.052734375,0.103515625,-0.17578125,-0.015625,0,0
1779556875.400071,-0.6171875,-0.17578125,-0.052734375,0.109375,-0.173828125,-0.01171875,0,0
1779556875.408029,-0.611328125,-0.181640625,-0.0625,0.109375,-0.173828125,-0.01171875,0,0
1779556875.416060,-0.611328125,-0.181640625,-0.0625,0.111328125,-0.173828125,-0.0078125,0,0
1779556875.424022,-0.6015625,-0.1875,-0.064453125,0.111328125,-0.173828125,-0.0078125,0,0
1779556875.431082,-0.6015625,-0.1875,-0.064453125,0.119140625,-0.169921875,-0.00390625,0,0
1779556875.439039,-0.578125,-0.1875,-0.0625,0.119140625,-0.169921875,-0.00390625,0,0
1779556875.447018,-0.578125,-0.1875,-0.0625,0.123046875,-0.166015625,0.0,0,0
1779556875.455997,-0.54296875,-0.1875,-0.046875,0.123046875,-0.166015625,0.0,0,0
1779556875.464023,-0.54296875,-0.1875,-0.046875,0.123046875,-0.15625,0.0,0,0
1779556875.472018,-0.484375,-0.1796875,-0.015625,0.123046875,-0.15625,0.0,0,0
1779556875.480032,-0.484375,-0.1796875,-0.015625,0.115234375,-0.130859375,0.0,0,0
1779556875.488049,-0.416015625,-0.16796875,-0.015625,0.115234375,-0.130859375,0.0,0,0
1779556875.496039,-0.416015625,-0.16796875,-0.015625,0.109375,-0.109375,0.0,0,0
1779556875.504032,-0.341796875,-0.146484375,-0.015625,0.109375,-0.109375,0.0,0,0
1779556875.512024,-0.341796875,-0.146484375,-0.015625,0.111328125,-0.08984375,0.0,0,0
1779556875.520012,-0.267578125,-0.12109375,-0.015625,0.111328125,-0.08984375,0.0,0,0
1779556875.528028,-0.267578125,-0.12109375,-0.015625,0.119140625,-0.064453125,0.0,0,0
1779556875.536061,-0.2265625,-0.107421875,0.00390625,0.119140625,-0.064453125,0.0,0,0
1779556875.544078,-0.2265625,-0.107421875,0.00390625,0.123046875,-0.0546875,0.0,0,0
1779556875.552062,-0.1796875,-0.08203125,0.009765625,0.123046875,-0.0546875,0.0,0,0
1779556875.560054,-0.1796875,-0.08203125,0.009765625,0.1171875,-0.04296875,0.0,0,0
1779556875.568068,-0.115234375,-0.046875,0.017578125,0.1171875,-0.04296875,0.0,0,0
1779556875.576044,-0.115234375,-0.046875,0.017578125,0.09375,-0.015625,0.0,0,0
1779556875.584113,-0.060546875,-0.02734375,0.01953125,0.09375,-0.015625,0.0,0,0
1779556875.592017,-0.060546875,-0.02734375,0.01953125,0.080078125,-0.015625,0.0,0,0
1779556875.600079,-0.017578125,-0.005859375,0.029296875,0.080078125,-0.015625,0.0,0,0
1779556875.608064,-0.017578125,-0.005859375,0.029296875,0.05078125,-0.015625,0.0,0,0
1779556875.616055,-0.017578125,-0.005859375,0.029296875,0.05078125,-0.015625,0.0,0,0
1779556875.623048,-0.017578125,-0.005859375,0.029296875,0.0234375,-0.015625,0.0,0,0
1779556875.640044,-0.017578125,-0.005859375,0.029296875,0.015625,-0.015625,0.0,0,0
1779556875.656021,-0.017578125,-0.005859375,0.029296875,0.015625,-0.015625,0.0,0,0
1779556875.685989,0.0,0.0,0.0,0.0,0.0,0.0,0,0
1779556875.717021,0.0,0.0,0.0,0.0,0.0,0.0,0,0
1779556875.747967,0.0,0.0,0.0,0.0,0.0,0.0,0,0
1779556875.779025,0.0,0.0,0.0,0.0,0.0,0.0,0,0
1779556875.810063,0.0,0.0,0.0,0.0,0.0,0.0,0,0
1779556875.841065,0.0,0.0,0.0,0.0,0.0,0.0,0,0
1779556875.872031,0.0,0.0,0.0,0.0,0.0,0.0,0,0
1779556875.902999,0.0,0.0,0.0,0.0,0.0,0.0,0,0
1779556875.934067,0.0,0.0,0.0,0.0,0.0,0.0,0,0
1779556875.965018,0.0,0.0,0.0,0.0,0.0,0.0,0,0
1779556875.996018,0.0,0.0,0.0,0.0,0.0,0.0,0,0
1779556876.027022,0.0,0.0,0.0,0.0,0.0,0.0,0,0
1779556876.058097,0.0,0.0,0.0,0.0,0.0,0.0,0,0
1779556876.064062,0.0,-0.005859375,0.029296875,0.015625,-0.015625,0.0,0,0
1779556876.080040,0.0,-0.005859375,0.029296875,0.015625,-0.015625,0.0,0,0
1779556876.096059,0.00390625,-0.005859375,0.029296875,0.015625,-0.015625,0.0,0,0
1779556876.111081,0.0,-0.005859375,0.029296875,0.015625,-0.015625,0.0,0,0
1779556876.140999,0.0,0.0,0.0,0.0,0.0,0.0,0,0
1779556876.160068,0.00390625,-0.005859375,0.029296875,0.015625,-0.015625,0.0,0,0
1779556876.176000,0.0,-0.005859375,0.029296875,0.015625,-0.015625,0.0,0,0
1779556876.206008,0.0,0.0,0.0,0.0,0.0,0.0,0,0
1779556876.237033,0.0,0.0,0.0,0.0,0.0,0.0,0,0
1779556876.264048,0.0,-0.005859375,0.029296875,0.015625,-0.015625,0.0,0,0
1779556876.280044,0.005859375,-0.005859375,0.029296875,0.015625,-0.015625,0.0,0,0
1779556876.296012,0.005859375,-0.005859375,0.029296875,0.015625,-0.015625,0.0,0,0
1779556876.311063,0.005859375,-0.005859375,0.029296875,0.015625,-0.015625,0.0,0,0
1779556876.328068,0.0078125,-0.005859375,0.029296875,0.015625,-0.015625,0.0,0,0
1779556876.343057,0.01171875,-0.005859375,0.029296875,0.015625,-0.015625,0.0,0,0
1779556876.359062,0.017578125,-0.005859375,0.029296875,0.015625,-0.015625,0.0,0,0
1779556876.375046,0.021484375,-0.005859375,0.029296875,0.015625,-0.015625,0.0,0,0
1779556876.391092,0.02734375,-0.005859375,0.029296875,0.015625,-0.015625,0.0,0,0
1779556876.407033,0.037109375,-0.005859375,0.029296875,0.015625,-0.015625,0.0,0,0
1779556876.424039,0.041015625,-0.005859375,0.029296875,0.015625,-0.015625,0.0,0,0
1779556876.440020,0.044921875,-0.005859375,0.029296875,0.015625,-0.015625,0.0,0,0
1779556876.456043,0.048828125,-0.005859375,0.029296875,0.015625,-0.015625,0.0,0,0
1779556876.472073,0.0546875,-0.005859375,0.029296875,0.015625,-0.015625,0.0,0,0
1779556876.488056,0.060546875,-0.005859375,0.029296875,0.015625,-0.015625,0.0,0,0
1779556876.503016,0.068359375,-0.005859375,0.029296875,0.015625,-0.015625,0.0,0,0
1779556876.519055,0.072265625,-0.005859375,0.029296875,0.015625,-0.015625,0.0,0,0
1779556876.536047,0.076171875,-0.005859375,0.029296875,0.015625,-0.015625,0.0,0,0
1779556876.552053,0.07421875,-0.005859375,0.029296875,0.015625,-0.015625,0.0,0,0
1779556876.568063,0.07421875,-0.005859375,0.029296875,0.015625,-0.015625,0.0,0,0
1779556876.584006,0.078125,-0.005859375,0.029296875,0.015625,-0.015625,0.0,0,0
1779556876.600044,0.08203125,-0.005859375,0.029296875,0.015625,-0.015625,0.0,0,0
1779556876.616032,0.08203125,-0.005859375,0.029296875,0.015625,-0.015625,0.0,0,0
1779556876.632053,0.083984375,-0.005859375,0.029296875,0.015625,-0.015625,0.0,0,0
1779556876.648032,0.08984375,-0.005859375,0.029296875,0.015625,-0.015625,0.0,0,0
1779556876.663103,0.09375,-0.005859375,0.029296875,0.015625,-0.015625,0.0,0,0
1779556876.680053,0.095703125,-0.005859375,0.029296875,0.015625,-0.015625,0.0,0,0
1779556876.695997,0.099609375,0.0,0.029296875,0.015625,-0.015625,0.0,0,0
1779556876.711045,0.1015625,-0.0078125,0.029296875,0.015625,-0.015625,0.0,0,0
1779556876.727086,0.095703125,-0.01171875,0.029296875,0.015625,-0.015625,0.0,0,0
1779556876.744069,0.08984375,-0.015625,0.029296875,0.015625,-0.015625,0.0,0,0
1779556876.760136,0.083984375,-0.015625,0.029296875,0.015625,-0.015625,0.0,0,0
1779556876.776069,0.076171875,-0.015625,0.029296875,0.015625,-0.015625,0.0,0,0
1779556876.792051,0.072265625,-0.01171875,0.029296875,0.015625,-0.015625,0.0,0,0
1779556876.808057,0.072265625,-0.013671875,0.029296875,0.015625,-0.015625,0.0,0,0
1779556876.823999,0.068359375,-0.013671875,0.029296875,0.015625,-0.015625,0.0,0,0
1779556876.840024,0.068359375,-0.015625,0.029296875,0.015625,-0.015625,0.0,0,0
1779556876.855962,0.06640625,-0.017578125,0.029296875,0.015625,-0.015625,0.0,0,0
1779556876.872010,0.06640625,-0.01953125,0.029296875,0.015625,-0.015625,0.0,0,0
1779556876.887997,0.064453125,-0.01953125,0.029296875,0.015625,-0.015625,0.0,0,0
1779556876.904037,0.0625,-0.021484375,0.029296875,0.015625,-0.015625,0.0,0,0
1779556876.920006,0.0625,-0.025390625,0.029296875,0.015625,-0.015625,0.0,0,0
1779556876.936056,0.0625,-0.02734375,0.029296875,0.015625,-0.015625,0.0,0,0
1779556876.943980,0.0625,-0.02734375,0.029296875,0.0,-0.015625,0.0,0,0
1779556876.952054,0.064453125,-0.025390625,0.029296875,0.0,-0.015625,0.0,0,0
1779556876.968068,0.0703125,-0.021484375,0.029296875,0.0,-0.015625,0.0,0,0
1779556876.984059,0.072265625,-0.017578125,0.029296875,0.0,-0.015625,0.0,0,0
1779556877.000091,0.072265625,-0.017578125,0.029296875,0.0,-0.015625,0.0,0,0
1779556877.008093,0.072265625,-0.017578125,0.029296875,0.00390625,-0.015625,0.0,0,0
1779556877.016073,0.06640625,-0.013671875,0.029296875,0.00390625,-0.015625,0.0,0,0
1779556877.023112,0.06640625,-0.013671875,0.029296875,0.00390625,-0.015625,0.0,0,0
1779556877.031056,0.064453125,-0.013671875,0.029296875,0.00390625,-0.015625,0.0,0,0
1779556877.039044,0.064453125,-0.013671875,0.029296875,0.00390625,-0.015625,0.0,0,0
1779556877.047992,0.0703125,-0.013671875,0.029296875,0.00390625,-0.015625,0.0,0,0
1779556877.055986,0.0703125,-0.013671875,0.029296875,0.00390625,-0.015625,0.0,0,0
1779556877.063992,0.07421875,-0.013671875,0.029296875,0.00390625,-0.015625,0.0,0,0
1779556877.080040,0.078125,-0.017578125,0.029296875,0.00390625,-0.015625,0.0,0,0
1779556877.096055,0.0859375,-0.01953125,0.029296875,0.00390625,-0.015625,0.0,0,0
1779556877.104068,0.0859375,-0.01953125,0.029296875,0.0,-0.015625,0.0,0,0
1779556877.112049,0.08984375,-0.021484375,0.029296875,0.0,-0.015625,0.0,0,0
1779556877.120050,0.08984375,-0.021484375,0.029296875,0.0,-0.015625,0.0,0,0
1779556877.128002,0.08984375,-0.0234375,0.029296875,0.0,-0.015625,0.0,0,0
1779556877.136116,0.08984375,-0.0234375,0.029296875,0.005859375,-0.015625,0.0,0,0
1779556877.144057,0.083984375,-0.0234375,0.029296875,0.005859375,-0.015625,0.0,0,0
1779556877.152082,0.083984375,-0.0234375,0.029296875,0.0078125,-0.015625,0.0,0,0
1779556877.159071,0.08203125,-0.0234375,0.029296875,0.0078125,-0.015625,0.0,0,0
1779556877.168039,0.08203125,-0.0234375,0.029296875,0.0078125,-0.015625,0.0,0,0
1779556877.176039,0.083984375,-0.01953125,0.029296875,0.0078125,-0.015625,0.0,0,0
1779556877.183055,0.083984375,-0.01953125,0.029296875,0.00390625,-0.015625,0.0,0,0
1779556877.192066,0.087890625,-0.01953125,0.029296875,0.00390625,-0.015625,0.0,0,0
1779556877.200057,0.087890625,-0.01953125,0.029296875,0.0,-0.015625,0.0,0,0
1779556877.207996,0.0859375,-0.021484375,0.029296875,0.0,-0.015625,0.0,0,0
1779556877.223063,0.076171875,-0.025390625,0.029296875,0.0,-0.015625,0.0,0,0
1779556877.239073,0.072265625,-0.02734375,0.029296875,0.0,-0.015625,0.0,0,0
1779556877.247009,0.072265625,-0.02734375,0.029296875,0.005859375,-0.015625,0.0,0,0
1779556877.256018,0.0703125,-0.025390625,0.029296875,0.005859375,-0.015625,0.0,0,0
1779556877.263098,0.0703125,-0.025390625,0.029296875,0.009765625,-0.015625,0.0,0,0
1779556877.272035,0.06640625,-0.0234375,0.029296875,0.009765625,-0.015625,0.0,0,0
1779556877.279029,0.06640625,-0.0234375,0.029296875,0.013671875,-0.015625,0.0,0,0
1779556877.287051,0.06640625,-0.0234375,0.029296875,0.013671875,-0.015625,0.0,0,0
1779556877.295011,0.06640625,-0.0234375,0.029296875,0.015625,-0.015625,0.0,0,0
1779556877.304086,0.064453125,-0.025390625,0.029296875,0.015625,-0.015625,0.0,0,0
1779556877.312087,0.064453125,-0.025390625,0.029296875,0.015625,-0.015625,0.0,0,0
1779556877.319074,0.0625,-0.02734375,0.029296875,0.015625,-0.015625,0.0,0,0
1779556877.328021,0.0625,-0.02734375,0.029296875,0.017578125,-0.015625,0.0,0,0
1779556877.336188,0.0625,-0.02734375,0.029296875,0.017578125,-0.015625,0.0,0,0
1779556877.344041,0.0625,-0.02734375,0.029296875,0.01953125,-0.015625,0.0,0,0
1779556877.352090,0.0625,-0.02734375,0.029296875,0.01953125,-0.015625,0.0,0,0
1779556877.360028,0.0625,-0.02734375,0.029296875,0.021484375,-0.015625,0.0,0,0
1779556877.368042,0.0625,-0.0234375,0.029296875,0.021484375,-0.015625,0.0,0,0
1779556877.376012,0.0625,-0.0234375,0.029296875,0.0234375,-0.015625,0.0,0,0
1779556877.384070,0.056640625,-0.021484375,0.029296875,0.0234375,-0.015625,0.0,0,0
1779556877.391047,0.056640625,-0.021484375,0.029296875,0.02734375,-0.015625,0.0,0,0
1779556877.399059,0.052734375,-0.01953125,0.029296875,0.02734375,-0.015625,0.0,0,0
1779556877.407076,0.052734375,-0.01953125,0.029296875,0.02734375,-0.015625,0.0,0,0
1779556877.416091,0.046875,-0.01953125,0.029296875,0.02734375,-0.015625,0.0,0,0
1779556877.423048,0.046875,-0.01953125,0.029296875,0.029296875,-0.015625,0.0,0,0
1779556877.432049,0.041015625,-0.013671875,0.029296875,0.029296875,-0.015625,0.0,0,0
1779556877.439079,0.041015625,-0.013671875,0.029296875,0.029296875,-0.015625,0.0,0,0
1779556877.448047,0.033203125,-0.013671875,0.029296875,0.029296875,-0.015625,0.0,0,0
1779556877.455094,0.033203125,-0.013671875,0.029296875,0.02734375,-0.015625,0.0,0,0
1779556877.464067,0.02734375,-0.0078125,0.029296875,0.02734375,-0.015625,0.0,0,0
1779556877.472111,0.02734375,-0.0078125,0.029296875,0.025390625,-0.015625,0.0,0,0
1779556877.480097,0.01953125,0.0,0.029296875,0.025390625,-0.015625,0.0,0,0
1779556877.488060,0.01953125,0.0,0.029296875,0.021484375,-0.015625,0.0,0,0
1779556877.496029,0.017578125,0.0,0.029296875,0.021484375,-0.015625,0.0,0,0
1779556877.504086,0.017578125,0.0,0.029296875,0.0234375,-0.015625,0.0,0,0
1779556877.512068,0.01171875,0.0,0.029296875,0.0234375,-0.015625,0.0,0,0
1779556877.520100,0.01171875,0.0,0.029296875,0.017578125,-0.015625,0.0,0,0
1779556877.528051,0.00390625,0.0,0.029296875,0.017578125,-0.015625,0.0,0,0
1779556877.536045,0.00390625,0.0,0.029296875,0.00390625,-0.015625,0.0,0,0
1779556877.566038,0.0,0.0,0.0,0.0,0.0,0.0,0,0
1779556877.597022,0.0,0.0,0.0,0.0,0.0,0.0,0,0
1779556877.628076,0.0,0.0,0.0,0.0,0.0,0.0,0,0
1779556877.659050,0.0,0.0,0.0,0.0,0.0,0.0,0,0
1779556877.689986,0.0,0.0,0.0,0.0,0.0,0.0,0,0
1779556877.721042,0.0,0.0,0.0,0.0,0.0,0.0,0,0
1779556877.752042,0.0,0.0,0.0,0.0,0.0,0.0,0,0
1779556877.783072,0.0,0.0,0.0,0.0,0.0,0.0,0,0
1779556877.814027,0.0,0.0,0.0,0.0,0.0,0.0,0,0
1779556877.845016,0.0,0.0,0.0,0.0,0.0,0.0,0,0
1779556877.876010,0.0,0.0,0.0,0.0,0.0,0.0,0,0
1779556877.907032,0.0,0.0,0.0,0.0,0.0,0.0,0,0
1779556877.938040,0.0,0.0,0.0,0.0,0.0,0.0,0,0
1779556877.969025,0.0,0.0,0.0,0.0,0.0,0.0,0,0
1779556877.999070,0.00390625,0.0,0.029296875,0.00390625,-0.015625,0.0,0,0
1779556878.015036,0.00390625,-0.00390625,0.029296875,0.00390625,-0.015625,0.0,0,0
1779556878.031043,0.00390625,-0.009765625,0.029296875,0.00390625,-0.015625,0.0,0,0
1779556878.048051,0.00390625,-0.013671875,0.029296875,0.00390625,-0.015625,0.0,0,0
1779556878.063042,0.00390625,-0.017578125,0.029296875,0.00390625,-0.015625,0.0,0,0
1779556878.079096,0.00390625,-0.021484375,0.029296875,0.00390625,-0.015625,0.0,0,0
1779556878.096070,0.00390625,-0.021484375,0.029296875,0.00390625,-0.015625,0.0,0,0
1779556878.112065,0.00390625,-0.021484375,0.029296875,0.00390625,-0.015625,0.0,0,0
1779556878.128105,0.00390625,-0.0234375,0.029296875,0.00390625,-0.015625,0.0,0,0
1779556878.144032,0.00390625,-0.025390625,0.029296875,0.00390625,-0.015625,0.0,0,0
1779556878.160069,0.00390625,-0.03125,0.029296875,0.00390625,-0.015625,0.0,0,0
1779556878.176083,0.00390625,-0.03125,0.029296875,0.00390625,-0.015625,0.0,0,0
1779556878.192101,0.00390625,-0.03125,0.029296875,0.00390625,-0.015625,0.0,0,0
1779556878.208089,0.00390625,-0.03125,0.029296875,0.00390625,-0.015625,0.0,0,0
1779556878.224025,0.00390625,-0.03125,0.029296875,0.00390625,-0.015625,0.0,0,0
1779556878.239985,0.00390625,-0.03125,0.029296875,0.00390625,-0.015625,0.0,0,0
1779556878.255986,0.00390625,-0.03125,0.029296875,0.00390625,-0.015625,0.0,0,0
1779556878.271016,0.00390625,-0.03125,0.029296875,0.00390625,-0.015625,0.0,0,0
1779556878.288024,0.00390625,-0.029296875,0.029296875,0.00390625,-0.015625,0.0,0,0
1779556878.303995,0.00390625,-0.025390625,0.029296875,0.00390625,-0.015625,0.0,0,0
1779556878.319995,-0.005859375,-0.0234375,0.029296875,0.00390625,-0.015625,0.0,0,0
1779556878.336122,-0.005859375,-0.0234375,0.029296875,0.00390625,-0.015625,0.0,0,0
1779556878.352009,-0.0078125,-0.0234375,0.029296875,0.00390625,-0.015625,0.0,0,0
1779556878.368092,-0.0078125,-0.0234375,0.029296875,0.00390625,-0.015625,0.0,0,0
1779556878.384032,-0.0078125,-0.025390625,0.029296875,0.00390625,-0.015625,0.0,0,0
1779556878.400057,-0.0078125,-0.02734375,0.029296875,0.00390625,-0.015625,0.0,0,0
1779556878.416115,-0.013671875,-0.029296875,0.029296875,0.00390625,-0.015625,0.0,0,0
1779556878.424100,-0.013671875,-0.029296875,0.029296875,0.0,-0.015625,0.0,0,0
1779556878.440006,-0.025390625,-0.03125,0.029296875,0.0,-0.015625,0.0,0,0
1779556878.447978,-0.025390625,-0.03125,0.029296875,0.005859375,-0.015625,0.0,0,0
1779556878.456058,-0.02734375,-0.03125,0.029296875,0.005859375,-0.015625,0.0,0,0
1779556878.464054,-0.02734375,-0.03125,0.029296875,0.00390625,-0.015625,0.0,0,0
1779556878.472097,-0.02734375,-0.03125,0.029296875,0.00390625,-0.015625,0.0,0,0
1779556878.480117,-0.02734375,-0.03125,0.029296875,0.00390625,-0.015625,0.0,0,0
1779556878.487983,-0.02734375,-0.03125,0.029296875,0.00390625,-0.015625,0.0,0,0
1779556878.496039,-0.02734375,-0.03125,0.029296875,0.00390625,-0.015625,0.0,0,0
1779556878.504091,-0.0234375,-0.029296875,0.029296875,0.00390625,-0.015625,0.0,0,0
1779556878.512071,-0.0234375,-0.029296875,0.029296875,0.0,-0.015625,0.0,0,0
1779556878.520039,-0.025390625,-0.029296875,0.029296875,0.0,-0.015625,0.0,0,0
1779556878.528084,-0.025390625,-0.029296875,0.029296875,0.00390625,-0.015625,0.0,0,0
1779556878.536245,-0.025390625,-0.029296875,0.029296875,0.00390625,-0.015625,0.0,0,0
1779556878.544073,-0.025390625,-0.029296875,0.029296875,0.005859375,-0.015625,0.0,0,0
1779556878.552014,-0.02734375,-0.029296875,0.029296875,0.005859375,-0.015625,0.0,0,0
1779556878.560035,-0.02734375,-0.029296875,0.029296875,0.005859375,-0.015625,0.0,0,0
1779556878.568063,-0.02734375,-0.029296875,0.029296875,0.005859375,-0.015625,0.0,0,0
1779556878.576037,-0.02734375,-0.029296875,0.029296875,0.00390625,-0.015625,0.0,0,0
1779556878.584046,-0.03515625,-0.029296875,0.029296875,0.00390625,-0.015625,0.0,0,0
1779556878.592075,-0.03515625,-0.029296875,0.029296875,0.005859375,-0.015625,0.0,0,0
1779556878.600040,-0.037109375,-0.029296875,0.029296875,0.005859375,-0.015625,0.0,0,0
1779556878.608000,-0.037109375,-0.029296875,0.029296875,0.005859375,-0.015625,0.0,0,0
1779556878.616043,-0.037109375,-0.029296875,0.029296875,0.005859375,-0.015625,0.0,0,0
1779556878.624087,-0.037109375,-0.029296875,0.029296875,0.005859375,-0.015625,0.0,0,0
1779556878.632063,-0.037109375,-0.029296875,0.029296875,0.005859375,-0.015625,0.0,0,0
1779556878.640079,-0.037109375,-0.029296875,0.029296875,0.005859375,-0.015625,0.0,0,0
1779556878.648057,-0.037109375,-0.029296875,0.029296875,0.005859375,-0.015625,0.0,0,0
1779556878.656061,-0.037109375,-0.029296875,0.029296875,0.005859375,-0.015625,0.0,0,0
1779556878.664033,-0.03515625,-0.029296875,0.029296875,0.005859375,-0.015625,0.0,0,0
1779556878.672060,-0.03515625,-0.029296875,0.029296875,0.005859375,-0.015625,0.0,0,0
1779556878.680002,-0.037109375,-0.029296875,0.029296875,0.005859375,-0.015625,0.0,0,0
1779556878.688011,-0.037109375,-0.029296875,0.029296875,0.005859375,-0.015625,0.0,0,0
1779556878.696052,-0.037109375,-0.029296875,0.029296875,0.005859375,-0.015625,0.0,0,0
1779556878.704098,-0.037109375,-0.029296875,0.029296875,0.005859375,0.0,0.0,0,0
1779556878.711047,-0.04296875,-0.029296875,0.029296875,0.005859375,0.0,0.0,0,0
1779556878.720019,-0.04296875,-0.029296875,0.029296875,0.005859375,-0.00390625,0.0,0,0
1779556878.727064,-0.044921875,-0.029296875,0.029296875,0.005859375,-0.00390625,0.0,0,0
1779556878.735062,-0.044921875,-0.029296875,0.029296875,0.005859375,-0.00390625,0.0,0,0
1779556878.743060,-0.046875,-0.02734375,0.029296875,0.005859375,-0.00390625,0.0,0,0
1779556878.751044,-0.046875,-0.02734375,0.029296875,0.005859375,-0.005859375,0.0,0,0
1779556878.759054,-0.048828125,-0.02734375,0.029296875,0.005859375,-0.005859375,0.0,0,0
1779556878.768051,-0.048828125,-0.02734375,0.029296875,0.005859375,-0.005859375,0.0,0,0
1779556878.776024,-0.048828125,-0.02734375,0.029296875,0.005859375,-0.005859375,0.0,0,0
1779556878.784038,-0.048828125,-0.02734375,0.029296875,0.005859375,-0.005859375,0.0,0,0
1779556878.791055,-0.05078125,-0.02734375,0.029296875,0.005859375,-0.005859375,0.0,0,0
1779556878.799044,-0.05078125,-0.02734375,0.029296875,0.005859375,-0.005859375,0.0,0,0
1779556878.808030,-0.05078125,-0.029296875,0.029296875,0.005859375,-0.005859375,0.0,0,0
1779556878.815052,-0.05078125,-0.029296875,0.029296875,0.0078125,-0.0078125,0.0,0,0
1779556878.823043,-0.05078125,-0.03125,0.029296875,0.0078125,-0.0078125,0.0,0,0
1779556878.831066,-0.05078125,-0.03125,0.029296875,0.0078125,-0.0078125,0.0,0,0
1779556878.840038,-0.05078125,-0.03125,0.029296875,0.0078125,-0.0078125,0.0,0,0
1779556878.848012,-0.05078125,-0.03125,0.029296875,0.0078125,-0.0078125,0.0,0,0
1779556878.855042,-0.052734375,-0.03125,0.029296875,0.0078125,-0.0078125,0.0,0,0
1779556878.863006,-0.052734375,-0.03125,0.029296875,0.0078125,-0.0078125,0.0,0,0
1779556878.872054,-0.05859375,-0.033203125,0.029296875,0.0078125,-0.0078125,0.0,0,0
1779556878.880073,-0.05859375,-0.033203125,0.029296875,0.0078125,-0.013671875,0.0,0,0
1779556878.888046,-0.0625,-0.03125,0.029296875,0.0078125,-0.013671875,0.0,0,0
1779556878.895037,-0.0625,-0.03125,0.029296875,0.005859375,-0.015625,0.0,0,0
1779556878.904015,-0.06640625,-0.03125,0.029296875,0.005859375,-0.015625,0.0,0,0
1779556878.911016,-0.06640625,-0.03125,0.029296875,0.00390625,-0.015625,0.0,0,0
1779556878.919049,-0.068359375,-0.029296875,0.029296875,0.00390625,-0.015625,0.0,0,0
1779556878.928039,-0.068359375,-0.029296875,0.029296875,0.0,-0.017578125,0.0,0,0
1779556878.936078,-0.068359375,-0.029296875,0.029296875,0.0,-0.017578125,0.0,0,0
1779556878.944018,-0.068359375,-0.029296875,0.029296875,0.0,-0.017578125,0.0,0,0
1779556878.952053,-0.0703125,-0.03125,0.029296875,0.0,-0.017578125,0.0,0,0
1779556878.960050,-0.0703125,-0.03125,0.029296875,0.0,-0.01953125,0.0,0,0
1779556878.968054,-0.07421875,-0.03125,0.0,0.0,-0.01953125,0.0,0,0
1779556878.976076,-0.07421875,-0.03125,0.0,0.0,-0.0234375,0.0,0,0
1779556878.984097,-0.07421875,-0.03125,-0.005859375,0.0,-0.0234375,0.0,0,0
1779556878.992053,-0.07421875,-0.03125,-0.005859375,0.00390625,-0.025390625,0.0,0,0
1779556879.000021,-0.072265625,-0.03125,-0.0078125,0.00390625,-0.025390625,0.0,0,0
1779556879.007102,-0.072265625,-0.03125,-0.0078125,0.00390625,-0.025390625,0.0,0,0
1779556879.015046,-0.072265625,-0.029296875,-0.01171875,0.00390625,-0.025390625,0.0,0,0
1779556879.023026,-0.072265625,-0.029296875,-0.01171875,0.00390625,-0.025390625,0.0,0,0
1779556879.031981,-0.072265625,-0.029296875,-0.01953125,0.00390625,-0.025390625,0.0,0,0
1779556879.039045,-0.072265625,-0.029296875,-0.01953125,0.00390625,-0.02734375,0.0,0,0
1779556879.047007,-0.068359375,-0.029296875,-0.0234375,0.00390625,-0.02734375,0.0,0,0
1779556879.056087,-0.068359375,-0.029296875,-0.0234375,0.00390625,-0.02734375,0.0,0,0
1779556879.063088,-0.06640625,-0.03125,-0.029296875,0.00390625,-0.02734375,0.0,0,0
1779556879.071054,-0.06640625,-0.03125,-0.029296875,0.00390625,-0.02734375,0.0,0,0
1779556879.079993,-0.060546875,-0.03515625,-0.041015625,0.00390625,-0.02734375,0.0,0,0
1779556879.087148,-0.060546875,-0.03515625,-0.041015625,0.00390625,-0.02734375,0.0,0,0
1779556879.096016,-0.05859375,-0.041015625,-0.046875,0.00390625,-0.02734375,0.0,0,0
1779556879.104123,-0.05859375,-0.041015625,-0.046875,0.0,-0.02734375,0.0,0,0
1779556879.112044,-0.05859375,-0.041015625,-0.060546875,0.0,-0.02734375,0.0,0,0
1779556879.120030,-0.05859375,-0.041015625,-0.060546875,0.0,-0.02734375,0.0,0,0
1779556879.127081,-0.05859375,-0.04296875,-0.0703125,0.0,-0.02734375,0.0,0,0
1779556879.136079,-0.05859375,-0.04296875,-0.0703125,0.0,-0.03125,0.0,0,0
1779556879.144067,-0.0625,-0.046875,-0.08203125,0.0,-0.03125,0.0,0,0
1779556879.152098,-0.0625,-0.046875,-0.08203125,0.0,-0.03515625,0.0,0,0
1779556879.159072,-0.0625,-0.05078125,-0.087890625,0.0,-0.03515625,0.0,0,0
1779556879.167101,-0.0625,-0.05078125,-0.087890625,0.0078125,-0.033203125,0.0,0,0
1779556879.175058,-0.0625,-0.05078125,-0.09765625,0.0078125,-0.033203125,0.0,0,0
1779556879.183010,-0.0625,-0.05078125,-0.09765625,0.005859375,-0.03515625,0.0,0,0
1779556879.191048,-0.0625,-0.046875,-0.107421875,0.005859375,-0.03515625,0.0,0,0
1779556879.199101,-0.0625,-0.046875,-0.107421875,0.005859375,-0.03515625,0.0,0,0
1779556879.207099,-0.064453125,-0.046875,-0.111328125,0.005859375,-0.03515625,0.0,0,0
1779556879.215054,-0.064453125,-0.046875,-0.111328125,0.005859375,-0.03515625,0.0,0,0
1779556879.223060,-0.06640625,-0.044921875,-0.119140625,0.005859375,-0.03515625,0.0,0,0
1779556879.231077,-0.06640625,-0.044921875,-0.119140625,0.00390625,-0.03515625,0.0,0,0
1779556879.239043,-0.068359375,-0.046875,-0.12109375,0.00390625,-0.03515625,0.0,0,0
1779556879.247971,-0.068359375,-0.046875,-0.12109375,0.00390625,-0.037109375,0.0,0,0
1779556879.256034,-0.06640625,-0.048828125,-0.126953125,0.00390625,-0.037109375,0.0,0,0
1779556879.264030,-0.06640625,-0.048828125,-0.126953125,0.0078125,-0.037109375,0.0,0,0
1779556879.271040,-0.064453125,-0.048828125,-0.1328125,0.0078125,-0.037109375,0.0,0,0
1779556879.279033,-0.064453125,-0.048828125,-0.1328125,0.009765625,-0.03515625,0.0,0,0
1779556879.287101,-0.064453125,-0.048828125,-0.14453125,0.009765625,-0.03515625,0.0,0,0
1779556879.296026,-0.064453125,-0.048828125,-0.14453125,0.009765625,-0.03515625,0.0,0,0
1779556879.304116,-0.06640625,-0.05078125,-0.15625,0.009765625,-0.03515625,0.0,0,0
1779556879.311106,-0.06640625,-0.05078125,-0.15625,0.017578125,-0.03515625,0.0,0,0
1779556879.320108,-0.072265625,-0.046875,-0.16796875,0.017578125,-0.03515625,0.0,0,0
1779556879.328091,-0.072265625,-0.046875,-0.16796875,0.017578125,-0.0390625,0.0,0,0
1779556879.335079,-0.072265625,-0.044921875,-0.177734375,0.017578125,-0.0390625,0.0,0,0
1779556879.343026,-0.072265625,-0.044921875,-0.177734375,0.015625,-0.0390625,0.0,0,0
1779556879.351046,-0.068359375,-0.041015625,-0.18359375,0.015625,-0.0390625,0.0,0,0
1779556879.359067,-0.068359375,-0.041015625,-0.18359375,0.009765625,-0.037109375,0.0,0,0
1779556879.367087,-0.064453125,-0.041015625,-0.1875,0.009765625,-0.037109375,0.0,0,0
1779556879.375107,-0.064453125,-0.041015625,-0.1875,0.00390625,-0.03515625,0.0,0,0
1779556879.383053,-0.06640625,-0.041015625,-0.201171875,0.00390625,-0.03515625,0.0,0,0
1779556879.391065,-0.06640625,-0.041015625,-0.201171875,0.00390625,-0.037109375,0.0,0,0
1779556879.400029,-0.072265625,-0.041015625,-0.216796875,0.00390625,-0.037109375,0.0,0,0
1779556879.408056,-0.072265625,-0.041015625,-0.216796875,0.009765625,-0.04296875,0.0,0,0
1779556879.415017,-0.078125,-0.0390625,-0.232421875,0.009765625,-0.04296875,0.0,0,0
1779556879.424060,-0.078125,-0.0390625,-0.232421875,0.013671875,-0.046875,0.0,0,0
1779556879.431081,-0.076171875,-0.0390625,-0.240234375,0.013671875,-0.046875,0.0,0,0
1779556879.439083,-0.076171875,-0.0390625,-0.240234375,0.013671875,-0.046875,0.0,0,0
1779556879.447076,-0.068359375,-0.0390625,-0.2421875,0.013671875,-0.046875,0.0,0,0
1779556879.455093,-0.068359375,-0.0390625,-0.2421875,0.017578125,-0.041015625,0.0,0,0
1779556879.463048,-0.0625,-0.0390625,-0.244140625,0.017578125,-0.041015625,0.0,0,0
1779556879.472096,-0.0625,-0.0390625,-0.244140625,0.017578125,-0.037109375,0.0,0,0
1779556879.479092,-0.060546875,-0.0390625,-0.251953125,0.017578125,-0.037109375,0.0,0,0
1779556879.487120,-0.060546875,-0.0390625,-0.251953125,0.021484375,-0.037109375,0.0,0,0
1779556879.495099,-0.06640625,-0.0390625,-0.26171875,0.021484375,-0.037109375,0.0,0,0
1779556879.504032,-0.06640625,-0.0390625,-0.26171875,0.0234375,-0.04296875,0.0,0,0
1779556879.511053,-0.06640625,-0.041015625,-0.265625,0.0234375,-0.04296875,0.0,0,0
1779556879.519070,-0.06640625,-0.041015625,-0.265625,0.0234375,-0.046875,0.0,0,0
1779556879.528022,-0.0625,-0.041015625,-0.265625,0.0234375,-0.046875,0.0,0,0
1779556879.536079,-0.0625,-0.041015625,-0.265625,0.021484375,-0.04296875,0.0,0,0
1779556879.544045,-0.056640625,-0.041015625,-0.26171875,0.021484375,-0.04296875,0.0,0,0
1779556879.552071,-0.056640625,-0.041015625,-0.26171875,0.0234375,-0.0390625,0.0,0,0
1779556879.560065,-0.052734375,-0.0390625,-0.263671875,0.0234375,-0.0390625,0.0,0,0
1779556879.568094,-0.052734375,-0.0390625,-0.263671875,0.021484375,-0.037109375,0.0,0,0
1779556879.576053,-0.05078125,-0.037109375,-0.265625,0.021484375,-0.037109375,0.0,0,0
1779556879.584018,-0.05078125,-0.037109375,-0.265625,0.021484375,-0.037109375,0.0,0,0
1779556879.591052,-0.0546875,-0.033203125,-0.267578125,0.021484375,-0.037109375,0.0,0,0
1779556879.599047,-0.0546875,-0.033203125,-0.267578125,0.013671875,-0.041015625,0.0,0,0
1779556879.607049,-0.05859375,-0.03125,-0.265625,0.013671875,-0.041015625,0.0,0,0
1779556879.616036,-0.05859375,-0.03125,-0.265625,0.009765625,-0.046875,0.0,0,0
1779556879.624036,-0.064453125,-0.03125,-0.263671875,0.009765625,-0.046875,0.0,0,0
1779556879.631103,-0.064453125,-0.03125,-0.263671875,0.00390625,-0.048828125,0.0,0,0
1779556879.640071,-0.06640625,-0.029296875,-0.267578125,0.00390625,-0.048828125,0.0,0,0
1779556879.647106,-0.06640625,-0.029296875,-0.267578125,0.0,-0.05078125,0.0,0,0
1779556879.656099,-0.064453125,-0.02734375,-0.267578125,0.0,-0.05078125,0.0,0,0
1779556879.664085,-0.064453125,-0.02734375,-0.267578125,0.0,-0.048828125,0.0,0,0
1779556879.672050,-0.060546875,-0.02734375,-0.265625,0.0,-0.048828125,0.0,0,0
1779556879.679106,-0.060546875,-0.02734375,-0.265625,0.0,-0.046875,0.0,0,0
1779556879.688006,-0.052734375,-0.02734375,-0.263671875,0.0,-0.046875,0.0,0,0
1779556879.696075,-0.052734375,-0.02734375,-0.263671875,0.0,-0.041015625,0.0,0,0
1779556879.704072,-0.046875,-0.03125,-0.25390625,0.0,-0.041015625,0.0,0,0
1779556879.711074,-0.046875,-0.03125,-0.25390625,0.0,-0.037109375,0.0,0,0
1779556879.719090,-0.044921875,-0.033203125,-0.23828125,0.0,-0.037109375,0.0,0,0
1779556879.728058,-0.044921875,-0.033203125,-0.23828125,0.0,-0.037109375,0.0,0,0
1779556879.736012,-0.04296875,-0.0390625,-0.220703125,0.0,-0.037109375,0.0,0,0
1779556879.744066,-0.04296875,-0.0390625,-0.220703125,0.0,-0.037109375,0.0,0,0
1779556879.751046,-0.037109375,-0.041015625,-0.20703125,0.0,-0.037109375,0.0,0,0
1779556879.759084,-0.037109375,-0.041015625,-0.20703125,0.0,-0.03125,0.0,0,0
1779556879.767119,-0.03125,-0.041015625,-0.177734375,0.0,-0.03125,0.0,0,0
1779556879.776122,-0.03125,-0.041015625,-0.177734375,0.0,-0.02734375,0.0,0,0
1779556879.784100,-0.021484375,-0.041015625,-0.138671875,0.0,-0.02734375,0.0,0,0
1779556879.791089,-0.021484375,-0.041015625,-0.138671875,0.0,-0.015625,0.0,0,0
1779556879.799006,-0.005859375,-0.03515625,-0.091796875,0.0,-0.015625,0.0,0,0
1779556879.808055,-0.005859375,-0.03515625,-0.091796875,0.00390625,-0.015625,0.0,0,0
1779556879.815021,-0.005859375,-0.02734375,-0.0625,0.00390625,-0.015625,0.0,0,0
1779556879.824071,-0.005859375,-0.02734375,-0.0625,0.01171875,-0.015625,0.0,0,0
1779556879.832074,-0.005859375,-0.017578125,-0.025390625,0.01171875,-0.015625,0.0,0,0
1779556879.840054,-0.005859375,-0.017578125,-0.025390625,0.013671875,-0.015625,0.0,0,0
1779556879.848031,-0.005859375,-0.00390625,-0.025390625,0.013671875,-0.015625,0.0,0,0
1779556879.856071,-0.005859375,-0.00390625,-0.025390625,0.01171875,-0.015625,0.0,0,0
1779556879.871076,-0.005859375,-0.00390625,-0.025390625,0.0078125,-0.015625,0.0,0,0
1779556879.901053,0.0,0.0,0.0,0.0,0.0,0.0,0,0
1779556879.932072,0.0,0.0,0.0,0.0,0.0,0.0,0,0
1779556879.963071,0.0,0.0,0.0,0.0,0.0,0.0,0,0
1779556879.994043,0.0,0.0,0.0,0.0,0.0,0.0,0,0
1779556880.025026,0.0,0.0,0.0,0.0,0.0,0.0,0,0
1779556880.056013,0.0,0.0,0.0,0.0,0.0,0.0,0,0
1779556880.087019,0.0,0.0,0.0,0.0,0.0,0.0,0,0
1779556880.118033,0.0,0.0,0.0,0.0,0.0,0.0,0,0
1779556880.149003,0.0,0.0,0.0,0.0,0.0,0.0,0,0
1779556880.180036,0.0,0.0,0.0,0.0,0.0,0.0,0,0
1779556880.211013,0.0,0.0,0.0,0.0,0.0,0.0,0,0
1779556880.242067,0.0,0.0,0.0,0.0,0.0,0.0,0,0
1779556880.273092,0.0,0.0,0.0,0.0,0.0,0.0,0,0
1779556880.304069,0.0,0.0,0.0,0.0,0.0,0.0,0,0
1779556880.335051,0.0,0.0,0.0,0.0,0.0,0.0,0,0
1779556880.366021,0.0,0.0,0.0,0.0,0.0,0.0,0,0
1779556880.397063,0.0,0.0,0.0,0.0,0.0,0.0,0,0
1779556880.428054,0.0,0.0,0.0,0.0,0.0,0.0,0,0
1779556880.459037,0.0,0.0,0.0,0.0,0.0,0.0,0,0
1779556880.490021,0.0,0.0,0.0,0.0,0.0,0.0,0,0
1779556880.521022,0.0,0.0,0.0,0.0,0.0,0.0,0,0
1779556880.536046,-0.005859375,-0.00390625,0.0,0.0078125,-0.015625,0.0,0,0
1779556880.552052,-0.005859375,-0.00390625,-0.0078125,0.0078125,-0.015625,0.0,0,0
1779556880.568049,0.0,-0.00390625,-0.02734375,0.0078125,-0.015625,0.0,0,0
1779556880.584002,0.017578125,-0.00390625,-0.0390625,0.0078125,-0.015625,0.0,0,0
1779556880.600013,0.037109375,-0.00390625,-0.0625,0.0078125,-0.015625,0.0,0,0
1779556880.615038,0.064453125,-0.00390625,-0.083984375,0.0078125,-0.015625,0.0,0,0
1779556880.632054,0.099609375,-0.00390625,-0.103515625,0.0078125,-0.015625,0.0,0,0
1779556880.648096,0.140625,-0.00390625,-0.1171875,0.0078125,-0.015625,0.0,0,0
1779556880.664052,0.169921875,-0.00390625,-0.12109375,0.0078125,-0.015625,0.0,0,0
1779556880.671109,0.169921875,-0.00390625,-0.12109375,0.0078125,-0.015625,0.0,0,0
1779556880.679078,0.208984375,-0.00390625,-0.126953125,0.0078125,-0.015625,0.0,0,0
1779556880.687990,0.208984375,-0.00390625,-0.126953125,0.0,-0.015625,0.013671875,0,0
1779556880.695049,0.232421875,-0.00390625,-0.12890625,0.0,-0.015625,0.013671875,0,0
1779556880.704059,0.232421875,-0.00390625,-0.12890625,0.01171875,-0.015625,0.021484375,0,0
1779556880.712023,0.248046875,-0.00390625,-0.125,0.01171875,-0.015625,0.021484375,0,0
1779556880.719086,0.248046875,-0.00390625,-0.125,0.01171875,-0.015625,0.02734375,0,0
1779556880.728117,0.259765625,-0.00390625,-0.1171875,0.01171875,-0.015625,0.02734375,0,0
1779556880.736070,0.259765625,-0.00390625,-0.1171875,0.013671875,-0.015625,0.033203125,0,0
1779556880.744014,0.26953125,-0.00390625,-0.103515625,0.013671875,-0.015625,0.033203125,0,0
1779556880.752057,0.26953125,-0.00390625,-0.103515625,0.015625,-0.015625,0.037109375,0,0
1779556880.759036,0.271484375,-0.00390625,-0.095703125,0.015625,-0.015625,0.037109375,0,0
1779556880.768051,0.271484375,-0.00390625,-0.095703125,0.01953125,-0.015625,0.0390625,0,0
1779556880.776083,0.279296875,-0.00390625,-0.0859375,0.01953125,-0.015625,0.0390625,0,0
1779556880.783011,0.279296875,-0.00390625,-0.0859375,0.0234375,-0.015625,0.0390625,0,0
1779556880.792009,0.2890625,-0.00390625,-0.076171875,0.0234375,-0.015625,0.0390625,0,0
1779556880.800032,0.2890625,-0.00390625,-0.076171875,0.02734375,-0.015625,0.0390625,0,0
1779556880.808030,0.30078125,-0.00390625,-0.06640625,0.02734375,-0.015625,0.0390625,0,0
1779556880.815032,0.30078125,-0.00390625,-0.06640625,0.033203125,-0.015625,0.037109375,0,0
1779556880.824077,0.3125,-0.00390625,-0.060546875,0.033203125,-0.015625,0.037109375,0,0
1779556880.831073,0.3125,-0.00390625,-0.060546875,0.03515625,-0.015625,0.037109375,0,0
1779556880.839068,0.31640625,-0.00390625,-0.0546875,0.03515625,-0.015625,0.037109375,0,0
1779556880.847058,0.31640625,-0.00390625,-0.0546875,0.04296875,-0.015625,0.03515625,0,0
1779556880.856053,0.318359375,-0.00390625,-0.037109375,0.04296875,-0.015625,0.03515625,0,0
1779556880.863074,0.318359375,-0.00390625,-0.037109375,0.046875,0.005859375,0.03515625,0,0
1779556880.872132,0.322265625,-0.00390625,-0.021484375,0.046875,0.005859375,0.03515625,0,0
1779556880.880047,0.322265625,-0.00390625,-0.021484375,0.05078125,0.013671875,0.03515625,0,0
1779556880.888021,0.322265625,-0.00390625,-0.015625,0.05078125,0.013671875,0.03515625,0,0
1779556880.895065,0.322265625,-0.00390625,-0.015625,0.0546875,0.013671875,0.03515625,0,0
1779556880.903091,0.314453125,-0.00390625,-0.013671875,0.0546875,0.013671875,0.03515625,0,0
1779556880.912039,0.314453125,-0.00390625,-0.013671875,0.056640625,0.0078125,0.03515625,0,0
1779556880.919075,0.3046875,-0.00390625,-0.013671875,0.056640625,0.0078125,0.03515625,0,0
1779556880.928065,0.3046875,-0.00390625,-0.013671875,0.0546875,0.005859375,0.03515625,0,0
1779556880.936040,0.296875,-0.00390625,-0.00390625,0.0546875,0.005859375,0.03515625,0,0
1779556880.944066,0.296875,-0.00390625,-0.00390625,0.056640625,0.0,0.03515625,0,0
1779556880.950995,0.29296875,-0.00390625,-0.00390625,0.056640625,0.0,0.03515625,0,0
1779556880.960061,0.29296875,-0.00390625,-0.00390625,0.05859375,0.00390625,0.03125,0,0
1779556880.968071,0.2890625,-0.00390625,-0.00390625,0.05859375,0.00390625,0.03125,0,0
1779556880.976038,0.2890625,-0.00390625,-0.00390625,0.060546875,0.0078125,0.03125,0,0
1779556880.984039,0.283203125,-0.00390625,-0.00390625,0.060546875,0.0078125,0.03125,0,0
1779556880.991064,0.283203125,-0.00390625,-0.00390625,0.064453125,0.0078125,0.02734375,0,0
1779556881.000042,0.271484375,-0.00390625,-0.00390625,0.064453125,0.0078125,0.02734375,0,0
1779556881.008097,0.271484375,-0.00390625,-0.00390625,0.068359375,0.005859375,0.02734375,0,0
1779556881.016052,0.26171875,-0.00390625,-0.00390625,0.068359375,0.005859375,0.02734375,0,0
1779556881.024029,0.26171875,-0.00390625,-0.00390625,0.064453125,0.00390625,0.025390625,0,0
1779556881.031022,0.259765625,-0.00390625,-0.00390625,0.064453125,0.00390625,0.025390625,0,0
1779556881.039065,0.259765625,-0.00390625,-0.00390625,0.064453125,0.0,0.021484375,0,0
1779556881.047049,0.275390625,-0.00390625,-0.00390625,0.064453125,0.0,0.021484375,0,0
1779556881.055039,0.275390625,-0.00390625,-0.00390625,0.06640625,0.005859375,0.013671875,0,0
1779556881.063034,0.291015625,0.0,-0.00390625,0.06640625,0.005859375,0.013671875,0,0
1779556881.072010,0.291015625,0.0,-0.00390625,0.06640625,0.009765625,0.009765625,0,0
1779556881.079055,0.306640625,-0.0078125,-0.00390625,0.06640625,0.009765625,0.009765625,0,0
1779556881.088008,0.306640625,-0.0078125,-0.00390625,0.072265625,0.013671875,0.0,0,0
1779556881.095055,0.318359375,-0.013671875,-0.00390625,0.072265625,0.013671875,0.0,0,0
1779556881.104050,0.318359375,-0.013671875,-0.00390625,0.08203125,0.021484375,0.0,0,0
1779556881.112090,0.333984375,-0.017578125,-0.00390625,0.08203125,0.021484375,0.0,0,0
1779556881.120078,0.333984375,-0.017578125,-0.00390625,0.087890625,0.025390625,0.0,0,0
1779556881.128042,0.34765625,-0.021484375,-0.00390625,0.087890625,0.025390625,0.0,0,0
1779556881.136076,0.34765625,-0.021484375,-0.00390625,0.09375,0.02734375,0.0078125,0,0
1779556881.144054,0.359375,-0.021484375,-0.00390625,0.09375,0.02734375,0.0078125,0,0
1779556881.152065,0.359375,-0.021484375,-0.00390625,0.09765625,0.033203125,0.0078125,0,0
1779556881.160064,0.35546875,-0.021484375,-0.00390625,0.09765625,0.033203125,0.0078125,0,0
1779556881.168012,0.35546875,-0.021484375,-0.00390625,0.10546875,0.029296875,0.009765625,0,0
1779556881.176048,0.353515625,-0.025390625,-0.00390625,0.10546875,0.029296875,0.009765625,0,0
1779556881.184056,0.353515625,-0.025390625,-0.00390625,0.111328125,0.029296875,0.009765625,0,0
1779556881.191036,0.34375,-0.033203125,-0.00390625,0.111328125,0.029296875,0.009765625,0,0
1779556881.199094,0.34375,-0.033203125,-0.00390625,0.11328125,0.02734375,0.01171875,0,0
1779556881.208058,0.337890625,-0.03515625,-0.00390625,0.11328125,0.02734375,0.01171875,0,0
1779556881.216055,0.337890625,-0.03515625,-0.00390625,0.111328125,0.02734375,0.009765625,0,0
1779556881.224007,0.330078125,-0.03515625,-0.00390625,0.111328125,0.02734375,0.009765625,0,0
1779556881.231052,0.330078125,-0.03515625,-0.00390625,0.107421875,0.02734375,0.0078125,0,0
1779556881.240023,0.3203125,-0.04296875,-0.00390625,0.107421875,0.02734375,0.0078125,0,0
1779556881.248050,0.3203125,-0.04296875,-0.00390625,0.107421875,0.02734375,0.0,0,0
1779556881.256051,0.3046875,-0.05078125,-0.00390625,0.107421875,0.02734375,0.0,0,0
1779556881.264048,0.3046875,-0.05078125,-0.00390625,0.107421875,0.02734375,0.0,0,0
1779556881.271084,0.28515625,-0.05859375,-0.00390625,0.107421875,0.02734375,0.0,0,0
1779556881.280049,0.28515625,-0.05859375,-0.00390625,0.10546875,0.03125,0.0,0,0
1779556881.288022,0.263671875,-0.0625,-0.00390625,0.10546875,0.03125,0.0,0,0
1779556881.295060,0.263671875,-0.0625,-0.00390625,0.109375,0.033203125,0.0,0,0
1779556881.304049,0.251953125,-0.06640625,-0.00390625,0.109375,0.033203125,0.0,0,0
1779556881.312069,0.251953125,-0.06640625,-0.00390625,0.11328125,0.03515625,0.0,0,0
1779556881.320025,0.2421875,-0.072265625,-0.00390625,0.11328125,0.03515625,0.0,0,0
1779556881.328126,0.2421875,-0.072265625,-0.00390625,0.119140625,0.03515625,0.0,0,0
1779556881.336197,0.23046875,-0.076171875,-0.00390625,0.119140625,0.03515625,0.0,0,0
1779556881.344054,0.23046875,-0.076171875,-0.00390625,0.123046875,0.03515625,0.0,0,0
1779556881.351060,0.224609375,-0.076171875,-0.00390625,0.123046875,0.03515625,0.0,0,0
1779556881.359099,0.224609375,-0.076171875,-0.00390625,0.125,0.03515625,0.0,0,0
1779556881.368088,0.212890625,-0.0703125,-0.00390625,0.125,0.03515625,0.0,0,0
1779556881.376055,0.212890625,-0.0703125,-0.00390625,0.12109375,0.03515625,0.0,0,0
1779556881.383056,0.197265625,-0.064453125,-0.00390625,0.12109375,0.03515625,0.0,0,0
1779556881.391058,0.197265625,-0.064453125,-0.00390625,0.1171875,0.02734375,0.0,0,0
1779556881.399997,0.181640625,-0.05859375,-0.00390625,0.1171875,0.02734375,0.0,0,0
1779556881.408088,0.181640625,-0.05859375,-0.00390625,0.107421875,0.021484375,0.0,0,0
1779556881.415025,0.169921875,-0.052734375,-0.00390625,0.107421875,0.021484375,0.0,0,0
1779556881.423092,0.169921875,-0.052734375,-0.00390625,0.1015625,0.017578125,0.0,0,0
1779556881.431082,0.158203125,-0.048828125,-0.00390625,0.1015625,0.017578125,0.0,0,0
1779556881.440080,0.158203125,-0.048828125,-0.00390625,0.09765625,0.015625,0.0,0,0
1779556881.447052,0.14453125,-0.046875,-0.00390625,0.09765625,0.015625,0.0,0,0
1779556881.456071,0.14453125,-0.046875,-0.00390625,0.08984375,0.01171875,0.0,0,0
1779556881.463009,0.126953125,-0.052734375,-0.00390625,0.08984375,0.01171875,0.0,0,0
1779556881.471095,0.126953125,-0.052734375,-0.00390625,0.087890625,0.005859375,0.0,0,0
1779556881.479066,0.119140625,-0.05078125,-0.00390625,0.087890625,0.005859375,0.0,0,0
1779556881.488032,0.119140625,-0.05078125,-0.00390625,0.08203125,0.005859375,0.0,0,0
1779556881.496023,0.115234375,-0.05078125,-0.00390625,0.08203125,0.005859375,0.0,0,0
1779556881.504034,0.115234375,-0.05078125,-0.00390625,0.076171875,0.005859375,0.0,0,0
1779556881.512035,0.1171875,-0.0546875,-0.00390625,0.076171875,0.005859375,0.0,0,0
1779556881.519045,0.1171875,-0.0546875,-0.00390625,0.076171875,0.005859375,0.0,0,0
1779556881.527025,0.1171875,-0.0546875,-0.00390625,0.076171875,0.005859375,0.0,0,0
1779556881.536013,0.1171875,-0.0546875,-0.00390625,0.078125,0.005859375,0.0,0,0
1779556881.543032,0.115234375,-0.052734375,-0.00390625,0.078125,0.005859375,0.0,0,0
1779556881.551001,0.115234375,-0.052734375,-0.00390625,0.072265625,0.005859375,0.0,0,0
1779556881.560037,0.111328125,-0.046875,-0.00390625,0.072265625,0.005859375,0.0,0,0
1779556881.568015,0.111328125,-0.046875,-0.00390625,0.068359375,0.005859375,0.0,0,0
1779556881.575086,0.107421875,-0.041015625,-0.00390625,0.068359375,0.005859375,0.0,0,0
1779556881.583055,0.107421875,-0.041015625,-0.00390625,0.06640625,0.005859375,0.0,0,0
1779556881.591066,0.10546875,-0.03125,-0.00390625,0.06640625,0.005859375,0.0,0,0
1779556881.600021,0.10546875,-0.03125,-0.00390625,0.05859375,0.005859375,0.0,0,0
1779556881.608009,0.107421875,-0.029296875,-0.00390625,0.05859375,0.005859375,0.0,0,0
1779556881.616043,0.107421875,-0.029296875,-0.00390625,0.05859375,0.005859375,0.0,0,0
1779556881.623103,0.11328125,-0.029296875,-0.00390625,0.05859375,0.005859375,0.0,0,0
1779556881.632092,0.11328125,-0.029296875,-0.00390625,0.05859375,0.005859375,0.0,0,0
1779556881.640102,0.125,-0.03515625,-0.00390625,0.05859375,0.005859375,0.0,0,0
1779556881.648074,0.125,-0.03515625,-0.00390625,0.060546875,0.005859375,0.0,0,0
1779556881.656010,0.146484375,-0.052734375,-0.00390625,0.060546875,0.005859375,0.0,0,0
1779556881.663087,0.146484375,-0.052734375,-0.00390625,0.06640625,0.005859375,0.0,0,0
1779556881.672055,0.1796875,-0.072265625,-0.00390625,0.06640625,0.005859375,0.0,0,0
1779556881.679992,0.1796875,-0.072265625,-0.00390625,0.076171875,0.005859375,0.0,0,0
1779556881.688020,0.203125,-0.080078125,-0.00390625,0.076171875,0.005859375,0.0,0,0
1779556881.696044,0.203125,-0.080078125,-0.00390625,0.078125,0.0,0.0,0,0
1779556881.703077,0.220703125,-0.087890625,-0.013671875,0.078125,0.0,0.0,0,0
1779556881.711033,0.220703125,-0.087890625,-0.013671875,0.083984375,0.005859375,0.0,0,0
1779556881.719003,0.220703125,-0.09765625,-0.029296875,0.083984375,0.005859375,0.0,0,0
1779556881.727068,0.220703125,-0.09765625,-0.029296875,0.0859375,0.005859375,0.0,0,0
1779556881.736008,0.216796875,-0.10546875,-0.052734375,0.0859375,0.005859375,0.0,0,0
1779556881.743045,0.216796875,-0.10546875,-0.052734375,0.08203125,0.005859375,0.0,0,0
1779556881.751049,0.21484375,-0.12109375,-0.068359375,0.08203125,0.005859375,0.0,0,0
1779556881.759056,0.21484375,-0.12109375,-0.068359375,0.080078125,0.005859375,0.0,0,0
1779556881.767049,0.208984375,-0.130859375,-0.087890625,0.080078125,0.005859375,0.0,0,0
1779556881.775051,0.208984375,-0.130859375,-0.087890625,0.0703125,0.005859375,0.0,0,0
1779556881.783018,0.19921875,-0.142578125,-0.11328125,0.0703125,0.005859375,0.0,0,0
1779556881.791029,0.19921875,-0.142578125,-0.11328125,0.0703125,0.005859375,0.0,0,0
1779556881.800025,0.189453125,-0.150390625,-0.12890625,0.0703125,0.005859375,0.0,0,0
1779556881.808057,0.189453125,-0.150390625,-0.12890625,0.072265625,0.005859375,0.0,0,0
1779556881.816056,0.181640625,-0.15625,-0.140625,0.072265625,0.005859375,0.0,0,0
1779556881.823077,0.181640625,-0.15625,-0.140625,0.07421875,0.005859375,0.0,0,0
1779556881.831073,0.17578125,-0.16015625,-0.146484375,0.07421875,0.005859375,0.0,0,0
1779556881.839088,0.17578125,-0.16015625,-0.146484375,0.07421875,0.005859375,0.0,0,0
1779556881.847042,0.166015625,-0.162109375,-0.1484375,0.07421875,0.005859375,0.0,0,0
1779556881.855010,0.166015625,-0.162109375,-0.1484375,0.072265625,0.005859375,0.0,0,0
1779556881.864014,0.142578125,-0.16796875,-0.154296875,0.072265625,0.005859375,0.0,0,0
1779556881.872064,0.142578125,-0.16796875,-0.154296875,0.0703125,0.005859375,0.0,0,0
1779556881.880060,0.125,-0.169921875,-0.16015625,0.0703125,0.005859375,0.0,0,0
1779556881.887029,0.125,-0.169921875,-0.16015625,0.068359375,-0.00390625,0.0,0,0
1779556881.896015,0.103515625,-0.166015625,-0.16796875,0.068359375,-0.00390625,0.0,0,0
1779556881.904049,0.103515625,-0.166015625,-0.16796875,0.068359375,-0.017578125,0.0,0,0
1779556881.912051,0.080078125,-0.166015625,-0.173828125,0.068359375,-0.017578125,0.0,0,0
1779556881.920028,0.080078125,-0.166015625,-0.173828125,0.072265625,-0.03515625,0.0,0,0
1779556881.928084,0.0703125,-0.1640625,-0.177734375,0.072265625,-0.03515625,0.0,0,0
1779556881.936147,0.0703125,-0.1640625,-0.177734375,0.07421875,-0.04296875,0.0,0,0
1779556881.944066,0.052734375,-0.16015625,-0.18359375,0.07421875,-0.04296875,0.0,0,0
1779556881.952041,0.052734375,-0.16015625,-0.18359375,0.08203125,-0.05078125,0.0,0,0
1779556881.959042,0.03125,-0.158203125,-0.189453125,0.08203125,-0.05078125,0.0,0,0
1779556881.968026,0.03125,-0.158203125,-0.189453125,0.095703125,-0.056640625,0.0,0,0
1779556881.976038,0.01171875,-0.150390625,-0.1875,0.095703125,-0.056640625,0.0,0,0
1779556881.984010,0.01171875,-0.150390625,-0.1875,0.09765625,-0.056640625,0.0,0,0
1779556881.992034,0.01171875,-0.140625,-0.18359375,0.09765625,-0.056640625,0.0,0,0
1779556882.000022,0.01171875,-0.140625,-0.18359375,0.091796875,-0.05859375,0.0,0,0
1779556882.007089,0.01171875,-0.142578125,-0.177734375,0.091796875,-0.05859375,0.0,0,0
1779556882.015067,0.01171875,-0.142578125,-0.177734375,0.09375,-0.056640625,0.0,0,0
1779556882.024073,0.01171875,-0.140625,-0.169921875,0.09375,-0.056640625,0.0,0,0
1779556882.031075,0.01171875,-0.140625,-0.169921875,0.08984375,-0.05078125,0.0,0,0
1779556882.039088,0.01171875,-0.13671875,-0.162109375,0.08984375,-0.05078125,0.0,0,0
1779556882.047009,0.01171875,-0.13671875,-0.162109375,0.07421875,-0.04296875,0.0,0,0
1779556882.055068,0.01171875,-0.126953125,-0.15625,0.07421875,-0.04296875,0.0,0,0
1779556882.063068,0.01171875,-0.126953125,-0.15625,0.05078125,-0.041015625,0.0,0,0
1779556882.072014,-0.029296875,-0.111328125,-0.166015625,0.05078125,-0.041015625,0.0,0,0
1779556882.079060,-0.029296875,-0.111328125,-0.166015625,0.044921875,-0.05859375,0.0,0,0
1779556882.088081,-0.078125,-0.09765625,-0.181640625,0.044921875,-0.05859375,0.0,0,0
1779556882.096034,-0.078125,-0.09765625,-0.181640625,0.052734375,-0.080078125,0.0,0,0
1779556882.104042,-0.08984375,-0.09375,-0.18359375,0.052734375,-0.080078125,0.0,0,0
1779556882.112096,-0.08984375,-0.09375,-0.18359375,0.056640625,-0.083984375,0.0,0,0
1779556882.120060,-0.08984375,-0.087890625,-0.1796875,0.056640625,-0.083984375,0.0,0,0
1779556882.128138,-0.08984375,-0.087890625,-0.1796875,0.0546875,-0.080078125,0.0,0,0
1779556882.136015,-0.083984375,-0.0859375,-0.181640625,0.0546875,-0.080078125,0.0,0,0
1779556882.143081,-0.083984375,-0.0859375,-0.181640625,0.05078125,-0.07421875,0.0,0,0
1779556882.151061,-0.0859375,-0.091796875,-0.1875,0.05078125,-0.07421875,0.0,0,0
1779556882.159063,-0.0859375,-0.091796875,-0.1875,0.046875,-0.080078125,0.0,0,0
1779556882.168057,-0.08203125,-0.1015625,-0.19921875,0.046875,-0.080078125,0.0,0,0
1779556882.176068,-0.08203125,-0.1015625,-0.19921875,0.048828125,-0.0859375,0.0,0,0
1779556882.183078,-0.080078125,-0.115234375,-0.203125,0.048828125,-0.0859375,0.0,0,0
1779556882.192070,-0.080078125,-0.115234375,-0.203125,0.05078125,-0.08984375,0.0,0,0
1779556882.200024,-0.080078125,-0.12109375,-0.20703125,0.05078125,-0.08984375,0.0,0,0
1779556882.208083,-0.080078125,-0.12109375,-0.20703125,0.046875,-0.095703125,0.0,0,0
1779556882.216070,-0.087890625,-0.12890625,-0.21484375,0.046875,-0.095703125,0.0,0,0
1779556882.224079,-0.087890625,-0.12890625,-0.21484375,0.041015625,-0.107421875,0.0,0,0
1779556882.232048,-0.09375,-0.12890625,-0.22265625,0.041015625,-0.107421875,0.0,0,0
1779556882.240087,-0.09375,-0.12890625,-0.22265625,0.03125,-0.111328125,0.0,0,0
1779556882.247066,-0.09765625,-0.126953125,-0.2265625,0.03125,-0.111328125,0.0,0,0
1779556882.255053,-0.09765625,-0.126953125,-0.2265625,0.01953125,-0.11328125,0.0,0,0
1779556882.263042,-0.1015625,-0.119140625,-0.23046875,0.01953125,-0.11328125,0.0,0,0
1779556882.272019,-0.1015625,-0.119140625,-0.23046875,0.009765625,-0.11328125,0.0,0,0
1779556882.279079,-0.109375,-0.115234375,-0.232421875,0.009765625,-0.11328125,0.0,0,0
1779556882.287024,-0.109375,-0.115234375,-0.232421875,0.00390625,-0.119140625,0.0,0,0
1779556882.295063,-0.126953125,-0.111328125,-0.23828125,0.00390625,-0.119140625,0.0,0,0
1779556882.304038,-0.126953125,-0.111328125,-0.23828125,0.00390625,-0.130859375,0.0,0,0
1779556882.311055,-0.140625,-0.103515625,-0.248046875,0.00390625,-0.130859375,0.0,0,0
1779556882.319015,-0.140625,-0.103515625,-0.248046875,0.00390625,-0.138671875,0.0,0,0
1779556882.328111,-0.142578125,-0.1015625,-0.248046875,0.00390625,-0.138671875,0.0,0,0
1779556882.335051,-0.142578125,-0.1015625,-0.248046875,0.00390625,-0.142578125,0.0,0,0
1779556882.343027,-0.13671875,-0.099609375,-0.2421875,0.00390625,-0.142578125,0.0,0,0
1779556882.351059,-0.13671875,-0.099609375,-0.2421875,0.00390625,-0.13671875,0.0,0,0
1779556882.359057,-0.130859375,-0.095703125,-0.240234375,0.00390625,-0.13671875,0.0,0,0
1779556882.368077,-0.130859375,-0.095703125,-0.240234375,0.00390625,-0.1328125,0.0,0,0
1779556882.376076,-0.126953125,-0.08984375,-0.23828125,0.00390625,-0.1328125,0.0,0,0
1779556882.383048,-0.126953125,-0.08984375,-0.23828125,0.00390625,-0.12890625,0.0,0,0
1779556882.391075,-0.12109375,-0.080078125,-0.232421875,0.00390625,-0.12890625,0.0,0,0
1779556882.399068,-0.12109375,-0.080078125,-0.232421875,0.00390625,-0.123046875,0.0,0,0
1779556882.408066,-0.111328125,-0.076171875,-0.2265625,0.00390625,-0.123046875,0.0,0,0
1779556882.415051,-0.111328125,-0.076171875,-0.2265625,0.00390625,-0.115234375,0.0,0,0
1779556882.424059,-0.107421875,-0.076171875,-0.220703125,0.00390625,-0.115234375,0.0,0,0
1779556882.431052,-0.107421875,-0.076171875,-0.220703125,0.00390625,-0.115234375,0.0,0,0
1779556882.440081,-0.109375,-0.068359375,-0.2265625,0.00390625,-0.115234375,0.0,0,0
1779556882.447088,-0.109375,-0.068359375,-0.2265625,0.00390625,-0.119140625,0.0,0,0
1779556882.456050,-0.109375,-0.064453125,-0.234375,0.00390625,-0.119140625,0.0,0,0
1779556882.463070,-0.109375,-0.064453125,-0.234375,0.00390625,-0.119140625,0.0,0,0
1779556882.472055,-0.107421875,-0.05859375,-0.2421875,0.00390625,-0.119140625,0.0,0,0
1779556882.480062,-0.107421875,-0.05859375,-0.2421875,0.00390625,-0.12109375,0.0,0,0
1779556882.488040,-0.107421875,-0.05078125,-0.255859375,0.00390625,-0.12109375,0.0,0,0
1779556882.496040,-0.107421875,-0.05078125,-0.255859375,0.00390625,-0.12109375,0.0,0,0
1779556882.503974,-0.107421875,-0.041015625,-0.26953125,0.00390625,-0.12109375,0.0,0,0
1779556882.511994,-0.107421875,-0.041015625,-0.26953125,0.005859375,-0.119140625,0.0,0,0
1779556882.519027,-0.109375,-0.033203125,-0.28125,0.005859375,-0.119140625,0.0,0,0
1779556882.527041,-0.109375,-0.033203125,-0.28125,0.013671875,-0.119140625,0.0,0,0
1779556882.536015,-0.109375,-0.02734375,-0.28515625,0.013671875,-0.119140625,0.0,0,0
1779556882.544088,-0.109375,-0.02734375,-0.28515625,0.01953125,-0.119140625,0.0,0,0
1779556882.552049,-0.10546875,-0.025390625,-0.2890625,0.01953125,-0.119140625,0.0,0,0
1779556882.559070,-0.10546875,-0.025390625,-0.2890625,0.02734375,-0.119140625,0.0,0,0
1779556882.568073,-0.09375,-0.021484375,-0.287109375,0.02734375,-0.119140625,0.0,0,0
1779556882.576058,-0.09375,-0.021484375,-0.287109375,0.03515625,-0.11328125,0.0,0,0
1779556882.584006,-0.08203125,-0.021484375,-0.27734375,0.03515625,-0.11328125,0.0,0,0
1779556882.592072,-0.08203125,-0.021484375,-0.27734375,0.044921875,-0.107421875,0.0,0,0
1779556882.599032,-0.068359375,-0.025390625,-0.255859375,0.044921875,-0.107421875,0.0,0,0
1779556882.608023,-0.068359375,-0.025390625,-0.255859375,0.0546875,-0.099609375,0.0,0,0
1779556882.615067,-0.05078125,-0.025390625,-0.21875,0.0546875,-0.099609375,0.0,0,0
1779556882.624097,-0.05078125,-0.025390625,-0.21875,0.060546875,-0.083984375,0.0,0,0
1779556882.631061,-0.037109375,-0.017578125,-0.15625,0.060546875,-0.083984375,0.0,0,0
1779556882.640079,-0.037109375,-0.017578125,-0.15625,0.0703125,-0.0703125,0.0,0,0
1779556882.647050,-0.025390625,-0.009765625,-0.09375,0.0703125,-0.0703125,0.0,0,0
1779556882.655073,-0.025390625,-0.009765625,-0.09375,0.07421875,-0.048828125,0.0,0,0
1779556882.663062,-0.017578125,-0.00390625,-0.037109375,0.07421875,-0.048828125,0.0,0,0
1779556882.671050,-0.017578125,-0.00390625,-0.037109375,0.0703125,-0.015625,0.0,0,0
1779556882.679038,-0.009765625,-0.00390625,-0.037109375,0.0703125,-0.015625,0.0,0,0
1779556882.687025,-0.009765625,-0.00390625,-0.037109375,0.05078125,-0.015625,0.0,0,0
1779556882.703994,-0.009765625,-0.00390625,-0.037109375,0.01953125,-0.015625,0.0,0,0
1779556882.734046,0.0,0.0,0.0,0.0,0.0,0.0,0,0
1779556882.765056,0.0,0.0,0.0,0.0,0.0,0.0,0,0
1779556882.796030,0.0,0.0,0.0,0.0,0.0,0.0,0,0
1779556882.827038,0.0,0.0,0.0,0.0,0.0,0.0,0,0
1779556882.858043,0.0,0.0,0.0,0.0,0.0,0.0,0,0
1779556882.889069,0.0,0.0,0.0,0.0,0.0,0.0,0,0
1779556882.920049,0.0,0.0,0.0,0.0,0.0,0.0,0,0
1779556882.951059,0.0,0.0,0.0,0.0,0.0,0.0,0,0
1779556882.982084,0.0,0.0,0.0,0.0,0.0,0.0,0,0
1779556883.013060,0.0,0.0,0.0,0.0,0.0,0.0,0,0
1779556883.044060,0.0,0.0,0.0,0.0,0.0,0.0,0,0
1779556883.075035,0.0,0.0,0.0,0.0,0.0,0.0,0,0
1779556883.106030,0.0,0.0,0.0,0.0,0.0,0.0,0,0
1779556883.137021,0.0,0.0,0.0,0.0,0.0,0.0,0,0
1779556883.168063,0.0,0.0,0.0,0.0,0.0,0.0,0,0
1779556883.199023,0.0,0.0,0.0,0.0,0.0,0.0,0,0
1779556883.230039,0.0,0.0,0.0,0.0,0.0,0.0,0,0
1779556883.261035,0.0,0.0,0.0,0.0,0.0,0.0,0,0
1779556883.292071,0.0,0.0,0.0,0.0,0.0,0.0,0,0
1779556883.323041,0.0,0.0,0.0,0.0,0.0,0.0,0,0
1779556883.354054,0.0,0.0,0.0,0.0,0.0,0.0,0,0
1779556883.385018,0.0,0.0,0.0,0.0,0.0,0.0,0,0
1779556883.416011,0.0,0.0,0.0,0.0,0.0,0.0,0,0
1779556883.447073,0.0,0.0,0.0,0.0,0.0,0.0,0,0
1779556883.456024,-0.009765625,-0.00390625,-0.037109375,0.0,-0.015625,0.0,0,0
1779556883.472036,-0.009765625,-0.00390625,-0.037109375,0.005859375,-0.015625,0.0,0,0
1779556883.487059,-0.009765625,-0.00390625,-0.037109375,0.0078125,-0.015625,0.0,0,0
1779556883.504025,-0.009765625,-0.00390625,-0.037109375,0.0078125,-0.015625,0.0,0,0
1779556883.519081,-0.009765625,-0.00390625,-0.037109375,0.00390625,-0.015625,0.0,0,0
1779556883.536118,-0.009765625,-0.00390625,-0.037109375,0.00390625,-0.015625,0.0,0,0
1779556883.551080,-0.009765625,-0.00390625,-0.037109375,0.0078125,-0.015625,0.0,0,0
1779556883.568106,-0.009765625,-0.00390625,-0.037109375,0.015625,-0.015625,0.0,0,0
1779556883.583005,-0.009765625,-0.00390625,-0.037109375,0.01953125,-0.015625,0.0,0,0
1779556883.599061,-0.009765625,-0.00390625,-0.037109375,0.02734375,-0.015625,0.0,0,0
1779556883.615050,-0.009765625,-0.00390625,-0.037109375,0.029296875,-0.015625,0.0,0,0
1779556883.631118,-0.009765625,-0.00390625,-0.037109375,0.033203125,-0.015625,0.0,0,0
1779556883.647117,-0.009765625,-0.00390625,-0.037109375,0.03515625,-0.015625,0.0,0,0
1779556883.663100,-0.009765625,-0.00390625,-0.037109375,0.04296875,-0.015625,0.0,0,0
1779556883.680034,-0.009765625,-0.00390625,-0.037109375,0.048828125,-0.015625,0.0,0,0
1779556883.696035,-0.009765625,-0.00390625,-0.037109375,0.05859375,-0.015625,0.0,0,0
1779556883.712013,-0.009765625,-0.00390625,-0.037109375,0.0703125,-0.015625,0.0,0,0
1779556883.720018,-0.009765625,-0.00390625,-0.005859375,0.0703125,-0.015625,0.0,0,0
1779556883.727061,-0.009765625,-0.00390625,-0.005859375,0.0859375,-0.015625,0.0,0,0
1779556883.736104,-0.009765625,-0.00390625,-0.009765625,0.0859375,-0.015625,0.0,0,0
1779556883.744076,-0.009765625,-0.00390625,-0.009765625,0.08984375,-0.015625,0.0,0,0
1779556883.752071,-0.009765625,-0.00390625,-0.021484375,0.08984375,-0.015625,0.0,0,0
1779556883.760077,-0.009765625,-0.00390625,-0.021484375,0.09375,-0.015625,0.0,0,0
1779556883.767074,-0.009765625,-0.00390625,-0.0390625,0.09375,-0.015625,0.0,0,0
1779556883.776029,-0.009765625,-0.00390625,-0.0390625,0.091796875,-0.015625,0.0,0,0
1779556883.784054,-0.009765625,-0.00390625,-0.0703125,0.091796875,-0.015625,0.0,0,0
1779556883.792026,-0.009765625,-0.00390625,-0.0703125,0.08984375,-0.015625,0.0,0,0
1779556883.799087,-0.009765625,-0.00390625,-0.095703125,0.08984375,-0.015625,0.0,0,0
1779556883.808048,-0.009765625,-0.00390625,-0.095703125,0.0859375,-0.015625,0.0,0,0
1779556883.816046,-0.009765625,-0.00390625,-0.13671875,0.0859375,-0.015625,0.0,0,0
1779556883.824064,-0.009765625,-0.00390625,-0.13671875,0.080078125,-0.005859375,0.0,0,0
1779556883.832088,-0.009765625,-0.00390625,-0.19921875,0.080078125,-0.005859375,0.0,0,0
1779556883.840080,-0.009765625,-0.00390625,-0.19921875,0.08203125,-0.03125,0.0,0,0
1779556883.848023,-0.009765625,-0.00390625,-0.248046875,0.08203125,-0.03125,0.0,0,0
1779556883.855033,-0.009765625,-0.00390625,-0.248046875,0.0859375,-0.05078125,0.0,0,0
1779556883.864013,-0.009765625,-0.00390625,-0.275390625,0.0859375,-0.05078125,0.0,0,0
1779556883.871075,-0.009765625,-0.00390625,-0.275390625,0.080078125,-0.0546875,0.0,0,0
1779556883.880082,-0.009765625,-0.00390625,-0.26953125,0.080078125,-0.0546875,0.0,0,0
1779556883.887083,-0.009765625,-0.00390625,-0.26953125,0.0625,-0.037109375,0.0,0,0
1779556883.896051,-0.009765625,-0.00390625,-0.205078125,0.0625,-0.037109375,0.0,0,0
1779556883.904100,-0.009765625,-0.00390625,-0.205078125,0.046875,0.0,0.0,0,0
1779556883.912097,-0.009765625,-0.00390625,-0.134765625,0.046875,0.0,0.0,0,0
1779556883.920062,-0.009765625,-0.00390625,-0.134765625,0.046875,0.0,0.0,0,0
1779556883.928102,-0.009765625,-0.00390625,-0.052734375,0.046875,0.0,0.0,0,0
1779556883.936018,-0.009765625,-0.00390625,-0.052734375,0.0546875,0.0,0.0,0,0
1779556883.943063,-0.009765625,-0.00390625,-0.01171875,0.0546875,0.0,0.0,0,0
1779556883.952060,-0.009765625,-0.00390625,-0.01171875,0.048828125,0.0,0.0,0,0
1779556883.968110,-0.009765625,-0.00390625,-0.01171875,0.025390625,0.0,0.0,0,0
1779556883.998055,0.0,0.0,0.0,0.0,0.0,0.0,0,0
1779556884.029068,0.0,0.0,0.0,0.0,0.0,0.0,0,0
1779556884.060098,0.0,0.0,0.0,0.0,0.0,0.0,0,0
1779556884.091034,0.0,0.0,0.0,0.0,0.0,0.0,0,0
1779556884.122039,0.0,0.0,0.0,0.0,0.0,0.0,0,0
1779556884.153026,0.0,0.0,0.0,0.0,0.0,0.0,0,0
1779556884.183969,0.0,0.0,0.0,0.0,0.0,0.0,0,0
1779556884.215048,0.0,0.0,0.0,0.0,0.0,0.0,0,0
1779556884.246050,0.0,0.0,0.0,0.0,0.0,0.0,0,0
1779556884.277014,0.0,0.0,0.0,0.0,0.0,0.0,0,0
1779556884.308048,0.0,0.0,0.0,0.0,0.0,0.0,0,0
1779556884.339052,0.0,0.0,0.0,0.0,0.0,0.0,0,0
1779556884.370028,0.0,0.0,0.0,0.0,0.0,0.0,0,0
1779556884.401064,0.0,0.0,0.0,0.0,0.0,0.0,0,0
1779556884.432084,0.0,0.0,0.0,0.0,0.0,0.0,0,0
1779556884.463079,0.0,0.0,0.0,0.0,0.0,0.0,0,0
1779556884.494091,0.0,0.0,0.0,0.0,0.0,0.0,0,0
1779556884.525058,0.0,0.0,0.0,0.0,0.0,0.0,0,0
1779556884.556024,0.0,0.0,0.0,0.0,0.0,0.0,0,0
1779556884.587046,0.0,0.0,0.0,0.0,0.0,0.0,0,0
1779556884.618053,0.0,0.0,0.0,0.0,0.0,0.0,0,0
1779556884.649032,0.0,0.0,0.0,0.0,0.0,0.0,0,0
1779556884.680075,0.0,0.0,0.0,0.0,0.0,0.0,0,0
1779556884.711103,-0.009765625,-0.00390625,-0.005859375,0.025390625,0.0,0.0,0,0
1779556884.727032,-0.009765625,-0.00390625,-0.06640625,0.025390625,0.0,0.0,0,0
1779556884.744106,-0.009765625,-0.00390625,-0.18359375,0.025390625,0.0,0.0,0,0
1779556884.751049,-0.009765625,-0.00390625,-0.18359375,0.025390625,-0.072265625,0.0,0,0
1779556884.759058,-0.009765625,0.00390625,-0.220703125,0.025390625,-0.072265625,0.0,0,0
1779556884.768051,-0.009765625,0.00390625,-0.220703125,-0.005859375,-0.1015625,0.0,0,0
1779556884.776057,-0.01953125,0.025390625,-0.265625,-0.005859375,-0.1015625,0.0,0,0
1779556884.783028,-0.01953125,0.025390625,-0.265625,-0.0390625,-0.134765625,0.0,0,0
1779556884.792086,-0.0234375,0.029296875,-0.275390625,-0.0390625,-0.134765625,0.0,0,0
1779556884.800034,-0.0234375,0.029296875,-0.275390625,-0.064453125,-0.142578125,0.0,0,0
1779556884.808061,-0.00390625,0.0234375,-0.228515625,-0.064453125,-0.142578125,0.0,0,0
1779556884.816026,-0.00390625,0.0234375,-0.228515625,-0.05859375,-0.111328125,0.0,0,0
1779556884.824072,-0.00390625,0.017578125,-0.16015625,-0.05859375,-0.111328125,0.0,0,0
1779556884.832039,-0.00390625,0.017578125,-0.16015625,-0.0390625,-0.060546875,0.0,0,0
1779556884.840037,-0.00390625,0.00390625,-0.11328125,-0.0390625,-0.060546875,0.0,0,0
1779556884.848019,-0.00390625,0.00390625,-0.11328125,-0.009765625,-0.029296875,0.0,0,0
1779556884.856069,-0.00390625,0.00390625,-0.08984375,-0.009765625,-0.029296875,0.0,0,0
1779556884.863072,-0.00390625,0.00390625,-0.08984375,-0.009765625,-0.01953125,0.0,0,0
1779556884.871097,-0.00390625,0.00390625,-0.0625,-0.009765625,-0.01953125,0.0,0,0
1779556884.879101,-0.00390625,0.00390625,-0.0625,-0.009765625,-0.0078125,0.0,0,0
1779556884.887066,-0.00390625,0.00390625,-0.0234375,-0.009765625,-0.0078125,0.0,0,0
1779556884.917082,0.0,0.0,0.0,0.0,0.0,0.0,0,0
1779556884.948075,0.0,0.0,0.0,0.0,0.0,0.0,0,0
1779556884.979069,0.0,0.0,0.0,0.0,0.0,0.0,0,0
1779556885.010101,0.0,0.0,0.0,0.0,0.0,0.0,0,0
1779556885.041126,0.0,0.0,0.0,0.0,0.0,0.0,0,0
1779556885.072078,0.0,0.0,0.0,0.0,0.0,0.0,0,0
1779556885.103039,0.0,0.0,0.0,0.0,0.0,0.0,0,0
1779556885.134039,0.0,0.0,0.0,0.0,0.0,0.0,0,0
1779556885.165060,0.0,0.0,0.0,0.0,0.0,0.0,0,0
1779556885.196039,0.0,0.0,0.0,0.0,0.0,0.0,0,0
1779556885.227058,0.0,0.0,0.0,0.0,0.0,0.0,0,0
1779556885.258043,0.0,0.0,0.0,0.0,0.0,0.0,0,0
1779556885.271044,-0.00390625,0.00390625,-0.015625,-0.009765625,-0.0078125,0.0,0,0
1779556885.288039,-0.00390625,0.00390625,-0.091796875,-0.009765625,-0.0078125,0.0,0,0
1779556885.304066,-0.00390625,0.00390625,-0.19921875,-0.009765625,-0.0078125,0.0,0,0
1779556885.312068,-0.00390625,0.00390625,-0.19921875,-0.009765625,-0.064453125,0.0,0,0
1779556885.320007,-0.02734375,0.00390625,-0.28125,-0.009765625,-0.064453125,0.0,0,0
1779556885.327022,-0.02734375,0.00390625,-0.28125,-0.009765625,-0.12109375,0.0,0,0
1779556885.335055,-0.046875,0.00390625,-0.306640625,-0.009765625,-0.12109375,0.0,0,0
1779556885.344058,-0.046875,0.00390625,-0.306640625,-0.009765625,-0.142578125,0.0,0,0
1779556885.351070,-0.025390625,0.00390625,-0.2421875,-0.009765625,-0.142578125,0.0,0,0
1779556885.360088,-0.025390625,0.00390625,-0.2421875,-0.009765625,-0.107421875,0.0,0,0
1779556885.367049,-0.025390625,0.00390625,-0.076171875,-0.009765625,-0.107421875,0.0,0,0
1779556885.376057,-0.025390625,0.00390625,-0.076171875,-0.009765625,-0.01171875,0.0,0,0
1779556885.405996,0.0,0.0,0.0,0.0,0.0,0.0,0,0
1779556885.437084,0.0,0.0,0.0,0.0,0.0,0.0,0,0
1779556885.468071,0.0,0.0,0.0,0.0,0.0,0.0,0,0
1779556885.499060,0.0,0.0,0.0,0.0,0.0,0.0,0,0
1779556885.530053,0.0,0.0,0.0,0.0,0.0,0.0,0,0
1779556885.561034,0.0,0.0,0.0,0.0,0.0,0.0,0,0
1779556885.592039,0.0,0.0,0.0,0.0,0.0,0.0,0,0
1779556885.623008,0.0,0.0,0.0,0.0,0.0,0.0,0,0
1779556885.654058,0.0,0.0,0.0,0.0,0.0,0.0,0,0
1779556885.685124,0.0,0.0,0.0,0.0,0.0,0.0,0,0
1779556885.716092,0.0,0.0,0.0,0.0,0.0,0.0,0,0
1779556885.747063,0.0,0.0,0.0,0.0,0.0,0.0,0,0
1779556885.778054,0.0,0.0,0.0,0.0,0.0,0.0,0,0
1779556885.809130,0.0,0.0,0.0,0.0,0.0,0.0,0,0
1779556885.840061,0.0,0.0,0.0,0.0,0.0,0.0,0,0
1779556885.871008,0.0,0.0,0.0,0.0,0.0,0.0,0,0
1779556885.902056,0.0,0.0,0.0,0.0,0.0,0.0,0,0
1779556885.933095,0.0,0.0,0.0,0.0,0.0,0.0,0,0
1779556885.964027,0.0,0.0,0.0,0.0,0.0,0.0,0,0
1779556885.995132,0.0,0.0,0.0,0.0,0.0,0.0,0,0
1779556886.026061,0.0,0.0,0.0,0.0,0.0,0.0,0,0
1779556886.057041,0.0,0.0,0.0,0.0,0.0,0.0,0,0
1779556886.088045,0.0,0.0,0.0,0.0,0.0,0.0,0,0
1779556886.119044,0.0,0.0,0.0,0.0,0.0,0.0,0,0
1779556886.150088,0.0,0.0,0.0,0.0,0.0,0.0,0,0
1779556886.181031,0.0,0.0,0.0,0.0,0.0,0.0,0,0
1779556886.212022,0.0,0.0,0.0,0.0,0.0,0.0,0,0
1779556886.243063,0.0,0.0,0.0,0.0,0.0,0.0,0,0
1779556886.274106,0.0,0.0,0.0,0.0,0.0,0.0,0,0
1779556886.305061,0.0,0.0,0.0,0.0,0.0,0.0,0,0
1779556886.336096,0.0,0.0,0.0,0.0,0.0,0.0,0,0
1779556886.367064,0.0,0.0,0.0,0.0,0.0,0.0,0,0
1779556886.398020,0.0,0.0,0.0,0.0,0.0,0.0,0,0
1779556886.429140,0.0,0.0,0.0,0.0,0.0,0.0,0,0
1779556886.460013,0.0,0.0,0.0,0.0,0.0,0.0,0,0
1779556886.491053,0.0,0.0,0.0,0.0,0.0,0.0,0,0
1779556886.522006,0.0,0.0,0.0,0.0,0.0,0.0,0,0
1779556886.553064,0.0,0.0,0.0,0.0,0.0,0.0,0,0
1779556886.584063,0.0,0.0,0.0,0.0,0.0,0.0,0,0
1779556886.615090,0.0,0.0,0.0,0.0,0.0,0.0,0,0
1779556886.646061,0.0,0.0,0.0,0.0,0.0,0.0,0,0
1779556886.677116,0.0,0.0,0.0,0.0,0.0,0.0,0,0
1779556886.708100,0.0,0.0,0.0,0.0,0.0,0.0,0,0
1779556886.739093,0.0,0.0,0.0,0.0,0.0,0.0,0,0
1779556886.770065,0.0,0.0,0.0,0.0,0.0,0.0,0,0
1779556886.801100,0.0,0.0,0.0,0.0,0.0,0.0,0,0
1779556886.832083,0.0,0.0,0.0,0.0,0.0,0.0,0,0
1779556886.863058,0.0,0.0,0.0,0.0,0.0,0.0,0,0
1779556886.894029,0.0,0.0,0.0,0.0,0.0,0.0,0,0
1779556886.925014,0.0,0.0,0.0,0.0,0.0,0.0,0,0
1779556886.956046,0.0,0.0,0.0,0.0,0.0,0.0,0,0
1779556886.987046,0.0,0.0,0.0,0.0,0.0,0.0,0,0
1779556887.018061,0.0,0.0,0.0,0.0,0.0,0.0,0,0
1779556887.049044,0.0,0.0,0.0,0.0,0.0,0.0,0,0
1779556887.080028,0.0,0.0,0.0,0.0,0.0,0.0,0,0
1779556887.111101,0.0,0.0,0.0,0.0,0.0,0.0,0,0
1779556887.142089,0.0,0.0,0.0,0.0,0.0,0.0,0,0
1779556887.173050,0.0,0.0,0.0,0.0,0.0,0.0,0,0
1779556887.204011,0.0,0.0,0.0,0.0,0.0,0.0,0,0
1779556887.235104,0.0,0.0,0.0,0.0,0.0,0.0,0,0
1779556887.266047,0.0,0.0,0.0,0.0,0.0,0.0,0,0
1779556887.297053,0.0,0.0,0.0,0.0,0.0,0.0,0,0
1779556887.328020,0.0,0.0,0.0,0.0,0.0,0.0,0,0
1779556887.359063,0.0,0.0,0.0,0.0,0.0,0.0,0,0
1779556887.390048,0.0,0.0,0.0,0.0,0.0,0.0,0,0
1779556887.421086,0.0,0.0,0.0,0.0,0.0,0.0,0,0
1779556887.452047,0.0,0.0,0.0,0.0,0.0,0.0,0,0
1779556887.483099,0.0,0.0,0.0,0.0,0.0,0.0,0,0
1779556887.514015,0.0,0.0,0.0,0.0,0.0,0.0,0,0
1779556887.545034,0.0,0.0,0.0,0.0,0.0,0.0,0,0
1779556887.576123,0.0,0.0,0.0,0.0,0.0,0.0,0,0
1779556887.607056,0.0,0.0,0.0,0.0,0.0,0.0,0,0
1779556887.638065,0.0,0.0,0.0,0.0,0.0,0.0,0,0
1779556887.668984,0.0,0.0,0.0,0.0,0.0,0.0,0,0
1779556887.700038,0.0,0.0,0.0,0.0,0.0,0.0,0,0
1779556887.731044,0.0,0.0,0.0,0.0,0.0,0.0,0,0
1779556887.762093,0.0,0.0,0.0,0.0,0.0,0.0,0,0
1779556887.793092,0.0,0.0,0.0,0.0,0.0,0.0,0,0
1779556887.824082,0.0,0.0,0.0,0.0,0.0,0.0,0,0
1779556887.855062,0.0,0.0,0.0,0.0,0.0,0.0,0,0
1779556887.886083,0.0,0.0,0.0,0.0,0.0,0.0,0,0
1779556887.917055,0.0,0.0,0.0,0.0,0.0,0.0,0,0
1779556887.948082,0.0,0.0,0.0,0.0,0.0,0.0,0,0
1779556887.979069,0.0,0.0,0.0,0.0,0.0,0.0,0,0
1779556888.010077,0.0,0.0,0.0,0.0,0.0,0.0,0,0
1779556888.041104,0.0,0.0,0.0,0.0,0.0,0.0,0,0
1779556888.072073,0.0,0.0,0.0,0.0,0.0,0.0,1,0
1779556888.103045,0.0,0.0,0.0,0.0,0.0,0.0,1,0
1779556888.134067,0.0,0.0,0.0,0.0,0.0,0.0,1,0
1779556888.165077,0.0,0.0,0.0,0.0,0.0,0.0,1,0
1779556888.196075,0.0,0.0,0.0,0.0,0.0,0.0,0,0
1779556888.227103,0.0,0.0,0.0,0.0,0.0,0.0,0,0
1779556888.258059,0.0,0.0,0.0,0.0,0.0,0.0,0,0
1779556888.288995,0.0,0.0,0.0,0.0,0.0,0.0,0,0
1779556888.320025,0.0,0.0,0.0,0.0,0.0,0.0,0,0
1779556888.351102,0.0,0.0,0.0,0.0,0.0,0.0,0,0
1779556888.382071,0.0,0.0,0.0,0.0,0.0,0.0,0,0
1779556888.413037,0.0,0.0,0.0,0.0,0.0,0.0,0,0
1779556888.444084,0.0,0.0,0.0,0.0,0.0,0.0,0,0
1779556888.475077,0.0,0.0,0.0,0.0,0.0,0.0,0,0
1779556888.506056,0.0,0.0,0.0,0.0,0.0,0.0,0,0
1779556888.537097,0.0,0.0,0.0,0.0,0.0,0.0,0,0
1779556888.568077,0.0,0.0,0.0,0.0,0.0,0.0,0,0
1779556888.599089,0.0,0.0,0.0,0.0,0.0,0.0,0,0
1779556888.630029,0.0,0.0,0.0,0.0,0.0,0.0,0,0
1779556888.661099,0.0,0.0,0.0,0.0,0.0,0.0,0,0
1779556888.692075,0.0,0.0,0.0,0.0,0.0,0.0,0,0
1779556888.723047,0.0,0.0,0.0,0.0,0.0,0.0,0,0
1779556888.754105,0.0,0.0,0.0,0.0,0.0,0.0,0,0
1779556888.785057,0.0,0.0,0.0,0.0,0.0,0.0,0,0
1779556888.816101,0.0,0.0,0.0,0.0,0.0,0.0,0,0
1779556888.847016,0.0,0.0,0.0,0.0,0.0,0.0,0,0
1779556888.878031,0.0,0.0,0.0,0.0,0.0,0.0,0,0
1779556888.909066,0.0,0.0,0.0,0.0,0.0,0.0,0,0
1779556888.940061,0.0,0.0,0.0,0.0,0.0,0.0,0,0
1779556888.971079,0.0,0.0,0.0,0.0,0.0,0.0,0,0
1779556889.002003,0.0,0.0,0.0,0.0,0.0,0.0,0,0
1779556889.033098,0.0,0.0,0.0,0.0,0.0,0.0,0,0
1779556889.064090,0.0,0.0,0.0,0.0,0.0,0.0,0,0
1779556889.095084,0.0,0.0,0.0,0.0,0.0,0.0,0,0
1779556889.125986,0.0,0.0,0.0,0.0,0.0,0.0,0,0
1779556889.157080,0.0,0.0,0.0,0.0,0.0,0.0,0,0
1779556889.188014,0.0,0.0,0.0,0.0,0.0,0.0,0,0
1779556889.219133,0.0,0.0,0.0,0.0,0.0,0.0,0,0
1779556889.250007,0.0,0.0,0.0,0.0,0.0,0.0,0,0
1779556889.281096,0.0,0.0,0.0,0.0,0.0,0.0,0,0
1779556889.312039,0.0,0.0,0.0,0.0,0.0,0.0,0,0
1779556889.343018,0.0,0.0,0.0,0.0,0.0,0.0,0,0
1779556889.374079,0.0,0.0,0.0,0.0,0.0,0.0,0,0
1779556889.405086,0.0,0.0,0.0,0.0,0.0,0.0,0,0
1779556889.435973,0.0,0.0,0.0,0.0,0.0,0.0,0,0
1779556889.467053,0.0,0.0,0.0,0.0,0.0,0.0,0,0
1779556889.498056,0.0,0.0,0.0,0.0,0.0,0.0,0,0
1779556889.529079,0.0,0.0,0.0,0.0,0.0,0.0,0,0
1779556889.560068,0.0,0.0,0.0,0.0,0.0,0.0,0,0
1779556889.591023,0.0,0.0,0.0,0.0,0.0,0.0,0,0
1779556889.622056,0.0,0.0,0.0,0.0,0.0,0.0,0,0
1779556889.653059,0.0,0.0,0.0,0.0,0.0,0.0,0,0
1779556889.684095,0.0,0.0,0.0,0.0,0.0,0.0,0,0
1779556889.715076,0.0,0.0,0.0,0.0,0.0,0.0,0,0
1779556889.746073,0.0,0.0,0.0,0.0,0.0,0.0,0,0
1779556889.777025,0.0,0.0,0.0,0.0,0.0,0.0,0,0
1779556889.808079,0.0,0.0,0.0,0.0,0.0,0.0,0,0
1779556889.839063,0.0,0.0,0.0,0.0,0.0,0.0,0,0
1779556889.870118,0.0,0.0,0.0,0.0,0.0,0.0,0,0
1779556889.901077,0.0,0.0,0.0,0.0,0.0,0.0,0,0
1779556889.932086,0.0,0.0,0.0,0.0,0.0,0.0,0,0
1779556889.963077,0.0,0.0,0.0,0.0,0.0,0.0,0,0
1779556889.994010,0.0,0.0,0.0,0.0,0.0,0.0,0,0
1779556890.025063,0.0,0.0,0.0,0.0,0.0,0.0,0,0
1779556890.056054,0.0,0.0,0.0,0.0,0.0,0.0,0,0
1779556890.087114,0.0,0.0,0.0,0.0,0.0,0.0,0,0
1779556890.118080,0.0,0.0,0.0,0.0,0.0,0.0,0,0
1779556890.149101,0.0,0.0,0.0,0.0,0.0,0.0,0,0
1779556890.180060,0.0,0.0,0.0,0.0,0.0,0.0,0,0
1779556890.211091,0.0,0.0,0.0,0.0,0.0,0.0,0,0
1779556890.242059,0.0,0.0,0.0,0.0,0.0,0.0,0,0
1779556890.273035,0.0,0.0,0.0,0.0,0.0,0.0,0,0
1779556890.304044,0.0,0.0,0.0,0.0,0.0,0.0,0,0
1779556890.335103,0.0,0.0,0.0,0.0,0.0,0.0,0,0
1779556890.366000,0.0,0.0,0.0,0.0,0.0,0.0,0,0
1779556890.397137,0.0,0.0,0.0,0.0,0.0,0.0,0,0
1779556890.428044,0.0,0.0,0.0,0.0,0.0,0.0,0,0
1779556890.459085,0.0,0.0,0.0,0.0,0.0,0.0,0,0
1779556890.490072,0.0,0.0,0.0,0.0,0.0,0.0,0,0
1779556890.521039,0.0,0.0,0.0,0.0,0.0,0.0,0,0
1779556890.552090,0.0,0.0,0.0,0.0,0.0,0.0,0,0
1779556890.583061,0.0,0.0,0.0,0.0,0.0,0.0,0,0
1779556890.614076,0.0,0.0,0.0,0.0,0.0,0.0,0,0
1779556890.645041,0.0,0.0,0.0,0.0,0.0,0.0,0,0
1779556890.676088,0.0,0.0,0.0,0.0,0.0,0.0,0,0
1779556890.707067,0.0,0.0,0.0,0.0,0.0,0.0,0,0
1779556890.738101,0.0,0.0,0.0,0.0,0.0,0.0,0,0
1779556890.769046,0.0,0.0,0.0,0.0,0.0,0.0,0,0
1779556890.799989,0.0,0.0,0.0,0.0,0.0,0.0,0,0
1779556890.831050,0.0,0.0,0.0,0.0,0.0,0.0,0,0
1779556890.862092,0.0,0.0,0.0,0.0,0.0,0.0,0,0
1779556890.893089,0.0,0.0,0.0,0.0,0.0,0.0,0,0
1779556890.924100,0.0,0.0,0.0,0.0,0.0,0.0,0,0
1779556890.955036,0.0,0.0,0.0,0.0,0.0,0.0,0,0
1779556890.986026,0.0,0.0,0.0,0.0,0.0,0.0,0,0
1779556891.017056,0.0,0.0,0.0,0.0,0.0,0.0,0,0
1779556891.048012,0.0,0.0,0.0,0.0,0.0,0.0,0,0
1779556891.079079,0.0,0.0,0.0,0.0,0.0,0.0,0,0
1779556891.110066,0.0,0.0,0.0,0.0,0.0,0.0,0,0
1779556891.141027,0.0,0.0,0.0,0.0,0.0,0.0,0,0
1779556891.172085,0.0,0.0,0.0,0.0,0.0,0.0,0,0
1779556891.203068,0.0,0.0,0.0,0.0,0.0,0.0,0,0
1779556891.234071,0.0,0.0,0.0,0.0,0.0,0.0,0,0
1779556891.265025,0.0,0.0,0.0,0.0,0.0,0.0,0,0
1779556891.296076,0.0,0.0,0.0,0.0,0.0,0.0,0,0
1779556891.327053,0.0,0.0,0.0,0.0,0.0,0.0,0,0
1779556891.358051,0.0,0.0,0.0,0.0,0.0,0.0,0,0
1779556891.389069,0.0,0.0,0.0,0.0,0.0,0.0,0,0
1779556891.420071,0.0,0.0,0.0,0.0,0.0,0.0,0,0
1779556891.451074,0.0,0.0,0.0,0.0,0.0,0.0,0,0
1779556891.482035,0.0,0.0,0.0,0.0,0.0,0.0,0,0
1779556891.513068,0.0,0.0,0.0,0.0,0.0,0.0,0,0
1779556891.544104,0.0,0.0,0.0,0.0,0.0,0.0,0,0
1779556891.575054,0.0,0.0,0.0,0.0,0.0,0.0,0,0
1779556891.606062,0.0,0.0,0.0,0.0,0.0,0.0,0,0
1779556891.637118,0.0,0.0,0.0,0.0,0.0,0.0,0,0
1779556891.668028,0.0,0.0,0.0,0.0,0.0,0.0,0,0
1779556891.699040,0.0,0.0,0.0,0.0,0.0,0.0,0,0
1779556891.730057,0.0,0.0,0.0,0.0,0.0,0.0,0,0
1779556891.761065,0.0,0.0,0.0,0.0,0.0,0.0,0,0
1779556891.792053,0.0,0.0,0.0,0.0,0.0,0.0,0,0
1779556891.823037,0.0,0.0,0.0,0.0,0.0,0.0,0,0
1779556891.854093,0.0,0.0,0.0,0.0,0.0,0.0,0,0
1779556891.885046,0.0,0.0,0.0,0.0,0.0,0.0,0,0
1779556891.916100,0.0,0.0,0.0,0.0,0.0,0.0,0,0
1779556891.947105,0.0,0.0,0.0,0.0,0.0,0.0,0,0
1779556891.978096,0.0,0.0,0.0,0.0,0.0,0.0,0,0
1779556892.009039,0.0,0.0,0.0,0.0,0.0,0.0,0,0
1779556892.040097,0.0,0.0,0.0,0.0,0.0,0.0,0,0
1779556892.071077,0.0,0.0,0.0,0.0,0.0,0.0,0,0
1779556892.102055,0.0,0.0,0.0,0.0,0.0,0.0,0,0
1779556892.132990,0.0,0.0,0.0,0.0,0.0,0.0,0,0
1779556892.164105,0.0,0.0,0.0,0.0,0.0,0.0,0,0
1779556892.195046,0.0,0.0,0.0,0.0,0.0,0.0,0,0
1779556892.226110,0.0,0.0,0.0,0.0,0.0,0.0,0,0
1779556892.257084,0.0,0.0,0.0,0.0,0.0,0.0,0,0
1779556892.288114,0.0,0.0,0.0,0.0,0.0,0.0,0,0
1779556892.319103,0.0,0.0,0.0,0.0,0.0,0.0,0,0
1779556892.350079,0.0,0.0,0.0,0.0,0.0,0.0,0,0
1779556892.381077,0.0,0.0,0.0,0.0,0.0,0.0,0,0
1779556892.412109,0.0,0.0,0.0,0.0,0.0,0.0,0,0
1779556892.443078,0.0,0.0,0.0,0.0,0.0,0.0,0,0
1779556892.474077,0.0,0.0,0.0,0.0,0.0,0.0,0,0
1779556892.505031,0.0,0.0,0.0,0.0,0.0,0.0,0,0
1779556892.536030,0.0,0.0,0.0,0.0,0.0,0.0,0,0
1779556892.567073,0.0,0.0,0.0,0.0,0.0,0.0,0,0
1779556892.598099,0.0,0.0,0.0,0.0,0.0,0.0,0,0
1779556892.629095,0.0,0.0,0.0,0.0,0.0,0.0,0,0
1779556892.660032,0.0,0.0,0.0,0.0,0.0,0.0,0,0
1779556892.691071,0.0,0.0,0.0,0.0,0.0,0.0,0,0
1779556892.722104,0.0,0.0,0.0,0.0,0.0,0.0,0,0
1779556892.753109,0.0,0.0,0.0,0.0,0.0,0.0,0,0
1779556892.784051,0.0,0.0,0.0,0.0,0.0,0.0,0,0
1779556892.815063,0.0,0.0,0.0,0.0,0.0,0.0,0,0
1779556892.846044,0.0,0.0,0.0,0.0,0.0,0.0,0,0
1779556892.877057,0.0,0.0,0.0,0.0,0.0,0.0,0,0
1779556892.908096,0.0,0.0,0.0,0.0,0.0,0.0,0,0
1779556892.939034,0.0,0.0,0.0,0.0,0.0,0.0,0,0
1779556892.970029,0.0,0.0,0.0,0.0,0.0,0.0,0,0
1779556893.001096,0.0,0.0,0.0,0.0,0.0,0.0,0,0
1779556893.032089,0.0,0.0,0.0,0.0,0.0,0.0,0,0
1779556893.063059,0.0,0.0,0.0,0.0,0.0,0.0,0,0
1779556893.094081,0.0,0.0,0.0,0.0,0.0,0.0,0,0
1779556893.125087,0.0,0.0,0.0,0.0,0.0,0.0,0,0
1779556893.156103,0.0,0.0,0.0,0.0,0.0,0.0,0,0
1779556893.187080,0.0,0.0,0.0,0.0,0.0,0.0,0,0
1779556893.218094,0.0,0.0,0.0,0.0,0.0,0.0,0,0
1779556893.249032,0.0,0.0,0.0,0.0,0.0,0.0,0,0
1779556893.280063,0.0,0.0,0.0,0.0,0.0,0.0,0,0
1779556893.311014,0.0,0.0,0.0,0.0,0.0,0.0,0,0
1779556893.342060,0.0,0.0,0.0,0.0,0.0,0.0,0,0
1779556893.373090,0.0,0.0,0.0,0.0,0.0,0.0,0,0
1779556893.404048,0.0,0.0,0.0,0.0,0.0,0.0,0,0
1779556893.435116,0.0,0.0,0.0,0.0,0.0,0.0,0,0
1779556893.466075,0.0,0.0,0.0,0.0,0.0,0.0,0,0
1779556893.497124,0.0,0.0,0.0,0.0,0.0,0.0,0,0
1779556893.528093,0.0,0.0,0.0,0.0,0.0,0.0,0,0
1779556893.559105,0.0,0.0,0.0,0.0,0.0,0.0,0,0
1779556893.590091,0.0,0.0,0.0,0.0,0.0,0.0,0,0
1779556893.621043,0.0,0.0,0.0,0.0,0.0,0.0,0,0
1779556893.652052,0.0,0.0,0.0,0.0,0.0,0.0,0,0
1779556893.683100,0.0,0.0,0.0,0.0,0.0,0.0,0,0
1779556893.714115,0.0,0.0,0.0,0.0,0.0,0.0,0,0
1779556893.745111,0.0,0.0,0.0,0.0,0.0,0.0,0,0
1779556893.776129,0.0,0.0,0.0,0.0,0.0,0.0,0,0
1779556893.807128,0.0,0.0,0.0,0.0,0.0,0.0,0,0
1779556893.838045,0.0,0.0,0.0,0.0,0.0,0.0,0,0
1779556893.869120,0.0,0.0,0.0,0.0,0.0,0.0,0,0
1779556893.900057,0.0,0.0,0.0,0.0,0.0,0.0,0,0
1779556893.931121,0.0,0.0,0.0,0.0,0.0,0.0,0,0
1779556893.962059,0.0,0.0,0.0,0.0,0.0,0.0,0,0
1779556893.993048,0.0,0.0,0.0,0.0,0.0,0.0,0,0
1779556894.024020,0.0,0.0,0.0,0.0,0.0,0.0,0,0
1779556894.055039,0.0,0.0,0.0,0.0,0.0,0.0,0,0
1779556894.086126,0.0,0.0,0.0,0.0,0.0,0.0,0,0
1779556894.117082,0.0,0.0,0.0,0.0,0.0,0.0,0,0
1779556894.148049,0.0,0.0,0.0,0.0,0.0,0.0,0,0
1779556894.179058,0.0,0.0,0.0,0.0,0.0,0.0,0,0
1779556894.210054,0.0,0.0,0.0,0.0,0.0,0.0,0,0
1779556894.241114,0.0,0.0,0.0,0.0,0.0,0.0,0,0
1779556894.272034,0.0,0.0,0.0,0.0,0.0,0.0,0,0
1779556894.302994,0.0,0.0,0.0,0.0,0.0,0.0,0,0
1779556894.334113,0.0,0.0,0.0,0.0,0.0,0.0,0,0
1779556894.359100,-0.025390625,0.00390625,-0.076171875,0.0,-0.01171875,0.0,0,0
1779556894.375089,-0.025390625,0.00390625,-0.076171875,0.0078125,-0.01171875,0.0,0,0
1779556894.391086,-0.025390625,0.00390625,-0.076171875,0.009765625,-0.01171875,0.0,0,0
1779556894.407036,-0.025390625,0.00390625,-0.076171875,0.009765625,-0.01171875,0.0,0,0
1779556894.423056,-0.025390625,0.00390625,-0.076171875,0.013671875,-0.01171875,0.0,0,0
1779556894.431118,-0.025390625,-0.009765625,-0.076171875,0.013671875,-0.01171875,0.0,0,0
1779556894.439061,-0.025390625,-0.009765625,-0.076171875,0.021484375,-0.01171875,0.0,0,0
1779556894.447057,-0.025390625,-0.041015625,-0.076171875,0.021484375,-0.01171875,0.0,0,0
1779556894.455117,-0.025390625,-0.041015625,-0.076171875,0.048828125,-0.01171875,0.0,0,0
1779556894.463108,-0.025390625,-0.064453125,0.00390625,0.048828125,-0.01171875,0.0,0,0
1779556894.472124,-0.025390625,-0.064453125,0.00390625,0.064453125,-0.01171875,0.0,0,0
1779556894.480111,-0.025390625,-0.08203125,0.04296875,0.064453125,-0.01171875,0.0,0,0
1779556894.487065,-0.025390625,-0.08203125,0.04296875,0.083984375,-0.01171875,0.0,0,0
1779556894.495037,-0.025390625,-0.07421875,0.0703125,0.083984375,-0.01171875,0.0,0,0
1779556894.503030,-0.025390625,-0.07421875,0.0703125,0.095703125,-0.01171875,0.0,0,0
1779556894.512047,-0.025390625,-0.060546875,0.103515625,0.095703125,-0.01171875,0.0,0,0
1779556894.519068,-0.025390625,-0.060546875,0.103515625,0.091796875,-0.01171875,0.0,0,0
1779556894.527084,-0.025390625,-0.05859375,0.14453125,0.091796875,-0.01171875,0.0,0,0
1779556894.535056,-0.025390625,-0.05859375,0.14453125,0.095703125,-0.01171875,0.0,0,0
1779556894.544006,-0.025390625,-0.08203125,0.21484375,0.095703125,-0.01171875,0.0,0,0
1779556894.552072,-0.025390625,-0.08203125,0.21484375,0.109375,-0.01171875,0.0,0,0
1779556894.559073,-0.025390625,-0.099609375,0.28515625,0.109375,-0.01171875,0.0,0,0
1779556894.568073,-0.025390625,-0.099609375,0.28515625,0.125,0.0,0.0,0,0
1779556894.575065,-0.025390625,-0.09375,0.333984375,0.125,0.0,0.0,0,0
1779556894.584042,-0.025390625,-0.09375,0.333984375,0.126953125,0.00390625,0.0,0,0
1779556894.591023,-0.025390625,-0.07421875,0.3671875,0.126953125,0.00390625,0.0,0,0
1779556894.600055,-0.025390625,-0.07421875,0.3671875,0.130859375,0.009765625,0.0,0,0
1779556894.607028,-0.025390625,-0.060546875,0.404296875,0.130859375,0.009765625,0.0,0,0
1779556894.615035,-0.025390625,-0.060546875,0.404296875,0.1328125,0.01171875,0.0,0,0
1779556894.624037,-0.025390625,-0.056640625,0.4453125,0.1328125,0.01171875,0.0,0,0
1779556894.631187,-0.025390625,-0.056640625,0.4453125,0.123046875,0.015625,0.0,0,0
1779556894.639055,-0.025390625,-0.056640625,0.47265625,0.123046875,0.015625,0.0,0,0
1779556894.647027,-0.025390625,-0.056640625,0.47265625,0.103515625,0.017578125,0.0,0,0
1779556894.655062,-0.025390625,-0.056640625,0.484375,0.103515625,0.017578125,0.0,0,0
1779556894.663038,-0.025390625,-0.056640625,0.484375,0.087890625,0.021484375,0.0,0,0
1779556894.671036,-0.025390625,-0.052734375,0.498046875,0.087890625,0.021484375,0.0,0,0
1779556894.679105,-0.025390625,-0.052734375,0.498046875,0.080078125,0.01953125,0.0,0,0
1779556894.687068,-0.025390625,-0.041015625,0.51953125,0.080078125,0.01953125,0.0,0,0
1779556894.695010,-0.025390625,-0.041015625,0.51953125,0.072265625,0.01953125,0.0,0,0
1779556894.703067,-0.025390625,-0.029296875,0.5390625,0.072265625,0.01953125,0.0,0,0
1779556894.711048,-0.025390625,-0.029296875,0.5390625,0.072265625,0.0234375,0.0,0,0
1779556894.719049,0.0078125,-0.015625,0.556640625,0.072265625,0.0234375,0.0,0,0
1779556894.727022,0.0078125,-0.015625,0.556640625,0.072265625,0.029296875,0.0,0,0
1779556894.735063,0.013671875,-0.015625,0.572265625,0.072265625,0.029296875,0.0,0,0
1779556894.743031,0.013671875,-0.015625,0.572265625,0.080078125,0.03125,0.0,0,0
1779556894.751067,0.017578125,-0.03125,0.5859375,0.080078125,0.03125,0.0,0,0
1779556894.759035,0.017578125,-0.03125,0.5859375,0.09765625,0.03125,0.0,0,0
1779556894.768070,0.02734375,-0.041015625,0.59375,0.09765625,0.03125,0.0,0,0
1779556894.775105,0.02734375,-0.041015625,0.59375,0.109375,0.03515625,0.0,0,0
1779556894.783089,0.0390625,-0.03515625,0.59765625,0.109375,0.03515625,0.0,0,0
1779556894.791056,0.0390625,-0.03515625,0.59765625,0.115234375,0.0390625,0.0,0,0
1779556894.799088,0.041015625,-0.01953125,0.59375,0.115234375,0.0390625,0.0,0,0
1779556894.807102,0.041015625,-0.01953125,0.59375,0.103515625,0.04296875,0.0,0,0
1779556894.815090,0.041015625,-0.015625,0.591796875,0.103515625,0.04296875,0.0,0,0
1779556894.823102,0.041015625,-0.015625,0.591796875,0.099609375,0.04296875,0.0,0,0
1779556894.831157,0.046875,-0.017578125,0.607421875,0.099609375,0.04296875,0.0,0,0
1779556894.839040,0.046875,-0.017578125,0.607421875,0.09375,0.046875,0.0,0,0
1779556894.847033,0.05859375,-0.015625,0.6171875,0.09375,0.046875,0.0,0,0
1779556894.855047,0.05859375,-0.015625,0.6171875,0.091796875,0.052734375,0.0,0,0
1779556894.863110,0.0703125,-0.017578125,0.619140625,0.091796875,0.052734375,0.0,0,0
1779556894.871048,0.0703125,-0.017578125,0.619140625,0.08984375,0.056640625,0.0,0,0
1779556894.879046,0.080078125,-0.025390625,0.61328125,0.08984375,0.056640625,0.0,0,0
1779556894.887081,0.080078125,-0.025390625,0.61328125,0.09375,0.05859375,0.0,0,0
1779556894.895072,0.083984375,-0.02734375,0.609375,0.09375,0.05859375,0.0,0,0
1779556894.903073,0.083984375,-0.02734375,0.609375,0.09375,0.060546875,0.0,0,0
1779556894.912055,0.09765625,-0.017578125,0.609375,0.09375,0.060546875,0.0,0,0
1779556894.920085,0.09765625,-0.017578125,0.609375,0.087890625,0.068359375,0.0,0,0
1779556894.927032,0.1015625,-0.015625,0.61328125,0.087890625,0.068359375,0.0,0,0
1779556894.935067,0.1015625,-0.015625,0.61328125,0.083984375,0.072265625,0.0,0,0
1779556894.943044,0.107421875,-0.01171875,0.62109375,0.083984375,0.072265625,0.0,0,0
1779556894.951096,0.107421875,-0.01171875,0.62109375,0.080078125,0.076171875,0.0,0,0
1779556894.959075,0.109375,-0.005859375,0.625,0.080078125,0.076171875,0.0,0,0
1779556894.967077,0.109375,-0.005859375,0.625,0.078125,0.078125,0.0,0,0
1779556894.975066,0.111328125,-0.005859375,0.630859375,0.078125,0.078125,0.0,0,0
1779556894.983132,0.111328125,-0.005859375,0.630859375,0.07421875,0.080078125,0.0,0,0
1779556894.991110,0.11328125,-0.005859375,0.6328125,0.07421875,0.080078125,0.0,0,0
1779556894.999099,0.11328125,-0.005859375,0.6328125,0.076171875,0.080078125,0.0,0,0
1779556895.007106,0.1171875,-0.005859375,0.634765625,0.076171875,0.080078125,0.0,0,0
1779556895.015080,0.1171875,-0.005859375,0.634765625,0.078125,0.08203125,0.0,0,0
1779556895.023100,0.123046875,-0.005859375,0.642578125,0.078125,0.08203125,0.0,0,0
1779556895.031098,0.123046875,-0.005859375,0.642578125,0.0859375,0.0859375,0.0,0,0
1779556895.039082,0.1328125,-0.005859375,0.65234375,0.0859375,0.0859375,0.0,0,0
1779556895.047067,0.1328125,-0.005859375,0.65234375,0.087890625,0.08984375,0.0,0,0
1779556895.055049,0.134765625,-0.005859375,0.646484375,0.087890625,0.08984375,0.0,0,0
1779556895.063005,0.134765625,-0.005859375,0.646484375,0.087890625,0.08984375,0.0,0,0
1779556895.071093,0.138671875,-0.00390625,0.63671875,0.087890625,0.08984375,0.0,0,0
1779556895.079065,0.138671875,-0.00390625,0.63671875,0.08984375,0.09375,0.0,0,0
1779556895.088099,0.142578125,-0.00390625,0.638671875,0.08984375,0.09375,0.0,0,0
1779556895.095053,0.142578125,-0.00390625,0.638671875,0.08984375,0.095703125,0.0,0,0
1779556895.104023,0.138671875,-0.00390625,0.64453125,0.08984375,0.095703125,0.0,0,0
1779556895.111060,0.138671875,-0.00390625,0.64453125,0.091796875,0.095703125,0.0,0,0
1779556895.119085,0.134765625,-0.00390625,0.646484375,0.091796875,0.095703125,0.0,0,0
1779556895.127064,0.134765625,-0.00390625,0.646484375,0.099609375,0.09375,0.0,0,0
1779556895.136065,0.14453125,-0.00390625,0.666015625,0.099609375,0.09375,0.0,0,0
1779556895.143087,0.14453125,-0.00390625,0.666015625,0.103515625,0.09765625,0.0,0,0
1779556895.151075,0.154296875,-0.00390625,0.66796875,0.103515625,0.09765625,0.0,0,0
1779556895.159058,0.154296875,-0.00390625,0.66796875,0.1015625,0.1015625,0.0,0,0
1779556895.168099,0.16015625,-0.00390625,0.6640625,0.1015625,0.1015625,0.0,0,0
1779556895.175047,0.16015625,-0.00390625,0.6640625,0.1015625,0.1015625,0.0,0,0
1779556895.184067,0.162109375,-0.00390625,0.658203125,0.1015625,0.1015625,0.0,0,0
1779556895.191077,0.162109375,-0.00390625,0.658203125,0.099609375,0.103515625,0.0,0,0
1779556895.199059,0.16015625,-0.00390625,0.6484375,0.099609375,0.103515625,0.0,0,0
1779556895.207051,0.16015625,-0.00390625,0.6484375,0.09765625,0.103515625,0.0,0,0
1779556895.215054,0.1640625,-0.00390625,0.658203125,0.09765625,0.103515625,0.0,0,0
1779556895.223052,0.1640625,-0.00390625,0.658203125,0.09765625,0.107421875,0.0,0,0
1779556895.232074,0.1640625,-0.00390625,0.662109375,0.09765625,0.107421875,0.0,0,0
1779556895.240108,0.1640625,-0.00390625,0.662109375,0.103515625,0.107421875,0.0,0,0
1779556895.247096,0.162109375,-0.00390625,0.662109375,0.103515625,0.107421875,0.0,0,0
1779556895.255073,0.162109375,-0.00390625,0.662109375,0.109375,0.10546875,0.0,0,0
1779556895.263049,0.154296875,-0.00390625,0.662109375,0.109375,0.10546875,0.0,0,0
1779556895.271034,0.154296875,-0.00390625,0.662109375,0.10546875,0.103515625,0.0,0,0
1779556895.279056,0.1484375,-0.00390625,0.654296875,0.10546875,0.103515625,0.0,0,0
1779556895.287042,0.1484375,-0.00390625,0.654296875,0.09765625,0.10546875,0.0,0,0
1779556895.295041,0.14453125,-0.00390625,0.650390625,0.09765625,0.10546875,0.0,0,0
1779556895.303034,0.14453125,-0.00390625,0.650390625,0.09375,0.103515625,0.0,0,0
1779556895.311066,0.142578125,-0.00390625,0.646484375,0.09375,0.103515625,0.0,0,0
1779556895.319043,0.142578125,-0.00390625,0.646484375,0.0859375,0.103515625,0.0,0,0
1779556895.327025,0.134765625,-0.00390625,0.6328125,0.0859375,0.103515625,0.0,0,0
1779556895.335047,0.134765625,-0.00390625,0.6328125,0.08203125,0.1015625,0.0,0,0
1779556895.343086,0.126953125,-0.00390625,0.626953125,0.08203125,0.1015625,0.0,0,0
1779556895.352066,0.126953125,-0.00390625,0.626953125,0.08203125,0.099609375,0.0,0,0
1779556895.359069,0.123046875,-0.00390625,0.626953125,0.08203125,0.099609375,0.0,0,0
1779556895.367103,0.123046875,-0.00390625,0.626953125,0.08203125,0.099609375,0.0,0,0
1779556895.375079,0.119140625,-0.00390625,0.625,0.08203125,0.099609375,0.0,0,0
1779556895.383113,0.119140625,-0.00390625,0.625,0.083984375,0.099609375,0.0,0,0
1779556895.391057,0.115234375,-0.00390625,0.6171875,0.083984375,0.099609375,0.0,0,0
1779556895.399075,0.115234375,-0.00390625,0.6171875,0.08984375,0.095703125,0.0,0,0
1779556895.407094,0.109375,-0.00390625,0.60546875,0.08984375,0.095703125,0.0,0,0
1779556895.415058,0.109375,-0.00390625,0.60546875,0.091796875,0.09375,0.0,0,0
1779556895.423091,0.107421875,-0.00390625,0.595703125,0.091796875,0.09375,0.0,0,0
1779556895.431049,0.107421875,-0.00390625,0.595703125,0.08984375,0.09375,0.0,0,0
1779556895.439029,0.099609375,-0.00390625,0.587890625,0.08984375,0.09375,0.0,0,0
1779556895.447124,0.099609375,-0.00390625,0.587890625,0.072265625,0.091796875,0.0,0,0
1779556895.456062,0.09765625,-0.00390625,0.587890625,0.072265625,0.091796875,0.0,0,0
1779556895.463051,0.09765625,-0.00390625,0.587890625,0.0546875,0.091796875,0.0,0,0
1779556895.471016,0.09375,-0.00390625,0.59765625,0.0546875,0.091796875,0.0,0,0
1779556895.479050,0.09375,-0.00390625,0.59765625,0.04296875,0.091796875,0.0,0,0
1779556895.487050,0.09765625,-0.00390625,0.607421875,0.04296875,0.091796875,0.0,0,0
1779556895.495041,0.09765625,-0.00390625,0.607421875,0.044921875,0.091796875,0.0,0,0
1779556895.503128,0.1015625,-0.00390625,0.615234375,0.044921875,0.091796875,0.0,0,0
1779556895.511060,0.1015625,-0.00390625,0.615234375,0.0546875,0.08984375,0.0,0,0
1779556895.519058,0.1015625,-0.00390625,0.61328125,0.0546875,0.08984375,0.0,0,0
1779556895.527054,0.1015625,-0.00390625,0.61328125,0.068359375,0.08984375,0.0,0,0
1779556895.535064,0.091796875,-0.00390625,0.611328125,0.068359375,0.08984375,0.0,0,0
1779556895.544062,0.091796875,-0.00390625,0.611328125,0.078125,0.0859375,0.0,0,0
1779556895.551132,0.076171875,-0.00390625,0.611328125,0.078125,0.0859375,0.0,0,0
1779556895.559072,0.076171875,-0.00390625,0.611328125,0.080078125,0.08203125,0.0,0,0
1779556895.567071,0.068359375,-0.00390625,0.619140625,0.080078125,0.08203125,0.0,0,0
1779556895.575103,0.068359375,-0.00390625,0.619140625,0.080078125,0.080078125,0.0,0,0
1779556895.583153,0.068359375,-0.00390625,0.638671875,0.080078125,0.080078125,0.0,0,0
1779556895.591062,0.068359375,-0.00390625,0.638671875,0.087890625,0.080078125,0.0,0,0
1779556895.599054,0.068359375,-0.00390625,0.6484375,0.087890625,0.080078125,0.0,0,0
1779556895.607094,0.068359375,-0.00390625,0.6484375,0.08984375,0.080078125,0.0,0,0
1779556895.615026,0.068359375,-0.00390625,0.646484375,0.08984375,0.080078125,0.0,0,0
1779556895.623048,0.068359375,-0.00390625,0.646484375,0.09375,0.078125,0.0,0,0
1779556895.631037,0.064453125,-0.00390625,0.642578125,0.09375,0.078125,0.0,0,0
1779556895.639095,0.064453125,-0.00390625,0.642578125,0.095703125,0.076171875,0.0,0,0
1779556895.647069,0.0546875,-0.00390625,0.646484375,0.095703125,0.076171875,0.0,0,0
1779556895.655043,0.0546875,-0.00390625,0.646484375,0.087890625,0.0703125,0.0,0,0
1779556895.663031,0.046875,-0.00390625,0.658203125,0.087890625,0.0703125,0.0,0,0
1779556895.671055,0.046875,-0.00390625,0.658203125,0.08203125,0.068359375,0.0,0,0
1779556895.680059,0.0390625,0.0,0.671875,0.08203125,0.068359375,0.0,0,0
1779556895.687078,0.0390625,0.0,0.671875,0.08203125,0.06640625,0.0,0,0
1779556895.695077,0.03515625,0.0,0.67578125,0.08203125,0.06640625,0.0,0,0
1779556895.703021,0.03515625,0.0,0.67578125,0.08203125,0.06640625,0.0,0,0
1779556895.711103,0.02734375,0.0,0.673828125,0.08203125,0.06640625,0.0,0,0
1779556895.719084,0.02734375,0.0,0.673828125,0.076171875,0.060546875,0.0,0,0
1779556895.727076,0.025390625,0.005859375,0.669921875,0.076171875,0.060546875,0.0,0,0
1779556895.735071,0.025390625,0.005859375,0.669921875,0.072265625,0.060546875,0.0,0,0
1779556895.743081,0.025390625,0.01953125,0.66796875,0.072265625,0.060546875,0.0,0,0
1779556895.751079,0.025390625,0.01953125,0.66796875,0.060546875,0.060546875,0.0,0,0
1779556895.759064,0.025390625,0.0234375,0.669921875,0.060546875,0.060546875,0.0,0,0
1779556895.767117,0.025390625,0.0234375,0.669921875,0.0546875,0.060546875,0.0,0,0
1779556895.775074,0.0234375,0.021484375,0.673828125,0.0546875,0.060546875,0.0,0,0
1779556895.783038,0.0234375,0.021484375,0.673828125,0.05859375,0.060546875,0.0,0,0
1779556895.791052,0.021484375,0.017578125,0.67578125,0.05859375,0.060546875,0.0,0,0
1779556895.799077,0.021484375,0.017578125,0.67578125,0.064453125,0.05859375,0.0,0,0
1779556895.807068,0.015625,0.0234375,0.671875,0.064453125,0.05859375,0.0,0,0
1779556895.816097,0.015625,0.0234375,0.671875,0.0703125,0.0546875,0.0,0,0
1779556895.823116,0.009765625,0.02734375,0.669921875,0.0703125,0.0546875,0.0,0,0
1779556895.831100,0.009765625,0.02734375,0.669921875,0.076171875,0.052734375,0.0,0,0
1779556895.839101,0.005859375,0.033203125,0.6640625,0.076171875,0.052734375,0.0,0,0
1779556895.847112,0.005859375,0.033203125,0.6640625,0.076171875,0.048828125,0.0,0,0
1779556895.855111,0.0078125,0.03515625,0.66015625,0.076171875,0.048828125,0.0,0,0
1779556895.863088,0.0078125,0.03515625,0.66015625,0.076171875,0.048828125,0.0,0,0
1779556895.871119,0.013671875,0.03515625,0.66796875,0.076171875,0.048828125,0.0,0,0
1779556895.879119,0.013671875,0.03515625,0.66796875,0.076171875,0.05078125,0.0,0,0
1779556895.888113,0.015625,0.037109375,0.671875,0.076171875,0.05078125,0.0,0,0
1779556895.895084,0.015625,0.037109375,0.671875,0.080078125,0.05078125,0.0,0,0
1779556895.903087,0.01953125,0.05078125,0.67578125,0.080078125,0.05078125,0.0,0,0
1779556895.911069,0.01953125,0.05078125,0.67578125,0.08984375,0.048828125,0.0,0,0
1779556895.919136,0.01953125,0.05859375,0.67578125,0.08984375,0.048828125,0.0,0,0
1779556895.927095,0.01953125,0.05859375,0.67578125,0.103515625,0.046875,0.0,0,0
1779556895.936040,0.01953125,0.064453125,0.666015625,0.103515625,0.046875,0.0,0,0
1779556895.944114,0.01953125,0.064453125,0.666015625,0.111328125,0.041015625,0.0,0,0
1779556895.951050,0.0234375,0.06640625,0.66015625,0.111328125,0.041015625,0.0,0,0
1779556895.959100,0.0234375,0.06640625,0.66015625,0.11328125,0.041015625,0.0,0,0
1779556895.968150,0.0234375,0.06640625,0.654296875,0.11328125,0.041015625,0.0,0,0
1779556895.975066,0.0234375,0.06640625,0.654296875,0.119140625,0.041015625,0.0,0,0
1779556895.983073,0.015625,0.07421875,0.650390625,0.119140625,0.041015625,0.0,0,0
1779556895.991090,0.015625,0.07421875,0.650390625,0.119140625,0.0390625,0.0,0,0
1779556896.000081,0.00390625,0.076171875,0.630859375,0.119140625,0.0390625,0.0,0,0
1779556896.008048,0.00390625,0.076171875,0.630859375,0.1171875,0.033203125,0.0,0,0
1779556896.015035,0.00390625,0.060546875,0.60546875,0.1171875,0.033203125,0.0,0,0
1779556896.024097,0.00390625,0.060546875,0.60546875,0.119140625,0.03125,0.0,0,0
1779556896.032101,0.00390625,0.029296875,0.560546875,0.119140625,0.03125,0.0,0,0
1779556896.039103,0.00390625,0.029296875,0.560546875,0.125,0.03125,0.0,0,0
1779556896.047029,0.00390625,0.029296875,0.51953125,0.125,0.03125,0.0,0,0
1779556896.056071,0.00390625,0.029296875,0.51953125,0.1328125,0.029296875,0.0,0,0
1779556896.063064,0.00390625,0.029296875,0.458984375,0.1328125,0.029296875,0.0,0,0
1779556896.071095,0.00390625,0.029296875,0.458984375,0.15625,0.02734375,0.0,0,0
1779556896.079054,0.025390625,0.029296875,0.3984375,0.15625,0.02734375,0.0,0,0
1779556896.088056,0.025390625,0.029296875,0.3984375,0.169921875,0.03125,0.0,0,0
1779556896.095050,0.056640625,-0.02734375,0.337890625,0.169921875,0.03125,0.0,0,0
1779556896.103062,0.056640625,-0.02734375,0.337890625,0.17578125,0.041015625,0.0,0,0
1779556896.111053,0.072265625,-0.037109375,0.279296875,0.17578125,0.041015625,0.0,0,0
1779556896.119061,0.072265625,-0.037109375,0.279296875,0.177734375,0.048828125,0.0,0,0
1779556896.127044,0.080078125,-0.029296875,0.216796875,0.177734375,0.048828125,0.0,0,0
1779556896.135105,0.080078125,-0.029296875,0.216796875,0.158203125,0.048828125,0.0,0,0
1779556896.143084,0.07421875,-0.015625,0.1796875,0.158203125,0.048828125,0.0,0,0
1779556896.152053,0.07421875,-0.015625,0.1796875,0.150390625,0.033203125,0.0,0,0
1779556896.159088,0.07421875,-0.015625,0.00390625,0.150390625,0.033203125,0.0,0,0
1779556896.189104,0.0,0.0,0.0,0.0,0.0,0.0,0,0
1779556896.220123,0.0,0.0,0.0,0.0,0.0,0.0,0,0
1779556896.251017,0.0,0.0,0.0,0.0,0.0,0.0,0,0
1779556896.282056,0.0,0.0,0.0,0.0,0.0,0.0,0,0
1779556896.313056,0.0,0.0,0.0,0.0,0.0,0.0,0,0
1779556896.344131,0.0,0.0,0.0,0.0,0.0,0.0,0,0
1779556896.375039,0.0,0.0,0.0,0.0,0.0,0.0,0,0
1779556896.406083,0.0,0.0,0.0,0.0,0.0,0.0,0,0
1779556896.437072,0.0,0.0,0.0,0.0,0.0,0.0,0,0
1779556896.468038,0.0,0.0,0.0,0.0,0.0,0.0,0,0
1779556896.499023,0.0,0.0,0.0,0.0,0.0,0.0,0,0
1779556896.530085,0.0,0.0,0.0,0.0,0.0,0.0,0,0
1779556896.561106,0.0,0.0,0.0,0.0,0.0,0.0,0,0
1779556896.592051,0.0,0.0,0.0,0.0,0.0,0.0,0,0
1779556896.623105,0.0,0.0,0.0,0.0,0.0,0.0,0,0
1779556896.654086,0.0,0.0,0.0,0.0,0.0,0.0,0,0
1779556896.685046,0.0,0.0,0.0,0.0,0.0,0.0,0,0
1779556896.716037,0.0,0.0,0.0,0.0,0.0,0.0,0,0
1779556896.747091,0.0,0.0,0.0,0.0,0.0,0.0,0,0
1779556896.778053,0.0,0.0,0.0,0.0,0.0,0.0,0,0
1779556896.809097,0.0,0.0,0.0,0.0,0.0,0.0,0,0
1779556896.840085,0.0,0.0,0.0,0.0,0.0,0.0,0,0
1779556896.871070,0.0,0.0,0.0,0.0,0.0,0.0,0,0
1779556896.902117,0.0,0.0,0.0,0.0,0.0,0.0,0,0
1779556896.933093,0.0,0.0,0.0,0.0,0.0,0.0,0,0
1779556896.964055,0.0,0.0,0.0,0.0,0.0,0.0,0,0
1779556896.995098,0.0,0.0,0.0,0.0,0.0,0.0,0,0
1779556897.026074,0.0,0.0,0.0,0.0,0.0,0.0,0,0
1779556897.057077,0.0,0.0,0.0,0.0,0.0,0.0,0,0
1779556897.088078,0.0,0.0,0.0,0.0,0.0,0.0,0,0
1779556897.119076,0.0,0.0,0.0,0.0,0.0,0.0,0,0
1779556897.150076,0.0,0.0,0.0,0.0,0.0,0.0,0,0
1779556897.181077,0.0,0.0,0.0,0.0,0.0,0.0,0,0
1779556897.212058,0.0,0.0,0.0,0.0,0.0,0.0,0,0
1779556897.243066,0.0,0.0,0.0,0.0,0.0,0.0,0,0
1779556897.272087,0.07421875,0.00390625,0.00390625,0.150390625,0.033203125,0.0,0,0
1779556897.288069,0.07421875,0.01171875,0.00390625,0.150390625,0.033203125,0.0,0,0
1779556897.303060,0.07421875,0.0078125,0.00390625,0.150390625,0.033203125,0.0,0,0
1779556897.311084,0.07421875,0.0078125,0.00390625,0.103515625,0.033203125,0.0,0,0
1779556897.327098,0.07421875,0.0078125,0.00390625,0.275390625,-0.021484375,0.0,0,0
1779556897.335108,0.07421875,0.0078125,0.009765625,0.275390625,-0.021484375,0.0,0,0
1779556897.343067,0.07421875,0.0078125,0.009765625,0.455078125,-0.044921875,0.0,0,0
1779556897.351031,0.07421875,0.0078125,0.03125,0.455078125,-0.044921875,0.0,0,0
1779556897.359097,0.07421875,0.0078125,0.03125,0.61328125,-0.080078125,0.0,0,0
1779556897.368067,0.07421875,0.0078125,0.0234375,0.61328125,-0.080078125,0.0,0,0
1779556897.375093,0.07421875,0.0078125,0.0234375,0.68359375,-0.08984375,0.0,0,0
1779556897.391104,0.07421875,0.0078125,0.0234375,0.68359375,-0.091796875,0.0,0,0
1779556897.407092,0.07421875,0.0078125,0.0234375,0.68359375,-0.083984375,0.0,0,0
1779556897.423067,0.07421875,0.0078125,0.0234375,0.68359375,-0.078125,0.005859375,0,0
1779556897.439082,0.07421875,0.0078125,0.0234375,0.68359375,-0.072265625,0.01171875,0,0
1779556897.455053,0.07421875,0.0078125,0.0234375,0.68359375,-0.0703125,0.017578125,0,0
1779556897.471055,0.07421875,0.0078125,0.0234375,0.68359375,-0.064453125,0.01953125,0,0
1779556897.487096,0.07421875,0.0078125,0.0234375,0.68359375,-0.064453125,0.021484375,0,0
1779556897.503062,0.07421875,0.0078125,0.0234375,0.68359375,-0.064453125,0.021484375,0,0
1779556897.519145,0.07421875,0.0078125,0.0234375,0.68359375,-0.068359375,0.021484375,0,0
1779556897.536095,0.07421875,0.0078125,0.0234375,0.68359375,-0.068359375,0.021484375,0,0
1779556897.551111,0.07421875,0.0078125,0.0234375,0.68359375,-0.0703125,0.021484375,0,0
1779556897.568063,0.07421875,0.0078125,0.0234375,0.68359375,-0.072265625,0.0234375,0,0
1779556897.583084,0.07421875,0.0078125,0.0234375,0.68359375,-0.072265625,0.0234375,0,0
1779556897.599055,0.07421875,0.0078125,0.0234375,0.68359375,-0.072265625,0.0234375,0,0
1779556897.615057,0.07421875,0.0078125,0.0234375,0.68359375,-0.072265625,0.0234375,0,0
1779556897.632118,0.07421875,0.0078125,0.0234375,0.68359375,-0.0703125,0.0234375,0,0
1779556897.647053,0.07421875,0.0078125,0.0234375,0.68359375,-0.0703125,0.0234375,0,0
1779556897.663041,0.07421875,0.0078125,0.0234375,0.68359375,-0.0703125,0.025390625,0,0
1779556897.679037,0.07421875,0.0078125,0.0234375,0.68359375,-0.0703125,0.02734375,0,0
1779556897.695080,0.07421875,0.0078125,0.0234375,0.68359375,-0.0703125,0.02734375,0,0
1779556897.711050,0.07421875,0.0078125,0.0234375,0.68359375,-0.064453125,0.02734375,0,0
1779556897.727050,0.07421875,0.0078125,0.0234375,0.68359375,-0.064453125,0.02734375,0,0
1779556897.743033,0.07421875,0.0078125,0.0234375,0.68359375,-0.064453125,0.02734375,0,0
1779556897.759081,0.07421875,0.0078125,0.0234375,0.68359375,-0.06640625,0.02734375,0,0
1779556897.776016,0.07421875,0.0078125,0.0234375,0.68359375,-0.06640625,0.02734375,0,0
1779556897.792019,0.07421875,0.0078125,0.0234375,0.68359375,-0.06640625,0.021484375,0,0
1779556897.807034,0.07421875,0.0078125,0.0234375,0.68359375,-0.06640625,0.013671875,0,0
1779556897.823067,0.07421875,0.0078125,0.0234375,0.68359375,-0.064453125,0.009765625,0,0
1779556897.839103,0.07421875,0.0078125,0.0234375,0.68359375,-0.05078125,0.0078125,0,0
1779556897.847043,0.07421875,-0.00390625,0.046875,0.68359375,-0.05078125,0.0078125,0,0
1779556897.855110,0.07421875,-0.00390625,0.046875,0.68359375,-0.025390625,0.005859375,0,0
1779556897.863010,0.01953125,-0.00390625,0.142578125,0.68359375,-0.025390625,0.005859375,0,0
1779556897.871093,0.01953125,-0.00390625,0.142578125,0.62890625,-0.025390625,0.0,0,0
1779556897.879112,0.046875,-0.00390625,0.142578125,0.62890625,-0.025390625,0.0,0,0
1779556897.888155,0.046875,-0.00390625,0.142578125,0.443359375,-0.025390625,0.0,0,0
1779556897.896095,0.03515625,-0.00390625,0.0703125,0.443359375,-0.025390625,0.0,0,0
1779556897.903037,0.03515625,-0.00390625,0.0703125,0.236328125,-0.025390625,0.0,0,0
1779556897.919056,0.03515625,-0.00390625,0.0703125,0.236328125,-0.025390625,0.0,0,0
1779556897.949074,0.0,0.0,0.0,0.0,0.0,0.0,0,0
1779556897.980036,0.0,0.0,0.0,0.0,0.0,0.0,0,0
1779556898.011073,0.0,0.0,0.0,0.0,0.0,0.0,0,0
1779556898.042086,0.0,0.0,0.0,0.0,0.0,0.0,0,0
1779556898.073089,0.0,0.0,0.0,0.0,0.0,0.0,0,0
1779556898.104096,0.0,0.0,0.0,0.0,0.0,0.0,0,0
1779556898.135098,0.0,0.0,0.0,0.0,0.0,0.0,0,0
1779556898.166070,0.0,0.0,0.0,0.0,0.0,0.0,0,0
1779556898.197123,0.0,0.0,0.0,0.0,0.0,0.0,0,0
1779556898.228076,0.0,0.0,0.0,0.0,0.0,0.0,0,0
1779556898.259105,0.0,0.0,0.0,0.0,0.0,0.0,0,0
1779556898.290068,0.0,0.0,0.0,0.0,0.0,0.0,0,0
1779556898.321045,0.0,0.0,0.0,0.0,0.0,0.0,0,0
1779556898.352016,0.0,0.0,0.0,0.0,0.0,0.0,0,0
1779556898.383069,0.0,0.0,0.0,0.0,0.0,0.0,0,0
1779556898.414107,0.0,0.0,0.0,0.0,0.0,0.0,0,0
1779556898.445067,0.0,0.0,0.0,0.0,0.0,0.0,0,0
1779556898.476072,0.0,0.0,0.0,0.0,0.0,0.0,0,0
1779556898.507064,0.0,0.0,0.0,0.0,0.0,0.0,0,0
1779556898.538093,0.0,0.0,0.0,0.0,0.0,0.0,0,0
1779556898.569133,0.0,0.0,0.0,0.0,0.0,0.0,0,0
1779556898.600086,0.0,0.0,0.0,0.0,0.0,0.0,0,0
1779556898.631124,0.0,0.0,0.0,0.0,0.0,0.0,0,0
1779556898.662080,0.0,0.0,0.0,0.0,0.0,0.0,0,0
1779556898.693063,0.0,0.0,0.0,0.0,0.0,0.0,0,0
1779556898.724137,0.0,0.0,0.0,0.0,0.0,0.0,0,0
1779556898.755088,0.0,0.0,0.0,0.0,0.0,0.0,0,0
1779556898.786103,0.0,0.0,0.0,0.0,0.0,0.0,0,0
1779556898.817068,0.0,0.0,0.0,0.0,0.0,0.0,0,0
1779556898.848030,0.0,0.0,0.0,0.0,0.0,0.0,0,0
1779556898.879103,0.0,0.0,0.0,0.0,0.0,0.0,0,0
1779556898.910083,0.0,0.0,0.0,0.0,0.0,0.0,0,0
1779556898.941085,0.0,0.0,0.0,0.0,0.0,0.0,0,0
1779556898.972043,0.0,0.0,0.0,0.0,0.0,0.0,0,0
1779556899.003061,0.0,0.0,0.0,0.0,0.0,0.0,0,0
1779556899.034057,0.0,0.0,0.0,0.0,0.0,0.0,0,0
1779556899.065101,0.0,0.0,0.0,0.0,0.0,0.0,0,0
1779556899.096032,0.0,0.0,0.0,0.0,0.0,0.0,0,0
1779556899.127087,0.0,0.0,0.0,0.0,0.0,0.0,0,0
1779556899.158046,0.0,0.0,0.0,0.0,0.0,0.0,0,0
1779556899.189058,0.0,0.0,0.0,0.0,0.0,0.0,0,0
1779556899.220080,0.0,0.0,0.0,0.0,0.0,0.0,0,0
1779556899.251112,0.0,0.0,0.0,0.0,0.0,0.0,0,0
1779556899.282127,0.0,0.0,0.0,0.0,0.0,0.0,0,0
1779556899.313056,0.0,0.0,0.0,0.0,0.0,0.0,0,0
1779556899.344074,0.0,0.0,0.0,0.0,0.0,0.0,0,0
1779556899.375146,0.0,0.0,0.0,0.0,0.0,0.0,0,0
1779556899.406071,0.0,0.0,0.0,0.0,0.0,0.0,0,0
1779556899.437055,0.0,0.0,0.0,0.0,0.0,0.0,0,0
1779556899.468067,0.0,0.0,0.0,0.0,0.0,0.0,0,0
1779556899.499119,0.0,0.0,0.0,0.0,0.0,0.0,0,0
1779556899.530065,0.0,0.0,0.0,0.0,0.0,0.0,0,0
1779556899.561071,0.0,0.0,0.0,0.0,0.0,0.0,0,0
1779556899.592043,0.0,0.0,0.0,0.0,0.0,0.0,0,0
1779556899.623052,0.0,0.0,0.0,0.0,0.0,0.0,0,0
1779556899.654068,0.0,0.0,0.0,0.0,0.0,0.0,0,0
1779556899.685064,0.0,0.0,0.0,0.0,0.0,0.0,0,0
1779556899.716041,0.0,0.0,0.0,0.0,0.0,0.0,0,0
1779556899.747071,0.0,0.0,0.0,0.0,0.0,0.0,0,0
1779556899.778131,0.0,0.0,0.0,0.0,0.0,0.0,0,0
1779556899.809103,0.0,0.0,0.0,0.0,0.0,0.0,0,0
1779556899.840089,0.0,0.0,0.0,0.0,0.0,0.0,0,0
1779556899.871103,0.0,0.0,0.0,0.0,0.0,0.0,0,0
1779556899.902043,0.0,0.0,0.0,0.0,0.0,0.0,0,0
1779556899.933088,0.0,0.0,0.0,0.0,0.0,0.0,0,0
1779556899.964054,0.0,0.0,0.0,0.0,0.0,0.0,0,0
1779556899.995125,0.0,0.0,0.0,0.0,0.0,0.0,0,0
1779556900.026068,0.0,0.0,0.0,0.0,0.0,0.0,0,0
1779556900.057094,0.0,0.0,0.0,0.0,0.0,0.0,0,0
1779556900.088019,0.0,0.0,0.0,0.0,0.0,0.0,0,0
1779556900.119086,0.0,0.0,0.0,0.0,0.0,0.0,0,0
1779556900.150087,0.0,0.0,0.0,0.0,0.0,0.0,0,0
1779556900.181131,0.0,0.0,0.0,0.0,0.0,0.0,0,0
1779556900.212082,0.0,0.0,0.0,0.0,0.0,0.0,0,0
1779556900.243036,0.0,0.0,0.0,0.0,0.0,0.0,0,0
1779556900.274056,0.0,0.0,0.0,0.0,0.0,0.0,0,0
1779556900.305085,0.0,0.0,0.0,0.0,0.0,0.0,0,0
1779556900.336079,0.0,0.0,0.0,0.0,0.0,0.0,0,0
1779556900.367064,0.0,0.0,0.0,0.0,0.0,0.0,0,0
1779556900.398098,0.0,0.0,0.0,0.0,0.0,0.0,0,0
1779556900.429098,0.0,0.0,0.0,0.0,0.0,0.0,0,0
1779556900.460062,0.0,0.0,0.0,0.0,0.0,0.0,0,0
