ts,vx,vy,vz,wx,wy,wz,gripper_btn,mode_btn
1779556618.671724,0.013671875,0.0,-0.0234375,-0.013671875,-0.013671875,0.07421875,0,0
1779556618.687733,0.013671875,-0.015625,-0.0234375,-0.013671875,-0.013671875,0.07421875,0,0
1779556618.703728,0.013671875,-0.0390625,-0.068359375,-0.013671875,-0.013671875,0.07421875,0,0
1779556618.719767,0.046875,-0.095703125,-0.0234375,-0.013671875,-0.013671875,0.07421875,0,0
1779556618.727759,0.046875,-0.095703125,-0.0234375,-0.013671875,-0.013671875,-0.05078125,0,0
1779556618.735753,0.041015625,-0.1796875,-0.0234375,-0.013671875,-0.013671875,-0.05078125,0,0
1779556618.743786,0.041015625,-0.1796875,-0.0234375,0.01171875,0.0234375,-0.12109375,0,0
1779556618.751776,0.009765625,-0.20703125,0.0,0.01171875,0.0234375,-0.12109375,0,0
1779556618.759743,0.009765625,-0.20703125,0.0,0.04296875,0.03125,-0.150390625,0,0
1779556618.767781,0.009765625,-0.248046875,0.0,0.04296875,0.03125,-0.150390625,0,0
1779556618.775720,0.009765625,-0.248046875,0.0,0.0859375,0.033203125,-0.181640625,0,0
1779556618.783755,0.0234375,-0.298828125,0.0,0.0859375,0.033203125,-0.181640625,0,0
1779556618.791789,0.0234375,-0.298828125,0.0,0.12890625,0.041015625,-0.20703125,0,0
1779556618.799799,0.1015625,-0.328125,0.0,0.12890625,0.041015625,-0.20703125,0,0
1779556618.807792,0.1015625,-0.328125,0.0,0.14453125,0.05859375,-0.279296875,0,0
1779556618.815718,0.181640625,-0.28515625,-0.009765625,0.14453125,0.05859375,-0.279296875,0,0
1779556618.823723,0.181640625,-0.28515625,-0.009765625,0.060546875,0.0703125,-0.345703125,0,0
1779556618.831713,0.201171875,-0.23828125,-0.013671875,0.060546875,0.0703125,-0.345703125,0,0
1779556618.839786,0.201171875,-0.23828125,-0.013671875,0.060546875,0.087890625,-0.435546875,0,0
1779556618.847757,0.173828125,-0.1953125,-0.013671875,0.060546875,0.087890625,-0.435546875,0,0
1779556618.855736,0.173828125,-0.1953125,-0.013671875,0.060546875,0.09765625,-0.501953125,0,0
1779556618.863738,0.15234375,-0.189453125,-0.013671875,0.060546875,0.09765625,-0.501953125,0,0
1779556618.871742,0.15234375,-0.189453125,-0.013671875,0.060546875,0.1015625,-0.515625,0,0
1779556618.879736,0.1484375,-0.208984375,-0.013671875,0.060546875,0.1015625,-0.515625,0,0
1779556618.887733,0.1484375,-0.208984375,-0.013671875,0.060546875,0.0625,-0.486328125,0,0
1779556618.895750,0.140625,-0.208984375,0.01171875,0.060546875,0.0625,-0.486328125,0,0
1779556618.903722,0.140625,-0.208984375,0.01171875,0.060546875,0.021484375,-0.48046875,0,0
1779556618.911752,0.115234375,-0.181640625,0.005859375,0.060546875,0.021484375,-0.48046875,0,0
1779556618.919712,0.115234375,-0.181640625,0.005859375,0.060546875,0.021484375,-0.509765625,0,0
1779556618.927714,0.080078125,-0.15234375,0.01171875,0.060546875,0.021484375,-0.509765625,0,0
1779556618.935747,0.080078125,-0.15234375,0.01171875,0.060546875,0.021484375,-0.541015625,0,0
1779556618.943700,0.052734375,-0.130859375,0.03125,0.060546875,0.021484375,-0.541015625,0,0
1779556618.951761,0.052734375,-0.130859375,0.03125,0.060546875,0.021484375,-0.568359375,0,0
1779556618.959753,0.017578125,-0.111328125,0.060546875,0.060546875,0.021484375,-0.568359375,0,0
1779556618.967750,0.017578125,-0.111328125,0.060546875,0.060546875,0.021484375,-0.591796875,0,0
1779556618.975766,0.017578125,-0.09375,0.0703125,0.060546875,0.021484375,-0.591796875,0,0
1779556618.983716,0.017578125,-0.09375,0.0703125,0.0,0.021484375,-0.615234375,0,0
1779556618.991704,0.017578125,-0.080078125,0.072265625,0.0,0.021484375,-0.615234375,0,0
1779556618.999764,0.017578125,-0.080078125,0.072265625,-0.00390625,0.021484375,-0.630859375,0,0
1779556619.007741,0.017578125,-0.068359375,0.072265625,-0.00390625,0.021484375,-0.630859375,0,0
1779556619.015752,0.017578125,-0.068359375,0.072265625,-0.00390625,0.021484375,-0.646484375,0,0
1779556619.023702,0.017578125,-0.048828125,0.060546875,-0.00390625,0.021484375,-0.646484375,0,0
1779556619.031690,0.017578125,-0.048828125,0.060546875,-0.00390625,0.021484375,-0.669921875,0,0
1779556619.039712,0.017578125,-0.029296875,0.0546875,-0.00390625,0.021484375,-0.669921875,0,0
1779556619.047704,0.017578125,-0.029296875,0.0546875,-0.00390625,0.021484375,-0.68359375,0,0
1779556619.055716,0.017578125,-0.021484375,0.0625,-0.00390625,0.021484375,-0.68359375,0,0
1779556619.063740,0.017578125,-0.021484375,0.0625,-0.00390625,0.021484375,-0.68359375,0,0
1779556619.071755,0.017578125,-0.013671875,0.068359375,-0.00390625,0.021484375,-0.68359375,0,0
1779556619.079748,0.017578125,-0.013671875,0.068359375,-0.00390625,0.021484375,-0.68359375,0,0
1779556619.087729,0.017578125,-0.00390625,0.064453125,-0.00390625,0.021484375,-0.68359375,0,0
1779556619.095765,0.017578125,-0.00390625,0.064453125,-0.00390625,0.021484375,-0.68359375,0,0
1779556619.103733,0.017578125,-0.00390625,0.064453125,-0.00390625,0.021484375,-0.68359375,0,0
1779556619.111737,0.017578125,-0.00390625,0.064453125,-0.00390625,0.021484375,-0.68359375,0,0
1779556619.119723,0.017578125,-0.00390625,0.064453125,-0.00390625,0.021484375,-0.68359375,0,0
1779556619.127735,0.017578125,-0.00390625,0.064453125,-0.00390625,0.021484375,-0.68359375,0,0
1779556619.135831,0.017578125,-0.00390625,0.06640625,-0.00390625,0.021484375,-0.68359375,0,0
1779556619.143743,0.017578125,-0.00390625,0.06640625,-0.00390625,0.021484375,-0.68359375,0,0
1779556619.151747,0.017578125,-0.00390625,0.06640625,-0.00390625,0.021484375,-0.68359375,0,0
1779556619.159785,0.017578125,-0.00390625,0.06640625,-0.00390625,0.021484375,-0.68359375,0,0
1779556619.167744,0.017578125,-0.00390625,0.06640625,-0.00390625,0.021484375,-0.68359375,0,0
1779556619.175766,0.017578125,-0.00390625,0.06640625,-0.00390625,0.021484375,-0.68359375,0,0
1779556619.183803,0.017578125,-0.00390625,0.06640625,-0.00390625,0.021484375,-0.68359375,0,0
1779556619.191686,0.017578125,-0.00390625,0.06640625,-0.00390625,0.021484375,-0.68359375,0,0
1779556619.199729,0.017578125,-0.00390625,0.068359375,-0.00390625,0.021484375,-0.68359375,0,0
1779556619.207759,0.017578125,-0.00390625,0.068359375,-0.00390625,0.021484375,-0.68359375,0,0
1779556619.215755,0.017578125,-0.00390625,0.072265625,-0.00390625,0.021484375,-0.68359375,0,0
1779556619.223730,0.017578125,-0.00390625,0.072265625,-0.00390625,0.021484375,-0.68359375,0,0
1779556619.231760,0.017578125,-0.00390625,0.078125,-0.00390625,0.021484375,-0.68359375,0,0
1779556619.239788,0.017578125,-0.00390625,0.078125,-0.00390625,0.021484375,-0.68359375,0,0
1779556619.247744,0.017578125,-0.00390625,0.080078125,-0.00390625,0.021484375,-0.68359375,0,0
1779556619.255742,0.017578125,-0.00390625,0.080078125,-0.00390625,0.021484375,-0.68359375,0,0
1779556619.263769,0.017578125,-0.00390625,0.080078125,-0.00390625,0.021484375,-0.68359375,0,0
1779556619.271713,0.017578125,-0.00390625,0.080078125,-0.00390625,0.021484375,-0.68359375,0,0
1779556619.279752,0.017578125,-0.00390625,0.08203125,-0.00390625,0.021484375,-0.68359375,0,0
1779556619.287769,0.017578125,-0.00390625,0.08203125,-0.00390625,0.021484375,-0.68359375,0,0
1779556619.295776,0.017578125,-0.00390625,0.083984375,-0.00390625,0.021484375,-0.68359375,0,0
1779556619.303715,0.017578125,-0.00390625,0.083984375,-0.00390625,0.021484375,-0.68359375,0,0
1779556619.311733,0.017578125,-0.00390625,0.08984375,-0.00390625,0.021484375,-0.68359375,0,0
1779556619.319709,0.017578125,-0.00390625,0.08984375,-0.00390625,0.021484375,-0.68359375,0,0
1779556619.327803,0.017578125,-0.00390625,0.091796875,-0.00390625,0.021484375,-0.68359375,0,0
1779556619.335817,0.017578125,-0.00390625,0.091796875,-0.00390625,0.021484375,-0.68359375,0,0
1779556619.343761,0.017578125,-0.00390625,0.091796875,-0.00390625,0.021484375,-0.68359375,0,0
1779556619.351762,0.017578125,-0.00390625,0.091796875,-0.00390625,0.021484375,-0.68359375,0,0
1779556619.359769,0.017578125,-0.00390625,0.087890625,-0.00390625,0.021484375,-0.68359375,0,0
1779556619.367795,0.017578125,-0.00390625,0.087890625,-0.00390625,0.021484375,-0.68359375,0,0
1779556619.375803,0.017578125,-0.005859375,0.080078125,-0.00390625,0.021484375,-0.68359375,0,0
1779556619.383774,0.017578125,-0.005859375,0.080078125,-0.00390625,0.021484375,-0.68359375,0,0
1779556619.391724,0.017578125,-0.0390625,0.072265625,-0.00390625,0.021484375,-0.68359375,0,0
1779556619.399744,0.017578125,-0.0390625,0.072265625,-0.00390625,0.021484375,-0.68359375,0,0
1779556619.407743,0.017578125,-0.08203125,0.064453125,-0.00390625,0.021484375,-0.68359375,0,0
1779556619.415718,0.017578125,-0.08203125,0.064453125,-0.00390625,0.021484375,-0.662109375,0,0
1779556619.423720,-0.013671875,-0.103515625,0.046875,-0.00390625,0.021484375,-0.662109375,0,0
1779556619.431808,-0.013671875,-0.103515625,0.046875,-0.00390625,-0.013671875,-0.642578125,0,0
1779556619.439736,-0.01953125,-0.109375,0.037109375,-0.00390625,-0.013671875,-0.642578125,0,0
1779556619.447741,-0.01953125,-0.109375,0.037109375,-0.00390625,-0.0234375,-0.638671875,0,0
1779556619.455786,-0.01953125,-0.109375,0.037109375,-0.00390625,-0.0234375,-0.638671875,0,0
1779556619.463716,-0.01953125,-0.109375,0.037109375,-0.00390625,-0.025390625,-0.63671875,0,0
1779556619.471735,-0.0234375,-0.115234375,0.033203125,-0.00390625,-0.025390625,-0.63671875,0,0
1779556619.479734,-0.0234375,-0.115234375,0.033203125,-0.00390625,-0.03125,-0.62890625,0,0
1779556619.487758,-0.041015625,-0.130859375,0.03125,-0.00390625,-0.03125,-0.62890625,0,0
1779556619.495806,-0.041015625,-0.130859375,0.03125,-0.00390625,-0.02734375,-0.615234375,0,0
1779556619.503780,-0.064453125,-0.154296875,0.02734375,-0.00390625,-0.02734375,-0.615234375,0,0
1779556619.511714,-0.064453125,-0.154296875,0.02734375,-0.00390625,-0.02734375,-0.59375,0,0
1779556619.519753,-0.07421875,-0.1640625,0.0234375,-0.00390625,-0.02734375,-0.59375,0,0
1779556619.527739,-0.07421875,-0.1640625,0.0234375,-0.00390625,-0.029296875,-0.587890625,0,0
1779556619.535736,-0.076171875,-0.162109375,0.02734375,-0.00390625,-0.029296875,-0.587890625,0,0
1779556619.543730,-0.076171875,-0.162109375,0.02734375,0.0,-0.021484375,-0.591796875,0,0
1779556619.551736,-0.078125,-0.162109375,0.029296875,0.0,-0.021484375,-0.591796875,0,0
1779556619.559754,-0.078125,-0.162109375,0.029296875,0.005859375,-0.021484375,-0.59375,0,0
1779556619.567730,-0.076171875,-0.162109375,0.029296875,0.005859375,-0.021484375,-0.59375,0,0
1779556619.575727,-0.076171875,-0.162109375,0.029296875,0.005859375,-0.021484375,-0.59375,0,0
1779556619.583741,-0.076171875,-0.1640625,0.017578125,0.005859375,-0.021484375,-0.59375,0,0
1779556619.591733,-0.076171875,-0.1640625,0.017578125,0.005859375,-0.03515625,-0.583984375,0,0
1779556619.599717,-0.072265625,-0.16796875,0.00390625,0.005859375,-0.03515625,-0.583984375,0,0
1779556619.607726,-0.072265625,-0.16796875,0.00390625,0.005859375,-0.041015625,-0.580078125,0,0
1779556619.615772,-0.068359375,-0.16015625,0.00390625,0.005859375,-0.041015625,-0.580078125,0,0
1779556619.623743,-0.068359375,-0.16015625,0.00390625,0.005859375,-0.03515625,-0.591796875,0,0
1779556619.631752,-0.06640625,-0.154296875,0.00390625,0.005859375,-0.03515625,-0.591796875,0,0
1779556619.639745,-0.06640625,-0.154296875,0.00390625,0.005859375,-0.0234375,-0.607421875,0,0
1779556619.647788,-0.068359375,-0.146484375,0.0,0.005859375,-0.0234375,-0.607421875,0,0
1779556619.655748,-0.068359375,-0.146484375,0.0,0.005859375,-0.01171875,-0.615234375,0,0
1779556619.663768,-0.068359375,-0.1484375,0.0,0.005859375,-0.01171875,-0.615234375,0,0
1779556619.671735,-0.068359375,-0.1484375,0.0,0.005859375,-0.013671875,-0.61328125,0,0
1779556619.679733,-0.068359375,-0.150390625,0.0,0.005859375,-0.013671875,-0.61328125,0,0
1779556619.687692,-0.068359375,-0.150390625,0.0,0.005859375,-0.021484375,-0.60546875,0,0
1779556619.695747,-0.08203125,-0.1640625,0.0,0.005859375,-0.021484375,-0.60546875,0,0
1779556619.703726,-0.08203125,-0.1640625,0.0,0.005859375,-0.025390625,-0.583984375,0,0
1779556619.711732,-0.095703125,-0.177734375,0.0,0.005859375,-0.025390625,-0.583984375,0,0
1779556619.719682,-0.095703125,-0.177734375,0.0,0.005859375,-0.033203125,-0.56640625,0,0
1779556619.727680,-0.103515625,-0.1875,0.0,0.005859375,-0.033203125,-0.56640625,0,0
1779556619.735800,-0.103515625,-0.1875,0.0,0.005859375,-0.033203125,-0.546875,0,0
1779556619.743713,-0.107421875,-0.201171875,0.0,0.005859375,-0.033203125,-0.546875,0,0
1779556619.751779,-0.107421875,-0.201171875,0.0,0.005859375,-0.029296875,-0.52734375,0,0
1779556619.759776,-0.109375,-0.216796875,0.0,0.005859375,-0.029296875,-0.52734375,0,0
1779556619.767817,-0.109375,-0.216796875,0.0,0.0,-0.0234375,-0.50390625,0,0
1779556619.775758,-0.107421875,-0.236328125,0.0,0.0,-0.0234375,-0.50390625,0,0
1779556619.783767,-0.107421875,-0.236328125,0.0,-0.017578125,-0.0234375,-0.4765625,0,0
1779556619.791764,-0.09765625,-0.263671875,0.0,-0.017578125,-0.0234375,-0.4765625,0,0
1779556619.799762,-0.09765625,-0.263671875,0.0,-0.03515625,-0.0234375,-0.44140625,0,0
1779556619.807784,-0.091796875,-0.287109375,0.0,-0.03515625,-0.0234375,-0.44140625,0,0
1779556619.815756,-0.091796875,-0.287109375,0.0,-0.046875,-0.0234375,-0.41015625,0,0
1779556619.823752,-0.083984375,-0.310546875,0.0,-0.046875,-0.0234375,-0.41015625,0,0
1779556619.831748,-0.083984375,-0.310546875,0.0,-0.060546875,-0.021484375,-0.37890625,0,0
1779556619.839737,-0.076171875,-0.32421875,0.0,-0.060546875,-0.021484375,-0.37890625,0,0
1779556619.847749,-0.076171875,-0.32421875,0.0,-0.08203125,-0.013671875,-0.353515625,0,0
1779556619.855772,-0.072265625,-0.341796875,0.0,-0.08203125,-0.013671875,-0.353515625,0,0
1779556619.863727,-0.072265625,-0.341796875,0.0,-0.095703125,-0.013671875,-0.328125,0,0
1779556619.871770,-0.080078125,-0.3671875,0.0,-0.095703125,-0.013671875,-0.328125,0,0
1779556619.879763,-0.080078125,-0.3671875,0.0,-0.10546875,-0.021484375,-0.294921875,0,0
1779556619.887756,-0.083984375,-0.396484375,0.0,-0.10546875,-0.021484375,-0.294921875,0,0
1779556619.895760,-0.083984375,-0.396484375,0.0,-0.107421875,-0.025390625,-0.26171875,0,0
1779556619.903762,-0.080078125,-0.427734375,0.0,-0.107421875,-0.025390625,-0.26171875,0,0
1779556619.911683,-0.080078125,-0.427734375,0.0,-0.10546875,-0.029296875,-0.23046875,0,0
1779556619.919733,-0.076171875,-0.451171875,0.0,-0.10546875,-0.029296875,-0.23046875,0,0
1779556619.927690,-0.076171875,-0.451171875,0.0,-0.103515625,-0.03515625,-0.20703125,0,0
1779556619.935772,-0.0703125,-0.46875,0.0,-0.103515625,-0.03515625,-0.20703125,0,0
1779556619.943737,-0.0703125,-0.46875,0.0,-0.095703125,-0.037109375,-0.193359375,0,0
1779556619.951690,-0.0703125,-0.478515625,0.0,-0.095703125,-0.037109375,-0.193359375,0,0
1779556619.959681,-0.0703125,-0.478515625,0.0,-0.08203125,-0.0390625,-0.19140625,0,0
1779556619.967750,-0.0703125,-0.484375,0.0,-0.08203125,-0.0390625,-0.19140625,0,0
1779556619.975772,-0.0703125,-0.484375,0.0,-0.064453125,-0.0390625,-0.19140625,0,0
1779556619.983747,-0.072265625,-0.4921875,0.0,-0.064453125,-0.0390625,-0.19140625,0,0
1779556619.991745,-0.072265625,-0.4921875,0.0,-0.0546875,-0.046875,-0.1875,0,0
1779556619.999765,-0.07421875,-0.5,0.0,-0.0546875,-0.046875,-0.1875,0,0
1779556620.007744,-0.07421875,-0.5,0.0,-0.044921875,-0.05078125,-0.18359375,0,0
1779556620.015747,-0.068359375,-0.5078125,0.0,-0.044921875,-0.05078125,-0.18359375,0,0
1779556620.023738,-0.068359375,-0.5078125,0.0,-0.048828125,-0.048828125,-0.173828125,0,0
1779556620.031761,-0.064453125,-0.51953125,0.0,-0.048828125,-0.048828125,-0.173828125,0,0
1779556620.039740,-0.064453125,-0.51953125,0.0,-0.05078125,-0.046875,-0.162109375,0,0
1779556620.047765,-0.0625,-0.525390625,0.0,-0.05078125,-0.046875,-0.162109375,0,0
1779556620.055755,-0.0625,-0.525390625,0.0,-0.05078125,-0.048828125,-0.154296875,0,0
1779556620.063735,-0.068359375,-0.52734375,0.0,-0.05078125,-0.048828125,-0.154296875,0,0
1779556620.071778,-0.068359375,-0.52734375,0.0,-0.05078125,-0.05859375,-0.15234375,0,0
1779556620.079746,-0.08203125,-0.529296875,-0.00390625,-0.05078125,-0.05859375,-0.15234375,0,0
1779556620.087746,-0.08203125,-0.529296875,-0.00390625,-0.04296875,-0.068359375,-0.15234375,0,0
1779556620.095725,-0.091796875,-0.52734375,-0.009765625,-0.04296875,-0.068359375,-0.15234375,0,0
1779556620.103703,-0.091796875,-0.52734375,-0.009765625,-0.0390625,-0.07421875,-0.15625,0,0
1779556620.111684,-0.091796875,-0.52734375,-0.009765625,-0.0390625,-0.07421875,-0.15625,0,0
1779556620.119727,-0.091796875,-0.52734375,-0.009765625,-0.0390625,-0.0703125,-0.158203125,0,0
1779556620.127712,-0.091796875,-0.525390625,-0.00390625,-0.0390625,-0.0703125,-0.158203125,0,0
1779556620.135715,-0.091796875,-0.525390625,-0.00390625,-0.041015625,-0.06640625,-0.158203125,0,0
1779556620.143711,-0.091796875,-0.525390625,-0.005859375,-0.041015625,-0.06640625,-0.158203125,0,0
1779556620.151705,-0.091796875,-0.525390625,-0.005859375,-0.041015625,-0.068359375,-0.158203125,0,0
1779556620.159706,-0.1015625,-0.52734375,-0.015625,-0.041015625,-0.068359375,-0.158203125,0,0
1779556620.167735,-0.1015625,-0.52734375,-0.015625,-0.03125,-0.076171875,-0.158203125,0,0
1779556620.175741,-0.109375,-0.529296875,-0.01953125,-0.03125,-0.076171875,-0.158203125,0,0
1779556620.183776,-0.109375,-0.529296875,-0.01953125,-0.02734375,-0.08203125,-0.158203125,0,0
1779556620.191695,-0.11328125,-0.53515625,-0.0234375,-0.02734375,-0.08203125,-0.158203125,0,0
1779556620.199764,-0.11328125,-0.53515625,-0.0234375,-0.021484375,-0.0859375,-0.15625,0,0
1779556620.207745,-0.111328125,-0.5390625,-0.017578125,-0.021484375,-0.0859375,-0.15625,0,0
1779556620.215719,-0.111328125,-0.5390625,-0.017578125,-0.021484375,-0.080078125,-0.1484375,0,0
1779556620.223740,-0.107421875,-0.546875,-0.013671875,-0.021484375,-0.080078125,-0.1484375,0,0
1779556620.231744,-0.107421875,-0.546875,-0.013671875,-0.01953125,-0.076171875,-0.142578125,0,0
1779556620.239757,-0.103515625,-0.560546875,-0.013671875,-0.01953125,-0.076171875,-0.142578125,0,0
1779556620.247769,-0.103515625,-0.560546875,-0.013671875,-0.013671875,-0.076171875,-0.1328125,0,0
1779556620.255692,-0.103515625,-0.56640625,-0.01953125,-0.013671875,-0.076171875,-0.1328125,0,0
1779556620.263712,-0.103515625,-0.56640625,-0.01953125,-0.009765625,-0.080078125,-0.12890625,0,0
1779556620.271766,-0.10546875,-0.568359375,-0.021484375,-0.009765625,-0.080078125,-0.12890625,0,0
1779556620.279743,-0.10546875,-0.568359375,-0.021484375,-0.005859375,-0.08203125,-0.126953125,0,0
1779556620.287744,-0.10546875,-0.57421875,-0.0234375,-0.005859375,-0.08203125,-0.126953125,0,0
1779556620.295729,-0.10546875,-0.57421875,-0.0234375,-0.005859375,-0.08203125,-0.123046875,0,0
1779556620.303762,-0.1015625,-0.580078125,-0.01953125,-0.005859375,-0.08203125,-0.123046875,0,0
1779556620.311772,-0.1015625,-0.580078125,-0.01953125,-0.005859375,-0.078125,-0.119140625,0,0
1779556620.319755,-0.1015625,-0.58203125,-0.017578125,-0.005859375,-0.078125,-0.119140625,0,0
1779556620.327747,-0.1015625,-0.58203125,-0.017578125,-0.005859375,-0.078125,-0.119140625,0,0
1779556620.335762,-0.1015625,-0.58203125,-0.01953125,-0.005859375,-0.078125,-0.119140625,0,0
1779556620.343780,-0.1015625,-0.58203125,-0.01953125,-0.005859375,-0.078125,-0.119140625,0,0
1779556620.351749,-0.1015625,-0.58203125,-0.0234375,-0.005859375,-0.078125,-0.119140625,0,0
1779556620.359707,-0.1015625,-0.58203125,-0.0234375,-0.005859375,-0.080078125,-0.119140625,0,0
1779556620.367762,-0.103515625,-0.58203125,-0.02734375,-0.005859375,-0.080078125,-0.119140625,0,0
1779556620.375743,-0.103515625,-0.58203125,-0.02734375,-0.005859375,-0.08203125,-0.119140625,0,0
1779556620.383790,-0.103515625,-0.583984375,-0.02734375,-0.005859375,-0.08203125,-0.119140625,0,0
1779556620.391708,-0.103515625,-0.583984375,-0.02734375,-0.005859375,-0.08203125,-0.1171875,0,0
1779556620.399710,-0.103515625,-0.5859375,-0.02734375,-0.005859375,-0.08203125,-0.1171875,0,0
1779556620.407742,-0.103515625,-0.5859375,-0.02734375,-0.005859375,-0.083984375,-0.1171875,0,0
1779556620.415759,-0.10546875,-0.591796875,-0.037109375,-0.005859375,-0.083984375,-0.1171875,0,0
1779556620.423733,-0.10546875,-0.591796875,-0.037109375,-0.005859375,-0.08984375,-0.115234375,0,0
1779556620.431735,-0.109375,-0.59375,-0.04296875,-0.005859375,-0.08984375,-0.115234375,0,0
1779556620.439739,-0.109375,-0.59375,-0.04296875,-0.005859375,-0.09375,-0.115234375,0,0
1779556620.447737,-0.1171875,-0.587890625,-0.052734375,-0.005859375,-0.09375,-0.115234375,0,0
1779556620.455711,-0.1171875,-0.587890625,-0.052734375,-0.005859375,-0.099609375,-0.123046875,0,0
1779556620.463777,-0.12890625,-0.58203125,-0.0625,-0.005859375,-0.099609375,-0.123046875,0,0
1779556620.471744,-0.12890625,-0.58203125,-0.0625,-0.005859375,-0.103515625,-0.130859375,0,0
1779556620.479735,-0.138671875,-0.576171875,-0.068359375,-0.005859375,-0.103515625,-0.130859375,0,0
1779556620.487693,-0.138671875,-0.576171875,-0.068359375,-0.005859375,-0.107421875,-0.142578125,0,0
1779556620.495775,-0.1484375,-0.568359375,-0.07421875,-0.005859375,-0.107421875,-0.142578125,0,0
1779556620.503766,-0.1484375,-0.568359375,-0.07421875,-0.005859375,-0.111328125,-0.15234375,0,0
1779556620.511755,-0.158203125,-0.552734375,-0.078125,-0.005859375,-0.111328125,-0.15234375,0,0
1779556620.519709,-0.158203125,-0.552734375,-0.078125,-0.005859375,-0.11328125,-0.169921875,0,0
1779556620.527739,-0.169921875,-0.53125,-0.080078125,-0.005859375,-0.11328125,-0.169921875,0,0
1779556620.535801,-0.169921875,-0.53125,-0.080078125,-0.005859375,-0.11328125,-0.1953125,0,0
1779556620.543741,-0.177734375,-0.505859375,-0.080078125,-0.005859375,-0.11328125,-0.1953125,0,0
1779556620.551751,-0.177734375,-0.505859375,-0.080078125,-0.005859375,-0.11328125,-0.220703125,0,0
1779556620.559744,-0.19140625,-0.4765625,-0.08203125,-0.005859375,-0.11328125,-0.220703125,0,0
1779556620.567706,-0.19140625,-0.4765625,-0.08203125,-0.005859375,-0.109375,-0.255859375,0,0
1779556620.575780,-0.20703125,-0.431640625,-0.078125,-0.005859375,-0.109375,-0.255859375,0,0
1779556620.583724,-0.20703125,-0.431640625,-0.078125,-0.005859375,-0.103515625,-0.3046875,0,0
1779556620.591784,-0.220703125,-0.38671875,-0.076171875,-0.005859375,-0.103515625,-0.3046875,0,0
1779556620.599805,-0.220703125,-0.38671875,-0.076171875,-0.005859375,-0.091796875,-0.35546875,0,0
1779556620.607810,-0.234375,-0.333984375,-0.076171875,-0.005859375,-0.091796875,-0.35546875,0,0
1779556620.615736,-0.234375,-0.333984375,-0.076171875,-0.005859375,-0.0859375,-0.41015625,0,0
1779556620.623792,-0.240234375,-0.2734375,-0.08203125,-0.005859375,-0.0859375,-0.41015625,0,0
1779556620.631720,-0.240234375,-0.2734375,-0.08203125,-0.005859375,-0.08984375,-0.48046875,0,0
1779556620.639772,-0.2109375,-0.24609375,-0.072265625,-0.005859375,-0.08984375,-0.48046875,0,0
1779556620.647761,-0.2109375,-0.24609375,-0.072265625,-0.005859375,-0.078125,-0.517578125,0,0
1779556620.655768,-0.1796875,-0.220703125,-0.056640625,-0.005859375,-0.078125,-0.517578125,0,0
1779556620.663713,-0.1796875,-0.220703125,-0.056640625,0.005859375,-0.0625,-0.55078125,0,0
1779556620.671769,-0.146484375,-0.193359375,-0.04296875,0.005859375,-0.0625,-0.55078125,0,0
1779556620.679781,-0.146484375,-0.193359375,-0.04296875,0.015625,-0.046875,-0.583984375,0,0
1779556620.687740,-0.12890625,-0.17578125,-0.03515625,0.015625,-0.046875,-0.583984375,0,0
1779556620.695744,-0.12890625,-0.17578125,-0.03515625,0.017578125,-0.037109375,-0.6015625,0,0
1779556620.703764,-0.119140625,-0.1640625,-0.03125,0.017578125,-0.037109375,-0.6015625,0,0
1779556620.711723,-0.119140625,-0.1640625,-0.03125,0.0234375,-0.02734375,-0.6171875,0,0
1779556620.719785,-0.103515625,-0.14453125,-0.02734375,0.0234375,-0.02734375,-0.6171875,0,0
1779556620.727716,-0.103515625,-0.14453125,-0.02734375,0.025390625,-0.015625,-0.634765625,0,0
1779556620.735850,-0.095703125,-0.13671875,-0.0234375,0.025390625,-0.015625,-0.634765625,0,0
1779556620.743745,-0.095703125,-0.13671875,-0.0234375,0.03125,-0.005859375,-0.646484375,0,0
1779556620.751751,-0.087890625,-0.12890625,-0.0234375,0.03125,-0.005859375,-0.646484375,0,0
1779556620.759774,-0.087890625,-0.12890625,-0.0234375,0.03125,0.0,-0.65234375,0,0
1779556620.767732,-0.083984375,-0.125,-0.0234375,0.03125,0.0,-0.65234375,0,0
1779556620.775759,-0.083984375,-0.125,-0.0234375,0.029296875,0.0,-0.65625,0,0
1779556620.783727,-0.07421875,-0.12109375,-0.025390625,0.029296875,0.0,-0.65625,0,0
1779556620.791751,-0.07421875,-0.12109375,-0.025390625,0.029296875,0.0,-0.66015625,0,0
1779556620.799753,-0.06640625,-0.11328125,-0.02734375,0.029296875,0.0,-0.66015625,0,0
1779556620.807724,-0.06640625,-0.11328125,-0.02734375,0.02734375,0.0,-0.66796875,0,0
1779556620.815701,-0.060546875,-0.111328125,-0.03125,0.02734375,0.0,-0.66796875,0,0
1779556620.823738,-0.060546875,-0.111328125,-0.03125,0.02734375,0.0,-0.673828125,0,0
1779556620.831727,-0.056640625,-0.10546875,-0.03125,0.02734375,0.0,-0.673828125,0,0
1779556620.839785,-0.056640625,-0.10546875,-0.03125,0.025390625,0.0,-0.67578125,0,0
1779556620.847763,-0.052734375,-0.10546875,-0.03125,0.025390625,0.0,-0.67578125,0,0
1779556620.855731,-0.052734375,-0.10546875,-0.03125,0.025390625,0.0,-0.677734375,0,0
1779556620.863751,-0.05078125,-0.1015625,-0.033203125,0.025390625,0.0,-0.677734375,0,0
1779556620.871742,-0.05078125,-0.1015625,-0.033203125,0.0234375,0.0,-0.6796875,0,0
1779556620.879758,-0.048828125,-0.1015625,-0.033203125,0.0234375,0.0,-0.6796875,0,0
1779556620.887758,-0.048828125,-0.1015625,-0.033203125,0.025390625,0.0,-0.681640625,0,0
1779556620.895748,-0.046875,-0.099609375,-0.033203125,0.025390625,0.0,-0.681640625,0,0
1779556620.903779,-0.046875,-0.099609375,-0.033203125,0.025390625,0.0,-0.68359375,0,0
1779556620.911762,-0.046875,-0.09765625,-0.033203125,0.025390625,0.0,-0.68359375,0,0
1779556620.919754,-0.046875,-0.09765625,-0.033203125,0.0234375,0.0,-0.68359375,0,0
1779556620.927770,-0.044921875,-0.09765625,-0.03515625,0.0234375,0.0,-0.68359375,0,0
1779556620.935780,-0.044921875,-0.09765625,-0.03515625,0.0234375,0.0,-0.68359375,0,0
1779556620.943722,-0.041015625,-0.09765625,-0.037109375,0.0234375,0.0,-0.68359375,0,0
1779556620.951699,-0.041015625,-0.09765625,-0.037109375,0.021484375,0.0,-0.68359375,0,0
1779556620.959693,-0.0390625,-0.09765625,-0.037109375,0.021484375,0.0,-0.68359375,0,0
1779556620.967709,-0.0390625,-0.09765625,-0.037109375,0.021484375,0.0,-0.68359375,0,0
1779556620.975708,-0.0390625,-0.095703125,-0.037109375,0.021484375,0.0,-0.68359375,0,0
1779556620.983741,-0.0390625,-0.095703125,-0.037109375,0.021484375,0.0,-0.68359375,0,0
1779556620.991730,-0.0390625,-0.095703125,-0.037109375,0.021484375,0.0,-0.68359375,0,0
1779556620.999711,-0.0390625,-0.095703125,-0.037109375,0.021484375,0.0,-0.68359375,0,0
1779556621.007745,-0.0390625,-0.095703125,-0.037109375,0.021484375,0.0,-0.68359375,0,0
1779556621.015754,-0.0390625,-0.095703125,-0.037109375,0.021484375,0.0,-0.68359375,0,0
1779556621.023766,-0.0390625,-0.095703125,-0.037109375,0.021484375,0.0,-0.68359375,0,0
1779556621.031754,-0.0390625,-0.095703125,-0.037109375,0.021484375,0.0,-0.68359375,0,0
1779556621.039746,-0.0390625,-0.095703125,-0.037109375,0.021484375,0.0,-0.68359375,0,0
1779556621.047742,-0.0390625,-0.095703125,-0.037109375,0.021484375,0.0,-0.68359375,0,0
1779556621.055795,-0.0390625,-0.095703125,-0.0390625,0.021484375,0.0,-0.68359375,0,0
1779556621.063777,-0.0390625,-0.095703125,-0.0390625,0.021484375,0.0,-0.68359375,0,0
1779556621.071766,-0.037109375,-0.09375,-0.041015625,0.021484375,0.0,-0.68359375,0,0
1779556621.079762,-0.037109375,-0.09375,-0.041015625,0.01953125,0.0,-0.68359375,0,0
1779556621.087718,-0.03515625,-0.09375,-0.041015625,0.01953125,0.0,-0.68359375,0,0
1779556621.095730,-0.03515625,-0.09375,-0.041015625,0.017578125,0.0,-0.68359375,0,0
1779556621.103783,-0.033203125,-0.091796875,-0.041015625,0.017578125,0.0,-0.68359375,0,0
1779556621.111731,-0.033203125,-0.091796875,-0.041015625,0.017578125,0.0,-0.68359375,0,0
1779556621.119753,-0.033203125,-0.091796875,-0.041015625,0.017578125,0.0,-0.68359375,0,0
1779556621.127722,-0.033203125,-0.091796875,-0.041015625,0.017578125,0.0,-0.68359375,0,0
1779556621.135764,-0.033203125,-0.091796875,-0.04296875,0.017578125,0.0,-0.68359375,0,0
1779556621.143769,-0.033203125,-0.091796875,-0.04296875,0.015625,0.0,-0.68359375,0,0
1779556621.151720,-0.029296875,-0.08984375,-0.044921875,0.015625,0.0,-0.68359375,0,0
1779556621.159729,-0.029296875,-0.08984375,-0.044921875,0.015625,0.0,-0.68359375,0,0
1779556621.167714,-0.025390625,-0.0859375,-0.044921875,0.015625,0.0,-0.68359375,0,0
1779556621.175759,-0.025390625,-0.0859375,-0.044921875,0.013671875,0.0,-0.68359375,0,0
1779556621.183736,-0.0234375,-0.0859375,-0.044921875,0.013671875,0.0,-0.68359375,0,0
1779556621.191770,-0.0234375,-0.0859375,-0.044921875,0.013671875,0.0,-0.68359375,0,0
1779556621.199774,-0.021484375,-0.08203125,-0.046875,0.013671875,0.0,-0.68359375,0,0
1779556621.207743,-0.021484375,-0.08203125,-0.046875,0.01171875,0.0,-0.68359375,0,0
1779556621.215768,-0.01953125,-0.080078125,-0.046875,0.01171875,0.0,-0.68359375,0,0
1779556621.223735,-0.01953125,-0.080078125,-0.046875,0.01171875,0.0,-0.68359375,0,0
1779556621.231732,-0.017578125,-0.080078125,-0.046875,0.01171875,0.0,-0.68359375,0,0
1779556621.239768,-0.017578125,-0.080078125,-0.046875,0.01171875,0.0,-0.68359375,0,0
1779556621.247753,-0.017578125,-0.080078125,-0.046875,0.01171875,0.0,-0.68359375,0,0
1779556621.255745,-0.017578125,-0.080078125,-0.046875,0.01171875,0.0,-0.68359375,0,0
1779556621.263732,-0.013671875,-0.078125,-0.048828125,0.01171875,0.0,-0.68359375,0,0
1779556621.271790,-0.013671875,-0.078125,-0.048828125,0.0078125,0.0,-0.68359375,0,0
1779556621.279747,-0.01171875,-0.078125,-0.048828125,0.0078125,0.0,-0.68359375,0,0
1779556621.287759,-0.01171875,-0.078125,-0.048828125,0.0078125,0.0,-0.68359375,0,0
1779556621.295734,-0.009765625,-0.07421875,-0.05078125,0.0078125,0.0,-0.68359375,0,0
1779556621.303729,-0.009765625,-0.07421875,-0.05078125,0.005859375,0.0,-0.68359375,0,0
1779556621.311688,-0.009765625,-0.07421875,-0.052734375,0.005859375,0.0,-0.68359375,0,0
1779556621.319693,-0.009765625,-0.07421875,-0.052734375,0.005859375,0.0,-0.68359375,0,0
1779556621.327688,-0.0078125,-0.07421875,-0.052734375,0.005859375,0.0,-0.68359375,0,0
1779556621.335761,-0.0078125,-0.07421875,-0.052734375,0.005859375,0.0,-0.68359375,0,0
1779556621.343796,-0.0078125,-0.07421875,-0.052734375,0.005859375,0.0,-0.68359375,0,0
1779556621.351803,-0.0078125,-0.07421875,-0.052734375,0.005859375,0.0,-0.68359375,0,0
1779556621.359745,-0.0078125,-0.07421875,-0.052734375,0.005859375,0.0,-0.68359375,0,0
1779556621.367771,-0.0078125,-0.07421875,-0.052734375,0.005859375,0.0,-0.68359375,0,0
1779556621.375805,-0.005859375,-0.072265625,-0.052734375,0.005859375,0.0,-0.68359375,0,0
1779556621.383759,-0.005859375,-0.072265625,-0.052734375,0.00390625,0.0,-0.68359375,0,0
1779556621.391708,0.0,-0.0703125,-0.052734375,0.00390625,0.0,-0.68359375,0,0
1779556621.399739,0.0,-0.0703125,-0.052734375,0.0,0.0,-0.68359375,0,0
1779556621.407743,0.0,-0.068359375,-0.056640625,0.0,0.0,-0.68359375,0,0
1779556621.415755,0.0,-0.068359375,-0.056640625,0.0,0.0,-0.68359375,0,0
1779556621.423764,0.0,-0.06640625,-0.056640625,0.0,0.0,-0.68359375,0,0
1779556621.431871,0.0,-0.06640625,-0.056640625,0.0,0.0,-0.68359375,0,0
1779556621.439801,0.0,-0.06640625,-0.056640625,0.0,0.0,-0.68359375,0,0
1779556621.447755,0.0,-0.06640625,-0.056640625,0.0,0.0,-0.68359375,0,0
1779556621.455800,0.0,-0.06640625,-0.056640625,0.0,0.0,-0.68359375,0,0
1779556621.463810,0.0,-0.06640625,-0.056640625,0.0,0.0,-0.68359375,0,0
1779556621.471767,0.0,-0.06640625,-0.056640625,0.0,0.0,-0.68359375,0,0
1779556621.479743,0.0,-0.06640625,-0.056640625,0.0,0.0,-0.68359375,0,0
1779556621.487812,0.0,-0.064453125,-0.056640625,0.0,0.0,-0.68359375,0,0
1779556621.495765,0.0,-0.064453125,-0.056640625,0.0,0.0,-0.68359375,0,0
1779556621.503833,0.0,-0.0625,-0.056640625,0.0,0.0,-0.68359375,0,0
1779556621.511776,0.0,-0.0625,-0.056640625,0.0,0.0,-0.68359375,0,0
1779556621.519770,0.0,-0.0625,-0.05859375,0.0,0.0,-0.68359375,0,0
1779556621.527746,0.0,-0.0625,-0.05859375,0.0,0.0,-0.68359375,0,0
1779556621.535906,0.0,-0.0625,-0.05859375,0.0,0.0,-0.68359375,0,0
1779556621.543764,0.0,-0.0625,-0.05859375,0.0,0.0,-0.68359375,0,0
1779556621.551709,0.0,-0.0625,-0.05859375,0.0,0.0,-0.68359375,0,0
1779556621.559736,0.0,-0.0625,-0.05859375,0.0,0.0,-0.68359375,0,0
1779556621.567760,0.0,-0.0625,-0.0625,0.0,0.0,-0.68359375,0,0
1779556621.575818,0.0,-0.0625,-0.0625,0.0,0.0,-0.68359375,0,0
1779556621.583740,0.0,-0.060546875,-0.064453125,0.0,0.0,-0.68359375,0,0
1779556621.591738,0.0,-0.060546875,-0.064453125,0.0,0.0,-0.68359375,0,0
1779556621.599750,0.0,-0.060546875,-0.06640625,0.0,0.0,-0.68359375,0,0
1779556621.607799,0.0,-0.060546875,-0.06640625,0.0,0.0,-0.68359375,0,0
1779556621.615806,0.0,-0.05859375,-0.068359375,0.0,0.0,-0.68359375,0,0
1779556621.623766,0.0,-0.05859375,-0.068359375,0.0,0.0,-0.68359375,0,0
1779556621.631718,0.0,-0.056640625,-0.068359375,0.0,0.0,-0.68359375,0,0
1779556621.639751,0.0,-0.056640625,-0.068359375,0.0,0.0,-0.68359375,0,0
1779556621.647735,0.0,-0.056640625,-0.0703125,0.0,0.0,-0.68359375,0,0
1779556621.655756,0.0,-0.056640625,-0.0703125,0.0,0.0,-0.68359375,0,0
1779556621.663780,0.0,-0.05859375,-0.0703125,0.0,0.0,-0.68359375,0,0
1779556621.671780,0.0,-0.05859375,-0.0703125,0.0,0.0,-0.68359375,0,0
1779556621.679745,0.0,-0.05859375,-0.0703125,0.0,0.0,-0.68359375,0,0
1779556621.687716,0.0,-0.05859375,-0.0703125,0.0,0.0,-0.68359375,0,0
1779556621.695755,0.0,-0.05859375,-0.0703125,0.0,0.0,-0.68359375,0,0
1779556621.703756,0.0,-0.05859375,-0.0703125,0.0,0.0,-0.68359375,0,0
1779556621.711765,0.0,-0.056640625,-0.0703125,0.0,0.0,-0.68359375,0,0
1779556621.719767,0.0,-0.056640625,-0.0703125,0.0,0.0,-0.68359375,0,0
1779556621.727761,0.0,-0.056640625,-0.072265625,0.0,0.0,-0.68359375,0,0
1779556621.735759,0.0,-0.056640625,-0.072265625,0.0,0.0,-0.68359375,0,0
1779556621.743722,0.0,-0.056640625,-0.072265625,0.0,0.0,-0.68359375,0,0
1779556621.751782,0.0,-0.056640625,-0.072265625,0.0,0.0,-0.68359375,0,0
1779556621.759736,0.0,-0.056640625,-0.072265625,0.0,0.0,-0.68359375,0,0
1779556621.767752,0.0,-0.056640625,-0.072265625,0.0,0.0,-0.68359375,0,0
1779556621.775741,0.0,-0.056640625,-0.072265625,0.0,0.0,-0.68359375,0,0
1779556621.783761,0.0,-0.056640625,-0.072265625,0.0,0.0,-0.68359375,0,0
1779556621.791757,0.0,-0.0546875,-0.072265625,0.0,0.0,-0.68359375,0,0
1779556621.799769,0.0,-0.0546875,-0.072265625,0.0,0.0,-0.68359375,0,0
1779556621.807753,0.0,-0.052734375,-0.072265625,0.0,0.0,-0.68359375,0,0
1779556621.815705,0.0,-0.052734375,-0.072265625,0.0,0.0,-0.68359375,0,0
1779556621.823706,0.0,-0.052734375,-0.072265625,0.0,0.0,-0.68359375,0,0
1779556621.831737,0.0,-0.052734375,-0.072265625,0.0,0.0,-0.68359375,0,0
1779556621.839736,0.0,-0.052734375,-0.072265625,0.0,0.0,-0.68359375,0,0
1779556621.847717,0.0,-0.052734375,-0.072265625,0.0,0.0,-0.68359375,0,0
1779556621.855756,0.0,-0.052734375,-0.072265625,0.0,0.0,-0.68359375,0,0
1779556621.863779,0.0,-0.052734375,-0.072265625,0.0,0.0,-0.68359375,0,0
1779556621.871789,0.0,-0.05078125,-0.07421875,0.0,0.0,-0.68359375,0,0
1779556621.879760,0.0,-0.05078125,-0.07421875,0.0,0.0,-0.68359375,0,0
1779556621.887746,0.0,-0.05078125,-0.072265625,0.0,0.0,-0.68359375,0,0
1779556621.895763,0.0,-0.05078125,-0.072265625,0.0,0.0,-0.68359375,0,0
1779556621.903781,0.0,-0.05078125,-0.072265625,0.0,0.0,-0.68359375,0,0
1779556621.911737,0.0,-0.05078125,-0.072265625,0.0,0.0,-0.68359375,0,0
1779556621.919747,0.0,-0.05078125,-0.072265625,0.0,0.0,-0.68359375,0,0
1779556621.927718,0.0,-0.05078125,-0.072265625,0.0,0.0,-0.68359375,0,0
1779556621.935786,0.0,-0.05078125,-0.072265625,0.0,0.0,-0.68359375,0,0
1779556621.943769,0.0,-0.05078125,-0.072265625,0.0,0.0,-0.68359375,0,0
1779556621.951762,0.0,-0.048828125,-0.072265625,0.0,0.0,-0.68359375,0,0
1779556621.959748,0.0,-0.048828125,-0.072265625,0.0,0.0,-0.68359375,0,0
1779556621.967757,0.0,-0.048828125,-0.072265625,0.0,0.0,-0.68359375,0,0
1779556621.975754,0.0,-0.048828125,-0.072265625,0.0,0.0,-0.68359375,0,0
1779556621.983792,0.0,-0.048828125,-0.072265625,0.0,0.0,-0.68359375,0,0
1779556621.991759,0.0,-0.048828125,-0.072265625,0.0,0.0,-0.68359375,0,0
1779556621.999766,0.0,-0.048828125,-0.072265625,0.0,0.0,-0.68359375,0,0
1779556622.007748,0.0,-0.048828125,-0.072265625,0.0,0.0,-0.68359375,0,0
1779556622.015754,0.0,-0.048828125,-0.072265625,0.0,0.0,-0.68359375,0,0
1779556622.023793,0.0,-0.048828125,-0.072265625,0.0,0.0,-0.68359375,0,0
1779556622.031781,0.0,-0.048828125,-0.072265625,0.0,0.0,-0.68359375,0,0
1779556622.039804,0.0,-0.048828125,-0.072265625,0.0,0.0,-0.68359375,0,0
1779556622.047772,0.0,-0.048828125,-0.072265625,0.0,0.0,-0.68359375,0,0
1779556622.055778,0.0,-0.048828125,-0.072265625,0.0,0.0,-0.68359375,0,0
1779556622.063727,0.0,-0.046875,-0.072265625,0.0,0.0,-0.68359375,0,0
1779556622.071750,0.0,-0.046875,-0.072265625,0.0,0.0,-0.68359375,0,0
1779556622.079768,0.0,-0.046875,-0.0703125,0.0,0.0,-0.68359375,0,0
1779556622.087763,0.0,-0.046875,-0.0703125,0.0,0.0,-0.68359375,0,0
1779556622.095763,0.0,-0.046875,-0.0703125,0.0,0.0,-0.68359375,0,0
1779556622.103807,0.0,-0.046875,-0.0703125,0.0,0.0,-0.68359375,0,0
1779556622.111761,0.0,-0.046875,-0.06640625,0.0,0.0,-0.68359375,0,0
1779556622.119712,0.0,-0.046875,-0.06640625,0.0,0.0,-0.68359375,0,0
1779556622.127738,0.0,-0.046875,-0.06640625,0.0,0.0,-0.68359375,0,0
1779556622.135812,0.0,-0.046875,-0.06640625,0.0,0.0,-0.68359375,0,0
1779556622.143767,0.0,-0.048828125,-0.06640625,0.0,0.0,-0.68359375,0,0
1779556622.151763,0.0,-0.048828125,-0.06640625,0.0,0.0,-0.68359375,0,0
1779556622.159758,0.0,-0.048828125,-0.064453125,0.0,0.0,-0.68359375,0,0
1779556622.167758,0.0,-0.048828125,-0.064453125,0.0,0.0,-0.68359375,0,0
1779556622.175797,0.0,-0.05078125,-0.06640625,0.0,0.0,-0.68359375,0,0
1779556622.183786,0.0,-0.05078125,-0.06640625,0.0,0.0,-0.68359375,0,0
1779556622.191800,0.0,-0.05078125,-0.068359375,0.0,0.0,-0.68359375,0,0
1779556622.199808,0.0,-0.05078125,-0.068359375,0.0,0.0,-0.68359375,0,0
1779556622.207825,0.0,-0.052734375,-0.0703125,0.0,0.0,-0.68359375,0,0
1779556622.215810,0.0,-0.052734375,-0.0703125,0.0,0.0,-0.68359375,0,0
1779556622.223747,-0.0078125,-0.064453125,-0.072265625,0.0,0.0,-0.68359375,0,0
1779556622.231783,-0.0078125,-0.064453125,-0.072265625,0.0,0.0,-0.68359375,0,0
1779556622.239771,-0.02734375,-0.080078125,-0.072265625,0.0,0.0,-0.68359375,0,0
1779556622.247756,-0.02734375,-0.080078125,-0.072265625,0.0,0.0,-0.68359375,0,0
1779556622.255754,-0.0546875,-0.09765625,-0.068359375,0.0,0.0,-0.68359375,0,0
1779556622.263735,-0.0546875,-0.09765625,-0.068359375,0.0,0.0,-0.6796875,0,0
1779556622.271797,-0.083984375,-0.119140625,-0.064453125,0.0,0.0,-0.6796875,0,0
1779556622.279720,-0.083984375,-0.119140625,-0.064453125,0.0,0.0,-0.662109375,0,0
1779556622.287755,-0.109375,-0.1328125,-0.060546875,0.0,0.0,-0.662109375,0,0
1779556622.295784,-0.109375,-0.1328125,-0.060546875,0.0,0.0,-0.646484375,0,0
1779556622.303840,-0.134765625,-0.146484375,-0.05078125,0.0,0.0,-0.646484375,0,0
1779556622.311723,-0.134765625,-0.146484375,-0.05078125,0.0,0.0,-0.630859375,0,0
1779556622.319734,-0.17578125,-0.171875,-0.041015625,0.0,0.0,-0.630859375,0,0
1779556622.327709,-0.17578125,-0.171875,-0.041015625,0.0,0.0,-0.60546875,0,0
1779556622.335726,-0.21484375,-0.197265625,-0.029296875,0.0,0.0,-0.60546875,0,0
1779556622.343728,-0.21484375,-0.197265625,-0.029296875,0.005859375,0.0,-0.578125,0,0
1779556622.351744,-0.244140625,-0.212890625,-0.025390625,0.005859375,0.0,-0.578125,0,0
1779556622.359768,-0.244140625,-0.212890625,-0.025390625,0.0078125,0.0,-0.5546875,0,0
1779556622.367769,-0.26171875,-0.224609375,-0.021484375,0.0078125,0.0,-0.5546875,0,0
1779556622.375811,-0.26171875,-0.224609375,-0.021484375,0.009765625,0.0,-0.541015625,0,0
1779556622.383813,-0.291015625,-0.234375,-0.01953125,0.009765625,0.0,-0.541015625,0,0
1779556622.391764,-0.291015625,-0.234375,-0.01953125,0.00390625,0.0,-0.51953125,0,0
1779556622.399758,-0.328125,-0.25390625,-0.01953125,0.00390625,0.0,-0.51953125,0,0
1779556622.407755,-0.328125,-0.25390625,-0.01953125,0.0,0.0,-0.486328125,0,0
1779556622.415727,-0.361328125,-0.2734375,-0.01953125,0.0,0.0,-0.486328125,0,0
1779556622.423735,-0.361328125,-0.2734375,-0.01953125,0.0,-0.00390625,-0.455078125,0,0
1779556622.431711,-0.388671875,-0.283203125,-0.017578125,0.0,-0.00390625,-0.455078125,0,0
1779556622.439781,-0.388671875,-0.283203125,-0.017578125,0.0,-0.01171875,-0.427734375,0,0
1779556622.447770,-0.40625,-0.29296875,-0.017578125,0.0,-0.01171875,-0.427734375,0,0
1779556622.455754,-0.40625,-0.29296875,-0.017578125,0.0,-0.015625,-0.41015625,0,0
1779556622.463746,-0.416015625,-0.294921875,-0.017578125,0.0,-0.015625,-0.41015625,0,0
1779556622.471756,-0.416015625,-0.294921875,-0.017578125,0.0,-0.015625,-0.400390625,0,0
1779556622.479738,-0.421875,-0.296875,-0.017578125,0.0,-0.015625,-0.400390625,0,0
1779556622.487732,-0.421875,-0.296875,-0.017578125,0.0,-0.017578125,-0.396484375,0,0
1779556622.495735,-0.42578125,-0.296875,-0.017578125,0.0,-0.017578125,-0.396484375,0,0
1779556622.503774,-0.42578125,-0.296875,-0.017578125,0.0,-0.021484375,-0.39453125,0,0
1779556622.511754,-0.427734375,-0.30078125,-0.017578125,0.0,-0.021484375,-0.39453125,0,0
1779556622.519709,-0.427734375,-0.30078125,-0.017578125,0.0,-0.0234375,-0.390625,0,0
1779556622.527735,-0.43359375,-0.30078125,-0.017578125,0.0,-0.0234375,-0.390625,0,0
1779556622.535780,-0.43359375,-0.30078125,-0.017578125,0.0,-0.025390625,-0.3828125,0,0
1779556622.543766,-0.439453125,-0.3046875,-0.01953125,0.0,-0.025390625,-0.3828125,0,0
1779556622.551732,-0.439453125,-0.3046875,-0.01953125,0.0,-0.025390625,-0.376953125,0,0
1779556622.559689,-0.44921875,-0.306640625,-0.01953125,0.0,-0.025390625,-0.376953125,0,0
1779556622.567707,-0.44921875,-0.306640625,-0.01953125,0.0,-0.025390625,-0.369140625,0,0
1779556622.575749,-0.453125,-0.30859375,-0.01953125,0.0,-0.025390625,-0.369140625,0,0
1779556622.583716,-0.453125,-0.30859375,-0.01953125,0.0,-0.025390625,-0.365234375,0,0
1779556622.591756,-0.4609375,-0.30859375,-0.017578125,0.0,-0.025390625,-0.365234375,0,0
1779556622.599733,-0.4609375,-0.30859375,-0.017578125,0.0,-0.02734375,-0.357421875,0,0
1779556622.607852,-0.46484375,-0.310546875,-0.015625,0.0,-0.02734375,-0.357421875,0,0
1779556622.615808,-0.46484375,-0.310546875,-0.015625,0.0,-0.02734375,-0.35546875,0,0
1779556622.623817,-0.470703125,-0.3125,-0.01171875,0.0,-0.02734375,-0.35546875,0,0
1779556622.631748,-0.470703125,-0.3125,-0.01171875,0.0,-0.02734375,-0.3515625,0,0
1779556622.639720,-0.474609375,-0.3125,-0.009765625,0.0,-0.02734375,-0.3515625,0,0
1779556622.647748,-0.474609375,-0.3125,-0.009765625,0.0,-0.02734375,-0.34765625,0,0
1779556622.655776,-0.48828125,-0.314453125,0.0,0.0,-0.02734375,-0.34765625,0,0
1779556622.663779,-0.48828125,-0.314453125,0.0,0.0,-0.02734375,-0.337890625,0,0
1779556622.671780,-0.501953125,-0.31640625,0.0,0.0,-0.02734375,-0.337890625,0,0
1779556622.679762,-0.501953125,-0.31640625,0.0,0.0,-0.03125,-0.326171875,0,0
1779556622.687742,-0.509765625,-0.318359375,0.0,0.0,-0.03125,-0.326171875,0,0
1779556622.695764,-0.509765625,-0.318359375,0.0,0.0,-0.03515625,-0.31640625,0,0
1779556622.703779,-0.515625,-0.3203125,0.0,0.0,-0.03515625,-0.31640625,0,0
1779556622.711766,-0.515625,-0.3203125,0.0,0.0,-0.03515625,-0.310546875,0,0
1779556622.719759,-0.525390625,-0.3203125,0.0,0.0,-0.03515625,-0.310546875,0,0
1779556622.727790,-0.525390625,-0.3203125,0.0,0.0,-0.037109375,-0.302734375,0,0
1779556622.735793,-0.529296875,-0.3203125,0.0,0.0,-0.037109375,-0.302734375,0,0
1779556622.743743,-0.529296875,-0.3203125,0.0,0.0,-0.037109375,-0.296875,0,0
1779556622.751780,-0.5390625,-0.322265625,0.0,0.0,-0.037109375,-0.296875,0,0
1779556622.759775,-0.5390625,-0.322265625,0.0,0.0,-0.037109375,-0.291015625,0,0
1779556622.767752,-0.544921875,-0.322265625,0.0,0.0,-0.037109375,-0.291015625,0,0
1779556622.775776,-0.544921875,-0.322265625,0.0,0.0,-0.0390625,-0.283203125,0,0
1779556622.783708,-0.5546875,-0.322265625,0.0,0.0,-0.0390625,-0.283203125,0,0
1779556622.791730,-0.5546875,-0.322265625,0.0,0.0,-0.041015625,-0.27734375,0,0
1779556622.799728,-0.560546875,-0.322265625,0.0,0.0,-0.041015625,-0.27734375,0,0
1779556622.807769,-0.560546875,-0.322265625,0.0,0.0,-0.044921875,-0.271484375,0,0
1779556622.815768,-0.56640625,-0.322265625,0.0,0.0,-0.044921875,-0.271484375,0,0
1779556622.823710,-0.56640625,-0.322265625,0.0,0.0,-0.044921875,-0.267578125,0,0
1779556622.831759,-0.5703125,-0.322265625,0.0,0.0,-0.044921875,-0.267578125,0,0
1779556622.839819,-0.5703125,-0.322265625,0.0,0.0,-0.046875,-0.263671875,0,0
1779556622.847743,-0.5703125,-0.32421875,0.0,0.0,-0.046875,-0.263671875,0,0
1779556622.855771,-0.5703125,-0.32421875,0.0,0.0,-0.046875,-0.26171875,0,0
1779556622.863737,-0.568359375,-0.32421875,0.0,0.0,-0.046875,-0.26171875,0,0
1779556622.871754,-0.568359375,-0.32421875,0.0,0.0,-0.048828125,-0.26171875,0,0
1779556622.879722,-0.568359375,-0.32421875,0.0,0.0,-0.048828125,-0.26171875,0,0
1779556622.887756,-0.568359375,-0.32421875,0.0,0.0,-0.048828125,-0.259765625,0,0
1779556622.895762,-0.568359375,-0.32421875,0.0,0.0,-0.048828125,-0.259765625,0,0
1779556622.903790,-0.568359375,-0.32421875,0.0,0.0,-0.046875,-0.259765625,0,0
1779556622.911751,-0.568359375,-0.32421875,0.0,0.0,-0.046875,-0.259765625,0,0
1779556622.919674,-0.568359375,-0.32421875,0.0,0.0,-0.046875,-0.259765625,0,0
1779556622.927728,-0.568359375,-0.32421875,0.0,0.0,-0.046875,-0.259765625,0,0
1779556622.935768,-0.568359375,-0.32421875,0.0,0.0,-0.046875,-0.259765625,0,0
1779556622.943767,-0.568359375,-0.326171875,0.0,0.0,-0.046875,-0.259765625,0,0
1779556622.951769,-0.568359375,-0.326171875,0.0,0.0,-0.044921875,-0.259765625,0,0
1779556622.959760,-0.568359375,-0.326171875,0.0,0.0,-0.044921875,-0.259765625,0,0
1779556622.967796,-0.568359375,-0.326171875,0.0,0.0,-0.044921875,-0.259765625,0,0
1779556622.975779,-0.568359375,-0.326171875,0.0,0.0,-0.044921875,-0.259765625,0,0
1779556622.983736,-0.568359375,-0.326171875,0.0,0.0,-0.044921875,-0.259765625,0,0
1779556622.991751,-0.568359375,-0.32421875,0.0,0.0,-0.044921875,-0.259765625,0,0
1779556622.999796,-0.568359375,-0.32421875,0.0,0.0,-0.044921875,-0.26171875,0,0
1779556623.007763,-0.568359375,-0.32421875,0.0,0.0,-0.044921875,-0.26171875,0,0
1779556623.015727,-0.568359375,-0.32421875,0.0,0.0,-0.044921875,-0.26171875,0,0
1779556623.023700,-0.568359375,-0.322265625,0.0,0.0,-0.044921875,-0.26171875,0,0
1779556623.031738,-0.568359375,-0.322265625,0.0,0.0,-0.04296875,-0.26171875,0,0
1779556623.039743,-0.568359375,-0.322265625,0.0,0.0,-0.04296875,-0.26171875,0,0
1779556623.047767,-0.568359375,-0.322265625,0.0,0.0,-0.0390625,-0.263671875,0,0
1779556623.055733,-0.5703125,-0.3203125,0.0,0.0,-0.0390625,-0.263671875,0,0
1779556623.063728,-0.5703125,-0.3203125,0.0,0.0,-0.037109375,-0.267578125,0,0
1779556623.071741,-0.5703125,-0.318359375,0.0,0.0,-0.037109375,-0.267578125,0,0
1779556623.079715,-0.5703125,-0.318359375,0.0,0.0,-0.03515625,-0.26953125,0,0
1779556623.087744,-0.5703125,-0.318359375,0.0,0.0,-0.03515625,-0.26953125,0,0
1779556623.095753,-0.5703125,-0.318359375,0.0,0.0,-0.033203125,-0.26953125,0,0
1779556623.103821,-0.5703125,-0.318359375,0.0,0.0,-0.033203125,-0.26953125,0,0
1779556623.111726,-0.5703125,-0.318359375,0.0,0.0,-0.03125,-0.271484375,0,0
1779556623.119764,-0.5703125,-0.318359375,0.0,0.0,-0.03125,-0.271484375,0,0
1779556623.127718,-0.5703125,-0.318359375,0.0,0.0,-0.03125,-0.271484375,0,0
1779556623.135777,-0.564453125,-0.31640625,0.0,0.0,-0.03125,-0.271484375,0,0
1779556623.143763,-0.564453125,-0.31640625,0.0,0.0,-0.03125,-0.275390625,0,0
1779556623.151745,-0.556640625,-0.31640625,0.0,0.0,-0.03125,-0.275390625,0,0
1779556623.159703,-0.556640625,-0.31640625,0.0,0.0,-0.029296875,-0.28515625,0,0
1779556623.167762,-0.541015625,-0.31640625,0.0,0.0,-0.029296875,-0.28515625,0,0
1779556623.175755,-0.541015625,-0.31640625,0.0,0.0,-0.02734375,-0.296875,0,0
1779556623.183771,-0.525390625,-0.314453125,0.0,0.0,-0.02734375,-0.296875,0,0
1779556623.191720,-0.525390625,-0.314453125,0.0,0.0,-0.025390625,-0.30859375,0,0
1779556623.199709,-0.51171875,-0.314453125,0.0,0.0,-0.025390625,-0.30859375,0,0
1779556623.207791,-0.51171875,-0.314453125,0.0,0.0,-0.021484375,-0.3203125,0,0
1779556623.215771,-0.505859375,-0.3125,0.0,0.0,-0.021484375,-0.3203125,0,0
1779556623.223768,-0.505859375,-0.3125,0.0,0.0,-0.01953125,-0.326171875,0,0
1779556623.231741,-0.5,-0.310546875,0.0,0.0,-0.01953125,-0.326171875,0,0
1779556623.239765,-0.5,-0.310546875,0.0,0.0,-0.01953125,-0.330078125,0,0
1779556623.247748,-0.48828125,-0.30859375,0.0,0.0,-0.01953125,-0.330078125,0,0
1779556623.255735,-0.48828125,-0.30859375,0.0,0.00390625,-0.01953125,-0.33984375,0,0
1779556623.263709,-0.474609375,-0.306640625,0.0,0.00390625,-0.01953125,-0.33984375,0,0
1779556623.271809,-0.474609375,-0.306640625,0.0,0.005859375,-0.01953125,-0.3515625,0,0
1779556623.279759,-0.4609375,-0.3046875,0.0,0.005859375,-0.01953125,-0.3515625,0,0
1779556623.287723,-0.4609375,-0.3046875,0.0,0.009765625,-0.017578125,-0.361328125,0,0
1779556623.295725,-0.447265625,-0.302734375,0.0,0.009765625,-0.017578125,-0.361328125,0,0
1779556623.303756,-0.447265625,-0.302734375,0.0,0.013671875,-0.013671875,-0.37109375,0,0
1779556623.311702,-0.43359375,-0.298828125,0.0,0.013671875,-0.013671875,-0.37109375,0,0
1779556623.319773,-0.43359375,-0.298828125,0.0,0.013671875,-0.009765625,-0.384765625,0,0
1779556623.327806,-0.423828125,-0.29296875,0.0,0.013671875,-0.009765625,-0.384765625,0,0
1779556623.335722,-0.423828125,-0.29296875,0.0,0.013671875,-0.005859375,-0.396484375,0,0
1779556623.343704,-0.412109375,-0.291015625,0.0,0.013671875,-0.005859375,-0.396484375,0,0
1779556623.351736,-0.412109375,-0.291015625,0.0,0.013671875,-0.00390625,-0.404296875,0,0
1779556623.359727,-0.40625,-0.2890625,0.0,0.013671875,-0.00390625,-0.404296875,0,0
1779556623.367754,-0.40625,-0.2890625,0.0,0.015625,0.0,-0.41015625,0,0
1779556623.375747,-0.396484375,-0.28515625,0.0,0.015625,0.0,-0.41015625,0,0
1779556623.383719,-0.396484375,-0.28515625,0.0,0.015625,0.0,-0.41796875,0,0
1779556623.391732,-0.390625,-0.28515625,0.0,0.015625,0.0,-0.41796875,0,0
1779556623.399728,-0.390625,-0.28515625,0.0,0.015625,0.0,-0.423828125,0,0
1779556623.407742,-0.37890625,-0.28125,0.0,0.015625,0.0,-0.423828125,0,0
1779556623.415744,-0.37890625,-0.28125,0.0,0.015625,0.0,-0.431640625,0,0
1779556623.423739,-0.369140625,-0.27734375,0.0,0.015625,0.0,-0.431640625,0,0
1779556623.431715,-0.369140625,-0.27734375,0.0,0.015625,0.0,-0.44140625,0,0
1779556623.439756,-0.36328125,-0.275390625,0.0,0.015625,0.0,-0.44140625,0,0
1779556623.447737,-0.36328125,-0.275390625,0.0,0.017578125,0.0,-0.447265625,0,0
1779556623.455747,-0.35546875,-0.271484375,0.0,0.017578125,0.0,-0.447265625,0,0
1779556623.463739,-0.35546875,-0.271484375,0.0,0.017578125,0.0,-0.455078125,0,0
1779556623.471767,-0.34765625,-0.267578125,0.0,0.017578125,0.0,-0.455078125,0,0
1779556623.479737,-0.34765625,-0.267578125,0.0,0.017578125,0.0,-0.4609375,0,0
1779556623.487760,-0.341796875,-0.263671875,0.0,0.017578125,0.0,-0.4609375,0,0
1779556623.495720,-0.341796875,-0.263671875,0.0,0.017578125,0.0,-0.46484375,0,0
1779556623.503787,-0.337890625,-0.263671875,0.0,0.017578125,0.0,-0.46484375,0,0
1779556623.511728,-0.337890625,-0.263671875,0.0,0.01953125,0.0,-0.46875,0,0
1779556623.519799,-0.333984375,-0.259765625,0.0,0.01953125,0.0,-0.46875,0,0
1779556623.527788,-0.333984375,-0.259765625,0.0,0.01953125,0.0,-0.474609375,0,0
1779556623.535753,-0.326171875,-0.255859375,0.0,0.01953125,0.0,-0.474609375,0,0
1779556623.543741,-0.326171875,-0.255859375,0.0,0.01953125,0.0,-0.48046875,0,0
1779556623.551727,-0.3203125,-0.25390625,0.0,0.01953125,0.0,-0.48046875,0,0
1779556623.559705,-0.3203125,-0.25390625,0.0,0.01953125,0.0,-0.484375,0,0
1779556623.567734,-0.31640625,-0.251953125,0.0,0.01953125,0.0,-0.484375,0,0
1779556623.575758,-0.31640625,-0.251953125,0.0,0.01953125,0.0,-0.486328125,0,0
1779556623.583773,-0.31640625,-0.251953125,0.0,0.01953125,0.0,-0.486328125,0,0
1779556623.591791,-0.31640625,-0.251953125,0.0,0.01953125,0.0,-0.48828125,0,0
1779556623.599760,-0.31640625,-0.25,0.0,0.01953125,0.0,-0.48828125,0,0
1779556623.607738,-0.31640625,-0.25,0.0,0.021484375,0.0,-0.490234375,0,0
1779556623.615749,-0.30859375,-0.25,0.0,0.021484375,0.0,-0.490234375,0,0
1779556623.623739,-0.30859375,-0.25,0.0,0.0234375,0.0,-0.494140625,0,0
1779556623.631804,-0.302734375,-0.24609375,0.0,0.0234375,0.0,-0.494140625,0,0
1779556623.639795,-0.302734375,-0.24609375,0.0,0.0234375,0.0,-0.5,0,0
1779556623.647727,-0.296875,-0.244140625,0.0,0.0234375,0.0,-0.5,0,0
1779556623.655755,-0.296875,-0.244140625,0.0,0.02734375,0.0,-0.505859375,0,0
1779556623.663730,-0.29296875,-0.240234375,0.0,0.02734375,0.0,-0.505859375,0,0
1779556623.671799,-0.29296875,-0.240234375,0.0,0.02734375,0.0,-0.509765625,0,0
1779556623.679775,-0.2890625,-0.23828125,0.0,0.02734375,0.0,-0.509765625,0,0
1779556623.687764,-0.2890625,-0.23828125,0.0,0.02734375,0.0,-0.513671875,0,0
1779556623.695761,-0.28125,-0.236328125,0.0,0.02734375,0.0,-0.513671875,0,0
1779556623.703772,-0.28125,-0.236328125,0.0,0.029296875,0.0,-0.517578125,0,0
1779556623.711773,-0.27734375,-0.234375,0.0,0.029296875,0.0,-0.517578125,0,0
1779556623.719769,-0.27734375,-0.234375,0.0,0.029296875,0.0,-0.5234375,0,0
1779556623.727739,-0.271484375,-0.23046875,0.0,0.029296875,0.0,-0.5234375,0,0
1779556623.735723,-0.271484375,-0.23046875,0.0,0.029296875,0.0,-0.52734375,0,0
1779556623.743715,-0.26953125,-0.23046875,0.0,0.029296875,0.0,-0.52734375,0,0
1779556623.751720,-0.26953125,-0.23046875,0.0,0.03125,0.0,-0.529296875,0,0
1779556623.759725,-0.267578125,-0.228515625,0.0,0.03125,0.0,-0.529296875,0,0
1779556623.767737,-0.267578125,-0.228515625,0.0,0.03125,0.0,-0.53125,0,0
1779556623.775746,-0.263671875,-0.2265625,0.0,0.03125,0.0,-0.53125,0,0
1779556623.783729,-0.263671875,-0.2265625,0.0,0.033203125,0.0,-0.53515625,0,0
1779556623.791732,-0.259765625,-0.224609375,0.0,0.033203125,0.0,-0.53515625,0,0
1779556623.799752,-0.259765625,-0.224609375,0.0,0.03515625,0.0,-0.5390625,0,0
1779556623.807774,-0.2578125,-0.22265625,0.0,0.03515625,0.0,-0.5390625,0,0
1779556623.815747,-0.2578125,-0.22265625,0.0,0.03515625,0.0,-0.5390625,0,0
1779556623.823761,-0.2578125,-0.22265625,0.0,0.03515625,0.0,-0.5390625,0,0
1779556623.831705,-0.2578125,-0.22265625,0.0,0.03515625,0.0,-0.5390625,0,0
1779556623.839753,-0.2578125,-0.22265625,0.0,0.03515625,0.0,-0.5390625,0,0
1779556623.847751,-0.2578125,-0.22265625,0.0,0.041015625,0.0,-0.541015625,0,0
1779556623.855742,-0.2578125,-0.22265625,0.0,0.041015625,0.0,-0.541015625,0,0
1779556623.863721,-0.2578125,-0.22265625,0.0,0.041015625,0.0,-0.541015625,0,0
1779556623.871767,-0.2578125,-0.22265625,0.0,0.041015625,0.0,-0.541015625,0,0
1779556623.879767,-0.2578125,-0.22265625,0.0,0.041015625,0.0,-0.541015625,0,0
1779556623.887756,-0.2578125,-0.22265625,0.0,0.041015625,0.0,-0.541015625,0,0
1779556623.895730,-0.2578125,-0.22265625,0.0,0.04296875,0.0,-0.54296875,0,0
1779556623.903775,-0.2578125,-0.22265625,0.0,0.04296875,0.0,-0.54296875,0,0
1779556623.911748,-0.2578125,-0.22265625,0.0,0.041015625,0.0,-0.54296875,0,0
1779556623.919744,-0.255859375,-0.220703125,0.0,0.041015625,0.0,-0.54296875,0,0
1779556623.927745,-0.255859375,-0.220703125,0.0,0.0390625,0.0,-0.54296875,0,0
1779556623.935734,-0.25390625,-0.220703125,0.0,0.0390625,0.0,-0.54296875,0,0
1779556623.943770,-0.25390625,-0.220703125,0.0,0.0390625,0.0,-0.54296875,0,0
1779556623.951762,-0.25390625,-0.220703125,0.0,0.0390625,0.0,-0.54296875,0,0
1779556623.959769,-0.25390625,-0.220703125,0.0,0.041015625,0.0,-0.544921875,0,0
1779556623.967767,-0.255859375,-0.21875,0.0,0.041015625,0.0,-0.544921875,0,0
1779556623.975776,-0.255859375,-0.21875,0.0,0.041015625,0.0,-0.544921875,0,0
1779556623.983775,-0.255859375,-0.21875,0.0,0.041015625,0.0,-0.544921875,0,0
1779556623.991750,-0.255859375,-0.21875,0.0,0.041015625,0.0,-0.544921875,0,0
1779556623.999770,-0.255859375,-0.21875,0.0,0.041015625,0.0,-0.544921875,0,0
1779556624.007771,-0.255859375,-0.21875,0.0,0.041015625,0.0,-0.544921875,0,0
1779556624.015741,-0.255859375,-0.21875,0.0,0.041015625,0.0,-0.544921875,0,0
1779556624.023756,-0.255859375,-0.21875,0.0,0.041015625,0.0,-0.544921875,0,0
1779556624.031756,-0.25390625,-0.21875,0.0,0.041015625,0.0,-0.544921875,0,0
1779556624.039775,-0.25390625,-0.21875,0.0,0.041015625,0.0,-0.544921875,0,0
1779556624.047748,-0.25390625,-0.21875,0.0,0.041015625,0.0,-0.544921875,0,0
1779556624.055790,-0.25390625,-0.21875,0.0,0.0390625,0.0,-0.544921875,0,0
1779556624.063721,-0.25390625,-0.21875,0.0,0.0390625,0.0,-0.544921875,0,0
1779556624.071771,-0.25390625,-0.21875,0.0,0.0390625,0.0,-0.544921875,0,0
1779556624.079765,-0.25390625,-0.21875,0.0,0.0390625,0.0,-0.544921875,0,0
1779556624.087766,-0.25390625,-0.21875,0.0,0.0390625,0.0,-0.546875,0,0
1779556624.095750,-0.25390625,-0.21875,0.0,0.0390625,0.0,-0.546875,0,0
1779556624.103779,-0.25390625,-0.21875,0.0,0.0390625,0.0,-0.546875,0,0
1779556624.111815,-0.25390625,-0.216796875,0.0,0.0390625,0.0,-0.546875,0,0
1779556624.119742,-0.25390625,-0.216796875,0.0,0.037109375,0.0,-0.546875,0,0
1779556624.127761,-0.25,-0.216796875,0.0,0.037109375,0.0,-0.546875,0,0
1779556624.135771,-0.25,-0.216796875,0.0,0.037109375,0.0,-0.546875,0,0
1779556624.143796,-0.248046875,-0.216796875,0.0,0.037109375,0.0,-0.546875,0,0
1779556624.151740,-0.248046875,-0.216796875,0.0,0.037109375,0.0,-0.546875,0,0
1779556624.159799,-0.244140625,-0.216796875,0.0,0.037109375,0.0,-0.546875,0,0
1779556624.167773,-0.244140625,-0.216796875,0.0,0.03515625,0.0,-0.548828125,0,0
1779556624.175734,-0.240234375,-0.21484375,0.0,0.03515625,0.0,-0.548828125,0,0
1779556624.183761,-0.240234375,-0.21484375,0.0,0.033203125,0.0,-0.552734375,0,0
1779556624.191743,-0.232421875,-0.212890625,0.0,0.033203125,0.0,-0.552734375,0,0
1779556624.199770,-0.232421875,-0.212890625,0.0,0.029296875,0.0,-0.5546875,0,0
1779556624.207774,-0.2265625,-0.2109375,0.0,0.029296875,0.0,-0.5546875,0,0
1779556624.215710,-0.2265625,-0.2109375,0.0,0.029296875,0.0,-0.55859375,0,0
1779556624.223716,-0.220703125,-0.20703125,0.0,0.029296875,0.0,-0.55859375,0,0
1779556624.231695,-0.220703125,-0.20703125,0.0,0.02734375,0.0,-0.5625,0,0
1779556624.239702,-0.216796875,-0.20703125,0.0,0.02734375,0.0,-0.5625,0,0
1779556624.247705,-0.216796875,-0.20703125,0.0,0.02734375,0.0,-0.56640625,0,0
1779556624.255723,-0.208984375,-0.203125,0.0,0.02734375,0.0,-0.56640625,0,0
1779556624.263779,-0.208984375,-0.203125,0.0,0.02734375,0.0,-0.572265625,0,0
1779556624.271834,-0.19921875,-0.197265625,0.0,0.02734375,0.0,-0.572265625,0,0
1779556624.279741,-0.19921875,-0.197265625,0.0,0.025390625,0.0,-0.578125,0,0
1779556624.287747,-0.19140625,-0.189453125,0.0,0.025390625,0.0,-0.578125,0,0
1779556624.295726,-0.19140625,-0.189453125,0.0,0.0234375,0.0,-0.5859375,0,0
1779556624.303712,-0.18359375,-0.189453125,0.0,0.0234375,0.0,-0.5859375,0,0
1779556624.311718,-0.18359375,-0.189453125,0.0,0.0234375,0.0,-0.58984375,0,0
1779556624.319717,-0.177734375,-0.1875,0.0,0.0234375,0.0,-0.58984375,0,0
1779556624.327677,-0.177734375,-0.1875,0.0,0.0234375,0.0,-0.591796875,0,0
1779556624.335721,-0.169921875,-0.181640625,0.0,0.0234375,0.0,-0.591796875,0,0
1779556624.343723,-0.169921875,-0.181640625,0.0,0.021484375,0.0,-0.59765625,0,0
1779556624.351739,-0.158203125,-0.173828125,0.0,0.021484375,0.0,-0.59765625,0,0
1779556624.359744,-0.158203125,-0.173828125,0.0,0.015625,0.0,-0.603515625,0,0
1779556624.367716,-0.154296875,-0.173828125,0.0,0.015625,0.0,-0.603515625,0,0
1779556624.375810,-0.154296875,-0.173828125,0.0,0.017578125,0.0,-0.607421875,0,0
1779556624.383751,-0.150390625,-0.169921875,0.0,0.017578125,0.0,-0.607421875,0,0
1779556624.391777,-0.150390625,-0.169921875,0.0,0.015625,0.0,-0.609375,0,0
1779556624.399808,-0.150390625,-0.169921875,0.0,0.015625,0.0,-0.609375,0,0
1779556624.407766,-0.150390625,-0.169921875,0.0,0.015625,0.0,-0.609375,0,0
1779556624.415743,-0.1484375,-0.169921875,0.0,0.015625,0.0,-0.609375,0,0
1779556624.423775,-0.1484375,-0.169921875,0.0,0.015625,0.0,-0.609375,0,0
1779556624.431748,-0.14453125,-0.16796875,0.0,0.015625,0.0,-0.609375,0,0
1779556624.439781,-0.14453125,-0.16796875,0.0,0.015625,0.0,-0.611328125,0,0
1779556624.447776,-0.138671875,-0.1640625,0.0,0.015625,0.0,-0.611328125,0,0
1779556624.455774,-0.138671875,-0.1640625,0.0,0.013671875,0.0,-0.6171875,0,0
1779556624.463795,-0.130859375,-0.158203125,0.0,0.013671875,0.0,-0.6171875,0,0
1779556624.471808,-0.130859375,-0.158203125,0.0,0.009765625,0.0,-0.62109375,0,0
1779556624.479766,-0.123046875,-0.154296875,0.0,0.009765625,0.0,-0.62109375,0,0
1779556624.487767,-0.123046875,-0.154296875,0.0,0.0078125,0.0,-0.625,0,0
1779556624.495750,-0.119140625,-0.150390625,0.0,0.0078125,0.0,-0.625,0,0
1779556624.503767,-0.119140625,-0.150390625,0.0,0.005859375,0.0,-0.62890625,0,0
1779556624.511798,-0.1171875,-0.150390625,0.0,0.005859375,0.0,-0.62890625,0,0
1779556624.519773,-0.1171875,-0.150390625,0.0,0.005859375,0.0,-0.62890625,0,0
1779556624.527759,-0.115234375,-0.1484375,0.0,0.005859375,0.0,-0.62890625,0,0
1779556624.535748,-0.115234375,-0.1484375,0.0,0.00390625,0.0,-0.62890625,0,0
1779556624.543766,-0.11328125,-0.1484375,0.0,0.00390625,0.0,-0.62890625,0,0
1779556624.551751,-0.11328125,-0.1484375,0.0,0.005859375,0.0,-0.630859375,0,0
1779556624.559777,-0.109375,-0.146484375,0.0,0.005859375,0.0,-0.630859375,0,0
1779556624.567757,-0.109375,-0.146484375,0.0,0.009765625,0.0,-0.634765625,0,0
1779556624.575754,-0.107421875,-0.14453125,0.0,0.009765625,0.0,-0.634765625,0,0
1779556624.583766,-0.107421875,-0.14453125,0.0,0.0078125,0.0,-0.63671875,0,0
1779556624.591758,-0.10546875,-0.14453125,0.0,0.0078125,0.0,-0.63671875,0,0
1779556624.599762,-0.10546875,-0.14453125,0.0,0.009765625,0.0,-0.63671875,0,0
1779556624.607766,-0.10546875,-0.14453125,0.0,0.009765625,0.0,-0.63671875,0,0
1779556624.615737,-0.10546875,-0.14453125,0.0,0.005859375,0.0,-0.63671875,0,0
1779556624.623782,-0.103515625,-0.142578125,0.0,0.005859375,0.0,-0.63671875,0,0
1779556624.631754,-0.103515625,-0.142578125,0.0,0.00390625,0.0,-0.63671875,0,0
1779556624.639737,-0.103515625,-0.140625,0.0,0.00390625,0.0,-0.63671875,0,0
1779556624.647783,-0.103515625,-0.140625,0.0,0.0,0.0,-0.63671875,0,0
1779556624.655716,-0.1015625,-0.140625,0.0,0.0,0.0,-0.63671875,0,0
1779556624.663746,-0.1015625,-0.140625,0.0,0.00390625,0.0,-0.638671875,0,0
1779556624.671858,-0.1015625,-0.140625,0.0,0.00390625,0.0,-0.638671875,0,0
1779556624.679798,-0.1015625,-0.140625,0.0,0.005859375,0.0,-0.640625,0,0
1779556624.687780,-0.1015625,-0.140625,0.0,0.005859375,0.0,-0.640625,0,0
1779556624.695710,-0.1015625,-0.140625,0.0,0.0078125,0.0,-0.640625,0,0
1779556624.703751,-0.1015625,-0.138671875,0.0,0.0078125,0.0,-0.640625,0,0
1779556624.711767,-0.1015625,-0.138671875,0.0,0.0078125,0.0,-0.640625,0,0
1779556624.719804,-0.099609375,-0.138671875,0.0,0.0078125,0.0,-0.640625,0,0
1779556624.727731,-0.099609375,-0.138671875,0.0,0.0078125,0.0,-0.640625,0,0
1779556624.735758,-0.099609375,-0.138671875,0.0,0.0078125,0.0,-0.640625,0,0
1779556624.743796,-0.099609375,-0.138671875,0.0,0.0078125,0.0,-0.640625,0,0
1779556624.751742,-0.099609375,-0.138671875,0.0,0.0078125,0.0,-0.640625,0,0
1779556624.759751,-0.099609375,-0.138671875,0.0,0.0078125,0.0,-0.640625,0,0
1779556624.767769,-0.099609375,-0.138671875,0.0,0.0078125,0.0,-0.640625,0,0
1779556624.775757,-0.099609375,-0.138671875,0.0,0.009765625,0.0,-0.64453125,0,0
1779556624.783705,-0.099609375,-0.13671875,0.0,0.009765625,0.0,-0.64453125,0,0
1779556624.791728,-0.099609375,-0.13671875,0.0,0.013671875,0.0,-0.64453125,0,0
1779556624.799734,-0.099609375,-0.13671875,0.0,0.013671875,0.0,-0.64453125,0,0
1779556624.807801,-0.099609375,-0.13671875,0.0,0.013671875,0.0,-0.646484375,0,0
1779556624.815792,-0.09765625,-0.134765625,0.0,0.013671875,0.0,-0.646484375,0,0
1779556624.823759,-0.09765625,-0.134765625,0.0,0.013671875,0.0,-0.646484375,0,0
1779556624.831774,-0.09765625,-0.134765625,0.0,0.013671875,0.0,-0.646484375,0,0
1779556624.839784,-0.09765625,-0.134765625,0.0,0.01171875,0.0,-0.646484375,0,0
1779556624.847753,-0.095703125,-0.134765625,0.0,0.01171875,0.0,-0.646484375,0,0
1779556624.855755,-0.095703125,-0.134765625,0.0,0.01171875,0.0,-0.646484375,0,0
1779556624.863759,-0.095703125,-0.134765625,0.0,0.01171875,0.0,-0.646484375,0,0
1779556624.871760,-0.095703125,-0.134765625,0.0,0.013671875,0.0,-0.6484375,0,0
1779556624.879764,-0.09375,-0.1328125,0.0,0.013671875,0.0,-0.6484375,0,0
1779556624.887756,-0.09375,-0.1328125,0.0,0.01171875,0.0,-0.650390625,0,0
1779556624.895772,-0.09375,-0.1328125,0.0,0.01171875,0.0,-0.650390625,0,0
1779556624.903736,-0.09375,-0.1328125,0.0,0.01171875,0.0,-0.650390625,0,0
1779556624.911733,-0.091796875,-0.130859375,0.0,0.01171875,0.0,-0.650390625,0,0
1779556624.919753,-0.091796875,-0.130859375,0.0,0.01171875,0.0,-0.650390625,0,0
1779556624.927721,-0.091796875,-0.130859375,0.0,0.01171875,0.0,-0.650390625,0,0
1779556624.935742,-0.091796875,-0.130859375,0.0,0.01171875,0.0,-0.650390625,0,0
1779556624.943778,-0.091796875,-0.130859375,0.0,0.01171875,0.0,-0.650390625,0,0
1779556624.951698,-0.091796875,-0.130859375,0.0,0.01171875,0.0,-0.650390625,0,0
1779556624.959739,-0.091796875,-0.130859375,0.0,0.01171875,0.0,-0.650390625,0,0
1779556624.967774,-0.091796875,-0.130859375,0.0,0.013671875,0.0,-0.650390625,0,0
1779556624.975753,-0.091796875,-0.130859375,0.0,0.013671875,0.0,-0.650390625,0,0
1779556624.983722,-0.091796875,-0.130859375,0.0,0.013671875,0.0,-0.65234375,0,0
1779556624.991744,-0.08984375,-0.130859375,0.0,0.013671875,0.0,-0.65234375,0,0
1779556624.999744,-0.08984375,-0.130859375,0.0,0.013671875,0.0,-0.65234375,0,0
1779556625.007752,-0.087890625,-0.12890625,0.0,0.013671875,0.0,-0.65234375,0,0
1779556625.015768,-0.087890625,-0.12890625,0.0,0.01171875,0.0,-0.65234375,0,0
1779556625.023726,-0.0859375,-0.126953125,0.0,0.01171875,0.0,-0.65234375,0,0
1779556625.031775,-0.0859375,-0.126953125,0.0,0.01171875,0.0,-0.65234375,0,0
1779556625.039763,-0.0859375,-0.126953125,0.0,0.01171875,0.0,-0.65234375,0,0
1779556625.047766,-0.0859375,-0.126953125,0.0,0.01171875,0.0,-0.654296875,0,0
1779556625.055705,-0.0859375,-0.126953125,0.0,0.01171875,0.0,-0.654296875,0,0
1779556625.063773,-0.0859375,-0.126953125,0.0,0.01171875,0.0,-0.654296875,0,0
1779556625.071740,-0.08203125,-0.126953125,0.0,0.01171875,0.0,-0.654296875,0,0
1779556625.079716,-0.08203125,-0.126953125,0.0,0.013671875,0.0,-0.654296875,0,0
1779556625.087738,-0.08203125,-0.125,0.0,0.013671875,0.0,-0.654296875,0,0
1779556625.095759,-0.08203125,-0.125,0.0,0.01171875,0.0,-0.654296875,0,0
1779556625.103755,-0.080078125,-0.125,0.0,0.01171875,0.0,-0.654296875,0,0
1779556625.111732,-0.080078125,-0.125,0.0,0.009765625,0.0,-0.65625,0,0
1779556625.119742,-0.080078125,-0.123046875,0.0,0.009765625,0.0,-0.65625,0,0
1779556625.127725,-0.080078125,-0.123046875,0.0,0.0078125,0.0,-0.65625,0,0
1779556625.135719,-0.080078125,-0.123046875,0.0,0.0078125,0.0,-0.65625,0,0
1779556625.143737,-0.080078125,-0.123046875,0.0,0.009765625,0.0,-0.65625,0,0
1779556625.151771,-0.078125,-0.123046875,0.0,0.009765625,0.0,-0.65625,0,0
1779556625.159763,-0.078125,-0.123046875,0.0,0.009765625,0.0,-0.65625,0,0
1779556625.167743,-0.076171875,-0.12109375,0.0,0.009765625,0.0,-0.65625,0,0
1779556625.175740,-0.076171875,-0.12109375,0.0,0.009765625,0.0,-0.658203125,0,0
1779556625.183736,-0.076171875,-0.119140625,0.0,0.009765625,0.0,-0.658203125,0,0
1779556625.191752,-0.076171875,-0.119140625,0.0,0.0078125,0.0,-0.658203125,0,0
1779556625.199730,-0.072265625,-0.12109375,0.0,0.0078125,0.0,-0.658203125,0,0
1779556625.207758,-0.072265625,-0.12109375,0.0,0.009765625,0.0,-0.658203125,0,0
1779556625.215739,-0.072265625,-0.119140625,0.0,0.009765625,0.0,-0.658203125,0,0
1779556625.223754,-0.072265625,-0.119140625,0.0,0.005859375,0.0,-0.658203125,0,0
1779556625.231703,-0.072265625,-0.119140625,0.0,0.005859375,0.0,-0.658203125,0,0
1779556625.239728,-0.072265625,-0.119140625,0.0,0.005859375,0.0,-0.658203125,0,0
1779556625.247707,-0.0703125,-0.119140625,0.0,0.005859375,0.0,-0.658203125,0,0
1779556625.255715,-0.0703125,-0.119140625,0.0,0.005859375,0.0,-0.658203125,0,0
1779556625.263741,-0.0703125,-0.119140625,0.0,0.005859375,0.0,-0.658203125,0,0
1779556625.271788,-0.0703125,-0.119140625,0.0,0.005859375,0.0,-0.658203125,0,0
1779556625.279768,-0.0703125,-0.119140625,0.0,0.005859375,0.0,-0.658203125,0,0
1779556625.287739,-0.0703125,-0.119140625,0.0,0.005859375,0.0,-0.658203125,0,0
1779556625.295762,-0.0703125,-0.119140625,0.0,0.005859375,0.0,-0.658203125,0,0
1779556625.303791,-0.0703125,-0.119140625,0.0,0.005859375,0.0,-0.658203125,0,0
1779556625.311736,-0.0703125,-0.119140625,0.0,0.005859375,0.0,-0.658203125,0,0
1779556625.319726,-0.0703125,-0.119140625,0.0,0.005859375,0.0,-0.658203125,0,0
1779556625.327735,-0.0703125,-0.119140625,0.0,0.005859375,0.0,-0.658203125,0,0
1779556625.335752,-0.0703125,-0.119140625,0.0,0.005859375,0.0,-0.658203125,0,0
1779556625.343784,-0.0703125,-0.119140625,0.0,0.005859375,0.0,-0.658203125,0,0
1779556625.351748,-0.0703125,-0.119140625,0.0,0.005859375,0.0,-0.658203125,0,0
1779556625.359754,-0.0703125,-0.119140625,0.0,0.005859375,0.0,-0.658203125,0,0
1779556625.367762,-0.0703125,-0.119140625,0.0,0.005859375,0.0,-0.658203125,0,0
1779556625.375763,-0.0703125,-0.1171875,0.0,0.005859375,0.0,-0.658203125,0,0
1779556625.383757,-0.0703125,-0.1171875,0.0,0.00390625,0.0,-0.658203125,0,0
1779556625.391784,-0.0703125,-0.1171875,0.0,0.00390625,0.0,-0.658203125,0,0
1779556625.399769,-0.0703125,-0.1171875,0.0,0.0,0.0,-0.658203125,0,0
1779556625.407778,-0.0703125,-0.1171875,0.0,0.0,0.0,-0.658203125,0,0
1779556625.415755,-0.0703125,-0.1171875,0.0,0.0,0.0,-0.658203125,0,0
1779556625.423719,-0.0703125,-0.1171875,0.0,0.0,0.0,-0.658203125,0,0
1779556625.431789,-0.0703125,-0.1171875,0.0,0.0,0.0,-0.658203125,0,0
1779556625.439866,-0.0703125,-0.1171875,0.0,0.0,0.0,-0.658203125,0,0
1779556625.447750,-0.0703125,-0.1171875,0.0,0.0,0.0,-0.658203125,0,0
1779556625.455730,-0.0703125,-0.1171875,0.0,0.0,0.0,-0.658203125,0,0
1779556625.463763,-0.0703125,-0.1171875,0.0,0.0,0.0,-0.658203125,0,0
1779556625.471797,-0.0703125,-0.1171875,0.0,0.0,0.0,-0.658203125,0,0
1779556625.479798,-0.0703125,-0.1171875,0.0,0.00390625,0.0,-0.658203125,0,0
1779556625.487775,-0.0703125,-0.1171875,0.0,0.00390625,0.0,-0.658203125,0,0
1779556625.495724,-0.0703125,-0.1171875,0.0,0.0,0.0,-0.658203125,0,0
1779556625.503760,-0.0703125,-0.1171875,0.0,0.0,0.0,-0.658203125,0,0
1779556625.511741,-0.0703125,-0.1171875,0.0,0.0,0.0,-0.658203125,0,0
1779556625.519730,-0.0703125,-0.1171875,0.0,0.0,0.0,-0.658203125,0,0
1779556625.527815,-0.0703125,-0.1171875,0.0,0.0,0.0,-0.658203125,0,0
1779556625.535761,-0.0703125,-0.1171875,0.0,0.0,0.0,-0.658203125,0,0
1779556625.543766,-0.0703125,-0.1171875,0.0,0.00390625,0.0,-0.658203125,0,0
1779556625.551739,-0.0703125,-0.1171875,0.0,0.00390625,0.0,-0.658203125,0,0
1779556625.559754,-0.0703125,-0.1171875,0.0,0.00390625,0.0,-0.658203125,0,0
1779556625.567717,-0.0703125,-0.1171875,0.0,0.00390625,0.0,-0.658203125,0,0
1779556625.575755,-0.0703125,-0.1171875,0.0,0.00390625,0.0,-0.658203125,0,0
1779556625.583756,-0.0703125,-0.1171875,0.0,0.00390625,0.0,-0.658203125,0,0
1779556625.591760,-0.0703125,-0.1171875,0.0,0.00390625,0.0,-0.658203125,0,0
1779556625.599739,-0.0703125,-0.1171875,0.0,0.00390625,0.0,-0.658203125,0,0
1779556625.607769,-0.0703125,-0.1171875,0.0,0.00390625,0.0,-0.658203125,0,0
1779556625.615785,-0.0703125,-0.1171875,0.0,0.00390625,0.0,-0.658203125,0,0
1779556625.623771,-0.0703125,-0.1171875,0.0,0.00390625,0.0,-0.658203125,0,0
1779556625.631733,-0.068359375,-0.1171875,0.0,0.00390625,0.0,-0.658203125,0,0
1779556625.639777,-0.068359375,-0.1171875,0.0,0.00390625,0.0,-0.658203125,0,0
1779556625.647760,-0.068359375,-0.1171875,0.0,0.00390625,0.0,-0.658203125,0,0
1779556625.655776,-0.068359375,-0.1171875,0.0,0.00390625,0.0,-0.658203125,0,0
1779556625.663758,-0.068359375,-0.1171875,0.0,0.00390625,0.0,-0.658203125,0,0
1779556625.671791,-0.068359375,-0.1171875,0.0,0.0,0.0,-0.658203125,0,0
1779556625.679739,-0.068359375,-0.115234375,0.0,0.0,0.0,-0.658203125,0,0
1779556625.687721,-0.068359375,-0.115234375,0.0,0.0,0.0,-0.658203125,0,0
1779556625.695707,-0.068359375,-0.115234375,0.0,0.0,0.0,-0.658203125,0,0
1779556625.703749,-0.068359375,-0.115234375,0.0,0.0,0.0,-0.658203125,0,0
1779556625.711795,-0.06640625,-0.115234375,0.0,0.0,0.0,-0.658203125,0,0
1779556625.719745,-0.06640625,-0.115234375,0.0,0.0,0.0,-0.658203125,0,0
1779556625.727765,-0.06640625,-0.115234375,0.0,0.0,0.0,-0.658203125,0,0
1779556625.735781,-0.06640625,-0.115234375,0.0,0.00390625,0.0,-0.66015625,0,0
1779556625.743744,-0.06640625,-0.115234375,0.0,0.00390625,0.0,-0.66015625,0,0
1779556625.751751,-0.06640625,-0.115234375,0.0,0.00390625,0.0,-0.66015625,0,0
1779556625.759746,-0.06640625,-0.115234375,0.0,0.00390625,0.0,-0.66015625,0,0
1779556625.767774,-0.06640625,-0.115234375,0.0,0.00390625,0.0,-0.66015625,0,0
1779556625.775764,-0.06640625,-0.115234375,0.0,0.00390625,0.0,-0.66015625,0,0
1779556625.783799,-0.06640625,-0.115234375,0.0,0.00390625,0.0,-0.66015625,0,0
1779556625.791785,-0.06640625,-0.115234375,0.0,0.00390625,0.0,-0.66015625,0,0
1779556625.799781,-0.06640625,-0.115234375,0.0,0.00390625,0.0,-0.66015625,0,0
1779556625.807797,-0.06640625,-0.11328125,0.0,0.00390625,0.0,-0.66015625,0,0
1779556625.815779,-0.06640625,-0.11328125,0.0,0.00390625,0.0,-0.662109375,0,0
1779556625.823714,-0.064453125,-0.11328125,0.0,0.00390625,0.0,-0.662109375,0,0
1779556625.831799,-0.064453125,-0.11328125,0.0,0.00390625,0.0,-0.662109375,0,0
1779556625.839727,-0.064453125,-0.11328125,0.0,0.00390625,0.0,-0.662109375,0,0
1779556625.847777,-0.064453125,-0.11328125,0.0,0.00390625,0.0,-0.662109375,0,0
1779556625.855798,-0.0625,-0.11328125,0.0,0.00390625,0.0,-0.662109375,0,0
1779556625.863847,-0.0625,-0.11328125,0.0,0.005859375,0.0,-0.662109375,0,0
1779556625.871781,-0.0625,-0.11328125,0.0,0.005859375,0.0,-0.662109375,0,0
1779556625.879797,-0.0625,-0.11328125,0.0,0.00390625,0.0,-0.662109375,0,0
1779556625.887773,-0.0625,-0.11328125,0.0,0.00390625,0.0,-0.662109375,0,0
1779556625.895789,-0.0625,-0.11328125,0.0,0.00390625,0.0,-0.662109375,0,0
1779556625.903738,-0.0625,-0.111328125,0.0,0.00390625,0.0,-0.662109375,0,0
1779556625.911821,-0.0625,-0.111328125,0.0,0.00390625,0.0,-0.662109375,0,0
1779556625.919809,-0.0625,-0.111328125,0.0,0.00390625,0.0,-0.662109375,0,0
1779556625.927752,-0.0625,-0.111328125,0.0,0.0,0.0,-0.6640625,0,0
1779556625.935727,-0.060546875,-0.109375,0.0,0.0,0.0,-0.6640625,0,0
1779556625.943754,-0.060546875,-0.109375,0.0,0.0,0.0,-0.666015625,0,0
1779556625.951746,-0.05859375,-0.107421875,0.0,0.0,0.0,-0.666015625,0,0
1779556625.959743,-0.05859375,-0.107421875,0.0,0.0,0.0,-0.66796875,0,0
1779556625.967782,-0.05859375,-0.107421875,0.0,0.0,0.0,-0.66796875,0,0
1779556625.975721,-0.05859375,-0.107421875,0.0,0.0,0.0,-0.66796875,0,0
1779556625.983705,-0.0546875,-0.107421875,0.0,0.0,0.0,-0.66796875,0,0
1779556625.991737,-0.0546875,-0.107421875,0.0,0.0,0.0,-0.66796875,0,0
1779556625.999722,-0.0546875,-0.107421875,0.0,0.0,0.0,-0.66796875,0,0
1779556626.007799,-0.0546875,-0.107421875,0.0,0.0,0.0,-0.66796875,0,0
1779556626.015803,-0.0546875,-0.107421875,0.0,0.0,0.0,-0.66796875,0,0
1779556626.023810,-0.0546875,-0.107421875,0.0,0.0,0.0,-0.666015625,0,0
1779556626.031755,-0.0546875,-0.107421875,0.0,0.0,0.0,-0.666015625,0,0
1779556626.039802,-0.0546875,-0.107421875,0.0,0.0,0.0,-0.666015625,0,0
1779556626.047730,-0.0546875,-0.107421875,0.0,0.0,0.0,-0.666015625,0,0
1779556626.055770,-0.0546875,-0.107421875,0.0,0.0,0.0,-0.666015625,0,0
1779556626.063822,-0.056640625,-0.10546875,0.0,0.0,0.0,-0.666015625,0,0
1779556626.071808,-0.056640625,-0.10546875,0.0,0.0,0.0,-0.662109375,0,0
1779556626.079815,-0.056640625,-0.10546875,0.0,0.0,0.0,-0.662109375,0,0
1779556626.087780,-0.056640625,-0.10546875,0.0,0.0,0.0,-0.662109375,0,0
1779556626.095794,-0.0546875,-0.103515625,0.0,0.0,0.0,-0.662109375,0,0
1779556626.103722,-0.0546875,-0.103515625,0.0,0.0,0.0,-0.662109375,0,0
1779556626.111754,-0.046875,-0.09765625,0.0,0.0,0.0,-0.662109375,0,0
1779556626.119745,-0.046875,-0.09765625,0.0,0.0,0.0,-0.662109375,0,0
1779556626.127773,-0.037109375,-0.095703125,0.021484375,0.0,0.0,-0.662109375,0,0
1779556626.135764,-0.037109375,-0.095703125,0.021484375,0.0,0.0,-0.662109375,0,0
1779556626.143740,-0.03125,-0.08984375,0.0703125,0.0,0.0,-0.662109375,0,0
1779556626.151750,-0.03125,-0.08984375,0.0703125,0.0,0.0,-0.658203125,0,0
1779556626.159736,-0.0234375,-0.08984375,0.140625,0.0,0.0,-0.658203125,0,0
1779556626.167763,-0.0234375,-0.08984375,0.140625,0.0,0.0,-0.6484375,0,0
1779556626.175769,-0.017578125,-0.095703125,0.208984375,0.0,0.0,-0.6484375,0,0
1779556626.183740,-0.017578125,-0.095703125,0.208984375,0.0,0.0,-0.634765625,0,0
1779556626.191807,-0.017578125,-0.103515625,0.251953125,0.0,0.0,-0.634765625,0,0
1779556626.199803,-0.017578125,-0.103515625,0.251953125,0.0,0.0,-0.619140625,0,0
1779556626.207799,-0.021484375,-0.111328125,0.275390625,0.0,0.0,-0.619140625,0,0
1779556626.215813,-0.021484375,-0.111328125,0.275390625,0.0,0.0,-0.607421875,0,0
1779556626.223751,-0.0234375,-0.119140625,0.30078125,0.0,0.0,-0.607421875,0,0
1779556626.231749,-0.0234375,-0.119140625,0.30078125,0.0,0.00390625,-0.595703125,0,0
1779556626.239754,-0.021484375,-0.12109375,0.330078125,0.0,0.00390625,-0.595703125,0,0
1779556626.247736,-0.021484375,-0.12109375,0.330078125,0.0,0.0078125,-0.591796875,0,0
1779556626.255742,-0.017578125,-0.12109375,0.353515625,0.0,0.0078125,-0.591796875,0,0
1779556626.263772,-0.017578125,-0.12109375,0.353515625,0.0,0.0078125,-0.591796875,0,0
1779556626.271759,-0.015625,-0.119140625,0.3671875,0.0,0.0078125,-0.591796875,0,0
1779556626.279795,-0.015625,-0.119140625,0.3671875,0.0,0.005859375,-0.591796875,0,0
1779556626.287786,-0.01953125,-0.115234375,0.37890625,0.0,0.005859375,-0.591796875,0,0
1779556626.295778,-0.01953125,-0.115234375,0.37890625,0.005859375,0.005859375,-0.58984375,0,0
1779556626.303785,-0.025390625,-0.115234375,0.380859375,0.005859375,0.005859375,-0.58984375,0,0
1779556626.311764,-0.025390625,-0.115234375,0.380859375,0.0078125,0.005859375,-0.583984375,0,0
1779556626.319748,-0.037109375,-0.115234375,0.384765625,0.0078125,0.005859375,-0.583984375,0,0
1779556626.327741,-0.037109375,-0.115234375,0.384765625,0.01171875,0.005859375,-0.576171875,0,0
1779556626.335733,-0.046875,-0.115234375,0.396484375,0.01171875,0.005859375,-0.576171875,0,0
1779556626.343782,-0.046875,-0.115234375,0.396484375,0.017578125,0.005859375,-0.568359375,0,0
1779556626.351748,-0.05859375,-0.111328125,0.41796875,0.017578125,0.005859375,-0.568359375,0,0
1779556626.359754,-0.05859375,-0.111328125,0.41796875,0.02734375,0.005859375,-0.5625,0,0
1779556626.367768,-0.06640625,-0.107421875,0.439453125,0.02734375,0.005859375,-0.5625,0,0
1779556626.375771,-0.06640625,-0.107421875,0.439453125,0.044921875,0.005859375,-0.55859375,0,0
1779556626.383751,-0.072265625,-0.10546875,0.451171875,0.044921875,0.005859375,-0.55859375,0,0
1779556626.391738,-0.072265625,-0.10546875,0.451171875,0.048828125,0.005859375,-0.5546875,0,0
1779556626.399834,-0.078125,-0.103515625,0.455078125,0.048828125,0.005859375,-0.5546875,0,0
1779556626.407754,-0.078125,-0.103515625,0.455078125,0.048828125,0.005859375,-0.55078125,0,0
1779556626.415800,-0.08203125,-0.103515625,0.458984375,0.048828125,0.005859375,-0.55078125,0,0
1779556626.423736,-0.08203125,-0.103515625,0.458984375,0.05078125,0.005859375,-0.546875,0,0
1779556626.431773,-0.083984375,-0.099609375,0.46875,0.05078125,0.005859375,-0.546875,0,0
1779556626.439721,-0.083984375,-0.099609375,0.46875,0.056640625,0.005859375,-0.544921875,0,0
1779556626.447739,-0.087890625,-0.09765625,0.478515625,0.056640625,0.005859375,-0.544921875,0,0
1779556626.455783,-0.087890625,-0.09765625,0.478515625,0.0625,0.005859375,-0.54296875,0,0
1779556626.463802,-0.08984375,-0.09375,0.484375,0.0625,0.005859375,-0.54296875,0,0
1779556626.471735,-0.08984375,-0.09375,0.484375,0.064453125,0.005859375,-0.54296875,0,0
1779556626.479728,-0.087890625,-0.091796875,0.484375,0.064453125,0.005859375,-0.54296875,0,0
1779556626.487750,-0.087890625,-0.091796875,0.484375,0.0625,0.005859375,-0.54296875,0,0
1779556626.495785,-0.083984375,-0.091796875,0.490234375,0.0625,0.005859375,-0.54296875,0,0
1779556626.503806,-0.083984375,-0.091796875,0.490234375,0.064453125,0.005859375,-0.544921875,0,0
1779556626.511751,-0.083984375,-0.087890625,0.49609375,0.064453125,0.005859375,-0.544921875,0,0
1779556626.519738,-0.083984375,-0.087890625,0.49609375,0.0703125,0.005859375,-0.544921875,0,0
1779556626.527739,-0.087890625,-0.087890625,0.501953125,0.0703125,0.005859375,-0.544921875,0,0
1779556626.535759,-0.087890625,-0.087890625,0.501953125,0.0703125,0.005859375,-0.54296875,0,0
1779556626.543783,-0.087890625,-0.0859375,0.50390625,0.0703125,0.005859375,-0.54296875,0,0
1779556626.551758,-0.087890625,-0.0859375,0.50390625,0.072265625,0.005859375,-0.541015625,0,0
1779556626.559764,-0.087890625,-0.083984375,0.509765625,0.072265625,0.005859375,-0.541015625,0,0
1779556626.567760,-0.087890625,-0.083984375,0.509765625,0.072265625,0.005859375,-0.541015625,0,0
1779556626.575746,-0.0859375,-0.08203125,0.515625,0.072265625,0.005859375,-0.541015625,0,0
1779556626.583741,-0.0859375,-0.08203125,0.515625,0.076171875,0.005859375,-0.541015625,0,0
1779556626.591741,-0.0859375,-0.080078125,0.521484375,0.076171875,0.005859375,-0.541015625,0,0
1779556626.599761,-0.0859375,-0.080078125,0.521484375,0.078125,0.005859375,-0.541015625,0,0
1779556626.607790,-0.08984375,-0.08203125,0.521484375,0.078125,0.005859375,-0.541015625,0,0
1779556626.615746,-0.08984375,-0.08203125,0.521484375,0.078125,0.005859375,-0.537109375,0,0
1779556626.623775,-0.091796875,-0.08984375,0.515625,0.078125,0.005859375,-0.537109375,0,0
1779556626.631762,-0.091796875,-0.08984375,0.515625,0.072265625,0.005859375,-0.53515625,0,0
1779556626.639815,-0.08984375,-0.09375,0.515625,0.072265625,0.005859375,-0.53515625,0,0
1779556626.647754,-0.08984375,-0.09375,0.515625,0.072265625,0.005859375,-0.53515625,0,0
1779556626.655733,-0.0859375,-0.095703125,0.515625,0.072265625,0.005859375,-0.53515625,0,0
1779556626.663741,-0.0859375,-0.095703125,0.515625,0.072265625,0.005859375,-0.53515625,0,0
1779556626.671738,-0.0859375,-0.095703125,0.51953125,0.072265625,0.005859375,-0.53515625,0,0
1779556626.679691,-0.0859375,-0.095703125,0.51953125,0.072265625,0.005859375,-0.533203125,0,0
1779556626.687769,-0.0859375,-0.09765625,0.52734375,0.072265625,0.005859375,-0.533203125,0,0
1779556626.695741,-0.0859375,-0.09765625,0.52734375,0.076171875,0.005859375,-0.533203125,0,0
1779556626.703787,-0.091796875,-0.09375,0.5390625,0.076171875,0.005859375,-0.533203125,0,0
1779556626.711790,-0.091796875,-0.09375,0.5390625,0.083984375,0.005859375,-0.53125,0,0
1779556626.719729,-0.103515625,-0.091796875,0.544921875,0.083984375,0.005859375,-0.53125,0,0
1779556626.727719,-0.103515625,-0.091796875,0.544921875,0.0859375,0.005859375,-0.5234375,0,0
1779556626.735708,-0.125,-0.091796875,0.5546875,0.0859375,0.005859375,-0.5234375,0,0
1779556626.743751,-0.125,-0.091796875,0.5546875,0.095703125,0.005859375,-0.51171875,0,0
1779556626.751777,-0.14453125,-0.0859375,0.580078125,0.095703125,0.005859375,-0.51171875,0,0
1779556626.759794,-0.14453125,-0.0859375,0.580078125,0.109375,0.005859375,-0.5,0,0
1779556626.767727,-0.1640625,-0.078125,0.611328125,0.109375,0.005859375,-0.5,0,0
1779556626.775733,-0.1640625,-0.078125,0.611328125,0.1328125,-0.017578125,-0.48828125,0,0
1779556626.783736,-0.18359375,-0.07421875,0.626953125,0.1328125,-0.017578125,-0.48828125,0,0
1779556626.791809,-0.18359375,-0.07421875,0.626953125,0.1484375,-0.0234375,-0.48046875,0,0
1779556626.799767,-0.1953125,-0.078125,0.630859375,0.1484375,-0.0234375,-0.48046875,0,0
1779556626.807735,-0.1953125,-0.078125,0.630859375,0.158203125,-0.0234375,-0.474609375,0,0
1779556626.815753,-0.205078125,-0.078125,0.6328125,0.158203125,-0.0234375,-0.474609375,0,0
1779556626.823768,-0.205078125,-0.078125,0.6328125,0.166015625,-0.025390625,-0.47265625,0,0
1779556626.831748,-0.228515625,-0.07421875,0.623046875,0.166015625,-0.025390625,-0.47265625,0,0
1779556626.839750,-0.228515625,-0.07421875,0.623046875,0.1875,-0.04296875,-0.466796875,0,0
1779556626.847749,-0.25390625,-0.064453125,0.59765625,0.1875,-0.04296875,-0.466796875,0,0
1779556626.855718,-0.25390625,-0.064453125,0.59765625,0.224609375,-0.0703125,-0.4609375,0,0
1779556626.863829,-0.26953125,-0.05078125,0.5703125,0.224609375,-0.0703125,-0.4609375,0,0
1779556626.871761,-0.26953125,-0.05078125,0.5703125,0.26171875,-0.08984375,-0.455078125,0,0
1779556626.879831,-0.275390625,-0.033203125,0.537109375,0.26171875,-0.08984375,-0.455078125,0,0
1779556626.887788,-0.275390625,-0.033203125,0.537109375,0.29296875,-0.109375,-0.453125,0,0
1779556626.895723,-0.279296875,-0.013671875,0.501953125,0.29296875,-0.109375,-0.453125,0,0
1779556626.903767,-0.279296875,-0.013671875,0.501953125,0.32421875,-0.126953125,-0.44921875,0,0
1779556626.911738,-0.28515625,-0.013671875,0.45703125,0.32421875,-0.126953125,-0.44921875,0,0
1779556626.919776,-0.28515625,-0.013671875,0.45703125,0.36328125,-0.134765625,-0.44140625,0,0
1779556626.927763,-0.29296875,-0.013671875,0.419921875,0.36328125,-0.134765625,-0.44140625,0,0
1779556626.935762,-0.29296875,-0.013671875,0.419921875,0.39453125,-0.140625,-0.43359375,0,0
1779556626.943743,-0.296875,-0.013671875,0.384765625,0.39453125,-0.140625,-0.43359375,0,0
1779556626.951732,-0.296875,-0.013671875,0.384765625,0.42578125,-0.14453125,-0.42578125,0,0
1779556626.959706,-0.3046875,-0.013671875,0.33203125,0.42578125,-0.14453125,-0.42578125,0,0
1779556626.967755,-0.3046875,-0.013671875,0.33203125,0.46484375,-0.150390625,-0.41796875,0,0
1779556626.975741,-0.30078125,-0.013671875,0.283203125,0.46484375,-0.150390625,-0.41796875,0,0
1779556626.983770,-0.30078125,-0.013671875,0.283203125,0.498046875,-0.15625,-0.412109375,0,0
1779556626.991806,-0.287109375,0.02734375,0.21484375,0.498046875,-0.15625,-0.412109375,0,0
1779556626.999743,-0.287109375,0.02734375,0.21484375,0.537109375,-0.16015625,-0.40625,0,0
1779556627.007792,-0.259765625,0.048828125,0.197265625,0.537109375,-0.16015625,-0.40625,0,0
1779556627.015761,-0.259765625,0.048828125,0.197265625,0.546875,-0.138671875,-0.396484375,0,0
1779556627.023767,-0.236328125,0.06640625,0.181640625,0.546875,-0.138671875,-0.396484375,0,0
1779556627.031723,-0.236328125,0.06640625,0.181640625,0.55078125,-0.115234375,-0.388671875,0,0
1779556627.039780,-0.220703125,0.078125,0.173828125,0.55078125,-0.115234375,-0.388671875,0,0
1779556627.047716,-0.220703125,0.078125,0.173828125,0.5546875,-0.091796875,-0.376953125,0,0
1779556627.055708,-0.216796875,0.083984375,0.166015625,0.5546875,-0.091796875,-0.376953125,0,0
1779556627.063781,-0.216796875,0.083984375,0.166015625,0.55859375,-0.083984375,-0.369140625,0,0
1779556627.071808,-0.21484375,0.087890625,0.16015625,0.55859375,-0.083984375,-0.369140625,0,0
1779556627.079777,-0.21484375,0.087890625,0.16015625,0.5625,-0.076171875,-0.361328125,0,0
1779556627.087773,-0.21484375,0.09375,0.154296875,0.5625,-0.076171875,-0.361328125,0,0
1779556627.095764,-0.21484375,0.09375,0.154296875,0.564453125,-0.0703125,-0.353515625,0,0
1779556627.103745,-0.216796875,0.095703125,0.1484375,0.564453125,-0.0703125,-0.353515625,0,0
1779556627.111766,-0.216796875,0.095703125,0.1484375,0.568359375,-0.0625,-0.345703125,0,0
1779556627.119763,-0.212890625,0.09765625,0.146484375,0.568359375,-0.0625,-0.345703125,0,0
1779556627.127805,-0.212890625,0.09765625,0.146484375,0.5703125,-0.060546875,-0.34375,0,0
1779556627.135766,-0.208984375,0.103515625,0.14453125,0.5703125,-0.060546875,-0.34375,0,0
1779556627.143751,-0.208984375,0.103515625,0.14453125,0.568359375,-0.056640625,-0.34375,0,0
1779556627.151706,-0.203125,0.103515625,0.142578125,0.568359375,-0.056640625,-0.34375,0,0
1779556627.159717,-0.203125,0.103515625,0.142578125,0.5703125,-0.052734375,-0.341796875,0,0
1779556627.167784,-0.203125,0.103515625,0.142578125,0.5703125,-0.052734375,-0.341796875,0,0
1779556627.175714,-0.203125,0.103515625,0.142578125,0.5703125,-0.052734375,-0.341796875,0,0
1779556627.183729,-0.203125,0.10546875,0.142578125,0.5703125,-0.052734375,-0.341796875,0,0
1779556627.191766,-0.203125,0.10546875,0.142578125,0.568359375,-0.052734375,-0.341796875,0,0
1779556627.199792,-0.203125,0.10546875,0.142578125,0.568359375,-0.052734375,-0.341796875,0,0
1779556627.207762,-0.203125,0.10546875,0.142578125,0.568359375,-0.0546875,-0.341796875,0,0
1779556627.215732,-0.208984375,0.10546875,0.142578125,0.568359375,-0.0546875,-0.341796875,0,0
1779556627.223744,-0.208984375,0.10546875,0.142578125,0.5703125,-0.0546875,-0.33984375,0,0
1779556627.231793,-0.208984375,0.103515625,0.140625,0.5703125,-0.0546875,-0.33984375,0,0
1779556627.239735,-0.208984375,0.103515625,0.140625,0.5703125,-0.0546875,-0.33984375,0,0
1779556627.247716,-0.208984375,0.1015625,0.140625,0.5703125,-0.0546875,-0.33984375,0,0
1779556627.255816,-0.208984375,0.1015625,0.140625,0.5703125,-0.0546875,-0.33984375,0,0
1779556627.263796,-0.208984375,0.1015625,0.140625,0.5703125,-0.0546875,-0.33984375,0,0
1779556627.271823,-0.208984375,0.1015625,0.140625,0.5703125,-0.0546875,-0.33984375,0,0
1779556627.279781,-0.208984375,0.1015625,0.138671875,0.5703125,-0.0546875,-0.33984375,0,0
1779556627.287778,-0.208984375,0.1015625,0.138671875,0.5703125,-0.0546875,-0.33984375,0,0
1779556627.295689,-0.208984375,0.1015625,0.138671875,0.5703125,-0.0546875,-0.33984375,0,0
1779556627.303832,-0.208984375,0.1015625,0.138671875,0.5703125,-0.0546875,-0.33984375,0,0
1779556627.311761,-0.212890625,0.1015625,0.138671875,0.5703125,-0.0546875,-0.33984375,0,0
1779556627.319748,-0.212890625,0.1015625,0.138671875,0.5703125,-0.056640625,-0.337890625,0,0
1779556627.327762,-0.21875,0.1015625,0.138671875,0.5703125,-0.056640625,-0.337890625,0,0
1779556627.335762,-0.21875,0.1015625,0.138671875,0.572265625,-0.05859375,-0.333984375,0,0
1779556627.343735,-0.224609375,0.1015625,0.138671875,0.572265625,-0.05859375,-0.333984375,0,0
1779556627.351765,-0.224609375,0.1015625,0.138671875,0.572265625,-0.05859375,-0.33203125,0,0
1779556627.359751,-0.228515625,0.099609375,0.13671875,0.572265625,-0.05859375,-0.33203125,0,0
1779556627.367751,-0.228515625,0.099609375,0.13671875,0.57421875,-0.0625,-0.328125,0,0
1779556627.375722,-0.234375,0.099609375,0.13671875,0.57421875,-0.0625,-0.328125,0,0
1779556627.383724,-0.234375,0.099609375,0.13671875,0.57421875,-0.06640625,-0.32421875,0,0
1779556627.391780,-0.2421875,0.099609375,0.1328125,0.57421875,-0.06640625,-0.32421875,0,0
1779556627.399795,-0.2421875,0.099609375,0.1328125,0.57421875,-0.06640625,-0.3203125,0,0
1779556627.407784,-0.25390625,0.099609375,0.1328125,0.57421875,-0.06640625,-0.3203125,0,0
1779556627.415763,-0.25390625,0.099609375,0.1328125,0.578125,-0.072265625,-0.3125,0,0
1779556627.423741,-0.263671875,0.099609375,0.130859375,0.578125,-0.072265625,-0.3125,0,0
1779556627.431748,-0.263671875,0.099609375,0.130859375,0.578125,-0.07421875,-0.306640625,0,0
1779556627.439739,-0.26953125,0.09765625,0.12890625,0.578125,-0.07421875,-0.306640625,0,0
1779556627.447768,-0.26953125,0.09765625,0.12890625,0.580078125,-0.076171875,-0.302734375,0,0
1779556627.455755,-0.271484375,0.09765625,0.12890625,0.580078125,-0.076171875,-0.302734375,0,0
1779556627.463752,-0.271484375,0.09765625,0.12890625,0.58203125,-0.078125,-0.30078125,0,0
1779556627.471830,-0.271484375,0.09765625,0.12890625,0.58203125,-0.078125,-0.30078125,0,0
1779556627.479727,-0.271484375,0.09765625,0.12890625,0.58203125,-0.078125,-0.30078125,0,0
1779556627.487762,-0.2734375,0.09765625,0.12890625,0.58203125,-0.078125,-0.30078125,0,0
1779556627.495756,-0.2734375,0.09765625,0.12890625,0.58203125,-0.078125,-0.30078125,0,0
1779556627.503715,-0.28125,0.095703125,0.12890625,0.58203125,-0.078125,-0.30078125,0,0
1779556627.511737,-0.28125,0.095703125,0.12890625,0.58203125,-0.080078125,-0.296875,0,0
1779556627.519724,-0.287109375,0.09375,0.126953125,0.58203125,-0.080078125,-0.296875,0,0
1779556627.527758,-0.287109375,0.09375,0.126953125,0.58203125,-0.08203125,-0.294921875,0,0
1779556627.535721,-0.2890625,0.09375,0.126953125,0.58203125,-0.08203125,-0.294921875,0,0
1779556627.543718,-0.2890625,0.09375,0.126953125,0.5859375,-0.083984375,-0.29296875,0,0
1779556627.551766,-0.291015625,0.095703125,0.126953125,0.5859375,-0.083984375,-0.29296875,0,0
1779556627.559811,-0.291015625,0.095703125,0.126953125,0.58203125,-0.083984375,-0.291015625,0,0
1779556627.567786,-0.29296875,0.095703125,0.126953125,0.58203125,-0.083984375,-0.291015625,0,0
1779556627.575745,-0.29296875,0.095703125,0.126953125,0.583984375,-0.083984375,-0.2890625,0,0
1779556627.583719,-0.296875,0.095703125,0.126953125,0.583984375,-0.083984375,-0.2890625,0,0
1779556627.591735,-0.296875,0.095703125,0.126953125,0.583984375,-0.0859375,-0.287109375,0,0
1779556627.599750,-0.298828125,0.095703125,0.125,0.583984375,-0.0859375,-0.287109375,0,0
1779556627.607740,-0.298828125,0.095703125,0.125,0.5859375,-0.0859375,-0.28515625,0,0
1779556627.615730,-0.298828125,0.095703125,0.125,0.5859375,-0.0859375,-0.28515625,0,0
1779556627.623745,-0.298828125,0.095703125,0.125,0.5859375,-0.0859375,-0.283203125,0,0
1779556627.631768,-0.30078125,0.095703125,0.123046875,0.5859375,-0.0859375,-0.283203125,0,0
1779556627.639744,-0.30078125,0.095703125,0.123046875,0.5859375,-0.0859375,-0.283203125,0,0
1779556627.647709,-0.30078125,0.095703125,0.123046875,0.5859375,-0.0859375,-0.283203125,0,0
1779556627.655712,-0.30078125,0.095703125,0.123046875,0.5859375,-0.0859375,-0.283203125,0,0
1779556627.663745,-0.30078125,0.095703125,0.123046875,0.5859375,-0.0859375,-0.283203125,0,0
1779556627.671732,-0.30078125,0.095703125,0.123046875,0.5859375,-0.0859375,-0.283203125,0,0
1779556627.679743,-0.30078125,0.095703125,0.123046875,0.5859375,-0.0859375,-0.283203125,0,0
1779556627.687729,-0.30078125,0.095703125,0.123046875,0.5859375,-0.0859375,-0.283203125,0,0
1779556627.695717,-0.3046875,0.09375,0.123046875,0.5859375,-0.0859375,-0.283203125,0,0
1779556627.703763,-0.3046875,0.09375,0.123046875,0.5859375,-0.0859375,-0.28125,0,0
1779556627.711759,-0.306640625,0.095703125,0.123046875,0.5859375,-0.0859375,-0.28125,0,0
1779556627.719739,-0.306640625,0.095703125,0.123046875,0.5859375,-0.087890625,-0.279296875,0,0
1779556627.727764,-0.306640625,0.09375,0.123046875,0.5859375,-0.087890625,-0.279296875,0,0
1779556627.735761,-0.306640625,0.09375,0.123046875,0.587890625,-0.087890625,-0.279296875,0,0
1779556627.743748,-0.310546875,0.09375,0.12109375,0.587890625,-0.087890625,-0.279296875,0,0
1779556627.751770,-0.310546875,0.09375,0.12109375,0.587890625,-0.08984375,-0.27734375,0,0
1779556627.759745,-0.3203125,0.09375,0.12109375,0.587890625,-0.08984375,-0.27734375,0,0
1779556627.767727,-0.3203125,0.09375,0.12109375,0.58984375,-0.08984375,-0.271484375,0,0
1779556627.775786,-0.328125,0.095703125,0.12109375,0.58984375,-0.08984375,-0.271484375,0,0
1779556627.783762,-0.328125,0.095703125,0.12109375,0.587890625,-0.091796875,-0.267578125,0,0
1779556627.791779,-0.333984375,0.095703125,0.119140625,0.587890625,-0.091796875,-0.267578125,0,0
1779556627.799747,-0.333984375,0.095703125,0.119140625,0.58984375,-0.09375,-0.26171875,0,0
1779556627.807791,-0.341796875,0.095703125,0.119140625,0.58984375,-0.09375,-0.26171875,0,0
1779556627.815751,-0.341796875,0.095703125,0.119140625,0.591796875,-0.09375,-0.255859375,0,0
1779556627.823730,-0.349609375,0.095703125,0.1171875,0.591796875,-0.09375,-0.255859375,0,0
1779556627.831745,-0.349609375,0.095703125,0.1171875,0.591796875,-0.09765625,-0.25,0,0
1779556627.839789,-0.353515625,0.095703125,0.11328125,0.591796875,-0.09765625,-0.25,0,0
1779556627.847793,-0.353515625,0.095703125,0.11328125,0.591796875,-0.1015625,-0.248046875,0,0
1779556627.855797,-0.357421875,0.09375,0.109375,0.591796875,-0.1015625,-0.248046875,0,0
1779556627.863836,-0.357421875,0.09375,0.109375,0.591796875,-0.103515625,-0.24609375,0,0
1779556627.871741,-0.361328125,0.09375,0.10546875,0.591796875,-0.103515625,-0.24609375,0,0
1779556627.879758,-0.361328125,0.09375,0.10546875,0.591796875,-0.107421875,-0.24609375,0,0
1779556627.887746,-0.3671875,0.08984375,0.09765625,0.591796875,-0.107421875,-0.24609375,0,0
1779556627.895769,-0.3671875,0.08984375,0.09765625,0.587890625,-0.111328125,-0.244140625,0,0
1779556627.903750,-0.37890625,0.083984375,0.087890625,0.587890625,-0.111328125,-0.244140625,0,0
1779556627.911756,-0.37890625,0.083984375,0.087890625,0.587890625,-0.115234375,-0.240234375,0,0
1779556627.919744,-0.384765625,0.08203125,0.078125,0.587890625,-0.115234375,-0.240234375,0,0
1779556627.927721,-0.384765625,0.08203125,0.078125,0.583984375,-0.12109375,-0.23828125,0,0
1779556627.935720,-0.39453125,0.076171875,0.0703125,0.583984375,-0.12109375,-0.23828125,0,0
1779556627.943720,-0.39453125,0.076171875,0.0703125,0.580078125,-0.125,-0.23828125,0,0
1779556627.951720,-0.404296875,0.06640625,0.0625,0.580078125,-0.125,-0.23828125,0,0
1779556627.959714,-0.404296875,0.06640625,0.0625,0.578125,-0.134765625,-0.23828125,0,0
1779556627.967722,-0.419921875,0.056640625,0.060546875,0.578125,-0.134765625,-0.23828125,0,0
1779556627.975742,-0.419921875,0.056640625,0.060546875,0.576171875,-0.14453125,-0.240234375,0,0
1779556627.983741,-0.4453125,0.041015625,0.0625,0.576171875,-0.14453125,-0.240234375,0,0
1779556627.991769,-0.4453125,0.041015625,0.0625,0.576171875,-0.154296875,-0.244140625,0,0
1779556627.999767,-0.451171875,0.0234375,0.064453125,0.576171875,-0.154296875,-0.244140625,0,0
1779556628.007805,-0.451171875,0.0234375,0.064453125,0.564453125,-0.150390625,-0.25,0,0
1779556628.015761,-0.451171875,0.0234375,0.083984375,0.564453125,-0.150390625,-0.25,0,0
1779556628.023765,-0.451171875,0.0234375,0.083984375,0.52734375,-0.14453125,-0.259765625,0,0
1779556628.031748,-0.421875,0.0234375,0.09765625,0.52734375,-0.14453125,-0.259765625,0,0
1779556628.039826,-0.421875,0.0234375,0.09765625,0.48828125,-0.130859375,-0.265625,0,0
1779556628.047803,-0.365234375,-0.037109375,0.095703125,0.48828125,-0.130859375,-0.265625,0,0
1779556628.055757,-0.365234375,-0.037109375,0.095703125,0.43359375,-0.10546875,-0.26171875,0,0
1779556628.063766,-0.265625,-0.04296875,0.095703125,0.43359375,-0.10546875,-0.26171875,0,0
1779556628.071717,-0.265625,-0.04296875,0.095703125,0.361328125,-0.05859375,-0.2421875,0,0
1779556628.079781,-0.1484375,-0.0234375,0.087890625,0.361328125,-0.05859375,-0.2421875,0,0
1779556628.087706,-0.1484375,-0.0234375,0.087890625,0.28515625,-0.00390625,-0.201171875,0,0
1779556628.095785,-0.041015625,-0.013671875,0.08203125,0.28515625,-0.00390625,-0.201171875,0,0
1779556628.103734,-0.041015625,-0.013671875,0.08203125,0.25390625,-0.00390625,-0.16015625,0,0
1779556628.111784,-0.041015625,-0.013671875,0.087890625,0.25390625,-0.00390625,-0.16015625,0,0
1779556628.119776,-0.041015625,-0.013671875,0.087890625,0.228515625,-0.00390625,-0.1328125,0,0
1779556628.127802,-0.041015625,-0.0234375,0.087890625,0.228515625,-0.00390625,-0.1328125,0,0
1779556628.135789,-0.041015625,-0.0234375,0.087890625,0.064453125,-0.005859375,-0.00390625,0,0
1779556628.143744,-0.041015625,-0.005859375,0.087890625,0.064453125,-0.005859375,-0.00390625,0,0
1779556628.173793,0.0,0.0,0.0,0.0,0.0,0.0,0,0
1779556628.175778,-0.041015625,-0.005859375,0.01171875,0.064453125,-0.005859375,-0.00390625,0,0
1779556628.205752,0.0,0.0,0.0,0.0,0.0,0.0,0,0
1779556628.236773,0.0,0.0,0.0,0.0,0.0,0.0,0,0
1779556628.267736,0.0,0.0,0.0,0.0,0.0,0.0,0,0
1779556628.298734,0.0,0.0,0.0,0.0,0.0,0.0,0,0
1779556628.319728,-0.041015625,0.0,0.01171875,0.064453125,-0.005859375,-0.00390625,0,0
1779556628.349720,0.0,0.0,0.0,0.0,0.0,0.0,0,0
1779556628.351713,-0.0859375,-0.064453125,0.01171875,0.064453125,-0.005859375,-0.00390625,0,0
1779556628.359727,-0.0859375,-0.064453125,0.01171875,0.064453125,-0.04296875,-0.00390625,0,0
1779556628.367731,-0.26171875,-0.048828125,0.01171875,0.064453125,-0.04296875,-0.00390625,0,0
1779556628.375800,-0.26171875,-0.048828125,0.01171875,0.0078125,-0.1328125,-0.00390625,0,0
1779556628.383740,-0.435546875,-0.021484375,0.01171875,0.0078125,-0.1328125,-0.00390625,0,0
1779556628.391856,-0.435546875,-0.021484375,0.01171875,0.0078125,-0.212890625,-0.009765625,0,0
1779556628.399751,-0.5234375,-0.021484375,0.01171875,0.0078125,-0.212890625,-0.009765625,0,0
1779556628.407740,-0.5234375,-0.021484375,0.01171875,0.0078125,-0.251953125,-0.03515625,0,0
1779556628.415782,-0.564453125,-0.021484375,0.01171875,0.0078125,-0.251953125,-0.03515625,0,0
1779556628.423800,-0.564453125,-0.021484375,0.01171875,0.0078125,-0.275390625,-0.048828125,0,0
1779556628.431763,-0.580078125,-0.021484375,0.013671875,0.0078125,-0.275390625,-0.048828125,0,0
1779556628.439749,-0.580078125,-0.021484375,0.013671875,0.015625,-0.28125,-0.04296875,0,0
1779556628.447842,-0.61328125,-0.021484375,0.044921875,0.015625,-0.28125,-0.04296875,0,0
1779556628.455786,-0.61328125,-0.021484375,0.044921875,0.04296875,-0.28125,-0.01953125,0,0
1779556628.463819,-0.642578125,-0.021484375,0.08203125,0.04296875,-0.28125,-0.01953125,0,0
1779556628.471792,-0.642578125,-0.021484375,0.08203125,0.072265625,-0.287109375,-0.01953125,0,0
1779556628.479751,-0.6484375,-0.021484375,0.095703125,0.072265625,-0.287109375,-0.01953125,0,0
1779556628.487729,-0.6484375,-0.021484375,0.095703125,0.083984375,-0.28125,-0.01953125,0,0
1779556628.495773,-0.650390625,-0.021484375,0.09765625,0.083984375,-0.28125,-0.01953125,0,0
1779556628.503783,-0.650390625,-0.021484375,0.09765625,0.087890625,-0.279296875,-0.01953125,0,0
1779556628.511745,-0.650390625,-0.021484375,0.09375,0.087890625,-0.279296875,-0.01953125,0,0
1779556628.519750,-0.650390625,-0.021484375,0.09375,0.0859375,-0.28125,-0.01953125,0,0
1779556628.527765,-0.65234375,-0.021484375,0.080078125,0.0859375,-0.28125,-0.01953125,0,0
1779556628.535774,-0.65234375,-0.021484375,0.080078125,0.08203125,-0.287109375,-0.01953125,0,0
1779556628.543716,-0.654296875,-0.021484375,0.041015625,0.08203125,-0.287109375,-0.01953125,0,0
1779556628.551705,-0.654296875,-0.021484375,0.041015625,0.08203125,-0.287109375,-0.01953125,0,0
1779556628.559786,-0.66015625,-0.021484375,0.0234375,0.08203125,-0.287109375,-0.01953125,0,0
1779556628.567751,-0.66015625,-0.021484375,0.0234375,0.07421875,-0.28515625,-0.01953125,0,0
1779556628.575797,-0.662109375,-0.021484375,0.0234375,0.07421875,-0.28515625,-0.01953125,0,0
1779556628.583762,-0.662109375,-0.021484375,0.0234375,0.07421875,-0.28125,-0.01953125,0,0
1779556628.591763,-0.6640625,-0.021484375,0.025390625,0.07421875,-0.28125,-0.01953125,0,0
1779556628.599785,-0.6640625,-0.021484375,0.025390625,0.078125,-0.279296875,-0.01953125,0,0
1779556628.607779,-0.666015625,-0.021484375,0.025390625,0.078125,-0.279296875,-0.01953125,0,0
1779556628.615759,-0.666015625,-0.021484375,0.025390625,0.080078125,-0.279296875,-0.01953125,0,0
1779556628.623724,-0.666015625,-0.021484375,0.025390625,0.080078125,-0.279296875,-0.01953125,0,0
1779556628.631826,-0.666015625,-0.021484375,0.025390625,0.080078125,-0.279296875,-0.01953125,0,0
1779556628.639760,-0.66796875,-0.021484375,0.029296875,0.080078125,-0.279296875,-0.01953125,0,0
1779556628.647751,-0.66796875,-0.021484375,0.029296875,0.080078125,-0.279296875,-0.01953125,0,0
1779556628.655771,-0.669921875,-0.021484375,0.029296875,0.080078125,-0.279296875,-0.01953125,0,0
1779556628.663802,-0.669921875,-0.021484375,0.029296875,0.083984375,-0.279296875,-0.01953125,0,0
1779556628.671817,-0.671875,-0.021484375,0.03125,0.083984375,-0.279296875,-0.01953125,0,0
1779556628.679785,-0.671875,-0.021484375,0.03125,0.0859375,-0.27734375,-0.01953125,0,0
1779556628.687771,-0.671875,-0.021484375,0.033203125,0.0859375,-0.27734375,-0.01953125,0,0
1779556628.695776,-0.671875,-0.021484375,0.033203125,0.0859375,-0.275390625,-0.01953125,0,0
1779556628.703750,-0.669921875,-0.021484375,0.03125,0.0859375,-0.275390625,-0.01953125,0,0
1779556628.711732,-0.669921875,-0.021484375,0.03125,0.08203125,-0.275390625,-0.01953125,0,0
1779556628.719725,-0.669921875,-0.021484375,0.025390625,0.08203125,-0.275390625,-0.01953125,0,0
1779556628.727754,-0.669921875,-0.021484375,0.025390625,0.080078125,-0.279296875,-0.01953125,0,0
1779556628.735744,-0.669921875,-0.021484375,0.0234375,0.080078125,-0.279296875,-0.01953125,0,0
1779556628.743728,-0.669921875,-0.021484375,0.0234375,0.080078125,-0.279296875,-0.01953125,0,0
1779556628.751788,-0.669921875,-0.021484375,0.0234375,0.080078125,-0.279296875,-0.01953125,0,0
1779556628.759794,-0.669921875,-0.021484375,0.0234375,0.078125,-0.279296875,-0.01953125,0,0
1779556628.767747,-0.671875,-0.021484375,0.025390625,0.078125,-0.279296875,-0.01953125,0,0
1779556628.775759,-0.671875,-0.021484375,0.025390625,0.08203125,-0.279296875,-0.01953125,0,0
1779556628.783786,-0.673828125,-0.021484375,0.02734375,0.08203125,-0.279296875,-0.01953125,0,0
1779556628.791730,-0.673828125,-0.021484375,0.02734375,0.083984375,-0.275390625,-0.01953125,0,0
1779556628.799739,-0.671875,-0.021484375,0.029296875,0.083984375,-0.275390625,-0.01953125,0,0
1779556628.807751,-0.671875,-0.021484375,0.029296875,0.087890625,-0.271484375,-0.01953125,0,0
1779556628.815761,-0.669921875,-0.021484375,0.021484375,0.087890625,-0.271484375,-0.01953125,0,0
1779556628.823760,-0.669921875,-0.021484375,0.021484375,0.08984375,-0.271484375,-0.01953125,0,0
1779556628.831730,-0.669921875,-0.021484375,0.013671875,0.08984375,-0.271484375,-0.01953125,0,0
1779556628.839757,-0.669921875,-0.021484375,0.013671875,0.09765625,-0.2734375,-0.01953125,0,0
1779556628.847789,-0.669921875,-0.021484375,0.013671875,0.09765625,-0.2734375,-0.01953125,0,0
1779556628.855803,-0.669921875,-0.021484375,0.013671875,0.09765625,-0.271484375,-0.01953125,0,0
1779556628.863779,-0.669921875,-0.021484375,0.013671875,0.09765625,-0.271484375,-0.01953125,0,0
1779556628.871733,-0.669921875,-0.021484375,0.013671875,0.099609375,-0.271484375,-0.01953125,0,0
1779556628.879735,-0.669921875,-0.021484375,0.013671875,0.099609375,-0.271484375,-0.01953125,0,0
1779556628.887781,-0.669921875,-0.021484375,0.013671875,0.099609375,-0.271484375,-0.01953125,0,0
1779556628.895791,-0.669921875,-0.021484375,0.01171875,0.099609375,-0.271484375,-0.01953125,0,0
1779556628.903726,-0.669921875,-0.021484375,0.01171875,0.095703125,-0.275390625,-0.01953125,0,0
1779556628.911752,-0.669921875,-0.021484375,0.00390625,0.095703125,-0.275390625,-0.01953125,0,0
1779556628.919776,-0.669921875,-0.021484375,0.00390625,0.091796875,-0.275390625,-0.01953125,0,0
1779556628.927733,-0.669921875,-0.021484375,0.0,0.091796875,-0.275390625,-0.01953125,0,0
1779556628.935725,-0.669921875,-0.021484375,0.0,0.087890625,-0.275390625,-0.01953125,0,0
1779556628.943722,-0.671875,-0.021484375,0.0,0.087890625,-0.275390625,-0.01953125,0,0
1779556628.951734,-0.671875,-0.021484375,0.0,0.087890625,-0.275390625,-0.01953125,0,0
1779556628.959736,-0.671875,-0.021484375,0.0,0.087890625,-0.275390625,-0.01953125,0,0
1779556628.967775,-0.671875,-0.021484375,0.0,0.087890625,-0.275390625,-0.01953125,0,0
1779556628.975773,-0.671875,-0.021484375,0.0,0.087890625,-0.275390625,-0.01953125,0,0
1779556628.983737,-0.671875,-0.021484375,0.0,0.087890625,-0.2734375,-0.01953125,0,0
1779556628.991736,-0.671875,-0.021484375,0.0,0.087890625,-0.2734375,-0.01953125,0,0
1779556628.999710,-0.671875,-0.021484375,0.0,0.087890625,-0.275390625,-0.01953125,0,0
1779556629.007728,-0.67578125,-0.021484375,0.0,0.087890625,-0.275390625,-0.01953125,0,0
1779556629.015711,-0.67578125,-0.021484375,0.0,0.0859375,-0.2734375,-0.01953125,0,0
1779556629.023750,-0.67578125,-0.021484375,0.0,0.0859375,-0.2734375,-0.01953125,0,0
1779556629.031735,-0.67578125,-0.021484375,0.0,0.0859375,-0.26953125,-0.01953125,0,0
1779556629.039761,-0.67578125,-0.021484375,0.0,0.0859375,-0.26953125,-0.01953125,0,0
1779556629.047744,-0.67578125,-0.021484375,0.0,0.087890625,-0.267578125,-0.01953125,0,0
1779556629.055772,-0.67578125,-0.021484375,0.0,0.087890625,-0.267578125,-0.01953125,0,0
1779556629.063755,-0.67578125,-0.021484375,0.0,0.09375,-0.267578125,-0.01953125,0,0
1779556629.071735,-0.67578125,-0.021484375,0.0,0.09375,-0.267578125,-0.01953125,0,0
1779556629.079740,-0.67578125,-0.021484375,0.0,0.09765625,-0.267578125,-0.01953125,0,0
1779556629.087752,-0.673828125,-0.021484375,0.0,0.09765625,-0.267578125,-0.01953125,0,0
1779556629.095766,-0.673828125,-0.021484375,0.0,0.099609375,-0.263671875,-0.01953125,0,0
1779556629.103730,-0.673828125,-0.021484375,0.0,0.099609375,-0.263671875,-0.01953125,0,0
1779556629.111703,-0.673828125,-0.021484375,0.0,0.09765625,-0.265625,-0.01953125,0,0
1779556629.119777,-0.673828125,-0.021484375,0.0,0.09765625,-0.265625,-0.01953125,0,0
1779556629.127702,-0.673828125,-0.021484375,0.0,0.095703125,-0.26953125,-0.01953125,0,0
1779556629.135720,-0.67578125,-0.021484375,0.0,0.095703125,-0.26953125,-0.01953125,0,0
1779556629.143745,-0.67578125,-0.021484375,0.0,0.08984375,-0.26953125,-0.01953125,0,0
1779556629.151715,-0.67578125,-0.021484375,0.0,0.08984375,-0.26953125,-0.01953125,0,0
1779556629.159791,-0.67578125,-0.021484375,0.0,0.091796875,-0.26953125,-0.01953125,0,0
1779556629.167704,-0.677734375,-0.021484375,0.0,0.091796875,-0.26953125,-0.01953125,0,0
1779556629.175787,-0.677734375,-0.021484375,0.0,0.099609375,-0.265625,-0.01953125,0,0
1779556629.183728,-0.677734375,-0.021484375,0.0,0.099609375,-0.265625,-0.01953125,0,0
1779556629.191745,-0.677734375,-0.021484375,0.0,0.107421875,-0.26171875,-0.01953125,0,0
1779556629.199772,-0.677734375,-0.021484375,0.0,0.107421875,-0.26171875,-0.01953125,0,0
1779556629.207759,-0.677734375,-0.021484375,0.0,0.1171875,-0.26171875,-0.01953125,0,0
1779556629.215782,-0.677734375,-0.021484375,0.0,0.1171875,-0.26171875,-0.01953125,0,0
1779556629.223702,-0.677734375,-0.021484375,0.0,0.123046875,-0.263671875,-0.01953125,0,0
1779556629.231791,-0.671875,-0.021484375,0.0,0.123046875,-0.263671875,-0.01953125,0,0
1779556629.239747,-0.671875,-0.021484375,0.0,0.12890625,-0.265625,-0.01953125,0,0
1779556629.247758,-0.669921875,-0.021484375,0.0,0.12890625,-0.265625,-0.01953125,0,0
1779556629.255793,-0.669921875,-0.021484375,0.0,0.134765625,-0.267578125,-0.01953125,0,0
1779556629.263769,-0.666015625,-0.021484375,0.0,0.134765625,-0.267578125,-0.01953125,0,0
1779556629.271768,-0.666015625,-0.021484375,0.0,0.140625,-0.267578125,-0.01953125,0,0
1779556629.279765,-0.6640625,-0.021484375,0.0,0.140625,-0.267578125,-0.01953125,0,0
1779556629.287717,-0.6640625,-0.021484375,0.0,0.15234375,-0.26953125,-0.01953125,0,0
1779556629.295748,-0.66015625,-0.021484375,0.0,0.15234375,-0.26953125,-0.01953125,0,0
1779556629.303733,-0.66015625,-0.021484375,0.0,0.17578125,-0.26953125,-0.01953125,0,0
1779556629.311743,-0.654296875,-0.021484375,0.0,0.17578125,-0.26953125,-0.01953125,0,0
1779556629.319781,-0.654296875,-0.021484375,0.0,0.205078125,-0.26953125,-0.01953125,0,0
1779556629.327741,-0.64453125,-0.021484375,0.0,0.205078125,-0.26953125,-0.01953125,0,0
1779556629.335785,-0.64453125,-0.021484375,0.0,0.228515625,-0.267578125,-0.01953125,0,0
1779556629.343751,-0.63671875,-0.021484375,-0.013671875,0.228515625,-0.267578125,-0.01953125,0,0
1779556629.351768,-0.63671875,-0.021484375,-0.013671875,0.2578125,-0.267578125,-0.01953125,0,0
1779556629.359731,-0.62890625,-0.021484375,-0.025390625,0.2578125,-0.267578125,-0.01953125,0,0
1779556629.367705,-0.62890625,-0.021484375,-0.025390625,0.296875,-0.26171875,-0.01953125,0,0
1779556629.375724,-0.6171875,-0.021484375,-0.037109375,0.296875,-0.26171875,-0.01953125,0,0
1779556629.383714,-0.6171875,-0.021484375,-0.037109375,0.3359375,-0.259765625,0.009765625,0,0
1779556629.391716,-0.58984375,-0.021484375,-0.07421875,0.3359375,-0.259765625,0.009765625,0,0
1779556629.399732,-0.58984375,-0.021484375,-0.07421875,0.380859375,-0.271484375,0.013671875,0,0
1779556629.407720,-0.5546875,-0.021484375,-0.11328125,0.380859375,-0.271484375,0.013671875,0,0
1779556629.415710,-0.5546875,-0.021484375,-0.11328125,0.4296875,-0.287109375,0.021484375,0,0
1779556629.423702,-0.51953125,0.02734375,-0.126953125,0.4296875,-0.287109375,0.021484375,0,0
1779556629.431840,-0.51953125,0.02734375,-0.126953125,0.47265625,-0.298828125,0.033203125,0,0
1779556629.439772,-0.482421875,0.0625,-0.125,0.47265625,-0.298828125,0.033203125,0,0
1779556629.447732,-0.482421875,0.0625,-0.125,0.513671875,-0.30078125,0.04296875,0,0
1779556629.455760,-0.4453125,0.08203125,-0.12109375,0.513671875,-0.30078125,0.04296875,0,0
1779556629.463761,-0.4453125,0.08203125,-0.12109375,0.55859375,-0.30078125,0.048828125,0,0
1779556629.471761,-0.412109375,0.08984375,-0.083984375,0.55859375,-0.30078125,0.048828125,0,0
1779556629.479774,-0.412109375,0.08984375,-0.083984375,0.59375,-0.2890625,0.052734375,0,0
1779556629.487740,-0.384765625,0.095703125,-0.056640625,0.59375,-0.2890625,0.052734375,0,0
1779556629.495721,-0.384765625,0.095703125,-0.056640625,0.623046875,-0.279296875,0.052734375,0,0
1779556629.503755,-0.359375,0.1015625,-0.021484375,0.623046875,-0.279296875,0.052734375,0,0
1779556629.511741,-0.359375,0.1015625,-0.021484375,0.65625,-0.271484375,0.048828125,0,0
1779556629.519744,-0.3515625,0.10546875,-0.0078125,0.65625,-0.271484375,0.048828125,0,0
1779556629.527744,-0.3515625,0.10546875,-0.0078125,0.671875,-0.26953125,0.046875,0,0
1779556629.535715,-0.34375,0.109375,-0.0078125,0.671875,-0.26953125,0.046875,0,0
1779556629.543708,-0.34375,0.109375,-0.0078125,0.681640625,-0.267578125,0.04296875,0,0
1779556629.551715,-0.337890625,0.115234375,-0.0078125,0.681640625,-0.267578125,0.04296875,0,0
1779556629.559718,-0.337890625,0.115234375,-0.0078125,0.68359375,-0.263671875,0.04296875,0,0
1779556629.567734,-0.326171875,0.1171875,-0.0078125,0.68359375,-0.263671875,0.04296875,0,0
1779556629.575740,-0.326171875,0.1171875,-0.0078125,0.68359375,-0.2578125,0.04296875,0,0
1779556629.583694,-0.314453125,0.1171875,-0.0078125,0.68359375,-0.2578125,0.04296875,0,0
1779556629.591720,-0.314453125,0.1171875,-0.0078125,0.68359375,-0.248046875,0.046875,0,0
1779556629.599758,-0.30859375,0.115234375,-0.0078125,0.68359375,-0.248046875,0.046875,0,0
1779556629.607723,-0.30859375,0.115234375,-0.0078125,0.68359375,-0.23828125,0.05078125,0,0
1779556629.615739,-0.3046875,0.11328125,-0.0078125,0.68359375,-0.23828125,0.05078125,0,0
1779556629.623786,-0.3046875,0.11328125,-0.0078125,0.68359375,-0.234375,0.0546875,0,0
1779556629.631752,-0.294921875,0.109375,-0.0078125,0.68359375,-0.234375,0.0546875,0,0
1779556629.639772,-0.294921875,0.109375,-0.0078125,0.68359375,-0.224609375,0.060546875,0,0
1779556629.647757,-0.287109375,0.107421875,-0.0078125,0.68359375,-0.224609375,0.060546875,0,0
1779556629.655762,-0.287109375,0.107421875,-0.0078125,0.68359375,-0.21484375,0.06640625,0,0
1779556629.663746,-0.27734375,0.103515625,-0.0078125,0.68359375,-0.21484375,0.06640625,0,0
1779556629.671731,-0.27734375,0.103515625,-0.0078125,0.68359375,-0.20703125,0.07421875,0,0
1779556629.679716,-0.267578125,0.099609375,-0.0078125,0.68359375,-0.20703125,0.07421875,0,0
1779556629.687718,-0.267578125,0.099609375,-0.0078125,0.68359375,-0.203125,0.078125,0,0
1779556629.695691,-0.263671875,0.095703125,-0.0078125,0.68359375,-0.203125,0.078125,0,0
1779556629.703697,-0.263671875,0.095703125,-0.0078125,0.68359375,-0.19921875,0.08203125,0,0
1779556629.711694,-0.25390625,0.095703125,-0.0078125,0.68359375,-0.19921875,0.08203125,0,0
1779556629.719714,-0.25390625,0.095703125,-0.0078125,0.68359375,-0.193359375,0.0859375,0,0
1779556629.727734,-0.24609375,0.08984375,-0.0078125,0.68359375,-0.193359375,0.0859375,0,0
1779556629.735717,-0.24609375,0.08984375,-0.0078125,0.68359375,-0.185546875,0.091796875,0,0
1779556629.743780,-0.23828125,0.0859375,-0.0078125,0.68359375,-0.185546875,0.091796875,0,0
1779556629.751776,-0.23828125,0.0859375,-0.0078125,0.68359375,-0.1796875,0.09765625,0,0
1779556629.759741,-0.228515625,0.080078125,-0.0078125,0.68359375,-0.1796875,0.09765625,0,0
1779556629.767775,-0.228515625,0.080078125,-0.0078125,0.68359375,-0.169921875,0.1015625,0,0
1779556629.775787,-0.21875,0.072265625,-0.0078125,0.68359375,-0.169921875,0.1015625,0,0
1779556629.783745,-0.21875,0.072265625,-0.0078125,0.68359375,-0.166015625,0.109375,0,0
1779556629.791779,-0.203125,0.0625,-0.0078125,0.68359375,-0.166015625,0.109375,0,0
1779556629.799769,-0.203125,0.0625,-0.0078125,0.68359375,-0.158203125,0.1171875,0,0
1779556629.807721,-0.185546875,0.05078125,-0.0078125,0.68359375,-0.158203125,0.1171875,0,0
1779556629.815724,-0.185546875,0.05078125,-0.0078125,0.68359375,-0.1484375,0.125,0,0
1779556629.823748,-0.169921875,0.041015625,-0.0078125,0.68359375,-0.1484375,0.125,0,0
1779556629.831729,-0.169921875,0.041015625,-0.0078125,0.68359375,-0.142578125,0.1328125,0,0
1779556629.839764,-0.158203125,0.03125,-0.0078125,0.68359375,-0.142578125,0.1328125,0,0
1779556629.847732,-0.158203125,0.03125,-0.0078125,0.68359375,-0.13671875,0.138671875,0,0
1779556629.855743,-0.154296875,0.021484375,-0.0078125,0.68359375,-0.13671875,0.138671875,0,0
1779556629.863775,-0.154296875,0.021484375,-0.0078125,0.68359375,-0.134765625,0.142578125,0,0
1779556629.871759,-0.1484375,0.017578125,-0.0078125,0.68359375,-0.134765625,0.142578125,0,0
1779556629.879705,-0.1484375,0.017578125,-0.0078125,0.68359375,-0.125,0.1484375,0,0
1779556629.887747,-0.146484375,0.013671875,-0.0078125,0.68359375,-0.125,0.1484375,0,0
1779556629.895742,-0.146484375,0.013671875,-0.0078125,0.68359375,-0.123046875,0.154296875,0,0
1779556629.903741,-0.146484375,0.0078125,-0.0078125,0.68359375,-0.123046875,0.154296875,0,0
1779556629.911719,-0.146484375,0.0078125,-0.0078125,0.68359375,-0.119140625,0.162109375,0,0
1779556629.919726,-0.14453125,0.005859375,-0.013671875,0.68359375,-0.119140625,0.162109375,0,0
1779556629.927757,-0.14453125,0.005859375,-0.013671875,0.68359375,-0.115234375,0.171875,0,0
1779556629.935746,-0.14453125,0.0078125,-0.017578125,0.68359375,-0.115234375,0.171875,0,0
1779556629.943785,-0.14453125,0.0078125,-0.017578125,0.68359375,-0.109375,0.177734375,0,0
1779556629.951699,-0.142578125,0.0078125,-0.0234375,0.68359375,-0.109375,0.177734375,0,0
1779556629.959751,-0.142578125,0.0078125,-0.0234375,0.68359375,-0.103515625,0.18359375,0,0
1779556629.967745,-0.142578125,0.0,-0.0390625,0.68359375,-0.103515625,0.18359375,0,0
1779556629.975717,-0.142578125,0.0,-0.0390625,0.68359375,-0.099609375,0.19140625,0,0
1779556629.983792,-0.146484375,0.0,-0.052734375,0.68359375,-0.099609375,0.19140625,0,0
1779556629.991792,-0.146484375,0.0,-0.052734375,0.68359375,-0.095703125,0.19921875,0,0
1779556629.999743,-0.1484375,0.0,-0.0625,0.68359375,-0.095703125,0.19921875,0,0
1779556630.007782,-0.1484375,0.0,-0.0625,0.68359375,-0.09375,0.208984375,0,0
1779556630.015834,-0.146484375,0.0,-0.06640625,0.68359375,-0.09375,0.208984375,0,0
1779556630.023794,-0.146484375,0.0,-0.06640625,0.68359375,-0.091796875,0.216796875,0,0
1779556630.031789,-0.14453125,0.0,-0.06640625,0.68359375,-0.091796875,0.216796875,0,0
1779556630.039778,-0.14453125,0.0,-0.06640625,0.68359375,-0.087890625,0.22265625,0,0
1779556630.047731,-0.140625,0.0,-0.06640625,0.68359375,-0.087890625,0.22265625,0,0
1779556630.055730,-0.140625,0.0,-0.06640625,0.68359375,-0.083984375,0.2265625,0,0
1779556630.063805,-0.140625,0.0,-0.0703125,0.68359375,-0.083984375,0.2265625,0,0
1779556630.071784,-0.140625,0.0,-0.0703125,0.68359375,-0.083984375,0.232421875,0,0
1779556630.079764,-0.13671875,0.0,-0.08203125,0.68359375,-0.083984375,0.232421875,0,0
1779556630.087751,-0.13671875,0.0,-0.08203125,0.68359375,-0.083984375,0.236328125,0,0
1779556630.095785,-0.130859375,0.0,-0.09375,0.68359375,-0.083984375,0.236328125,0,0
1779556630.103756,-0.130859375,0.0,-0.09375,0.68359375,-0.087890625,0.240234375,0,0
1779556630.111774,-0.125,0.0,-0.1015625,0.68359375,-0.087890625,0.240234375,0,0
1779556630.119771,-0.125,0.0,-0.1015625,0.68359375,-0.08984375,0.2421875,0,0
1779556630.127758,-0.12109375,0.0,-0.1015625,0.68359375,-0.08984375,0.2421875,0,0
1779556630.135787,-0.12109375,0.0,-0.1015625,0.68359375,-0.091796875,0.2421875,0,0
1779556630.143748,-0.12109375,0.0,-0.1015625,0.68359375,-0.091796875,0.2421875,0,0
1779556630.151772,-0.12109375,0.0,-0.1015625,0.68359375,-0.091796875,0.2421875,0,0
1779556630.159785,-0.119140625,0.0,-0.111328125,0.68359375,-0.091796875,0.2421875,0,0
1779556630.167765,-0.119140625,0.0,-0.111328125,0.68359375,-0.091796875,0.24609375,0,0
1779556630.175764,-0.115234375,0.0,-0.125,0.68359375,-0.091796875,0.24609375,0,0
1779556630.183763,-0.115234375,0.0,-0.125,0.677734375,-0.09375,0.255859375,0,0
1779556630.191750,-0.111328125,0.0,-0.140625,0.677734375,-0.09375,0.255859375,0,0
1779556630.199731,-0.111328125,0.0,-0.140625,0.6640625,-0.091796875,0.267578125,0,0
1779556630.207724,-0.109375,0.0,-0.142578125,0.6640625,-0.091796875,0.267578125,0,0
1779556630.215749,-0.109375,0.0,-0.142578125,0.662109375,-0.095703125,0.271484375,0,0
1779556630.223729,-0.1015625,0.0,-0.142578125,0.662109375,-0.095703125,0.271484375,0,0
1779556630.231766,-0.1015625,0.0,-0.142578125,0.662109375,-0.09375,0.275390625,0,0
1779556630.239732,-0.099609375,0.0,-0.1484375,0.662109375,-0.09375,0.275390625,0,0
1779556630.247748,-0.099609375,0.0,-0.1484375,0.662109375,-0.09375,0.28125,0,0
1779556630.255744,-0.095703125,0.0,-0.166015625,0.662109375,-0.09375,0.28125,0,0
1779556630.263721,-0.095703125,0.0,-0.166015625,0.6484375,-0.09375,0.291015625,0,0
1779556630.271717,-0.091796875,0.0,-0.18359375,0.6484375,-0.09375,0.291015625,0,0
1779556630.279744,-0.091796875,0.0,-0.18359375,0.634765625,-0.087890625,0.302734375,0,0
1779556630.287693,-0.08984375,0.0,-0.193359375,0.634765625,-0.087890625,0.302734375,0,0
1779556630.295732,-0.08984375,0.0,-0.193359375,0.626953125,-0.08203125,0.310546875,0,0
1779556630.303699,-0.087890625,0.0,-0.19921875,0.626953125,-0.08203125,0.310546875,0,0
1779556630.311732,-0.087890625,0.0,-0.19921875,0.619140625,-0.072265625,0.318359375,0,0
1779556630.319710,-0.0859375,0.0,-0.20703125,0.619140625,-0.072265625,0.318359375,0,0
1779556630.327715,-0.0859375,0.0,-0.20703125,0.61328125,-0.064453125,0.328125,0,0
1779556630.335710,-0.087890625,0.0,-0.224609375,0.61328125,-0.064453125,0.328125,0,0
1779556630.343751,-0.087890625,0.0,-0.224609375,0.599609375,-0.060546875,0.33984375,0,0
1779556630.351746,-0.0859375,0.0,-0.24609375,0.599609375,-0.060546875,0.33984375,0,0
1779556630.359748,-0.0859375,0.0,-0.24609375,0.580078125,-0.0546875,0.35546875,0,0
1779556630.367742,-0.0703125,-0.013671875,-0.263671875,0.580078125,-0.0546875,0.35546875,0,0
1779556630.375756,-0.0703125,-0.013671875,-0.263671875,0.55859375,-0.0390625,0.369140625,0,0
1779556630.383788,-0.056640625,-0.037109375,-0.28125,0.55859375,-0.0390625,0.369140625,0,0
1779556630.391765,-0.056640625,-0.037109375,-0.28125,0.533203125,-0.02734375,0.380859375,0,0
1779556630.399766,-0.044921875,-0.046875,-0.294921875,0.533203125,-0.02734375,0.380859375,0,0
1779556630.407767,-0.044921875,-0.046875,-0.294921875,0.5078125,-0.013671875,0.38671875,0,0
1779556630.415757,-0.02734375,-0.046875,-0.33203125,0.5078125,-0.013671875,0.38671875,0,0
1779556630.423836,-0.02734375,-0.046875,-0.33203125,0.453125,-0.013671875,0.38671875,0,0
1779556630.431772,-0.017578125,-0.03515625,-0.34765625,0.453125,-0.013671875,0.38671875,0,0
1779556630.439750,-0.017578125,-0.03515625,-0.34765625,0.41015625,-0.013671875,0.380859375,0,0
1779556630.447691,-0.015625,-0.029296875,-0.353515625,0.41015625,-0.013671875,0.380859375,0,0
1779556630.455739,-0.015625,-0.029296875,-0.353515625,0.35546875,-0.013671875,0.369140625,0,0
1779556630.463778,-0.017578125,-0.017578125,-0.369140625,0.35546875,-0.013671875,0.369140625,0,0
1779556630.471740,-0.017578125,-0.017578125,-0.369140625,0.30078125,-0.013671875,0.359375,0,0
1779556630.479785,-0.025390625,-0.013671875,-0.39453125,0.30078125,-0.013671875,0.359375,0,0
1779556630.487700,-0.025390625,-0.013671875,-0.39453125,0.2578125,-0.013671875,0.35546875,0,0
1779556630.495735,-0.025390625,-0.01171875,-0.421875,0.2578125,-0.013671875,0.35546875,0,0
1779556630.503749,-0.025390625,-0.01171875,-0.421875,0.240234375,-0.013671875,0.35546875,0,0
1779556630.511816,-0.015625,-0.01171875,-0.4375,0.240234375,-0.013671875,0.35546875,0,0
1779556630.519800,-0.015625,-0.01171875,-0.4375,0.22265625,-0.013671875,0.35546875,0,0
1779556630.527815,-0.0078125,-0.005859375,-0.462890625,0.22265625,-0.013671875,0.35546875,0,0
1779556630.535804,-0.0078125,-0.005859375,-0.462890625,0.19921875,-0.013671875,0.357421875,0,0
1779556630.543746,-0.0078125,-0.005859375,-0.486328125,0.19921875,-0.013671875,0.357421875,0,0
1779556630.551769,-0.0078125,-0.005859375,-0.486328125,0.1796875,-0.013671875,0.359375,0,0
1779556630.559781,-0.01171875,-0.005859375,-0.50390625,0.1796875,-0.013671875,0.359375,0,0
1779556630.567771,-0.01171875,-0.005859375,-0.50390625,0.16015625,-0.013671875,0.357421875,0,0
1779556630.575775,-0.01171875,-0.005859375,-0.51171875,0.16015625,-0.013671875,0.357421875,0,0
1779556630.583776,-0.01171875,-0.005859375,-0.51171875,0.150390625,-0.013671875,0.3515625,0,0
1779556630.591795,-0.013671875,-0.005859375,-0.525390625,0.150390625,-0.013671875,0.3515625,0,0
1779556630.599793,-0.013671875,-0.005859375,-0.525390625,0.13671875,-0.013671875,0.349609375,0,0
1779556630.607795,-0.015625,-0.005859375,-0.544921875,0.13671875,-0.013671875,0.349609375,0,0
1779556630.615780,-0.015625,-0.005859375,-0.544921875,0.12109375,-0.013671875,0.34765625,0,0
1779556630.623796,-0.015625,-0.005859375,-0.560546875,0.12109375,-0.013671875,0.34765625,0,0
1779556630.631774,-0.015625,-0.005859375,-0.560546875,0.111328125,-0.013671875,0.34765625,0,0
1779556630.639768,-0.015625,-0.005859375,-0.560546875,0.111328125,-0.013671875,0.34765625,0,0
1779556630.647738,-0.015625,-0.005859375,-0.560546875,0.103515625,-0.013671875,0.3515625,0,0
1779556630.655764,-0.015625,-0.005859375,-0.560546875,0.103515625,-0.013671875,0.3515625,0,0
1779556630.663788,-0.015625,-0.005859375,-0.560546875,0.0859375,-0.013671875,0.353515625,0,0
1779556630.671763,-0.015625,-0.005859375,-0.568359375,0.0859375,-0.013671875,0.353515625,0,0
1779556630.679744,-0.015625,-0.005859375,-0.568359375,0.07421875,-0.013671875,0.35546875,0,0
1779556630.687752,-0.015625,-0.005859375,-0.583984375,0.07421875,-0.013671875,0.35546875,0,0
1779556630.695734,-0.015625,-0.005859375,-0.583984375,0.07421875,-0.013671875,0.35546875,0,0
1779556630.703768,-0.015625,-0.005859375,-0.59375,0.07421875,-0.013671875,0.35546875,0,0
1779556630.711789,-0.015625,-0.005859375,-0.59375,0.08203125,-0.013671875,0.35546875,0,0
1779556630.719760,-0.015625,-0.005859375,-0.591796875,0.08203125,-0.013671875,0.35546875,0,0
1779556630.727799,-0.015625,-0.005859375,-0.591796875,0.083984375,-0.013671875,0.3515625,0,0
1779556630.735820,-0.015625,-0.005859375,-0.591796875,0.083984375,-0.013671875,0.3515625,0,0
1779556630.743815,-0.015625,-0.005859375,-0.591796875,0.083984375,-0.013671875,0.34765625,0,0
1779556630.751758,-0.015625,-0.005859375,-0.59375,0.083984375,-0.013671875,0.34765625,0,0
1779556630.759743,-0.015625,-0.005859375,-0.59375,0.078125,-0.013671875,0.341796875,0,0
1779556630.767706,-0.015625,-0.005859375,-0.60546875,0.078125,-0.013671875,0.341796875,0,0
1779556630.775738,-0.015625,-0.005859375,-0.60546875,0.08203125,-0.013671875,0.337890625,0,0
1779556630.783750,-0.015625,-0.005859375,-0.615234375,0.08203125,-0.013671875,0.337890625,0,0
1779556630.791691,-0.015625,-0.005859375,-0.615234375,0.087890625,-0.013671875,0.33203125,0,0
1779556630.799785,-0.015625,-0.005859375,-0.619140625,0.087890625,-0.013671875,0.33203125,0,0
1779556630.807744,-0.015625,-0.005859375,-0.619140625,0.087890625,-0.013671875,0.326171875,0,0
1779556630.815751,-0.015625,-0.005859375,-0.61328125,0.087890625,-0.013671875,0.326171875,0,0
1779556630.823744,-0.015625,-0.005859375,-0.61328125,0.0859375,-0.013671875,0.3203125,0,0
1779556630.831743,-0.015625,-0.005859375,-0.61328125,0.0859375,-0.013671875,0.3203125,0,0
1779556630.839789,-0.015625,-0.005859375,-0.61328125,0.0859375,-0.013671875,0.314453125,0,0
1779556630.847788,-0.015625,-0.005859375,-0.62109375,0.0859375,-0.013671875,0.314453125,0,0
1779556630.855784,-0.015625,-0.005859375,-0.62109375,0.095703125,-0.013671875,0.314453125,0,0
1779556630.863755,-0.015625,-0.005859375,-0.626953125,0.095703125,-0.013671875,0.314453125,0,0
1779556630.871756,-0.015625,-0.005859375,-0.626953125,0.10546875,-0.013671875,0.318359375,0,0
1779556630.879749,-0.015625,-0.005859375,-0.623046875,0.10546875,-0.013671875,0.318359375,0,0
1779556630.887732,-0.015625,-0.005859375,-0.623046875,0.109375,-0.013671875,0.3203125,0,0
1779556630.895727,-0.015625,-0.005859375,-0.619140625,0.109375,-0.013671875,0.3203125,0,0
1779556630.903727,-0.015625,-0.005859375,-0.619140625,0.10546875,-0.013671875,0.32421875,0,0
1779556630.911725,-0.015625,-0.005859375,-0.619140625,0.10546875,-0.013671875,0.32421875,0,0
1779556630.919738,-0.015625,-0.005859375,-0.619140625,0.10546875,-0.013671875,0.32421875,0,0
1779556630.927747,-0.015625,-0.005859375,-0.623046875,0.10546875,-0.013671875,0.32421875,0,0
1779556630.935774,-0.015625,-0.005859375,-0.623046875,0.109375,-0.013671875,0.328125,0,0
1779556630.943778,-0.015625,-0.005859375,-0.630859375,0.109375,-0.013671875,0.328125,0,0
1779556630.951778,-0.015625,-0.005859375,-0.630859375,0.10546875,-0.013671875,0.330078125,0,0
1779556630.959777,-0.015625,-0.005859375,-0.642578125,0.10546875,-0.013671875,0.330078125,0,0
1779556630.967742,-0.015625,-0.005859375,-0.642578125,0.107421875,-0.013671875,0.33203125,0,0
1779556630.975711,0.0,-0.005859375,-0.650390625,0.107421875,-0.013671875,0.33203125,0,0
1779556630.983791,0.0,-0.005859375,-0.650390625,0.11328125,-0.013671875,0.33203125,0,0
1779556630.991758,0.0,-0.005859375,-0.650390625,0.11328125,-0.013671875,0.33203125,0,0
1779556630.999736,0.0,-0.005859375,-0.650390625,0.109375,-0.013671875,0.33203125,0,0
1779556631.007724,0.0,-0.005859375,-0.65234375,0.109375,-0.013671875,0.33203125,0,0
1779556631.015725,0.0,-0.005859375,-0.65234375,0.099609375,-0.013671875,0.33203125,0,0
1779556631.023677,-0.009765625,-0.005859375,-0.6640625,0.099609375,-0.013671875,0.33203125,0,0
1779556631.031760,-0.009765625,-0.005859375,-0.6640625,0.09765625,-0.013671875,0.330078125,0,0
1779556631.039764,-0.01953125,-0.005859375,-0.677734375,0.09765625,-0.013671875,0.330078125,0,0
1779556631.047801,-0.01953125,-0.005859375,-0.677734375,0.09765625,-0.013671875,0.330078125,0,0
1779556631.055793,-0.0234375,-0.005859375,-0.681640625,0.09765625,-0.013671875,0.330078125,0,0
1779556631.063726,-0.0234375,-0.005859375,-0.681640625,0.095703125,-0.013671875,0.328125,0,0
1779556631.071779,-0.017578125,-0.005859375,-0.68359375,0.095703125,-0.013671875,0.328125,0,0
1779556631.079804,-0.017578125,-0.005859375,-0.68359375,0.095703125,-0.013671875,0.328125,0,0
1779556631.087805,-0.013671875,-0.005859375,-0.68359375,0.095703125,-0.013671875,0.328125,0,0
1779556631.095771,-0.013671875,-0.005859375,-0.68359375,0.095703125,-0.013671875,0.328125,0,0
1779556631.103714,-0.017578125,-0.005859375,-0.68359375,0.095703125,-0.013671875,0.328125,0,0
1779556631.111787,-0.017578125,-0.005859375,-0.68359375,0.103515625,-0.013671875,0.330078125,0,0
1779556631.119769,-0.025390625,-0.005859375,-0.68359375,0.103515625,-0.013671875,0.330078125,0,0
1779556631.127802,-0.025390625,-0.005859375,-0.68359375,0.109375,-0.013671875,0.330078125,0,0
1779556631.135703,-0.041015625,-0.005859375,-0.68359375,0.109375,-0.013671875,0.330078125,0,0
1779556631.143790,-0.041015625,-0.005859375,-0.68359375,0.1171875,-0.013671875,0.330078125,0,0
1779556631.151767,-0.0625,-0.005859375,-0.68359375,0.1171875,-0.013671875,0.330078125,0,0
1779556631.159743,-0.0625,-0.005859375,-0.68359375,0.12109375,-0.013671875,0.330078125,0,0
1779556631.167760,-0.08203125,-0.005859375,-0.68359375,0.12109375,-0.013671875,0.330078125,0,0
1779556631.175762,-0.08203125,-0.005859375,-0.68359375,0.12109375,-0.013671875,0.326171875,0,0
1779556631.183756,-0.09765625,-0.005859375,-0.68359375,0.12109375,-0.013671875,0.326171875,0,0
1779556631.191732,-0.09765625,-0.005859375,-0.68359375,0.125,-0.013671875,0.322265625,0,0
1779556631.199750,-0.099609375,-0.005859375,-0.68359375,0.125,-0.013671875,0.322265625,0,0
1779556631.207763,-0.099609375,-0.005859375,-0.68359375,0.125,-0.013671875,0.318359375,0,0
1779556631.215761,-0.099609375,-0.005859375,-0.68359375,0.125,-0.013671875,0.318359375,0,0
1779556631.223754,-0.099609375,-0.005859375,-0.68359375,0.123046875,-0.013671875,0.31640625,0,0
1779556631.231770,-0.109375,-0.005859375,-0.68359375,0.123046875,-0.013671875,0.31640625,0,0
1779556631.239785,-0.109375,-0.005859375,-0.68359375,0.1171875,-0.013671875,0.31640625,0,0
1779556631.247749,-0.126953125,-0.005859375,-0.68359375,0.1171875,-0.013671875,0.31640625,0,0
1779556631.255776,-0.126953125,-0.005859375,-0.68359375,0.115234375,-0.013671875,0.31640625,0,0
1779556631.263757,-0.142578125,-0.005859375,-0.68359375,0.115234375,-0.013671875,0.31640625,0,0
1779556631.271780,-0.142578125,-0.005859375,-0.68359375,0.1171875,-0.013671875,0.3125,0,0
1779556631.279757,-0.146484375,-0.005859375,-0.68359375,0.1171875,-0.013671875,0.3125,0,0
1779556631.287745,-0.146484375,-0.005859375,-0.68359375,0.119140625,-0.013671875,0.306640625,0,0
1779556631.295783,-0.14453125,-0.005859375,-0.68359375,0.119140625,-0.013671875,0.306640625,0,0
1779556631.303751,-0.14453125,-0.005859375,-0.68359375,0.115234375,-0.013671875,0.3046875,0,0
1779556631.311768,-0.1484375,-0.005859375,-0.68359375,0.115234375,-0.013671875,0.3046875,0,0
1779556631.319755,-0.1484375,-0.005859375,-0.68359375,0.115234375,-0.013671875,0.3046875,0,0
1779556631.327763,-0.15234375,-0.005859375,-0.68359375,0.115234375,-0.013671875,0.3046875,0,0
1779556631.335782,-0.15234375,-0.005859375,-0.68359375,0.115234375,-0.013671875,0.3046875,0,0
1779556631.343757,-0.166015625,-0.005859375,-0.68359375,0.115234375,-0.013671875,0.3046875,0,0
1779556631.351778,-0.166015625,-0.005859375,-0.68359375,0.115234375,-0.013671875,0.30859375,0,0
1779556631.359756,-0.17578125,-0.00390625,-0.68359375,0.115234375,-0.013671875,0.30859375,0,0
1779556631.367760,-0.17578125,-0.00390625,-0.68359375,0.11328125,-0.013671875,0.30859375,0,0
1779556631.375796,-0.177734375,-0.01171875,-0.68359375,0.11328125,-0.013671875,0.30859375,0,0
1779556631.383747,-0.177734375,-0.01171875,-0.68359375,0.11328125,-0.013671875,0.30859375,0,0
1779556631.391783,-0.17578125,-0.017578125,-0.68359375,0.11328125,-0.013671875,0.30859375,0,0
1779556631.399758,-0.17578125,-0.017578125,-0.68359375,0.10546875,-0.013671875,0.306640625,0,0
1779556631.407727,-0.17578125,-0.025390625,-0.68359375,0.10546875,-0.013671875,0.306640625,0,0
1779556631.415757,-0.17578125,-0.025390625,-0.68359375,0.1015625,-0.013671875,0.3046875,0,0
1779556631.423784,-0.17578125,-0.029296875,-0.68359375,0.1015625,-0.013671875,0.3046875,0,0
1779556631.431736,-0.17578125,-0.029296875,-0.68359375,0.099609375,-0.013671875,0.302734375,0,0
1779556631.439744,-0.185546875,-0.029296875,-0.68359375,0.099609375,-0.013671875,0.302734375,0,0
1779556631.447743,-0.185546875,-0.029296875,-0.68359375,0.095703125,-0.013671875,0.302734375,0,0
1779556631.455730,-0.20703125,-0.037109375,-0.68359375,0.095703125,-0.013671875,0.302734375,0,0
1779556631.463825,-0.20703125,-0.037109375,-0.68359375,0.09375,-0.013671875,0.30078125,0,0
1779556631.471769,-0.21484375,-0.04296875,-0.68359375,0.09375,-0.013671875,0.30078125,0,0
1779556631.479770,-0.21484375,-0.04296875,-0.68359375,0.091796875,-0.013671875,0.30078125,0,0
1779556631.487765,-0.212890625,-0.046875,-0.68359375,0.091796875,-0.013671875,0.30078125,0,0
1779556631.495820,-0.212890625,-0.046875,-0.68359375,0.08984375,-0.013671875,0.30078125,0,0
1779556631.503756,-0.20703125,-0.05078125,-0.68359375,0.08984375,-0.013671875,0.30078125,0,0
1779556631.511849,-0.20703125,-0.05078125,-0.68359375,0.08203125,-0.013671875,0.298828125,0,0
1779556631.519802,-0.20703125,-0.052734375,-0.68359375,0.08203125,-0.013671875,0.298828125,0,0
1779556631.527767,-0.20703125,-0.052734375,-0.68359375,0.08203125,-0.013671875,0.294921875,0,0
1779556631.535782,-0.205078125,-0.0546875,-0.68359375,0.08203125,-0.013671875,0.294921875,0,0
1779556631.543797,-0.205078125,-0.0546875,-0.68359375,0.080078125,-0.013671875,0.291015625,0,0
1779556631.551759,-0.203125,-0.0546875,-0.68359375,0.080078125,-0.013671875,0.291015625,0,0
1779556631.559757,-0.203125,-0.0546875,-0.68359375,0.078125,-0.013671875,0.28515625,0,0
1779556631.567789,-0.19921875,-0.056640625,-0.68359375,0.078125,-0.013671875,0.28515625,0,0
1779556631.575729,-0.19921875,-0.056640625,-0.68359375,0.07421875,-0.013671875,0.279296875,0,0
1779556631.583794,-0.197265625,-0.0625,-0.68359375,0.07421875,-0.013671875,0.279296875,0,0
1779556631.591760,-0.197265625,-0.0625,-0.68359375,0.072265625,-0.013671875,0.2734375,0,0
1779556631.599731,-0.197265625,-0.0625,-0.68359375,0.072265625,-0.013671875,0.2734375,0,0
1779556631.607758,-0.197265625,-0.0625,-0.68359375,0.0703125,-0.013671875,0.271484375,0,0
1779556631.615733,-0.197265625,-0.060546875,-0.68359375,0.0703125,-0.013671875,0.271484375,0,0
1779556631.623699,-0.197265625,-0.060546875,-0.68359375,0.068359375,-0.013671875,0.271484375,0,0
1779556631.631728,-0.197265625,-0.0546875,-0.68359375,0.068359375,-0.013671875,0.271484375,0,0
1779556631.639698,-0.197265625,-0.0546875,-0.68359375,0.076171875,-0.013671875,0.26953125,0,0
1779556631.647722,-0.20703125,-0.0390625,-0.68359375,0.076171875,-0.013671875,0.26953125,0,0
1779556631.655718,-0.20703125,-0.0390625,-0.68359375,0.095703125,-0.013671875,0.265625,0,0
1779556631.663728,-0.2109375,-0.029296875,-0.68359375,0.095703125,-0.013671875,0.265625,0,0
1779556631.671732,-0.2109375,-0.029296875,-0.68359375,0.146484375,-0.013671875,0.25390625,0,0
1779556631.679772,-0.193359375,-0.015625,-0.5625,0.146484375,-0.013671875,0.25390625,0,0
1779556631.687774,-0.193359375,-0.015625,-0.5625,0.16015625,-0.013671875,0.23828125,0,0
1779556631.695771,-0.15625,-0.015625,-0.38671875,0.16015625,-0.013671875,0.23828125,0,0
1779556631.703716,-0.15625,-0.015625,-0.38671875,0.1328125,-0.013671875,0.22265625,0,0
1779556631.711710,-0.099609375,-0.015625,-0.25390625,0.1328125,-0.013671875,0.22265625,0,0
1779556631.719734,-0.099609375,-0.015625,-0.25390625,0.06640625,-0.013671875,0.197265625,0,0
1779556631.727750,-0.021484375,-0.015625,-0.140625,0.06640625,-0.013671875,0.197265625,0,0
1779556631.735740,-0.021484375,-0.015625,-0.140625,0.06640625,0.037109375,0.1640625,0,0
1779556631.743729,-0.021484375,-0.015625,-0.05078125,0.06640625,0.037109375,0.1640625,0,0
1779556631.751743,-0.021484375,-0.015625,-0.05078125,0.06640625,0.056640625,0.11328125,0,0
1779556631.759781,-0.021484375,-0.015625,-0.029296875,0.06640625,0.056640625,0.11328125,0,0
1779556631.767775,-0.021484375,-0.015625,-0.029296875,0.06640625,0.025390625,0.068359375,0,0
1779556631.797784,0.0,0.0,0.0,0.0,0.0,0.0,0,0
1779556631.799764,-0.021484375,-0.015625,-0.029296875,0.005859375,0.025390625,0.068359375,0,0
1779556631.829775,0.0,0.0,0.0,0.0,0.0,0.0,0,0
1779556631.860779,0.0,0.0,0.0,0.0,0.0,0.0,0,0
1779556631.891814,0.0,0.0,0.0,0.0,0.0,0.0,0,0
1779556631.922786,0.0,0.0,0.0,0.0,0.0,0.0,0,0
1779556631.953731,0.0,0.0,0.0,0.0,0.0,0.0,0,0
1779556631.984741,0.0,0.0,0.0,0.0,0.0,0.0,0,0
1779556632.015737,0.0,0.0,0.0,0.0,0.0,0.0,0,0
1779556632.046782,0.0,0.0,0.0,0.0,0.0,0.0,0,0
1779556632.077714,0.0,0.0,0.0,0.0,0.0,0.0,0,0
1779556632.108749,0.0,0.0,0.0,0.0,0.0,0.0,0,0
1779556632.139744,0.0,0.0,0.0,0.0,0.0,0.0,0,0
1779556632.170796,0.0,0.0,0.0,0.0,0.0,0.0,0,0
1779556632.201781,0.0,0.0,0.0,0.0,0.0,0.0,0,0
1779556632.232754,0.0,0.0,0.0,0.0,0.0,0.0,0,0
1779556632.263802,0.0,0.0,0.0,0.0,0.0,0.0,0,0
1779556632.294773,0.0,0.0,0.0,0.0,0.0,0.0,0,0
1779556632.325807,0.0,0.0,0.0,0.0,0.0,0.0,0,0
1779556632.356759,0.0,0.0,0.0,0.0,0.0,0.0,0,0
1779556632.387776,0.0,0.0,0.0,0.0,0.0,0.0,0,0
1779556632.418779,0.0,0.0,0.0,0.0,0.0,0.0,0,0
1779556632.449783,0.0,0.0,0.0,0.0,0.0,0.0,0,0
1779556632.480798,0.0,0.0,0.0,0.0,0.0,0.0,0,0
1779556632.511795,0.0,0.0,0.0,0.0,0.0,0.0,0,0
1779556632.542760,0.0,0.0,0.0,0.0,0.0,0.0,0,0
1779556632.573774,0.0,0.0,0.0,0.0,0.0,0.0,0,0
1779556632.604729,0.0,0.0,0.0,0.0,0.0,0.0,0,0
1779556632.635710,0.0,0.0,0.0,0.0,0.0,0.0,0,0
1779556632.666736,0.0,0.0,0.0,0.0,0.0,0.0,0,0
1779556632.697730,0.0,0.0,0.0,0.0,0.0,0.0,0,0
1779556632.728739,0.0,0.0,0.0,0.0,0.0,0.0,0,0
1779556632.759754,0.0,0.0,0.0,0.0,0.0,0.0,0,0
1779556632.790707,0.0,0.0,0.0,0.0,0.0,0.0,0,0
1779556632.821758,0.0,0.0,0.0,0.0,0.0,0.0,0,0
1779556632.847762,-0.021484375,-0.015625,-0.005859375,0.005859375,0.025390625,0.068359375,0,0
1779556632.863732,-0.021484375,0.03515625,-0.015625,0.005859375,0.025390625,0.068359375,0,0
1779556632.879799,-0.00390625,0.033203125,-0.015625,0.005859375,0.025390625,0.068359375,0,0
1779556632.895775,-0.056640625,0.025390625,-0.015625,0.005859375,0.025390625,0.068359375,0,0
1779556632.903733,-0.056640625,0.025390625,-0.015625,0.11328125,0.025390625,0.068359375,0,0
1779556632.912752,-0.0859375,0.044921875,-0.015625,0.11328125,0.025390625,0.068359375,0,0
1779556632.919806,-0.0859375,0.044921875,-0.015625,0.25,-0.00390625,0.068359375,0,0
1779556632.927795,-0.08203125,0.0,-0.015625,0.25,-0.00390625,0.068359375,0,0
1779556632.935755,-0.08203125,0.0,-0.015625,0.41796875,-0.025390625,0.017578125,0,0
1779556632.943764,-0.03515625,0.0,-0.015625,0.41796875,-0.025390625,0.017578125,0,0
1779556632.951753,-0.03515625,0.0,-0.015625,0.5390625,-0.025390625,0.03515625,0,0
1779556632.959764,-0.00390625,0.0,-0.015625,0.5390625,-0.025390625,0.03515625,0,0
1779556632.967751,-0.00390625,0.0,-0.015625,0.61328125,-0.015625,0.048828125,0,0
1779556632.983805,-0.00390625,0.0,-0.015625,0.68359375,0.0,0.072265625,0,0
1779556632.991745,-0.00390625,0.00390625,-0.015625,0.68359375,0.0,0.072265625,0,0
1779556632.999789,-0.00390625,0.00390625,-0.015625,0.68359375,0.0,0.09765625,0,0
1779556633.007789,-0.00390625,0.013671875,-0.015625,0.68359375,0.0,0.09765625,0,0
1779556633.015793,-0.00390625,0.013671875,-0.015625,0.68359375,0.0,0.115234375,0,0
1779556633.023729,-0.00390625,0.01171875,-0.015625,0.68359375,0.0,0.115234375,0,0
1779556633.031765,-0.00390625,0.01171875,-0.015625,0.68359375,0.0,0.12109375,0,0
1779556633.039788,-0.00390625,0.013671875,-0.015625,0.68359375,0.0,0.12109375,0,0
1779556633.047751,-0.00390625,0.013671875,-0.015625,0.68359375,0.0,0.12109375,0,0
1779556633.055731,-0.00390625,0.013671875,-0.015625,0.68359375,0.0,0.12109375,0,0
1779556633.063742,-0.00390625,0.013671875,-0.015625,0.68359375,0.0,0.12109375,0,0
1779556633.071746,-0.00390625,0.015625,-0.015625,0.68359375,0.0,0.12109375,0,0
1779556633.079786,-0.00390625,0.015625,-0.015625,0.68359375,0.0,0.12109375,0,0
1779556633.087706,-0.00390625,0.015625,-0.015625,0.68359375,0.0,0.12109375,0,0
1779556633.095738,-0.00390625,0.015625,-0.015625,0.68359375,0.0,0.12109375,0,0
1779556633.103750,-0.00390625,0.015625,-0.015625,0.68359375,0.0,0.12109375,0,0
1779556633.111772,-0.00390625,0.015625,-0.015625,0.68359375,0.0,0.12109375,0,0
1779556633.119762,-0.00390625,0.017578125,-0.015625,0.68359375,0.0,0.12109375,0,0
1779556633.127804,-0.00390625,0.017578125,-0.015625,0.68359375,0.0,0.119140625,0,0
1779556633.135746,-0.00390625,0.017578125,-0.015625,0.68359375,0.0,0.119140625,0,0
1779556633.143752,-0.00390625,0.017578125,-0.015625,0.68359375,0.0,0.119140625,0,0
1779556633.151696,-0.00390625,0.017578125,-0.015625,0.68359375,0.0,0.119140625,0,0
1779556633.159730,-0.00390625,0.017578125,-0.015625,0.68359375,0.0,0.119140625,0,0
1779556633.167773,-0.00390625,0.017578125,-0.015625,0.68359375,0.0,0.119140625,0,0
1779556633.175771,-0.00390625,0.017578125,-0.015625,0.68359375,0.0,0.119140625,0,0
1779556633.183732,-0.00390625,0.017578125,-0.015625,0.68359375,0.0,0.119140625,0,0
1779556633.191719,-0.00390625,0.017578125,-0.015625,0.68359375,0.0,0.119140625,0,0
1779556633.199744,-0.00390625,0.017578125,-0.015625,0.68359375,0.0,0.119140625,0,0
1779556633.207749,-0.00390625,0.017578125,-0.015625,0.68359375,0.0,0.119140625,0,0
1779556633.215761,-0.00390625,0.017578125,-0.015625,0.68359375,0.0,0.119140625,0,0
1779556633.223758,-0.00390625,0.017578125,-0.015625,0.68359375,0.0,0.119140625,0,0
1779556633.231759,-0.00390625,0.017578125,-0.015625,0.68359375,0.0,0.119140625,0,0
1779556633.239754,-0.00390625,0.017578125,-0.015625,0.68359375,0.0,0.119140625,0,0
1779556633.247737,-0.00390625,0.017578125,-0.015625,0.68359375,0.0,0.119140625,0,0
1779556633.255759,-0.00390625,0.017578125,-0.015625,0.68359375,0.0,0.119140625,0,0
1779556633.263775,-0.00390625,0.017578125,-0.015625,0.68359375,0.0,0.119140625,0,0
1779556633.271737,-0.00390625,0.017578125,-0.015625,0.68359375,0.0,0.119140625,0,0
1779556633.279769,-0.00390625,0.017578125,-0.015625,0.68359375,0.0,0.119140625,0,0
1779556633.287733,-0.00390625,0.017578125,-0.015625,0.68359375,0.0,0.119140625,0,0
1779556633.295741,-0.00390625,0.015625,-0.015625,0.68359375,0.0,0.119140625,0,0
1779556633.303715,-0.00390625,0.015625,-0.015625,0.68359375,0.0,0.119140625,0,0
1779556633.311747,-0.00390625,0.015625,-0.015625,0.68359375,0.0,0.119140625,0,0
1779556633.319771,-0.00390625,0.015625,-0.015625,0.68359375,0.0,0.119140625,0,0
1779556633.327782,-0.00390625,0.015625,-0.015625,0.68359375,0.0,0.119140625,0,0
1779556633.335785,-0.00390625,0.015625,-0.015625,0.68359375,0.0,0.119140625,0,0
1779556633.343791,-0.00390625,0.015625,-0.015625,0.68359375,0.0,0.119140625,0,0
1779556633.351743,-0.00390625,0.015625,-0.015625,0.68359375,0.0,0.119140625,0,0
1779556633.359784,-0.00390625,0.015625,-0.015625,0.68359375,0.0,0.119140625,0,0
1779556633.367776,-0.00390625,0.015625,-0.015625,0.68359375,0.0,0.1171875,0,0
1779556633.375755,-0.00390625,0.013671875,-0.015625,0.68359375,0.0,0.1171875,0,0
1779556633.383788,-0.00390625,0.013671875,-0.015625,0.68359375,0.0,0.115234375,0,0
1779556633.391781,-0.00390625,0.01171875,-0.015625,0.68359375,0.0,0.115234375,0,0
1779556633.399742,-0.00390625,0.01171875,-0.015625,0.68359375,0.0,0.11328125,0,0
1779556633.407750,-0.00390625,0.009765625,-0.015625,0.68359375,0.0,0.11328125,0,0
1779556633.415753,-0.00390625,0.009765625,-0.015625,0.68359375,0.0,0.111328125,0,0
1779556633.423745,-0.00390625,0.009765625,-0.015625,0.68359375,0.0,0.111328125,0,0
1779556633.431763,-0.00390625,0.009765625,-0.015625,0.68359375,0.0,0.111328125,0,0
1779556633.439757,-0.00390625,0.009765625,-0.015625,0.68359375,0.0,0.111328125,0,0
1779556633.447690,-0.00390625,0.009765625,-0.015625,0.68359375,0.0,0.111328125,0,0
1779556633.455771,-0.00390625,0.009765625,-0.015625,0.68359375,0.0,0.111328125,0,0
1779556633.463754,-0.00390625,0.009765625,-0.015625,0.68359375,0.0,0.111328125,0,0
1779556633.471769,-0.00390625,0.009765625,-0.015625,0.68359375,0.0,0.111328125,0,0
1779556633.479798,-0.00390625,0.009765625,-0.015625,0.68359375,0.0,0.111328125,0,0
1779556633.487760,-0.00390625,0.009765625,-0.015625,0.68359375,0.0,0.111328125,0,0
1779556633.495768,-0.00390625,0.009765625,-0.015625,0.68359375,0.0,0.109375,0,0
1779556633.503781,-0.00390625,0.009765625,-0.015625,0.68359375,0.0,0.109375,0,0
1779556633.511769,-0.00390625,0.009765625,-0.015625,0.68359375,0.0,0.107421875,0,0
1779556633.519733,-0.00390625,0.009765625,-0.015625,0.68359375,0.0,0.107421875,0,0
1779556633.527720,-0.00390625,0.009765625,-0.015625,0.68359375,0.0,0.107421875,0,0
1779556633.535746,-0.00390625,0.009765625,-0.015625,0.68359375,0.0,0.107421875,0,0
1779556633.543704,-0.00390625,0.009765625,-0.015625,0.68359375,0.0,0.107421875,0,0
1779556633.551743,-0.00390625,0.009765625,-0.015625,0.68359375,0.0,0.107421875,0,0
1779556633.559704,-0.00390625,0.009765625,-0.015625,0.68359375,0.0,0.107421875,0,0
1779556633.567714,-0.00390625,0.009765625,-0.015625,0.68359375,0.0,0.107421875,0,0
1779556633.575735,-0.00390625,0.009765625,-0.015625,0.68359375,0.0,0.107421875,0,0
1779556633.583751,-0.00390625,0.009765625,-0.015625,0.68359375,0.0,0.107421875,0,0
1779556633.591767,-0.00390625,0.009765625,-0.015625,0.68359375,0.0,0.10546875,0,0
1779556633.599784,-0.00390625,0.009765625,-0.015625,0.68359375,0.0,0.10546875,0,0
1779556633.607763,-0.00390625,0.009765625,-0.015625,0.68359375,0.0,0.10546875,0,0
1779556633.615777,-0.00390625,0.009765625,-0.015625,0.68359375,0.0,0.10546875,0,0
1779556633.623724,-0.00390625,0.009765625,-0.015625,0.68359375,0.0,0.10546875,0,0
1779556633.631728,-0.00390625,0.009765625,-0.015625,0.68359375,0.0,0.10546875,0,0
1779556633.639789,-0.00390625,0.009765625,-0.015625,0.68359375,0.0,0.10546875,0,0
1779556633.647719,-0.00390625,0.009765625,-0.015625,0.68359375,0.0,0.10546875,0,0
1779556633.655761,-0.00390625,0.009765625,-0.015625,0.68359375,0.0,0.10546875,0,0
1779556633.663723,-0.00390625,0.009765625,-0.015625,0.68359375,0.0,0.10546875,0,0
1779556633.671736,-0.00390625,0.009765625,-0.015625,0.68359375,0.0,0.10546875,0,0
1779556633.679744,-0.00390625,0.009765625,-0.015625,0.68359375,0.0,0.10546875,0,0
1779556633.687778,-0.00390625,0.009765625,-0.015625,0.68359375,0.0,0.10546875,0,0
1779556633.695772,-0.00390625,0.009765625,-0.015625,0.68359375,0.0,0.10546875,0,0
1779556633.703782,-0.00390625,0.009765625,-0.015625,0.68359375,0.0,0.10546875,0,0
1779556633.711747,-0.00390625,0.009765625,-0.015625,0.68359375,0.0,0.10546875,0,0
1779556633.719772,-0.00390625,0.009765625,-0.015625,0.68359375,0.0,0.10546875,0,0
1779556633.727719,-0.00390625,0.009765625,-0.015625,0.68359375,0.0,0.10546875,0,0
1779556633.735741,-0.00390625,0.009765625,-0.015625,0.68359375,0.0,0.10546875,0,0
1779556633.743761,-0.00390625,0.009765625,-0.015625,0.68359375,0.0,0.10546875,0,0
1779556633.751775,-0.00390625,0.009765625,-0.015625,0.68359375,0.0,0.10546875,0,0
1779556633.759760,-0.00390625,0.009765625,-0.015625,0.68359375,0.0,0.10546875,0,0
1779556633.767713,-0.00390625,0.009765625,-0.015625,0.68359375,0.0,0.10546875,0,0
1779556633.775721,-0.00390625,0.009765625,-0.015625,0.68359375,0.0,0.10546875,0,0
1779556633.783793,-0.00390625,0.009765625,-0.015625,0.68359375,0.0,0.10546875,0,0
1779556633.791780,-0.00390625,0.009765625,-0.015625,0.68359375,0.0,0.10546875,0,0
1779556633.799778,-0.00390625,0.009765625,-0.015625,0.68359375,0.0,0.10546875,0,0
1779556633.807742,-0.00390625,0.009765625,-0.015625,0.68359375,0.0,0.10546875,0,0
1779556633.815773,-0.00390625,0.009765625,-0.015625,0.68359375,0.0,0.10546875,0,0
1779556633.823752,-0.00390625,0.009765625,-0.015625,0.68359375,0.0,0.10546875,0,0
1779556633.831768,-0.00390625,0.009765625,-0.015625,0.68359375,0.0,0.10546875,0,0
1779556633.839758,-0.00390625,0.009765625,-0.015625,0.68359375,0.0,0.10546875,0,0
1779556633.847763,-0.00390625,0.009765625,-0.015625,0.68359375,0.0,0.10546875,0,0
1779556633.855771,-0.00390625,0.009765625,-0.015625,0.68359375,0.0,0.10546875,0,0
1779556633.863736,-0.00390625,0.009765625,-0.015625,0.68359375,0.0,0.10546875,0,0
1779556633.871744,-0.00390625,0.009765625,-0.015625,0.68359375,0.0,0.10546875,0,0
1779556633.879755,-0.00390625,0.009765625,-0.015625,0.68359375,0.0,0.10546875,0,0
1779556633.887774,-0.00390625,0.009765625,-0.015625,0.68359375,0.0,0.10546875,0,0
1779556633.895789,-0.00390625,0.009765625,-0.015625,0.68359375,0.0,0.10546875,0,0
1779556633.903754,-0.00390625,0.009765625,-0.015625,0.68359375,0.0,0.10546875,0,0
1779556633.911745,-0.00390625,0.009765625,-0.015625,0.68359375,0.0,0.10546875,0,0
1779556633.919755,-0.00390625,0.009765625,-0.015625,0.68359375,0.0,0.10546875,0,0
1779556633.927757,-0.00390625,0.009765625,-0.015625,0.68359375,0.0,0.103515625,0,0
1779556633.935748,-0.00390625,0.005859375,-0.015625,0.68359375,0.0,0.103515625,0,0
1779556633.943688,-0.00390625,0.005859375,-0.015625,0.68359375,0.0,0.1015625,0,0
1779556633.951722,-0.00390625,0.00390625,-0.015625,0.68359375,0.0,0.1015625,0,0
1779556633.959755,-0.00390625,0.00390625,-0.015625,0.68359375,0.0,0.099609375,0,0
1779556633.967739,-0.00390625,0.00390625,-0.015625,0.68359375,0.0,0.099609375,0,0
1779556633.975790,-0.00390625,0.00390625,-0.015625,0.68359375,0.0,0.099609375,0,0
1779556633.983772,-0.00390625,0.00390625,-0.015625,0.68359375,0.0,0.099609375,0,0
1779556633.991734,-0.00390625,0.00390625,-0.015625,0.68359375,0.0,0.099609375,0,0
1779556633.999793,-0.00390625,0.0,-0.015625,0.68359375,0.0,0.099609375,0,0
1779556634.007744,-0.00390625,0.0,-0.015625,0.68359375,0.0,0.099609375,0,0
1779556634.023746,-0.00390625,0.0,-0.015625,0.68359375,0.0,0.09375,0,0
1779556634.039802,-0.00390625,0.0,-0.015625,0.68359375,0.0,0.08984375,0,0
1779556634.055809,-0.00390625,0.0,-0.015625,0.68359375,0.0,0.083984375,0,0
1779556634.071792,-0.00390625,0.0,-0.015625,0.68359375,0.0,0.080078125,0,0
1779556634.087783,-0.00390625,0.0,-0.015625,0.68359375,0.0,0.07421875,0,0
1779556634.103761,-0.00390625,0.0,-0.015625,0.68359375,0.0,0.068359375,0,0
1779556634.111756,0.00390625,0.0,-0.015625,0.68359375,0.0,0.068359375,0,0
1779556634.119773,0.00390625,0.0,-0.015625,0.68359375,0.0,0.0625,0,0
1779556634.127796,0.013671875,0.0,-0.015625,0.68359375,0.0,0.0625,0,0
1779556634.135804,0.013671875,0.0,-0.015625,0.68359375,0.0,0.0546875,0,0
1779556634.143745,0.021484375,0.0,-0.015625,0.68359375,0.0,0.0546875,0,0
1779556634.151757,0.021484375,0.0,-0.015625,0.68359375,0.0,0.048828125,0,0
1779556634.159757,0.0234375,0.0,-0.015625,0.68359375,0.0,0.048828125,0,0
1779556634.167787,0.0234375,0.0,-0.015625,0.68359375,0.0,0.046875,0,0
1779556634.175794,0.0234375,0.0,-0.015625,0.68359375,0.0,0.046875,0,0
1779556634.183830,0.0234375,0.0,-0.015625,0.68359375,0.0,0.046875,0,0
1779556634.191806,0.0234375,0.0,-0.015625,0.68359375,0.0,0.046875,0,0
1779556634.199769,0.0234375,0.0,-0.015625,0.68359375,0.0,0.046875,0,0
1779556634.207819,0.0234375,0.0,-0.015625,0.68359375,0.0,0.046875,0,0
1779556634.215756,0.0234375,0.0,-0.015625,0.68359375,0.0,0.046875,0,0
1779556634.223774,0.0234375,0.0,-0.015625,0.68359375,0.0,0.046875,0,0
1779556634.231764,0.0234375,0.0,-0.015625,0.68359375,0.0,0.046875,0,0
1779556634.239804,0.0234375,0.0,-0.015625,0.68359375,0.0,0.046875,0,0
1779556634.247792,0.0234375,0.0,-0.015625,0.68359375,0.00390625,0.046875,0,0
1779556634.255789,0.0234375,0.0,-0.015625,0.68359375,0.00390625,0.046875,0,0
1779556634.263801,0.0234375,0.0,-0.015625,0.68359375,0.00390625,0.046875,0,0
1779556634.271773,0.0234375,0.0,-0.015625,0.68359375,0.00390625,0.046875,0,0
1779556634.279775,0.0234375,0.0,-0.015625,0.68359375,0.00390625,0.044921875,0,0
1779556634.287754,0.02734375,0.0,-0.015625,0.68359375,0.00390625,0.044921875,0,0
1779556634.295739,0.02734375,0.0,-0.015625,0.68359375,0.0,0.04296875,0,0
1779556634.303732,0.029296875,0.0,-0.015625,0.68359375,0.0,0.04296875,0,0
1779556634.311763,0.029296875,0.0,-0.015625,0.68359375,0.0,0.041015625,0,0
1779556634.319722,0.03125,0.0,-0.015625,0.68359375,0.0,0.041015625,0,0
1779556634.327765,0.03125,0.0,-0.015625,0.68359375,0.0,0.041015625,0,0
1779556634.335769,0.03125,0.0,-0.015625,0.68359375,0.0,0.041015625,0,0
1779556634.343718,0.03125,0.0,-0.015625,0.68359375,0.00390625,0.041015625,0,0
1779556634.351737,0.03125,0.0,-0.015625,0.68359375,0.00390625,0.041015625,0,0
1779556634.359748,0.03125,0.0,-0.015625,0.68359375,0.00390625,0.0390625,0,0
1779556634.367740,0.033203125,0.0,-0.015625,0.68359375,0.00390625,0.0390625,0,0
1779556634.375740,0.033203125,0.0,-0.015625,0.68359375,0.005859375,0.0390625,0,0
1779556634.383758,0.033203125,0.0,-0.015625,0.68359375,0.005859375,0.0390625,0,0
1779556634.391741,0.033203125,0.0,-0.015625,0.68359375,0.005859375,0.037109375,0,0
1779556634.399713,0.037109375,0.0,-0.015625,0.68359375,0.005859375,0.037109375,0,0
1779556634.407688,0.037109375,0.0,-0.015625,0.68359375,0.005859375,0.03515625,0,0
1779556634.415709,0.037109375,0.0,-0.015625,0.68359375,0.005859375,0.03515625,0,0
1779556634.423797,0.037109375,0.0,-0.015625,0.68359375,0.005859375,0.03515625,0,0
1779556634.431761,0.037109375,0.0,-0.015625,0.68359375,0.005859375,0.03515625,0,0
1779556634.439775,0.037109375,0.0,-0.015625,0.68359375,0.005859375,0.03515625,0,0
1779556634.447739,0.0390625,0.0,-0.015625,0.68359375,0.005859375,0.03515625,0,0
1779556634.455762,0.0390625,0.0,-0.015625,0.68359375,0.005859375,0.03515625,0,0
1779556634.463773,0.0390625,0.0,-0.015625,0.68359375,0.005859375,0.03515625,0,0
1779556634.471734,0.0390625,0.0,-0.015625,0.68359375,0.005859375,0.03515625,0,0
1779556634.479722,0.0390625,0.0,-0.015625,0.68359375,0.005859375,0.03515625,0,0
1779556634.487785,0.0390625,0.0,-0.015625,0.68359375,0.005859375,0.03515625,0,0
1779556634.495764,0.0390625,0.0,-0.015625,0.68359375,0.005859375,0.03515625,0,0
1779556634.503766,0.0390625,0.0,-0.015625,0.68359375,0.0078125,0.03515625,0,0
1779556634.511721,0.0390625,0.0,-0.015625,0.68359375,0.0078125,0.03515625,0,0
1779556634.519766,0.0390625,0.0,-0.015625,0.68359375,0.009765625,0.03515625,0,0
1779556634.527804,0.041015625,0.0,-0.015625,0.68359375,0.009765625,0.03515625,0,0
1779556634.535734,0.041015625,0.0,-0.015625,0.68359375,0.01171875,0.03515625,0,0
1779556634.543791,0.04296875,0.0,-0.015625,0.68359375,0.01171875,0.03515625,0,0
1779556634.551772,0.04296875,0.0,-0.015625,0.68359375,0.013671875,0.033203125,0,0
1779556634.559744,0.04296875,0.0,-0.015625,0.68359375,0.013671875,0.033203125,0,0
1779556634.567750,0.04296875,0.0,-0.015625,0.68359375,0.013671875,0.033203125,0,0
1779556634.575833,0.04296875,0.0,-0.015625,0.68359375,0.013671875,0.033203125,0,0
1779556634.583820,0.04296875,0.0,-0.015625,0.68359375,0.013671875,0.033203125,0,0
1779556634.591784,0.04296875,0.0,-0.015625,0.68359375,0.013671875,0.033203125,0,0
1779556634.599795,0.04296875,0.0,-0.015625,0.68359375,0.013671875,0.033203125,0,0
1779556634.607750,0.044921875,0.0,-0.015625,0.68359375,0.013671875,0.033203125,0,0
1779556634.615737,0.044921875,0.0,-0.015625,0.68359375,0.013671875,0.03125,0,0
1779556634.623791,0.044921875,0.0,-0.015625,0.68359375,0.013671875,0.03125,0,0
1779556634.631788,0.044921875,0.0,-0.015625,0.68359375,0.013671875,0.03125,0,0
1779556634.639776,0.044921875,0.0,-0.015625,0.68359375,0.013671875,0.03125,0,0
1779556634.647816,0.044921875,0.0,-0.015625,0.68359375,0.013671875,0.03125,0,0
1779556634.655782,0.044921875,0.0,-0.015625,0.68359375,0.013671875,0.03125,0,0
1779556634.663791,0.044921875,0.0,-0.015625,0.68359375,0.013671875,0.03125,0,0
1779556634.671763,0.044921875,0.0,-0.015625,0.68359375,0.013671875,0.03125,0,0
1779556634.679803,0.044921875,0.0,-0.015625,0.68359375,0.013671875,0.03125,0,0
1779556634.687777,0.044921875,0.0,-0.015625,0.68359375,0.013671875,0.03125,0,0
1779556634.695742,0.044921875,0.0,-0.015625,0.68359375,0.013671875,0.03125,0,0
1779556634.703734,0.044921875,0.0,-0.015625,0.68359375,0.013671875,0.03125,0,0
1779556634.711753,0.044921875,0.0,-0.015625,0.68359375,0.013671875,0.03125,0,0
1779556634.719777,0.044921875,0.0,-0.015625,0.68359375,0.013671875,0.03125,0,0
1779556634.727734,0.044921875,0.0,-0.015625,0.68359375,0.013671875,0.03125,0,0
1779556634.735741,0.044921875,0.0,-0.015625,0.68359375,0.013671875,0.03125,0,0
1779556634.743762,0.044921875,0.0,-0.015625,0.68359375,0.013671875,0.03125,0,0
1779556634.751750,0.044921875,0.0,-0.015625,0.68359375,0.013671875,0.03125,0,0
1779556634.759801,0.044921875,0.0,-0.015625,0.68359375,0.015625,0.03125,0,0
1779556634.767742,0.044921875,0.0,-0.015625,0.68359375,0.015625,0.03125,0,0
1779556634.775764,0.044921875,0.0,-0.015625,0.68359375,0.017578125,0.03125,0,0
1779556634.783782,0.044921875,0.0,-0.015625,0.68359375,0.017578125,0.03125,0,0
1779556634.791769,0.044921875,0.0,-0.015625,0.68359375,0.01953125,0.03125,0,0
1779556634.799820,0.044921875,0.0,-0.015625,0.68359375,0.01953125,0.03125,0,0
1779556634.807795,0.044921875,0.0,-0.015625,0.68359375,0.01953125,0.03125,0,0
1779556634.815771,0.044921875,0.0,-0.015625,0.68359375,0.01953125,0.03125,0,0
1779556634.823763,0.044921875,0.0,-0.015625,0.68359375,0.021484375,0.03125,0,0
1779556634.831776,0.044921875,0.0,-0.015625,0.68359375,0.021484375,0.03125,0,0
1779556634.839716,0.044921875,0.0,-0.015625,0.68359375,0.021484375,0.03125,0,0
1779556634.847719,0.044921875,0.0,-0.015625,0.68359375,0.021484375,0.03125,0,0
1779556634.855807,0.044921875,0.0,-0.015625,0.68359375,0.021484375,0.03125,0,0
1779556634.863749,0.046875,0.0,-0.015625,0.68359375,0.021484375,0.03125,0,0
1779556634.871729,0.046875,0.0,-0.015625,0.68359375,0.021484375,0.029296875,0,0
1779556634.879826,0.048828125,0.0,-0.015625,0.68359375,0.021484375,0.029296875,0,0
1779556634.887763,0.048828125,0.0,-0.015625,0.68359375,0.021484375,0.029296875,0,0
1779556634.895749,0.05078125,0.0,-0.015625,0.68359375,0.021484375,0.029296875,0,0
1779556634.903736,0.05078125,0.0,-0.015625,0.68359375,0.021484375,0.029296875,0,0
1779556634.911766,0.05078125,0.0,-0.015625,0.68359375,0.021484375,0.029296875,0,0
1779556634.919830,0.05078125,0.0,-0.015625,0.68359375,0.021484375,0.029296875,0,0
1779556634.927746,0.05078125,0.0,-0.015625,0.68359375,0.021484375,0.029296875,0,0
1779556634.935778,0.05078125,0.0,-0.015625,0.68359375,0.021484375,0.029296875,0,0
1779556634.943743,0.05078125,0.0,-0.015625,0.68359375,0.021484375,0.029296875,0,0
1779556634.951745,0.05078125,0.0,-0.015625,0.68359375,0.021484375,0.029296875,0,0
1779556634.959732,0.05078125,0.0,-0.015625,0.68359375,0.021484375,0.029296875,0,0
1779556634.967730,0.05078125,0.0,-0.015625,0.68359375,0.021484375,0.029296875,0,0
1779556634.975744,0.05078125,0.0,-0.015625,0.68359375,0.021484375,0.029296875,0,0
1779556634.983742,0.05078125,0.0,-0.015625,0.68359375,0.021484375,0.029296875,0,0
1779556634.991738,0.05078125,0.0,-0.015625,0.68359375,0.021484375,0.029296875,0,0
1779556634.999816,0.05078125,0.0,-0.015625,0.68359375,0.021484375,0.029296875,0,0
1779556635.007777,0.05078125,0.0,-0.015625,0.68359375,0.021484375,0.029296875,0,0
1779556635.015811,0.05078125,0.0,-0.015625,0.68359375,0.021484375,0.029296875,0,0
1779556635.023764,0.05078125,0.0,-0.015625,0.68359375,0.021484375,0.029296875,0,0
1779556635.031833,0.05078125,0.0,-0.015625,0.68359375,0.021484375,0.029296875,0,0
1779556635.039785,0.05078125,0.0,-0.015625,0.68359375,0.021484375,0.029296875,0,0
1779556635.047800,0.05078125,0.0,-0.015625,0.68359375,0.021484375,0.029296875,0,0
1779556635.055802,0.048828125,0.0,-0.015625,0.68359375,0.021484375,0.029296875,0,0
1779556635.063818,0.048828125,0.0,-0.015625,0.68359375,0.021484375,0.029296875,0,0
1779556635.071745,0.048828125,0.0,-0.015625,0.68359375,0.021484375,0.029296875,0,0
1779556635.079761,0.048828125,0.0,-0.015625,0.68359375,0.01953125,0.029296875,0,0
1779556635.087755,0.048828125,0.0,-0.015625,0.68359375,0.01953125,0.029296875,0,0
1779556635.095752,0.048828125,0.0,-0.015625,0.68359375,0.01953125,0.029296875,0,0
1779556635.103742,0.048828125,0.0,-0.015625,0.68359375,0.01953125,0.029296875,0,0
1779556635.111742,0.048828125,0.0,-0.015625,0.68359375,0.021484375,0.029296875,0,0
1779556635.119727,0.048828125,0.0,-0.015625,0.68359375,0.021484375,0.029296875,0,0
1779556635.127739,0.048828125,0.0,-0.015625,0.68359375,0.021484375,0.029296875,0,0
1779556635.135709,0.048828125,0.0,-0.015625,0.68359375,0.021484375,0.029296875,0,0
1779556635.143762,0.048828125,0.0,-0.015625,0.68359375,0.021484375,0.029296875,0,0
1779556635.151694,0.046875,0.0,-0.015625,0.68359375,0.021484375,0.029296875,0,0
1779556635.159724,0.046875,0.0,-0.015625,0.68359375,0.021484375,0.029296875,0,0
1779556635.167767,0.05078125,0.0,-0.015625,0.68359375,0.021484375,0.029296875,0,0
1779556635.175802,0.05078125,0.0,-0.015625,0.68359375,0.025390625,0.02734375,0,0
1779556635.183746,0.0546875,0.0,-0.015625,0.68359375,0.025390625,0.02734375,0,0
1779556635.191745,0.0546875,0.0,-0.015625,0.68359375,0.03125,0.025390625,0,0
1779556635.199783,0.056640625,0.0,-0.015625,0.68359375,0.03125,0.025390625,0,0
1779556635.207770,0.056640625,0.0,-0.015625,0.68359375,0.03515625,0.0234375,0,0
1779556635.215697,0.0625,0.0,-0.015625,0.68359375,0.03515625,0.0234375,0,0
1779556635.223778,0.0625,0.0,-0.015625,0.68359375,0.046875,0.0234375,0,0
1779556635.231767,0.0625,0.0,-0.015625,0.68359375,0.046875,0.0234375,0,0
1779556635.239769,0.0625,0.0,-0.015625,0.68359375,0.048828125,0.0234375,0,0
1779556635.247773,0.06640625,0.0,-0.015625,0.68359375,0.048828125,0.0234375,0,0
1779556635.255731,0.06640625,0.0,-0.015625,0.68359375,0.0546875,0.0234375,0,0
1779556635.263829,0.072265625,0.0,-0.015625,0.68359375,0.0546875,0.0234375,0,0
1779556635.271801,0.072265625,0.0,-0.015625,0.68359375,0.05859375,0.021484375,0,0
1779556635.279761,0.072265625,0.0,-0.015625,0.68359375,0.05859375,0.021484375,0,0
1779556635.287763,0.072265625,0.0,-0.015625,0.68359375,0.05859375,0.021484375,0,0
1779556635.295798,0.072265625,0.0,-0.015625,0.68359375,0.05859375,0.021484375,0,0
1779556635.303786,0.072265625,0.0,-0.015625,0.68359375,0.060546875,0.021484375,0,0
1779556635.311779,0.072265625,0.0,-0.015625,0.68359375,0.060546875,0.021484375,0,0
1779556635.319773,0.072265625,0.0,-0.015625,0.68359375,0.060546875,0.021484375,0,0
1779556635.327756,0.0703125,0.0,-0.015625,0.68359375,0.060546875,0.021484375,0,0
1779556635.335778,0.0703125,0.0,-0.015625,0.68359375,0.0625,0.021484375,0,0
1779556635.343751,0.0703125,0.0,-0.015625,0.68359375,0.0625,0.021484375,0,0
1779556635.351791,0.0703125,0.0,-0.015625,0.68359375,0.064453125,0.021484375,0,0
1779556635.359755,0.0703125,0.0,-0.015625,0.68359375,0.064453125,0.021484375,0,0
1779556635.367751,0.0703125,0.0,-0.015625,0.68359375,0.064453125,0.021484375,0,0
1779556635.375733,0.0703125,0.0,-0.015625,0.68359375,0.064453125,0.021484375,0,0
1779556635.383771,0.0703125,0.0,-0.015625,0.68359375,0.064453125,0.021484375,0,0
1779556635.391775,0.0703125,0.0,-0.015625,0.68359375,0.064453125,0.021484375,0,0
1779556635.399775,0.0703125,0.0,-0.015625,0.68359375,0.064453125,0.021484375,0,0
1779556635.407769,0.0703125,0.0,-0.015625,0.68359375,0.064453125,0.021484375,0,0
1779556635.415767,0.0703125,0.0,-0.015625,0.68359375,0.064453125,0.021484375,0,0
1779556635.423810,0.0703125,0.0,-0.015625,0.68359375,0.064453125,0.021484375,0,0
1779556635.431763,0.0703125,0.0,-0.015625,0.68359375,0.064453125,0.021484375,0,0
1779556635.439770,0.0703125,0.0,-0.015625,0.68359375,0.064453125,0.021484375,0,0
1779556635.447777,0.0703125,0.0,-0.015625,0.68359375,0.064453125,0.021484375,0,0
1779556635.455805,0.0703125,0.0,-0.015625,0.68359375,0.064453125,0.021484375,0,0
1779556635.463768,0.0703125,0.0,-0.015625,0.68359375,0.06640625,0.021484375,0,0
1779556635.471765,0.0703125,0.0,-0.015625,0.68359375,0.06640625,0.021484375,0,0
1779556635.479722,0.0703125,0.0,-0.015625,0.68359375,0.06640625,0.021484375,0,0
1779556635.487759,0.0703125,0.0,-0.015625,0.68359375,0.06640625,0.021484375,0,0
1779556635.495782,0.0703125,0.0,-0.015625,0.68359375,0.068359375,0.021484375,0,0
1779556635.503764,0.0703125,0.0,-0.015625,0.68359375,0.068359375,0.021484375,0,0
1779556635.511757,0.0703125,0.0,-0.015625,0.68359375,0.0703125,0.021484375,0,0
1779556635.519773,0.06640625,0.0,-0.015625,0.68359375,0.0703125,0.021484375,0,0
1779556635.527761,0.06640625,0.0,-0.015625,0.68359375,0.0703125,0.021484375,0,0
1779556635.535805,0.06640625,0.0,-0.015625,0.68359375,0.0703125,0.021484375,0,0
1779556635.543784,0.06640625,0.0,-0.015625,0.68359375,0.07421875,0.021484375,0,0
1779556635.551794,0.06640625,0.0,-0.015625,0.68359375,0.07421875,0.021484375,0,0
1779556635.559791,0.06640625,0.0,-0.015625,0.68359375,0.07421875,0.021484375,0,0
1779556635.567761,0.0625,0.0,-0.015625,0.68359375,0.07421875,0.021484375,0,0
1779556635.575759,0.0625,0.0,-0.015625,0.68359375,0.078125,0.0234375,0,0
1779556635.583778,0.0625,0.0,-0.015625,0.68359375,0.078125,0.0234375,0,0
1779556635.591808,0.0625,0.0,-0.015625,0.68359375,0.08203125,0.0234375,0,0
1779556635.599837,0.068359375,-0.009765625,-0.015625,0.68359375,0.08203125,0.0234375,0,0
1779556635.607768,0.068359375,-0.009765625,-0.015625,0.68359375,0.099609375,0.0234375,0,0
1779556635.615814,0.07421875,-0.015625,-0.015625,0.68359375,0.099609375,0.0234375,0,0
1779556635.623805,0.07421875,-0.015625,-0.015625,0.68359375,0.103515625,0.01953125,0,0
1779556635.631777,0.083984375,-0.021484375,-0.015625,0.68359375,0.103515625,0.01953125,0,0
1779556635.639725,0.083984375,-0.021484375,-0.015625,0.68359375,0.115234375,0.015625,0,0
1779556635.647805,0.08203125,-0.03125,-0.015625,0.68359375,0.115234375,0.015625,0,0
1779556635.655785,0.08203125,-0.03125,-0.015625,0.68359375,0.134765625,0.017578125,0,0
1779556635.663779,0.078125,-0.04296875,-0.015625,0.68359375,0.134765625,0.017578125,0,0
1779556635.671763,0.078125,-0.04296875,-0.015625,0.68359375,0.16015625,0.01953125,0,0
1779556635.679784,0.08203125,-0.05078125,-0.015625,0.68359375,0.16015625,0.01953125,0,0
1779556635.687710,0.08203125,-0.05078125,-0.015625,0.68359375,0.189453125,0.021484375,0,0
1779556635.695777,0.091796875,-0.056640625,-0.015625,0.68359375,0.189453125,0.021484375,0,0
1779556635.703796,0.091796875,-0.056640625,-0.015625,0.68359375,0.2109375,0.0234375,0,0
1779556635.711731,0.099609375,-0.064453125,0.0,0.68359375,0.2109375,0.0234375,0,0
1779556635.719767,0.099609375,-0.064453125,0.0,0.68359375,0.2265625,0.0234375,0,0
1779556635.727767,0.103515625,-0.080078125,-0.029296875,0.68359375,0.2265625,0.0234375,0,0
1779556635.735747,0.103515625,-0.080078125,-0.029296875,0.68359375,0.244140625,0.029296875,0,0
1779556635.743720,0.10546875,-0.08984375,-0.060546875,0.68359375,0.244140625,0.029296875,0,0
1779556635.751731,0.10546875,-0.08984375,-0.060546875,0.68359375,0.26171875,0.0390625,0,0
1779556635.759699,0.11328125,-0.09765625,-0.08203125,0.68359375,0.26171875,0.0390625,0,0
1779556635.767782,0.11328125,-0.09765625,-0.08203125,0.68359375,0.283203125,0.05078125,0,0
1779556635.775791,0.119140625,-0.12109375,-0.09375,0.68359375,0.283203125,0.05078125,0,0
1779556635.783748,0.119140625,-0.12109375,-0.09375,0.6796875,0.302734375,0.072265625,0,0
1779556635.791736,0.119140625,-0.142578125,-0.111328125,0.6796875,0.302734375,0.072265625,0,0
1779556635.799842,0.119140625,-0.142578125,-0.111328125,0.64453125,0.33203125,0.1015625,0,0
1779556635.807758,0.123046875,-0.154296875,-0.12890625,0.64453125,0.33203125,0.1015625,0,0
1779556635.815746,0.123046875,-0.154296875,-0.12890625,0.587890625,0.365234375,0.134765625,0,0
1779556635.823759,0.140625,-0.15234375,-0.12890625,0.587890625,0.365234375,0.134765625,0,0
1779556635.831804,0.140625,-0.15234375,-0.12890625,0.51171875,0.41015625,0.16015625,0,0
1779556635.839784,0.150390625,-0.15625,-0.10546875,0.51171875,0.41015625,0.16015625,0,0
1779556635.847734,0.150390625,-0.15625,-0.10546875,0.400390625,0.466796875,0.173828125,0,0
1779556635.855756,0.154296875,-0.154296875,-0.083984375,0.400390625,0.466796875,0.173828125,0,0
1779556635.863740,0.154296875,-0.154296875,-0.083984375,0.298828125,0.51171875,0.181640625,0,0
1779556635.871722,0.134765625,-0.154296875,-0.068359375,0.298828125,0.51171875,0.181640625,0,0
1779556635.879773,0.134765625,-0.154296875,-0.068359375,0.140625,0.57421875,0.208984375,0,0
1779556635.887811,0.095703125,-0.150390625,-0.0625,0.140625,0.57421875,0.208984375,0,0
1779556635.895753,0.095703125,-0.150390625,-0.0625,0.140625,0.59375,0.23046875,0,0
1779556635.903768,0.0546875,-0.15234375,-0.044921875,0.140625,0.59375,0.23046875,0,0
1779556635.911743,0.0546875,-0.15234375,-0.044921875,-0.017578125,0.59375,0.25,0,0
1779556635.919752,0.0234375,-0.15234375,-0.029296875,-0.017578125,0.59375,0.25,0,0
1779556635.927733,0.0234375,-0.15234375,-0.029296875,-0.05859375,0.59375,0.26171875,0,0
1779556635.935725,0.0234375,-0.150390625,-0.01171875,-0.05859375,0.59375,0.26171875,0,0
1779556635.943723,0.0234375,-0.150390625,-0.01171875,-0.099609375,0.599609375,0.27734375,0,0
1779556635.951782,0.0234375,-0.150390625,-0.01171875,-0.099609375,0.599609375,0.27734375,0,0
1779556635.959799,0.0234375,-0.150390625,-0.01171875,-0.140625,0.6015625,0.291015625,0,0
1779556635.967766,0.0234375,-0.15234375,-0.01171875,-0.140625,0.6015625,0.291015625,0,0
1779556635.975803,0.0234375,-0.15234375,-0.01171875,-0.17578125,0.607421875,0.302734375,0,0
1779556635.983808,-0.0234375,-0.15234375,-0.01171875,-0.17578125,0.607421875,0.302734375,0,0
1779556635.991776,-0.0234375,-0.15234375,-0.01171875,-0.208984375,0.609375,0.314453125,0,0
1779556635.999840,-0.0546875,-0.16015625,-0.01171875,-0.208984375,0.609375,0.314453125,0,0
1779556636.007773,-0.0546875,-0.16015625,-0.01171875,-0.232421875,0.603515625,0.333984375,0,0
1779556636.015782,-0.076171875,-0.1640625,-0.01171875,-0.232421875,0.603515625,0.333984375,0,0
1779556636.023725,-0.076171875,-0.1640625,-0.01171875,-0.25390625,0.595703125,0.341796875,0,0
1779556636.031766,-0.076171875,-0.1640625,-0.01171875,-0.25390625,0.595703125,0.341796875,0,0
1779556636.039785,-0.076171875,-0.1640625,-0.01171875,-0.259765625,0.595703125,0.341796875,0,0
1779556636.047796,-0.08203125,-0.16015625,-0.01171875,-0.259765625,0.595703125,0.341796875,0,0
1779556636.055756,-0.08203125,-0.16015625,-0.01171875,-0.2734375,0.595703125,0.33984375,0,0
1779556636.063742,-0.083984375,-0.158203125,-0.01171875,-0.2734375,0.595703125,0.33984375,0,0
1779556636.071764,-0.083984375,-0.158203125,-0.01171875,-0.291015625,0.599609375,0.33203125,0,0
1779556636.079728,-0.0859375,-0.16015625,-0.01171875,-0.291015625,0.599609375,0.33203125,0,0
1779556636.087768,-0.0859375,-0.16015625,-0.01171875,-0.3046875,0.591796875,0.326171875,0,0
1779556636.095801,-0.080078125,-0.16796875,-0.01171875,-0.3046875,0.591796875,0.326171875,0,0
1779556636.103763,-0.080078125,-0.16796875,-0.01171875,-0.318359375,0.58984375,0.318359375,0,0
1779556636.111759,-0.080078125,-0.173828125,-0.01171875,-0.318359375,0.58984375,0.318359375,0,0
1779556636.119755,-0.080078125,-0.173828125,-0.01171875,-0.32421875,0.5859375,0.314453125,0,0
1779556636.127722,-0.078125,-0.1796875,-0.01171875,-0.32421875,0.5859375,0.314453125,0,0
1779556636.135719,-0.078125,-0.1796875,-0.01171875,-0.3359375,0.576171875,0.310546875,0,0
1779556636.143781,-0.07421875,-0.185546875,-0.01171875,-0.3359375,0.576171875,0.310546875,0,0
1779556636.151775,-0.07421875,-0.185546875,-0.01171875,-0.345703125,0.572265625,0.3046875,0,0
1779556636.159746,-0.072265625,-0.1875,-0.01171875,-0.345703125,0.572265625,0.3046875,0,0
1779556636.167794,-0.072265625,-0.1875,-0.01171875,-0.35546875,0.5703125,0.30078125,0,0
1779556636.175730,-0.0703125,-0.19140625,-0.01171875,-0.35546875,0.5703125,0.30078125,0,0
1779556636.183745,-0.0703125,-0.19140625,-0.01171875,-0.359375,0.56640625,0.294921875,0,0
1779556636.191781,-0.068359375,-0.1953125,-0.01171875,-0.359375,0.56640625,0.294921875,0,0
1779556636.199754,-0.068359375,-0.1953125,-0.01171875,-0.36328125,0.56640625,0.2890625,0,0
1779556636.207746,-0.064453125,-0.19921875,-0.01171875,-0.36328125,0.56640625,0.2890625,0,0
1779556636.215739,-0.064453125,-0.19921875,-0.01171875,-0.365234375,0.56640625,0.28515625,0,0
1779556636.223790,-0.0625,-0.201171875,-0.01171875,-0.365234375,0.56640625,0.28515625,0,0
1779556636.231751,-0.0625,-0.201171875,-0.01171875,-0.37890625,0.55859375,0.283203125,0,0
1779556636.239736,-0.05859375,-0.203125,-0.01171875,-0.37890625,0.55859375,0.283203125,0,0
1779556636.247780,-0.05859375,-0.203125,-0.01171875,-0.39453125,0.546875,0.279296875,0,0
1779556636.255760,-0.05859375,-0.203125,-0.01171875,-0.39453125,0.546875,0.279296875,0,0
1779556636.263799,-0.05859375,-0.203125,-0.01171875,-0.40234375,0.541015625,0.27734375,0,0
1779556636.271776,-0.056640625,-0.203125,-0.01171875,-0.40234375,0.541015625,0.27734375,0,0
1779556636.279810,-0.056640625,-0.203125,-0.01171875,-0.416015625,0.529296875,0.27734375,0,0
1779556636.287801,-0.0546875,-0.203125,-0.01171875,-0.416015625,0.529296875,0.27734375,0,0
1779556636.295741,-0.0546875,-0.203125,-0.01171875,-0.42578125,0.525390625,0.2734375,0,0
1779556636.303745,-0.05078125,-0.203125,-0.01171875,-0.42578125,0.525390625,0.2734375,0,0
1779556636.311754,-0.05078125,-0.203125,-0.01171875,-0.427734375,0.5234375,0.271484375,0,0
1779556636.319770,-0.044921875,-0.205078125,-0.01171875,-0.427734375,0.5234375,0.271484375,0,0
1779556636.327760,-0.044921875,-0.205078125,-0.01171875,-0.431640625,0.5234375,0.263671875,0,0
1779556636.335783,-0.04296875,-0.205078125,-0.01171875,-0.431640625,0.5234375,0.263671875,0,0
1779556636.343751,-0.04296875,-0.205078125,-0.01171875,-0.4375,0.51953125,0.26171875,0,0
1779556636.351781,-0.041015625,-0.205078125,-0.01171875,-0.4375,0.51953125,0.26171875,0,0
1779556636.359761,-0.041015625,-0.205078125,-0.01171875,-0.4453125,0.51171875,0.259765625,0,0
1779556636.367785,-0.04296875,-0.203125,-0.01171875,-0.4453125,0.51171875,0.259765625,0,0
1779556636.375767,-0.04296875,-0.203125,-0.01171875,-0.453125,0.501953125,0.26171875,0,0
1779556636.383793,-0.04296875,-0.203125,-0.01171875,-0.453125,0.501953125,0.26171875,0,0
1779556636.391774,-0.04296875,-0.203125,-0.01171875,-0.45703125,0.498046875,0.26171875,0,0
1779556636.399785,-0.041015625,-0.205078125,-0.01171875,-0.45703125,0.498046875,0.26171875,0,0
1779556636.407766,-0.041015625,-0.205078125,-0.01171875,-0.4609375,0.48828125,0.26171875,0,0
1779556636.415755,-0.0390625,-0.205078125,-0.01171875,-0.4609375,0.48828125,0.26171875,0,0
1779556636.423785,-0.0390625,-0.205078125,-0.01171875,-0.46484375,0.486328125,0.26171875,0,0
1779556636.431791,-0.0390625,-0.208984375,-0.01171875,-0.46484375,0.486328125,0.26171875,0,0
1779556636.439744,-0.0390625,-0.208984375,-0.01171875,-0.466796875,0.48046875,0.26171875,0,0
1779556636.447743,-0.0390625,-0.208984375,-0.01171875,-0.466796875,0.48046875,0.26171875,0,0
1779556636.455738,-0.0390625,-0.208984375,-0.01171875,-0.466796875,0.4765625,0.26171875,0,0
1779556636.463737,-0.037109375,-0.208984375,0.0,-0.466796875,0.4765625,0.26171875,0,0
1779556636.471737,-0.037109375,-0.208984375,0.0,-0.470703125,0.470703125,0.26171875,0,0
1779556636.479832,-0.037109375,-0.208984375,-0.00390625,-0.470703125,0.470703125,0.26171875,0,0
1779556636.487812,-0.037109375,-0.208984375,-0.00390625,-0.47265625,0.470703125,0.26171875,0,0
1779556636.495782,-0.037109375,-0.2109375,-0.005859375,-0.47265625,0.470703125,0.26171875,0,0
1779556636.503771,-0.037109375,-0.2109375,-0.005859375,-0.47265625,0.46484375,0.263671875,0,0
1779556636.511760,-0.037109375,-0.2109375,-0.00390625,-0.47265625,0.46484375,0.263671875,0,0
1779556636.519775,-0.037109375,-0.2109375,-0.00390625,-0.474609375,0.46484375,0.263671875,0,0
1779556636.527757,-0.0390625,-0.2109375,-0.00390625,-0.474609375,0.46484375,0.263671875,0,0
1779556636.535764,-0.0390625,-0.2109375,-0.00390625,-0.474609375,0.46484375,0.263671875,0,0
1779556636.543766,-0.0390625,-0.2109375,-0.00390625,-0.474609375,0.46484375,0.263671875,0,0
1779556636.551767,-0.0390625,-0.2109375,-0.00390625,-0.47265625,0.46484375,0.265625,0,0
1779556636.559760,-0.0390625,-0.2109375,-0.00390625,-0.47265625,0.46484375,0.265625,0,0
1779556636.567747,-0.0390625,-0.2109375,-0.00390625,-0.47265625,0.46484375,0.265625,0,0
1779556636.575789,-0.0390625,-0.208984375,-0.00390625,-0.47265625,0.46484375,0.265625,0,0
1779556636.583779,-0.0390625,-0.208984375,-0.00390625,-0.47265625,0.46484375,0.265625,0,0
1779556636.591784,-0.0390625,-0.208984375,-0.00390625,-0.47265625,0.46484375,0.265625,0,0
1779556636.599838,-0.0390625,-0.208984375,-0.00390625,-0.47265625,0.46484375,0.265625,0,0
1779556636.607755,-0.041015625,-0.208984375,-0.00390625,-0.47265625,0.46484375,0.265625,0,0
1779556636.615737,-0.041015625,-0.208984375,-0.00390625,-0.47265625,0.46484375,0.267578125,0,0
1779556636.623745,-0.041015625,-0.208984375,-0.00390625,-0.47265625,0.46484375,0.267578125,0,0
1779556636.631847,-0.041015625,-0.208984375,-0.00390625,-0.47265625,0.46484375,0.267578125,0,0
1779556636.639798,-0.0390625,-0.208984375,-0.00390625,-0.47265625,0.46484375,0.267578125,0,0
1779556636.647820,-0.0390625,-0.208984375,-0.00390625,-0.470703125,0.46484375,0.267578125,0,0
1779556636.655748,-0.037109375,-0.20703125,0.0,-0.470703125,0.46484375,0.267578125,0,0
1779556636.663728,-0.037109375,-0.20703125,0.0,-0.470703125,0.466796875,0.267578125,0,0
1779556636.671731,-0.033203125,-0.19921875,0.0,-0.470703125,0.466796875,0.267578125,0,0
1779556636.679760,-0.033203125,-0.19921875,0.0,-0.470703125,0.470703125,0.263671875,0,0
1779556636.687739,-0.0234375,-0.193359375,0.0,-0.470703125,0.470703125,0.263671875,0,0
1779556636.695779,-0.0234375,-0.193359375,0.0,-0.462890625,0.4765625,0.263671875,0,0
1779556636.703754,-0.013671875,-0.177734375,0.0,-0.462890625,0.4765625,0.263671875,0,0
1779556636.711775,-0.013671875,-0.177734375,0.0,-0.44921875,0.484375,0.263671875,0,0
1779556636.719759,-0.013671875,-0.16015625,0.0,-0.44921875,0.484375,0.263671875,0,0
1779556636.727759,-0.013671875,-0.16015625,0.0,-0.435546875,0.49609375,0.26171875,0,0
1779556636.735774,-0.013671875,-0.1328125,0.0,-0.435546875,0.49609375,0.26171875,0,0
1779556636.743802,-0.013671875,-0.1328125,0.0,-0.408203125,0.5078125,0.263671875,0,0
1779556636.751764,-0.013671875,-0.111328125,0.0,-0.408203125,0.5078125,0.263671875,0,0
1779556636.759781,-0.013671875,-0.111328125,0.0,-0.384765625,0.51171875,0.263671875,0,0
1779556636.767755,-0.013671875,-0.091796875,0.0,-0.384765625,0.51171875,0.263671875,0,0
1779556636.775749,-0.013671875,-0.091796875,0.0,-0.365234375,0.51171875,0.265625,0,0
1779556636.783749,-0.013671875,-0.078125,0.0,-0.365234375,0.51171875,0.265625,0,0
1779556636.791754,-0.013671875,-0.078125,0.0,-0.3515625,0.5078125,0.265625,0,0
1779556636.799816,0.01171875,-0.068359375,0.0,-0.3515625,0.5078125,0.265625,0,0
1779556636.807765,0.01171875,-0.068359375,0.0,-0.3359375,0.498046875,0.26953125,0,0
1779556636.815810,0.03125,-0.060546875,0.0,-0.3359375,0.498046875,0.26953125,0,0
1779556636.823813,0.03125,-0.060546875,0.0,-0.31640625,0.48828125,0.27734375,0,0
1779556636.831779,0.037109375,-0.0546875,0.0,-0.31640625,0.48828125,0.27734375,0,0
1779556636.839795,0.037109375,-0.0546875,0.0,-0.3125,0.4765625,0.28515625,0,0
1779556636.847784,0.0390625,-0.05078125,0.0,-0.3125,0.4765625,0.28515625,0,0
1779556636.855766,0.0390625,-0.05078125,0.0,-0.314453125,0.466796875,0.291015625,0,0
1779556636.863751,0.0390625,-0.052734375,0.0,-0.314453125,0.466796875,0.291015625,0,0
1779556636.871766,0.0390625,-0.052734375,0.0,-0.31640625,0.462890625,0.29296875,0,0
1779556636.879740,0.041015625,-0.05078125,0.0,-0.31640625,0.462890625,0.29296875,0,0
1779556636.887747,0.041015625,-0.05078125,0.0,-0.318359375,0.455078125,0.29296875,0,0
1779556636.895758,0.029296875,-0.052734375,-0.005859375,-0.318359375,0.455078125,0.29296875,0,0
1779556636.903744,0.029296875,-0.052734375,-0.005859375,-0.30078125,0.443359375,0.287109375,0,0
1779556636.911739,0.029296875,-0.060546875,-0.015625,-0.30078125,0.443359375,0.287109375,0,0
1779556636.919745,0.029296875,-0.060546875,-0.015625,-0.287109375,0.421875,0.27734375,0,0
1779556636.927742,0.029296875,-0.060546875,-0.013671875,-0.287109375,0.421875,0.27734375,0,0
1779556636.935707,0.029296875,-0.060546875,-0.013671875,-0.271484375,0.376953125,0.251953125,0,0
1779556636.943728,0.029296875,-0.0546875,-0.009765625,-0.271484375,0.376953125,0.251953125,0,0
1779556636.951762,0.029296875,-0.0546875,-0.009765625,-0.2578125,0.333984375,0.23828125,0,0
1779556636.959776,-0.060546875,-0.052734375,-0.01171875,-0.2578125,0.333984375,0.23828125,0,0
1779556636.967770,-0.060546875,-0.052734375,-0.01171875,-0.234375,0.2578125,0.2265625,0,0
1779556636.975790,-0.126953125,-0.048828125,-0.005859375,-0.234375,0.2578125,0.2265625,0,0
1779556636.983785,-0.126953125,-0.048828125,-0.005859375,-0.220703125,0.185546875,0.224609375,0,0
1779556636.991772,-0.18359375,-0.04296875,-0.005859375,-0.220703125,0.185546875,0.224609375,0,0
1779556636.999798,-0.18359375,-0.04296875,-0.005859375,-0.208984375,0.12890625,0.21875,0,0
1779556637.007759,-0.234375,-0.0390625,-0.005859375,-0.208984375,0.12890625,0.21875,0,0
1779556637.015800,-0.234375,-0.0390625,-0.005859375,-0.19921875,0.08203125,0.21484375,0,0
1779556637.023752,-0.2734375,-0.037109375,-0.005859375,-0.19921875,0.08203125,0.21484375,0,0
1779556637.031744,-0.2734375,-0.037109375,-0.005859375,-0.18359375,0.0390625,0.203125,0,0
1779556637.039773,-0.298828125,-0.029296875,-0.005859375,-0.18359375,0.0390625,0.203125,0,0
1779556637.047765,-0.298828125,-0.029296875,-0.005859375,-0.162109375,0.0,0.1875,0,0
1779556637.055768,-0.318359375,-0.029296875,-0.005859375,-0.162109375,0.0,0.1875,0,0
1779556637.063797,-0.318359375,-0.029296875,-0.005859375,-0.150390625,0.0,0.185546875,0,0
1779556637.071800,-0.345703125,-0.02734375,-0.005859375,-0.150390625,0.0,0.185546875,0,0
1779556637.079769,-0.345703125,-0.02734375,-0.005859375,-0.12890625,0.0,0.1796875,0,0
1779556637.087760,-0.373046875,-0.02734375,-0.009765625,-0.12890625,0.0,0.1796875,0,0
1779556637.095770,-0.373046875,-0.02734375,-0.009765625,-0.125,0.0,0.17578125,0,0
1779556637.103762,-0.400390625,-0.0234375,-0.015625,-0.125,0.0,0.17578125,0,0
1779556637.111802,-0.400390625,-0.0234375,-0.015625,-0.125,0.0,0.171875,0,0
1779556637.119752,-0.4140625,-0.015625,-0.01171875,-0.125,0.0,0.171875,0,0
1779556637.127764,-0.4140625,-0.015625,-0.01171875,-0.123046875,0.0,0.1640625,0,0
1779556637.135766,-0.42578125,-0.009765625,-0.009765625,-0.123046875,0.0,0.1640625,0,0
1779556637.143784,-0.42578125,-0.009765625,-0.009765625,-0.125,-0.00390625,0.154296875,0,0
1779556637.151768,-0.4453125,-0.009765625,-0.009765625,-0.125,-0.00390625,0.154296875,0,0
1779556637.159776,-0.4453125,-0.009765625,-0.009765625,-0.13671875,-0.013671875,0.1484375,0,0
1779556637.167812,-0.462890625,-0.009765625,-0.017578125,-0.13671875,-0.013671875,0.1484375,0,0
1779556637.175814,-0.462890625,-0.009765625,-0.017578125,-0.138671875,-0.021484375,0.14453125,0,0
1779556637.183743,-0.478515625,-0.009765625,-0.025390625,-0.138671875,-0.021484375,0.14453125,0,0
1779556637.191729,-0.478515625,-0.009765625,-0.025390625,-0.13671875,-0.03125,0.142578125,0,0
1779556637.199797,-0.486328125,-0.009765625,-0.033203125,-0.13671875,-0.03125,0.142578125,0,0
1779556637.207774,-0.486328125,-0.009765625,-0.033203125,-0.134765625,-0.03515625,0.140625,0,0
1779556637.215740,-0.486328125,-0.009765625,-0.041015625,-0.134765625,-0.03515625,0.140625,0,0
1779556637.223733,-0.486328125,-0.009765625,-0.041015625,-0.13671875,-0.03515625,0.138671875,0,0
1779556637.231735,-0.486328125,-0.009765625,-0.044921875,-0.13671875,-0.03515625,0.138671875,0,0
1779556637.239787,-0.486328125,-0.009765625,-0.044921875,-0.138671875,-0.037109375,0.13671875,0,0
1779556637.247767,-0.494140625,-0.009765625,-0.056640625,-0.138671875,-0.037109375,0.13671875,0,0
1779556637.255793,-0.494140625,-0.009765625,-0.056640625,-0.140625,-0.046875,0.13671875,0,0
1779556637.263725,-0.5078125,-0.009765625,-0.0703125,-0.140625,-0.046875,0.13671875,0,0
1779556637.271799,-0.5078125,-0.009765625,-0.0703125,-0.13671875,-0.0546875,0.134765625,0,0
1779556637.279778,-0.521484375,-0.009765625,-0.07421875,-0.13671875,-0.0546875,0.134765625,0,0
1779556637.287730,-0.521484375,-0.009765625,-0.07421875,-0.1328125,-0.05859375,0.1328125,0,0
1779556637.295757,-0.5390625,-0.009765625,-0.080078125,-0.1328125,-0.05859375,0.1328125,0,0
1779556637.303802,-0.5390625,-0.009765625,-0.080078125,-0.134765625,-0.064453125,0.130859375,0,0
1779556637.311777,-0.546875,-0.009765625,-0.08984375,-0.134765625,-0.064453125,0.130859375,0,0
1779556637.319807,-0.546875,-0.009765625,-0.08984375,-0.138671875,-0.068359375,0.12890625,0,0
1779556637.327767,-0.546875,0.0,-0.1015625,-0.138671875,-0.068359375,0.12890625,0,0
1779556637.335770,-0.546875,0.0,-0.1015625,-0.14453125,-0.0703125,0.126953125,0,0
1779556637.343826,-0.55078125,-0.00390625,-0.109375,-0.14453125,-0.0703125,0.126953125,0,0
1779556637.351744,-0.55078125,-0.00390625,-0.109375,-0.150390625,-0.072265625,0.126953125,0,0
1779556637.359734,-0.560546875,-0.00390625,-0.119140625,-0.150390625,-0.072265625,0.126953125,0,0
1779556637.367816,-0.560546875,-0.00390625,-0.119140625,-0.150390625,-0.080078125,0.126953125,0,0
1779556637.375813,-0.57421875,-0.00390625,-0.126953125,-0.150390625,-0.080078125,0.126953125,0,0
1779556637.383800,-0.57421875,-0.00390625,-0.126953125,-0.15234375,-0.08984375,0.126953125,0,0
1779556637.391792,-0.583984375,-0.00390625,-0.130859375,-0.15234375,-0.08984375,0.126953125,0,0
1779556637.399868,-0.583984375,-0.00390625,-0.130859375,-0.150390625,-0.091796875,0.125,0,0
1779556637.407774,-0.59375,-0.00390625,-0.1328125,-0.150390625,-0.091796875,0.125,0,0
1779556637.415808,-0.59375,-0.00390625,-0.1328125,-0.150390625,-0.09765625,0.123046875,0,0
1779556637.423788,-0.603515625,-0.00390625,-0.142578125,-0.150390625,-0.09765625,0.123046875,0,0
1779556637.431760,-0.603515625,-0.00390625,-0.142578125,-0.1484375,-0.10546875,0.123046875,0,0
1779556637.439770,-0.611328125,-0.00390625,-0.150390625,-0.1484375,-0.10546875,0.123046875,0,0
1779556637.447722,-0.611328125,-0.00390625,-0.150390625,-0.142578125,-0.11328125,0.12109375,0,0
1779556637.455789,-0.61328125,0.0,-0.16015625,-0.142578125,-0.11328125,0.12109375,0,0
1779556637.463746,-0.61328125,0.0,-0.16015625,-0.13671875,-0.115234375,0.12109375,0,0
1779556637.471780,-0.61328125,-0.009765625,-0.16015625,-0.13671875,-0.115234375,0.12109375,0,0
1779556637.479763,-0.61328125,-0.009765625,-0.16015625,-0.1328125,-0.115234375,0.119140625,0,0
1779556637.487816,-0.609375,-0.01171875,-0.16015625,-0.1328125,-0.115234375,0.119140625,0,0
1779556637.495806,-0.609375,-0.01171875,-0.16015625,-0.12890625,-0.11328125,0.1171875,0,0
1779556637.503762,-0.60546875,-0.01171875,-0.1640625,-0.12890625,-0.11328125,0.1171875,0,0
1779556637.511787,-0.60546875,-0.01171875,-0.1640625,-0.130859375,-0.111328125,0.115234375,0,0
1779556637.519749,-0.603515625,-0.009765625,-0.1640625,-0.130859375,-0.111328125,0.115234375,0,0
1779556637.527791,-0.603515625,-0.009765625,-0.1640625,-0.1328125,-0.11328125,0.11328125,0,0
1779556637.535852,-0.603515625,-0.009765625,-0.1640625,-0.1328125,-0.11328125,0.11328125,0,0
1779556637.543899,-0.603515625,-0.009765625,-0.1640625,-0.13671875,-0.111328125,0.111328125,0,0
1779556637.551762,-0.60546875,-0.009765625,-0.166015625,-0.13671875,-0.111328125,0.111328125,0,0
1779556637.559751,-0.60546875,-0.009765625,-0.166015625,-0.134765625,-0.11328125,0.109375,0,0
1779556637.567915,-0.603515625,-0.009765625,-0.16796875,-0.134765625,-0.11328125,0.109375,0,0
1779556637.575825,-0.603515625,-0.009765625,-0.16796875,-0.130859375,-0.11328125,0.107421875,0,0
1779556637.583828,-0.583984375,-0.0078125,-0.166015625,-0.130859375,-0.11328125,0.107421875,0,0
1779556637.591811,-0.583984375,-0.0078125,-0.166015625,-0.12890625,-0.103515625,0.107421875,0,0
1779556637.599806,-0.5546875,-0.005859375,-0.16015625,-0.12890625,-0.103515625,0.107421875,0,0
1779556637.607816,-0.5546875,-0.005859375,-0.16015625,-0.12890625,-0.087890625,0.109375,0,0
1779556637.615815,-0.517578125,-0.005859375,-0.158203125,-0.12890625,-0.087890625,0.109375,0,0
1779556637.623719,-0.517578125,-0.005859375,-0.158203125,-0.130859375,-0.072265625,0.111328125,0,0
1779556637.631764,-0.46484375,-0.005859375,-0.150390625,-0.130859375,-0.072265625,0.111328125,0,0
1779556637.639809,-0.46484375,-0.005859375,-0.150390625,-0.13671875,-0.048828125,0.1171875,0,0
1779556637.647778,-0.40234375,0.0,-0.138671875,-0.13671875,-0.048828125,0.1171875,0,0
1779556637.655793,-0.40234375,0.0,-0.138671875,-0.146484375,-0.025390625,0.12109375,0,0
1779556637.663712,-0.34375,0.0,-0.123046875,-0.146484375,-0.025390625,0.12109375,0,0
1779556637.671735,-0.34375,0.0,-0.123046875,-0.14453125,0.0,0.125,0,0
1779556637.679744,-0.28125,0.0,-0.111328125,-0.14453125,0.0,0.125,0,0
1779556637.687800,-0.28125,0.0,-0.111328125,-0.138671875,0.0,0.12890625,0,0
1779556637.695776,-0.212890625,0.0,-0.099609375,-0.138671875,0.0,0.12890625,0,0
1779556637.703786,-0.212890625,0.0,-0.099609375,-0.1328125,0.0,0.130859375,0,0
1779556637.711776,-0.138671875,0.0,-0.080078125,-0.1328125,0.0,0.130859375,0,0
1779556637.719750,-0.138671875,0.0,-0.080078125,-0.1171875,0.0,0.125,0,0
1779556637.727738,-0.064453125,0.0,-0.072265625,-0.1171875,0.0,0.125,0,0
1779556637.735822,-0.064453125,0.0,-0.072265625,-0.1015625,0.0,0.107421875,0,0
1779556637.743812,-0.005859375,0.0,-0.0546875,-0.1015625,0.0,0.107421875,0,0
1779556637.751794,-0.005859375,0.0,-0.0546875,-0.0859375,0.0,0.087890625,0,0
1779556637.759772,-0.005859375,0.0,-0.017578125,-0.0859375,0.0,0.087890625,0,0
1779556637.767822,-0.005859375,0.0,-0.017578125,-0.05078125,0.0,0.044921875,0,0
1779556637.783743,-0.005859375,0.0,-0.017578125,-0.05078125,0.0,0.00390625,0,0
1779556637.807757,-0.005859375,0.0,-0.041015625,-0.05078125,0.0,0.00390625,0,0
1779556637.815796,-0.005859375,0.0,-0.041015625,-0.0078125,0.0,0.00390625,0,0
1779556637.823804,-0.009765625,0.0,-0.029296875,-0.0078125,0.0,0.00390625,0,0
1779556637.831702,-0.009765625,0.0,-0.029296875,-0.021484375,0.0,0.00390625,0,0
1779556637.839798,-0.01171875,0.0,-0.013671875,-0.021484375,0.0,0.00390625,0,0
1779556637.847795,-0.01171875,0.0,-0.013671875,-0.021484375,0.0,-0.03125,0,0
1779556637.855782,-0.01171875,0.00390625,-0.013671875,-0.021484375,0.0,-0.03125,0,0
1779556637.863744,-0.01171875,0.00390625,-0.013671875,-0.02734375,0.0,-0.046875,0,0
1779556637.871739,0.01953125,0.03125,-0.013671875,-0.02734375,0.0,-0.046875,0,0
1779556637.879763,0.01953125,0.03125,-0.013671875,-0.052734375,0.044921875,-0.046875,0,0
1779556637.887761,-0.021484375,-0.0078125,-0.013671875,-0.052734375,0.044921875,-0.046875,0,0
1779556637.895723,-0.021484375,-0.0078125,-0.013671875,0.0078125,-0.013671875,-0.046875,0,0
1779556637.925742,0.0,0.0,0.0,0.0,0.0,0.0,0,0
1779556637.956780,0.0,0.0,0.0,0.0,0.0,0.0,0,0
1779556637.959751,-0.021484375,-0.0078125,-0.013671875,-0.005859375,-0.013671875,-0.046875,0,0
1779556637.975761,-0.021484375,-0.0078125,-0.013671875,0.00390625,-0.013671875,-0.046875,0,0
1779556638.005764,0.0,0.0,0.0,0.0,0.0,0.0,0,0
1779556638.023801,-0.021484375,-0.0078125,-0.013671875,0.0,-0.013671875,-0.046875,0,0
1779556638.053813,0.0,0.0,0.0,0.0,0.0,0.0,0,0
1779556638.055782,-0.021484375,-0.0078125,-0.013671875,0.0,-0.013671875,0.060546875,0,0
1779556638.071754,-0.021484375,-0.0078125,-0.013671875,0.0,-0.013671875,0.056640625,0,0
1779556638.087790,-0.021484375,-0.0078125,-0.013671875,0.0,0.005859375,0.044921875,0,0
1779556638.103822,-0.021484375,-0.0078125,-0.013671875,0.0,0.017578125,0.03125,0,0
1779556638.119811,-0.021484375,-0.0078125,-0.013671875,0.0,0.017578125,0.01953125,0,0
1779556638.149801,0.0,0.0,0.0,0.0,0.0,0.0,0,0
1779556638.180743,0.0,0.0,0.0,0.0,0.0,0.0,0,0
1779556638.191749,0.0078125,-0.0078125,-0.013671875,0.0,0.017578125,0.01953125,0,0
1779556638.199849,0.0078125,-0.0078125,-0.013671875,0.0,0.005859375,0.01953125,0,0
1779556638.207791,0.041015625,-0.0078125,-0.013671875,0.0,0.005859375,0.01953125,0,0
1779556638.215778,0.041015625,-0.0078125,-0.013671875,0.0,0.03515625,0.01953125,0,0
1779556638.223757,0.0625,-0.0078125,-0.013671875,0.0,0.03515625,0.01953125,0,0
1779556638.231735,0.0625,-0.0078125,-0.013671875,0.0,0.060546875,0.01953125,0,0
1779556638.239798,0.03125,0.0,-0.013671875,0.0,0.060546875,0.01953125,0,0
1779556638.247756,0.03125,0.0,-0.013671875,0.0,0.05859375,0.01953125,0,0
1779556638.263792,0.03125,0.0,-0.013671875,0.0,0.068359375,0.01953125,0,0
1779556638.279819,0.03125,0.0,-0.013671875,0.0,0.060546875,0.01953125,0,0
1779556638.287802,0.03125,0.0078125,-0.013671875,0.0,0.060546875,0.01953125,0,0
1779556638.295763,0.03125,0.0078125,-0.013671875,0.009765625,0.1015625,0.01953125,0,0
1779556638.303815,0.03125,0.009765625,-0.009765625,0.009765625,0.1015625,0.01953125,0,0
1779556638.311760,0.03125,0.009765625,-0.009765625,0.025390625,0.150390625,0.01953125,0,0
1779556638.319783,0.03125,0.0,-0.009765625,0.025390625,0.150390625,0.01953125,0,0
1779556638.327778,0.03125,0.0,-0.009765625,0.0546875,0.23046875,0.01953125,0,0
1779556638.335799,0.01953125,0.0,-0.009765625,0.0546875,0.23046875,0.01953125,0,0
1779556638.343766,0.01953125,0.0,-0.009765625,0.029296875,0.294921875,0.01953125,0,0
1779556638.351771,0.052734375,0.0703125,-0.009765625,0.029296875,0.294921875,0.01953125,0,0
1779556638.359749,0.052734375,0.0703125,-0.009765625,0.029296875,0.3359375,0.01953125,0,0
1779556638.367799,0.07421875,0.103515625,-0.009765625,0.029296875,0.3359375,0.01953125,0,0
1779556638.375805,0.07421875,0.103515625,-0.009765625,0.029296875,0.392578125,0.0,0,0
1779556638.383752,0.103515625,0.08984375,-0.009765625,0.029296875,0.392578125,0.0,0,0
1779556638.391781,0.103515625,0.08984375,-0.009765625,0.029296875,0.453125,0.0,0,0
1779556638.399745,0.126953125,0.033203125,-0.009765625,0.029296875,0.453125,0.0,0,0
1779556638.407829,0.126953125,0.033203125,-0.009765625,0.029296875,0.51953125,0.0,0,0
1779556638.415812,0.130859375,0.033203125,-0.009765625,0.029296875,0.51953125,0.0,0,0
1779556638.423766,0.130859375,0.033203125,-0.009765625,0.033203125,0.580078125,0.0,0,0
1779556638.431769,0.142578125,0.033203125,-0.009765625,0.033203125,0.580078125,0.0,0,0
1779556638.439746,0.142578125,0.033203125,-0.009765625,0.046875,0.62890625,0.0,0,0
1779556638.447764,0.14453125,0.033203125,-0.009765625,0.046875,0.62890625,0.0,0,0
1779556638.455806,0.14453125,0.033203125,-0.009765625,0.052734375,0.662109375,0.0,0,0
1779556638.463773,0.14453125,0.033203125,-0.009765625,0.052734375,0.662109375,0.0,0,0
1779556638.471808,0.14453125,0.033203125,-0.009765625,0.052734375,0.68359375,0.0,0,0
1779556638.479819,0.14453125,0.033203125,-0.009765625,0.052734375,0.68359375,0.0,0,0
1779556638.487746,0.14453125,0.033203125,-0.009765625,0.0625,0.68359375,0.0,0,0
1779556638.495775,0.138671875,0.017578125,-0.009765625,0.0625,0.68359375,0.0,0,0
1779556638.503783,0.138671875,0.017578125,-0.009765625,0.078125,0.68359375,0.0,0,0
1779556638.511826,0.107421875,0.005859375,0.00390625,0.078125,0.68359375,0.0,0,0
1779556638.519791,0.107421875,0.005859375,0.00390625,0.09765625,0.68359375,0.0,0,0
1779556638.527774,0.0625,0.005859375,0.00390625,0.09765625,0.68359375,0.0,0,0
1779556638.535772,0.0625,0.005859375,0.00390625,0.1171875,0.68359375,0.0,0,0
1779556638.543816,0.021484375,0.005859375,0.00390625,0.1171875,0.68359375,0.0,0,0
1779556638.551743,0.021484375,0.005859375,0.00390625,0.12890625,0.68359375,0.0,0,0
1779556638.559747,0.0,0.005859375,0.00390625,0.12890625,0.68359375,0.0,0,0
1779556638.567755,0.0,0.005859375,0.00390625,0.138671875,0.68359375,-0.01171875,0,0
1779556638.575799,0.021484375,0.005859375,0.00390625,0.138671875,0.68359375,-0.01171875,0,0
1779556638.583747,0.021484375,0.005859375,0.00390625,0.138671875,0.68359375,-0.041015625,0,0
1779556638.591737,0.041015625,0.005859375,-0.009765625,0.138671875,0.68359375,-0.041015625,0,0
1779556638.599789,0.041015625,0.005859375,-0.009765625,0.14453125,0.68359375,-0.0625,0,0
1779556638.607764,0.0546875,0.005859375,-0.013671875,0.14453125,0.68359375,-0.0625,0,0
1779556638.615758,0.0546875,0.005859375,-0.013671875,0.162109375,0.68359375,-0.08203125,0,0
1779556638.623820,0.0703125,0.005859375,0.0,0.162109375,0.68359375,-0.08203125,0,0
1779556638.631820,0.0703125,0.005859375,0.0,0.171875,0.68359375,-0.09765625,0,0
1779556638.639794,0.068359375,0.005859375,0.0,0.171875,0.68359375,-0.09765625,0,0
1779556638.647776,0.068359375,0.005859375,0.0,0.146484375,0.68359375,-0.107421875,0,0
1779556638.655738,0.04296875,0.005859375,0.0,0.146484375,0.68359375,-0.107421875,0,0
1779556638.663747,0.04296875,0.005859375,0.0,0.111328125,0.51171875,-0.115234375,0,0
1779556638.679746,0.04296875,0.005859375,0.0,0.11328125,0.150390625,-0.056640625,0,0
1779556638.687742,-0.017578125,0.005859375,0.0,0.11328125,0.150390625,-0.056640625,0,0
1779556638.717767,0.0,0.0,0.0,0.0,0.0,0.0,0,0
1779556638.727789,-0.017578125,0.005859375,0.0,-0.03125,0.150390625,-0.056640625,0,0
1779556638.735811,-0.048828125,0.04296875,0.00390625,-0.03125,0.150390625,-0.056640625,0,0
1779556638.743758,-0.048828125,0.04296875,0.00390625,-0.125,-0.037109375,-0.009765625,0,0
1779556638.751768,-0.01171875,0.044921875,0.00390625,-0.125,-0.037109375,-0.009765625,0,0
1779556638.759750,-0.01171875,0.044921875,0.00390625,-0.087890625,-0.037109375,-0.009765625,0,0
1779556638.775812,-0.01171875,0.044921875,0.00390625,-0.005859375,-0.037109375,-0.009765625,0,0
1779556638.805701,0.0,0.0,0.0,0.0,0.0,0.0,0,0
1779556638.836735,0.0,0.0,0.0,0.0,0.0,0.0,0,0
1779556638.867843,0.0,0.0,0.0,0.0,0.0,0.0,0,0
1779556638.898817,0.0,0.0,0.0,0.0,0.0,0.0,0,0
1779556638.929796,0.0,0.0,0.0,0.0,0.0,0.0,0,0
1779556638.960784,0.0,0.0,0.0,0.0,0.0,0.0,0,0
1779556638.991760,0.0,0.0,0.0,0.0,0.0,0.0,0,0
1779556639.022744,0.0,0.0,0.0,0.0,0.0,0.0,0,0
1779556639.053753,0.0,0.0,0.0,0.0,0.0,0.0,0,0
1779556639.084724,0.0,0.0,0.0,0.0,0.0,0.0,0,0
1779556639.115767,0.0,0.0,0.0,0.0,0.0,0.0,0,0
1779556639.146820,0.0,0.0,0.0,0.0,0.0,0.0,0,0
1779556639.177719,0.0,0.0,0.0,0.0,0.0,0.0,0,0
1779556639.208808,0.0,0.0,0.0,0.0,0.0,0.0,0,0
1779556639.239793,0.0,0.0,0.0,0.0,0.0,0.0,0,0
1779556639.270767,0.0,0.0,0.0,0.0,0.0,0.0,0,0
1779556639.301800,0.0,0.0,0.0,0.0,0.0,0.0,0,0
1779556639.332839,0.0,0.0,0.0,0.0,0.0,0.0,0,0
1779556639.363811,0.0,0.0,0.0,0.0,0.0,0.0,0,0
1779556639.394801,0.0,0.0,0.0,0.0,0.0,0.0,0,0
1779556639.425766,0.0,0.0,0.0,0.0,0.0,0.0,0,0
1779556639.456810,0.0,0.0,0.0,0.0,0.0,0.0,0,0
1779556639.487766,-0.01171875,0.044921875,0.0,-0.005859375,-0.037109375,-0.009765625,0,0
1779556639.503802,-0.01171875,0.044921875,0.0,-0.005859375,-0.037109375,-0.009765625,0,0
1779556639.511797,-0.01171875,0.044921875,0.0,-0.005859375,0.013671875,-0.009765625,0,0
1779556639.527734,-0.01171875,0.044921875,0.0,-0.005859375,0.005859375,-0.009765625,0,0
1779556639.535804,-0.01171875,0.0,0.0,-0.005859375,0.005859375,-0.009765625,0,0
1779556639.543782,-0.01171875,0.0,0.0,-0.005859375,0.005859375,0.0,0,0
1779556639.567789,-0.01953125,0.0,0.0,-0.005859375,0.005859375,0.0,0,0
1779556639.583781,-0.044921875,0.0,0.0,-0.005859375,0.005859375,0.0,0,0
1779556639.599777,-0.091796875,0.0,0.0,-0.005859375,0.005859375,0.0,0,0
1779556639.615801,-0.126953125,0.0,0.0,-0.005859375,0.005859375,0.0,0,0
1779556639.631772,-0.1484375,0.0,0.0,-0.005859375,0.005859375,0.0,0,0
1779556639.647734,-0.146484375,0.0,0.0,-0.005859375,0.005859375,0.0,0,0
1779556639.663745,-0.1328125,0.0,0.0,-0.005859375,0.005859375,0.0,0,0
1779556639.671825,-0.1328125,0.0,0.0,-0.005859375,0.0078125,0.0,0,0
1779556639.679812,-0.0703125,0.0,-0.01171875,-0.005859375,0.0078125,0.0,0,0
1779556639.687818,-0.0703125,0.0,-0.01171875,-0.005859375,0.01171875,0.0,0,0
1779556639.695736,-0.03125,0.0,-0.033203125,-0.005859375,0.01171875,0.0,0,0
1779556639.703825,-0.03125,0.0,-0.033203125,-0.005859375,0.046875,0.0,0,0
1779556639.711774,-0.03125,0.0,-0.009765625,-0.005859375,0.046875,0.0,0,0
1779556639.719806,-0.03125,0.0,-0.009765625,-0.005859375,0.080078125,0.0,0,0
1779556639.735804,-0.03125,0.0,-0.009765625,-0.005859375,0.16796875,0.0,0,0
1779556639.743768,0.013671875,-0.04296875,0.107421875,-0.005859375,0.16796875,0.0,0,0
1779556639.751807,0.013671875,-0.04296875,0.107421875,0.00390625,0.298828125,0.0,0,0
1779556639.759794,0.068359375,-0.0546875,0.169921875,0.00390625,0.298828125,0.0,0,0
1779556639.767787,0.068359375,-0.0546875,0.169921875,0.00390625,0.365234375,0.0,0,0
1779556639.775779,0.16015625,-0.05859375,0.23046875,0.00390625,0.365234375,0.0,0,0
1779556639.783785,0.16015625,-0.05859375,0.23046875,0.00390625,0.458984375,0.009765625,0,0
1779556639.791776,0.2109375,-0.076171875,0.271484375,0.00390625,0.458984375,0.009765625,0,0
1779556639.799772,0.2109375,-0.076171875,0.271484375,0.00390625,0.525390625,0.02734375,0,0
1779556639.807797,0.234375,-0.095703125,0.28125,0.00390625,0.525390625,0.02734375,0,0
1779556639.815812,0.234375,-0.095703125,0.28125,0.00390625,0.56640625,0.033203125,0,0
1779556639.823782,0.224609375,-0.10546875,0.251953125,0.00390625,0.56640625,0.033203125,0,0
1779556639.831725,0.224609375,-0.10546875,0.251953125,0.00390625,0.59375,0.025390625,0,0
1779556639.839794,0.2109375,-0.115234375,0.23828125,0.00390625,0.59375,0.025390625,0,0
1779556639.847778,0.2109375,-0.115234375,0.23828125,0.00390625,0.60546875,0.017578125,0,0
1779556639.855831,0.1953125,-0.12109375,0.22265625,0.00390625,0.60546875,0.017578125,0,0
1779556639.863793,0.1953125,-0.12109375,0.22265625,0.00390625,0.6171875,0.01171875,0,0
1779556639.871742,0.18359375,-0.1328125,0.2109375,0.00390625,0.6171875,0.01171875,0,0
1779556639.879763,0.18359375,-0.1328125,0.2109375,0.00390625,0.623046875,0.009765625,0,0
1779556639.887793,0.177734375,-0.138671875,0.201171875,0.00390625,0.623046875,0.009765625,0,0
1779556639.895778,0.177734375,-0.138671875,0.201171875,0.00390625,0.626953125,0.0078125,0,0
1779556639.903781,0.171875,-0.1484375,0.193359375,0.00390625,0.626953125,0.0078125,0,0
1779556639.911803,0.171875,-0.1484375,0.193359375,0.00390625,0.630859375,0.0,0,0
1779556639.919797,0.166015625,-0.154296875,0.185546875,0.00390625,0.630859375,0.0,0,0
1779556639.927793,0.166015625,-0.154296875,0.185546875,0.00390625,0.642578125,0.0,0,0
1779556639.935746,0.15625,-0.16015625,0.173828125,0.00390625,0.642578125,0.0,0,0
1779556639.943745,0.15625,-0.16015625,0.173828125,0.00390625,0.654296875,0.0,0,0
1779556639.959761,0.150390625,-0.169921875,0.162109375,0.00390625,0.654296875,0.0,0,0
1779556639.967828,0.150390625,-0.169921875,0.162109375,0.00390625,0.671875,0.0,0,0
1779556639.975764,0.14453125,-0.177734375,0.15234375,0.00390625,0.671875,0.0,0,0
1779556639.983719,0.14453125,-0.177734375,0.15234375,0.00390625,0.6796875,0.0,0,0
1779556639.991726,0.13671875,-0.185546875,0.14453125,0.00390625,0.6796875,0.0,0,0
1779556639.999749,0.13671875,-0.185546875,0.14453125,0.00390625,0.68359375,0.0,0,0
1779556640.007763,0.12890625,-0.189453125,0.134765625,0.00390625,0.68359375,0.0,0,0
1779556640.015750,0.12890625,-0.189453125,0.134765625,0.00390625,0.68359375,0.0,0,0
1779556640.023787,0.126953125,-0.193359375,0.12890625,0.00390625,0.68359375,0.0,0,0
1779556640.031764,0.126953125,-0.193359375,0.12890625,0.00390625,0.68359375,0.0,0,0
1779556640.039823,0.119140625,-0.197265625,0.123046875,0.00390625,0.68359375,0.0,0,0
1779556640.047780,0.119140625,-0.197265625,0.123046875,0.00390625,0.68359375,0.0,0,0
1779556640.055772,0.11328125,-0.20703125,0.115234375,0.00390625,0.68359375,0.0,0,0
1779556640.063805,0.11328125,-0.20703125,0.115234375,0.00390625,0.68359375,0.0,0,0
1779556640.071754,0.107421875,-0.2109375,0.109375,0.00390625,0.68359375,0.0,0,0
1779556640.079808,0.107421875,-0.2109375,0.109375,0.00390625,0.68359375,0.0,0,0
1779556640.087751,0.103515625,-0.212890625,0.1015625,0.00390625,0.68359375,0.0,0,0
1779556640.095771,0.103515625,-0.212890625,0.1015625,0.00390625,0.68359375,0.0,0,0
1779556640.103824,0.099609375,-0.216796875,0.095703125,0.00390625,0.68359375,0.0,0,0
1779556640.111788,0.099609375,-0.216796875,0.095703125,0.00390625,0.68359375,0.0,0,0
1779556640.119783,0.09765625,-0.220703125,0.091796875,0.00390625,0.68359375,0.0,0,0
1779556640.127764,0.09765625,-0.220703125,0.091796875,0.00390625,0.68359375,0.0,0,0
1779556640.135778,0.091796875,-0.22265625,0.087890625,0.00390625,0.68359375,0.0,0,0
1779556640.143824,0.091796875,-0.22265625,0.087890625,0.00390625,0.68359375,0.0,0,0
1779556640.151775,0.103515625,-0.17578125,0.076171875,0.00390625,0.68359375,0.0,0,0
1779556640.159794,0.103515625,-0.17578125,0.076171875,0.00390625,0.68359375,0.0,0,0
1779556640.167787,0.103515625,-0.154296875,0.068359375,0.00390625,0.68359375,0.0,0,0
1779556640.175791,0.103515625,-0.154296875,0.068359375,0.00390625,0.68359375,-0.009765625,0,0
1779556640.183770,0.09765625,-0.14453125,0.05859375,0.00390625,0.68359375,-0.009765625,0,0
1779556640.191786,0.09765625,-0.14453125,0.05859375,0.00390625,0.68359375,-0.017578125,0,0
1779556640.199790,0.09375,-0.140625,0.05078125,0.00390625,0.68359375,-0.017578125,0,0
1779556640.207829,0.09375,-0.140625,0.05078125,0.00390625,0.68359375,-0.01953125,0,0
1779556640.215792,0.087890625,-0.142578125,0.044921875,0.00390625,0.68359375,-0.01953125,0,0
1779556640.223831,0.087890625,-0.142578125,0.044921875,0.00390625,0.68359375,-0.01953125,0,0
1779556640.231853,0.083984375,-0.14453125,0.037109375,0.00390625,0.68359375,-0.01953125,0,0
1779556640.239797,0.083984375,-0.14453125,0.037109375,0.00390625,0.68359375,-0.0234375,0,0
1779556640.247729,0.078125,-0.14453125,0.029296875,0.00390625,0.68359375,-0.0234375,0,0
1779556640.255774,0.078125,-0.14453125,0.029296875,0.00390625,0.68359375,-0.025390625,0,0
1779556640.263779,0.068359375,-0.146484375,0.0234375,0.00390625,0.68359375,-0.025390625,0,0
1779556640.271759,0.068359375,-0.146484375,0.0234375,0.00390625,0.68359375,-0.025390625,0,0
1779556640.279805,0.060546875,-0.1484375,0.009765625,0.00390625,0.68359375,-0.025390625,0,0
1779556640.287718,0.060546875,-0.1484375,0.009765625,0.00390625,0.68359375,-0.02734375,0,0
1779556640.295717,0.05078125,-0.15234375,0.009765625,0.00390625,0.68359375,-0.02734375,0,0
1779556640.303753,0.05078125,-0.15234375,0.009765625,0.00390625,0.68359375,-0.02734375,0,0
1779556640.311788,0.044921875,-0.154296875,0.009765625,0.00390625,0.68359375,-0.02734375,0,0
1779556640.319785,0.044921875,-0.154296875,0.009765625,0.00390625,0.68359375,-0.029296875,0,0
1779556640.327784,0.03515625,-0.158203125,0.009765625,0.00390625,0.68359375,-0.029296875,0,0
1779556640.335802,0.03515625,-0.158203125,0.009765625,0.00390625,0.68359375,-0.03125,0,0
1779556640.343805,0.05078125,-0.1328125,0.009765625,0.00390625,0.68359375,-0.03125,0,0
1779556640.351728,0.05078125,-0.1328125,0.009765625,0.00390625,0.68359375,-0.0390625,0,0
1779556640.359771,0.048828125,-0.1328125,0.009765625,0.00390625,0.68359375,-0.0390625,0,0
1779556640.367804,0.048828125,-0.1328125,0.009765625,0.00390625,0.68359375,-0.037109375,0,0
1779556640.375732,0.04296875,-0.119140625,0.009765625,0.00390625,0.68359375,-0.037109375,0,0
1779556640.383726,0.04296875,-0.119140625,0.009765625,0.0,0.68359375,-0.037109375,0,0
1779556640.391719,0.025390625,-0.099609375,0.009765625,0.0,0.68359375,-0.037109375,0,0
1779556640.399735,0.025390625,-0.099609375,0.009765625,-0.005859375,0.68359375,-0.044921875,0,0
1779556640.407740,0.0234375,-0.099609375,0.009765625,-0.005859375,0.68359375,-0.044921875,0,0
1779556640.415715,0.0234375,-0.099609375,0.009765625,-0.013671875,0.68359375,-0.044921875,0,0
1779556640.423748,0.0234375,-0.099609375,0.009765625,-0.013671875,0.68359375,-0.044921875,0,0
1779556640.431747,0.0234375,-0.099609375,0.009765625,-0.015625,0.68359375,-0.044921875,0,0
1779556640.439750,0.0234375,-0.099609375,0.009765625,-0.015625,0.68359375,-0.044921875,0,0
1779556640.447758,0.0234375,-0.099609375,0.009765625,-0.017578125,0.68359375,-0.044921875,0,0
1779556640.455771,0.0234375,-0.099609375,0.009765625,-0.017578125,0.68359375,-0.044921875,0,0
1779556640.463752,0.0234375,-0.099609375,0.009765625,-0.017578125,0.68359375,-0.044921875,0,0
1779556640.471778,0.0234375,-0.099609375,0.009765625,-0.017578125,0.68359375,-0.044921875,0,0
1779556640.479762,0.0234375,-0.099609375,0.009765625,-0.017578125,0.68359375,-0.044921875,0,0
1779556640.487744,0.021484375,-0.099609375,0.009765625,-0.017578125,0.68359375,-0.044921875,0,0
1779556640.495767,0.021484375,-0.099609375,0.009765625,-0.017578125,0.68359375,-0.044921875,0,0
1779556640.503796,0.021484375,-0.099609375,0.009765625,-0.017578125,0.68359375,-0.044921875,0,0
1779556640.511793,0.021484375,-0.099609375,0.009765625,-0.017578125,0.68359375,-0.044921875,0,0
1779556640.519794,0.021484375,-0.099609375,0.009765625,-0.017578125,0.68359375,-0.044921875,0,0
1779556640.527792,0.021484375,-0.099609375,0.009765625,-0.01953125,0.68359375,-0.044921875,0,0
1779556640.535827,0.021484375,-0.099609375,0.009765625,-0.01953125,0.68359375,-0.044921875,0,0
1779556640.543790,0.021484375,-0.099609375,0.009765625,-0.021484375,0.68359375,-0.04296875,0,0
1779556640.551785,0.021484375,-0.099609375,0.009765625,-0.021484375,0.68359375,-0.04296875,0,0
1779556640.559810,0.021484375,-0.099609375,0.009765625,-0.02734375,0.68359375,-0.037109375,0,0
1779556640.567797,0.021484375,-0.05859375,0.009765625,-0.02734375,0.68359375,-0.037109375,0,0
1779556640.575767,0.021484375,-0.05859375,0.009765625,-0.044921875,0.68359375,-0.037109375,0,0
1779556640.583765,0.029296875,-0.02734375,0.009765625,-0.044921875,0.68359375,-0.037109375,0,0
1779556640.591749,0.029296875,-0.02734375,0.009765625,-0.04296875,0.68359375,-0.044921875,0,0
1779556640.599753,0.029296875,-0.01171875,0.009765625,-0.04296875,0.68359375,-0.044921875,0,0
1779556640.607773,0.029296875,-0.01171875,0.009765625,-0.044921875,0.68359375,-0.05859375,0,0
1779556640.615773,0.013671875,0.0,0.009765625,-0.044921875,0.68359375,-0.05859375,0,0
1779556640.623777,0.013671875,0.0,0.009765625,-0.046875,0.68359375,-0.07421875,0,0
1779556640.639750,0.013671875,0.0,0.009765625,-0.048828125,0.68359375,-0.095703125,0,0
1779556640.655766,0.013671875,0.0,0.009765625,-0.048828125,0.68359375,-0.10546875,0,0
1779556640.671792,0.013671875,0.0,0.009765625,-0.05078125,0.68359375,-0.111328125,0,0
1779556640.679811,-0.021484375,0.0,0.017578125,-0.05078125,0.68359375,-0.111328125,0,0
1779556640.687804,-0.021484375,0.0,0.017578125,-0.052734375,0.68359375,-0.109375,0,0
1779556640.695750,-0.064453125,-0.009765625,0.029296875,-0.052734375,0.68359375,-0.109375,0,0
1779556640.703775,-0.064453125,-0.009765625,0.029296875,-0.0546875,0.68359375,-0.08984375,0,0
1779556640.711793,-0.107421875,-0.021484375,0.029296875,-0.0546875,0.68359375,-0.08984375,0,0
1779556640.719782,-0.107421875,-0.021484375,0.029296875,-0.0546875,0.640625,-0.064453125,0,0
1779556640.727763,-0.140625,-0.0234375,0.029296875,-0.0546875,0.640625,-0.064453125,0,0
1779556640.735775,-0.140625,-0.0234375,0.029296875,-0.052734375,0.587890625,-0.0234375,0,0
1779556640.743816,-0.150390625,-0.0078125,-0.025390625,-0.052734375,0.587890625,-0.0234375,0,0
1779556640.751776,-0.150390625,-0.0078125,-0.025390625,-0.044921875,0.52734375,-0.0234375,0,0
1779556640.759702,-0.13671875,-0.0078125,-0.015625,-0.044921875,0.52734375,-0.0234375,0,0
1779556640.767815,-0.13671875,-0.0078125,-0.015625,-0.044921875,0.44921875,-0.0234375,0,0
1779556640.775830,-0.119140625,-0.0078125,-0.015625,-0.044921875,0.44921875,-0.0234375,0,0
1779556640.783788,-0.119140625,-0.0078125,-0.015625,-0.056640625,0.375,0.052734375,0,0
1779556640.791780,-0.130859375,-0.0078125,-0.015625,-0.056640625,0.375,0.052734375,0,0
1779556640.799772,-0.130859375,-0.0078125,-0.015625,-0.068359375,0.28515625,0.08984375,0,0
1779556640.807808,-0.177734375,-0.0078125,-0.015625,-0.068359375,0.28515625,0.08984375,0,0
1779556640.815801,-0.177734375,-0.0078125,-0.015625,-0.025390625,0.13671875,0.0546875,0,0
1779556640.823799,-0.17578125,-0.0078125,-0.015625,-0.025390625,0.13671875,0.0546875,0,0
1779556640.831788,-0.17578125,-0.0078125,-0.015625,0.0,0.0625,0.0625,0,0
1779556640.839742,-0.150390625,-0.0078125,-0.015625,0.0,0.0625,0.0625,0,0
1779556640.847783,-0.150390625,-0.0078125,-0.015625,0.0,0.0625,0.04296875,0,0
1779556640.855783,-0.09765625,-0.0078125,-0.015625,0.0,0.0625,0.04296875,0,0
1779556640.863762,-0.09765625,-0.0078125,-0.015625,0.0,0.02734375,0.03515625,0,0
1779556640.871758,-0.052734375,-0.0078125,-0.015625,0.0,0.02734375,0.03515625,0,0
1779556640.879763,-0.052734375,-0.0078125,-0.015625,0.0,0.0,0.017578125,0,0
1779556640.909767,0.0,0.0,0.0,0.0,0.0,0.0,0,0
1779556640.940713,0.0,0.0,0.0,0.0,0.0,0.0,0,0
1779556640.971708,0.0,0.0,0.0,0.0,0.0,0.0,0,0
1779556641.002753,0.0,0.0,0.0,0.0,0.0,0.0,0,0
1779556641.033794,0.0,0.0,0.0,0.0,0.0,0.0,0,0
1779556641.047710,-0.00390625,-0.0078125,-0.015625,0.0,0.0,0.017578125,0,0
1779556641.063777,-0.06640625,-0.0078125,-0.015625,0.0,0.0,0.017578125,0,0
1779556641.071810,-0.06640625,-0.0078125,-0.015625,0.0,0.0,0.021484375,0,0
1779556641.079753,-0.03125,-0.0078125,-0.015625,0.0,0.0,0.021484375,0,0
1779556641.087795,-0.03125,-0.0078125,-0.015625,0.0,0.0,0.0,0,0
1779556641.095752,-0.04296875,-0.0078125,-0.015625,0.0,0.0,0.0,0,0
1779556641.103886,-0.04296875,-0.0078125,-0.015625,0.0,0.0,0.0,0,0
1779556641.111753,0.0,-0.0078125,-0.015625,0.0,0.0,0.0,0,0
1779556641.141811,0.0,0.0,0.0,0.0,0.0,0.0,0,0
1779556641.167742,0.0,-0.0078125,-0.015625,-0.033203125,0.03515625,0.0,0,0
1779556641.175718,0.0,0.005859375,-0.015625,-0.033203125,0.03515625,0.0,0,0
1779556641.183743,0.0,0.005859375,-0.015625,-0.1015625,0.052734375,0.0,0,0
1779556641.199783,0.0,0.005859375,-0.015625,-0.146484375,0.068359375,0.0,0,0
1779556641.215769,0.0,0.005859375,-0.015625,-0.138671875,0.078125,0.0,0,0
1779556641.223799,-0.021484375,-0.0078125,-0.015625,-0.138671875,0.078125,0.0,0,0
1779556641.231774,-0.021484375,-0.0078125,-0.015625,-0.125,0.095703125,0.0,0,0
1779556641.239803,-0.05859375,-0.044921875,-0.015625,-0.125,0.095703125,0.0,0,0
1779556641.247785,-0.05859375,-0.044921875,-0.015625,-0.146484375,0.12890625,0.0,0,0
1779556641.255745,-0.111328125,-0.060546875,-0.015625,-0.146484375,0.12890625,0.0,0,0
1779556641.263741,-0.111328125,-0.060546875,-0.015625,-0.17578125,0.15625,0.0,0,0
1779556641.271756,-0.146484375,-0.0703125,-0.015625,-0.17578125,0.15625,0.0,0,0
1779556641.279781,-0.146484375,-0.0703125,-0.015625,-0.201171875,0.17578125,0.0,0,0
1779556641.287770,-0.19140625,-0.1015625,0.03125,-0.201171875,0.17578125,0.0,0,0
1779556641.295778,-0.19140625,-0.1015625,0.03125,-0.19921875,0.177734375,0.0,0,0
1779556641.303717,-0.2421875,-0.13671875,0.033203125,-0.19921875,0.177734375,0.0,0,0
1779556641.311786,-0.2421875,-0.13671875,0.033203125,-0.171875,0.16015625,0.0,0,0
1779556641.319785,-0.27734375,-0.14453125,0.029296875,-0.171875,0.16015625,0.0,0,0
1779556641.327758,-0.27734375,-0.14453125,0.029296875,-0.1640625,0.146484375,0.0,0,0
1779556641.335784,-0.298828125,-0.1484375,0.029296875,-0.1640625,0.146484375,0.0,0,0
1779556641.343795,-0.298828125,-0.1484375,0.029296875,-0.166015625,0.13671875,0.0,0,0
1779556641.351787,-0.333984375,-0.158203125,0.021484375,-0.166015625,0.13671875,0.0,0,0
1779556641.359791,-0.333984375,-0.158203125,0.021484375,-0.166015625,0.119140625,0.0,0,0
1779556641.367828,-0.357421875,-0.1640625,0.021484375,-0.166015625,0.119140625,0.0,0,0
1779556641.375833,-0.357421875,-0.1640625,0.021484375,-0.169921875,0.109375,0.0,0,0
1779556641.383783,-0.36328125,-0.1640625,0.02734375,-0.169921875,0.109375,0.0,0,0
1779556641.391782,-0.36328125,-0.1640625,0.02734375,-0.169921875,0.109375,0.0,0,0
1779556641.399796,-0.36328125,-0.154296875,0.029296875,-0.169921875,0.109375,0.0,0,0
1779556641.407764,-0.36328125,-0.154296875,0.029296875,-0.17578125,0.107421875,0.0,0,0
1779556641.415815,-0.365234375,-0.13671875,0.021484375,-0.17578125,0.107421875,0.0,0,0
1779556641.423785,-0.365234375,-0.13671875,0.021484375,-0.193359375,0.103515625,0.0,0,0
1779556641.431784,-0.375,-0.125,0.009765625,-0.193359375,0.103515625,0.0,0,0
1779556641.439731,-0.375,-0.125,0.009765625,-0.203125,0.09375,0.0,0,0
1779556641.447790,-0.38671875,-0.109375,0.0078125,-0.203125,0.09375,0.0,0,0
1779556641.455810,-0.38671875,-0.109375,0.0078125,-0.216796875,0.0859375,0.0,0,0
1779556641.463747,-0.392578125,-0.095703125,0.005859375,-0.216796875,0.0859375,0.0,0,0
1779556641.471795,-0.392578125,-0.095703125,0.005859375,-0.2265625,0.078125,0.0,0,0
1779556641.479793,-0.39453125,-0.080078125,0.0078125,-0.2265625,0.078125,0.0,0,0
1779556641.487768,-0.39453125,-0.080078125,0.0078125,-0.2421875,0.07421875,0.0,0,0
1779556641.495721,-0.392578125,-0.06640625,0.0078125,-0.2421875,0.07421875,0.0,0,0
1779556641.503808,-0.392578125,-0.06640625,0.0078125,-0.255859375,0.07421875,0.0,0,0
1779556641.511785,-0.380859375,-0.052734375,0.01171875,-0.255859375,0.07421875,0.0,0,0
1779556641.519736,-0.380859375,-0.052734375,0.01171875,-0.263671875,0.078125,0.0,0,0
1779556641.527806,-0.375,-0.0390625,0.013671875,-0.263671875,0.078125,0.0,0,0
1779556641.535744,-0.375,-0.0390625,0.013671875,-0.271484375,0.080078125,0.0,0,0
1779556641.543775,-0.380859375,-0.0234375,0.0,-0.271484375,0.080078125,0.0,0,0
1779556641.551768,-0.380859375,-0.0234375,0.0,-0.279296875,0.076171875,0.0,0,0
1779556641.559762,-0.392578125,-0.01953125,0.0,-0.279296875,0.076171875,0.0,0,0
1779556641.567781,-0.392578125,-0.01953125,0.0,-0.279296875,0.06640625,0.0,0,0
1779556641.575827,-0.400390625,-0.017578125,0.0,-0.279296875,0.06640625,0.0,0,0
1779556641.583770,-0.400390625,-0.017578125,0.0,-0.275390625,0.05859375,0.0,0,0
1779556641.591731,-0.404296875,-0.01171875,0.0,-0.275390625,0.05859375,0.0,0,0
1779556641.599772,-0.404296875,-0.01171875,0.0,-0.271484375,0.052734375,0.0,0,0
1779556641.607801,-0.396484375,-0.005859375,0.0,-0.271484375,0.052734375,0.0,0,0
1779556641.615745,-0.396484375,-0.005859375,0.0,-0.267578125,0.052734375,0.0,0,0
1779556641.623809,-0.376953125,-0.005859375,0.0,-0.267578125,0.052734375,0.0,0,0
1779556641.631843,-0.376953125,-0.005859375,0.0,-0.2578125,0.0546875,0.0,0,0
1779556641.639775,-0.34765625,-0.005859375,0.0,-0.2578125,0.0546875,0.0,0,0
1779556641.647758,-0.34765625,-0.005859375,0.0,-0.23828125,0.048828125,0.0,0,0
1779556641.655721,-0.326171875,-0.005859375,0.0,-0.23828125,0.048828125,0.0,0,0
1779556641.663795,-0.326171875,-0.005859375,0.0,-0.224609375,0.046875,0.0,0,0
1779556641.671767,-0.3046875,-0.005859375,0.0,-0.224609375,0.046875,0.0,0,0
1779556641.679754,-0.3046875,-0.005859375,0.0,-0.2109375,0.0390625,0.0,0,0
1779556641.687829,-0.265625,-0.005859375,0.0,-0.2109375,0.0390625,0.0,0,0
1779556641.695778,-0.265625,-0.005859375,0.0,-0.193359375,0.02734375,0.0,0,0
1779556641.703861,-0.2109375,-0.005859375,0.0,-0.193359375,0.02734375,0.0,0,0
1779556641.711812,-0.2109375,-0.005859375,0.0,-0.171875,0.009765625,0.0,0,0
1779556641.720330,-0.169921875,-0.005859375,0.0,-0.171875,0.009765625,0.0,0,0
1779556641.727811,-0.169921875,-0.005859375,0.0,-0.150390625,0.009765625,0.0,0,0
1779556641.735762,-0.119140625,-0.005859375,0.0,-0.150390625,0.009765625,0.0,0,0
1779556641.743781,-0.119140625,-0.005859375,0.0,-0.11328125,0.009765625,0.0,0,0
1779556641.751770,-0.04296875,-0.005859375,0.0,-0.11328125,0.009765625,0.0,0,0
1779556641.759737,-0.04296875,-0.005859375,0.0,-0.03125,0.009765625,0.0,0,0
1779556641.767776,-0.00390625,-0.005859375,0.033203125,-0.03125,0.009765625,0.0,0,0
1779556641.797797,0.0,0.0,0.0,0.0,0.0,0.0,0,0
1779556641.828731,0.0,0.0,0.0,0.0,0.0,0.0,0,0
1779556641.859734,0.0,0.0,0.0,0.0,0.0,0.0,0,0
1779556641.863778,-0.00390625,-0.005859375,-0.00390625,-0.03125,0.009765625,0.0,0,0
1779556641.879749,-0.00390625,-0.005859375,-0.005859375,-0.03125,0.009765625,0.0,0,0
1779556641.909808,0.0,0.0,0.0,0.0,0.0,0.0,0,0
1779556641.911778,-0.00390625,-0.005859375,-0.009765625,-0.03125,0.009765625,0.0,0,0
1779556641.927765,-0.01171875,-0.005859375,-0.03515625,-0.03125,0.009765625,0.0,0,0
1779556641.943793,-0.015625,-0.005859375,-0.0546875,-0.03125,0.009765625,0.0,0,0
1779556641.951777,-0.015625,-0.005859375,-0.0546875,-0.0078125,0.009765625,0.0,0,0
1779556641.959752,-0.021484375,-0.005859375,-0.076171875,-0.0078125,0.009765625,0.0,0,0
1779556641.967788,-0.021484375,-0.005859375,-0.076171875,-0.02734375,0.009765625,0.0,0,0
1779556641.975759,-0.03125,-0.005859375,-0.09375,-0.02734375,0.009765625,0.0,0,0
1779556641.983792,-0.03125,-0.005859375,-0.09375,-0.0390625,0.009765625,0.0,0,0
1779556641.991777,-0.04296875,-0.005859375,-0.119140625,-0.0390625,0.009765625,0.0,0,0
1779556641.999752,-0.04296875,-0.005859375,-0.119140625,-0.05078125,0.009765625,0.0,0,0
1779556642.007823,-0.05859375,-0.005859375,-0.134765625,-0.05078125,0.009765625,0.0,0,0
1779556642.015740,-0.05859375,-0.005859375,-0.134765625,-0.0546875,0.009765625,0.0,0,0
1779556642.023774,-0.083984375,-0.005859375,-0.154296875,-0.0546875,0.009765625,0.0,0,0
1779556642.031737,-0.083984375,-0.005859375,-0.154296875,-0.060546875,0.009765625,0.0,0,0
1779556642.039747,-0.12109375,-0.005859375,-0.18359375,-0.060546875,0.009765625,0.0,0,0
1779556642.047775,-0.12109375,-0.005859375,-0.18359375,-0.056640625,0.009765625,0.0,0,0
1779556642.055768,-0.140625,0.0078125,-0.201171875,-0.056640625,0.009765625,0.0,0,0
1779556642.063740,-0.140625,0.0078125,-0.201171875,-0.052734375,0.009765625,0.0,0,0
1779556642.071739,-0.142578125,0.013671875,-0.208984375,-0.052734375,0.009765625,0.0,0,0
1779556642.079718,-0.142578125,0.013671875,-0.208984375,-0.05078125,0.009765625,0.0,0,0
1779556642.087721,-0.146484375,0.009765625,-0.21875,-0.05078125,0.009765625,0.0,0,0
1779556642.095713,-0.146484375,0.009765625,-0.21875,-0.04296875,0.009765625,0.0,0,0
1779556642.103769,-0.14453125,0.0078125,-0.22265625,-0.04296875,0.009765625,0.0,0,0
1779556642.111760,-0.14453125,0.0078125,-0.22265625,-0.037109375,0.009765625,0.0,0,0
1779556642.119689,-0.13671875,0.00390625,-0.224609375,-0.037109375,0.009765625,0.0,0,0
1779556642.127714,-0.13671875,0.00390625,-0.224609375,-0.033203125,0.009765625,0.0,0,0
1779556642.135770,-0.12109375,0.0,-0.220703125,-0.033203125,0.009765625,0.0,0,0
1779556642.143726,-0.12109375,0.0,-0.220703125,-0.03515625,0.009765625,0.0,0,0
1779556642.151741,-0.09765625,0.0,-0.20703125,-0.03515625,0.009765625,0.0,0,0
1779556642.159784,-0.09765625,0.0,-0.20703125,-0.03515625,0.009765625,0.0,0,0
1779556642.167802,-0.064453125,0.0,-0.177734375,-0.03515625,0.009765625,0.0,0,0
1779556642.175749,-0.064453125,0.0,-0.177734375,-0.03125,0.009765625,0.0,0,0
1779556642.183719,-0.03515625,0.0,-0.154296875,-0.03125,0.009765625,0.0,0,0
1779556642.191737,-0.03515625,0.0,-0.154296875,-0.021484375,0.009765625,0.0,0,0
1779556642.199766,-0.03515625,0.0,-0.12109375,-0.021484375,0.009765625,0.0,0,0
1779556642.207797,-0.03515625,0.0,-0.12109375,-0.017578125,0.005859375,0.0,0,0
1779556642.215810,-0.03515625,0.0,-0.087890625,-0.017578125,0.005859375,0.0,0,0
1779556642.223763,-0.03515625,0.0,-0.087890625,-0.017578125,0.005859375,0.0,0,0
1779556642.231757,-0.03515625,0.0,-0.05078125,-0.017578125,0.005859375,0.0,0,0
1779556642.239710,-0.03515625,0.0,-0.05078125,-0.017578125,0.00390625,0.0,0,0
1779556642.247749,-0.03515625,0.0,-0.017578125,-0.017578125,0.00390625,0.0,0,0
1779556642.277794,0.0,0.0,0.0,0.0,0.0,0.0,0,0
1779556642.308761,0.0,0.0,0.0,0.0,0.0,0.0,0,0
1779556642.339791,0.0,0.0,0.0,0.0,0.0,0.0,0,0
1779556642.370781,0.0,0.0,0.0,0.0,0.0,0.0,0,0
1779556642.401835,0.0,0.0,0.0,0.0,0.0,0.0,0,0
1779556642.432777,0.0,0.0,0.0,0.0,0.0,0.0,0,0
1779556642.463774,0.0,0.0,0.0,0.0,0.0,0.0,0,0
1779556642.494787,0.0,0.0,0.0,0.0,0.0,0.0,0,0
1779556642.495778,0.0,0.0,-0.017578125,-0.017578125,0.00390625,0.0,0,0
1779556642.511796,0.0,0.0,-0.017578125,-0.017578125,0.00390625,0.0,0,0
1779556642.541769,0.0,0.0,0.0,0.0,0.0,0.0,0,0
1779556642.543745,-0.017578125,0.0,-0.017578125,-0.017578125,0.00390625,0.0,0,0
1779556642.573750,0.0,0.0,0.0,0.0,0.0,0.0,0,0
1779556642.604784,0.0,0.0,0.0,0.0,0.0,0.0,0,0
1779556642.635759,0.0,0.0,0.0,0.0,0.0,0.0,0,0
1779556642.666803,0.0,0.0,0.0,0.0,0.0,0.0,0,0
1779556642.697782,0.0,0.0,0.0,0.0,0.0,0.0,0,0
1779556642.728769,0.0,0.0,0.0,0.0,0.0,0.0,0,0
1779556642.759794,0.0,0.0,0.0,0.0,0.0,0.0,0,0
1779556642.790796,0.0,0.0,0.0,0.0,0.0,0.0,0,0
1779556642.821695,0.0,0.0,0.0,0.0,0.0,0.0,0,0
1779556642.852789,0.0,0.0,0.0,0.0,0.0,0.0,0,0
1779556642.883793,0.0,0.0,0.0,0.0,0.0,0.0,0,0
1779556642.895768,-0.017578125,0.0,-0.017578125,-0.017578125,0.00390625,0.0,0,0
1779556642.903792,-0.037109375,-0.009765625,-0.017578125,-0.017578125,0.00390625,0.0,0,0
1779556642.911787,-0.037109375,-0.009765625,-0.017578125,-0.017578125,0.005859375,-0.0078125,0,0
1779556642.919780,-0.107421875,-0.0078125,-0.017578125,-0.017578125,0.005859375,-0.0078125,0,0
1779556642.927747,-0.107421875,-0.0078125,-0.017578125,-0.0078125,0.03125,-0.021484375,0,0
1779556642.935758,-0.171875,-0.0078125,-0.017578125,-0.0078125,0.03125,-0.021484375,0,0
1779556642.943799,-0.171875,-0.0078125,-0.017578125,-0.08984375,0.111328125,-0.04296875,0,0
1779556642.951764,-0.17578125,-0.0078125,-0.017578125,-0.08984375,0.111328125,-0.04296875,0,0
1779556642.959798,-0.17578125,-0.0078125,-0.017578125,-0.1484375,0.16796875,-0.041015625,0,0
1779556642.967758,-0.12890625,-0.0078125,0.0546875,-0.1484375,0.16796875,-0.041015625,0,0
1779556642.975715,-0.12890625,-0.0078125,0.0546875,-0.228515625,0.244140625,-0.0234375,0,0
1779556642.983740,-0.0625,-0.0078125,0.119140625,-0.228515625,0.244140625,-0.0234375,0,0
1779556642.991753,-0.0625,-0.0078125,0.119140625,-0.28515625,0.33984375,-0.0078125,0,0
1779556642.999809,-0.0625,-0.0078125,0.154296875,-0.28515625,0.33984375,-0.0078125,0,0
1779556643.007832,-0.0625,-0.0078125,0.154296875,-0.34765625,0.4453125,-0.009765625,0,0
1779556643.015830,-0.0625,-0.0078125,0.123046875,-0.34765625,0.4453125,-0.009765625,0,0
1779556643.023754,-0.0625,-0.0078125,0.123046875,-0.37890625,0.517578125,-0.01171875,0,0
1779556643.031766,-0.0625,-0.0078125,0.072265625,-0.37890625,0.517578125,-0.01171875,0,0
1779556643.039787,-0.0625,-0.0078125,0.072265625,-0.40625,0.544921875,-0.013671875,0,0
1779556643.047790,-0.0625,-0.0078125,0.02734375,-0.40625,0.544921875,-0.013671875,0,0
1779556643.055743,-0.0625,-0.0078125,0.02734375,-0.427734375,0.57421875,-0.017578125,0,0
1779556643.071748,-0.0625,-0.0078125,0.02734375,-0.443359375,0.591796875,-0.015625,0,0
1779556643.087793,-0.0625,-0.0078125,0.02734375,-0.453125,0.609375,-0.005859375,0,0
1779556643.103791,-0.0625,-0.0078125,0.02734375,-0.458984375,0.623046875,-0.005859375,0,0
1779556643.119758,-0.0625,-0.0078125,0.02734375,-0.458984375,0.62890625,-0.005859375,0,0
1779556643.135780,-0.0625,-0.0078125,0.02734375,-0.455078125,0.63671875,-0.005859375,0,0
1779556643.151805,-0.0625,-0.0078125,0.02734375,-0.447265625,0.64453125,-0.005859375,0,0
1779556643.167788,-0.0625,-0.0078125,0.02734375,-0.44140625,0.6484375,-0.00390625,0,0
1779556643.183812,-0.0625,-0.0078125,0.02734375,-0.44140625,0.650390625,-0.0078125,0,0
1779556643.199815,-0.0625,-0.0078125,0.02734375,-0.435546875,0.65234375,-0.0078125,0,0
1779556643.215786,-0.0625,-0.0078125,0.02734375,-0.435546875,0.65625,-0.0078125,0,0
1779556643.231779,-0.0625,-0.0078125,0.02734375,-0.4296875,0.66015625,-0.0078125,0,0
1779556643.247811,-0.0625,-0.0078125,0.02734375,-0.423828125,0.6640625,-0.0078125,0,0
1779556643.263750,-0.0625,-0.0078125,0.02734375,-0.412109375,0.671875,-0.0078125,0,0
1779556643.279726,-0.0625,-0.0078125,0.02734375,-0.3984375,0.681640625,-0.013671875,0,0
1779556643.295767,-0.0625,-0.0078125,0.02734375,-0.388671875,0.68359375,-0.021484375,0,0
1779556643.311833,-0.0625,-0.0078125,0.02734375,-0.375,0.68359375,-0.029296875,0,0
1779556643.327756,-0.0625,-0.0078125,0.02734375,-0.3671875,0.68359375,-0.029296875,0,0
1779556643.343763,-0.0625,-0.0078125,0.02734375,-0.35546875,0.68359375,-0.029296875,0,0
1779556643.359771,-0.0625,-0.0078125,0.02734375,-0.34765625,0.68359375,-0.02734375,0,0
1779556643.375774,-0.0625,-0.0078125,0.02734375,-0.341796875,0.68359375,-0.025390625,0,0
1779556643.391783,-0.0625,-0.0078125,0.02734375,-0.3359375,0.68359375,-0.0234375,0,0
1779556643.407761,-0.0625,-0.0078125,0.02734375,-0.330078125,0.68359375,-0.0234375,0,0
1779556643.423831,-0.0625,-0.0078125,0.02734375,-0.3203125,0.68359375,-0.02734375,0,0
1779556643.439814,-0.0625,-0.0078125,0.02734375,-0.30859375,0.68359375,-0.033203125,0,0
1779556643.455739,-0.0625,-0.0078125,0.02734375,-0.302734375,0.68359375,-0.03515625,0,0
1779556643.471760,-0.0625,-0.0078125,0.02734375,-0.29296875,0.68359375,-0.03515625,0,0
1779556643.487792,-0.0625,-0.0078125,0.02734375,-0.28125,0.68359375,-0.033203125,0,0
1779556643.503746,-0.0625,-0.0078125,0.02734375,-0.275390625,0.68359375,-0.029296875,0,0
1779556643.511782,0.005859375,-0.0078125,0.02734375,-0.275390625,0.68359375,-0.029296875,0,0
1779556643.519755,0.005859375,-0.0078125,0.02734375,-0.263671875,0.68359375,-0.025390625,0,0
1779556643.527827,0.015625,-0.0078125,0.02734375,-0.263671875,0.68359375,-0.025390625,0,0
1779556643.535762,0.015625,-0.0078125,0.02734375,-0.25,0.68359375,-0.01953125,0,0
1779556643.543732,0.03125,-0.0078125,0.02734375,-0.25,0.68359375,-0.01953125,0,0
1779556643.551801,0.03125,-0.0078125,0.02734375,-0.240234375,0.68359375,-0.009765625,0,0
1779556643.559824,0.056640625,-0.0078125,0.02734375,-0.240234375,0.68359375,-0.009765625,0,0
1779556643.567807,0.056640625,-0.0078125,0.02734375,-0.224609375,0.68359375,-0.009765625,0,0
1779556643.575843,0.060546875,0.0078125,0.02734375,-0.224609375,0.68359375,-0.009765625,0,0
1779556643.583766,0.060546875,0.0078125,0.02734375,-0.216796875,0.68359375,-0.009765625,0,0
1779556643.591766,0.0390625,0.052734375,0.02734375,-0.216796875,0.68359375,-0.009765625,0,0
1779556643.599833,0.0390625,0.052734375,0.02734375,-0.205078125,0.625,0.01171875,0,0
1779556643.607797,0.0390625,0.068359375,-0.00390625,-0.205078125,0.625,0.01171875,0,0
1779556643.615801,0.0390625,0.068359375,-0.00390625,-0.1640625,0.484375,0.0703125,0,0
1779556643.623846,-0.06640625,0.068359375,-0.0234375,-0.1640625,0.484375,0.0703125,0,0
1779556643.631763,-0.06640625,0.068359375,-0.0234375,-0.107421875,0.333984375,0.134765625,0,0
1779556643.639801,-0.103515625,0.05859375,-0.021484375,-0.107421875,0.333984375,0.134765625,0,0
1779556643.647834,-0.103515625,0.05859375,-0.021484375,-0.07421875,0.18359375,0.1796875,0,0
1779556643.655790,-0.11328125,0.041015625,-0.021484375,-0.07421875,0.18359375,0.1796875,0,0
1779556643.663756,-0.11328125,0.041015625,-0.021484375,-0.02734375,0.06640625,0.19921875,0,0
1779556643.671811,-0.107421875,0.041015625,-0.021484375,-0.02734375,0.06640625,0.19921875,0,0
1779556643.679761,-0.107421875,0.041015625,-0.021484375,-0.017578125,0.013671875,0.158203125,0,0
1779556643.687774,-0.060546875,0.041015625,-0.021484375,-0.017578125,0.013671875,0.158203125,0,0
1779556643.695729,-0.060546875,0.041015625,-0.021484375,-0.01171875,0.013671875,0.08203125,0,0
1779556643.725741,0.0,0.0,0.0,0.0,0.0,0.0,0,0
1779556643.756737,0.0,0.0,0.0,0.0,0.0,0.0,0,0
1779556643.787751,0.0,0.0,0.0,0.0,0.0,0.0,0,0
1779556643.818759,0.0,0.0,0.0,0.0,0.0,0.0,0,0
1779556643.849765,0.0,0.0,0.0,0.0,0.0,0.0,0,0
1779556643.880742,0.0,0.0,0.0,0.0,0.0,0.0,0,0
1779556643.911722,0.0,0.0,0.0,0.0,0.0,0.0,0,0
1779556643.942749,0.0,0.0,0.0,0.0,0.0,0.0,0,0
1779556643.973775,0.0,0.0,0.0,0.0,0.0,0.0,0,0
1779556644.004796,0.0,0.0,0.0,0.0,0.0,0.0,0,0
1779556644.035790,0.0,0.0,0.0,0.0,0.0,0.0,0,0
1779556644.066772,0.0,0.0,0.0,0.0,0.0,0.0,0,0
1779556644.097884,0.0,0.0,0.0,0.0,0.0,0.0,0,0
1779556644.128805,0.0,0.0,0.0,0.0,0.0,0.0,0,0
1779556644.159765,0.0,0.0,0.0,0.0,0.0,0.0,0,0
1779556644.175745,0.0,0.041015625,-0.021484375,-0.01171875,0.013671875,0.08203125,0,0
1779556644.191799,-0.02734375,0.041015625,-0.021484375,-0.01171875,0.013671875,0.08203125,0,0
1779556644.207789,-0.05859375,0.041015625,-0.021484375,-0.01171875,0.013671875,0.08203125,0,0
1779556644.223787,-0.146484375,0.041015625,-0.021484375,-0.01171875,0.013671875,0.08203125,0,0
1779556644.239786,-0.267578125,0.041015625,-0.021484375,-0.01171875,0.013671875,0.08203125,0,0
1779556644.247760,-0.267578125,0.041015625,-0.021484375,-0.01171875,-0.0234375,0.08203125,0,0
1779556644.255806,-0.376953125,0.041015625,-0.021484375,-0.01171875,-0.0234375,0.08203125,0,0
1779556644.263796,-0.376953125,0.041015625,-0.021484375,-0.01171875,-0.078125,0.08203125,0,0
1779556644.271811,-0.375,0.041015625,-0.021484375,-0.01171875,-0.078125,0.08203125,0,0
1779556644.279713,-0.375,0.041015625,-0.021484375,-0.01171875,-0.095703125,0.08203125,0,0
1779556644.287769,-0.328125,0.041015625,-0.021484375,-0.01171875,-0.095703125,0.08203125,0,0
1779556644.295747,-0.328125,0.041015625,-0.021484375,-0.01171875,-0.0625,0.08203125,0,0
1779556644.303755,-0.2109375,0.041015625,-0.021484375,-0.01171875,-0.0625,0.08203125,0,0
1779556644.311772,-0.2109375,0.041015625,-0.021484375,-0.01171875,-0.017578125,0.08203125,0,0
1779556644.319798,-0.146484375,0.041015625,-0.021484375,-0.01171875,-0.017578125,0.08203125,0,0
1779556644.327749,-0.146484375,0.041015625,-0.021484375,-0.01171875,-0.005859375,0.08203125,0,0
1779556644.335765,-0.09765625,0.041015625,-0.021484375,-0.01171875,-0.005859375,0.08203125,0,0
1779556644.343799,-0.09765625,0.041015625,-0.021484375,-0.01171875,-0.03515625,0.046875,0,0
1779556644.373817,0.0,0.0,0.0,0.0,0.0,0.0,0,0
1779556644.404762,0.0,0.0,0.0,0.0,0.0,0.0,0,0
1779556644.435748,0.0,0.0,0.0,0.0,0.0,0.0,0,0
1779556644.466810,0.0,0.0,0.0,0.0,0.0,0.0,0,0
1779556644.495774,-0.00390625,0.041015625,-0.021484375,-0.01171875,-0.03515625,0.046875,0,0
1779556644.511793,-0.015625,0.041015625,-0.021484375,-0.01171875,-0.03515625,0.046875,0,0
1779556644.541795,0.0,0.0,0.0,0.0,0.0,0.0,0,0
1779556644.543776,-0.005859375,0.041015625,-0.021484375,-0.01171875,-0.03515625,0.046875,0,0
1779556644.573785,0.0,0.0,0.0,0.0,0.0,0.0,0,0
1779556644.604802,0.0,0.0,0.0,0.0,0.0,0.0,0,0
1779556644.607790,-0.01171875,0.041015625,-0.021484375,-0.01171875,-0.03515625,0.046875,0,0
1779556644.623817,-0.00390625,0.041015625,-0.021484375,-0.01171875,-0.03515625,0.046875,0,0
1779556644.653800,0.0,0.0,0.0,0.0,0.0,0.0,0,0
1779556644.684751,0.0,0.0,0.0,0.0,0.0,0.0,0,0
1779556644.715779,0.0,0.0,0.0,0.0,0.0,0.0,0,0
1779556644.746728,0.0,0.0,0.0,0.0,0.0,0.0,0,0
1779556644.777777,0.0,0.0,0.0,0.0,0.0,0.0,0,0
1779556644.808744,0.0,0.0,0.0,0.0,0.0,0.0,0,0
1779556644.823756,-0.00390625,0.041015625,-0.021484375,-0.0078125,-0.03515625,0.046875,0,0
1779556644.839773,-0.00390625,0.041015625,-0.021484375,-0.025390625,-0.03515625,0.046875,0,0
1779556644.855750,-0.00390625,0.041015625,-0.021484375,-0.009765625,-0.03515625,0.046875,0,0
1779556644.885778,0.0,0.0,0.0,0.0,0.0,0.0,0,0
1779556644.916754,0.0,0.0,0.0,0.0,0.0,0.0,0,0
1779556644.947797,0.0,0.0,0.0,0.0,0.0,0.0,0,0
1779556644.978804,0.0,0.0,0.0,0.0,0.0,0.0,0,0
1779556645.009797,0.0,0.0,0.0,0.0,0.0,0.0,0,0
1779556645.040724,0.0,0.0,0.0,0.0,0.0,0.0,0,0
1779556645.071748,0.0,0.0,0.0,0.0,0.0,0.0,0,0
1779556645.102753,0.0,0.0,0.0,0.0,0.0,0.0,0,0
1779556645.133801,0.0,0.0,0.0,0.0,0.0,0.0,0,0
1779556645.164770,0.0,0.0,0.0,0.0,0.0,0.0,0,0
1779556645.195818,0.0,0.0,0.0,0.0,0.0,0.0,0,0
1779556645.226786,0.0,0.0,0.0,0.0,0.0,0.0,0,0
1779556645.257727,0.0,0.0,0.0,0.0,0.0,0.0,0,0
1779556645.288776,0.0,0.0,0.0,0.0,0.0,0.0,0,0
1779556645.319825,0.0,0.0,0.0,0.0,0.0,0.0,0,0
1779556645.350728,0.0,0.0,0.0,0.0,0.0,0.0,0,0
1779556645.381727,0.0,0.0,0.0,0.0,0.0,0.0,0,0
1779556645.412734,0.0,0.0,0.0,0.0,0.0,0.0,0,0
1779556645.443779,0.0,0.0,0.0,0.0,0.0,0.0,0,0
1779556645.474777,0.0,0.0,0.0,0.0,0.0,0.0,0,0
1779556645.505826,0.0,0.0,0.0,0.0,0.0,0.0,0,0
1779556645.536789,0.0,0.0,0.0,0.0,0.0,0.0,0,0
1779556645.567752,0.0,0.0,0.0,0.0,0.0,0.0,0,0
1779556645.598743,0.0,0.0,0.0,0.0,0.0,0.0,0,0
1779556645.629757,0.0,0.0,0.0,0.0,0.0,0.0,0,0
1779556645.660767,0.0,0.0,0.0,0.0,0.0,0.0,0,0
1779556645.691787,0.0,0.0,0.0,0.0,0.0,0.0,0,0
1779556645.722842,0.0,0.0,0.0,0.0,0.0,0.0,0,0
1779556645.751760,0.013671875,0.041015625,-0.021484375,-0.009765625,-0.03515625,0.046875,0,0
1779556645.759759,0.013671875,0.041015625,-0.021484375,-0.009765625,0.00390625,0.046875,0,0
1779556645.767737,0.068359375,0.041015625,-0.021484375,-0.009765625,0.00390625,0.046875,0,0
1779556645.775739,0.068359375,0.041015625,-0.021484375,-0.005859375,0.044921875,0.0,0,0
1779556645.783736,0.14453125,0.041015625,-0.021484375,-0.005859375,0.044921875,0.0,0,0
1779556645.791734,0.14453125,0.041015625,-0.021484375,-0.017578125,0.09765625,0.033203125,0,0
1779556645.799742,0.197265625,0.041015625,0.0078125,-0.017578125,0.09765625,0.033203125,0,0
1779556645.807743,0.197265625,0.041015625,0.0078125,0.0,0.146484375,0.0546875,0,0
1779556645.815806,0.25390625,0.041015625,0.064453125,0.0,0.146484375,0.0546875,0,0
1779556645.823798,0.25390625,0.041015625,0.064453125,0.0,0.23046875,0.060546875,0,0
1779556645.831807,0.279296875,0.041015625,0.09765625,0.0,0.23046875,0.060546875,0,0
1779556645.839792,0.279296875,0.041015625,0.09765625,0.0,0.283203125,0.0703125,0,0
1779556645.847816,0.283203125,0.041015625,0.1015625,0.0,0.283203125,0.0703125,0,0
1779556645.855826,0.283203125,0.041015625,0.1015625,0.0,0.30859375,0.076171875,0,0
1779556645.863800,0.283203125,0.041015625,0.107421875,0.0,0.30859375,0.076171875,0,0
1779556645.871799,0.283203125,0.041015625,0.107421875,-0.005859375,0.330078125,0.080078125,0,0
1779556645.879739,0.30859375,0.041015625,0.12109375,-0.005859375,0.330078125,0.080078125,0,0
1779556645.887795,0.30859375,0.041015625,0.12109375,-0.037109375,0.353515625,0.095703125,0,0
1779556645.895791,0.33203125,0.041015625,0.14453125,-0.037109375,0.353515625,0.095703125,0,0
1779556645.903827,0.33203125,0.041015625,0.14453125,-0.07421875,0.37890625,0.109375,0,0
1779556645.911713,0.33203125,0.041015625,0.15625,-0.07421875,0.37890625,0.109375,0,0
1779556645.919770,0.33203125,0.041015625,0.15625,-0.08984375,0.408203125,0.103515625,0,0
1779556645.927722,0.328125,0.041015625,0.15625,-0.08984375,0.408203125,0.103515625,0,0
1779556645.935776,0.328125,0.041015625,0.15625,-0.083984375,0.423828125,0.0859375,0,0
1779556645.943823,0.328125,0.01171875,0.16015625,-0.083984375,0.423828125,0.0859375,0,0
1779556645.951805,0.328125,0.01171875,0.16015625,-0.0703125,0.443359375,0.068359375,0,0
1779556645.959810,0.333984375,0.01953125,0.166015625,-0.0703125,0.443359375,0.068359375,0,0
1779556645.967741,0.333984375,0.01953125,0.166015625,-0.05078125,0.46484375,0.0546875,0,0
1779556645.975762,0.326171875,0.015625,0.1640625,-0.05078125,0.46484375,0.0546875,0,0
1779556645.983755,0.326171875,0.015625,0.1640625,-0.037109375,0.474609375,0.046875,0,0
1779556645.991758,0.330078125,0.01171875,0.140625,-0.037109375,0.474609375,0.046875,0,0
1779556645.999764,0.330078125,0.01171875,0.140625,-0.02734375,0.484375,0.046875,0,0
1779556646.007779,0.357421875,0.01171875,0.130859375,-0.02734375,0.484375,0.046875,0,0
1779556646.015802,0.357421875,0.01171875,0.130859375,-0.013671875,0.51171875,0.046875,0,0
1779556646.023758,0.376953125,0.017578125,0.123046875,-0.013671875,0.51171875,0.046875,0,0
1779556646.031797,0.376953125,0.017578125,0.123046875,-0.013671875,0.537109375,0.041015625,0,0
1779556646.039747,0.376953125,0.033203125,0.119140625,-0.013671875,0.537109375,0.041015625,0,0
1779556646.047762,0.376953125,0.033203125,0.119140625,-0.00390625,0.546875,0.033203125,0,0
1779556646.055754,0.376953125,0.05859375,0.125,-0.00390625,0.546875,0.033203125,0,0
1779556646.063780,0.376953125,0.05859375,0.125,-0.00390625,0.578125,0.015625,0,0
1779556646.071720,0.376953125,0.072265625,0.12109375,-0.00390625,0.578125,0.015625,0,0
1779556646.079734,0.376953125,0.072265625,0.12109375,-0.00390625,0.595703125,0.015625,0,0
1779556646.087716,0.380859375,0.08984375,0.10546875,-0.00390625,0.595703125,0.015625,0,0
1779556646.095749,0.380859375,0.08984375,0.10546875,-0.00390625,0.619140625,0.015625,0,0
1779556646.103811,0.380859375,0.09375,0.1015625,-0.00390625,0.619140625,0.015625,0,0
1779556646.111781,0.380859375,0.09375,0.1015625,-0.00390625,0.6328125,0.015625,0,0
1779556646.119746,0.37890625,0.09375,0.09765625,-0.00390625,0.6328125,0.015625,0,0
1779556646.127772,0.37890625,0.09375,0.09765625,-0.00390625,0.642578125,0.015625,0,0
1779556646.135762,0.37890625,0.08984375,0.09375,-0.00390625,0.642578125,0.015625,0,0
1779556646.143766,0.37890625,0.08984375,0.09375,0.015625,0.654296875,0.015625,0,0
1779556646.151739,0.376953125,0.08203125,0.09375,0.015625,0.654296875,0.015625,0,0
1779556646.159759,0.376953125,0.08203125,0.09375,0.037109375,0.662109375,0.015625,0,0
1779556646.167712,0.373046875,0.068359375,0.08984375,0.037109375,0.662109375,0.015625,0,0
1779556646.175792,0.373046875,0.068359375,0.08984375,0.056640625,0.666015625,0.015625,0,0
1779556646.183770,0.373046875,0.0625,0.0859375,0.056640625,0.666015625,0.015625,0,0
1779556646.191760,0.373046875,0.0625,0.0859375,0.076171875,0.671875,0.015625,0,0
1779556646.199795,0.37109375,0.0546875,0.08203125,0.076171875,0.671875,0.015625,0,0
1779556646.207788,0.37109375,0.0546875,0.08203125,0.078125,0.671875,0.015625,0,0
1779556646.215787,0.37109375,0.033203125,0.0625,0.078125,0.671875,0.015625,0,0
1779556646.223795,0.37109375,0.033203125,0.0625,0.07421875,0.662109375,0.015625,0,0
1779556646.231806,0.369140625,0.033203125,0.025390625,0.07421875,0.662109375,0.015625,0,0
1779556646.239770,0.369140625,0.033203125,0.025390625,0.076171875,0.64453125,0.015625,0,0
1779556646.247805,0.345703125,0.033203125,0.025390625,0.076171875,0.64453125,0.015625,0,0
1779556646.255803,0.345703125,0.033203125,0.025390625,0.080078125,0.59765625,0.021484375,0,0
1779556646.263750,0.283203125,0.033203125,0.025390625,0.080078125,0.59765625,0.021484375,0,0
1779556646.271781,0.283203125,0.033203125,0.025390625,0.07421875,0.51171875,0.044921875,0,0
1779556646.279825,0.203125,0.033203125,0.025390625,0.07421875,0.51171875,0.044921875,0,0
1779556646.287817,0.203125,0.033203125,0.025390625,0.072265625,0.4296875,0.064453125,0,0
1779556646.295758,0.076171875,0.033203125,-0.017578125,0.072265625,0.4296875,0.064453125,0,0
1779556646.303784,0.076171875,0.033203125,-0.017578125,0.0546875,0.30078125,0.08984375,0,0
1779556646.311725,0.076171875,-0.015625,-0.044921875,0.0546875,0.30078125,0.08984375,0,0
1779556646.319757,0.076171875,-0.015625,-0.044921875,0.013671875,0.18359375,0.109375,0,0
1779556646.327705,0.076171875,-0.029296875,-0.05859375,0.013671875,0.18359375,0.109375,0,0
1779556646.335754,0.076171875,-0.029296875,-0.05859375,0.013671875,0.103515625,0.11328125,0,0
1779556646.343748,0.076171875,-0.0546875,-0.037109375,0.013671875,0.103515625,0.11328125,0,0
1779556646.351806,0.076171875,-0.0546875,-0.037109375,0.013671875,0.072265625,0.09765625,0,0
1779556646.359756,0.076171875,-0.041015625,-0.037109375,0.013671875,0.072265625,0.09765625,0,0
1779556646.367742,0.076171875,-0.041015625,-0.037109375,0.0078125,0.044921875,0.078125,0,0
1779556646.375842,-0.021484375,-0.041015625,-0.037109375,0.0078125,0.044921875,0.078125,0,0
1779556646.405748,0.0,0.0,0.0,0.0,0.0,0.0,0,0
1779556646.436772,0.0,0.0,0.0,0.0,0.0,0.0,0,0
1779556646.447778,-0.00390625,-0.041015625,-0.037109375,0.0078125,0.044921875,0.078125,0,0
1779556646.455771,-0.00390625,-0.041015625,-0.037109375,0.0078125,-0.01171875,0.078125,0,0
1779556646.463734,-0.041015625,-0.041015625,-0.037109375,0.0078125,-0.01171875,0.078125,0,0
1779556646.471763,-0.041015625,-0.041015625,-0.037109375,0.0078125,-0.07421875,0.078125,0,0
1779556646.479730,-0.052734375,-0.041015625,0.0078125,0.0078125,-0.07421875,0.078125,0,0
1779556646.487750,-0.052734375,-0.041015625,0.0078125,0.0078125,-0.09765625,0.078125,0,0
1779556646.495757,-0.056640625,-0.041015625,0.0078125,0.0078125,-0.09765625,0.078125,0,0
1779556646.503711,-0.056640625,-0.041015625,0.0078125,0.0078125,-0.078125,0.078125,0,0
1779556646.511771,-0.037109375,-0.041015625,0.0078125,0.0078125,-0.078125,0.078125,0,0
1779556646.519738,-0.037109375,-0.041015625,0.0078125,0.0078125,-0.03125,0.078125,0,0
1779556646.527781,-0.02734375,-0.041015625,0.0078125,0.0078125,-0.03125,0.078125,0,0
1779556646.535787,-0.02734375,-0.041015625,0.0078125,0.0078125,-0.005859375,0.078125,0,0
1779556646.543792,-0.025390625,-0.041015625,0.0078125,0.0078125,-0.005859375,0.078125,0,0
1779556646.559773,-0.021484375,-0.041015625,0.0078125,0.0078125,-0.005859375,0.078125,0,0
1779556646.589792,0.0,0.0,0.0,0.0,0.0,0.0,0,0
1779556646.620798,0.0,0.0,0.0,0.0,0.0,0.0,0,0
1779556646.647835,-0.021484375,-0.041015625,0.0078125,0.0078125,0.00390625,0.078125,0,0
1779556646.655839,-0.021484375,-0.005859375,0.0078125,0.0078125,0.00390625,0.078125,0,0
1779556646.663818,-0.021484375,-0.005859375,0.0078125,0.0078125,0.0,0.078125,0,0
1779556646.671797,-0.021484375,-0.052734375,0.0078125,0.0078125,0.0,0.078125,0,0
1779556646.687794,-0.021484375,-0.03515625,0.0078125,0.0078125,0.0,0.078125,0,0
1779556646.695759,-0.021484375,-0.03515625,0.0078125,0.0078125,0.0,-0.00390625,0,0
1779556646.703772,-0.009765625,-0.048828125,0.0390625,0.0078125,0.0,-0.00390625,0,0
1779556646.711805,-0.009765625,-0.048828125,0.0390625,0.0078125,0.0,-0.021484375,0,0
1779556646.719770,-0.05078125,-0.064453125,0.099609375,0.0078125,0.0,-0.021484375,0,0
1779556646.727779,-0.05078125,-0.064453125,0.099609375,0.0078125,0.0,-0.037109375,0,0
1779556646.735781,-0.099609375,-0.02734375,0.123046875,0.0078125,0.0,-0.037109375,0,0
1779556646.743784,-0.099609375,-0.02734375,0.123046875,0.0,0.0,-0.068359375,0,0
1779556646.751760,-0.154296875,-0.02734375,0.150390625,0.0,0.0,-0.068359375,0,0
1779556646.759771,-0.154296875,-0.02734375,0.150390625,0.0,0.0,-0.09765625,0,0
1779556646.767771,-0.193359375,-0.015625,0.2109375,0.0,0.0,-0.09765625,0,0
1779556646.775812,-0.193359375,-0.015625,0.2109375,0.015625,0.0,-0.103515625,0,0
1779556646.783750,-0.205078125,-0.037109375,0.30078125,0.015625,0.0,-0.103515625,0,0
1779556646.791793,-0.205078125,-0.037109375,0.30078125,0.044921875,0.0,-0.1015625,0,0
1779556646.799716,-0.20703125,-0.046875,0.35546875,0.044921875,0.0,-0.1015625,0,0
1779556646.807747,-0.20703125,-0.046875,0.35546875,0.064453125,0.0,-0.09765625,0,0
1779556646.815748,-0.208984375,-0.048828125,0.392578125,0.064453125,0.0,-0.09765625,0,0
1779556646.823775,-0.208984375,-0.048828125,0.392578125,0.07421875,-0.00390625,-0.09375,0,0
1779556646.831781,-0.201171875,-0.048828125,0.3984375,0.07421875,-0.00390625,-0.09375,0,0
1779556646.839751,-0.201171875,-0.048828125,0.3984375,0.072265625,-0.00390625,-0.087890625,0,0
1779556646.847790,-0.197265625,-0.0390625,0.3984375,0.072265625,-0.00390625,-0.087890625,0,0
1779556646.855757,-0.197265625,-0.0390625,0.3984375,0.06640625,-0.00390625,-0.087890625,0,0
1779556646.863764,-0.19921875,-0.017578125,0.40625,0.06640625,-0.00390625,-0.087890625,0,0
1779556646.871771,-0.19921875,-0.017578125,0.40625,0.05859375,-0.00390625,-0.0859375,0,0
1779556646.879757,-0.2109375,-0.00390625,0.416015625,0.05859375,-0.00390625,-0.0859375,0,0
1779556646.887737,-0.2109375,-0.00390625,0.416015625,0.0546875,-0.00390625,-0.083984375,0,0
1779556646.895741,-0.22265625,-0.00390625,0.40625,0.0546875,-0.00390625,-0.083984375,0,0
1779556646.903754,-0.22265625,-0.00390625,0.40625,0.056640625,-0.00390625,-0.07421875,0,0
1779556646.911829,-0.2421875,-0.013671875,0.373046875,0.056640625,-0.00390625,-0.07421875,0,0
1779556646.919800,-0.2421875,-0.013671875,0.373046875,0.060546875,-0.00390625,-0.064453125,0,0
1779556646.927802,-0.248046875,-0.01171875,0.349609375,0.060546875,-0.00390625,-0.064453125,0,0
1779556646.935831,-0.248046875,-0.01171875,0.349609375,0.0625,-0.00390625,-0.05859375,0,0
1779556646.943763,-0.244140625,-0.01171875,0.3125,0.0625,-0.00390625,-0.05859375,0,0
1779556646.951759,-0.244140625,-0.01171875,0.3125,0.0625,-0.00390625,-0.044921875,0,0
1779556646.959736,-0.224609375,-0.01171875,0.28125,0.0625,-0.00390625,-0.044921875,0,0
1779556646.967783,-0.224609375,-0.01171875,0.28125,0.060546875,-0.00390625,-0.03125,0,0
1779556646.975817,-0.189453125,-0.01171875,0.244140625,0.060546875,-0.00390625,-0.03125,0,0
1779556646.983811,-0.189453125,-0.01171875,0.244140625,0.060546875,-0.00390625,-0.0078125,0,0
1779556646.991808,-0.150390625,-0.01171875,0.19140625,0.060546875,-0.00390625,-0.0078125,0,0
1779556646.999809,-0.150390625,-0.01171875,0.19140625,0.037109375,-0.00390625,-0.0078125,0,0
1779556647.007905,-0.115234375,-0.01171875,0.0625,0.037109375,-0.00390625,-0.0078125,0,0
1779556647.023816,-0.080078125,-0.01171875,0.021484375,0.037109375,-0.00390625,-0.0078125,0,0
1779556647.031823,-0.080078125,-0.01171875,0.021484375,-0.03515625,-0.00390625,-0.0078125,0,0
1779556647.039840,-0.044921875,-0.01171875,0.021484375,-0.03515625,-0.00390625,-0.0078125,0,0
1779556647.055789,-0.0078125,-0.01171875,0.021484375,-0.03515625,-0.00390625,-0.0078125,0,0
1779556647.071762,0.0,-0.01171875,0.021484375,-0.03515625,-0.00390625,-0.0078125,0,0
1779556647.101745,0.0,0.0,0.0,0.0,0.0,0.0,0,0
1779556647.132810,0.0,0.0,0.0,0.0,0.0,0.0,0,0
1779556647.163795,0.0,0.0,0.0,0.0,0.0,0.0,0,0
1779556647.167773,0.0,-0.01171875,0.021484375,-0.03515625,0.00390625,-0.0078125,0,0
1779556647.197788,0.0,0.0,0.0,0.0,0.0,0.0,0,0
1779556647.228788,0.0,0.0,0.0,0.0,0.0,0.0,0,0
1779556647.247815,0.0,-0.01171875,-0.005859375,-0.03515625,0.00390625,-0.0078125,0,0
1779556647.263749,0.0,-0.01171875,-0.037109375,-0.03515625,0.00390625,-0.0078125,0,0
1779556647.279787,0.0,-0.01171875,-0.07421875,-0.03515625,0.00390625,-0.0078125,0,0
1779556647.295802,0.0,-0.01171875,-0.103515625,-0.03515625,0.00390625,-0.0078125,0,0
1779556647.303800,0.0,-0.01171875,-0.103515625,0.00390625,0.00390625,-0.0078125,0,0
1779556647.311802,-0.01171875,-0.01171875,-0.130859375,0.00390625,0.00390625,-0.0078125,0,0
1779556647.319796,-0.01171875,-0.01171875,-0.130859375,0.025390625,0.00390625,-0.0078125,0,0
1779556647.327759,-0.03125,-0.01171875,-0.17578125,0.025390625,0.00390625,-0.0078125,0,0
1779556647.335840,-0.03125,-0.01171875,-0.17578125,0.0390625,0.00390625,-0.0078125,0,0
1779556647.343821,-0.041015625,-0.01171875,-0.228515625,0.0390625,0.00390625,-0.0078125,0,0
1779556647.351802,-0.041015625,-0.01171875,-0.228515625,0.052734375,-0.00390625,-0.0078125,0,0
1779556647.359832,-0.03515625,-0.01171875,-0.267578125,0.052734375,-0.00390625,-0.0078125,0,0
1779556647.367736,-0.03515625,-0.01171875,-0.267578125,0.0703125,-0.0078125,-0.0078125,0,0
1779556647.375882,-0.01953125,-0.01171875,-0.291015625,0.0703125,-0.0078125,-0.0078125,0,0
1779556647.383830,-0.01953125,-0.01171875,-0.291015625,0.083984375,-0.005859375,-0.0078125,0,0
1779556647.391806,-0.0078125,-0.01171875,-0.30859375,0.083984375,-0.005859375,-0.0078125,0,0
1779556647.399802,-0.0078125,-0.01171875,-0.30859375,0.099609375,-0.005859375,-0.0078125,0,0
1779556647.407802,-0.005859375,-0.0078125,-0.326171875,0.099609375,-0.005859375,-0.0078125,0,0
1779556647.415775,-0.005859375,-0.0078125,-0.326171875,0.119140625,-0.005859375,-0.0078125,0,0
1779556647.423835,-0.005859375,-0.01171875,-0.341796875,0.119140625,-0.005859375,-0.0078125,0,0
1779556647.431791,-0.005859375,-0.01171875,-0.341796875,0.123046875,0.0,-0.0078125,0,0
1779556647.439793,-0.009765625,-0.013671875,-0.353515625,0.123046875,0.0,-0.0078125,0,0
1779556647.447759,-0.009765625,-0.013671875,-0.353515625,0.125,0.0,-0.0078125,0,0
1779556647.455705,-0.015625,-0.013671875,-0.361328125,0.125,0.0,-0.0078125,0,0
1779556647.463781,-0.015625,-0.013671875,-0.361328125,0.130859375,0.0,-0.0078125,0,0
1779556647.471788,-0.017578125,-0.015625,-0.361328125,0.130859375,0.0,-0.0078125,0,0
1779556647.479735,-0.017578125,-0.015625,-0.361328125,0.138671875,0.0,-0.0078125,0,0
1779556647.487765,-0.015625,-0.009765625,-0.365234375,0.138671875,0.0,-0.0078125,0,0
1779556647.495747,-0.015625,-0.009765625,-0.365234375,0.138671875,0.0,-0.0078125,0,0
1779556647.503829,-0.015625,-0.009765625,-0.36328125,0.138671875,0.0,-0.0078125,0,0
1779556647.511789,-0.015625,-0.009765625,-0.36328125,0.126953125,0.0,-0.0078125,0,0
1779556647.519786,-0.015625,-0.009765625,-0.361328125,0.126953125,0.0,-0.0078125,0,0
1779556647.527783,-0.015625,-0.009765625,-0.361328125,0.11328125,0.0,-0.0078125,0,0
1779556647.535805,-0.015625,-0.009765625,-0.361328125,0.11328125,0.0,-0.0078125,0,0
1779556647.543766,-0.015625,-0.009765625,-0.361328125,0.111328125,0.0,-0.0078125,0,0
1779556647.551793,-0.015625,-0.009765625,-0.359375,0.111328125,0.0,-0.0078125,0,0
1779556647.559774,-0.015625,-0.009765625,-0.359375,0.109375,0.0,-0.0078125,0,0
1779556647.567719,0.0,-0.009765625,-0.359375,0.109375,0.0,-0.0078125,0,0
1779556647.575860,0.0,-0.009765625,-0.359375,0.103515625,-0.00390625,-0.0078125,0,0
1779556647.583748,0.0,-0.009765625,-0.3671875,0.103515625,-0.00390625,-0.0078125,0,0
1779556647.591776,0.0,-0.009765625,-0.3671875,0.09375,-0.005859375,-0.0078125,0,0
1779556647.599805,0.0,-0.009765625,-0.369140625,0.09375,-0.005859375,-0.0078125,0,0
1779556647.607859,0.0,-0.009765625,-0.369140625,0.087890625,-0.0078125,-0.0078125,0,0
1779556647.615798,0.0,-0.009765625,-0.373046875,0.087890625,-0.0078125,-0.0078125,0,0
1779556647.623813,0.0,-0.009765625,-0.373046875,0.0859375,-0.005859375,-0.0078125,0,0
1779556647.631810,0.0,-0.009765625,-0.37890625,0.0859375,-0.005859375,-0.0078125,0,0
1779556647.639768,0.0,-0.009765625,-0.37890625,0.083984375,-0.01171875,-0.0078125,0,0
1779556647.647754,0.0,-0.009765625,-0.3828125,0.083984375,-0.01171875,-0.0078125,0,0
1779556647.655759,0.0,-0.009765625,-0.3828125,0.080078125,-0.01171875,-0.0078125,0,0
1779556647.663764,0.0,-0.009765625,-0.392578125,0.080078125,-0.01171875,-0.0078125,0,0
1779556647.671727,0.0,-0.009765625,-0.392578125,0.080078125,-0.015625,-0.0078125,0,0
1779556647.679761,0.0,-0.009765625,-0.40234375,0.080078125,-0.015625,-0.0078125,0,0
1779556647.687743,0.0,-0.009765625,-0.40234375,0.08203125,-0.015625,-0.0078125,0,0
1779556647.695742,0.0,-0.009765625,-0.421875,0.08203125,-0.015625,-0.0078125,0,0
1779556647.703766,0.0,-0.009765625,-0.421875,0.0859375,-0.021484375,-0.0078125,0,0
1779556647.711789,0.0,-0.009765625,-0.43359375,0.0859375,-0.021484375,-0.0078125,0,0
1779556647.719781,0.0,-0.009765625,-0.43359375,0.08203125,-0.0234375,-0.0078125,0,0
1779556647.727747,0.0,-0.009765625,-0.439453125,0.08203125,-0.0234375,-0.0078125,0,0
1779556647.735755,0.0,-0.009765625,-0.439453125,0.080078125,-0.025390625,-0.0078125,0,0
1779556647.743766,0.0,-0.009765625,-0.4375,0.080078125,-0.025390625,-0.0078125,0,0
1779556647.751752,0.0,-0.009765625,-0.4375,0.072265625,-0.025390625,-0.0078125,0,0
1779556647.759748,0.0,-0.009765625,-0.419921875,0.072265625,-0.025390625,-0.0078125,0,0
1779556647.767756,0.0,-0.009765625,-0.419921875,0.05859375,-0.01953125,-0.0078125,0,0
1779556647.775765,0.0,-0.009765625,-0.41015625,0.05859375,-0.01953125,-0.0078125,0,0
1779556647.783756,0.0,-0.009765625,-0.41015625,0.0390625,-0.015625,-0.0078125,0,0
1779556647.791807,0.0,-0.009765625,-0.404296875,0.0390625,-0.015625,-0.0078125,0,0
1779556647.799785,0.0,-0.009765625,-0.404296875,0.03125,-0.01953125,-0.0078125,0,0
1779556647.807782,0.0,-0.009765625,-0.390625,0.03125,-0.01953125,-0.0078125,0,0
1779556647.815753,0.0,-0.009765625,-0.390625,0.037109375,-0.017578125,-0.0078125,0,0
1779556647.823805,0.0,-0.009765625,-0.37109375,0.037109375,-0.017578125,-0.0078125,0,0
1779556647.831748,0.0,-0.009765625,-0.37109375,0.0390625,-0.015625,-0.0078125,0,0
1779556647.839777,0.0,-0.009765625,-0.326171875,0.0390625,-0.015625,-0.0078125,0,0
1779556647.847807,0.0,-0.009765625,-0.326171875,0.0390625,-0.00390625,-0.0078125,0,0
1779556647.855802,0.0,-0.009765625,-0.244140625,0.0390625,-0.00390625,-0.0078125,0,0
1779556647.863772,0.0,-0.009765625,-0.244140625,0.04296875,-0.00390625,-0.0078125,0,0
1779556647.871767,0.0,-0.009765625,-0.12890625,0.04296875,-0.00390625,-0.0078125,0,0
1779556647.879775,0.0,-0.009765625,-0.12890625,0.046875,-0.00390625,-0.0078125,0,0
1779556647.887759,0.0,-0.009765625,-0.072265625,0.046875,-0.00390625,-0.0078125,0,0
1779556647.895769,0.0,-0.009765625,-0.072265625,0.037109375,-0.00390625,-0.0078125,0,0
1779556647.903771,0.0,-0.009765625,-0.025390625,0.037109375,-0.00390625,-0.0078125,0,0
1779556647.911786,0.0,-0.009765625,-0.025390625,0.01953125,-0.00390625,-0.0078125,0,0
1779556647.941770,0.0,0.0,0.0,0.0,0.0,0.0,0,0
1779556647.972744,0.0,0.0,0.0,0.0,0.0,0.0,0,0
1779556647.975791,0.0,-0.009765625,-0.025390625,0.01953125,0.0,-0.0078125,0,0
1779556648.005793,0.0,0.0,0.0,0.0,0.0,0.0,0,0
1779556648.036796,0.0,0.0,0.0,0.0,0.0,0.0,0,0
1779556648.067759,0.0,0.0,0.0,0.0,0.0,0.0,0,0
1779556648.098759,0.0,0.0,0.0,0.0,0.0,0.0,0,0
1779556648.129717,0.0,0.0,0.0,0.0,0.0,0.0,0,0
1779556648.160799,0.0,0.0,0.0,0.0,0.0,0.0,0,0
1779556648.191795,0.0,0.0,0.0,0.0,0.0,0.0,0,0
1779556648.222781,0.0,0.0,0.0,0.0,0.0,0.0,0,0
1779556648.253776,0.0,0.0,0.0,0.0,0.0,0.0,0,0
1779556648.284777,0.0,0.0,0.0,0.0,0.0,0.0,0,0
1779556648.315753,0.0,0.0,0.0,0.0,0.0,0.0,0,0
1779556648.346785,0.0,0.0,0.0,0.0,0.0,0.0,0,0
1779556648.377764,0.0,0.0,0.0,0.0,0.0,0.0,0,0
1779556648.408740,0.0,0.0,0.0,0.0,0.0,0.0,0,0
1779556648.439803,0.0,0.0,0.0,0.0,0.0,0.0,0,0
1779556648.470801,0.0,0.0,0.0,0.0,0.0,0.0,0,0
1779556648.501775,0.0,0.0,0.0,0.0,0.0,0.0,0,0
1779556648.532781,0.0,0.0,0.0,0.0,0.0,0.0,0,0
1779556648.563788,0.0,0.0,0.0,0.0,0.0,0.0,0,0
1779556648.594739,0.0,0.0,0.0,0.0,0.0,0.0,0,0
1779556648.625788,0.0,0.0,0.0,0.0,0.0,0.0,0,0
1779556648.656764,0.0,0.0,0.0,0.0,0.0,0.0,0,0
1779556648.687797,0.0,0.0,0.0,0.0,0.0,0.0,0,0
1779556648.703792,0.0,-0.009765625,-0.025390625,0.01953125,0.0,-0.0078125,0,0
1779556648.719794,0.0078125,-0.009765625,-0.025390625,0.01953125,0.0,-0.0078125,0,0
1779556648.735785,0.017578125,-0.009765625,-0.025390625,0.01953125,0.0,-0.0078125,0,0
1779556648.751775,0.021484375,-0.009765625,-0.009765625,0.01953125,0.0,-0.0078125,0,0
1779556648.767793,0.025390625,-0.009765625,-0.01953125,0.01953125,0.0,-0.0078125,0,0
1779556648.783782,0.025390625,-0.009765625,-0.04296875,0.01953125,0.0,-0.0078125,0,0
1779556648.791749,0.025390625,-0.009765625,-0.04296875,0.0078125,0.0,-0.0078125,0,0
1779556648.799850,0.025390625,-0.009765625,-0.0703125,0.0078125,0.0,-0.0078125,0,0
1779556648.807790,0.025390625,-0.009765625,-0.0703125,0.015625,0.0,-0.0078125,0,0
1779556648.815846,0.02734375,-0.009765625,-0.0859375,0.015625,0.0,-0.0078125,0,0
1779556648.823844,0.02734375,-0.009765625,-0.0859375,0.025390625,0.0,-0.0078125,0,0
1779556648.831766,0.033203125,-0.009765625,-0.09765625,0.025390625,0.0,-0.0078125,0,0
1779556648.839803,0.033203125,-0.009765625,-0.09765625,0.025390625,0.0,-0.0078125,0,0
1779556648.847769,0.044921875,-0.009765625,-0.10546875,0.025390625,0.0,-0.0078125,0,0
1779556648.855773,0.044921875,-0.009765625,-0.10546875,0.0234375,0.0,-0.0078125,0,0
1779556648.863817,0.056640625,-0.009765625,-0.111328125,0.0234375,0.0,-0.0078125,0,0
1779556648.871790,0.056640625,-0.009765625,-0.111328125,0.015625,0.0,-0.0078125,0,0
1779556648.879782,0.068359375,-0.009765625,-0.11328125,0.015625,0.0,-0.0078125,0,0
1779556648.887743,0.068359375,-0.009765625,-0.11328125,0.005859375,0.0,-0.0078125,0,0
1779556648.895779,0.072265625,-0.009765625,-0.099609375,0.005859375,0.0,-0.0078125,0,0
1779556648.911801,0.068359375,-0.009765625,-0.064453125,0.005859375,0.0,-0.0078125,0,0
1779556648.927748,0.056640625,-0.009765625,-0.01953125,0.005859375,0.0,-0.0078125,0,0
1779556648.943843,0.03125,-0.009765625,-0.01953125,0.005859375,0.0,-0.0078125,0,0
1779556648.959764,0.0,-0.009765625,-0.01953125,0.005859375,0.0,-0.0078125,0,0
1779556648.989730,0.0,0.0,0.0,0.0,0.0,0.0,0,0
1779556649.020790,0.0,0.0,0.0,0.0,0.0,0.0,0,0
1779556649.051788,0.0,0.0,0.0,0.0,0.0,0.0,0,0
1779556649.082744,0.0,0.0,0.0,0.0,0.0,0.0,0,0
1779556649.113803,0.0,0.0,0.0,0.0,0.0,0.0,0,0
1779556649.144788,0.0,0.0,0.0,0.0,0.0,0.0,0,0
1779556649.175863,0.0,0.0,0.0,0.0,0.0,0.0,0,0
1779556649.206776,0.0,0.0,0.0,0.0,0.0,0.0,0,0
1779556649.237820,0.0,0.0,0.0,0.0,0.0,0.0,0,0
1779556649.255795,0.0078125,-0.009765625,-0.01953125,0.005859375,0.0,-0.0078125,0,0
1779556649.271770,0.04296875,-0.009765625,-0.01953125,0.005859375,0.0,-0.0078125,0,0
1779556649.287778,0.07421875,-0.009765625,-0.01953125,0.005859375,0.0,-0.0078125,0,0
1779556649.303770,0.1171875,-0.01953125,-0.01953125,0.005859375,0.0,-0.0078125,0,0
1779556649.311833,0.1171875,-0.01953125,-0.01953125,0.005859375,0.009765625,-0.005859375,0,0
1779556649.319826,0.14453125,-0.03515625,-0.01953125,0.005859375,0.009765625,-0.005859375,0,0
1779556649.327794,0.14453125,-0.03515625,-0.01953125,0.005859375,0.01953125,-0.005859375,0,0
1779556649.335797,0.171875,-0.060546875,-0.01953125,0.005859375,0.01953125,-0.005859375,0,0
1779556649.343824,0.171875,-0.060546875,-0.01953125,0.005859375,0.025390625,-0.005859375,0,0
1779556649.351762,0.185546875,-0.080078125,-0.01953125,0.005859375,0.025390625,-0.005859375,0,0
1779556649.359748,0.185546875,-0.080078125,-0.01953125,0.005859375,0.025390625,-0.005859375,0,0
1779556649.367800,0.197265625,-0.099609375,-0.01953125,0.005859375,0.025390625,-0.005859375,0,0
1779556649.375809,0.197265625,-0.099609375,-0.01953125,0.005859375,0.025390625,-0.005859375,0,0
1779556649.383794,0.205078125,-0.107421875,-0.01953125,0.005859375,0.025390625,-0.005859375,0,0
1779556649.391804,0.205078125,-0.107421875,-0.01953125,0.005859375,0.03515625,-0.005859375,0,0
1779556649.399791,0.2109375,-0.109375,-0.01953125,0.005859375,0.03515625,-0.005859375,0,0
1779556649.407773,0.2109375,-0.109375,-0.01953125,0.005859375,0.037109375,-0.005859375,0,0
1779556649.415759,0.21484375,-0.119140625,-0.01953125,0.005859375,0.037109375,-0.005859375,0,0
1779556649.423793,0.21484375,-0.119140625,-0.01953125,0.005859375,0.041015625,-0.005859375,0,0
1779556649.431776,0.224609375,-0.119140625,-0.01953125,0.005859375,0.041015625,-0.005859375,0,0
1779556649.439800,0.224609375,-0.119140625,-0.01953125,0.005859375,0.044921875,-0.005859375,0,0
1779556649.447801,0.224609375,-0.119140625,-0.01953125,0.005859375,0.044921875,-0.005859375,0,0
1779556649.455757,0.224609375,-0.119140625,-0.01953125,0.005859375,0.044921875,-0.005859375,0,0
1779556649.463800,0.224609375,-0.12109375,-0.01953125,0.005859375,0.044921875,-0.005859375,0,0
1779556649.471762,0.224609375,-0.12109375,-0.01953125,0.005859375,0.044921875,-0.005859375,0,0
1779556649.479749,0.2265625,-0.12109375,-0.01953125,0.005859375,0.044921875,-0.005859375,0,0
1779556649.487737,0.2265625,-0.12109375,-0.01953125,0.005859375,0.041015625,-0.005859375,0,0
1779556649.495821,0.23046875,-0.12109375,-0.01953125,0.005859375,0.041015625,-0.005859375,0,0
1779556649.503786,0.23046875,-0.12109375,-0.01953125,0.005859375,0.044921875,-0.005859375,0,0
1779556649.511769,0.234375,-0.12109375,-0.01953125,0.005859375,0.044921875,-0.005859375,0,0
1779556649.519738,0.234375,-0.12109375,-0.01953125,0.005859375,0.044921875,-0.005859375,0,0
1779556649.527828,0.240234375,-0.119140625,-0.01953125,0.005859375,0.044921875,-0.005859375,0,0
1779556649.535775,0.240234375,-0.119140625,-0.01953125,0.005859375,0.046875,-0.005859375,0,0
1779556649.543777,0.2421875,-0.119140625,-0.01953125,0.005859375,0.046875,-0.005859375,0,0
1779556649.551757,0.2421875,-0.119140625,-0.01953125,0.005859375,0.046875,-0.005859375,0,0
1779556649.559771,0.248046875,-0.125,-0.01953125,0.005859375,0.046875,-0.005859375,0,0
1779556649.567749,0.248046875,-0.125,-0.01953125,0.005859375,0.044921875,-0.005859375,0,0
1779556649.575766,0.25390625,-0.12890625,-0.01953125,0.005859375,0.044921875,-0.005859375,0,0
1779556649.583734,0.25390625,-0.12890625,-0.01953125,0.005859375,0.041015625,-0.005859375,0,0
1779556649.591743,0.25390625,-0.130859375,-0.01953125,0.005859375,0.041015625,-0.005859375,0,0
1779556649.599797,0.25390625,-0.130859375,-0.01953125,0.005859375,0.0390625,-0.005859375,0,0
1779556649.607794,0.25,-0.130859375,-0.01953125,0.005859375,0.0390625,-0.005859375,0,0
1779556649.615789,0.25,-0.130859375,-0.01953125,0.005859375,0.037109375,-0.005859375,0,0
1779556649.623774,0.24609375,-0.130859375,-0.01953125,0.005859375,0.037109375,-0.005859375,0,0
1779556649.631834,0.24609375,-0.130859375,-0.01953125,0.005859375,0.037109375,-0.005859375,0,0
1779556649.639738,0.240234375,-0.125,-0.01953125,0.005859375,0.037109375,-0.005859375,0,0
1779556649.647760,0.240234375,-0.125,-0.01953125,0.005859375,0.037109375,-0.005859375,0,0
1779556649.655753,0.236328125,-0.1171875,-0.01953125,0.005859375,0.037109375,-0.005859375,0,0
1779556649.663785,0.236328125,-0.1171875,-0.01953125,0.005859375,0.037109375,-0.005859375,0,0
1779556649.671772,0.228515625,-0.109375,-0.01953125,0.005859375,0.037109375,-0.005859375,0,0
1779556649.679803,0.228515625,-0.109375,-0.01953125,0.005859375,0.037109375,-0.005859375,0,0
1779556649.687810,0.22265625,-0.109375,-0.01953125,0.005859375,0.037109375,-0.005859375,0,0
1779556649.695819,0.22265625,-0.109375,-0.01953125,0.005859375,0.03515625,-0.005859375,0,0
1779556649.703722,0.236328125,-0.123046875,-0.01953125,0.005859375,0.03515625,-0.005859375,0,0
1779556649.711778,0.236328125,-0.123046875,-0.01953125,0.005859375,0.03515625,-0.005859375,0,0
1779556649.719778,0.255859375,-0.14453125,-0.01953125,0.005859375,0.03515625,-0.005859375,0,0
1779556649.727735,0.255859375,-0.14453125,-0.01953125,0.005859375,0.02734375,-0.005859375,0,0
1779556649.735758,0.279296875,-0.15234375,-0.01953125,0.005859375,0.02734375,-0.005859375,0,0
1779556649.743807,0.279296875,-0.15234375,-0.01953125,0.005859375,0.029296875,-0.005859375,0,0
1779556649.751760,0.283203125,-0.15234375,-0.01953125,0.005859375,0.029296875,-0.005859375,0,0
1779556649.759774,0.283203125,-0.15234375,-0.01953125,0.005859375,0.033203125,0.0,0,0
1779556649.767753,0.265625,-0.140625,-0.01953125,0.005859375,0.033203125,0.0,0,0
1779556649.775807,0.265625,-0.140625,-0.01953125,0.005859375,0.029296875,0.0,0,0
1779556649.783760,0.244140625,-0.125,-0.01953125,0.005859375,0.029296875,0.0,0,0
1779556649.791768,0.244140625,-0.125,-0.01953125,0.005859375,0.02734375,0.0,0,0
1779556649.799754,0.205078125,-0.09375,-0.01953125,0.005859375,0.02734375,0.0,0,0
1779556649.807799,0.205078125,-0.09375,-0.01953125,0.005859375,0.03125,0.0,0,0
1779556649.815777,0.169921875,-0.052734375,-0.01953125,0.005859375,0.03125,0.0,0,0
1779556649.823783,0.169921875,-0.052734375,-0.01953125,0.005859375,0.037109375,0.0,0,0
1779556649.831775,0.142578125,-0.021484375,-0.01953125,0.005859375,0.037109375,0.0,0,0
1779556649.839771,0.142578125,-0.021484375,-0.01953125,0.005859375,0.046875,0.0,0,0
1779556649.847748,0.111328125,-0.00390625,-0.01953125,0.005859375,0.046875,0.0,0,0
1779556649.855795,0.111328125,-0.00390625,-0.01953125,0.005859375,0.044921875,0.0,0,0
1779556649.863744,0.087890625,-0.00390625,-0.01953125,0.005859375,0.044921875,0.0,0,0
1779556649.871743,0.087890625,-0.00390625,-0.01953125,0.005859375,0.037109375,0.0,0,0
1779556649.879766,0.056640625,-0.00390625,-0.01953125,0.005859375,0.037109375,0.0,0,0
1779556649.887806,0.056640625,-0.00390625,-0.01953125,0.005859375,0.0234375,0.0,0,0
1779556649.903785,0.056640625,-0.00390625,-0.01953125,0.0,0.0234375,0.0,0,0
1779556649.933776,0.0,0.0,0.0,0.0,0.0,0.0,0,0
1779556649.964765,0.0,0.0,0.0,0.0,0.0,0.0,0,0
1779556649.995745,0.0,0.0,0.0,0.0,0.0,0.0,0,0
1779556650.026792,0.0,0.0,0.0,0.0,0.0,0.0,0,0
1779556650.057772,0.0,0.0,0.0,0.0,0.0,0.0,0,0
1779556650.088737,0.0,0.0,0.0,0.0,0.0,0.0,0,0
1779556650.103786,0.056640625,0.013671875,-0.01953125,0.0,0.0234375,0.0,0,0
1779556650.119788,0.056640625,0.0234375,-0.01953125,0.0,0.0234375,0.0,0,0
1779556650.135739,-0.013671875,0.03125,-0.01953125,0.0,0.0234375,0.0,0,0
1779556650.151807,-0.046875,0.05078125,-0.01953125,0.0,0.0234375,0.0,0,0
1779556650.159817,-0.046875,0.05078125,-0.01953125,-0.005859375,0.0234375,0.0,0,0
1779556650.167747,-0.06640625,0.064453125,-0.01953125,-0.005859375,0.0234375,0.0,0,0
1779556650.175772,-0.06640625,0.064453125,-0.01953125,-0.021484375,0.0234375,0.0,0,0
1779556650.183795,-0.087890625,0.080078125,0.009765625,-0.021484375,0.0234375,0.0,0,0
1779556650.191814,-0.087890625,0.080078125,0.009765625,-0.033203125,0.0234375,0.0,0,0
1779556650.199772,-0.107421875,0.09375,0.02734375,-0.033203125,0.0234375,0.0,0,0
1779556650.207771,-0.107421875,0.09375,0.02734375,-0.04296875,0.0234375,0.0,0,0
1779556650.215818,-0.126953125,0.099609375,0.037109375,-0.04296875,0.0234375,0.0,0,0
1779556650.223784,-0.126953125,0.099609375,0.037109375,-0.048828125,0.0234375,0.0,0,0
1779556650.231754,-0.14453125,0.103515625,0.044921875,-0.048828125,0.0234375,0.0,0,0
1779556650.239790,-0.14453125,0.103515625,0.044921875,-0.05078125,0.0234375,0.0,0,0
1779556650.247720,-0.16796875,0.107421875,0.0546875,-0.05078125,0.0234375,0.0,0,0
1779556650.255772,-0.16796875,0.107421875,0.0546875,-0.05859375,0.0234375,0.0,0,0
1779556650.263785,-0.193359375,0.115234375,0.060546875,-0.05859375,0.0234375,0.0,0,0
1779556650.271811,-0.193359375,0.115234375,0.060546875,-0.06640625,0.0234375,0.0,0,0
1779556650.279741,-0.205078125,0.1328125,0.072265625,-0.06640625,0.0234375,0.0,0,0
1779556650.287761,-0.205078125,0.1328125,0.072265625,-0.072265625,0.0234375,-0.0078125,0,0
1779556650.295777,-0.208984375,0.150390625,0.087890625,-0.072265625,0.0234375,-0.0078125,0,0
1779556650.303767,-0.208984375,0.150390625,0.087890625,-0.078125,0.0234375,-0.013671875,0,0
1779556650.311846,-0.21875,0.162109375,0.09375,-0.078125,0.0234375,-0.013671875,0,0
1779556650.319785,-0.21875,0.162109375,0.09375,-0.0859375,0.0234375,-0.017578125,0,0
1779556650.327776,-0.232421875,0.173828125,0.095703125,-0.0859375,0.0234375,-0.017578125,0,0
1779556650.335752,-0.232421875,0.173828125,0.095703125,-0.09765625,0.0234375,-0.01953125,0,0
1779556650.343796,-0.2421875,0.177734375,0.09765625,-0.09765625,0.0234375,-0.01953125,0,0
1779556650.351805,-0.2421875,0.177734375,0.09765625,-0.109375,0.0234375,-0.021484375,0,0
1779556650.359808,-0.244140625,0.177734375,0.103515625,-0.109375,0.0234375,-0.021484375,0,0
1779556650.367805,-0.244140625,0.177734375,0.103515625,-0.119140625,0.0234375,-0.0234375,0,0
1779556650.375738,-0.236328125,0.181640625,0.111328125,-0.119140625,0.0234375,-0.0234375,0,0
1779556650.383773,-0.236328125,0.181640625,0.111328125,-0.12109375,0.0234375,-0.025390625,0,0
1779556650.391842,-0.2265625,0.181640625,0.115234375,-0.12109375,0.0234375,-0.025390625,0,0
1779556650.399766,-0.2265625,0.181640625,0.115234375,-0.123046875,0.0234375,-0.025390625,0,0
1779556650.407795,-0.220703125,0.1875,0.12109375,-0.123046875,0.0234375,-0.025390625,0,0
1779556650.415767,-0.220703125,0.1875,0.12109375,-0.12890625,0.0234375,-0.025390625,0,0
1779556650.423790,-0.220703125,0.19140625,0.12109375,-0.12890625,0.0234375,-0.025390625,0,0
1779556650.431780,-0.220703125,0.19140625,0.12109375,-0.13671875,0.0234375,-0.025390625,0,0
1779556650.439831,-0.228515625,0.197265625,0.12109375,-0.13671875,0.0234375,-0.025390625,0,0
1779556650.447776,-0.228515625,0.197265625,0.12109375,-0.140625,0.0234375,-0.02734375,0,0
1779556650.455778,-0.23046875,0.203125,0.1171875,-0.140625,0.0234375,-0.02734375,0,0
1779556650.463787,-0.23046875,0.203125,0.1171875,-0.146484375,0.0234375,-0.029296875,0,0
1779556650.471783,-0.22265625,0.20703125,0.1171875,-0.146484375,0.0234375,-0.029296875,0,0
1779556650.479789,-0.22265625,0.20703125,0.1171875,-0.15234375,0.0234375,-0.029296875,0,0
1779556650.487762,-0.203125,0.208984375,0.123046875,-0.15234375,0.0234375,-0.029296875,0,0
1779556650.495786,-0.203125,0.208984375,0.123046875,-0.154296875,0.0234375,-0.029296875,0,0
1779556650.503767,-0.193359375,0.208984375,0.125,-0.154296875,0.0234375,-0.029296875,0,0
1779556650.511790,-0.193359375,0.208984375,0.125,-0.154296875,0.0234375,-0.025390625,0,0
1779556650.519762,-0.19140625,0.21484375,0.125,-0.154296875,0.0234375,-0.025390625,0,0
1779556650.527764,-0.19140625,0.21484375,0.125,-0.15625,0.0234375,-0.025390625,0,0
1779556650.535748,-0.193359375,0.21484375,0.126953125,-0.15625,0.0234375,-0.025390625,0,0
1779556650.543790,-0.193359375,0.21484375,0.126953125,-0.15625,0.0234375,-0.025390625,0,0
1779556650.551788,-0.189453125,0.21484375,0.126953125,-0.15625,0.0234375,-0.025390625,0,0
1779556650.559778,-0.189453125,0.21484375,0.126953125,-0.15234375,0.0234375,-0.025390625,0,0
1779556650.567775,-0.177734375,0.21484375,0.126953125,-0.15234375,0.0234375,-0.025390625,0,0
1779556650.575793,-0.177734375,0.21484375,0.126953125,-0.150390625,0.0234375,-0.02734375,0,0
1779556650.583810,-0.162109375,0.216796875,0.126953125,-0.150390625,0.0234375,-0.02734375,0,0
1779556650.591767,-0.162109375,0.216796875,0.126953125,-0.150390625,0.0234375,-0.02734375,0,0
1779556650.599802,-0.15234375,0.21484375,0.130859375,-0.150390625,0.0234375,-0.02734375,0,0
1779556650.607780,-0.15234375,0.21484375,0.130859375,-0.142578125,0.0234375,-0.029296875,0,0
1779556650.615762,-0.146484375,0.21484375,0.130859375,-0.142578125,0.0234375,-0.029296875,0,0
1779556650.623749,-0.146484375,0.21484375,0.130859375,-0.138671875,0.0234375,-0.03125,0,0
1779556650.631825,-0.146484375,0.216796875,0.1328125,-0.138671875,0.0234375,-0.03125,0,0
1779556650.639785,-0.146484375,0.216796875,0.1328125,-0.13671875,0.0234375,-0.03515625,0,0
1779556650.647786,-0.142578125,0.21875,0.130859375,-0.13671875,0.0234375,-0.03515625,0,0
1779556650.655763,-0.142578125,0.21875,0.130859375,-0.13671875,0.0234375,-0.03515625,0,0
1779556650.663769,-0.138671875,0.2109375,0.125,-0.13671875,0.0234375,-0.03515625,0,0
1779556650.671763,-0.138671875,0.2109375,0.125,-0.1328125,0.0234375,-0.03515625,0,0
1779556650.679786,-0.134765625,0.205078125,0.12109375,-0.1328125,0.0234375,-0.03515625,0,0
1779556650.687759,-0.134765625,0.205078125,0.12109375,-0.126953125,0.0234375,-0.03125,0,0
1779556650.695741,-0.1328125,0.201171875,0.12109375,-0.126953125,0.0234375,-0.03125,0,0
1779556650.703802,-0.1328125,0.201171875,0.12109375,-0.119140625,0.0234375,-0.03125,0,0
1779556650.711813,-0.13671875,0.20703125,0.1171875,-0.119140625,0.0234375,-0.03125,0,0
1779556650.719785,-0.13671875,0.20703125,0.1171875,-0.12109375,0.0234375,-0.033203125,0,0
1779556650.727796,-0.138671875,0.20703125,0.11328125,-0.12109375,0.0234375,-0.033203125,0,0
1779556650.735797,-0.138671875,0.20703125,0.11328125,-0.123046875,0.0234375,-0.033203125,0,0
1779556650.743823,-0.134765625,0.193359375,0.103515625,-0.123046875,0.0234375,-0.033203125,0,0
1779556650.751800,-0.134765625,0.193359375,0.103515625,-0.11328125,0.0234375,-0.029296875,0,0
1779556650.759799,-0.119140625,0.17578125,0.095703125,-0.11328125,0.0234375,-0.029296875,0,0
1779556650.767771,-0.119140625,0.17578125,0.095703125,-0.099609375,0.0234375,-0.0234375,0,0
1779556650.775738,-0.09765625,0.15625,0.0859375,-0.099609375,0.0234375,-0.0234375,0,0
1779556650.783762,-0.09765625,0.15625,0.0859375,-0.08203125,0.0234375,-0.015625,0,0
1779556650.791750,-0.087890625,0.140625,0.072265625,-0.08203125,0.0234375,-0.015625,0,0
1779556650.799748,-0.087890625,0.140625,0.072265625,-0.0625,0.0234375,-0.0078125,0,0
1779556650.807754,-0.076171875,0.126953125,0.05859375,-0.0625,0.0234375,-0.0078125,0,0
1779556650.815827,-0.076171875,0.126953125,0.05859375,-0.0390625,0.0234375,0.0,0,0
1779556650.823800,-0.06640625,0.109375,0.044921875,-0.0390625,0.0234375,0.0,0,0
1779556650.831755,-0.06640625,0.109375,0.044921875,-0.0234375,0.0234375,0.0,0,0
1779556650.839804,-0.052734375,0.087890625,0.03125,-0.0234375,0.0234375,0.0,0,0
1779556650.847803,-0.052734375,0.087890625,0.03125,-0.01171875,0.0234375,0.0,0,0
1779556650.855745,-0.03515625,0.0625,0.013671875,-0.01171875,0.0234375,0.0,0,0
1779556650.871749,-0.017578125,0.048828125,0.0,-0.01171875,0.0234375,0.0,0,0
1779556650.895761,0.0,0.03515625,0.0,-0.01171875,0.0234375,0.0,0,0
1779556650.911777,0.0,0.0234375,0.0,-0.01171875,0.0234375,0.0,0,0
1779556650.927785,0.0,0.01171875,0.0,-0.01171875,0.0234375,0.0,0,0
1779556650.957809,0.0,0.0,0.0,0.0,0.0,0.0,0,0
1779556650.988798,0.0,0.0,0.0,0.0,0.0,0.0,0,0
1779556650.999763,0.0,0.01171875,0.0,-0.01171875,0.00390625,0.0,0,0
1779556651.015795,0.0,0.01171875,0.0,-0.01171875,0.0078125,0.0,0,0
1779556651.023775,0.0,0.01171875,0.0,-0.01171875,0.0078125,0.0,0,0
1779556651.031763,0.0,0.01171875,0.0,-0.01171875,0.009765625,0.0,0,0
1779556651.039785,0.0078125,0.01171875,0.0,-0.01171875,0.009765625,0.0,0,0
1779556651.047803,0.0078125,0.01171875,0.0,-0.01171875,0.01171875,0.0,0,0
1779556651.055830,0.0078125,0.01171875,0.0,-0.01171875,0.01171875,0.0,0,0
1779556651.063815,0.0078125,0.01171875,0.0,-0.01171875,0.013671875,0.0,0,0
1779556651.071849,0.0078125,0.01171875,0.0,-0.01171875,0.013671875,0.0,0,0
1779556651.079798,0.0078125,0.01171875,0.0,-0.01171875,0.01171875,0.0,0,0
1779556651.087790,0.015625,0.01171875,-0.01171875,-0.01171875,0.01171875,0.0,0,0
1779556651.095759,0.015625,0.01171875,-0.01171875,-0.01171875,0.013671875,0.0,0,0
1779556651.103782,0.03125,0.01171875,-0.025390625,-0.01171875,0.013671875,0.0,0,0
1779556651.111765,0.03125,0.01171875,-0.025390625,-0.01171875,0.015625,0.0,0,0
1779556651.119743,0.05078125,0.01171875,-0.025390625,-0.01171875,0.015625,0.0,0,0
1779556651.127744,0.05078125,0.01171875,-0.025390625,-0.01171875,0.021484375,0.0,0,0
1779556651.135749,0.05859375,0.01171875,-0.025390625,-0.01171875,0.021484375,0.0,0,0
1779556651.143807,0.05859375,0.01171875,-0.025390625,-0.01171875,0.02734375,0.0,0,0
1779556651.151747,0.05859375,0.01171875,-0.025390625,-0.01171875,0.02734375,0.0,0,0
1779556651.159818,0.05859375,0.01171875,-0.025390625,-0.01171875,0.02734375,0.0,0,0
1779556651.167794,0.05078125,0.01171875,-0.015625,-0.01171875,0.02734375,0.0,0,0
1779556651.175806,0.05078125,0.01171875,-0.015625,-0.01171875,0.013671875,0.0,0,0
1779556651.183821,0.048828125,0.01171875,-0.017578125,-0.01171875,0.013671875,0.0,0,0
1779556651.191784,0.048828125,0.01171875,-0.017578125,-0.01171875,0.005859375,0.0,0,0
1779556651.199751,0.048828125,0.01171875,-0.01953125,-0.01171875,0.005859375,0.0,0,0
1779556651.207767,0.048828125,0.01171875,-0.01953125,-0.01171875,0.0,0.0,0,0
1779556651.215788,0.048828125,0.01171875,-0.013671875,-0.01171875,0.0,0.0,0,0
1779556651.231796,0.044921875,0.01171875,-0.009765625,-0.01171875,0.0,0.0,0,0
1779556651.247760,0.041015625,0.01171875,-0.005859375,-0.01171875,0.0,0.0,0,0
1779556651.263798,0.037109375,0.01171875,-0.00390625,-0.01171875,0.0,0.0,0,0
1779556651.279833,0.033203125,0.01171875,-0.00390625,-0.01171875,0.0,0.0,0,0
1779556651.295838,0.033203125,0.01171875,-0.00390625,-0.01171875,0.0,0.0,0,0
1779556651.311794,0.033203125,0.01171875,-0.005859375,-0.01171875,0.0,0.0,0,0
1779556651.327794,0.029296875,0.01171875,-0.005859375,-0.01171875,0.0,0.0,0,0
1779556651.343819,0.025390625,0.01171875,0.0,-0.01171875,0.0,0.0,0,0
1779556651.359824,0.005859375,0.02734375,0.0,-0.01171875,0.0,0.0,0,0
1779556651.367799,0.005859375,0.02734375,0.0,-0.015625,0.0,-0.01171875,0,0
1779556651.375811,0.005859375,0.078125,0.0,-0.015625,0.0,-0.01171875,0,0
1779556651.383795,0.005859375,0.078125,0.0,-0.0703125,0.0,-0.03515625,0,0
1779556651.391767,0.005859375,0.12890625,0.0,-0.0703125,0.0,-0.03515625,0,0
1779556651.399836,0.005859375,0.12890625,0.0,-0.12109375,0.0,-0.046875,0,0
1779556651.407836,0.005859375,0.158203125,0.0,-0.12109375,0.0,-0.046875,0,0
1779556651.415807,0.005859375,0.158203125,0.0,-0.14453125,0.0,-0.0546875,0,0
1779556651.423849,0.005859375,0.1796875,0.0,-0.14453125,0.0,-0.0546875,0,0
1779556651.431783,0.005859375,0.1796875,0.0,-0.173828125,0.0,-0.060546875,0,0
1779556651.439805,-0.013671875,0.205078125,0.0,-0.173828125,0.0,-0.060546875,0,0
1779556651.447794,-0.013671875,0.205078125,0.0,-0.19921875,0.0,-0.060546875,0,0
1779556651.455796,-0.03125,0.234375,0.013671875,-0.19921875,0.0,-0.060546875,0,0
1779556651.463770,-0.03125,0.234375,0.013671875,-0.21484375,0.0,-0.056640625,0,0
1779556651.471763,-0.05859375,0.263671875,0.033203125,-0.21484375,0.0,-0.056640625,0,0
1779556651.479835,-0.05859375,0.263671875,0.033203125,-0.224609375,0.0,-0.060546875,0,0
1779556651.487748,-0.09375,0.287109375,0.044921875,-0.224609375,0.0,-0.060546875,0,0
1779556651.495745,-0.09375,0.287109375,0.044921875,-0.2421875,0.0,-0.0625,0,0
1779556651.503740,-0.1171875,0.298828125,0.07421875,-0.2421875,0.0,-0.0625,0,0
1779556651.511755,-0.1171875,0.298828125,0.07421875,-0.248046875,0.0,-0.06640625,0,0
1779556651.519741,-0.134765625,0.3125,0.1015625,-0.248046875,0.0,-0.06640625,0,0
1779556651.527738,-0.134765625,0.3125,0.1015625,-0.255859375,0.0,-0.06640625,0,0
1779556651.535784,-0.150390625,0.318359375,0.111328125,-0.255859375,0.0,-0.06640625,0,0
1779556651.543853,-0.150390625,0.318359375,0.111328125,-0.263671875,0.0,-0.06640625,0,0
1779556651.551804,-0.162109375,0.31640625,0.109375,-0.263671875,0.0,-0.06640625,0,0
1779556651.559783,-0.162109375,0.31640625,0.109375,-0.271484375,0.0,-0.0625,0,0
1779556651.567766,-0.171875,0.318359375,0.109375,-0.271484375,0.0,-0.0625,0,0
1779556651.575812,-0.171875,0.318359375,0.109375,-0.2734375,0.0,-0.060546875,0,0
1779556651.583835,-0.1796875,0.326171875,0.109375,-0.2734375,0.0,-0.060546875,0,0
1779556651.591784,-0.1796875,0.326171875,0.109375,-0.275390625,0.0,-0.060546875,0,0
1779556651.599802,-0.18359375,0.330078125,0.111328125,-0.275390625,0.0,-0.060546875,0,0
1779556651.607778,-0.18359375,0.330078125,0.111328125,-0.27734375,0.0,-0.0625,0,0
1779556651.615793,-0.1875,0.330078125,0.11328125,-0.27734375,0.0,-0.0625,0,0
1779556651.623770,-0.1875,0.330078125,0.11328125,-0.27734375,0.0,-0.064453125,0,0
1779556651.631797,-0.18359375,0.318359375,0.111328125,-0.27734375,0.0,-0.064453125,0,0
1779556651.639778,-0.18359375,0.318359375,0.111328125,-0.26953125,0.0,-0.064453125,0,0
1779556651.647824,-0.177734375,0.3125,0.107421875,-0.26953125,0.0,-0.064453125,0,0
1779556651.655756,-0.177734375,0.3125,0.107421875,-0.263671875,0.0,-0.064453125,0,0
1779556651.663765,-0.181640625,0.314453125,0.095703125,-0.263671875,0.0,-0.064453125,0,0
1779556651.671818,-0.181640625,0.314453125,0.095703125,-0.265625,0.0,-0.0625,0,0
1779556651.679764,-0.185546875,0.318359375,0.091796875,-0.265625,0.0,-0.0625,0,0
1779556651.687779,-0.185546875,0.318359375,0.091796875,-0.26953125,0.0,-0.060546875,0,0
1779556651.695810,-0.189453125,0.31640625,0.08984375,-0.26953125,0.0,-0.060546875,0,0
1779556651.703754,-0.189453125,0.31640625,0.08984375,-0.263671875,0.0,-0.0546875,0,0
1779556651.711801,-0.189453125,0.3046875,0.083984375,-0.263671875,0.0,-0.0546875,0,0
1779556651.719767,-0.189453125,0.3046875,0.083984375,-0.251953125,0.0,-0.048828125,0,0
1779556651.727772,-0.177734375,0.28125,0.07421875,-0.251953125,0.0,-0.048828125,0,0
1779556651.735778,-0.177734375,0.28125,0.07421875,-0.232421875,0.0,-0.0390625,0,0
1779556651.743804,-0.16015625,0.26171875,0.064453125,-0.232421875,0.0,-0.0390625,0,0
1779556651.751778,-0.16015625,0.26171875,0.064453125,-0.21875,0.0,-0.033203125,0,0
1779556651.759764,-0.134765625,0.23828125,0.044921875,-0.21875,0.0,-0.033203125,0,0
1779556651.767793,-0.134765625,0.23828125,0.044921875,-0.197265625,0.0,-0.025390625,0,0
1779556651.775776,-0.126953125,0.234375,0.041015625,-0.197265625,0.0,-0.025390625,0,0
1779556651.783785,-0.126953125,0.234375,0.041015625,-0.1875,0.0,-0.0234375,0,0
1779556651.791769,-0.123046875,0.23828125,0.046875,-0.1875,0.0,-0.0234375,0,0
1779556651.799779,-0.123046875,0.23828125,0.046875,-0.189453125,0.0,-0.0234375,0,0
1779556651.807808,-0.126953125,0.23828125,0.0546875,-0.189453125,0.0,-0.0234375,0,0
1779556651.815750,-0.126953125,0.23828125,0.0546875,-0.189453125,0.0,-0.021484375,0,0
1779556651.823745,-0.130859375,0.232421875,0.05859375,-0.189453125,0.0,-0.021484375,0,0
1779556651.831784,-0.130859375,0.232421875,0.05859375,-0.189453125,0.0,-0.017578125,0,0
1779556651.839853,-0.12890625,0.21484375,0.0625,-0.189453125,0.0,-0.017578125,0,0
1779556651.847808,-0.12890625,0.21484375,0.0625,-0.1875,0.0,-0.005859375,0,0
1779556651.855798,-0.11328125,0.1875,0.05859375,-0.1875,0.0,-0.005859375,0,0
1779556651.863716,-0.11328125,0.1875,0.05859375,-0.177734375,0.0,-0.005859375,0,0
1779556651.871757,-0.09375,0.1640625,0.05859375,-0.177734375,0.0,-0.005859375,0,0
1779556651.879768,-0.09375,0.1640625,0.05859375,-0.154296875,0.0,-0.005859375,0,0
1779556651.887790,-0.078125,0.14453125,0.056640625,-0.154296875,0.0,-0.005859375,0,0
1779556651.895752,-0.078125,0.14453125,0.056640625,-0.126953125,0.0,-0.005859375,0,0
1779556651.903762,-0.05859375,0.12109375,0.048828125,-0.126953125,0.0,-0.005859375,0,0
1779556651.911781,-0.05859375,0.12109375,0.048828125,-0.099609375,0.0,-0.005859375,0,0
1779556651.919786,-0.04296875,0.099609375,0.04296875,-0.099609375,0.0,-0.005859375,0,0
1779556651.927744,-0.04296875,0.099609375,0.04296875,-0.08203125,0.0,-0.005859375,0,0
1779556651.935741,-0.02734375,0.078125,0.03125,-0.08203125,0.0,-0.005859375,0,0
1779556651.943733,-0.02734375,0.078125,0.03125,-0.0625,0.0,-0.005859375,0,0
1779556651.951762,-0.013671875,0.05859375,0.0234375,-0.0625,0.0,-0.005859375,0,0
1779556651.959769,-0.013671875,0.05859375,0.0234375,-0.046875,0.00390625,-0.005859375,0,0
1779556651.967790,-0.013671875,0.041015625,0.013671875,-0.046875,0.00390625,-0.005859375,0,0
1779556651.975779,-0.013671875,0.041015625,0.013671875,-0.03125,0.005859375,-0.005859375,0,0
1779556651.983778,-0.013671875,0.0234375,0.01171875,-0.03125,0.005859375,-0.005859375,0,0
1779556651.991756,-0.013671875,0.0234375,0.01171875,-0.015625,0.01171875,-0.005859375,0,0
1779556651.999813,-0.013671875,0.01953125,0.0078125,-0.015625,0.01171875,-0.005859375,0,0
1779556652.007775,-0.013671875,0.01953125,0.0078125,-0.015625,0.0078125,-0.005859375,0,0
1779556652.015845,-0.013671875,0.01953125,0.00390625,-0.015625,0.0078125,-0.005859375,0,0
1779556652.023784,-0.013671875,0.01953125,0.00390625,-0.015625,0.005859375,-0.005859375,0,0
1779556652.031769,-0.013671875,0.009765625,0.00390625,-0.015625,0.005859375,-0.005859375,0,0
1779556652.039801,-0.013671875,0.009765625,0.00390625,-0.015625,0.005859375,-0.005859375,0,0
1779556652.047833,-0.013671875,0.005859375,0.00390625,-0.015625,0.005859375,-0.005859375,0,0
1779556652.055728,-0.013671875,0.005859375,0.00390625,-0.015625,0.005859375,-0.005859375,0,0
1779556652.071764,-0.013671875,0.005859375,0.00390625,-0.015625,0.009765625,-0.005859375,0,0
1779556652.087760,-0.013671875,0.005859375,0.00390625,-0.015625,0.009765625,-0.005859375,0,0
1779556652.103801,-0.013671875,0.005859375,0.00390625,-0.015625,0.01171875,-0.005859375,0,0
1779556652.119735,-0.013671875,0.005859375,0.00390625,-0.015625,0.01171875,-0.005859375,0,0
1779556652.135822,-0.013671875,0.005859375,0.00390625,-0.015625,0.01171875,-0.005859375,0,0
1779556652.151792,-0.013671875,0.005859375,0.00390625,-0.015625,0.013671875,-0.005859375,0,0
1779556652.167788,-0.013671875,0.005859375,0.00390625,-0.015625,0.015625,-0.005859375,0,0
1779556652.183801,-0.013671875,0.005859375,0.00390625,-0.015625,0.015625,-0.005859375,0,0
1779556652.199835,-0.013671875,0.005859375,0.00390625,-0.015625,0.01171875,-0.005859375,0,0
1779556652.215788,-0.013671875,0.005859375,0.00390625,-0.015625,0.005859375,-0.005859375,0,0
1779556652.245782,0.0,0.0,0.0,0.0,0.0,0.0,0,0
1779556652.276741,0.0,0.0,0.0,0.0,0.0,0.0,0,0
1779556652.307731,0.0,0.0,0.0,0.0,0.0,0.0,0,0
1779556652.311821,-0.013671875,0.005859375,-0.0078125,-0.015625,0.005859375,-0.005859375,0,0
1779556652.319722,-0.013671875,0.005859375,-0.0078125,-0.015625,0.0,-0.005859375,0,0
1779556652.327746,-0.013671875,0.005859375,-0.02734375,-0.015625,0.0,-0.005859375,0,0
1779556652.335758,-0.013671875,0.005859375,-0.02734375,0.0,0.00390625,-0.005859375,0,0
1779556652.343762,-0.013671875,0.005859375,-0.052734375,0.0,0.00390625,-0.005859375,0,0
1779556652.351745,-0.013671875,0.005859375,-0.052734375,-0.013671875,0.005859375,-0.005859375,0,0
1779556652.359752,-0.013671875,0.005859375,-0.076171875,-0.013671875,0.005859375,-0.005859375,0,0
1779556652.367769,-0.013671875,0.005859375,-0.076171875,-0.033203125,0.005859375,-0.005859375,0,0
1779556652.375756,-0.013671875,0.005859375,-0.109375,-0.033203125,0.005859375,-0.005859375,0,0
1779556652.383746,-0.013671875,0.005859375,-0.109375,-0.05078125,0.0,-0.005859375,0,0
1779556652.391791,-0.013671875,0.005859375,-0.146484375,-0.05078125,0.0,-0.005859375,0,0
1779556652.399816,-0.013671875,0.005859375,-0.146484375,-0.064453125,0.0,-0.005859375,0,0
1779556652.407773,-0.013671875,0.005859375,-0.17578125,-0.064453125,0.0,-0.005859375,0,0
1779556652.415787,-0.013671875,0.005859375,-0.17578125,-0.07421875,0.0,-0.005859375,0,0
1779556652.423793,-0.013671875,0.005859375,-0.205078125,-0.07421875,0.0,-0.005859375,0,0
1779556652.431753,-0.013671875,0.005859375,-0.205078125,-0.078125,0.0,-0.005859375,0,0
1779556652.439806,-0.013671875,0.005859375,-0.220703125,-0.078125,0.0,-0.005859375,0,0
1779556652.447771,-0.013671875,0.005859375,-0.220703125,-0.08203125,0.0,-0.005859375,0,0
1779556652.455761,-0.013671875,0.005859375,-0.240234375,-0.08203125,0.0,-0.005859375,0,0
1779556652.463797,-0.013671875,0.005859375,-0.240234375,-0.0859375,0.0,-0.005859375,0,0
1779556652.471778,-0.013671875,0.005859375,-0.25390625,-0.0859375,0.0,-0.005859375,0,0
1779556652.479779,-0.013671875,0.005859375,-0.25390625,-0.0859375,0.0,-0.005859375,0,0
1779556652.487756,-0.01171875,0.005859375,-0.265625,-0.0859375,0.0,-0.005859375,0,0
1779556652.495751,-0.01171875,0.005859375,-0.265625,-0.078125,0.0,-0.005859375,0,0
1779556652.503783,-0.029296875,0.005859375,-0.28125,-0.078125,0.0,-0.005859375,0,0
1779556652.511768,-0.029296875,0.005859375,-0.28125,-0.064453125,0.0,-0.005859375,0,0
1779556652.519789,-0.041015625,0.005859375,-0.2890625,-0.064453125,0.0,-0.005859375,0,0
1779556652.527770,-0.041015625,0.005859375,-0.2890625,-0.0625,0.0,-0.005859375,0,0
1779556652.535761,-0.044921875,0.005859375,-0.296875,-0.0625,0.0,-0.005859375,0,0
1779556652.543795,-0.044921875,0.005859375,-0.296875,-0.064453125,-0.01171875,-0.005859375,0,0
1779556652.551786,-0.037109375,0.005859375,-0.29296875,-0.064453125,-0.01171875,-0.005859375,0,0
1779556652.559769,-0.037109375,0.005859375,-0.29296875,-0.072265625,-0.01171875,-0.005859375,0,0
1779556652.567843,-0.02734375,0.005859375,-0.29296875,-0.072265625,-0.01171875,-0.005859375,0,0
1779556652.575757,-0.02734375,0.005859375,-0.29296875,-0.083984375,-0.009765625,-0.005859375,0,0
1779556652.583758,-0.025390625,0.005859375,-0.294921875,-0.083984375,-0.009765625,-0.005859375,0,0
1779556652.591747,-0.025390625,0.005859375,-0.294921875,-0.0859375,-0.015625,-0.005859375,0,0
1779556652.599756,-0.0234375,0.005859375,-0.291015625,-0.0859375,-0.015625,-0.005859375,0,0
1779556652.607785,-0.0234375,0.005859375,-0.291015625,-0.087890625,-0.017578125,-0.005859375,0,0
1779556652.615743,-0.025390625,0.005859375,-0.287109375,-0.087890625,-0.017578125,-0.005859375,0,0
1779556652.623772,-0.025390625,0.005859375,-0.287109375,-0.08203125,-0.0234375,-0.005859375,0,0
1779556652.631806,-0.03125,0.005859375,-0.279296875,-0.08203125,-0.0234375,-0.005859375,0,0
1779556652.639789,-0.03125,0.005859375,-0.279296875,-0.07421875,-0.02734375,-0.005859375,0,0
1779556652.647790,-0.03125,0.005859375,-0.2734375,-0.07421875,-0.02734375,-0.005859375,0,0
1779556652.655792,-0.03125,0.005859375,-0.2734375,-0.0546875,-0.0390625,-0.005859375,0,0
1779556652.663765,-0.029296875,0.005859375,-0.251953125,-0.0546875,-0.0390625,-0.005859375,0,0
1779556652.671809,-0.029296875,0.005859375,-0.251953125,-0.041015625,-0.052734375,-0.005859375,0,0
1779556652.679896,-0.029296875,0.005859375,-0.248046875,-0.041015625,-0.052734375,-0.005859375,0,0
1779556652.687772,-0.029296875,0.005859375,-0.248046875,-0.033203125,-0.087890625,-0.005859375,0,0
1779556652.695850,-0.03125,0.005859375,-0.25,-0.033203125,-0.087890625,-0.005859375,0,0
1779556652.703791,-0.03125,0.005859375,-0.25,-0.041015625,-0.095703125,-0.005859375,0,0
1779556652.711846,-0.029296875,0.005859375,-0.248046875,-0.041015625,-0.095703125,-0.005859375,0,0
1779556652.719787,-0.029296875,0.005859375,-0.248046875,-0.048828125,-0.095703125,-0.005859375,0,0
1779556652.727797,-0.021484375,0.005859375,-0.25,-0.048828125,-0.095703125,-0.005859375,0,0
1779556652.735796,-0.021484375,0.005859375,-0.25,-0.05078125,-0.095703125,-0.005859375,0,0
1779556652.743762,-0.01953125,0.005859375,-0.25390625,-0.05078125,-0.095703125,-0.005859375,0,0
1779556652.751784,-0.01953125,0.005859375,-0.25390625,-0.0546875,-0.09765625,-0.005859375,0,0
1779556652.759788,-0.015625,0.005859375,-0.251953125,-0.0546875,-0.09765625,-0.005859375,0,0
1779556652.767749,-0.015625,0.005859375,-0.251953125,-0.056640625,-0.095703125,-0.005859375,0,0
1779556652.775833,-0.015625,0.005859375,-0.25390625,-0.056640625,-0.095703125,-0.005859375,0,0
1779556652.783732,-0.015625,0.005859375,-0.25390625,-0.05859375,-0.095703125,-0.005859375,0,0
1779556652.791740,-0.013671875,0.005859375,-0.255859375,-0.05859375,-0.095703125,-0.005859375,0,0
1779556652.799788,-0.013671875,0.005859375,-0.255859375,-0.05859375,-0.095703125,-0.005859375,0,0
1779556652.807780,-0.013671875,0.005859375,-0.259765625,-0.05859375,-0.095703125,-0.005859375,0,0
1779556652.815835,-0.013671875,0.005859375,-0.259765625,-0.048828125,-0.095703125,-0.005859375,0,0
1779556652.823797,-0.013671875,0.005859375,-0.259765625,-0.048828125,-0.095703125,-0.005859375,0,0
1779556652.831795,-0.013671875,0.005859375,-0.259765625,-0.052734375,-0.095703125,-0.005859375,0,0
1779556652.839779,-0.013671875,0.005859375,-0.263671875,-0.052734375,-0.095703125,-0.005859375,0,0
1779556652.847789,-0.013671875,0.005859375,-0.263671875,-0.05859375,-0.095703125,-0.005859375,0,0
1779556652.855775,-0.013671875,0.005859375,-0.263671875,-0.05859375,-0.095703125,-0.005859375,0,0
1779556652.863784,-0.013671875,0.005859375,-0.263671875,-0.064453125,-0.091796875,-0.005859375,0,0
1779556652.871785,-0.01171875,0.005859375,-0.255859375,-0.064453125,-0.091796875,-0.005859375,0,0
1779556652.879742,-0.01171875,0.005859375,-0.255859375,-0.064453125,-0.08984375,-0.005859375,0,0
1779556652.887795,-0.009765625,0.005859375,-0.24609375,-0.064453125,-0.08984375,-0.005859375,0,0
1779556652.895725,-0.009765625,0.005859375,-0.24609375,-0.0703125,-0.087890625,-0.005859375,0,0
1779556652.903805,-0.009765625,0.005859375,-0.228515625,-0.0703125,-0.087890625,-0.005859375,0,0
1779556652.911770,-0.009765625,0.005859375,-0.228515625,-0.0703125,-0.083984375,-0.005859375,0,0
1779556652.919799,-0.005859375,0.005859375,-0.1875,-0.0703125,-0.083984375,-0.005859375,0,0
1779556652.927747,-0.005859375,0.005859375,-0.1875,-0.064453125,-0.068359375,-0.005859375,0,0
1779556652.935756,-0.005859375,0.005859375,-0.140625,-0.064453125,-0.068359375,-0.005859375,0,0
1779556652.943791,-0.005859375,0.005859375,-0.140625,-0.048828125,-0.05078125,-0.005859375,0,0
1779556652.951797,-0.005859375,0.005859375,-0.103515625,-0.048828125,-0.05078125,-0.005859375,0,0
1779556652.959777,-0.005859375,0.005859375,-0.103515625,-0.029296875,-0.037109375,-0.005859375,0,0
1779556652.967785,-0.005859375,0.005859375,-0.06640625,-0.029296875,-0.037109375,-0.005859375,0,0
1779556652.975781,-0.005859375,0.005859375,-0.06640625,-0.009765625,-0.0234375,-0.005859375,0,0
1779556652.983800,-0.005859375,0.005859375,-0.044921875,-0.009765625,-0.0234375,-0.005859375,0,0
1779556652.991754,-0.005859375,0.005859375,-0.044921875,-0.009765625,-0.005859375,-0.005859375,0,0
1779556652.999751,-0.005859375,0.005859375,-0.03125,-0.009765625,-0.005859375,-0.005859375,0,0
1779556653.015727,-0.005859375,0.005859375,-0.013671875,-0.009765625,-0.005859375,-0.005859375,0,0
1779556653.039753,-0.005859375,0.005859375,-0.013671875,-0.00390625,-0.005859375,-0.005859375,0,0
1779556653.055732,-0.005859375,0.005859375,-0.013671875,-0.0078125,-0.005859375,-0.005859375,0,0
1779556653.071752,-0.005859375,0.005859375,-0.013671875,-0.005859375,-0.005859375,-0.005859375,0,0
1779556653.101733,0.0,0.0,0.0,0.0,0.0,0.0,0,0
1779556653.132772,0.0,0.0,0.0,0.0,0.0,0.0,0,0
1779556653.163714,0.0,0.0,0.0,0.0,0.0,0.0,0,0
1779556653.194800,0.0,0.0,0.0,0.0,0.0,0.0,0,0
1779556653.225774,0.0,0.0,0.0,0.0,0.0,0.0,0,0
1779556653.256708,0.0,0.0,0.0,0.0,0.0,0.0,0,0
1779556653.287740,0.0,0.0,0.0,0.0,0.0,0.0,0,0
1779556653.318791,0.0,0.0,0.0,0.0,0.0,0.0,0,0
1779556653.349782,0.0,0.0,0.0,0.0,0.0,0.0,0,0
1779556653.380779,0.0,0.0,0.0,0.0,0.0,0.0,0,0
1779556653.411749,0.0,0.0,0.0,0.0,0.0,0.0,0,0
1779556653.442747,0.0,0.0,0.0,0.0,0.0,0.0,0,0
1779556653.473771,0.0,0.0,0.0,0.0,0.0,0.0,0,0
1779556653.504776,0.0,0.0,0.0,0.0,0.0,0.0,0,0
1779556653.535723,0.0,0.0,0.0,0.0,0.0,0.0,0,0
1779556653.566767,0.0,0.0,0.0,0.0,0.0,0.0,0,0
1779556653.597791,0.0,0.0,0.0,0.0,0.0,0.0,0,0
1779556653.628766,0.0,0.0,0.0,0.0,0.0,0.0,0,0
1779556653.659766,0.0,0.0,0.0,0.0,0.0,0.0,0,0
1779556653.690808,0.0,0.0,0.0,0.0,0.0,0.0,0,0
1779556653.711828,-0.005859375,0.005859375,-0.013671875,-0.005859375,0.00390625,-0.005859375,0,0
1779556653.719788,-0.005859375,-0.00390625,-0.013671875,-0.005859375,0.00390625,-0.005859375,0,0
1779556653.727787,-0.005859375,-0.00390625,-0.013671875,0.0078125,0.005859375,-0.005859375,0,0
1779556653.735793,-0.005859375,-0.0078125,-0.013671875,0.0078125,0.005859375,-0.005859375,0,0
1779556653.743787,-0.005859375,-0.0078125,-0.013671875,0.01171875,0.013671875,-0.005859375,0,0
1779556653.751793,-0.005859375,-0.009765625,-0.013671875,0.01171875,0.013671875,-0.005859375,0,0
1779556653.759779,-0.005859375,-0.009765625,-0.013671875,0.017578125,0.017578125,-0.005859375,0,0
1779556653.767762,-0.005859375,-0.005859375,-0.013671875,0.017578125,0.017578125,-0.005859375,0,0
1779556653.775751,-0.005859375,-0.005859375,-0.013671875,0.015625,0.015625,-0.005859375,0,0
1779556653.791786,-0.005859375,-0.00390625,-0.013671875,0.015625,0.015625,-0.005859375,0,0
1779556653.799768,-0.005859375,-0.00390625,-0.013671875,0.015625,0.017578125,-0.005859375,0,0
1779556653.815778,-0.005859375,-0.00390625,-0.013671875,0.013671875,0.025390625,-0.005859375,0,0
1779556653.831788,-0.005859375,-0.00390625,-0.013671875,0.015625,0.03125,-0.005859375,0,0
1779556653.847761,-0.005859375,-0.00390625,-0.013671875,0.017578125,0.041015625,-0.005859375,0,0
1779556653.863837,-0.005859375,-0.00390625,-0.013671875,0.02734375,0.046875,-0.005859375,0,0
1779556653.879784,-0.005859375,-0.00390625,-0.013671875,0.03125,0.04296875,-0.005859375,0,0
1779556653.895739,-0.005859375,-0.00390625,-0.013671875,0.03125,0.037109375,-0.005859375,0,0
1779556653.911812,-0.005859375,-0.00390625,-0.013671875,0.03125,0.037109375,-0.005859375,0,0
1779556653.927802,-0.005859375,-0.00390625,-0.013671875,0.005859375,0.037109375,-0.005859375,0,0
1779556653.943798,-0.005859375,-0.00390625,-0.013671875,0.005859375,0.048828125,-0.005859375,0,0
1779556653.959844,-0.005859375,-0.00390625,-0.013671875,0.005859375,0.064453125,-0.005859375,0,0
1779556653.967851,-0.005859375,-0.00390625,0.0,0.005859375,0.064453125,-0.005859375,0,0
1779556653.975798,-0.005859375,-0.00390625,0.0,0.005859375,0.06640625,-0.005859375,0,0
1779556653.983788,-0.005859375,-0.00390625,-0.021484375,0.005859375,0.06640625,-0.005859375,0,0
1779556653.991772,-0.005859375,-0.00390625,-0.021484375,0.0,0.080078125,-0.005859375,0,0
1779556653.999775,-0.005859375,-0.00390625,-0.03515625,0.0,0.080078125,-0.005859375,0,0
1779556654.007787,-0.005859375,-0.00390625,-0.03515625,-0.00390625,0.09375,-0.005859375,0,0
1779556654.015772,-0.005859375,-0.00390625,-0.046875,-0.00390625,0.09375,-0.005859375,0,0
1779556654.023750,-0.005859375,-0.00390625,-0.046875,0.0,0.1015625,0.005859375,0,0
1779556654.031758,-0.005859375,-0.00390625,-0.056640625,0.0,0.1015625,0.005859375,0,0
1779556654.039799,-0.005859375,-0.00390625,-0.056640625,0.0,0.111328125,0.01171875,0,0
1779556654.047774,-0.005859375,-0.00390625,-0.064453125,0.0,0.111328125,0.01171875,0,0
1779556654.055772,-0.005859375,-0.00390625,-0.064453125,0.0,0.123046875,0.01171875,0,0
1779556654.063728,-0.005859375,-0.00390625,-0.0703125,0.0,0.123046875,0.01171875,0,0
1779556654.071778,-0.005859375,-0.00390625,-0.0703125,-0.00390625,0.12890625,0.005859375,0,0
1779556654.079789,-0.005859375,-0.00390625,-0.056640625,-0.00390625,0.12890625,0.005859375,0,0
1779556654.087834,-0.005859375,-0.00390625,-0.056640625,-0.00390625,0.16015625,0.005859375,0,0
1779556654.095824,0.009765625,-0.00390625,-0.041015625,-0.00390625,0.16015625,0.005859375,0,0
1779556654.103797,0.009765625,-0.00390625,-0.041015625,-0.00390625,0.232421875,0.005859375,0,0
1779556654.111805,0.068359375,-0.00390625,-0.0390625,-0.00390625,0.232421875,0.005859375,0,0
1779556654.119797,0.068359375,-0.00390625,-0.0390625,-0.00390625,0.31640625,0.0,0,0
1779556654.127765,0.1015625,-0.00390625,-0.00390625,-0.00390625,0.31640625,0.0,0,0
1779556654.135791,0.1015625,-0.00390625,-0.00390625,0.021484375,0.3984375,-0.06640625,0,0
1779556654.143752,0.107421875,-0.00390625,-0.00390625,0.021484375,0.3984375,-0.06640625,0,0
1779556654.151802,0.107421875,-0.00390625,-0.00390625,0.041015625,0.44921875,-0.099609375,0,0
1779556654.159786,0.115234375,-0.00390625,-0.00390625,0.041015625,0.44921875,-0.099609375,0,0
1779556654.167786,0.115234375,-0.00390625,-0.00390625,0.078125,0.513671875,-0.12890625,0,0
1779556654.175773,0.1328125,-0.00390625,-0.00390625,0.078125,0.513671875,-0.12890625,0,0
1779556654.183799,0.1328125,-0.00390625,-0.00390625,0.12890625,0.580078125,-0.146484375,0,0
1779556654.191784,0.14453125,-0.00390625,0.01953125,0.12890625,0.580078125,-0.146484375,0,0
1779556654.199827,0.14453125,-0.00390625,0.01953125,0.181640625,0.63671875,-0.158203125,0,0
1779556654.207836,0.142578125,-0.00390625,0.02734375,0.181640625,0.63671875,-0.158203125,0,0
1779556654.215804,0.142578125,-0.00390625,0.02734375,0.216796875,0.66796875,-0.162109375,0,0
1779556654.223799,0.138671875,-0.00390625,0.01953125,0.216796875,0.66796875,-0.162109375,0,0
1779556654.231769,0.138671875,-0.00390625,0.01953125,0.2265625,0.68359375,-0.16015625,0,0
1779556654.239770,0.1328125,-0.00390625,0.021484375,0.2265625,0.68359375,-0.16015625,0,0
1779556654.247813,0.1328125,-0.00390625,0.021484375,0.23828125,0.68359375,-0.154296875,0,0
1779556654.255801,0.126953125,-0.00390625,0.029296875,0.23828125,0.68359375,-0.154296875,0,0
1779556654.263757,0.126953125,-0.00390625,0.029296875,0.240234375,0.68359375,-0.150390625,0,0
1779556654.271817,0.12109375,-0.00390625,0.015625,0.240234375,0.68359375,-0.150390625,0,0
1779556654.279836,0.12109375,-0.00390625,0.015625,0.24609375,0.68359375,-0.150390625,0,0
1779556654.287769,0.10546875,-0.00390625,0.015625,0.24609375,0.68359375,-0.150390625,0,0
1779556654.295808,0.10546875,-0.00390625,0.015625,0.25390625,0.68359375,-0.158203125,0,0
1779556654.303849,0.08984375,-0.00390625,0.015625,0.25390625,0.68359375,-0.158203125,0,0
1779556654.311874,0.08984375,-0.00390625,0.015625,0.26171875,0.68359375,-0.166015625,0,0
1779556654.319831,0.080078125,-0.005859375,0.015625,0.26171875,0.68359375,-0.166015625,0,0
1779556654.327838,0.080078125,-0.005859375,0.015625,0.26953125,0.68359375,-0.171875,0,0
1779556654.335813,0.068359375,-0.01171875,0.015625,0.26953125,0.68359375,-0.171875,0,0
1779556654.343837,0.068359375,-0.01171875,0.015625,0.267578125,0.68359375,-0.17578125,0,0
1779556654.351820,0.0625,-0.015625,0.015625,0.267578125,0.68359375,-0.17578125,0,0
1779556654.359792,0.0625,-0.015625,0.015625,0.267578125,0.68359375,-0.17578125,0,0
1779556654.367809,0.060546875,-0.015625,0.015625,0.267578125,0.68359375,-0.17578125,0,0
1779556654.375795,0.060546875,-0.015625,0.015625,0.2578125,0.68359375,-0.171875,0,0
1779556654.383781,0.05859375,-0.01953125,0.015625,0.2578125,0.68359375,-0.171875,0,0
1779556654.391779,0.05859375,-0.01953125,0.015625,0.25,0.68359375,-0.16796875,0,0
1779556654.399799,0.056640625,-0.01953125,0.015625,0.25,0.68359375,-0.16796875,0,0
1779556654.407828,0.056640625,-0.01953125,0.015625,0.244140625,0.68359375,-0.166015625,0,0
1779556654.415800,0.05859375,-0.01953125,0.015625,0.244140625,0.68359375,-0.166015625,0,0
1779556654.423783,0.05859375,-0.01953125,0.015625,0.2421875,0.68359375,-0.162109375,0,0
1779556654.431818,0.060546875,-0.01953125,0.015625,0.2421875,0.68359375,-0.162109375,0,0
1779556654.439797,0.060546875,-0.01953125,0.015625,0.236328125,0.68359375,-0.16015625,0,0
1779556654.447731,0.060546875,-0.0234375,0.015625,0.236328125,0.68359375,-0.16015625,0,0
1779556654.455815,0.060546875,-0.0234375,0.015625,0.232421875,0.68359375,-0.158203125,0,0
1779556654.463791,0.060546875,-0.02734375,0.015625,0.232421875,0.68359375,-0.158203125,0,0
1779556654.471742,0.060546875,-0.02734375,0.015625,0.23046875,0.68359375,-0.158203125,0,0
1779556654.479784,0.05859375,-0.03125,0.015625,0.23046875,0.68359375,-0.158203125,0,0
1779556654.487807,0.05859375,-0.03125,0.015625,0.22265625,0.68359375,-0.158203125,0,0
1779556654.495775,0.05859375,-0.03515625,0.015625,0.22265625,0.68359375,-0.158203125,0,0
1779556654.503832,0.05859375,-0.03515625,0.015625,0.21484375,0.68359375,-0.158203125,0,0
1779556654.511800,0.056640625,-0.037109375,0.015625,0.21484375,0.68359375,-0.158203125,0,0
1779556654.519802,0.056640625,-0.037109375,0.015625,0.20703125,0.68359375,-0.15625,0,0
1779556654.527835,0.0546875,-0.0390625,0.015625,0.20703125,0.68359375,-0.15625,0,0
1779556654.535816,0.0546875,-0.0390625,0.015625,0.20703125,0.68359375,-0.15625,0,0
1779556654.543809,0.0546875,-0.0390625,0.015625,0.20703125,0.68359375,-0.15625,0,0
1779556654.551813,0.0546875,-0.0390625,0.015625,0.205078125,0.68359375,-0.15625,0,0
1779556654.559836,0.05859375,-0.0390625,0.015625,0.205078125,0.68359375,-0.15625,0,0
1779556654.567814,0.05859375,-0.0390625,0.015625,0.208984375,0.68359375,-0.15625,0,0
1779556654.575802,0.060546875,-0.037109375,0.015625,0.208984375,0.68359375,-0.15625,0,0
1779556654.583757,0.060546875,-0.037109375,0.015625,0.212890625,0.68359375,-0.158203125,0,0
1779556654.591771,0.0703125,-0.033203125,0.015625,0.212890625,0.68359375,-0.158203125,0,0
1779556654.599718,0.0703125,-0.033203125,0.015625,0.220703125,0.68359375,-0.158203125,0,0
1779556654.607747,0.076171875,-0.029296875,0.015625,0.220703125,0.68359375,-0.158203125,0,0
1779556654.615745,0.076171875,-0.029296875,0.015625,0.220703125,0.68359375,-0.158203125,0,0
1779556654.623736,0.1015625,-0.0390625,0.015625,0.220703125,0.68359375,-0.158203125,0,0
1779556654.631801,0.1015625,-0.0390625,0.015625,0.224609375,0.68359375,-0.15234375,0,0
1779556654.639795,0.12890625,-0.0390625,0.015625,0.224609375,0.68359375,-0.15234375,0,0
1779556654.647816,0.12890625,-0.0390625,0.015625,0.20703125,0.68359375,-0.1484375,0,0
1779556654.655770,0.1328125,-0.037109375,0.015625,0.20703125,0.68359375,-0.1484375,0,0
1779556654.663745,0.1328125,-0.037109375,0.015625,0.1953125,0.68359375,-0.142578125,0,0
1779556654.671818,0.130859375,-0.033203125,0.015625,0.1953125,0.68359375,-0.142578125,0,0
1779556654.679807,0.130859375,-0.033203125,0.015625,0.181640625,0.681640625,-0.140625,0,0
1779556654.687788,0.123046875,-0.025390625,0.015625,0.181640625,0.681640625,-0.140625,0,0
1779556654.695796,0.123046875,-0.025390625,0.015625,0.171875,0.65625,-0.13671875,0,0
1779556654.703803,0.119140625,-0.021484375,0.015625,0.171875,0.65625,-0.13671875,0,0
1779556654.711767,0.119140625,-0.021484375,0.015625,0.173828125,0.638671875,-0.13671875,0,0
1779556654.719812,0.119140625,-0.0234375,0.015625,0.173828125,0.638671875,-0.13671875,0,0
1779556654.727749,0.119140625,-0.0234375,0.015625,0.19140625,0.62890625,-0.1328125,0,0
1779556654.735803,0.11328125,-0.02734375,0.015625,0.19140625,0.62890625,-0.1328125,0,0
1779556654.743763,0.11328125,-0.02734375,0.015625,0.201171875,0.623046875,-0.1328125,0,0
1779556654.751773,0.10546875,-0.00390625,0.015625,0.201171875,0.623046875,-0.1328125,0,0
1779556654.759775,0.10546875,-0.00390625,0.015625,0.185546875,0.6171875,-0.1328125,0,0
1779556654.767835,0.10546875,-0.00390625,0.015625,0.185546875,0.6171875,-0.1328125,0,0
1779556654.775774,0.10546875,-0.00390625,0.015625,0.171875,0.61328125,-0.130859375,0,0
1779556654.783773,0.099609375,-0.00390625,0.015625,0.171875,0.61328125,-0.130859375,0,0
1779556654.791764,0.099609375,-0.00390625,0.015625,0.162109375,0.607421875,-0.123046875,0,0
1779556654.799801,0.091796875,-0.00390625,0.015625,0.162109375,0.607421875,-0.123046875,0,0
1779556654.807832,0.091796875,-0.00390625,0.015625,0.162109375,0.595703125,-0.115234375,0,0
1779556654.815790,0.083984375,-0.00390625,0.00390625,0.162109375,0.595703125,-0.115234375,0,0
1779556654.823752,0.083984375,-0.00390625,0.00390625,0.173828125,0.5859375,-0.111328125,0,0
1779556654.831794,0.08203125,-0.00390625,0.0078125,0.173828125,0.5859375,-0.111328125,0,0
1779556654.839807,0.08203125,-0.00390625,0.0078125,0.1875,0.58203125,-0.10546875,0,0
1779556654.847820,0.0859375,-0.01171875,0.005859375,0.1875,0.58203125,-0.10546875,0,0
1779556654.855776,0.0859375,-0.01171875,0.005859375,0.208984375,0.572265625,-0.09765625,0,0
1779556654.863776,0.107421875,-0.029296875,0.005859375,0.208984375,0.572265625,-0.09765625,0,0
1779556654.871797,0.107421875,-0.029296875,0.005859375,0.232421875,0.55859375,-0.08984375,0,0
1779556654.879800,0.130859375,-0.04296875,0.005859375,0.232421875,0.55859375,-0.08984375,0,0
1779556654.887783,0.130859375,-0.04296875,0.005859375,0.2578125,0.533203125,-0.0859375,0,0
1779556654.895839,0.140625,-0.052734375,0.005859375,0.2578125,0.533203125,-0.0859375,0,0
1779556654.903787,0.140625,-0.052734375,0.005859375,0.26953125,0.494140625,-0.080078125,0,0
1779556654.911769,0.12109375,-0.05859375,0.005859375,0.26953125,0.494140625,-0.080078125,0,0
1779556654.919754,0.12109375,-0.05859375,0.005859375,0.251953125,0.4375,-0.064453125,0,0
1779556654.927770,0.0859375,-0.0703125,0.005859375,0.251953125,0.4375,-0.064453125,0,0
1779556654.935818,0.0859375,-0.0703125,0.005859375,0.21484375,0.3515625,-0.029296875,0,0
1779556654.943813,0.080078125,-0.037109375,0.005859375,0.21484375,0.3515625,-0.029296875,0,0
1779556654.951799,0.080078125,-0.037109375,0.005859375,0.162109375,0.296875,-0.005859375,0,0
1779556654.959796,0.076171875,-0.005859375,0.0,0.162109375,0.296875,-0.005859375,0,0
1779556654.967831,0.076171875,-0.005859375,0.0,0.103515625,0.23046875,-0.005859375,0,0
1779556654.975825,0.056640625,-0.005859375,-0.009765625,0.103515625,0.23046875,-0.005859375,0,0
1779556654.983807,0.056640625,-0.005859375,-0.009765625,0.0546875,0.1796875,-0.005859375,0,0
1779556654.991777,0.0390625,-0.005859375,-0.017578125,0.0546875,0.1796875,-0.005859375,0,0
1779556654.999775,0.0390625,-0.005859375,-0.017578125,0.01953125,0.13671875,-0.005859375,0,0
1779556655.007821,0.01953125,-0.005859375,-0.025390625,0.01953125,0.13671875,-0.005859375,0,0
1779556655.015798,0.01953125,-0.005859375,-0.025390625,0.01953125,0.087890625,-0.005859375,0,0
1779556655.023800,0.01953125,-0.005859375,0.0,0.01953125,0.087890625,-0.005859375,0,0
1779556655.031772,0.01953125,-0.005859375,0.0,0.01953125,0.0390625,0.005859375,0,0
1779556655.047862,0.01953125,-0.005859375,0.0,0.01953125,0.046875,0.005859375,0,0
1779556655.063732,0.01953125,-0.005859375,0.0,0.01953125,0.025390625,0.005859375,0,0
1779556655.079775,0.01953125,-0.005859375,0.0,0.01953125,0.03125,0.005859375,0,0
1779556655.095795,0.01953125,-0.005859375,0.0,0.01953125,0.03515625,0.005859375,0,0
1779556655.111800,0.01953125,-0.005859375,0.0,0.01953125,0.0390625,0.005859375,0,0
1779556655.127768,0.01953125,-0.005859375,0.0,0.01953125,0.037109375,0.005859375,0,0
1779556655.135793,0.01953125,-0.01171875,0.0,0.01953125,0.037109375,0.005859375,0,0
1779556655.143814,0.01953125,-0.01171875,0.0,0.01953125,0.03515625,0.005859375,0,0
1779556655.151843,0.01953125,-0.046875,0.0,0.01953125,0.03515625,0.005859375,0,0
1779556655.159764,0.01953125,-0.046875,0.0,0.01953125,0.02734375,0.005859375,0,0
1779556655.167751,0.01953125,-0.056640625,0.0,0.01953125,0.02734375,0.005859375,0,0
1779556655.175767,0.01953125,-0.056640625,0.0,0.01953125,0.01953125,0.005859375,0,0
1779556655.183778,0.01953125,-0.03515625,0.0,0.01953125,0.01953125,0.005859375,0,0
1779556655.191774,0.01953125,-0.03515625,0.0,0.029296875,0.005859375,0.005859375,0,0
1779556655.199825,0.01953125,-0.03125,0.0,0.029296875,0.005859375,0.005859375,0,0
1779556655.207831,0.01953125,-0.03125,0.0,0.09375,0.0,0.005859375,0,0
1779556655.215886,0.01953125,-0.017578125,0.0,0.09375,0.0,0.005859375,0,0
1779556655.223770,0.01953125,-0.017578125,0.0,0.1640625,0.0,0.005859375,0,0
1779556655.231830,-0.00390625,-0.017578125,0.013671875,0.1640625,0.0,0.005859375,0,0
1779556655.239744,-0.00390625,-0.017578125,0.013671875,0.244140625,0.0,0.005859375,0,0
1779556655.247802,0.0,-0.0234375,0.01171875,0.244140625,0.0,0.005859375,0,0
1779556655.255761,0.0,-0.0234375,0.01171875,0.3046875,0.00390625,0.005859375,0,0
1779556655.263787,0.0,-0.033203125,0.00390625,0.3046875,0.00390625,0.005859375,0,0
1779556655.271793,0.0,-0.033203125,0.00390625,0.375,0.013671875,0.005859375,0,0
1779556655.279812,0.0,-0.03515625,0.017578125,0.375,0.013671875,0.005859375,0,0
1779556655.287778,0.0,-0.03515625,0.017578125,0.427734375,0.0390625,0.005859375,0,0
1779556655.295749,0.0,-0.029296875,0.029296875,0.427734375,0.0390625,0.005859375,0,0
1779556655.303839,0.0,-0.029296875,0.029296875,0.47265625,0.05859375,0.005859375,0,0
1779556655.311809,0.0,-0.02734375,0.021484375,0.47265625,0.05859375,0.005859375,0,0
1779556655.319756,0.0,-0.02734375,0.021484375,0.509765625,0.0703125,0.005859375,0,0
1779556655.327818,0.0,-0.015625,0.015625,0.509765625,0.0703125,0.005859375,0,0
1779556655.335839,0.0,-0.015625,0.015625,0.54296875,0.072265625,0.005859375,0,0
1779556655.343797,0.0,-0.013671875,0.015625,0.54296875,0.072265625,0.005859375,0,0
1779556655.351840,0.0,-0.013671875,0.015625,0.58984375,0.072265625,0.005859375,0,0
1779556655.359829,0.0,-0.015625,0.01953125,0.58984375,0.072265625,0.005859375,0,0
1779556655.367790,0.0,-0.015625,0.01953125,0.623046875,0.068359375,0.005859375,0,0
1779556655.375780,0.0,-0.021484375,0.01953125,0.623046875,0.068359375,0.005859375,0,0
1779556655.383806,0.0,-0.021484375,0.01953125,0.6640625,0.068359375,0.005859375,0,0
1779556655.391791,0.0,-0.029296875,0.01953125,0.6640625,0.068359375,0.005859375,0,0
1779556655.399810,0.0,-0.029296875,0.01953125,0.68359375,0.068359375,0.005859375,0,0
1779556655.407844,0.01171875,-0.041015625,0.021484375,0.68359375,0.068359375,0.005859375,0,0
1779556655.415828,0.01171875,-0.041015625,0.021484375,0.68359375,0.080078125,0.005859375,0,0
1779556655.423876,0.01953125,-0.041015625,0.017578125,0.68359375,0.080078125,0.005859375,0,0
1779556655.431832,0.01953125,-0.041015625,0.017578125,0.68359375,0.080078125,0.005859375,0,0
1779556655.439834,0.0234375,-0.037109375,0.017578125,0.68359375,0.080078125,0.005859375,0,0
1779556655.447845,0.0234375,-0.037109375,0.017578125,0.68359375,0.083984375,0.005859375,0,0
1779556655.455824,0.025390625,-0.021484375,0.017578125,0.68359375,0.083984375,0.005859375,0,0
1779556655.463796,0.025390625,-0.021484375,0.017578125,0.68359375,0.0859375,0.005859375,0,0
1779556655.471847,0.021484375,-0.009765625,0.017578125,0.68359375,0.0859375,0.005859375,0,0
1779556655.479813,0.021484375,-0.009765625,0.017578125,0.68359375,0.0859375,0.005859375,0,0
1779556655.487844,0.01953125,-0.009765625,0.017578125,0.68359375,0.0859375,0.005859375,0,0
1779556655.495778,0.01953125,-0.009765625,0.017578125,0.68359375,0.091796875,0.005859375,0,0
1779556655.503797,0.015625,-0.009765625,0.017578125,0.68359375,0.091796875,0.005859375,0,0
1779556655.511817,0.015625,-0.009765625,0.017578125,0.68359375,0.091796875,0.005859375,0,0
1779556655.519769,0.015625,-0.009765625,0.017578125,0.68359375,0.091796875,0.005859375,0,0
1779556655.527756,0.015625,-0.009765625,0.017578125,0.68359375,0.095703125,0.005859375,0,0
1779556655.535749,0.013671875,-0.009765625,0.017578125,0.68359375,0.095703125,0.005859375,0,0
1779556655.543812,0.013671875,-0.009765625,0.017578125,0.68359375,0.099609375,0.005859375,0,0
1779556655.551788,0.01171875,-0.009765625,0.017578125,0.68359375,0.099609375,0.005859375,0,0
1779556655.559785,0.01171875,-0.009765625,0.017578125,0.68359375,0.1015625,0.005859375,0,0
1779556655.567777,0.009765625,-0.009765625,0.017578125,0.68359375,0.1015625,0.005859375,0,0
1779556655.575824,0.009765625,-0.009765625,0.017578125,0.68359375,0.103515625,0.005859375,0,0
1779556655.583798,0.009765625,-0.009765625,0.017578125,0.68359375,0.103515625,0.005859375,0,0
1779556655.591811,0.009765625,-0.009765625,0.017578125,0.68359375,0.111328125,0.005859375,0,0
1779556655.599854,0.009765625,-0.009765625,0.017578125,0.68359375,0.111328125,0.005859375,0,0
1779556655.607823,0.009765625,-0.009765625,0.017578125,0.68359375,0.111328125,0.005859375,0,0
1779556655.615775,0.009765625,-0.009765625,0.017578125,0.68359375,0.111328125,0.005859375,0,0
1779556655.623793,0.009765625,-0.009765625,0.017578125,0.68359375,0.111328125,0.005859375,0,0
1779556655.631795,0.009765625,-0.009765625,0.017578125,0.68359375,0.111328125,0.005859375,0,0
1779556655.639770,0.009765625,-0.009765625,0.017578125,0.68359375,0.111328125,0.005859375,0,0
1779556655.647749,0.009765625,-0.009765625,0.017578125,0.68359375,0.111328125,0.005859375,0,0
1779556655.655762,0.009765625,-0.009765625,0.017578125,0.68359375,0.111328125,0.005859375,0,0
1779556655.663775,0.0078125,-0.009765625,0.017578125,0.68359375,0.111328125,0.005859375,0,0
1779556655.671802,0.0078125,-0.009765625,0.017578125,0.68359375,0.111328125,0.005859375,0,0
1779556655.679802,0.0078125,-0.009765625,0.017578125,0.68359375,0.111328125,0.005859375,0,0
1779556655.687787,0.0078125,-0.009765625,0.017578125,0.68359375,0.111328125,0.005859375,0,0
1779556655.695766,0.00390625,-0.009765625,0.017578125,0.68359375,0.111328125,0.005859375,0,0
1779556655.703868,0.00390625,-0.009765625,0.017578125,0.68359375,0.111328125,0.005859375,0,0
1779556655.711780,0.00390625,-0.009765625,0.017578125,0.68359375,0.111328125,0.005859375,0,0
1779556655.719790,0.00390625,-0.009765625,0.017578125,0.68359375,0.115234375,0.005859375,0,0
1779556655.727786,0.00390625,-0.009765625,0.017578125,0.68359375,0.115234375,0.005859375,0,0
1779556655.735771,0.00390625,-0.009765625,0.017578125,0.68359375,0.1171875,0.005859375,0,0
1779556655.743808,0.00390625,-0.009765625,0.017578125,0.68359375,0.1171875,0.005859375,0,0
1779556655.751783,0.00390625,-0.009765625,0.017578125,0.68359375,0.1171875,0.005859375,0,0
1779556655.759787,0.00390625,-0.009765625,0.017578125,0.68359375,0.1171875,0.005859375,0,0
1779556655.767816,0.00390625,-0.009765625,0.017578125,0.68359375,0.1171875,0.005859375,0,0
1779556655.775820,0.0,-0.009765625,0.017578125,0.68359375,0.1171875,0.005859375,0,0
1779556655.783816,0.0,-0.009765625,0.017578125,0.68359375,0.119140625,0.005859375,0,0
1779556655.791804,0.0,-0.009765625,0.017578125,0.68359375,0.119140625,0.005859375,0,0
1779556655.799844,0.0,-0.009765625,0.017578125,0.68359375,0.119140625,0.005859375,0,0
1779556655.815824,0.0,-0.009765625,0.017578125,0.68359375,0.12109375,0.005859375,0,0
1779556655.831800,0.0,-0.009765625,0.017578125,0.68359375,0.125,0.005859375,0,0
1779556655.847818,0.0,-0.009765625,0.017578125,0.68359375,0.126953125,0.005859375,0,0
1779556655.863771,0.0,-0.009765625,0.017578125,0.68359375,0.126953125,0.005859375,0,0
1779556655.879837,0.0,-0.009765625,0.017578125,0.68359375,0.126953125,0.005859375,0,0
1779556655.895813,0.0,-0.009765625,0.017578125,0.68359375,0.12890625,0.005859375,0,0
1779556655.911762,0.0,-0.009765625,0.017578125,0.68359375,0.130859375,0.005859375,0,0
1779556655.927788,0.0,-0.009765625,0.017578125,0.68359375,0.130859375,0.005859375,0,0
1779556655.943771,0.0,-0.009765625,0.017578125,0.68359375,0.134765625,0.005859375,0,0
1779556655.951786,0.0,-0.009765625,0.017578125,0.68359375,0.134765625,0.005859375,0,0
1779556655.959783,0.0,-0.009765625,0.017578125,0.68359375,0.134765625,0.005859375,0,0
1779556655.967776,0.0,-0.009765625,0.017578125,0.68359375,0.134765625,0.005859375,0,0
1779556655.975771,0.0,-0.009765625,0.017578125,0.68359375,0.134765625,0.005859375,0,0
1779556655.983772,0.00390625,-0.009765625,0.017578125,0.68359375,0.134765625,0.005859375,0,0
1779556655.991762,0.00390625,-0.009765625,0.017578125,0.68359375,0.134765625,0.0,0,0
1779556655.999755,0.00390625,-0.009765625,0.017578125,0.68359375,0.134765625,0.0,0,0
1779556656.007789,0.00390625,-0.009765625,0.017578125,0.68359375,0.134765625,-0.005859375,0,0
1779556656.015813,0.0,-0.009765625,0.017578125,0.68359375,0.134765625,-0.005859375,0,0
1779556656.023792,0.0,-0.009765625,0.017578125,0.68359375,0.134765625,-0.005859375,0,0
1779556656.039806,0.0,-0.009765625,0.017578125,0.68359375,0.134765625,-0.0078125,0,0
1779556656.055780,0.0,-0.009765625,0.017578125,0.68359375,0.134765625,-0.009765625,0,0
1779556656.063763,0.0,-0.009765625,0.017578125,0.68359375,0.134765625,-0.009765625,0,0
1779556656.071797,0.0,-0.009765625,0.017578125,0.68359375,0.134765625,-0.009765625,0,0
1779556656.079825,0.0,-0.009765625,0.017578125,0.68359375,0.134765625,-0.009765625,0,0
1779556656.087744,0.0,-0.009765625,0.017578125,0.68359375,0.13671875,-0.01171875,0,0
1779556656.095790,0.0,-0.009765625,0.017578125,0.68359375,0.13671875,-0.01171875,0,0
1779556656.103806,0.0,-0.009765625,0.017578125,0.68359375,0.13671875,-0.01171875,0,0
1779556656.111811,0.00390625,-0.009765625,0.017578125,0.68359375,0.13671875,-0.01171875,0,0
1779556656.119841,0.00390625,-0.009765625,0.017578125,0.68359375,0.13671875,-0.01171875,0,0
1779556656.127804,0.0078125,-0.009765625,0.017578125,0.68359375,0.13671875,-0.01171875,0,0
1779556656.135832,0.0078125,-0.009765625,0.017578125,0.68359375,0.13671875,-0.017578125,0,0
1779556656.143844,0.009765625,-0.009765625,0.017578125,0.68359375,0.13671875,-0.017578125,0,0
1779556656.151745,0.009765625,-0.009765625,0.017578125,0.68359375,0.13671875,-0.01953125,0,0
1779556656.159805,0.013671875,-0.009765625,0.017578125,0.68359375,0.13671875,-0.01953125,0,0
1779556656.167777,0.013671875,-0.009765625,0.017578125,0.68359375,0.142578125,-0.02734375,0,0
1779556656.175773,0.015625,-0.009765625,0.017578125,0.68359375,0.142578125,-0.02734375,0,0
1779556656.183777,0.015625,-0.009765625,0.017578125,0.68359375,0.14453125,-0.03125,0,0
1779556656.191792,0.017578125,-0.009765625,0.017578125,0.68359375,0.14453125,-0.03125,0,0
1779556656.199748,0.017578125,-0.009765625,0.017578125,0.68359375,0.146484375,-0.03515625,0,0
1779556656.207780,0.017578125,-0.009765625,0.017578125,0.68359375,0.146484375,-0.03515625,0,0
1779556656.215779,0.017578125,-0.009765625,0.017578125,0.68359375,0.150390625,-0.037109375,0,0
1779556656.223792,0.01953125,-0.009765625,0.017578125,0.68359375,0.150390625,-0.037109375,0,0
1779556656.231858,0.01953125,-0.009765625,0.017578125,0.68359375,0.15625,-0.041015625,0,0
1779556656.239805,0.01953125,-0.009765625,0.017578125,0.68359375,0.15625,-0.041015625,0,0
1779556656.247786,0.01953125,-0.009765625,0.017578125,0.68359375,0.15625,-0.041015625,0,0
1779556656.255788,0.01953125,-0.009765625,0.017578125,0.68359375,0.15625,-0.041015625,0,0
1779556656.263785,0.01953125,-0.009765625,0.017578125,0.68359375,0.15625,-0.04296875,0,0
1779556656.271751,0.029296875,-0.009765625,0.017578125,0.68359375,0.15625,-0.04296875,0,0
1779556656.279730,0.029296875,-0.009765625,0.017578125,0.68359375,0.158203125,-0.046875,0,0
1779556656.287771,0.03515625,-0.009765625,0.017578125,0.68359375,0.158203125,-0.046875,0,0
1779556656.295758,0.03515625,-0.009765625,0.017578125,0.68359375,0.16015625,-0.05078125,0,0
1779556656.303755,0.037109375,0.0,0.017578125,0.68359375,0.16015625,-0.05078125,0,0
1779556656.311764,0.037109375,0.0,0.017578125,0.68359375,0.1640625,-0.0546875,0,0
1779556656.319749,0.037109375,0.0,0.017578125,0.68359375,0.1640625,-0.0546875,0,0
1779556656.327741,0.037109375,0.0,0.017578125,0.68359375,0.1640625,-0.056640625,0,0
1779556656.335774,0.041015625,-0.00390625,0.017578125,0.68359375,0.1640625,-0.056640625,0,0
1779556656.343748,0.041015625,-0.00390625,0.017578125,0.68359375,0.16796875,-0.060546875,0,0
1779556656.351741,0.056640625,-0.01171875,0.017578125,0.68359375,0.16796875,-0.060546875,0,0
1779556656.359728,0.056640625,-0.01171875,0.017578125,0.68359375,0.177734375,-0.064453125,0,0
1779556656.367722,0.068359375,-0.015625,0.017578125,0.68359375,0.177734375,-0.064453125,0,0
1779556656.375755,0.068359375,-0.015625,0.017578125,0.68359375,0.185546875,-0.06640625,0,0
1779556656.383754,0.07421875,-0.01953125,-0.0078125,0.68359375,0.185546875,-0.06640625,0,0
1779556656.391747,0.07421875,-0.01953125,-0.0078125,0.68359375,0.189453125,-0.06640625,0,0
1779556656.399756,0.07421875,-0.01953125,-0.01171875,0.68359375,0.189453125,-0.06640625,0,0
1779556656.407856,0.07421875,-0.01953125,-0.01171875,0.68359375,0.19140625,-0.068359375,0,0
1779556656.415802,0.076171875,-0.017578125,-0.015625,0.68359375,0.19140625,-0.068359375,0,0
1779556656.423771,0.076171875,-0.017578125,-0.015625,0.68359375,0.19140625,-0.0703125,0,0
1779556656.431784,0.076171875,-0.02734375,-0.02734375,0.68359375,0.19140625,-0.0703125,0,0
1779556656.439751,0.076171875,-0.02734375,-0.02734375,0.68359375,0.193359375,-0.07421875,0,0
1779556656.447763,0.083984375,-0.03515625,-0.037109375,0.68359375,0.193359375,-0.07421875,0,0
1779556656.455773,0.083984375,-0.03515625,-0.037109375,0.68359375,0.193359375,-0.078125,0,0
1779556656.463788,0.083984375,-0.04296875,-0.041015625,0.68359375,0.193359375,-0.078125,0,0
1779556656.471855,0.083984375,-0.04296875,-0.041015625,0.68359375,0.193359375,-0.078125,0,0
1779556656.479865,0.076171875,-0.0546875,-0.0234375,0.68359375,0.193359375,-0.078125,0,0
1779556656.487766,0.076171875,-0.0546875,-0.0234375,0.68359375,0.1953125,-0.07421875,0,0
1779556656.495795,0.0546875,-0.0703125,-0.0234375,0.68359375,0.1953125,-0.07421875,0,0
1779556656.503785,0.0546875,-0.0703125,-0.0234375,0.68359375,0.19140625,-0.064453125,0,0
1779556656.511786,0.0390625,-0.078125,-0.0234375,0.68359375,0.19140625,-0.064453125,0,0
1779556656.519831,0.0390625,-0.078125,-0.0234375,0.68359375,0.185546875,-0.056640625,0,0
1779556656.527813,0.03515625,-0.083984375,-0.0234375,0.68359375,0.185546875,-0.056640625,0,0
1779556656.535789,0.03515625,-0.083984375,-0.0234375,0.68359375,0.18359375,-0.0546875,0,0
1779556656.543776,0.017578125,-0.08203125,-0.0234375,0.68359375,0.18359375,-0.0546875,0,0
1779556656.551734,0.017578125,-0.08203125,-0.0234375,0.662109375,0.18359375,-0.0546875,0,0
1779556656.559787,0.017578125,-0.078125,0.05078125,0.662109375,0.18359375,-0.0546875,0,0
1779556656.567808,0.017578125,-0.078125,0.05078125,0.642578125,0.18359375,-0.05859375,0,0
1779556656.575747,0.017578125,-0.083984375,0.11328125,0.642578125,0.18359375,-0.05859375,0,0
1779556656.583777,0.017578125,-0.083984375,0.11328125,0.6328125,0.189453125,-0.0625,0,0
1779556656.591829,0.017578125,-0.1015625,0.173828125,0.6328125,0.189453125,-0.0625,0,0
1779556656.599760,0.017578125,-0.1015625,0.173828125,0.60546875,0.201171875,-0.060546875,0,0
1779556656.607767,0.017578125,-0.125,0.19921875,0.60546875,0.201171875,-0.060546875,0,0
1779556656.615766,0.017578125,-0.125,0.19921875,0.58203125,0.20703125,-0.060546875,0,0
1779556656.623739,0.017578125,-0.130859375,0.21875,0.58203125,0.20703125,-0.060546875,0,0
1779556656.631741,0.017578125,-0.130859375,0.21875,0.560546875,0.2109375,-0.0625,0,0
1779556656.639753,0.017578125,-0.125,0.220703125,0.560546875,0.2109375,-0.0625,0,0
1779556656.647823,0.017578125,-0.125,0.220703125,0.55859375,0.2109375,-0.068359375,0,0
1779556656.655820,0.017578125,-0.12109375,0.22265625,0.55859375,0.2109375,-0.068359375,0,0
1779556656.663764,0.017578125,-0.12109375,0.22265625,0.556640625,0.208984375,-0.0703125,0,0
1779556656.671793,0.017578125,-0.115234375,0.23046875,0.556640625,0.208984375,-0.0703125,0,0
1779556656.679778,0.017578125,-0.115234375,0.23046875,0.55078125,0.208984375,-0.072265625,0,0
1779556656.687814,0.017578125,-0.12109375,0.24609375,0.55078125,0.208984375,-0.072265625,0,0
1779556656.695759,0.017578125,-0.12109375,0.24609375,0.533203125,0.2109375,-0.072265625,0,0
1779556656.703771,0.017578125,-0.119140625,0.2578125,0.533203125,0.2109375,-0.072265625,0,0
1779556656.711763,0.017578125,-0.119140625,0.2578125,0.517578125,0.216796875,-0.072265625,0,0
1779556656.719761,0.017578125,-0.10546875,0.271484375,0.517578125,0.216796875,-0.072265625,0,0
1779556656.727748,0.017578125,-0.10546875,0.271484375,0.50390625,0.22265625,-0.076171875,0,0
1779556656.735813,0.017578125,-0.09765625,0.287109375,0.50390625,0.22265625,-0.076171875,0,0
1779556656.743799,0.017578125,-0.09765625,0.287109375,0.486328125,0.2265625,-0.080078125,0,0
1779556656.751806,0.017578125,-0.08203125,0.2890625,0.486328125,0.2265625,-0.080078125,0,0
1779556656.759792,0.017578125,-0.08203125,0.2890625,0.46484375,0.228515625,-0.087890625,0,0
1779556656.767797,0.017578125,-0.072265625,0.27734375,0.46484375,0.228515625,-0.087890625,0,0
1779556656.775771,0.017578125,-0.072265625,0.27734375,0.431640625,0.224609375,-0.095703125,0,0
1779556656.783801,-0.01171875,-0.064453125,0.2734375,0.431640625,0.224609375,-0.095703125,0,0
1779556656.791754,-0.01171875,-0.064453125,0.2734375,0.39453125,0.21875,-0.103515625,0,0
1779556656.799759,-0.01171875,-0.0546875,0.283203125,0.39453125,0.21875,-0.103515625,0,0
1779556656.807795,-0.01171875,-0.0546875,0.283203125,0.3671875,0.21875,-0.111328125,0,0
1779556656.815801,-0.009765625,-0.052734375,0.279296875,0.3671875,0.21875,-0.111328125,0,0
1779556656.823804,-0.009765625,-0.052734375,0.279296875,0.34375,0.216796875,-0.115234375,0,0
1779556656.831773,-0.0078125,-0.056640625,0.271484375,0.34375,0.216796875,-0.115234375,0,0
1779556656.839769,-0.0078125,-0.056640625,0.271484375,0.341796875,0.212890625,-0.1171875,0,0
1779556656.847760,-0.005859375,-0.0625,0.267578125,0.341796875,0.212890625,-0.1171875,0,0
1779556656.855736,-0.005859375,-0.0625,0.267578125,0.3359375,0.2109375,-0.119140625,0,0
1779556656.863751,-0.00390625,-0.0625,0.2578125,0.3359375,0.2109375,-0.119140625,0,0
1779556656.871800,-0.00390625,-0.0625,0.2578125,0.330078125,0.2109375,-0.119140625,0,0
1779556656.879755,-0.00390625,-0.0625,0.25,0.330078125,0.2109375,-0.119140625,0,0
1779556656.887819,-0.00390625,-0.0625,0.25,0.32421875,0.205078125,-0.12109375,0,0
1779556656.895794,-0.00390625,-0.0625,0.244140625,0.32421875,0.205078125,-0.12109375,0,0
1779556656.903819,-0.00390625,-0.0625,0.244140625,0.3125,0.19921875,-0.126953125,0,0
1779556656.911766,-0.005859375,-0.048828125,0.228515625,0.3125,0.19921875,-0.126953125,0,0
1779556656.919821,-0.005859375,-0.048828125,0.228515625,0.314453125,0.189453125,-0.134765625,0,0
1779556656.927784,-0.015625,-0.01953125,0.2109375,0.314453125,0.189453125,-0.134765625,0,0
1779556656.935762,-0.015625,-0.01953125,0.2109375,0.345703125,0.177734375,-0.14453125,0,0
1779556656.943765,-0.02734375,-0.01953125,0.189453125,0.345703125,0.177734375,-0.14453125,0,0
1779556656.951777,-0.02734375,-0.01953125,0.189453125,0.419921875,0.150390625,-0.158203125,0,0
1779556656.959805,-0.033203125,-0.01953125,0.17578125,0.419921875,0.150390625,-0.158203125,0,0
1779556656.967767,-0.033203125,-0.01953125,0.17578125,0.515625,0.12890625,-0.171875,0,0
1779556656.975756,-0.0234375,-0.01953125,0.146484375,0.515625,0.12890625,-0.171875,0,0
1779556656.983768,-0.0234375,-0.01953125,0.146484375,0.611328125,0.115234375,-0.181640625,0,0
1779556656.991748,-0.0234375,-0.01953125,0.076171875,0.611328125,0.115234375,-0.181640625,0,0
1779556656.999788,-0.0234375,-0.01953125,0.076171875,0.68359375,0.111328125,-0.185546875,0,0
1779556657.007785,-0.0234375,-0.01953125,0.005859375,0.68359375,0.111328125,-0.185546875,0,0
1779556657.015819,-0.0234375,-0.01953125,0.005859375,0.68359375,0.109375,-0.185546875,0,0
1779556657.031768,-0.0234375,-0.01953125,0.005859375,0.68359375,0.11328125,-0.18359375,0,0
1779556657.047803,-0.0234375,-0.01953125,0.005859375,0.68359375,0.115234375,-0.18359375,0,0
1779556657.063805,-0.0234375,-0.01953125,0.005859375,0.68359375,0.1171875,-0.185546875,0,0
1779556657.071825,-0.0234375,0.0,0.005859375,0.68359375,0.1171875,-0.185546875,0,0
1779556657.079769,-0.0234375,0.0,0.005859375,0.68359375,0.119140625,-0.185546875,0,0
1779556657.087846,-0.0234375,0.0,0.005859375,0.68359375,0.119140625,-0.185546875,0,0
1779556657.095821,-0.0234375,0.0,0.005859375,0.68359375,0.123046875,-0.185546875,0,0
1779556657.103868,-0.0234375,0.00390625,0.005859375,0.68359375,0.123046875,-0.185546875,0,0
1779556657.111810,-0.0234375,0.00390625,0.005859375,0.68359375,0.125,-0.185546875,0,0
1779556657.119762,-0.0234375,0.00390625,0.005859375,0.68359375,0.125,-0.185546875,0,0
1779556657.127777,-0.0234375,0.00390625,0.005859375,0.68359375,0.130859375,-0.185546875,0,0
1779556657.135830,-0.0234375,0.0,0.005859375,0.68359375,0.130859375,-0.185546875,0,0
1779556657.143829,-0.0234375,0.0,0.005859375,0.68359375,0.134765625,-0.185546875,0,0
1779556657.151779,-0.0234375,0.0,0.005859375,0.68359375,0.134765625,-0.185546875,0,0
1779556657.159761,-0.0234375,0.0,0.005859375,0.68359375,0.140625,-0.1875,0,0
1779556657.175798,-0.0234375,0.0,0.005859375,0.68359375,0.14453125,-0.1875,0,0
1779556657.191803,-0.0234375,0.0,0.005859375,0.68359375,0.14453125,-0.1875,0,0
1779556657.207764,-0.0234375,0.0,0.005859375,0.68359375,0.1484375,-0.1875,0,0
1779556657.223775,-0.0234375,0.0,0.005859375,0.68359375,0.1484375,-0.1875,0,0
1779556657.239796,-0.0234375,0.0,0.005859375,0.68359375,0.1484375,-0.1875,0,0
1779556657.255787,-0.0234375,0.0,0.005859375,0.68359375,0.150390625,-0.1875,0,0
1779556657.271811,-0.0234375,0.0,0.005859375,0.68359375,0.150390625,-0.1875,0,0
1779556657.287832,-0.0234375,0.0,0.005859375,0.68359375,0.15234375,-0.1875,0,0
1779556657.303790,-0.0234375,0.0,0.005859375,0.68359375,0.15625,-0.189453125,0,0
1779556657.319811,-0.0234375,0.0,0.005859375,0.68359375,0.15625,-0.189453125,0,0
1779556657.335816,-0.0234375,0.0,0.005859375,0.68359375,0.15625,-0.189453125,0,0
1779556657.351817,-0.0234375,0.0,0.005859375,0.68359375,0.15625,-0.189453125,0,0
1779556657.367781,-0.0234375,0.0,0.005859375,0.68359375,0.15625,-0.189453125,0,0
1779556657.383828,-0.0234375,0.0,0.005859375,0.68359375,0.15625,-0.189453125,0,0
1779556657.399781,-0.0234375,0.0,0.005859375,0.68359375,0.15625,-0.189453125,0,0
1779556657.415783,-0.0234375,0.0,0.005859375,0.68359375,0.158203125,-0.189453125,0,0
1779556657.431814,-0.0234375,0.0,0.005859375,0.68359375,0.1640625,-0.189453125,0,0
1779556657.447812,-0.0234375,0.0,0.005859375,0.68359375,0.166015625,-0.189453125,0,0
1779556657.463876,-0.0234375,0.0,0.005859375,0.68359375,0.166015625,-0.19140625,0,0
1779556657.479824,-0.0234375,0.0,0.005859375,0.68359375,0.166015625,-0.19140625,0,0
1779556657.495782,-0.0234375,0.0,0.005859375,0.68359375,0.166015625,-0.19140625,0,0
1779556657.511806,-0.0234375,0.0,0.005859375,0.68359375,0.166015625,-0.19140625,0,0
1779556657.527793,-0.0234375,0.0,0.005859375,0.68359375,0.166015625,-0.19140625,0,0
1779556657.543784,-0.0234375,0.0,0.005859375,0.68359375,0.16796875,-0.19140625,0,0
1779556657.559804,-0.0234375,0.0,0.005859375,0.68359375,0.16796875,-0.19140625,0,0
1779556657.567831,0.0,0.0,0.005859375,0.68359375,0.16796875,-0.19140625,0,0
1779556657.575820,0.0,0.0,0.005859375,0.68359375,0.16796875,-0.193359375,0,0
1779556657.583837,0.0,0.0,0.005859375,0.68359375,0.16796875,-0.193359375,0,0
1779556657.591809,0.0,0.0,0.005859375,0.68359375,0.16796875,-0.1953125,0,0
1779556657.599829,0.0,0.0,0.005859375,0.68359375,0.16796875,-0.1953125,0,0
1779556657.607793,0.0,0.0,0.005859375,0.68359375,0.16796875,-0.1953125,0,0
1779556657.615845,-0.005859375,0.0,0.005859375,0.68359375,0.16796875,-0.1953125,0,0
1779556657.623773,-0.005859375,0.0,0.005859375,0.68359375,0.16796875,-0.197265625,0,0
1779556657.631763,-0.005859375,0.0,0.005859375,0.68359375,0.16796875,-0.197265625,0,0
1779556657.639816,-0.005859375,0.0,0.005859375,0.68359375,0.16796875,-0.19921875,0,0
1779556657.647782,-0.005859375,0.0,0.005859375,0.68359375,0.16796875,-0.19921875,0,0
1779556657.655821,-0.005859375,0.0,0.005859375,0.68359375,0.166015625,-0.19921875,0,0
1779556657.663786,-0.005859375,0.0,0.005859375,0.68359375,0.166015625,-0.19921875,0,0
1779556657.671823,-0.005859375,0.0,0.005859375,0.68359375,0.166015625,-0.19921875,0,0
1779556657.679800,-0.00390625,0.0,0.005859375,0.68359375,0.166015625,-0.19921875,0,0
1779556657.687775,-0.00390625,0.0,0.005859375,0.68359375,0.166015625,-0.19921875,0,0
1779556657.695760,-0.00390625,0.0,0.005859375,0.68359375,0.166015625,-0.19921875,0,0
1779556657.703833,-0.00390625,0.0,0.005859375,0.68359375,0.1640625,-0.19921875,0,0
1779556657.711794,-0.00390625,0.0,0.005859375,0.68359375,0.1640625,-0.19921875,0,0
1779556657.719802,-0.00390625,0.0,0.005859375,0.68359375,0.162109375,-0.19921875,0,0
1779556657.727798,-0.00390625,0.0,0.005859375,0.68359375,0.162109375,-0.19921875,0,0
1779556657.735833,-0.00390625,0.0,0.005859375,0.68359375,0.162109375,-0.19921875,0,0
1779556657.743790,-0.00390625,0.0,0.005859375,0.68359375,0.162109375,-0.19921875,0,0
1779556657.751794,-0.00390625,0.0,0.005859375,0.68359375,0.162109375,-0.19921875,0,0
1779556657.759784,-0.00390625,0.0,0.005859375,0.68359375,0.162109375,-0.19921875,0,0
1779556657.767793,-0.00390625,0.0,0.005859375,0.68359375,0.162109375,-0.19921875,0,0
1779556657.775813,-0.00390625,0.0,0.005859375,0.68359375,0.162109375,-0.19921875,0,0
1779556657.783780,-0.00390625,0.0,0.005859375,0.68359375,0.1640625,-0.19921875,0,0
1779556657.791783,-0.005859375,0.0,0.005859375,0.68359375,0.1640625,-0.19921875,0,0
1779556657.799782,-0.005859375,0.0,0.005859375,0.68359375,0.1640625,-0.19921875,0,0
1779556657.807769,-0.005859375,0.0,0.005859375,0.68359375,0.1640625,-0.19921875,0,0
1779556657.815807,-0.005859375,0.0,0.005859375,0.68359375,0.166015625,-0.19921875,0,0
1779556657.823777,-0.005859375,0.0,0.005859375,0.68359375,0.166015625,-0.19921875,0,0
1779556657.831811,-0.005859375,0.0,0.005859375,0.68359375,0.16796875,-0.19921875,0,0
1779556657.839789,-0.0078125,0.0,0.005859375,0.68359375,0.16796875,-0.19921875,0,0
1779556657.847821,-0.0078125,0.0,0.005859375,0.68359375,0.16796875,-0.19921875,0,0
1779556657.855815,-0.009765625,0.0,0.005859375,0.68359375,0.16796875,-0.19921875,0,0
1779556657.863813,-0.009765625,0.0,0.005859375,0.68359375,0.169921875,-0.201171875,0,0
1779556657.871799,-0.01171875,0.0,0.005859375,0.68359375,0.169921875,-0.201171875,0,0
1779556657.879844,-0.01171875,0.0,0.005859375,0.68359375,0.169921875,-0.201171875,0,0
1779556657.887763,-0.013671875,0.0,0.005859375,0.68359375,0.169921875,-0.201171875,0,0
1779556657.895794,-0.013671875,0.0,0.005859375,0.68359375,0.169921875,-0.203125,0,0
1779556657.903814,-0.013671875,0.0,0.005859375,0.68359375,0.169921875,-0.203125,0,0
1779556657.911839,-0.013671875,0.0,0.005859375,0.68359375,0.169921875,-0.205078125,0,0
1779556657.919803,-0.015625,0.0,0.005859375,0.68359375,0.169921875,-0.205078125,0,0
1779556657.927766,-0.015625,0.0,0.005859375,0.68359375,0.169921875,-0.20703125,0,0
1779556657.935813,-0.01953125,0.0,0.005859375,0.68359375,0.169921875,-0.20703125,0,0
1779556657.943824,-0.01953125,0.0,0.005859375,0.68359375,0.169921875,-0.2109375,0,0
1779556657.951798,-0.01953125,0.0,0.005859375,0.68359375,0.169921875,-0.2109375,0,0
1779556657.959804,-0.01953125,0.0,0.005859375,0.68359375,0.169921875,-0.21484375,0,0
1779556657.967778,-0.021484375,0.0,0.005859375,0.68359375,0.169921875,-0.21484375,0,0
1779556657.975797,-0.021484375,0.0,0.005859375,0.68359375,0.169921875,-0.216796875,0,0
1779556657.983792,-0.025390625,0.0,0.005859375,0.68359375,0.169921875,-0.216796875,0,0
1779556657.991792,-0.025390625,0.0,0.005859375,0.68359375,0.169921875,-0.220703125,0,0
1779556657.999815,-0.03125,0.0,0.005859375,0.68359375,0.169921875,-0.220703125,0,0
1779556658.007782,-0.03125,0.0,0.005859375,0.68359375,0.16796875,-0.2265625,0,0
1779556658.015818,-0.03515625,0.0,0.005859375,0.68359375,0.16796875,-0.2265625,0,0
1779556658.023797,-0.03515625,0.0,0.005859375,0.68359375,0.16796875,-0.234375,0,0
1779556658.031761,-0.04296875,0.0,0.005859375,0.68359375,0.16796875,-0.234375,0,0
1779556658.039800,-0.04296875,0.0,0.005859375,0.68359375,0.166015625,-0.2421875,0,0
1779556658.047774,-0.044921875,0.0,0.005859375,0.68359375,0.166015625,-0.2421875,0,0
1779556658.055806,-0.044921875,0.0,0.005859375,0.68359375,0.1640625,-0.248046875,0,0
1779556658.063799,-0.044921875,0.0,0.005859375,0.68359375,0.1640625,-0.248046875,0,0
1779556658.071767,-0.044921875,0.0,0.005859375,0.68359375,0.1640625,-0.248046875,0,0
1779556658.079782,-0.046875,0.0,0.005859375,0.68359375,0.1640625,-0.248046875,0,0
1779556658.087770,-0.046875,0.0,0.005859375,0.68359375,0.16015625,-0.248046875,0,0
1779556658.095783,-0.046875,0.0,0.005859375,0.68359375,0.16015625,-0.248046875,0,0
1779556658.103754,-0.046875,0.0,0.005859375,0.68359375,0.16015625,-0.25,0,0
1779556658.111830,-0.046875,0.0,0.005859375,0.68359375,0.16015625,-0.25,0,0
1779556658.119793,-0.046875,0.0,0.005859375,0.68359375,0.158203125,-0.25,0,0
1779556658.127790,-0.046875,0.0,0.005859375,0.68359375,0.158203125,-0.25,0,0
1779556658.135773,-0.046875,0.0,0.005859375,0.68359375,0.158203125,-0.25,0,0
1779556658.143812,-0.046875,0.0,0.005859375,0.68359375,0.158203125,-0.25,0,0
1779556658.151827,-0.046875,0.0,0.005859375,0.68359375,0.158203125,-0.25,0,0
1779556658.159846,-0.046875,0.0,0.005859375,0.68359375,0.158203125,-0.25,0,0
1779556658.167833,-0.046875,0.0,0.005859375,0.68359375,0.16015625,-0.25,0,0
1779556658.175759,-0.048828125,0.0,0.005859375,0.68359375,0.16015625,-0.25,0,0
1779556658.183863,-0.048828125,0.0,0.005859375,0.68359375,0.16015625,-0.251953125,0,0
1779556658.191821,-0.048828125,0.0,0.005859375,0.68359375,0.16015625,-0.251953125,0,0
1779556658.199772,-0.048828125,0.0,0.005859375,0.68359375,0.16015625,-0.251953125,0,0
1779556658.207738,-0.048828125,0.0,0.005859375,0.68359375,0.16015625,-0.251953125,0,0
1779556658.215785,-0.048828125,0.0,0.005859375,0.68359375,0.16015625,-0.251953125,0,0
1779556658.223717,-0.048828125,0.0,0.005859375,0.68359375,0.16015625,-0.251953125,0,0
1779556658.231727,-0.048828125,0.0,0.005859375,0.68359375,0.16015625,-0.251953125,0,0
1779556658.239820,-0.048828125,0.0,0.005859375,0.68359375,0.16015625,-0.251953125,0,0
1779556658.247779,-0.048828125,0.0,0.005859375,0.68359375,0.16015625,-0.251953125,0,0
1779556658.255771,-0.048828125,0.0,0.005859375,0.68359375,0.16015625,-0.251953125,0,0
1779556658.263774,-0.048828125,0.0,0.005859375,0.68359375,0.16015625,-0.251953125,0,0
1779556658.271827,-0.048828125,0.0,0.005859375,0.68359375,0.16015625,-0.251953125,0,0
1779556658.279789,-0.048828125,0.0,0.005859375,0.68359375,0.16015625,-0.251953125,0,0
1779556658.287741,-0.048828125,0.0,0.005859375,0.68359375,0.16015625,-0.251953125,0,0
1779556658.295749,-0.048828125,0.0,0.005859375,0.68359375,0.16015625,-0.251953125,0,0
1779556658.303740,-0.048828125,0.0,0.005859375,0.68359375,0.16015625,-0.251953125,0,0
1779556658.311759,-0.048828125,0.0,0.005859375,0.68359375,0.16015625,-0.251953125,0,0
1779556658.319748,-0.048828125,0.0,0.005859375,0.68359375,0.16015625,-0.251953125,0,0
1779556658.327766,-0.048828125,0.0,0.005859375,0.68359375,0.162109375,-0.251953125,0,0
1779556658.335773,-0.05078125,0.0,0.005859375,0.68359375,0.162109375,-0.251953125,0,0
1779556658.343797,-0.05078125,0.0,0.005859375,0.68359375,0.166015625,-0.244140625,0,0
1779556658.351819,-0.052734375,0.0,0.005859375,0.68359375,0.166015625,-0.244140625,0,0
1779556658.359764,-0.052734375,0.0,0.005859375,0.68359375,0.171875,-0.23046875,0,0
1779556658.367824,-0.044921875,0.0,0.005859375,0.68359375,0.171875,-0.23046875,0,0
1779556658.375806,-0.044921875,0.0,0.005859375,0.68359375,0.173828125,-0.216796875,0,0
1779556658.383822,-0.033203125,-0.044921875,0.005859375,0.68359375,0.173828125,-0.216796875,0,0
1779556658.391807,-0.033203125,-0.044921875,0.005859375,0.68359375,0.169921875,-0.201171875,0,0
1779556658.399809,-0.01953125,-0.076171875,0.005859375,0.68359375,0.169921875,-0.201171875,0,0
1779556658.407772,-0.01953125,-0.076171875,0.005859375,0.6796875,0.150390625,-0.181640625,0,0
1779556658.415807,-0.005859375,-0.080078125,0.005859375,0.6796875,0.150390625,-0.181640625,0,0
1779556658.423819,-0.005859375,-0.080078125,0.005859375,0.5703125,0.138671875,-0.16796875,0,0
1779556658.431796,-0.009765625,-0.068359375,0.005859375,0.5703125,0.138671875,-0.16796875,0,0
1779556658.439758,-0.009765625,-0.068359375,0.005859375,0.421875,0.109375,-0.150390625,0,0
1779556658.447837,-0.01953125,-0.0625,0.005859375,0.421875,0.109375,-0.150390625,0,0
1779556658.455774,-0.01953125,-0.0625,0.005859375,0.25390625,0.029296875,-0.1015625,0,0
1779556658.463724,-0.03125,-0.02734375,0.005859375,0.25390625,0.029296875,-0.1015625,0,0
1779556658.471837,-0.03125,-0.02734375,0.005859375,0.072265625,0.029296875,-0.048828125,0,0
1779556658.501820,0.0,0.0,0.0,0.0,0.0,0.0,0,0
1779556658.532750,0.0,0.0,0.0,0.0,0.0,0.0,0,0
1779556658.551748,-0.03125,-0.02734375,0.005859375,0.072265625,0.0078125,-0.048828125,0,0
1779556658.567757,-0.03125,-0.02734375,0.005859375,0.072265625,0.01953125,-0.048828125,0,0
1779556658.597841,0.0,0.0,0.0,0.0,0.0,0.0,0,0
1779556658.615792,-0.03125,-0.02734375,0.005859375,0.072265625,0.0,-0.048828125,0,0
1779556658.645792,0.0,0.0,0.0,0.0,0.0,0.0,0,0
1779556658.671795,-0.03125,-0.02734375,-0.00390625,0.072265625,0.0,-0.048828125,0,0
1779556658.695791,-0.03125,-0.02734375,-0.00390625,0.01953125,0.0,-0.048828125,0,0
1779556658.703771,-0.03125,-0.021484375,-0.01171875,0.01953125,0.0,-0.048828125,0,0
1779556658.711787,-0.03125,-0.021484375,-0.01171875,0.09375,0.0,-0.048828125,0,0
1779556658.719799,-0.03125,-0.052734375,-0.0234375,0.09375,0.0,-0.048828125,0,0
1779556658.727786,-0.03125,-0.052734375,-0.0234375,0.173828125,0.0,-0.048828125,0,0
1779556658.735786,-0.03125,-0.0625,-0.048828125,0.173828125,0.0,-0.048828125,0,0
1779556658.743792,-0.03125,-0.0625,-0.048828125,0.21875,0.0,-0.048828125,0,0
1779556658.751779,-0.03125,-0.076171875,-0.083984375,0.21875,0.0,-0.048828125,0,0
1779556658.759760,-0.03125,-0.076171875,-0.083984375,0.234375,0.0,-0.048828125,0,0
1779556658.767789,-0.03125,-0.095703125,-0.126953125,0.234375,0.0,-0.048828125,0,0
1779556658.775805,-0.03125,-0.095703125,-0.126953125,0.263671875,-0.021484375,-0.048828125,0,0
1779556658.783823,0.0,-0.11328125,-0.15625,0.263671875,-0.021484375,-0.048828125,0,0
1779556658.791790,0.0,-0.11328125,-0.15625,0.30078125,-0.046875,-0.048828125,0,0
1779556658.799794,-0.03515625,-0.13671875,-0.189453125,0.30078125,-0.046875,-0.048828125,0,0
1779556658.807785,-0.03515625,-0.13671875,-0.189453125,0.34375,-0.083984375,-0.048828125,0,0
1779556658.815811,-0.072265625,-0.166015625,-0.2265625,0.34375,-0.083984375,-0.048828125,0,0
1779556658.823765,-0.072265625,-0.166015625,-0.2265625,0.369140625,-0.125,-0.048828125,0,0
1779556658.831767,-0.08203125,-0.173828125,-0.255859375,0.369140625,-0.125,-0.048828125,0,0
1779556658.839813,-0.08203125,-0.173828125,-0.255859375,0.369140625,-0.140625,0.00390625,0,0
1779556658.847812,-0.083984375,-0.171875,-0.267578125,0.369140625,-0.140625,0.00390625,0,0
1779556658.855769,-0.083984375,-0.171875,-0.267578125,0.357421875,-0.140625,0.009765625,0,0
1779556658.863714,-0.08203125,-0.166015625,-0.279296875,0.357421875,-0.140625,0.009765625,0,0
1779556658.871826,-0.08203125,-0.166015625,-0.279296875,0.349609375,-0.13671875,0.017578125,0,0
1779556658.879822,-0.083984375,-0.166015625,-0.291015625,0.349609375,-0.13671875,0.017578125,0,0
1779556658.887785,-0.083984375,-0.166015625,-0.291015625,0.34375,-0.142578125,0.017578125,0,0
1779556658.895802,-0.1015625,-0.173828125,-0.318359375,0.34375,-0.142578125,0.017578125,0,0
1779556658.903797,-0.1015625,-0.173828125,-0.318359375,0.37109375,-0.16796875,0.021484375,0,0
1779556658.911802,-0.111328125,-0.1875,-0.337890625,0.37109375,-0.16796875,0.021484375,0,0
1779556658.919811,-0.111328125,-0.1875,-0.337890625,0.396484375,-0.181640625,0.02734375,0,0
1779556658.927796,-0.109375,-0.193359375,-0.341796875,0.396484375,-0.181640625,0.02734375,0,0
1779556658.935774,-0.109375,-0.193359375,-0.341796875,0.408203125,-0.18359375,0.029296875,0,0
1779556658.943794,-0.095703125,-0.1953125,-0.345703125,0.408203125,-0.18359375,0.029296875,0,0
1779556658.951807,-0.095703125,-0.1953125,-0.345703125,0.423828125,-0.177734375,0.02734375,0,0
1779556658.959790,-0.083984375,-0.193359375,-0.33984375,0.423828125,-0.177734375,0.02734375,0,0
1779556658.967800,-0.083984375,-0.193359375,-0.33984375,0.421875,-0.1640625,0.025390625,0,0
1779556658.975786,-0.0703125,-0.18359375,-0.31640625,0.421875,-0.1640625,0.025390625,0,0
1779556658.983729,-0.0703125,-0.18359375,-0.31640625,0.39453125,-0.146484375,0.025390625,0,0
1779556658.991793,-0.0625,-0.16796875,-0.283203125,0.39453125,-0.146484375,0.025390625,0,0
1779556658.999763,-0.0625,-0.16796875,-0.283203125,0.345703125,-0.1328125,0.029296875,0,0
1779556659.007753,-0.0703125,-0.14453125,-0.2578125,0.345703125,-0.1328125,0.029296875,0,0
1779556659.015823,-0.0703125,-0.14453125,-0.2578125,0.291015625,-0.126953125,0.0390625,0,0
1779556659.023808,-0.08984375,-0.12890625,-0.244140625,0.291015625,-0.126953125,0.0390625,0,0
1779556659.031796,-0.08984375,-0.12890625,-0.244140625,0.24609375,-0.13671875,0.046875,0,0
1779556659.039757,-0.103515625,-0.119140625,-0.228515625,0.24609375,-0.13671875,0.046875,0,0
1779556659.047756,-0.103515625,-0.119140625,-0.228515625,0.203125,-0.14453125,0.052734375,0,0
1779556659.055804,-0.103515625,-0.1171875,-0.203125,0.203125,-0.14453125,0.052734375,0,0
1779556659.063791,-0.103515625,-0.1171875,-0.203125,0.177734375,-0.140625,0.0546875,0,0
1779556659.071817,-0.091796875,-0.125,-0.17578125,0.177734375,-0.140625,0.0546875,0,0
1779556659.079870,-0.091796875,-0.125,-0.17578125,0.171875,-0.123046875,0.05078125,0,0
1779556659.087832,-0.0703125,-0.126953125,-0.14453125,0.171875,-0.123046875,0.05078125,0,0
1779556659.095822,-0.0703125,-0.126953125,-0.14453125,0.16015625,-0.09375,0.04296875,0,0
1779556659.103813,-0.048828125,-0.126953125,-0.119140625,0.16015625,-0.09375,0.04296875,0,0
1779556659.111787,-0.048828125,-0.126953125,-0.119140625,0.14453125,-0.06640625,0.03515625,0,0
1779556659.119765,-0.0234375,-0.11328125,-0.080078125,0.14453125,-0.06640625,0.03515625,0,0
1779556659.127753,-0.0234375,-0.11328125,-0.080078125,0.115234375,-0.025390625,0.029296875,0,0
1779556659.135770,-0.0234375,-0.091796875,-0.048828125,0.115234375,-0.025390625,0.029296875,0,0
1779556659.143803,-0.0234375,-0.091796875,-0.048828125,0.076171875,-0.025390625,0.02734375,0,0
1779556659.151825,-0.0234375,-0.068359375,-0.037109375,0.076171875,-0.025390625,0.02734375,0,0
1779556659.159807,-0.0234375,-0.068359375,-0.037109375,0.056640625,-0.025390625,0.025390625,0,0
1779556659.167798,-0.0234375,-0.048828125,-0.037109375,0.056640625,-0.025390625,0.025390625,0,0
1779556659.175819,-0.0234375,-0.048828125,-0.037109375,0.037109375,-0.025390625,0.021484375,0,0
1779556659.183834,-0.009765625,0.0,-0.037109375,0.037109375,-0.025390625,0.021484375,0,0
1779556659.191824,-0.009765625,0.0,-0.037109375,0.037109375,-0.025390625,0.0,0,0
1779556659.221782,0.0,0.0,0.0,0.0,0.0,0.0,0,0
1779556659.252769,0.0,0.0,0.0,0.0,0.0,0.0,0,0
1779556659.283795,0.0,0.0,0.0,0.0,0.0,0.0,0,0
1779556659.314839,0.0,0.0,0.0,0.0,0.0,0.0,0,0
1779556659.345793,0.0,0.0,0.0,0.0,0.0,0.0,0,0
1779556659.351837,-0.009765625,0.0,-0.037109375,-0.00390625,-0.025390625,0.0,0,0
1779556659.381776,0.0,0.0,0.0,0.0,0.0,0.0,0,0
1779556659.412827,0.0,0.0,0.0,0.0,0.0,0.0,0,0
1779556659.443831,0.0,0.0,0.0,0.0,0.0,0.0,0,0
1779556659.474751,0.0,0.0,0.0,0.0,0.0,0.0,0,0
1779556659.479784,-0.009765625,-0.015625,-0.037109375,-0.00390625,-0.025390625,0.0,0,0
1779556659.503778,-0.009765625,-0.015625,-0.037109375,0.0625,-0.025390625,0.0,0,0
1779556659.511768,-0.00390625,-0.015625,-0.037109375,0.0625,-0.025390625,0.0,0,0
1779556659.519788,-0.00390625,-0.015625,-0.037109375,0.16796875,-0.025390625,0.0,0,0
1779556659.527774,-0.01953125,-0.015625,-0.037109375,0.16796875,-0.025390625,0.0,0,0
1779556659.535777,-0.01953125,-0.015625,-0.037109375,0.30859375,-0.03515625,0.0,0,0
1779556659.543772,-0.01953125,-0.015625,-0.037109375,0.30859375,-0.03515625,0.0,0,0
1779556659.551775,-0.01953125,-0.015625,-0.037109375,0.419921875,-0.05859375,-0.00390625,0,0
1779556659.559756,-0.021484375,-0.015625,-0.037109375,0.419921875,-0.05859375,-0.00390625,0,0
1779556659.567796,-0.021484375,-0.015625,-0.037109375,0.517578125,-0.0703125,-0.0078125,0,0
1779556659.575797,-0.01953125,-0.015625,-0.005859375,0.517578125,-0.0703125,-0.0078125,0,0
1779556659.583828,-0.01953125,-0.015625,-0.005859375,0.60546875,-0.080078125,-0.029296875,0,0
1779556659.591836,-0.017578125,-0.015625,-0.02734375,0.60546875,-0.080078125,-0.029296875,0,0
1779556659.599787,-0.017578125,-0.015625,-0.02734375,0.6796875,-0.078125,-0.048828125,0,0
1779556659.607805,-0.0234375,-0.015625,-0.041015625,0.6796875,-0.078125,-0.048828125,0,0
1779556659.615783,-0.0234375,-0.015625,-0.041015625,0.68359375,-0.078125,-0.048828125,0,0
1779556659.623765,-0.04296875,-0.015625,-0.041015625,0.68359375,-0.078125,-0.048828125,0,0
1779556659.631820,-0.04296875,-0.015625,-0.041015625,0.68359375,-0.064453125,-0.0390625,0,0
1779556659.639802,-0.05859375,-0.015625,-0.041015625,0.68359375,-0.064453125,-0.0390625,0,0
1779556659.647782,-0.05859375,-0.015625,-0.041015625,0.68359375,-0.046875,-0.03515625,0,0
1779556659.655803,-0.080078125,-0.015625,-0.041015625,0.68359375,-0.046875,-0.03515625,0,0
1779556659.663792,-0.080078125,-0.015625,-0.041015625,0.68359375,-0.025390625,-0.03515625,0,0
1779556659.671819,-0.091796875,-0.015625,-0.041015625,0.68359375,-0.025390625,-0.03515625,0,0
1779556659.679771,-0.091796875,-0.015625,-0.041015625,0.68359375,-0.025390625,-0.0390625,0,0
1779556659.687763,-0.10546875,-0.015625,-0.041015625,0.68359375,-0.025390625,-0.0390625,0,0
1779556659.695758,-0.10546875,-0.015625,-0.041015625,0.68359375,-0.025390625,-0.041015625,0,0
1779556659.703802,-0.1171875,-0.015625,-0.041015625,0.68359375,-0.025390625,-0.041015625,0,0
1779556659.711789,-0.1171875,-0.015625,-0.041015625,0.68359375,-0.025390625,-0.04296875,0,0
1779556659.719809,-0.126953125,-0.015625,-0.041015625,0.68359375,-0.025390625,-0.04296875,0,0
1779556659.727770,-0.126953125,-0.015625,-0.041015625,0.68359375,-0.025390625,-0.044921875,0,0
1779556659.735767,-0.130859375,-0.015625,-0.041015625,0.68359375,-0.025390625,-0.044921875,0,0
1779556659.743772,-0.130859375,-0.015625,-0.041015625,0.68359375,-0.025390625,-0.044921875,0,0
1779556659.751792,-0.1328125,-0.015625,-0.041015625,0.68359375,-0.025390625,-0.044921875,0,0
1779556659.759771,-0.1328125,-0.015625,-0.041015625,0.68359375,-0.025390625,-0.044921875,0,0
1779556659.767788,-0.134765625,-0.015625,-0.041015625,0.68359375,-0.025390625,-0.044921875,0,0
1779556659.775776,-0.134765625,-0.015625,-0.041015625,0.68359375,-0.025390625,-0.044921875,0,0
1779556659.783798,-0.13671875,-0.015625,-0.041015625,0.68359375,-0.025390625,-0.044921875,0,0
1779556659.791812,-0.13671875,-0.015625,-0.041015625,0.68359375,-0.025390625,-0.044921875,0,0
1779556659.799772,-0.138671875,-0.015625,-0.041015625,0.68359375,-0.025390625,-0.044921875,0,0
1779556659.807792,-0.138671875,-0.015625,-0.041015625,0.68359375,-0.025390625,-0.046875,0,0
1779556659.815777,-0.142578125,-0.015625,-0.041015625,0.68359375,-0.025390625,-0.046875,0,0
1779556659.823759,-0.142578125,-0.015625,-0.041015625,0.68359375,-0.025390625,-0.046875,0,0
1779556659.831744,-0.14453125,-0.015625,-0.041015625,0.68359375,-0.025390625,-0.046875,0,0
1779556659.839775,-0.14453125,-0.015625,-0.041015625,0.68359375,-0.025390625,-0.046875,0,0
1779556659.847783,-0.146484375,-0.015625,-0.041015625,0.68359375,-0.025390625,-0.046875,0,0
1779556659.855789,-0.146484375,-0.015625,-0.041015625,0.68359375,-0.025390625,-0.046875,0,0
1779556659.863724,-0.1484375,-0.015625,-0.041015625,0.68359375,-0.025390625,-0.046875,0,0
1779556659.871800,-0.1484375,-0.015625,-0.041015625,0.68359375,-0.025390625,-0.048828125,0,0
1779556659.879782,-0.1484375,-0.015625,-0.041015625,0.68359375,-0.025390625,-0.048828125,0,0
1779556659.887805,-0.1484375,-0.015625,-0.041015625,0.68359375,-0.025390625,-0.048828125,0,0
1779556659.895781,-0.1484375,-0.015625,-0.041015625,0.68359375,-0.025390625,-0.048828125,0,0
1779556659.903820,-0.1484375,-0.015625,-0.041015625,0.68359375,-0.025390625,-0.048828125,0,0
1779556659.911779,-0.1484375,-0.015625,-0.041015625,0.68359375,-0.025390625,-0.048828125,0,0
1779556659.919786,-0.1484375,-0.015625,-0.041015625,0.68359375,-0.025390625,-0.048828125,0,0
1779556659.927764,-0.15234375,-0.015625,-0.041015625,0.68359375,-0.025390625,-0.048828125,0,0
1779556659.935721,-0.15234375,-0.015625,-0.041015625,0.68359375,-0.025390625,-0.048828125,0,0
1779556659.943779,-0.15234375,-0.015625,-0.041015625,0.68359375,-0.025390625,-0.048828125,0,0
1779556659.951857,-0.15234375,-0.015625,-0.041015625,0.68359375,-0.025390625,-0.048828125,0,0
1779556659.959790,-0.154296875,-0.015625,-0.041015625,0.68359375,-0.025390625,-0.048828125,0,0
1779556659.967785,-0.154296875,-0.015625,-0.041015625,0.68359375,-0.025390625,-0.048828125,0,0
1779556659.975821,-0.154296875,-0.015625,-0.041015625,0.68359375,-0.025390625,-0.048828125,0,0
1779556659.983790,-0.154296875,-0.015625,-0.041015625,0.68359375,-0.025390625,-0.048828125,0,0
1779556659.991798,-0.15625,-0.015625,-0.041015625,0.68359375,-0.025390625,-0.048828125,0,0
1779556659.999813,-0.15625,-0.015625,-0.041015625,0.68359375,-0.025390625,-0.048828125,0,0
1779556660.007754,-0.15625,-0.015625,-0.041015625,0.68359375,-0.025390625,-0.048828125,0,0
1779556660.015743,-0.15625,-0.015625,-0.041015625,0.68359375,-0.025390625,-0.048828125,0,0
1779556660.023814,-0.15625,-0.015625,-0.041015625,0.68359375,-0.025390625,-0.048828125,0,0
1779556660.031774,-0.15625,-0.015625,-0.041015625,0.68359375,-0.025390625,-0.048828125,0,0
1779556660.039804,-0.154296875,-0.015625,-0.041015625,0.68359375,-0.025390625,-0.048828125,0,0
1779556660.047820,-0.154296875,-0.015625,-0.041015625,0.68359375,-0.025390625,-0.05078125,0,0
1779556660.055820,-0.15234375,-0.015625,-0.041015625,0.68359375,-0.025390625,-0.05078125,0,0
1779556660.063797,-0.15234375,-0.015625,-0.041015625,0.68359375,-0.025390625,-0.052734375,0,0
1779556660.071871,-0.12890625,-0.015625,-0.041015625,0.68359375,-0.025390625,-0.052734375,0,0
1779556660.079863,-0.12890625,-0.015625,-0.041015625,0.68359375,-0.025390625,-0.06640625,0,0
1779556660.087820,-0.056640625,-0.015625,-0.041015625,0.68359375,-0.025390625,-0.06640625,0,0
1779556660.095793,-0.056640625,-0.015625,-0.041015625,0.68359375,-0.025390625,-0.087890625,0,0
1779556660.111792,-0.056640625,-0.015625,-0.041015625,0.68359375,-0.025390625,-0.095703125,0,0
1779556660.119845,-0.056640625,-0.021484375,0.0078125,0.68359375,-0.025390625,-0.095703125,0,0
1779556660.127847,-0.056640625,-0.021484375,0.0078125,0.48828125,0.03125,-0.099609375,0,0
1779556660.135786,-0.056640625,-0.015625,0.0234375,0.48828125,0.03125,-0.099609375,0,0
1779556660.143788,-0.056640625,-0.015625,0.0234375,0.251953125,0.046875,-0.0703125,0,0
1779556660.151818,-0.056640625,-0.021484375,0.02734375,0.251953125,0.046875,-0.0703125,0,0
1779556660.159852,-0.056640625,-0.021484375,0.02734375,0.138671875,0.025390625,-0.02734375,0,0
1779556660.167837,-0.056640625,-0.013671875,0.03515625,0.138671875,0.025390625,-0.02734375,0,0
1779556660.175807,-0.056640625,-0.013671875,0.03515625,0.119140625,0.025390625,-0.005859375,0,0
1779556660.183798,-0.056640625,-0.013671875,0.02734375,0.119140625,0.025390625,-0.005859375,0,0
1779556660.191791,-0.056640625,-0.013671875,0.02734375,0.109375,0.025390625,-0.005859375,0,0
1779556660.199790,-0.056640625,-0.013671875,0.01953125,0.109375,0.025390625,-0.005859375,0,0
1779556660.207794,-0.056640625,-0.013671875,0.01953125,0.087890625,0.025390625,-0.005859375,0,0
1779556660.215786,-0.056640625,-0.013671875,0.013671875,0.087890625,0.025390625,-0.005859375,0,0
1779556660.223788,-0.056640625,-0.013671875,0.013671875,0.05859375,0.025390625,-0.005859375,0,0
1779556660.247762,-0.056640625,-0.009765625,0.013671875,0.05859375,0.025390625,-0.005859375,0,0
1779556660.277809,0.0,0.0,0.0,0.0,0.0,0.0,0,0
1779556660.308832,0.0,0.0,0.0,0.0,0.0,0.0,0,0
1779556660.339791,0.0,0.0,0.0,0.0,0.0,0.0,0,0
1779556660.370758,0.0,0.0,0.0,0.0,0.0,0.0,0,0
1779556660.401802,0.0,0.0,0.0,0.0,0.0,0.0,0,0
1779556660.432816,0.0,0.0,0.0,0.0,0.0,0.0,0,0
1779556660.463814,0.0,0.0,0.0,0.0,0.0,0.0,0,0
1779556660.494792,0.0,0.0,0.0,0.0,0.0,0.0,0,0
1779556660.525741,0.0,0.0,0.0,0.0,0.0,0.0,0,0
1779556660.535776,0.0,-0.009765625,0.013671875,0.05859375,0.025390625,-0.005859375,0,0
1779556660.551797,-0.009765625,-0.009765625,0.013671875,0.05859375,0.025390625,-0.005859375,0,0
1779556660.567737,-0.015625,-0.009765625,0.013671875,0.05859375,0.025390625,-0.005859375,0,0
1779556660.583804,-0.017578125,-0.009765625,0.013671875,0.05859375,0.025390625,-0.005859375,0,0
1779556660.599769,-0.009765625,-0.009765625,0.013671875,0.05859375,0.025390625,-0.005859375,0,0
1779556660.615817,-0.00390625,-0.009765625,0.013671875,0.05859375,0.025390625,-0.005859375,0,0
1779556660.645831,0.0,0.0,0.0,0.0,0.0,0.0,0,0
1779556660.676785,0.0,0.0,0.0,0.0,0.0,0.0,0,0
1779556660.707762,0.0,0.0,0.0,0.0,0.0,0.0,0,0
1779556660.738755,0.0,0.0,0.0,0.0,0.0,0.0,0,0
1779556660.769745,0.0,0.0,0.0,0.0,0.0,0.0,0,0
1779556660.800734,0.0,0.0,0.0,0.0,0.0,0.0,0,0
1779556660.831737,0.0,0.0,0.0,0.0,0.0,0.0,0,0
1779556660.862759,0.0,0.0,0.0,0.0,0.0,0.0,0,0
1779556660.893775,0.0,0.0,0.0,0.0,0.0,0.0,0,0
1779556660.924837,0.0,0.0,0.0,0.0,0.0,0.0,0,0
1779556660.955761,0.0,0.0,0.0,0.0,0.0,0.0,0,0
1779556660.986802,0.0,0.0,0.0,0.0,0.0,0.0,0,0
1779556660.999823,-0.00390625,-0.009765625,-0.0078125,0.05859375,0.025390625,-0.005859375,0,0
1779556661.015829,0.009765625,0.005859375,-0.05078125,0.05859375,0.025390625,-0.005859375,0,0
1779556661.031810,0.02734375,0.025390625,-0.099609375,0.05859375,0.025390625,-0.005859375,0,0
1779556661.039796,0.02734375,0.025390625,-0.099609375,0.015625,0.025390625,-0.005859375,0,0
1779556661.047829,0.021484375,0.046875,-0.16796875,0.015625,0.025390625,-0.005859375,0,0
1779556661.055796,0.021484375,0.046875,-0.16796875,0.0390625,0.025390625,-0.005859375,0,0
1779556661.063782,0.021484375,0.04296875,-0.234375,0.0390625,0.025390625,-0.005859375,0,0
1779556661.071791,0.021484375,0.04296875,-0.234375,0.08203125,-0.056640625,-0.005859375,0,0
1779556661.079804,0.021484375,0.048828125,-0.26953125,0.08203125,-0.056640625,-0.005859375,0,0
1779556661.087800,0.021484375,0.048828125,-0.26953125,0.13671875,-0.0859375,-0.005859375,0,0
1779556661.095767,0.021484375,0.056640625,-0.298828125,0.13671875,-0.0859375,-0.005859375,0,0
1779556661.103770,0.021484375,0.056640625,-0.298828125,0.16796875,-0.1015625,-0.005859375,0,0
1779556661.111809,0.021484375,0.060546875,-0.32421875,0.16796875,-0.1015625,-0.005859375,0,0
1779556661.119800,0.021484375,0.060546875,-0.32421875,0.185546875,-0.115234375,-0.005859375,0,0
1779556661.127778,0.021484375,0.05859375,-0.345703125,0.185546875,-0.115234375,-0.005859375,0,0
1779556661.135788,0.021484375,0.05859375,-0.345703125,0.205078125,-0.12109375,-0.005859375,0,0
1779556661.143728,0.021484375,0.052734375,-0.361328125,0.205078125,-0.12109375,-0.005859375,0,0
1779556661.151730,0.021484375,0.052734375,-0.361328125,0.224609375,-0.130859375,-0.005859375,0,0
1779556661.159778,0.021484375,0.052734375,-0.369140625,0.224609375,-0.130859375,-0.005859375,0,0
1779556661.167846,0.021484375,0.052734375,-0.369140625,0.236328125,-0.134765625,-0.005859375,0,0
1779556661.175780,0.021484375,0.0546875,-0.375,0.236328125,-0.134765625,-0.005859375,0,0
1779556661.183819,0.021484375,0.0546875,-0.375,0.244140625,-0.146484375,-0.005859375,0,0
1779556661.191806,0.021484375,0.05078125,-0.373046875,0.244140625,-0.146484375,-0.005859375,0,0
1779556661.199745,0.021484375,0.05078125,-0.373046875,0.26171875,-0.15234375,-0.005859375,0,0
1779556661.207829,0.021484375,0.037109375,-0.373046875,0.26171875,-0.15234375,-0.005859375,0,0
1779556661.215803,0.021484375,0.037109375,-0.373046875,0.279296875,-0.15625,-0.005859375,0,0
1779556661.223747,0.021484375,0.02734375,-0.375,0.279296875,-0.15625,-0.005859375,0,0
1779556661.231739,0.021484375,0.02734375,-0.375,0.28515625,-0.15625,-0.005859375,0,0
1779556661.239814,0.021484375,0.017578125,-0.384765625,0.28515625,-0.15625,-0.005859375,0,0
1779556661.247788,0.021484375,0.017578125,-0.384765625,0.287109375,-0.15625,-0.005859375,0,0
1779556661.255834,0.021484375,0.0078125,-0.38671875,0.287109375,-0.15625,-0.005859375,0,0
1779556661.263784,0.021484375,0.0078125,-0.38671875,0.2890625,-0.158203125,-0.005859375,0,0
1779556661.271833,0.021484375,0.005859375,-0.38671875,0.2890625,-0.158203125,-0.005859375,0,0
1779556661.279838,0.021484375,0.005859375,-0.38671875,0.283203125,-0.158203125,-0.005859375,0,0
1779556661.287826,0.021484375,0.00390625,-0.3828125,0.283203125,-0.158203125,-0.005859375,0,0
1779556661.295788,0.021484375,0.00390625,-0.3828125,0.28515625,-0.15625,-0.005859375,0,0
1779556661.303821,0.021484375,0.00390625,-0.375,0.28515625,-0.15625,-0.005859375,0,0
1779556661.311767,0.021484375,0.00390625,-0.375,0.287109375,-0.150390625,-0.005859375,0,0
1779556661.319753,0.021484375,0.0,-0.369140625,0.287109375,-0.150390625,-0.005859375,0,0
1779556661.327754,0.021484375,0.0,-0.369140625,0.2890625,-0.1484375,-0.005859375,0,0
1779556661.335824,0.021484375,0.0,-0.36328125,0.2890625,-0.1484375,-0.005859375,0,0
1779556661.343812,0.021484375,0.0,-0.36328125,0.291015625,-0.14453125,-0.005859375,0,0
1779556661.351802,0.021484375,0.0,-0.36328125,0.291015625,-0.14453125,-0.005859375,0,0
1779556661.359782,0.021484375,0.0,-0.36328125,0.283203125,-0.138671875,-0.005859375,0,0
1779556661.367803,0.021484375,0.0,-0.359375,0.283203125,-0.138671875,-0.005859375,0,0
1779556661.375750,0.021484375,0.0,-0.359375,0.27734375,-0.13671875,-0.005859375,0,0
1779556661.383868,0.021484375,0.0,-0.357421875,0.27734375,-0.13671875,-0.005859375,0,0
1779556661.391787,0.021484375,0.0,-0.357421875,0.259765625,-0.12890625,-0.005859375,0,0
1779556661.399756,0.021484375,0.0,-0.35546875,0.259765625,-0.12890625,-0.005859375,0,0
1779556661.407802,0.021484375,0.0,-0.35546875,0.24609375,-0.125,-0.005859375,0,0
1779556661.415812,0.021484375,0.0,-0.3515625,0.24609375,-0.125,-0.005859375,0,0
1779556661.423786,0.021484375,0.0,-0.3515625,0.23828125,-0.119140625,-0.005859375,0,0
1779556661.431747,0.021484375,0.0,-0.341796875,0.23828125,-0.119140625,-0.005859375,0,0
1779556661.439825,0.021484375,0.0,-0.341796875,0.236328125,-0.1171875,-0.005859375,0,0
1779556661.447857,0.021484375,0.00390625,-0.328125,0.236328125,-0.1171875,-0.005859375,0,0
1779556661.455781,0.021484375,0.00390625,-0.328125,0.23046875,-0.115234375,-0.005859375,0,0
1779556661.463761,0.021484375,0.00390625,-0.31640625,0.23046875,-0.115234375,-0.005859375,0,0
1779556661.471778,0.021484375,0.00390625,-0.31640625,0.2265625,-0.109375,-0.005859375,0,0
1779556661.479769,0.021484375,0.0078125,-0.30078125,0.2265625,-0.109375,-0.005859375,0,0
1779556661.487782,0.021484375,0.0078125,-0.30078125,0.21875,-0.103515625,-0.005859375,0,0
1779556661.495789,0.021484375,0.01171875,-0.2890625,0.21875,-0.103515625,-0.005859375,0,0
1779556661.503870,0.021484375,0.01171875,-0.2890625,0.201171875,-0.09375,-0.005859375,0,0
1779556661.511772,0.021484375,0.013671875,-0.275390625,0.201171875,-0.09375,-0.005859375,0,0
1779556661.519778,0.021484375,0.013671875,-0.275390625,0.181640625,-0.0859375,-0.005859375,0,0
1779556661.527796,0.021484375,0.013671875,-0.25390625,0.181640625,-0.0859375,-0.005859375,0,0
1779556661.535806,0.021484375,0.013671875,-0.25390625,0.158203125,-0.080078125,-0.005859375,0,0
1779556661.543785,0.021484375,0.01171875,-0.22265625,0.158203125,-0.080078125,-0.005859375,0,0
1779556661.551799,0.021484375,0.01171875,-0.22265625,0.126953125,-0.060546875,-0.005859375,0,0
1779556661.559779,0.021484375,0.005859375,-0.1875,0.126953125,-0.060546875,-0.005859375,0,0
1779556661.567746,0.021484375,0.005859375,-0.1875,0.099609375,-0.037109375,-0.005859375,0,0
1779556661.575803,0.021484375,0.0078125,-0.158203125,0.099609375,-0.037109375,-0.005859375,0,0
1779556661.583803,0.021484375,0.0078125,-0.158203125,0.08203125,-0.01953125,-0.005859375,0,0
1779556661.591833,0.021484375,0.0078125,-0.13671875,0.08203125,-0.01953125,-0.005859375,0,0
1779556661.599809,0.021484375,0.0078125,-0.13671875,0.083984375,-0.009765625,-0.005859375,0,0
1779556661.607757,0.021484375,0.0078125,-0.1328125,0.083984375,-0.009765625,-0.005859375,0,0
1779556661.615806,0.021484375,0.0078125,-0.1328125,0.080078125,-0.009765625,-0.005859375,0,0
1779556661.623813,0.021484375,0.0078125,-0.126953125,0.080078125,-0.009765625,-0.005859375,0,0
1779556661.631774,0.021484375,0.0078125,-0.126953125,0.080078125,-0.005859375,-0.005859375,0,0
1779556661.639795,0.021484375,0.0078125,-0.126953125,0.080078125,-0.005859375,-0.005859375,0,0
1779556661.647754,0.021484375,0.0078125,-0.126953125,0.08203125,-0.005859375,-0.005859375,0,0
1779556661.655764,0.021484375,0.0078125,-0.125,0.08203125,-0.005859375,-0.005859375,0,0
1779556661.663737,0.021484375,0.0078125,-0.125,0.08203125,-0.005859375,-0.005859375,0,0
1779556661.671778,0.021484375,0.00390625,-0.126953125,0.08203125,-0.005859375,-0.005859375,0,0
1779556661.679831,0.021484375,0.00390625,-0.126953125,0.07421875,-0.005859375,-0.005859375,0,0
1779556661.687774,0.021484375,0.00390625,-0.130859375,0.07421875,-0.005859375,-0.005859375,0,0
1779556661.695797,0.021484375,0.00390625,-0.130859375,0.0703125,-0.005859375,-0.005859375,0,0
1779556661.703835,0.021484375,0.00390625,-0.130859375,0.0703125,-0.005859375,-0.005859375,0,0
1779556661.711816,0.021484375,0.00390625,-0.130859375,0.068359375,-0.005859375,-0.005859375,0,0
1779556661.719790,0.021484375,0.0078125,-0.126953125,0.068359375,-0.005859375,-0.005859375,0,0
1779556661.727777,0.021484375,0.0078125,-0.126953125,0.068359375,-0.005859375,-0.005859375,0,0
1779556661.735820,0.021484375,0.0078125,-0.12109375,0.068359375,-0.005859375,-0.005859375,0,0
1779556661.743864,0.021484375,0.0078125,-0.12109375,0.068359375,-0.005859375,-0.005859375,0,0
1779556661.751832,0.021484375,0.0078125,-0.115234375,0.068359375,-0.005859375,-0.005859375,0,0
1779556661.759804,0.021484375,0.0078125,-0.115234375,0.0625,-0.005859375,-0.005859375,0,0
1779556661.767808,0.021484375,0.005859375,-0.115234375,0.0625,-0.005859375,-0.005859375,0,0
1779556661.775805,0.021484375,0.005859375,-0.115234375,0.0625,-0.005859375,-0.005859375,0,0
1779556661.783815,0.021484375,0.005859375,-0.115234375,0.0625,-0.005859375,-0.005859375,0,0
1779556661.791822,0.021484375,0.005859375,-0.115234375,0.056640625,-0.005859375,-0.005859375,0,0
1779556661.799847,0.021484375,0.0078125,-0.115234375,0.056640625,-0.005859375,-0.005859375,0,0
1779556661.807809,0.021484375,0.0078125,-0.115234375,0.0546875,-0.005859375,-0.005859375,0,0
1779556661.815777,0.021484375,0.0078125,-0.115234375,0.0546875,-0.005859375,-0.005859375,0,0
1779556661.823845,0.021484375,0.0078125,-0.115234375,0.048828125,-0.005859375,-0.005859375,0,0
1779556661.831828,0.021484375,0.00390625,-0.11328125,0.048828125,-0.005859375,-0.005859375,0,0
1779556661.839852,0.021484375,0.00390625,-0.11328125,0.044921875,-0.005859375,-0.005859375,0,0
1779556661.847790,0.021484375,0.00390625,-0.111328125,0.044921875,-0.005859375,-0.005859375,0,0
1779556661.855817,0.021484375,0.00390625,-0.111328125,0.037109375,-0.005859375,-0.005859375,0,0
1779556661.863798,0.021484375,0.00390625,-0.109375,0.037109375,-0.005859375,-0.005859375,0,0
1779556661.871830,0.021484375,0.00390625,-0.109375,0.025390625,-0.005859375,-0.005859375,0,0
1779556661.879807,0.021484375,0.00390625,-0.09375,0.025390625,-0.005859375,-0.005859375,0,0
1779556661.887765,0.021484375,0.00390625,-0.09375,0.0078125,-0.005859375,-0.005859375,0,0
1779556661.895726,0.021484375,0.00390625,-0.080078125,0.0078125,-0.005859375,-0.005859375,0,0
1779556661.911854,0.021484375,0.00390625,-0.068359375,0.0078125,-0.005859375,-0.005859375,0,0
1779556661.927780,0.021484375,0.00390625,-0.056640625,0.0078125,-0.005859375,-0.005859375,0,0
1779556661.943806,0.021484375,0.00390625,-0.041015625,0.0078125,-0.005859375,-0.005859375,0,0
1779556661.959831,0.021484375,0.00390625,-0.03125,0.0078125,-0.005859375,-0.005859375,0,0
1779556661.975831,0.021484375,0.00390625,-0.01953125,0.0078125,-0.005859375,-0.005859375,0,0
1779556661.991785,0.021484375,0.00390625,-0.01171875,0.0078125,-0.005859375,-0.005859375,0,0
1779556662.007802,0.021484375,0.00390625,-0.0078125,0.0078125,-0.005859375,-0.005859375,0,0
1779556662.023809,0.021484375,0.00390625,0.0,0.0078125,-0.005859375,-0.005859375,0,0
1779556662.031807,0.021484375,0.00390625,0.0,0.0,-0.005859375,-0.005859375,0,0
1779556662.061762,0.0,0.0,0.0,0.0,0.0,0.0,0,0
1779556662.071797,0.021484375,0.00390625,-0.0078125,0.0,-0.005859375,-0.005859375,0,0
1779556662.079734,0.021484375,0.00390625,-0.0078125,-0.01171875,-0.005859375,-0.005859375,0,0
1779556662.087809,0.021484375,0.0,-0.03515625,-0.01171875,-0.005859375,-0.005859375,0,0
1779556662.095783,0.021484375,0.0,-0.03515625,-0.013671875,0.0,-0.005859375,0,0
1779556662.103810,0.021484375,0.013671875,-0.048828125,-0.013671875,0.0,-0.005859375,0,0
1779556662.111775,0.021484375,0.013671875,-0.048828125,-0.009765625,-0.009765625,-0.005859375,0,0
1779556662.119775,-0.00390625,0.009765625,-0.048828125,-0.009765625,-0.009765625,-0.005859375,0,0
1779556662.127762,-0.00390625,0.009765625,-0.048828125,-0.009765625,-0.01171875,-0.005859375,0,0
1779556662.135794,0.0,0.0078125,-0.048828125,-0.009765625,-0.01171875,-0.005859375,0,0
1779556662.143816,0.0,0.0078125,-0.048828125,-0.009765625,-0.009765625,-0.005859375,0,0
1779556662.151808,0.0,0.0078125,-0.044921875,-0.009765625,-0.009765625,-0.005859375,0,0
1779556662.159739,0.0,0.0078125,-0.044921875,-0.009765625,-0.005859375,-0.005859375,0,0
1779556662.167777,0.0,0.0078125,-0.02734375,-0.009765625,-0.005859375,-0.005859375,0,0
1779556662.197780,0.0,0.0,0.0,0.0,0.0,0.0,0,0
1779556662.228784,0.0,0.0,0.0,0.0,0.0,0.0,0,0
1779556662.259827,0.0,0.0,0.0,0.0,0.0,0.0,0,0
1779556662.290835,0.0,0.0,0.0,0.0,0.0,0.0,0,0
1779556662.321831,0.0,0.0,0.0,0.0,0.0,0.0,0,0
1779556662.352816,0.0,0.0,0.0,0.0,0.0,0.0,0,0
1779556662.383766,0.0,0.0,0.0,0.0,0.0,0.0,0,0
1779556662.414777,0.0,0.0,0.0,0.0,0.0,0.0,0,0
1779556662.445801,0.0,0.0,0.0,0.0,0.0,0.0,0,0
1779556662.476784,0.0,0.0,0.0,0.0,0.0,0.0,0,0
1779556662.507761,0.0,0.0,0.0,0.0,0.0,0.0,0,0
1779556662.538838,0.0,0.0,0.0,0.0,0.0,0.0,0,0
1779556662.569815,0.0,0.0,0.0,0.0,0.0,0.0,0,0
1779556662.600806,0.0,0.0,0.0,0.0,0.0,0.0,0,0
1779556662.631747,0.0,0.0,0.0,0.0,0.0,0.0,0,0
1779556662.662778,0.0,0.0,0.0,0.0,0.0,0.0,0,0
1779556662.693731,0.0,0.0,0.0,0.0,0.0,0.0,0,0
1779556662.724754,0.0,0.0,0.0,0.0,0.0,0.0,0,0
1779556662.755767,0.0,0.0,0.0,0.0,0.0,0.0,0,0
1779556662.786823,0.0,0.0,0.0,0.0,0.0,0.0,0,0
1779556662.817806,0.0,0.0,0.0,0.0,0.0,0.0,0,0
1779556662.848809,0.0,0.0,0.0,0.0,0.0,0.0,0,0
1779556662.879812,0.0,0.0,0.0,0.0,0.0,0.0,0,0
1779556662.910802,0.0,0.0,0.0,0.0,0.0,0.0,0,0
1779556662.941792,0.0,0.0,0.0,0.0,0.0,0.0,0,0
1779556662.972801,0.0,0.0,0.0,0.0,0.0,0.0,0,0
1779556663.003804,0.0,0.0,0.0,0.0,0.0,0.0,0,0
1779556663.034781,0.0,0.0,0.0,0.0,0.0,0.0,0,0
1779556663.065762,0.0,0.0,0.0,0.0,0.0,0.0,0,0
1779556663.096745,0.0,0.0,0.0,0.0,0.0,0.0,0,0
1779556663.127755,0.0,0.0,0.0,0.0,0.0,0.0,0,0
1779556663.158724,0.0,0.0,0.0,0.0,0.0,0.0,0,0
1779556663.189860,0.0,0.0,0.0,0.0,0.0,0.0,0,0
1779556663.220820,0.0,0.0,0.0,0.0,0.0,0.0,0,0
1779556663.251794,0.0,0.0,0.0,0.0,0.0,0.0,0,0
1779556663.282811,0.0,0.0,0.0,0.0,0.0,0.0,0,0
1779556663.313777,0.0,0.0,0.0,0.0,0.0,0.0,0,0
1779556663.344856,0.0,0.0,0.0,0.0,0.0,0.0,0,0
1779556663.375823,0.0,0.0,0.0,0.0,0.0,0.0,0,0
1779556663.406831,0.0,0.0,0.0,0.0,0.0,0.0,0,0
1779556663.437815,0.0,0.0,0.0,0.0,0.0,0.0,0,0
1779556663.468736,0.0,0.0,0.0,0.0,0.0,0.0,0,0
1779556663.499773,0.0,0.0,0.0,0.0,0.0,0.0,0,0
1779556663.530778,0.0,0.0,0.0,0.0,0.0,0.0,1,0
1779556663.561725,0.0,0.0,0.0,0.0,0.0,0.0,1,0
1779556663.592777,0.0,0.0,0.0,0.0,0.0,0.0,1,0
1779556663.623847,0.0,0.0,0.0,0.0,0.0,0.0,1,0
1779556663.654762,0.0,0.0,0.0,0.0,0.0,0.0,0,0
1779556663.685781,0.0,0.0,0.0,0.0,0.0,0.0,0,0
1779556663.716793,0.0,0.0,0.0,0.0,0.0,0.0,0,0
1779556663.747831,0.0,0.0,0.0,0.0,0.0,0.0,0,0
1779556663.778835,0.0,0.0,0.0,0.0,0.0,0.0,0,0
1779556663.809790,0.0,0.0,0.0,0.0,0.0,0.0,0,0
1779556663.840831,0.0,0.0,0.0,0.0,0.0,0.0,0,0
1779556663.871746,0.0,0.0,0.0,0.0,0.0,0.0,0,0
1779556663.902844,0.0,0.0,0.0,0.0,0.0,0.0,0,0
1779556663.933830,0.0,0.0,0.0,0.0,0.0,0.0,0,0
1779556663.964807,0.0,0.0,0.0,0.0,0.0,0.0,0,0
1779556663.995838,0.0,0.0,0.0,0.0,0.0,0.0,0,0
1779556664.026816,0.0,0.0,0.0,0.0,0.0,0.0,0,0
1779556664.057812,0.0,0.0,0.0,0.0,0.0,0.0,0,0
1779556664.088799,0.0,0.0,0.0,0.0,0.0,0.0,0,0
1779556664.119797,0.0,0.0,0.0,0.0,0.0,0.0,0,0
1779556664.150838,0.0,0.0,0.0,0.0,0.0,0.0,0,0
1779556664.181788,0.0,0.0,0.0,0.0,0.0,0.0,0,0
1779556664.212779,0.0,0.0,0.0,0.0,0.0,0.0,0,0
1779556664.243775,0.0,0.0,0.0,0.0,0.0,0.0,0,0
1779556664.274768,0.0,0.0,0.0,0.0,0.0,0.0,0,0
1779556664.305789,0.0,0.0,0.0,0.0,0.0,0.0,0,0
1779556664.336776,0.0,0.0,0.0,0.0,0.0,0.0,0,0
1779556664.367823,0.0,0.0,0.0,0.0,0.0,0.0,0,0
1779556664.398811,0.0,0.0,0.0,0.0,0.0,0.0,0,0
1779556664.429733,0.0,0.0,0.0,0.0,0.0,0.0,0,0
1779556664.460780,0.0,0.0,0.0,0.0,0.0,0.0,0,0
1779556664.491841,0.0,0.0,0.0,0.0,0.0,0.0,0,0
1779556664.522812,0.0,0.0,0.0,0.0,0.0,0.0,0,0
1779556664.553837,0.0,0.0,0.0,0.0,0.0,0.0,0,0
1779556664.584768,0.0,0.0,0.0,0.0,0.0,0.0,0,0
1779556664.615772,0.0,0.0,0.0,0.0,0.0,0.0,0,0
1779556664.646763,0.0,0.0,0.0,0.0,0.0,0.0,0,0
1779556664.677772,0.0,0.0,0.0,0.0,0.0,0.0,0,0
1779556664.708759,0.0,0.0,0.0,0.0,0.0,0.0,0,0
1779556664.739784,0.0,0.0,0.0,0.0,0.0,0.0,0,0
1779556664.770794,0.0,0.0,0.0,0.0,0.0,0.0,0,0
1779556664.801722,0.0,0.0,0.0,0.0,0.0,0.0,0,0
1779556664.832805,0.0,0.0,0.0,0.0,0.0,0.0,0,0
1779556664.863855,0.0,0.0,0.0,0.0,0.0,0.0,0,0
1779556664.894824,0.0,0.0,0.0,0.0,0.0,0.0,0,0
1779556664.925766,0.0,0.0,0.0,0.0,0.0,0.0,0,0
1779556664.956814,0.0,0.0,0.0,0.0,0.0,0.0,0,0
1779556664.987779,0.0,0.0,0.0,0.0,0.0,0.0,0,0
1779556665.018780,0.0,0.0,0.0,0.0,0.0,0.0,0,0
1779556665.049783,0.0,0.0,0.0,0.0,0.0,0.0,0,0
1779556665.080818,0.0,0.0,0.0,0.0,0.0,0.0,0,0
1779556665.111814,0.0,0.0,0.0,0.0,0.0,0.0,0,0
1779556665.142857,0.0,0.0,0.0,0.0,0.0,0.0,0,0
1779556665.173837,0.0,0.0,0.0,0.0,0.0,0.0,0,0
1779556665.204756,0.0,0.0,0.0,0.0,0.0,0.0,0,0
1779556665.235782,0.0,0.0,0.0,0.0,0.0,0.0,0,0
1779556665.266778,0.0,0.0,0.0,0.0,0.0,0.0,0,0
1779556665.297802,0.0,0.0,0.0,0.0,0.0,0.0,0,0
1779556665.328848,0.0,0.0,0.0,0.0,0.0,0.0,0,0
1779556665.359732,0.0,0.0,0.0,0.0,0.0,0.0,0,0
1779556665.390737,0.0,0.0,0.0,0.0,0.0,0.0,0,0
1779556665.421770,0.0,0.0,0.0,0.0,0.0,0.0,0,0
1779556665.452808,0.0,0.0,0.0,0.0,0.0,0.0,0,0
1779556665.483792,0.0,0.0,0.0,0.0,0.0,0.0,0,0
1779556665.514801,0.0,0.0,0.0,0.0,0.0,0.0,0,0
1779556665.545789,0.0,0.0,0.0,0.0,0.0,0.0,0,0
1779556665.576862,0.0,0.0,0.0,0.0,0.0,0.0,0,0
1779556665.607788,0.0,0.0,0.0,0.0,0.0,0.0,0,0
1779556665.638813,0.0,0.0,0.0,0.0,0.0,0.0,0,0
1779556665.669818,0.0,0.0,0.0,0.0,0.0,0.0,0,0
1779556665.700811,0.0,0.0,0.0,0.0,0.0,0.0,0,0
1779556665.731821,0.0,0.0,0.0,0.0,0.0,0.0,0,0
1779556665.762784,0.0,0.0,0.0,0.0,0.0,0.0,0,0
1779556665.793780,0.0,0.0,0.0,0.0,0.0,0.0,0,0
1779556665.824798,0.0,0.0,0.0,0.0,0.0,0.0,0,0
1779556665.855849,0.0,0.0,0.0,0.0,0.0,0.0,0,0
1779556665.886777,0.0,0.0,0.0,0.0,0.0,0.0,0,0
1779556665.917783,0.0,0.0,0.0,0.0,0.0,0.0,0,0
1779556665.948840,0.0,0.0,0.0,0.0,0.0,0.0,0,0
1779556665.979841,0.0,0.0,0.0,0.0,0.0,0.0,0,0
1779556666.010812,0.0,0.0,0.0,0.0,0.0,0.0,0,0
1779556666.041833,0.0,0.0,0.0,0.0,0.0,0.0,0,0
1779556666.072776,0.0,0.0,0.0,0.0,0.0,0.0,0,0
1779556666.103783,0.0,0.0,0.0,0.0,0.0,0.0,0,0
1779556666.134786,0.0,0.0,0.0,0.0,0.0,0.0,0,0
1779556666.165842,0.0,0.0,0.0,0.0,0.0,0.0,0,0
1779556666.196842,0.0,0.0,0.0,0.0,0.0,0.0,0,0
1779556666.227793,0.0,0.0,0.0,0.0,0.0,0.0,0,0
1779556666.258780,0.0,0.0,0.0,0.0,0.0,0.0,0,0
1779556666.289809,0.0,0.0,0.0,0.0,0.0,0.0,0,0
1779556666.320798,0.0,0.0,0.0,0.0,0.0,0.0,0,0
1779556666.351800,0.0,0.0,0.0,0.0,0.0,0.0,0,0
1779556666.382787,0.0,0.0,0.0,0.0,0.0,0.0,0,0
1779556666.413826,0.0,0.0,0.0,0.0,0.0,0.0,0,0
1779556666.444762,0.0,0.0,0.0,0.0,0.0,0.0,0,0
1779556666.475850,0.0,0.0,0.0,0.0,0.0,0.0,0,0
1779556666.506862,0.0,0.0,0.0,0.0,0.0,0.0,0,0
1779556666.537793,0.0,0.0,0.0,0.0,0.0,0.0,0,0
1779556666.568744,0.0,0.0,0.0,0.0,0.0,0.0,0,0
1779556666.599797,0.0,0.0,0.0,0.0,0.0,0.0,0,0
1779556666.630748,0.0,0.0,0.0,0.0,0.0,0.0,0,0
1779556666.661795,0.0,0.0,0.0,0.0,0.0,0.0,0,0
1779556666.692833,0.0,0.0,0.0,0.0,0.0,0.0,0,0
1779556666.723832,0.0,0.0,0.0,0.0,0.0,0.0,0,0
1779556666.754869,0.0,0.0,0.0,0.0,0.0,0.0,0,0
1779556666.785817,0.0,0.0,0.0,0.0,0.0,0.0,0,0
1779556666.816870,0.0,0.0,0.0,0.0,0.0,0.0,0,0
1779556666.847818,0.0,0.0,0.0,0.0,0.0,0.0,0,0
1779556666.878807,0.0,0.0,0.0,0.0,0.0,0.0,0,0
1779556666.909768,0.0,0.0,0.0,0.0,0.0,0.0,0,0
1779556666.940816,0.0,0.0,0.0,0.0,0.0,0.0,0,0
1779556666.951828,0.0,0.0078125,-0.02734375,0.00390625,-0.005859375,-0.005859375,0,0
1779556666.967801,0.0,0.0078125,-0.02734375,0.01953125,-0.005859375,-0.005859375,0,0
1779556666.975855,0.0,-0.009765625,-0.02734375,0.01953125,-0.005859375,-0.005859375,0,0
1779556666.983795,0.0,-0.009765625,-0.02734375,0.04296875,-0.005859375,-0.005859375,0,0
1779556666.991790,0.0,-0.02734375,-0.02734375,0.04296875,-0.005859375,-0.005859375,0,0
1779556666.999783,0.0,-0.02734375,-0.02734375,0.07421875,-0.005859375,-0.005859375,0,0
1779556667.007881,0.0,-0.03125,-0.02734375,0.07421875,-0.005859375,-0.005859375,0,0
1779556667.015786,0.0,-0.03125,-0.02734375,0.095703125,-0.005859375,-0.005859375,0,0
1779556667.023808,0.0,-0.041015625,-0.02734375,0.095703125,-0.005859375,-0.005859375,0,0
1779556667.031805,0.0,-0.041015625,-0.02734375,0.087890625,-0.005859375,-0.005859375,0,0
1779556667.039805,0.0,-0.04296875,-0.02734375,0.087890625,-0.005859375,-0.005859375,0,0
1779556667.047759,0.0,-0.04296875,-0.02734375,0.06640625,-0.005859375,-0.005859375,0,0
1779556667.055845,0.0,-0.029296875,-0.02734375,0.06640625,-0.005859375,-0.005859375,0,0
1779556667.063818,0.0,-0.029296875,-0.02734375,0.05078125,-0.005859375,-0.005859375,0,0
1779556667.071814,0.0,-0.046875,0.03125,0.05078125,-0.005859375,-0.005859375,0,0
1779556667.079811,0.0,-0.046875,0.03125,0.06640625,-0.005859375,-0.005859375,0,0
1779556667.087795,0.02734375,-0.080078125,0.083984375,0.06640625,-0.005859375,-0.005859375,0,0
1779556667.095730,0.02734375,-0.080078125,0.083984375,0.0859375,-0.005859375,-0.005859375,0,0
1779556667.103775,0.0546875,-0.087890625,0.142578125,0.0859375,-0.005859375,-0.005859375,0,0
1779556667.111805,0.0546875,-0.087890625,0.142578125,0.130859375,-0.005859375,-0.005859375,0,0
1779556667.119821,0.0703125,-0.080078125,0.19140625,0.130859375,-0.005859375,-0.005859375,0,0
1779556667.127756,0.0703125,-0.080078125,0.19140625,0.171875,0.00390625,-0.005859375,0,0
1779556667.135803,0.076171875,-0.087890625,0.25390625,0.171875,0.00390625,-0.005859375,0,0
1779556667.143773,0.076171875,-0.087890625,0.25390625,0.21875,0.00390625,0.0,0,0
1779556667.151773,0.076171875,-0.095703125,0.287109375,0.21875,0.00390625,0.0,0,0
1779556667.159813,0.076171875,-0.095703125,0.287109375,0.2265625,0.00390625,0.0,0,0
1779556667.167779,0.076171875,-0.09765625,0.302734375,0.2265625,0.00390625,0.0,0,0
1779556667.175817,0.076171875,-0.09765625,0.302734375,0.201171875,0.0078125,0.0,0,0
1779556667.183814,0.08984375,-0.095703125,0.3359375,0.201171875,0.0078125,0.0,0,0
1779556667.191816,0.08984375,-0.095703125,0.3359375,0.166015625,0.025390625,0.0,0,0
1779556667.199841,0.109375,-0.091796875,0.390625,0.166015625,0.025390625,0.0,0,0
1779556667.207884,0.109375,-0.091796875,0.390625,0.140625,0.052734375,0.0,0,0
1779556667.215768,0.123046875,-0.08984375,0.4609375,0.140625,0.052734375,0.0,0,0
1779556667.223775,0.123046875,-0.08984375,0.4609375,0.13671875,0.068359375,0.0,0,0
1779556667.231823,0.130859375,-0.09375,0.5078125,0.13671875,0.068359375,0.0,0,0
1779556667.239837,0.130859375,-0.09375,0.5078125,0.146484375,0.07421875,0.0,0,0
1779556667.247808,0.130859375,-0.107421875,0.537109375,0.146484375,0.07421875,0.0,0,0
1779556667.255790,0.130859375,-0.107421875,0.537109375,0.154296875,0.078125,0.0,0,0
1779556667.263774,0.12890625,-0.1171875,0.552734375,0.154296875,0.078125,0.0,0,0
1779556667.271812,0.12890625,-0.1171875,0.552734375,0.154296875,0.078125,0.0,0,0
1779556667.279796,0.126953125,-0.125,0.560546875,0.154296875,0.078125,0.0,0,0
1779556667.287834,0.126953125,-0.125,0.560546875,0.150390625,0.080078125,0.0,0,0
1779556667.295820,0.130859375,-0.12890625,0.580078125,0.150390625,0.080078125,0.0,0,0
1779556667.303871,0.130859375,-0.12890625,0.580078125,0.14453125,0.08203125,0.0,0,0
1779556667.311782,0.142578125,-0.134765625,0.61328125,0.14453125,0.08203125,0.0,0,0
1779556667.319820,0.142578125,-0.134765625,0.61328125,0.142578125,0.09375,0.0,0,0
1779556667.327814,0.150390625,-0.13671875,0.646484375,0.142578125,0.09375,0.0,0,0
1779556667.335767,0.150390625,-0.13671875,0.646484375,0.154296875,0.1015625,0.0,0,0
1779556667.343760,0.154296875,-0.150390625,0.640625,0.154296875,0.1015625,0.0,0,0
1779556667.351763,0.154296875,-0.150390625,0.640625,0.1640625,0.09765625,0.0,0,0
1779556667.359837,0.14453125,-0.154296875,0.634765625,0.1640625,0.09765625,0.0,0,0
1779556667.367805,0.14453125,-0.154296875,0.634765625,0.169921875,0.0859375,0.0,0,0
1779556667.375810,0.140625,-0.15625,0.634765625,0.169921875,0.0859375,0.0,0,0
1779556667.383809,0.140625,-0.15625,0.634765625,0.17578125,0.078125,-0.00390625,0,0
1779556667.391809,0.13671875,-0.158203125,0.6328125,0.17578125,0.078125,-0.00390625,0,0
1779556667.399800,0.13671875,-0.158203125,0.6328125,0.17578125,0.076171875,-0.009765625,0,0
1779556667.407815,0.134765625,-0.16015625,0.63671875,0.17578125,0.076171875,-0.009765625,0,0
1779556667.415820,0.134765625,-0.16015625,0.63671875,0.169921875,0.080078125,-0.009765625,0,0
1779556667.423801,0.13671875,-0.1640625,0.640625,0.169921875,0.080078125,-0.009765625,0,0
1779556667.431805,0.13671875,-0.1640625,0.640625,0.166015625,0.08203125,-0.009765625,0,0
1779556667.439810,0.130859375,-0.1640625,0.640625,0.166015625,0.08203125,-0.009765625,0,0
1779556667.447853,0.130859375,-0.1640625,0.640625,0.166015625,0.076171875,-0.013671875,0,0
1779556667.455812,0.11328125,-0.1640625,0.646484375,0.166015625,0.076171875,-0.013671875,0,0
1779556667.463826,0.11328125,-0.1640625,0.646484375,0.1640625,0.072265625,-0.021484375,0,0
1779556667.471866,0.10546875,-0.158203125,0.646484375,0.1640625,0.072265625,-0.021484375,0,0
1779556667.479804,0.10546875,-0.158203125,0.646484375,0.166015625,0.0703125,-0.029296875,0,0
1779556667.487802,0.1015625,-0.15625,0.646484375,0.166015625,0.0703125,-0.029296875,0,0
1779556667.495811,0.1015625,-0.15625,0.646484375,0.166015625,0.068359375,-0.03515625,0,0
1779556667.503849,0.09765625,-0.158203125,0.646484375,0.166015625,0.068359375,-0.03515625,0,0
1779556667.511831,0.09765625,-0.158203125,0.646484375,0.166015625,0.068359375,-0.037109375,0,0
1779556667.519816,0.09375,-0.15625,0.646484375,0.166015625,0.068359375,-0.037109375,0,0
1779556667.527815,0.09375,-0.15625,0.646484375,0.1640625,0.068359375,-0.041015625,0,0
1779556667.535769,0.091796875,-0.15234375,0.650390625,0.1640625,0.068359375,-0.041015625,0,0
1779556667.543801,0.091796875,-0.15234375,0.650390625,0.162109375,0.068359375,-0.046875,0,0
1779556667.551778,0.091796875,-0.1484375,0.650390625,0.162109375,0.068359375,-0.046875,0,0
1779556667.559818,0.091796875,-0.1484375,0.650390625,0.166015625,0.06640625,-0.05078125,0,0
1779556667.567823,0.091796875,-0.142578125,0.650390625,0.166015625,0.06640625,-0.05078125,0,0
1779556667.575766,0.091796875,-0.142578125,0.650390625,0.162109375,0.06640625,-0.052734375,0,0
1779556667.583847,0.09375,-0.142578125,0.650390625,0.162109375,0.06640625,-0.052734375,0,0
1779556667.591760,0.09375,-0.142578125,0.650390625,0.162109375,0.064453125,-0.0546875,0,0
1779556667.599760,0.09765625,-0.150390625,0.646484375,0.162109375,0.064453125,-0.0546875,0,0
1779556667.607806,0.09765625,-0.150390625,0.646484375,0.166015625,0.060546875,-0.05859375,0,0
1779556667.615783,0.1015625,-0.154296875,0.64453125,0.166015625,0.060546875,-0.05859375,0,0
1779556667.623786,0.1015625,-0.154296875,0.64453125,0.16796875,0.060546875,-0.060546875,0,0
1779556667.631790,0.10546875,-0.154296875,0.64453125,0.16796875,0.060546875,-0.060546875,0,0
1779556667.639755,0.10546875,-0.154296875,0.64453125,0.16796875,0.060546875,-0.060546875,0,0
1779556667.647811,0.10546875,-0.158203125,0.64453125,0.16796875,0.060546875,-0.060546875,0,0
1779556667.655765,0.10546875,-0.158203125,0.64453125,0.169921875,0.060546875,-0.060546875,0,0
1779556667.663827,0.103515625,-0.158203125,0.64453125,0.169921875,0.060546875,-0.060546875,0,0
1779556667.671752,0.103515625,-0.158203125,0.64453125,0.16796875,0.05859375,-0.064453125,0,0
1779556667.679790,0.103515625,-0.158203125,0.64453125,0.16796875,0.05859375,-0.064453125,0,0
1779556667.687779,0.103515625,-0.158203125,0.64453125,0.166015625,0.05859375,-0.06640625,0,0
1779556667.695876,0.103515625,-0.158203125,0.646484375,0.166015625,0.05859375,-0.06640625,0,0
1779556667.703784,0.103515625,-0.158203125,0.646484375,0.166015625,0.05859375,-0.064453125,0,0
1779556667.711818,0.107421875,-0.158203125,0.6484375,0.166015625,0.05859375,-0.064453125,0,0
1779556667.719823,0.107421875,-0.158203125,0.6484375,0.1640625,0.060546875,-0.05859375,0,0
1779556667.727813,0.111328125,-0.16015625,0.650390625,0.1640625,0.060546875,-0.05859375,0,0
1779556667.735798,0.111328125,-0.16015625,0.650390625,0.158203125,0.064453125,-0.0546875,0,0
1779556667.743771,0.11328125,-0.16015625,0.65234375,0.158203125,0.064453125,-0.0546875,0,0
1779556667.751763,0.11328125,-0.16015625,0.65234375,0.158203125,0.064453125,-0.052734375,0,0
1779556667.759781,0.111328125,-0.162109375,0.654296875,0.158203125,0.064453125,-0.052734375,0,0
1779556667.767762,0.111328125,-0.162109375,0.654296875,0.15625,0.0625,-0.0546875,0,0
1779556667.775800,0.111328125,-0.154296875,0.65625,0.15625,0.0625,-0.0546875,0,0
1779556667.783765,0.111328125,-0.154296875,0.65625,0.154296875,0.0625,-0.060546875,0,0
1779556667.791780,0.111328125,-0.154296875,0.642578125,0.154296875,0.0625,-0.060546875,0,0
1779556667.799820,0.111328125,-0.154296875,0.642578125,0.150390625,0.060546875,-0.064453125,0,0
1779556667.807855,0.109375,-0.15625,0.638671875,0.150390625,0.060546875,-0.064453125,0,0
1779556667.815794,0.109375,-0.15625,0.638671875,0.1484375,0.060546875,-0.06640625,0,0
1779556667.823805,0.1171875,-0.16015625,0.642578125,0.1484375,0.060546875,-0.06640625,0,0
1779556667.831780,0.1171875,-0.16015625,0.642578125,0.14453125,0.064453125,-0.06640625,0,0
1779556667.839789,0.12890625,-0.16796875,0.642578125,0.14453125,0.064453125,-0.06640625,0,0
1779556667.847780,0.12890625,-0.16796875,0.642578125,0.140625,0.068359375,-0.06640625,0,0
1779556667.855834,0.134765625,-0.171875,0.638671875,0.140625,0.068359375,-0.06640625,0,0
1779556667.863805,0.134765625,-0.171875,0.638671875,0.13671875,0.0703125,-0.06640625,0,0
1779556667.871740,0.126953125,-0.166015625,0.62890625,0.13671875,0.0703125,-0.06640625,0,0
1779556667.879847,0.126953125,-0.166015625,0.62890625,0.1328125,0.0703125,-0.0625,0,0
1779556667.887824,0.11328125,-0.16015625,0.62109375,0.1328125,0.0703125,-0.0625,0,0
1779556667.895779,0.11328125,-0.16015625,0.62109375,0.134765625,0.064453125,-0.0625,0,0
1779556667.903773,0.109375,-0.150390625,0.62109375,0.134765625,0.064453125,-0.0625,0,0
1779556667.911770,0.109375,-0.150390625,0.62109375,0.134765625,0.060546875,-0.064453125,0,0
1779556667.919796,0.115234375,-0.14453125,0.6171875,0.134765625,0.060546875,-0.064453125,0,0
1779556667.927800,0.115234375,-0.14453125,0.6171875,0.1328125,0.0625,-0.06640625,0,0
1779556667.935809,0.119140625,-0.146484375,0.611328125,0.1328125,0.0625,-0.06640625,0,0
1779556667.943835,0.119140625,-0.146484375,0.611328125,0.1328125,0.0625,-0.064453125,0,0
1779556667.951820,0.123046875,-0.150390625,0.609375,0.1328125,0.0625,-0.064453125,0,0
1779556667.959779,0.123046875,-0.150390625,0.609375,0.1328125,0.064453125,-0.064453125,0,0
1779556667.967786,0.1171875,-0.150390625,0.609375,0.1328125,0.064453125,-0.064453125,0,0
1779556667.975775,0.1171875,-0.150390625,0.609375,0.1328125,0.060546875,-0.064453125,0,0
1779556667.983782,0.115234375,-0.14453125,0.607421875,0.1328125,0.060546875,-0.064453125,0,0
1779556667.991808,0.115234375,-0.14453125,0.607421875,0.1328125,0.060546875,-0.06640625,0,0
1779556667.999773,0.11328125,-0.134765625,0.60546875,0.1328125,0.060546875,-0.06640625,0,0
1779556668.007841,0.11328125,-0.134765625,0.60546875,0.12890625,0.05859375,-0.068359375,0,0
1779556668.015780,0.111328125,-0.125,0.6015625,0.12890625,0.05859375,-0.068359375,0,0
1779556668.023762,0.111328125,-0.125,0.6015625,0.126953125,0.060546875,-0.068359375,0,0
1779556668.031806,0.103515625,-0.125,0.6015625,0.126953125,0.060546875,-0.068359375,0,0
1779556668.039831,0.103515625,-0.125,0.6015625,0.126953125,0.060546875,-0.06640625,0,0
1779556668.047848,0.095703125,-0.125,0.607421875,0.126953125,0.060546875,-0.06640625,0,0
1779556668.055785,0.095703125,-0.125,0.607421875,0.126953125,0.060546875,-0.06640625,0,0
1779556668.063804,0.09375,-0.123046875,0.609375,0.126953125,0.060546875,-0.06640625,0,0
1779556668.071765,0.09375,-0.123046875,0.609375,0.126953125,0.05859375,-0.068359375,0,0
1779556668.079811,0.09375,-0.125,0.6015625,0.126953125,0.05859375,-0.068359375,0,0
1779556668.087821,0.09375,-0.125,0.6015625,0.123046875,0.05859375,-0.0703125,0,0
1779556668.095760,0.1015625,-0.125,0.59375,0.123046875,0.05859375,-0.0703125,0,0
1779556668.103814,0.1015625,-0.125,0.59375,0.1171875,0.05859375,-0.07421875,0,0
1779556668.111790,0.103515625,-0.130859375,0.58984375,0.1171875,0.05859375,-0.07421875,0,0
1779556668.119762,0.103515625,-0.130859375,0.58984375,0.115234375,0.05859375,-0.076171875,0,0
1779556668.127807,0.09765625,-0.130859375,0.580078125,0.115234375,0.05859375,-0.076171875,0,0
1779556668.135779,0.09765625,-0.130859375,0.580078125,0.11328125,0.0546875,-0.078125,0,0
1779556668.143830,0.091796875,-0.12890625,0.57421875,0.11328125,0.0546875,-0.078125,0,0
1779556668.151848,0.091796875,-0.12890625,0.57421875,0.109375,0.052734375,-0.078125,0,0
1779556668.159845,0.08203125,-0.123046875,0.560546875,0.109375,0.052734375,-0.078125,0,0
1779556668.167775,0.08203125,-0.123046875,0.560546875,0.1015625,0.052734375,-0.078125,0,0
1779556668.175808,0.07421875,-0.1171875,0.546875,0.1015625,0.052734375,-0.078125,0,0
1779556668.183810,0.07421875,-0.1171875,0.546875,0.095703125,0.05078125,-0.076171875,0,0
1779556668.191843,0.064453125,-0.103515625,0.537109375,0.095703125,0.05078125,-0.076171875,0,0
1779556668.199795,0.064453125,-0.103515625,0.537109375,0.0859375,0.05078125,-0.072265625,0,0
1779556668.207790,0.060546875,-0.09375,0.53125,0.0859375,0.05078125,-0.072265625,0,0
1779556668.215810,0.060546875,-0.09375,0.53125,0.08203125,0.052734375,-0.068359375,0,0
1779556668.223825,0.056640625,-0.091796875,0.521484375,0.08203125,0.052734375,-0.068359375,0,0
1779556668.231771,0.056640625,-0.091796875,0.521484375,0.078125,0.0546875,-0.064453125,0,0
1779556668.239797,0.052734375,-0.091796875,0.515625,0.078125,0.0546875,-0.064453125,0,0
1779556668.247838,0.052734375,-0.091796875,0.515625,0.07421875,0.0546875,-0.060546875,0,0
1779556668.255827,0.052734375,-0.091796875,0.501953125,0.07421875,0.0546875,-0.060546875,0,0
1779556668.263774,0.052734375,-0.091796875,0.501953125,0.072265625,0.056640625,-0.05078125,0,0
1779556668.271816,0.052734375,-0.091796875,0.484375,0.072265625,0.056640625,-0.05078125,0,0
1779556668.279747,0.052734375,-0.091796875,0.484375,0.068359375,0.05859375,-0.04296875,0,0
1779556668.287751,0.05078125,-0.083984375,0.470703125,0.068359375,0.05859375,-0.04296875,0,0
1779556668.295748,0.05078125,-0.083984375,0.470703125,0.068359375,0.05859375,-0.033203125,0,0
1779556668.303757,0.044921875,-0.07421875,0.453125,0.068359375,0.05859375,-0.033203125,0,0
1779556668.311769,0.044921875,-0.07421875,0.453125,0.068359375,0.060546875,-0.025390625,0,0
1779556668.319748,0.03515625,-0.064453125,0.43359375,0.068359375,0.060546875,-0.025390625,0,0
1779556668.327785,0.03515625,-0.064453125,0.43359375,0.068359375,0.05859375,-0.01953125,0,0
1779556668.335797,0.0234375,-0.052734375,0.396484375,0.068359375,0.05859375,-0.01953125,0,0
1779556668.343822,0.0234375,-0.052734375,0.396484375,0.0703125,0.056640625,-0.0078125,0,0
1779556668.351803,0.01171875,-0.044921875,0.34375,0.0703125,0.056640625,-0.0078125,0,0
1779556668.359793,0.01171875,-0.044921875,0.34375,0.080078125,0.05078125,-0.0078125,0,0
1779556668.367775,0.009765625,-0.025390625,0.29296875,0.080078125,0.05078125,-0.0078125,0,0
1779556668.375810,0.009765625,-0.025390625,0.29296875,0.083984375,0.046875,-0.0078125,0,0
1779556668.383745,0.0078125,-0.0078125,0.240234375,0.083984375,0.046875,-0.0078125,0,0
1779556668.391782,0.0078125,-0.0078125,0.240234375,0.083984375,0.044921875,-0.0078125,0,0
1779556668.399801,0.013671875,-0.0078125,0.193359375,0.083984375,0.044921875,-0.0078125,0,0
1779556668.407811,0.013671875,-0.0078125,0.193359375,0.078125,0.048828125,-0.0078125,0,0
1779556668.415775,0.03125,-0.0078125,0.154296875,0.078125,0.048828125,-0.0078125,0,0
1779556668.423771,0.03125,-0.0078125,0.154296875,0.080078125,0.05859375,-0.0078125,0,0
1779556668.431794,0.03515625,-0.0078125,0.109375,0.080078125,0.05859375,-0.0078125,0,0
1779556668.439786,0.03515625,-0.0078125,0.109375,0.08203125,0.052734375,-0.0078125,0,0
1779556668.447833,0.0390625,-0.0078125,0.07421875,0.08203125,0.052734375,-0.0078125,0,0
1779556668.455793,0.0390625,-0.0078125,0.07421875,0.076171875,0.044921875,-0.0078125,0,0
1779556668.463762,0.0390625,-0.0078125,0.044921875,0.076171875,0.044921875,-0.0078125,0,0
1779556668.471789,0.0390625,-0.0078125,0.044921875,0.046875,0.0390625,-0.0078125,0,0
1779556668.479772,0.025390625,-0.0078125,0.01953125,0.046875,0.0390625,-0.0078125,0,0
1779556668.487788,0.025390625,-0.0078125,0.01953125,0.015625,0.0234375,-0.0078125,0,0
1779556668.495771,0.00390625,-0.0078125,0.01953125,0.015625,0.0234375,-0.0078125,0,0
1779556668.525773,0.0,0.0,0.0,0.0,0.0,0.0,0,0
1779556668.556777,0.0,0.0,0.0,0.0,0.0,0.0,0,0
1779556668.587829,0.0,0.0,0.0,0.0,0.0,0.0,0,0
1779556668.618827,0.0,0.0,0.0,0.0,0.0,0.0,0,0
1779556668.649781,0.0,0.0,0.0,0.0,0.0,0.0,0,0
1779556668.680850,0.0,0.0,0.0,0.0,0.0,0.0,0,0
1779556668.711827,0.0,0.0,0.0,0.0,0.0,0.0,0,0
1779556668.742886,0.0,0.0,0.0,0.0,0.0,0.0,0,0
1779556668.773784,0.0,0.0,0.0,0.0,0.0,0.0,0,0
1779556668.804810,0.0,0.0,0.0,0.0,0.0,0.0,0,0
1779556668.835791,0.0,0.0,0.0,0.0,0.0,0.0,0,0
1779556668.866787,0.0,0.0,0.0,0.0,0.0,0.0,0,0
1779556668.897807,0.0,0.0,0.0,0.0,0.0,0.0,0,0
1779556668.928829,0.0,0.0,0.0,0.0,0.0,0.0,0,0
1779556668.959827,0.0,0.0,0.0,0.0,0.0,0.0,0,0
1779556668.990847,0.0,0.0,0.0,0.0,0.0,0.0,0,0
1779556669.021885,0.0,0.0,0.0,0.0,0.0,0.0,0,0
1779556669.052846,0.0,0.0,0.0,0.0,0.0,0.0,0,0
1779556669.083796,0.0,0.0,0.0,0.0,0.0,0.0,0,0
1779556669.103799,0.0,-0.0078125,0.01953125,0.015625,0.0234375,-0.0078125,0,0
1779556669.119828,0.015625,-0.0078125,0.01953125,0.015625,0.0234375,-0.0078125,0,0
1779556669.135815,0.029296875,-0.0078125,0.01953125,0.015625,0.0234375,-0.0078125,0,0
1779556669.151830,0.060546875,-0.0078125,0.01953125,0.015625,0.0234375,-0.0078125,0,0
1779556669.159822,0.060546875,-0.0078125,0.01953125,0.021484375,0.0234375,-0.0078125,0,0
1779556669.167803,0.091796875,-0.0078125,0.01953125,0.021484375,0.0234375,-0.0078125,0,0
1779556669.175815,0.091796875,-0.0078125,0.01953125,0.033203125,0.0234375,-0.0078125,0,0
1779556669.183822,0.126953125,-0.0078125,0.01953125,0.033203125,0.0234375,-0.0078125,0,0
1779556669.191808,0.126953125,-0.0078125,0.01953125,0.03515625,0.0234375,-0.0078125,0,0
1779556669.199769,0.154296875,-0.0078125,0.01953125,0.03515625,0.0234375,-0.0078125,0,0
1779556669.207844,0.154296875,-0.0078125,0.01953125,0.03515625,0.0234375,-0.0078125,0,0
1779556669.215830,0.18359375,-0.0078125,0.01953125,0.03515625,0.0234375,-0.0078125,0,0
1779556669.223813,0.18359375,-0.0078125,0.01953125,0.029296875,0.0,-0.0078125,0,0
1779556669.231763,0.205078125,-0.0078125,0.01953125,0.029296875,0.0,-0.0078125,0,0
1779556669.239822,0.205078125,-0.0078125,0.01953125,0.029296875,0.01171875,-0.0078125,0,0
1779556669.247783,0.220703125,-0.0078125,0.01953125,0.029296875,0.01171875,-0.0078125,0,0
1779556669.255759,0.220703125,-0.0078125,0.01953125,0.021484375,0.025390625,-0.0078125,0,0
1779556669.263766,0.240234375,0.01953125,0.01953125,0.021484375,0.025390625,-0.0078125,0,0
1779556669.271765,0.240234375,0.01953125,0.01953125,0.01953125,0.03515625,-0.0078125,0,0
1779556669.279780,0.271484375,0.029296875,0.01953125,0.01953125,0.03515625,-0.0078125,0,0
1779556669.287766,0.271484375,0.029296875,0.01953125,0.01953125,0.046875,-0.0078125,0,0
1779556669.295808,0.298828125,0.03125,0.005859375,0.01953125,0.046875,-0.0078125,0,0
1779556669.303800,0.298828125,0.03125,0.005859375,0.015625,0.05859375,-0.0078125,0,0
1779556669.311803,0.3203125,0.0390625,0.01171875,0.015625,0.05859375,-0.0078125,0,0
1779556669.319817,0.3203125,0.0390625,0.01171875,0.01171875,0.068359375,-0.0078125,0,0
1779556669.327869,0.33203125,0.05078125,0.021484375,0.01171875,0.068359375,-0.0078125,0,0
1779556669.335803,0.33203125,0.05078125,0.021484375,0.005859375,0.078125,-0.0078125,0,0
1779556669.343749,0.33984375,0.0546875,0.02734375,0.005859375,0.078125,-0.0078125,0,0
1779556669.351803,0.33984375,0.0546875,0.02734375,0.005859375,0.080078125,-0.0078125,0,0
1779556669.359772,0.34375,0.056640625,0.037109375,0.005859375,0.080078125,-0.0078125,0,0
1779556669.367825,0.34375,0.056640625,0.037109375,0.0,0.087890625,-0.0078125,0,0
1779556669.375819,0.34375,0.0546875,0.04296875,0.0,0.087890625,-0.0078125,0,0
1779556669.383822,0.34375,0.0546875,0.04296875,0.0,0.08984375,-0.0078125,0,0
1779556669.391830,0.353515625,0.05859375,0.044921875,0.0,0.08984375,-0.0078125,0,0
1779556669.399810,0.353515625,0.05859375,0.044921875,0.0,0.09765625,-0.0078125,0,0
1779556669.407873,0.359375,0.056640625,0.05078125,0.0,0.09765625,-0.0078125,0,0
1779556669.415810,0.359375,0.056640625,0.05078125,0.0,0.1015625,-0.0078125,0,0
1779556669.423813,0.361328125,0.05859375,0.056640625,0.0,0.1015625,-0.0078125,0,0
1779556669.431808,0.361328125,0.05859375,0.056640625,0.0,0.10546875,-0.0078125,0,0
1779556669.439796,0.361328125,0.064453125,0.0625,0.0,0.10546875,-0.0078125,0,0
1779556669.447785,0.361328125,0.064453125,0.0625,0.0,0.107421875,-0.0078125,0,0
1779556669.455748,0.361328125,0.06640625,0.06640625,0.0,0.107421875,-0.0078125,0,0
1779556669.463813,0.361328125,0.06640625,0.06640625,0.0,0.111328125,-0.0078125,0,0
1779556669.471794,0.359375,0.06640625,0.0703125,0.0,0.111328125,-0.0078125,0,0
1779556669.479807,0.359375,0.06640625,0.0703125,0.0,0.109375,-0.0078125,0,0
1779556669.487814,0.359375,0.064453125,0.07421875,0.0,0.109375,-0.0078125,0,0
1779556669.495791,0.359375,0.064453125,0.07421875,0.0,0.111328125,-0.0078125,0,0
1779556669.503793,0.359375,0.05859375,0.076171875,0.0,0.111328125,-0.0078125,0,0
1779556669.511804,0.359375,0.05859375,0.076171875,0.0,0.109375,-0.0078125,0,0
1779556669.519788,0.359375,0.0546875,0.076171875,0.0,0.109375,-0.0078125,0,0
1779556669.527834,0.359375,0.0546875,0.076171875,0.0,0.109375,-0.0078125,0,0
1779556669.535792,0.365234375,0.0546875,0.078125,0.0,0.109375,-0.0078125,0,0
1779556669.543815,0.365234375,0.0546875,0.078125,0.0,0.11328125,-0.0078125,0,0
1779556669.551789,0.369140625,0.056640625,0.08203125,0.0,0.11328125,-0.0078125,0,0
1779556669.559791,0.369140625,0.056640625,0.08203125,0.0,0.119140625,-0.0078125,0,0
1779556669.567791,0.373046875,0.056640625,0.083984375,0.0,0.119140625,-0.0078125,0,0
1779556669.575798,0.373046875,0.056640625,0.083984375,0.0,0.12109375,-0.0078125,0,0
1779556669.583781,0.373046875,0.056640625,0.083984375,0.0,0.12109375,-0.0078125,0,0
1779556669.591786,0.373046875,0.056640625,0.083984375,0.0,0.123046875,-0.0078125,0,0
1779556669.599804,0.375,0.0546875,0.087890625,0.0,0.123046875,-0.0078125,0,0
1779556669.607788,0.375,0.0546875,0.087890625,0.0,0.126953125,-0.0078125,0,0
1779556669.615788,0.376953125,0.05078125,0.08984375,0.0,0.126953125,-0.0078125,0,0
1779556669.623784,0.376953125,0.05078125,0.08984375,0.0,0.12890625,-0.0078125,0,0
1779556669.631794,0.3828125,0.048828125,0.091796875,0.0,0.12890625,-0.0078125,0,0
1779556669.639799,0.3828125,0.048828125,0.091796875,0.0,0.130859375,-0.0078125,0,0
1779556669.647843,0.392578125,0.0546875,0.09765625,0.0,0.130859375,-0.0078125,0,0
1779556669.655809,0.392578125,0.0546875,0.09765625,0.0,0.134765625,-0.0078125,0,0
1779556669.663826,0.400390625,0.0625,0.103515625,0.0,0.134765625,-0.0078125,0,0
1779556669.671799,0.400390625,0.0625,0.103515625,0.0,0.134765625,-0.0078125,0,0
1779556669.679833,0.40625,0.0625,0.107421875,0.0,0.134765625,-0.0078125,0,0
1779556669.687807,0.40625,0.0625,0.107421875,0.0,0.13671875,-0.0078125,0,0
1779556669.695800,0.408203125,0.0625,0.109375,0.0,0.13671875,-0.0078125,0,0
1779556669.703820,0.408203125,0.0625,0.109375,0.0,0.13671875,-0.0078125,0,0
1779556669.711763,0.408203125,0.060546875,0.111328125,0.0,0.13671875,-0.0078125,0,0
1779556669.719787,0.408203125,0.060546875,0.111328125,0.0,0.13671875,-0.0078125,0,0
1779556669.727780,0.408203125,0.060546875,0.115234375,0.0,0.13671875,-0.0078125,0,0
1779556669.735767,0.408203125,0.060546875,0.115234375,0.0,0.138671875,-0.0078125,0,0
1779556669.743804,0.41015625,0.0625,0.119140625,0.0,0.138671875,-0.0078125,0,0
1779556669.751782,0.41015625,0.0625,0.119140625,0.0,0.140625,-0.0078125,0,0
1779556669.759805,0.41015625,0.0625,0.12109375,0.0,0.140625,-0.0078125,0,0
1779556669.767738,0.41015625,0.0625,0.12109375,0.0,0.14453125,-0.0078125,0,0
1779556669.775769,0.41015625,0.05859375,0.123046875,0.0,0.14453125,-0.0078125,0,0
1779556669.783798,0.41015625,0.05859375,0.123046875,0.0,0.142578125,-0.0078125,0,0
1779556669.791767,0.412109375,0.052734375,0.12109375,0.0,0.142578125,-0.0078125,0,0
1779556669.799775,0.412109375,0.052734375,0.12109375,0.0,0.14453125,-0.0078125,0,0
1779556669.807793,0.419921875,0.05078125,0.12109375,0.0,0.14453125,-0.0078125,0,0
1779556669.815797,0.419921875,0.05078125,0.12109375,0.0,0.14453125,-0.0078125,0,0
1779556669.823790,0.421875,0.05078125,0.12109375,0.0,0.14453125,-0.0078125,0,0
1779556669.831791,0.421875,0.05078125,0.12109375,0.0,0.14453125,-0.0078125,0,0
1779556669.839798,0.421875,0.05078125,0.12109375,0.0,0.14453125,-0.0078125,0,0
1779556669.847850,0.421875,0.05078125,0.12109375,0.0,0.14453125,-0.0078125,0,0
1779556669.855892,0.421875,0.052734375,0.123046875,0.0,0.14453125,-0.0078125,0,0
1779556669.863816,0.421875,0.052734375,0.123046875,0.0,0.146484375,-0.0078125,0,0
1779556669.871807,0.419921875,0.0546875,0.125,0.0,0.146484375,-0.0078125,0,0
1779556669.879800,0.419921875,0.0546875,0.125,0.0,0.146484375,-0.0078125,0,0
1779556669.887830,0.416015625,0.0546875,0.126953125,0.0,0.146484375,-0.0078125,0,0
1779556669.895835,0.416015625,0.0546875,0.126953125,0.0,0.146484375,-0.0078125,0,0
1779556669.903834,0.412109375,0.0546875,0.126953125,0.0,0.146484375,-0.0078125,0,0
1779556669.911815,0.412109375,0.0546875,0.126953125,0.0,0.146484375,-0.0078125,0,0
1779556669.919823,0.412109375,0.056640625,0.12890625,0.0,0.146484375,-0.0078125,0,0
1779556669.927790,0.412109375,0.056640625,0.12890625,0.0,0.150390625,-0.0078125,0,0
1779556669.935825,0.412109375,0.060546875,0.1328125,0.0,0.150390625,-0.0078125,0,0
1779556669.943811,0.412109375,0.060546875,0.1328125,0.0,0.150390625,-0.0078125,0,0
1779556669.951785,0.41015625,0.060546875,0.1328125,0.0,0.150390625,-0.0078125,0,0
1779556669.959778,0.41015625,0.060546875,0.1328125,0.0,0.150390625,-0.0078125,0,0
1779556669.967776,0.408203125,0.05859375,0.130859375,0.0,0.150390625,-0.0078125,0,0
1779556669.975792,0.408203125,0.05859375,0.130859375,0.0,0.1484375,-0.0078125,0,0
1779556669.983787,0.40625,0.05859375,0.130859375,0.0,0.1484375,-0.0078125,0,0
1779556669.991781,0.40625,0.05859375,0.130859375,0.0,0.1484375,-0.0078125,0,0
1779556669.999798,0.41015625,0.060546875,0.130859375,0.0,0.1484375,-0.0078125,0,0
1779556670.007858,0.41015625,0.060546875,0.130859375,0.0,0.150390625,-0.0078125,0,0
1779556670.015783,0.412109375,0.064453125,0.130859375,0.0,0.150390625,-0.0078125,0,0
1779556670.023798,0.412109375,0.064453125,0.130859375,0.0,0.15234375,-0.0078125,0,0
1779556670.031770,0.416015625,0.06640625,0.1328125,0.0,0.15234375,-0.0078125,0,0
1779556670.039788,0.416015625,0.06640625,0.1328125,0.0,0.15625,-0.0078125,0,0
1779556670.047819,0.416015625,0.064453125,0.126953125,0.0,0.15625,-0.0078125,0,0
1779556670.055834,0.416015625,0.064453125,0.126953125,0.0,0.154296875,-0.0078125,0,0
1779556670.063780,0.416015625,0.0625,0.126953125,0.0,0.154296875,-0.0078125,0,0
1779556670.071771,0.416015625,0.0625,0.126953125,0.0,0.154296875,-0.0078125,0,0
1779556670.079816,0.4140625,0.056640625,0.125,0.0,0.154296875,-0.0078125,0,0
1779556670.087808,0.4140625,0.056640625,0.125,0.0,0.154296875,-0.0078125,0,0
1779556670.095820,0.412109375,0.056640625,0.125,0.0,0.154296875,-0.0078125,0,0
1779556670.103756,0.412109375,0.056640625,0.125,0.0,0.150390625,-0.0078125,0,0
1779556670.111810,0.41015625,0.05859375,0.123046875,0.0,0.150390625,-0.0078125,0,0
1779556670.119811,0.41015625,0.05859375,0.123046875,0.0,0.150390625,-0.0078125,0,0
1779556670.127789,0.40234375,0.05859375,0.123046875,0.0,0.150390625,-0.0078125,0,0
1779556670.135784,0.40234375,0.05859375,0.123046875,0.0,0.146484375,-0.0078125,0,0
1779556670.143809,0.396484375,0.05859375,0.12109375,0.0,0.146484375,-0.0078125,0,0
1779556670.151777,0.396484375,0.05859375,0.12109375,0.0,0.142578125,-0.0078125,0,0
1779556670.159818,0.39453125,0.056640625,0.12109375,0.0,0.142578125,-0.0078125,0,0
1779556670.167753,0.39453125,0.056640625,0.12109375,0.0,0.142578125,-0.0078125,0,0
1779556670.175790,0.396484375,0.056640625,0.125,0.0,0.142578125,-0.0078125,0,0
1779556670.183823,0.396484375,0.056640625,0.125,0.0,0.14453125,-0.0078125,0,0
1779556670.191770,0.3984375,0.0546875,0.125,0.0,0.14453125,-0.0078125,0,0
1779556670.199753,0.3984375,0.0546875,0.125,0.0,0.14453125,-0.0078125,0,0
1779556670.207791,0.400390625,0.052734375,0.125,0.0,0.14453125,-0.0078125,0,0
1779556670.215838,0.400390625,0.052734375,0.125,0.0,0.14453125,-0.0078125,0,0
1779556670.223787,0.400390625,0.052734375,0.126953125,0.0,0.14453125,-0.0078125,0,0
1779556670.231796,0.400390625,0.052734375,0.126953125,0.0,0.146484375,-0.0078125,0,0
1779556670.239768,0.400390625,0.0546875,0.125,0.0,0.146484375,-0.0078125,0,0
1779556670.247784,0.400390625,0.0546875,0.125,0.0,0.146484375,-0.0078125,0,0
1779556670.255821,0.400390625,0.0546875,0.126953125,0.0,0.146484375,-0.0078125,0,0
1779556670.263739,0.400390625,0.0546875,0.126953125,0.0,0.146484375,-0.0078125,0,0
1779556670.271822,0.400390625,0.056640625,0.126953125,0.0,0.146484375,-0.0078125,0,0
1779556670.279844,0.400390625,0.056640625,0.126953125,-0.00390625,0.146484375,-0.0078125,0,0
1779556670.287815,0.400390625,0.056640625,0.126953125,-0.00390625,0.146484375,-0.0078125,0,0
1779556670.295799,0.400390625,0.056640625,0.126953125,-0.00390625,0.146484375,-0.0078125,0,0
1779556670.303794,0.400390625,0.056640625,0.125,-0.00390625,0.146484375,-0.0078125,0,0
1779556670.311816,0.400390625,0.056640625,0.125,-0.00390625,0.146484375,-0.0078125,0,0
1779556670.319839,0.40234375,0.05859375,0.125,-0.00390625,0.146484375,-0.0078125,0,0
1779556670.327805,0.40234375,0.05859375,0.125,0.0,0.146484375,-0.0078125,0,0
1779556670.335787,0.40625,0.060546875,0.12890625,0.0,0.146484375,-0.0078125,0,0
1779556670.343800,0.40625,0.060546875,0.12890625,0.0,0.150390625,-0.0078125,0,0
1779556670.351824,0.40625,0.060546875,0.130859375,0.0,0.150390625,-0.0078125,0,0
1779556670.359869,0.40625,0.060546875,0.130859375,0.0,0.15234375,-0.0078125,0,0
1779556670.367762,0.408203125,0.056640625,0.130859375,0.0,0.15234375,-0.0078125,0,0
1779556670.375800,0.408203125,0.056640625,0.130859375,0.0,0.15234375,-0.0078125,0,0
1779556670.383776,0.412109375,0.052734375,0.123046875,0.0,0.15234375,-0.0078125,0,0
1779556670.391742,0.412109375,0.052734375,0.123046875,-0.005859375,0.15234375,-0.0078125,0,0
1779556670.399761,0.423828125,0.048828125,0.12109375,-0.005859375,0.15234375,-0.0078125,0,0
1779556670.407747,0.423828125,0.048828125,0.12109375,-0.009765625,0.15625,-0.0078125,0,0
1779556670.415758,0.435546875,0.060546875,0.123046875,-0.009765625,0.15625,-0.0078125,0,0
1779556670.423795,0.435546875,0.060546875,0.123046875,-0.029296875,0.1640625,-0.0078125,0,0
1779556670.431806,0.435546875,0.076171875,0.12109375,-0.029296875,0.1640625,-0.0078125,0,0
1779556670.439824,0.435546875,0.076171875,0.12109375,-0.03125,0.1640625,-0.0078125,0,0
1779556670.447821,0.43359375,0.095703125,0.1171875,-0.03125,0.1640625,-0.0078125,0,0
1779556670.455792,0.43359375,0.095703125,0.1171875,-0.03515625,0.16015625,-0.0078125,0,0
1779556670.463778,0.42578125,0.111328125,0.109375,-0.03515625,0.16015625,-0.0078125,0,0
1779556670.471781,0.42578125,0.111328125,0.109375,-0.041015625,0.15625,-0.0078125,0,0
1779556670.479829,0.41796875,0.12109375,0.1015625,-0.041015625,0.15625,-0.0078125,0,0
1779556670.487812,0.41796875,0.12109375,0.1015625,-0.0390625,0.146484375,-0.00390625,0,0
1779556670.495806,0.41796875,0.126953125,0.095703125,-0.0390625,0.146484375,-0.00390625,0,0
1779556670.503846,0.41796875,0.126953125,0.095703125,-0.03515625,0.146484375,-0.00390625,0,0
1779556670.511831,0.42578125,0.1328125,0.087890625,-0.03515625,0.146484375,-0.00390625,0,0
1779556670.519775,0.42578125,0.1328125,0.087890625,-0.03125,0.14453125,-0.00390625,0,0
1779556670.527802,0.439453125,0.13671875,0.087890625,-0.03125,0.14453125,-0.00390625,0,0
1779556670.535826,0.439453125,0.13671875,0.087890625,-0.029296875,0.146484375,-0.00390625,0,0
1779556670.543779,0.451171875,0.14453125,0.08984375,-0.029296875,0.146484375,-0.00390625,0,0
1779556670.551808,0.451171875,0.14453125,0.08984375,-0.029296875,0.154296875,-0.00390625,0,0
1779556670.559815,0.45703125,0.154296875,0.08984375,-0.029296875,0.154296875,-0.00390625,0,0
1779556670.567771,0.45703125,0.154296875,0.08984375,-0.03125,0.158203125,-0.00390625,0,0
1779556670.575811,0.45703125,0.162109375,0.08984375,-0.03125,0.158203125,-0.00390625,0,0
1779556670.583817,0.45703125,0.162109375,0.08984375,-0.033203125,0.158203125,-0.00390625,0,0
1779556670.591845,0.4609375,0.177734375,0.095703125,-0.033203125,0.158203125,-0.00390625,0,0
1779556670.599785,0.4609375,0.177734375,0.095703125,-0.033203125,0.16015625,-0.00390625,0,0
1779556670.607774,0.462890625,0.19921875,0.103515625,-0.033203125,0.16015625,-0.00390625,0,0
1779556670.615816,0.462890625,0.19921875,0.103515625,-0.033203125,0.162109375,-0.00390625,0,0
1779556670.623797,0.46875,0.22265625,0.111328125,-0.033203125,0.162109375,-0.00390625,0,0
1779556670.631806,0.46875,0.22265625,0.111328125,-0.041015625,0.166015625,-0.00390625,0,0
1779556670.639813,0.470703125,0.24609375,0.12109375,-0.041015625,0.166015625,-0.00390625,0,0
1779556670.647806,0.470703125,0.24609375,0.12109375,-0.046875,0.169921875,0.0,0,0
1779556670.655836,0.47265625,0.265625,0.119140625,-0.046875,0.169921875,0.0,0,0
1779556670.663800,0.47265625,0.265625,0.119140625,-0.052734375,0.173828125,0.0,0,0
1779556670.671788,0.47265625,0.28515625,0.119140625,-0.052734375,0.173828125,0.0,0,0
1779556670.679795,0.47265625,0.28515625,0.119140625,-0.060546875,0.173828125,0.0,0,0
1779556670.687822,0.48046875,0.306640625,0.123046875,-0.060546875,0.173828125,0.0,0,0
1779556670.695815,0.48046875,0.306640625,0.123046875,-0.05859375,0.1796875,0.0,0,0
1779556670.703777,0.482421875,0.322265625,0.125,-0.05859375,0.1796875,0.0,0,0
1779556670.711827,0.482421875,0.322265625,0.125,-0.05859375,0.189453125,0.0,0,0
1779556670.719805,0.48046875,0.333984375,0.125,-0.05859375,0.189453125,0.0,0,0
1779556670.727867,0.48046875,0.333984375,0.125,-0.056640625,0.189453125,0.0,0,0
1779556670.735794,0.4765625,0.34375,0.125,-0.056640625,0.189453125,0.0,0,0
1779556670.743827,0.4765625,0.34375,0.125,-0.056640625,0.189453125,0.0,0,0
1779556670.751803,0.4765625,0.34765625,0.125,-0.056640625,0.189453125,0.0,0,0
1779556670.759800,0.4765625,0.34765625,0.125,-0.05859375,0.19140625,0.0,0,0
1779556670.767823,0.4765625,0.34765625,0.125,-0.05859375,0.19140625,0.0,0,0
1779556670.775843,0.4765625,0.34765625,0.125,-0.060546875,0.193359375,0.0,0,0
1779556670.783801,0.4765625,0.345703125,0.12109375,-0.060546875,0.193359375,0.0,0,0
1779556670.791818,0.4765625,0.345703125,0.12109375,-0.060546875,0.193359375,0.0,0,0
1779556670.799814,0.4765625,0.34375,0.119140625,-0.060546875,0.193359375,0.0,0,0
1779556670.807780,0.4765625,0.34375,0.119140625,-0.060546875,0.19140625,0.0,0,0
1779556670.815834,0.4765625,0.345703125,0.115234375,-0.060546875,0.19140625,0.0,0,0
1779556670.823833,0.4765625,0.345703125,0.115234375,-0.060546875,0.189453125,-0.00390625,0,0
1779556670.831829,0.470703125,0.3515625,0.111328125,-0.060546875,0.189453125,-0.00390625,0,0
1779556670.839790,0.470703125,0.3515625,0.111328125,-0.0625,0.185546875,-0.00390625,0,0
1779556670.847822,0.466796875,0.353515625,0.109375,-0.0625,0.185546875,-0.00390625,0,0
1779556670.855844,0.466796875,0.353515625,0.109375,-0.0625,0.181640625,-0.005859375,0,0
1779556670.863819,0.46484375,0.357421875,0.103515625,-0.0625,0.181640625,-0.005859375,0,0
1779556670.871809,0.46484375,0.357421875,0.103515625,-0.060546875,0.1796875,-0.0078125,0,0
1779556670.879821,0.4609375,0.361328125,0.1015625,-0.060546875,0.1796875,-0.0078125,0,0
1779556670.887839,0.4609375,0.361328125,0.1015625,-0.060546875,0.1796875,-0.0078125,0,0
1779556670.895816,0.4609375,0.36328125,0.099609375,-0.060546875,0.1796875,-0.0078125,0,0
1779556670.903803,0.4609375,0.36328125,0.099609375,-0.060546875,0.1796875,-0.0078125,0,0
1779556670.911810,0.455078125,0.369140625,0.095703125,-0.060546875,0.1796875,-0.0078125,0,0
1779556670.919777,0.455078125,0.369140625,0.095703125,-0.0625,0.17578125,-0.009765625,0,0
1779556670.927768,0.44921875,0.373046875,0.09375,-0.0625,0.17578125,-0.009765625,0,0
1779556670.935793,0.44921875,0.373046875,0.09375,-0.0625,0.169921875,-0.01171875,0,0
1779556670.943812,0.447265625,0.373046875,0.08984375,-0.0625,0.169921875,-0.01171875,0,0
1779556670.951807,0.447265625,0.373046875,0.08984375,-0.0625,0.169921875,-0.01171875,0,0
1779556670.959810,0.4453125,0.373046875,0.087890625,-0.0625,0.169921875,-0.01171875,0,0
1779556670.967765,0.4453125,0.373046875,0.087890625,-0.0625,0.169921875,-0.013671875,0,0
1779556670.975783,0.4453125,0.373046875,0.0859375,-0.0625,0.169921875,-0.013671875,0,0
1779556670.983776,0.4453125,0.373046875,0.0859375,-0.064453125,0.169921875,-0.013671875,0,0
1779556670.991765,0.447265625,0.373046875,0.080078125,-0.064453125,0.169921875,-0.013671875,0,0
1779556670.999809,0.447265625,0.373046875,0.080078125,-0.064453125,0.169921875,-0.013671875,0,0
1779556671.007788,0.447265625,0.373046875,0.080078125,-0.064453125,0.169921875,-0.013671875,0,0
1779556671.015774,0.447265625,0.373046875,0.080078125,-0.068359375,0.169921875,-0.013671875,0,0
1779556671.023764,0.447265625,0.373046875,0.078125,-0.068359375,0.169921875,-0.013671875,0,0
1779556671.031825,0.447265625,0.373046875,0.078125,-0.068359375,0.169921875,-0.013671875,0,0
1779556671.039818,0.4453125,0.373046875,0.076171875,-0.068359375,0.169921875,-0.013671875,0,0
1779556671.047841,0.4453125,0.373046875,0.076171875,-0.0703125,0.166015625,-0.013671875,0,0
1779556671.055787,0.443359375,0.375,0.076171875,-0.0703125,0.166015625,-0.013671875,0,0
1779556671.063835,0.443359375,0.375,0.076171875,-0.072265625,0.162109375,-0.013671875,0,0
1779556671.071838,0.44140625,0.375,0.07421875,-0.072265625,0.162109375,-0.013671875,0,0
1779556671.079812,0.44140625,0.375,0.07421875,-0.072265625,0.162109375,-0.015625,0,0
1779556671.087775,0.439453125,0.376953125,0.072265625,-0.072265625,0.162109375,-0.015625,0,0
1779556671.095788,0.439453125,0.376953125,0.072265625,-0.072265625,0.16015625,-0.015625,0,0
1779556671.103765,0.439453125,0.380859375,0.072265625,-0.072265625,0.16015625,-0.015625,0,0
1779556671.111819,0.439453125,0.380859375,0.072265625,-0.076171875,0.16015625,-0.015625,0,0
1779556671.119785,0.435546875,0.3828125,0.0703125,-0.076171875,0.16015625,-0.015625,0,0
1779556671.127783,0.435546875,0.3828125,0.0703125,-0.07421875,0.158203125,-0.015625,0,0
1779556671.135739,0.431640625,0.38671875,0.068359375,-0.07421875,0.158203125,-0.015625,0,0
1779556671.143783,0.431640625,0.38671875,0.068359375,-0.07421875,0.158203125,-0.015625,0,0
1779556671.151836,0.427734375,0.390625,0.064453125,-0.07421875,0.158203125,-0.015625,0,0
1779556671.159803,0.427734375,0.390625,0.064453125,-0.076171875,0.15625,-0.015625,0,0
1779556671.167808,0.42578125,0.392578125,0.064453125,-0.076171875,0.15625,-0.015625,0,0
1779556671.175820,0.42578125,0.392578125,0.064453125,-0.076171875,0.154296875,-0.015625,0,0
1779556671.183803,0.42578125,0.39453125,0.060546875,-0.076171875,0.154296875,-0.015625,0,0
1779556671.191808,0.42578125,0.39453125,0.060546875,-0.078125,0.154296875,-0.015625,0,0
1779556671.199769,0.423828125,0.396484375,0.060546875,-0.078125,0.154296875,-0.015625,0,0
1779556671.207822,0.423828125,0.396484375,0.060546875,-0.080078125,0.154296875,-0.015625,0,0
1779556671.215759,0.41796875,0.3984375,0.05859375,-0.080078125,0.154296875,-0.015625,0,0
1779556671.223815,0.41796875,0.3984375,0.05859375,-0.080078125,0.150390625,-0.015625,0,0
1779556671.231784,0.41796875,0.3984375,0.05859375,-0.080078125,0.150390625,-0.015625,0,0
1779556671.239795,0.41796875,0.3984375,0.05859375,-0.080078125,0.150390625,-0.015625,0,0
1779556671.247837,0.41796875,0.400390625,0.0546875,-0.080078125,0.150390625,-0.015625,0,0
1779556671.255773,0.41796875,0.400390625,0.0546875,-0.083984375,0.1484375,-0.015625,0,0
1779556671.263801,0.41796875,0.400390625,0.052734375,-0.083984375,0.1484375,-0.015625,0,0
1779556671.271803,0.41796875,0.400390625,0.052734375,-0.083984375,0.1484375,-0.015625,0,0
1779556671.279824,0.416015625,0.400390625,0.048828125,-0.083984375,0.1484375,-0.015625,0,0
1779556671.287836,0.416015625,0.400390625,0.048828125,-0.0859375,0.1484375,-0.015625,0,0
1779556671.295757,0.416015625,0.40234375,0.046875,-0.0859375,0.1484375,-0.015625,0,0
1779556671.303824,0.416015625,0.40234375,0.046875,-0.0859375,0.146484375,-0.015625,0,0
1779556671.311837,0.4140625,0.404296875,0.046875,-0.0859375,0.146484375,-0.015625,0,0
1779556671.319796,0.4140625,0.404296875,0.046875,-0.087890625,0.146484375,-0.017578125,0,0
1779556671.327885,0.412109375,0.404296875,0.044921875,-0.087890625,0.146484375,-0.017578125,0,0
1779556671.335827,0.412109375,0.404296875,0.044921875,-0.087890625,0.14453125,-0.017578125,0,0
1779556671.343835,0.40625,0.404296875,0.04296875,-0.087890625,0.14453125,-0.017578125,0,0
1779556671.351805,0.40625,0.404296875,0.04296875,-0.08984375,0.140625,-0.01953125,0,0
1779556671.359766,0.400390625,0.40625,0.0390625,-0.08984375,0.140625,-0.01953125,0,0
1779556671.367828,0.400390625,0.40625,0.0390625,-0.08984375,0.13671875,-0.021484375,0,0
1779556671.375815,0.3984375,0.408203125,0.037109375,-0.08984375,0.13671875,-0.021484375,0,0
1779556671.383809,0.3984375,0.408203125,0.037109375,-0.08984375,0.13671875,-0.0234375,0,0
1779556671.391809,0.3984375,0.408203125,0.03515625,-0.08984375,0.13671875,-0.0234375,0,0
1779556671.399813,0.3984375,0.408203125,0.03515625,-0.08984375,0.13671875,-0.0234375,0,0
1779556671.407809,0.3984375,0.408203125,0.03515625,-0.08984375,0.13671875,-0.0234375,0,0
1779556671.415797,0.3984375,0.408203125,0.03515625,-0.091796875,0.13671875,-0.0234375,0,0
1779556671.423836,0.3984375,0.408203125,0.029296875,-0.091796875,0.13671875,-0.0234375,0,0
1779556671.431794,0.3984375,0.408203125,0.029296875,-0.091796875,0.13671875,-0.025390625,0,0
1779556671.439819,0.392578125,0.41015625,0.029296875,-0.091796875,0.13671875,-0.025390625,0,0
1779556671.447814,0.392578125,0.41015625,0.029296875,-0.091796875,0.1328125,-0.025390625,0,0
1779556671.455833,0.392578125,0.412109375,0.029296875,-0.091796875,0.1328125,-0.025390625,0,0
1779556671.463780,0.392578125,0.412109375,0.029296875,-0.095703125,0.1328125,-0.025390625,0,0
1779556671.471762,0.38671875,0.412109375,0.02734375,-0.095703125,0.1328125,-0.025390625,0,0
1779556671.479787,0.38671875,0.412109375,0.02734375,-0.095703125,0.130859375,-0.02734375,0,0
1779556671.487804,0.3828125,0.4140625,0.025390625,-0.095703125,0.130859375,-0.02734375,0,0
1779556671.495782,0.3828125,0.4140625,0.025390625,-0.095703125,0.12890625,-0.029296875,0,0
1779556671.503768,0.380859375,0.41796875,0.021484375,-0.095703125,0.12890625,-0.029296875,0,0
1779556671.511859,0.380859375,0.41796875,0.021484375,-0.095703125,0.126953125,-0.029296875,0,0
1779556671.519809,0.37890625,0.419921875,0.021484375,-0.095703125,0.126953125,-0.029296875,0,0
1779556671.527888,0.37890625,0.419921875,0.021484375,-0.095703125,0.125,-0.029296875,0,0
1779556671.535806,0.375,0.421875,0.021484375,-0.095703125,0.125,-0.029296875,0,0
1779556671.543853,0.375,0.421875,0.021484375,-0.09765625,0.125,-0.03125,0,0
1779556671.551776,0.373046875,0.421875,0.021484375,-0.09765625,0.125,-0.03125,0,0
1779556671.559812,0.373046875,0.421875,0.021484375,-0.09765625,0.125,-0.033203125,0,0
1779556671.567789,0.373046875,0.421875,0.021484375,-0.09765625,0.125,-0.033203125,0,0
1779556671.575850,0.373046875,0.421875,0.021484375,-0.09765625,0.125,-0.033203125,0,0
1779556671.583753,0.37109375,0.423828125,0.021484375,-0.09765625,0.125,-0.033203125,0,0
1779556671.591752,0.37109375,0.423828125,0.021484375,-0.09765625,0.125,-0.033203125,0,0
1779556671.599729,0.37109375,0.42578125,0.01953125,-0.09765625,0.125,-0.033203125,0,0
1779556671.607770,0.37109375,0.42578125,0.01953125,-0.095703125,0.125,-0.03515625,0,0
1779556671.615804,0.37109375,0.42578125,0.017578125,-0.095703125,0.125,-0.03515625,0,0
1779556671.623795,0.37109375,0.42578125,0.017578125,-0.09375,0.125,-0.03515625,0,0
1779556671.631829,0.37109375,0.42578125,0.017578125,-0.09375,0.125,-0.03515625,0,0
1779556671.639831,0.37109375,0.42578125,0.017578125,-0.09375,0.125,-0.03515625,0,0
1779556671.647866,0.37109375,0.427734375,0.015625,-0.09375,0.125,-0.03515625,0,0
1779556671.655749,0.37109375,0.427734375,0.015625,-0.091796875,0.123046875,-0.03515625,0,0
1779556671.663777,0.369140625,0.4296875,0.015625,-0.091796875,0.123046875,-0.03515625,0,0
1779556671.671826,0.369140625,0.4296875,0.015625,-0.087890625,0.123046875,-0.03515625,0,0
1779556671.679750,0.369140625,0.431640625,0.017578125,-0.087890625,0.123046875,-0.03515625,0,0
1779556671.687787,0.369140625,0.431640625,0.017578125,-0.0859375,0.123046875,-0.03515625,0,0
1779556671.695833,0.3671875,0.43359375,0.021484375,-0.0859375,0.123046875,-0.03515625,0,0
1779556671.703846,0.3671875,0.43359375,0.021484375,-0.0859375,0.123046875,-0.03515625,0,0
1779556671.711851,0.365234375,0.43359375,0.021484375,-0.0859375,0.123046875,-0.03515625,0,0
1779556671.719817,0.365234375,0.43359375,0.021484375,-0.0859375,0.123046875,-0.03515625,0,0
1779556671.727863,0.3671875,0.43359375,0.021484375,-0.0859375,0.123046875,-0.03515625,0,0
1779556671.735866,0.3671875,0.43359375,0.021484375,-0.0859375,0.125,-0.03515625,0,0
1779556671.743774,0.3671875,0.431640625,0.021484375,-0.0859375,0.125,-0.03515625,0,0
1779556671.751813,0.3671875,0.431640625,0.021484375,-0.0859375,0.125,-0.03515625,0,0
1779556671.759815,0.3671875,0.419921875,0.021484375,-0.0859375,0.125,-0.03515625,0,0
1779556671.767802,0.3671875,0.419921875,0.021484375,-0.076171875,0.126953125,-0.033203125,0,0
1779556671.775822,0.361328125,0.412109375,0.01953125,-0.076171875,0.126953125,-0.033203125,0,0
1779556671.783775,0.361328125,0.412109375,0.01953125,-0.07421875,0.126953125,-0.03125,0,0
1779556671.791767,0.3515625,0.400390625,0.01953125,-0.07421875,0.126953125,-0.03125,0,0
1779556671.799763,0.3515625,0.400390625,0.01953125,-0.064453125,0.125,-0.029296875,0,0
1779556671.807748,0.337890625,0.3828125,0.021484375,-0.064453125,0.125,-0.029296875,0,0
1779556671.815810,0.337890625,0.3828125,0.021484375,-0.05078125,0.119140625,-0.025390625,0,0
1779556671.823772,0.326171875,0.359375,0.025390625,-0.05078125,0.119140625,-0.025390625,0,0
1779556671.831770,0.326171875,0.359375,0.025390625,-0.03515625,0.115234375,-0.017578125,0,0
1779556671.839796,0.310546875,0.322265625,0.025390625,-0.03515625,0.115234375,-0.017578125,0,0
1779556671.847837,0.310546875,0.322265625,0.025390625,-0.013671875,0.111328125,-0.0078125,0,0
1779556671.855819,0.296875,0.287109375,0.0234375,-0.013671875,0.111328125,-0.0078125,0,0
1779556671.863807,0.296875,0.287109375,0.0234375,-0.013671875,0.103515625,-0.0078125,0,0
1779556671.871825,0.28515625,0.244140625,0.015625,-0.013671875,0.103515625,-0.0078125,0,0
1779556671.879855,0.28515625,0.244140625,0.015625,-0.013671875,0.095703125,-0.0078125,0,0
1779556671.887802,0.271484375,0.201171875,0.013671875,-0.013671875,0.095703125,-0.0078125,0,0
1779556671.895784,0.271484375,0.201171875,0.013671875,-0.013671875,0.08984375,-0.0078125,0,0
1779556671.903752,0.26171875,0.169921875,0.013671875,-0.013671875,0.08984375,-0.0078125,0,0
1779556671.911803,0.26171875,0.169921875,0.013671875,-0.013671875,0.0859375,-0.0078125,0,0
1779556671.919753,0.248046875,0.13671875,0.013671875,-0.013671875,0.0859375,-0.0078125,0,0
1779556671.927836,0.248046875,0.13671875,0.013671875,-0.013671875,0.08203125,-0.0078125,0,0
1779556671.935841,0.232421875,0.111328125,0.009765625,-0.013671875,0.08203125,-0.0078125,0,0
1779556671.943838,0.232421875,0.111328125,0.009765625,-0.013671875,0.0703125,-0.0078125,0,0
1779556671.951824,0.216796875,0.1015625,0.00390625,-0.013671875,0.0703125,-0.0078125,0,0
1779556671.959838,0.216796875,0.1015625,0.00390625,-0.013671875,0.064453125,-0.0078125,0,0
1779556671.967797,0.201171875,0.091796875,0.00390625,-0.013671875,0.064453125,-0.0078125,0,0
1779556671.975785,0.201171875,0.091796875,0.00390625,-0.013671875,0.05859375,-0.0078125,0,0
1779556671.983902,0.1875,0.08203125,0.00390625,-0.013671875,0.05859375,-0.0078125,0,0
1779556671.991799,0.1875,0.08203125,0.00390625,-0.013671875,0.05078125,-0.0078125,0,0
1779556671.999772,0.173828125,0.07421875,0.00390625,-0.013671875,0.05078125,-0.0078125,0,0
1779556672.007805,0.173828125,0.07421875,0.00390625,-0.013671875,0.0390625,-0.0078125,0,0
1779556672.015766,0.15625,0.06640625,0.00390625,-0.013671875,0.0390625,-0.0078125,0,0
1779556672.023826,0.15625,0.06640625,0.00390625,-0.013671875,0.033203125,-0.0078125,0,0
1779556672.031820,0.142578125,0.0546875,0.00390625,-0.013671875,0.033203125,-0.0078125,0,0
1779556672.039797,0.142578125,0.0546875,0.00390625,-0.013671875,0.02734375,-0.0078125,0,0
1779556672.047775,0.12890625,0.048828125,0.00390625,-0.013671875,0.02734375,-0.0078125,0,0
1779556672.055806,0.12890625,0.048828125,0.00390625,-0.013671875,0.017578125,-0.0078125,0,0
1779556672.063797,0.119140625,0.04296875,0.00390625,-0.013671875,0.017578125,-0.0078125,0,0
1779556672.071786,0.119140625,0.04296875,0.00390625,-0.013671875,0.015625,-0.0078125,0,0
1779556672.079793,0.111328125,0.04296875,0.00390625,-0.013671875,0.015625,-0.0078125,0,0
1779556672.087850,0.111328125,0.04296875,0.00390625,-0.013671875,0.01171875,-0.0078125,0,0
1779556672.095768,0.1015625,0.03515625,0.00390625,-0.013671875,0.01171875,-0.0078125,0,0
1779556672.103776,0.1015625,0.03515625,0.00390625,-0.013671875,0.009765625,-0.0078125,0,0
1779556672.111844,0.08984375,0.025390625,0.00390625,-0.013671875,0.009765625,-0.0078125,0,0
1779556672.119783,0.08984375,0.025390625,0.00390625,-0.013671875,0.005859375,-0.0078125,0,0
1779556672.127790,0.07421875,0.015625,0.00390625,-0.013671875,0.005859375,-0.0078125,0,0
1779556672.135782,0.07421875,0.015625,0.00390625,-0.013671875,0.0,-0.0078125,0,0
1779556672.143829,0.046875,0.01171875,0.00390625,-0.013671875,0.0,-0.0078125,0,0
1779556672.159884,0.013671875,0.015625,0.00390625,-0.013671875,0.0,-0.0078125,0,0
1779556672.175797,0.013671875,0.0234375,0.00390625,-0.013671875,0.0,-0.0078125,0,0
1779556672.183847,0.013671875,0.0234375,0.00390625,-0.013671875,0.0,0.0,0,0
1779556672.191812,0.013671875,0.0234375,0.00390625,-0.013671875,0.0,0.0,0,0
1779556672.199781,0.013671875,0.0234375,0.00390625,-0.013671875,0.0,-0.00390625,0,0
1779556672.207788,0.013671875,0.017578125,0.00390625,-0.013671875,0.0,-0.00390625,0,0
1779556672.215802,0.013671875,0.017578125,0.00390625,-0.013671875,0.0,0.0,0,0
1779556672.223796,0.013671875,0.005859375,0.00390625,-0.013671875,0.0,0.0,0,0
1779556672.253759,0.0,0.0,0.0,0.0,0.0,0.0,0,0
1779556672.255744,0.009765625,0.005859375,0.00390625,-0.013671875,0.0,0.0,0,0
1779556672.271769,0.01953125,0.005859375,0.00390625,-0.013671875,0.0,0.0,0,0
1779556672.287770,0.025390625,0.005859375,0.00390625,-0.013671875,0.0,0.0,0,0
1779556672.303801,0.033203125,0.005859375,0.00390625,-0.013671875,0.0,0.0,0,0
1779556672.319826,0.048828125,0.005859375,0.00390625,-0.013671875,0.0,0.0,0,0
1779556672.335820,0.064453125,0.005859375,0.00390625,-0.013671875,0.0,0.0,0,0
1779556672.351867,0.076171875,0.005859375,0.00390625,-0.013671875,0.0,0.0,0,0
1779556672.367814,0.0859375,0.005859375,0.00390625,-0.013671875,0.0,0.0,0,0
1779556672.375842,0.0859375,0.005859375,0.00390625,-0.013671875,0.005859375,0.0,0,0
1779556672.383803,0.0859375,0.005859375,0.00390625,-0.013671875,0.005859375,0.0,0,0
1779556672.391783,0.0859375,0.005859375,0.00390625,-0.013671875,0.009765625,0.0,0,0
1779556672.399796,0.0703125,0.005859375,0.00390625,-0.013671875,0.009765625,0.0,0,0
1779556672.407842,0.0703125,0.005859375,0.00390625,-0.013671875,0.005859375,0.0,0,0
1779556672.415782,0.0546875,0.005859375,0.00390625,-0.013671875,0.005859375,0.0,0,0
1779556672.431802,0.04296875,0.005859375,0.00390625,-0.013671875,0.005859375,0.0,0,0
1779556672.447770,0.03125,0.005859375,0.00390625,-0.013671875,0.005859375,0.0,0,0
1779556672.463829,0.0234375,0.005859375,0.00390625,-0.013671875,0.005859375,0.0,0,0
1779556672.479790,0.03515625,0.005859375,0.00390625,-0.013671875,0.005859375,0.0,0,0
1779556672.495799,0.0390625,0.005859375,0.00390625,-0.013671875,0.005859375,0.0,0,0
1779556672.511788,0.0390625,0.005859375,0.00390625,-0.013671875,0.005859375,0.0,0,0
1779556672.527804,0.02734375,0.005859375,0.00390625,-0.013671875,0.005859375,0.0,0,0
1779556672.543803,0.01171875,0.005859375,0.00390625,-0.013671875,0.005859375,0.0,0,0
1779556672.573774,0.0,0.0,0.0,0.0,0.0,0.0,0,0
1779556672.604754,0.0,0.0,0.0,0.0,0.0,0.0,0,0
1779556672.615835,0.01171875,0.0,0.00390625,-0.013671875,0.005859375,0.0,0,0
1779556672.631821,0.01171875,-0.005859375,0.00390625,-0.013671875,0.005859375,0.0,0,0
1779556672.647786,0.0,-0.013671875,0.00390625,-0.013671875,0.005859375,0.0,0,0
1779556672.663821,0.0078125,-0.021484375,0.00390625,-0.013671875,0.005859375,0.0,0,0
1779556672.679799,0.0078125,-0.021484375,0.00390625,-0.013671875,0.005859375,0.0,0,0
1779556672.695828,0.009765625,-0.01953125,0.00390625,-0.013671875,0.005859375,0.0,0,0
1779556672.711818,0.005859375,-0.017578125,0.00390625,-0.013671875,0.005859375,0.0,0,0
1779556672.727849,0.0,-0.017578125,0.00390625,-0.013671875,0.005859375,0.0,0,0
1779556672.743834,0.0,-0.013671875,0.00390625,-0.013671875,0.005859375,0.0,0,0
1779556672.759952,0.0,-0.01171875,0.00390625,-0.013671875,0.005859375,0.0,0,0
1779556672.775821,0.0,-0.01171875,0.00390625,-0.013671875,0.005859375,0.0,0,0
1779556672.791842,0.0,-0.01171875,0.00390625,-0.013671875,0.005859375,0.0,0,0
1779556672.807821,0.0,-0.005859375,0.00390625,-0.013671875,0.005859375,0.0,0,0
1779556672.823821,0.0,-0.00390625,0.00390625,-0.013671875,0.005859375,0.0,0,0
1779556672.839810,0.0,-0.00390625,0.00390625,-0.013671875,0.005859375,0.0,0,0
1779556672.855824,0.0,-0.0078125,0.00390625,-0.013671875,0.005859375,0.0,0,0
1779556672.871797,0.00390625,-0.013671875,0.0,-0.013671875,0.005859375,0.0,0,0
1779556672.887813,0.013671875,-0.017578125,-0.0234375,-0.013671875,0.005859375,0.0,0,0
1779556672.903824,0.015625,-0.01953125,-0.041015625,-0.013671875,0.005859375,0.0,0,0
1779556672.919817,0.015625,-0.017578125,-0.068359375,-0.013671875,0.005859375,0.0,0,0
1779556672.927815,0.015625,-0.017578125,-0.068359375,0.005859375,0.005859375,0.0,0,0
1779556672.935831,0.009765625,-0.017578125,-0.087890625,0.005859375,0.005859375,0.0,0,0
1779556672.943799,0.009765625,-0.017578125,-0.087890625,0.017578125,-0.013671875,0.0,0,0
1779556672.951840,0.0,-0.01953125,-0.1171875,0.017578125,-0.013671875,0.0,0,0
1779556672.959841,0.0,-0.01953125,-0.1171875,0.033203125,-0.037109375,0.0,0,0
1779556672.967769,0.0,-0.0234375,-0.140625,0.033203125,-0.037109375,0.0,0,0
1779556672.975829,0.0,-0.0234375,-0.140625,0.044921875,-0.05078125,0.0,0,0
1779556672.983795,0.005859375,-0.03125,-0.16015625,0.044921875,-0.05078125,0.0,0,0
1779556672.991759,0.005859375,-0.03125,-0.16015625,0.05859375,-0.064453125,0.0,0,0
1779556672.999782,0.015625,-0.033203125,-0.177734375,0.05859375,-0.064453125,0.0,0,0
1779556673.007790,0.015625,-0.033203125,-0.177734375,0.0703125,-0.0703125,0.0,0,0
1779556673.015805,0.0234375,-0.033203125,-0.203125,0.0703125,-0.0703125,0.0,0,0
1779556673.023787,0.0234375,-0.033203125,-0.203125,0.083984375,-0.078125,0.0,0,0
1779556673.031817,0.0234375,-0.033203125,-0.228515625,0.083984375,-0.078125,0.0,0,0
1779556673.039809,0.0234375,-0.033203125,-0.228515625,0.09375,-0.091796875,0.0,0,0
1779556673.047820,0.015625,-0.04296875,-0.248046875,0.09375,-0.091796875,0.0,0,0
1779556673.055781,0.015625,-0.04296875,-0.248046875,0.1015625,-0.109375,0.0,0,0
1779556673.063786,0.01171875,-0.046875,-0.26171875,0.1015625,-0.109375,0.0,0,0
1779556673.071802,0.01171875,-0.046875,-0.26171875,0.1015625,-0.12109375,0.0,0,0
1779556673.079784,0.017578125,-0.046875,-0.265625,0.1015625,-0.12109375,0.0,0,0
1779556673.087830,0.017578125,-0.046875,-0.265625,0.10546875,-0.123046875,0.0,0,0
1779556673.095856,0.025390625,-0.044921875,-0.267578125,0.10546875,-0.123046875,0.0,0,0
1779556673.103817,0.025390625,-0.044921875,-0.267578125,0.107421875,-0.1171875,0.0,0,0
1779556673.111798,0.033203125,-0.046875,-0.271484375,0.107421875,-0.1171875,0.0,0,0
1779556673.119808,0.033203125,-0.046875,-0.271484375,0.107421875,-0.11328125,0.0,0,0
1779556673.127826,0.0390625,-0.04296875,-0.27734375,0.107421875,-0.11328125,0.0,0,0
1779556673.135837,0.0390625,-0.04296875,-0.27734375,0.109375,-0.109375,0.0,0,0
1779556673.143772,0.03515625,-0.041015625,-0.29296875,0.109375,-0.109375,0.0,0,0
1779556673.151783,0.03515625,-0.041015625,-0.29296875,0.115234375,-0.115234375,0.0,0,0
1779556673.159786,0.025390625,-0.04296875,-0.30078125,0.115234375,-0.115234375,0.0,0,0
1779556673.167785,0.025390625,-0.04296875,-0.30078125,0.119140625,-0.126953125,0.0,0,0
1779556673.175817,0.017578125,-0.04296875,-0.302734375,0.119140625,-0.126953125,0.0,0,0
1779556673.183810,0.017578125,-0.04296875,-0.302734375,0.119140625,-0.134765625,0.0,0,0
1779556673.191764,0.017578125,-0.04296875,-0.296875,0.119140625,-0.134765625,0.0,0,0
1779556673.199866,0.017578125,-0.04296875,-0.296875,0.115234375,-0.13671875,0.0,0,0
1779556673.207790,0.0234375,-0.04296875,-0.27734375,0.115234375,-0.13671875,0.0,0,0
1779556673.215767,0.0234375,-0.04296875,-0.27734375,0.11328125,-0.125,0.0,0,0
1779556673.223719,0.033203125,-0.0390625,-0.23828125,0.11328125,-0.125,0.0,0,0
1779556673.231732,0.033203125,-0.0390625,-0.23828125,0.10546875,-0.107421875,0.0,0,0
1779556673.239748,0.044921875,-0.029296875,-0.18359375,0.10546875,-0.107421875,0.0,0,0
1779556673.247771,0.044921875,-0.029296875,-0.18359375,0.0859375,-0.08203125,0.0,0,0
1779556673.255758,0.04296875,-0.033203125,-0.119140625,0.0859375,-0.08203125,0.0,0,0
1779556673.263846,0.04296875,-0.033203125,-0.119140625,0.048828125,-0.05078125,0.0,0,0
1779556673.271842,0.04296875,-0.0390625,-0.076171875,0.048828125,-0.05078125,0.0,0,0
1779556673.279793,0.04296875,-0.0390625,-0.076171875,0.021484375,-0.0234375,0.0,0,0
1779556673.287788,0.033203125,-0.052734375,-0.017578125,0.021484375,-0.0234375,0.0,0,0
1779556673.303732,0.0234375,-0.0546875,-0.017578125,0.021484375,-0.0234375,0.0,0,0
1779556673.319752,0.013671875,-0.05078125,-0.017578125,0.021484375,-0.0234375,0.0,0,0
1779556673.335797,0.017578125,-0.06640625,-0.017578125,0.021484375,-0.0234375,0.0,0,0
1779556673.351789,0.029296875,-0.078125,-0.017578125,0.021484375,-0.0234375,0.0,0,0
1779556673.359793,0.029296875,-0.078125,-0.017578125,0.029296875,-0.0234375,0.0,0,0
1779556673.367794,0.0546875,-0.0703125,-0.017578125,0.029296875,-0.0234375,0.0,0,0
1779556673.375831,0.0546875,-0.0703125,-0.017578125,0.064453125,-0.0234375,0.0,0,0
1779556673.383838,0.064453125,-0.0625,-0.017578125,0.064453125,-0.0234375,0.0,0,0
1779556673.391844,0.064453125,-0.0625,-0.017578125,0.095703125,-0.0234375,0.0,0,0
1779556673.399787,0.052734375,-0.076171875,-0.017578125,0.095703125,-0.0234375,0.0,0,0
1779556673.407855,0.052734375,-0.076171875,-0.017578125,0.166015625,-0.0234375,0.0,0,0
1779556673.415810,0.0390625,-0.08984375,-0.017578125,0.166015625,-0.0234375,0.0,0,0
1779556673.423814,0.0390625,-0.08984375,-0.017578125,0.27734375,-0.00390625,0.0,0,0
1779556673.431797,0.0234375,-0.09375,-0.017578125,0.27734375,-0.00390625,0.0,0,0
1779556673.439785,0.0234375,-0.09375,-0.017578125,0.40625,-0.041015625,0.0,0,0
1779556673.447829,0.01953125,-0.091796875,-0.017578125,0.40625,-0.041015625,0.0,0,0
1779556673.455824,0.01953125,-0.091796875,-0.017578125,0.50390625,-0.05859375,-0.005859375,0,0
1779556673.463853,0.03125,-0.0859375,-0.017578125,0.50390625,-0.05859375,-0.005859375,0,0
1779556673.471829,0.03125,-0.0859375,-0.017578125,0.6015625,-0.076171875,-0.0234375,0,0
1779556673.479802,0.037109375,-0.0859375,-0.017578125,0.6015625,-0.076171875,-0.0234375,0,0
1779556673.487855,0.037109375,-0.0859375,-0.017578125,0.681640625,-0.0859375,-0.0234375,0,0
1779556673.495862,0.0390625,-0.08203125,-0.017578125,0.681640625,-0.0859375,-0.0234375,0,0
1779556673.503782,0.0390625,-0.08203125,-0.017578125,0.68359375,-0.103515625,-0.0234375,0,0
1779556673.511839,0.03515625,-0.08203125,-0.017578125,0.68359375,-0.103515625,-0.0234375,0,0
1779556673.519807,0.03515625,-0.08203125,-0.017578125,0.68359375,-0.1171875,-0.01953125,0,0
1779556673.527808,0.033203125,-0.083984375,-0.017578125,0.68359375,-0.1171875,-0.01953125,0,0
1779556673.535777,0.033203125,-0.083984375,-0.017578125,0.68359375,-0.123046875,-0.01953125,0,0
1779556673.543792,0.029296875,-0.083984375,-0.017578125,0.68359375,-0.123046875,-0.01953125,0,0
1779556673.551809,0.029296875,-0.083984375,-0.017578125,0.68359375,-0.123046875,-0.01953125,0,0
1779556673.559814,0.025390625,-0.083984375,-0.017578125,0.68359375,-0.123046875,-0.01953125,0,0
1779556673.567774,0.025390625,-0.083984375,-0.017578125,0.68359375,-0.1171875,-0.01953125,0,0
1779556673.575783,0.0234375,-0.083984375,-0.017578125,0.68359375,-0.1171875,-0.01953125,0,0
1779556673.583835,0.0234375,-0.083984375,-0.017578125,0.68359375,-0.11328125,-0.01953125,0,0
1779556673.591798,0.01953125,-0.0859375,-0.017578125,0.68359375,-0.11328125,-0.01953125,0,0
1779556673.599858,0.01953125,-0.0859375,-0.017578125,0.68359375,-0.109375,-0.021484375,0,0
1779556673.607851,0.009765625,-0.078125,-0.0234375,0.68359375,-0.109375,-0.021484375,0,0
1779556673.615893,0.009765625,-0.078125,-0.0234375,0.68359375,-0.10546875,-0.0234375,0,0
1779556673.623833,0.009765625,-0.076171875,-0.044921875,0.68359375,-0.10546875,-0.0234375,0,0
1779556673.631790,0.009765625,-0.076171875,-0.044921875,0.68359375,-0.109375,-0.025390625,0,0
1779556673.639792,0.009765625,-0.0703125,-0.0703125,0.68359375,-0.109375,-0.025390625,0,0
1779556673.647807,0.009765625,-0.0703125,-0.0703125,0.68359375,-0.109375,-0.033203125,0,0
1779556673.655823,0.009765625,-0.076171875,-0.08984375,0.68359375,-0.109375,-0.033203125,0,0
1779556673.663776,0.009765625,-0.076171875,-0.08984375,0.68359375,-0.109375,-0.03515625,0,0
1779556673.671794,0.009765625,-0.087890625,-0.09375,0.68359375,-0.109375,-0.03515625,0,0
1779556673.679776,0.009765625,-0.087890625,-0.09375,0.662109375,-0.099609375,-0.037109375,0,0
1779556673.687822,0.009765625,-0.09765625,-0.095703125,0.662109375,-0.099609375,-0.037109375,0,0
1779556673.695830,0.009765625,-0.09765625,-0.095703125,0.58984375,-0.08203125,-0.0390625,0,0
1779556673.703735,0.009765625,-0.1015625,-0.09765625,0.58984375,-0.08203125,-0.0390625,0,0
1779556673.711785,0.009765625,-0.1015625,-0.09765625,0.513671875,-0.07421875,-0.04296875,0,0
1779556673.719798,0.009765625,-0.107421875,-0.0859375,0.513671875,-0.07421875,-0.04296875,0,0
1779556673.727816,0.009765625,-0.107421875,-0.0859375,0.453125,-0.0625,-0.04296875,0,0
1779556673.735826,0.009765625,-0.11328125,-0.0625,0.453125,-0.0625,-0.04296875,0,0
1779556673.743821,0.009765625,-0.11328125,-0.0625,0.390625,-0.048828125,-0.04296875,0,0
1779556673.751814,0.009765625,-0.125,-0.033203125,0.390625,-0.048828125,-0.04296875,0,0
1779556673.759798,0.009765625,-0.125,-0.033203125,0.3125,-0.029296875,-0.04296875,0,0
1779556673.767813,0.009765625,-0.125,-0.017578125,0.3125,-0.029296875,-0.04296875,0,0
1779556673.775870,0.009765625,-0.125,-0.017578125,0.248046875,-0.015625,-0.04296875,0,0
1779556673.783795,0.009765625,-0.125,-0.009765625,0.248046875,-0.015625,-0.04296875,0,0
1779556673.791794,0.009765625,-0.125,-0.009765625,0.22265625,-0.0078125,-0.041015625,0,0
1779556673.799784,0.009765625,-0.126953125,-0.009765625,0.22265625,-0.0078125,-0.041015625,0,0
1779556673.807775,0.009765625,-0.126953125,-0.009765625,0.19921875,-0.00390625,-0.0390625,0,0
1779556673.815789,0.009765625,-0.11328125,-0.009765625,0.19921875,-0.00390625,-0.0390625,0,0
1779556673.823828,0.009765625,-0.11328125,-0.009765625,0.1796875,-0.00390625,-0.041015625,0,0
1779556673.831803,0.009765625,-0.103515625,-0.009765625,0.1796875,-0.00390625,-0.041015625,0,0
1779556673.839793,0.009765625,-0.103515625,-0.009765625,0.15625,-0.00390625,-0.04296875,0,0
1779556673.847829,0.009765625,-0.103515625,-0.009765625,0.15625,-0.00390625,-0.04296875,0,0
1779556673.855815,0.009765625,-0.103515625,-0.009765625,0.146484375,-0.00390625,-0.04296875,0,0
1779556673.863820,0.009765625,-0.099609375,-0.009765625,0.146484375,-0.00390625,-0.04296875,0,0
1779556673.871773,0.009765625,-0.099609375,-0.009765625,0.130859375,-0.00390625,-0.037109375,0,0
1779556673.879814,0.009765625,-0.095703125,-0.009765625,0.130859375,-0.00390625,-0.037109375,0,0
1779556673.887817,0.009765625,-0.095703125,-0.009765625,0.1171875,-0.00390625,-0.03125,0,0
1779556673.895804,0.0,-0.091796875,-0.009765625,0.1171875,-0.00390625,-0.03125,0,0
1779556673.903797,0.0,-0.091796875,-0.009765625,0.109375,-0.00390625,-0.02734375,0,0
1779556673.911755,0.0,-0.083984375,-0.009765625,0.109375,-0.00390625,-0.02734375,0,0
1779556673.919803,0.0,-0.083984375,-0.009765625,0.107421875,-0.00390625,-0.02734375,0,0
1779556673.927808,0.0,-0.072265625,-0.009765625,0.107421875,-0.00390625,-0.02734375,0,0
1779556673.935795,0.0,-0.072265625,-0.009765625,0.095703125,-0.00390625,-0.02734375,0,0
1779556673.943824,0.0,-0.064453125,-0.009765625,0.095703125,-0.00390625,-0.02734375,0,0
1779556673.951803,0.0,-0.064453125,-0.009765625,0.0859375,-0.00390625,-0.02734375,0,0
1779556673.959770,0.0,-0.060546875,-0.009765625,0.0859375,-0.00390625,-0.02734375,0,0
1779556673.967784,0.0,-0.060546875,-0.009765625,0.076171875,-0.00390625,-0.02734375,0,0
1779556673.975753,0.0,-0.0546875,-0.009765625,0.076171875,-0.00390625,-0.02734375,0,0
1779556673.983793,0.0,-0.0546875,-0.009765625,0.0703125,-0.00390625,-0.029296875,0,0
1779556673.991717,0.0,-0.05078125,-0.009765625,0.0703125,-0.00390625,-0.029296875,0,0
1779556673.999732,0.0,-0.05078125,-0.009765625,0.0625,-0.00390625,-0.03125,0,0
1779556674.007742,0.0,-0.05078125,-0.009765625,0.0625,-0.00390625,-0.03125,0,0
1779556674.015783,0.0,-0.05078125,-0.009765625,0.052734375,-0.00390625,-0.033203125,0,0
1779556674.023800,0.0,-0.05078125,-0.021484375,0.052734375,-0.00390625,-0.033203125,0,0
1779556674.031806,0.0,-0.05078125,-0.021484375,0.048828125,-0.01171875,-0.033203125,0,0
1779556674.039794,0.0,-0.0546875,-0.046875,0.048828125,-0.01171875,-0.033203125,0,0
1779556674.047798,0.0,-0.0546875,-0.046875,0.052734375,-0.033203125,-0.0390625,0,0
1779556674.055777,0.0,-0.056640625,-0.060546875,0.052734375,-0.033203125,-0.0390625,0,0
1779556674.064164,0.0,-0.056640625,-0.060546875,0.056640625,-0.044921875,-0.04296875,0,0
1779556674.071765,0.0,-0.05859375,-0.07421875,0.056640625,-0.044921875,-0.04296875,0,0
1779556674.079800,0.0,-0.05859375,-0.07421875,0.056640625,-0.056640625,-0.044921875,0,0
1779556674.087828,0.0,-0.0625,-0.076171875,0.056640625,-0.056640625,-0.044921875,0,0
1779556674.095742,0.0,-0.0625,-0.076171875,0.0546875,-0.056640625,-0.044921875,0,0
1779556674.103812,0.0,-0.068359375,-0.068359375,0.0546875,-0.056640625,-0.044921875,0,0
1779556674.111803,0.0,-0.068359375,-0.068359375,0.0546875,-0.046875,-0.044921875,0,0
1779556674.119813,0.0,-0.072265625,-0.060546875,0.0546875,-0.046875,-0.044921875,0,0
1779556674.127731,0.0,-0.072265625,-0.060546875,0.052734375,-0.02734375,-0.044921875,0,0
1779556674.135782,0.0,-0.07421875,-0.05078125,0.052734375,-0.02734375,-0.044921875,0,0
1779556674.143807,0.0,-0.07421875,-0.05078125,0.052734375,-0.015625,-0.044921875,0,0
1779556674.151821,0.013671875,-0.076171875,-0.0390625,0.052734375,-0.015625,-0.044921875,0,0
1779556674.159776,0.013671875,-0.076171875,-0.0390625,0.052734375,-0.015625,-0.044921875,0,0
1779556674.167774,0.02734375,-0.078125,-0.033203125,0.052734375,-0.015625,-0.044921875,0,0
1779556674.175812,0.02734375,-0.078125,-0.033203125,0.0546875,-0.015625,-0.044921875,0,0
1779556674.183792,0.03515625,-0.078125,-0.01953125,0.0546875,-0.015625,-0.044921875,0,0
1779556674.191843,0.03515625,-0.078125,-0.01953125,0.05859375,-0.015625,-0.044921875,0,0
1779556674.199803,0.041015625,-0.07421875,0.0,0.05859375,-0.015625,-0.044921875,0,0
1779556674.207803,0.041015625,-0.07421875,0.0,0.060546875,-0.015625,-0.046875,0,0
1779556674.215761,0.037109375,-0.06640625,0.0,0.060546875,-0.015625,-0.046875,0,0
1779556674.223803,0.037109375,-0.06640625,0.0,0.060546875,-0.015625,-0.046875,0,0
1779556674.231777,0.021484375,-0.05859375,0.0,0.060546875,-0.015625,-0.046875,0,0
1779556674.239796,0.021484375,-0.05859375,0.0,0.056640625,-0.015625,-0.048828125,0,0
1779556674.247762,0.021484375,-0.0390625,0.0,0.056640625,-0.015625,-0.048828125,0,0
1779556674.255767,0.021484375,-0.0390625,0.0,0.046875,-0.015625,-0.05078125,0,0
1779556674.263747,0.021484375,-0.01953125,0.0,0.046875,-0.015625,-0.05078125,0,0
1779556674.271836,0.021484375,-0.01953125,0.0,0.03515625,-0.015625,-0.05078125,0,0
1779556674.279808,0.021484375,0.0,0.0,0.03515625,-0.015625,-0.05078125,0,0
1779556674.287772,0.021484375,0.0,0.0,0.021484375,-0.015625,-0.052734375,0,0
1779556674.303798,0.021484375,0.0,0.0,0.013671875,-0.015625,-0.0546875,0,0
1779556674.319830,0.021484375,0.0,0.0,0.00390625,-0.015625,-0.056640625,0,0
1779556674.335827,0.021484375,0.0,0.0,0.0,0.0,-0.056640625,0,0
1779556674.351776,0.021484375,0.0,0.0,0.00390625,-0.00390625,-0.052734375,0,0
1779556674.367784,0.021484375,0.0,0.0,0.005859375,0.0,-0.044921875,0,0
1779556674.375859,0.021484375,-0.0078125,0.0,0.005859375,0.0,-0.044921875,0,0
1779556674.383832,0.021484375,-0.0078125,0.0,0.009765625,0.0,-0.03515625,0,0
1779556674.391791,0.021484375,-0.013671875,0.0,0.009765625,0.0,-0.03515625,0,0
1779556674.399810,0.021484375,-0.013671875,0.0,0.015625,0.0,-0.029296875,0,0
1779556674.407809,0.021484375,-0.0234375,0.0,0.015625,0.0,-0.029296875,0,0
1779556674.415845,0.021484375,-0.0234375,0.0,0.017578125,0.0,-0.02734375,0,0
1779556674.423836,0.021484375,-0.03125,0.0,0.017578125,0.0,-0.02734375,0,0
1779556674.431776,0.021484375,-0.03125,0.0,0.02734375,0.0,-0.025390625,0,0
1779556674.439762,0.021484375,-0.041015625,0.0,0.02734375,0.0,-0.025390625,0,0
1779556674.447795,0.021484375,-0.041015625,0.0,0.03125,0.0,-0.025390625,0,0
1779556674.455797,0.021484375,-0.052734375,0.0,0.03125,0.0,-0.025390625,0,0
1779556674.463858,0.021484375,-0.052734375,0.0,0.0390625,0.0,-0.0234375,0,0
1779556674.471768,0.0,-0.060546875,0.0,0.0390625,0.0,-0.0234375,0,0
1779556674.479781,0.0,-0.060546875,0.0,0.04296875,0.0,-0.021484375,0,0
1779556674.487817,0.009765625,-0.060546875,0.0,0.04296875,0.0,-0.021484375,0,0
1779556674.495793,0.009765625,-0.060546875,0.0,0.04296875,0.0,-0.021484375,0,0
1779556674.503771,0.009765625,-0.05859375,0.0,0.04296875,0.0,-0.021484375,0,0
1779556674.511772,0.009765625,-0.05859375,0.0,0.04296875,0.0,-0.021484375,0,0
1779556674.519772,0.0,-0.05078125,0.0,0.04296875,0.0,-0.021484375,0,0
1779556674.527764,0.0,-0.05078125,0.0,0.0390625,0.0,-0.021484375,0,0
1779556674.535782,0.0,-0.04296875,0.0,0.0390625,0.0,-0.021484375,0,0
1779556674.543736,0.0,-0.04296875,0.0,0.0390625,0.0,-0.0234375,0,0
1779556674.551807,0.0,-0.037109375,0.0,0.0390625,0.0,-0.0234375,0,0
1779556674.559811,0.0,-0.037109375,0.0,0.037109375,0.0,-0.0234375,0,0
1779556674.567822,0.0,-0.037109375,0.0,0.037109375,0.0,-0.0234375,0,0
1779556674.575823,0.0,-0.037109375,0.0,0.037109375,0.0,-0.0234375,0,0
1779556674.583821,0.0,-0.037109375,0.0,0.037109375,0.0,-0.0234375,0,0
1779556674.591801,0.0,-0.037109375,0.0,0.041015625,0.0,-0.025390625,0,0
1779556674.599772,0.0,-0.041015625,0.0,0.041015625,0.0,-0.025390625,0,0
1779556674.607772,0.0,-0.041015625,0.0,0.044921875,0.0,-0.025390625,0,0
1779556674.615790,0.0,-0.041015625,0.0,0.044921875,0.0,-0.025390625,0,0
1779556674.623796,0.0,-0.041015625,0.0,0.04296875,0.0,-0.025390625,0,0
1779556674.631808,0.0,-0.041015625,0.0,0.04296875,0.0,-0.025390625,0,0
1779556674.639861,0.0,-0.041015625,0.0,0.04296875,0.0,-0.025390625,0,0
1779556674.647809,0.0,-0.0390625,0.0,0.04296875,0.0,-0.025390625,0,0
1779556674.655859,0.0,-0.0390625,0.0,0.04296875,0.0,-0.025390625,0,0
1779556674.663835,0.00390625,-0.037109375,0.0,0.04296875,0.0,-0.025390625,0,0
1779556674.671804,0.00390625,-0.037109375,0.0,0.041015625,0.0,-0.025390625,0,0
1779556674.679825,0.00390625,-0.037109375,0.0,0.041015625,0.0,-0.025390625,0,0
1779556674.687848,0.00390625,-0.037109375,0.0,0.041015625,0.0,-0.025390625,0,0
1779556674.695799,0.005859375,-0.0390625,0.0,0.041015625,0.0,-0.025390625,0,0
1779556674.703809,0.005859375,-0.0390625,0.0,0.044921875,0.0,-0.025390625,0,0
1779556674.711837,0.005859375,-0.044921875,-0.005859375,0.044921875,0.0,-0.025390625,0,0
1779556674.719783,0.005859375,-0.044921875,-0.005859375,0.048828125,0.0,-0.0234375,0,0
1779556674.727818,0.0,-0.048828125,-0.01171875,0.048828125,0.0,-0.0234375,0,0
1779556674.735775,0.0,-0.048828125,-0.01171875,0.05078125,0.0,-0.021484375,0,0
1779556674.743780,0.0,-0.048828125,-0.013671875,0.05078125,0.0,-0.021484375,0,0
1779556674.751796,0.0,-0.048828125,-0.013671875,0.05078125,0.0,-0.021484375,0,0
1779556674.759817,0.0,-0.04296875,-0.013671875,0.05078125,0.0,-0.021484375,0,0
1779556674.767748,0.0,-0.04296875,-0.013671875,0.044921875,0.0,-0.021484375,0,0
1779556674.775794,0.0,-0.03515625,-0.013671875,0.044921875,0.0,-0.021484375,0,0
1779556674.783803,0.0,-0.03515625,-0.013671875,0.041015625,0.0,-0.021484375,0,0
1779556674.791830,0.0,-0.02734375,-0.013671875,0.041015625,0.0,-0.021484375,0,0
1779556674.799810,0.0,-0.02734375,-0.013671875,0.037109375,0.0,-0.021484375,0,0
1779556674.807816,0.0,-0.02734375,-0.013671875,0.037109375,0.0,-0.021484375,0,0
1779556674.815831,0.0,-0.02734375,-0.013671875,0.037109375,0.0,-0.021484375,0,0
1779556674.823780,0.0,-0.02734375,-0.021484375,0.037109375,0.0,-0.021484375,0,0
1779556674.831789,0.0,-0.02734375,-0.021484375,0.037109375,0.0,-0.021484375,0,0
1779556674.839750,0.0,-0.02734375,-0.03125,0.037109375,0.0,-0.021484375,0,0
1779556674.847797,0.0,-0.02734375,-0.03125,0.037109375,-0.00390625,-0.021484375,0,0
1779556674.855789,0.0,-0.029296875,-0.037109375,0.037109375,-0.00390625,-0.021484375,0,0
1779556674.863784,0.0,-0.029296875,-0.037109375,0.037109375,-0.013671875,-0.021484375,0,0
1779556674.871799,0.0,-0.02734375,-0.044921875,0.037109375,-0.013671875,-0.021484375,0,0
1779556674.879766,0.0,-0.02734375,-0.044921875,0.0390625,-0.015625,-0.021484375,0,0
1779556674.887825,0.0,-0.025390625,-0.05078125,0.0390625,-0.015625,-0.021484375,0,0
1779556674.895848,0.0,-0.025390625,-0.05078125,0.037109375,-0.021484375,-0.021484375,0,0
1779556674.903815,0.0,-0.025390625,-0.05859375,0.037109375,-0.021484375,-0.021484375,0,0
1779556674.911786,0.0,-0.025390625,-0.05859375,0.041015625,-0.029296875,-0.021484375,0,0
1779556674.919792,0.0,-0.029296875,-0.06640625,0.041015625,-0.029296875,-0.021484375,0,0
1779556674.927777,0.0,-0.029296875,-0.06640625,0.041015625,-0.03515625,-0.0234375,0,0
1779556674.935775,0.0,-0.033203125,-0.078125,0.041015625,-0.03515625,-0.0234375,0,0
1779556674.943790,0.0,-0.033203125,-0.078125,0.044921875,-0.041015625,-0.025390625,0,0
1779556674.951784,0.0,-0.037109375,-0.08984375,0.044921875,-0.041015625,-0.025390625,0,0
1779556674.959811,0.0,-0.037109375,-0.08984375,0.056640625,-0.044921875,-0.02734375,0,0
1779556674.967799,0.0,-0.03515625,-0.1015625,0.056640625,-0.044921875,-0.02734375,0,0
1779556674.975826,0.0,-0.03515625,-0.1015625,0.0703125,-0.052734375,-0.03125,0,0
1779556674.983843,0.0,-0.033203125,-0.12109375,0.0703125,-0.052734375,-0.03125,0,0
1779556674.991774,0.0,-0.033203125,-0.12109375,0.087890625,-0.05859375,-0.037109375,0,0
1779556674.999806,0.0,-0.03515625,-0.140625,0.087890625,-0.05859375,-0.037109375,0,0
1779556675.007768,0.0,-0.03515625,-0.140625,0.1015625,-0.068359375,-0.041015625,0,0
1779556675.015846,0.0,-0.033203125,-0.15234375,0.1015625,-0.068359375,-0.041015625,0,0
1779556675.023801,0.0,-0.033203125,-0.15234375,0.11328125,-0.076171875,-0.044921875,0,0
1779556675.031814,0.0,-0.033203125,-0.166015625,0.11328125,-0.076171875,-0.044921875,0,0
1779556675.039812,0.0,-0.033203125,-0.166015625,0.11328125,-0.08203125,-0.046875,0,0
1779556675.047888,0.0,-0.033203125,-0.181640625,0.11328125,-0.08203125,-0.046875,0,0
1779556675.055844,0.0,-0.033203125,-0.181640625,0.12890625,-0.08984375,-0.048828125,0,0
1779556675.063873,0.0,-0.03125,-0.197265625,0.12890625,-0.08984375,-0.048828125,0,0
1779556675.071846,0.0,-0.03125,-0.197265625,0.138671875,-0.091796875,-0.05078125,0,0
1779556675.079873,0.0,-0.03125,-0.212890625,0.138671875,-0.091796875,-0.05078125,0,0
1779556675.087831,0.0,-0.03125,-0.212890625,0.14453125,-0.09765625,-0.052734375,0,0
1779556675.095861,0.0,-0.029296875,-0.232421875,0.14453125,-0.09765625,-0.052734375,0,0
1779556675.103866,0.0,-0.029296875,-0.232421875,0.16015625,-0.107421875,-0.0546875,0,0
1779556675.111871,0.0,-0.02734375,-0.24609375,0.16015625,-0.107421875,-0.0546875,0,0
1779556675.119813,0.0,-0.02734375,-0.24609375,0.1796875,-0.1171875,-0.056640625,0,0
1779556675.127817,0.0,-0.025390625,-0.2578125,0.1796875,-0.1171875,-0.056640625,0,0
1779556675.135800,0.0,-0.025390625,-0.2578125,0.19140625,-0.123046875,-0.056640625,0,0
1779556675.151822,0.0,-0.025390625,-0.265625,0.19140625,-0.123046875,-0.056640625,0,0
1779556675.159806,0.0,-0.025390625,-0.265625,0.20703125,-0.123046875,-0.0546875,0,0
1779556675.167817,0.0,-0.025390625,-0.267578125,0.20703125,-0.123046875,-0.0546875,0,0
1779556675.175817,0.0,-0.025390625,-0.267578125,0.21484375,-0.123046875,-0.052734375,0,0
1779556675.183809,0.0,-0.03125,-0.26953125,0.21484375,-0.123046875,-0.052734375,0,0
1779556675.191834,0.0,-0.03125,-0.26953125,0.22265625,-0.125,-0.052734375,0,0
1779556675.199778,0.0,-0.033203125,-0.26953125,0.22265625,-0.125,-0.052734375,0,0
1779556675.207824,0.0,-0.033203125,-0.26953125,0.228515625,-0.125,-0.052734375,0,0
1779556675.215840,0.0,-0.033203125,-0.271484375,0.228515625,-0.125,-0.052734375,0,0
1779556675.223798,0.0,-0.033203125,-0.271484375,0.23828125,-0.130859375,-0.052734375,0,0
1779556675.231750,0.0,-0.037109375,-0.271484375,0.23828125,-0.130859375,-0.052734375,0,0
1779556675.239795,0.0,-0.037109375,-0.271484375,0.25390625,-0.134765625,-0.052734375,0,0
1779556675.247788,0.0,-0.0390625,-0.271484375,0.25390625,-0.134765625,-0.052734375,0,0
1779556675.255823,0.0,-0.0390625,-0.271484375,0.26171875,-0.134765625,-0.052734375,0,0
1779556675.263821,0.0,-0.04296875,-0.26953125,0.26171875,-0.134765625,-0.052734375,0,0
1779556675.271827,0.0,-0.04296875,-0.26953125,0.265625,-0.125,-0.048828125,0,0
1779556675.279806,0.0,-0.0390625,-0.267578125,0.265625,-0.125,-0.048828125,0,0
1779556675.287782,0.0,-0.0390625,-0.267578125,0.259765625,-0.11328125,-0.046875,0,0
1779556675.295794,0.0,-0.03515625,-0.25390625,0.259765625,-0.11328125,-0.046875,0,0
1779556675.303844,0.0,-0.03515625,-0.25390625,0.255859375,-0.095703125,-0.044921875,0,0
1779556675.311837,0.0,-0.037109375,-0.248046875,0.255859375,-0.095703125,-0.044921875,0,0
1779556675.319826,0.0,-0.037109375,-0.248046875,0.251953125,-0.083984375,-0.041015625,0,0
1779556675.327823,0.0,-0.04296875,-0.248046875,0.251953125,-0.083984375,-0.041015625,0,0
1779556675.335739,0.0,-0.04296875,-0.248046875,0.25,-0.0859375,-0.041015625,0,0
1779556675.343842,0.0,-0.048828125,-0.244140625,0.25,-0.0859375,-0.041015625,0,0
1779556675.351817,0.0,-0.048828125,-0.244140625,0.2578125,-0.083984375,-0.037109375,0,0
1779556675.359798,0.0,-0.048828125,-0.2421875,0.2578125,-0.083984375,-0.037109375,0,0
1779556675.367802,0.0,-0.048828125,-0.2421875,0.267578125,-0.080078125,-0.03515625,0,0
1779556675.375824,0.0,-0.048828125,-0.2421875,0.267578125,-0.080078125,-0.03515625,0,0
1779556675.383805,0.0,-0.048828125,-0.2421875,0.26953125,-0.078125,-0.03515625,0,0
1779556675.391871,0.0,-0.04296875,-0.2421875,0.26953125,-0.078125,-0.03515625,0,0
1779556675.399791,0.0,-0.04296875,-0.2421875,0.2734375,-0.072265625,-0.03515625,0,0
1779556675.407819,0.0,-0.03515625,-0.23828125,0.2734375,-0.072265625,-0.03515625,0,0
1779556675.415841,0.0,-0.03515625,-0.23828125,0.2734375,-0.072265625,-0.03515625,0,0
1779556675.423833,0.0,-0.025390625,-0.236328125,0.2734375,-0.072265625,-0.03515625,0,0
1779556675.431798,0.0,-0.025390625,-0.236328125,0.267578125,-0.0703125,-0.037109375,0,0
1779556675.439833,0.0,-0.0234375,-0.236328125,0.267578125,-0.0703125,-0.037109375,0,0
1779556675.447772,0.0,-0.0234375,-0.236328125,0.265625,-0.072265625,-0.037109375,0,0
1779556675.455793,0.0,-0.02734375,-0.240234375,0.265625,-0.072265625,-0.037109375,0,0
1779556675.463805,0.0,-0.02734375,-0.240234375,0.267578125,-0.080078125,-0.037109375,0,0
1779556675.471747,0.0,-0.02734375,-0.240234375,0.267578125,-0.080078125,-0.037109375,0,0
1779556675.479775,0.0,-0.02734375,-0.240234375,0.265625,-0.083984375,-0.037109375,0,0
1779556675.487746,0.0,-0.02734375,-0.240234375,0.265625,-0.083984375,-0.037109375,0,0
1779556675.495743,0.0,-0.02734375,-0.240234375,0.263671875,-0.0859375,-0.03515625,0,0
1779556675.503864,0.0,-0.025390625,-0.2421875,0.263671875,-0.0859375,-0.03515625,0,0
1779556675.511850,0.0,-0.025390625,-0.2421875,0.255859375,-0.087890625,-0.03515625,0,0
1779556675.519803,0.0,-0.021484375,-0.25,0.255859375,-0.087890625,-0.03515625,0,0
1779556675.527797,0.0,-0.021484375,-0.25,0.251953125,-0.08984375,-0.03515625,0,0
1779556675.535769,0.0,-0.015625,-0.25,0.251953125,-0.08984375,-0.03515625,0,0
1779556675.543795,0.0,-0.015625,-0.25,0.244140625,-0.091796875,-0.03515625,0,0
1779556675.551800,0.0,-0.0078125,-0.25,0.244140625,-0.091796875,-0.03515625,0,0
1779556675.559756,0.0,-0.0078125,-0.25,0.23828125,-0.091796875,-0.037109375,0,0
1779556675.567754,0.0,-0.00390625,-0.25390625,0.23828125,-0.091796875,-0.037109375,0,0
1779556675.575833,0.0,-0.00390625,-0.25390625,0.232421875,-0.09375,-0.037109375,0,0
1779556675.583803,0.0,-0.00390625,-0.2578125,0.232421875,-0.09375,-0.037109375,0,0
1779556675.591823,0.0,-0.00390625,-0.2578125,0.228515625,-0.1015625,-0.037109375,0,0
1779556675.599797,0.0,-0.00390625,-0.259765625,0.228515625,-0.1015625,-0.037109375,0,0
1779556675.607766,0.0,-0.00390625,-0.259765625,0.236328125,-0.1015625,-0.037109375,0,0
1779556675.615801,0.0,0.0,-0.263671875,0.236328125,-0.1015625,-0.037109375,0,0
1779556675.623802,0.0,0.0,-0.263671875,0.2421875,-0.1015625,-0.037109375,0,0
1779556675.631792,0.0,0.0,-0.265625,0.2421875,-0.1015625,-0.037109375,0,0
1779556675.639824,0.0,0.0,-0.265625,0.248046875,-0.1015625,-0.03515625,0,0
1779556675.647783,0.0,0.0,-0.26953125,0.248046875,-0.1015625,-0.03515625,0,0
1779556675.655797,0.0,0.0,-0.26953125,0.24609375,-0.09765625,-0.03515625,0,0
1779556675.663778,0.0,-0.005859375,-0.26953125,0.24609375,-0.09765625,-0.03515625,0,0
1779556675.671789,0.0,-0.005859375,-0.26953125,0.24609375,-0.095703125,-0.033203125,0,0
1779556675.679803,0.0,-0.0078125,-0.271484375,0.24609375,-0.095703125,-0.033203125,0,0
1779556675.687857,0.0,-0.0078125,-0.271484375,0.244140625,-0.09375,-0.033203125,0,0
1779556675.695801,0.0,-0.009765625,-0.2734375,0.244140625,-0.09375,-0.033203125,0,0
1779556675.703873,0.0,-0.009765625,-0.2734375,0.244140625,-0.095703125,-0.033203125,0,0
1779556675.711786,0.0,-0.009765625,-0.275390625,0.244140625,-0.095703125,-0.033203125,0,0
1779556675.719821,0.0,-0.009765625,-0.275390625,0.244140625,-0.09765625,-0.033203125,0,0
1779556675.727803,0.0,-0.00390625,-0.27734375,0.244140625,-0.09765625,-0.033203125,0,0
1779556675.735801,0.0,-0.00390625,-0.27734375,0.244140625,-0.099609375,-0.033203125,0,0
1779556675.743819,0.0,-0.00390625,-0.279296875,0.244140625,-0.099609375,-0.033203125,0,0
1779556675.751858,0.0,-0.00390625,-0.279296875,0.251953125,-0.099609375,-0.033203125,0,0
1779556675.759847,0.0,-0.00390625,-0.283203125,0.251953125,-0.099609375,-0.033203125,0,0
1779556675.767826,0.0,-0.00390625,-0.283203125,0.255859375,-0.09765625,-0.03125,0,0
1779556675.775853,0.0,-0.005859375,-0.28515625,0.255859375,-0.09765625,-0.03125,0,0
1779556675.783828,0.0,-0.005859375,-0.28515625,0.263671875,-0.099609375,-0.03125,0,0
1779556675.791797,0.0,-0.0078125,-0.287109375,0.263671875,-0.099609375,-0.03125,0,0
1779556675.799817,0.0,-0.0078125,-0.287109375,0.271484375,-0.099609375,-0.03125,0,0
1779556675.807795,0.0,-0.01171875,-0.287109375,0.271484375,-0.099609375,-0.03125,0,0
1779556675.815797,0.0,-0.01171875,-0.287109375,0.27734375,-0.099609375,-0.03125,0,0
1779556675.823795,0.0,-0.01171875,-0.2890625,0.27734375,-0.099609375,-0.03125,0,0
1779556675.831816,0.0,-0.01171875,-0.2890625,0.279296875,-0.1015625,-0.029296875,0,0
1779556675.839841,0.0,-0.009765625,-0.2890625,0.279296875,-0.1015625,-0.029296875,0,0
1779556675.847816,0.0,-0.009765625,-0.2890625,0.283203125,-0.1015625,-0.029296875,0,0
1779556675.855799,0.0,-0.009765625,-0.2890625,0.283203125,-0.1015625,-0.029296875,0,0
1779556675.863796,0.0,-0.009765625,-0.2890625,0.29296875,-0.1015625,-0.029296875,0,0
1779556675.871773,0.0,-0.009765625,-0.287109375,0.29296875,-0.1015625,-0.029296875,0,0
1779556675.879850,0.0,-0.009765625,-0.287109375,0.296875,-0.1015625,-0.02734375,0,0
1779556675.887791,0.0,-0.009765625,-0.2890625,0.296875,-0.1015625,-0.02734375,0,0
1779556675.895833,0.0,-0.009765625,-0.2890625,0.298828125,-0.103515625,-0.025390625,0,0
1779556675.903797,0.0,-0.013671875,-0.2890625,0.298828125,-0.103515625,-0.025390625,0,0
1779556675.911800,0.0,-0.013671875,-0.2890625,0.302734375,-0.103515625,-0.025390625,0,0
1779556675.919792,0.0,-0.015625,-0.29296875,0.302734375,-0.103515625,-0.025390625,0,0
1779556675.927797,0.0,-0.015625,-0.29296875,0.3046875,-0.103515625,-0.0234375,0,0
1779556675.935807,0.0,-0.021484375,-0.294921875,0.3046875,-0.103515625,-0.0234375,0,0
1779556675.943818,0.0,-0.021484375,-0.294921875,0.310546875,-0.103515625,-0.021484375,0,0
1779556675.951816,0.0,-0.02734375,-0.294921875,0.310546875,-0.103515625,-0.021484375,0,0
1779556675.959771,0.0,-0.02734375,-0.294921875,0.314453125,-0.099609375,-0.021484375,0,0
1779556675.967773,0.0,-0.033203125,-0.29296875,0.314453125,-0.099609375,-0.021484375,0,0
1779556675.975911,0.0,-0.033203125,-0.29296875,0.314453125,-0.095703125,-0.021484375,0,0
1779556675.983805,0.0,-0.0390625,-0.29296875,0.314453125,-0.095703125,-0.021484375,0,0
1779556675.991878,0.0,-0.0390625,-0.29296875,0.314453125,-0.091796875,-0.01953125,0,0
1779556675.999816,0.0,-0.04296875,-0.294921875,0.314453125,-0.091796875,-0.01953125,0,0
1779556676.007773,0.0,-0.04296875,-0.294921875,0.31640625,-0.091796875,-0.01953125,0,0
1779556676.015788,0.0,-0.046875,-0.29296875,0.31640625,-0.091796875,-0.01953125,0,0
1779556676.023767,0.0,-0.046875,-0.29296875,0.322265625,-0.08984375,-0.01953125,0,0
1779556676.031768,0.0,-0.048828125,-0.29296875,0.322265625,-0.08984375,-0.01953125,0,0
1779556676.039787,0.0,-0.048828125,-0.29296875,0.32421875,-0.087890625,-0.01953125,0,0
1779556676.047821,0.0,-0.048828125,-0.2890625,0.32421875,-0.087890625,-0.01953125,0,0
1779556676.055792,0.0,-0.048828125,-0.2890625,0.326171875,-0.0859375,-0.01953125,0,0
1779556676.063781,0.0,-0.048828125,-0.287109375,0.326171875,-0.0859375,-0.01953125,0,0
1779556676.071788,0.0,-0.048828125,-0.287109375,0.326171875,-0.083984375,-0.01953125,0,0
1779556676.079820,0.0,-0.048828125,-0.287109375,0.326171875,-0.083984375,-0.01953125,0,0
1779556676.087795,0.0,-0.048828125,-0.287109375,0.326171875,-0.083984375,-0.01953125,0,0
1779556676.095756,0.0,-0.048828125,-0.279296875,0.326171875,-0.083984375,-0.01953125,0,0
1779556676.103811,0.0,-0.048828125,-0.279296875,0.330078125,-0.08203125,-0.021484375,0,0
1779556676.111821,0.0,-0.048828125,-0.2734375,0.330078125,-0.08203125,-0.021484375,0,0
1779556676.119818,0.0,-0.048828125,-0.2734375,0.333984375,-0.078125,-0.0234375,0,0
1779556676.127789,0.0,-0.052734375,-0.271484375,0.333984375,-0.078125,-0.0234375,0,0
1779556676.135774,0.0,-0.052734375,-0.271484375,0.3359375,-0.072265625,-0.025390625,0,0
1779556676.143769,0.0,-0.056640625,-0.271484375,0.3359375,-0.072265625,-0.025390625,0,0
1779556676.151792,0.0,-0.056640625,-0.271484375,0.337890625,-0.078125,-0.025390625,0,0
1779556676.159801,0.0,-0.05859375,-0.267578125,0.337890625,-0.078125,-0.025390625,0,0
1779556676.167808,0.0,-0.05859375,-0.267578125,0.337890625,-0.072265625,-0.025390625,0,0
1779556676.175849,0.0,-0.05859375,-0.26171875,0.337890625,-0.072265625,-0.025390625,0,0
1779556676.183829,0.0,-0.05859375,-0.26171875,0.337890625,-0.072265625,-0.025390625,0,0
1779556676.191801,0.0,-0.0625,-0.255859375,0.337890625,-0.072265625,-0.025390625,0,0
1779556676.199803,0.0,-0.0625,-0.255859375,0.330078125,-0.068359375,-0.025390625,0,0
1779556676.207808,0.0,-0.064453125,-0.2421875,0.330078125,-0.068359375,-0.025390625,0,0
1779556676.215824,0.0,-0.064453125,-0.2421875,0.326171875,-0.05859375,-0.025390625,0,0
1779556676.223836,0.0,-0.06640625,-0.2265625,0.326171875,-0.05859375,-0.025390625,0,0
1779556676.231809,0.0,-0.06640625,-0.2265625,0.31640625,-0.052734375,-0.021484375,0,0
1779556676.239837,0.0,-0.068359375,-0.205078125,0.31640625,-0.052734375,-0.021484375,0,0
1779556676.247757,0.0,-0.068359375,-0.205078125,0.298828125,-0.048828125,-0.015625,0,0
1779556676.255851,0.0,-0.07421875,-0.16796875,0.298828125,-0.048828125,-0.015625,0,0
1779556676.263809,0.0,-0.07421875,-0.16796875,0.28125,-0.037109375,-0.005859375,0,0
1779556676.271821,0.0,-0.087890625,-0.10546875,0.28125,-0.037109375,-0.005859375,0,0
1779556676.279775,0.0,-0.087890625,-0.10546875,0.263671875,-0.009765625,-0.005859375,0,0
1779556676.287832,0.021484375,-0.08984375,-0.052734375,0.263671875,-0.009765625,-0.005859375,0,0
1779556676.295786,0.021484375,-0.08984375,-0.052734375,0.248046875,-0.009765625,-0.005859375,0,0
1779556676.303821,0.025390625,-0.08984375,-0.029296875,0.248046875,-0.009765625,-0.005859375,0,0
1779556676.311803,0.025390625,-0.08984375,-0.029296875,0.244140625,-0.009765625,-0.005859375,0,0
1779556676.319845,0.0234375,-0.08984375,-0.013671875,0.244140625,-0.009765625,-0.005859375,0,0
1779556676.327862,0.0234375,-0.08984375,-0.013671875,0.240234375,-0.009765625,-0.005859375,0,0
1779556676.335781,0.021484375,-0.08203125,-0.00390625,0.240234375,-0.009765625,-0.005859375,0,0
1779556676.343792,0.021484375,-0.08203125,-0.00390625,0.228515625,-0.009765625,-0.005859375,0,0
1779556676.351771,0.017578125,-0.07421875,-0.00390625,0.228515625,-0.009765625,-0.005859375,0,0
1779556676.359783,0.017578125,-0.07421875,-0.00390625,0.21484375,-0.009765625,-0.005859375,0,0
1779556676.367745,0.015625,-0.0625,-0.00390625,0.21484375,-0.009765625,-0.005859375,0,0
1779556676.375785,0.015625,-0.0625,-0.00390625,0.193359375,-0.009765625,-0.005859375,0,0
1779556676.383938,0.015625,-0.046875,-0.00390625,0.193359375,-0.009765625,-0.005859375,0,0
1779556676.391819,0.015625,-0.046875,-0.00390625,0.16015625,-0.009765625,-0.005859375,0,0
1779556676.399806,0.013671875,-0.025390625,-0.00390625,0.16015625,-0.009765625,-0.005859375,0,0
1779556676.407769,0.013671875,-0.025390625,-0.00390625,0.109375,-0.009765625,-0.005859375,0,0
1779556676.415795,0.0,-0.015625,-0.00390625,0.109375,-0.009765625,-0.005859375,0,0
1779556676.423763,0.0,-0.015625,-0.00390625,0.068359375,-0.009765625,-0.005859375,0,0
1779556676.431769,0.0,-0.013671875,-0.00390625,0.068359375,-0.009765625,-0.005859375,0,0
1779556676.439807,0.0,-0.013671875,-0.00390625,0.048828125,-0.009765625,-0.005859375,0,0
1779556676.447788,0.0,-0.01171875,-0.00390625,0.048828125,-0.009765625,-0.005859375,0,0
1779556676.455779,0.0,-0.01171875,-0.00390625,0.03515625,-0.009765625,-0.005859375,0,0
1779556676.463854,0.00390625,-0.009765625,-0.00390625,0.03515625,-0.009765625,-0.005859375,0,0
1779556676.471755,0.00390625,-0.009765625,-0.00390625,0.025390625,-0.009765625,-0.005859375,0,0
1779556676.479797,0.00390625,-0.00390625,-0.00390625,0.025390625,-0.009765625,-0.005859375,0,0
1779556676.487818,0.00390625,-0.00390625,-0.00390625,0.017578125,-0.009765625,-0.005859375,0,0
1779556676.495823,0.00390625,0.0,-0.00390625,0.017578125,-0.009765625,-0.005859375,0,0
1779556676.503805,0.00390625,0.0,-0.00390625,0.005859375,-0.009765625,-0.005859375,0,0
1779556676.519809,0.00390625,0.0,-0.00390625,0.0,-0.009765625,-0.005859375,0,0
1779556676.527800,0.00390625,0.0,-0.00390625,0.0,-0.009765625,-0.005859375,0,0
1779556676.535843,0.00390625,0.0,-0.00390625,0.0,-0.009765625,-0.005859375,0,0
1779556676.543863,0.005859375,0.0,-0.00390625,0.0,-0.009765625,-0.005859375,0,0
1779556676.559824,0.005859375,0.0,-0.00390625,0.0,-0.009765625,-0.005859375,0,0
1779556676.575823,0.009765625,0.0,-0.00390625,0.0,-0.009765625,-0.005859375,0,0
1779556676.583800,0.009765625,0.0,-0.00390625,0.0078125,-0.009765625,-0.005859375,0,0
1779556676.591781,0.017578125,0.0,-0.00390625,0.0078125,-0.009765625,-0.005859375,0,0
1779556676.599789,0.017578125,0.0,-0.00390625,0.009765625,-0.009765625,-0.0078125,0,0
1779556676.607794,0.009765625,0.0,-0.00390625,0.009765625,-0.009765625,-0.0078125,0,0
1779556676.615820,0.009765625,0.0,-0.00390625,0.017578125,-0.009765625,0.0,0,0
1779556676.623836,0.00390625,0.0,-0.00390625,0.017578125,-0.009765625,0.0,0,0
1779556676.631850,0.00390625,0.0,-0.00390625,0.0,-0.009765625,0.0,0,0
1779556676.661798,0.0,0.0,0.0,0.0,0.0,0.0,0,0
1779556676.692790,0.0,0.0,0.0,0.0,0.0,0.0,0,0
1779556676.723783,0.0,0.0,0.0,0.0,0.0,0.0,0,0
1779556676.754838,0.0,0.0,0.0,0.0,0.0,0.0,0,0
1779556676.785832,0.0,0.0,0.0,0.0,0.0,0.0,0,0
1779556676.799858,0.00390625,0.0,-0.0078125,0.0,-0.009765625,0.0,0,0
1779556676.815831,0.00390625,0.0,-0.00390625,0.0,-0.009765625,0.0,0,0
1779556676.831850,0.00390625,0.0,-0.0078125,0.0,-0.009765625,0.0,0,0
1779556676.847791,0.00390625,0.0,-0.029296875,0.0,-0.009765625,0.0,0,0
1779556676.863770,0.00390625,0.0,-0.044921875,0.0,-0.009765625,0.0,0,0
1779556676.871781,0.00390625,0.0,-0.044921875,0.01171875,-0.009765625,0.0,0,0
1779556676.879845,0.00390625,-0.017578125,-0.068359375,0.01171875,-0.009765625,0.0,0,0
1779556676.887827,0.00390625,-0.017578125,-0.068359375,0.037109375,-0.009765625,0.0,0,0
1779556676.895828,0.00390625,-0.02734375,-0.09375,0.037109375,-0.009765625,0.0,0,0
1779556676.903824,0.00390625,-0.02734375,-0.09375,0.068359375,-0.005859375,0.0,0,0
1779556676.911839,0.00390625,-0.0390625,-0.115234375,0.068359375,-0.005859375,0.0,0,0
1779556676.919811,0.00390625,-0.0390625,-0.115234375,0.08984375,-0.013671875,0.0,0,0
1779556676.927838,0.00390625,-0.0546875,-0.1328125,0.08984375,-0.013671875,0.0,0,0
1779556676.935806,0.00390625,-0.0546875,-0.1328125,0.109375,-0.01953125,0.0,0,0
1779556676.943803,0.00390625,-0.068359375,-0.158203125,0.109375,-0.01953125,0.0,0,0
1779556676.951817,0.00390625,-0.068359375,-0.158203125,0.125,-0.025390625,0.0,0,0
1779556676.959795,0.00390625,-0.083984375,-0.189453125,0.125,-0.025390625,0.0,0,0
1779556676.967820,0.00390625,-0.083984375,-0.189453125,0.142578125,-0.03515625,0.0,0,0
1779556676.975811,0.00390625,-0.099609375,-0.20703125,0.142578125,-0.03515625,0.0,0,0
1779556676.983865,0.00390625,-0.099609375,-0.20703125,0.158203125,-0.044921875,0.0,0,0
1779556676.991800,0.0,-0.119140625,-0.23046875,0.158203125,-0.044921875,0.0,0,0
1779556676.999820,0.0,-0.119140625,-0.23046875,0.185546875,-0.05859375,0.0,0,0
1779556677.007795,-0.0078125,-0.130859375,-0.25,0.185546875,-0.05859375,0.0,0,0
1779556677.015800,-0.0078125,-0.130859375,-0.25,0.203125,-0.068359375,0.0,0,0
1779556677.023826,-0.009765625,-0.142578125,-0.26171875,0.203125,-0.068359375,0.0,0,0
1779556677.031837,-0.009765625,-0.142578125,-0.26171875,0.220703125,-0.076171875,0.0,0,0
1779556677.039825,0.0,-0.14453125,-0.265625,0.220703125,-0.076171875,0.0,0,0
1779556677.047865,0.0,-0.14453125,-0.265625,0.2265625,-0.07421875,0.0,0,0
1779556677.055866,-0.005859375,-0.142578125,-0.27734375,0.2265625,-0.07421875,0.0,0,0
1779556677.063823,-0.005859375,-0.142578125,-0.27734375,0.23046875,-0.080078125,0.0,0,0
1779556677.071828,-0.0078125,-0.13671875,-0.27734375,0.23046875,-0.080078125,0.0,0,0
1779556677.079829,-0.0078125,-0.13671875,-0.27734375,0.228515625,-0.080078125,0.0,0,0
1779556677.087827,-0.0078125,-0.138671875,-0.27734375,0.228515625,-0.080078125,0.0,0,0
1779556677.095810,-0.0078125,-0.138671875,-0.27734375,0.2265625,-0.078125,0.0,0,0
1779556677.103848,-0.005859375,-0.138671875,-0.26953125,0.2265625,-0.078125,0.0,0,0
1779556677.111780,-0.005859375,-0.138671875,-0.26953125,0.2109375,-0.072265625,0.0,0,0
1779556677.119833,-0.005859375,-0.142578125,-0.24609375,0.2109375,-0.072265625,0.0,0,0
1779556677.127802,-0.005859375,-0.142578125,-0.24609375,0.19140625,-0.0625,0.0,0,0
1779556677.135824,-0.005859375,-0.13671875,-0.212890625,0.19140625,-0.0625,0.0,0,0
1779556677.143823,-0.005859375,-0.13671875,-0.212890625,0.169921875,-0.046875,0.0,0,0
1779556677.151847,-0.005859375,-0.12109375,-0.177734375,0.169921875,-0.046875,0.0,0,0
1779556677.159814,-0.005859375,-0.12109375,-0.177734375,0.14453125,-0.02734375,0.0,0,0
1779556677.167813,-0.005859375,-0.103515625,-0.14453125,0.14453125,-0.02734375,0.0,0,0
1779556677.175859,-0.005859375,-0.103515625,-0.14453125,0.119140625,-0.015625,0.0,0,0
1779556677.183908,-0.005859375,-0.087890625,-0.115234375,0.119140625,-0.015625,0.0,0,0
1779556677.191845,-0.005859375,-0.087890625,-0.115234375,0.10546875,-0.009765625,0.0,0,0
1779556677.199866,-0.005859375,-0.072265625,-0.0859375,0.10546875,-0.009765625,0.0,0,0
1779556677.207862,-0.005859375,-0.072265625,-0.0859375,0.09765625,-0.009765625,0.0,0,0
1779556677.215888,-0.005859375,-0.052734375,-0.044921875,0.09765625,-0.009765625,0.0,0,0
1779556677.223873,-0.005859375,-0.052734375,-0.044921875,0.091796875,-0.009765625,0.0,0,0
1779556677.231862,-0.005859375,-0.03515625,-0.0078125,0.091796875,-0.009765625,0.0,0,0
1779556677.239861,-0.005859375,-0.03515625,-0.0078125,0.08984375,-0.009765625,0.0,0,0
1779556677.247833,-0.005859375,-0.021484375,-0.0078125,0.08984375,-0.009765625,0.0,0,0
1779556677.255768,-0.005859375,-0.021484375,-0.0078125,0.09375,-0.009765625,0.0,0,0
1779556677.263789,-0.005859375,-0.01171875,-0.0078125,0.09375,-0.009765625,0.0,0,0
1779556677.271832,-0.005859375,-0.01171875,-0.0078125,0.08203125,-0.009765625,0.0,0,0
1779556677.287827,-0.005859375,-0.01171875,-0.0078125,0.060546875,-0.009765625,0.0,0,0
1779556677.303825,-0.005859375,-0.01171875,-0.0078125,0.03515625,-0.009765625,0.0,0,0
1779556677.319833,-0.005859375,-0.01171875,-0.0078125,0.017578125,-0.009765625,0.0,0,0
1779556677.335819,-0.005859375,-0.01171875,-0.0078125,0.005859375,-0.009765625,0.0,0,0
1779556677.365838,0.0,0.0,0.0,0.0,0.0,0.0,0,0
1779556677.396812,0.0,0.0,0.0,0.0,0.0,0.0,0,0
1779556677.427818,0.0,0.0,0.0,0.0,0.0,0.0,0,0
1779556677.458836,0.0,0.0,0.0,0.0,0.0,0.0,0,0
1779556677.489817,0.0,0.0,0.0,0.0,0.0,0.0,0,0
1779556677.520825,0.0,0.0,0.0,0.0,0.0,0.0,0,0
1779556677.551828,0.0,0.0,0.0,0.0,0.0,0.0,0,0
1779556677.582838,0.0,0.0,0.0,0.0,0.0,0.0,0,0
1779556677.613850,0.0,0.0,0.0,0.0,0.0,0.0,0,0
1779556677.615849,-0.005859375,-0.01171875,0.00390625,0.005859375,-0.009765625,0.0,0,0
1779556677.631758,-0.005859375,-0.01171875,0.02734375,0.005859375,-0.009765625,0.0,0,0
1779556677.647811,-0.005859375,-0.01171875,0.0546875,0.005859375,-0.009765625,0.0,0,0
1779556677.663810,-0.005859375,0.005859375,0.08203125,0.005859375,-0.009765625,0.0,0,0
1779556677.679826,-0.0078125,0.005859375,0.1015625,0.005859375,-0.009765625,0.0,0,0
1779556677.687826,-0.0078125,0.005859375,0.1015625,0.01171875,-0.009765625,0.0,0,0
1779556677.695799,-0.01171875,0.0078125,0.12890625,0.01171875,-0.009765625,0.0,0,0
1779556677.703828,-0.01171875,0.0078125,0.12890625,0.044921875,-0.009765625,0.0,0,0
1779556677.711848,-0.01171875,0.017578125,0.154296875,0.044921875,-0.009765625,0.0,0,0
1779556677.719841,-0.01171875,0.017578125,0.154296875,0.1015625,-0.009765625,0.0,0,0
1779556677.727827,-0.01171875,0.01953125,0.185546875,0.1015625,-0.009765625,0.0,0,0
1779556677.735775,-0.01171875,0.01953125,0.185546875,0.177734375,-0.009765625,0.0,0,0
1779556677.743801,-0.01171875,0.015625,0.193359375,0.177734375,-0.009765625,0.0,0,0
1779556677.751846,-0.01171875,0.015625,0.193359375,0.232421875,-0.009765625,0.0,0,0
1779556677.759799,-0.01171875,0.01171875,0.181640625,0.232421875,-0.009765625,0.0,0,0
1779556677.767773,-0.01171875,0.01171875,0.181640625,0.2890625,-0.009765625,0.0,0,0
1779556677.775781,-0.01171875,0.015625,0.171875,0.2890625,-0.009765625,0.0,0,0
1779556677.783903,-0.01171875,0.015625,0.171875,0.341796875,-0.009765625,0.0,0,0
1779556677.791842,-0.01171875,0.015625,0.171875,0.341796875,-0.009765625,0.0,0,0
1779556677.799869,-0.01171875,0.015625,0.171875,0.38671875,-0.009765625,-0.0078125,0,0
1779556677.807865,-0.01171875,0.01171875,0.16015625,0.38671875,-0.009765625,-0.0078125,0,0
1779556677.815841,-0.01171875,0.01171875,0.16015625,0.416015625,-0.009765625,-0.01171875,0,0
1779556677.823828,-0.01171875,0.015625,0.146484375,0.416015625,-0.009765625,-0.01171875,0,0
1779556677.831796,-0.01171875,0.015625,0.146484375,0.439453125,-0.009765625,-0.017578125,0,0
1779556677.839807,-0.01171875,0.029296875,0.138671875,0.439453125,-0.009765625,-0.017578125,0,0
1779556677.847847,-0.01171875,0.029296875,0.138671875,0.4765625,-0.009765625,-0.021484375,0,0
1779556677.855834,-0.01171875,0.044921875,0.130859375,0.4765625,-0.009765625,-0.021484375,0,0
1779556677.863841,-0.01171875,0.044921875,0.130859375,0.513671875,-0.009765625,-0.03125,0,0
1779556677.871860,-0.01171875,0.056640625,0.119140625,0.513671875,-0.009765625,-0.03125,0,0
1779556677.879848,-0.01171875,0.056640625,0.119140625,0.5546875,-0.009765625,-0.0390625,0,0
1779556677.887862,-0.01171875,0.05859375,0.09765625,0.5546875,-0.009765625,-0.0390625,0,0
1779556677.895859,-0.01171875,0.05859375,0.09765625,0.591796875,-0.009765625,-0.04296875,0,0
1779556677.903789,-0.01171875,0.056640625,0.083984375,0.591796875,-0.009765625,-0.04296875,0,0
1779556677.911809,-0.01171875,0.056640625,0.083984375,0.619140625,-0.009765625,-0.04296875,0,0
1779556677.919788,-0.01171875,0.04296875,0.0625,0.619140625,-0.009765625,-0.04296875,0,0
1779556677.927822,-0.01171875,0.04296875,0.0625,0.662109375,-0.009765625,-0.0390625,0,0
1779556677.935775,-0.01171875,0.017578125,0.046875,0.662109375,-0.009765625,-0.0390625,0,0
1779556677.943899,-0.01171875,0.017578125,0.046875,0.68359375,-0.009765625,-0.029296875,0,0
1779556677.951821,-0.01171875,0.005859375,0.037109375,0.68359375,-0.009765625,-0.029296875,0,0
1779556677.959837,-0.01171875,0.005859375,0.037109375,0.68359375,-0.009765625,-0.025390625,0,0
1779556677.967801,-0.01171875,0.01171875,0.0234375,0.68359375,-0.009765625,-0.025390625,0,0
1779556677.975812,-0.01171875,0.01171875,0.0234375,0.68359375,-0.009765625,-0.021484375,0,0
1779556677.983893,-0.01171875,0.01953125,0.009765625,0.68359375,-0.009765625,-0.021484375,0,0
1779556677.991815,-0.01171875,0.01953125,0.009765625,0.68359375,-0.009765625,-0.0234375,0,0
1779556677.999796,-0.01171875,0.02734375,0.0,0.68359375,-0.009765625,-0.0234375,0,0
1779556678.007785,-0.01171875,0.02734375,0.0,0.68359375,-0.009765625,-0.029296875,0,0
1779556678.015838,-0.01171875,0.037109375,0.0,0.68359375,-0.009765625,-0.029296875,0,0
1779556678.023808,-0.01171875,0.037109375,0.0,0.68359375,-0.009765625,-0.033203125,0,0
1779556678.031814,-0.01171875,0.04296875,0.0,0.68359375,-0.009765625,-0.033203125,0,0
1779556678.039816,-0.01171875,0.04296875,0.0,0.68359375,-0.009765625,-0.03125,0,0
1779556678.047755,-0.01171875,0.0390625,0.0,0.68359375,-0.009765625,-0.03125,0,0
1779556678.055788,-0.01171875,0.0390625,0.0,0.68359375,-0.009765625,-0.02734375,0,0
1779556678.063828,-0.01171875,0.03515625,0.0,0.68359375,-0.009765625,-0.02734375,0,0
1779556678.071873,-0.01171875,0.03515625,0.0,0.68359375,-0.009765625,-0.025390625,0,0
1779556678.079834,-0.01171875,0.03515625,0.0,0.68359375,-0.009765625,-0.025390625,0,0
1779556678.087816,-0.01171875,0.03515625,0.0,0.68359375,-0.009765625,-0.0234375,0,0
1779556678.095829,-0.01171875,0.0390625,0.0,0.68359375,-0.009765625,-0.0234375,0,0
1779556678.103825,-0.01171875,0.0390625,0.0,0.68359375,-0.009765625,-0.0234375,0,0
1779556678.111819,-0.01171875,0.044921875,0.0,0.68359375,-0.009765625,-0.0234375,0,0
1779556678.119845,-0.01171875,0.044921875,0.0,0.68359375,-0.009765625,-0.0234375,0,0
1779556678.127795,-0.01171875,0.046875,0.0,0.68359375,-0.009765625,-0.0234375,0,0
1779556678.135813,-0.01171875,0.046875,0.0,0.68359375,-0.009765625,-0.0234375,0,0
1779556678.143779,-0.01171875,0.048828125,0.0,0.68359375,-0.009765625,-0.0234375,0,0
1779556678.151791,-0.01171875,0.048828125,0.0,0.68359375,-0.009765625,-0.0234375,0,0
1779556678.159834,-0.01171875,0.048828125,0.0,0.68359375,-0.009765625,-0.0234375,0,0
1779556678.167841,-0.01171875,0.048828125,0.0,0.68359375,-0.009765625,-0.0234375,0,0
1779556678.175793,-0.01171875,0.048828125,0.0,0.68359375,-0.009765625,-0.0234375,0,0
1779556678.183834,-0.01171875,0.048828125,0.0,0.68359375,-0.009765625,-0.0234375,0,0
1779556678.191820,-0.01171875,0.048828125,0.0,0.68359375,-0.009765625,-0.0234375,0,0
1779556678.199816,-0.01171875,0.048828125,0.0,0.68359375,-0.009765625,-0.0234375,0,0
1779556678.207795,-0.01171875,0.048828125,0.0,0.68359375,-0.009765625,-0.0234375,0,0
1779556678.215792,-0.01171875,0.048828125,0.0,0.68359375,-0.009765625,-0.0234375,0,0
1779556678.223829,-0.01171875,0.048828125,0.0,0.68359375,-0.009765625,-0.0234375,0,0
1779556678.231843,-0.01171875,0.048828125,0.0,0.68359375,-0.009765625,-0.0234375,0,0
1779556678.239791,-0.01171875,0.048828125,0.0,0.68359375,-0.009765625,-0.0234375,0,0
1779556678.247769,-0.01171875,0.048828125,0.0,0.68359375,-0.009765625,-0.0234375,0,0
1779556678.255870,-0.01171875,0.05078125,0.0,0.68359375,-0.009765625,-0.0234375,0,0
1779556678.263835,-0.01171875,0.05078125,0.0,0.68359375,-0.009765625,-0.0234375,0,0
1779556678.271800,-0.01171875,0.05078125,0.0,0.68359375,-0.009765625,-0.0234375,0,0
1779556678.279852,-0.01171875,0.05078125,0.0,0.68359375,-0.009765625,-0.021484375,0,0
1779556678.287782,-0.01171875,0.05078125,0.0,0.68359375,-0.009765625,-0.021484375,0,0
1779556678.295780,-0.01171875,0.05078125,0.0,0.68359375,-0.009765625,-0.021484375,0,0
1779556678.303838,-0.01171875,0.05078125,0.0,0.68359375,-0.009765625,-0.021484375,0,0
1779556678.311780,-0.01171875,0.05078125,0.0,0.68359375,-0.009765625,-0.021484375,0,0
1779556678.319798,-0.01171875,0.052734375,0.0,0.68359375,-0.009765625,-0.021484375,0,0
1779556678.327774,-0.01171875,0.052734375,0.0,0.68359375,-0.009765625,-0.021484375,0,0
1779556678.335776,-0.01171875,0.0546875,0.0,0.68359375,-0.009765625,-0.021484375,0,0
1779556678.343818,-0.01171875,0.0546875,0.0,0.68359375,-0.009765625,-0.021484375,0,0
1779556678.351799,-0.01171875,0.052734375,0.0,0.68359375,-0.009765625,-0.021484375,0,0
1779556678.359775,-0.01171875,0.052734375,0.0,0.68359375,-0.009765625,-0.021484375,0,0
1779556678.367867,-0.01171875,0.0546875,0.0,0.68359375,-0.009765625,-0.021484375,0,0
1779556678.375845,-0.01171875,0.0546875,0.0,0.68359375,-0.009765625,-0.021484375,0,0
1779556678.383873,-0.01171875,0.0546875,0.0,0.68359375,-0.009765625,-0.021484375,0,0
1779556678.391826,-0.01171875,0.0546875,0.0,0.68359375,-0.009765625,-0.021484375,0,0
1779556678.399796,-0.01171875,0.0546875,0.0,0.68359375,-0.009765625,-0.021484375,0,0
1779556678.407795,-0.01171875,0.0546875,0.0,0.68359375,-0.009765625,-0.021484375,0,0
1779556678.415781,-0.01171875,0.0546875,0.0,0.68359375,-0.009765625,-0.021484375,0,0
1779556678.423779,-0.01171875,0.0546875,0.0,0.68359375,-0.009765625,-0.0234375,0,0
1779556678.431845,-0.01171875,0.0546875,0.0,0.68359375,-0.009765625,-0.0234375,0,0
1779556678.439812,-0.01171875,0.0546875,0.0,0.68359375,-0.009765625,-0.0234375,0,0
1779556678.447810,-0.01171875,0.0546875,0.0,0.68359375,-0.009765625,-0.0234375,0,0
1779556678.455848,-0.01171875,0.0546875,0.0,0.68359375,-0.009765625,-0.0234375,0,0
1779556678.463785,-0.01171875,0.0546875,0.0,0.68359375,-0.009765625,-0.0234375,0,0
1779556678.471780,-0.01171875,0.0546875,0.0,0.68359375,-0.009765625,-0.0234375,0,0
1779556678.479810,-0.01171875,0.0546875,0.0,0.68359375,-0.009765625,-0.0234375,0,0
1779556678.487827,-0.01171875,0.0546875,0.0,0.68359375,-0.009765625,-0.0234375,0,0
1779556678.495835,-0.01171875,0.0546875,0.0,0.68359375,-0.009765625,-0.0234375,0,0
1779556678.503828,-0.01171875,0.0546875,0.0,0.68359375,-0.009765625,-0.0234375,0,0
1779556678.511775,-0.01171875,0.056640625,0.0,0.68359375,-0.009765625,-0.0234375,0,0
1779556678.519797,-0.01171875,0.056640625,0.0,0.68359375,-0.009765625,-0.0234375,0,0
1779556678.527812,-0.01171875,0.0546875,0.0,0.68359375,-0.009765625,-0.0234375,0,0
1779556678.535793,-0.01171875,0.0546875,0.0,0.68359375,-0.009765625,-0.0234375,0,0
1779556678.543815,-0.01171875,0.0546875,0.0,0.68359375,-0.009765625,-0.0234375,0,0
1779556678.551819,-0.01171875,0.0546875,0.0,0.68359375,-0.009765625,-0.0234375,0,0
1779556678.559784,-0.01171875,0.0546875,0.0,0.68359375,-0.009765625,-0.0234375,0,0
1779556678.567777,-0.01171875,0.0546875,0.0,0.68359375,-0.009765625,-0.025390625,0,0
1779556678.575798,-0.01171875,0.0546875,0.0,0.68359375,-0.009765625,-0.025390625,0,0
1779556678.583889,-0.01171875,0.0546875,0.0,0.68359375,-0.009765625,-0.025390625,0,0
1779556678.591800,-0.01171875,0.0546875,0.0,0.68359375,-0.009765625,-0.025390625,0,0
1779556678.599838,-0.01171875,0.0546875,0.0,0.68359375,-0.009765625,-0.025390625,0,0
1779556678.607786,-0.01171875,0.0546875,0.0,0.68359375,-0.009765625,-0.025390625,0,0
1779556678.615823,-0.01171875,0.0546875,0.0,0.68359375,-0.009765625,-0.025390625,0,0
1779556678.623790,-0.01171875,0.0546875,0.0,0.68359375,-0.009765625,-0.025390625,0,0
1779556678.631738,-0.01171875,0.0546875,0.0,0.68359375,-0.009765625,-0.025390625,0,0
1779556678.639743,-0.01171875,0.0546875,0.0,0.68359375,-0.009765625,-0.025390625,0,0
1779556678.647760,-0.01171875,0.0546875,0.0,0.68359375,-0.009765625,-0.025390625,0,0
1779556678.655791,-0.01171875,0.0546875,0.0,0.68359375,-0.009765625,-0.025390625,0,0
1779556678.663791,-0.01171875,0.0546875,0.0,0.68359375,-0.009765625,-0.025390625,0,0
1779556678.671844,-0.01171875,0.0546875,0.0,0.68359375,-0.009765625,-0.025390625,0,0
1779556678.679829,-0.01171875,0.0546875,0.0,0.68359375,-0.009765625,-0.025390625,0,0
1779556678.687842,-0.01171875,0.0546875,0.0,0.68359375,-0.009765625,-0.025390625,0,0
1779556678.695821,-0.01171875,0.0546875,0.0,0.68359375,-0.009765625,-0.025390625,0,0
1779556678.703813,-0.01171875,0.0546875,0.0,0.68359375,-0.009765625,-0.025390625,0,0
1779556678.711827,-0.01171875,0.0546875,0.0,0.68359375,-0.009765625,-0.025390625,0,0
1779556678.719831,-0.01171875,0.0546875,0.0,0.68359375,-0.009765625,-0.025390625,0,0
1779556678.727820,-0.01171875,0.0546875,0.0,0.68359375,-0.009765625,-0.025390625,0,0
1779556678.735792,-0.01171875,0.0546875,0.0,0.68359375,-0.009765625,-0.025390625,0,0
1779556678.743817,-0.01171875,0.0546875,0.0,0.68359375,-0.009765625,-0.025390625,0,0
1779556678.751800,-0.01171875,0.0546875,0.0,0.68359375,-0.009765625,-0.025390625,0,0
1779556678.759836,-0.01171875,0.0546875,0.0,0.68359375,-0.009765625,-0.025390625,0,0
1779556678.767815,-0.01171875,0.0546875,0.0,0.68359375,-0.009765625,-0.025390625,0,0
1779556678.775824,-0.01171875,0.0546875,0.0,0.68359375,-0.009765625,-0.025390625,0,0
1779556678.783877,-0.01171875,0.0546875,0.0,0.68359375,-0.009765625,-0.025390625,0,0
1779556678.791806,-0.01171875,0.0546875,0.0,0.68359375,-0.009765625,-0.025390625,0,0
1779556678.799783,-0.01171875,0.0546875,0.0,0.68359375,-0.009765625,-0.025390625,0,0
1779556678.807794,-0.01171875,0.0546875,0.0,0.68359375,-0.009765625,-0.025390625,0,0
1779556678.815789,-0.01171875,0.05078125,0.0,0.68359375,-0.009765625,-0.025390625,0,0
1779556678.823818,-0.01171875,0.05078125,0.0,0.68359375,-0.009765625,-0.025390625,0,0
1779556678.831799,-0.01171875,0.0390625,0.0,0.68359375,-0.009765625,-0.025390625,0,0
1779556678.839787,-0.01171875,0.0390625,0.0,0.68359375,-0.009765625,-0.01953125,0,0
1779556678.847826,-0.01171875,0.0078125,-0.044921875,0.68359375,-0.009765625,-0.01953125,0,0
1779556678.855878,-0.01171875,0.0078125,-0.044921875,0.658203125,-0.009765625,-0.02734375,0,0
1779556678.863842,-0.01171875,0.0078125,-0.02734375,0.658203125,-0.009765625,-0.02734375,0,0
1779556678.871789,-0.01171875,0.0078125,-0.02734375,0.384765625,0.0390625,-0.07421875,0,0
1779556678.887778,-0.01171875,0.0078125,-0.02734375,0.064453125,0.037109375,-0.150390625,0,0
1779556678.903792,-0.01171875,0.0078125,-0.02734375,-0.109375,0.02734375,-0.21875,0,0
1779556678.911825,-0.01171875,-0.0234375,0.013671875,-0.109375,0.02734375,-0.21875,0,0
1779556678.919816,-0.01171875,-0.0234375,0.013671875,-0.294921875,0.02734375,-0.24609375,0,0
1779556678.927798,-0.01171875,-0.041015625,0.029296875,-0.294921875,0.02734375,-0.24609375,0,0
1779556678.935809,-0.01171875,-0.041015625,0.029296875,-0.50390625,0.02734375,-0.234375,0,0
1779556678.943814,-0.01171875,-0.037109375,0.046875,-0.50390625,0.02734375,-0.234375,0,0
1779556678.951828,-0.01171875,-0.037109375,0.046875,-0.638671875,0.02734375,-0.220703125,0,0
1779556678.959804,-0.01171875,-0.03515625,0.046875,-0.638671875,0.02734375,-0.220703125,0,0
1779556678.967810,-0.01171875,-0.03515625,0.046875,-0.68359375,0.02734375,-0.220703125,0,0
1779556678.975777,-0.01171875,-0.033203125,0.046875,-0.68359375,0.02734375,-0.220703125,0,0
1779556678.983815,-0.01171875,-0.033203125,0.046875,-0.68359375,0.02734375,-0.21484375,0,0
1779556678.991770,-0.01171875,-0.033203125,-0.00390625,-0.68359375,0.02734375,-0.21484375,0,0
1779556678.999782,-0.01171875,-0.033203125,-0.00390625,-0.68359375,-0.009765625,-0.21484375,0,0
1779556679.007800,-0.01171875,-0.033203125,-0.033203125,-0.68359375,-0.009765625,-0.21484375,0,0
1779556679.015805,-0.01171875,-0.033203125,-0.033203125,-0.68359375,-0.017578125,-0.2109375,0,0
1779556679.023789,-0.01171875,-0.03125,-0.056640625,-0.68359375,-0.017578125,-0.2109375,0,0
1779556679.031774,-0.01171875,-0.03125,-0.056640625,-0.68359375,-0.02734375,-0.2109375,0,0
1779556679.039779,-0.01171875,-0.03125,-0.0703125,-0.68359375,-0.02734375,-0.2109375,0,0
1779556679.047805,-0.01171875,-0.03125,-0.0703125,-0.68359375,-0.03515625,-0.2109375,0,0
1779556679.055791,-0.01171875,-0.03125,-0.0703125,-0.68359375,-0.03515625,-0.2109375,0,0
1779556679.063781,-0.01171875,-0.03125,-0.0703125,-0.68359375,-0.03515625,-0.2109375,0,0
1779556679.071787,-0.01171875,-0.03125,-0.0703125,-0.68359375,-0.03515625,-0.2109375,0,0
1779556679.079812,-0.01171875,-0.03125,-0.0703125,-0.68359375,-0.03515625,-0.208984375,0,0
1779556679.087772,-0.01171875,-0.03125,-0.0703125,-0.68359375,-0.03515625,-0.208984375,0,0
1779556679.095785,-0.01171875,-0.03125,-0.0703125,-0.68359375,-0.0390625,-0.208984375,0,0
1779556679.103850,-0.01171875,-0.03125,-0.0703125,-0.68359375,-0.0390625,-0.208984375,0,0
1779556679.111789,-0.01171875,-0.03125,-0.0703125,-0.68359375,-0.04296875,-0.208984375,0,0
1779556679.119809,-0.01171875,-0.03125,-0.0703125,-0.68359375,-0.04296875,-0.208984375,0,0
1779556679.127786,-0.01171875,-0.03125,-0.0703125,-0.68359375,-0.046875,-0.208984375,0,0
1779556679.135829,-0.01171875,-0.03125,-0.0703125,-0.68359375,-0.046875,-0.208984375,0,0
1779556679.143844,-0.01171875,-0.03125,-0.0703125,-0.68359375,-0.046875,-0.208984375,0,0
1779556679.151861,-0.01171875,-0.03125,-0.0703125,-0.68359375,-0.046875,-0.208984375,0,0
1779556679.159821,-0.01171875,-0.03125,-0.0703125,-0.68359375,-0.046875,-0.208984375,0,0
1779556679.167813,-0.01171875,-0.03125,-0.0703125,-0.68359375,-0.046875,-0.208984375,0,0
1779556679.175836,-0.01171875,-0.03125,-0.0703125,-0.68359375,-0.046875,-0.208984375,0,0
1779556679.183858,-0.01171875,-0.03125,-0.0703125,-0.68359375,-0.046875,-0.208984375,0,0
1779556679.191807,-0.01171875,-0.03125,-0.0703125,-0.68359375,-0.046875,-0.208984375,0,0
1779556679.199784,-0.01171875,-0.03125,-0.0703125,-0.68359375,-0.046875,-0.208984375,0,0
1779556679.207850,-0.01171875,-0.03125,-0.0703125,-0.68359375,-0.048828125,-0.205078125,0,0
1779556679.215785,-0.01171875,-0.029296875,-0.0703125,-0.68359375,-0.048828125,-0.205078125,0,0
1779556679.223805,-0.01171875,-0.029296875,-0.0703125,-0.68359375,-0.052734375,-0.201171875,0,0
1779556679.231797,-0.01171875,-0.029296875,-0.0703125,-0.68359375,-0.052734375,-0.201171875,0,0
1779556679.239863,-0.01171875,-0.029296875,-0.0703125,-0.68359375,-0.052734375,-0.19921875,0,0
1779556679.247832,-0.01171875,-0.029296875,-0.0703125,-0.68359375,-0.052734375,-0.19921875,0,0
1779556679.255830,-0.01171875,-0.029296875,-0.0703125,-0.68359375,-0.0546875,-0.19921875,0,0
1779556679.263771,-0.01171875,-0.029296875,-0.0703125,-0.68359375,-0.0546875,-0.19921875,0,0
1779556679.271787,-0.01171875,-0.029296875,-0.0703125,-0.68359375,-0.0546875,-0.19921875,0,0
1779556679.279767,-0.01171875,-0.029296875,-0.0703125,-0.68359375,-0.0546875,-0.19921875,0,0
1779556679.287782,-0.01171875,-0.029296875,-0.0703125,-0.68359375,-0.0546875,-0.197265625,0,0
1779556679.295785,-0.01171875,-0.029296875,-0.0703125,-0.68359375,-0.0546875,-0.197265625,0,0
1779556679.303836,-0.01171875,-0.029296875,-0.0703125,-0.68359375,-0.0546875,-0.1953125,0,0
1779556679.311811,-0.01171875,-0.029296875,-0.0703125,-0.68359375,-0.0546875,-0.1953125,0,0
1779556679.319859,-0.01171875,-0.029296875,-0.0703125,-0.68359375,-0.0546875,-0.1953125,0,0
1779556679.327817,-0.01171875,-0.029296875,-0.072265625,-0.68359375,-0.0546875,-0.1953125,0,0
1779556679.335832,-0.01171875,-0.029296875,-0.072265625,-0.68359375,-0.052734375,-0.1953125,0,0
1779556679.343848,-0.01171875,-0.029296875,-0.072265625,-0.68359375,-0.052734375,-0.1953125,0,0
1779556679.351833,-0.01171875,-0.029296875,-0.072265625,-0.68359375,-0.05078125,-0.1953125,0,0
1779556679.359805,-0.01171875,-0.029296875,-0.072265625,-0.68359375,-0.05078125,-0.1953125,0,0
1779556679.367842,-0.01171875,-0.029296875,-0.072265625,-0.68359375,-0.05078125,-0.1953125,0,0
1779556679.375816,-0.01171875,-0.029296875,-0.072265625,-0.68359375,-0.05078125,-0.1953125,0,0
1779556679.383805,-0.01171875,-0.029296875,-0.072265625,-0.68359375,-0.05078125,-0.1953125,0,0
1779556679.391786,-0.01171875,-0.029296875,-0.072265625,-0.68359375,-0.05078125,-0.1953125,0,0
1779556679.399764,-0.01171875,-0.029296875,-0.072265625,-0.68359375,-0.05078125,-0.1953125,0,0
1779556679.407791,-0.01171875,-0.029296875,-0.072265625,-0.68359375,-0.05078125,-0.1953125,0,0
1779556679.415837,-0.01171875,-0.029296875,-0.072265625,-0.68359375,-0.052734375,-0.193359375,0,0
1779556679.423821,-0.01171875,-0.029296875,-0.072265625,-0.68359375,-0.052734375,-0.193359375,0,0
1779556679.431826,-0.01171875,-0.029296875,-0.072265625,-0.68359375,-0.052734375,-0.193359375,0,0
1779556679.439817,-0.01171875,-0.029296875,-0.072265625,-0.68359375,-0.052734375,-0.193359375,0,0
1779556679.447822,-0.01171875,-0.029296875,-0.072265625,-0.68359375,-0.052734375,-0.193359375,0,0
1779556679.455748,-0.01171875,-0.029296875,-0.072265625,-0.68359375,-0.052734375,-0.193359375,0,0
1779556679.463857,-0.01171875,-0.029296875,-0.072265625,-0.68359375,-0.05078125,-0.193359375,0,0
1779556679.471814,-0.01171875,-0.029296875,-0.07421875,-0.68359375,-0.05078125,-0.193359375,0,0
1779556679.479815,-0.01171875,-0.029296875,-0.07421875,-0.68359375,-0.048828125,-0.193359375,0,0
1779556679.487851,-0.01171875,-0.029296875,-0.07421875,-0.68359375,-0.048828125,-0.193359375,0,0
1779556679.495833,-0.01171875,-0.029296875,-0.07421875,-0.68359375,-0.05078125,-0.19140625,0,0
1779556679.503808,-0.01171875,-0.02734375,-0.07421875,-0.68359375,-0.05078125,-0.19140625,0,0
1779556679.511824,-0.01171875,-0.02734375,-0.07421875,-0.68359375,-0.05078125,-0.19140625,0,0
1779556679.519832,-0.01171875,-0.02734375,-0.07421875,-0.68359375,-0.05078125,-0.19140625,0,0
1779556679.527818,-0.01171875,-0.02734375,-0.07421875,-0.68359375,-0.05078125,-0.19140625,0,0
1779556679.535849,-0.01171875,-0.02734375,-0.07421875,-0.68359375,-0.05078125,-0.19140625,0,0
1779556679.543841,-0.01171875,-0.02734375,-0.07421875,-0.68359375,-0.05078125,-0.19140625,0,0
1779556679.551862,-0.01171875,-0.02734375,-0.07421875,-0.68359375,-0.05078125,-0.19140625,0,0
1779556679.559854,-0.01171875,-0.02734375,-0.07421875,-0.68359375,-0.05078125,-0.19140625,0,0
1779556679.567854,-0.01171875,-0.025390625,-0.072265625,-0.68359375,-0.05078125,-0.19140625,0,0
1779556679.575858,-0.01171875,-0.025390625,-0.072265625,-0.68359375,-0.05078125,-0.19140625,0,0
1779556679.591842,-0.01171875,-0.025390625,-0.072265625,-0.68359375,-0.05078125,-0.19140625,0,0
1779556679.599819,-0.01171875,-0.025390625,-0.072265625,-0.68359375,-0.05078125,-0.19140625,0,0
1779556679.607836,-0.01171875,-0.025390625,-0.072265625,-0.68359375,-0.05078125,-0.19140625,0,0
1779556679.615839,-0.01171875,-0.025390625,-0.072265625,-0.68359375,-0.05078125,-0.19140625,0,0
1779556679.623850,-0.01171875,-0.025390625,-0.072265625,-0.68359375,-0.05078125,-0.19140625,0,0
1779556679.631812,-0.01171875,-0.025390625,-0.072265625,-0.68359375,-0.05078125,-0.189453125,0,0
1779556679.639781,-0.01171875,-0.025390625,-0.07421875,-0.68359375,-0.05078125,-0.189453125,0,0
1779556679.647841,-0.01171875,-0.025390625,-0.07421875,-0.68359375,-0.05078125,-0.189453125,0,0
1779556679.655782,-0.01171875,-0.025390625,-0.07421875,-0.68359375,-0.05078125,-0.189453125,0,0
1779556679.663812,-0.01171875,-0.025390625,-0.07421875,-0.68359375,-0.05078125,-0.189453125,0,0
1779556679.671770,-0.01171875,-0.025390625,-0.07421875,-0.68359375,-0.05078125,-0.189453125,0,0
1779556679.679785,-0.01171875,-0.025390625,-0.07421875,-0.68359375,-0.05078125,-0.189453125,0,0
1779556679.687805,-0.01171875,-0.0234375,-0.07421875,-0.68359375,-0.05078125,-0.189453125,0,0
1779556679.695784,-0.01171875,-0.0234375,-0.07421875,-0.68359375,-0.05078125,-0.1875,0,0
1779556679.703798,-0.01171875,-0.0234375,-0.07421875,-0.68359375,-0.05078125,-0.1875,0,0
1779556679.711780,-0.01171875,-0.0234375,-0.07421875,-0.68359375,-0.05078125,-0.1875,0,0
1779556679.719799,-0.01171875,-0.0234375,-0.07421875,-0.68359375,-0.05078125,-0.1875,0,0
1779556679.727826,-0.01171875,-0.0234375,-0.07421875,-0.68359375,-0.05078125,-0.1875,0,0
1779556679.735807,-0.01171875,-0.0234375,-0.07421875,-0.68359375,-0.05078125,-0.1875,0,0
1779556679.743770,-0.01171875,-0.0234375,-0.07421875,-0.68359375,-0.048828125,-0.1875,0,0
1779556679.751859,-0.01171875,-0.0234375,-0.07421875,-0.68359375,-0.048828125,-0.1875,0,0
1779556679.759816,-0.01171875,-0.0234375,-0.07421875,-0.68359375,-0.048828125,-0.1875,0,0
1779556679.767814,-0.01171875,-0.021484375,-0.07421875,-0.68359375,-0.048828125,-0.1875,0,0
1779556679.775834,-0.01171875,-0.021484375,-0.07421875,-0.68359375,-0.048828125,-0.185546875,0,0
1779556679.783839,-0.01171875,-0.021484375,-0.07421875,-0.68359375,-0.048828125,-0.185546875,0,0
1779556679.791808,-0.01171875,-0.021484375,-0.07421875,-0.68359375,-0.048828125,-0.185546875,0,0
1779556679.799832,-0.01171875,-0.021484375,-0.07421875,-0.68359375,-0.048828125,-0.185546875,0,0
1779556679.807769,-0.01171875,-0.021484375,-0.07421875,-0.68359375,-0.048828125,-0.18359375,0,0
1779556679.815824,-0.01171875,-0.01953125,-0.07421875,-0.68359375,-0.048828125,-0.18359375,0,0
1779556679.823846,-0.01171875,-0.01953125,-0.07421875,-0.68359375,-0.048828125,-0.181640625,0,0
1779556679.831782,-0.01171875,-0.017578125,-0.07421875,-0.68359375,-0.048828125,-0.181640625,0,0
1779556679.839789,-0.01171875,-0.017578125,-0.07421875,-0.68359375,-0.048828125,-0.181640625,0,0
1779556679.847815,-0.01171875,-0.017578125,-0.07421875,-0.68359375,-0.048828125,-0.181640625,0,0
1779556679.855769,-0.01171875,-0.017578125,-0.07421875,-0.68359375,-0.048828125,-0.1796875,0,0
1779556679.863760,-0.01171875,-0.017578125,-0.07421875,-0.68359375,-0.048828125,-0.1796875,0,0
1779556679.871774,-0.01171875,-0.017578125,-0.07421875,-0.68359375,-0.048828125,-0.1796875,0,0
1779556679.879779,-0.01171875,-0.017578125,-0.07421875,-0.68359375,-0.048828125,-0.1796875,0,0
1779556679.887776,-0.01171875,-0.017578125,-0.07421875,-0.68359375,-0.048828125,-0.1796875,0,0
1779556679.895768,-0.01171875,-0.017578125,-0.07421875,-0.68359375,-0.048828125,-0.1796875,0,0
1779556679.903789,-0.01171875,-0.017578125,-0.07421875,-0.68359375,-0.048828125,-0.1796875,0,0
1779556679.911805,-0.01171875,-0.017578125,-0.07421875,-0.68359375,-0.048828125,-0.1796875,0,0
1779556679.919848,-0.01171875,-0.017578125,-0.07421875,-0.68359375,-0.048828125,-0.1796875,0,0
1779556679.927811,-0.01171875,-0.015625,-0.07421875,-0.68359375,-0.048828125,-0.1796875,0,0
1779556679.935826,-0.01171875,-0.015625,-0.07421875,-0.68359375,-0.048828125,-0.1796875,0,0
1779556679.943859,-0.01171875,-0.015625,-0.07421875,-0.68359375,-0.048828125,-0.1796875,0,0
1779556679.951807,-0.01171875,-0.015625,-0.07421875,-0.68359375,-0.048828125,-0.1796875,0,0
1779556679.959803,-0.01171875,-0.015625,-0.076171875,-0.68359375,-0.048828125,-0.1796875,0,0
1779556679.967836,-0.01171875,-0.015625,-0.076171875,-0.68359375,-0.046875,-0.1796875,0,0
1779556679.975831,-0.01171875,-0.015625,-0.076171875,-0.68359375,-0.046875,-0.1796875,0,0
1779556679.983838,-0.01171875,-0.015625,-0.076171875,-0.68359375,-0.046875,-0.177734375,0,0
1779556679.991822,-0.01171875,-0.015625,-0.076171875,-0.68359375,-0.046875,-0.177734375,0,0
1779556679.999798,-0.01171875,-0.015625,-0.076171875,-0.68359375,-0.046875,-0.177734375,0,0
1779556680.007793,-0.01171875,-0.017578125,-0.078125,-0.68359375,-0.046875,-0.177734375,0,0
1779556680.015790,-0.01171875,-0.017578125,-0.078125,-0.68359375,-0.044921875,-0.177734375,0,0
1779556680.023808,-0.01171875,-0.017578125,-0.076171875,-0.68359375,-0.044921875,-0.177734375,0,0
1779556680.031834,-0.01171875,-0.017578125,-0.076171875,-0.68359375,-0.044921875,-0.177734375,0,0
1779556680.039805,-0.01171875,-0.017578125,-0.076171875,-0.68359375,-0.044921875,-0.177734375,0,0
1779556680.047792,-0.01171875,-0.017578125,-0.076171875,-0.68359375,-0.04296875,-0.17578125,0,0
1779556680.055834,-0.01171875,-0.017578125,-0.076171875,-0.68359375,-0.04296875,-0.17578125,0,0
1779556680.063813,-0.01171875,-0.017578125,-0.076171875,-0.68359375,-0.04296875,-0.17578125,0,0
1779556680.071843,-0.01171875,-0.017578125,-0.076171875,-0.68359375,-0.04296875,-0.17578125,0,0
1779556680.079796,-0.01171875,-0.017578125,-0.076171875,-0.68359375,-0.046875,-0.17578125,0,0
1779556680.087834,-0.01171875,-0.017578125,-0.076171875,-0.68359375,-0.046875,-0.17578125,0,0
1779556680.095793,-0.01171875,-0.017578125,-0.076171875,-0.68359375,-0.046875,-0.17578125,0,0
1779556680.103769,-0.01171875,-0.015625,-0.076171875,-0.68359375,-0.046875,-0.17578125,0,0
1779556680.111763,-0.01171875,-0.015625,-0.076171875,-0.68359375,-0.046875,-0.17578125,0,0
1779556680.119807,-0.01171875,-0.015625,-0.076171875,-0.68359375,-0.046875,-0.17578125,0,0
1779556680.127759,-0.01171875,-0.015625,-0.076171875,-0.68359375,-0.046875,-0.17578125,0,0
1779556680.135796,-0.01171875,-0.015625,-0.076171875,-0.68359375,-0.046875,-0.17578125,0,0
1779556680.143798,-0.01171875,-0.015625,-0.076171875,-0.68359375,-0.046875,-0.17578125,0,0
1779556680.151863,-0.01171875,-0.015625,-0.076171875,-0.68359375,-0.046875,-0.17578125,0,0
1779556680.159781,-0.01171875,-0.015625,-0.076171875,-0.68359375,-0.046875,-0.17578125,0,0
1779556680.167825,-0.01171875,-0.015625,-0.076171875,-0.68359375,-0.046875,-0.17578125,0,0
1779556680.175817,-0.01171875,-0.015625,-0.076171875,-0.68359375,-0.046875,-0.17578125,0,0
1779556680.183912,-0.01171875,-0.015625,-0.076171875,-0.68359375,-0.046875,-0.17578125,0,0
1779556680.191871,-0.01171875,-0.015625,-0.076171875,-0.68359375,-0.046875,-0.173828125,0,0
1779556680.199836,-0.01171875,-0.015625,-0.076171875,-0.68359375,-0.046875,-0.173828125,0,0
1779556680.207813,-0.01171875,-0.015625,-0.076171875,-0.68359375,-0.046875,-0.173828125,0,0
1779556680.215828,-0.01171875,-0.015625,-0.076171875,-0.68359375,-0.046875,-0.173828125,0,0
1779556680.223832,-0.01171875,-0.015625,-0.076171875,-0.68359375,-0.046875,-0.173828125,0,0
1779556680.231822,-0.01171875,-0.017578125,-0.080078125,-0.68359375,-0.046875,-0.173828125,0,0
1779556680.239852,-0.01171875,-0.017578125,-0.080078125,-0.68359375,-0.041015625,-0.171875,0,0
1779556680.247771,-0.01171875,-0.017578125,-0.080078125,-0.68359375,-0.041015625,-0.171875,0,0
1779556680.255831,-0.01171875,-0.017578125,-0.080078125,-0.68359375,-0.0390625,-0.171875,0,0
1779556680.263797,-0.01171875,-0.017578125,-0.08203125,-0.68359375,-0.0390625,-0.171875,0,0
1779556680.271807,-0.01171875,-0.017578125,-0.08203125,-0.68359375,-0.037109375,-0.171875,0,0
1779556680.279833,-0.01171875,-0.017578125,-0.08203125,-0.68359375,-0.037109375,-0.171875,0,0
1779556680.287822,-0.01171875,-0.017578125,-0.08203125,-0.68359375,-0.037109375,-0.169921875,0,0
1779556680.295798,0.0,-0.017578125,-0.08203125,-0.68359375,-0.037109375,-0.169921875,0,0
1779556680.303825,0.0,-0.017578125,-0.08203125,-0.68359375,-0.037109375,-0.169921875,0,0
1779556680.311796,-0.00390625,-0.01953125,-0.08203125,-0.68359375,-0.037109375,-0.169921875,0,0
1779556680.319809,-0.00390625,-0.01953125,-0.08203125,-0.68359375,-0.037109375,-0.169921875,0,0
1779556680.327848,-0.005859375,-0.01953125,-0.083984375,-0.68359375,-0.037109375,-0.169921875,0,0
1779556680.335817,-0.005859375,-0.01953125,-0.083984375,-0.68359375,-0.037109375,-0.169921875,0,0
1779556680.343839,-0.009765625,-0.01953125,-0.083984375,-0.68359375,-0.037109375,-0.169921875,0,0
1779556680.351841,-0.009765625,-0.01953125,-0.083984375,-0.68359375,-0.033203125,-0.16796875,0,0
1779556680.359842,-0.01171875,-0.01953125,-0.083984375,-0.68359375,-0.033203125,-0.16796875,0,0
1779556680.367857,-0.01171875,-0.01953125,-0.083984375,-0.68359375,-0.033203125,-0.166015625,0,0
1779556680.375801,-0.01171875,-0.01953125,-0.0859375,-0.68359375,-0.033203125,-0.166015625,0,0
1779556680.383859,-0.01171875,-0.01953125,-0.0859375,-0.68359375,-0.02734375,-0.166015625,0,0
1779556680.391849,-0.013671875,-0.01953125,-0.0859375,-0.68359375,-0.02734375,-0.166015625,0,0
1779556680.399790,-0.013671875,-0.01953125,-0.0859375,-0.68359375,-0.025390625,-0.166015625,0,0
1779556680.407797,-0.015625,-0.01953125,-0.0859375,-0.68359375,-0.025390625,-0.166015625,0,0
1779556680.415819,-0.015625,-0.01953125,-0.0859375,-0.68359375,-0.025390625,-0.1640625,0,0
1779556680.423851,-0.017578125,-0.021484375,-0.087890625,-0.68359375,-0.025390625,-0.1640625,0,0
1779556680.431810,-0.017578125,-0.021484375,-0.087890625,-0.68359375,-0.025390625,-0.1640625,0,0
1779556680.439839,-0.01953125,-0.021484375,-0.087890625,-0.68359375,-0.025390625,-0.1640625,0,0
1779556680.447828,-0.01953125,-0.021484375,-0.087890625,-0.68359375,-0.021484375,-0.1640625,0,0
1779556680.455823,-0.01953125,-0.021484375,-0.087890625,-0.68359375,-0.021484375,-0.1640625,0,0
1779556680.463819,-0.01953125,-0.021484375,-0.087890625,-0.68359375,-0.021484375,-0.1640625,0,0
1779556680.471790,-0.017578125,-0.021484375,-0.087890625,-0.68359375,-0.021484375,-0.1640625,0,0
1779556680.479817,-0.017578125,-0.021484375,-0.087890625,-0.68359375,-0.021484375,-0.1640625,0,0
1779556680.487825,-0.015625,-0.021484375,-0.087890625,-0.68359375,-0.021484375,-0.1640625,0,0
1779556680.495793,-0.015625,-0.021484375,-0.087890625,-0.68359375,-0.0234375,-0.1640625,0,0
1779556680.503838,-0.015625,-0.021484375,-0.087890625,-0.68359375,-0.0234375,-0.1640625,0,0
1779556680.511824,-0.015625,-0.021484375,-0.087890625,-0.68359375,-0.025390625,-0.1640625,0,0
1779556680.519822,-0.015625,-0.021484375,-0.087890625,-0.68359375,-0.025390625,-0.1640625,0,0
1779556680.527848,-0.015625,-0.021484375,-0.087890625,-0.68359375,-0.025390625,-0.1640625,0,0
1779556680.535787,-0.015625,-0.021484375,-0.087890625,-0.68359375,-0.025390625,-0.1640625,0,0
1779556680.543832,-0.015625,-0.021484375,-0.087890625,-0.68359375,-0.025390625,-0.1640625,0,0
1779556680.551868,-0.015625,-0.021484375,-0.087890625,-0.68359375,-0.025390625,-0.1640625,0,0
1779556680.559879,-0.015625,-0.021484375,-0.087890625,-0.68359375,-0.025390625,-0.1640625,0,0
1779556680.567868,-0.015625,-0.021484375,-0.087890625,-0.68359375,-0.025390625,-0.1640625,0,0
1779556680.575816,-0.015625,-0.021484375,-0.087890625,-0.68359375,-0.025390625,-0.1640625,0,0
1779556680.583778,-0.015625,-0.021484375,-0.0859375,-0.68359375,-0.025390625,-0.1640625,0,0
1779556680.591817,-0.015625,-0.021484375,-0.0859375,-0.68359375,-0.02734375,-0.1640625,0,0
1779556680.599870,-0.013671875,-0.021484375,-0.0859375,-0.68359375,-0.02734375,-0.1640625,0,0
1779556680.607832,-0.013671875,-0.021484375,-0.0859375,-0.68359375,-0.02734375,-0.1640625,0,0
1779556680.615870,-0.013671875,-0.021484375,-0.0859375,-0.68359375,-0.02734375,-0.1640625,0,0
1779556680.623806,-0.013671875,-0.021484375,-0.0859375,-0.68359375,-0.02734375,-0.1640625,0,0
1779556680.631766,-0.013671875,-0.021484375,-0.0859375,-0.68359375,-0.02734375,-0.1640625,0,0
1779556680.639786,-0.013671875,-0.021484375,-0.0859375,-0.68359375,-0.02734375,-0.1640625,0,0
1779556680.647781,-0.013671875,-0.021484375,-0.083984375,-0.68359375,-0.02734375,-0.1640625,0,0
1779556680.655821,-0.013671875,-0.021484375,-0.083984375,-0.68359375,-0.03125,-0.1640625,0,0
1779556680.663819,-0.013671875,-0.021484375,-0.083984375,-0.68359375,-0.03125,-0.1640625,0,0
1779556680.671788,-0.013671875,-0.021484375,-0.083984375,-0.68359375,-0.03125,-0.1640625,0,0
1779556680.679749,-0.013671875,-0.01953125,-0.083984375,-0.68359375,-0.03125,-0.1640625,0,0
1779556680.687790,-0.013671875,-0.01953125,-0.083984375,-0.68359375,-0.03125,-0.1640625,0,0
1779556680.695801,-0.013671875,-0.01953125,-0.083984375,-0.68359375,-0.03125,-0.1640625,0,0
1779556680.703776,-0.013671875,-0.01953125,-0.083984375,-0.68359375,-0.029296875,-0.1640625,0,0
1779556680.711789,-0.013671875,-0.01953125,-0.083984375,-0.68359375,-0.029296875,-0.1640625,0,0
1779556680.719800,-0.013671875,-0.01953125,-0.083984375,-0.68359375,-0.029296875,-0.1640625,0,0
1779556680.727772,-0.013671875,-0.01953125,-0.083984375,-0.68359375,-0.029296875,-0.1640625,0,0
1779556680.735799,-0.013671875,-0.01953125,-0.083984375,-0.68359375,-0.029296875,-0.1640625,0,0
1779556680.743817,-0.013671875,-0.017578125,-0.083984375,-0.68359375,-0.029296875,-0.1640625,0,0
1779556680.751775,-0.013671875,-0.017578125,-0.083984375,-0.68359375,-0.029296875,-0.1640625,0,0
1779556680.759803,-0.015625,-0.017578125,-0.08203125,-0.68359375,-0.029296875,-0.1640625,0,0
1779556680.767827,-0.015625,-0.017578125,-0.08203125,-0.68359375,-0.033203125,-0.1640625,0,0
1779556680.775801,-0.017578125,-0.017578125,-0.08203125,-0.68359375,-0.033203125,-0.1640625,0,0
1779556680.783771,-0.017578125,-0.017578125,-0.08203125,-0.68359375,-0.03515625,-0.16015625,0,0
1779556680.791833,-0.021484375,-0.015625,-0.080078125,-0.68359375,-0.03515625,-0.16015625,0,0
1779556680.799806,-0.021484375,-0.015625,-0.080078125,-0.68359375,-0.04296875,-0.15625,0,0
1779556680.807804,-0.0234375,-0.013671875,-0.076171875,-0.68359375,-0.04296875,-0.15625,0,0
1779556680.815815,-0.0234375,-0.013671875,-0.076171875,-0.68359375,-0.05078125,-0.150390625,0,0
1779556680.823849,-0.029296875,-0.01171875,-0.07421875,-0.68359375,-0.05078125,-0.150390625,0,0
1779556680.831821,-0.029296875,-0.01171875,-0.07421875,-0.68359375,-0.05859375,-0.14453125,0,0
1779556680.839824,-0.033203125,-0.009765625,-0.0703125,-0.68359375,-0.05859375,-0.14453125,0,0
1779556680.847822,-0.033203125,-0.009765625,-0.0703125,-0.68359375,-0.072265625,-0.13671875,0,0
1779556680.855839,-0.029296875,0.0,-0.044921875,-0.68359375,-0.072265625,-0.13671875,0,0
1779556680.863848,-0.029296875,0.0,-0.044921875,-0.68359375,-0.083984375,-0.13671875,0,0
1779556680.871845,-0.015625,0.0,-0.044921875,-0.68359375,-0.083984375,-0.13671875,0,0
1779556680.879821,-0.015625,0.0,-0.044921875,-0.68359375,-0.0859375,-0.15234375,0,0
1779556680.887784,0.0,0.0,0.01953125,-0.68359375,-0.0859375,-0.15234375,0,0
1779556680.895774,0.0,0.0,0.01953125,-0.68359375,-0.08203125,-0.16796875,0,0
1779556680.903851,0.0,0.0,0.078125,-0.68359375,-0.08203125,-0.16796875,0,0
1779556680.911805,0.0,0.0,0.078125,-0.654296875,-0.076171875,-0.1796875,0,0
1779556680.919853,0.0,0.0,0.14453125,-0.654296875,-0.076171875,-0.1796875,0,0
1779556680.927825,0.0,0.0,0.14453125,-0.607421875,-0.0703125,-0.19140625,0,0
1779556680.935784,0.0,0.013671875,0.1875,-0.607421875,-0.0703125,-0.19140625,0,0
1779556680.943769,0.0,0.013671875,0.1875,-0.576171875,-0.060546875,-0.197265625,0,0
1779556680.951846,0.0,0.01953125,0.228515625,-0.576171875,-0.060546875,-0.197265625,0,0
1779556680.959795,0.0,0.01953125,0.228515625,-0.544921875,-0.056640625,-0.201171875,0,0
1779556680.967843,0.0,0.03125,0.267578125,-0.544921875,-0.056640625,-0.201171875,0,0
1779556680.975826,0.0,0.03125,0.267578125,-0.517578125,-0.0546875,-0.20703125,0,0
1779556680.983764,0.0,0.044921875,0.322265625,-0.517578125,-0.0546875,-0.20703125,0,0
1779556680.991776,0.0,0.044921875,0.322265625,-0.4765625,-0.05078125,-0.20703125,0,0
1779556680.999819,0.0,0.048828125,0.345703125,-0.4765625,-0.05078125,-0.20703125,0,0
1779556681.007825,0.0,0.048828125,0.345703125,-0.45703125,-0.0546875,-0.197265625,0,0
1779556681.015872,0.0,0.037109375,0.369140625,-0.45703125,-0.0546875,-0.197265625,0,0
1779556681.023793,0.0,0.037109375,0.369140625,-0.44140625,-0.052734375,-0.181640625,0,0
1779556681.031849,0.0,0.037109375,0.39453125,-0.44140625,-0.052734375,-0.181640625,0,0
1779556681.039819,0.0,0.037109375,0.39453125,-0.423828125,-0.041015625,-0.16015625,0,0
1779556681.047805,0.0,0.037109375,0.41015625,-0.423828125,-0.041015625,-0.16015625,0,0
1779556681.055808,0.0,0.037109375,0.41015625,-0.40625,-0.02734375,-0.150390625,0,0
1779556681.063829,0.013671875,0.037109375,0.412109375,-0.40625,-0.02734375,-0.150390625,0,0
1779556681.071844,0.013671875,0.037109375,0.412109375,-0.408203125,-0.015625,-0.146484375,0,0
1779556681.079783,0.021484375,0.037109375,0.412109375,-0.408203125,-0.015625,-0.146484375,0,0
1779556681.087805,0.021484375,0.037109375,0.412109375,-0.41015625,-0.015625,-0.146484375,0,0
1779556681.095801,0.017578125,0.037109375,0.412109375,-0.41015625,-0.015625,-0.146484375,0,0
1779556681.103842,0.017578125,0.037109375,0.412109375,-0.41015625,-0.015625,-0.14453125,0,0
1779556681.111844,0.017578125,0.037109375,0.41796875,-0.41015625,-0.015625,-0.14453125,0,0
1779556681.119853,0.017578125,0.037109375,0.41796875,-0.40234375,-0.009765625,-0.14453125,0,0
1779556681.127812,0.01953125,0.037109375,0.423828125,-0.40234375,-0.009765625,-0.14453125,0,0
1779556681.135855,0.01953125,0.037109375,0.423828125,-0.3984375,-0.005859375,-0.150390625,0,0
1779556681.143872,0.017578125,0.037109375,0.423828125,-0.3984375,-0.005859375,-0.150390625,0,0
1779556681.151838,0.017578125,0.037109375,0.423828125,-0.400390625,-0.005859375,-0.154296875,0,0
1779556681.159828,0.015625,0.037109375,0.416015625,-0.400390625,-0.005859375,-0.154296875,0,0
1779556681.167829,0.015625,0.037109375,0.416015625,-0.40625,-0.005859375,-0.154296875,0,0
1779556681.175776,0.015625,0.037109375,0.408203125,-0.40625,-0.005859375,-0.154296875,0,0
1779556681.183818,0.015625,0.037109375,0.408203125,-0.4140625,-0.005859375,-0.15234375,0,0
1779556681.191795,0.015625,0.037109375,0.40625,-0.4140625,-0.005859375,-0.15234375,0,0
1779556681.199790,0.015625,0.037109375,0.40625,-0.4140625,-0.005859375,-0.154296875,0,0
1779556681.207813,0.017578125,0.037109375,0.40234375,-0.4140625,-0.005859375,-0.154296875,0,0
1779556681.215805,0.017578125,0.037109375,0.40234375,-0.41796875,-0.005859375,-0.158203125,0,0
1779556681.223840,0.017578125,0.037109375,0.39453125,-0.41796875,-0.005859375,-0.158203125,0,0
1779556681.231817,0.017578125,0.037109375,0.39453125,-0.423828125,-0.005859375,-0.158203125,0,0
1779556681.239799,0.01171875,0.037109375,0.3828125,-0.423828125,-0.005859375,-0.158203125,0,0
1779556681.247823,0.01171875,0.037109375,0.3828125,-0.435546875,-0.005859375,-0.154296875,0,0
1779556681.255846,0.005859375,0.037109375,0.357421875,-0.435546875,-0.005859375,-0.154296875,0,0
1779556681.263830,0.005859375,0.037109375,0.357421875,-0.45703125,-0.005859375,-0.146484375,0,0
1779556681.271802,0.005859375,0.037109375,0.33203125,-0.45703125,-0.005859375,-0.146484375,0,0
1779556681.279792,0.005859375,0.037109375,0.33203125,-0.47265625,-0.005859375,-0.142578125,0,0
1779556681.287804,0.005859375,0.037109375,0.31640625,-0.47265625,-0.005859375,-0.142578125,0,0
1779556681.295810,0.005859375,0.037109375,0.31640625,-0.48828125,-0.005859375,-0.138671875,0,0
1779556681.303798,0.005859375,-0.00390625,0.3125,-0.48828125,-0.005859375,-0.138671875,0,0
1779556681.311831,0.005859375,-0.00390625,0.3125,-0.494140625,-0.005859375,-0.134765625,0,0
1779556681.319815,0.005859375,-0.009765625,0.296875,-0.494140625,-0.005859375,-0.134765625,0,0
1779556681.327837,0.005859375,-0.009765625,0.296875,-0.50390625,-0.005859375,-0.125,0,0
1779556681.335814,0.005859375,-0.015625,0.28125,-0.50390625,-0.005859375,-0.125,0,0
1779556681.343812,0.005859375,-0.015625,0.28125,-0.521484375,-0.005859375,-0.12109375,0,0
1779556681.351853,0.005859375,-0.021484375,0.26953125,-0.521484375,-0.005859375,-0.12109375,0,0
1779556681.359852,0.005859375,-0.021484375,0.26953125,-0.52734375,-0.005859375,-0.125,0,0
1779556681.367829,0.00390625,-0.025390625,0.2578125,-0.52734375,-0.005859375,-0.125,0,0
1779556681.375856,0.00390625,-0.025390625,0.2578125,-0.533203125,-0.005859375,-0.134765625,0,0
1779556681.383834,0.015625,-0.029296875,0.24609375,-0.533203125,-0.005859375,-0.134765625,0,0
1779556681.391819,0.015625,-0.029296875,0.24609375,-0.54296875,-0.005859375,-0.140625,0,0
1779556681.399838,0.021484375,-0.033203125,0.236328125,-0.54296875,-0.005859375,-0.140625,0,0
1779556681.407807,0.021484375,-0.033203125,0.236328125,-0.546875,-0.005859375,-0.140625,0,0
1779556681.415840,0.0234375,-0.0390625,0.23046875,-0.546875,-0.005859375,-0.140625,0,0
1779556681.423845,0.0234375,-0.0390625,0.23046875,-0.552734375,-0.005859375,-0.140625,0,0
1779556681.431812,0.0234375,-0.041015625,0.22265625,-0.552734375,-0.005859375,-0.140625,0,0
1779556681.439823,0.0234375,-0.041015625,0.22265625,-0.55859375,-0.005859375,-0.140625,0,0
1779556681.447848,0.02734375,-0.044921875,0.20703125,-0.55859375,-0.005859375,-0.140625,0,0
1779556681.455840,0.02734375,-0.044921875,0.20703125,-0.5703125,-0.005859375,-0.14453125,0,0
1779556681.463832,0.033203125,-0.05078125,0.197265625,-0.5703125,-0.005859375,-0.14453125,0,0
1779556681.471813,0.033203125,-0.05078125,0.197265625,-0.57421875,-0.005859375,-0.1484375,0,0
1779556681.479848,0.037109375,-0.0546875,0.185546875,-0.57421875,-0.005859375,-0.1484375,0,0
1779556681.487841,0.037109375,-0.0546875,0.185546875,-0.5859375,-0.005859375,-0.1484375,0,0
1779556681.495814,0.0390625,-0.05859375,0.173828125,-0.5859375,-0.005859375,-0.1484375,0,0
1779556681.503757,0.0390625,-0.05859375,0.173828125,-0.59375,-0.005859375,-0.1484375,0,0
1779556681.511804,0.04296875,-0.0625,0.1640625,-0.59375,-0.005859375,-0.1484375,0,0
1779556681.519795,0.04296875,-0.0625,0.1640625,-0.6015625,-0.005859375,-0.146484375,0,0
1779556681.527812,0.041015625,-0.068359375,0.150390625,-0.6015625,-0.005859375,-0.146484375,0,0
1779556681.535817,0.041015625,-0.068359375,0.150390625,-0.607421875,-0.005859375,-0.14453125,0,0
1779556681.543767,0.041015625,-0.072265625,0.140625,-0.607421875,-0.005859375,-0.14453125,0,0
1779556681.551795,0.041015625,-0.072265625,0.140625,-0.6171875,-0.005859375,-0.14453125,0,0
1779556681.559828,0.0390625,-0.078125,0.125,-0.6171875,-0.005859375,-0.14453125,0,0
1779556681.567799,0.0390625,-0.078125,0.125,-0.625,-0.005859375,-0.140625,0,0
1779556681.575794,0.033203125,-0.080078125,0.119140625,-0.625,-0.005859375,-0.140625,0,0
1779556681.583808,0.033203125,-0.080078125,0.119140625,-0.6328125,-0.005859375,-0.134765625,0,0
1779556681.591852,0.02734375,-0.08203125,0.1171875,-0.6328125,-0.005859375,-0.134765625,0,0
1779556681.599844,0.02734375,-0.08203125,0.1171875,-0.6328125,-0.005859375,-0.130859375,0,0
1779556681.607788,0.02734375,-0.08203125,0.115234375,-0.6328125,-0.005859375,-0.130859375,0,0
1779556681.615833,0.02734375,-0.08203125,0.115234375,-0.6328125,-0.005859375,-0.130859375,0,0
1779556681.623807,0.025390625,-0.08203125,0.115234375,-0.6328125,-0.005859375,-0.130859375,0,0
1779556681.631809,0.025390625,-0.08203125,0.115234375,-0.6328125,-0.005859375,-0.130859375,0,0
1779556681.639817,0.01953125,-0.08203125,0.115234375,-0.6328125,-0.005859375,-0.130859375,0,0
1779556681.647824,0.01953125,-0.08203125,0.115234375,-0.6328125,-0.005859375,-0.12890625,0,0
1779556681.655833,0.017578125,-0.08203125,0.107421875,-0.6328125,-0.005859375,-0.12890625,0,0
1779556681.663828,0.017578125,-0.08203125,0.107421875,-0.638671875,-0.005859375,-0.125,0,0
1779556681.671837,0.009765625,-0.08984375,0.08984375,-0.638671875,-0.005859375,-0.125,0,0
1779556681.679883,0.009765625,-0.08984375,0.08984375,-0.6484375,-0.005859375,-0.119140625,0,0
1779556681.687784,0.005859375,-0.091796875,0.076171875,-0.6484375,-0.005859375,-0.119140625,0,0
1779556681.695788,0.005859375,-0.091796875,0.076171875,-0.66015625,-0.005859375,-0.111328125,0,0
1779556681.703778,0.005859375,-0.087890625,0.068359375,-0.66015625,-0.005859375,-0.111328125,0,0
1779556681.711772,0.005859375,-0.087890625,0.068359375,-0.66796875,0.0,-0.107421875,0,0
1779556681.719836,0.005859375,-0.08203125,0.060546875,-0.66796875,0.0,-0.107421875,0,0
1779556681.727777,0.005859375,-0.08203125,0.060546875,-0.67578125,-0.005859375,-0.1015625,0,0
1779556681.735790,0.005859375,-0.07421875,0.0546875,-0.67578125,-0.005859375,-0.1015625,0,0
1779556681.743837,0.005859375,-0.07421875,0.0546875,-0.68359375,-0.017578125,-0.08984375,0,0
1779556681.751827,0.005859375,-0.064453125,0.05078125,-0.68359375,-0.017578125,-0.08984375,0,0
1779556681.759799,0.005859375,-0.064453125,0.05078125,-0.68359375,-0.029296875,-0.078125,0,0
1779556681.767806,0.005859375,-0.05078125,0.044921875,-0.68359375,-0.029296875,-0.078125,0,0
1779556681.775824,0.005859375,-0.05078125,0.044921875,-0.68359375,-0.03515625,-0.068359375,0,0
1779556681.783809,0.005859375,-0.033203125,0.04296875,-0.68359375,-0.03515625,-0.068359375,0,0
1779556681.791822,0.005859375,-0.033203125,0.04296875,-0.68359375,-0.046875,-0.064453125,0,0
1779556681.799839,0.005859375,-0.01171875,0.052734375,-0.68359375,-0.046875,-0.064453125,0,0
1779556681.807792,0.005859375,-0.01171875,0.052734375,-0.68359375,-0.0546875,-0.0625,0,0
1779556681.815789,-0.005859375,-0.01171875,0.060546875,-0.68359375,-0.0546875,-0.0625,0,0
1779556681.823826,-0.005859375,-0.01171875,0.060546875,-0.68359375,-0.056640625,-0.0625,0,0
1779556681.831778,-0.0234375,-0.01171875,0.07421875,-0.68359375,-0.056640625,-0.0625,0,0
1779556681.839788,-0.0234375,-0.01171875,0.07421875,-0.68359375,-0.060546875,-0.060546875,0,0
1779556681.847862,-0.03125,-0.01171875,0.0859375,-0.68359375,-0.060546875,-0.060546875,0,0
1779556681.855833,-0.03125,-0.01171875,0.0859375,-0.68359375,-0.06640625,-0.056640625,0,0
1779556681.863842,-0.03125,-0.01171875,0.0625,-0.68359375,-0.06640625,-0.056640625,0,0
1779556681.871875,-0.03125,-0.01171875,0.0625,-0.6796875,-0.068359375,-0.052734375,0,0
1779556681.879796,-0.01171875,-0.01171875,0.03125,-0.6796875,-0.068359375,-0.052734375,0,0
1779556681.887825,-0.01171875,-0.01171875,0.03125,-0.658203125,-0.06640625,-0.052734375,0,0
1779556681.895830,-0.01171875,-0.01171875,0.01171875,-0.658203125,-0.06640625,-0.052734375,0,0
1779556681.903799,-0.01171875,-0.01171875,0.01171875,-0.6328125,-0.056640625,-0.048828125,0,0
1779556681.919851,-0.01171875,-0.01171875,0.01171875,-0.615234375,-0.046875,-0.04296875,0,0
1779556681.935766,-0.01171875,-0.01171875,0.01171875,-0.59765625,-0.04296875,-0.04296875,0,0
1779556681.943827,-0.01171875,-0.01171875,-0.005859375,-0.59765625,-0.04296875,-0.04296875,0,0
1779556681.951815,-0.01171875,-0.01171875,-0.005859375,-0.599609375,-0.0703125,-0.048828125,0,0
1779556681.959820,-0.056640625,0.01953125,-0.080078125,-0.599609375,-0.0703125,-0.048828125,0,0
1779556681.967809,-0.056640625,0.01953125,-0.080078125,-0.61328125,-0.123046875,-0.05859375,0,0
1779556681.975814,-0.125,0.03515625,-0.13671875,-0.61328125,-0.123046875,-0.05859375,0,0
1779556681.983791,-0.125,0.03515625,-0.13671875,-0.630859375,-0.169921875,-0.0625,0,0
1779556681.991852,-0.146484375,0.033203125,-0.16015625,-0.630859375,-0.169921875,-0.0625,0,0
1779556681.999817,-0.146484375,0.033203125,-0.16015625,-0.640625,-0.1875,-0.064453125,0,0
1779556682.007785,-0.134765625,0.021484375,-0.169921875,-0.640625,-0.1875,-0.064453125,0,0
1779556682.015809,-0.134765625,0.021484375,-0.169921875,-0.65234375,-0.18359375,-0.060546875,0,0
1779556682.023860,-0.099609375,0.01171875,-0.15234375,-0.65234375,-0.18359375,-0.060546875,0,0
1779556682.031813,-0.099609375,0.01171875,-0.15234375,-0.671875,-0.158203125,-0.0546875,0,0
1779556682.039798,-0.072265625,0.0,-0.146484375,-0.671875,-0.158203125,-0.0546875,0,0
1779556682.047816,-0.072265625,0.0,-0.146484375,-0.68359375,-0.13671875,-0.05078125,0,0
1779556682.055798,-0.0625,0.0,-0.146484375,-0.68359375,-0.13671875,-0.05078125,0,0
1779556682.063794,-0.0625,0.0,-0.146484375,-0.68359375,-0.126953125,-0.05078125,0,0
1779556682.071800,-0.05859375,0.0,-0.16796875,-0.68359375,-0.126953125,-0.05078125,0,0
1779556682.079799,-0.05859375,0.0,-0.16796875,-0.68359375,-0.125,-0.05078125,0,0
1779556682.087826,-0.0546875,0.0,-0.205078125,-0.68359375,-0.125,-0.05078125,0,0
1779556682.095798,-0.0546875,0.0,-0.205078125,-0.68359375,-0.1328125,-0.05078125,0,0
1779556682.103771,-0.05078125,0.0,-0.22265625,-0.68359375,-0.1328125,-0.05078125,0,0
1779556682.111772,-0.05078125,0.0,-0.22265625,-0.662109375,-0.134765625,-0.056640625,0,0
1779556682.119877,-0.052734375,0.0,-0.2421875,-0.662109375,-0.134765625,-0.056640625,0,0
1779556682.127873,-0.052734375,0.0,-0.2421875,-0.64453125,-0.134765625,-0.060546875,0,0
1779556682.135872,-0.056640625,0.0,-0.244140625,-0.64453125,-0.134765625,-0.060546875,0,0
1779556682.143823,-0.056640625,0.0,-0.244140625,-0.640625,-0.134765625,-0.064453125,0,0
1779556682.151843,-0.060546875,0.0,-0.244140625,-0.640625,-0.134765625,-0.064453125,0,0
1779556682.159831,-0.060546875,0.0,-0.244140625,-0.642578125,-0.134765625,-0.06640625,0,0
1779556682.167819,-0.0625,0.0,-0.23828125,-0.642578125,-0.134765625,-0.06640625,0,0
1779556682.175874,-0.0625,0.0,-0.23828125,-0.646484375,-0.134765625,-0.06640625,0,0
1779556682.183804,-0.05859375,0.0,-0.23828125,-0.646484375,-0.134765625,-0.06640625,0,0
1779556682.191781,-0.05859375,0.0,-0.23828125,-0.650390625,-0.134765625,-0.0625,0,0
1779556682.199772,-0.052734375,0.0,-0.240234375,-0.650390625,-0.134765625,-0.0625,0,0
1779556682.207822,-0.052734375,0.0,-0.240234375,-0.6484375,-0.130859375,-0.05859375,0,0
1779556682.215825,-0.046875,0.0,-0.244140625,-0.6484375,-0.130859375,-0.05859375,0,0
1779556682.223852,-0.046875,0.0,-0.244140625,-0.64453125,-0.126953125,-0.0546875,0,0
1779556682.231768,-0.044921875,0.0,-0.25390625,-0.64453125,-0.126953125,-0.0546875,0,0
1779556682.239769,-0.044921875,0.0,-0.25390625,-0.6328125,-0.126953125,-0.0546875,0,0
1779556682.247776,-0.041015625,0.0,-0.26953125,-0.6328125,-0.126953125,-0.0546875,0,0
1779556682.255798,-0.041015625,0.0,-0.26953125,-0.615234375,-0.12890625,-0.052734375,0,0
1779556682.263765,-0.033203125,0.0,-0.279296875,-0.615234375,-0.12890625,-0.052734375,0,0
1779556682.271830,-0.033203125,0.0,-0.279296875,-0.58984375,-0.126953125,-0.048828125,0,0
1779556682.279848,-0.017578125,-0.01953125,-0.25390625,-0.58984375,-0.126953125,-0.048828125,0,0
1779556682.287819,-0.017578125,-0.01953125,-0.25390625,-0.55859375,-0.115234375,-0.044921875,0,0
1779556682.295834,-0.017578125,-0.037109375,-0.216796875,-0.55859375,-0.115234375,-0.044921875,0,0
1779556682.303857,-0.017578125,-0.037109375,-0.216796875,-0.529296875,-0.09375,-0.04296875,0,0
1779556682.311845,-0.017578125,-0.044921875,-0.193359375,-0.529296875,-0.09375,-0.04296875,0,0
1779556682.319846,-0.017578125,-0.044921875,-0.193359375,-0.501953125,-0.0859375,-0.037109375,0,0
1779556682.327823,-0.017578125,-0.060546875,-0.18359375,-0.501953125,-0.0859375,-0.037109375,0,0
1779556682.335837,-0.017578125,-0.060546875,-0.18359375,-0.46875,-0.083984375,-0.033203125,0,0
1779556682.343871,-0.017578125,-0.095703125,-0.16796875,-0.46875,-0.083984375,-0.033203125,0,0
1779556682.351853,-0.017578125,-0.095703125,-0.16796875,-0.4140625,-0.08203125,-0.025390625,0,0
1779556682.359825,-0.017578125,-0.14453125,-0.142578125,-0.4140625,-0.08203125,-0.025390625,0,0
1779556682.367811,-0.017578125,-0.14453125,-0.142578125,-0.369140625,-0.0703125,-0.015625,0,0
1779556682.375801,-0.017578125,-0.17578125,-0.103515625,-0.369140625,-0.0703125,-0.015625,0,0
1779556682.383803,-0.017578125,-0.17578125,-0.103515625,-0.361328125,-0.056640625,0.0,0,0
1779556682.391792,-0.017578125,-0.181640625,-0.0703125,-0.361328125,-0.056640625,0.0,0,0
1779556682.399839,-0.017578125,-0.181640625,-0.0703125,-0.361328125,-0.044921875,0.0,0,0
1779556682.407841,-0.017578125,-0.181640625,-0.0625,-0.361328125,-0.044921875,0.0,0,0
1779556682.415834,-0.017578125,-0.181640625,-0.0625,-0.361328125,-0.044921875,0.0,0,0
1779556682.423835,-0.009765625,-0.193359375,-0.068359375,-0.361328125,-0.044921875,0.0,0,0
1779556682.431821,-0.009765625,-0.193359375,-0.068359375,-0.3515625,-0.052734375,0.0,0,0
1779556682.439865,-0.01953125,-0.22265625,-0.0859375,-0.3515625,-0.052734375,0.0,0,0
1779556682.447870,-0.01953125,-0.22265625,-0.0859375,-0.34375,-0.060546875,0.0,0,0
1779556682.455804,-0.01953125,-0.265625,-0.109375,-0.34375,-0.060546875,0.0,0,0
1779556682.463785,-0.01953125,-0.265625,-0.109375,-0.330078125,-0.064453125,0.0,0,0
1779556682.471856,-0.015625,-0.3125,-0.125,-0.330078125,-0.064453125,0.0,0,0
1779556682.479797,-0.015625,-0.3125,-0.125,-0.3046875,-0.06640625,0.0,0,0
1779556682.487812,-0.025390625,-0.349609375,-0.14453125,-0.3046875,-0.06640625,0.0,0,0
1779556682.495798,-0.025390625,-0.349609375,-0.14453125,-0.287109375,-0.07421875,0.0,0,0
1779556682.503820,-0.03515625,-0.3671875,-0.162109375,-0.287109375,-0.07421875,0.0,0,0
1779556682.511840,-0.03515625,-0.3671875,-0.162109375,-0.275390625,-0.080078125,0.0,0,0
1779556682.519862,-0.044921875,-0.388671875,-0.18359375,-0.275390625,-0.080078125,0.0,0,0
1779556682.527845,-0.044921875,-0.388671875,-0.18359375,-0.263671875,-0.0859375,0.0,0,0
1779556682.535809,-0.05859375,-0.41015625,-0.19921875,-0.263671875,-0.0859375,0.0,0,0
1779556682.543830,-0.05859375,-0.41015625,-0.19921875,-0.255859375,-0.095703125,0.0,0,0
1779556682.551870,-0.0625,-0.431640625,-0.2109375,-0.255859375,-0.095703125,0.0,0,0
1779556682.559884,-0.0625,-0.431640625,-0.2109375,-0.244140625,-0.09765625,0.0,0,0
1779556682.567840,-0.06640625,-0.451171875,-0.21875,-0.244140625,-0.09765625,0.0,0,0
1779556682.575819,-0.06640625,-0.451171875,-0.21875,-0.236328125,-0.099609375,0.0,0,0
1779556682.583805,-0.068359375,-0.47265625,-0.220703125,-0.236328125,-0.099609375,0.0,0,0
1779556682.591848,-0.068359375,-0.47265625,-0.220703125,-0.228515625,-0.099609375,0.0,0,0
1779556682.599833,-0.0703125,-0.48828125,-0.23046875,-0.228515625,-0.099609375,0.0,0,0
1779556682.607844,-0.0703125,-0.48828125,-0.23046875,-0.216796875,-0.1015625,0.0,0,0
1779556682.615843,-0.078125,-0.49609375,-0.234375,-0.216796875,-0.1015625,0.0,0,0
1779556682.623823,-0.078125,-0.49609375,-0.234375,-0.21484375,-0.10546875,0.0,0,0
1779556682.631814,-0.0859375,-0.50390625,-0.23828125,-0.21484375,-0.10546875,0.0,0,0
1779556682.639788,-0.0859375,-0.50390625,-0.23828125,-0.205078125,-0.109375,0.0,0,0
1779556682.647816,-0.095703125,-0.513671875,-0.244140625,-0.205078125,-0.109375,0.0,0,0
1779556682.655790,-0.095703125,-0.513671875,-0.244140625,-0.197265625,-0.115234375,0.0,0,0
1779556682.663771,-0.095703125,-0.5234375,-0.240234375,-0.197265625,-0.115234375,0.0,0,0
1779556682.671770,-0.095703125,-0.5234375,-0.240234375,-0.189453125,-0.11328125,0.0,0,0
1779556682.679841,-0.091796875,-0.5234375,-0.232421875,-0.189453125,-0.11328125,0.0,0,0
1779556682.687836,-0.091796875,-0.5234375,-0.232421875,-0.1875,-0.111328125,0.0,0,0
1779556682.695789,-0.0859375,-0.521484375,-0.22265625,-0.1875,-0.111328125,0.0,0,0
1779556682.703843,-0.0859375,-0.521484375,-0.22265625,-0.185546875,-0.10546875,0.0,0,0
1779556682.711809,-0.083984375,-0.51953125,-0.21484375,-0.185546875,-0.10546875,0.0,0,0
1779556682.719826,-0.083984375,-0.51953125,-0.21484375,-0.181640625,-0.10546875,0.0,0,0
1779556682.727815,-0.08203125,-0.515625,-0.203125,-0.181640625,-0.10546875,0.0,0,0
1779556682.735839,-0.08203125,-0.515625,-0.203125,-0.169921875,-0.103515625,0.0,0,0
1779556682.743792,-0.080078125,-0.49609375,-0.1875,-0.169921875,-0.103515625,0.0,0,0
1779556682.751857,-0.080078125,-0.49609375,-0.1875,-0.158203125,-0.1015625,0.0,0,0
1779556682.759788,-0.0703125,-0.45703125,-0.158203125,-0.158203125,-0.1015625,0.0,0,0
1779556682.767814,-0.0703125,-0.45703125,-0.158203125,-0.14453125,-0.099609375,0.0,0,0
1779556682.775845,-0.05859375,-0.40625,-0.1171875,-0.14453125,-0.099609375,0.0,0,0
1779556682.783820,-0.05859375,-0.40625,-0.1171875,-0.107421875,-0.091796875,0.0,0,0
1779556682.791806,-0.046875,-0.34375,-0.064453125,-0.107421875,-0.091796875,0.0,0,0
1779556682.799800,-0.046875,-0.34375,-0.064453125,-0.04296875,-0.083984375,0.0,0,0
1779556682.807818,-0.025390625,-0.267578125,-0.0078125,-0.04296875,-0.083984375,0.0,0,0
1779556682.815832,-0.025390625,-0.267578125,-0.0078125,-0.04296875,-0.072265625,0.0,0,0
1779556682.823790,-0.025390625,-0.212890625,-0.0078125,-0.04296875,-0.072265625,0.0,0,0
1779556682.831805,-0.025390625,-0.212890625,-0.0078125,-0.04296875,-0.048828125,0.0,0,0
1779556682.839789,-0.025390625,-0.181640625,-0.0078125,-0.04296875,-0.048828125,0.0,0,0
1779556682.847820,-0.025390625,-0.181640625,-0.0078125,0.01171875,-0.029296875,-0.00390625,0,0
1779556682.855779,-0.025390625,-0.12890625,-0.0078125,0.01171875,-0.029296875,-0.00390625,0,0
1779556682.863783,-0.025390625,-0.12890625,-0.0078125,0.017578125,-0.029296875,-0.009765625,0,0
1779556682.871838,-0.025390625,-0.0625,-0.0078125,0.017578125,-0.029296875,-0.009765625,0,0
1779556682.879819,-0.025390625,-0.0625,-0.0078125,0.017578125,-0.029296875,-0.01953125,0,0
1779556682.895803,-0.025390625,-0.0625,-0.0078125,0.005859375,-0.029296875,-0.02734375,0,0
1779556682.919772,-0.025390625,0.0,-0.0078125,0.005859375,-0.029296875,-0.02734375,0,0
1779556682.949833,0.0,0.0,0.0,0.0,0.0,0.0,0,0
1779556682.959877,-0.025390625,0.0,-0.0078125,-0.01953125,-0.029296875,-0.02734375,0,0
1779556682.989831,0.0,0.0,0.0,0.0,0.0,0.0,0,0
1779556683.020809,0.0,0.0,0.0,0.0,0.0,0.0,0,0
1779556683.051852,0.0,0.0,0.0,0.0,0.0,0.0,0,0
1779556683.082815,0.0,0.0,0.0,0.0,0.0,0.0,0,0
1779556683.113844,0.0,0.0,0.0,0.0,0.0,0.0,0,0
1779556683.144828,0.0,0.0,0.0,0.0,0.0,0.0,0,0
1779556683.175837,0.0,0.0,0.0,0.0,0.0,0.0,0,0
1779556683.206830,0.0,0.0,0.0,0.0,0.0,0.0,0,0
1779556683.237853,0.0,0.0,0.0,0.0,0.0,0.0,0,0
1779556683.268824,0.0,0.0,0.0,0.0,0.0,0.0,0,0
1779556683.299801,0.0,0.0,0.0,0.0,0.0,0.0,0,0
1779556683.330826,0.0,0.0,0.0,0.0,0.0,0.0,0,0
1779556683.361845,0.0,0.0,0.0,0.0,0.0,0.0,0,0
1779556683.375784,-0.025390625,0.0,-0.0078125,0.0,-0.029296875,-0.02734375,0,0
1779556683.405831,0.0,0.0,0.0,0.0,0.0,0.0,0,0
1779556683.436748,0.0,0.0,0.0,0.0,0.0,0.0,0,0
1779556683.467818,0.0,0.0,0.0,0.0,0.0,0.0,0,0
1779556683.498796,0.0,0.0,0.0,0.0,0.0,0.0,0,0
1779556683.503804,-0.025390625,0.0,-0.0078125,-0.00390625,-0.029296875,-0.02734375,0,0
1779556683.519798,-0.025390625,0.0,-0.0078125,-0.01953125,-0.029296875,-0.02734375,0,0
1779556683.535856,-0.025390625,0.0,-0.0078125,-0.021484375,-0.029296875,-0.02734375,0,0
1779556683.543802,-0.025390625,0.0,-0.0078125,-0.021484375,-0.029296875,-0.02734375,0,0
1779556683.551845,-0.025390625,0.0,-0.0078125,-0.029296875,-0.029296875,-0.02734375,0,0
1779556683.559782,-0.025390625,0.00390625,-0.0078125,-0.029296875,-0.029296875,-0.02734375,0,0
1779556683.567804,-0.025390625,0.00390625,-0.0078125,-0.03125,-0.029296875,-0.02734375,0,0
1779556683.575785,-0.025390625,0.00390625,0.013671875,-0.03125,-0.029296875,-0.02734375,0,0
1779556683.583811,-0.025390625,0.00390625,0.013671875,-0.01953125,-0.029296875,-0.02734375,0,0
1779556683.591794,-0.025390625,0.00390625,0.041015625,-0.01953125,-0.029296875,-0.02734375,0,0
1779556683.599787,-0.025390625,0.00390625,0.041015625,-0.00390625,-0.029296875,-0.02734375,0,0
1779556683.607797,-0.025390625,0.00390625,0.052734375,-0.00390625,-0.029296875,-0.02734375,0,0
1779556683.623800,-0.025390625,0.00390625,0.0625,-0.00390625,-0.029296875,-0.02734375,0,0
1779556683.639791,-0.025390625,0.00390625,0.078125,-0.00390625,-0.029296875,-0.02734375,0,0
1779556683.655866,-0.025390625,0.00390625,0.099609375,-0.00390625,-0.029296875,-0.02734375,0,0
1779556683.671858,-0.025390625,0.00390625,0.11328125,-0.00390625,-0.029296875,-0.02734375,0,0
1779556683.679847,-0.025390625,0.00390625,0.11328125,0.0,-0.029296875,-0.02734375,0,0
1779556683.687873,-0.025390625,0.00390625,0.119140625,0.0,-0.029296875,-0.02734375,0,0
1779556683.703784,-0.025390625,0.00390625,0.130859375,0.0,-0.029296875,-0.02734375,0,0
1779556683.719815,-0.025390625,0.00390625,0.15234375,0.0,-0.029296875,-0.02734375,0,0
1779556683.735785,-0.025390625,0.00390625,0.1875,0.0,-0.029296875,-0.02734375,0,0
1779556683.751810,-0.025390625,-0.01953125,0.224609375,0.0,-0.029296875,-0.02734375,0,0
1779556683.767765,-0.025390625,-0.025390625,0.259765625,0.0,-0.029296875,-0.02734375,0,0
1779556683.783829,-0.00390625,-0.025390625,0.28515625,0.0,-0.029296875,-0.02734375,0,0
1779556683.791802,-0.00390625,-0.025390625,0.28515625,-0.017578125,-0.029296875,-0.02734375,0,0
1779556683.799840,-0.0234375,-0.01953125,0.314453125,-0.017578125,-0.029296875,-0.02734375,0,0
1779556683.807820,-0.0234375,-0.01953125,0.314453125,-0.033203125,-0.029296875,-0.02734375,0,0
1779556683.815827,-0.033203125,-0.017578125,0.3671875,-0.033203125,-0.029296875,-0.02734375,0,0
1779556683.823821,-0.033203125,-0.017578125,0.3671875,-0.05078125,-0.029296875,-0.02734375,0,0
1779556683.831763,-0.0234375,-0.01171875,0.4375,-0.05078125,-0.029296875,-0.02734375,0,0
1779556683.839771,-0.0234375,-0.01171875,0.4375,-0.06640625,-0.029296875,-0.02734375,0,0
1779556683.847875,0.0,-0.01171875,0.4921875,-0.06640625,-0.029296875,-0.02734375,0,0
1779556683.855802,0.0,-0.01171875,0.4921875,-0.072265625,-0.029296875,-0.02734375,0,0
1779556683.863811,0.0,-0.01171875,0.5234375,-0.072265625,-0.029296875,-0.02734375,0,0
1779556683.871824,0.0,-0.01171875,0.5234375,-0.072265625,-0.029296875,-0.02734375,0,0
1779556683.879818,0.0,-0.01171875,0.53515625,-0.072265625,-0.029296875,-0.02734375,0,0
1779556683.887822,0.0,-0.01171875,0.53515625,-0.06640625,-0.029296875,-0.02734375,0,0
1779556683.895811,-0.017578125,-0.01171875,0.55078125,-0.06640625,-0.029296875,-0.02734375,0,0
1779556683.903792,-0.017578125,-0.01171875,0.55078125,-0.060546875,-0.029296875,-0.02734375,0,0
1779556683.911847,-0.021484375,-0.00390625,0.56640625,-0.060546875,-0.029296875,-0.02734375,0,0
1779556683.919800,-0.021484375,-0.00390625,0.56640625,-0.06640625,-0.029296875,-0.02734375,0,0
1779556683.927813,-0.00390625,-0.00390625,0.583984375,-0.06640625,-0.029296875,-0.02734375,0,0
1779556683.935821,-0.00390625,-0.00390625,0.583984375,-0.07421875,-0.029296875,-0.02734375,0,0
1779556683.943815,-0.00390625,-0.00390625,0.59375,-0.07421875,-0.029296875,-0.02734375,0,0
1779556683.951802,-0.00390625,-0.00390625,0.59375,-0.083984375,-0.029296875,-0.02734375,0,0
1779556683.959769,-0.00390625,0.0,0.599609375,-0.083984375,-0.029296875,-0.02734375,0,0
1779556683.967824,-0.00390625,0.0,0.599609375,-0.087890625,-0.029296875,0.0,0,0
1779556683.975782,-0.00390625,0.0,0.591796875,-0.087890625,-0.029296875,0.0,0,0
1779556683.983805,-0.00390625,0.0,0.591796875,-0.0859375,-0.029296875,-0.005859375,0,0
1779556683.991831,-0.00390625,0.0,0.580078125,-0.0859375,-0.029296875,-0.005859375,0,0
1779556683.999834,-0.00390625,0.0,0.580078125,-0.07421875,-0.029296875,-0.009765625,0,0
1779556684.007867,-0.00390625,0.0,0.576171875,-0.07421875,-0.029296875,-0.009765625,0,0
1779556684.015911,-0.00390625,0.0,0.576171875,-0.064453125,-0.029296875,-0.01953125,0,0
1779556684.023834,-0.00390625,0.0,0.556640625,-0.064453125,-0.029296875,-0.01953125,0,0
1779556684.031849,-0.00390625,0.0,0.556640625,-0.052734375,-0.029296875,-0.02734375,0,0
1779556684.039843,-0.00390625,-0.01953125,0.546875,-0.052734375,-0.029296875,-0.02734375,0,0
1779556684.047856,-0.00390625,-0.01953125,0.546875,-0.046875,-0.029296875,-0.033203125,0,0
1779556684.055858,-0.00390625,-0.04296875,0.51953125,-0.046875,-0.029296875,-0.033203125,0,0
1779556684.063813,-0.00390625,-0.04296875,0.51953125,-0.048828125,-0.029296875,-0.04296875,0,0
1779556684.071839,-0.00390625,-0.0546875,0.474609375,-0.048828125,-0.029296875,-0.04296875,0,0
1779556684.079816,-0.00390625,-0.0546875,0.474609375,-0.046875,-0.029296875,-0.052734375,0,0
1779556684.087866,-0.013671875,-0.0546875,0.40625,-0.046875,-0.029296875,-0.052734375,0,0
1779556684.095826,-0.013671875,-0.0546875,0.40625,-0.02734375,-0.029296875,-0.06640625,0,0
1779556684.103825,-0.05859375,-0.0546875,0.310546875,-0.02734375,-0.029296875,-0.06640625,0,0
1779556684.111859,-0.05859375,-0.0546875,0.310546875,-0.02734375,-0.02734375,-0.080078125,0,0
1779556684.119877,-0.10546875,-0.080078125,0.224609375,-0.02734375,-0.02734375,-0.080078125,0,0
1779556684.127815,-0.10546875,-0.080078125,0.224609375,-0.02734375,-0.05859375,-0.08984375,0,0
1779556684.135828,-0.130859375,-0.09765625,0.130859375,-0.02734375,-0.05859375,-0.08984375,0,0
1779556684.143783,-0.130859375,-0.09765625,0.130859375,0.0234375,-0.08984375,-0.09765625,0,0
1779556684.151874,-0.1328125,-0.123046875,0.056640625,0.0234375,-0.08984375,-0.09765625,0,0
1779556684.159876,-0.1328125,-0.123046875,0.056640625,0.0859375,-0.10546875,-0.109375,0,0
1779556684.167834,-0.123046875,-0.126953125,0.056640625,0.0859375,-0.10546875,-0.109375,0,0
1779556684.175837,-0.123046875,-0.126953125,0.056640625,0.134765625,-0.119140625,-0.125,0,0
1779556684.183779,-0.14453125,-0.1171875,0.056640625,0.134765625,-0.119140625,-0.125,0,0
1779556684.191802,-0.14453125,-0.1171875,0.056640625,0.1640625,-0.14453125,-0.130859375,0,0
1779556684.199785,-0.189453125,-0.109375,-0.048828125,0.1640625,-0.14453125,-0.130859375,0,0
1779556684.207777,-0.189453125,-0.109375,-0.048828125,0.181640625,-0.171875,-0.134765625,0,0
1779556684.215775,-0.212890625,-0.10546875,-0.056640625,0.181640625,-0.171875,-0.134765625,0,0
1779556684.223846,-0.212890625,-0.10546875,-0.056640625,0.185546875,-0.18359375,-0.134765625,0,0
1779556684.231852,-0.224609375,-0.09375,-0.060546875,0.185546875,-0.18359375,-0.134765625,0,0
1779556684.239798,-0.224609375,-0.09375,-0.060546875,0.1875,-0.185546875,-0.134765625,0,0
1779556684.247803,-0.236328125,-0.0703125,-0.064453125,0.1875,-0.185546875,-0.134765625,0,0
1779556684.255769,-0.236328125,-0.0703125,-0.064453125,0.171875,-0.185546875,-0.130859375,0,0
1779556684.263842,-0.25,-0.044921875,-0.080078125,0.171875,-0.185546875,-0.130859375,0,0
1779556684.271822,-0.25,-0.044921875,-0.080078125,0.173828125,-0.1875,-0.130859375,0,0
1779556684.279858,-0.279296875,-0.015625,-0.1015625,0.173828125,-0.1875,-0.130859375,0,0
1779556684.287804,-0.279296875,-0.015625,-0.1015625,0.18359375,-0.197265625,-0.134765625,0,0
1779556684.295806,-0.31640625,-0.015625,-0.1171875,0.18359375,-0.197265625,-0.134765625,0,0
1779556684.303796,-0.31640625,-0.015625,-0.1171875,0.19140625,-0.20703125,-0.14453125,0,0
1779556684.311862,-0.33984375,-0.015625,-0.12109375,0.19140625,-0.20703125,-0.14453125,0,0
1779556684.319854,-0.33984375,-0.015625,-0.12109375,0.19140625,-0.20703125,-0.15234375,0,0
1779556684.327807,-0.3515625,-0.015625,-0.1171875,0.19140625,-0.20703125,-0.15234375,0,0
1779556684.335786,-0.3515625,-0.015625,-0.1171875,0.189453125,-0.20703125,-0.15625,0,0
1779556684.343884,-0.3515625,-0.015625,-0.11328125,0.189453125,-0.20703125,-0.15625,0,0
1779556684.351821,-0.3515625,-0.015625,-0.11328125,0.1875,-0.203125,-0.158203125,0,0
1779556684.359836,-0.341796875,-0.015625,-0.095703125,0.1875,-0.203125,-0.158203125,0,0
1779556684.367834,-0.341796875,-0.015625,-0.095703125,0.1875,-0.197265625,-0.158203125,0,0
1779556684.375854,-0.333984375,0.013671875,-0.08203125,0.1875,-0.197265625,-0.158203125,0,0
1779556684.383805,-0.333984375,0.013671875,-0.08203125,0.18359375,-0.1875,-0.158203125,0,0
1779556684.391866,-0.333984375,0.0390625,-0.060546875,0.18359375,-0.1875,-0.158203125,0,0
1779556684.399804,-0.333984375,0.0390625,-0.060546875,0.17578125,-0.177734375,-0.162109375,0,0
1779556684.407839,-0.3515625,0.076171875,-0.044921875,0.17578125,-0.177734375,-0.162109375,0,0
1779556684.415843,-0.3515625,0.076171875,-0.044921875,0.1640625,-0.173828125,-0.16796875,0,0
1779556684.423824,-0.375,0.111328125,-0.0234375,0.1640625,-0.173828125,-0.16796875,0,0
1779556684.431799,-0.375,0.111328125,-0.0234375,0.16015625,-0.17578125,-0.17578125,0,0
1779556684.439798,-0.38671875,0.140625,-0.0234375,0.16015625,-0.17578125,-0.17578125,0,0
1779556684.447840,-0.38671875,0.140625,-0.0234375,0.154296875,-0.173828125,-0.181640625,0,0
1779556684.455845,-0.388671875,0.162109375,-0.0234375,0.154296875,-0.173828125,-0.181640625,0,0
1779556684.463812,-0.388671875,0.162109375,-0.0234375,0.150390625,-0.166015625,-0.181640625,0,0
1779556684.471831,-0.388671875,0.185546875,-0.0234375,0.150390625,-0.166015625,-0.181640625,0,0
1779556684.479836,-0.388671875,0.185546875,-0.0234375,0.1484375,-0.162109375,-0.185546875,0,0
1779556684.487874,-0.390625,0.203125,-0.0234375,0.1484375,-0.162109375,-0.185546875,0,0
1779556684.495801,-0.390625,0.203125,-0.0234375,0.140625,-0.158203125,-0.1875,0,0
1779556684.503844,-0.390625,0.216796875,0.00390625,0.140625,-0.158203125,-0.1875,0,0
1779556684.511849,-0.390625,0.216796875,0.00390625,0.1328125,-0.15234375,-0.19140625,0,0
1779556684.519857,-0.38671875,0.244140625,0.017578125,0.1328125,-0.15234375,-0.19140625,0,0
1779556684.527813,-0.38671875,0.244140625,0.017578125,0.119140625,-0.1484375,-0.1953125,0,0
1779556684.535814,-0.380859375,0.255859375,0.0234375,0.119140625,-0.1484375,-0.1953125,0,0
1779556684.543800,-0.380859375,0.255859375,0.0234375,0.115234375,-0.146484375,-0.19921875,0,0
1779556684.551850,-0.373046875,0.263671875,0.029296875,0.115234375,-0.146484375,-0.19921875,0,0
1779556684.559830,-0.373046875,0.263671875,0.029296875,0.11328125,-0.140625,-0.201171875,0,0
1779556684.567822,-0.359375,0.259765625,0.044921875,0.11328125,-0.140625,-0.201171875,0,0
1779556684.575843,-0.359375,0.259765625,0.044921875,0.107421875,-0.134765625,-0.19921875,0,0
1779556684.583873,-0.33984375,0.25390625,0.07421875,0.107421875,-0.134765625,-0.19921875,0,0
1779556684.591847,-0.33984375,0.25390625,0.07421875,0.09765625,-0.125,-0.193359375,0,0
1779556684.599853,-0.328125,0.248046875,0.09375,0.09765625,-0.125,-0.193359375,0,0
1779556684.607818,-0.328125,0.248046875,0.09375,0.083984375,-0.12109375,-0.19140625,0,0
1779556684.615813,-0.33203125,0.25,0.09765625,0.083984375,-0.12109375,-0.19140625,0,0
1779556684.623838,-0.33203125,0.25,0.09765625,0.068359375,-0.12109375,-0.193359375,0,0
1779556684.631819,-0.349609375,0.26953125,0.099609375,0.068359375,-0.12109375,-0.193359375,0,0
1779556684.639782,-0.349609375,0.26953125,0.099609375,0.056640625,-0.12890625,-0.197265625,0,0
1779556684.647822,-0.35546875,0.283203125,0.09765625,0.056640625,-0.12890625,-0.197265625,0,0
1779556684.655808,-0.35546875,0.283203125,0.09765625,0.041015625,-0.125,-0.197265625,0,0
1779556684.663803,-0.349609375,0.287109375,0.1171875,0.041015625,-0.125,-0.197265625,0,0
1779556684.671798,-0.349609375,0.287109375,0.1171875,0.021484375,-0.1171875,-0.1953125,0,0
1779556684.679802,-0.341796875,0.291015625,0.140625,0.021484375,-0.1171875,-0.1953125,0,0
1779556684.687797,-0.341796875,0.291015625,0.140625,0.0,-0.111328125,-0.1953125,0,0
1779556684.695867,-0.33984375,0.30078125,0.15234375,0.0,-0.111328125,-0.1953125,0,0
1779556684.703849,-0.33984375,0.30078125,0.15234375,0.0,-0.109375,-0.1953125,0,0
1779556684.711869,-0.33984375,0.302734375,0.154296875,0.0,-0.109375,-0.1953125,0,0
1779556684.719854,-0.33984375,0.302734375,0.154296875,0.0,-0.109375,-0.193359375,0,0
1779556684.727809,-0.341796875,0.3046875,0.154296875,0.0,-0.109375,-0.193359375,0,0
1779556684.735831,-0.341796875,0.3046875,0.154296875,0.0,-0.109375,-0.19140625,0,0
1779556684.743813,-0.3359375,0.310546875,0.154296875,0.0,-0.109375,-0.19140625,0,0
1779556684.751796,-0.3359375,0.310546875,0.154296875,0.0,-0.107421875,-0.19140625,0,0
1779556684.759822,-0.32421875,0.31640625,0.158203125,0.0,-0.107421875,-0.19140625,0,0
1779556684.767782,-0.32421875,0.31640625,0.158203125,0.0,-0.103515625,-0.1875,0,0
1779556684.775821,-0.322265625,0.3125,0.15234375,0.0,-0.103515625,-0.1875,0,0
1779556684.783788,-0.322265625,0.3125,0.15234375,0.0,-0.103515625,-0.1875,0,0
1779556684.791813,-0.3203125,0.322265625,0.1484375,0.0,-0.103515625,-0.1875,0,0
1779556684.799829,-0.3203125,0.322265625,0.1484375,0.0,-0.103515625,-0.189453125,0,0
1779556684.807799,-0.310546875,0.341796875,0.1484375,0.0,-0.103515625,-0.189453125,0,0
1779556684.815838,-0.310546875,0.341796875,0.1484375,0.0,-0.103515625,-0.19140625,0,0
1779556684.823821,-0.298828125,0.357421875,0.1484375,0.0,-0.103515625,-0.19140625,0,0
1779556684.831816,-0.298828125,0.357421875,0.1484375,0.0,-0.1015625,-0.193359375,0,0
1779556684.839818,-0.28515625,0.375,0.14453125,0.0,-0.1015625,-0.193359375,0,0
1779556684.847820,-0.28515625,0.375,0.14453125,0.0,-0.095703125,-0.193359375,0,0
1779556684.855793,-0.26953125,0.3828125,0.138671875,0.0,-0.095703125,-0.193359375,0,0
1779556684.863799,-0.26953125,0.3828125,0.138671875,0.0,-0.091796875,-0.193359375,0,0
1779556684.871812,-0.26171875,0.38671875,0.130859375,0.0,-0.091796875,-0.193359375,0,0
1779556684.879801,-0.26171875,0.38671875,0.130859375,0.0,-0.091796875,-0.193359375,0,0
1779556684.887779,-0.251953125,0.392578125,0.125,0.0,-0.091796875,-0.193359375,0,0
1779556684.895843,-0.251953125,0.392578125,0.125,0.0,-0.08984375,-0.193359375,0,0
1779556684.903775,-0.2421875,0.40625,0.1171875,0.0,-0.08984375,-0.193359375,0,0
1779556684.911857,-0.2421875,0.40625,0.1171875,0.0,-0.08984375,-0.19140625,0,0
1779556684.919814,-0.228515625,0.41796875,0.111328125,0.0,-0.08984375,-0.19140625,0,0
1779556684.927809,-0.228515625,0.41796875,0.111328125,0.0,-0.08984375,-0.19140625,0,0
1779556684.935831,-0.212890625,0.42578125,0.095703125,0.0,-0.08984375,-0.19140625,0,0
1779556684.943875,-0.212890625,0.42578125,0.095703125,0.0,-0.087890625,-0.189453125,0,0
1779556684.951833,-0.1953125,0.43359375,0.083984375,0.0,-0.087890625,-0.189453125,0,0
1779556684.959765,-0.1953125,0.43359375,0.083984375,0.0,-0.087890625,-0.189453125,0,0
1779556684.967850,-0.17578125,0.431640625,0.072265625,0.0,-0.087890625,-0.189453125,0,0
1779556684.975876,-0.17578125,0.431640625,0.072265625,0.0,-0.0859375,-0.189453125,0,0
1779556684.983852,-0.146484375,0.419921875,0.060546875,0.0,-0.0859375,-0.189453125,0,0
1779556684.991818,-0.146484375,0.419921875,0.060546875,0.0,-0.08203125,-0.1875,0,0
1779556684.999856,-0.119140625,0.40625,0.048828125,0.0,-0.08203125,-0.1875,0,0
1779556685.007834,-0.119140625,0.40625,0.048828125,0.0,-0.078125,-0.18359375,0,0
1779556685.015790,-0.095703125,0.39453125,0.033203125,0.0,-0.078125,-0.18359375,0,0
1779556685.023890,-0.095703125,0.39453125,0.033203125,0.0,-0.076171875,-0.1796875,0,0
1779556685.031818,-0.06640625,0.396484375,0.015625,0.0,-0.076171875,-0.1796875,0,0
1779556685.039801,-0.06640625,0.396484375,0.015625,0.0,-0.0703125,-0.17578125,0,0
1779556685.047848,-0.044921875,0.3984375,0.015625,0.0,-0.0703125,-0.17578125,0,0
1779556685.055833,-0.044921875,0.3984375,0.015625,0.0,-0.0703125,-0.169921875,0,0
1779556685.063836,-0.02734375,0.3984375,0.015625,0.0,-0.0703125,-0.169921875,0,0
1779556685.071818,-0.02734375,0.3984375,0.015625,0.0,-0.0703125,-0.1640625,0,0
1779556685.079806,-0.02734375,0.39453125,0.015625,0.0,-0.0703125,-0.1640625,0,0
1779556685.087855,-0.02734375,0.39453125,0.015625,0.0,-0.06640625,-0.150390625,0,0
1779556685.095862,-0.02734375,0.38671875,0.015625,0.0,-0.06640625,-0.150390625,0,0
1779556685.103827,-0.02734375,0.38671875,0.015625,0.0,-0.0625,-0.1328125,0,0
1779556685.111885,-0.02734375,0.384765625,0.015625,0.0,-0.0625,-0.1328125,0,0
1779556685.119813,-0.02734375,0.384765625,0.015625,0.0,-0.060546875,-0.111328125,0,0
1779556685.127812,-0.02734375,0.3828125,0.015625,0.0,-0.060546875,-0.111328125,0,0
1779556685.135806,-0.02734375,0.3828125,0.015625,0.0,-0.060546875,-0.099609375,0,0
1779556685.143834,0.00390625,0.384765625,0.015625,0.0,-0.060546875,-0.099609375,0,0
1779556685.151873,0.00390625,0.384765625,0.015625,0.0,-0.06640625,-0.09375,0,0
1779556685.159811,0.0234375,0.384765625,0.015625,0.0,-0.06640625,-0.09375,0,0
1779556685.167801,0.0234375,0.384765625,0.015625,0.009765625,-0.064453125,-0.087890625,0,0
1779556685.175822,0.056640625,0.384765625,-0.01171875,0.009765625,-0.064453125,-0.087890625,0,0
1779556685.183816,0.056640625,0.384765625,-0.01171875,0.017578125,-0.064453125,-0.0703125,0,0
1779556685.191812,0.10546875,0.37109375,-0.0234375,0.017578125,-0.064453125,-0.0703125,0,0
1779556685.199808,0.10546875,0.37109375,-0.0234375,0.02734375,-0.056640625,-0.046875,0,0
1779556685.207818,0.146484375,0.36328125,-0.015625,0.02734375,-0.056640625,-0.046875,0,0
1779556685.215790,0.146484375,0.36328125,-0.015625,0.025390625,-0.048828125,-0.0234375,0,0
1779556685.223789,0.1796875,0.353515625,-0.0078125,0.025390625,-0.048828125,-0.0234375,0,0
1779556685.231834,0.1796875,0.353515625,-0.0078125,0.015625,-0.048828125,-0.0234375,0,0
1779556685.239822,0.205078125,0.34375,-0.0078125,0.015625,-0.048828125,-0.0234375,0,0
1779556685.247833,0.205078125,0.34375,-0.0078125,0.00390625,-0.041015625,-0.0234375,0,0
1779556685.255866,0.234375,0.330078125,-0.0078125,0.00390625,-0.041015625,-0.0234375,0,0
1779556685.263833,0.234375,0.330078125,-0.0078125,0.00390625,-0.02734375,-0.0234375,0,0
1779556685.271852,0.2734375,0.32421875,-0.0078125,0.00390625,-0.02734375,-0.0234375,0,0
1779556685.279851,0.2734375,0.32421875,-0.0078125,0.00390625,-0.009765625,-0.0234375,0,0
1779556685.287885,0.314453125,0.32421875,-0.0078125,0.00390625,-0.009765625,-0.0234375,0,0
1779556685.303828,0.337890625,0.32421875,-0.0078125,0.00390625,-0.009765625,-0.0234375,0,0
1779556685.319885,0.3515625,0.3203125,-0.0078125,0.00390625,-0.009765625,-0.0234375,0,0
1779556685.335834,0.357421875,0.32421875,-0.0078125,0.00390625,-0.009765625,-0.0234375,0,0
1779556685.351801,0.373046875,0.32421875,0.00390625,0.00390625,-0.009765625,-0.0234375,0,0
1779556685.367848,0.396484375,0.31640625,0.015625,0.00390625,-0.009765625,-0.0234375,0,0
1779556685.383831,0.427734375,0.30859375,0.017578125,0.00390625,-0.009765625,-0.0234375,0,0
1779556685.391853,0.427734375,0.30859375,0.017578125,0.00390625,-0.009765625,0.005859375,0,0
1779556685.399816,0.44140625,0.30078125,0.013671875,0.00390625,-0.009765625,0.005859375,0,0
1779556685.407805,0.44140625,0.30078125,0.013671875,0.00390625,-0.009765625,0.0234375,0,0
1779556685.415816,0.45703125,0.302734375,0.0078125,0.00390625,-0.009765625,0.0234375,0,0
1779556685.423802,0.45703125,0.302734375,0.0078125,0.00390625,-0.009765625,0.041015625,0,0
1779556685.431835,0.470703125,0.302734375,0.0078125,0.00390625,-0.009765625,0.041015625,0,0
1779556685.439780,0.470703125,0.302734375,0.0078125,0.00390625,-0.009765625,0.044921875,0,0
1779556685.447822,0.48046875,0.3046875,0.009765625,0.00390625,-0.009765625,0.044921875,0,0
1779556685.455798,0.48046875,0.3046875,0.009765625,0.00390625,-0.009765625,0.04296875,0,0
1779556685.463855,0.48046875,0.298828125,0.021484375,0.00390625,-0.009765625,0.04296875,0,0
1779556685.471803,0.48046875,0.298828125,0.021484375,0.00390625,-0.009765625,0.03515625,0,0
1779556685.479813,0.4765625,0.29296875,0.02734375,0.00390625,-0.009765625,0.03515625,0,0
1779556685.487842,0.4765625,0.29296875,0.02734375,0.00390625,-0.009765625,0.029296875,0,0
1779556685.495857,0.4765625,0.279296875,0.03125,0.00390625,-0.009765625,0.029296875,0,0
1779556685.503832,0.4765625,0.279296875,0.03125,0.00390625,0.0,0.02734375,0,0
1779556685.511875,0.486328125,0.2578125,0.0390625,0.00390625,0.0,0.02734375,0,0
1779556685.519861,0.486328125,0.2578125,0.0390625,0.00390625,0.0078125,0.0234375,0,0
1779556685.527849,0.494140625,0.232421875,0.044921875,0.00390625,0.0078125,0.0234375,0,0
1779556685.535818,0.494140625,0.232421875,0.044921875,0.00390625,0.013671875,0.017578125,0,0
1779556685.543785,0.494140625,0.21484375,0.048828125,0.00390625,0.013671875,0.017578125,0,0
1779556685.551802,0.494140625,0.21484375,0.048828125,0.00390625,0.013671875,0.0078125,0,0
1779556685.559849,0.4921875,0.201171875,0.05078125,0.00390625,0.013671875,0.0078125,0,0
1779556685.567790,0.4921875,0.201171875,0.05078125,0.00390625,0.013671875,0.0078125,0,0
1779556685.575823,0.486328125,0.18359375,0.052734375,0.00390625,0.013671875,0.0078125,0,0
1779556685.583825,0.486328125,0.18359375,0.052734375,0.00390625,0.013671875,0.0078125,0,0
1779556685.591801,0.4765625,0.154296875,0.056640625,0.00390625,0.013671875,0.0078125,0,0
1779556685.599803,0.4765625,0.154296875,0.056640625,0.00390625,0.013671875,0.0078125,0,0
1779556685.607852,0.462890625,0.125,0.056640625,0.00390625,0.013671875,0.0078125,0,0
1779556685.615879,0.462890625,0.125,0.056640625,0.00390625,0.013671875,0.0078125,0,0
1779556685.623783,0.453125,0.107421875,0.0546875,0.00390625,0.013671875,0.0078125,0,0
1779556685.631856,0.453125,0.107421875,0.0546875,0.00390625,0.01171875,0.0078125,0,0
1779556685.639793,0.44921875,0.0859375,0.044921875,0.00390625,0.01171875,0.0078125,0,0
1779556685.647852,0.44921875,0.0859375,0.044921875,0.00390625,0.009765625,0.0078125,0,0
1779556685.655818,0.458984375,0.0625,0.048828125,0.00390625,0.009765625,0.0078125,0,0
1779556685.663825,0.458984375,0.0625,0.048828125,0.00390625,0.013671875,0.0078125,0,0
1779556685.671854,0.46484375,0.044921875,0.05078125,0.00390625,0.013671875,0.0078125,0,0
1779556685.679824,0.46484375,0.044921875,0.05078125,0.00390625,0.015625,0.0078125,0,0
1779556685.687821,0.462890625,0.02734375,0.046875,0.00390625,0.015625,0.0078125,0,0
1779556685.695872,0.462890625,0.02734375,0.046875,0.00390625,0.015625,0.0078125,0,0
1779556685.703835,0.462890625,0.005859375,0.0390625,0.00390625,0.015625,0.0078125,0,0
1779556685.711825,0.462890625,0.005859375,0.0390625,0.00390625,0.015625,0.0078125,0,0
1779556685.719841,0.466796875,0.005859375,0.029296875,0.00390625,0.015625,0.0078125,0,0
1779556685.727798,0.466796875,0.005859375,0.029296875,0.00390625,0.013671875,0.0078125,0,0
1779556685.735804,0.46875,0.005859375,0.03125,0.00390625,0.013671875,0.0078125,0,0
1779556685.743818,0.46875,0.005859375,0.03125,0.00390625,0.01171875,0.0078125,0,0
1779556685.751765,0.462890625,0.005859375,0.029296875,0.00390625,0.01171875,0.0078125,0,0
1779556685.759804,0.462890625,0.005859375,0.029296875,0.00390625,0.01171875,0.0078125,0,0
1779556685.767864,0.439453125,-0.01171875,0.01953125,0.00390625,0.01171875,0.0078125,0,0
1779556685.775898,0.439453125,-0.01171875,0.01953125,0.0,0.00390625,-0.01171875,0,0
1779556685.783856,0.419921875,-0.02734375,0.0078125,0.0,0.00390625,-0.01171875,0,0
1779556685.791847,0.419921875,-0.02734375,0.0078125,0.00390625,0.00390625,-0.02734375,0,0
1779556685.799774,0.404296875,-0.04296875,0.0078125,0.00390625,0.00390625,-0.02734375,0,0
1779556685.807806,0.404296875,-0.04296875,0.0078125,0.00390625,0.00390625,-0.03125,0,0
1779556685.815801,0.388671875,-0.0546875,0.0078125,0.00390625,0.00390625,-0.03125,0,0
1779556685.823800,0.388671875,-0.0546875,0.0078125,0.00390625,0.00390625,-0.033203125,0,0
1779556685.831823,0.365234375,-0.06640625,0.0078125,0.00390625,0.00390625,-0.033203125,0,0
1779556685.839862,0.365234375,-0.06640625,0.0078125,0.00390625,0.00390625,-0.033203125,0,0
1779556685.847801,0.34375,-0.0703125,0.0078125,0.00390625,0.00390625,-0.033203125,0,0
1779556685.855812,0.34375,-0.0703125,0.0078125,0.0,0.00390625,-0.033203125,0,0
1779556685.863780,0.3125,-0.068359375,0.0078125,0.0,0.00390625,-0.033203125,0,0
1779556685.871783,0.3125,-0.068359375,0.0078125,0.021484375,0.00390625,-0.037109375,0,0
1779556685.879799,0.296875,-0.052734375,0.0078125,0.021484375,0.00390625,-0.037109375,0,0
1779556685.887757,0.296875,-0.052734375,0.0078125,0.03515625,0.00390625,-0.044921875,0,0
1779556685.895777,0.27734375,-0.041015625,0.0078125,0.03515625,0.00390625,-0.044921875,0,0
1779556685.903776,0.27734375,-0.041015625,0.0078125,0.033203125,0.00390625,-0.04296875,0,0
1779556685.911853,0.267578125,-0.03125,0.0078125,0.033203125,0.00390625,-0.04296875,0,0
1779556685.919833,0.267578125,-0.03125,0.0078125,0.029296875,0.00390625,-0.037109375,0,0
1779556685.927784,0.26171875,-0.0234375,0.0078125,0.029296875,0.00390625,-0.037109375,0,0
1779556685.935778,0.26171875,-0.0234375,0.0078125,0.01953125,0.00390625,-0.03515625,0,0
1779556685.943781,0.2578125,-0.0234375,0.0078125,0.01953125,0.00390625,-0.03515625,0,0
1779556685.951814,0.2578125,-0.0234375,0.0078125,0.009765625,0.00390625,-0.029296875,0,0
1779556685.959765,0.251953125,-0.02734375,0.0078125,0.009765625,0.00390625,-0.029296875,0,0
1779556685.967770,0.251953125,-0.02734375,0.0078125,0.00390625,0.013671875,-0.02734375,0,0
1779556685.975810,0.240234375,-0.03515625,0.0078125,0.00390625,0.013671875,-0.02734375,0,0
1779556685.983768,0.240234375,-0.03515625,0.0078125,0.00390625,0.015625,-0.025390625,0,0
1779556685.991787,0.216796875,-0.041015625,0.0078125,0.00390625,0.015625,-0.025390625,0,0
1779556685.999800,0.216796875,-0.041015625,0.0078125,0.00390625,0.009765625,-0.025390625,0,0
1779556686.007811,0.1875,-0.044921875,0.0078125,0.00390625,0.009765625,-0.025390625,0,0
1779556686.015789,0.1875,-0.044921875,0.0078125,0.00390625,0.009765625,-0.03125,0,0
1779556686.023856,0.1640625,-0.044921875,0.0078125,0.00390625,0.009765625,-0.03125,0,0
1779556686.031809,0.1640625,-0.044921875,0.0078125,0.00390625,0.009765625,-0.041015625,0,0
1779556686.039870,0.15625,-0.037109375,0.0078125,0.00390625,0.009765625,-0.041015625,0,0
1779556686.047802,0.15625,-0.037109375,0.0078125,0.00390625,0.009765625,-0.044921875,0,0
1779556686.055885,0.154296875,-0.033203125,0.0078125,0.00390625,0.009765625,-0.044921875,0,0
1779556686.063805,0.154296875,-0.033203125,0.0078125,0.00390625,0.009765625,-0.044921875,0,0
1779556686.071805,0.150390625,-0.03125,0.0078125,0.00390625,0.009765625,-0.044921875,0,0
1779556686.079803,0.150390625,-0.03125,0.0078125,0.00390625,0.009765625,-0.037109375,0,0
1779556686.087895,0.150390625,-0.03125,0.0078125,0.00390625,0.009765625,-0.037109375,0,0
1779556686.095842,0.150390625,-0.03125,0.0078125,0.00390625,0.009765625,-0.03515625,0,0
1779556686.103798,0.150390625,-0.029296875,0.0078125,0.00390625,0.009765625,-0.03515625,0,0
1779556686.111846,0.150390625,-0.029296875,0.0078125,0.00390625,0.009765625,-0.033203125,0,0
1779556686.119826,0.146484375,-0.0234375,0.0078125,0.00390625,0.009765625,-0.033203125,0,0
1779556686.127841,0.146484375,-0.0234375,0.0078125,0.00390625,0.009765625,-0.03125,0,0
1779556686.135900,0.138671875,-0.021484375,0.0078125,0.00390625,0.009765625,-0.03125,0,0
1779556686.143885,0.138671875,-0.021484375,0.0078125,0.00390625,0.0,-0.029296875,0,0
1779556686.151809,0.1328125,-0.01953125,0.0078125,0.00390625,0.0,-0.029296875,0,0
1779556686.159847,0.1328125,-0.01953125,0.0078125,0.00390625,0.0,-0.029296875,0,0
1779556686.167778,0.107421875,-0.009765625,0.0078125,0.00390625,0.0,-0.029296875,0,0
1779556686.175768,0.107421875,-0.009765625,0.0078125,0.0078125,0.0,-0.04296875,0,0
1779556686.183777,0.099609375,-0.0078125,0.0078125,0.0078125,0.0,-0.04296875,0,0
1779556686.191780,0.099609375,-0.0078125,0.0078125,0.017578125,0.0,-0.048828125,0,0
1779556686.199792,0.091796875,-0.00390625,0.0078125,0.017578125,0.0,-0.048828125,0,0
1779556686.207774,0.091796875,-0.00390625,0.0078125,0.017578125,0.0,-0.05078125,0,0
1779556686.215831,0.07421875,0.0,0.0078125,0.017578125,0.0,-0.05078125,0,0
1779556686.223791,0.07421875,0.0,0.0078125,0.017578125,0.0,-0.05078125,0,0
1779556686.231865,0.052734375,-0.00390625,0.0078125,0.017578125,0.0,-0.05078125,0,0
1779556686.239839,0.052734375,-0.00390625,0.0078125,0.0234375,0.0,-0.0390625,0,0
1779556686.247837,0.03125,-0.005859375,0.0078125,0.0234375,0.0,-0.0390625,0,0
1779556686.255832,0.03125,-0.005859375,0.0078125,0.02734375,0.0,-0.0234375,0,0
1779556686.263807,0.01953125,0.0,0.0078125,0.02734375,0.0,-0.0234375,0,0
1779556686.271779,0.01953125,0.0,0.0078125,0.025390625,0.0,-0.017578125,0,0
1779556686.279844,0.005859375,0.0,0.0078125,0.025390625,0.0,-0.017578125,0,0
1779556686.287901,0.005859375,0.0,0.0078125,0.01953125,0.0,-0.0078125,0,0
1779556686.303778,0.005859375,0.0,0.0078125,0.009765625,0.0,0.0,0,0
1779556686.319868,0.005859375,0.0,0.0078125,0.00390625,0.0,0.0,0,0
1779556686.349814,0.0,0.0,0.0,0.0,0.0,0.0,0,0
1779556686.380847,0.0,0.0,0.0,0.0,0.0,0.0,0,0
1779556686.399889,0.005859375,0.0,0.0078125,0.00390625,0.0,0.0,0,0
1779556686.415810,0.005859375,-0.0078125,0.0078125,0.00390625,0.0,0.0,0,0
1779556686.431822,0.01171875,-0.01171875,0.0078125,0.00390625,0.0,0.0,0,0
1779556686.439810,0.01171875,-0.01171875,0.0078125,0.0,0.0,0.0,0,0
1779556686.447788,0.015625,-0.01171875,0.0078125,0.0,0.0,0.0,0,0
1779556686.455797,0.015625,-0.01171875,0.0078125,0.005859375,0.0,0.0,0,0
1779556686.463799,0.017578125,-0.01171875,0.0078125,0.005859375,0.0,0.0,0,0
1779556686.471825,0.017578125,-0.01171875,0.0078125,0.005859375,0.0,0.0,0,0
1779556686.479842,0.017578125,-0.01171875,0.0,0.005859375,0.0,0.0,0,0
1779556686.487786,0.017578125,-0.01171875,0.0,0.005859375,0.0,0.0,0,0
1779556686.495797,0.009765625,-0.01171875,-0.017578125,0.005859375,0.0,0.0,0,0
1779556686.503868,0.009765625,-0.01171875,-0.017578125,0.0,0.0,0.0,0,0
1779556686.511832,0.005859375,0.0,-0.0390625,0.0,0.0,0.0,0,0
1779556686.519839,0.005859375,0.0,-0.0390625,0.0,0.0,0.0,0,0
1779556686.527852,0.0,0.0,-0.0625,0.0,0.0,0.0,0,0
1779556686.535854,0.0,0.0,-0.0625,0.0078125,0.0,0.0,0,0
1779556686.543789,0.005859375,0.0,-0.08984375,0.0078125,0.0,0.0,0,0
1779556686.551821,0.005859375,0.0,-0.08984375,0.017578125,0.0,0.0,0,0
1779556686.559811,0.013671875,0.0,-0.115234375,0.017578125,0.0,0.0,0,0
1779556686.567809,0.013671875,0.0,-0.115234375,0.029296875,0.0,0.0,0,0
1779556686.575771,0.0234375,0.0,-0.140625,0.029296875,0.0,0.0,0,0
1779556686.583791,0.0234375,0.0,-0.140625,0.044921875,0.0,0.0,0,0
1779556686.591790,0.0234375,0.0,-0.18359375,0.044921875,0.0,0.0,0,0
1779556686.599820,0.0234375,0.0,-0.18359375,0.060546875,-0.005859375,0.0,0,0
1779556686.607835,0.009765625,0.0,-0.224609375,0.060546875,-0.005859375,0.0,0,0
1779556686.615846,0.009765625,0.0,-0.224609375,0.080078125,-0.025390625,0.0,0,0
1779556686.623883,0.009765625,0.0,-0.271484375,0.080078125,-0.025390625,0.0,0,0
1779556686.631838,0.009765625,0.0,-0.271484375,0.107421875,-0.05859375,0.0,0,0
1779556686.639823,0.009765625,0.0,-0.298828125,0.107421875,-0.05859375,0.0,0,0
1779556686.647807,0.009765625,0.0,-0.298828125,0.12109375,-0.080078125,0.0,0,0
1779556686.655847,0.009765625,0.0,-0.3203125,0.12109375,-0.080078125,0.0,0,0
1779556686.663830,0.009765625,0.0,-0.3203125,0.134765625,-0.095703125,0.0,0,0
1779556686.671788,0.009765625,0.0,-0.32421875,0.134765625,-0.095703125,0.0,0,0
1779556686.679846,0.009765625,0.0,-0.32421875,0.146484375,-0.091796875,0.0,0,0
1779556686.687847,0.009765625,0.0,-0.32421875,0.146484375,-0.091796875,0.0,0,0
1779556686.695839,0.009765625,0.0,-0.32421875,0.150390625,-0.083984375,0.0,0,0
1779556686.703810,0.009765625,0.0,-0.32421875,0.150390625,-0.083984375,0.0,0,0
1779556686.711877,0.009765625,0.0,-0.32421875,0.15625,-0.076171875,0.0,0,0
1779556686.719808,0.009765625,0.0,-0.31640625,0.15625,-0.076171875,0.0,0,0
1779556686.727804,0.009765625,0.0,-0.31640625,0.162109375,-0.0703125,0.0,0,0
1779556686.735805,0.009765625,0.0,-0.30078125,0.162109375,-0.0703125,0.0,0,0
1779556686.743820,0.009765625,0.0,-0.30078125,0.16015625,-0.064453125,0.0,0,0
1779556686.751813,0.009765625,0.0,-0.283203125,0.16015625,-0.064453125,0.0,0,0
1779556686.759869,0.009765625,0.0,-0.283203125,0.154296875,-0.060546875,0.0,0,0
1779556686.767856,0.009765625,0.0,-0.265625,0.154296875,-0.060546875,0.0,0,0
1779556686.775823,0.009765625,0.0,-0.265625,0.146484375,-0.05859375,0.0,0,0
1779556686.783794,0.009765625,0.0,-0.23828125,0.146484375,-0.05859375,0.0,0,0
1779556686.791797,0.009765625,0.0,-0.23828125,0.12890625,-0.0546875,0.0,0,0
1779556686.799798,0.009765625,0.0,-0.21484375,0.12890625,-0.0546875,0.0,0,0
1779556686.807825,0.009765625,0.0,-0.21484375,0.1171875,-0.05078125,0.0,0,0
1779556686.815884,0.009765625,0.0,-0.19140625,0.1171875,-0.05078125,0.0,0,0
1779556686.823869,0.009765625,0.0,-0.19140625,0.10546875,-0.044921875,0.0,0,0
1779556686.831813,0.009765625,0.0,-0.16796875,0.10546875,-0.044921875,0.0,0,0
1779556686.839800,0.009765625,0.0,-0.16796875,0.08984375,-0.0390625,0.0,0,0
1779556686.847819,0.009765625,0.0,-0.162109375,0.08984375,-0.0390625,0.0,0,0
1779556686.855799,0.009765625,0.0,-0.162109375,0.0859375,-0.033203125,0.0,0,0
1779556686.863785,0.009765625,0.0,-0.15625,0.0859375,-0.033203125,0.0,0,0
1779556686.871809,0.009765625,0.0,-0.15625,0.080078125,-0.029296875,0.0,0,0
1779556686.879807,0.009765625,0.0,-0.150390625,0.080078125,-0.029296875,0.0,0,0
1779556686.887819,0.009765625,0.0,-0.150390625,0.07421875,-0.02734375,0.0,0,0
1779556686.895823,0.009765625,0.0,-0.15625,0.07421875,-0.02734375,0.0,0,0
1779556686.903811,0.009765625,0.0,-0.15625,0.08203125,-0.02734375,0.0,0,0
1779556686.911808,0.009765625,0.0,-0.162109375,0.08203125,-0.02734375,0.0,0,0
1779556686.919828,0.009765625,0.0,-0.162109375,0.087890625,-0.029296875,0.0,0,0
1779556686.927813,0.009765625,0.0,-0.16796875,0.087890625,-0.029296875,0.0,0,0
1779556686.935768,0.009765625,0.0,-0.16796875,0.087890625,-0.03125,0.0,0,0
1779556686.943775,0.009765625,0.0,-0.185546875,0.087890625,-0.03125,0.0,0,0
1779556686.951857,0.009765625,0.0,-0.185546875,0.08984375,-0.03125,0.0,0,0
1779556686.959820,0.0,0.0,-0.201171875,0.08984375,-0.03125,0.0,0,0
1779556686.967850,0.0,0.0,-0.201171875,0.091796875,-0.03125,0.0,0,0
1779556686.975874,0.00390625,0.0,-0.216796875,0.091796875,-0.03125,0.0,0,0
1779556686.983857,0.00390625,0.0,-0.216796875,0.1015625,-0.033203125,0.0,0,0
1779556686.991829,0.005859375,0.0,-0.2265625,0.1015625,-0.033203125,0.0,0,0
1779556686.999842,0.005859375,0.0,-0.2265625,0.109375,-0.03515625,0.0,0,0
1779556687.007883,0.009765625,0.0,-0.234375,0.109375,-0.03515625,0.0,0,0
1779556687.015827,0.009765625,0.0,-0.234375,0.119140625,-0.033203125,0.0,0,0
1779556687.023821,0.01953125,0.0,-0.23828125,0.119140625,-0.033203125,0.0,0,0
1779556687.031835,0.01953125,0.0,-0.23828125,0.123046875,-0.029296875,0.0,0,0
1779556687.039853,0.0234375,0.0,-0.23828125,0.123046875,-0.029296875,0.0,0,0
1779556687.047855,0.0234375,0.0,-0.23828125,0.126953125,-0.02734375,0.0,0,0
1779556687.055843,0.0234375,0.0,-0.23828125,0.126953125,-0.02734375,0.0,0,0
1779556687.063812,0.0234375,0.0,-0.23828125,0.13671875,-0.02734375,0.0,0,0
1779556687.071860,0.015625,0.0,-0.236328125,0.13671875,-0.02734375,0.0,0,0
1779556687.079825,0.015625,0.0,-0.236328125,0.146484375,-0.03125,0.0,0,0
1779556687.087799,0.0078125,0.0,-0.23046875,0.146484375,-0.03125,0.0,0,0
1779556687.095761,0.0078125,0.0,-0.23046875,0.154296875,-0.03515625,0.0,0,0
1779556687.103803,0.005859375,0.0,-0.2109375,0.154296875,-0.03515625,0.0,0,0
1779556687.111824,0.005859375,0.0,-0.2109375,0.154296875,-0.03515625,0.0,0,0
1779556687.119817,0.005859375,0.0,-0.19921875,0.154296875,-0.03515625,0.0,0,0
1779556687.127843,0.005859375,0.0,-0.19921875,0.15234375,-0.03515625,0.0,0,0
1779556687.135808,0.01171875,0.0,-0.1640625,0.15234375,-0.03515625,0.0,0,0
1779556687.143779,0.01171875,0.0,-0.1640625,0.138671875,-0.02734375,0.0,0,0
1779556687.151817,0.01953125,0.0,-0.103515625,0.138671875,-0.02734375,0.0,0,0
1779556687.159797,0.01953125,0.0,-0.103515625,0.12890625,-0.009765625,0.0,0,0
1779556687.167848,0.04296875,0.0,-0.04296875,0.12890625,-0.009765625,0.0,0,0
1779556687.175844,0.04296875,0.0,-0.04296875,0.125,-0.009765625,0.0,0,0
1779556687.183811,0.0546875,0.0,-0.009765625,0.125,-0.009765625,0.0,0,0
1779556687.191829,0.0546875,0.0,-0.009765625,0.09375,-0.009765625,0.0,0,0
1779556687.199837,0.0546875,0.0,-0.009765625,0.09375,-0.009765625,0.0,0,0
1779556687.207820,0.0546875,0.0,-0.009765625,0.056640625,-0.009765625,0.0,0,0
1779556687.215837,0.04296875,0.0,-0.009765625,0.056640625,-0.009765625,0.0,0,0
1779556687.223860,0.04296875,0.0,-0.009765625,0.05078125,-0.009765625,0.0,0,0
1779556687.231866,0.037109375,0.0,-0.009765625,0.05078125,-0.009765625,0.0,0,0
1779556687.239851,0.037109375,0.0,-0.009765625,0.033203125,-0.009765625,0.0,0,0
1779556687.247841,0.04296875,0.0,-0.009765625,0.033203125,-0.009765625,0.0,0,0
1779556687.255824,0.04296875,0.0,-0.009765625,0.02734375,-0.009765625,0.0,0,0
1779556687.263794,0.041015625,0.0,-0.009765625,0.02734375,-0.009765625,0.0,0,0
1779556687.271817,0.041015625,0.0,-0.009765625,0.017578125,-0.009765625,0.0,0,0
1779556687.279809,0.033203125,0.0,-0.009765625,0.017578125,-0.009765625,0.0,0,0
1779556687.287797,0.033203125,0.0,-0.009765625,0.00390625,-0.009765625,0.0,0,0
1779556687.295796,0.021484375,0.0,-0.009765625,0.00390625,-0.009765625,0.0,0,0
1779556687.311785,0.01171875,0.0,-0.009765625,0.00390625,-0.009765625,0.0,0,0
1779556687.327817,0.005859375,0.0,-0.009765625,0.00390625,-0.009765625,0.0,0,0
1779556687.343847,0.005859375,0.0,-0.009765625,0.00390625,-0.009765625,0.0,0,0
1779556687.359845,0.0078125,0.0,-0.009765625,0.00390625,-0.009765625,0.0,0,0
1779556687.375849,0.00390625,0.0,-0.009765625,0.00390625,-0.009765625,0.0,0,0
1779556687.405824,0.0,0.0,0.0,0.0,0.0,0.0,0,0
1779556687.436806,0.0,0.0,0.0,0.0,0.0,0.0,0,0
1779556687.467798,0.0,0.0,0.0,0.0,0.0,0.0,0,0
1779556687.480432,0.0,0.0,-0.009765625,0.00390625,-0.009765625,0.0,0,0
1779556687.495777,0.005859375,0.0,-0.009765625,0.00390625,-0.009765625,0.0,0,0
1779556687.511816,0.005859375,0.0,-0.017578125,0.00390625,-0.009765625,0.0,0,0
1779556687.527792,0.00390625,0.0,-0.07421875,0.00390625,-0.009765625,0.0,0,0
1779556687.535790,0.00390625,0.0,-0.07421875,0.01171875,-0.009765625,0.0,0,0
1779556687.543811,0.00390625,0.0,-0.16015625,0.01171875,-0.009765625,0.0,0,0
1779556687.551806,0.00390625,0.0,-0.16015625,0.02734375,-0.009765625,0.0,0,0
1779556687.559850,0.00390625,0.0,-0.24609375,0.02734375,-0.009765625,0.0,0,0
1779556687.567828,0.00390625,0.0,-0.24609375,0.056640625,-0.021484375,0.0,0,0
1779556687.575870,0.00390625,0.0,-0.310546875,0.056640625,-0.021484375,0.0,0,0
1779556687.583807,0.00390625,0.0,-0.310546875,0.080078125,-0.017578125,0.0,0,0
1779556687.591839,0.00390625,0.0,-0.3515625,0.080078125,-0.017578125,0.0,0,0
1779556687.599827,0.00390625,0.0,-0.3515625,0.091796875,-0.017578125,0.0,0,0
1779556687.607789,0.01171875,0.0,-0.37890625,0.091796875,-0.017578125,0.0,0,0
1779556687.615840,0.01171875,0.0,-0.37890625,0.1015625,-0.01953125,0.0,0,0
1779556687.623811,0.009765625,0.00390625,-0.384765625,0.1015625,-0.01953125,0.0,0,0
1779556687.631814,0.009765625,0.00390625,-0.384765625,0.107421875,-0.02734375,0.0,0,0
1779556687.639808,0.009765625,0.029296875,-0.3828125,0.107421875,-0.02734375,0.0,0,0
1779556687.647744,0.009765625,0.029296875,-0.3828125,0.111328125,-0.041015625,-0.00390625,0,0
1779556687.655835,0.009765625,0.033203125,-0.36328125,0.111328125,-0.041015625,-0.00390625,0,0
1779556687.663810,0.009765625,0.033203125,-0.36328125,0.111328125,-0.056640625,-0.00390625,0,0
1779556687.671808,0.009765625,0.033203125,-0.33984375,0.111328125,-0.056640625,-0.00390625,0,0
1779556687.679797,0.009765625,0.033203125,-0.33984375,0.111328125,-0.05859375,-0.00390625,0,0
1779556687.687808,0.009765625,0.033203125,-0.3125,0.111328125,-0.05859375,-0.00390625,0,0
1779556687.695819,0.009765625,0.033203125,-0.3125,0.115234375,-0.05859375,-0.00390625,0,0
1779556687.703786,0.009765625,0.033203125,-0.2734375,0.115234375,-0.05859375,-0.00390625,0,0
1779556687.711833,0.009765625,0.033203125,-0.2734375,0.1171875,-0.0546875,-0.00390625,0,0
1779556687.719826,0.009765625,0.033203125,-0.20703125,0.1171875,-0.0546875,-0.00390625,0,0
1779556687.727791,0.009765625,0.033203125,-0.20703125,0.1171875,-0.041015625,-0.00390625,0,0
1779556687.735806,0.0,0.025390625,-0.130859375,0.1171875,-0.041015625,-0.00390625,0,0
1779556687.743825,0.0,0.025390625,-0.130859375,0.1171875,-0.0234375,-0.00390625,0,0
1779556687.751803,0.015625,0.005859375,-0.052734375,0.1171875,-0.0234375,-0.00390625,0,0
1779556687.759803,0.015625,0.005859375,-0.052734375,0.099609375,-0.0234375,-0.00390625,0,0
1779556687.767815,0.0234375,0.005859375,-0.052734375,0.099609375,-0.0234375,-0.00390625,0,0
1779556687.775892,0.0234375,0.005859375,-0.052734375,0.068359375,-0.0234375,-0.00390625,0,0
1779556687.783828,0.025390625,0.005859375,-0.052734375,0.068359375,-0.0234375,-0.00390625,0,0
1779556687.791857,0.025390625,0.005859375,-0.052734375,0.0078125,-0.0234375,-0.00390625,0,0
1779556687.799794,0.015625,0.005859375,-0.052734375,0.0078125,-0.0234375,-0.00390625,0,0
1779556687.815773,0.009765625,0.005859375,-0.052734375,0.0078125,-0.0234375,-0.00390625,0,0
1779556687.845847,0.0,0.0,0.0,0.0,0.0,0.0,0,0
1779556687.876823,0.0,0.0,0.0,0.0,0.0,0.0,0,0
1779556687.907783,0.0,0.0,0.0,0.0,0.0,0.0,0,0
1779556687.938840,0.0,0.0,0.0,0.0,0.0,0.0,0,0
1779556687.969827,0.0,0.0,0.0,0.0,0.0,0.0,0,0
1779556688.000820,0.0,0.0,0.0,0.0,0.0,0.0,0,0
1779556688.031861,0.0,0.0,0.0,0.0,0.0,0.0,0,0
1779556688.062763,0.0,0.0,0.0,0.0,0.0,0.0,0,0
1779556688.093795,0.0,0.0,0.0,0.0,0.0,0.0,0,0
1779556688.103799,0.009765625,0.005859375,-0.00390625,0.0078125,-0.0234375,-0.00390625,0,0
1779556688.119783,0.009765625,0.0,-0.017578125,0.0078125,-0.0234375,-0.00390625,0,0
1779556688.135833,0.009765625,0.009765625,-0.0546875,0.0078125,-0.0234375,-0.00390625,0,0
1779556688.143852,0.009765625,0.009765625,-0.0546875,0.017578125,-0.0234375,-0.00390625,0,0
1779556688.151855,0.009765625,0.015625,-0.1171875,0.017578125,-0.0234375,-0.00390625,0,0
1779556688.159782,0.009765625,0.015625,-0.1171875,0.037109375,-0.0234375,-0.00390625,0,0
1779556688.167854,0.009765625,0.02734375,-0.171875,0.037109375,-0.0234375,-0.00390625,0,0
1779556688.175833,0.009765625,0.02734375,-0.171875,0.048828125,-0.013671875,-0.00390625,0,0
1779556688.183861,0.009765625,0.0234375,-0.232421875,0.048828125,-0.013671875,-0.00390625,0,0
1779556688.191839,0.009765625,0.0234375,-0.232421875,0.07421875,-0.029296875,-0.00390625,0,0
1779556688.199853,0.009765625,0.01953125,-0.28515625,0.07421875,-0.029296875,-0.00390625,0,0
1779556688.207847,0.009765625,0.01953125,-0.28515625,0.091796875,-0.037109375,-0.00390625,0,0
1779556688.215842,0.009765625,0.01953125,-0.33984375,0.091796875,-0.037109375,-0.00390625,0,0
1779556688.223874,0.009765625,0.01953125,-0.33984375,0.099609375,-0.05078125,-0.00390625,0,0
1779556688.231808,0.009765625,0.033203125,-0.384765625,0.099609375,-0.05078125,-0.00390625,0,0
1779556688.239772,0.009765625,0.033203125,-0.384765625,0.103515625,-0.064453125,-0.00390625,0,0
1779556688.247815,0.009765625,0.0390625,-0.396484375,0.103515625,-0.064453125,-0.00390625,0,0
1779556688.255889,0.009765625,0.0390625,-0.396484375,0.107421875,-0.0703125,-0.00390625,0,0
1779556688.263798,0.009765625,0.029296875,-0.357421875,0.107421875,-0.0703125,-0.00390625,0,0
1779556688.271816,0.009765625,0.029296875,-0.357421875,0.115234375,-0.06640625,-0.00390625,0,0
1779556688.279857,0.009765625,0.00390625,-0.27734375,0.115234375,-0.06640625,-0.00390625,0,0
1779556688.287826,0.009765625,0.00390625,-0.27734375,0.10546875,-0.041015625,-0.00390625,0,0
1779556688.295824,0.009765625,0.00390625,-0.181640625,0.10546875,-0.041015625,-0.00390625,0,0
1779556688.303800,0.009765625,0.00390625,-0.181640625,0.0625,-0.015625,-0.00390625,0,0
1779556688.311830,0.009765625,0.00390625,-0.123046875,0.0625,-0.015625,-0.00390625,0,0
1779556688.319840,0.009765625,0.00390625,-0.123046875,0.015625,-0.015625,-0.00390625,0,0
1779556688.327819,0.009765625,0.00390625,-0.05859375,0.015625,-0.015625,-0.00390625,0,0
1779556688.343814,0.009765625,0.00390625,-0.00390625,0.015625,-0.015625,-0.00390625,0,0
1779556688.373785,0.0,0.0,0.0,0.0,0.0,0.0,0,0
1779556688.404796,0.0,0.0,0.0,0.0,0.0,0.0,0,0
1779556688.435794,0.0,0.0,0.0,0.0,0.0,0.0,0,0
1779556688.466772,0.0,0.0,0.0,0.0,0.0,0.0,0,0
1779556688.497772,0.0,0.0,0.0,0.0,0.0,0.0,0,0
1779556688.528793,0.0,0.0,0.0,0.0,0.0,0.0,0,0
1779556688.559821,0.0,0.0,0.0,0.0,0.0,0.0,0,0
1779556688.590819,0.0,0.0,0.0,0.0,0.0,0.0,0,0
1779556688.621792,0.0,0.0,0.0,0.0,0.0,0.0,0,0
1779556688.652828,0.0,0.0,0.0,0.0,0.0,0.0,0,0
1779556688.683837,0.0,0.0,0.0,0.0,0.0,0.0,0,0
1779556688.714813,0.0,0.0,0.0,0.0,0.0,0.0,0,0
1779556688.745815,0.0,0.0,0.0,0.0,0.0,0.0,0,0
1779556688.767777,0.009765625,0.00390625,0.0,0.015625,-0.015625,-0.00390625,0,0
1779556688.783814,0.009765625,0.00390625,-0.115234375,0.015625,-0.015625,-0.00390625,0,0
1779556688.791812,0.009765625,0.00390625,-0.115234375,0.0078125,-0.015625,-0.00390625,0,0
1779556688.799859,0.009765625,0.00390625,-0.19921875,0.0078125,-0.015625,-0.00390625,0,0
1779556688.807811,0.009765625,0.00390625,-0.19921875,0.0390625,-0.015625,-0.00390625,0,0
1779556688.815825,0.009765625,0.00390625,-0.2578125,0.0390625,-0.015625,-0.00390625,0,0
1779556688.823820,0.009765625,0.00390625,-0.2578125,0.078125,-0.025390625,-0.00390625,0,0
1779556688.831852,0.009765625,0.00390625,-0.314453125,0.078125,-0.025390625,-0.00390625,0,0
1779556688.839850,0.009765625,0.00390625,-0.314453125,0.11328125,-0.037109375,-0.00390625,0,0
1779556688.847828,0.009765625,0.00390625,-0.3671875,0.11328125,-0.037109375,-0.00390625,0,0
1779556688.855819,0.009765625,0.00390625,-0.3671875,0.1328125,-0.046875,-0.00390625,0,0
1779556688.863816,0.009765625,0.00390625,-0.3984375,0.1328125,-0.046875,-0.00390625,0,0
1779556688.871773,0.009765625,0.00390625,-0.3984375,0.146484375,-0.04296875,-0.00390625,0,0
1779556688.879837,0.009765625,0.00390625,-0.39453125,0.146484375,-0.04296875,-0.00390625,0,0
1779556688.887820,0.009765625,0.00390625,-0.39453125,0.1484375,-0.03515625,-0.00390625,0,0
1779556688.895821,0.009765625,0.00390625,-0.361328125,0.1484375,-0.03515625,-0.00390625,0,0
1779556688.903803,0.009765625,0.00390625,-0.361328125,0.15625,-0.021484375,-0.00390625,0,0
1779556688.911826,0.009765625,0.00390625,-0.263671875,0.15625,-0.021484375,-0.00390625,0,0
1779556688.919846,0.009765625,0.00390625,-0.263671875,0.1484375,0.0,-0.00390625,0,0
1779556688.927830,0.009765625,0.00390625,-0.119140625,0.1484375,0.0,-0.00390625,0,0
1779556688.935813,0.009765625,0.00390625,-0.119140625,0.123046875,0.0,-0.00390625,0,0
1779556688.951794,0.009765625,0.00390625,-0.119140625,0.083984375,0.0,-0.00390625,0,0
1779556688.967783,0.009765625,0.00390625,-0.119140625,0.029296875,0.0,-0.00390625,0,0
1779556688.997814,0.0,0.0,0.0,0.0,0.0,0.0,0,0
1779556689.028791,0.0,0.0,0.0,0.0,0.0,0.0,0,0
1779556689.059794,0.0,0.0,0.0,0.0,0.0,0.0,0,0
1779556689.090861,0.0,0.0,0.0,0.0,0.0,0.0,0,0
1779556689.121862,0.0,0.0,0.0,0.0,0.0,0.0,0,0
1779556689.152840,0.0,0.0,0.0,0.0,0.0,0.0,0,0
1779556689.183851,0.0,0.0,0.0,0.0,0.0,0.0,0,0
1779556689.214818,0.0,0.0,0.0,0.0,0.0,0.0,0,0
1779556689.245885,0.0,0.0,0.0,0.0,0.0,0.0,0,0
1779556689.276836,0.0,0.0,0.0,0.0,0.0,0.0,0,0
1779556689.307822,0.0,0.0,0.0,0.0,0.0,0.0,0,0
1779556689.338797,0.0,0.0,0.0,0.0,0.0,0.0,0,0
1779556689.369794,0.0,0.0,0.0,0.0,0.0,0.0,0,0
1779556689.400784,0.0,0.0,0.0,0.0,0.0,0.0,0,0
1779556689.431762,0.0,0.0,0.0,0.0,0.0,0.0,0,0
1779556689.462838,0.0,0.0,0.0,0.0,0.0,0.0,0,0
1779556689.493834,0.0,0.0,0.0,0.0,0.0,0.0,0,0
1779556689.524849,0.0,0.0,0.0,0.0,0.0,0.0,0,0
1779556689.555887,0.0,0.0,0.0,0.0,0.0,0.0,0,0
1779556689.586769,0.0,0.0,0.0,0.0,0.0,0.0,0,0
1779556689.617840,0.0,0.0,0.0,0.0,0.0,0.0,0,0
1779556689.648848,0.0,0.0,0.0,0.0,0.0,0.0,0,0
1779556689.679898,0.0,0.0,0.0,0.0,0.0,0.0,0,0
1779556689.710793,0.0,0.0,0.0,0.0,0.0,0.0,0,0
1779556689.741796,0.0,0.0,0.0,0.0,0.0,0.0,0,0
1779556689.772771,0.0,0.0,0.0,0.0,0.0,0.0,0,0
1779556689.803826,0.0,0.0,0.0,0.0,0.0,0.0,0,0
1779556689.834864,0.0,0.0,0.0,0.0,0.0,0.0,0,0
1779556689.865805,0.0,0.0,0.0,0.0,0.0,0.0,0,0
1779556689.896830,0.0,0.0,0.0,0.0,0.0,0.0,0,0
1779556689.927854,0.0,0.0,0.0,0.0,0.0,0.0,0,0
1779556689.958851,0.0,0.0,0.0,0.0,0.0,0.0,0,0
1779556689.989815,0.0,0.0,0.0,0.0,0.0,0.0,0,0
1779556690.020808,0.0,0.0,0.0,0.0,0.0,0.0,0,0
1779556690.051851,0.0,0.0,0.0,0.0,0.0,0.0,0,0
1779556690.082833,0.0,0.0,0.0,0.0,0.0,0.0,0,0
1779556690.113850,0.0,0.0,0.0,0.0,0.0,0.0,0,0
1779556690.144814,0.0,0.0,0.0,0.0,0.0,0.0,0,0
1779556690.175811,0.0,0.0,0.0,0.0,0.0,0.0,0,0
1779556690.206838,0.0,0.0,0.0,0.0,0.0,0.0,0,0
1779556690.237808,0.0,0.0,0.0,0.0,0.0,0.0,0,0
1779556690.268874,0.0,0.0,0.0,0.0,0.0,0.0,0,0
1779556690.299849,0.0,0.0,0.0,0.0,0.0,0.0,0,0
1779556690.330813,0.0,0.0,0.0,0.0,0.0,0.0,0,0
1779556690.361831,0.0,0.0,0.0,0.0,0.0,0.0,0,0
1779556690.392810,0.0,0.0,0.0,0.0,0.0,0.0,0,0
1779556690.423849,0.0,0.0,0.0,0.0,0.0,0.0,0,0
1779556690.454850,0.0,0.0,0.0,0.0,0.0,0.0,0,0
1779556690.485833,0.0,0.0,0.0,0.0,0.0,0.0,0,0
1779556690.516791,0.0,0.0,0.0,0.0,0.0,0.0,0,0
1779556690.547814,0.0,0.0,0.0,0.0,0.0,0.0,0,0
1779556690.578846,0.0,0.0,0.0,0.0,0.0,0.0,0,0
1779556690.609840,0.0,0.0,0.0,0.0,0.0,0.0,0,0
1779556690.640837,0.0,0.0,0.0,0.0,0.0,0.0,0,0
1779556690.671885,0.0,0.0,0.0,0.0,0.0,0.0,0,0
1779556690.702826,0.0,0.0,0.0,0.0,0.0,0.0,0,0
1779556690.733859,0.0,0.0,0.0,0.0,0.0,0.0,0,0
1779556690.764835,0.0,0.0,0.0,0.0,0.0,0.0,0,0
1779556690.795845,0.0,0.0,0.0,0.0,0.0,0.0,0,0
1779556690.826831,0.0,0.0,0.0,0.0,0.0,0.0,0,0
1779556690.857905,0.0,0.0,0.0,0.0,0.0,0.0,0,0
1779556690.888831,0.0,0.0,0.0,0.0,0.0,0.0,0,0
1779556690.919863,0.0,0.0,0.0,0.0,0.0,0.0,0,0
1779556690.950871,0.0,0.0,0.0,0.0,0.0,0.0,0,0
1779556690.981784,0.0,0.0,0.0,0.0,0.0,0.0,0,0
1779556691.012855,0.0,0.0,0.0,0.0,0.0,0.0,0,0
1779556691.043789,0.0,0.0,0.0,0.0,0.0,0.0,0,0
1779556691.074822,0.0,0.0,0.0,0.0,0.0,0.0,0,0
1779556691.103865,0.009765625,-0.015625,-0.119140625,0.029296875,0.0,-0.00390625,0,0
1779556691.133829,0.0,0.0,0.0,0.0,0.0,0.0,0,0
1779556691.151839,0.009765625,-0.015625,0.037109375,0.029296875,0.0,-0.00390625,0,0
1779556691.167833,0.009765625,0.0,0.095703125,0.029296875,0.0,-0.00390625,0,0
1779556691.183879,0.009765625,0.0,0.142578125,0.029296875,0.0,-0.00390625,0,0
1779556691.199816,0.009765625,0.0,0.173828125,0.029296875,0.0,-0.00390625,0,0
1779556691.215809,0.009765625,0.0,0.185546875,0.029296875,0.0,-0.00390625,0,0
1779556691.231852,0.009765625,0.0,0.193359375,0.029296875,0.0,-0.00390625,0,0
1779556691.247850,0.009765625,0.0,0.201171875,0.029296875,0.0,-0.00390625,0,0
1779556691.263811,0.009765625,0.0,0.2109375,0.029296875,0.0,-0.00390625,0,0
1779556691.279933,0.009765625,0.0,0.216796875,0.029296875,0.0,-0.00390625,0,0
1779556691.295811,0.009765625,0.0,0.22265625,0.029296875,0.0,-0.00390625,0,0
1779556691.311836,0.0,0.0,0.2109375,0.029296875,0.0,-0.00390625,0,0
1779556691.327806,-0.0234375,0.0,0.189453125,0.029296875,0.0,-0.00390625,0,0
1779556691.343855,-0.0234375,0.0,0.166015625,0.029296875,0.0,-0.00390625,0,0
1779556691.359881,-0.009765625,0.0,0.146484375,0.029296875,0.0,-0.00390625,0,0
1779556691.375830,-0.005859375,0.0,0.12109375,0.029296875,0.0,-0.00390625,0,0
1779556691.391842,-0.00390625,0.0,0.017578125,0.029296875,0.0,-0.00390625,0,0
1779556691.399828,-0.00390625,0.0,0.017578125,0.068359375,0.0,-0.00390625,0,0
1779556691.407838,-0.00390625,0.0,0.029296875,0.068359375,0.0,-0.00390625,0,0
1779556691.415831,-0.00390625,0.0,0.029296875,0.095703125,0.0,-0.00390625,0,0
1779556691.423823,-0.00390625,0.021484375,0.029296875,0.095703125,0.0,-0.00390625,0,0
1779556691.453856,0.0,0.0,0.0,0.0,0.0,0.0,0,0
1779556691.484837,0.0,0.0,0.0,0.0,0.0,0.0,0,0
1779556691.515799,0.0,0.0,0.0,0.0,0.0,0.0,0,0
1779556691.546888,0.0,0.0,0.0,0.0,0.0,0.0,0,0
1779556691.577754,0.0,0.0,0.0,0.0,0.0,0.0,0,0
1779556691.608834,0.0,0.0,0.0,0.0,0.0,0.0,0,0
1779556691.639808,0.0,0.0,0.0,0.0,0.0,0.0,0,0
1779556691.670785,0.0,0.0,0.0,0.0,0.0,0.0,0,0
1779556691.701869,0.0,0.0,0.0,0.0,0.0,0.0,0,0
1779556691.732857,0.0,0.0,0.0,0.0,0.0,0.0,0,0
1779556691.751799,-0.00390625,-0.021484375,0.029296875,0.095703125,0.0,-0.00390625,0,0
1779556691.767803,-0.00390625,-0.03515625,0.029296875,0.095703125,0.0,-0.00390625,0,0
1779556691.783766,-0.00390625,-0.009765625,0.029296875,0.095703125,0.0,-0.00390625,0,0
1779556691.813829,0.0,0.0,0.0,0.0,0.0,0.0,0,0
1779556691.815800,-0.00390625,-0.009765625,0.0,0.095703125,0.0,-0.00390625,0,0
1779556691.831828,-0.00390625,-0.009765625,0.046875,0.095703125,0.0,-0.00390625,0,0
1779556691.847775,-0.00390625,-0.009765625,0.091796875,0.095703125,0.0,-0.00390625,0,0
1779556691.863795,-0.00390625,-0.009765625,0.134765625,0.095703125,0.0,-0.00390625,0,0
1779556691.871782,-0.00390625,-0.009765625,0.134765625,-0.0078125,0.0,-0.00390625,0,0
1779556691.879824,-0.00390625,-0.009765625,0.158203125,-0.0078125,0.0,-0.00390625,0,0
1779556691.887793,-0.00390625,-0.009765625,0.158203125,-0.017578125,0.0,-0.00390625,0,0
1779556691.895832,-0.00390625,-0.009765625,0.169921875,-0.017578125,0.0,-0.00390625,0,0
1779556691.903815,-0.00390625,-0.009765625,0.169921875,-0.01953125,0.0,-0.00390625,0,0
1779556691.911823,-0.00390625,-0.009765625,0.177734375,-0.01953125,0.0,-0.00390625,0,0
1779556691.919818,-0.00390625,-0.009765625,0.177734375,-0.01953125,0.0,-0.00390625,0,0
1779556691.927817,-0.00390625,-0.009765625,0.17578125,-0.01953125,0.0,-0.00390625,0,0
1779556691.935848,-0.00390625,-0.009765625,0.17578125,-0.01171875,0.0,-0.00390625,0,0
1779556691.943809,-0.00390625,-0.009765625,0.16015625,-0.01171875,0.0,-0.00390625,0,0
1779556691.959802,-0.00390625,-0.009765625,0.138671875,-0.01171875,0.0,-0.00390625,0,0
1779556691.975776,-0.00390625,-0.009765625,0.123046875,-0.01171875,0.0,-0.00390625,0,0
1779556691.991840,-0.00390625,-0.009765625,0.1015625,-0.01171875,0.0,-0.00390625,0,0
1779556692.007915,-0.00390625,-0.009765625,0.0546875,-0.01171875,0.0,-0.00390625,0,0
1779556692.023850,-0.00390625,-0.009765625,0.01171875,-0.01171875,0.0,-0.00390625,0,0
1779556692.039814,-0.00390625,-0.009765625,0.0,-0.01171875,0.0,-0.00390625,0,0
1779556692.047796,-0.00390625,-0.009765625,0.0,0.017578125,0.0,-0.00390625,0,0
1779556692.077779,0.0,0.0,0.0,0.0,0.0,0.0,0,0
1779556692.108845,0.0,0.0,0.0,0.0,0.0,0.0,0,0
1779556692.139828,0.0,0.0,0.0,0.0,0.0,0.0,0,0
1779556692.170819,0.0,0.0,0.0,0.0,0.0,0.0,0,0
1779556692.201810,0.0,0.0,0.0,0.0,0.0,0.0,0,0
1779556692.232810,0.0,0.0,0.0,0.0,0.0,0.0,0,0
1779556692.263839,0.0,0.0,0.0,0.0,0.0,0.0,0,0
1779556692.294863,0.0,0.0,0.0,0.0,0.0,0.0,0,0
1779556692.325804,0.0,0.0,0.0,0.0,0.0,0.0,0,0
1779556692.356837,0.0,0.0,0.0,0.0,0.0,0.0,0,0
1779556692.387808,0.0,0.0,0.0,0.0,0.0,0.0,0,0
1779556692.418802,0.0,0.0,0.0,0.0,0.0,0.0,0,0
1779556692.449784,0.0,0.0,0.0,0.0,0.0,0.0,0,0
1779556692.480945,0.0,0.0,0.0,0.0,0.0,0.0,0,0
1779556692.511836,0.0,0.0,0.0,0.0,0.0,0.0,0,0
1779556692.542829,0.0,0.0,0.0,0.0,0.0,0.0,0,0
1779556692.573808,0.0,0.0,0.0,0.0,0.0,0.0,0,0
1779556692.604792,0.0,0.0,0.0,0.0,0.0,0.0,0,0
1779556692.635804,0.0,0.0,0.0,0.0,0.0,0.0,0,0
1779556692.666801,0.0,0.0,0.0,0.0,0.0,0.0,0,0
1779556692.697814,0.0,0.0,0.0,0.0,0.0,0.0,0,0
1779556692.728772,0.0,0.0,0.0,0.0,0.0,0.0,0,0
1779556692.759862,0.0,0.0,0.0,0.0,0.0,0.0,0,0
1779556692.790848,0.0,0.0,0.0,0.0,0.0,0.0,0,0
1779556692.821838,0.0,0.0,0.0,0.0,0.0,0.0,0,0
1779556692.852792,0.0,0.0,0.0,0.0,0.0,0.0,0,0
1779556692.883896,0.0,0.0,0.0,0.0,0.0,0.0,0,0
1779556692.914883,0.0,0.0,0.0,0.0,0.0,0.0,0,0
1779556692.945844,0.0,0.0,0.0,0.0,0.0,0.0,0,0
1779556692.976870,0.0,0.0,0.0,0.0,0.0,0.0,0,0
1779556693.007833,0.0,0.0,0.0,0.0,0.0,0.0,0,0
1779556693.038810,0.0,0.0,0.0,0.0,0.0,0.0,0,0
1779556693.069828,0.0,0.0,0.0,0.0,0.0,0.0,0,0
1779556693.100760,0.0,0.0,0.0,0.0,0.0,0.0,0,0
1779556693.131820,0.0,0.0,0.0,0.0,0.0,0.0,0,0
1779556693.162796,0.0,0.0,0.0,0.0,0.0,0.0,0,0
1779556693.193843,0.0,0.0,0.0,0.0,0.0,0.0,0,0
1779556693.224840,0.0,0.0,0.0,0.0,0.0,0.0,0,0
1779556693.255871,0.0,0.0,0.0,0.0,0.0,0.0,0,0
1779556693.286750,0.0,0.0,0.0,0.0,0.0,0.0,0,0
1779556693.317900,0.0,0.0,0.0,0.0,0.0,0.0,0,0
1779556693.348820,0.0,0.0,0.0,0.0,0.0,0.0,0,0
1779556693.379818,0.0,0.0,0.0,0.0,0.0,0.0,0,0
1779556693.410821,0.0,0.0,0.0,0.0,0.0,0.0,0,0
1779556693.441759,0.0,0.0,0.0,0.0,0.0,0.0,0,0
1779556693.472777,0.0,0.0,0.0,0.0,0.0,0.0,0,0
1779556693.503801,0.0,0.0,0.0,0.0,0.0,0.0,0,0
1779556693.534784,0.0,0.0,0.0,0.0,0.0,0.0,0,0
1779556693.565810,0.0,0.0,0.0,0.0,0.0,0.0,0,0
1779556693.596804,0.0,0.0,0.0,0.0,0.0,0.0,0,0
1779556693.627845,0.0,0.0,0.0,0.0,0.0,0.0,0,0
1779556693.658859,0.0,0.0,0.0,0.0,0.0,0.0,0,0
1779556693.689835,0.0,0.0,0.0,0.0,0.0,0.0,0,0
1779556693.720822,0.0,0.0,0.0,0.0,0.0,0.0,0,0
1779556693.751824,0.0,0.0,0.0,0.0,0.0,0.0,0,0
1779556693.782792,0.0,0.0,0.0,0.0,0.0,0.0,0,0
1779556693.813860,0.0,0.0,0.0,0.0,0.0,0.0,0,0
1779556693.844862,0.0,0.0,0.0,0.0,0.0,0.0,0,0
1779556693.875844,0.0,0.0,0.0,0.0,0.0,0.0,0,0
1779556693.906827,0.0,0.0,0.0,0.0,0.0,0.0,0,0
1779556693.937855,0.0,0.0,0.0,0.0,0.0,0.0,0,0
1779556693.968809,0.0,0.0,0.0,0.0,0.0,0.0,0,0
1779556693.999816,0.0,0.0,0.0,0.0,0.0,0.0,0,0
1779556694.030802,0.0,0.0,0.0,0.0,0.0,0.0,0,0
1779556694.061862,0.0,0.0,0.0,0.0,0.0,0.0,0,0
1779556694.092841,0.0,0.0,0.0,0.0,0.0,0.0,0,0
1779556694.123887,0.0,0.0,0.0,0.0,0.0,0.0,0,0
1779556694.154904,0.0,0.0,0.0,0.0,0.0,0.0,0,0
1779556694.185802,0.0,0.0,0.0,0.0,0.0,0.0,0,0
1779556694.216804,0.0,0.0,0.0,0.0,0.0,0.0,0,0
1779556694.247934,0.0,0.0,0.0,0.0,0.0,0.0,0,0
1779556694.278810,0.0,0.0,0.0,0.0,0.0,0.0,0,0
1779556694.309856,0.0,0.0,0.0,0.0,0.0,0.0,0,0
1779556694.340867,0.0,0.0,0.0,0.0,0.0,0.0,0,0
1779556694.371813,0.0,0.0,0.0,0.0,0.0,0.0,0,0
1779556694.402843,0.0,0.0,0.0,0.0,0.0,0.0,0,0
1779556694.433844,0.0,0.0,0.0,0.0,0.0,0.0,0,0
1779556694.464831,0.0,0.0,0.0,0.0,0.0,0.0,0,0
1779556694.495843,0.0,0.0,0.0,0.0,0.0,0.0,0,0
1779556694.526850,0.0,0.0,0.0,0.0,0.0,0.0,0,0
1779556694.557812,0.0,0.0,0.0,0.0,0.0,0.0,0,0
1779556694.588837,0.0,0.0,0.0,0.0,0.0,0.0,0,0
1779556694.619797,0.0,0.0,0.0,0.0,0.0,0.0,0,0
1779556694.650827,0.0,0.0,0.0,0.0,0.0,0.0,0,0
1779556694.681881,0.0,0.0,0.0,0.0,0.0,0.0,0,0
1779556694.712817,0.0,0.0,0.0,0.0,0.0,0.0,0,0
1779556694.743850,0.0,0.0,0.0,0.0,0.0,0.0,0,0
1779556694.774835,0.0,0.0,0.0,0.0,0.0,0.0,0,0
1779556694.805807,0.0,0.0,0.0,0.0,0.0,0.0,0,0
1779556694.836799,0.0,0.0,0.0,0.0,0.0,0.0,0,0
1779556694.867815,0.0,0.0,0.0,0.0,0.0,0.0,0,0
1779556694.898801,0.0,0.0,0.0,0.0,0.0,0.0,0,0
1779556694.930002,0.0,0.0,0.0,0.0,0.0,0.0,0,0
1779556694.960879,0.0,0.0,0.0,0.0,0.0,0.0,0,0
1779556694.991839,0.0,0.0,0.0,0.0,0.0,0.0,0,0
1779556695.022799,0.0,0.0,0.0,0.0,0.0,0.0,1,0
1779556695.053813,0.0,0.0,0.0,0.0,0.0,0.0,1,0
1779556695.084752,0.0,0.0,0.0,0.0,0.0,0.0,1,0
1779556695.115788,0.0,0.0,0.0,0.0,0.0,0.0,1,0
1779556695.146856,0.0,0.0,0.0,0.0,0.0,0.0,0,0
1779556695.177866,0.0,0.0,0.0,0.0,0.0,0.0,0,0
1779556695.208832,0.0,0.0,0.0,0.0,0.0,0.0,0,0
1779556695.239902,0.0,0.0,0.0,0.0,0.0,0.0,0,0
1779556695.270816,0.0,0.0,0.0,0.0,0.0,0.0,0,0
1779556695.301871,0.0,0.0,0.0,0.0,0.0,0.0,0,0
1779556695.332766,0.0,0.0,0.0,0.0,0.0,0.0,0,0
1779556695.363810,0.0,0.0,0.0,0.0,0.0,0.0,0,0
1779556695.394816,0.0,0.0,0.0,0.0,0.0,0.0,0,0
1779556695.425843,0.0,0.0,0.0,0.0,0.0,0.0,0,0
1779556695.456804,0.0,0.0,0.0,0.0,0.0,0.0,0,0
1779556695.487840,0.0,0.0,0.0,0.0,0.0,0.0,0,0
1779556695.518815,0.0,0.0,0.0,0.0,0.0,0.0,0,0
1779556695.549866,0.0,0.0,0.0,0.0,0.0,0.0,0,0
1779556695.580825,0.0,0.0,0.0,0.0,0.0,0.0,0,0
1779556695.611799,0.0,0.0,0.0,0.0,0.0,0.0,0,0
1779556695.642816,0.0,0.0,0.0,0.0,0.0,0.0,0,0
1779556695.673809,0.0,0.0,0.0,0.0,0.0,0.0,0,0
1779556695.704802,0.0,0.0,0.0,0.0,0.0,0.0,0,0
1779556695.735782,0.0,0.0,0.0,0.0,0.0,0.0,0,0
1779556695.766933,0.0,0.0,0.0,0.0,0.0,0.0,0,0
1779556695.797791,0.0,0.0,0.0,0.0,0.0,0.0,0,0
1779556695.828808,0.0,0.0,0.0,0.0,0.0,0.0,0,0
1779556695.859831,0.0,0.0,0.0,0.0,0.0,0.0,0,0
1779556695.890830,0.0,0.0,0.0,0.0,0.0,0.0,0,0
1779556695.921842,0.0,0.0,0.0,0.0,0.0,0.0,0,0
1779556695.952834,0.0,0.0,0.0,0.0,0.0,0.0,0,0
1779556695.983840,0.0,0.0,0.0,0.0,0.0,0.0,0,0
1779556696.014880,0.0,0.0,0.0,0.0,0.0,0.0,0,0
1779556696.045834,0.0,0.0,0.0,0.0,0.0,0.0,0,0
1779556696.076837,0.0,0.0,0.0,0.0,0.0,0.0,0,0
1779556696.107869,0.0,0.0,0.0,0.0,0.0,0.0,0,0
1779556696.138825,0.0,0.0,0.0,0.0,0.0,0.0,0,0
1779556696.169824,0.0,0.0,0.0,0.0,0.0,0.0,0,0
1779556696.200849,0.0,0.0,0.0,0.0,0.0,0.0,0,0
1779556696.231880,0.0,0.0,0.0,0.0,0.0,0.0,0,0
1779556696.262836,0.0,0.0,0.0,0.0,0.0,0.0,0,0
1779556696.293881,0.0,0.0,0.0,0.0,0.0,0.0,0,0
1779556696.324847,0.0,0.0,0.0,0.0,0.0,0.0,0,0
1779556696.355829,0.0,0.0,0.0,0.0,0.0,0.0,0,0
1779556696.386836,0.0,0.0,0.0,0.0,0.0,0.0,0,0
1779556696.417857,0.0,0.0,0.0,0.0,0.0,0.0,0,0
1779556696.448845,0.0,0.0,0.0,0.0,0.0,0.0,0,0
1779556696.479828,0.0,0.0,0.0,0.0,0.0,0.0,0,0
1779556696.510824,0.0,0.0,0.0,0.0,0.0,0.0,0,0
1779556696.541863,0.0,0.0,0.0,0.0,0.0,0.0,0,0
1779556696.572812,0.0,0.0,0.0,0.0,0.0,0.0,0,0
1779556696.603857,0.0,0.0,0.0,0.0,0.0,0.0,0,0
1779556696.634830,0.0,0.0,0.0,0.0,0.0,0.0,0,0
1779556696.665813,0.0,0.0,0.0,0.0,0.0,0.0,0,0
1779556696.696775,0.0,0.0,0.0,0.0,0.0,0.0,0,0
1779556696.727859,0.0,0.0,0.0,0.0,0.0,0.0,0,0
1779556696.758853,0.0,0.0,0.0,0.0,0.0,0.0,0,0
1779556696.789831,0.0,0.0,0.0,0.0,0.0,0.0,0,0
1779556696.820822,0.0,0.0,0.0,0.0,0.0,0.0,0,0
1779556696.851851,0.0,0.0,0.0,0.0,0.0,0.0,0,0
1779556696.882830,0.0,0.0,0.0,0.0,0.0,0.0,0,0
1779556696.913869,0.0,0.0,0.0,0.0,0.0,0.0,0,0
1779556696.944827,0.0,0.0,0.0,0.0,0.0,0.0,0,0
1779556696.975827,0.0,0.0,0.0,0.0,0.0,0.0,0,0
1779556697.006864,0.0,0.0,0.0,0.0,0.0,0.0,0,0
1779556697.037843,0.0,0.0,0.0,0.0,0.0,0.0,0,0
1779556697.068859,0.0,0.0,0.0,0.0,0.0,0.0,0,0
1779556697.099788,0.0,0.0,0.0,0.0,0.0,0.0,0,0
1779556697.130876,0.0,0.0,0.0,0.0,0.0,0.0,0,0
1779556697.161824,0.0,0.0,0.0,0.0,0.0,0.0,0,0
1779556697.192859,0.0,0.0,0.0,0.0,0.0,0.0,0,0
1779556697.223807,0.0,0.0,0.0,0.0,0.0,0.0,0,0
1779556697.254869,0.0,0.0,0.0,0.0,0.0,0.0,0,0
1779556697.285873,0.0,0.0,0.0,0.0,0.0,0.0,0,0
1779556697.316871,0.0,0.0,0.0,0.0,0.0,0.0,0,0
1779556697.347843,0.0,0.0,0.0,0.0,0.0,0.0,0,0
1779556697.378811,0.0,0.0,0.0,0.0,0.0,0.0,0,0
1779556697.409807,0.0,0.0,0.0,0.0,0.0,0.0,0,0
1779556697.440802,0.0,0.0,0.0,0.0,0.0,0.0,0,0
1779556697.471831,0.0,0.0,0.0,0.0,0.0,0.0,0,0
1779556697.502820,0.0,0.0,0.0,0.0,0.0,0.0,0,0
1779556697.533824,0.0,0.0,0.0,0.0,0.0,0.0,0,0
1779556697.564880,0.0,0.0,0.0,0.0,0.0,0.0,0,0
1779556697.595818,0.0,0.0,0.0,0.0,0.0,0.0,0,0
1779556697.626826,0.0,0.0,0.0,0.0,0.0,0.0,0,0
1779556697.657823,0.0,0.0,0.0,0.0,0.0,0.0,0,0
1779556697.688812,0.0,0.0,0.0,0.0,0.0,0.0,0,0
1779556697.719866,0.0,0.0,0.0,0.0,0.0,0.0,0,0
1779556697.750818,0.0,0.0,0.0,0.0,0.0,0.0,0,0
1779556697.781893,0.0,0.0,0.0,0.0,0.0,0.0,0,0
1779556697.812771,0.0,0.0,0.0,0.0,0.0,0.0,0,0
1779556697.843829,0.0,0.0,0.0,0.0,0.0,0.0,0,0
1779556697.874826,0.0,0.0,0.0,0.0,0.0,0.0,0,0
1779556697.905788,0.0,0.0,0.0,0.0,0.0,0.0,0,0
1779556697.936820,0.0,0.0,0.0,0.0,0.0,0.0,0,0
1779556697.967818,0.0,0.0,0.0,0.0,0.0,0.0,0,0
1779556697.998810,0.0,0.0,0.0,0.0,0.0,0.0,0,0
1779556698.029842,0.0,0.0,0.0,0.0,0.0,0.0,0,0
1779556698.060864,0.0,0.0,0.0,0.0,0.0,0.0,0,0
1779556698.091863,0.0,0.0,0.0,0.0,0.0,0.0,0,0
1779556698.122783,0.0,0.0,0.0,0.0,0.0,0.0,0,0
1779556698.153773,0.0,0.0,0.0,0.0,0.0,0.0,0,0
1779556698.184780,0.0,0.0,0.0,0.0,0.0,0.0,0,0
1779556698.215817,0.0,0.0,0.0,0.0,0.0,0.0,0,0
1779556698.246831,0.0,0.0,0.0,0.0,0.0,0.0,0,0
1779556698.277826,0.0,0.0,0.0,0.0,0.0,0.0,0,0
1779556698.308803,0.0,0.0,0.0,0.0,0.0,0.0,0,0
1779556698.339840,0.0,0.0,0.0,0.0,0.0,0.0,0,0
1779556698.370830,0.0,0.0,0.0,0.0,0.0,0.0,0,0
1779556698.401851,0.0,0.0,0.0,0.0,0.0,0.0,0,0
1779556698.432842,0.0,0.0,0.0,0.0,0.0,0.0,0,0
1779556698.463789,0.0,0.0,0.0,0.0,0.0,0.0,0,0
1779556698.494860,0.0,0.0,0.0,0.0,0.0,0.0,0,0
1779556698.525847,0.0,0.0,0.0,0.0,0.0,0.0,0,0
1779556698.556901,0.0,0.0,0.0,0.0,0.0,0.0,0,0
1779556698.587833,0.0,0.0,0.0,0.0,0.0,0.0,0,0
1779556698.618862,0.0,0.0,0.0,0.0,0.0,0.0,0,0
1779556698.649823,0.0,0.0,0.0,0.0,0.0,0.0,0,0
1779556698.680815,0.0,0.0,0.0,0.0,0.0,0.0,0,0
1779556698.711796,0.0,0.0,0.0,0.0,0.0,0.0,0,0
1779556698.742857,0.0,0.0,0.0,0.0,0.0,0.0,0,0
1779556698.773809,0.0,0.0,0.0,0.0,0.0,0.0,0,0
1779556698.804753,0.0,0.0,0.0,0.0,0.0,0.0,0,0
1779556698.835812,0.0,0.0,0.0,0.0,0.0,0.0,0,0
1779556698.866857,0.0,0.0,0.0,0.0,0.0,0.0,0,0
1779556698.897835,0.0,0.0,0.0,0.0,0.0,0.0,0,0
1779556698.928784,0.0,0.0,0.0,0.0,0.0,0.0,0,0
1779556698.959876,0.0,0.0,0.0,0.0,0.0,0.0,0,0
1779556698.990810,0.0,0.0,0.0,0.0,0.0,0.0,0,0
1779556699.021821,0.0,0.0,0.0,0.0,0.0,0.0,0,0
1779556699.052818,0.0,0.0,0.0,0.0,0.0,0.0,0,0
1779556699.083789,0.0,0.0,0.0,0.0,0.0,0.0,0,0
1779556699.114814,0.0,0.0,0.0,0.0,0.0,0.0,0,0
1779556699.145834,0.0,0.0,0.0,0.0,0.0,0.0,0,0
1779556699.176865,0.0,0.0,0.0,0.0,0.0,0.0,0,0
1779556699.207775,0.0,0.0,0.0,0.0,0.0,0.0,0,0
1779556699.238805,0.0,0.0,0.0,0.0,0.0,0.0,0,0
1779556699.269813,0.0,0.0,0.0,0.0,0.0,0.0,0,0
1779556699.300872,0.0,0.0,0.0,0.0,0.0,0.0,0,0
1779556699.331802,0.0,0.0,0.0,0.0,0.0,0.0,0,0
1779556699.362829,0.0,0.0,0.0,0.0,0.0,0.0,0,0
1779556699.393802,0.0,0.0,0.0,0.0,0.0,0.0,0,0
1779556699.424815,0.0,0.0,0.0,0.0,0.0,0.0,0,0
1779556699.455845,0.0,0.0,0.0,0.0,0.0,0.0,0,0
1779556699.486830,0.0,0.0,0.0,0.0,0.0,0.0,0,0
1779556699.517844,0.0,0.0,0.0,0.0,0.0,0.0,0,0
1779556699.548860,0.0,0.0,0.0,0.0,0.0,0.0,0,0
1779556699.579812,0.0,0.0,0.0,0.0,0.0,0.0,0,0
1779556699.610847,0.0,0.0,0.0,0.0,0.0,0.0,0,0
1779556699.641866,0.0,0.0,0.0,0.0,0.0,0.0,0,0
1779556699.672828,0.0,0.0,0.0,0.0,0.0,0.0,0,0
1779556699.703868,0.0,0.0,0.0,0.0,0.0,0.0,0,0
1779556699.734772,0.0,0.0,0.0,0.0,0.0,0.0,0,0
1779556699.765784,0.0,0.0,0.0,0.0,0.0,0.0,0,0
1779556699.796788,0.0,0.0,0.0,0.0,0.0,0.0,0,0
1779556699.827841,0.0,0.0,0.0,0.0,0.0,0.0,0,0
1779556699.858807,0.0,0.0,0.0,0.0,0.0,0.0,0,0
1779556699.889795,0.0,0.0,0.0,0.0,0.0,0.0,0,0
1779556699.920789,0.0,0.0,0.0,0.0,0.0,0.0,0,0
1779556699.951853,0.0,0.0,0.0,0.0,0.0,0.0,0,0
1779556699.982810,0.0,0.0,0.0,0.0,0.0,0.0,0,0
1779556700.013859,0.0,0.0,0.0,0.0,0.0,0.0,0,0
1779556700.044796,0.0,0.0,0.0,0.0,0.0,0.0,0,0
1779556700.075799,0.0,0.0,0.0,0.0,0.0,0.0,0,0
1779556700.106811,0.0,0.0,0.0,0.0,0.0,0.0,0,0
1779556700.137855,0.0,0.0,0.0,0.0,0.0,0.0,0,0
1779556700.168866,0.0,0.0,0.0,0.0,0.0,0.0,0,0
1779556700.199854,0.0,0.0,0.0,0.0,0.0,0.0,0,0
1779556700.230851,0.0,0.0,0.0,0.0,0.0,0.0,0,0
1779556700.261868,0.0,0.0,0.0,0.0,0.0,0.0,0,0
1779556700.292870,0.0,0.0,0.0,0.0,0.0,0.0,0,0
1779556700.323821,0.0,0.0,0.0,0.0,0.0,0.0,0,0
1779556700.354802,0.0,0.0,0.0,0.0,0.0,0.0,0,0
1779556700.385912,0.0,0.0,0.0,0.0,0.0,0.0,0,0
1779556700.416858,0.0,0.0,0.0,0.0,0.0,0.0,0,0
1779556700.447863,0.0,0.0,0.0,0.0,0.0,0.0,0,0
1779556700.478829,0.0,0.0,0.0,0.0,0.0,0.0,0,0
1779556700.509879,0.0,0.0,0.0,0.0,0.0,0.0,0,0
1779556700.540843,0.0,0.0,0.0,0.0,0.0,0.0,0,0
1779556700.571880,0.0,0.0,0.0,0.0,0.0,0.0,0,0
1779556700.602853,0.0,0.0,0.0,0.0,0.0,0.0,0,0
1779556700.633872,0.0,0.0,0.0,0.0,0.0,0.0,0,0
1779556700.664860,0.0,0.0,0.0,0.0,0.0,0.0,0,0
1779556700.695850,0.0,0.0,0.0,0.0,0.0,0.0,0,0
1779556700.726889,0.0,0.0,0.0,0.0,0.0,0.0,0,0
1779556700.757821,0.0,0.0,0.0,0.0,0.0,0.0,0,0
1779556700.788811,0.0,0.0,0.0,0.0,0.0,0.0,0,0
1779556700.819909,0.0,0.0,0.0,0.0,0.0,0.0,0,0
1779556700.850786,0.0,0.0,0.0,0.0,0.0,0.0,0,0
1779556700.881810,0.0,0.0,0.0,0.0,0.0,0.0,0,0
1779556700.912841,0.0,0.0,0.0,0.0,0.0,0.0,0,0
1779556700.943821,0.0,0.0,0.0,0.0,0.0,0.0,0,0
1779556700.974806,0.0,0.0,0.0,0.0,0.0,0.0,0,0
1779556701.005846,0.0,0.0,0.0,0.0,0.0,0.0,0,0
1779556701.036838,0.0,0.0,0.0,0.0,0.0,0.0,0,0
1779556701.067828,0.0,0.0,0.0,0.0,0.0,0.0,0,0
1779556701.098891,0.0,0.0,0.0,0.0,0.0,0.0,0,0
1779556701.129833,0.0,0.0,0.0,0.0,0.0,0.0,0,0
1779556701.160874,0.0,0.0,0.0,0.0,0.0,0.0,0,0
1779556701.191876,0.0,0.0,0.0,0.0,0.0,0.0,0,0
1779556701.222827,0.0,0.0,0.0,0.0,0.0,0.0,0,0
1779556701.253823,0.0,0.0,0.0,0.0,0.0,0.0,0,0
1779556701.284802,0.0,0.0,0.0,0.0,0.0,0.0,0,0
1779556701.315847,0.0,0.0,0.0,0.0,0.0,0.0,0,0
1779556701.346824,0.0,0.0,0.0,0.0,0.0,0.0,0,0
1779556701.377815,0.0,0.0,0.0,0.0,0.0,0.0,0,0
1779556701.408801,0.0,0.0,0.0,0.0,0.0,0.0,0,0
1779556701.439787,0.0,0.0,0.0,0.0,0.0,0.0,0,0
1779556701.470839,0.0,0.0,0.0,0.0,0.0,0.0,0,0
1779556701.501804,0.0,0.0,0.0,0.0,0.0,0.0,0,0
1779556701.532869,0.0,0.0,0.0,0.0,0.0,0.0,0,0
1779556701.543833,-0.00390625,-0.009765625,0.0,0.005859375,0.0,-0.00390625,0,0
1779556701.559837,-0.00390625,-0.009765625,0.0,0.021484375,0.0,-0.00390625,0,0
1779556701.567834,-0.00390625,-0.009765625,0.02734375,0.021484375,0.0,-0.00390625,0,0
1779556701.575791,-0.00390625,-0.009765625,0.02734375,0.041015625,0.0,-0.00390625,0,0
1779556701.583844,-0.00390625,-0.009765625,0.072265625,0.041015625,0.0,-0.00390625,0,0
1779556701.591817,-0.00390625,-0.009765625,0.072265625,0.052734375,0.0,-0.00390625,0,0
1779556701.599818,-0.00390625,-0.009765625,0.107421875,0.052734375,0.0,-0.00390625,0,0
1779556701.607826,-0.00390625,-0.009765625,0.107421875,0.04296875,0.0,-0.00390625,0,0
1779556701.615852,-0.00390625,-0.009765625,0.1484375,0.04296875,0.0,-0.00390625,0,0
1779556701.623886,-0.00390625,-0.009765625,0.1484375,0.046875,0.0234375,-0.00390625,0,0
1779556701.631884,-0.00390625,-0.015625,0.19140625,0.046875,0.0234375,-0.00390625,0,0
1779556701.639878,-0.00390625,-0.015625,0.19140625,0.052734375,0.0390625,-0.00390625,0,0
1779556701.647847,-0.00390625,-0.021484375,0.251953125,0.052734375,0.0390625,-0.00390625,0,0
1779556701.655790,-0.00390625,-0.021484375,0.251953125,0.046875,0.052734375,0.0,0,0
1779556701.663820,-0.00390625,-0.0234375,0.28515625,0.046875,0.052734375,0.0,0,0
1779556701.671789,-0.00390625,-0.0234375,0.28515625,0.037109375,0.05859375,-0.013671875,0,0
1779556701.679826,-0.00390625,-0.033203125,0.294921875,0.037109375,0.05859375,-0.013671875,0,0
1779556701.687856,-0.00390625,-0.033203125,0.294921875,0.015625,0.0546875,-0.013671875,0,0
1779556701.695828,-0.00390625,-0.029296875,0.3203125,0.015625,0.0546875,-0.013671875,0,0
1779556701.703801,-0.00390625,-0.029296875,0.3203125,0.015625,0.056640625,-0.009765625,0,0
1779556701.711839,-0.00390625,-0.017578125,0.357421875,0.015625,0.056640625,-0.009765625,0,0
1779556701.719808,-0.00390625,-0.017578125,0.357421875,0.015625,0.068359375,-0.00390625,0,0
1779556701.727827,-0.00390625,-0.017578125,0.390625,0.015625,0.068359375,-0.00390625,0,0
1779556701.735816,-0.00390625,-0.017578125,0.390625,0.015625,0.083984375,-0.00390625,0,0
1779556701.743791,-0.00390625,-0.017578125,0.412109375,0.015625,0.083984375,-0.00390625,0,0
1779556701.751819,-0.00390625,-0.017578125,0.412109375,0.015625,0.091796875,-0.00390625,0,0
1779556701.759833,-0.00390625,-0.017578125,0.42578125,0.015625,0.091796875,-0.00390625,0,0
1779556701.767838,-0.00390625,-0.017578125,0.42578125,0.015625,0.095703125,-0.00390625,0,0
1779556701.775828,-0.00390625,-0.017578125,0.443359375,0.015625,0.095703125,-0.00390625,0,0
1779556701.783896,-0.00390625,-0.017578125,0.443359375,0.015625,0.09375,-0.00390625,0,0
1779556701.791818,-0.00390625,-0.017578125,0.455078125,0.015625,0.09375,-0.00390625,0,0
1779556701.799797,-0.00390625,-0.017578125,0.455078125,0.015625,0.091796875,-0.00390625,0,0
1779556701.807811,-0.00390625,-0.017578125,0.47265625,0.015625,0.091796875,-0.00390625,0,0
1779556701.815845,-0.00390625,-0.017578125,0.47265625,0.015625,0.091796875,-0.00390625,0,0
1779556701.823793,-0.00390625,-0.017578125,0.484375,0.015625,0.091796875,-0.00390625,0,0
1779556701.831789,-0.00390625,-0.017578125,0.484375,0.015625,0.095703125,-0.00390625,0,0
1779556701.839845,-0.00390625,-0.017578125,0.490234375,0.015625,0.095703125,-0.00390625,0,0
1779556701.847879,-0.00390625,-0.017578125,0.490234375,0.015625,0.103515625,-0.00390625,0,0
1779556701.855889,0.005859375,-0.017578125,0.498046875,0.015625,0.103515625,-0.00390625,0,0
1779556701.863855,0.005859375,-0.017578125,0.498046875,0.015625,0.107421875,-0.00390625,0,0
1779556701.871832,0.017578125,-0.017578125,0.49609375,0.015625,0.107421875,-0.00390625,0,0
1779556701.879854,0.017578125,-0.017578125,0.49609375,0.015625,0.11328125,-0.00390625,0,0
1779556701.887804,0.025390625,-0.017578125,0.49609375,0.015625,0.11328125,-0.00390625,0,0
1779556701.895900,0.025390625,-0.017578125,0.49609375,0.015625,0.11328125,-0.00390625,0,0
1779556701.903855,0.02734375,-0.017578125,0.4921875,0.015625,0.11328125,-0.00390625,0,0
1779556701.911832,0.02734375,-0.017578125,0.4921875,0.015625,0.115234375,-0.00390625,0,0
1779556701.919848,0.02734375,-0.017578125,0.498046875,0.015625,0.115234375,-0.00390625,0,0
1779556701.927861,0.02734375,-0.017578125,0.498046875,0.015625,0.1171875,-0.00390625,0,0
1779556701.935785,0.025390625,-0.017578125,0.505859375,0.015625,0.1171875,-0.00390625,0,0
1779556701.943841,0.025390625,-0.017578125,0.505859375,0.015625,0.119140625,-0.00390625,0,0
1779556701.951829,0.02734375,-0.017578125,0.513671875,0.015625,0.119140625,-0.00390625,0,0
1779556701.959890,0.02734375,-0.017578125,0.513671875,0.015625,0.123046875,-0.00390625,0,0
1779556701.967860,0.02734375,-0.017578125,0.515625,0.015625,0.123046875,-0.00390625,0,0
1779556701.975820,0.02734375,-0.017578125,0.515625,0.015625,0.123046875,-0.00390625,0,0
1779556701.983832,0.025390625,-0.017578125,0.51171875,0.015625,0.123046875,-0.00390625,0,0
1779556701.991856,0.025390625,-0.017578125,0.51171875,0.015625,0.123046875,-0.00390625,0,0
1779556701.999885,0.025390625,-0.017578125,0.509765625,0.015625,0.123046875,-0.00390625,0,0
1779556702.007832,0.025390625,-0.017578125,0.509765625,0.015625,0.123046875,-0.00390625,0,0
1779556702.015816,0.02734375,0.0,0.5078125,0.015625,0.123046875,-0.00390625,0,0
1779556702.023843,0.02734375,0.0,0.5078125,0.015625,0.123046875,-0.00390625,0,0
1779556702.031835,0.033203125,0.0,0.515625,0.015625,0.123046875,-0.00390625,0,0
1779556702.039899,0.033203125,0.0,0.515625,0.015625,0.125,-0.00390625,0,0
1779556702.047825,0.03125,0.0,0.513671875,0.015625,0.125,-0.00390625,0,0
1779556702.055853,0.03125,0.0,0.513671875,0.015625,0.125,-0.00390625,0,0
1779556702.063871,0.02734375,0.0,0.509765625,0.015625,0.125,-0.00390625,0,0
1779556702.071855,0.02734375,0.0,0.509765625,0.015625,0.125,-0.00390625,0,0
1779556702.079813,0.02734375,0.0,0.5078125,0.015625,0.125,-0.00390625,0,0
1779556702.087832,0.02734375,0.0,0.5078125,0.015625,0.12109375,-0.00390625,0,0
1779556702.095846,0.03125,0.0,0.5,0.015625,0.12109375,-0.00390625,0,0
1779556702.103896,0.03125,0.0,0.5,0.015625,0.12109375,-0.00390625,0,0
1779556702.111815,0.0390625,0.0,0.5,0.015625,0.12109375,-0.00390625,0,0
1779556702.119845,0.0390625,0.0,0.5,0.015625,0.123046875,-0.00390625,0,0
1779556702.127838,0.04296875,0.0,0.505859375,0.015625,0.123046875,-0.00390625,0,0
1779556702.135831,0.04296875,0.0,0.505859375,0.015625,0.123046875,-0.00390625,0,0
1779556702.143778,0.046875,0.0,0.5,0.015625,0.123046875,-0.00390625,0,0
1779556702.151790,0.046875,0.0,0.5,0.015625,0.126953125,-0.00390625,0,0
1779556702.159855,0.046875,0.0,0.494140625,0.015625,0.126953125,-0.00390625,0,0
1779556702.167837,0.046875,0.0,0.494140625,0.015625,0.126953125,-0.00390625,0,0
1779556702.175838,0.041015625,0.0,0.494140625,0.015625,0.126953125,-0.00390625,0,0
1779556702.183796,0.041015625,0.0,0.494140625,0.015625,0.125,-0.00390625,0,0
1779556702.191838,0.037109375,0.0,0.49609375,0.015625,0.125,-0.00390625,0,0
1779556702.199859,0.037109375,0.0,0.49609375,0.015625,0.125,-0.00390625,0,0
1779556702.207821,0.037109375,0.0,0.501953125,0.015625,0.125,-0.00390625,0,0
1779556702.215820,0.037109375,0.0,0.501953125,0.015625,0.125,-0.00390625,0,0
1779556702.223839,0.037109375,0.0,0.505859375,0.015625,0.125,-0.00390625,0,0
1779556702.231794,0.037109375,0.0,0.505859375,0.015625,0.125,-0.00390625,0,0
1779556702.239854,0.041015625,0.0,0.50390625,0.015625,0.125,-0.00390625,0,0
1779556702.247825,0.041015625,0.0,0.50390625,0.015625,0.126953125,-0.00390625,0,0
1779556702.255852,0.041015625,0.0,0.505859375,0.015625,0.126953125,-0.00390625,0,0
1779556702.263798,0.041015625,0.0,0.505859375,0.015625,0.126953125,-0.00390625,0,0
1779556702.271834,0.041015625,0.0,0.509765625,0.015625,0.126953125,-0.00390625,0,0
1779556702.279874,0.041015625,0.0,0.509765625,0.015625,0.12890625,-0.00390625,0,0
1779556702.287867,0.033203125,0.0,0.505859375,0.015625,0.12890625,-0.00390625,0,0
1779556702.295822,0.033203125,0.0,0.505859375,0.015625,0.126953125,-0.00390625,0,0
1779556702.303877,0.029296875,0.0,0.5078125,0.015625,0.126953125,-0.00390625,0,0
1779556702.311846,0.029296875,0.0,0.5078125,0.015625,0.125,0.0,0,0
1779556702.319875,0.029296875,0.0,0.513671875,0.015625,0.125,0.0,0,0
1779556702.327857,0.029296875,0.0,0.513671875,0.015625,0.125,0.0,0,0
1779556702.335829,0.02734375,0.0,0.521484375,0.015625,0.125,0.0,0,0
1779556702.343874,0.02734375,0.0,0.521484375,0.015625,0.125,0.0,0,0
1779556702.351872,0.02734375,0.0,0.529296875,0.015625,0.125,0.0,0,0
1779556702.359865,0.02734375,0.0,0.529296875,0.015625,0.12890625,0.0,0,0
1779556702.367872,0.02734375,0.0,0.53125,0.015625,0.12890625,0.0,0,0
1779556702.375842,0.02734375,0.0,0.53125,0.015625,0.12890625,0.0,0,0
1779556702.383859,0.017578125,0.0,0.53125,0.015625,0.12890625,0.0,0,0
1779556702.391820,0.017578125,0.0,0.53125,0.015625,0.125,0.0,0,0
1779556702.399830,0.009765625,0.0,0.5390625,0.015625,0.125,0.0,0,0
1779556702.407850,0.009765625,0.0,0.5390625,0.015625,0.125,0.0,0,0
1779556702.415803,0.00390625,0.0,0.55078125,0.015625,0.125,0.0,0,0
1779556702.423846,0.00390625,0.0,0.55078125,0.015625,0.12109375,0.0,0,0
1779556702.431854,0.00390625,0.0,0.5625,0.015625,0.12109375,0.0,0,0
1779556702.439820,0.00390625,0.0,0.5625,0.015625,0.12109375,0.0,0,0
1779556702.447868,0.00390625,0.0,0.56640625,0.015625,0.12109375,0.0,0,0
1779556702.455865,0.00390625,0.0,0.56640625,0.015625,0.12109375,0.0,0,0
1779556702.463889,0.00390625,0.0,0.572265625,0.015625,0.12109375,0.0,0,0
1779556702.471832,0.00390625,0.0,0.572265625,0.015625,0.12109375,0.0,0,0
1779556702.479820,0.00390625,0.0,0.580078125,0.015625,0.12109375,0.0,0,0
1779556702.487860,0.00390625,0.0,0.580078125,0.015625,0.12109375,0.0,0,0
1779556702.495904,0.00390625,0.0,0.58203125,0.015625,0.12109375,0.0,0,0
1779556702.503910,0.00390625,0.0,0.58203125,0.015625,0.12109375,0.0,0,0
1779556702.511886,0.00390625,0.0,0.587890625,0.015625,0.12109375,0.0,0,0
1779556702.519871,0.00390625,0.0,0.587890625,0.015625,0.115234375,0.0,0,0
1779556702.527885,0.00390625,0.0,0.599609375,0.015625,0.115234375,0.0,0,0
1779556702.535864,0.00390625,0.0,0.599609375,0.005859375,0.115234375,0.0,0,0
1779556702.543845,0.00390625,0.0,0.6171875,0.005859375,0.115234375,0.0,0,0
1779556702.551812,0.00390625,0.0,0.6171875,0.013671875,0.119140625,0.0,0,0
1779556702.559866,0.00390625,0.0,0.6328125,0.013671875,0.119140625,0.0,0,0
1779556702.567828,0.00390625,0.0,0.6328125,0.013671875,0.130859375,0.0,0,0
1779556702.575841,0.00390625,0.0,0.638671875,0.013671875,0.130859375,0.0,0,0
1779556702.583834,0.00390625,0.0,0.638671875,0.017578125,0.12890625,0.0,0,0
1779556702.591821,0.00390625,0.0,0.638671875,0.017578125,0.12890625,0.0,0,0
1779556702.599853,0.00390625,0.0,0.638671875,0.0234375,0.12890625,0.0,0,0
1779556702.607841,0.00390625,0.0,0.630859375,0.0234375,0.12890625,0.0,0,0
1779556702.615856,0.00390625,0.0,0.630859375,0.033203125,0.126953125,0.0,0,0
1779556702.623843,0.00390625,0.0,0.6328125,0.033203125,0.126953125,0.0,0,0
1779556702.631816,0.00390625,0.0,0.6328125,0.046875,0.125,0.0,0,0
1779556702.639800,0.00390625,0.0,0.64453125,0.046875,0.125,0.0,0,0
1779556702.647836,0.00390625,0.0,0.64453125,0.0546875,0.12890625,0.0,0,0
1779556702.655854,0.00390625,0.0,0.65234375,0.0546875,0.12890625,0.0,0,0
1779556702.663858,0.00390625,0.0,0.65234375,0.0546875,0.134765625,0.0,0,0
1779556702.671814,0.00390625,0.0,0.65625,0.0546875,0.134765625,0.0,0,0
1779556702.679854,0.00390625,0.0,0.65625,0.056640625,0.134765625,0.0,0,0
1779556702.687830,0.00390625,0.0,0.654296875,0.056640625,0.134765625,0.0,0,0
1779556702.695872,0.00390625,0.0,0.654296875,0.0546875,0.13671875,0.0,0,0
1779556702.703811,0.00390625,0.0,0.65234375,0.0546875,0.13671875,0.0,0,0
1779556702.711797,0.00390625,0.0,0.65234375,0.052734375,0.134765625,0.0,0,0
1779556702.719802,0.00390625,0.0,0.65234375,0.052734375,0.134765625,0.0,0,0
1779556702.727839,0.00390625,0.0,0.65234375,0.05859375,0.1328125,0.0,0,0
1779556702.735873,0.00390625,0.0,0.654296875,0.05859375,0.1328125,0.0,0,0
1779556702.743858,0.00390625,0.0,0.654296875,0.0625,0.134765625,0.0,0,0
1779556702.751809,0.00390625,0.0,0.66015625,0.0625,0.134765625,0.0,0,0
1779556702.759815,0.00390625,0.0,0.66015625,0.06640625,0.134765625,0.0,0,0
1779556702.767816,0.00390625,0.005859375,0.66015625,0.06640625,0.134765625,0.0,0,0
1779556702.775841,0.00390625,0.005859375,0.66015625,0.064453125,0.13671875,0.0,0,0
1779556702.783832,0.00390625,0.015625,0.654296875,0.064453125,0.13671875,0.0,0,0
1779556702.791854,0.00390625,0.015625,0.654296875,0.052734375,0.1328125,0.0,0,0
1779556702.799804,0.00390625,0.02734375,0.65234375,0.052734375,0.1328125,0.0,0,0
1779556702.807826,0.00390625,0.02734375,0.65234375,0.044921875,0.1328125,0.0,0,0
1779556702.815812,0.00390625,0.041015625,0.65234375,0.044921875,0.1328125,0.0,0,0
1779556702.823786,0.00390625,0.041015625,0.65234375,0.037109375,0.1328125,0.0,0,0
1779556702.831825,0.00390625,0.0546875,0.65625,0.037109375,0.1328125,0.0,0,0
1779556702.839839,0.00390625,0.0546875,0.65625,0.029296875,0.134765625,0.0,0,0
1779556702.847818,0.00390625,0.0703125,0.666015625,0.029296875,0.134765625,0.0,0,0
1779556702.855807,0.00390625,0.0703125,0.666015625,0.0234375,0.140625,0.0,0,0
1779556702.863785,0.00390625,0.078125,0.6640625,0.0234375,0.140625,0.0,0,0
1779556702.871802,0.00390625,0.078125,0.6640625,0.015625,0.140625,0.0,0,0
1779556702.879844,0.00390625,0.0859375,0.66015625,0.015625,0.140625,0.0,0,0
1779556702.887804,0.00390625,0.0859375,0.66015625,0.009765625,0.140625,0.0,0,0
1779556702.895835,0.00390625,0.091796875,0.65625,0.009765625,0.140625,0.0,0,0
1779556702.903825,0.00390625,0.091796875,0.65625,0.009765625,0.140625,0.0,0,0
1779556702.911819,0.00390625,0.103515625,0.658203125,0.009765625,0.140625,0.0,0,0
1779556702.919825,0.00390625,0.103515625,0.658203125,0.009765625,0.14453125,0.0,0,0
1779556702.927895,0.00390625,0.115234375,0.66015625,0.009765625,0.14453125,0.0,0,0
1779556702.935884,0.00390625,0.115234375,0.66015625,0.009765625,0.15625,0.0,0,0
1779556702.943813,0.013671875,0.130859375,0.66796875,0.009765625,0.15625,0.0,0,0
1779556702.951787,0.013671875,0.130859375,0.66796875,0.009765625,0.15625,0.0,0,0
1779556702.959835,0.0234375,0.14453125,0.66796875,0.009765625,0.15625,0.0,0,0
1779556702.967815,0.0234375,0.14453125,0.66796875,0.009765625,0.15625,0.0,0,0
1779556702.975863,0.02734375,0.158203125,0.6640625,0.009765625,0.15625,0.0,0,0
1779556702.983887,0.02734375,0.158203125,0.6640625,0.009765625,0.15625,0.0,0,0
1779556702.991848,0.037109375,0.17578125,0.66015625,0.009765625,0.15625,0.0,0,0
1779556702.999813,0.037109375,0.17578125,0.66015625,0.009765625,0.15625,0.0,0,0
1779556703.007810,0.041015625,0.189453125,0.66015625,0.009765625,0.15625,0.0,0,0
1779556703.015791,0.041015625,0.189453125,0.66015625,0.009765625,0.15625,0.0,0,0
1779556703.023845,0.046875,0.197265625,0.6484375,0.009765625,0.15625,0.0,0,0
1779556703.031866,0.046875,0.197265625,0.6484375,0.009765625,0.162109375,0.0,0,0
1779556703.039856,0.056640625,0.20703125,0.646484375,0.009765625,0.162109375,0.0,0,0
1779556703.047819,0.056640625,0.20703125,0.646484375,0.009765625,0.16796875,0.0,0,0
1779556703.055860,0.068359375,0.224609375,0.650390625,0.009765625,0.16796875,0.0,0,0
1779556703.063867,0.068359375,0.224609375,0.650390625,0.009765625,0.169921875,0.0,0,0
1779556703.071874,0.08203125,0.25,0.64453125,0.009765625,0.169921875,0.0,0,0
1779556703.079856,0.08203125,0.25,0.64453125,0.009765625,0.17578125,0.0,0,0
1779556703.087894,0.083984375,0.271484375,0.630859375,0.009765625,0.17578125,0.0,0,0
1779556703.095828,0.083984375,0.271484375,0.630859375,0.009765625,0.173828125,0.0,0,0
1779556703.103825,0.09765625,0.30078125,0.615234375,0.009765625,0.173828125,0.0,0,0
1779556703.111827,0.09765625,0.30078125,0.615234375,0.009765625,0.173828125,0.0,0,0
1779556703.119823,0.111328125,0.333984375,0.599609375,0.009765625,0.173828125,0.0,0,0
1779556703.127839,0.111328125,0.333984375,0.599609375,-0.009765625,0.173828125,0.0,0,0
1779556703.135823,0.12109375,0.357421875,0.580078125,-0.009765625,0.173828125,0.0,0,0
1779556703.143879,0.12109375,0.357421875,0.580078125,-0.021484375,0.171875,0.0,0,0
1779556703.151817,0.12890625,0.380859375,0.5546875,-0.021484375,0.171875,0.0,0,0
1779556703.159881,0.12890625,0.380859375,0.5546875,-0.041015625,0.169921875,-0.009765625,0,0
1779556703.167844,0.130859375,0.396484375,0.537109375,-0.041015625,0.169921875,-0.009765625,0,0
1779556703.175846,0.130859375,0.396484375,0.537109375,-0.052734375,0.169921875,-0.013671875,0,0
1779556703.183869,0.134765625,0.423828125,0.515625,-0.052734375,0.169921875,-0.013671875,0,0
1779556703.191838,0.134765625,0.423828125,0.515625,-0.0703125,0.166015625,-0.025390625,0,0
1779556703.199827,0.140625,0.462890625,0.4921875,-0.0703125,0.166015625,-0.025390625,0,0
1779556703.207829,0.140625,0.462890625,0.4921875,-0.0859375,0.154296875,-0.04296875,0,0
1779556703.215832,0.12890625,0.48828125,0.458984375,-0.0859375,0.154296875,-0.04296875,0,0
1779556703.223845,0.12890625,0.48828125,0.458984375,-0.09375,0.140625,-0.056640625,0,0
1779556703.231826,0.10546875,0.5078125,0.41796875,-0.09375,0.140625,-0.056640625,0,0
1779556703.239798,0.10546875,0.5078125,0.41796875,-0.103515625,0.115234375,-0.0625,0,0
1779556703.247796,0.08984375,0.525390625,0.388671875,-0.103515625,0.115234375,-0.0625,0,0
1779556703.255841,0.08984375,0.525390625,0.388671875,-0.111328125,0.099609375,-0.06640625,0,0
1779556703.263838,0.083984375,0.533203125,0.369140625,-0.111328125,0.099609375,-0.06640625,0,0
1779556703.271821,0.083984375,0.533203125,0.369140625,-0.123046875,0.09375,-0.06640625,0,0
1779556703.279869,0.083984375,0.53515625,0.357421875,-0.123046875,0.09375,-0.06640625,0,0
1779556703.287839,0.083984375,0.53515625,0.357421875,-0.12890625,0.095703125,-0.06640625,0,0
1779556703.295868,0.087890625,0.53515625,0.3515625,-0.12890625,0.095703125,-0.06640625,0,0
1779556703.303872,0.087890625,0.53515625,0.3515625,-0.13671875,0.099609375,-0.06640625,0,0
1779556703.311866,0.087890625,0.529296875,0.345703125,-0.13671875,0.099609375,-0.06640625,0,0
1779556703.319868,0.087890625,0.529296875,0.345703125,-0.13671875,0.099609375,-0.06640625,0,0
1779556703.327848,0.087890625,0.52734375,0.345703125,-0.13671875,0.099609375,-0.06640625,0,0
1779556703.335843,0.087890625,0.52734375,0.345703125,-0.138671875,0.099609375,-0.0703125,0,0
1779556703.343851,0.08203125,0.525390625,0.345703125,-0.138671875,0.099609375,-0.0703125,0,0
1779556703.351832,0.08203125,0.525390625,0.345703125,-0.138671875,0.09375,-0.07421875,0,0
1779556703.359795,0.08203125,0.52734375,0.33203125,-0.138671875,0.09375,-0.07421875,0,0
1779556703.367833,0.08203125,0.52734375,0.33203125,-0.13671875,0.091796875,-0.076171875,0,0
1779556703.375860,0.08203125,0.53125,0.322265625,-0.13671875,0.091796875,-0.076171875,0,0
1779556703.383813,0.08203125,0.53125,0.322265625,-0.138671875,0.0859375,-0.076171875,0,0
1779556703.391825,0.08203125,0.533203125,0.322265625,-0.138671875,0.0859375,-0.076171875,0,0
1779556703.399853,0.08203125,0.533203125,0.322265625,-0.142578125,0.08984375,-0.076171875,0,0
1779556703.407839,0.083984375,0.529296875,0.318359375,-0.142578125,0.08984375,-0.076171875,0,0
1779556703.415789,0.083984375,0.529296875,0.318359375,-0.142578125,0.08984375,-0.07421875,0,0
1779556703.423832,0.08984375,0.525390625,0.318359375,-0.142578125,0.08984375,-0.07421875,0,0
1779556703.431821,0.08984375,0.525390625,0.318359375,-0.146484375,0.095703125,-0.07421875,0,0
1779556703.439847,0.08984375,0.521484375,0.32421875,-0.146484375,0.095703125,-0.07421875,0,0
1779556703.447883,0.08984375,0.521484375,0.32421875,-0.150390625,0.095703125,-0.07421875,0,0
1779556703.455846,0.0859375,0.5234375,0.341796875,-0.150390625,0.095703125,-0.07421875,0,0
1779556703.463884,0.0859375,0.5234375,0.341796875,-0.150390625,0.09765625,-0.0703125,0,0
1779556703.471838,0.0859375,0.521484375,0.35546875,-0.150390625,0.09765625,-0.0703125,0,0
1779556703.479872,0.0859375,0.521484375,0.35546875,-0.150390625,0.1015625,-0.06640625,0,0
1779556703.487828,0.08984375,0.515625,0.369140625,-0.150390625,0.1015625,-0.06640625,0,0
1779556703.495832,0.08984375,0.515625,0.369140625,-0.1484375,0.103515625,-0.06640625,0,0
1779556703.503834,0.107421875,0.49609375,0.375,-0.1484375,0.103515625,-0.06640625,0,0
1779556703.511844,0.107421875,0.49609375,0.375,-0.140625,0.1171875,-0.0625,0,0
1779556703.519809,0.111328125,0.453125,0.37109375,-0.140625,0.1171875,-0.0625,0,0
1779556703.527800,0.111328125,0.453125,0.37109375,-0.12890625,0.126953125,-0.048828125,0,0
1779556703.535852,0.10546875,0.3828125,0.341796875,-0.12890625,0.126953125,-0.048828125,0,0
1779556703.543876,0.10546875,0.3828125,0.341796875,-0.111328125,0.12890625,-0.0234375,0,0
1779556703.551850,0.10546875,0.306640625,0.30859375,-0.111328125,0.12890625,-0.0234375,0,0
1779556703.559820,0.10546875,0.306640625,0.30859375,-0.076171875,0.123046875,-0.00390625,0,0
1779556703.567771,0.119140625,0.21484375,0.271484375,-0.076171875,0.123046875,-0.00390625,0,0
1779556703.575828,0.119140625,0.21484375,0.271484375,-0.02734375,0.1171875,-0.00390625,0,0
1779556703.583812,0.130859375,0.12109375,0.240234375,-0.02734375,0.1171875,-0.00390625,0,0
1779556703.591848,0.130859375,0.12109375,0.240234375,-0.02734375,0.1171875,-0.00390625,0,0
1779556703.599880,0.130859375,0.041015625,0.203125,-0.02734375,0.1171875,-0.00390625,0,0
1779556703.607843,0.130859375,0.041015625,0.203125,-0.02734375,0.115234375,-0.00390625,0,0
1779556703.615820,0.10546875,0.041015625,0.16796875,-0.02734375,0.115234375,-0.00390625,0,0
1779556703.623829,0.10546875,0.041015625,0.16796875,-0.02734375,0.1015625,-0.00390625,0,0
1779556703.631819,0.060546875,0.041015625,0.13671875,-0.02734375,0.1015625,-0.00390625,0,0
1779556703.639830,0.060546875,0.041015625,0.13671875,-0.02734375,0.07421875,-0.00390625,0,0
1779556703.647822,0.0234375,0.041015625,0.1171875,-0.02734375,0.07421875,-0.00390625,0,0
1779556703.655827,0.0234375,0.041015625,0.1171875,-0.02734375,0.052734375,-0.00390625,0,0
1779556703.663822,0.0234375,0.041015625,0.099609375,-0.02734375,0.052734375,-0.00390625,0,0
1779556703.671847,0.0234375,0.041015625,0.099609375,-0.02734375,0.029296875,-0.00390625,0,0
1779556703.679850,0.0234375,0.041015625,0.083984375,-0.02734375,0.029296875,-0.00390625,0,0
1779556703.687870,0.0234375,0.041015625,0.083984375,-0.02734375,0.005859375,-0.00390625,0,0
1779556703.695888,0.0234375,-0.013671875,0.03515625,-0.02734375,0.005859375,-0.00390625,0,0
1779556703.703864,0.0234375,-0.013671875,0.03515625,0.017578125,0.005859375,-0.00390625,0,0
1779556703.711882,0.0234375,-0.00390625,0.03515625,0.017578125,0.005859375,-0.00390625,0,0
1779556703.741828,0.0,0.0,0.0,0.0,0.0,0.0,0,0
1779556703.772840,0.0,0.0,0.0,0.0,0.0,0.0,0,0
1779556703.803797,0.0,0.0,0.0,0.0,0.0,0.0,0,0
1779556703.834794,0.0,0.0,0.0,0.0,0.0,0.0,0,0
1779556703.865779,0.0,0.0,0.0,0.0,0.0,0.0,0,0
1779556703.896785,0.0,0.0,0.0,0.0,0.0,0.0,0,0
1779556703.927834,0.0,0.0,0.0,0.0,0.0,0.0,0,0
1779556703.958872,0.0,0.0,0.0,0.0,0.0,0.0,0,0
1779556703.989845,0.0,0.0,0.0,0.0,0.0,0.0,0,0
1779556704.020796,0.0,0.0,0.0,0.0,0.0,0.0,0,0
1779556704.051814,0.0,0.0,0.0,0.0,0.0,0.0,0,0
1779556704.082793,0.0,0.0,0.0,0.0,0.0,0.0,0,0
1779556704.113844,0.0,0.0,0.0,0.0,0.0,0.0,0,0
1779556704.144847,0.0,0.0,0.0,0.0,0.0,0.0,0,0
1779556704.175887,0.0,0.0,0.0,0.0,0.0,0.0,0,0
1779556704.206814,0.0,0.0,0.0,0.0,0.0,0.0,0,0
1779556704.237834,0.0,0.0,0.0,0.0,0.0,0.0,0,0
1779556704.268862,0.0,0.0,0.0,0.0,0.0,0.0,0,0
1779556704.299835,0.0,0.0,0.0,0.0,0.0,0.0,0,0
1779556704.330825,0.0,0.0,0.0,0.0,0.0,0.0,0,0
1779556704.361806,0.0,0.0,0.0,0.0,0.0,0.0,0,0
1779556704.392818,0.0,0.0,0.0,0.0,0.0,0.0,0,0
1779556704.423876,0.0,0.0,0.0,0.0,0.0,0.0,0,0
1779556704.454814,0.0,0.0,0.0,0.0,0.0,0.0,0,0
1779556704.485844,0.0,0.0,0.0,0.0,0.0,0.0,0,0
1779556704.516868,0.0,0.0,0.0,0.0,0.0,0.0,0,0
1779556704.547849,0.0,0.0,0.0,0.0,0.0,0.0,0,0
1779556704.578854,0.0,0.0,0.0,0.0,0.0,0.0,0,0
1779556704.609792,0.0,0.0,0.0,0.0,0.0,0.0,0,0
1779556704.640823,0.0,0.0,0.0,0.0,0.0,0.0,0,0
1779556704.671854,0.0,0.0,0.0,0.0,0.0,0.0,0,0
1779556704.702834,0.0,0.0,0.0,0.0,0.0,0.0,0,0
1779556704.733786,0.0,0.0,0.0,0.0,0.0,0.0,0,0
1779556704.764867,0.0,0.0,0.0,0.0,0.0,0.0,0,0
1779556704.795897,0.0,0.0,0.0,0.0,0.0,0.0,0,0
1779556704.826860,0.0,0.0,0.0,0.0,0.0,0.0,0,0
1779556704.857875,0.0,0.0,0.0,0.0,0.0,0.0,0,0
1779556704.888824,0.0,0.0,0.0,0.0,0.0,0.0,0,0
1779556704.919839,0.0,0.0,0.0,0.0,0.0,0.0,0,0
1779556704.950817,0.0,0.0,0.0,0.0,0.0,0.0,0,0
1779556704.981881,0.0,0.0,0.0,0.0,0.0,0.0,0,0
1779556705.012857,0.0,0.0,0.0,0.0,0.0,0.0,0,0
1779556705.043776,0.0,0.0,0.0,0.0,0.0,0.0,0,0
1779556705.074841,0.0,0.0,0.0,0.0,0.0,0.0,0,0
1779556705.105856,0.0,0.0,0.0,0.0,0.0,0.0,0,0
1779556705.136875,0.0,0.0,0.0,0.0,0.0,0.0,0,0
1779556705.167808,0.0,0.0,0.0,0.0,0.0,0.0,0,0
1779556705.198831,0.0,0.0,0.0,0.0,0.0,0.0,0,0
1779556705.229872,0.0,0.0,0.0,0.0,0.0,0.0,0,0
1779556705.260865,0.0,0.0,0.0,0.0,0.0,0.0,0,0
1779556705.291800,0.0,0.0,0.0,0.0,0.0,0.0,0,0
1779556705.322895,0.0,0.0,0.0,0.0,0.0,0.0,0,0
1779556705.353797,0.0,0.0,0.0,0.0,0.0,0.0,0,0
1779556705.384791,0.0,0.0,0.0,0.0,0.0,0.0,0,0
1779556705.415847,0.0,0.0,0.0,0.0,0.0,0.0,0,0
1779556705.446849,0.0,0.0,0.0,0.0,0.0,0.0,0,0
1779556705.477861,0.0,0.0,0.0,0.0,0.0,0.0,0,0
1779556705.508806,0.0,0.0,0.0,0.0,0.0,0.0,0,0
1779556705.539865,0.0,0.0,0.0,0.0,0.0,0.0,0,0
1779556705.570847,0.0,0.0,0.0,0.0,0.0,0.0,0,0
1779556705.601871,0.0,0.0,0.0,0.0,0.0,0.0,0,0
1779556705.632792,0.0,0.0,0.0,0.0,0.0,0.0,0,0
1779556705.663860,0.0,0.0,0.0,0.0,0.0,0.0,0,0
1779556705.694849,0.0,0.0,0.0,0.0,0.0,0.0,0,0
1779556705.725852,0.0,0.0,0.0,0.0,0.0,0.0,0,0
1779556705.756830,0.0,0.0,0.0,0.0,0.0,0.0,0,0
1779556705.787848,0.0,0.0,0.0,0.0,0.0,0.0,0,0
1779556705.818790,0.0,0.0,0.0,0.0,0.0,0.0,0,0
1779556705.849853,0.0,0.0,0.0,0.0,0.0,0.0,0,0
1779556705.880862,0.0,0.0,0.0,0.0,0.0,0.0,0,0
1779556705.911789,0.0,0.0,0.0,0.0,0.0,0.0,0,0
1779556705.942813,0.0,0.0,0.0,0.0,0.0,0.0,0,0
1779556705.973828,0.0,0.0,0.0,0.0,0.0,0.0,0,0
1779556706.004850,0.0,0.0,0.0,0.0,0.0,0.0,0,0
1779556706.035847,0.0,0.0,0.0,0.0,0.0,0.0,0,0
1779556706.066844,0.0,0.0,0.0,0.0,0.0,0.0,0,0
1779556706.097774,0.0,0.0,0.0,0.0,0.0,0.0,0,0
1779556706.128805,0.0,0.0,0.0,0.0,0.0,0.0,0,0
1779556706.159866,0.0,0.0,0.0,0.0,0.0,0.0,0,0
1779556706.190856,0.0,0.0,0.0,0.0,0.0,0.0,0,0
1779556706.221843,0.0,0.0,0.0,0.0,0.0,0.0,0,0
1779556706.252800,0.0,0.0,0.0,0.0,0.0,0.0,0,0
1779556706.283807,0.0,0.0,0.0,0.0,0.0,0.0,0,0
1779556706.314857,0.0,0.0,0.0,0.0,0.0,0.0,0,0
1779556706.345836,0.0,0.0,0.0,0.0,0.0,0.0,0,0
1779556706.376860,0.0,0.0,0.0,0.0,0.0,0.0,0,0
1779556706.407851,0.0,0.0,0.0,0.0,0.0,0.0,0,0
1779556706.438834,0.0,0.0,0.0,0.0,0.0,0.0,0,0
1779556706.469885,0.0,0.0,0.0,0.0,0.0,0.0,0,0
1779556706.500849,0.0,0.0,0.0,0.0,0.0,0.0,0,0
1779556706.531845,0.0,0.0,0.0,0.0,0.0,0.0,0,0
1779556706.562790,0.0,0.0,0.0,0.0,0.0,0.0,0,0
1779556706.593868,0.0,0.0,0.0,0.0,0.0,0.0,0,0
1779556706.624883,0.0,0.0,0.0,0.0,0.0,0.0,0,0
1779556706.655831,0.0,0.0,0.0,0.0,0.0,0.0,0,0
1779556706.686849,0.0,0.0,0.0,0.0,0.0,0.0,0,0
1779556706.717878,0.0,0.0,0.0,0.0,0.0,0.0,0,0
1779556706.748853,0.0,0.0,0.0,0.0,0.0,0.0,0,0
1779556706.779819,0.0,0.0,0.0,0.0,0.0,0.0,0,0
1779556706.810838,0.0,0.0,0.0,0.0,0.0,0.0,0,0
1779556706.841831,0.0,0.0,0.0,0.0,0.0,0.0,0,0
1779556706.872868,0.0,0.0,0.0,0.0,0.0,0.0,0,0
1779556706.903837,0.0,0.0,0.0,0.0,0.0,0.0,0,0
1779556706.934879,0.0,0.0,0.0,0.0,0.0,0.0,0,0
1779556706.965852,0.0,0.0,0.0,0.0,0.0,0.0,0,0
1779556706.996849,0.0,0.0,0.0,0.0,0.0,0.0,0,0
1779556707.027812,0.0,0.0,0.0,0.0,0.0,0.0,0,0
1779556707.058875,0.0,0.0,0.0,0.0,0.0,0.0,0,0
1779556707.089803,0.0,0.0,0.0,0.0,0.0,0.0,0,0
1779556707.120818,0.0,0.0,0.0,0.0,0.0,0.0,0,0
1779556707.151817,0.0,0.0,0.0,0.0,0.0,0.0,0,0
1779556707.182812,0.0,0.0,0.0,0.0,0.0,0.0,0,0
1779556707.213821,0.0,0.0,0.0,0.0,0.0,0.0,0,0
1779556707.244867,0.0,0.0,0.0,0.0,0.0,0.0,0,0
1779556707.275831,0.0,0.0,0.0,0.0,0.0,0.0,0,0
1779556707.306847,0.0,0.0,0.0,0.0,0.0,0.0,0,0
1779556707.337797,0.0,0.0,0.0,0.0,0.0,0.0,0,0
1779556707.368834,0.0,0.0,0.0,0.0,0.0,0.0,0,0
1779556707.399914,0.0,0.0,0.0,0.0,0.0,0.0,0,0
1779556707.430850,0.0,0.0,0.0,0.0,0.0,0.0,0,0
1779556707.461855,0.0,0.0,0.0,0.0,0.0,0.0,0,0
1779556707.492815,0.0,0.0,0.0,0.0,0.0,0.0,0,0
1779556707.523863,0.0,0.0,0.0,0.0,0.0,0.0,0,0
1779556707.554845,0.0,0.0,0.0,0.0,0.0,0.0,0,0
1779556707.585822,0.0,0.0,0.0,0.0,0.0,0.0,0,0
1779556707.616808,0.0,0.0,0.0,0.0,0.0,0.0,0,0
1779556707.647836,0.0,0.0,0.0,0.0,0.0,0.0,0,0
1779556707.678858,0.0,0.0,0.0,0.0,0.0,0.0,0,0
1779556707.709852,0.0,0.0,0.0,0.0,0.0,0.0,0,0
1779556707.740838,0.0,0.0,0.0,0.0,0.0,0.0,0,0
1779556707.771893,0.0,0.0,0.0,0.0,0.0,0.0,0,0
1779556707.802894,0.0,0.0,0.0,0.0,0.0,0.0,0,0
1779556707.833855,0.0,0.0,0.0,0.0,0.0,0.0,0,0
1779556707.864831,0.0,0.0,0.0,0.0,0.0,0.0,0,0
1779556707.895844,0.0,0.0,0.0,0.0,0.0,0.0,0,0
1779556707.926871,0.0,0.0,0.0,0.0,0.0,0.0,0,0
1779556707.957816,0.0,0.0,0.0,0.0,0.0,0.0,0,0
1779556707.988810,0.0,0.0,0.0,0.0,0.0,0.0,0,0
1779556708.019845,0.0,0.0,0.0,0.0,0.0,0.0,0,0
1779556708.050845,0.0,0.0,0.0,0.0,0.0,0.0,0,0
1779556708.081868,0.0,0.0,0.0,0.0,0.0,0.0,0,0
1779556708.112832,0.0,0.0,0.0,0.0,0.0,0.0,0,0
1779556708.143842,0.0,0.0,0.0,0.0,0.0,0.0,0,0
1779556708.174837,0.0,0.0,0.0,0.0,0.0,0.0,0,0
1779556708.205785,0.0,0.0,0.0,0.0,0.0,0.0,0,0
1779556708.236821,0.0,0.0,0.0,0.0,0.0,0.0,0,0
1779556708.267851,0.0,0.0,0.0,0.0,0.0,0.0,0,0
1779556708.298798,0.0,0.0,0.0,0.0,0.0,0.0,0,0
1779556708.329858,0.0,0.0,0.0,0.0,0.0,0.0,0,0
1779556708.360888,0.0,0.0,0.0,0.0,0.0,0.0,0,0
1779556708.391854,0.0,0.0,0.0,0.0,0.0,0.0,0,0
1779556708.422810,0.0,0.0,0.0,0.0,0.0,0.0,0,0
1779556708.453816,0.0,0.0,0.0,0.0,0.0,0.0,0,0
1779556708.484890,0.0,0.0,0.0,0.0,0.0,0.0,0,0
1779556708.515857,0.0,0.0,0.0,0.0,0.0,0.0,0,0
1779556708.546814,0.0,0.0,0.0,0.0,0.0,0.0,0,0
1779556708.577858,0.0,0.0,0.0,0.0,0.0,0.0,0,0
1779556708.608907,0.0,0.0,0.0,0.0,0.0,0.0,0,0
1779556708.639845,0.0,0.0,0.0,0.0,0.0,0.0,0,0
1779556708.670898,0.0,0.0,0.0,0.0,0.0,0.0,0,0
1779556708.701847,0.0,0.0,0.0,0.0,0.0,0.0,0,0
1779556708.732837,0.0,0.0,0.0,0.0,0.0,0.0,0,0
1779556708.763850,0.0,0.0,0.0,0.0,0.0,0.0,0,0
1779556708.794805,0.0,0.0,0.0,0.0,0.0,0.0,0,0
